Environment_1,Environment_2,n,R2_SMA,Spearman,NMI_obs,NMI_perm_media,NMI_corrigida,Z_MI,p_MI,NMI_bins_4,NMI_bins_6,NMI_bins_8,p_MI_FDR,Year_1,Location_1,Treatment_1,Nitrogen_1,Fungicide_1,Water_1,Year_2,Location_2,Treatment_2,Nitrogen_2,Fungicide_2,Water_2,same_year,same_location,same_management,same_nitrogen,same_fungicide,same_water,z_R2,z_NMI,MI_advantage
2016__QLB__HN_NF_RF,2016__QLB__LN_NF_RF,220,0.8194862460105367,0.8978547640916699,0.40948425591132137,0.03276976703188717,0.3767144888794342,40.51739531429524,0.001,0.3870983719526156,0.40948425591132137,0.39724718376064977,0.0010112359550561798,2016,QLB,HN_NF_RF,HN,NF,RF,2016,QLB,LN_NF_RF,LN,NF,RF,TRUE,TRUE,FALSE,FALSE,TRUE,TRUE,2.294234599111506,3.728683228317877,1.4344486292063707
2017__KAL__HN_NF_RF,2017__KAL__HN_WF_RF,220,0.5683927884191722,0.7541876334785279,0.2988139500820556,0.0331075759778231,0.2657063741042325,28.18849965831254,0.001,0.24277383379371986,0.2988139500820556,0.2524462118670098,0.0010112359550561798,2017,KAL,HN_NF_RF,HN,NF,RF,2017,KAL,HN_WF_RF,HN,WF,RF,TRUE,TRUE,FALSE,TRUE,FALSE,TRUE,0.7163421849712124,1.8794817352662878,1.1631395502950754
2015__HAN__LN_NF_RF,2015__KAL__HN_NF_RF,220,0.8375340445409966,0.8948794960076185,0.39988049941844855,0.033201941654515565,0.366678557763933,37.44469308134066,0.001,0.38845291894817435,0.39988049941844855,0.37655831816615026,0.0010112359550561798,2015,HAN,LN_NF_RF,LN,NF,RF,2015,KAL,HN_NF_RF,HN,NF,RF,TRUE,FALSE,FALSE,FALSE,TRUE,TRUE,2.4076484835922796,3.561502127724197,1.1538536441319174
2015__HAN__HN_NF_RF,2015__HAN__LN_NF_RF,220,0.8406149841341332,0.893159700895398,0.3947349904249984,0.03348825868983556,0.3612467317351628,38.55962460195333,0.001,0.38431443049552644,0.3947349904249984,0.3972614452765054,0.0010112359550561798,2015,HAN,HN_NF_RF,HN,NF,RF,2015,HAN,LN_NF_RF,LN,NF,RF,TRUE,TRUE,FALSE,FALSE,TRUE,TRUE,2.4270093672212996,3.4710173841291985,1.044008016907899
2015__QLB__HN_WF_RF,2016__HAN__LN_NF_RF,220,0.13726652029903072,0.5052343305365062,0.12813594051811358,0.03265870516162149,0.0954772353564921,10.054040283316262,0.001,0.12493957818106631,0.12813594051811358,0.14618039623295906,0.0010112359550561798,2015,QLB,HN_WF_RF,HN,WF,RF,2016,HAN,LN_NF_RF,LN,NF,RF,FALSE,FALSE,FALSE,FALSE,FALSE,TRUE,-1.9928915582291964,-0.9562386818462153,1.036652876382981
2016__HAN__HN_NF_RF,2017__HAN__HN_NF_RF,220,0.801643193484292,0.86898902869894,0.37887320177729317,0.03320221961349378,0.3456709821637994,36.88344343680426,0.001,0.36265524060969223,0.37887320177729317,0.35118167750795776,0.0010112359550561798,2016,HAN,HN_NF_RF,HN,NF,RF,2017,HAN,HN_NF_RF,HN,NF,RF,FALSE,TRUE,TRUE,TRUE,TRUE,TRUE,2.1821073557482507,3.2115525745421682,1.0294452187939176
2015__KIE__HN_NF_RF,2015__KIE__HN_WF_RF,220,0.7111167624030216,0.8160788446042273,0.34360276143248375,0.032903446565417965,0.3106993148670658,33.1393351037782,0.001,0.3342254946413222,0.34360276143248375,0.31326599582730896,0.0010112359550561798,2015,KIE,HN_NF_RF,HN,NF,RF,2015,KIE,HN_WF_RF,HN,WF,RF,TRUE,TRUE,FALSE,TRUE,FALSE,TRUE,1.6132316460720806,2.628985619769689,1.0157539736976084
2017__GGE__LN_NF_RF,2017__KAL__HN_NF_RF,220,0.5547075783216813,0.7201354648574633,0.28500739356652827,0.033358739061193916,0.25164865450533436,26.474648905401246,0.001,0.2201669251156108,0.28500739356652827,0.22485291423240905,0.0010112359550561798,2017,GGE,LN_NF_RF,LN,NF,RF,2017,KAL,HN_NF_RF,HN,NF,RF,TRUE,FALSE,FALSE,FALSE,TRUE,TRUE,0.630343173265024,1.6453046561957567,1.0149614829307327
2015__QLB__HN_WF_RF,2016__KAL__LN_NF_RF,220,0.142816895700046,0.5402297943796736,0.1279733055563108,0.032269486320896594,0.09570381923541421,10.85740547955453,0.001,0.12868324068781675,0.1279733055563108,0.15312516099578607,0.0010112359550561798,2015,QLB,HN_WF_RF,HN,WF,RF,2016,KAL,LN_NF_RF,LN,NF,RF,FALSE,FALSE,FALSE,FALSE,FALSE,TRUE,-1.9580125322087512,-0.9524641897917137,1.0055483424170375
2016__GGE__HN_NF_RF,2016__HAN__HN_NF_RF,220,0.7988164610463149,0.8351183063511831,0.3738983429158006,0.03263083739481922,0.3412675055209814,35.90171390611047,0.001,0.346998096273507,0.3738983429158006,0.32297104680007516,0.0010112359550561798,2016,GGE,HN_NF_RF,HN,NF,RF,2016,HAN,HN_NF_RF,HN,NF,RF,TRUE,FALSE,TRUE,TRUE,TRUE,TRUE,2.1643439312708703,3.1381983373406204,0.97385440606975
2015__HAN__HN_NF_RF,2015__KAL__HN_NF_RF,220,0.8287185844640794,0.8776161791472026,0.38258593364786064,0.03331640323831197,0.34926953040954867,36.96132674570343,0.001,0.40469663578481885,0.38258593364786064,0.38930604199963087,0.0010112359550561798,2015,HAN,HN_NF_RF,HN,NF,RF,2015,KAL,HN_NF_RF,HN,NF,RF,TRUE,FALSE,TRUE,TRUE,TRUE,TRUE,2.352251390749019,3.2714981091756807,0.919246718426662
2015__HAN__HN_NF_RF,2015__QLB__LN_NF_RF,220,0.6885847856171489,0.8178335765765259,0.32898279767968125,0.03285693704401881,0.29612586063566243,31.298715706192468,0.001,0.29929917591094174,0.32898279767968125,0.32138808658017676,0.0010112359550561798,2015,HAN,HN_NF_RF,HN,NF,RF,2015,QLB,LN_NF_RF,LN,NF,RF,TRUE,FALSE,FALSE,FALSE,TRUE,TRUE,1.471638808142095,2.38621730163183,0.914578493489735
2017__GGE__HN_NF_RF,2017__KAL__HN_NF_RF,220,0.5896195023290869,0.7653392538162885,0.29108658109329616,0.033005099286832755,0.2580814818064634,27.210977456686166,0.001,0.2702841513026992,0.29108658109329616,0.2613919322624661,0.0010112359550561798,2017,GGE,HN_NF_RF,HN,NF,RF,2017,KAL,HN_NF_RF,HN,NF,RF,TRUE,FALSE,TRUE,TRUE,TRUE,TRUE,0.849732641165769,1.7524643343317214,0.9027316931659525
2015__GGE__HN_NF_RF,2015__KAL__HN_NF_RF,220,0.8209518423370413,0.867935287919172,0.37644110571654926,0.03336966986336532,0.34307143585318395,35.806682758064596,0.001,0.3916556926686692,0.37644110571654926,0.3596870165450084,0.0010112359550561798,2015,GGE,HN_NF_RF,HN,NF,RF,2015,KAL,HN_NF_RF,HN,NF,RF,TRUE,FALSE,TRUE,TRUE,TRUE,TRUE,2.303444529740392,3.168248668980116,0.8648041392397241
2015__HAN__LN_NF_RF,2015__QLB__LN_NF_RF,220,0.6459099756543497,0.7920197449609214,0.3094091337792287,0.0324185567563093,0.2769905770229194,29.510016231429624,0.001,0.2617810615633986,0.3094091337792287,0.26367942581016884,0.0010112359550561798,2015,HAN,LN_NF_RF,LN,NF,RF,2015,QLB,LN_NF_RF,LN,NF,RF,TRUE,FALSE,TRUE,TRUE,TRUE,TRUE,1.2034667117397904,2.0674568659798345,0.8639901542400441
2015__QLB__HN_WF_RF,2017__HAN__LN_NF_RF,220,0.23044433782328394,0.5613046099750371,0.15072148785198441,0.032997859811527676,0.11772362804045675,12.168419900923576,0.001,0.13382401141787548,0.15072148785198441,0.17106686496595985,0.0010112359550561798,2015,QLB,HN_WF_RF,HN,WF,RF,2017,HAN,LN_NF_RF,LN,NF,RF,FALSE,FALSE,FALSE,FALSE,FALSE,TRUE,-1.407354313061547,-0.5856525976711395,0.8217017153904074
2015__QLB__HN_WF_RF,2016__KAL__HN_WF_RF,220,0.13013058241897538,0.4923741850413889,0.11123192942610541,0.033130389881900923,0.07810153954420448,8.188418198630547,0.001,0.09844186386943521,0.11123192942610541,0.14724381751375315,0.0010112359550561798,2015,QLB,HN_WF_RF,HN,WF,RF,2016,KAL,HN_WF_RF,HN,WF,RF,FALSE,FALSE,TRUE,TRUE,TRUE,TRUE,-2.0377343922748374,-1.2456874550639216,0.7920469372109158
2015__QLB__LN_NF_RF,2016__QLB__HN_NF_RF,220,0.41743115391981067,0.6418892952333726,0.2190106666421201,0.03298979592886329,0.18602087071325682,19.520676423638978,0.001,0.18281302943961605,0.2190106666421201,0.2197311544358447,0.0010112359550561798,2015,QLB,LN_NF_RF,LN,NF,RF,2016,QLB,HN_NF_RF,HN,NF,RF,FALSE,TRUE,FALSE,FALSE,TRUE,TRUE,-0.23231342791383763,0.5520602927567765,0.7843737206706141
2015__QLB__HN_WF_RF,2016__HAN__HN_NF_RF,220,0.1665460127904412,0.4968923099462987,0.12448391994105926,0.033328267402704816,0.09115565253835445,9.380978191128138,0.001,0.1103396183110708,0.12448391994105926,0.13196828267636762,0.0010112359550561798,2015,QLB,HN_WF_RF,HN,WF,RF,2016,HAN,HN_NF_RF,HN,NF,RF,FALSE,FALSE,FALSE,TRUE,FALSE,TRUE,-1.8088967638795121,-1.0282287108258936,0.7806680530536185
2015__QLB__HN_WF_RF,2016__GGE__LN_NF_RF,220,0.11018360892183345,0.4390008058017728,0.10143218336546761,0.03314269382347191,0.06828948954199571,7.3904527689907615,0.001,0.07467271573371365,0.10143218336546761,0.09469372825197704,0.0010112359550561798,2015,QLB,HN_WF_RF,HN,WF,RF,2016,GGE,LN_NF_RF,LN,NF,RF,FALSE,FALSE,FALSE,FALSE,FALSE,TRUE,-2.163082852040044,-1.4091390869624092,0.7539437650776348
2015__KAL__HN_NF_RF,2015__QLB__LN_NF_RF,220,0.6832260939208016,0.8090373768053059,0.317408339470074,0.033215581922670816,0.2841927575474032,29.88029398784993,0.001,0.2903277074354762,0.317408339470074,0.2956398744107327,0.0010112359550561798,2015,KAL,HN_NF_RF,HN,NF,RF,2015,QLB,LN_NF_RF,LN,NF,RF,TRUE,FALSE,FALSE,FALSE,TRUE,TRUE,1.4379643386497694,2.187432626365216,0.7494682877154466
2017__GGE__LN_NF_RF,2017__HAN__HN_WF_RF,220,0.5507609971521203,0.7275454601804321,0.2668413109681768,0.033032842356858,0.23380846861131882,25.251948512382988,0.001,0.22760359518610596,0.2668413109681768,0.2531921540046879,0.0010112359550561798,2017,GGE,LN_NF_RF,LN,NF,RF,2017,HAN,HN_WF_RF,HN,WF,RF,TRUE,FALSE,FALSE,FALSE,FALSE,TRUE,0.6055425251359376,1.3481182887095742,0.7425757635736365
2015__QLB__HN_NF_RF,2017__KIE__HN_NF_RF,215,0.2526984635134554,0.5620324084136299,0.15492611515292745,0.0339997172766596,0.12092639787626785,13.032026137962767,0.001,0.12368752394190473,0.15492611515292745,0.150593611189165,0.0010112359550561798,2015,QLB,HN_NF_RF,HN,NF,RF,2017,KIE,HN_NF_RF,HN,NF,RF,FALSE,FALSE,TRUE,TRUE,TRUE,TRUE,-1.2675075147949328,-0.5323000407497283,0.7352074740452046
2015__GGE__HN_WF_RF,2015__GGE__LN_NF_RF,220,0.6977885625581459,0.8156088874864056,0.3211725895685745,0.03293658044966429,0.2882360091189102,30.80451145261703,0.001,0.345237768118418,0.3211725895685745,0.32965030378586274,0.0010112359550561798,2015,GGE,HN_WF_RF,HN,WF,RF,2015,GGE,LN_NF_RF,LN,NF,RF,TRUE,TRUE,FALSE,FALSE,FALSE,TRUE,1.5294761168316469,2.254786142438837,0.72531002560719
2016__GGE__HN_WF_RF,2017__GGE__HN_WF_RF,220,0.6217045122277436,0.7389100826651189,0.29269793076384254,0.03316552627088045,0.2595324044929621,27.1429826772212,0.001,0.25072767844161786,0.29269793076384254,0.2442030228505725,0.0010112359550561798,2016,GGE,HN_WF_RF,HN,WF,RF,2017,GGE,HN_WF_RF,HN,WF,RF,FALSE,TRUE,TRUE,TRUE,TRUE,TRUE,1.0513575429547186,1.7766341745601515,0.7252766316054329
2015__KAL__LN_NF_RF,2015__QLB__HN_WF_RF,220,0.16914976927007866,0.4950947521455177,0.12064232519758634,0.03241549302333298,0.08822683217425337,9.689117995481228,0.001,0.09909261527895102,0.12064232519758634,0.11157765078547098,0.0010112359550561798,2015,KAL,LN_NF_RF,LN,NF,RF,2015,QLB,HN_WF_RF,HN,WF,RF,TRUE,FALSE,FALSE,FALSE,FALSE,TRUE,-1.7925345390852099,-1.0770177475656249,0.715516791519585
2015__QLB__HN_WF_RF,2017__HAN__HN_NF_RF,220,0.1368321586881666,0.48654536438581564,0.10852056828341139,0.032774597261731576,0.07574597102167982,7.853422142399949,0.001,0.09611908639297456,0.10852056828341139,0.13394812901792358,0.0010112359550561798,2015,QLB,HN_WF_RF,HN,WF,RF,2017,HAN,HN_NF_RF,HN,NF,RF,FALSE,FALSE,FALSE,TRUE,FALSE,TRUE,-1.9956211231384176,-1.2849271163955185,0.7106940067428991
2017__HAN__HN_WF_RF,2017__HAN__LN_NF_RF,220,0.6342076450647532,0.793233519099756,0.2948466334903282,0.03283149150878373,0.26201514198154446,27.894474361691636,0.001,0.3169897613991981,0.2948466334903282,0.3122764025603845,0.0010112359550561798,2017,HAN,HN_WF_RF,HN,WF,RF,2017,HAN,LN_NF_RF,LN,NF,RF,TRUE,TRUE,FALSE,FALSE,FALSE,TRUE,1.1299282816977914,1.8179922489679448,0.6880639672701534
2015__KIE__LN_NF_RF,2017__QLB__HN_WF_RF,220,0.20223393300275455,0.43343119410806763,0.1321150822627367,0.03323786143101171,0.09887722083172498,10.74829820335131,0.001,0.09850644218407527,0.1321150822627367,0.12360593266609238,0.0010112359550561798,2015,KIE,LN_NF_RF,LN,NF,RF,2017,QLB,HN_WF_RF,HN,WF,RF,FALSE,FALSE,FALSE,FALSE,FALSE,TRUE,-1.5846308705359418,-0.899600856495461,0.6850300140404808
2016__HAN__LN_NF_RF,2017__QLB__HN_WF_RF,220,0.1832565643519288,0.46683759431543476,0.12473520429120895,0.033315744160705506,0.09141946013050345,9.530168194080844,0.001,0.09140572817321835,0.12473520429120895,0.10969928242148598,0.0010112359550561798,2016,HAN,LN_NF_RF,LN,NF,RF,2017,QLB,HN_WF_RF,HN,WF,RF,FALSE,FALSE,FALSE,FALSE,FALSE,TRUE,-1.703886251865764,-1.0238341366610393,0.6800521152047247
2015__KIE__HN_WF_RF,2017__HAN__HN_WF_RF,220,0.3725895173037436,0.5982013152037327,0.19545033170966025,0.033294783698690524,0.16215554801096974,17.155539957034403,0.001,0.18256576341021938,0.19545033170966025,0.17863993221301197,0.0010112359550561798,2015,KIE,HN_WF_RF,HN,WF,RF,2017,HAN,HN_WF_RF,HN,WF,RF,FALSE,FALSE,TRUE,TRUE,TRUE,TRUE,-0.5141020453189022,0.1545056593626606,0.6686077046815628
2017__KIE__HN_NF_RF,2017__QLB__HN_NF_RF,215,0.30532219330036087,0.5982346832814124,0.17062534757463713,0.033938181408776434,0.13668716616586069,14.569674800779579,0.001,0.14243506338821646,0.17062534757463713,0.17236896652402062,0.0010112359550561798,2017,KIE,HN_NF_RF,HN,NF,RF,2017,QLB,HN_NF_RF,HN,NF,RF,TRUE,FALSE,TRUE,TRUE,TRUE,TRUE,-0.9368155691303857,-0.2697531421578975,0.6670624269724882
2017__KIE__HN_NF_RF,2017__KIE__HN_WF_RF,214,0.4973842679087141,0.7217530787856895,0.24286780073875724,0.034123480676535235,0.20874432006222202,21.058540485843956,0.001,0.22779788260492165,0.24286780073875724,0.2415381686690371,0.0010112359550561798,2017,KIE,HN_NF_RF,HN,NF,RF,2017,KIE,HN_WF_RF,HN,WF,RF,TRUE,TRUE,FALSE,TRUE,FALSE,TRUE,0.27011866753046704,0.9305933085501009,0.6604746410196338
2016__KIE__HN_NF_RF,2017__KIE__HN_NF_RF,211,0.5587894625359284,0.8081986688979446,0.2660998692702568,0.03423298074327469,0.23186688852698212,23.997371678736464,0.001,0.3141411170849106,0.2660998692702568,0.27169508216846594,0.0010112359550561798,2016,KIE,HN_NF_RF,HN,NF,RF,2017,KIE,HN_NF_RF,HN,NF,RF,FALSE,TRUE,TRUE,TRUE,TRUE,TRUE,0.6559940771111189,1.3157749523858704,0.6597808752747515
2015__KAL__HN_NF_RF,2015__QLB__HN_NF_RF,220,0.5649459771942585,0.7928030068239578,0.26648016698875054,0.03278612842966598,0.23369403855908455,25.358757818072405,0.001,0.28312593673562075,0.26648016698875054,0.24387850282569024,0.0010112359550561798,2015,KAL,HN_NF_RF,HN,NF,RF,2015,QLB,HN_NF_RF,HN,NF,RF,TRUE,FALSE,TRUE,TRUE,TRUE,TRUE,0.6946821332242015,1.3462120837094254,0.6515299504852239
2015__GGE__HN_NF_RF,2015__HAN__LN_NF_RF,220,0.8003935373781395,0.8441692071023256,0.35496707370024677,0.03297186516350935,0.3219952085367374,33.89528837044526,0.001,0.36190491597679036,0.35496707370024677,0.33736373175051093,0.0010112359550561798,2015,GGE,HN_NF_RF,HN,NF,RF,2015,HAN,LN_NF_RF,LN,NF,RF,TRUE,FALSE,FALSE,FALSE,TRUE,TRUE,2.174254411632951,2.8171554979953393,0.6429010863623881
2016__GGE__HN_NF_RF,2016__QLB__HN_NF_RF,220,0.5930814926686464,0.7507018364391451,0.2768421606832228,0.03331397961669684,0.24352818106652596,26.514829706702503,0.001,0.26786433039623203,0.2768421606832228,0.29904194189090183,0.0010112359550561798,2016,GGE,HN_NF_RF,HN,NF,RF,2016,QLB,HN_NF_RF,HN,NF,RF,TRUE,FALSE,TRUE,TRUE,TRUE,TRUE,0.8714880797463631,1.5100317381956685,0.6385436584493054
2017__GGE__LN_NF_RF,2017__HAN__LN_NF_RF,220,0.5918325823876571,0.7470436090903456,0.2757705895606103,0.032802782699062595,0.2429678068615477,23.982967927774723,0.001,0.26813735044107234,0.2757705895606103,0.26189758257674817,0.0010112359550561798,2017,GGE,LN_NF_RF,LN,NF,RF,2017,HAN,LN_NF_RF,LN,NF,RF,TRUE,FALSE,TRUE,TRUE,TRUE,TRUE,0.8636398224591426,1.50069688174295,0.6370570592838074
2016__QLB__HN_WF_RF,2017__GGE__HN_WF_RF,220,0.47681062340840114,0.6873252452623928,0.2319320919975373,0.032592189678890895,0.1993399023186464,20.992255784800935,0.001,0.22182767173195764,0.2319320919975373,0.20819164494796527,0.0010112359550561798,2016,QLB,HN_WF_RF,HN,WF,RF,2017,GGE,HN_WF_RF,HN,WF,RF,FALSE,FALSE,TRUE,TRUE,TRUE,TRUE,0.14083215445415243,0.7739321187990809,0.6330999643449284
2017__HAN__LN_NF_RF,2017__QLB__HN_WF_RF,220,0.2633121313637559,0.5342522103198978,0.15132094742303867,0.03314241352488726,0.11817853389815142,12.622434974087666,0.001,0.13363139113989977,0.15132094742303867,0.16424306024172952,0.0010112359550561798,2017,HAN,LN_NF_RF,LN,NF,RF,2017,QLB,HN_WF_RF,HN,WF,RF,TRUE,FALSE,FALSE,FALSE,FALSE,TRUE,-1.2008103330051596,-0.5780746598514548,0.6227356731537048
2015__QLB__HN_NF_RF,2016__KAL__LN_NF_RF,220,0.4114454715052995,0.7194074257732599,0.20677637895182654,0.03276771514144334,0.1740086638103832,18.866059468816964,0.001,0.23867357887713253,0.20677637895182654,0.21849546851846394,0.0010112359550561798,2015,QLB,HN_NF_RF,HN,NF,RF,2016,KAL,LN_NF_RF,LN,NF,RF,FALSE,FALSE,FALSE,FALSE,TRUE,TRUE,-0.269927959833187,0.35195788596767685,0.6218858458008638
2015__QLB__HN_WF_RF,2017__QLB__HN_NF_RF,220,0.23533784009327843,0.5089782095422708,0.14057343509244827,0.03314901282834564,0.10742442226410262,11.074319548151937,0.001,0.09060999844698066,0.14057343509244827,0.14473464348141535,0.0010112359550561798,2015,QLB,HN_WF_RF,HN,WF,RF,2017,QLB,HN_NF_RF,HN,NF,RF,FALSE,TRUE,FALSE,TRUE,FALSE,TRUE,-1.3766031330647799,-0.7572193947241974,0.6193837383405825
2015__GGE__LN_NF_RF,2017__GGE__HN_WF_RF,220,0.6472900917095296,0.7808850295554566,0.2961359552915674,0.03337806483784345,0.26275789045372394,26.573983299980092,0.001,0.33325380082907785,0.2961359552915674,0.2943357501837526,0.0010112359550561798,2015,GGE,LN_NF_RF,LN,NF,RF,2017,GGE,HN_WF_RF,HN,WF,RF,FALSE,TRUE,FALSE,FALSE,FALSE,TRUE,1.2121394771514862,1.8303651424856617,0.6182256653341756
2015__GGE__HN_WF_RF,2015__KAL__LN_NF_RF,220,0.5416744939373623,0.7338487459357725,0.25589586882406673,0.033191986278597166,0.22270388254546958,23.817813519123188,0.001,0.2473791107524571,0.25589586882406673,0.23246725429926765,0.0010112359550561798,2015,GGE,HN_WF_RF,HN,WF,RF,2015,KAL,LN_NF_RF,LN,NF,RF,TRUE,FALSE,FALSE,FALSE,FALSE,TRUE,0.5484421744093118,1.1631352613491677,0.6146930869398559
2015__QLB__HN_WF_RF,2017__GGE__LN_NF_RF,220,0.28521396681424993,0.5559919532522272,0.15905134212979213,0.0332467157057063,0.12580462642408582,13.20180912050485,0.001,0.13674233403045366,0.15905134212979213,0.1700367355261252,0.0010112359550561798,2015,QLB,HN_WF_RF,HN,WF,RF,2017,GGE,LN_NF_RF,LN,NF,RF,FALSE,FALSE,FALSE,FALSE,FALSE,TRUE,-1.063177356245864,-0.4510372652099436,0.6121400910359204
2016__HAN__HN_NF_RF,2017__QLB__HN_WF_RF,220,0.2149781257204826,0.5090999250548003,0.13212713833094733,0.032847774360333225,0.0992793639706141,10.329858485573393,0.001,0.11588209995068716,0.13212713833094733,0.11334168267890163,0.0010112359550561798,2016,HAN,HN_NF_RF,HN,NF,RF,2017,QLB,HN_WF_RF,HN,WF,RF,FALSE,FALSE,FALSE,TRUE,FALSE,TRUE,-1.5045452912200088,-0.8929018535049126,0.6116434377150962
2015__QLB__HN_WF_RF,2017__KAL__HN_NF_RF,220,0.21670555590340618,0.5383048860889312,0.13319546727357176,0.03332363525225981,0.09987183202131195,10.167174365749595,0.001,0.12753676511779186,0.13319546727357176,0.14319622372991858,0.0010112359550561798,2015,QLB,HN_WF_RF,HN,WF,RF,2017,KAL,HN_NF_RF,HN,NF,RF,FALSE,FALSE,FALSE,TRUE,FALSE,TRUE,-1.4936899746070689,-0.8830323695833591,0.6106576050237098
2016__KIE__HN_NF_RF,2016__QLB__LN_NF_RF,216,0.5165095280116052,0.7308458066897676,0.24649199174081388,0.03384579272401515,0.2126461990167987,21.998966914979473,0.001,0.22848119181388815,0.24649199174081388,0.22691769558089817,0.0010112359550561798,2016,KIE,HN_NF_RF,HN,NF,RF,2016,QLB,LN_NF_RF,LN,NF,RF,TRUE,FALSE,FALSE,FALSE,TRUE,TRUE,0.39030341118843864,0.9955918035080717,0.605288392319633
2017__HAN__HN_WF_RF,2017__KAL__HN_NF_RF,220,0.6110619443970997,0.7720685438654818,0.28136140546332794,0.03313965644504854,0.2482217490182794,26.603102211686945,0.001,0.25330437827158,0.28136140546332794,0.24732905200921879,0.0010112359550561798,2017,HAN,HN_WF_RF,HN,WF,RF,2017,KAL,HN_NF_RF,HN,NF,RF,TRUE,FALSE,FALSE,TRUE,FALSE,TRUE,0.9844787512568658,1.5882183904210283,0.6037396391641625
2015__KIE__HN_WF_RF,2017__KAL__HN_WF_RF,220,0.6494676406703723,0.7877439240855841,0.2955039010605911,0.03284368683790303,0.2626602142226881,27.221299234248374,0.001,0.2607505454398698,0.2955039010605911,0.26292668389394,0.0010112359550561798,2015,KIE,HN_WF_RF,HN,WF,RF,2017,KAL,HN_WF_RF,HN,WF,RF,FALSE,FALSE,TRUE,TRUE,TRUE,TRUE,1.2258233780372059,1.8287380269127784,0.6029146488755726
2017__HAN__LN_NF_RF,2017__KIE__HN_NF_RF,215,0.3712797884949393,0.6622413002004396,0.19079663344803802,0.033608353272235415,0.1571882801758026,16.010429788656833,0.001,0.19814054692741864,0.19079663344803802,0.20222367549926232,0.0010112359550561798,2017,HAN,LN_NF_RF,LN,NF,RF,2017,KIE,HN_NF_RF,HN,NF,RF,TRUE,FALSE,FALSE,FALSE,TRUE,TRUE,-0.5223324913520944,0.07175964466112868,0.5940921360132231
2015__KAL__LN_NF_RF,2017__QLB__HN_WF_RF,220,0.14934230113635424,0.4070358328214896,0.1069519114378638,0.03354148398376631,0.07341042745409748,7.571419285196206,0.001,0.07096230123937534,0.1069519114378638,0.09128250411979771,0.0010112359550561798,2015,KAL,LN_NF_RF,LN,NF,RF,2017,QLB,HN_WF_RF,HN,WF,RF,FALSE,FALSE,FALSE,FALSE,FALSE,TRUE,-1.9170063354089233,-1.3238331969195083,0.593173138489415
2017__KAL__HN_NF_RF,2017__QLB__HN_WF_RF,220,0.28065368624542797,0.5531575596039738,0.15566218995634548,0.03292067848358781,0.12274151147275766,12.906318727636405,0.001,0.1167630976823218,0.15566218995634548,0.1547883229611818,0.0010112359550561798,2017,KAL,HN_NF_RF,HN,NF,RF,2017,QLB,HN_WF_RF,HN,WF,RF,TRUE,FALSE,FALSE,TRUE,FALSE,TRUE,-1.0918345430356764,-0.50206341544099,0.5897711275946864
2015__GGE__HN_WF_RF,2015__KAL__HN_NF_RF,220,0.37632043440037005,0.6005950536168103,0.19162130197173335,0.0329208817370595,0.15870042023467384,16.820749732444494,0.001,0.15237239713960374,0.19162130197173335,0.17487912477486364,0.0010112359550561798,2015,GGE,HN_WF_RF,HN,WF,RF,2015,KAL,HN_NF_RF,HN,NF,RF,TRUE,FALSE,FALSE,TRUE,FALSE,TRUE,-0.4906566483697958,0.09694925949451623,0.587605907864312
2015__HAN__HN_NF_RF,2016__QLB__HN_NF_RF,220,0.5654654920018901,0.756070842936274,0.2629304187725066,0.033015806736694256,0.22991461203581237,24.021986853015846,0.001,0.2594407798611805,0.2629304187725066,0.27613920826331784,0.0010112359550561798,2015,HAN,HN_NF_RF,HN,NF,RF,2016,QLB,HN_NF_RF,HN,NF,RF,FALSE,FALSE,TRUE,TRUE,TRUE,TRUE,0.697946807986574,1.283253432588589,0.5853066246020149
2016__GGE__HN_WF_RF,2016__KAL__HN_WF_RF,220,0.6532089012081773,0.8011315034683286,0.29589997818781966,0.033050198001915276,0.2628497801859044,27.554951338447097,0.001,0.3040609101743684,0.29589997818781966,0.3027703451303716,0.0010112359550561798,2016,GGE,HN_WF_RF,HN,WF,RF,2016,KAL,HN_WF_RF,HN,WF,RF,TRUE,FALSE,TRUE,TRUE,TRUE,TRUE,1.2493337740409605,1.83189586508453,0.5825620910435696
2016__GGE__LN_NF_RF,2017__QLB__HN_NF_RF,220,0.3489346251064731,0.6025379938353347,0.1813856424120032,0.03358408626841046,0.14780155614359275,15.219860403552302,0.001,0.1566548281887125,0.1813856424120032,0.16771455071454486,0.0010112359550561798,2016,GGE,LN_NF_RF,LN,NF,RF,2017,QLB,HN_NF_RF,HN,NF,RF,FALSE,FALSE,FALSE,FALSE,TRUE,TRUE,-0.6627513781745714,-0.08460679873246116,0.5781445794421103
2015__GGE__HN_NF_RF,2015__QLB__HN_WF_RF,220,0.18822723499674543,0.49059578616387645,0.11951767867597624,0.032524916404098686,0.08699276227187755,9.160942038701656,0.001,0.11178798528371253,0.11951767867597624,0.13580530595277787,0.0010112359550561798,2015,GGE,HN_NF_RF,HN,NF,RF,2015,QLB,HN_WF_RF,HN,WF,RF,TRUE,FALSE,FALSE,TRUE,FALSE,TRUE,-1.672650139308781,-1.0975751987990294,0.5750749405097515
2016__HAN__HN_NF_RF,2017__QLB__HN_NF_RF,220,0.5159170141849003,0.7447693321988246,0.24391565514286964,0.03332414375129506,0.2105915113915746,21.967479650171352,0.001,0.25835115911742074,0.24391565514286964,0.2305213230757695,0.0010112359550561798,2016,HAN,HN_NF_RF,HN,NF,RF,2017,QLB,HN_NF_RF,HN,NF,RF,FALSE,FALSE,TRUE,TRUE,TRUE,TRUE,0.38658000444817864,0.9613642929155952,0.5747842884674166
2015__QLB__HN_WF_RF,2017__KIE__HN_NF_RF,215,0.22264077148290742,0.5519017604868508,0.13404466947245972,0.03410671663497046,0.09993795283748926,9.893013198497894,0.001,0.10643585108624525,0.13404466947245972,0.13638958606264576,0.0010112359550561798,2015,QLB,HN_WF_RF,HN,WF,RF,2017,KIE,HN_NF_RF,HN,NF,RF,FALSE,FALSE,FALSE,TRUE,FALSE,TRUE,-1.4563925805251277,-0.881930912160679,0.5744616683644487
2016__KIE__HN_WF_RF,2017__KAL__HN_WF_RF,216,0.637237995115957,0.76325271794139,0.2898041530702081,0.03368334494620537,0.25612080812400273,26.603009717049613,0.001,0.27215858610592647,0.2898041530702081,0.26181209615292556,0.0010112359550561798,2016,KIE,HN_WF_RF,HN,WF,RF,2017,KAL,HN_WF_RF,HN,WF,RF,FALSE,FALSE,TRUE,TRUE,TRUE,TRUE,1.1489712563887757,1.7198029319798713,0.5708316755910956
2016__GGE__LN_NF_RF,2016__KIE__HN_WF_RF,216,0.30914903077975575,0.5921170768882696,0.16573579814405381,0.03384042305202114,0.13189537509203267,13.56404805311278,0.001,0.13376320670875555,0.16573579814405381,0.1712680453286947,0.0010112359550561798,2016,GGE,LN_NF_RF,LN,NF,RF,2016,KIE,HN_WF_RF,HN,WF,RF,TRUE,FALSE,FALSE,FALSE,FALSE,TRUE,-0.9127674004253615,-0.3495760202065707,0.5631913802187909
2015__HAN__LN_NF_RF,2015__QLB__HN_WF_RF,220,0.18077910469647857,0.5137239875354299,0.11639831822972181,0.03296173473443673,0.08343658349528507,8.53088773253695,0.001,0.1116535027348913,0.11639831822972181,0.13715010163677055,0.0010112359550561798,2015,HAN,LN_NF_RF,LN,NF,RF,2015,QLB,HN_WF_RF,HN,WF,RF,TRUE,FALSE,FALSE,FALSE,FALSE,TRUE,-1.7194548167904444,-1.1568149320072745,0.56263988478317
2015__KAL__LN_NF_RF,2017__GGE__LN_NF_RF,220,0.48489124239552056,0.6876148831023933,0.23107192843062374,0.033244053497260576,0.19782787493336318,21.103777492051208,0.001,0.2022353567279536,0.23107192843062374,0.19987332618427267,0.0010112359550561798,2015,KAL,LN_NF_RF,LN,NF,RF,2017,GGE,LN_NF_RF,LN,NF,RF,FALSE,FALSE,TRUE,TRUE,TRUE,TRUE,0.19161144406067013,0.7487443809110645,0.5571329368503944
2017__HAN__HN_NF_RF,2017__QLB__LN_NF_RF,220,0.5152232613935732,0.7295920839837037,0.24248474633922049,0.03321719115229743,0.20926755518692305,21.907343986646186,0.001,0.22055539985170253,0.24248474633922049,0.21557369707229293,0.0010112359550561798,2017,HAN,HN_NF_RF,HN,NF,RF,2017,QLB,LN_NF_RF,LN,NF,RF,TRUE,FALSE,FALSE,FALSE,TRUE,TRUE,0.38222040353613423,0.9393094927297312,0.5570890891935969
2015__QLB__HN_NF_RF,2017__HAN__HN_NF_RF,220,0.3765686083671688,0.6671283591509216,0.18962704601187935,0.03279431327539282,0.15683273273648654,16.749652405158695,0.001,0.18567393213554562,0.18962704601187935,0.18460678894742757,0.0010112359550561798,2015,QLB,HN_NF_RF,HN,NF,RF,2017,HAN,HN_NF_RF,HN,NF,RF,FALSE,FALSE,TRUE,TRUE,TRUE,TRUE,-0.4890971022814379,0.06583684472019305,0.5549339470016309
2016__GGE__LN_NF_RF,2017__HAN__HN_WF_RF,220,0.4756212878122442,0.7156996106230595,0.2273224108856525,0.033188133497321526,0.19413427738833097,19.81482047711645,0.001,0.2531166883302836,0.2273224108856525,0.2172845444607043,0.0010112359550561798,2016,GGE,LN_NF_RF,LN,NF,RF,2017,HAN,HN_WF_RF,HN,WF,RF,FALSE,FALSE,FALSE,FALSE,FALSE,TRUE,0.1333582694989454,0.6872154908039149,0.5538572213049695
2017__HAN__HN_NF_RF,2017__QLB__HN_WF_RF,220,0.24718543719983554,0.5541380456771271,0.14066011740736378,0.03308285355298451,0.10757726385437927,11.088387496301273,0.001,0.1324140357117243,0.14066011740736378,0.13907168253293412,0.0010112359550561798,2017,HAN,HN_NF_RF,HN,NF,RF,2017,QLB,HN_WF_RF,HN,WF,RF,TRUE,FALSE,FALSE,TRUE,FALSE,TRUE,-1.302151836007688,-0.7546733205249165,0.5474785154827715
2015__HAN__HN_NF_RF,2016__QLB__LN_NF_RF,220,0.48109667109570886,0.7102381904960471,0.2288272711813698,0.033024702928362404,0.1958025682530074,21.036892121396836,0.001,0.20031341333695754,0.2288272711813698,0.23729756791153234,0.0010112359550561798,2015,HAN,HN_NF_RF,HN,NF,RF,2016,QLB,LN_NF_RF,LN,NF,RF,FALSE,FALSE,FALSE,FALSE,TRUE,TRUE,0.16776603874297588,0.7150063055930076,0.5472402668500317
2015__KIE__HN_NF_RF,2017__KAL__HN_WF_RF,220,0.6781575085745019,0.7881169595915769,0.303109110607058,0.03321288740791019,0.2698962231991478,27.817390187413228,0.001,0.2901010357619005,0.303109110607058,0.26821960723076715,0.0010112359550561798,2015,KIE,HN_NF_RF,HN,NF,RF,2017,KAL,HN_WF_RF,HN,WF,RF,FALSE,FALSE,FALSE,TRUE,FALSE,TRUE,1.4061129218702666,1.9492773102804946,0.543164388410228
2017__KAL__HN_NF_RF,2017__KIE__HN_WF_RF,216,0.5613762904343227,0.7304278450565022,0.2594616526161044,0.03374355140515571,0.22571810121094865,23.637284522708985,0.001,0.24567616285939145,0.2594616526161044,0.25856231428797055,0.0010112359550561798,2017,KAL,HN_NF_RF,HN,NF,RF,2017,KIE,HN_WF_RF,HN,WF,RF,TRUE,FALSE,FALSE,TRUE,FALSE,TRUE,0.6722499212765431,1.2133468847775573,0.5410969635010141
2015__QLB__HN_WF_RF,2016__QLB__LN_NF_RF,220,0.16286039049580478,0.45135267633253134,0.10853878536819724,0.033267163770962914,0.07527162159723433,8.007177675464977,0.001,0.10849400542150096,0.10853878536819724,0.12119737842194561,0.0010112359550561798,2015,QLB,HN_WF_RF,HN,WF,RF,2016,QLB,LN_NF_RF,LN,NF,RF,FALSE,TRUE,FALSE,FALSE,FALSE,TRUE,-1.832057524481875,-1.2928289501100094,0.5392285743718657
2015__HAN__LN_NF_RF,2015__QLB__HN_NF_RF,220,0.5342601539100648,0.775243290150623,0.24832276764100064,0.033061145288548206,0.21526162235245244,22.534825857870842,0.001,0.26676627106366313,0.24832276764100064,0.24507265706353462,0.0010112359550561798,2015,HAN,LN_NF_RF,LN,NF,RF,2015,QLB,HN_NF_RF,HN,NF,RF,TRUE,FALSE,FALSE,FALSE,TRUE,TRUE,0.5018498378460515,1.0391601926032918,0.5373103547572403
2016__GGE__LN_NF_RF,2017__KIE__HN_NF_RF,215,0.2803502916332138,0.6004648747856748,0.15290624596083774,0.03351273599805711,0.11939350996278063,12.757891115204066,0.001,0.13833562593479218,0.15290624596083774,0.1774812530620317,0.0010112359550561798,2016,GGE,LN_NF_RF,LN,NF,RF,2017,KIE,HN_NF_RF,HN,NF,RF,FALSE,FALSE,FALSE,FALSE,TRUE,TRUE,-1.093741100306009,-0.5578352786378916,0.5359058216681173
2015__HAN__HN_NF_RF,2017__KIE__HN_NF_RF,215,0.37668722982182845,0.6576976019705862,0.18967228591832036,0.03396519340447809,0.15570709251384227,15.87788227480596,0.001,0.1446311654541523,0.18967228591832036,0.20808135331179367,0.0010112359550561798,2015,HAN,HN_NF_RF,HN,NF,RF,2017,KIE,HN_NF_RF,HN,NF,RF,FALSE,FALSE,TRUE,TRUE,TRUE,TRUE,-0.4883516750797211,0.04708564275114822,0.5354373178308693
2015__HAN__HN_NF_RF,2017__QLB__HN_WF_RF,220,0.15648250141231476,0.42000416988329964,0.10593835946306472,0.03348110252338761,0.07245725693967711,7.853435287851676,0.001,0.08267690273876305,0.10593835946306472,0.10994483690121613,0.0010112359550561798,2015,HAN,HN_NF_RF,HN,NF,RF,2017,QLB,HN_WF_RF,HN,WF,RF,FALSE,FALSE,FALSE,TRUE,FALSE,TRUE,-1.8721367161087827,-1.3397113544935584,0.5324253616152244
2017__HAN__LN_NF_RF,2017__KAL__HN_WF_RF,220,0.6088505811588026,0.7501022748403893,0.2754423032857052,0.032648780429153194,0.24279352285655198,25.917016570282634,0.001,0.25908045513420014,0.2754423032857052,0.2409862587370599,0.0010112359550561798,2017,HAN,LN_NF_RF,LN,NF,RF,2017,KAL,HN_WF_RF,HN,WF,RF,TRUE,FALSE,FALSE,FALSE,FALSE,TRUE,0.9705823586065394,1.4977936143295203,0.5272112557229809
2016__KAL__HN_WF_RF,2017__KIE__HN_NF_RF,215,0.40729209156934254,0.6469197517447899,0.2004357495126537,0.03404383352353677,0.16639191598911693,17.21305082993982,0.001,0.172989841706623,0.2004357495126537,0.2107772459596993,0.0010112359550561798,2016,KAL,HN_WF_RF,HN,WF,RF,2017,KIE,HN_NF_RF,HN,NF,RF,FALSE,FALSE,FALSE,TRUE,FALSE,TRUE,-0.2960281488100516,0.22507615780027357,0.5211043066103251
2015__GGE__HN_WF_RF,2017__KIE__HN_NF_RF,215,0.29888287891023324,0.5529836508971481,0.15908441775048288,0.03361318838173972,0.12547122936874316,12.910297461132762,0.001,0.13487929611136032,0.15908441775048288,0.15307081332668465,0.0010112359550561798,2015,GGE,HN_WF_RF,HN,WF,RF,2017,KIE,HN_NF_RF,HN,NF,RF,FALSE,FALSE,FALSE,TRUE,FALSE,TRUE,-0.9772807625524395,-0.4565910784042955,0.5206896841481439
2015__GGE__LN_NF_RF,2016__KIE__HN_NF_RF,216,0.5842292717026145,0.711947034377642,0.2665869110876022,0.03355596293740692,0.23303094815019526,23.721229833216213,0.001,0.2418182929527492,0.2665869110876022,0.2475997295479948,0.0010112359550561798,2015,GGE,LN_NF_RF,LN,NF,RF,2016,KIE,HN_NF_RF,HN,NF,RF,FALSE,FALSE,FALSE,FALSE,TRUE,TRUE,0.8158599783828979,1.3351661545300193,0.5193061761471214
2016__KIE__HN_WF_RF,2017__GGE__LN_NF_RF,216,0.5509627554189039,0.7198823515402659,0.25436084613734644,0.03407933041715362,0.22028151572019283,23.191730282908935,0.001,0.2587933883178719,0.25436084613734644,0.25754510224394256,0.0010112359550561798,2016,KIE,HN_WF_RF,HN,WF,RF,2017,GGE,LN_NF_RF,LN,NF,RF,FALSE,FALSE,FALSE,FALSE,FALSE,TRUE,0.6068103910600511,1.1227828568507079,0.5159724657906568
2015__KIE__HN_NF_RF,2015__KIE__LN_NF_RF,220,0.7867294107580715,0.8364583039844926,0.34214783460134474,0.03305828706142418,0.3090895475399206,33.19892894794133,0.001,0.35671500626630104,0.34214783460134474,0.3497233846216897,0.0010112359550561798,2015,KIE,HN_NF_RF,HN,NF,RF,2015,KIE,LN_NF_RF,LN,NF,RF,TRUE,TRUE,FALSE,FALSE,TRUE,TRUE,2.0883878902728217,2.602169704997595,0.5137818147247732
2015__HAN__HN_NF_RF,2017__QLB__HN_NF_RF,220,0.5059376269694906,0.7304238066526544,0.236282046300978,0.03322211236960828,0.2030599339313697,21.527967538424257,0.001,0.2266582041011456,0.236282046300978,0.219371328386859,0.0010112359550561798,2015,HAN,HN_NF_RF,HN,NF,RF,2017,QLB,HN_NF_RF,HN,NF,RF,FALSE,FALSE,TRUE,TRUE,TRUE,TRUE,0.3238686955355042,0.8359013543489109,0.5120326588134068
2015__QLB__HN_WF_RF,2016__HAN__HN_WF_RF,220,0.2436489177985277,0.5408958487121259,0.1371004772727376,0.033037514958274755,0.10406296231446285,11.019179031307322,0.001,0.1395028879082659,0.1371004772727376,0.13679027558778484,0.0010112359550561798,2015,QLB,HN_WF_RF,HN,WF,RF,2016,HAN,HN_WF_RF,HN,WF,RF,FALSE,FALSE,TRUE,TRUE,TRUE,TRUE,-1.3243756214830749,-0.8132154520421223,0.5111601694409525
2015__HAN__HN_NF_RF,2015__QLB__HN_WF_RF,220,0.17086256863481863,0.490812169297262,0.10961892356655696,0.03311646429809023,0.07650245926846673,8.074556662273567,0.001,0.08497679523984311,0.10961892356655696,0.13309494096519384,0.0010112359550561798,2015,HAN,HN_NF_RF,HN,NF,RF,2015,QLB,HN_WF_RF,HN,WF,RF,TRUE,FALSE,FALSE,TRUE,FALSE,TRUE,-1.781771163764751,-1.2723253422075036,0.5094458215572475
2017__GGE__LN_NF_RF,2017__KIE__HN_NF_RF,215,0.3034897069790275,0.581615107826801,0.161340917337257,0.03485405650354474,0.12648686083371224,13.205441220245989,0.001,0.14227070761552432,0.161340917337257,0.18333911671183933,0.0010112359550561798,2017,GGE,LN_NF_RF,LN,NF,RF,2017,KIE,HN_NF_RF,HN,NF,RF,TRUE,FALSE,FALSE,FALSE,TRUE,TRUE,-0.9483310673563626,-0.4396724303828038,0.5086586369735588
2015__KAL__LN_NF_RF,2017__KAL__HN_WF_RF,220,0.4902364526361623,0.7165550001972243,0.22980309656722986,0.03306834366389054,0.1967347529033393,21.087851359992023,0.001,0.22675692725952215,0.22980309656722986,0.22337953020884938,0.0010112359550561798,2015,KAL,LN_NF_RF,LN,NF,RF,2017,KAL,HN_WF_RF,HN,WF,RF,FALSE,TRUE,FALSE,FALSE,FALSE,TRUE,0.22520119495103202,0.7305348752897755,0.5053336803387434
2015__HAN__LN_NF_RF,2017__QLB__HN_WF_RF,220,0.1784265579652751,0.4190349537650102,0.11257569833508221,0.0334998948804717,0.07907580345461052,8.698032612957558,0.001,0.0801510733908072,0.11257569833508221,0.11097260753611511,0.0010112359550561798,2015,HAN,LN_NF_RF,LN,NF,RF,2017,QLB,HN_WF_RF,HN,WF,RF,FALSE,FALSE,FALSE,FALSE,FALSE,TRUE,-1.7342384183891673,-1.2294579183188155,0.5047805000703518
2017__KAL__HN_NF_RF,2017__KIE__HN_NF_RF,215,0.44939170465390244,0.7310560506170156,0.21486106436343702,0.03376126833274281,0.1810997960306942,18.39355189896454,0.001,0.24559257587295735,0.21486106436343702,0.23688503600901817,0.0010112359550561798,2017,KAL,HN_NF_RF,HN,NF,RF,2017,KIE,HN_NF_RF,HN,NF,RF,TRUE,FALSE,TRUE,TRUE,TRUE,TRUE,-0.03147063798682614,0.4700837753747694,0.5015544133615956
2017__HAN__LN_NF_RF,2017__QLB__HN_NF_RF,220,0.28937361580229837,0.5427339783504167,0.15360890440842528,0.03307723381960411,0.12053167058882117,12.77317136507171,0.001,0.1298943438835175,0.15360890440842528,0.13544547990379213,0.0010112359550561798,2017,HAN,LN_NF_RF,LN,NF,RF,2017,QLB,HN_NF_RF,HN,NF,RF,TRUE,FALSE,FALSE,FALSE,TRUE,TRUE,-1.0370377720181876,-0.5388755085952347,0.4981622634229529
2015__GGE__HN_NF_RF,2015__QLB__HN_NF_RF,220,0.5051139528354581,0.7438463228954768,0.23477764607973442,0.032903106121474984,0.20187453995825944,21.27700472226977,0.001,0.25251867601471784,0.23477764607973442,0.22971875144263262,0.0010112359550561798,2015,GGE,HN_NF_RF,HN,NF,RF,2015,QLB,HN_NF_RF,HN,NF,RF,TRUE,FALSE,TRUE,TRUE,TRUE,TRUE,0.31869265797450735,0.8161547591619838,0.4974621011874764
2015__QLB__HN_NF_RF,2016__GGE__LN_NF_RF,220,0.34653290551511146,0.6511498171449824,0.17486298303702613,0.03292963763672126,0.1419333454003049,15.20101431491188,0.001,0.17081893134437293,0.17486298303702613,0.18371759934976561,0.0010112359550561798,2015,QLB,HN_NF_RF,HN,NF,RF,2016,GGE,LN_NF_RF,LN,NF,RF,FALSE,FALSE,FALSE,FALSE,TRUE,TRUE,-0.6778439861638605,-0.18236095021953264,0.4954830359443279
2015__GGE__LN_NF_RF,2015__QLB__HN_WF_RF,220,0.28321701469687466,0.555714712362577,0.15129281730319366,0.03325926231389077,0.11803355498930289,12.464050595778279,0.001,0.11271590060842933,0.15129281730319366,0.16744713813209475,0.0010112359550561798,2015,GGE,LN_NF_RF,LN,NF,RF,2015,QLB,HN_WF_RF,HN,WF,RF,TRUE,FALSE,FALSE,FALSE,FALSE,TRUE,-1.0757263713720797,-0.58048975549781,0.4952366158742697
2015__QLB__HN_NF_RF,2016__HAN__HN_NF_RF,220,0.46552200762948787,0.7305331252148335,0.21939353847821635,0.03273980253553288,0.18665373594268347,20.132353746733358,0.001,0.24401299292778758,0.21939353847821635,0.21441028181754396,0.0010112359550561798,2015,QLB,HN_NF_RF,HN,NF,RF,2016,HAN,HN_NF_RF,HN,NF,RF,FALSE,FALSE,TRUE,TRUE,TRUE,TRUE,0.06989354309184563,0.5626027231865349,0.4927091800946893
2017__KAL__HN_WF_RF,2017__KIE__HN_NF_RF,215,0.32919661346919216,0.5970042744330943,0.1691481572232637,0.03392572396382596,0.13522243325943775,14.02788029181999,0.001,0.14980910738529787,0.1691481572232637,0.18060696862050338,0.0010112359550561798,2017,KAL,HN_WF_RF,HN,WF,RF,2017,KIE,HN_NF_RF,HN,NF,RF,TRUE,FALSE,FALSE,TRUE,FALSE,TRUE,-0.7867867040306663,-0.2941530365526824,0.4926336674779839
2015__GGE__HN_WF_RF,2017__QLB__HN_NF_RF,220,0.1678997348924483,0.4169432501422832,0.1072343991034673,0.03303022419856047,0.07420417490490683,7.558078607354591,0.001,0.10886428793848556,0.1072343991034673,0.12463336602163134,0.0010112359550561798,2015,GGE,HN_WF_RF,HN,WF,RF,2017,QLB,HN_NF_RF,HN,NF,RF,FALSE,FALSE,FALSE,TRUE,FALSE,TRUE,-1.8003898602903026,-1.310610749406415,0.4897791108838876
2015__HAN__HN_WF_RF,2017__KIE__HN_WF_RF,216,0.6160490734180791,0.758788506650472,0.277181806461395,0.03393490250092638,0.24324690396046864,24.809257111057043,0.001,0.28482872760973327,0.277181806461395,0.2575607562598184,0.0010112359550561798,2015,HAN,HN_WF_RF,HN,WF,RF,2017,KIE,HN_WF_RF,HN,WF,RF,FALSE,FALSE,TRUE,TRUE,TRUE,TRUE,1.0158182896344399,1.5053461524118206,0.4895278627773807
2016__GGE__LN_NF_RF,2017__QLB__HN_WF_RF,220,0.13510621120041688,0.42356660261575657,0.09483726743090666,0.03318037289747862,0.06165689453342804,6.645349145778444,0.001,0.07747154405112326,0.09483726743090666,0.10151908188112213,0.0010112359550561798,2016,GGE,LN_NF_RF,LN,NF,RF,2017,QLB,HN_WF_RF,HN,WF,RF,FALSE,FALSE,FALSE,FALSE,FALSE,TRUE,-2.006467122370133,-1.5196265465277503,0.4868405758423826
2017__HAN__HN_WF_RF,2017__KIE__HN_NF_RF,215,0.4558818416568048,0.6904151271462726,0.2164214502137332,0.03379534565434551,0.18262610455938771,18.848878466158997,0.001,0.21457399752987488,0.2164214502137332,0.22903527785636021,0.0010112359550561798,2017,HAN,HN_WF_RF,HN,WF,RF,2017,KIE,HN_NF_RF,HN,NF,RF,TRUE,FALSE,FALSE,TRUE,FALSE,TRUE,0.009313929010044266,0.49550941219269984,0.4861954831826556
2017__GGE__HN_NF_RF,2017__HAN__HN_NF_RF,220,0.4484839962268067,0.6743704321464192,0.21245495617227195,0.03271916853181685,0.1797357876404551,19.070537476786306,0.001,0.1980598238505992,0.21245495617227195,0.20138900060026516,0.0010112359550561798,2017,GGE,HN_NF_RF,HN,NF,RF,2017,HAN,HN_NF_RF,HN,NF,RF,TRUE,FALSE,TRUE,TRUE,TRUE,TRUE,-0.037174754115954896,0.44736177566445195,0.48453652978040684
2015__GGE__LN_NF_RF,2017__GGE__LN_NF_RF,220,0.6106550771517415,0.753002034226853,0.2742199224511057,0.03341383460187731,0.2408060878492284,24.73935363904211,0.001,0.2688520162035476,0.2742199224511057,0.25985516717653606,0.0010112359550561798,2015,GGE,LN_NF_RF,LN,NF,RF,2017,GGE,LN_NF_RF,LN,NF,RF,FALSE,TRUE,TRUE,TRUE,TRUE,TRUE,0.9819219632538201,1.4646864150015417,0.48276445174772165
2015__KIE__HN_NF_RF,2015__QLB__HN_WF_RF,220,0.22515900817551956,0.5245521601685985,0.1283245330560087,0.03329020230998546,0.09503433074602323,9.766076497212948,0.001,0.1420178706833652,0.1283245330560087,0.16097097190550538,0.0010112359550561798,2015,KIE,HN_NF_RF,HN,NF,RF,2015,QLB,HN_WF_RF,HN,WF,RF,TRUE,FALSE,FALSE,TRUE,FALSE,TRUE,-1.440567769268002,-0.9636166998282072,0.4769510694397947
2017__HAN__HN_NF_RF,2017__HAN__HN_WF_RF,220,0.6184517157083131,0.786434355330407,0.27614363846400486,0.03276468851318043,0.24337894995082443,26.431117300768644,0.001,0.29395727992770765,0.27614363846400486,0.2656004878055086,0.0010112359550561798,2017,HAN,HN_NF_RF,HN,NF,RF,2017,HAN,HN_WF_RF,HN,WF,RF,TRUE,TRUE,FALSE,TRUE,FALSE,TRUE,1.0309166959410776,1.5075458082028579,0.4766291122617803
2015__QLB__HN_WF_RF,2017__GGE__HN_WF_RF,220,0.2314586225017095,0.5147935062520075,0.1304072423738314,0.0331352738285457,0.09727196854528569,10.189500042878377,0.001,0.11402054630682182,0.1304072423738314,0.15867278152076372,0.0010112359550561798,2015,QLB,HN_WF_RF,HN,WF,RF,2017,GGE,HN_WF_RF,HN,WF,RF,FALSE,FALSE,TRUE,TRUE,TRUE,TRUE,-1.4009804628018916,-0.9263415585677308,0.4746389042341608
2016__KAL__LN_NF_RF,2017__QLB__HN_NF_RF,220,0.36312640826306136,0.6372517088069063,0.17975700091979144,0.03320867493705869,0.14654832598273276,15.687481043673834,0.001,0.17267040868177894,0.17975700091979144,0.16366643802988656,0.0010112359550561798,2016,KAL,LN_NF_RF,LN,NF,RF,2017,QLB,HN_NF_RF,HN,NF,RF,FALSE,FALSE,FALSE,FALSE,TRUE,TRUE,-0.5735690187426993,-0.10548342643929681,0.46808559230340246
2015__HAN__HN_NF_RF,2016__GGE__HN_NF_RF,220,0.7578665908689698,0.8101474673593932,0.3281236593971183,0.03283979000572767,0.2952838693913906,32.60176652750038,0.001,0.30133076183506136,0.3281236593971183,0.29947003842684033,0.0010112359550561798,2015,HAN,HN_NF_RF,HN,NF,RF,2016,GGE,HN_NF_RF,HN,NF,RF,FALSE,FALSE,TRUE,TRUE,TRUE,TRUE,1.9070115016142688,2.372191196700701,0.4651796950864322
2015__QLB__HN_WF_RF,2017__HAN__HN_WF_RF,220,0.28781213734240724,0.5800972597104749,0.15057700034202617,0.033073125173973296,0.11750387516805288,12.651713664170344,0.001,0.14112239527202702,0.15057700034202617,0.15820842797373652,0.0010112359550561798,2015,QLB,HN_WF_RF,HN,WF,RF,2017,HAN,HN_WF_RF,HN,WF,RF,FALSE,FALSE,TRUE,TRUE,TRUE,TRUE,-1.0468502340406565,-0.5893132970765345,0.457536936964122
2016__GGE__HN_NF_RF,2017__QLB__HN_WF_RF,220,0.13195525315810813,0.39356936375469814,0.09212101593108733,0.033530036311636355,0.05859097961945098,6.239791253545577,0.001,0.06368707118762922,0.09212101593108733,0.09800896848713034,0.0010112359550561798,2016,GGE,HN_NF_RF,HN,NF,RF,2017,QLB,HN_WF_RF,HN,WF,RF,FALSE,FALSE,FALSE,TRUE,FALSE,TRUE,-2.0262680078250006,-1.5706993392508461,0.45556866857415446
2016__KAL__HN_WF_RF,2017__KAL__HN_WF_RF,220,0.6874939359108693,0.7988617345587531,0.3012218661892763,0.033116013317176334,0.2681058528721,29.15696512087056,0.001,0.28043996736418714,0.3012218661892763,0.29999318164639616,0.0010112359550561798,2016,KAL,HN_WF_RF,HN,WF,RF,2017,KAL,HN_WF_RF,HN,WF,RF,FALSE,TRUE,TRUE,TRUE,TRUE,TRUE,1.4647838168053358,1.9194528646658962,0.4546690478605604
2015__GGE__LN_NF_RF,2015__QLB__HN_NF_RF,220,0.45193026093151345,0.6823304012667429,0.21245167690168953,0.033219137068123,0.17923253983356652,19.541627117546387,0.001,0.19723261211471127,0.21245167690168953,0.17525636007767786,0.0010112359550561798,2015,GGE,LN_NF_RF,LN,NF,RF,2015,QLB,HN_NF_RF,HN,NF,RF,TRUE,FALSE,FALSE,FALSE,TRUE,TRUE,-0.01551813674790736,0.4389785453235182,0.4544966820714256
2015__GGE__HN_NF_RF,2015__GGE__HN_WF_RF,220,0.5631003976233457,0.7316691366651077,0.2548047127298008,0.03366481122972,0.2211399015000808,22.901593898392264,0.001,0.25476024949073806,0.2548047127298008,0.2622297363998675,0.0010112359550561798,2015,GGE,HN_NF_RF,HN,NF,RF,2015,GGE,HN_WF_RF,HN,WF,RF,TRUE,TRUE,FALSE,TRUE,FALSE,TRUE,0.6830843559162204,1.1370820661382228,0.4539977102220024
2017__QLB__HN_NF_RF,2017__QLB__LN_NF_RF,220,0.6548012944626124,0.7982013152037326,0.28852841590633516,0.03281355318446919,0.25571486272186594,27.13097655062072,0.001,0.2771379590944855,0.28852841590633516,0.26388885710798593,0.0010112359550561798,2017,QLB,HN_NF_RF,HN,NF,RF,2017,QLB,LN_NF_RF,LN,NF,RF,TRUE,TRUE,FALSE,FALSE,TRUE,TRUE,1.259340507233469,1.7130405899182217,0.4537000826847528
2016__KAL__HN_NF_RF,2016__QLB__HN_NF_RF,220,0.6027573002449257,0.7832686250091568,0.26898340917041413,0.032996034869620314,0.2359873743007938,25.23639408723088,0.001,0.2732550809645245,0.26898340917041413,0.2895353857890863,0.0010112359550561798,2016,KAL,HN_NF_RF,HN,NF,RF,2016,QLB,HN_NF_RF,HN,NF,RF,TRUE,FALSE,TRUE,TRUE,TRUE,TRUE,0.9322916686639954,1.3844150555032018,0.4521233868392064
2015__GGE__HN_NF_RF,2015__QLB__LN_NF_RF,220,0.5983738481815408,0.7499242095535408,0.2673777078245792,0.03327751566909531,0.2341001921554839,25.14960508799863,0.001,0.25092134209249123,0.2673777078245792,0.2354393870237288,0.0010112359550561798,2015,GGE,HN_NF_RF,HN,NF,RF,2015,QLB,LN_NF_RF,LN,NF,RF,TRUE,FALSE,FALSE,FALSE,TRUE,TRUE,0.9047456870804415,1.352977893924209,0.4482322068437675
2016__GGE__HN_WF_RF,2017__QLB__HN_WF_RF,220,0.2810726758481996,0.49572925060435136,0.14766500220181084,0.03327259668365028,0.11439240551816056,11.675517596382807,0.001,0.10792683055336223,0.14766500220181084,0.12762476813305404,0.0010112359550561798,2016,GGE,HN_WF_RF,HN,WF,RF,2017,QLB,HN_WF_RF,HN,WF,RF,FALSE,FALSE,TRUE,TRUE,TRUE,TRUE,-1.0892015771186871,-0.6411449522110916,0.44805662490759557
2017__KAL__LN_NF_RF,2017__QLB__LN_NF_RF,220,0.13104685648676784,0.3611175287242975,0.09090236383054373,0.03338230253426165,0.05752006129628208,6.050807922457035,0.001,0.0709240376618006,0.09090236383054373,0.09627360777105651,0.0010112359550561798,2017,KAL,LN_NF_RF,LN,NF,RF,2017,QLB,LN_NF_RF,LN,NF,RF,TRUE,FALSE,TRUE,TRUE,TRUE,TRUE,-2.0319764489388703,-1.5885389698593881,0.44343747907948217
2016__HAN__LN_NF_RF,2016__QLB__HN_WF_RF,220,0.29698071260296777,0.5706406405842345,0.1535261328864904,0.03372400418050029,0.11980212870599011,12.360199265646472,0.001,0.13734455075904065,0.1535261328864904,0.14105259772873807,0.0010112359550561798,2016,HAN,LN_NF_RF,LN,NF,RF,2016,QLB,HN_WF_RF,HN,WF,RF,TRUE,FALSE,FALSE,FALSE,FALSE,TRUE,-0.9892341356727857,-0.551028403378709,0.4382057322940768
2015__KAL__LN_NF_RF,2015__QLB__HN_NF_RF,220,0.42346660657947527,0.6889548807357027,0.20056000746691988,0.03305046431265,0.16750954315426989,17.82322186399896,0.001,0.2050240245128903,0.20056000746691988,0.19320404117132586,0.0010112359550561798,2015,KAL,LN_NF_RF,LN,NF,RF,2015,QLB,HN_NF_RF,HN,NF,RF,TRUE,FALSE,FALSE,FALSE,TRUE,TRUE,-0.1943861355863487,0.24369387621357239,0.43808001179992107
2015__HAN__HN_NF_RF,2015__QLB__HN_NF_RF,220,0.5820861717940243,0.7962471050303443,0.2604250685232911,0.03324184603891906,0.22718322248437206,24.429369673340908,0.001,0.2854392867082134,0.2604250685232911,0.2707149887199299,0.0010112359550561798,2015,HAN,HN_NF_RF,HN,NF,RF,2015,QLB,HN_NF_RF,HN,NF,RF,TRUE,FALSE,TRUE,TRUE,TRUE,TRUE,0.8023925582400263,1.2377532486889047,0.4353606904488784
2015__QLB__HN_WF_RF,2016__KIE__HN_NF_RF,216,0.24996638359401865,0.5657723954798223,0.1359797418215323,0.03421130441704676,0.10176843740448555,10.271016576458623,0.001,0.14267530391409977,0.1359797418215323,0.1614595220280388,0.0010112359550561798,2015,QLB,HN_WF_RF,HN,WF,RF,2016,KIE,HN_NF_RF,HN,NF,RF,FALSE,FALSE,FALSE,TRUE,FALSE,TRUE,-1.2846761348818805,-0.8514382333042536,0.43323790157762687
2015__KIE__LN_NF_RF,2017__KIE__HN_NF_RF,215,0.3465730050389289,0.5961433504793644,0.1719207515200688,0.03402656090053885,0.13789419061952995,14.202850923052388,0.001,0.16527632703257072,0.1719207515200688,0.17405065105632828,0.0010112359550561798,2015,KIE,LN_NF_RF,LN,NF,RF,2017,KIE,HN_NF_RF,HN,NF,RF,FALSE,TRUE,FALSE,FALSE,TRUE,TRUE,-0.6775919973822765,-0.24964622090808622,0.4279457764741903
2015__HAN__HN_NF_RF,2016__KAL__HN_NF_RF,220,0.7764666534894424,0.8415354186506484,0.3322802598445963,0.032325707798192584,0.2999545520464037,31.28317134164381,0.001,0.3820515273066328,0.3322802598445963,0.3350186339255524,0.0010112359550561798,2015,HAN,HN_NF_RF,HN,NF,RF,2016,KAL,HN_NF_RF,HN,NF,RF,FALSE,FALSE,TRUE,TRUE,TRUE,TRUE,2.023895860103375,2.449996619815136,0.426100759711761
2015__QLB__HN_NF_RF,2016__QLB__LN_NF_RF,220,0.34634264634196693,0.6069062283405555,0.17073752857511953,0.0330446837614385,0.13769284481368105,14.2242750037468,0.001,0.1710905029110571,0.17073752857511953,0.18611703780125538,0.0010112359550561798,2015,QLB,HN_NF_RF,HN,NF,RF,2016,QLB,LN_NF_RF,LN,NF,RF,FALSE,TRUE,FALSE,FALSE,TRUE,TRUE,-0.6790395908160293,-0.2530002907033391,0.42603930011269014
2016__HAN__HN_NF_RF,2017__KIE__HN_NF_RF,215,0.4135496080399012,0.7000084522688306,0.19727011749548404,0.03440568602454744,0.1628644314709366,15.423331819643748,0.001,0.20592274195855256,0.19727011749548404,0.21396572248653903,0.0010112359550561798,2016,HAN,HN_NF_RF,HN,NF,RF,2017,KIE,HN_NF_RF,HN,NF,RF,FALSE,FALSE,TRUE,TRUE,TRUE,TRUE,-0.25670538881078014,0.1663144208682937,0.4230198096790738
2015__KAL__HN_WF_RF,2015__KIE__HN_NF_RF,220,0.6071685850211386,0.7686841764198734,0.2691183978947209,0.0332148671191208,0.2359035307756001,24.052806201755228,0.001,0.2695892538705303,0.2691183978947209,0.25367661999499136,0.0010112359550561798,2015,KAL,HN_WF_RF,HN,WF,RF,2015,KIE,HN_NF_RF,HN,NF,RF,TRUE,FALSE,FALSE,TRUE,FALSE,TRUE,0.9600125533567643,1.3830183686728303,0.42300581531606607
2016__KAL__HN_WF_RF,2017__KAL__HN_NF_RF,220,0.5605398548107421,0.7177631393586269,0.251451356871054,0.0331678692896448,0.21828348758140922,23.131160282403165,0.001,0.24233001283170544,0.251451356871054,0.23815341490763187,0.0010112359550561798,2016,KAL,HN_WF_RF,HN,WF,RF,2017,KAL,HN_NF_RF,HN,NF,RF,FALSE,TRUE,FALSE,TRUE,FALSE,TRUE,0.6669936894414931,1.0894991944366597,0.4225055049951666
2017__GGE__HN_WF_RF,2017__KAL__HN_WF_RF,220,0.6919310655795551,0.7812298901742899,0.3006015489170367,0.03278229013308823,0.2678192587839485,28.366002239270582,0.001,0.28873170214471616,0.3006015489170367,0.2837889541625401,0.0010112359550561798,2017,GGE,HN_WF_RF,HN,WF,RF,2017,KAL,HN_WF_RF,HN,WF,RF,TRUE,FALSE,TRUE,TRUE,TRUE,TRUE,1.492667112976956,1.914678707238012,0.42201159426105606
2017__HAN__HN_NF_RF,2017__QLB__HN_NF_RF,220,0.4630519260229541,0.7095090244163572,0.2150679632647634,0.03360075761881668,0.18146720564594673,18.66971705177877,0.001,0.20456615827245897,0.2150679632647634,0.20161700259973522,0.0010112359550561798,2017,HAN,HN_NF_RF,HN,NF,RF,2017,QLB,HN_NF_RF,HN,NF,RF,TRUE,FALSE,TRUE,TRUE,TRUE,TRUE,0.05437134244733483,0.4762041784683842,0.4218328360210494
2015__QLB__HN_WF_RF,2016__GGE__HN_WF_RF,220,0.2541540811586036,0.5355381121698607,0.13587904952854932,0.033239208920683654,0.10263984060786566,10.933681804282239,0.001,0.11652328304997947,0.13587904952854932,0.15561356640998397,0.0010112359550561798,2015,QLB,HN_WF_RF,HN,WF,RF,2016,GGE,HN_WF_RF,HN,WF,RF,FALSE,FALSE,TRUE,TRUE,TRUE,TRUE,-1.2583602910392824,-0.8369221764555843,0.42143811458369806
2015__KAL__HN_WF_RF,2017__QLB__HN_WF_RF,220,0.2203863018455809,0.42861441539926637,0.1223918639455907,0.032580807517606565,0.08981105642798415,9.895063402064036,0.001,0.09127082445796761,0.1223918639455907,0.11438715356682617,0.0010112359550561798,2015,KAL,HN_WF_RF,HN,WF,RF,2017,QLB,HN_WF_RF,HN,WF,RF,FALSE,FALSE,TRUE,TRUE,TRUE,TRUE,-1.4705598574138645,-1.0506273358262668,0.41993252158759775
2015__GGE__LN_NF_RF,2017__KIE__HN_NF_RF,215,0.3662241516787536,0.6195814919461954,0.17886908987060066,0.034251214917721436,0.14461787495287923,14.812429591248042,0.001,0.1794647039133987,0.17886908987060066,0.18593433656437577,0.0010112359550561798,2015,GGE,LN_NF_RF,LN,NF,RF,2017,KIE,HN_NF_RF,HN,NF,RF,FALSE,FALSE,FALSE,FALSE,TRUE,TRUE,-0.5541025384788903,-0.13764137213450287,0.41646116634438746
2015__QLB__HN_NF_RF,2017__KIE__LN_NF_RF,212,0.21402887339668378,0.5051895923515698,0.12184950134671613,0.034658557672411376,0.08719094367430474,8.807006635699395,0.001,0.11245731738131878,0.12184950134671613,0.1447816775320126,0.0010112359550561798,2015,QLB,HN_NF_RF,HN,NF,RF,2017,KIE,LN_NF_RF,LN,NF,RF,FALSE,FALSE,FALSE,FALSE,TRUE,TRUE,-1.5105104726914624,-1.094273842443185,0.4162366302482774
2015__KAL__HN_NF_RF,2017__QLB__HN_WF_RF,220,0.11744150226186427,0.3471247527653652,0.0835640253587235,0.03283047986523936,0.05073354549348413,5.4600612414108065,0.001,0.06221531744359928,0.0835640253587235,0.10233287797200771,0.0010112359550561798,2015,KAL,HN_NF_RF,HN,NF,RF,2017,QLB,HN_WF_RF,HN,WF,RF,FALSE,FALSE,FALSE,TRUE,FALSE,TRUE,-2.117473639622763,-1.7015904812787646,0.4158831583439986
2015__KIE__LN_NF_RF,2015__QLB__HN_WF_RF,220,0.15159168086275174,0.42949347187864517,0.0964668762011513,0.03290951599731851,0.06355736020383279,6.707370909738399,0.001,0.08208753568269199,0.0964668762011513,0.12062075621010264,0.0010112359550561798,2015,KIE,LN_NF_RF,LN,NF,RF,2015,QLB,HN_WF_RF,HN,WF,RF,TRUE,FALSE,FALSE,FALSE,FALSE,TRUE,-1.9028710439487222,-1.4879681045992255,0.41490293934949674
2016__KAL__HN_NF_RF,2016__QLB__LN_NF_RF,220,0.5273731679393185,0.74129029713236,0.23823375713908349,0.032965997323690946,0.20526775981539253,22.290289397484763,0.001,0.24337242589250566,0.23823375713908349,0.25139673090215636,0.0010112359550561798,2016,KAL,HN_NF_RF,HN,NF,RF,2016,QLB,LN_NF_RF,LN,NF,RF,TRUE,FALSE,FALSE,FALSE,TRUE,TRUE,0.4585714385449587,0.8726798811205861,0.41410844257562746
2016__KIE__HN_NF_RF,2017__GGE__LN_NF_RF,216,0.4551276570668132,0.6325581395348836,0.21183114927018312,0.03383236371742344,0.1779987855527597,18.029326174607398,0.001,0.2033356972368708,0.21183114927018312,0.19221234332318551,0.0010112359550561798,2016,KIE,HN_NF_RF,HN,NF,RF,2017,GGE,LN_NF_RF,LN,NF,RF,FALSE,FALSE,FALSE,FALSE,TRUE,TRUE,0.004574569590549047,0.41842635179472193,0.4138517822041729
2017__GGE__HN_WF_RF,2017__KAL__HN_NF_RF,220,0.5713422922703778,0.7522221533502759,0.25465106712241953,0.03310018944057812,0.2215508776818414,23.189417900434798,0.001,0.2376396988543873,0.25465106712241953,0.23848815543731353,0.0010112359550561798,2017,GGE,HN_WF_RF,HN,WF,RF,2017,KAL,HN_NF_RF,HN,NF,RF,TRUE,FALSE,FALSE,TRUE,FALSE,TRUE,0.7348771153391273,1.1439282122101504,0.40905109687102315
2015__QLB__HN_WF_RF,2016__QLB__HN_NF_RF,220,0.12849654370082517,0.39848531806630116,0.08791004574108545,0.0337304787690688,0.054179566972016646,5.571073240197161,0.001,0.06497208508501104,0.08791004574108545,0.10999386355654106,0.0010112359550561798,2015,QLB,HN_WF_RF,HN,WF,RF,2016,QLB,HN_NF_RF,HN,NF,RF,FALSE,TRUE,FALSE,TRUE,FALSE,TRUE,-2.0480028290653203,-1.6441857764416936,0.40381705262362666
2015__GGE__HN_WF_RF,2015__QLB__HN_NF_RF,220,0.2611200979254423,0.5258775068605851,0.1373449643580377,0.033224178148286446,0.10412078620975125,10.853708145533805,0.001,0.12859469173734328,0.1373449643580377,0.152337555136347,0.0010112359550561798,2015,GGE,HN_WF_RF,HN,WF,RF,2015,QLB,HN_NF_RF,HN,NF,RF,TRUE,FALSE,FALSE,TRUE,FALSE,TRUE,-1.214585255566009,-0.8122522068440762,0.4023330487219329
2017__GGE__HN_WF_RF,2017__GGE__LN_NF_RF,220,0.7199942028316824,0.8049193352980621,0.3099200335984779,0.03287712298091165,0.27704291061756625,30.12805613120049,0.001,0.30703188482062876,0.3099200335984779,0.27934898235827577,0.0010112359550561798,2017,GGE,HN_WF_RF,HN,WF,RF,2017,GGE,LN_NF_RF,LN,NF,RF,TRUE,TRUE,FALSE,FALSE,FALSE,TRUE,1.6690182286606345,2.06832865234927,0.39931042368863534
2016__QLB__LN_NF_RF,2017__KIE__LN_NF_RF,212,0.36968351486238277,0.5942961713768258,0.17904689747779073,0.034177269247076855,0.14486962823071386,15.01104518568906,0.001,0.14004531708313056,0.17904689747779073,0.171987436783935,0.0010112359550561798,2016,QLB,LN_NF_RF,LN,NF,RF,2017,KIE,LN_NF_RF,LN,NF,RF,FALSE,FALSE,TRUE,TRUE,TRUE,TRUE,-0.5323636091672077,-0.1334476018124395,0.3989160073547682
2015__HAN__HN_WF_RF,2017__QLB__HN_NF_RF,220,0.3174190552157978,0.5660774358598695,0.1574993316747221,0.03251195764152677,0.12498737403319533,13.440203135687979,0.001,0.13698149337128399,0.1574993316747221,0.1589616356721885,0.0010112359550561798,2015,HAN,HN_WF_RF,HN,WF,RF,2017,QLB,HN_NF_RF,HN,NF,RF,FALSE,FALSE,FALSE,TRUE,FALSE,TRUE,-0.8607978710415168,-0.46465126401079776,0.3961466070307191
2017__HAN__LN_NF_RF,2017__QLB__LN_NF_RF,220,0.4026014169732651,0.6443348754388238,0.18996027692726114,0.03295824954035854,0.1570020273869026,16.540008247372782,0.001,0.18818597199246098,0.18996027692726114,0.19379714700918088,0.0010112359550561798,2017,HAN,LN_NF_RF,LN,NF,RF,2017,QLB,LN_NF_RF,LN,NF,RF,TRUE,FALSE,TRUE,TRUE,TRUE,TRUE,-0.32550474263829987,0.06865699819229737,0.39416174083059724
2016__HAN__LN_NF_RF,2017__HAN__HN_WF_RF,220,0.5783293194590982,0.7656311456472618,0.2570163670643071,0.03383439495693166,0.22318197210737542,22.70018312234913,0.001,0.2700369945614933,0.2570163670643071,0.2479745972588738,0.0010112359550561798,2016,HAN,LN_NF_RF,LN,NF,RF,2017,HAN,HN_WF_RF,HN,WF,RF,FALSE,TRUE,FALSE,FALSE,FALSE,TRUE,0.7787841820712912,1.171099399227547,0.3923152171562557
2015__GGE__HN_WF_RF,2017__KAL__HN_WF_RF,220,0.6531729911100401,0.758597566816745,0.28424029810624146,0.03283216261150077,0.25140813549474067,28.057783582837246,0.001,0.2695429930341102,0.28424029810624146,0.26178089698026286,0.0010112359550561798,2015,GGE,HN_WF_RF,HN,WF,RF,2017,KAL,HN_WF_RF,HN,WF,RF,FALSE,FALSE,TRUE,TRUE,TRUE,TRUE,1.249108111962843,1.6412980291631492,0.39218991720030605
2015__QLB__HN_NF_RF,2016__KAL__HN_WF_RF,220,0.22403807445283078,0.5510500780444374,0.12294329826950909,0.03346497950668712,0.08947831876282197,9.738763667526335,0.001,0.1438320724310051,0.12294329826950909,0.16111182460816192,0.0010112359550561798,2015,QLB,HN_NF_RF,HN,NF,RF,2016,KAL,HN_WF_RF,HN,WF,RF,FALSE,FALSE,FALSE,TRUE,FALSE,TRUE,-1.4476118110951017,-1.056170164730788,0.3914416463643138
2015__QLB__HN_NF_RF,2016__KIE__HN_WF_RF,216,0.18832885545922706,0.4724323938127388,0.1093108566495878,0.033412441651314996,0.0758984149982728,7.892230298896671,0.001,0.0924154341857259,0.1093108566495878,0.11950387991867674,0.0010112359550561798,2015,QLB,HN_NF_RF,HN,NF,RF,2016,KIE,HN_WF_RF,HN,WF,RF,FALSE,FALSE,FALSE,TRUE,FALSE,TRUE,-1.6720115477723492,-1.2823876657464077,0.38962388202594145
2016__GGE__HN_WF_RF,2017__KAL__HN_WF_RF,220,0.6253657821729829,0.7715016651358312,0.2744538925955734,0.03376129112490407,0.24069260147066934,25.213759228110536,0.001,0.25455948535658424,0.2744538925955734,0.2785471750882606,0.0010112359550561798,2016,GGE,HN_WF_RF,HN,WF,RF,2017,KAL,HN_WF_RF,HN,WF,RF,FALSE,FALSE,TRUE,TRUE,TRUE,TRUE,1.0743652713444989,1.4627959299581967,0.38843065861369785
2015__GGE__LN_NF_RF,2017__QLB__HN_WF_RF,220,0.23202825949650663,0.44885300034373365,0.1252852148277194,0.033001319324521945,0.09228389550319746,10.051452363116791,0.001,0.1263583884125703,0.1252852148277194,0.1584076716563337,0.0010112359550561798,2015,GGE,LN_NF_RF,LN,NF,RF,2017,QLB,HN_WF_RF,HN,WF,RF,FALSE,FALSE,FALSE,FALSE,FALSE,TRUE,-1.3974008159981632,-1.0094341517133671,0.3879666642847961
2016__KAL__HN_NF_RF,2017__QLB__HN_NF_RF,220,0.4943773466572436,0.7267543093489911,0.22406527280758554,0.032987687810738214,0.19107758499684732,20.53438659068068,0.001,0.21853292864322982,0.22406527280758554,0.22314687369707847,0.0010112359550561798,2016,KAL,HN_NF_RF,HN,NF,RF,2017,QLB,HN_NF_RF,HN,NF,RF,FALSE,FALSE,TRUE,TRUE,TRUE,TRUE,0.25122292138827157,0.636296329213093,0.3850734078248214
2015__QLB__HN_NF_RF,2017__KIE__HN_WF_RF,216,0.22281723235357806,0.4979792567189416,0.122335233055126,0.03397927256106452,0.08835596049406148,9.12422292464862,0.001,0.11729380609289154,0.122335233055126,0.12222841731854489,0.0010112359550561798,2015,QLB,HN_NF_RF,HN,NF,RF,2017,KIE,HN_WF_RF,HN,WF,RF,FALSE,FALSE,FALSE,TRUE,FALSE,TRUE,-1.455283685566674,-1.0748666950748411,0.38041699049183286
2017__HAN__HN_NF_RF,2017__KIE__HN_NF_RF,215,0.4356382611745316,0.7132640247289237,0.2028059563691232,0.03416847728529844,0.16863747908382476,17.705004313846548,0.001,0.22576265121538783,0.2028059563691232,0.22033967650910471,0.0010112359550561798,2017,HAN,HN_NF_RF,HN,NF,RF,2017,KIE,HN_NF_RF,HN,NF,RF,TRUE,FALSE,TRUE,TRUE,TRUE,TRUE,-0.11789843400580495,0.26248332065394725,0.3803817546597522
2015__QLB__HN_WF_RF,2017__KIE__HN_WF_RF,216,0.2861426508196456,0.5765215113302135,0.14598086268622423,0.033762625731343636,0.11221823695488059,11.814717350300587,0.001,0.11639967015848626,0.14598086268622423,0.15855192619642364,0.0010112359550561798,2015,QLB,HN_WF_RF,HN,WF,RF,2017,KIE,HN_WF_RF,HN,WF,RF,FALSE,FALSE,TRUE,TRUE,TRUE,TRUE,-1.057341427817844,-0.6773628067481663,0.3799786210696776
2015__QLB__HN_WF_RF,2016__GGE__HN_NF_RF,220,0.10784178234920529,0.4029121563368139,0.07779348728264233,0.03309110996092845,0.044702377321713886,4.716730073939759,0.001,0.06689497180379568,0.07779348728264233,0.0954653107621746,0.0010112359550561798,2015,QLB,HN_WF_RF,HN,WF,RF,2016,GGE,HN_NF_RF,HN,NF,RF,FALSE,FALSE,FALSE,TRUE,FALSE,TRUE,-2.177799087260301,-1.8020592191784033,0.37573986808189774
2015__GGE__HN_WF_RF,2017__HAN__HN_WF_RF,220,0.43709730745884856,0.6520547945205479,0.20181599042169812,0.03311169107057406,0.16870429935112408,17.771922048356377,0.001,0.20818391277032386,0.20181599042169812,0.19118218010730414,0.0010112359550561798,2015,GGE,HN_WF_RF,HN,WF,RF,2017,HAN,HN_WF_RF,HN,WF,RF,FALSE,FALSE,TRUE,TRUE,TRUE,TRUE,-0.10872966439313735,0.2635964297118411,0.37232609410497847
2015__QLB__HN_NF_RF,2017__QLB__HN_NF_RF,220,0.45521030745628066,0.677803260397942,0.20842608361356452,0.03307945220837206,0.17534663140519247,18.228383550092055,0.001,0.21650250479542707,0.20842608361356452,0.22197009766046202,0.0010112359550561798,2015,QLB,HN_NF_RF,HN,NF,RF,2017,QLB,HN_NF_RF,HN,NF,RF,FALSE,TRUE,TRUE,TRUE,TRUE,TRUE,0.005093951592045513,0.374246091464962,0.3691521398729165
2015__KAL__HN_NF_RF,2015__KAL__HN_WF_RF,220,0.3355021348233369,0.5815770047840958,0.16335865459521973,0.03323515324883357,0.13012350134638617,14.238089080686413,0.001,0.13598883239955642,0.16335865459521973,0.14867628139538308,0.0010112359550561798,2015,KAL,HN_NF_RF,HN,NF,RF,2015,KAL,HN_WF_RF,HN,WF,RF,TRUE,TRUE,FALSE,TRUE,FALSE,TRUE,-0.7471622773038793,-0.37909234504988176,0.36806993225399753
2015__QLB__HN_WF_RF,2016__KAL__HN_NF_RF,220,0.08889257584899735,0.4026608363433505,0.07019967348708811,0.03314024559109806,0.03705942789599005,3.850705636840207,0.001,0.0893091568989702,0.07019967348708811,0.13788843070104082,0.0010112359550561798,2015,QLB,HN_WF_RF,HN,WF,RF,2016,KAL,HN_NF_RF,HN,NF,RF,FALSE,FALSE,FALSE,TRUE,FALSE,TRUE,-2.296877495266119,-1.9293774203566436,0.36750007490947545
2017__GGE__LN_NF_RF,2017__QLB__HN_NF_RF,220,0.27836460056226486,0.5171342758772252,0.14171137436893808,0.033362716289740774,0.1083486580791973,11.206200188348221,0.001,0.13318407565932563,0.14171137436893808,0.14009504517829474,0.0010112359550561798,2017,GGE,LN_NF_RF,LN,NF,RF,2017,QLB,HN_NF_RF,HN,NF,RF,TRUE,FALSE,FALSE,FALSE,TRUE,TRUE,-1.1062193500689936,-0.7418232387524843,0.3643961113165093
2017__GGE__LN_NF_RF,2017__KAL__HN_WF_RF,220,0.6592779473409285,0.7855316319458141,0.2854265490433698,0.03339655598496872,0.25202999305840107,26.780868190961137,0.001,0.27850124110927066,0.2854265490433698,0.2761535866178116,0.0010112359550561798,2017,GGE,LN_NF_RF,LN,NF,RF,2017,KAL,HN_WF_RF,HN,WF,RF,TRUE,FALSE,FALSE,FALSE,FALSE,TRUE,1.287472170579831,1.6516570910886212,0.36418492050879014
2015__QLB__HN_NF_RF,2015__QLB__LN_NF_RF,220,0.7404536935441867,0.8517178228701194,0.3159170410694578,0.0333188005695353,0.2825982404999225,30.90364797922864,0.001,0.37053841415819794,0.3159170410694578,0.3418885909929218,0.0010112359550561798,2015,QLB,HN_NF_RF,HN,NF,RF,2015,QLB,LN_NF_RF,LN,NF,RF,TRUE,TRUE,FALSE,FALSE,TRUE,TRUE,1.7975873897296268,2.1608707546419765,0.3632833649123497
2017__KAL__HN_WF_RF,2017__QLB__LN_NF_RF,220,0.3127277094157183,0.5612167043270992,0.15461604855417382,0.033612585320235686,0.12100346323393814,12.66460119118866,0.001,0.1533450626209557,0.15461604855417382,0.16745129598178912,0.0010112359550561798,2017,KAL,HN_WF_RF,HN,WF,RF,2017,QLB,LN_NF_RF,LN,NF,RF,TRUE,FALSE,FALSE,FALSE,FALSE,TRUE,-0.8902786827721881,-0.5310162663630086,0.35926241640917955
2015__QLB__HN_NF_RF,2016__QLB__HN_NF_RF,220,0.40820222159563613,0.6433059285597562,0.189860870882445,0.03286083496054025,0.15700003592190476,17.49841563743725,0.001,0.1663104276512153,0.189860870882445,0.20497631154725082,0.0010112359550561798,2015,QLB,HN_NF_RF,HN,NF,RF,2016,QLB,HN_NF_RF,HN,NF,RF,FALSE,TRUE,TRUE,TRUE,TRUE,TRUE,-0.2903088151478138,0.06862382386035915,0.35893263900817296
2015__HAN__HN_NF_RF,2016__HAN__HN_NF_RF,220,0.7777037169932391,0.8411353352529823,0.3292310607783278,0.03296795838536508,0.2962631023929627,32.728648989586034,0.001,0.37206314857218153,0.3292310607783278,0.31710726409292966,0.0010112359550561798,2015,HAN,HN_NF_RF,HN,NF,RF,2016,HAN,HN_NF_RF,HN,NF,RF,FALSE,TRUE,TRUE,TRUE,TRUE,TRUE,2.0316696712459468,2.38850350983402,0.35683383858807316
2015__KAL__LN_NF_RF,2016__GGE__HN_WF_RF,220,0.6637112587919002,0.7859091754337525,0.28632578410351645,0.0331239971092627,0.2532017869942538,27.10351324443313,0.001,0.2679549839871622,0.28632578410351645,0.267619246058242,0.0010112359550561798,2015,KAL,LN_NF_RF,LN,NF,RF,2016,GGE,HN_WF_RF,HN,WF,RF,FALSE,FALSE,FALSE,FALSE,FALSE,TRUE,1.3153314727500764,1.6711771333856704,0.355845660635594
2015__QLB__HN_NF_RF,2017__GGE__HN_WF_RF,220,0.27821513166686884,0.5594191465263182,0.1412929142778042,0.033544265135930285,0.1077486491418739,11.36892478650722,0.001,0.13051285639843704,0.1412929142778042,0.13431624852808077,0.0010112359550561798,2015,QLB,HN_NF_RF,HN,NF,RF,2017,GGE,HN_WF_RF,HN,WF,RF,FALSE,FALSE,FALSE,TRUE,FALSE,TRUE,-1.1071586251837564,-0.7518183406870556,0.35534028449670085
2016__KIE__HN_NF_RF,2017__QLB__HN_WF_RF,216,0.2705948232907917,0.5163219376272639,0.13846596348716383,0.03365607963556791,0.10480988385159593,10.623355952481845,0.001,0.12393331440515425,0.13846596348716383,0.1355073343763928,0.0010112359550561798,2016,KIE,HN_NF_RF,HN,NF,RF,2017,QLB,HN_WF_RF,HN,WF,RF,FALSE,FALSE,FALSE,TRUE,FALSE,TRUE,-1.155045284180623,-0.8007730425438987,0.3542722416367242
2016__GGE__LN_NF_RF,2016__QLB__HN_WF_RF,220,0.25156864163525583,0.5484884173038886,0.13102792984292017,0.033613541567183824,0.09741438827573634,10.119001459254704,0.001,0.1228249554898223,0.13102792984292017,0.14162921994058106,0.0010112359550561798,2016,GGE,LN_NF_RF,LN,NF,RF,2016,QLB,HN_WF_RF,HN,WF,RF,TRUE,FALSE,FALSE,FALSE,FALSE,TRUE,-1.2746074105390985,-0.9239690943679498,0.3506383161711487
2015__QLB__LN_NF_RF,2016__QLB__LN_NF_RF,220,0.36094528436613416,0.5948011698213149,0.17199383599333135,0.033434628764962594,0.13855920722836876,13.908515679412346,0.001,0.15869160302611793,0.17199383599333135,0.18663571161804482,0.0010112359550561798,2015,QLB,LN_NF_RF,LN,NF,RF,2016,QLB,LN_NF_RF,LN,NF,RF,FALSE,TRUE,TRUE,TRUE,TRUE,TRUE,-0.5872753848275635,-0.23856820459856562,0.3487071802289978
2015__KIE__HN_WF_RF,2016__KAL__HN_NF_RF,220,0.25911659474208637,0.43033082952502777,0.13338978570158527,0.033263501775919545,0.10012628392566572,10.172285262691009,0.001,0.09208403085451426,0.13338978570158527,0.13157815473190673,0.0010112359550561798,2015,KIE,HN_WF_RF,HN,WF,RF,2016,KAL,HN_NF_RF,HN,NF,RF,FALSE,FALSE,FALSE,TRUE,FALSE,TRUE,-1.227175438142044,-0.8787936448523457,0.3483817932896984
2015__QLB__HN_NF_RF,2016__HAN__LN_NF_RF,220,0.31680167534261894,0.6418182945177305,0.15521318345692783,0.033425831378449095,0.12178735207847874,13.092880876550689,0.001,0.17527026828481684,0.15521318345692783,0.16155200210688667,0.0010112359550561798,2015,QLB,HN_NF_RF,HN,NF,RF,2016,HAN,LN_NF_RF,LN,NF,RF,FALSE,FALSE,FALSE,FALSE,TRUE,TRUE,-0.8646775381100119,-0.5179580460279779,0.346719492082034
2016__HAN__HN_NF_RF,2016__QLB__LN_NF_RF,220,0.46849030623190163,0.6888196412773367,0.21191379253889603,0.032983546106764794,0.17893024643213123,19.040901910181667,0.001,0.2301846144615093,0.21191379253889603,0.21963591935046525,0.0010112359550561798,2016,HAN,HN_NF_RF,HN,NF,RF,2016,QLB,LN_NF_RF,LN,NF,RF,TRUE,FALSE,FALSE,FALSE,TRUE,TRUE,0.08854658125771536,0.433942864730205,0.34539628347248963
2016__GGE__HN_NF_RF,2016__QLB__LN_NF_RF,220,0.49962563838584423,0.6849360148312607,0.22378127827632288,0.033152172083569666,0.19062910619275322,19.2323433669775,0.001,0.24889061468847612,0.22378127827632288,0.24024786648072194,0.0010112359550561798,2016,GGE,HN_NF_RF,HN,NF,RF,2016,QLB,LN_NF_RF,LN,NF,RF,TRUE,FALSE,FALSE,FALSE,TRUE,TRUE,0.2842036281943855,0.6288254548917676,0.34462182669738206
2015__KIE__LN_NF_RF,2016__KIE__HN_WF_RF,216,0.5283132178916801,0.7165255599614188,0.23506553215284798,0.03369484361256059,0.2013706885402874,19.404410658584606,0.001,0.22644800682007782,0.23506553215284798,0.23679475371871275,0.0010112359550561798,2015,KIE,LN_NF_RF,LN,NF,RF,2016,KIE,HN_WF_RF,HN,WF,RF,FALSE,TRUE,FALSE,FALSE,FALSE,TRUE,0.46447879154002614,0.8077614737136464,0.34328268217362023
2016__GGE__HN_WF_RF,2017__KAL__HN_NF_RF,220,0.6804614713550176,0.7847787989609102,0.2920163461219937,0.03339396470145815,0.2586223814205355,27.776989015791273,0.001,0.2815744003817329,0.2920163461219937,0.25385381152194014,0.0010112359550561798,2016,GGE,HN_WF_RF,HN,WF,RF,2017,KAL,HN_NF_RF,HN,NF,RF,FALSE,FALSE,FALSE,TRUE,FALSE,TRUE,1.4205912178350848,1.7614747780813402,0.34088356024625543
2015__KAL__HN_NF_RF,2015__QLB__HN_WF_RF,220,0.13787692831671355,0.4294630430005128,0.08702711568753513,0.03311143065557527,0.053915685031959856,5.639105502652756,0.001,0.07349364028733886,0.08702711568753513,0.09187816281551679,0.0010112359550561798,2015,KAL,HN_NF_RF,HN,NF,RF,2015,QLB,HN_WF_RF,HN,WF,RF,TRUE,FALSE,FALSE,TRUE,FALSE,TRUE,-1.9890557028872402,-1.6485815891129612,0.34047411377427905
2015__HAN__HN_WF_RF,2017__KAL__HN_NF_RF,220,0.5849979852977445,0.7480838259242772,0.2554146470298171,0.032857999407028694,0.2225566476227884,24.675619193377372,0.001,0.24230750978243976,0.2554146470298171,0.23756947062157813,0.0010112359550561798,2015,HAN,HN_WF_RF,HN,WF,RF,2017,KAL,HN_NF_RF,HN,NF,RF,FALSE,FALSE,FALSE,TRUE,FALSE,TRUE,0.8206906392931319,1.1606825844489002,0.33999194515576825
2015__GGE__LN_NF_RF,2017__QLB__HN_NF_RF,220,0.2973994464255149,0.5285529941452585,0.14734799250288352,0.03347545032760922,0.1138725421752743,11.558035948608614,0.001,0.12977730178487204,0.14734799250288352,0.13414797874086057,0.0010112359550561798,2015,GGE,LN_NF_RF,LN,NF,RF,2017,QLB,HN_NF_RF,HN,NF,RF,FALSE,FALSE,FALSE,FALSE,TRUE,TRUE,-0.9866027771002484,-0.6498049683891414,0.336797808711107
2016__QLB__LN_NF_RF,2017__KAL__LN_NF_RF,220,0.11196454568588872,0.3204656745349735,0.07695848294765208,0.03309927801859115,0.043859204929060924,4.709709454156321,0.001,0.06130994192663777,0.07695848294765208,0.09982177689604196,0.0010112359550561798,2016,QLB,LN_NF_RF,LN,NF,RF,2017,KAL,LN_NF_RF,LN,NF,RF,FALSE,FALSE,TRUE,TRUE,TRUE,TRUE,-2.151891295569307,-1.8161049999805656,0.3357862955887412
2017__KIE__HN_NF_RF,2017__QLB__HN_WF_RF,215,0.26847521437174954,0.5309546233910503,0.13662408866108708,0.03389062317317397,0.10273346548791311,10.460193062369035,0.001,0.12676399892758658,0.13662408866108708,0.15051289031090376,0.0010112359550561798,2017,KIE,HN_NF_RF,HN,NF,RF,2017,QLB,HN_WF_RF,HN,WF,RF,TRUE,FALSE,FALSE,TRUE,FALSE,TRUE,-1.1683650849686773,-0.8353625493209272,0.33300253564775006
2015__GGE__LN_NF_RF,2015__KAL__LN_NF_RF,220,0.7362330481930244,0.8254633360193393,0.31192591633435374,0.03284962504057946,0.27907629129377426,29.944104101034597,0.001,0.2883338671718413,0.31192591633435374,0.2771922907112622,0.0010112359550561798,2015,GGE,LN_NF_RF,LN,NF,RF,2015,KAL,LN_NF_RF,LN,NF,RF,TRUE,FALSE,TRUE,TRUE,TRUE,TRUE,1.7710644992239981,2.1022012263498335,0.3311367271258354
2015__QLB__HN_WF_RF,2017__KAL__HN_WF_RF,220,0.21366808764634942,0.4992285715895708,0.11491128051750538,0.033039647987150374,0.08187163253035501,8.6025356478514,0.001,0.11900450392567594,0.11491128051750538,0.15409095338480638,0.0010112359550561798,2015,QLB,HN_WF_RF,HN,WF,RF,2017,KAL,HN_WF_RF,HN,WF,RF,FALSE,FALSE,TRUE,TRUE,TRUE,TRUE,-1.5127776807025486,-1.1828842843853553,0.3298933963171933
2016__KAL__HN_WF_RF,2016__KIE__HN_NF_RF,216,0.586840315017462,0.7479131687683825,0.2568540232110446,0.03424628519282675,0.22260773801821787,23.299295920174018,0.001,0.27144815647640297,0.2568540232110446,0.2644122484448394,0.0010112359550561798,2016,KAL,HN_WF_RF,HN,WF,RF,2016,KIE,HN_NF_RF,HN,NF,RF,TRUE,FALSE,FALSE,TRUE,FALSE,TRUE,0.8322679942627641,1.1615336612886438,0.32926566702587967
2016__GGE__LN_NF_RF,2016__QLB__LN_NF_RF,220,0.34409062483030806,0.5790108360616016,0.16395232849576918,0.03299030047661954,0.13096202801914963,13.78477292692056,0.001,0.17328310569649574,0.16395232849576918,0.19051373184812956,0.0010112359550561798,2016,GGE,LN_NF_RF,LN,NF,RF,2016,QLB,LN_NF_RF,LN,NF,RF,TRUE,FALSE,TRUE,TRUE,TRUE,TRUE,-0.6931914834770888,-0.3651239538347184,0.3280675296423704
2017__KIE__HN_NF_RF,2017__KIE__LN_NF_RF,212,0.6313642032770068,0.7881001469786257,0.2739626615027932,0.03465682650360382,0.23930583499918937,24.788671619380093,0.001,0.28433827404460893,0.2739626615027932,0.26121016619552573,0.0010112359550561798,2017,KIE,HN_NF_RF,HN,NF,RF,2017,KIE,LN_NF_RF,LN,NF,RF,TRUE,TRUE,FALSE,FALSE,TRUE,TRUE,1.112059854260561,1.439694820325196,0.32763496606463494
2017__KAL__HN_NF_RF,2017__KIE__LN_NF_RF,212,0.5332093059349667,0.7200063476630145,0.23655018717299234,0.034317203154346484,0.20223298401864587,20.404746078986896,0.001,0.19647908021578686,0.23655018717299234,0.23568903695326496,0.0010112359550561798,2017,KAL,HN_NF_RF,HN,NF,RF,2017,KIE,LN_NF_RF,LN,NF,RF,TRUE,FALSE,FALSE,FALSE,TRUE,TRUE,0.4952462207537243,0.8221258117556103,0.32687959100188596
2015__KAL__HN_WF_RF,2015__KAL__LN_NF_RF,220,0.5351479077590388,0.752813825980627,0.23597473903783991,0.03304839674856684,0.2029263422892731,21.487868648150137,0.001,0.2304998121705201,0.23597473903783991,0.22739632892267297,0.0010112359550561798,2015,KAL,HN_WF_RF,HN,WF,RF,2015,KAL,LN_NF_RF,LN,NF,RF,TRUE,TRUE,FALSE,FALSE,FALSE,TRUE,0.5074285577273141,0.8336759506968938,0.3262473929695797
2016__KIE__HN_NF_RF,2017__KIE__LN_NF_RF,208,0.5716215977413669,0.747999711958522,0.2520244499127719,0.03548265923299473,0.21654179067977716,20.411550776893847,0.001,0.2639829335037893,0.2520244499127719,0.23319145129939037,0.0010112359550561798,2016,KIE,HN_NF_RF,HN,NF,RF,2017,KIE,LN_NF_RF,LN,NF,RF,FALSE,TRUE,FALSE,FALSE,TRUE,TRUE,0.7366322944191763,1.0604855631587702,0.32385326873959386
2015__QLB__HN_WF_RF,2016__KIE__LN_NF_RF,215,0.20426642800656808,0.5146357072134078,0.11221427857117762,0.03435396004828222,0.0778603185228954,7.744657191627299,0.001,0.10909142663781679,0.11221427857117762,0.14294345829571256,0.0010112359550561798,2015,QLB,HN_WF_RF,HN,WF,RF,2016,KIE,LN_NF_RF,LN,NF,RF,FALSE,FALSE,FALSE,FALSE,FALSE,TRUE,-1.5718585009208217,-1.2497057763701027,0.32215272455071897
2016__KIE__HN_NF_RF,2016__KIE__LN_NF_RF,215,0.664617546771132,0.8005143809316816,0.2849576567110016,0.03366736070658032,0.25129029600442127,26.797614222182442,0.001,0.31784135576376926,0.2849576567110016,0.27669178127509503,0.0010112359550561798,2016,KIE,HN_NF_RF,HN,NF,RF,2016,KIE,LN_NF_RF,LN,NF,RF,TRUE,TRUE,FALSE,FALSE,TRUE,TRUE,1.3210266626653142,1.6393350288736626,0.31830836620834835
2015__GGE__LN_NF_RF,2016__QLB__HN_WF_RF,220,0.42380050197723146,0.6447462287913537,0.193129567463997,0.03271101171739213,0.16041855574660488,17.40998461381232,0.001,0.2097502405940211,0.193129567463997,0.19043519806428513,0.0010112359550561798,2015,GGE,LN_NF_RF,LN,NF,RF,2016,QLB,HN_WF_RF,HN,WF,RF,FALSE,FALSE,FALSE,FALSE,FALSE,TRUE,-0.19228790881337854,0.125570399132477,0.31785830794585557
2015__QLB__HN_NF_RF,2016__KIE__HN_NF_RF,216,0.44099969237853814,0.6964241060265065,0.20033096845727696,0.03342931040790992,0.16690165804936705,17.622406814701904,0.001,0.20439285864192658,0.20033096845727696,0.19106923037324416,0.0010112359550561798,2015,QLB,HN_NF_RF,HN,NF,RF,2016,KIE,HN_NF_RF,HN,NF,RF,FALSE,FALSE,TRUE,TRUE,TRUE,TRUE,-0.08420674921685026,0.23356757107032652,0.3177743202871768
2015__QLB__HN_NF_RF,2017__KAL__HN_NF_RF,220,0.4674623590548706,0.698817218237041,0.20978482087051384,0.03331289161589395,0.17647192925461988,17.93256961263208,0.001,0.23439563210724343,0.20978482087051384,0.21496134207649756,0.0010112359550561798,2015,QLB,HN_NF_RF,HN,NF,RF,2017,KAL,HN_NF_RF,HN,NF,RF,FALSE,FALSE,TRUE,TRUE,TRUE,TRUE,0.08208687470728084,0.3929915900936242,0.3109047153863434
2017__KAL__LN_NF_RF,2017__KIE__HN_NF_RF,215,0.19212900835422853,0.4494010963800141,0.10674196643148098,0.034194079990921215,0.07254788644055976,7.162883870553302,0.001,0.10055149897968522,0.10674196643148098,0.16212231569268526,0.0010112359550561798,2017,KAL,LN_NF_RF,LN,NF,RF,2017,KIE,HN_NF_RF,HN,NF,RF,TRUE,FALSE,FALSE,FALSE,TRUE,TRUE,-1.6481310672408553,-1.3382016251491218,0.30992944209173356
2015__HAN__LN_NF_RF,2017__KAL__HN_WF_RF,220,0.41836611821461867,0.6505773034378998,0.19128510505009386,0.03345290787780874,0.1578321971722851,17.348226524784646,0.001,0.17147511771237892,0.19128510505009386,0.17932384652557226,0.0010112359550561798,2015,HAN,LN_NF_RF,LN,NF,RF,2017,KAL,HN_WF_RF,HN,WF,RF,FALSE,FALSE,FALSE,FALSE,FALSE,TRUE,-0.22643803361873635,0.08248617824570531,0.30892421186444163
2015__KIE__HN_WF_RF,2017__QLB__LN_NF_RF,220,0.2900114884099699,0.5313558319198932,0.14197174634075477,0.0327667572797109,0.10920498906104387,11.576499159338189,0.001,0.1295890284677143,0.14197174634075477,0.13692697044074703,0.0010112359550561798,2015,KIE,HN_WF_RF,HN,WF,RF,2017,QLB,LN_NF_RF,LN,NF,RF,FALSE,FALSE,FALSE,FALSE,FALSE,TRUE,-1.0330293268819117,-0.7275582588149028,0.30547106806700897
2015__KAL__HN_NF_RF,2016__QLB__LN_NF_RF,220,0.44664519313437245,0.6692042848368392,0.2011313150500113,0.03308580697715296,0.16804550807285834,18.41647166087704,0.001,0.19604940508434604,0.2011313150500113,0.19347730373481678,0.0010112359550561798,2015,KAL,HN_NF_RF,HN,NF,RF,2016,QLB,LN_NF_RF,LN,NF,RF,FALSE,FALSE,FALSE,FALSE,TRUE,TRUE,-0.04872994746301351,0.25262211654703,0.3013520640100435
2016__GGE__HN_WF_RF,2017__HAN__HN_WF_RF,220,0.61415516465982,0.7574795872942529,0.264360494184513,0.03315279181618457,0.23120770236832844,24.342778029888347,0.001,0.2574359317650682,0.264360494184513,0.2487808264620172,0.0010112359550561798,2016,GGE,HN_WF_RF,HN,WF,RF,2017,HAN,HN_WF_RF,HN,WF,RF,FALSE,FALSE,TRUE,TRUE,TRUE,TRUE,1.0039168076468274,1.3047940612028266,0.30087725355599915
2015__KIE__HN_NF_RF,2015__QLB__HN_NF_RF,220,0.36554269018603225,0.6393862382581158,0.17059213944709994,0.03331981993079323,0.13727231951630672,14.878641352296196,0.001,0.1775136408150659,0.17059213944709994,0.18730635228825374,0.0010112359550561798,2015,KIE,HN_NF_RF,HN,NF,RF,2015,QLB,HN_NF_RF,HN,NF,RF,TRUE,FALSE,TRUE,TRUE,TRUE,TRUE,-0.5583848998363243,-0.26000550837904984,0.2983793914572745
2015__HAN__HN_NF_RF,2015__HAN__HN_WF_RF,220,0.5129125732245768,0.725689298614359,0.22618062010077733,0.033368460249806435,0.1928121598509709,20.215565381034818,0.001,0.24886373332538422,0.22618062010077733,0.23311932330870483,0.0010112359550561798,2015,HAN,HN_NF_RF,HN,NF,RF,2015,HAN,HN_WF_RF,HN,WF,RF,TRUE,TRUE,FALSE,TRUE,FALSE,TRUE,0.3676998446642391,0.6651913196068185,0.29749147494257944
2016__KAL__LN_NF_RF,2017__GGE__LN_NF_RF,220,0.451171312525847,0.623808906645329,0.20279221734655478,0.03335178258580719,0.1694404347607476,17.17363937859595,0.001,0.1790136817681242,0.20279221734655478,0.1816501206684668,0.0010112359550561798,2016,KAL,LN_NF_RF,LN,NF,RF,2017,GGE,LN_NF_RF,LN,NF,RF,FALSE,FALSE,TRUE,TRUE,TRUE,TRUE,-0.020287432385923655,0.27585916114657105,0.29614659353249473
2015__QLB__HN_WF_RF,2017__KAL__LN_NF_RF,220,0.08273931406216563,0.3139606565875704,0.0637737426960228,0.033464800602878854,0.03030894209314395,3.2623205064423835,0.004,0.06338354828245794,0.0637737426960228,0.09447484204516396,0.004020304568527919,2015,QLB,HN_WF_RF,HN,WF,RF,2017,KAL,LN_NF_RF,LN,NF,RF,FALSE,FALSE,FALSE,FALSE,FALSE,TRUE,-2.335545110061014,-2.041828734845908,0.29371637521510596
2016__GGE__HN_WF_RF,2016__KAL__LN_NF_RF,220,0.6636879353671198,0.7958537836055967,0.282675420804426,0.033217589320942334,0.24945783148348366,25.23135745165971,0.001,0.316312478986393,0.282675420804426,0.27277734645793816,0.0010112359550561798,2016,GGE,HN_WF_RF,HN,WF,RF,2016,KAL,LN_NF_RF,LN,NF,RF,TRUE,FALSE,FALSE,FALSE,FALSE,TRUE,1.3151849063863577,1.608809367439415,0.2936244610530574
2015__KIE__HN_WF_RF,2015__QLB__HN_WF_RF,220,0.196473799439026,0.48320382276868984,0.10593775726835332,0.03280142048473746,0.07313633678361586,7.674746192375335,0.001,0.11545115416271683,0.10593775726835332,0.13315960006780578,0.0010112359550561798,2015,KIE,HN_WF_RF,HN,WF,RF,2015,QLB,HN_WF_RF,HN,WF,RF,TRUE,FALSE,TRUE,TRUE,TRUE,TRUE,-1.6208280344996229,-1.3283990692263439,0.292428965273279
2015__GGE__HN_NF_RF,2015__HAN__HN_NF_RF,220,0.7380872913007575,0.7939097163915859,0.3102994550466699,0.03284857268994462,0.27745088235672527,30.052043640514334,0.001,0.28778483468720206,0.3102994550466699,0.28613853000754225,0.0010112359550561798,2015,GGE,HN_NF_RF,HN,NF,RF,2015,HAN,HN_NF_RF,HN,NF,RF,TRUE,FALSE,TRUE,TRUE,TRUE,TRUE,1.782716718926295,2.075124749649935,0.2924080307236403
2016__KAL__LN_NF_RF,2016__QLB__LN_NF_RF,220,0.4785815485790149,0.7202515453925608,0.21244868646794868,0.03292339120252016,0.17952529526542851,19.019573999861567,0.001,0.22931559965932324,0.21244868646794868,0.216643768427396,0.0010112359550561798,2016,KAL,LN_NF_RF,LN,NF,RF,2016,QLB,LN_NF_RF,LN,NF,RF,TRUE,FALSE,TRUE,TRUE,TRUE,TRUE,0.15196079722934233,0.44385533998663323,0.2918945427572909
2015__GGE__HN_NF_RF,2017__QLB__HN_WF_RF,220,0.18171611220495462,0.42172621898649293,0.10078577970437679,0.03337445325672547,0.06741132644765131,6.765755886013925,0.001,0.0876876784486811,0.10078577970437679,0.10400042568872446,0.0010112359550561798,2015,GGE,HN_NF_RF,HN,NF,RF,2017,QLB,HN_WF_RF,HN,WF,RF,FALSE,FALSE,FALSE,TRUE,FALSE,TRUE,-1.7135665827687396,-1.4237677517991463,0.28979883096959336
2015__KIE__HN_WF_RF,2016__QLB__HN_WF_RF,220,0.4100740986323683,0.6314972698534342,0.18688194624895613,0.03334400839308552,0.1535379378558706,16.222848054092484,0.001,0.1850027212842077,0.18688194624895613,0.18108809109306717,0.0010112359550561798,2015,KIE,HN_WF_RF,HN,WF,RF,2016,QLB,HN_WF_RF,HN,WF,RF,FALSE,FALSE,TRUE,TRUE,TRUE,TRUE,-0.2785457823519935,0.01095131112769951,0.28949709347969305
2015__KAL__HN_WF_RF,2016__GGE__HN_WF_RF,220,0.5264715852323928,0.7197308734778518,0.2304779287140557,0.03315206487561593,0.19732586383843978,21.180776575978186,0.001,0.19332749743011324,0.2304779287140557,0.22757928329114652,0.0010112359550561798,2015,KAL,HN_WF_RF,HN,WF,RF,2016,GGE,HN_WF_RF,HN,WF,RF,FALSE,FALSE,TRUE,TRUE,TRUE,TRUE,0.4529058169567874,0.7403817520335205,0.28747593507673314
2015__HAN__HN_WF_RF,2015__HAN__LN_NF_RF,220,0.6206785335467572,0.8040605647374383,0.2658262419485937,0.033009333207530696,0.23281690874106303,23.90762075815053,0.001,0.32473512795938214,0.2658262419485937,0.27398344343359593,0.0010112359550561798,2015,HAN,HN_WF_RF,HN,WF,RF,2015,HAN,LN_NF_RF,LN,NF,RF,TRUE,TRUE,FALSE,FALSE,FALSE,TRUE,1.0449102065990548,1.331600631453254,0.28669042485419927
2017__KAL__LN_NF_RF,2017__QLB__HN_NF_RF,220,0.09280166426084738,0.31644117365309954,0.06632344940186093,0.0326673071984785,0.03365614220338243,3.74656370152844,0.003,0.034541710326103946,0.06632344940186093,0.08724978897014489,0.0030182926829268293,2017,KAL,LN_NF_RF,LN,NF,RF,2017,QLB,HN_NF_RF,HN,NF,RF,TRUE,FALSE,FALSE,FALSE,TRUE,TRUE,-2.2723124547810736,-1.9860702215702808,0.2862422332107928
2015__HAN__HN_WF_RF,2016__KIE__HN_NF_RF,216,0.5227897483545263,0.6906321818549874,0.22913916499019157,0.033315340384429,0.1958238246057626,20.684527434236312,0.001,0.2272263352994976,0.22913916499019157,0.22092344789262122,0.0010112359550561798,2015,HAN,HN_WF_RF,HN,WF,RF,2016,KIE,HN_NF_RF,HN,NF,RF,FALSE,FALSE,FALSE,TRUE,FALSE,TRUE,0.42976884423190614,0.7153603993394991,0.285591555107593
2017__KIE__HN_WF_RF,2017__QLB__HN_NF_RF,216,0.3222600393733006,0.5585301087176556,0.15378810443477184,0.033711642220044656,0.12007646221472718,12.821799524678028,0.001,0.14013603661793445,0.15378810443477184,0.14294074875770926,0.0010112359550561798,2017,KIE,HN_WF_RF,HN,WF,RF,2017,QLB,HN_NF_RF,HN,NF,RF,TRUE,FALSE,FALSE,TRUE,FALSE,TRUE,-0.8303767192824446,-0.5464584858102683,0.28391823347217626
2016__GGE__HN_WF_RF,2017__GGE__LN_NF_RF,220,0.6640926944500318,0.7699666972833774,0.2817904780906758,0.03287224227233331,0.2489182358183425,26.641802518219837,0.001,0.28429232555276895,0.2817904780906758,0.2456728108883081,0.0010112359550561798,2016,GGE,HN_WF_RF,HN,WF,RF,2017,GGE,LN_NF_RF,LN,NF,RF,FALSE,TRUE,FALSE,FALSE,FALSE,TRUE,1.317728446519214,1.5998206452037131,0.2820921986844991
2017__GGE__HN_WF_RF,2017__QLB__LN_NF_RF,220,0.3695926585932001,0.6152121850751988,0.17065511214017653,0.03289131886866716,0.13776379327150937,14.22646151655464,0.001,0.15057745837996817,0.17065511214017653,0.15892249385018825,0.0010112359550561798,2017,GGE,HN_WF_RF,HN,WF,RF,2017,QLB,LN_NF_RF,LN,NF,RF,TRUE,FALSE,FALSE,FALSE,FALSE,TRUE,-0.532934557607265,-0.25181841319455056,0.2811161444127145
2015__GGE__HN_WF_RF,2015__QLB__LN_NF_RF,220,0.24356858402266343,0.4628142204290472,0.12355070047648199,0.033352470642174344,0.09019822983430764,9.626599454536635,0.001,0.09258675306797415,0.12355070047648199,0.12029460014078955,0.0010112359550561798,2015,GGE,HN_WF_RF,HN,WF,RF,2015,QLB,LN_NF_RF,LN,NF,RF,TRUE,FALSE,FALSE,FALSE,FALSE,TRUE,-1.3248804456897723,-1.0441777024594345,0.2807027432303377
2015__QLB__HN_NF_RF,2017__GGE__HN_NF_RF,220,0.32366751464142673,0.5775525039022219,0.15397466860331102,0.033564405542873904,0.12041026306043712,12.513853112793603,0.001,0.1542536681302615,0.15397466860331102,0.16691256650061193,0.0010112359550561798,2015,QLB,HN_NF_RF,HN,NF,RF,2017,GGE,HN_NF_RF,HN,NF,RF,FALSE,FALSE,TRUE,TRUE,TRUE,TRUE,-0.8215320262746303,-0.540897946172975,0.28063408010165525
2015__KIE__HN_WF_RF,2016__HAN__HN_NF_RF,220,0.3339353604538289,0.5409533254819314,0.15724974373234854,0.03304944028442278,0.12420030344792576,13.151229749556432,0.001,0.1385684982200926,0.15724974373234854,0.15119624812416188,0.0010112359550561798,2015,KIE,HN_WF_RF,HN,WF,RF,2016,HAN,HN_NF_RF,HN,NF,RF,FALSE,FALSE,FALSE,TRUE,FALSE,TRUE,-0.7570080192679709,-0.4777624865945238,0.2792455326734471
2015__GGE__HN_NF_RF,2017__GGE__LN_NF_RF,220,0.4970066755719533,0.6651944348962883,0.21878383262540432,0.03308411388652172,0.1856997187388826,19.28453880557884,0.001,0.20833466480265012,0.21878383262540432,0.1838005597442842,0.0010112359550561798,2015,GGE,HN_NF_RF,HN,NF,RF,2017,GGE,LN_NF_RF,LN,NF,RF,FALSE,TRUE,FALSE,FALSE,TRUE,TRUE,0.2677458455161956,0.546710461244802,0.2789646157286064
2015__GGE__HN_NF_RF,2015__GGE__LN_NF_RF,220,0.8201269242889073,0.8560161836551845,0.34065712399597126,0.033089402906906866,0.3075677210890644,31.7830924962294,0.001,0.3702605672925722,0.34065712399597126,0.3173149637330323,0.0010112359550561798,2015,GGE,HN_NF_RF,HN,NF,RF,2015,GGE,LN_NF_RF,LN,NF,RF,TRUE,TRUE,FALSE,FALSE,TRUE,TRUE,2.29826067531852,2.5768187317756146,0.2785580564570944
2015__GGE__HN_NF_RF,2015__KAL__LN_NF_RF,220,0.7693706332515364,0.8179079582786271,0.3209043289372207,0.03262223094441943,0.2882820979928013,32.100089170030884,0.001,0.332667305883952,0.3209043289372207,0.30508165138084065,0.0010112359550561798,2015,GGE,HN_NF_RF,HN,NF,RF,2015,KAL,LN_NF_RF,LN,NF,RF,TRUE,FALSE,FALSE,FALSE,TRUE,TRUE,1.9793038718796128,2.2555539026569535,0.2762500307773408
2015__GGE__HN_NF_RF,2017__KIE__HN_WF_RF,216,0.45656785123025934,0.6440371997761344,0.20419883246815526,0.033973031260175306,0.17022580120797995,17.506383939937628,0.001,0.20001011821694084,0.20419883246815526,0.19869798759719914,0.0010112359550561798,2015,GGE,HN_NF_RF,HN,NF,RF,2017,KIE,HN_WF_RF,HN,WF,RF,FALSE,FALSE,FALSE,TRUE,FALSE,TRUE,0.013624870889474497,0.28894199576416335,0.27531712487468885
2015__HAN__HN_NF_RF,2017__KAL__HN_WF_RF,220,0.317920345185901,0.5424296895690933,0.1503540630683286,0.03261709090027506,0.11773697216805354,12.995258100321882,0.001,0.11499010498733285,0.1503540630683286,0.13164759844938217,0.0010112359550561798,2015,HAN,HN_NF_RF,HN,NF,RF,2017,KAL,HN_WF_RF,HN,WF,RF,FALSE,FALSE,FALSE,TRUE,FALSE,TRUE,-0.8576477226915835,-0.5854303077896706,0.27221741490191287
2017__GGE__HN_WF_RF,2017__KIE__HN_NF_RF,215,0.40439558048392377,0.6439880219276003,0.18415791572125434,0.033945333292562586,0.15021258242869176,15.88105409159801,0.001,0.18407434871739337,0.18415791572125434,0.19262265097438364,0.0010112359550561798,2017,GGE,HN_WF_RF,HN,WF,RF,2017,KIE,HN_NF_RF,HN,NF,RF,TRUE,FALSE,FALSE,TRUE,FALSE,TRUE,-0.31423006817902815,-0.0444433078451472,0.26978676033388094
2015__KIE__HN_WF_RF,2016__KAL__LN_NF_RF,220,0.41061245420663034,0.5936651583710408,0.18526511687237318,0.032864752832233717,0.15240036404013946,16.173848768112034,0.001,0.16584381081920271,0.18526511687237318,0.18578696902063305,0.0010112359550561798,2015,KIE,HN_WF_RF,HN,WF,RF,2016,KAL,LN_NF_RF,LN,NF,RF,FALSE,FALSE,FALSE,FALSE,FALSE,TRUE,-0.27516271062688064,-0.0079986836791339,0.2671640269477467
2015__KAL__LN_NF_RF,2015__KIE__LN_NF_RF,220,0.5823313273173674,0.7321740306430073,0.2502992297565181,0.03335553161627308,0.216943698140245,23.25304535876032,0.001,0.21559422203496337,0.2502992297565181,0.236334562464751,0.0010112359550561798,2015,KAL,LN_NF_RF,LN,NF,RF,2015,KIE,LN_NF_RF,LN,NF,RF,TRUE,FALSE,TRUE,TRUE,TRUE,TRUE,0.803933136175741,1.0671806401580575,0.26324750398231644
2016__KIE__HN_WF_RF,2017__QLB__HN_WF_RF,216,0.2942059638021855,0.4868324223913121,0.14241931455396348,0.03419475995293581,0.10822455460102767,11.059853757005902,0.001,0.12075682050181114,0.14241931455396348,0.15114000521621684,0.0010112359550561798,2016,KIE,HN_WF_RF,HN,WF,RF,2017,QLB,HN_WF_RF,HN,WF,RF,FALSE,FALSE,TRUE,TRUE,TRUE,TRUE,-1.006670890600206,-0.7438905861494644,0.26278030445074163
2017__GGE__HN_WF_RF,2017__HAN__LN_NF_RF,220,0.6313391658326718,0.759965739337214,0.26824420390129716,0.03286226945660989,0.23538193444468727,24.484696586788644,0.001,0.2833768746659947,0.26824420390129716,0.2546170181089962,0.0010112359550561798,2017,GGE,HN_WF_RF,HN,WF,RF,2017,HAN,LN_NF_RF,LN,NF,RF,TRUE,FALSE,FALSE,FALSE,FALSE,TRUE,1.1119025168537457,1.3743294839381648,0.26242696708441904
2015__KAL__LN_NF_RF,2017__HAN__HN_WF_RF,220,0.4573662088624455,0.6422206319063692,0.2029014733200473,0.03315673518353235,0.16974473813651494,18.232312111062868,0.001,0.18185187599118863,0.2029014733200473,0.1903717930544664,0.0010112359550561798,2015,KAL,LN_NF_RF,LN,NF,RF,2017,HAN,HN_WF_RF,HN,WF,RF,FALSE,FALSE,FALSE,FALSE,FALSE,TRUE,0.018641817422775486,0.2809283244050332,0.2622865069822577
2016__KAL__HN_NF_RF,2017__QLB__HN_WF_RF,220,0.14802435660334562,0.4202182990257124,0.08609658624484114,0.03304995374979172,0.053046632495049414,5.4613493428629605,0.001,0.08572620806950267,0.08609658624484114,0.11477439670037555,0.0010112359550561798,2016,KAL,HN_NF_RF,HN,NF,RF,2017,QLB,HN_WF_RF,HN,WF,RF,FALSE,FALSE,FALSE,TRUE,FALSE,TRUE,-1.9252884097442744,-1.663058487959946,0.26222992178432847
2015__KAL__HN_WF_RF,2017__QLB__HN_NF_RF,220,0.1408506587264638,0.3822949009089219,0.08357431412488646,0.03326828500035726,0.0503060291245292,5.277688866359234,0.001,0.07056245988417045,0.08357431412488646,0.08080777076469874,0.0010112359550561798,2015,KAL,HN_WF_RF,HN,WF,RF,2017,QLB,HN_NF_RF,HN,NF,RF,FALSE,FALSE,FALSE,TRUE,FALSE,TRUE,-1.9703685307870438,-1.7087121580082218,0.2616563727788219
2015__QLB__HN_NF_RF,2017__KAL__HN_WF_RF,220,0.20449745918763365,0.5027200036063856,0.10782701754485711,0.03355754107285889,0.07426947647199822,7.412479610303174,0.001,0.12298770094998765,0.10782701754485711,0.12649112876780433,0.0010112359550561798,2015,QLB,HN_NF_RF,HN,NF,RF,2017,KAL,HN_WF_RF,HN,WF,RF,FALSE,FALSE,FALSE,TRUE,FALSE,TRUE,-1.57040668154038,-1.3095229392439909,0.2608837422963892
2015__QLB__LN_NF_RF,2017__KIE__LN_NF_RF,212,0.20234275883085545,0.44256687401526207,0.10784982943608472,0.034514329445494804,0.07333549999058991,7.384209411559254,0.001,0.09388213068870589,0.10784982943608472,0.11378242457972187,0.0010112359550561798,2015,QLB,LN_NF_RF,LN,NF,RF,2017,KIE,LN_NF_RF,LN,NF,RF,FALSE,FALSE,TRUE,TRUE,TRUE,TRUE,-1.5839469998757099,-1.3250813577199088,0.2588656421558011
2016__GGE__HN_WF_RF,2017__QLB__LN_NF_RF,220,0.5310306183682189,0.7030524672748686,0.2299644007179757,0.0328883731198462,0.19707602759812948,20.871924404668487,0.001,0.21938955661933493,0.2299644007179757,0.21771433845430171,0.0010112359550561798,2016,GGE,HN_WF_RF,HN,WF,RF,2017,QLB,LN_NF_RF,LN,NF,RF,FALSE,FALSE,FALSE,FALSE,FALSE,TRUE,0.4815551647726963,0.7362199162115558,0.2546647514388595
2017__GGE__HN_WF_RF,2017__QLB__HN_WF_RF,220,0.32255053879955486,0.5345373401779526,0.15114574874875095,0.032733055816792166,0.11841269293195877,13.335632328167428,0.001,0.13972523227750092,0.15114574874875095,0.14497703906294163,0.0010112359550561798,2017,GGE,HN_WF_RF,HN,WF,RF,2017,QLB,HN_WF_RF,HN,WF,RF,TRUE,FALSE,TRUE,TRUE,TRUE,TRUE,-0.8285511964456662,-0.5741739789345242,0.25437721751114206
2017__KIE__HN_NF_RF,2017__QLB__LN_NF_RF,215,0.39276035410891086,0.6631299958946124,0.17853304878027457,0.03399814147391916,0.1445349073063554,14.861175993623416,0.001,0.16862230324062985,0.17853304878027457,0.18888924369086904,0.0010112359550561798,2017,KIE,HN_NF_RF,HN,NF,RF,2017,QLB,LN_NF_RF,LN,NF,RF,TRUE,FALSE,FALSE,FALSE,TRUE,TRUE,-0.38734680969053353,-0.1390234683545632,0.24832334133597034
2016__GGE__LN_NF_RF,2017__GGE__HN_WF_RF,220,0.420039848476562,0.6635974822920835,0.1875832080916063,0.03285598222451723,0.1547272258670891,17.597437843536692,0.001,0.18797635417792513,0.1875832080916063,0.19664268238806884,0.0010112359550561798,2016,GGE,LN_NF_RF,LN,NF,RF,2017,GGE,HN_WF_RF,HN,WF,RF,FALSE,TRUE,FALSE,FALSE,FALSE,TRUE,-0.21592017182746892,0.030762774194765852,0.24668294602223478
2015__GGE__HN_NF_RF,2017__QLB__HN_NF_RF,220,0.40694920843699894,0.6358655043586551,0.18274389479231926,0.03298068148474493,0.14976321330757433,16.633906889068513,0.001,0.19239337796712583,0.18274389479231926,0.16152358106937376,0.0010112359550561798,2015,GGE,HN_NF_RF,HN,NF,RF,2017,QLB,HN_NF_RF,HN,NF,RF,FALSE,FALSE,TRUE,TRUE,TRUE,TRUE,-0.29818285526338384,-0.05192901329455871,0.24625384196882513
2017__HAN__HN_WF_RF,2017__KIE__HN_WF_RF,216,0.5357592683739814,0.6794877290751259,0.2320201344579606,0.033768580548368406,0.1982515539095922,20.311779100117946,0.001,0.24927759922060208,0.2320201344579606,0.22554042139845462,0.0010112359550561798,2017,HAN,HN_WF_RF,HN,WF,RF,2017,KIE,HN_WF_RF,HN,WF,RF,TRUE,FALSE,TRUE,TRUE,TRUE,TRUE,0.5112703992706011,0.7558021333736106,0.24453173410300943
2015__KAL__HN_WF_RF,2015__QLB__HN_WF_RF,220,0.2577935801917554,0.5118419050731702,0.12626682179634258,0.032876931334010304,0.09338989046233227,10.490837865969832,0.001,0.11952627539520694,0.12626682179634258,0.13160638882164338,0.0010112359550561798,2015,KAL,HN_WF_RF,HN,WF,RF,2015,QLB,HN_WF_RF,HN,WF,RF,TRUE,FALSE,TRUE,TRUE,TRUE,TRUE,-1.2354893728928324,-0.9910102055551849,0.24447916733764752
2015__GGE__HN_WF_RF,2016__KAL__HN_WF_RF,220,0.5827000236419606,0.758553613992776,0.24850135698477072,0.03254540656677683,0.21595595041799387,23.535025464675815,0.001,0.2484360103035255,0.24850135698477072,0.22610535964193382,0.0010112359550561798,2015,GGE,HN_WF_RF,HN,WF,RF,2016,KAL,HN_WF_RF,HN,WF,RF,FALSE,FALSE,TRUE,TRUE,TRUE,TRUE,0.8062500549010543,1.0507264866356418,0.24447643173458755
2016__HAN__HN_NF_RF,2017__HAN__HN_WF_RF,220,0.5917364757421428,0.7696736784569178,0.25239306558328245,0.033088926445687554,0.2193041391375949,23.521713409521567,0.001,0.28654839654789643,0.25239306558328245,0.25418494066728103,0.0010112359550561798,2016,HAN,HN_NF_RF,HN,NF,RF,2017,HAN,HN_WF_RF,HN,WF,RF,FALSE,TRUE,FALSE,TRUE,FALSE,TRUE,0.8630358802124583,1.1065014684182153,0.24346558820575703
2016__GGE__LN_NF_RF,2017__QLB__LN_NF_RF,220,0.38440922865907856,0.619937677149603,0.1743400745676571,0.03325023078998706,0.14108984377767003,15.24126378729194,0.001,0.18185570083989136,0.1743400745676571,0.17307636419960457,0.0010112359550561798,2016,GGE,LN_NF_RF,LN,NF,RF,2017,QLB,LN_NF_RF,LN,NF,RF,FALSE,FALSE,TRUE,TRUE,TRUE,TRUE,-0.43982598466875694,-0.19641221541871665,0.2434137692500403
2015__GGE__HN_NF_RF,2017__KAL__HN_WF_RF,220,0.49132440769757485,0.6884285738435618,0.21438753539299427,0.03298620502304737,0.1814013303699469,19.827950877804856,0.001,0.20793804434588553,0.21438753539299427,0.21167563291731215,0.0010112359550561798,2015,GGE,HN_NF_RF,HN,NF,RF,2017,KAL,HN_WF_RF,HN,WF,RF,FALSE,FALSE,FALSE,TRUE,FALSE,TRUE,0.23203799609589573,0.4751068113166156,0.24306881522071985
2016__HAN__HN_NF_RF,2016__QLB__HN_WF_RF,220,0.29912394850345914,0.5759239954243983,0.14189419693374647,0.03307238295162394,0.10882181398212254,11.56355781411526,0.001,0.13279342979797937,0.14189419693374647,0.1271989689888231,0.0010112359550561798,2016,HAN,HN_NF_RF,HN,NF,RF,2016,QLB,HN_WF_RF,HN,WF,RF,TRUE,FALSE,FALSE,TRUE,FALSE,TRUE,-0.975765860945365,-0.7339412870239339,0.24182457392143109
2015__KAL__HN_NF_RF,2017__QLB__HN_NF_RF,220,0.41335502110154637,0.6457740486749352,0.18524166927873656,0.03333263376253302,0.15190903551620355,16.431815066338718,0.001,0.17596745547132348,0.18524166927873656,0.17076628607709846,0.0010112359550561798,2015,KAL,HN_NF_RF,HN,NF,RF,2017,QLB,HN_NF_RF,HN,NF,RF,FALSE,FALSE,TRUE,TRUE,TRUE,TRUE,-0.25792818950366225,-0.016183359564144784,0.24174482993951746
2016__HAN__HN_NF_RF,2017__KAL__HN_WF_RF,220,0.3848497144916736,0.5864444982897843,0.1742201126007131,0.03314060757532458,0.14107950502538852,14.937416628084257,0.001,0.1561987950386288,0.1742201126007131,0.18814566065829227,0.0010112359550561798,2016,HAN,HN_NF_RF,HN,NF,RF,2017,KAL,HN_WF_RF,HN,WF,RF,FALSE,FALSE,FALSE,TRUE,FALSE,TRUE,-0.4370579346348962,-0.19658444099154057,0.2404734936433556
2015__GGE__HN_WF_RF,2017__KIE__LN_NF_RF,212,0.5187002482592141,0.6636796546065267,0.22616346499587858,0.034596718612613764,0.19156674638326482,18.926002708878745,0.001,0.18997084587270519,0.22616346499587858,0.2049908840661356,0.0010112359550561798,2015,GGE,HN_WF_RF,HN,WF,RF,2017,KIE,LN_NF_RF,LN,NF,RF,FALSE,FALSE,FALSE,FALSE,FALSE,TRUE,0.40407008154840957,0.6444449043685058,0.2403748228200962
2016__QLB__LN_NF_RF,2017__KIE__HN_NF_RF,215,0.299177884415061,0.5901422396097468,0.14278265396579198,0.03404151137880994,0.10874114258698205,11.514845415534777,0.001,0.13971433457583957,0.14278265396579198,0.16021020482063736,0.0010112359550561798,2016,QLB,LN_NF_RF,LN,NF,RF,2017,KIE,HN_NF_RF,HN,NF,RF,FALSE,FALSE,FALSE,FALSE,TRUE,TRUE,-0.9754269231387702,-0.7352851317026986,0.24014179143607162
2016__GGE__LN_NF_RF,2017__GGE__LN_NF_RF,220,0.48667859031870275,0.6969238658199175,0.21206242399975817,0.032593075134246835,0.17946934886551133,19.478715099341514,0.001,0.18941184287719962,0.21206242399975817,0.19253500549294728,0.0010112359550561798,2016,GGE,LN_NF_RF,LN,NF,RF,2017,GGE,LN_NF_RF,LN,NF,RF,FALSE,TRUE,TRUE,TRUE,TRUE,TRUE,0.2028432887947863,0.4429233705854122,0.2400800817906259
2016__QLB__HN_WF_RF,2017__HAN__LN_NF_RF,220,0.3905745004129764,0.6251398883147473,0.17666092089875288,0.03348220823028286,0.14317871266847002,14.953614439480788,0.001,0.20542280518989942,0.17666092089875288,0.18985281301091747,0.0010112359550561798,2016,QLB,HN_WF_RF,HN,WF,RF,2017,HAN,LN_NF_RF,LN,NF,RF,FALSE,FALSE,FALSE,FALSE,FALSE,TRUE,-0.4010828982303175,-0.16161530458495793,0.23946759364535958
2015__GGE__HN_WF_RF,2016__KIE__HN_NF_RF,216,0.4133224568306919,0.625020540849498,0.1853628939885271,0.033647481017058,0.1517154129714691,16.365597619883342,0.001,0.19164915787222436,0.1853628939885271,0.18620885890278144,0.0010112359550561798,2015,GGE,HN_WF_RF,HN,WF,RF,2016,KIE,HN_NF_RF,HN,NF,RF,FALSE,FALSE,FALSE,TRUE,FALSE,TRUE,-0.2581328261216218,-0.019408773305621903,0.2387240528159999
2015__GGE__HN_NF_RF,2016__KIE__HN_NF_RF,216,0.6827723274265141,0.771390466664285,0.28672234469946056,0.03352482135275052,0.25319752334671003,26.624053147247203,0.001,0.30231100415750894,0.28672234469946056,0.277956400366393,0.0010112359550561798,2015,GGE,HN_NF_RF,HN,NF,RF,2016,KIE,HN_NF_RF,HN,NF,RF,FALSE,FALSE,TRUE,TRUE,TRUE,TRUE,1.4351128318204178,1.6711061084572703,0.23599327663685243
2015__KAL__HN_WF_RF,2016__QLB__HN_WF_RF,220,0.3963495538582904,0.6091230284622711,0.17807809379326164,0.03293549003750524,0.1451426037557564,16.13186854964599,0.001,0.15934840991714116,0.17807809379326164,0.17166459146741744,0.0010112359550561798,2015,KAL,HN_WF_RF,HN,WF,RF,2016,QLB,HN_WF_RF,HN,WF,RF,FALSE,FALSE,TRUE,TRUE,TRUE,TRUE,-0.3647919764754167,-0.1289003058827911,0.2358916705926256
2015__KAL__LN_NF_RF,2017__KIE__HN_WF_RF,216,0.4687291093506367,0.6802164826921014,0.2057490906421577,0.03353319041594306,0.17221590022621464,17.567244870276713,0.001,0.1870767029274975,0.2057490906421577,0.18684655107127685,0.0010112359550561798,2015,KAL,LN_NF_RF,LN,NF,RF,2017,KIE,HN_WF_RF,HN,WF,RF,FALSE,FALSE,FALSE,FALSE,FALSE,TRUE,0.09004724014839169,0.3220935728654636,0.2320463327170719
2015__KIE__HN_WF_RF,2015__QLB__LN_NF_RF,220,0.20423159777961405,0.4431402602232578,0.10542632034437205,0.03299057388387546,0.07243574646049658,7.333951279394094,0.001,0.08884956958866265,0.10542632034437205,0.11784299636479209,0.0010112359550561798,2015,KIE,HN_WF_RF,HN,WF,RF,2015,QLB,LN_NF_RF,LN,NF,RF,TRUE,FALSE,FALSE,FALSE,FALSE,TRUE,-1.572077376997565,-1.3400696815428688,0.23200769545469613
2016__GGE__HN_NF_RF,2017__KIE__HN_NF_RF,215,0.30430189132725527,0.5972276558236133,0.14344292842718434,0.03336390682932563,0.1100790215978587,11.60029082222034,0.001,0.15116307475054638,0.14344292842718434,0.17418814713166983,0.0010112359550561798,2016,GGE,HN_NF_RF,HN,NF,RF,2017,KIE,HN_NF_RF,HN,NF,RF,FALSE,FALSE,TRUE,TRUE,TRUE,TRUE,-0.9432272325760965,-0.7129984018591595,0.230228830716937
2015__GGE__HN_WF_RF,2016__GGE__LN_NF_RF,220,0.38622819050610496,0.6086767382496633,0.17385257248257577,0.03320412794361624,0.14064844453895953,14.920863531547953,0.001,0.15478125512718013,0.17385257248257577,0.18422694469983378,0.0010112359550561798,2015,GGE,HN_WF_RF,HN,WF,RF,2016,GGE,LN_NF_RF,LN,NF,RF,FALSE,TRUE,FALSE,FALSE,FALSE,TRUE,-0.4283954753772544,-0.20376515653395158,0.22463031884330284
2015__GGE__HN_NF_RF,2015__KIE__HN_WF_RF,220,0.4104553911463858,0.6147241960295949,0.18322177795529385,0.0334475308341293,0.14977424712116455,16.27260990025156,0.001,0.1736912423900544,0.18322177795529385,0.1893663049411635,0.0010112359550561798,2015,GGE,HN_NF_RF,HN,NF,RF,2015,KIE,HN_WF_RF,HN,WF,RF,TRUE,FALSE,FALSE,TRUE,FALSE,TRUE,-0.27614970811251344,-0.05174520921315078,0.22440449889936265
2016__HAN__HN_WF_RF,2017__KAL__HN_NF_RF,220,0.4653038640642516,0.6631207632013434,0.2034753707639691,0.03318553736207392,0.17028983340189519,17.72675292863504,0.001,0.19026836975668243,0.2034753707639691,0.1855114071326955,0.0010112359550561798,2016,HAN,HN_WF_RF,HN,WF,RF,2017,KAL,HN_NF_RF,HN,NF,RF,FALSE,FALSE,FALSE,TRUE,FALSE,TRUE,0.06852271057362061,0.290008660384414,0.22148594981079336
2017__KAL__HN_NF_RF,2017__QLB__HN_NF_RF,220,0.4437721286241558,0.670189278891938,0.19545380160077555,0.03345541759513685,0.1619983840056387,16.8392126198214,0.001,0.1943604218479207,0.19545380160077555,0.18546343071048277,0.0010112359550561798,2017,KAL,HN_NF_RF,HN,NF,RF,2017,QLB,HN_NF_RF,HN,NF,RF,TRUE,FALSE,TRUE,TRUE,TRUE,TRUE,-0.06678452658065925,0.15188758127079638,0.21867210785145563
2015__KIE__HN_NF_RF,2017__QLB__HN_WF_RF,220,0.23610100658839825,0.46868473991761667,0.11711139390133583,0.033479592164614665,0.08363180173672116,8.77470585602216,0.001,0.12761465036936867,0.11711139390133583,0.14022856590549068,0.0010112359550561798,2015,KIE,HN_NF_RF,HN,NF,RF,2017,QLB,HN_WF_RF,HN,WF,RF,FALSE,FALSE,FALSE,TRUE,FALSE,TRUE,-1.3718073305977345,-1.1535629367430942,0.21824439385464034
2015__QLB__HN_NF_RF,2016__KAL__HN_NF_RF,220,0.37781679230439064,0.6550649994646771,0.17025885236384436,0.03333633035989065,0.13692252200395372,14.19668867674863,0.001,0.1832693458354676,0.17025885236384436,0.1781154955546978,0.0010112359550561798,2015,QLB,HN_NF_RF,HN,NF,RF,2016,KAL,HN_NF_RF,HN,NF,RF,FALSE,FALSE,TRUE,TRUE,TRUE,TRUE,-0.4812534093995657,-0.2658325245698825,0.2154208848296832
2015__KAL__HN_WF_RF,2017__KIE__HN_NF_RF,215,0.22182736836424535,0.48941413702335246,0.11187650164931985,0.03381435401877796,0.0780621476305419,8.331714490456514,0.001,0.09411706176300799,0.11187650164931985,0.13172867990911222,0.0010112359550561798,2015,KAL,HN_WF_RF,HN,WF,RF,2017,KIE,HN_NF_RF,HN,NF,RF,FALSE,FALSE,FALSE,TRUE,FALSE,TRUE,-1.4615040741613485,-1.2463436556102199,0.21516041855112866
2015__KAL__HN_NF_RF,2017__KIE__HN_NF_RF,215,0.2631575567990028,0.540935545412833,0.1275279407382746,0.03388548294986918,0.09364245778840541,9.96335422293942,0.001,0.09894217327976608,0.1275279407382746,0.15251496028820224,0.0010112359550561798,2015,KAL,HN_NF_RF,HN,NF,RF,2017,KIE,HN_NF_RF,HN,NF,RF,FALSE,FALSE,TRUE,TRUE,TRUE,TRUE,-1.2017816925757459,-0.9868028746099087,0.21497881796583718
2015__KIE__HN_WF_RF,2015__KIE__LN_NF_RF,220,0.6732411733569217,0.804621808489657,0.2812742929751117,0.03298678718721971,0.248287505787892,26.886774953059238,0.001,0.28833367595014825,0.2812742929751117,0.28594654198446906,0.0010112359550561798,2015,KIE,HN_WF_RF,HN,WF,RF,2015,KIE,LN_NF_RF,LN,NF,RF,TRUE,TRUE,FALSE,FALSE,FALSE,TRUE,1.3752182577097405,1.5893137834631685,0.21409552575342805
2015__HAN__LN_NF_RF,2017__KIE__HN_WF_RF,216,0.4390058775291385,0.6351266388025577,0.19347958820599484,0.03362171871504901,0.15985786949094583,17.056582607680905,0.001,0.17105928574187926,0.19347958820599484,0.19975771668167572,0.0010112359550561798,2015,HAN,LN_NF_RF,LN,NF,RF,2017,KIE,HN_WF_RF,HN,WF,RF,FALSE,FALSE,FALSE,FALSE,FALSE,TRUE,-0.096736049487142,0.11623034445991676,0.21296639394705874
2015__KIE__LN_NF_RF,2017__KAL__HN_WF_RF,220,0.6353513030047996,0.7720234640460265,0.26670055354621375,0.03286691078173392,0.23383364276447982,24.996903337823362,0.001,0.2312689392383094,0.26670055354621375,0.2481764616689487,0.0010112359550561798,2015,KIE,LN_NF_RF,LN,NF,RF,2017,KAL,HN_WF_RF,HN,WF,RF,FALSE,FALSE,FALSE,FALSE,FALSE,TRUE,1.1371151244187485,1.34853764617462,0.2114225217558714
2017__GGE__LN_NF_RF,2017__QLB__LN_NF_RF,220,0.3747668070407488,0.6032795568653747,0.1686380864671701,0.033113263629502815,0.13552482283766729,14.30901057164768,0.001,0.17461432307032998,0.1686380864671701,0.1920765777877727,0.0010112359550561798,2017,GGE,LN_NF_RF,LN,NF,RF,2017,QLB,LN_NF_RF,LN,NF,RF,TRUE,FALSE,TRUE,TRUE,TRUE,TRUE,-0.5004197734175889,-0.2891157538217967,0.2113040195957922
2017__GGE__HN_NF_RF,2017__GGE__HN_WF_RF,220,0.6750844166594008,0.7705786558324834,0.28179724595369987,0.033015546795498465,0.24878169915820142,25.97733450238362,0.001,0.24915777215241838,0.28179724595369987,0.28192838841865914,0.0010112359550561798,2017,GGE,HN_NF_RF,HN,NF,RF,2017,GGE,HN_WF_RF,HN,WF,RF,TRUE,TRUE,FALSE,TRUE,FALSE,TRUE,1.3868013537103137,1.597546182689865,0.21074482897955127
2016__KAL__HN_WF_RF,2016__KIE__HN_WF_RF,216,0.5804285721234661,0.739515831338787,0.24676181579823947,0.03373887611027953,0.21302293968795993,21.536445437615335,0.001,0.2590080339335267,0.24676181579823947,0.23814650251445255,0.0010112359550561798,2016,KAL,HN_WF_RF,HN,WF,RF,2016,KIE,HN_WF_RF,HN,WF,RF,TRUE,FALSE,TRUE,TRUE,TRUE,TRUE,0.7919760624422273,1.001867645711278,0.20989158326905077
2015__KAL__LN_NF_RF,2016__KIE__HN_WF_RF,216,0.44731491935888734,0.6923195084485406,0.19685375633129826,0.03407427701184393,0.16277947931945433,16.58369182308328,0.001,0.20586314323469554,0.19685375633129826,0.20365830735021914,0.0010112359550561798,2015,KAL,LN_NF_RF,LN,NF,RF,2016,KIE,HN_WF_RF,HN,WF,RF,FALSE,FALSE,FALSE,FALSE,FALSE,TRUE,-0.04452133151837726,0.164899266258407,0.20942059777678426
2015__GGE__HN_WF_RF,2017__GGE__HN_WF_RF,220,0.6273349678231276,0.7489425964849011,0.2639854963067167,0.03350176377900765,0.23048373252770904,23.66986434030204,0.001,0.2608300644599745,0.2639854963067167,0.24693328422064367,0.0010112359550561798,2015,GGE,HN_WF_RF,HN,WF,RF,2017,GGE,HN_WF_RF,HN,WF,RF,FALSE,TRUE,TRUE,TRUE,TRUE,TRUE,1.0867397996544077,1.2927339869198897,0.20599418726548202
2015__QLB__LN_NF_RF,2017__KAL__HN_WF_RF,220,0.21761673230437392,0.4629979206933276,0.10979810215336874,0.03400822966785316,0.07578987248551558,8.072938749358453,0.001,0.09094287024366045,0.10979810215336874,0.12445669339550629,0.0010112359550561798,2015,QLB,LN_NF_RF,LN,NF,RF,2017,KAL,HN_WF_RF,HN,WF,RF,FALSE,FALSE,FALSE,FALSE,FALSE,TRUE,-1.4879640654383384,-1.2841957946120919,0.2037682708262465
2016__GGE__HN_WF_RF,2016__KIE__HN_WF_RF,216,0.5330692914787792,0.7287690970361638,0.22830200305723594,0.03360119265662387,0.19470081040061207,20.561923008992842,0.001,0.2314768342101712,0.22830200305723594,0.2309275410458176,0.0010112359550561798,2016,GGE,HN_WF_RF,HN,WF,RF,2016,KIE,HN_WF_RF,HN,WF,RF,TRUE,FALSE,TRUE,TRUE,TRUE,TRUE,0.4943663581304306,0.6966529422397378,0.20228658410930722
2015__GGE__LN_NF_RF,2017__HAN__LN_NF_RF,220,0.6953100193886176,0.7855733307788102,0.28884446627199806,0.03301036447796575,0.2558341017940323,28.04971562703881,0.001,0.3234138089686691,0.28884446627199806,0.2924968748647177,0.0010112359550561798,2015,GGE,LN_NF_RF,LN,NF,RF,2017,HAN,LN_NF_RF,LN,NF,RF,FALSE,FALSE,TRUE,TRUE,TRUE,TRUE,1.5139007430133347,1.7150269047991353,0.20112616178580067
2016__QLB__HN_NF_RF,2017__QLB__LN_NF_RF,220,0.5357891476301618,0.7139121957816559,0.2287340097425706,0.03310556198225546,0.19562844776031513,20.48273526051899,0.001,0.19756899150112364,0.2287340097425706,0.20323706706877495,0.0010112359550561798,2016,QLB,HN_NF_RF,HN,NF,RF,2017,QLB,LN_NF_RF,LN,NF,RF,FALSE,TRUE,FALSE,FALSE,TRUE,TRUE,0.5114581630304361,0.7121057620092393,0.20064759897880313
2015__QLB__LN_NF_RF,2017__KIE__HN_NF_RF,215,0.2318560729177524,0.518924629911372,0.11506345410311378,0.03421227553584776,0.08085117856726601,8.47464987727537,0.001,0.10828216705449531,0.11506345410311378,0.1312143527189904,0.0010112359550561798,2015,QLB,LN_NF_RF,LN,NF,RF,2017,KIE,HN_NF_RF,HN,NF,RF,FALSE,FALSE,FALSE,FALSE,TRUE,TRUE,-1.3984828509465816,-1.1998832668107027,0.19859958413587897
2017__GGE__HN_NF_RF,2017__HAN__LN_NF_RF,220,0.5000949715690571,0.6691952688729481,0.21544646805642392,0.03343817586221723,0.1820082921942067,19.667382526671997,0.001,0.23927857269589212,0.21544646805642392,0.22979124651882032,0.0010112359550561798,2017,GGE,HN_NF_RF,HN,NF,RF,2017,HAN,LN_NF_RF,LN,NF,RF,TRUE,FALSE,FALSE,FALSE,TRUE,TRUE,0.28715295740670277,0.4852177362153893,0.1980647788086865
2016__KAL__LN_NF_RF,2017__QLB__HN_WF_RF,220,0.16643381963334372,0.43297025295413694,0.08960294851829605,0.03347649052164451,0.05612645799665154,6.073640598571712,0.001,0.08102759793341857,0.08960294851829605,0.12242499877978157,0.0010112359550561798,2016,KAL,LN_NF_RF,LN,NF,RF,2017,QLB,HN_WF_RF,HN,WF,RF,FALSE,FALSE,FALSE,FALSE,FALSE,TRUE,-1.8096017951184813,-1.6117539691197318,0.1978478259987495
2015__GGE__LN_NF_RF,2016__KIE__HN_WF_RF,216,0.5010418265426062,0.7042415365746197,0.21594474135063094,0.033711668452558366,0.18223307289807256,19.3790186231652,0.001,0.22269143122473406,0.21594474135063094,0.20300016353930816,0.0010112359550561798,2015,GGE,LN_NF_RF,LN,NF,RF,2016,KIE,HN_WF_RF,HN,WF,RF,FALSE,FALSE,FALSE,FALSE,FALSE,TRUE,0.29310307372747735,0.48896219051983075,0.1958591167923534
2016__KIE__HN_NF_RF,2017__KAL__HN_NF_RF,216,0.7155452709764167,0.7847735743459673,0.2968460385169127,0.03371188009851549,0.2631341584183972,28.15437044702639,0.001,0.3040360180931368,0.2968460385169127,0.2725352481552178,0.0010112359550561798,2016,KIE,HN_NF_RF,HN,NF,RF,2017,KAL,HN_NF_RF,HN,NF,RF,FALSE,FALSE,TRUE,TRUE,TRUE,TRUE,1.641060766555528,1.8366331102236089,0.19557234366808096
2015__GGE__LN_NF_RF,2015__KIE__HN_NF_RF,220,0.7036327761706354,0.8008925804252154,0.29193182459290035,0.03330635587185531,0.258625468721045,26.575907824712104,0.001,0.333604401319582,0.29193182459290035,0.2999806689223023,0.0010112359550561798,2015,GGE,LN_NF_RF,LN,NF,RF,2015,KIE,HN_NF_RF,HN,NF,RF,TRUE,FALSE,FALSE,FALSE,TRUE,TRUE,1.5662016468961133,1.7615262071207691,0.19532456022465583
2015__QLB__HN_NF_RF,2017__GGE__LN_NF_RF,220,0.2796573365367571,0.5473524058536146,0.13147067653435596,0.03306823479870076,0.0984024417356552,10.371710527626085,0.001,0.14735773959228937,0.13147067653435596,0.14949137625133954,0.0010112359550561798,2015,QLB,HN_NF_RF,HN,NF,RF,2017,GGE,LN_NF_RF,LN,NF,RF,FALSE,FALSE,FALSE,FALSE,TRUE,TRUE,-1.0980956884363706,-0.9075098477894745,0.1905858406468961
2016__QLB__HN_WF_RF,2017__GGE__LN_NF_RF,220,0.5133999597971186,0.7157029916095186,0.21960071590662172,0.03307012709628177,0.18653058881033996,19.580391475597075,0.001,0.22554324032871445,0.21960071590662172,0.21563762630924796,0.0010112359550561798,2016,QLB,HN_WF_RF,HN,WF,RF,2017,GGE,LN_NF_RF,LN,NF,RF,FALSE,FALSE,FALSE,FALSE,FALSE,TRUE,0.37076262289408474,0.5605513068422812,0.18978868394819642
2015__GGE__HN_WF_RF,2017__QLB__LN_NF_RF,220,0.26000518401265466,0.5041625578289559,0.12378326247657861,0.032852740471471534,0.09093052200510708,9.926794667462751,0.001,0.12995030568297736,0.12378326247657861,0.15463430352958615,0.0010112359550561798,2015,GGE,HN_WF_RF,HN,WF,RF,2017,QLB,LN_NF_RF,LN,NF,RF,FALSE,FALSE,FALSE,FALSE,FALSE,TRUE,-1.221591468401192,-1.0319789926774103,0.1896124757237816
2015__QLB__LN_NF_RF,2017__KIE__HN_WF_RF,216,0.24645699058756707,0.4719894259279105,0.11918771376410264,0.03338792012980968,0.08579979363429296,8.983505508698748,0.001,0.11155287479338145,0.11918771376410264,0.14158742249903553,0.0010112359550561798,2015,QLB,LN_NF_RF,LN,NF,RF,2017,KIE,HN_WF_RF,HN,WF,RF,FALSE,FALSE,FALSE,FALSE,FALSE,TRUE,-1.3067294558096154,-1.1174479746789956,0.18928148113061982
2015__KAL__LN_NF_RF,2017__KIE__LN_NF_RF,212,0.4356597583187412,0.6370320645144226,0.19185906008031064,0.03470834687073902,0.15715071320957164,16.15372810083786,0.001,0.18006590301639422,0.19185906008031064,0.1911372373912175,0.0010112359550561798,2015,KAL,LN_NF_RF,LN,NF,RF,2017,KIE,LN_NF_RF,LN,NF,RF,FALSE,FALSE,TRUE,TRUE,TRUE,TRUE,-0.1177633441428534,0.07113384455467328,0.1888971886975267
2016__HAN__HN_NF_RF,2017__KAL__HN_NF_RF,220,0.7095942517716292,0.7989834500712825,0.2932997613031515,0.03291435418215455,0.26038540712099695,27.338381144607485,0.001,0.29178033063156344,0.2932997613031515,0.2695584051609536,0.0010112359550561798,2016,HAN,HN_NF_RF,HN,NF,RF,2017,KAL,HN_NF_RF,HN,NF,RF,FALSE,FALSE,TRUE,TRUE,TRUE,TRUE,1.6036640611625936,1.7908437099309054,0.18717964876831172
2015__HAN__HN_WF_RF,2016__HAN__LN_NF_RF,220,0.528617170464661,0.6948332891926767,0.224931931856495,0.032847797276778466,0.19208413457971651,20.613471303781626,0.001,0.23959261410267604,0.224931931856495,0.24674513699692596,0.0010112359550561798,2015,HAN,HN_WF_RF,HN,WF,RF,2016,HAN,LN_NF_RF,LN,NF,RF,FALSE,TRUE,FALSE,FALSE,FALSE,TRUE,0.4663888550827628,0.6530636889258621,0.1866748338430993
2015__GGE__HN_NF_RF,2017__KIE__HN_NF_RF,215,0.35299061332542986,0.6241360573788307,0.16002672387916503,0.03421091603239339,0.12581580784677165,12.626138323376688,0.001,0.1738138196207895,0.16002672387916503,0.15919221589977495,0.0010112359550561798,2015,GGE,HN_NF_RF,HN,NF,RF,2017,KIE,HN_NF_RF,HN,NF,RF,FALSE,FALSE,TRUE,TRUE,TRUE,TRUE,-0.6372632069417326,-0.4508510022185673,0.18641220472316528
2015__KAL__LN_NF_RF,2015__KIE__HN_WF_RF,220,0.4307496433233952,0.6437691237046597,0.18837994234373837,0.033429841073305266,0.1549501012704331,16.183199842557332,0.001,0.159644970916419,0.18837994234373837,0.19176636920688936,0.0010112359550561798,2015,KAL,LN_NF_RF,LN,NF,RF,2015,KIE,HN_WF_RF,HN,WF,RF,TRUE,FALSE,FALSE,FALSE,FALSE,TRUE,-0.14861891990349957,0.034475489517090056,0.18309440942058963
2015__KIE__LN_NF_RF,2016__QLB__HN_WF_RF,220,0.3173341485874958,0.547179975544198,0.14529139068679267,0.03330524459985686,0.1119861460869358,12.412913620721781,0.001,0.14237028350058228,0.14529139068679267,0.17536623888495748,0.0010112359550561798,2015,KIE,LN_NF_RF,LN,NF,RF,2016,QLB,HN_WF_RF,HN,WF,RF,FALSE,FALSE,FALSE,FALSE,FALSE,TRUE,-0.8613314314376859,-0.6812290356305887,0.1801023958070972
2015__GGE__HN_WF_RF,2016__GGE__HN_WF_RF,220,0.5851023611456948,0.7360306091974103,0.24635606946214833,0.033423911179353866,0.21293215828279446,22.93946022875375,0.001,0.2321367146067197,0.24635606946214833,0.21929022312401467,0.0010112359550561798,2015,GGE,HN_WF_RF,HN,WF,RF,2016,GGE,HN_WF_RF,HN,WF,RF,FALSE,TRUE,TRUE,TRUE,TRUE,TRUE,0.8213465459036827,1.000355385906549,0.17900884000286632
2016__GGE__HN_WF_RF,2017__GGE__HN_NF_RF,220,0.6098586480306106,0.7445450600970344,0.25512846216383395,0.03302121168923005,0.2221072504746039,24.407528945686888,0.001,0.2744367973857813,0.25512846216383395,0.24446652772317218,0.0010112359550561798,2016,GGE,HN_WF_RF,HN,WF,RF,2017,GGE,HN_NF_RF,HN,NF,RF,FALSE,TRUE,FALSE,TRUE,FALSE,TRUE,0.9769171356462526,1.1531964121174558,0.17627927647120323
2016__HAN__LN_NF_RF,2017__QLB__HN_NF_RF,220,0.3589096419041995,0.6155559186985456,0.1612166049093659,0.03382961431693296,0.12738699059243294,12.877694169736591,0.001,0.14909919445704262,0.1612166049093659,0.16741215415978888,0.0010112359550561798,2016,HAN,LN_NF_RF,LN,NF,RF,2017,QLB,HN_NF_RF,HN,NF,RF,FALSE,FALSE,FALSE,FALSE,TRUE,TRUE,-0.6000675333343394,-0.4246778392473968,0.17538969408694255
2016__GGE__HN_WF_RF,2017__QLB__HN_NF_RF,220,0.39374410917635044,0.6069941339884934,0.17375083179811243,0.0333102813725941,0.14044055042551834,14.53627349245045,0.001,0.1684999837792499,0.17375083179811243,0.17776321616443314,0.0010112359550561798,2016,GGE,HN_WF_RF,HN,WF,RF,2017,QLB,HN_NF_RF,HN,NF,RF,FALSE,FALSE,FALSE,TRUE,FALSE,TRUE,-0.3811648100750311,-0.2072283097074884,0.1739365003675427
2015__KIE__HN_WF_RF,2016__GGE__HN_WF_RF,220,0.5207312161695146,0.6750240895285214,0.22173348783960475,0.033406527754980396,0.18832696008462435,20.157647956146864,0.001,0.18021623574862933,0.22173348783960475,0.20504593327037138,0.0010112359550561798,2015,KIE,HN_WF_RF,HN,WF,RF,2016,GGE,HN_WF_RF,HN,WF,RF,FALSE,FALSE,TRUE,TRUE,TRUE,TRUE,0.4168328547794061,0.5904757177667315,0.17364286298732534
2015__HAN__HN_WF_RF,2015__KIE__HN_WF_RF,220,0.5019605068629545,0.6768543301984076,0.21389965956040574,0.03271077207704953,0.1811888874833562,19.813316276991557,0.001,0.20752534554584462,0.21389965956040574,0.19592489042323039,0.0010112359550561798,2015,HAN,HN_WF_RF,HN,WF,RF,2015,KIE,HN_WF_RF,HN,WF,RF,TRUE,FALSE,TRUE,TRUE,TRUE,TRUE,0.29887613815696384,0.47156788351960494,0.1726917453626411
2015__HAN__HN_WF_RF,2016__QLB__HN_WF_RF,220,0.5058255752083349,0.6996309089782096,0.21544353702635755,0.03285836824167782,0.18258516878467973,19.217876492529747,0.001,0.23044955541397757,0.21544353702635755,0.2047028859834321,0.0010112359550561798,2015,HAN,HN_WF_RF,HN,WF,RF,2016,QLB,HN_WF_RF,HN,WF,RF,FALSE,FALSE,TRUE,TRUE,TRUE,TRUE,0.32316455284053053,0.494827493615283,0.17166294077475247
2017__HAN__LN_NF_RF,2017__KIE__HN_WF_RF,216,0.5636233823787103,0.695826337536765,0.23778381074060537,0.033410273752147626,0.20437353698845773,20.90883829642946,0.001,0.2339822022238942,0.23778381074060537,0.23358533411433283,0.0010112359550561798,2017,HAN,LN_NF_RF,LN,NF,RF,2017,KIE,HN_WF_RF,HN,WF,RF,TRUE,FALSE,FALSE,FALSE,FALSE,TRUE,0.6863708361221038,0.8577836891616714,0.17141285303956755
2016__KAL__HN_WF_RF,2017__QLB__HN_NF_RF,220,0.3292430374476451,0.5680530589474989,0.14953662396380546,0.03358580590421018,0.11595081805959528,11.723090439556922,0.001,0.14006438382410025,0.14953662396380546,0.16197523316569112,0.0010112359550561798,2016,KAL,HN_WF_RF,HN,WF,RF,2017,QLB,HN_NF_RF,HN,NF,RF,FALSE,FALSE,FALSE,TRUE,FALSE,TRUE,-0.7864949718440224,-0.6151845185594862,0.1713104532845362
2017__KIE__HN_WF_RF,2017__KIE__LN_NF_RF,212,0.6387960308274108,0.7653606517941592,0.26737458640728395,0.03466265594783078,0.23271193045945318,23.984438020918187,0.001,0.2793047580400857,0.26737458640728395,0.26048052937053867,0.0010112359550561798,2017,KIE,HN_WF_RF,HN,WF,RF,2017,KIE,LN_NF_RF,LN,NF,RF,TRUE,TRUE,FALSE,FALSE,FALSE,TRUE,1.1587620838903963,1.3298518764592244,0.17108979256882817
2016__KIE__HN_WF_RF,2017__HAN__LN_NF_RF,216,0.4816283177207297,0.6808130604079591,0.20708441447559867,0.03378530391927153,0.17329911055632713,18.146194179348132,0.001,0.23705076490576116,0.20708441447559867,0.20879136533522566,0.0010112359550561798,2016,KIE,HN_WF_RF,HN,WF,RF,2017,HAN,LN_NF_RF,LN,NF,RF,FALSE,FALSE,FALSE,FALSE,FALSE,TRUE,0.1711069508665762,0.34013796686124737,0.16903101599467116
2015__QLB__HN_NF_RF,2015__QLB__HN_WF_RF,220,0.39630888631974254,0.6422071079605326,0.17449083423244277,0.03342113607391851,0.14106969815852427,14.693052202426964,0.001,0.17782548552765973,0.17449083423244277,0.17353441623038704,0.0010112359550561798,2015,QLB,HN_NF_RF,HN,NF,RF,2015,QLB,HN_WF_RF,HN,WF,RF,TRUE,TRUE,FALSE,TRUE,FALSE,TRUE,-0.36504753470935875,-0.19674780628140476,0.168299728427954
2015__HAN__HN_NF_RF,2017__QLB__LN_NF_RF,220,0.47094735560343076,0.6742453356474307,0.2021356437183286,0.03292814980627893,0.16920749391204967,17.84205751602913,0.001,0.14987963121038975,0.2021356437183286,0.18576477864001187,0.0010112359550561798,2015,HAN,HN_NF_RF,HN,NF,RF,2017,QLB,LN_NF_RF,LN,NF,RF,FALSE,FALSE,FALSE,FALSE,TRUE,TRUE,0.10398688624094375,0.2719787730679407,0.16799188682699695
2016__QLB__LN_NF_RF,2017__KAL__HN_NF_RF,220,0.39004065662593146,0.6103965333618839,0.1721174301287341,0.033502333550279983,0.1386150965784541,14.311375199777816,0.001,0.17757999633054325,0.1721174301287341,0.1805219395258676,0.0010112359550561798,2016,QLB,LN_NF_RF,LN,NF,RF,2017,KAL,HN_NF_RF,HN,NF,RF,FALSE,FALSE,FALSE,FALSE,TRUE,TRUE,-0.4044376175049432,-0.23763718554799612,0.1668004319569471
2016__QLB__HN_WF_RF,2017__KIE__HN_WF_RF,216,0.41978973984477036,0.6280570142535633,0.1835348949680512,0.0337030573677173,0.1498318376003339,15.217247484441376,0.001,0.18915450886011345,0.1835348949680512,0.19510478619498678,0.0010112359550561798,2016,QLB,HN_WF_RF,HN,WF,RF,2017,KIE,HN_WF_RF,HN,WF,RF,FALSE,FALSE,TRUE,TRUE,TRUE,TRUE,-0.21749187551342197,-0.050785852320358205,0.16670602319306377
2017__KAL__HN_WF_RF,2017__QLB__HN_NF_RF,220,0.2330098493181181,0.4833176493128145,0.11275499385493878,0.033397751483358884,0.0793572423715799,8.226823440136853,0.001,0.10145026065676153,0.11275499385493878,0.13047787039968417,0.0010112359550561798,2017,KAL,HN_WF_RF,HN,WF,RF,2017,QLB,HN_NF_RF,HN,NF,RF,TRUE,FALSE,FALSE,TRUE,FALSE,TRUE,-1.3912324229696251,-1.224769637047518,0.16646278592210706
2016__QLB__LN_NF_RF,2017__QLB__HN_WF_RF,220,0.13216255959423914,0.35735110980880525,0.07394045596055955,0.03268382198583919,0.04125663397472036,4.513846193766746,0.001,0.06358951660566103,0.07394045596055955,0.07448649992378498,0.0010112359550561798,2016,QLB,LN_NF_RF,LN,NF,RF,2017,QLB,HN_WF_RF,HN,WF,RF,FALSE,TRUE,FALSE,FALSE,FALSE,TRUE,-2.024965276737893,-1.8594592908293495,0.16550598590854348
2015__HAN__HN_WF_RF,2017__KAL__HN_WF_RF,220,0.5786447164641817,0.7379487555152342,0.24260225929246437,0.03297887933549722,0.20962337995696714,22.0420246788769,0.001,0.2444169935259441,0.24260225929246437,0.23543309817622818,0.0010112359550561798,2015,HAN,HN_WF_RF,HN,WF,RF,2017,KAL,HN_WF_RF,HN,WF,RF,FALSE,FALSE,TRUE,TRUE,TRUE,TRUE,0.7807661633882788,0.9452369125166786,0.16447074912839987
2015__KAL__HN_WF_RF,2016__KAL__HN_WF_RF,220,0.5227232903812833,0.7355651600615339,0.2216648608032312,0.03317746224131839,0.18848739856191282,20.32005919210879,0.001,0.18873292300890993,0.2216648608032312,0.22862083124165825,0.0010112359550561798,2015,KAL,HN_WF_RF,HN,WF,RF,2016,KAL,HN_WF_RF,HN,WF,RF,FALSE,TRUE,TRUE,TRUE,TRUE,TRUE,0.42935121673637044,0.5931483428477499,0.16379712611137942
2015__GGE__HN_WF_RF,2016__GGE__HN_NF_RF,220,0.2547394947573058,0.48063427305973644,0.11945975991189495,0.032124288113775636,0.08733547179811932,9.728969436368686,0.001,0.10298358393564494,0.11945975991189495,0.12204590834529311,0.0010112359550561798,2015,GGE,HN_WF_RF,HN,WF,RF,2016,GGE,HN_NF_RF,HN,NF,RF,FALSE,TRUE,FALSE,TRUE,FALSE,TRUE,-1.2546815027291942,-1.0918662560889163,0.1628152466402779
2015__QLB__HN_NF_RF,2017__QLB__LN_NF_RF,220,0.4266021005602913,0.641393417219364,0.18532085564657166,0.033237259175851186,0.15208359647072048,15.79471435515686,0.001,0.18021330687615095,0.18532085564657166,0.20689822972277438,0.0010112359550561798,2015,QLB,HN_NF_RF,HN,NF,RF,2017,QLB,LN_NF_RF,LN,NF,RF,FALSE,TRUE,FALSE,FALSE,TRUE,TRUE,-0.17468242759502461,-0.013275478654943683,0.16140694894008092
2015__HAN__LN_NF_RF,2015__KAL__HN_WF_RF,220,0.3864866284756612,0.6277060570372416,0.16983622830882533,0.03298967209932647,0.13684655620949887,14.514191171254765,0.001,0.15482317568561996,0.16983622830882533,0.17273389378185283,0.0010112359550561798,2015,HAN,LN_NF_RF,LN,NF,RF,2015,KAL,HN_WF_RF,HN,WF,RF,TRUE,FALSE,FALSE,FALSE,FALSE,TRUE,-0.42677142943197055,-0.2670979821520712,0.15967344727989935
2016__GGE__HN_NF_RF,2017__QLB__HN_NF_RF,220,0.5023654793392544,0.7118790959242208,0.21321238368429826,0.03273554800205115,0.18047683568224712,18.723215880740504,0.001,0.2029709634678092,0.21321238368429826,0.20657629640445446,0.0010112359550561798,2016,GGE,HN_NF_RF,HN,NF,RF,2017,QLB,HN_NF_RF,HN,NF,RF,FALSE,FALSE,TRUE,TRUE,TRUE,TRUE,0.301421019271824,0.4597063429790107,0.15828532370718668
2015__KIE__HN_WF_RF,2015__QLB__HN_NF_RF,220,0.20780240802440275,0.48656903129102974,0.10175275209706554,0.03248215499206918,0.06927059710499636,7.370930560541201,0.001,0.12129531128777167,0.10175275209706554,0.13595869710581637,0.0010112359550561798,2015,KIE,HN_WF_RF,HN,WF,RF,2015,QLB,HN_NF_RF,HN,NF,RF,TRUE,FALSE,FALSE,TRUE,FALSE,TRUE,-1.5496381049765633,-1.3927955469066302,0.15684255806993308
2017__KAL__HN_WF_RF,2017__KIE__LN_NF_RF,212,0.5865914463421221,0.7281122125761813,0.24675873501391363,0.03464957646960299,0.21210915854431064,21.03448376191011,0.001,0.2541147260193955,0.24675873501391363,0.2659217198227894,0.0010112359550561798,2017,KAL,HN_WF_RF,HN,WF,RF,2017,KIE,LN_NF_RF,LN,NF,RF,TRUE,FALSE,FALSE,FALSE,FALSE,TRUE,0.8307040825674818,0.9866456463233908,0.15594156375590895
2015__HAN__HN_NF_RF,2017__GGE__HN_WF_RF,220,0.37169443206672975,0.5775547578931947,0.16397439490548235,0.0329468189587873,0.13102757594669506,13.795337822159064,0.001,0.12130755184177729,0.16397439490548235,0.15971825240868828,0.0010112359550561798,2015,HAN,HN_NF_RF,HN,NF,RF,2017,GGE,HN_WF_RF,HN,WF,RF,FALSE,FALSE,FALSE,TRUE,FALSE,TRUE,-0.5197268362594597,-0.36403203973700665,0.15569479652245305
2015__QLB__LN_NF_RF,2017__QLB__HN_WF_RF,220,0.1353389994589205,0.3668212528808822,0.07478035507764969,0.03294453516427028,0.0418358199133794,4.651494121909188,0.001,0.07091651304013767,0.07478035507764969,0.10642558909343149,0.0010112359550561798,2015,QLB,LN_NF_RF,LN,NF,RF,2017,QLB,HN_WF_RF,HN,WF,RF,FALSE,TRUE,FALSE,FALSE,FALSE,TRUE,-2.0050042613672328,-1.8498110637182803,0.15519319764895245
2017__KAL__LN_NF_RF,2017__QLB__HN_WF_RF,220,0.15574385333356738,0.4025436288127666,0.08293301788719395,0.0334811340521489,0.049451883835045056,5.216261347243444,0.001,0.08603338664912544,0.08293301788719395,0.09825236802160589,0.0010112359550561798,2017,KAL,LN_NF_RF,LN,NF,RF,2017,QLB,HN_WF_RF,HN,WF,RF,TRUE,FALSE,FALSE,FALSE,FALSE,TRUE,-1.8767784427844,-1.7229407281248803,0.1538377146595198
2015__KIE__LN_NF_RF,2017__KAL__HN_NF_RF,220,0.5772054734972324,0.7127852002952728,0.24162204587838174,0.03318498602531899,0.20843705985306274,21.75441596369418,0.001,0.19927841637446098,0.24162204587838174,0.22953877021406194,0.0010112359550561798,2015,KIE,LN_NF_RF,LN,NF,RF,2017,KAL,HN_NF_RF,HN,NF,RF,FALSE,FALSE,FALSE,FALSE,TRUE,TRUE,0.7717218394881717,0.9254748896067355,0.15375305011856377
2017__GGE__HN_NF_RF,2017__QLB__LN_NF_RF,220,0.44572195445972,0.6780072465809774,0.19212121450385103,0.03340238964239118,0.15871882486145986,17.053458518225117,0.001,0.18675853932403452,0.19212121450385103,0.18039358060131533,0.0010112359550561798,2017,GGE,HN_NF_RF,HN,NF,RF,2017,QLB,LN_NF_RF,LN,NF,RF,TRUE,FALSE,FALSE,FALSE,TRUE,TRUE,-0.05453165697448077,0.09725584846236485,0.1517875054368456
2015__KAL__LN_NF_RF,2016__QLB__HN_WF_RF,220,0.2701713342331931,0.5329911023706351,0.12500497834651267,0.03252317940288394,0.09248179894362873,9.88055892644321,0.001,0.12226949164337322,0.12500497834651267,0.13601553918084217,0.0010112359550561798,2015,KAL,LN_NF_RF,LN,NF,RF,2016,QLB,HN_WF_RF,HN,WF,RF,FALSE,FALSE,FALSE,FALSE,FALSE,TRUE,-1.1577065250503222,-1.0061374257193563,0.15156909933096596
2015__HAN__LN_NF_RF,2016__GGE__HN_WF_RF,220,0.6476507273855928,0.7702754940466464,0.2677067419795321,0.032830157337743054,0.23487658464178904,25.59111155381981,0.001,0.2822715339719073,0.2677067419795321,0.2477749362625527,0.0010112359550561798,2015,HAN,LN_NF_RF,LN,NF,RF,2016,GGE,HN_WF_RF,HN,WF,RF,FALSE,FALSE,FALSE,FALSE,FALSE,TRUE,1.214405742083226,1.365911238011503,0.1515054959282771
2015__GGE__HN_NF_RF,2017__GGE__HN_WF_RF,220,0.5292446570200501,0.7065946140885706,0.22264692428122948,0.03248390160821602,0.19016302267301347,20.35232131509929,0.001,0.23613438247710544,0.22264692428122948,0.21364371333722457,0.0010112359550561798,2015,GGE,HN_NF_RF,HN,NF,RF,2017,GGE,HN_WF_RF,HN,WF,RF,FALSE,TRUE,FALSE,TRUE,FALSE,TRUE,0.47033203339262886,0.6210613167264193,0.15072928333379043
2016__QLB__LN_NF_RF,2017__QLB__HN_NF_RF,220,0.4710729766498439,0.6854465437865921,0.20073682778964974,0.03254642698082816,0.16819040080882158,17.616235807454128,0.001,0.17008931566611124,0.20073682778964974,0.1891253863525983,0.0010112359550561798,2016,QLB,LN_NF_RF,LN,NF,RF,2017,QLB,HN_NF_RF,HN,NF,RF,FALSE,TRUE,FALSE,FALSE,TRUE,TRUE,0.10477629946617482,0.2550357767034802,0.15025947723730537
2016__QLB__HN_NF_RF,2017__KIE__HN_NF_RF,215,0.2626056927717872,0.541300200439518,0.12355152638001521,0.034022529429276756,0.08952899695073846,9.267156812027633,0.001,0.09061420632402353,0.12355152638001521,0.1263983547419099,0.0010112359550561798,2016,QLB,HN_NF_RF,HN,NF,RF,2017,KIE,HN_NF_RF,HN,NF,RF,FALSE,FALSE,TRUE,TRUE,TRUE,TRUE,-1.2052496525558007,-1.055325954548946,0.1499236980068548
2015__KIE__HN_WF_RF,2017__HAN__LN_NF_RF,220,0.47277685260523145,0.6776860528673583,0.20225508733084502,0.03345050150744185,0.16880458582340316,17.200735818688337,0.001,0.21336806823654333,0.20225508733084502,0.21471894149351253,0.0010112359550561798,2015,KIE,HN_WF_RF,HN,WF,RF,2017,HAN,LN_NF_RF,LN,NF,RF,FALSE,FALSE,FALSE,FALSE,FALSE,TRUE,0.11548359933146034,0.26526702734920216,0.1497834280177418
2016__HAN__HN_WF_RF,2017__HAN__HN_WF_RF,220,0.5802933069503714,0.7535644049745581,0.24226809701712998,0.03293327994652946,0.20933481707060053,23.11655426077199,0.001,0.2729527188660827,0.24226809701712998,0.2375903350991201,0.0010112359550561798,2016,HAN,HN_WF_RF,HN,WF,RF,2017,HAN,HN_WF_RF,HN,WF,RF,FALSE,TRUE,TRUE,TRUE,TRUE,TRUE,0.7911260447134864,0.9404299583459047,0.14930391363241835
2016__HAN__LN_NF_RF,2017__QLB__LN_NF_RF,220,0.4040198773506099,0.6470588235294118,0.17611620843965578,0.03334531316654822,0.14277089527310755,15.245454868751983,0.001,0.16761618496399555,0.17611620843965578,0.17336269654576586,0.0010112359550561798,2016,HAN,LN_NF_RF,LN,NF,RF,2017,QLB,LN_NF_RF,LN,NF,RF,FALSE,FALSE,TRUE,TRUE,TRUE,TRUE,-0.31659101827988445,-0.16840883078728885,0.1481821874925956
2017__HAN__HN_WF_RF,2017__KAL__LN_NF_RF,220,0.2647635709304074,0.4910905371823986,0.12356424760553805,0.03340028381444116,0.0901639637910969,9.424648013329582,0.001,0.10076183964444767,0.12356424760553805,0.1470288390167905,0.0010112359550561798,2017,HAN,HN_WF_RF,HN,WF,RF,2017,KAL,LN_NF_RF,LN,NF,RF,TRUE,FALSE,FALSE,FALSE,FALSE,TRUE,-1.19168936464632,-1.0447485149481845,0.14694084969813548
2015__QLB__LN_NF_RF,2016__KIE__HN_WF_RF,216,0.17067859571201488,0.4032996344324176,0.08873401597919962,0.03407247281414372,0.054661543165055906,5.814126577794925,0.001,0.09365907717184253,0.08873401597919962,0.1215773572715246,0.0010112359550561798,2015,QLB,LN_NF_RF,LN,NF,RF,2016,KIE,HN_WF_RF,HN,WF,RF,FALSE,FALSE,FALSE,FALSE,FALSE,TRUE,-1.7829272650908625,-1.6361568940704507,0.1467703710204118
2015__KAL__HN_WF_RF,2017__KAL__HN_NF_RF,220,0.44172097959843726,0.6542749756287226,0.19009511958923242,0.03322139166664522,0.1568737279225872,16.934291951614906,0.001,0.1624244429372217,0.19009511958923242,0.1711064696018683,0.0010112359550561798,2015,KAL,HN_WF_RF,HN,WF,RF,2017,KAL,HN_NF_RF,HN,NF,RF,FALSE,TRUE,FALSE,TRUE,FALSE,TRUE,-0.07967411963895282,0.0665197529877442,0.14619387262669703
2015__GGE__LN_NF_RF,2017__KAL__HN_WF_RF,220,0.5823212481354332,0.74368741653189685,0.2438933078671181,0.034012794661178826,0.20988051320593928,22.476376074990732,0.001,0.24236667170759246,0.2438933078671181,0.2485219422530201,0.0010112359550561798,2015,GGE,LN_NF_RF,LN,NF,RF,2017,KAL,HN_WF_RF,HN,WF,RF,FALSE,FALSE,FALSE,FALSE,FALSE,TRUE,0.8038697977484189,0.9495203037703306,0.14565050602191165
2015__KIE__HN_WF_RF,2017__HAN__HN_NF_RF,220,0.26895186496727247,0.483804511362932,0.12461410882911372,0.03300045509868592,0.0916136537304278,9.869399450949498,0.001,0.14194127901803008,0.12461410882911372,0.13393300024389793,0.0010112359550561798,2015,KIE,HN_WF_RF,HN,WF,RF,2017,HAN,HN_NF_RF,HN,NF,RF,FALSE,FALSE,FALSE,TRUE,FALSE,TRUE,-1.1653697725217274,-1.0205992101365382,0.14477056238518915
2017__GGE__LN_NF_RF,2017__QLB__HN_WF_RF,220,0.38786588996977694,0.5698799186309259,0.16915231981628445,0.03269528276176583,0.13645703705451862,14.989526340588899,0.001,0.14675422991860335,0.16915231981628445,0.16860978434617602,0.0010112359550561798,2017,GGE,LN_NF_RF,LN,NF,RF,2017,QLB,HN_WF_RF,HN,WF,RF,TRUE,FALSE,FALSE,FALSE,FALSE,TRUE,-0.41810403415390285,-0.2735866915984061,0.14451734255549675
2015__HAN__HN_NF_RF,2015__KAL__HN_WF_RF,220,0.2308551291585859,0.4556161002575185,0.11042707550677462,0.03321747484461261,0.07720960066216201,8.33662600502979,0.001,0.07136266050168502,0.11042707550677462,0.10838115501041036,0.0010112359550561798,2015,HAN,HN_NF_RF,HN,NF,RF,2015,KAL,HN_WF_RF,HN,WF,RF,TRUE,FALSE,FALSE,TRUE,FALSE,TRUE,-1.4047728657471275,-1.2605456004862072,0.14422726526092022
2016__GGE__HN_WF_RF,2017__HAN__LN_NF_RF,220,0.6571849752923764,0.775531800995137,0.27135964923926226,0.033331892998215686,0.23802775624104658,25.088422479905663,0.001,0.2727582458933664,0.27135964923926226,0.28882421366567723,0.0010112359550561798,2016,GGE,HN_WF_RF,HN,WF,RF,2017,HAN,LN_NF_RF,LN,NF,RF,FALSE,FALSE,FALSE,FALSE,FALSE,TRUE,1.2743197581271237,1.41840425834618,0.14408450021905628
2016__KAL__HN_WF_RF,2017__QLB__LN_NF_RF,220,0.4068457289214038,0.6382648777491646,0.1766460866331897,0.033070150550555115,0.14357593608263458,15.54894879557247,0.001,0.17194912975645954,0.1766460866331897,0.19036556739903346,0.0010112359550561798,2016,KAL,HN_WF_RF,HN,WF,RF,2017,QLB,LN_NF_RF,LN,NF,RF,FALSE,FALSE,FALSE,FALSE,FALSE,TRUE,-0.29883312924599875,-0.15499825562384673,0.14383487362215203
2015__KIE__HN_WF_RF,2017__KAL__HN_NF_RF,220,0.46608593548621197,0.6607563266709117,0.19886876506032575,0.03296352889493141,0.16590523616539432,17.594030471622908,0.001,0.16765366929419626,0.19886876506032575,0.1812634017620537,0.0010112359550561798,2015,KIE,HN_WF_RF,HN,WF,RF,2017,KAL,HN_NF_RF,HN,NF,RF,FALSE,FALSE,FALSE,TRUE,FALSE,TRUE,0.07343731319156468,0.21696892114925553,0.14353160795769085
2017__KIE__HN_WF_RF,2017__QLB__LN_NF_RF,216,0.37380611362142796,0.5931244715940889,0.16526977167560136,0.03417903298240481,0.13109073869319654,13.88640296352006,0.001,0.15743963785734097,0.16526977167560136,0.1877888337388726,0.0010112359550561798,2017,KIE,HN_WF_RF,HN,WF,RF,2017,QLB,LN_NF_RF,LN,NF,RF,TRUE,FALSE,FALSE,FALSE,FALSE,TRUE,-0.5064568516959397,-0.36297985859356235,0.14347699310237733
2016__QLB__HN_NF_RF,2017__QLB__HN_NF_RF,220,0.5370879941057545,0.7217166395248588,0.22511147838652174,0.032432282028554166,0.19267919635796757,21.484089622932157,0.001,0.20258077613262987,0.22511147838652174,0.20741750957990368,0.0010112359550561798,2016,QLB,HN_NF_RF,HN,NF,RF,2017,QLB,HN_NF_RF,HN,NF,RF,FALSE,TRUE,TRUE,TRUE,TRUE,TRUE,0.5196202235661025,0.6629763798226325,0.14335615625652998
2015__GGE__LN_NF_RF,2016__GGE__HN_WF_RF,220,0.7061536018913211,0.7860635738153869,0.28961821486825357,0.03331150581941677,0.2563067090488368,26.98388453815048,0.001,0.30281758750725185,0.28961821486825357,0.2824290671703013,0.0010112359550561798,2015,GGE,LN_NF_RF,LN,NF,RF,2016,GGE,HN_WF_RF,HN,WF,RF,FALSE,TRUE,FALSE,FALSE,FALSE,TRUE,1.582042727823491,1.722899717007335,0.14085698918384404
2015__KAL__HN_WF_RF,2017__KAL__HN_WF_RF,220,0.68676971118973,0.8112643198863989,0.28205363896999824,0.03317875932242288,0.24887487964757538,25.563422680045516,0.001,0.2845079575097862,0.28205363896999824,0.29200814875213865,0.0010112359550561798,2015,KAL,HN_WF_RF,HN,WF,RF,2017,KAL,HN_WF_RF,HN,WF,RF,FALSE,TRUE,TRUE,TRUE,TRUE,TRUE,1.4602327277224878,1.599098407051323,0.1388656793288352
2015__KAL__HN_WF_RF,2016__QLB__LN_NF_RF,220,0.17882169448510957,0.4020838146543223,0.09003152588236371,0.03288199495248494,0.05714953092987877,5.9446162049322915,0.001,0.06315224368846285,0.09003152588236371,0.10149789045199141,0.0010112359550561798,2015,KAL,HN_WF_RF,HN,WF,RF,2016,QLB,LN_NF_RF,LN,NF,RF,FALSE,FALSE,FALSE,FALSE,FALSE,TRUE,-1.7317553472523186,-1.5947113592217472,0.13704398803057138
2016__KAL__LN_NF_RF,2016__QLB__HN_WF_RF,220,0.30138322817666324,0.5874137144080738,0.13629399768872008,0.03296218346683453,0.10333181422188556,10.784743864078388,0.001,0.13573167575543368,0.13629399768872008,0.15773974229798285,0.0010112359550561798,2016,KAL,LN_NF_RF,LN,NF,RF,2016,QLB,HN_WF_RF,HN,WF,RF,TRUE,FALSE,FALSE,FALSE,FALSE,TRUE,-0.9615683573864642,-0.8253951034772784,0.13617325390918578
2017__GGE__HN_WF_RF,2017__QLB__HN_NF_RF,220,0.25077315304620584,0.5038176972101227,0.11757246338742468,0.0333621133140294,0.08421035007339528,8.343822710855722,0.001,0.1034579887675959,0.11757246338742468,0.1195932357150476,0.0010112359550561798,2017,GGE,HN_WF_RF,HN,WF,RF,2017,QLB,HN_NF_RF,HN,NF,RF,TRUE,FALSE,FALSE,TRUE,FALSE,TRUE,-1.279606327763935,-1.1439253309685362,0.1356809967953987
2016__HAN__HN_NF_RF,2016__QLB__HN_NF_RF,220,0.515605456814154,0.6978164462451328,0.21729059956768218,0.033187668174728645,0.18410293139295353,18.789227019331882,0.001,0.21992613777980927,0.21729059956768218,0.2147325710363598,0.0010112359550561798,2016,HAN,HN_NF_RF,HN,NF,RF,2016,QLB,HN_NF_RF,HN,NF,RF,TRUE,FALSE,TRUE,TRUE,TRUE,TRUE,0.38462215171642766,0.5201107703108779,0.13548861859445027
2015__GGE__HN_WF_RF,2016__KAL__HN_NF_RF,220,0.2744774028791881,0.47581524035996237,0.12678271023996263,0.033685465403229836,0.09309724483673279,9.736465836420647,0.001,0.09613364280902803,0.12678271023996263,0.12864988354301046,0.0010112359550561798,2015,GGE,HN_WF_RF,HN,WF,RF,2016,KAL,HN_NF_RF,HN,NF,RF,FALSE,FALSE,FALSE,TRUE,FALSE,TRUE,-1.1306468273725738,-0.9958851710375686,0.13476165633500525
2016__QLB__HN_NF_RF,2017__GGE__HN_NF_RF,220,0.31964991378551266,0.5538946146520684,0.14321295739754628,0.03309197656830302,0.11012098082924326,11.307243409613136,0.001,0.11429829388256925,0.14321295739754628,0.16792229960312532,0.0010112359550561798,2016,QLB,HN_NF_RF,HN,NF,RF,2017,GGE,HN_NF_RF,HN,NF,RF,FALSE,FALSE,TRUE,TRUE,TRUE,TRUE,-0.8467789680882524,-0.7122994342793502,0.1344795338089022
2015__HAN__HN_NF_RF,2017__KIE__HN_WF_RF,216,0.3400031389083726,0.5550316150466187,0.15130674047375428,0.03354082527789052,0.11776591519586377,12.34992776295413,0.001,0.13445929236249998,0.15130674047375428,0.14321360127790841,0.0010112359550561798,2015,HAN,HN_NF_RF,HN,NF,RF,2017,KIE,HN_WF_RF,HN,WF,RF,FALSE,FALSE,FALSE,TRUE,FALSE,TRUE,-0.7188775889256166,-0.5849481674493135,0.13392942147630305
2015__KIE__LN_NF_RF,2016__KIE__LN_NF_RF,215,0.5467276964861562,0.6911577193363763,0.229561304439452,0.033867434053349875,0.19569387038610211,19.487049310699966,0.001,0.21559345892043952,0.229561304439452,0.20726654863348062,0.0010112359550561798,2015,KIE,LN_NF_RF,LN,NF,RF,2016,KIE,LN_NF_RF,LN,NF,RF,FALSE,TRUE,TRUE,TRUE,TRUE,TRUE,0.5801969243950015,0.7131955887982956,0.1329986644032941
2016__KAL__HN_NF_RF,2017__QLB__LN_NF_RF,220,0.4779433452032619,0.6716509920377769,0.20296500195550898,0.03326249444866971,0.16970250750683927,18.05791754871247,0.001,0.17004244006893823,0.20296500195550898,0.18310528021186462,0.0010112359550561798,2016,KAL,HN_NF_RF,HN,NF,RF,2017,QLB,LN_NF_RF,LN,NF,RF,FALSE,FALSE,FALSE,FALSE,TRUE,TRUE,0.14795027351861223,0.28022483580325924,0.132274562284647
2015__KIE__LN_NF_RF,2016__KIE__HN_NF_RF,216,0.4914100406078329,0.6469927005560913,0.20881237579803613,0.03403068861438911,0.174781687183647,17.755880478672857,0.001,0.2427533074615145,0.20881237579803613,0.23174908029047386,0.0010112359550561798,2015,KIE,LN_NF_RF,LN,NF,RF,2016,KIE,HN_NF_RF,HN,NF,RF,FALSE,TRUE,FALSE,FALSE,TRUE,TRUE,0.23257612050898505,0.36483510651049894,0.1322589860015139
2016__GGE__LN_NF_RF,2017__KAL__HN_WF_RF,220,0.3965319749152265,0.6312684897696985,0.1714479841157115,0.03246482598833822,0.13898315812737327,15.212840651125003,0.001,0.17316833407425006,0.1714479841157115,0.1895945091159722,0.0010112359550561798,2016,GGE,LN_NF_RF,LN,NF,RF,2017,KAL,HN_WF_RF,HN,WF,RF,FALSE,FALSE,FALSE,FALSE,FALSE,TRUE,-0.3636456272049894,-0.23150592237706044,0.13213970482792894
2017__HAN__HN_NF_RF,2017__KAL__HN_NF_RF,220,0.707227739917232,0.7963395186602278,0.2891899834602036,0.03303353848811085,0.2561564449720927,27.236676101711126,0.001,0.2918565379684223,0.2891899834602036,0.26792999926623706,0.0010112359550561798,2017,HAN,HN_NF_RF,HN,NF,RF,2017,KAL,HN_NF_RF,HN,NF,RF,TRUE,FALSE,TRUE,TRUE,TRUE,TRUE,1.5887927015547165,1.7203965796859793,0.13160387813126273
2015__HAN__HN_WF_RF,2016__HAN__HN_WF_RF,220,0.6390685037837079,0.73354107616799,0.2636648655345174,0.033250118207560624,0.23041474732695677,25.05281660206284,0.001,0.245321041703336,0.2636648655345174,0.25486661638314134,0.0010112359550561798,2015,HAN,HN_WF_RF,HN,WF,RF,2016,HAN,HN_WF_RF,HN,WF,RF,FALSE,TRUE,TRUE,TRUE,TRUE,TRUE,1.1604743268732436,1.2915848138482824,0.1311104869750388
2016__GGE__HN_WF_RF,2016__QLB__HN_WF_RF,220,0.46066580164234805,0.6614437939176053,0.1959992651768131,0.0329702708375166,0.1630289943392965,17.821450644943518,0.001,0.1847570428023288,0.1959992651768131,0.20780591966673018,0.0010112359550561798,2016,GGE,HN_WF_RF,HN,WF,RF,2016,QLB,HN_WF_RF,HN,WF,RF,TRUE,FALSE,TRUE,TRUE,TRUE,TRUE,0.039376736074592134,0.1690557511078731,0.12967901503328097
2016__GGE__HN_NF_RF,2016__KIE__HN_WF_RF,216,0.21624262734811758,0.46291930125388486,0.10434981720266401,0.0335342071248782,0.0708156100777858,7.080313919286046,0.001,0.0892325748022524,0.10434981720266401,0.10495770404642278,0.0010112359550561798,2016,GGE,HN_NF_RF,HN,NF,RF,2016,KIE,HN_WF_RF,HN,WF,RF,TRUE,FALSE,FALSE,TRUE,FALSE,TRUE,-1.4965990565986338,-1.367058326687622,0.12954072991101184
2017__GGE__LN_NF_RF,2017__HAN__HN_NF_RF,220,0.3889745385266912,0.591850695637964,0.16898954310745484,0.03305297756858224,0.1359365655388726,14.14346165225172,0.001,0.13979082612469146,0.16898954310745484,0.14427565940963732,0.0010112359550561798,2017,GGE,LN_NF_RF,LN,NF,RF,2017,HAN,HN_NF_RF,HN,NF,RF,TRUE,FALSE,FALSE,FALSE,TRUE,TRUE,-0.41113719334218596,-0.28225683887342723,0.12888035446875873
2015__QLB__LN_NF_RF,2016__KIE__HN_NF_RF,216,0.4685027478648149,0.6485883375605805,0.19979924381908767,0.0338974306709055,0.16590181314818217,17.7904607747536,0.001,0.19669220305248541,0.19979924381908767,0.20786025586897913,0.0010112359550561798,2015,QLB,LN_NF_RF,LN,NF,RF,2016,KIE,HN_NF_RF,HN,NF,RF,FALSE,FALSE,FALSE,FALSE,TRUE,TRUE,0.08862476552576302,0.21691189965535604,0.12828713412959303
2015__KAL__LN_NF_RF,2017__QLB__HN_NF_RF,220,0.30620846801338847,0.5470458630813183,0.1373650047856315,0.03275108038164067,0.10461392440399081,11.137242879296672,0.001,0.12798767023446084,0.1373650047856315,0.12994090891066515,0.0010112359550561798,2015,KAL,LN_NF_RF,LN,NF,RF,2017,QLB,HN_NF_RF,HN,NF,RF,FALSE,FALSE,FALSE,FALSE,TRUE,TRUE,-0.9312461442638625,-0.8040373850095173,0.12720875925434527
2017__KIE__LN_NF_RF,2017__QLB__HN_NF_RF,212,0.2920100731620106,0.5659344603793736,0.13384050770632863,0.03466433241859554,0.09917617528773309,10.12974792191718,0.001,0.12452941452070385,0.13384050770632863,0.15845716584626945,0.0010112359550561798,2017,KIE,LN_NF_RF,LN,NF,RF,2017,QLB,HN_NF_RF,HN,NF,RF,TRUE,FALSE,FALSE,FALSE,TRUE,TRUE,-1.0204700521420909,-0.8946207969068071,0.12584925523528379
2016__QLB__LN_NF_RF,2017__GGE__LN_NF_RF,220,0.20345065881204083,0.4303330835160005,0.09891691523770287,0.03315431787438447,0.0657625973633184,6.902244217865422,0.001,0.10288120677351409,0.09891691523770287,0.11769823595228508,0.0010112359550561798,2016,QLB,LN_NF_RF,LN,NF,RF,2017,GGE,LN_NF_RF,LN,NF,RF,FALSE,FALSE,TRUE,TRUE,TRUE,TRUE,-1.5769848631768575,-1.4512327014612505,0.125752161715607
2015__HAN__LN_NF_RF,2017__QLB__HN_NF_RF,220,0.3883186546595793,0.6383911012436396,0.16808993286924934,0.03261280917205099,0.13547712369719833,15.083688049504287,0.001,0.1622701938589772,0.16808993286924934,0.18567378854384284,0.0010112359550561798,2015,HAN,LN_NF_RF,LN,NF,RF,2017,QLB,HN_NF_RF,HN,NF,RF,FALSE,FALSE,FALSE,FALSE,TRUE,TRUE,-0.4152588227482261,-0.2899103382713308,0.12534848447689534
2015__GGE__LN_NF_RF,2017__HAN__HN_WF_RF,220,0.5644264706624298,0.7152521934149654,0.23490407407625066,0.03309412298238655,0.20180995109386413,20.682949812921976,0.001,0.24898408526438542,0.23490407407625066,0.24913820124023872,0.0010112359550561798,2015,GGE,LN_NF_RF,LN,NF,RF,2017,HAN,HN_WF_RF,HN,WF,RF,FALSE,FALSE,FALSE,FALSE,FALSE,TRUE,0.6914175104676701,0.8150788213828747,0.1236613109152046
2015__QLB__HN_NF_RF,2016__QLB__HN_WF_RF,220,0.3057589684211387,0.5599916602334009,0.13699425778125887,0.03280888797061777,0.10418536981064111,11.167568453374372,0.001,0.13322350939430147,0.13699425778125887,0.1422580074769317,0.0010112359550561798,2015,QLB,HN_NF_RF,HN,NF,RF,2016,QLB,HN_WF_RF,HN,WF,RF,FALSE,TRUE,FALSE,TRUE,FALSE,TRUE,-0.9340708375217981,-0.8111763567457836,0.1228944807760145
2015__GGE__HN_NF_RF,2017__GGE__HN_NF_RF,220,0.496312414131853,0.6809239108997369,0.20906172324881286,0.033096232588856314,0.17596549065995654,18.30825099640799,0.001,0.22769850554348056,0.20906172324881286,0.21569112253829362,0.0010112359550561798,2015,GGE,HN_NF_RF,HN,NF,RF,2017,GGE,HN_NF_RF,HN,NF,RF,FALSE,TRUE,TRUE,TRUE,TRUE,TRUE,0.2633830482124634,0.38455520679599875,0.12117215858353536
2017__GGE__HN_NF_RF,2017__QLB__HN_NF_RF,220,0.3885322899255048,0.6424426500171867,0.1686175718583127,0.03340228219293275,0.13521528966537993,13.606558657725989,0.001,0.17502204330850893,0.1686175718583127,0.18295627481014715,0.0010112359550561798,2017,GGE,HN_NF_RF,HN,NF,RF,2017,QLB,HN_NF_RF,HN,NF,RF,TRUE,FALSE,TRUE,TRUE,TRUE,TRUE,-0.41391632076219165,-0.2942720363647612,0.11964428439743047
2015__KIE__HN_NF_RF,2017__KIE__LN_NF_RF,212,0.6210408557690723,0.7363780285216619,0.25760405202422104,0.03474502687071068,0.22285902515351036,21.93812240876879,0.001,0.2502805498937609,0.25760405202422104,0.23970663823505156,0.0010112359550561798,2015,KIE,HN_NF_RF,HN,NF,RF,2017,KIE,LN_NF_RF,LN,NF,RF,FALSE,TRUE,FALSE,FALSE,TRUE,TRUE,1.0471870699293448,1.1657196664893315,0.1185325965599866
2015__QLB__HN_NF_RF,2017__HAN__LN_NF_RF,220,0.29889193749061727,0.5811588894586477,0.13472220186420183,0.0333945834426634,0.10132761842153844,10.67826552610835,0.001,0.13399675755933307,0.13472220186420183,0.15223260321942944,0.0010112359550561798,2015,QLB,HN_NF_RF,HN,NF,RF,2017,HAN,LN_NF_RF,LN,NF,RF,FALSE,FALSE,FALSE,FALSE,TRUE,TRUE,-0.9772238376711305,-0.8587815083709641,0.1184423293001664
2016__GGE__HN_WF_RF,2016__GGE__LN_NF_RF,220,0.7054614122743346,0.8275088328271245,0.28810412037513594,0.03350804057214906,0.2545960798029869,26.409164424938243,0.001,0.30064140279367135,0.28810412037513594,0.301858237193019,0.0010112359550561798,2016,GGE,HN_WF_RF,HN,WF,RF,2016,GGE,LN_NF_RF,LN,NF,RF,TRUE,TRUE,FALSE,FALSE,FALSE,TRUE,1.5776929500305257,1.6944036186645315,0.11671066863400581
2015__KAL__HN_WF_RF,2017__QLB__LN_NF_RF,220,0.20904991108005985,0.4579974417202459,0.10057610570668989,0.0332898457951708,0.06728625991151908,7.198485887808576,0.001,0.09935585845082891,0.10057610570668989,0.11606957991772462,0.0010112359550561798,2015,KAL,HN_WF_RF,HN,WF,RF,2017,QLB,LN_NF_RF,LN,NF,RF,FALSE,FALSE,FALSE,FALSE,FALSE,TRUE,-1.541798690811732,-1.4258511420613342,0.11594754875039781
2015__KIE__HN_WF_RF,2017__QLB__HN_WF_RF,220,0.24763656213064636,0.49509587914100406,0.1148235122351954,0.03302108347904051,0.08180242875615489,8.614644493579483,0.001,0.1255627790425698,0.1148235122351954,0.15931669783114,0.0010112359550561798,2015,KIE,HN_WF_RF,HN,WF,RF,2017,QLB,HN_WF_RF,HN,WF,RF,FALSE,FALSE,TRUE,TRUE,TRUE,TRUE,-1.2993169289854813,-1.1840370985092132,0.11527983047626811
2015__QLB__HN_NF_RF,2017__HAN__HN_WF_RF,220,0.3265126730859121,0.5919521252317386,0.14433958443789777,0.0328496604097529,0.11148992402814487,11.914434480420233,0.001,0.14883643686921474,0.14433958443789777,0.14379012966104182,0.0010112359550561798,2015,QLB,HN_NF_RF,HN,NF,RF,2017,HAN,HN_WF_RF,HN,WF,RF,FALSE,FALSE,FALSE,TRUE,FALSE,TRUE,-0.8036528112220154,-0.6894952292675093,0.1141575819545061
2016__HAN__HN_WF_RF,2016__QLB__HN_WF_RF,220,0.4641573515751054,0.6740334604959908,0.19645302690426153,0.03306385627881942,0.16338917062544212,17.286528196352236,0.001,0.17929828075337337,0.19645302690426153,0.1750990612147889,0.0010112359550561798,2016,HAN,HN_WF_RF,HN,WF,RF,2016,QLB,HN_WF_RF,HN,WF,RF,TRUE,FALSE,TRUE,TRUE,TRUE,TRUE,0.061317929625942375,0.17505565956007083,0.11373772993412845
2015__KIE__HN_NF_RF,2017__KIE__HN_NF_RF,215,0.4200684568240214,0.6736929169987202,0.1804023282741049,0.03370397915275997,0.14669834912134494,14.871319485766808,0.001,0.18935175821411013,0.1804023282741049,0.20863130974119412,0.0010112359550561798,2015,KIE,HN_NF_RF,HN,NF,RF,2017,KIE,HN_NF_RF,HN,NF,RF,FALSE,TRUE,TRUE,TRUE,TRUE,TRUE,-0.21574039456496966,-0.10298430272680317,0.11275609183816648
2015__KIE__HN_WF_RF,2016__QLB__HN_NF_RF,220,0.2087190006622643,0.4010255658926086,0.10012767830171015,0.03321066091210686,0.06691701738960329,7.334450010524271,0.001,0.07207211655824988,0.10012767830171015,0.1062635449616442,0.0010112359550561798,2015,KIE,HN_WF_RF,HN,WF,RF,2016,QLB,HN_NF_RF,HN,NF,RF,FALSE,FALSE,FALSE,TRUE,FALSE,TRUE,-1.5438781597194777,-1.4320020781817029,0.11187608153777484
2015__GGE__HN_WF_RF,2017__QLB__HN_WF_RF,220,0.23398551288954214,0.42609445349171376,0.10958921493278276,0.03318316303831786,0.0764060518944649,7.870982669262725,0.001,0.094291795835469025,0.10958921493278276,0.12269189246140794,0.0010112359550561798,2015,GGE,HN_WF_RF,HN,WF,RF,2017,QLB,HN_WF_RF,HN,WF,RF,FALSE,FALSE,TRUE,TRUE,TRUE,TRUE,-1.3851012709958912,-1.2739313208362408,0.11116995015965037
2015__HAN__HN_WF_RF,2015__QLB__HN_WF_RF,220,0.32319498085092757,0.6028794734677088,0.14310387291728288,0.033083271957124,0.11002060096015888,11.248812772332792,0.001,0.1309375584183235,0.14310387291728288,0.1776518908193172,0.0010112359550561798,2015,HAN,HN_WF_RF,HN,WF,RF,2015,QLB,HN_WF_RF,HN,WF,RF,TRUE,FALSE,TRUE,TRUE,TRUE,TRUE,-0.8245014683724288,-0.7139715877445186,0.11052988062791014
2015__KIE__LN_NF_RF,2017__KIE__HN_WF_RF,216,0.5658909295140715,0.7234320484883124,0.23446788227543985,0.032911131477421814,0.20155675079801805,21.883337284882696,0.001,0.19678559204529994,0.23446788227543985,0.23370149952902997,0.0010112359550561798,2015,KIE,LN_NF_RF,LN,NF,RF,2017,KIE,HN_WF_RF,HN,WF,RF,FALSE,TRUE,FALSE,FALSE,FALSE,TRUE,0.7006202931088117,0.8108609462656561,0.11024065315684439
2015__GGE__HN_WF_RF,2017__KAL__HN_NF_RF,220,0.48057155845898814,0.6675318235350468,0.20264191146511373,0.03329106828447494,0.1693508431806388,17.278815651834584,0.001,0.20916742445224865,0.20264191146511373,0.216184784355618,0.0010112359550561798,2015,GGE,HN_WF_RF,HN,WF,RF,2017,KAL,HN_NF_RF,HN,NF,RF,FALSE,FALSE,FALSE,TRUE,FALSE,TRUE,0.16446618675161387,0.27436672175114907,0.1099005349995352
2015__KIE__HN_WF_RF,2016__HAN__LN_NF_RF,220,0.374728361197182,0.5594180195308317,0.16229602692965217,0.032881353384816105,0.12941467354483607,13.520525688817932,0.001,0.13284829107984705,0.16229602692965217,0.16999315998829864,0.0010112359550561798,2015,KIE,HN_WF_RF,HN,WF,RF,2016,HAN,LN_NF_RF,LN,NF,RF,FALSE,FALSE,FALSE,FALSE,FALSE,TRUE,-0.5006613703333396,-0.39090017938341043,0.10976119094992914
2015__KIE__HN_WF_RF,2017__GGE__HN_WF_RF,220,0.4643637084097891,0.6309901218845618,0.19633986620000052,0.03315150152771121,0.1631883646722893,16.76550106503339,0.001,0.19460652493068079,0.19633986620000052,0.21894712061478133,0.0010112359550561798,2015,KIE,HN_WF_RF,HN,WF,RF,2017,GGE,HN_WF_RF,HN,WF,RF,FALSE,FALSE,TRUE,TRUE,TRUE,TRUE,0.06261469333765675,0.1717105827687409,0.10909588943108416
2015__KIE__HN_WF_RF,2017__GGE__LN_NF_RF,220,0.5330130824118424,0.7108456410632076,0.22212012974160725,0.033040369627478694,0.18907976011412855,20.021971789013087,0.001,0.23589437788698828,0.22212012974160725,0.21725296952644627,0.0010112359550561798,2015,KIE,HN_WF_RF,HN,WF,RF,2017,GGE,LN_NF_RF,LN,NF,RF,FALSE,FALSE,FALSE,FALSE,FALSE,TRUE,0.494013135624451,0.6030160526904216,0.1090029170659706
2015__HAN__HN_WF_RF,2015__QLB__HN_NF_RF,220,0.3903187653654494,0.6642849495387771,0.16872521636935509,0.033534002516913415,0.13519121385244168,13.576044617235837,0.001,0.19170339506951536,0.16872521636935509,0.18186543644478945,0.0010112359550561798,2015,HAN,HN_WF_RF,HN,WF,RF,2015,QLB,HN_NF_RF,HN,NF,RF,TRUE,FALSE,FALSE,TRUE,FALSE,TRUE,-0.40268995878615,-0.29467309739820013,0.10801686138794986
2015__HAN__HN_NF_RF,2015__KIE__HN_WF_RF,220,0.2681732887323891,0.4759820356919471,0.12188568299023765,0.032784089640457696,0.08910159334977996,9.46730820762349,0.001,0.13553569170589205,0.12188568299023765,0.15918292696410014,0.0010112359550561798,2015,HAN,HN_NF_RF,HN,NF,RF,2015,KIE,HN_WF_RF,HN,WF,RF,TRUE,FALSE,FALSE,TRUE,FALSE,TRUE,-1.1702624110899997,-1.0624457527603524,0.10781665832964737
2015__GGE__HN_WF_RF,2016__QLB__HN_WF_RF,220,0.4543819589990072,0.6545510895228865,0.1928276077118096,0.03353717016788286,0.15929043754392674,16.381190839243512,0.001,0.21075195128602825,0.1928276077118096,0.19242334286847132,0.0010112359550561798,2015,GGE,HN_WF_RF,HN,WF,RF,2016,QLB,HN_WF_RF,HN,WF,RF,FALSE,FALSE,TRUE,TRUE,TRUE,TRUE,-1.1145980948828768e-4,0.10677791833991873,0.10688937814940702
2017__HAN__HN_WF_RF,2017__QLB__HN_NF_RF,220,0.39285541083828157,0.6154296952040708,0.1688990271559039,0.03287770854501934,0.13602131861088457,14.836355764389713,0.001,0.15784526983400254,0.1688990271559039,0.15744986896604643,0.0010112359550561798,2017,HAN,HN_WF_RF,HN,WF,RF,2017,QLB,HN_NF_RF,HN,NF,RF,TRUE,FALSE,FALSE,TRUE,FALSE,TRUE,-0.38674946520523384,-0.28084500058014,0.10590446462509384
2015__QLB__HN_NF_RF,2017__QLB__HN_WF_RF,220,0.1715933575223204,0.4038982773873991,0.085270197216237,0.03272829647974038,0.05254190073649662,5.658016856920609,0.001,0.0744084797270786,0.085270197216237,0.0877852015542491,0.0010112359550561798,2015,QLB,HN_NF_RF,HN,NF,RF,2017,QLB,HN_WF_RF,HN,WF,RF,FALSE,TRUE,FALSE,TRUE,FALSE,TRUE,-1.7771788249081821,-1.671466438346244,0.10571238656193804
2017__HAN__HN_WF_RF,2017__QLB__HN_WF_RF,220,0.34034309438587285,0.5844316843511043,0.14935395895192968,0.03316672305312476,0.11618723589880492,12.240943806009767,0.001,0.15405334457434974,0.14935395895192968,0.15853057396612075,0.0010112359550561798,2017,HAN,HN_WF_RF,HN,WF,RF,2017,QLB,HN_WF_RF,HN,WF,RF,TRUE,FALSE,TRUE,TRUE,TRUE,TRUE,-0.7167412801016484,-0.6112462098859643,0.10549507021568405
2015__KIE__HN_NF_RF,2017__KAL__HN_NF_RF,220,0.7037238057135713,0.8046353324354937,0.2866097613398898,0.03339529770529384,0.253214463634596,27.342647012783026,0.001,0.29864795162918084,0.2866097613398898,0.3121902779413495,0.0010112359550561798,2015,KIE,HN_NF_RF,HN,NF,RF,2017,KAL,HN_NF_RF,HN,NF,RF,FALSE,FALSE,TRUE,TRUE,TRUE,TRUE,1.5667736842030153,1.6713883040941826,0.10461461989116727
2015__GGE__HN_NF_RF,2015__KAL__HN_WF_RF,220,0.4201740518007426,0.6375131717597472,0.17985033313487483,0.03368171108227827,0.14616862205259656,14.745795343319301,0.001,0.19210987372792637,0.17985033313487483,0.19225225146240724,0.0010112359550561798,2015,GGE,HN_NF_RF,HN,NF,RF,2015,KAL,HN_WF_RF,HN,WF,RF,TRUE,FALSE,FALSE,TRUE,FALSE,TRUE,-0.21507682684664686,-0.11180863136640788,0.10326819548023898
2015__KAL__HN_WF_RF,2017__KIE__HN_WF_RF,216,0.5309508575423029,0.7111551697448171,0.2214835590845008,0.03357927597736078,0.18790428310714002,20.122934485152527,0.001,0.20940033828288457,0.2214835590845008,0.22128905179635053,0.0010112359550561798,2015,KAL,HN_WF_RF,HN,WF,RF,2017,KIE,HN_WF_RF,HN,WF,RF,FALSE,FALSE,TRUE,TRUE,TRUE,TRUE,0.48105394103168103,0.58343465685487506,0.10238071582319402
2015__KAL__HN_WF_RF,2016__GGE__HN_NF_RF,220,0.19477386891459367,0.41802516580921095,0.09391878825213108,0.03288933568413951,0.061029452567991575,6.3437209867914,0.001,0.06622603137071661,0.09391878825213108,0.10520344557938188,0.0010112359550561798,2015,KAL,HN_WF_RF,HN,WF,RF,2016,GGE,HN_NF_RF,HN,NF,RF,FALSE,FALSE,FALSE,TRUE,FALSE,TRUE,-1.6315105409448225,-1.5300786348425364,0.10143190610228614
2017__HAN__HN_NF_RF,2017__KAL__HN_WF_RF,220,0.33873089455933664,0.547439184506066,0.14816513312108728,0.03289775119243112,0.11526738192865615,11.946297070335023,0.001,0.1364970844919739,0.14816513312108728,0.140013837548372,0.0010112359550561798,2017,HAN,HN_NF_RF,HN,NF,RF,2017,KAL,HN_WF_RF,HN,WF,RF,TRUE,FALSE,FALSE,TRUE,FALSE,TRUE,-0.7268724794597367,-0.626569371966801,0.1003031074929357
2015__KAL__LN_NF_RF,2017__GGE__HN_WF_RF,220,0.49955678087402866,0.7053211091889577,0.20895839454341983,0.03306895441197888,0.17588944013144095,19.167520824185384,0.001,0.20693338454176818,0.20895839454341983,0.202956615756255,0.0010112359550561798,2015,KAL,LN_NF_RF,LN,NF,RF,2017,GGE,HN_WF_RF,HN,WF,RF,FALSE,FALSE,FALSE,FALSE,FALSE,TRUE,0.28377092179656616,0.3832883376922114,0.09951741589564522
2017__KIE__HN_WF_RF,2017__QLB__HN_WF_RF,216,0.3835881637334617,0.6106717155479345,0.16602072815568994,0.03400040681468977,0.13202032134100017,13.926680571474025,0.001,0.18212768450828964,0.16602072815568994,0.17832604001646996,0.0010112359550561798,2017,KIE,HN_WF_RF,HN,WF,RF,2017,QLB,HN_WF_RF,HN,WF,RF,TRUE,FALSE,TRUE,TRUE,TRUE,TRUE,-0.44498562574453476,-0.34749463371865685,0.09749099202587791
2015__GGE__LN_NF_RF,2016__KAL__HN_WF_RF,220,0.5436753568017384,0.7308047311270518,0.22549719561397583,0.03308928919084804,0.19240790642312777,20.76807294013246,0.001,0.25084605690179196,0.22549719561397583,0.2490153860699677,0.0010112359550561798,2015,GGE,LN_NF_RF,LN,NF,RF,2016,KAL,HN_WF_RF,HN,WF,RF,FALSE,FALSE,FALSE,FALSE,FALSE,TRUE,0.561015764998725,0.6584571628845597,0.09744139788583472
2015__QLB__HN_NF_RF,2016__HAN__HN_WF_RF,220,0.22306811854620437,0.4952863413782028,0.10471871374841397,0.033421215054356725,0.07129749869405724,7.505093348776699,0.001,0.08644206023521359,0.10471871374841397,0.1088298983483678,0.0010112359550561798,2015,QLB,HN_NF_RF,HN,NF,RF,2016,HAN,HN_WF_RF,HN,WF,RF,FALSE,FALSE,FALSE,TRUE,FALSE,TRUE,-1.453707095623013,-1.3590309031925176,0.0946761924304953
2016__QLB__HN_WF_RF,2017__GGE__HN_NF_RF,220,0.5046467637785643,0.6950789742087082,0.21081771291023868,0.033322589891835855,0.1774951230184028,19.1776608526038,0.001,0.20933343214598948,0.21081771291023868,0.19319492537866886,0.0010112359550561798,2016,QLB,HN_WF_RF,HN,WF,RF,2017,GGE,HN_NF_RF,HN,NF,RF,FALSE,FALSE,FALSE,TRUE,FALSE,TRUE,0.315756802632383,0.4100362128178284,0.09427941018544544
2015__KIE__HN_NF_RF,2016__QLB__HN_WF_RF,220,0.36738358316934516,0.5871229495725869,0.15897995969190523,0.033353021738611134,0.1256269379532941,13.356747900354023,0.001,0.18139258525235943,0.15897995969190523,0.18837574908463678,0.0010112359550561798,2015,KIE,HN_NF_RF,HN,NF,RF,2016,QLB,HN_WF_RF,HN,WF,RF,FALSE,FALSE,FALSE,TRUE,FALSE,TRUE,-0.5468165734391437,-0.45399724508305017,0.09281932835609352
2015__QLB__LN_NF_RF,2016__KAL__HN_WF_RF,220,0.26512055752267766,0.5241115049334227,0.12041587061468266,0.03345594716874713,0.08695992344593553,9.060698248237022,0.001,0.1324894464641035,0.12041587061468266,0.16323027060809073,0.0010112359550561798,2015,QLB,LN_NF_RF,LN,NF,RF,2016,KAL,HN_WF_RF,HN,WF,RF,FALSE,FALSE,FALSE,FALSE,FALSE,TRUE,-1.1894460308641643,-1.0981222363384473,0.09132379452571704
2017__GGE__HN_NF_RF,2017__KIE__HN_NF_RF,215,0.3571780221380375,0.5947583858581469,0.15579263292205126,0.03415093151297749,0.12164170140907377,12.081387387345943,0.001,0.17761517038003688,0.15579263292205126,0.18139313978314903,0.0010112359550561798,2017,GGE,HN_NF_RF,HN,NF,RF,2017,KIE,HN_NF_RF,HN,NF,RF,TRUE,FALSE,TRUE,TRUE,TRUE,TRUE,-0.6109491776408549,-0.5203843320330421,0.09056484560781275
2015__GGE__HN_NF_RF,2016__QLB__LN_NF_RF,220,0.45733107011407265,0.6827913424206736,0.19312363031189783,0.03371576113828308,0.15940786917361474,16.22342447282064,0.001,0.19223910424683718,0.19312363031189783,0.18146902143166754,0.0010112359550561798,2015,GGE,HN_NF_RF,HN,NF,RF,2016,QLB,LN_NF_RF,LN,NF,RF,FALSE,FALSE,FALSE,FALSE,TRUE,TRUE,0.018421002571477593,0.10873412438296592,0.09031312181148833
2016__KIE__HN_WF_RF,2017__QLB__LN_NF_RF,216,0.2688428769261549,0.49136808011526684,0.12240296492854118,0.03411415941781769,0.08828880551072349,8.994262067949133,0.001,0.10375671075706779,0.12240296492854118,0.13296821609110274,0.0010112359550561798,2016,KIE,HN_WF_RF,HN,WF,RF,2017,QLB,LN_NF_RF,LN,NF,RF,FALSE,FALSE,FALSE,FALSE,FALSE,TRUE,-1.1660546625422048,-1.0759853799178902,0.09006928262431457
2015__KAL__HN_NF_RF,2017__KIE__HN_WF_RF,216,0.33886537034903896,0.5577060931899641,0.14861283592204522,0.033911122364793024,0.1147017135572522,11.457412986725101,0.001,0.13470203482570708,0.14861283592204522,0.1551841188046666,0.0010112359550561798,2015,KAL,HN_NF_RF,HN,NF,RF,2017,KIE,HN_WF_RF,HN,WF,RF,FALSE,FALSE,FALSE,TRUE,FALSE,TRUE,-0.7260274222826509,-0.6359924199943306,0.09003500228832029
2015__HAN__LN_NF_RF,2017__GGE__LN_NF_RF,220,0.48864601042518435,0.6595639654463185,0.20395746346281346,0.03285824404100846,0.171099219421805,19.01703681788375,0.001,0.18316007462032136,0.20395746346281346,0.1852748206728569,0.0010112359550561798,2015,HAN,LN_NF_RF,LN,NF,RF,2017,GGE,LN_NF_RF,LN,NF,RF,FALSE,FALSE,TRUE,TRUE,TRUE,TRUE,0.21520672227976598,0.30349161917083484,0.08828489689106886
2015__QLB__HN_NF_RF,2017__KAL__LN_NF_RF,220,0.1345955604529285,0.3774916461459572,0.07113117306770847,0.033593222582555426,0.03753795048515304,3.8750680003213063,0.001,0.0785035928076654,0.07113117306770847,0.11024125794038311,0.0010112359550561798,2015,QLB,HN_NF_RF,HN,NF,RF,2017,KAL,LN_NF_RF,LN,NF,RF,FALSE,FALSE,FALSE,FALSE,TRUE,TRUE,-2.0096760946327565,-1.9214060689997534,0.08827002563300312
2017__KAL__HN_WF_RF,2017__QLB__HN_WF_RF,220,0.2771266604626045,0.5152724793337203,0.12455017659027667,0.03332979234860951,0.09122038424166716,9.59899859088345,0.001,0.12793649860873432,0.12455017659027667,0.13264038511197526,0.0010112359550561798,2017,KAL,HN_WF_RF,HN,WF,RF,2017,QLB,HN_WF_RF,HN,WF,RF,TRUE,FALSE,TRUE,TRUE,TRUE,TRUE,-1.1139986698137283,-1.0271503935996615,0.08684827621406677
2016__QLB__HN_NF_RF,2017__KAL__LN_NF_RF,220,0.09319024324671524,0.27951403954627163,0.05490893831563122,0.0330925929830282,0.021816345332603022,2.3996505090017877,0.02,0.056680049706153826,0.05490893831563122,0.09580916708451327,0.02,2016,QLB,HN_NF_RF,HN,NF,RF,2017,KAL,LN_NF_RF,LN,NF,RF,FALSE,FALSE,FALSE,FALSE,TRUE,TRUE,-2.2698705917394126,-2.183300578064577,0.08657001367483552
2016__KIE__HN_WF_RF,2016__QLB__LN_NF_RF,216,0.16712389312987552,0.36681789494992795,0.0833868849092524,0.033780889933113796,0.04960599497613861,5.117229123494819,0.002,0.08249491087077117,0.0833868849092524,0.09891426737837704,0.0020142421159715157,2016,KIE,HN_WF_RF,HN,WF,RF,2016,QLB,LN_NF_RF,LN,NF,RF,TRUE,FALSE,FALSE,FALSE,FALSE,TRUE,-1.8052653152045008,-1.7203735054242413,0.08489180978025956
2016__HAN__HN_NF_RF,2016__KIE__HN_NF_RF,216,0.7337302500303959,0.8132021100513223,0.2971050375290603,0.03379134393091045,0.2633136935981499,27.100727650441076,0.001,0.30577407256297084,0.2971050375290603,0.2879408512976888,0.0010112359550561798,2016,HAN,HN_NF_RF,HN,NF,RF,2016,KIE,HN_NF_RF,HN,NF,RF,TRUE,FALSE,TRUE,TRUE,TRUE,TRUE,1.7553367049882653,1.8396238530456648,0.08428714805739945
2016__HAN__HN_WF_RF,2017__QLB__HN_NF_RF,220,0.2588966036844715,0.49240123293306215,0.11686241433496515,0.03272529550716092,0.08413711882780422,8.780740238098542,0.001,0.09199240929088698,0.11686241433496515,0.14183763550275075,0.0010112359550561798,2016,HAN,HN_WF_RF,HN,WF,RF,2017,QLB,HN_NF_RF,HN,NF,RF,FALSE,FALSE,FALSE,TRUE,FALSE,TRUE,-1.2285578804578219,-1.1451452357381942,0.08341264471962773
2015__KIE__HN_WF_RF,2017__QLB__HN_NF_RF,220,0.21645513616109652,0.4737629815792588,0.10117750567158423,0.03306273829417269,0.06811476737741154,7.1862559560112516,0.001,0.10675215943023372,0.10117750567158423,0.11895320849338589,0.0010112359550561798,2015,KIE,HN_WF_RF,HN,WF,RF,2017,QLB,HN_NF_RF,HN,NF,RF,FALSE,FALSE,FALSE,TRUE,FALSE,TRUE,-1.4952636333376936,-1.4120496533500335,0.08321397998766011
2016__KIE__HN_WF_RF,2016__QLB__HN_WF_RF,216,0.38093336486505497,0.5850998463901689,0.16414185927869773,0.03400619814120597,0.13013566113749175,13.010457369393803,0.001,0.18040740586971074,0.16414185927869773,0.18526495715955202,0.0010112359550561798,2016,KIE,HN_WF_RF,HN,WF,RF,2016,QLB,HN_WF_RF,HN,WF,RF,TRUE,FALSE,TRUE,TRUE,TRUE,TRUE,-0.46166860520449543,-0.3788897841477966,0.08277882105669881
2015__QLB__LN_NF_RF,2017__HAN__HN_NF_RF,220,0.4719878024004175,0.6767100747761505,0.19754214492221764,0.03309756389991849,0.16444458102229914,17.256313105315037,0.001,0.17622755251807215,0.19754214492221764,0.2058908145658435,0.0010112359550561798,2015,QLB,LN_NF_RF,LN,NF,RF,2017,HAN,HN_NF_RF,HN,NF,RF,FALSE,FALSE,FALSE,FALSE,TRUE,TRUE,0.11052514145487961,0.19263695517618346,0.08211181372130384
2015__HAN__HN_WF_RF,2017__QLB__HN_WF_RF,220,0.41376327393618106,0.5745107430844739,0.17543054286023382,0.033038586737838625,0.1423919561223952,15.473290110177512,0.001,0.1438278957390488,0.17543054286023382,0.17170921013320406,0.0010112359550561798,2015,HAN,HN_WF_RF,HN,WF,RF,2017,QLB,HN_WF_RF,HN,WF,RF,FALSE,FALSE,TRUE,TRUE,TRUE,TRUE,-0.2553626943410216,-0.17472129582366946,0.08064139851735214
2015__KAL__HN_WF_RF,2015__KIE__HN_WF_RF,220,0.6079389907085944,0.7739709122464965,0.24888426628171106,0.033333072480536505,0.21555119380117455,22.525679702907123,0.001,0.256572074090844,0.24888426628171106,0.23570289189632848,0.0010112359550561798,2015,KAL,HN_WF_RF,HN,WF,RF,2015,KIE,HN_WF_RF,HN,WF,RF,TRUE,FALSE,TRUE,TRUE,TRUE,TRUE,0.9648538475175439,1.0439839476630586,0.07913010014551469
2015__KAL__LN_NF_RF,2017__KIE__HN_NF_RF,215,0.32275723450710936,0.5904380690188125,0.14185691930447833,0.03392549577216116,0.10793142353231716,11.36573054943792,0.001,0.16148432612165645,0.14185691930447833,0.1717621090451033,0.0010112359550561798,2015,KAL,LN_NF_RF,LN,NF,RF,2017,KIE,HN_NF_RF,HN,NF,RF,FALSE,FALSE,FALSE,FALSE,TRUE,TRUE,-0.8272523032283193,-0.7487736382670234,0.07847866496129596
2015__GGE__HN_NF_RF,2016__GGE__HN_WF_RF,220,0.6875408400186087,0.7731256656317091,0.27872428369090496,0.033247788182489434,0.24547649550841552,26.49332519221627,0.001,0.3321735519100103,0.27872428369090496,0.2792505933761512,0.0010112359550561798,2015,GGE,HN_NF_RF,HN,NF,RF,2016,GGE,HN_WF_RF,HN,WF,RF,FALSE,TRUE,FALSE,TRUE,FALSE,TRUE,1.4650785661648134,1.542487257165359,0.07740869100054559
2015__KAL__HN_WF_RF,2015__QLB__HN_NF_RF,220,0.22229534603710344,0.492503789522323,0.1034077407187826,0.03347038914481959,0.06993735157396301,7.196075605060525,0.001,0.11488401009725059,0.1034077407187826,0.11287308414266402,0.0010112359550561798,2015,KAL,HN_WF_RF,HN,WF,RF,2015,QLB,HN_NF_RF,HN,NF,RF,TRUE,FALSE,FALSE,TRUE,FALSE,TRUE,-1.4585632630901515,-1.3816885808797883,0.0768746822103632
2015__KAL__HN_WF_RF,2017__HAN__HN_WF_RF,220,0.3339390210995842,0.5588905856432045,0.14471577875947442,0.03271866632503022,0.1119971124344442,11.963426559429177,0.001,0.13929072340803983,0.14471577875947442,0.16427989934570966,0.0010112359550561798,2015,KAL,HN_WF_RF,HN,WF,RF,2017,HAN,HN_WF_RF,HN,WF,RF,FALSE,FALSE,TRUE,TRUE,TRUE,TRUE,-0.7569850154620432,-0.6810463554163816,0.07593866004566163
2016__KIE__LN_NF_RF,2017__KAL__HN_WF_RF,215,0.48616112247567866,0.6689656837885485,0.2028976276775082,0.03352736098978523,0.16937026668772298,17.48766805849292,0.001,0.1798707258047989,0.2028976276775082,0.20861608574291704,0.0010112359550561798,2016,KIE,LN_NF_RF,LN,NF,RF,2017,KAL,HN_WF_RF,HN,WF,RF,FALSE,FALSE,FALSE,FALSE,FALSE,TRUE,0.1995914773302357,0.2746902834869112,0.07509880615667552
2015__KAL__HN_WF_RF,2016__KIE__HN_WF_RF,216,0.6444245916524184,0.774163779039998,0.2628033051216874,0.03375514706401053,0.2290481580576769,24.059676848079302,0.001,0.23116845857729468,0.2628033051216874,0.2563307038995566,0.0010112359550561798,2015,KAL,HN_WF_RF,HN,WF,RF,2016,KIE,HN_WF_RF,HN,WF,RF,FALSE,FALSE,TRUE,TRUE,TRUE,TRUE,1.1941324336936172,1.2688198211965456,0.07468738750292836
2015__QLB__HN_NF_RF,2016__KIE__LN_NF_RF,215,0.3001549452849969,0.5850648409765993,0.13317002105157041,0.03406091222736365,0.09910910882420676,9.895353580588294,0.001,0.13884038428946505,0.13317002105157041,0.14460006049495522,0.0010112359550561798,2015,QLB,HN_NF_RF,HN,NF,RF,2016,KIE,LN_NF_RF,LN,NF,RF,FALSE,FALSE,FALSE,FALSE,TRUE,TRUE,-0.9692869904236208,-0.895738007164253,0.07354898325936776
2015__GGE__HN_WF_RF,2015__KIE__LN_NF_RF,220,0.6373068274754684,0.770515544085246,0.25940546108403045,0.03312004807841232,0.22628541300561814,23.899459676680827,0.001,0.2908058260390378,0.25940546108403045,0.2725912892781763,0.0010112359550561798,2015,GGE,HN_WF_RF,HN,WF,RF,2015,KIE,LN_NF_RF,LN,NF,RF,TRUE,FALSE,FALSE,FALSE,FALSE,TRUE,1.1494038047273993,1.2227973093690658,0.0733935046416665
2016__KIE__LN_NF_RF,2017__KIE__HN_WF_RF,212,0.5238572242945746,0.6327159055558423,0.21779650690887825,0.03439360982173627,0.18340289708714197,17.961893073999043,0.001,0.18047131897610427,0.21779650690887825,0.21803819139161065,0.0010112359550561798,2016,KIE,LN_NF_RF,LN,NF,RF,2017,KIE,HN_WF_RF,HN,WF,RF,FALSE,TRUE,FALSE,FALSE,FALSE,TRUE,0.43647695285503346,0.5084494202725,0.07197246741746649
2016__KIE__LN_NF_RF,2017__QLB__LN_NF_RF,215,0.4620905616477312,0.6699654664444928,0.1935551459395464,0.03353528812550425,0.16001985781404215,16.41422340274502,0.001,0.19512856144144564,0.1935551459395464,0.20404182885012281,0.0010112359550561798,2016,KIE,LN_NF_RF,LN,NF,RF,2017,QLB,LN_NF_RF,LN,NF,RF,FALSE,FALSE,TRUE,TRUE,TRUE,TRUE,0.04833004782564229,0.11892878726775347,0.07059873944211117
2015__GGE__HN_WF_RF,2016__QLB__HN_NF_RF,220,0.18310590818824526,0.4141404123676485,0.08773468624633357,0.03323500379783167,0.0544996824485019,5.660813028043338,0.001,0.06466856293577049,0.08773468624633357,0.09445473670703983,0.0010112359550561798,2015,GGE,HN_WF_RF,HN,WF,RF,2016,QLB,HN_NF_RF,HN,NF,RF,FALSE,FALSE,FALSE,TRUE,FALSE,TRUE,-1.704832987874341,-1.6388532111759542,0.06597977669838673
2015__KIE__HN_WF_RF,2016__KAL__HN_WF_RF,220,0.5478076115608943,0.7225404732254048,0.22465411563669685,0.03269907956988006,0.1919550360668168,20.60824543662783,0.001,0.20639251528687547,0.22465411563669685,0.22899650369596775,0.0010112359550561798,2015,KIE,HN_WF_RF,HN,WF,RF,2016,KAL,HN_WF_RF,HN,WF,RF,FALSE,FALSE,TRUE,TRUE,TRUE,TRUE,0.5869832015871305,0.6509131329661618,0.06392993137903136
2015__QLB__HN_WF_RF,2017__QLB__LN_NF_RF,220,0.32973847489704633,0.6114761950378389,0.14300709790919108,0.033339171717266684,0.10966792619192439,11.20300369179986,0.001,0.15850566755464318,0.14300709790919108,0.16430625257748402,0.0010112359550561798,2015,QLB,HN_WF_RF,HN,WF,RF,2017,QLB,LN_NF_RF,LN,NF,RF,FALSE,TRUE,FALSE,FALSE,FALSE,TRUE,-0.7833816012266029,-0.7198465339977859,0.06353506722881708
2015__KAL__HN_NF_RF,2016__QLB__HN_NF_RF,220,0.5055327372112739,0.7037872683319903,0.2088222245299637,0.032929736224343184,0.17589248830562054,18.15644793217148,0.001,0.21964951328339116,0.2088222245299637,0.20854235520429398,0.0010112359550561798,2015,KAL,HN_NF_RF,HN,NF,RF,2016,QLB,HN_NF_RF,HN,NF,RF,FALSE,FALSE,TRUE,TRUE,TRUE,TRUE,0.32132433422803836,0.3833391149552556,0.06201478072721722
2017__KAL__HN_NF_RF,2017__QLB__LN_NF_RF,220,0.5169963974199158,0.7061224029797761,0.21336547128491562,0.03324193575472116,0.18012353553019445,17.927516309548192,0.001,0.1870578902430798,0.21336547128491562,0.20326548810628786,0.0010112359550561798,2017,KAL,HN_NF_RF,HN,NF,RF,2017,QLB,LN_NF_RF,LN,NF,RF,TRUE,FALSE,FALSE,FALSE,TRUE,TRUE,0.3933629395147419,0.45382097892257045,0.06045803940782857
2016__KAL__HN_NF_RF,2017__KIE__HN_NF_RF,215,0.3678553107642036,0.6392366393779131,0.15779667319632007,0.03400365631635474,0.12379301687996533,12.750980196707536,0.001,0.17025676922867486,0.15779667319632007,0.16550852378890393,0.0010112359550561798,2016,KAL,HN_NF_RF,HN,NF,RF,2017,KIE,HN_NF_RF,HN,NF,RF,FALSE,FALSE,TRUE,TRUE,TRUE,TRUE,-0.5438521975425837,-0.4845471701385825,0.05930502740400123
2015__HAN__HN_WF_RF,2017__KIE__HN_NF_RF,215,0.406953046809855,0.648797362892125,0.17263040694005907,0.03409175877487149,0.13853864816518757,14.377962982959854,0.001,0.17516580507096202,0.17263040694005907,0.2119810814735409,0.0010112359550561798,2015,HAN,HN_WF_RF,HN,WF,RF,2017,KIE,HN_NF_RF,HN,NF,RF,FALSE,FALSE,FALSE,TRUE,FALSE,TRUE,-0.2981587346054013,-0.23891068271746152,0.0592480518879398
2015__HAN__HN_NF_RF,2017__GGE__LN_NF_RF,220,0.3502167999354453,0.5481446836805419,0.15021182391635574,0.03310068739579783,0.1171111365205579,12.620332591841805,0.001,0.1180648702360258,0.15021182391635574,0.1376304026722275,0.0010112359550561798,2015,HAN,HN_NF_RF,HN,NF,RF,2017,GGE,LN_NF_RF,LN,NF,RF,FALSE,FALSE,FALSE,FALSE,TRUE,TRUE,-0.6546940836689958,-0.5958556376504419,0.058838446018553925
2017__HAN__HN_WF_RF,2017__QLB__LN_NF_RF,220,0.5202645659398759,0.7201749096994867,0.2138615866304156,0.03265144145946866,0.18121014517094694,19.41309724415395,0.001,0.22930840906569877,0.2138615866304156,0.22518279106379632,0.0010112359550561798,2017,HAN,HN_WF_RF,HN,WF,RF,2017,QLB,LN_NF_RF,LN,NF,RF,TRUE,FALSE,FALSE,FALSE,FALSE,TRUE,0.4139003854730892,0.47192199950212754,0.058021614029038326
2016__QLB__HN_WF_RF,2017__HAN__HN_NF_RF,220,0.2758091055077346,0.5160963130342664,0.12184200813560153,0.032882158053532076,0.08895985008206946,9.475073508312944,0.001,0.11061152065291857,0.12184200813560153,0.12904260352034622,0.0010112359550561798,2016,QLB,HN_WF_RF,HN,WF,RF,2017,HAN,HN_NF_RF,HN,NF,RF,FALSE,FALSE,FALSE,TRUE,FALSE,TRUE,-1.122278296007277,-1.0648069482712488,0.057471347736028244
2015__HAN__HN_WF_RF,2015__QLB__LN_NF_RF,220,0.37333535398437906,0.6143387635732519,0.1589958205268459,0.033251686702179546,0.12574413382466637,13.116840452361181,0.001,0.18095828290930513,0.1589958205268459,0.17990887157632007,0.0010112359550561798,2015,HAN,HN_WF_RF,HN,WF,RF,2015,QLB,LN_NF_RF,LN,NF,RF,TRUE,FALSE,FALSE,FALSE,FALSE,TRUE,-0.509415144864182,-0.4520449663621662,0.05737017850201587
2016__GGE__LN_NF_RF,2017__KIE__HN_WF_RF,216,0.39471397804209746,0.5806427797425546,0.1675099329144874,0.03370134998720716,0.13380858292728023,13.997952221595385,0.001,0.15668357244422,0.1675099329144874,0.15778395922374838,0.0010112359550561798,2016,GGE,LN_NF_RF,LN,NF,RF,2017,KIE,HN_WF_RF,HN,WF,RF,FALSE,FALSE,FALSE,FALSE,FALSE,TRUE,-0.37507007251932944,-0.31770531604568775,0.0573647564736417
2017__KAL__HN_WF_RF,2017__KIE__HN_WF_RF,216,0.6624687266030115,0.7685695233332142,0.2681580587322305,0.03337577086656734,0.23478228786566313,24.863317896512143,0.001,0.26969105766013624,0.2681580587322305,0.2650429354072946,0.0010112359550561798,2017,KAL,HN_WF_RF,HN,WF,RF,2017,KIE,HN_WF_RF,HN,WF,RF,TRUE,FALSE,TRUE,TRUE,TRUE,TRUE,1.3075232959302594,1.3643404182605767,0.05681712233031733
2017__HAN__LN_NF_RF,2017__KIE__LN_NF_RF,212,0.5811617711971541,0.7327482735993893,0.23831365074487093,0.03425385228196664,0.20405979846290428,21.242742595170192,0.001,0.22508944351667368,0.23831365074487093,0.23603726469277217,0.0010112359550561798,2017,HAN,LN_NF_RF,LN,NF,RF,2017,KIE,LN_NF_RF,LN,NF,RF,TRUE,FALSE,TRUE,TRUE,TRUE,TRUE,0.7965835471115797,0.8525573527712543,0.05597380565967458
2016__KAL__HN_NF_RF,2017__KIE__HN_WF_RF,216,0.3286538760976574,0.5124685933388108,0.14250147748199213,0.03370819108240759,0.10879328639958454,11.69559431776792,0.001,0.11570767885827712,0.14250147748199213,0.15140362446043154,0.0010112359550561798,2016,KAL,HN_NF_RF,HN,NF,RF,2017,KIE,HN_WF_RF,HN,WF,RF,FALSE,FALSE,FALSE,TRUE,FALSE,TRUE,-0.7901973113385191,-0.73441650677097,0.05578080456754908
2015__GGE__HN_NF_RF,2016__HAN__HN_NF_RF,220,0.7229427591713761,0.7669271904566023,0.29063605794986525,0.03318366289307238,0.25745239505679285,27.89126903492373,0.001,0.28537543135516175,0.29063605794986525,0.29721059371446445,0.0010112359550561798,2015,GGE,HN_NF_RF,HN,NF,RF,2016,HAN,HN_NF_RF,HN,NF,RF,FALSE,FALSE,TRUE,TRUE,TRUE,TRUE,1.6875472047864863,1.7419848467815948,0.05443764199510848
2015__HAN__LN_NF_RF,2017__GGE__HN_WF_RF,220,0.5054536168574532,0.6899736846553929,0.20865669729199965,0.033297304714089156,0.1753593925779105,17.97506676712237,0.001,0.1993295497168387,0.20865669729199965,0.20286002049257665,0.0010112359550561798,2015,HAN,LN_NF_RF,LN,NF,RF,2017,GGE,HN_WF_RF,HN,WF,RF,FALSE,FALSE,FALSE,FALSE,FALSE,TRUE,0.320827135267558,0.37445867033535424,0.05363153506779622
2016__QLB__LN_NF_RF,2017__HAN__HN_NF_RF,220,0.4103853677670378,0.6516366791950998,0.172637469037182,0.03315929913231499,0.139478169904867,15.177804975174482,0.001,0.18593273864987242,0.172637469037182,0.17045316873785518,0.0010112359550561798,2016,QLB,LN_NF_RF,LN,NF,RF,2017,HAN,HN_NF_RF,HN,NF,RF,FALSE,FALSE,FALSE,FALSE,TRUE,TRUE,-0.27658974092000077,-0.22325988991472007,0.053329851005280704
2016__GGE__HN_NF_RF,2017__HAN__HN_NF_RF,220,0.7275339265262282,0.7748736356310894,0.2925053646988141,0.033464581860714965,0.25904078283809917,27.04680847870431,0.001,0.2751469961948182,0.2925053646988141,0.28523608900574626,0.0010112359550561798,2016,GGE,HN_NF_RF,HN,NF,RF,2017,HAN,HN_NF_RF,HN,NF,RF,FALSE,FALSE,TRUE,TRUE,TRUE,TRUE,1.716398486738481,1.768444615625383,0.05204612888690208
2016__KIE__LN_NF_RF,2017__KAL__HN_NF_RF,215,0.5471538482957219,0.6843270786543988,0.22474314994228586,0.03385636959787602,0.19088678034440984,20.49152767674606,0.001,0.21872191656788156,0.22474314994228586,0.23140149248069167,0.0010112359550561798,2016,KIE,LN_NF_RF,LN,NF,RF,2017,KAL,HN_NF_RF,HN,NF,RF,FALSE,FALSE,FALSE,FALSE,TRUE,TRUE,0.5828748982221024,0.6331178566403167,0.050242958418214356
2016__GGE__HN_NF_RF,2016__KAL__LN_NF_RF,220,0.6948898271057183,0.7734277004220598,0.27903871960761123,0.032602490930367434,0.2464362286772438,26.343423696385525,0.001,0.25592422309470597,0.27903871960761123,0.2380368061228914,0.0010112359550561798,2016,GGE,HN_NF_RF,HN,NF,RF,2016,KAL,LN_NF_RF,LN,NF,RF,TRUE,FALSE,FALSE,FALSE,TRUE,TRUE,1.5112602193532318,1.5584747371106074,0.04721451775737551
2015__KAL__HN_WF_RF,2017__HAN__HN_NF_RF,220,0.2097541135997976,0.43059454646884143,0.09643275952751972,0.03301754942890799,0.06341521009861173,6.8500766747258055,0.001,0.07998519888207248,0.09643275952751972,0.12208189126908946,0.0010112359550561798,2015,KAL,HN_WF_RF,HN,WF,RF,2017,HAN,HN_NF_RF,HN,NF,RF,FALSE,FALSE,FALSE,TRUE,FALSE,TRUE,-1.5373734229271303,-1.490336077313153,0.04703734561397721
2015__KIE__LN_NF_RF,2015__QLB__HN_NF_RF,220,0.25534080527242803,0.5076889267058486,0.1141076219383783,0.03365896408260407,0.08044865785577424,8.250280387188814,0.001,0.09895603940673058,0.1141076219383783,0.13154689152167506,0.0010112359550561798,2015,KIE,LN_NF_RF,LN,NF,RF,2015,QLB,HN_NF_RF,HN,NF,RF,TRUE,FALSE,FALSE,FALSE,TRUE,TRUE,-1.250902816858779,-1.2065885595019814,0.044314257356797615
2016__KAL__LN_NF_RF,2016__KIE__HN_WF_RF,216,0.37571987795901207,0.6116350516200478,0.15987432937631316,0.03403539292471207,0.1258389364516011,12.83245973834316,0.001,0.15427412400530852,0.15987432937631316,0.14419894398555774,0.0010112359550561798,2016,KAL,LN_NF_RF,LN,NF,RF,2016,KIE,HN_WF_RF,HN,WF,RF,TRUE,FALSE,FALSE,FALSE,FALSE,TRUE,-0.4944305955772297,-0.4504657200194287,0.043964875557800986
2016__KAL__HN_NF_RF,2017__KAL__HN_WF_RF,220,0.2886466235454939,0.46965846401785166,0.12619021658187732,0.03327160565558984,0.09291861092628748,9.58903216837866,0.001,0.10066680558220532,0.12619021658187732,0.14852132442552501,0.0010112359550561798,2016,KAL,HN_NF_RF,HN,NF,RF,2017,KAL,HN_WF_RF,HN,WF,RF,FALSE,TRUE,FALSE,TRUE,FALSE,TRUE,-1.0416062525280114,-0.9988609002855975,0.042745352242413936
2016__QLB__HN_NF_RF,2017__GGE__LN_NF_RF,220,0.19020013944568787,0.40880634273059735,0.08905369490301832,0.033289232897290875,0.05576446200572744,5.864641546071736,0.001,0.08440359440404233,0.08905369490301832,0.11207076264937106,0.0010112359550561798,2016,QLB,HN_NF_RF,HN,NF,RF,2017,GGE,LN_NF_RF,LN,NF,RF,FALSE,FALSE,FALSE,FALSE,TRUE,TRUE,-1.6602522417543328,-1.6177841906783188,0.042468051076014035
2015__GGE__HN_WF_RF,2017__KIE__HN_WF_RF,216,0.5703175019979219,0.7210564545898379,0.23290174257722535,0.03376728775115414,0.1991344548260712,20.54793940795262,0.001,0.24346628584163135,0.23290174257722535,0.23473695779376486,0.0010112359550561798,2015,GGE,HN_WF_RF,HN,WF,RF,2017,KIE,HN_WF_RF,HN,WF,RF,FALSE,FALSE,TRUE,TRUE,TRUE,TRUE,0.7284372470426599,0.7705097220600396,0.04207247501737976
2015__KIE__LN_NF_RF,2017__QLB__LN_NF_RF,220,0.33345769169201184,0.5358018291136744,0.14242222527782686,0.03279567050829468,0.10962655476953218,11.58622904517805,0.001,0.12052435132811819,0.14242222527782686,0.14197832520507944,0.0010112359550561798,2015,KIE,LN_NF_RF,LN,NF,RF,2017,QLB,LN_NF_RF,LN,NF,RF,FALSE,FALSE,TRUE,TRUE,TRUE,TRUE,-0.76000972995758,-0.7205357097054562,0.039474020252123765
2016__KAL__HN_WF_RF,2017__HAN__LN_NF_RF,220,0.584342516228834,0.7483002090576628,0.2376797339204208,0.033428197604796026,0.20425153631562476,20.59047504282566,0.001,0.2889369892246354,0.2376797339204208,0.2520263488924027,0.0010112359550561798,2016,KAL,HN_WF_RF,HN,WF,RF,2017,HAN,LN_NF_RF,LN,NF,RF,FALSE,FALSE,FALSE,FALSE,FALSE,TRUE,0.8165716165138901,0.8557513708323954,0.03917975431850529
2015__GGE__HN_WF_RF,2016__HAN__LN_NF_RF,220,0.4432720281603178,0.6323154685765484,0.18363780670461613,0.03266036360112343,0.1509774431034927,16.097424790731697,0.001,0.16328760293113126,0.18363780670461613,0.18190008313773526,0.0010112359550561798,2015,GGE,HN_WF_RF,HN,WF,RF,2016,HAN,LN_NF_RF,LN,NF,RF,FALSE,FALSE,FALSE,FALSE,FALSE,TRUE,-0.06992719997313876,-0.03170206361554686,0.0382251363575919
2016__KIE__HN_NF_RF,2016__QLB__HN_NF_RF,216,0.5141665659672017,0.7019874016123078,0.21143908739915754,0.03376856139872041,0.17767052600043712,18.956571073598433,0.001,0.19639410411724567,0.21143908739915754,0.22182710102369826,0.0010112359550561798,2016,KIE,HN_NF_RF,HN,NF,RF,2016,QLB,HN_NF_RF,HN,NF,RF,TRUE,FALSE,TRUE,TRUE,TRUE,TRUE,0.37558004056800826,0.41295812043620733,0.03737807986819908
2016__GGE__LN_NF_RF,2016__QLB__HN_NF_RF,220,0.39500603150798314,0.5980074719800748,0.16568697016707182,0.03300650433868618,0.13268046582838564,13.973663391437986,0.001,0.17288570599561728,0.16568697016707182,0.18626547633764376,0.0010112359550561798,2016,GGE,LN_NF_RF,LN,NF,RF,2016,QLB,HN_NF_RF,HN,NF,RF,TRUE,FALSE,FALSE,FALSE,TRUE,TRUE,-0.3732347839667525,-0.33649777845113826,0.03673700551561426
2016__GGE__LN_NF_RF,2017__KIE__LN_NF_RF,212,0.39246303552903716,0.5752758525578939,0.16588622738016912,0.034178899720214144,0.13170732765995496,13.637409199000684,0.001,0.13842180714689065,0.16588622738016912,0.16108381511353992,0.0010112359550561798,2016,GGE,LN_NF_RF,LN,NF,RF,2017,KIE,LN_NF_RF,LN,NF,RF,FALSE,FALSE,TRUE,TRUE,TRUE,TRUE,-0.3892151846624102,-0.3527085622992528,0.03650662236315738
2015__KAL__HN_NF_RF,2017__GGE__HN_NF_RF,220,0.37117960060317257,0.5890861757098663,0.15685711889848555,0.033198099816149615,0.12365901908233594,13.006137737155349,0.001,0.14527764809782276,0.15685711889848555,0.15509644149810928,0.0010112359550561798,2015,KAL,HN_NF_RF,HN,NF,RF,2017,GGE,HN_NF_RF,HN,NF,RF,FALSE,FALSE,TRUE,TRUE,TRUE,TRUE,-0.5229620804936193,-0.48677933963307113,0.036182740860548124
2015__HAN__HN_NF_RF,2017__KIE__LN_NF_RF,212,0.42336729627040637,0.6385975694999829,0.17781407262961593,0.03456746325520566,0.14324660937441028,14.291755161480266,0.001,0.15344628751327025,0.17781407262961593,0.20087441266441527,0.0010112359550561798,2015,HAN,HN_NF_RF,HN,NF,RF,2017,KIE,LN_NF_RF,LN,NF,RF,FALSE,FALSE,FALSE,FALSE,TRUE,TRUE,-0.19501020992436177,-0.1604842639375938,0.034525945986767975
2015__GGE__LN_NF_RF,2015__KIE__HN_WF_RF,220,0.4964959611430641,0.681130151073745,0.2034317021090356,0.03261961956571767,0.17081208254331792,18.2825442671873,0.001,0.22028394953471406,0.2034317021090356,0.2119717576309695,0.0010112359550561798,2015,GGE,LN_NF_RF,LN,NF,RF,2015,KIE,HN_WF_RF,HN,WF,RF,TRUE,FALSE,FALSE,FALSE,FALSE,TRUE,0.26453647307429085,0.2987084198030792,0.03417194672878837
2015__GGE__LN_NF_RF,2017__KIE__HN_WF_RF,216,0.5435781142548824,0.7015599137879707,0.2224009827194526,0.033850949848017536,0.18855003287143507,20.301450821427434,0.001,0.24274793744330547,0.2224009827194526,0.21876113110139034,0.0010112359550561798,2015,GGE,LN_NF_RF,LN,NF,RF,2017,KIE,HN_WF_RF,HN,WF,RF,FALSE,FALSE,FALSE,FALSE,FALSE,TRUE,0.5604046846524366,0.5941917211531949,0.033787036500758205
2016__KAL__HN_WF_RF,2017__KIE__LN_NF_RF,212,0.6180102671039411,0.7359447753317723,0.25107368924337853,0.03446016834021993,0.2166135209031586,22.623485697571738,0.001,0.2347405053387056,0.25107368924337853,0.25876139571105544,0.0010112359550561798,2016,KAL,HN_WF_RF,HN,WF,RF,2017,KIE,LN_NF_RF,LN,NF,RF,FALSE,FALSE,FALSE,FALSE,FALSE,TRUE,1.028142595768364,1.0616804635175636,0.033537867749199535
2016__GGE__HN_WF_RF,2016__HAN__LN_NF_RF,220,0.6278342098151342,0.7366031229044928,0.253525794354522,0.03322224269080507,0.22030355166371693,22.957050575306937,0.001,0.26117306995797285,0.253525794354522,0.25366775901972427,0.0010112359550561798,2016,GGE,HN_WF_RF,HN,WF,RF,2016,HAN,LN_NF_RF,LN,NF,RF,TRUE,FALSE,FALSE,FALSE,FALSE,TRUE,1.089877078337668,1.1231499372190943,0.03327285888142639
2017__GGE__HN_NF_RF,2017__QLB__HN_WF_RF,220,0.3811215596533745,0.5697322822222097,0.16027546803186796,0.033044173226782256,0.12723129480508572,13.701142427581363,0.001,0.15906133210216805,0.16027546803186796,0.16318720584867769,0.0010112359550561798,2017,GGE,HN_NF_RF,HN,NF,RF,2017,QLB,HN_WF_RF,HN,WF,RF,TRUE,FALSE,FALSE,TRUE,FALSE,TRUE,-0.4604859733202612,-0.4272714593895583,0.033214513930702905
2015__HAN__HN_WF_RF,2016__GGE__LN_NF_RF,220,0.4417863333273052,0.6647120808281163,0.1831099791353299,0.03315601991392909,0.1499539592214008,15.990595261770618,0.001,0.19233356567055526,0.1831099791353299,0.2017537845922135,0.0010112359550561798,2015,HAN,HN_WF_RF,HN,WF,RF,2016,GGE,LN_NF_RF,LN,NF,RF,FALSE,FALSE,FALSE,FALSE,FALSE,TRUE,-0.07926343130797946,-0.04875151920454817,0.030511912103431287
2016__QLB__LN_NF_RF,2017__GGE__HN_NF_RF,220,0.3210789210735552,0.5632610741393981,0.13775771856265384,0.03336951225544747,0.10438820630720637,10.712223857013003,0.001,0.12472992719368821,0.13775771856265384,0.135103691387192,0.0010112359550561798,2016,QLB,LN_NF_RF,LN,NF,RF,2017,GGE,HN_NF_RF,HN,NF,RF,FALSE,FALSE,FALSE,FALSE,TRUE,TRUE,-0.8377989660556107,-0.8077974546443165,0.030001511411294146
2016__HAN__HN_WF_RF,2016__HAN__LN_NF_RF,220,0.5752964626893461,0.7348855817832449,0.23330798558921842,0.03305807553741044,0.20024991005180798,21.303006757728483,0.001,0.24078675314146133,0.23330798558921842,0.2205089626014752,0.0010112359550561798,2016,HAN,HN_WF_RF,HN,WF,RF,2016,HAN,LN_NF_RF,LN,NF,RF,TRUE,TRUE,FALSE,FALSE,FALSE,TRUE,0.7597254549500378,0.7890912597525025,0.029365804802464646
2015__KIE__HN_NF_RF,2017__GGE__LN_NF_RF,220,0.5849272589660339,0.7099553146289649,0.2370540293074289,0.03347846702692829,0.2035755622805006,21.53029586474667,0.001,0.26092378789621495,0.2370540293074289,0.22709390131531648,0.0010112359550561798,2015,KIE,HN_NF_RF,HN,NF,RF,2017,GGE,LN_NF_RF,LN,NF,RF,FALSE,FALSE,FALSE,FALSE,TRUE,TRUE,0.8202461890738526,0.844490822920677,0.024244633846824404
2016__GGE__HN_WF_RF,2017__KIE__HN_NF_RF,215,0.3600270342044089,0.6001135018957232,0.15276598419757093,0.03412939478244105,0.11863658941512988,12.324691672541064,0.001,0.14227005964707237,0.15276598419757093,0.19110242843148809,0.0010112359550561798,2016,GGE,HN_WF_RF,HN,WF,RF,2017,KIE,HN_NF_RF,HN,NF,RF,FALSE,FALSE,FALSE,TRUE,FALSE,TRUE,-0.5930457461040701,-0.5704442542039723,0.02260149190009786
2015__GGE__HN_WF_RF,2017__HAN__LN_NF_RF,220,0.551921811806065,0.7106698297673318,0.22367230641379562,0.03267147498510756,0.19100083142868807,21.13548254829161,0.001,0.2494020380982533,0.22367230641379562,0.22158005685551715,0.0010112359550561798,2015,GGE,HN_WF_RF,HN,WF,RF,2017,HAN,LN_NF_RF,LN,NF,RF,FALSE,FALSE,FALSE,FALSE,FALSE,TRUE,0.6128371820905727,0.6350177486955826,0.022180566605009888
2015__QLB__LN_NF_RF,2016__KAL__HN_NF_RF,220,0.4675782368167503,0.6623138344330931,0.19275104862237408,0.033583393554478175,0.1591676550678959,16.65939136503664,0.001,0.17776404169845036,0.19275104862237408,0.18547882824548825,0.0010112359550561798,2015,QLB,LN_NF_RF,LN,NF,RF,2016,KAL,HN_NF_RF,HN,NF,RF,FALSE,FALSE,FALSE,FALSE,TRUE,TRUE,0.0828150603127183,0.10473257653354184,0.021917516220823538
2016__GGE__HN_NF_RF,2017__HAN__HN_WF_RF,220,0.4874094458800036,0.6812056597713327,0.19945879647295411,0.03289658305486067,0.16656221341809344,18.005069664110643,0.001,0.19973879384817309,0.19945879647295411,0.19909311293354362,0.0010112359550561798,2016,GGE,HN_NF_RF,HN,NF,RF,2017,HAN,HN_WF_RF,HN,WF,RF,FALSE,FALSE,FALSE,TRUE,FALSE,TRUE,0.2074360466351186,0.22791301581343706,0.020476969178318455
2015__KIE__HN_WF_RF,2016__GGE__LN_NF_RF,220,0.3289889389060891,0.5230464941987908,0.13970862924221503,0.03296548724822993,0.1067431419939851,11.715273656001209,0.001,0.13794047267124557,0.13970862924221503,0.1599784353827562,0.0010112359550561798,2015,KIE,HN_WF_RF,HN,WF,RF,2016,GGE,LN_NF_RF,LN,NF,RF,FALSE,FALSE,FALSE,FALSE,FALSE,TRUE,-0.7880917484586398,-0.768568335252006,0.019523413206633866
2016__KIE__HN_NF_RF,2017__HAN__HN_NF_RF,216,0.6926073418962972,0.7885137951154455,0.27737882737049746,0.03350334165568578,0.24387548571481169,26.029161118978564,0.001,0.28661107333546765,0.27737882737049746,0.2786454487798088,0.0010112359550561798,2016,KIE,HN_NF_RF,HN,NF,RF,2017,HAN,HN_NF_RF,HN,NF,RF,FALSE,FALSE,TRUE,TRUE,TRUE,TRUE,1.4969168902522636,1.515817227620962,0.01890033736869845
2016__QLB__LN_NF_RF,2017__KIE__HN_WF_RF,216,0.2645078670668797,0.4585539241953345,0.11630552148790395,0.03394009159017396,0.08236542989772999,8.591696527118097,0.001,0.09467185323798202,0.11630552148790395,0.15523152270314639,0.0010112359550561798,2016,QLB,LN_NF_RF,LN,NF,RF,2017,KIE,HN_WF_RF,HN,WF,RF,FALSE,FALSE,FALSE,FALSE,FALSE,TRUE,-1.1932962292392773,-1.1746584818765577,0.018637747362719503
2016__GGE__HN_WF_RF,2017__KIE__LN_NF_RF,212,0.5593120797934279,0.6881735733186564,0.22826853040238498,0.034713076700770194,0.19355545370161478,19.689381379218894,0.001,0.18937183174623695,0.22826853040238498,0.2244495785793004,0.0010112359550561798,2016,GGE,HN_WF_RF,HN,WF,RF,2017,KIE,LN_NF_RF,LN,NF,RF,FALSE,FALSE,FALSE,FALSE,FALSE,TRUE,0.6592782479294971,0.6775732981781167,0.01829505024861966
2015__KAL__HN_WF_RF,2016__KIE__HN_NF_RF,216,0.32831389659607874,0.551915359792329,0.13944527980092936,0.03307490920564929,0.10637037059528007,11.668407660012749,0.001,0.13541638250054136,0.13944527980092936,0.1613051538964286,0.0010112359550561798,2015,KAL,HN_WF_RF,HN,WF,RF,2016,KIE,HN_NF_RF,HN,NF,RF,FALSE,FALSE,FALSE,TRUE,FALSE,TRUE,-0.7923337711318172,-0.774778056302113,0.017555714829704194
2016__KIE__HN_WF_RF,2017__KIE__HN_NF_RF,211,0.35462997001514407,0.5763020400863555,0.15095893959794568,0.03466554573159445,0.11629339386635124,11.537886874655493,0.001,0.16029189807233774,0.15095893959794568,0.19946500585766377,0.0010112359550561798,2016,KIE,HN_WF_RF,HN,WF,RF,2017,KIE,HN_NF_RF,HN,NF,RF,FALSE,TRUE,FALSE,TRUE,FALSE,TRUE,-0.626961351570495,-0.6094778033826785,0.0174835481878165
2016__QLB__HN_NF_RF,2017__KAL__HN_WF_RF,220,0.23207255182281156,0.4497050089314393,0.1029910140759949,0.032988153778692894,0.070002860297302,7.503458809766835,0.001,0.07244974726092408,0.1029910140759949,0.12946082054927252,0.0010112359550561798,2016,QLB,HN_NF_RF,HN,NF,RF,2017,KAL,HN_WF_RF,HN,WF,RF,FALSE,FALSE,FALSE,TRUE,FALSE,TRUE,-1.3971224792929715,-1.380597319855748,0.016525159437223547
2015__KIE__HN_WF_RF,2017__GGE__HN_NF_RF,220,0.4496333892990845,0.6246518992691434,0.1853647046396853,0.03333723836725446,0.15202746627243083,16.090033137473178,0.001,0.19252204098092127,0.1853647046396853,0.20229727796342492,0.0010112359550561798,2015,KIE,HN_WF_RF,HN,WF,RF,2017,GGE,HN_NF_RF,HN,NF,RF,FALSE,FALSE,FALSE,TRUE,FALSE,TRUE,-0.02995187134150976,-0.014210509816338469,0.01574136152517129
2016__KIE__HN_WF_RF,2017__GGE__HN_WF_RF,216,0.5616472871065797,0.703061479655628,0.22770036937293614,0.03341829436294961,0.19428207500998654,20.126571198689625,0.001,0.2340260308118287,0.22770036937293614,0.24078996049122886,0.0010112359550561798,2016,KIE,HN_WF_RF,HN,WF,RF,2017,GGE,HN_WF_RF,HN,WF,RF,FALSE,FALSE,TRUE,TRUE,TRUE,TRUE,0.67395288716627,0.6896775412872368,0.015724654120966797
2016__GGE__HN_NF_RF,2017__KIE__HN_WF_RF,216,0.30461557270930734,0.5025137236690125,0.13059946675350634,0.033390391176250526,0.0972090755772558,9.954172836965133,0.001,0.12774459962720197,0.13059946675350634,0.13439604012099501,0.0010112359550561798,2016,GGE,HN_NF_RF,HN,NF,RF,2017,KIE,HN_WF_RF,HN,WF,RF,FALSE,FALSE,FALSE,TRUE,FALSE,TRUE,-0.9412560323785888,-0.9273892456725774,0.01386678670601138
2016__KAL__HN_WF_RF,2016__QLB__HN_WF_RF,220,0.392962719410889,0.6367659737522752,0.16383108448844408,0.03332235735400783,0.13050872713443626,13.633269152205974,0.001,0.1688588811499689,0.16383108448844408,0.18162194977079785,0.0010112359550561798,2016,KAL,HN_WF_RF,HN,WF,RF,2016,QLB,HN_WF_RF,HN,WF,RF,TRUE,FALSE,TRUE,TRUE,TRUE,TRUE,-0.3860751291061824,-0.37267515560506714,0.01339997350111527
2016__KIE__HN_WF_RF,2016__KIE__LN_NF_RF,215,0.458217958934278,0.6580151657852159,0.18889399224922906,0.0338014834060775,0.15509250884315157,16.15152071508404,0.001,0.194986389033291,0.18889399224922906,0.1912070996427941,0.0010112359550561798,2016,KIE,HN_WF_RF,HN,WF,RF,2016,KIE,LN_NF_RF,LN,NF,RF,TRUE,TRUE,FALSE,FALSE,FALSE,TRUE,0.02399428653917596,0.036847751190267036,0.012853464651091075
2015__GGE__HN_NF_RF,2016__KIE__HN_WF_RF,216,0.40329249379922305,0.6143238190500006,0.16778627274429064,0.03346750580940653,0.13431876693488412,13.881574414922488,0.001,0.16563676763221838,0.16778627274429064,0.1592149271563688,0.0010112359550561798,2015,GGE,HN_NF_RF,HN,NF,RF,2016,KIE,HN_WF_RF,HN,WF,RF,FALSE,FALSE,FALSE,TRUE,FALSE,TRUE,-0.3211619577177872,-0.30920654070387904,0.011955417013908176
2016__QLB__HN_NF_RF,2017__KIE__HN_WF_RF,216,0.2170221305671428,0.39174317388871027,0.09805370929670612,0.03400623309729151,0.06404747619941462,6.611092940103553,0.001,0.0841188570175494,0.09805370929670612,0.10480359066662358,0.0010112359550561798,2016,QLB,HN_NF_RF,HN,NF,RF,2017,KIE,HN_WF_RF,HN,WF,RF,FALSE,FALSE,FALSE,TRUE,FALSE,TRUE,-1.4917005927840188,-1.4798036273208415,0.011896965463177311
2015__HAN__LN_NF_RF,2017__KIE__HN_NF_RF,215,0.3577726725721537,0.6352169818155474,0.150955357865592,0.033839597913606564,0.11711575995198543,11.756532972212057,0.001,0.14489270227543288,0.150955357865592,0.20139420267520217,0.0010112359550561798,2015,HAN,LN_NF_RF,LN,NF,RF,2017,KIE,HN_NF_RF,HN,NF,RF,FALSE,FALSE,FALSE,FALSE,TRUE,TRUE,-0.607212344279851,-0.5957786193503283,0.01143372492952277
2017__GGE__LN_NF_RF,2017__KIE__HN_WF_RF,216,0.6033316919343071,0.7068302789983208,0.24347925121268293,0.03381130943683315,0.2096679417758498,21.657488999841206,0.001,0.22418103806776987,0.24347925121268293,0.23606059903082416,0.0010112359550561798,2017,GGE,LN_NF_RF,LN,NF,RF,2017,KIE,HN_WF_RF,HN,WF,RF,TRUE,FALSE,FALSE,FALSE,FALSE,TRUE,0.9359011943685448,0.9459792346629269,0.010078040294382085
2016__HAN__HN_WF_RF,2017__KIE__HN_NF_RF,215,0.4191538363600188,0.6556654350503515,0.17420580955647252,0.03406062971615552,0.140145179840317,13.814880179447378,0.001,0.18256585215549073,0.17420580955647252,0.1902697268569614,0.0010112359550561798,2016,HAN,HN_WF_RF,HN,WF,RF,2017,KIE,HN_NF_RF,HN,NF,RF,FALSE,FALSE,FALSE,TRUE,FALSE,TRUE,-0.22148794651558965,-0.2121486682620314,0.009339278253558236
2015__HAN__HN_NF_RF,2017__GGE__HN_NF_RF,220,0.39295946798189263,0.6059313772448341,0.16322670420940977,0.03298039545223168,0.13024630875717808,14.304912154107502,0.001,0.15315174692941919,0.16322670420940977,0.15702508900232717,0.0010112359550561798,2015,HAN,HN_NF_RF,HN,NF,RF,2017,GGE,HN_NF_RF,HN,NF,RF,FALSE,FALSE,TRUE,TRUE,TRUE,TRUE,-0.38609556135956613,-0.3770465878738945,0.00904897348567163
2015__GGE__HN_NF_RF,2016__QLB__HN_WF_RF,220,0.32003005885614294,0.5455818959445068,0.13528353353488742,0.03256115903666819,0.10272237449821923,10.702003925058856,0.001,0.15950693348770026,0.13528353353488742,0.13771209535427575,0.0010112359550561798,2015,GGE,HN_NF_RF,HN,NF,RF,2016,QLB,HN_WF_RF,HN,WF,RF,FALSE,FALSE,FALSE,TRUE,FALSE,TRUE,-0.8443901044795616,-0.835547305856455,0.008842798623106662
2016__KAL__HN_WF_RF,2017__KIE__HN_WF_RF,216,0.636250708492398,0.7500148846735493,0.2554982157954558,0.03352803783871805,0.22197017795673774,24.164832615904896,0.001,0.2632955524312618,0.2554982157954558,0.2713884243992983,0.0010112359550561798,2016,KAL,HN_WF_RF,HN,WF,RF,2017,KIE,HN_WF_RF,HN,WF,RF,FALSE,FALSE,TRUE,TRUE,TRUE,TRUE,1.1427670641774785,1.150913023148931,0.008145958971452538
2016__HAN__HN_NF_RF,2017__QLB__LN_NF_RF,220,0.5075387799920595,0.714750680423525,0.20670838845885256,0.033345563043301704,0.17336282541555087,18.503478534827728,0.001,0.20821296777352394,0.20670838845885256,0.21299064738549303,0.0010112359550561798,2016,HAN,HN_NF_RF,HN,NF,RF,2017,QLB,LN_NF_RF,LN,NF,RF,FALSE,FALSE,FALSE,FALSE,TRUE,TRUE,0.33393047584799995,0.34119934523925793,0.007268869391257982
2016__KIE__LN_NF_RF,2017__KIE__HN_NF_RF,211,0.51523314752613,0.6978538853617098,0.2106930606560388,0.03443006693863753,0.17626299371740126,17.99346360314124,0.001,0.20168071184082392,0.2106930606560388,0.19781010717395156,0.0010112359550561798,2016,KIE,LN_NF_RF,LN,NF,RF,2017,KIE,HN_NF_RF,HN,NF,RF,FALSE,TRUE,FALSE,FALSE,TRUE,TRUE,0.38228252882492597,0.38951108861714545,0.00722855979221948
2016__KIE__HN_NF_RF,2017__KIE__HN_WF_RF,212,0.515503420987518,0.6867818733918308,0.21059048442543837,0.03424122030762559,0.1763492641178128,17.90726582074342,0.001,0.2090708859742654,0.21059048442543837,0.21445981248528304,0.0010112359550561798,2016,KIE,HN_NF_RF,HN,NF,RF,2017,KIE,HN_WF_RF,HN,WF,RF,FALSE,TRUE,FALSE,TRUE,FALSE,TRUE,0.3839809499967016,0.39094820295396876,0.006967252957267134
2015__HAN__LN_NF_RF,2015__KIE__HN_WF_RF,220,0.3656620572817512,0.5759578052889899,0.15281621150623179,0.03305591148982388,0.1197603000164079,12.966080179330275,0.001,0.15762866527983338,0.15281621150623179,0.17560732047385053,0.0010112359550561798,2015,HAN,LN_NF_RF,LN,NF,RF,2015,KIE,HN_WF_RF,HN,WF,RF,TRUE,FALSE,FALSE,FALSE,FALSE,TRUE,-0.5576347869634536,-0.5517251963598747,0.005909590603578874
2016__KIE__HN_NF_RF,2017__HAN__HN_WF_RF,216,0.6162814080702136,0.7658640850688861,0.24799082206426645,0.033704292736565125,0.21428652932770131,22.4913562093864,0.001,0.25987108440707385,0.24799082206426645,0.2573506266035683,0.0010112359550561798,2016,KIE,HN_NF_RF,HN,NF,RF,2017,HAN,HN_WF_RF,HN,WF,RF,FALSE,FALSE,FALSE,TRUE,FALSE,TRUE,1.0172783001367505,1.0229168442599257,0.005638544123175215
2016__QLB__HN_NF_RF,2017__QLB__HN_WF_RF,220,0.12167433568435468,0.3347942951488479,0.0610954400510553,0.03343226693948349,0.027663173111571807,2.893519850647578,0.012,0.049101037149321666,0.0610954400510553,0.10606260914770063,0.01202429149797571,2016,QLB,HN_NF_RF,HN,NF,RF,2017,QLB,HN_WF_RF,HN,WF,RF,FALSE,TRUE,FALSE,TRUE,FALSE,TRUE,-2.090874158251422,-2.085902629451726,0.004971528799695868
2015__GGE__LN_NF_RF,2017__QLB__LN_NF_RF,220,0.4044435712959764,0.5947459470424822,0.16691886464159433,0.032642941132678086,0.13427592350891626,14.923935628425642,0.001,0.1577319568549193,0.16691886464159433,0.17621992560948985,0.0010112359550561798,2015,GGE,LN_NF_RF,LN,NF,RF,2017,QLB,LN_NF_RF,LN,NF,RF,FALSE,FALSE,TRUE,TRUE,TRUE,TRUE,-0.3139284898782126,-0.30992023742260677,0.004008252455605821
2015__QLB__LN_NF_RF,2017__GGE__HN_NF_RF,220,0.28785389189075655,0.5136586217972198,0.12367181754877524,0.033384307753254426,0.0902875097955208,9.11445532100464,0.001,0.1068884961881004,0.12367181754877524,0.14877076266765724,0.0010112359550561798,2015,QLB,LN_NF_RF,LN,NF,RF,2017,GGE,HN_NF_RF,HN,NF,RF,FALSE,FALSE,FALSE,FALSE,TRUE,TRUE,-1.0465878449456627,-1.042690454091067,0.003897390854595617
2015__GGE__HN_WF_RF,2015__HAN__HN_NF_RF,220,0.32083148988505755,0.5434304615610015,0.1354898318607292,0.0327688937634884,0.10272093809724078,10.934103989384875,0.001,0.10581425160455822,0.1354898318607292,0.14531260192410886,0.0010112359550561798,2015,GGE,HN_WF_RF,HN,WF,RF,2015,HAN,HN_NF_RF,HN,NF,RF,TRUE,FALSE,FALSE,TRUE,FALSE,TRUE,-0.839353844462628,-0.8355712337903665,0.0037826106722614883
2016__HAN__HN_NF_RF,2016__KAL__LN_NF_RF,220,0.7474328998057036,0.8014053633715197,0.29675271141103005,0.03310904706640898,0.26364366434462105,27.285243217285768,0.001,0.31753885335178983,0.29675271141103005,0.3031385417761864,0.0010112359550561798,2016,HAN,HN_NF_RF,HN,NF,RF,2016,KAL,LN_NF_RF,LN,NF,RF,TRUE,FALSE,FALSE,FALSE,TRUE,TRUE,1.8414453090972032,1.8451205899128165,0.003675280815613302
2016__KIE__HN_WF_RF,2016__QLB__HN_NF_RF,216,0.12253461206782863,0.31438573929196584,0.06162730163252137,0.033782028504286715,0.027845273128234656,2.858902820347939,0.009,0.04996767903243366,0.06162730163252137,0.0886375764567925,0.009036511156186611,2016,KIE,HN_WF_RF,HN,WF,RF,2016,QLB,HN_NF_RF,HN,NF,RF,TRUE,FALSE,FALSE,TRUE,FALSE,TRUE,-2.0854681090752756,-2.0828691609221544,0.0025989481531212277
2015__QLB__HN_WF_RF,2017__KIE__LN_NF_RF,212,0.240635813390598,0.5443335142753147,0.10653950637259942,0.034195860161425964,0.07234364621117345,7.503269754224684,0.001,0.10690794511661,0.10653950637259942,0.14965510876798208,0.0010112359550561798,2015,QLB,HN_WF_RF,HN,WF,RF,2017,KIE,LN_NF_RF,LN,NF,RF,FALSE,FALSE,FALSE,FALSE,FALSE,TRUE,-1.3433102231007017,-1.3416039109900009,0.001706312110700825
2015__QLB__LN_NF_RF,2017__GGE__LN_NF_RF,220,0.2829476474832083,0.5015411663276289,0.12184693452988647,0.03355151839352613,0.08829541613636034,9.233871770073764,0.001,0.11411960084867472,0.12184693452988647,0.12774085736820417,0.0010112359550561798,2015,QLB,LN_NF_RF,LN,NF,RF,2017,GGE,LN_NF_RF,LN,NF,RF,FALSE,FALSE,TRUE,TRUE,TRUE,TRUE,-1.0774190976069224,-1.075875258429723,0.0015438391771993576
2016__KAL__LN_NF_RF,2017__KAL__HN_WF_RF,220,0.469202890266564,0.6581473321199349,0.191836451198543,0.033363704001920715,0.1584727471966223,17.42460193605867,0.001,0.18891006404127134,0.191836451198543,0.20292583058749397,0.0010112359550561798,2016,KAL,LN_NF_RF,LN,NF,RF,2017,KAL,HN_WF_RF,HN,WF,RF,FALSE,TRUE,FALSE,FALSE,FALSE,TRUE,0.09302451928731167,0.09315662394940236,1.3210466209068183e-4
2016__KIE__HN_WF_RF,2017__QLB__HN_NF_RF,216,0.1700719595721234,0.3988056537944009,0.0797237968069671,0.034167586646492734,0.04555621016047437,4.599496835797677,0.002,0.08392461424847744,0.0797237968069671,0.12227996698114472,0.0020142421159715157,2016,KIE,HN_WF_RF,HN,WF,RF,2017,QLB,HN_NF_RF,HN,NF,RF,FALSE,FALSE,FALSE,TRUE,FALSE,TRUE,-1.7867394176354179,-1.7878358539456027,-0.0010964363101848562
2016__GGE__HN_NF_RF,2016__GGE__LN_NF_RF,220,0.8032827456484268,0.82714030530307725,0.3173870414721906,0.03318250583138038,0.2842045356408102,30.137286902002607,0.001,0.2916568671645856,0.3173870414721906,0.3100754948377398,0.0010112359550561798,2016,GGE,HN_NF_RF,HN,NF,RF,2016,GGE,LN_NF_RF,LN,NF,RF,TRUE,TRUE,FALSE,FALSE,TRUE,TRUE,2.192410439497194,2.187628828849671,-0.004781610647523138
2017__KIE__LN_NF_RF,2017__QLB__HN_WF_RF,212,0.3190624025737557,0.5573991206471592,0.13595705741147335,0.03449571160894382,0.10146134580252952,10.33217978707147,0.001,0.12680222020222548,0.13595705741147335,0.1500501566723509,0.0010112359550561798,2017,KIE,LN_NF_RF,LN,NF,RF,2017,QLB,HN_WF_RF,HN,WF,RF,TRUE,FALSE,FALSE,FALSE,FALSE,TRUE,-0.8504709379752671,-0.8565538435458171,-0.0060829055705500235
2016__KIE__HN_NF_RF,2016__QLB__HN_WF_RF,216,0.31937911268299995,0.5407506638564402,0.13564826063114752,0.03408552974492207,0.10156273088622544,9.987428710521915,0.001,0.15337338177327847,0.13564826063114752,0.15080792437267776,0.0010112359550561798,2016,KIE,HN_NF_RF,HN,NF,RF,2016,QLB,HN_WF_RF,HN,WF,RF,TRUE,FALSE,FALSE,TRUE,FALSE,TRUE,-0.8484807050012507,-0.8548649449592289,-0.0063842399579782105
2015__GGE__HN_WF_RF,2015__KIE__HN_NF_RF,220,0.6499585854639225,0.773869482652722,0.25978035027407864,0.03352015702506372,0.22626019324901492,23.685336038192396,0.001,0.315689710622328,0.25978035027407864,0.2828361655021309,0.0010112359550561798,2015,GGE,HN_WF_RF,HN,WF,RF,2015,KIE,HN_NF_RF,HN,NF,RF,TRUE,FALSE,FALSE,TRUE,FALSE,TRUE,1.2289085164272517,1.2223771922302467,-0.006531324197005084
2015__KAL__LN_NF_RF,2016__HAN__HN_WF_RF,220,0.42458102554913457,0.6275437696872024,0.1742642554221265,0.03319212537992454,0.14107213004220198,14.668414914532697,0.001,0.15564216799746639,0.1742642554221265,0.15170707546864995,0.0010112359550561798,2015,KAL,LN_NF_RF,LN,NF,RF,2016,HAN,HN_WF_RF,HN,WF,RF,FALSE,FALSE,FALSE,FALSE,FALSE,TRUE,-0.187383033015428,-0.19670729534275078,-0.00932426232732278
2016__KIE__LN_NF_RF,2016__QLB__HN_WF_RF,215,0.3177617706931829,0.5526612572146153,0.13429622520227968,0.03354465374104561,0.10075157146123408,10.132233756591564,0.001,0.12531517936751815,0.13429622520227968,0.13159740997014344,0.0010112359550561798,2016,KIE,LN_NF_RF,LN,NF,RF,2016,QLB,HN_WF_RF,HN,WF,RF,TRUE,FALSE,FALSE,FALSE,FALSE,TRUE,-0.8586442181460499,-0.8683774455798772,-0.009733227433827318
2015__GGE__HN_WF_RF,2017__HAN__HN_NF_RF,220,0.2702232414028488,0.4885638133019278,0.11550889376455747,0.032731112717921146,0.08277778104663633,8.927489663535571,0.001,0.10988479093587879,0.11550889376455747,0.12303188193324933,0.0010112359550561798,2015,GGE,HN_WF_RF,HN,WF,RF,2017,HAN,HN_NF_RF,HN,NF,RF,FALSE,FALSE,FALSE,TRUE,FALSE,TRUE,-1.1573803360288124,-1.1677894312511752,-0.010409095222362774
2016__KAL__HN_NF_RF,2016__QLB__HN_WF_RF,220,0.21525192902333845,0.47233395130252503,0.09498215732267626,0.0330018185518374,0.06198033877083886,6.669334331763957,0.001,0.09065911144475888,0.09498215732267626,0.11882174034436613,0.0010112359550561798,2016,KAL,HN_NF_RF,HN,NF,RF,2016,QLB,HN_WF_RF,HN,WF,RF,TRUE,FALSE,FALSE,TRUE,FALSE,TRUE,-1.5028246882274534,-1.5142385299133772,-0.011413841685923742
2015__KIE__HN_NF_RF,2017__HAN__HN_WF_RF,220,0.5019751217415479,0.6892557885305669,0.20358711207406585,0.033467860289825374,0.17011925178424048,18.434580203563712,0.001,0.23110125047219846,0.20358711207406585,0.2171577344410668,0.0010112359550561798,2015,KIE,HN_NF_RF,HN,NF,RF,2017,HAN,HN_WF_RF,HN,WF,RF,FALSE,FALSE,FALSE,TRUE,FALSE,TRUE,0.29896797928371954,0.28716706828375516,-0.011800910999964387
2015__HAN__HN_WF_RF,2017__QLB__LN_NF_RF,220,0.40597719806653815,0.6196153564404975,0.16669559574758594,0.03294935523040882,0.13374624051717712,14.809711403709112,0.001,0.1510842967858101,0.16669559574758594,0.17119367498559732,0.0010112359550561798,2015,HAN,HN_WF_RF,HN,WF,RF,2017,QLB,LN_NF_RF,LN,NF,RF,FALSE,FALSE,FALSE,FALSE,FALSE,TRUE,-0.30429105021488995,-0.31874383181614796,-0.014452781601258013
2015__QLB__HN_WF_RF,2016__KIE__HN_WF_RF,216,0.24178091978133825,0.4753843222710439,0.1050359498851578,0.033447774900937796,0.07158817498422,7.438037205774336,0.001,0.09427444305905834,0.1050359498851578,0.14367255827108819,0.0010112359550561798,2015,QLB,HN_WF_RF,HN,WF,RF,2016,KIE,HN_WF_RF,HN,WF,RF,FALSE,FALSE,TRUE,TRUE,TRUE,TRUE,-1.3361142781937136,-1.354188743402198,-0.018074465208484325
2015__KAL__HN_WF_RF,2017__KIE__LN_NF_RF,212,0.44889909117313936,0.6381857270781983,0.1837782212952773,0.03447676390268397,0.14930145739259332,14.785851160006805,0.001,0.15342170171787575,0.1837782212952773,0.20746401542120696,0.0010112359550561798,2015,KAL,HN_WF_RF,HN,WF,RF,2017,KIE,LN_NF_RF,LN,NF,RF,FALSE,FALSE,FALSE,FALSE,FALSE,TRUE,-0.03456626254771883,-0.059621061115904525,-0.025054798568185696
2015__HAN__HN_NF_RF,2016__QLB__HN_WF_RF,220,0.2503661283648256,0.5124166727712256,0.10763105146495966,0.033261237196597404,0.07436981426836226,7.895749417376488,0.001,0.09488900090946556,0.10763105146495966,0.1197751350451151,0.0010112359550561798,2015,HAN,HN_NF_RF,HN,NF,RF,2016,QLB,HN_WF_RF,HN,WF,RF,FALSE,FALSE,FALSE,TRUE,FALSE,TRUE,-1.2821641051081896,-1.3078514866369304,-0.025687381528740838
2016__QLB__LN_NF_RF,2017__QLB__LN_NF_RF,220,0.5163005343590079,0.7008277781847484,0.2074236113797241,0.032742225940180676,0.17468138543954342,19.12470929508821,0.001,0.2163600453493563,0.2074236113797241,0.21047016175589048,0.0010112359550561798,2016,QLB,LN_NF_RF,LN,NF,RF,2017,QLB,LN_NF_RF,LN,NF,RF,FALSE,TRUE,TRUE,TRUE,TRUE,TRUE,0.38899007749109704,0.3631642544711897,-0.025825823019907324
2016__QLB__HN_WF_RF,2017__KAL__HN_NF_RF,220,0.39607558878942134,0.6367501958154658,0.1616627240857783,0.032364423754900326,0.12929830033087797,13.69942070381252,0.001,0.1646484039967066,0.1616627240857783,0.1653871702516226,0.0010112359550561798,2016,QLB,HN_WF_RF,HN,WF,RF,2017,KAL,HN_NF_RF,HN,NF,RF,FALSE,FALSE,FALSE,TRUE,FALSE,TRUE,-0.36651359601921,-0.3928387540672372,-0.026325158048027153
2015__QLB__HN_NF_RF,2016__GGE__HN_WF_RF,220,0.3780860554007338,0.6192220350157498,0.15531488485930461,0.03282549269473515,0.12248939216456947,13.03579711120598,0.001,0.1743751410440907,0.15531488485930461,0.1733131249384754,0.0010112359550561798,2015,QLB,HN_NF_RF,HN,NF,RF,2016,GGE,HN_WF_RF,HN,WF,RF,FALSE,FALSE,FALSE,TRUE,FALSE,TRUE,-0.4795613374467422,-0.5062632831900538,-0.026701945743311584
2016__GGE__HN_NF_RF,2017__QLB__LN_NF_RF,220,0.4907482692294663,0.6695423834827541,0.19803324170013004,0.03309056914495191,0.16494267255517814,16.59364137053474,0.001,0.18686306501306316,0.19803324170013004,0.18761340697239198,0.0010112359550561798,2016,GGE,HN_NF_RF,HN,NF,RF,2017,QLB,LN_NF_RF,LN,NF,RF,FALSE,FALSE,FALSE,FALSE,TRUE,TRUE,0.22841749348685378,0.2009342909893483,-0.027483202497505466
2015__QLB__HN_NF_RF,2016__GGE__HN_NF_RF,220,0.4697566741187353,0.6993198582239678,0.1902699343184769,0.033269959445218066,0.15699997487325884,16.818188415186505,0.001,0.19824867476144825,0.1902699343184769,0.20004993189990278,0.0010112359550561798,2015,QLB,HN_NF_RF,HN,NF,RF,2016,GGE,HN_NF_RF,HN,NF,RF,FALSE,FALSE,TRUE,TRUE,TRUE,TRUE,0.09650454360891927,0.06862280689644254,-0.027881736712476735
2015__HAN__LN_NF_RF,2016__QLB__HN_WF_RF,220,0.28960315839858947,0.5519753413387579,0.12189050825738357,0.03285430325513516,0.0890362050022484,9.710202168652781,0.001,0.12837005335769622,0.12189050825738357,0.13964082499655095,0.0010112359550561798,2015,HAN,LN_NF_RF,LN,NF,RF,2016,QLB,HN_WF_RF,HN,WF,RF,FALSE,FALSE,FALSE,FALSE,FALSE,TRUE,-1.035595307029716,-1.0635350085334856,-0.027939701503769676
2016__GGE__LN_NF_RF,2017__GGE__HN_NF_RF,220,0.3970572638937214,0.6429069721575765,0.16255981090571783,0.03303379826555859,0.12952601264015923,14.002475168346677,0.001,0.18394952913591756,0.16255981090571783,0.17524774456470874,0.0010112359550561798,2016,GGE,LN_NF_RF,LN,NF,RF,2017,GGE,HN_NF_RF,HN,NF,RF,FALSE,TRUE,FALSE,FALSE,TRUE,TRUE,-0.36034466706708124,-0.389045464331961,-0.028700797264879785
2015__KAL__HN_NF_RF,2016__KIE__HN_WF_RF,216,0.3062382529497411,0.5465878374355493,0.12954102207579068,0.034307767130650604,0.09523325494514008,9.751924009991525,0.001,0.12650959700224645,0.12954102207579068,0.13390466618349398,0.0010112359550561798,2015,KAL,HN_NF_RF,HN,NF,RF,2016,KIE,HN_WF_RF,HN,WF,RF,FALSE,FALSE,FALSE,TRUE,FALSE,TRUE,-0.9310589732177615,-0.9603029697756259,-0.02924399655786436
2016__GGE__HN_NF_RF,2017__KAL__HN_WF_RF,220,0.30089571513240215,0.5247572733471203,0.12616251841006124,0.033027854428447925,0.09313466398161331,9.748331010578662,0.001,0.1196849718935309,0.12616251841006124,0.14938836660561233,0.0010112359550561798,2016,GGE,HN_NF_RF,HN,NF,RF,2017,KAL,HN_WF_RF,HN,WF,RF,FALSE,FALSE,FALSE,TRUE,FALSE,TRUE,-0.9646319303752351,-0.9952618333768768,-0.0306299030016417
2016__KIE__HN_NF_RF,2017__KAL__HN_WF_RF,216,0.4865611148162947,0.6612069684087688,0.19649853021473665,0.03333970829321334,0.1631588219215233,18.00003673308979,0.001,0.18613373930753843,0.19649853021473665,0.19297795503754644,0.0010112359550561798,2016,KIE,HN_NF_RF,HN,NF,RF,2017,KAL,HN_WF_RF,HN,WF,RF,FALSE,FALSE,FALSE,TRUE,FALSE,TRUE,0.2021050628534373,0.17121845209040296,-0.03088661076303434
2016__KIE__LN_NF_RF,2016__QLB__LN_NF_RF,215,0.4322596369759826,0.6259895191866504,0.17645291559684967,0.03393493223173969,0.14251798336510998,15.176041259980682,0.001,0.15298605919610148,0.17645291559684967,0.1781704572089033,0.0010112359550561798,2016,KIE,LN_NF_RF,LN,NF,RF,2016,QLB,LN_NF_RF,LN,NF,RF,TRUE,FALSE,TRUE,TRUE,TRUE,TRUE,-0.13912999274198387,-0.17262190186616183,-0.03349190912417796
2015__HAN__HN_NF_RF,2016__GGE__HN_WF_RF,220,0.5616218572160425,0.690238528594693,0.2243160200530032,0.03306097199888074,0.19125504805412247,19.476741685768275,0.001,0.19915183377304924,0.2243160200530032,0.22478175538707182,0.0010112359550561798,2015,HAN,HN_NF_RF,HN,NF,RF,2016,GGE,HN_WF_RF,HN,WF,RF,FALSE,FALSE,FALSE,TRUE,FALSE,TRUE,0.6737930835945003,0.6392525540903395,-0.034540529504160755
2016__KAL__LN_NF_RF,2017__KIE__HN_NF_RF,215,0.3611419487184929,0.62745538409524515,0.14990082775045957,0.034279552043851476,0.1156212757066081,11.606247105458683,0.001,0.15851934205318077,0.14990082775045957,0.17065918669171587,0.0010112359550561798,2016,KAL,LN_NF_RF,LN,NF,RF,2017,KIE,HN_NF_RF,HN,NF,RF,FALSE,FALSE,FALSE,FALSE,TRUE,TRUE,-0.58603952949029,-0.6206741191387023,-0.03463458964841226
2015__KIE__HN_WF_RF,2017__KIE__HN_NF_RF,215,0.2749146078647779,0.5188497669588737,0.11656232934627332,0.033476996222799815,0.0830853331234735,8.549747228257699,0.001,0.12313868684969273,0.11656232934627332,0.1487432340286964,0.0010112359550561798,2015,KIE,HN_WF_RF,HN,WF,RF,2017,KIE,HN_NF_RF,HN,NF,RF,FALSE,TRUE,FALSE,TRUE,FALSE,TRUE,-1.1278993944573397,-1.1626661503015785,-0.03476675584423883
2015__GGE__HN_NF_RF,2017__KIE__LN_NF_RF,212,0.5096285899884999,0.6714479850578027,0.20584862932463358,0.0342885725706091,0.17156005675402447,17.285976004101595,0.001,0.19745254902275675,0.20584862932463358,0.20484247899594654,0.0010112359550561798,2015,GGE,HN_NF_RF,HN,NF,RF,2017,KIE,LN_NF_RF,LN,NF,RF,FALSE,FALSE,FALSE,FALSE,TRUE,TRUE,0.34706301769918685,0.3111683650062169,-0.03589465269296993
2017__HAN__HN_WF_RF,2017__KAL__HN_WF_RF,220,0.5107434198485814,0.6911942207671459,0.20533674574950658,0.0334831844751443,0.1718535612743623,17.70758533274527,0.001,0.23407344427306773,0.20533674574950658,0.2259890202669397,0.0010112359550561798,2017,HAN,HN_WF_RF,HN,WF,RF,2017,KAL,HN_WF_RF,HN,WF,RF,TRUE,FALSE,TRUE,TRUE,TRUE,TRUE,0.3540687023400923,0.31605763817624777,-0.03801106416384453
2016__HAN__LN_NF_RF,2016__KIE__HN_NF_RF,216,0.6259457087579126,0.749930339727789,0.24908712222847748,0.03384132895235282,0.21524579327612467,22.157079039783582,0.001,0.2698499021915244,0.24908712222847748,0.25878613438787407,0.0010112359550561798,2016,HAN,LN_NF_RF,LN,NF,RF,2016,KIE,HN_NF_RF,HN,NF,RF,TRUE,FALSE,FALSE,FALSE,TRUE,TRUE,1.0780095787983712,1.0388965078119754,-0.039113070986395826
2017__GGE__HN_NF_RF,2017__HAN__HN_WF_RF,220,0.5374366132490906,0.7084034418442154,0.2145529058400583,0.03288406536365345,0.18166884047640483,18.99697003822078,0.001,0.25070005890450564,0.2145529058400583,0.236914838853027,0.0010112359550561798,2017,GGE,HN_NF_RF,HN,NF,RF,2017,HAN,HN_WF_RF,HN,WF,RF,TRUE,FALSE,FALSE,TRUE,FALSE,TRUE,0.5218109755951316,0.47956306290930445,-0.042247912685827116
2015__HAN__HN_NF_RF,2017__HAN__HN_WF_RF,220,0.48216301378444326,0.6608611372511454,0.1936449429724483,0.03288167139309374,0.16076327157935455,16.705342657258484,0.001,0.1753976978816725,0.1936449429724483,0.19642241027666882,0.0010112359550561798,2015,HAN,HN_NF_RF,HN,NF,RF,2017,HAN,HN_WF_RF,HN,WF,RF,FALSE,TRUE,FALSE,TRUE,FALSE,TRUE,0.1744670259194966,0.13131276340818862,-0.04315426251130797
2015__KAL__HN_NF_RF,2017__KAL__HN_WF_RF,220,0.3410649552925095,0.5920253799383534,0.14021765494597263,0.03268706989011306,0.10753058505585958,11.776809290016846,0.001,0.13267276752098034,0.14021765494597263,0.14114467391591368,0.0010112359550561798,2015,KAL,HN_NF_RF,HN,NF,RF,2017,KAL,HN_WF_RF,HN,WF,RF,FALSE,TRUE,FALSE,TRUE,FALSE,TRUE,-0.712205045428023,-0.7554509078579801,-0.043245862429957094
2016__QLB__LN_NF_RF,2017__HAN__LN_NF_RF,220,0.3366029531408391,0.5872773479542214,0.13879088942244952,0.032965198727275054,0.10582569069517447,11.167733643907763,0.001,0.14570850611875338,0.13879088942244952,0.15735147998392182,0.0010112359550561798,2016,QLB,LN_NF_RF,LN,NF,RF,2017,HAN,LN_NF_RF,LN,NF,RF,FALSE,FALSE,TRUE,TRUE,TRUE,TRUE,-0.7402446423754528,-0.783851473020793,-0.04360683064534021
2015__GGE__HN_WF_RF,2015__QLB__HN_WF_RF,220,0.2788129943406699,0.5182556363861763,0.11724092493091785,0.033268846226729924,0.08397207870418794,8.249071539651236,0.001,0.11318545006435993,0.11724092493091785,0.1368536805976036,0.0010112359550561798,2015,GGE,HN_WF_RF,HN,WF,RF,2015,QLB,HN_WF_RF,HN,WF,RF,TRUE,FALSE,TRUE,TRUE,TRUE,TRUE,-1.1034016058382998,-1.147894516217578,-0.04449291037927816
2016__KIE__LN_NF_RF,2017__GGE__LN_NF_RF,215,0.47592554264768966,0.6066253712960951,0.19253054829551453,0.03420110939062896,0.15832943890488557,15.40278282602928,0.001,0.17704275609282127,0.19253054829551453,0.17839796466075206,0.0010112359550561798,2016,KIE,LN_NF_RF,LN,NF,RF,2017,GGE,LN_NF_RF,LN,NF,RF,FALSE,FALSE,TRUE,TRUE,TRUE,TRUE,0.13527023248444123,0.09076935786905425,-0.04450087461538697
2015__GGE__HN_NF_RF,2015__HAN__HN_WF_RF,220,0.5533469460236499,0.7150143973673385,0.22061378527450218,0.033099834934423006,0.18751395034007917,20.144631957872587,0.001,0.2411798803065687,0.22061378527450218,0.21413001745280028,0.0010112359550561798,2015,GGE,HN_NF_RF,HN,NF,RF,2015,HAN,HN_WF_RF,HN,WF,RF,TRUE,FALSE,FALSE,TRUE,FALSE,TRUE,0.6217928454225838,0.5769323940509568,-0.044860451371627086
2016__HAN__HN_NF_RF,2016__HAN__HN_WF_RF,220,0.4839996220881125,0.6751694719462649,0.19425171717681694,0.032908962144720603,0.16134275503209633,16.37704824901115,0.001,0.17803639222366457,0.19425171717681694,0.19403198070442373,0.0010112359550561798,2016,HAN,HN_NF_RF,HN,NF,RF,2016,HAN,HN_WF_RF,HN,WF,RF,TRUE,TRUE,FALSE,TRUE,FALSE,TRUE,0.18600842702928957,0.14096594658474115,-0.04504248044454842
2015__KAL__LN_NF_RF,2017__QLB__LN_NF_RF,220,0.3640566639185589,0.5657449721913864,0.14904240832704477,0.03296997354650791,0.11607243478053686,12.596406167828745,0.001,0.14127663188552445,0.14904240832704477,0.1460859149606849,0.0010112359550561798,2015,KAL,LN_NF_RF,LN,NF,RF,2017,QLB,LN_NF_RF,LN,NF,RF,FALSE,FALSE,TRUE,TRUE,TRUE,TRUE,-0.5677232139332029,-0.6131585961987596,-0.045435382265556656
2015__GGE__LN_NF_RF,2015__HAN__LN_NF_RF,220,0.7465761488587835,0.8336915300654222,0.2933265853215397,0.033060352633513077,0.2602662326880266,26.69309572569892,0.001,0.3182183489514295,0.2933265853215397,0.28629986651188993,0.0010112359550561798,2015,GGE,LN_NF_RF,LN,NF,RF,2015,HAN,LN_NF_RF,LN,NF,RF,TRUE,FALSE,TRUE,TRUE,TRUE,TRUE,1.8360614140609863,1.7888584718262086,-0.04720294223477772
2016__KAL__HN_NF_RF,2016__KIE__HN_WF_RF,216,0.2259386046643158,0.4111170649805308,0.09788810205350769,0.03403224378514391,0.06385585826836378,6.802181905158896,0.001,0.07817859025346849,0.09788810205350769,0.1114379870922969,0.0010112359550561798,2016,KAL,HN_NF_RF,HN,NF,RF,2016,KIE,HN_WF_RF,HN,WF,RF,TRUE,FALSE,FALSE,TRUE,FALSE,TRUE,-1.4356687193382984,-1.4829956476962187,-0.047326928357920295
2016__HAN__HN_NF_RF,2017__GGE__LN_NF_RF,220,0.4416969936579908,0.6298822853214473,0.17841350393780026,0.03321423840819677,0.1451992655296035,15.418253030497024,0.001,0.16986651757044824,0.17841350393780026,0.17266208593312923,0.0010112359550561798,2016,HAN,HN_NF_RF,HN,NF,RF,2017,GGE,LN_NF_RF,LN,NF,RF,FALSE,FALSE,FALSE,FALSE,TRUE,TRUE,-0.07982484930686023,-0.1279564196001607,-0.04813157029330045
2015__GGE__LN_NF_RF,2015__HAN__HN_WF_RF,220,0.665445035435261,0.8023373886387586,0.26283796176428564,0.03328076782092487,0.22955719394336077,23.46348767025511,0.001,0.3256793846627268,0.26283796176428564,0.27711163944794287,0.0010112359550561798,2015,GGE,LN_NF_RF,LN,NF,RF,2015,HAN,HN_WF_RF,HN,WF,RF,TRUE,FALSE,FALSE,FALSE,FALSE,TRUE,1.3262266710543862,1.2772994708305356,-0.04892720022385055
2015__GGE__LN_NF_RF,2017__KAL__HN_NF_RF,220,0.6740516442782489,0.7527619841882534,0.26550816164625285,0.03271914898408379,0.23278901266216906,25.049025939960238,0.001,0.28829790024728075,0.26550816164625285,0.2573552988529465,0.0010112359550561798,2015,GGE,LN_NF_RF,LN,NF,RF,2017,KAL,HN_NF_RF,HN,NF,RF,FALSE,FALSE,FALSE,FALSE,TRUE,TRUE,1.3803113251711983,1.3311359314550106,-0.04917539371618762
2016__KAL__LN_NF_RF,2017__HAN__HN_WF_RF,220,0.501926832132755,0.7015873731425706,0.2001288470124002,0.032274547364055,0.1678542996483452,17.85993226107604,0.001,0.22123867723021023,0.2001288470124002,0.2043637935511276,0.0010112359550561798,2016,KAL,LN_NF_RF,LN,NF,RF,2017,HAN,HN_WF_RF,HN,WF,RF,FALSE,FALSE,FALSE,FALSE,FALSE,TRUE,0.298664523319048,0.24943691783601882,-0.04922760548302921
2016__KIE__LN_NF_RF,2017__QLB__HN_NF_RF,215,0.3398044924078603,0.6090306455118454,0.14016978756525852,0.03354654155533351,0.10662324600992501,10.790836711465534,0.001,0.13054855281238362,0.14016978756525852,0.14305238386906627,0.0010112359550561798,2016,KIE,LN_NF_RF,LN,NF,RF,2017,QLB,HN_NF_RF,HN,NF,RF,FALSE,FALSE,FALSE,FALSE,TRUE,TRUE,-0.7201259002486615,-0.7705655931388171,-0.050439692890155596
2015__HAN__LN_NF_RF,2016__KIE__HN_WF_RF,216,0.3697156158440869,0.5992510032269972,0.15138664522558778,0.03355685644587012,0.11782978877971767,11.930294298265059,0.001,0.15671667764138011,0.15138664522558778,0.18280988913366525,0.0010112359550561798,2015,HAN,LN_NF_RF,LN,NF,RF,2016,KIE,HN_WF_RF,HN,WF,RF,FALSE,FALSE,FALSE,FALSE,FALSE,TRUE,-0.5321618838972492,-0.5838841449959247,-0.051722261098675504
2015__HAN__HN_WF_RF,2016__KIE__HN_WF_RF,216,0.5775175106165105,0.7386441848557377,0.23014471319145927,0.03414054440857648,0.1960041687828828,20.296022718664567,0.001,0.24871208719472626,0.23014471319145927,0.24623813377040787,0.0010112359550561798,2015,HAN,HN_WF_RF,HN,WF,RF,2016,KIE,HN_WF_RF,HN,WF,RF,FALSE,FALSE,TRUE,TRUE,TRUE,TRUE,0.7736827070000619,0.7183646186460714,-0.05531808835399055
2015__GGE__HN_NF_RF,2016__KAL__LN_NF_RF,220,0.7492060900266996,0.7972467500267663,0.29401846126251585,0.033335605958673346,0.2606828553038425,27.919312548310547,0.001,0.3221791585082272,0.29401846126251585,0.2941520248931631,0.0010112359550561798,2015,GGE,HN_NF_RF,HN,NF,RF,2016,KAL,LN_NF_RF,LN,NF,RF,FALSE,FALSE,FALSE,FALSE,TRUE,TRUE,1.8525881856395727,1.7957986776369812,-0.05678950800259153
2015__GGE__LN_NF_RF,2016__QLB__LN_NF_RF,220,0.3442285239718679,0.5716132376889831,0.14118751343353123,0.033284507545608785,0.10790300588792244,11.650914372287993,0.001,0.12286823364707426,0.14118751343353123,0.13877219473653807,0.0010112359550561798,2015,GGE,LN_NF_RF,LN,NF,RF,2016,QLB,LN_NF_RF,LN,NF,RF,FALSE,FALSE,TRUE,TRUE,TRUE,TRUE,-0.6923249136688948,-0.7492470266364245,-0.05692211296752969
2015__KAL__HN_WF_RF,2016__QLB__HN_NF_RF,220,0.12890856121692573,0.34246462642917114,0.0594587954491559,0.03284740767542788,0.02661138777372802,2.7263629872517026,0.016,0.05135485444983663,0.0594587954491559,0.08664365962978243,0.01601617795753286,2015,KAL,HN_WF_RF,HN,WF,RF,2016,QLB,HN_NF_RF,HN,NF,RF,FALSE,FALSE,FALSE,TRUE,FALSE,TRUE,-2.0454136763275934,-2.1034235379100776,-0.05800986158248422
2015__GGE__LN_NF_RF,2015__KAL__HN_WF_RF,220,0.5725463086027142,0.7415675380220103,0.226921650777081,0.033151136809911566,0.19377051396716943,21.540039177692815,0.001,0.2675899207751473,0.226921650777081,0.26370050615233503,0.0010112359550561798,2015,GGE,LN_NF_RF,LN,NF,RF,2015,KAL,HN_WF_RF,HN,WF,RF,TRUE,FALSE,FALSE,FALSE,FALSE,TRUE,0.7424432552757015,0.6811558269415776,-0.06128742833412393
2015__HAN__HN_WF_RF,2017__GGE__HN_WF_RF,220,0.6183788322864955,0.7511233327510524,0.24421706270171162,0.033161161444896156,0.21105590125681545,22.752112753264772,0.001,0.25682281473337515,0.24421706270171162,0.2481744469818108,0.0010112359550561798,2015,HAN,HN_WF_RF,HN,WF,RF,2017,GGE,HN_WF_RF,HN,WF,RF,FALSE,FALSE,TRUE,TRUE,TRUE,TRUE,1.0304586903860709,0.9691002177522654,-0.06135847263380545
2015__KIE__LN_NF_RF,2016__QLB__LN_NF_RF,220,0.3117945318521086,0.48888613401103326,0.12815656153022079,0.0327947428050054,0.09536181872521539,10.12603296415172,0.001,0.09231621271993916,0.12815656153022079,0.1322432571451012,0.0010112359550561798,2015,KIE,LN_NF_RF,LN,NF,RF,2016,QLB,LN_NF_RF,LN,NF,RF,FALSE,FALSE,TRUE,TRUE,TRUE,TRUE,-0.8961428490981066,-0.9581613215317201,-0.06201847243361347
2015__KIE__HN_NF_RF,2016__GGE__HN_WF_RF,220,0.6790910511203462,0.7748364447800387,0.26694964461724424,0.03308037144251443,0.2338692731747298,24.38237241169409,0.001,0.28914799512895006,0.26694964461724424,0.2728962386907963,0.0010112359550561798,2015,KIE,HN_NF_RF,HN,NF,RF,2016,GGE,HN_WF_RF,HN,WF,RF,FALSE,FALSE,FALSE,TRUE,FALSE,TRUE,1.4119793817752562,1.3491311866375468,-0.06284819513770934
2016__QLB__HN_WF_RF,2017__KIE__LN_NF_RF,212,0.3649718611259093,0.5839434352695804,0.15016845086922948,0.034806820940355546,0.11536162992887393,11.48589169723705,0.001,0.14208425946948958,0.15016845086922948,0.16838009237813958,0.0010112359550561798,2016,QLB,HN_WF_RF,HN,WF,RF,2017,KIE,LN_NF_RF,LN,NF,RF,FALSE,FALSE,FALSE,FALSE,FALSE,TRUE,-0.561972037678859,-0.6249993647373946,-0.06302732705853564
2015__HAN__HN_NF_RF,2016__KIE__HN_NF_RF,216,0.6796870860061556,0.7726169637647506,0.2675522831185653,0.03353103170699808,0.23402125141156724,25.831676593460227,0.001,0.24243250799705565,0.2675522831185653,0.2584466791529965,0.0010112359550561798,2015,HAN,HN_NF_RF,HN,NF,RF,2016,KIE,HN_NF_RF,HN,NF,RF,FALSE,FALSE,TRUE,TRUE,TRUE,TRUE,1.4157249151471858,1.3516628788750038,-0.06406203627218199
2015__KAL__HN_WF_RF,2015__QLB__LN_NF_RF,220,0.20209178682678614,0.4206645892383201,0.08670158127956575,0.033130743179523504,0.05357083810004224,5.931196363850182,0.001,0.08306497031813835,0.08670158127956575,0.1191552131615775,0.0010112359550561798,2015,KAL,HN_WF_RF,HN,WF,RF,2015,QLB,LN_NF_RF,LN,NF,RF,TRUE,FALSE,FALSE,FALSE,FALSE,TRUE,-1.5855241290656987,-1.6543261372720548,-0.06880200820635607
2015__GGE__LN_NF_RF,2016__KIE__LN_NF_RF,215,0.546071771500398,0.6697674418604652,0.21677117139228466,0.033460881145912176,0.1833102902463725,19.185060369868914,0.001,0.18066201729680736,0.21677117139228466,0.18632122197521517,0.0010112359550561798,2015,GGE,LN_NF_RF,LN,NF,RF,2016,KIE,LN_NF_RF,LN,NF,RF,FALSE,FALSE,TRUE,TRUE,TRUE,TRUE,0.5760750365959285,0.5069067518958277,-0.06916828470010083
2016__QLB__HN_NF_RF,2017__KIE__LN_NF_RF,212,0.31332625968089073,0.536377524738883,0.12945779891095852,0.03413260560107234,0.09532519330988617,10.082124681926306,0.001,0.09831782303943802,0.12945779891095852,0.17046684050718622,0.0010112359550561798,2016,QLB,HN_NF_RF,HN,NF,RF,2017,KIE,LN_NF_RF,LN,NF,RF,FALSE,FALSE,FALSE,FALSE,TRUE,TRUE,-0.886517342544701,-0.9587714370430731,-0.07225409449837206
2015__KIE__LN_NF_RF,2017__QLB__HN_NF_RF,220,0.24288729731466832,0.4788772870964652,0.1013781484733978,0.0326686763737789,0.06870947209961889,7.243537618769846,0.001,0.09935642876909954,0.1013781484733978,0.1137735444782376,0.0010112359550561798,2015,KIE,LN_NF_RF,LN,NF,RF,2017,QLB,HN_NF_RF,HN,NF,RF,FALSE,FALSE,FALSE,FALSE,TRUE,TRUE,-1.3291617086852805,-1.402142910383921,-0.07298120169864042
2015__KAL__LN_NF_RF,2016__QLB__LN_NF_RF,220,0.3836880228834253,0.5975938646365722,0.15520922177218424,0.03347041094525202,0.12173881082693222,13.20995191006259,0.001,0.1581870908544654,0.15520922177218424,0.17419626069541552,0.0010112359550561798,2015,KAL,LN_NF_RF,LN,NF,RF,2016,QLB,LN_NF_RF,LN,NF,RF,FALSE,FALSE,TRUE,TRUE,TRUE,TRUE,-0.44435810244416085,-0.5187666585786567,-0.07440855613449582
2016__KAL__LN_NF_RF,2016__QLB__HN_NF_RF,220,0.47800506735198955,0.6943092362915088,0.19017565678473317,0.032875849848599675,0.1572998069361335,16.527192159973225,0.001,0.1956971106688849,0.19017565678473317,0.2072846608526095,0.0010112359550561798,2016,KAL,LN_NF_RF,LN,NF,RF,2016,QLB,HN_NF_RF,HN,NF,RF,TRUE,FALSE,FALSE,FALSE,TRUE,TRUE,0.14833814069442794,0.0736174858841484,-0.07472065481027954
2017__HAN__HN_WF_RF,2017__KIE__LN_NF_RF,212,0.49795833846473214,0.6851105740226928,0.19875247078149086,0.033944032062168866,0.164808438719322,17.17182347645575,0.001,0.20193663923064287,0.19875247078149086,0.20795764901356165,0.0010112359550561798,2017,HAN,HN_WF_RF,HN,WF,RF,2017,KIE,LN_NF_RF,LN,NF,RF,TRUE,FALSE,FALSE,FALSE,FALSE,TRUE,0.2737261752059411,0.1986981895098673,-0.0750279856960738
2015__KAL__HN_WF_RF,2016__KAL__LN_NF_RF,220,0.4166209056024534,0.6259941508934257,0.16688151593548636,0.0327644118705985,0.13411710406488786,14.22530233364979,0.001,0.18195030955068742,0.16688151593548636,0.18456457536673954,0.0010112359550561798,2015,KAL,HN_WF_RF,HN,WF,RF,2016,KAL,LN_NF_RF,LN,NF,RF,FALSE,TRUE,FALSE,FALSE,FALSE,TRUE,-0.2374050965132187,-0.3125658922345787,-0.07516079572136
2015__GGE__HN_WF_RF,2015__KIE__HN_WF_RF,220,0.5856752322824074,0.7322743332412954,0.2313064529879225,0.03342884029928429,0.19787761268863818,21.0491423944944,0.001,0.24450937681730944,0.2313064529879225,0.2286318021659895,0.0010112359550561798,2015,GGE,HN_WF_RF,HN,WF,RF,2015,KIE,HN_WF_RF,HN,WF,RF,TRUE,FALSE,TRUE,TRUE,TRUE,TRUE,0.8249465163273239,0.7495729251260692,-0.07537359120125464
2016__QLB__HN_WF_RF,2017__KAL__LN_NF_RF,220,0.23063977528958854,0.49562218603314495,0.09713432203994737,0.033199926028583626,0.06393439601136375,6.477457886231487,0.001,0.1048675062906664,0.09713432203994737,0.11671401512892467,0.0010112359550561798,2016,QLB,HN_WF_RF,HN,WF,RF,2017,KAL,LN_NF_RF,LN,NF,RF,FALSE,FALSE,FALSE,FALSE,FALSE,TRUE,-1.4061261675794663,-1.4816873459390856,-0.07556117835961929
2016__KAL__HN_WF_RF,2017__HAN__HN_WF_RF,220,0.5551818693416021,0.7419450815099486,0.21980482655358305,0.03345308403639792,0.18635174251718511,18.660775289997126,0.001,0.2452414178460095,0.21980482655358305,0.23131612386698588,0.0010112359550561798,2016,KAL,HN_WF_RF,HN,WF,RF,2017,HAN,HN_WF_RF,HN,WF,RF,FALSE,FALSE,TRUE,TRUE,TRUE,TRUE,0.6333236579403588,0.5575720396689001,-0.07575161827145871
2015__KAL__HN_NF_RF,2016__QLB__HN_WF_RF,220,0.21448459726710126,0.4553636532685687,0.09070669198121246,0.032896768351247066,0.0578099236299654,5.904187757653038,0.001,0.08214592083765472,0.09070669198121246,0.0957499199243889,0.0010112359550561798,2015,KAL,HN_NF_RF,HN,NF,RF,2016,QLB,HN_WF_RF,HN,WF,RF,FALSE,FALSE,FALSE,TRUE,FALSE,TRUE,-1.5076466655458194,-1.5837103691637358,-0.07606370361791637
2017__KAL__LN_NF_RF,2017__KIE__HN_WF_RF,216,0.4010561738147634,0.600472737231927,0.16174236928841962,0.03357341615951205,0.12816895312890758,13.93299201388664,0.001,0.13817028883814567,0.16174236928841962,0.1810672431510678,0.0010112359550561798,2017,KAL,LN_NF_RF,LN,NF,RF,2017,KIE,HN_WF_RF,HN,WF,RF,TRUE,FALSE,FALSE,FALSE,FALSE,TRUE,-0.3352151806608234,-0.41165170784351196,-0.07643652718268856
2016__QLB__HN_NF_RF,2016__QLB__HN_WF_RF,220,0.22950816282264405,0.46747096577878205,0.09680057226602524,0.03335803277068127,0.06344253949534398,6.655562357040143,0.001,0.07299268150846201,0.09680057226602524,0.10841822902667203,0.0010112359550561798,2016,QLB,HN_NF_RF,HN,NF,RF,2016,QLB,HN_WF_RF,HN,WF,RF,TRUE,TRUE,FALSE,TRUE,FALSE,TRUE,-1.4132373155339628,-1.489880817250915,-0.07664350171695222
2017__GGE__HN_WF_RF,2017__HAN__HN_WF_RF,220,0.6175156859771886,0.7493866327065359,0.2433496729431942,0.0335387621936847,0.2098109107495095,22.145524316238134,0.001,0.25377584185343954,0.2433496729431942,0.25246416225987933,0.0010112359550561798,2017,GGE,HN_WF_RF,HN,WF,RF,2017,HAN,HN_WF_RF,HN,WF,RF,TRUE,FALSE,TRUE,TRUE,TRUE,TRUE,1.025034606354519,0.948360848296191,-0.07667375805832799
2016__KIE__HN_WF_RF,2017__KAL__HN_NF_RF,216,0.45875396678352354,0.6759332690315435,0.1832240094741388,0.03332077445276542,0.14990323502137337,15.508711146213816,0.001,0.19883006047060886,0.1832240094741388,0.19754580737692864,0.0010112359550561798,2016,KIE,HN_WF_RF,HN,WF,RF,2017,KAL,HN_NF_RF,HN,NF,RF,FALSE,FALSE,FALSE,TRUE,FALSE,TRUE,0.02736260496275099,-0.04959649586787176,-0.07695910083062274
2015__KIE__HN_NF_RF,2017__KIE__HN_WF_RF,216,0.620166073274749,0.7326926969837697,0.24453262569805875,0.033743384524850026,0.21078924117320874,21.671993655298085,0.001,0.2634246401983197,0.24453262569805875,0.2568093129720989,0.0010112359550561798,2015,KIE,HN_NF_RF,HN,NF,RF,2017,KIE,HN_WF_RF,HN,WF,RF,FALSE,TRUE,FALSE,TRUE,FALSE,TRUE,1.041689863132098,0.964658126057065,-0.07703173707503308
2016__KIE__LN_NF_RF,2017__GGE__HN_WF_RF,215,0.5150494343384499,0.6536224009273348,0.20479896689017893,0.0337090804920475,0.17108988639813144,18.25590108015162,0.001,0.19654682253591102,0.20479896689017893,0.19918477598543494,0.0010112359550561798,2016,KIE,LN_NF_RF,LN,NF,RF,2017,GGE,HN_WF_RF,HN,WF,RF,FALSE,FALSE,FALSE,FALSE,FALSE,TRUE,0.3811280596961849,0.30333614728171404,-0.07779191241447087
2016__GGE__HN_NF_RF,2016__GGE__HN_WF_RF,220,0.645680849307911,0.7423474188985874,0.2531595985068516,0.032889296237821115,0.2202703022690305,23.5775613915268,0.001,0.2373590255417601,0.2531595985068516,0.25111338051028126,0.0010112359550561798,2016,GGE,HN_NF_RF,HN,NF,RF,2016,GGE,HN_WF_RF,HN,WF,RF,TRUE,TRUE,FALSE,TRUE,FALSE,TRUE,1.202026862500414,1.1225960603207996,-0.0794308021796144
2016__QLB__HN_WF_RF,2017__QLB__HN_NF_RF,220,0.3140662688555513,0.5546001138265442,0.12828824941526348,0.03314409835228425,0.09514415106297924,10.257891731155487,0.001,0.11310407892034956,0.12828824941526348,0.13362034571856285,0.0010112359550561798,2016,QLB,HN_WF_RF,HN,WF,RF,2017,QLB,HN_NF_RF,HN,NF,RF,FALSE,TRUE,FALSE,TRUE,FALSE,TRUE,-0.8818670626278449,-0.9617872849742237,-0.07992022234637886
2015__QLB__HN_WF_RF,2017__QLB__HN_WF_RF,220,0.28033086963385917,0.5215836540574655,0.11489944721019409,0.0325002492680651,0.082399197942129,8.748234230348999,0.001,0.0977956776908111,0.11489944721019409,0.11904558449414183,0.0010112359550561798,2015,QLB,HN_WF_RF,HN,WF,RF,2017,QLB,HN_WF_RF,HN,WF,RF,FALSE,TRUE,TRUE,TRUE,TRUE,TRUE,-1.093863149784092,-1.1740959651790486,-0.08023281539495652
2015__HAN__HN_WF_RF,2015__KAL__LN_NF_RF,220,0.5331697975321013,0.7402241594022416,0.21069578328077634,0.0329785370609534,0.17771724621982293,19.21355114482192,0.001,0.23905282518974494,0.21069578328077634,0.2228074031260608,0.0010112359550561798,2015,HAN,HN_WF_RF,HN,WF,RF,2015,KAL,LN_NF_RF,LN,NF,RF,TRUE,FALSE,FALSE,FALSE,FALSE,TRUE,0.49499794662593843,0.41373639776862486,-0.08126154885731357
2016__GGE__HN_NF_RF,2017__GGE__HN_NF_RF,220,0.3854101067239165,0.6202870457503817,0.1550715175951006,0.03317376046059566,0.12189775713450493,12.391335144178045,0.001,0.1649194739960424,0.1550715175951006,0.1597516313891638,0.0010112359550561798,2016,GGE,HN_NF_RF,HN,NF,RF,2017,GGE,HN_NF_RF,HN,NF,RF,FALSE,TRUE,TRUE,TRUE,TRUE,TRUE,-0.4335363826968992,-0.5161188904414019,-0.08258250774450271
2015__HAN__HN_NF_RF,2016__HAN__HN_WF_RF,220,0.34602855904506874,0.564523309084147,0.14017925579623203,0.0331553870109162,0.10702386878531583,10.926780419744254,0.001,0.11748082961393333,0.14017925579623203,0.1309269696381375,0.0010112359550561798,2015,HAN,HN_NF_RF,HN,NF,RF,2016,HAN,HN_WF_RF,HN,WF,RF,FALSE,TRUE,FALSE,TRUE,FALSE,TRUE,-0.6810133418165831,-0.7638919167512538,-0.08287857493467066
2016__HAN__LN_NF_RF,2016__QLB__LN_NF_RF,220,0.4519459826949672,0.680359286161059,0.18005994948520412,0.033137326219311224,0.1469226232658929,15.040468155612416,0.001,0.21916099350364923,0.18005994948520412,0.19543618654886863,0.0010112359550561798,2016,HAN,LN_NF_RF,LN,NF,RF,2016,QLB,LN_NF_RF,LN,NF,RF,TRUE,FALSE,TRUE,TRUE,TRUE,TRUE,-0.0154193398635577,-0.09924828681669792,-0.08382894695314022
2016__GGE__HN_NF_RF,2016__QLB__HN_WF_RF,220,0.22079485854181793,0.47001684858252146,0.09222461924044514,0.03269205950389101,0.059532559736554136,6.33052364096273,0.001,0.08190077308203207,0.09222461924044514,0.10768163048878032,0.0010112359550561798,2016,GGE,HN_NF_RF,HN,NF,RF,2016,QLB,HN_WF_RF,HN,WF,RF,TRUE,FALSE,FALSE,TRUE,FALSE,TRUE,-1.4679924527593482,-1.5550142574719075,-0.08702180471255927
2015__QLB__LN_NF_RF,2016__HAN__LN_NF_RF,220,0.4022252122534593,0.6055583417388414,0.161008190379968,0.03305324285538598,0.12795494752458203,13.559848639670085,0.001,0.1597753205527206,0.161008190379968,0.15358883264166162,0.0010112359550561798,2015,QLB,LN_NF_RF,LN,NF,RF,2016,HAN,LN_NF_RF,LN,NF,RF,FALSE,FALSE,TRUE,TRUE,TRUE,TRUE,-0.32786884475087436,-0.4152166677911844,-0.08734782304031002
2015__GGE__HN_WF_RF,2017__GGE__LN_NF_RF,220,0.639776637001763,0.7606858894530127,0.25080269485036427,0.03327669760348267,0.2175259972468816,22.818119338005637,0.001,0.285313469386729,0.25080269485036427,0.2531131165475821,0.0010112359550561798,2015,GGE,HN_WF_RF,HN,WF,RF,2017,GGE,LN_NF_RF,LN,NF,RF,FALSE,TRUE,FALSE,FALSE,FALSE,TRUE,1.1649242955967947,1.0768807272154366,-0.08804356838135807
2015__GGE__HN_NF_RF,2017__HAN__HN_WF_RF,220,0.50102569540088,0.6703121213999538,0.19885226327676855,0.0337047388835256,0.16514752439324296,16.78770300041933,0.001,0.22010158196215168,0.19885226327676855,0.22482089720907206,0.0010112359550561798,2015,GGE,HN_NF_RF,HN,NF,RF,2017,HAN,HN_WF_RF,HN,WF,RF,FALSE,FALSE,FALSE,TRUE,FALSE,TRUE,0.29300170427561945,0.20434676516360972,-0.08865493911200972
2015__KAL__HN_NF_RF,2016__GGE__HN_NF_RF,220,0.7702930842458346,0.8071643103069372,0.3001012532853324,0.03338725261089131,0.26671400067444107,28.60795758630639,0.001,0.3221551515167213,0.3001012532853324,0.2829547936515553,0.0010112359550561798,2015,KAL,HN_NF_RF,HN,NF,RF,2016,GGE,HN_NF_RF,HN,NF,RF,FALSE,FALSE,TRUE,TRUE,TRUE,TRUE,1.9851006315414599,1.8962670357088858,-0.08883359583257411
2016__GGE__LN_NF_RF,2016__KAL__HN_WF_RF,220,0.48697803027546305,0.6696032412390188,0.19290234488777905,0.033085891214528644,0.1598164536732504,17.133779125079005,0.001,0.17031120807941189,0.19290234488777905,0.20538806800846265,0.0010112359550561798,2016,GGE,LN_NF_RF,LN,NF,RF,2016,KAL,HN_WF_RF,HN,WF,RF,TRUE,FALSE,FALSE,FALSE,FALSE,TRUE,0.20472499467750785,0.11554042920396064,-0.08918456547354721
2015__KIE__HN_WF_RF,2016__GGE__HN_NF_RF,220,0.2609506504565594,0.45263407020054885,0.10747266118578941,0.03292187013673625,0.07455079104905316,7.782589313648832,0.001,0.09106099873563965,0.10747266118578941,0.12852938631832198,0.0010112359550561798,2015,KIE,HN_WF_RF,HN,WF,RF,2016,GGE,HN_NF_RF,HN,NF,RF,FALSE,FALSE,FALSE,TRUE,FALSE,TRUE,-1.2156500777175312,-1.3048367292587062,-0.089186651541175
2015__KIE__HN_WF_RF,2016__KIE__HN_NF_RF,216,0.41038278144256407,0.5789876040438681,0.16519132404598252,0.03431356137236754,0.13087776267361498,13.784648538766467,0.001,0.15555375424869045,0.16519132404598252,0.2244363098414084,0.0010112359550561798,2015,KIE,HN_WF_RF,HN,WF,RF,2016,KIE,HN_NF_RF,HN,NF,RF,FALSE,TRUE,FALSE,TRUE,FALSE,TRUE,-0.2766059936006034,-0.366527667455932,-0.08992167385532862
2015__QLB__HN_WF_RF,2017__GGE__HN_NF_RF,220,0.27455316510408484,0.536712441466672,0.11261234167337218,0.03303222732494848,0.0795801143484237,8.55137754278738,0.001,0.1010475670139905,0.11261234167337218,0.12665417685254085,0.0010112359550561798,2015,QLB,HN_WF_RF,HN,WF,RF,2017,GGE,HN_NF_RF,HN,NF,RF,FALSE,FALSE,FALSE,TRUE,FALSE,TRUE,-1.1301707311768,-1.2210569788047083,-0.09088624762790842
2015__GGE__HN_WF_RF,2015__HAN__HN_WF_RF,220,0.6557396255981495,0.7734874311828381,0.25641268579181453,0.0330411876605455,0.22337149813126903,23.459328841966073,0.001,0.2634995038500857,0.25641268579181453,0.2674760292243372,0.0010112359550561798,2015,GGE,HN_WF_RF,HN,WF,RF,2015,HAN,HN_WF_RF,HN,WF,RF,TRUE,FALSE,TRUE,TRUE,TRUE,TRUE,1.265237059038993,1.1742565720798732,-0.09098048695911976
2016__KIE__HN_NF_RF,2017__GGE__HN_WF_RF,216,0.4978610947115291,0.6733326188690029,0.19739146221803439,0.03366653112514478,0.1637249310928896,17.306074019294595,0.001,0.2210994548522837,0.19739146221803439,0.20233309407474262,0.0010112359550561798,2016,KIE,HN_NF_RF,HN,NF,RF,2017,GGE,HN_WF_RF,HN,WF,RF,FALSE,FALSE,FALSE,TRUE,FALSE,TRUE,0.2731150872788662,0.18064884307614917,-0.09246624420271701
2017__HAN__HN_NF_RF,2017__KIE__HN_WF_RF,216,0.3997953748148882,0.6007382798080472,0.16073425185148968,0.034005823238130665,0.126728428613359,12.905272283645315,0.001,0.16358507492657662,0.16073425185148968,0.1710764291302406,0.0010112359550561798,2017,HAN,HN_NF_RF,HN,NF,RF,2017,KIE,HN_WF_RF,HN,WF,RF,TRUE,FALSE,FALSE,TRUE,FALSE,TRUE,-0.34313814765782236,-0.4356483326877789,-0.09251018502995656
2016__HAN__HN_NF_RF,2017__GGE__HN_NF_RF,220,0.4828319971065543,0.6774009230093033,0.191379431572667,0.03333888968007089,0.15804054189259611,16.210555509794958,0.001,0.18274661769635367,0.191379431572667,0.18452934125458975,0.0010112359550561798,2016,HAN,HN_NF_RF,HN,NF,RF,2017,GGE,HN_NF_RF,HN,NF,RF,FALSE,FALSE,TRUE,TRUE,TRUE,TRUE,0.17867097340292018,0.08595683774342512,-0.09271413565949506
2015__KIE__LN_NF_RF,2017__KAL__LN_NF_RF,220,0.5105192106008044,0.6949009089218597,0.2008766617836111,0.03240660387363231,0.1684700579099788,18.50906941031392,0.001,0.179336484249524,0.2008766617836111,0.2097257325707355,0.0010112359550561798,2015,KIE,LN_NF_RF,LN,NF,RF,2017,KAL,LN_NF_RF,LN,NF,RF,FALSE,FALSE,TRUE,TRUE,TRUE,TRUE,0.3526597525624236,0.25969437603245393,-0.09296537652996967
2016__KIE__HN_NF_RF,2017__QLB__HN_NF_RF,216,0.49244075339756027,0.6917443646625941,0.1951884819959873,0.033693667797559626,0.16149481419842765,16.845688100856265,0.001,0.18516697680557292,0.1951884819959873,0.21600822087284055,0.0010112359550561798,2016,KIE,HN_NF_RF,HN,NF,RF,2017,QLB,HN_NF_RF,HN,NF,RF,FALSE,FALSE,TRUE,TRUE,TRUE,TRUE,0.23905320640229805,0.1434989869663518,-0.09555421943594625
2015__HAN__HN_WF_RF,2016__KAL__HN_NF_RF,220,0.41097749973879777,0.6009940100189899,0.1637505724391844,0.03303336841965968,0.13071720401952472,13.589913664992357,0.001,0.1408179538365348,0.1637505724391844,0.1648768770355207,0.0010112359550561798,2015,HAN,HN_WF_RF,HN,WF,RF,2016,KAL,HN_NF_RF,HN,NF,RF,FALSE,FALSE,FALSE,TRUE,FALSE,TRUE,-0.2728687337883435,-0.3692022944727705,-0.096333560684427
2015__KIE__LN_NF_RF,2016__GGE__HN_NF_RF,220,0.35790785421227905,0.5024292387708987,0.14365894334943496,0.032983210554112796,0.11067573279532217,11.973427797392196,0.001,0.10330129410782372,0.14365894334943496,0.15597986825424656,0.0010112359550561798,2015,KIE,LN_NF_RF,LN,NF,RF,2016,GGE,HN_NF_RF,HN,NF,RF,FALSE,FALSE,FALSE,FALSE,TRUE,TRUE,-0.6063628514793181,-0.7030582345163975,-0.09669538303707936
2015__KAL__HN_WF_RF,2017__GGE__LN_NF_RF,220,0.5703765570747275,0.7286859796126517,0.22352182488901784,0.032838279345902575,0.19068354554311526,20.050983544627382,0.001,0.23184362168139047,0.22352182488901784,0.2317857673100232,0.0010112359550561798,2015,KAL,HN_WF_RF,HN,WF,RF,2017,GGE,LN_NF_RF,LN,NF,RF,FALSE,FALSE,FALSE,FALSE,FALSE,TRUE,0.728808354114114,0.6297323194770648,-0.09907603463704928
2016__HAN__LN_NF_RF,2017__KAL__HN_WF_RF,220,0.46567484982767765,0.6252604768317903,0.18389378615673665,0.03279343324989261,0.15110035290684404,15.942432612657427,0.001,0.17046904237376703,0.18389378615673665,0.2037607309679942,0.0010112359550561798,2016,HAN,LN_NF_RF,LN,NF,RF,2017,KAL,HN_WF_RF,HN,WF,RF,FALSE,FALSE,FALSE,FALSE,FALSE,TRUE,0.07085401632518917,-0.02965460075818521,-0.10050861708337439
2017__GGE__HN_NF_RF,2017__GGE__LN_NF_RF,220,0.6674156274316244,0.7443940427018589,0.2597476397159665,0.0326872772556208,0.22706036246034567,24.524353670598224,0.001,0.27556043692215904,0.2597476397159665,0.272982093900085,0.0010112359550561798,2017,GGE,HN_NF_RF,HN,NF,RF,2017,GGE,LN_NF_RF,LN,NF,RF,TRUE,TRUE,FALSE,FALSE,TRUE,TRUE,1.3386100369622613,1.235706615068236,-0.10290342189402524
2015__GGE__HN_NF_RF,2017__KAL__HN_NF_RF,220,0.6878589446082864,0.7518051650203141,0.2680049245804331,0.033302880945355266,0.23470204363507785,24.755647746729288,0.001,0.27612754543810886,0.2680049245804331,0.2542654808436359,0.0010112359550561798,2015,GGE,HN_NF_RF,HN,NF,RF,2017,KAL,HN_NF_RF,HN,NF,RF,FALSE,FALSE,TRUE,TRUE,TRUE,TRUE,1.467077562171203,1.3630036893979385,-0.10407387277326463
2015__GGE__HN_NF_RF,2017__QLB__LN_NF_RF,220,0.45661026296790924,0.6444937818024039,0.18061589502208647,0.033165877947788316,0.14745001707429817,15.146584467143263,0.001,0.19500685776572454,0.18061589502208647,0.18406515070789045,0.0010112359550561798,2015,GGE,HN_NF_RF,HN,NF,RF,2017,QLB,LN_NF_RF,LN,NF,RF,FALSE,FALSE,FALSE,FALSE,TRUE,TRUE,0.013891389817328058,-0.09046282622308138,-0.10435421604040944
2015__HAN__HN_WF_RF,2015__KAL__HN_WF_RF,220,0.5488797985826914,0.729931309625105,0.21522456856999744,0.03300867759047551,0.18221589097952193,19.14505143829647,0.001,0.21246410344482458,0.21522456856999744,0.22169658495712716,0.0010112359550561798,2015,HAN,HN_WF_RF,HN,WF,RF,2015,KAL,HN_WF_RF,HN,WF,RF,TRUE,FALSE,TRUE,TRUE,TRUE,TRUE,0.5937209150443509,0.4886759697376685,-0.10504494530668235
2015__GGE__HN_WF_RF,2017__GGE__HN_NF_RF,220,0.4857331955062189,0.6415038627770296,0.19148799717597884,0.03313346740968093,0.1583545297662979,16.794439904062592,0.001,0.20203411436825255,0.19148799717597884,0.21424380396993034,0.0010112359550561798,2015,GGE,HN_WF_RF,HN,WF,RF,2017,GGE,HN_NF_RF,HN,NF,RF,FALSE,TRUE,FALSE,TRUE,FALSE,TRUE,0.19690234824900144,0.09118732783890376,-0.10571502041009767
2015__HAN__HN_NF_RF,2016__KIE__HN_WF_RF,216,0.2562725643121103,0.4829588349468319,0.1054756760900666,0.03371631572857971,0.07175936036148689,7.195578931198307,0.001,0.09355356866648848,0.1054756760900666,0.15336495786598622,0.0010112359550561798,2015,HAN,HN_NF_RF,HN,NF,RF,2016,KIE,HN_WF_RF,HN,WF,RF,FALSE,FALSE,FALSE,TRUE,FALSE,TRUE,-1.245047564656573,-1.3513370937199058,-0.10628952906333278
2016__HAN__HN_NF_RF,2017__GGE__HN_WF_RF,220,0.44586534589688226,0.6364064621921189,0.17650266155244781,0.03323973488748842,0.14326292666495938,15.724035362598247,0.001,0.15760254286396264,0.17650266155244781,0.16495516067952115,0.0010112359550561798,2016,HAN,HN_NF_RF,HN,NF,RF,2017,GGE,HN_WF_RF,HN,WF,RF,FALSE,FALSE,FALSE,TRUE,FALSE,TRUE,-0.0536305731186075,-0.16021244634923948,-0.10658187323063198
2016__KAL__LN_NF_RF,2017__QLB__LN_NF_RF,220,0.41478542106662797,0.6526475941463855,0.16462393556194727,0.033090104716834955,0.1315338308451123,14.715974975766567,0.001,0.17574344359327324,0.16462393556194727,0.18187166210022238,0.0010112359550561798,2016,KAL,LN_NF_RF,LN,NF,RF,2017,QLB,LN_NF_RF,LN,NF,RF,FALSE,FALSE,TRUE,TRUE,TRUE,TRUE,-0.24893943577132918,-0.35559871649830793,-0.10665928072697875
2016__KAL__LN_NF_RF,2017__KIE__LN_NF_RF,212,0.5426744175888889,0.6863057986657312,0.2140978657843567,0.03442867407152117,0.17966919171283552,18.630523784035038,0.001,0.2112248890560384,0.2140978657843567,0.23008991433540815,0.0010112359550561798,2016,KAL,LN_NF_RF,LN,NF,RF,2017,KIE,LN_NF_RF,LN,NF,RF,FALSE,FALSE,TRUE,TRUE,TRUE,TRUE,0.5547257787676179,0.4462524037141698,-0.10847337505344806
2016__HAN__HN_NF_RF,2016__HAN__LN_NF_RF,220,0.7624914796644876,0.8072589779277934,0.29562694795308087,0.03310553041186271,0.26252141754121816,27.70735354053588,0.001,0.34329218992948,0.29562694795308087,0.32490843442255785,0.0010112359550561798,2016,HAN,HN_NF_RF,HN,NF,RF,2016,HAN,LN_NF_RF,LN,NF,RF,TRUE,TRUE,FALSE,FALSE,TRUE,TRUE,1.9360746919366796,1.826425916387124,-0.10964877554955565
2016__HAN__HN_NF_RF,2016__KAL__HN_NF_RF,220,0.7334202143795896,0.7886962352715777,0.2845879700930627,0.03328008852423885,0.25130788156882383,26.693133259152905,0.001,0.3090925048929868,0.2845879700930627,0.3122039297224141,0.0010112359550561798,2016,HAN,HN_NF_RF,HN,NF,RF,2016,KAL,HN_NF_RF,HN,NF,RF,TRUE,FALSE,TRUE,TRUE,TRUE,TRUE,1.7533884148726522,1.6396279736913926,-0.11376044118125961
2015__KIE__LN_NF_RF,2017__GGE__HN_WF_RF,220,0.5315281826238709,0.6708609682018223,0.20799450689930787,0.03287740618428575,0.17511710071502212,18.509751239325244,0.001,0.2230427565541184,0.20799450689930787,0.22490925263417347,0.0010112359550561798,2015,KIE,LN_NF_RF,LN,NF,RF,2017,GGE,HN_WF_RF,HN,WF,RF,FALSE,FALSE,FALSE,FALSE,FALSE,TRUE,0.48468190041954234,0.3704225106769837,-0.11425938974255867
2016__HAN__HN_NF_RF,2017__KIE__HN_WF_RF,216,0.40366172855584537,0.6012455494826087,0.16085031179359963,0.03402055603545678,0.12682975575814284,12.718769424458655,0.001,0.17347166449404194,0.16085031179359963,0.17098636132551337,0.0010112359550561798,2016,HAN,HN_NF_RF,HN,NF,RF,2017,KIE,HN_WF_RF,HN,WF,RF,FALSE,FALSE,FALSE,TRUE,FALSE,TRUE,-0.31884165544030035,-0.4339603992623679,-0.11511874382206755
2015__QLB__LN_NF_RF,2016__GGE__HN_NF_RF,220,0.5927312483061145,0.7317604232995047,0.23176737538985417,0.03362409044234737,0.1981432849475068,20.09591435828501,0.001,0.2042905991891628,0.23176737538985417,0.23877232751190766,0.0010112359550561798,2015,QLB,LN_NF_RF,LN,NF,RF,2016,GGE,HN_NF_RF,HN,NF,RF,FALSE,FALSE,FALSE,FALSE,TRUE,TRUE,0.8692871147031641,0.7539985613847977,-0.1152885533183664
2015__KIE__HN_NF_RF,2016__KAL__HN_WF_RF,220,0.6576497268920879,0.7673182578903771,0.25565864922935777,0.033117076314998016,0.22254157291435975,23.540171312346065,0.001,0.2785627777393617,0.25565864922935777,0.25665709332540837,0.0010112359550561798,2015,KIE,HN_NF_RF,HN,NF,RF,2016,KAL,HN_WF_RF,HN,WF,RF,FALSE,FALSE,FALSE,TRUE,FALSE,TRUE,1.2772402962832303,1.1604314661104793,-0.11680883017275101
2015__QLB__HN_WF_RF,2015__QLB__LN_NF_RF,220,0.24525414945281698,0.5053368871257671,0.09975589163495747,0.03279300857939302,0.06696288305556446,7.254907937698097,0.001,0.09552481704780108,0.09975589163495747,0.10764248866678011,0.0010112359550561798,2015,QLB,HN_WF_RF,HN,WF,RF,2015,QLB,LN_NF_RF,LN,NF,RF,TRUE,TRUE,FALSE,FALSE,FALSE,TRUE,-1.3142882107056781,-1.4312380362182218,-0.11694982551254363
2015__GGE__HN_WF_RF,2016__KAL__LN_NF_RF,220,0.48556820145468027,0.6656519950637598,0.19037879021404547,0.03277429295382451,0.15760449726022097,17.18341098859085,0.001,0.19054202409554669,0.19037879021404547,0.17001714908882484,0.0010112359550561798,2015,GGE,HN_WF_RF,HN,WF,RF,2016,KAL,LN_NF_RF,LN,NF,RF,FALSE,FALSE,FALSE,FALSE,FALSE,TRUE,0.19586551174677455,0.07869309502643426,-0.11717241672034029
2015__GGE__HN_WF_RF,2015__KAL__HN_WF_RF,220,0.7029014968293101,0.7982858398652113,0.2725963212136653,0.03303948006849275,0.23955684114517253,25.832686869601762,0.001,0.29777839800356604,0.2725963212136653,0.2998376765019534,0.0010112359550561798,2015,GGE,HN_WF_RF,HN,WF,RF,2015,KAL,HN_WF_RF,HN,WF,RF,TRUE,FALSE,TRUE,TRUE,TRUE,TRUE,1.5616062259864518,1.4438761447342912,-0.11773008125216067
2015__GGE__LN_NF_RF,2015__KAL__HN_NF_RF,220,0.6626851364156762,0.769209356316528,0.25697462456307263,0.03270270101623282,0.2242719235468398,24.874173331778607,0.001,0.25834454477820007,0.25697462456307263,0.24209113978543664,0.0010112359550561798,2015,GGE,LN_NF_RF,LN,NF,RF,2015,KAL,HN_NF_RF,HN,NF,RF,TRUE,FALSE,FALSE,FALSE,TRUE,TRUE,1.3088832334014493,1.1892560883425083,-0.11962714505894101
2016__QLB__HN_WF_RF,2017__KIE__HN_NF_RF,215,0.27288140924136634,0.5393127097973871,0.1109408821497051,0.0337292538702074,0.07721162827949771,8.02658738518794,0.001,0.12456623813931364,0.1109408821497051,0.13991144431231747,0.0010112359550561798,2016,QLB,HN_WF_RF,HN,WF,RF,2017,KIE,HN_NF_RF,HN,NF,RF,FALSE,FALSE,FALSE,TRUE,FALSE,TRUE,-1.1406761856772154,-1.260511823919403,-0.11983563824218768
2015__HAN__LN_NF_RF,2015__KAL__LN_NF_RF,220,0.7524820683705029,0.8105295188292772,0.29171599188916403,0.03362386892780908,0.258092122961355,25.517313483364326,0.001,0.28247749819069273,0.29171599188916403,0.279620863154017,0.0010112359550561798,2015,HAN,LN_NF_RF,LN,NF,RF,2015,KAL,LN_NF_RF,LN,NF,RF,TRUE,FALSE,TRUE,TRUE,TRUE,TRUE,1.8731747091880577,1.7526415974043639,-0.12053311178369386
2016__KAL__HN_WF_RF,2017__QLB__HN_WF_RF,220,0.3135803733308949,0.5395975499118126,0.12492991956700315,0.03272488306840645,0.09220503649859671,9.811055788027522,0.001,0.11258459558147182,0.12492991956700315,0.14211585600920426,0.0010112359550561798,2016,KAL,HN_WF_RF,HN,WF,RF,2017,QLB,HN_WF_RF,HN,WF,RF,FALSE,FALSE,TRUE,TRUE,TRUE,TRUE,-0.8849204709873242,-1.010747805128197,-0.12582733414087288
2015__KAL__HN_WF_RF,2017__GGE__HN_WF_RF,220,0.5406932209063741,0.7041321289508236,0.20986742617533036,0.032104701374437786,0.17776272480089256,20.1267692054212,0.001,0.21854340985292023,0.20986742617533036,0.2033709197490184,0.0010112359550561798,2015,KAL,HN_WF_RF,HN,WF,RF,2017,GGE,HN_WF_RF,HN,WF,RF,FALSE,FALSE,TRUE,TRUE,TRUE,TRUE,0.5422757721197043,0.41449399157324107,-0.12778178054646327
2015__KIE__HN_WF_RF,2017__KIE__HN_WF_RF,216,0.54035379861041,0.7017170959406518,0.21121159982005525,0.03358072148620444,0.1776308783338508,17.84392269458369,0.001,0.20014847826994664,0.21121159982005525,0.2153588425432313,0.0010112359550561798,2015,KIE,HN_WF_RF,HN,WF,RF,2017,KIE,HN_WF_RF,HN,WF,RF,FALSE,TRUE,TRUE,TRUE,TRUE,TRUE,0.5401428138533707,0.4122976594924655,-0.1278451543609052
2016__KIE__HN_WF_RF,2017__HAN__HN_WF_RF,216,0.432081213210185,0.6372093023255814,0.17080616296784043,0.03408294762481263,0.1367232153430278,14.263303847614665,0.001,0.19565580651801126,0.17080616296784043,0.18616043763458834,0.0010112359550561798,2016,KIE,HN_WF_RF,HN,WF,RF,2017,HAN,HN_WF_RF,HN,WF,RF,FALSE,FALSE,TRUE,TRUE,TRUE,TRUE,-0.14025122269857046,-0.2691526257688414,-0.12890140307027095
2016__HAN__LN_NF_RF,2017__GGE__HN_WF_RF,220,0.48380580668074163,0.6585496695085736,0.18889667654961825,0.03270627017491624,0.15619040637470202,16.947143019620103,0.001,0.18515204437348673,0.18889667654961825,0.1762011392654577,0.0010112359550561798,2016,HAN,LN_NF_RF,LN,NF,RF,2017,GGE,HN_WF_RF,HN,WF,RF,FALSE,FALSE,FALSE,FALSE,FALSE,TRUE,0.18479047470202636,0.0551368083341714,-0.12965366636785497
2015__KAL__HN_WF_RF,2017__KAL__LN_NF_RF,220,0.49549695011243483,0.6860066605433246,0.1937844759207249,0.033189920610099045,0.16059455531062586,17.688905647692145,0.001,0.22036512808821185,0.1937844759207249,0.20073434488426567,0.0010112359550561798,2015,KAL,HN_WF_RF,HN,WF,RF,2017,KAL,LN_NF_RF,LN,NF,RF,FALSE,TRUE,FALSE,FALSE,FALSE,TRUE,0.25825860370249,0.12850224476577235,-0.12975635893671764
2015__GGE__HN_NF_RF,2016__KAL__HN_WF_RF,220,0.5357787754040055,0.7145444402495168,0.20951779653041858,0.03382632872792044,0.17569146780249814,18.4954017200765,0.001,0.2210987894647299,0.20951779653041858,0.24232705957168607,0.0010112359550561798,2015,GGE,HN_NF_RF,HN,NF,RF,2016,KAL,HN_WF_RF,HN,WF,RF,FALSE,FALSE,FALSE,TRUE,FALSE,TRUE,0.511392983088566,0.37999046413580245,-0.1314025189527635
2016__KAL__HN_NF_RF,2016__KAL__HN_WF_RF,220,0.49710906531605054,0.6218952683094505,0.19363130632592968,0.03260711141689811,0.16102419490903158,16.88155651404782,0.001,0.16420459149703312,0.19363130632592968,0.1983054262200197,0.0010112359550561798,2016,KAL,HN_NF_RF,HN,NF,RF,2016,KAL,HN_WF_RF,HN,WF,RF,TRUE,TRUE,FALSE,TRUE,FALSE,TRUE,0.2683892712830257,0.13565929079303657,-0.13272998048998913
2017__KAL__HN_WF_RF,2017__KAL__LN_NF_RF,220,0.4931277815194188,0.6832353786423085,0.19239126737559803,0.03294947613635246,0.15944179123924557,18.099693952452593,0.001,0.18741202697663192,0.19239126737559803,0.19952051706960483,0.0010112359550561798,2017,KAL,HN_WF_RF,HN,WF,RF,2017,KAL,LN_NF_RF,LN,NF,RF,TRUE,TRUE,FALSE,FALSE,FALSE,TRUE,0.2433705489255979,0.1092992068054442,-0.1340713421201537
2015__HAN__HN_WF_RF,2016__QLB__LN_NF_RF,220,0.2573617998912508,0.48364109701740643,0.10381644334419339,0.03338840523723208,0.07042803810696131,7.403968798826622,0.001,0.09817398973113386,0.10381644334419339,0.13826520318994678,0.0010112359550561798,2015,HAN,HN_WF_RF,HN,WF,RF,2016,QLB,LN_NF_RF,LN,NF,RF,FALSE,FALSE,FALSE,FALSE,FALSE,TRUE,-1.2382027166305662,-1.3735145994435818,-0.13531188281301554
2015__KIE__HN_WF_RF,2016__QLB__LN_NF_RF,220,0.2573902389483268,0.4671768199568361,0.10347358976679132,0.03310577988389467,0.07036780988289665,7.5500284401233175,0.001,0.08996324882829293,0.10347358976679132,0.13392909253404747,0.0010112359550561798,2015,KIE,HN_WF_RF,HN,WF,RF,2016,QLB,LN_NF_RF,LN,NF,RF,FALSE,FALSE,FALSE,FALSE,FALSE,TRUE,-1.23802400320308,-1.3745178965637046,-0.13649389336062456
2015__HAN__LN_NF_RF,2016__HAN__HN_WF_RF,220,0.4258311454870346,0.6341975510388081,0.16705198427006446,0.033149500773749146,0.1339024834963153,14.482444517485895,0.001,0.1586240305867578,0.16705198427006446,0.16267891553701555,0.0010112359550561798,2015,HAN,LN_NF_RF,LN,NF,RF,2016,HAN,HN_WF_RF,HN,WF,RF,FALSE,TRUE,FALSE,FALSE,FALSE,TRUE,-0.1795271741424016,-0.3161410964135492,-0.1366139222711476
2016__HAN__LN_NF_RF,2016__KIE__HN_WF_RF,216,0.32104604006709087,0.5425713571249955,0.12813047016999513,0.03378569255719703,0.0943447776127981,9.645596984208053,0.001,0.11935272837173964,0.12813047016999513,0.15267586653222492,0.0010112359550561798,2016,HAN,LN_NF_RF,LN,NF,RF,2016,KIE,HN_WF_RF,HN,WF,RF,TRUE,FALSE,FALSE,FALSE,FALSE,TRUE,-0.8380055930667921,-0.9751034518199919,-0.1370978587531998
2016__KIE__HN_NF_RF,2017__HAN__LN_NF_RF,216,0.6258564239251568,0.7576918039033567,0.24193638737615797,0.03271002047900613,0.20922636689715185,21.44533268580699,0.001,0.29253846501505953,0.24193638737615797,0.25277293928228123,0.0010112359550561798,2016,KIE,HN_NF_RF,HN,NF,RF,2017,HAN,LN_NF_RF,LN,NF,RF,FALSE,FALSE,FALSE,FALSE,TRUE,TRUE,1.077448505397039,0.9386233676919771,-0.138825137705062
2016__QLB__LN_NF_RF,2017__HAN__HN_WF_RF,220,0.3815230694164726,0.5976355634695683,0.14999498256925395,0.03319845439411678,0.11679652817513717,12.597719234115441,0.001,0.14749783626470578,0.14999498256925395,0.15427292857568564,0.0010112359550561798,2016,QLB,LN_NF_RF,LN,NF,RF,2017,HAN,HN_WF_RF,HN,WF,RF,FALSE,FALSE,FALSE,FALSE,FALSE,TRUE,-0.4579628521865087,-0.6010964637220912,-0.14313361153558257
2015__KIE__LN_NF_RF,2017__HAN__HN_WF_RF,220,0.4213431651015953,0.6072116441173653,0.16520613436383288,0.0334167539224449,0.131789380441388,14.025704801855477,0.001,0.16717736839295963,0.16520613436383288,0.18011178805648612,0.0010112359550561798,2015,KIE,LN_NF_RF,LN,NF,RF,2017,HAN,HN_WF_RF,HN,WF,RF,FALSE,FALSE,FALSE,FALSE,FALSE,TRUE,-0.20773002049660563,-0.3513417061352484,-0.14361168563864277
2015__HAN__HN_WF_RF,2017__HAN__LN_NF_RF,220,0.587616164857625,0.7467934160923686,0.22777224146066097,0.033267211919168774,0.19450502954149218,20.666784058924424,0.001,0.2812433159428656,0.22777224146066097,0.25391278281593255,0.0010112359550561798,2015,HAN,HN_WF_RF,HN,WF,RF,2017,HAN,LN_NF_RF,LN,NF,RF,FALSE,TRUE,FALSE,FALSE,FALSE,TRUE,0.8371434999372188,0.6933915747466624,-0.14375192519055646
2016__HAN__HN_WF_RF,2016__KIE__HN_WF_RF,216,0.48613984300525653,0.6369628121316042,0.18959908164692493,0.03338077220594561,0.1562183094409793,16.647192267436445,0.001,0.1790670208015467,0.18959908164692493,0.18008780116278378,0.0010112359550561798,2016,HAN,HN_WF_RF,HN,WF,RF,2016,KIE,HN_WF_RF,HN,WF,RF,TRUE,FALSE,TRUE,TRUE,TRUE,TRUE,0.1994577553476795,0.055601624730028255,-0.14385613061765126
2016__GGE__HN_NF_RF,2017__KAL__LN_NF_RF,220,0.21135261987242013,0.38504927787764215,0.085575419269627,0.033071502602455526,0.052503916667171475,5.285959600582985,0.001,0.0519555502864393,0.085575419269627,0.10313802108414453,0.0010112359550561798,2016,GGE,HN_NF_RF,HN,NF,RF,2017,KAL,LN_NF_RF,LN,NF,RF,FALSE,FALSE,FALSE,FALSE,TRUE,TRUE,-1.5273282750139912,-1.6720991866624413,-0.14477091164845013
2016__HAN__HN_WF_RF,2016__KAL__LN_NF_RF,220,0.5153295171154175,0.6817240776950689,0.20039577102477735,0.03343868325660209,0.16695708776817525,18.060772567771767,0.001,0.18495742288926667,0.20039577102477735,0.1847193077520873,0.0010112359550561798,2016,HAN,HN_WF_RF,HN,WF,RF,2016,KAL,LN_NF_RF,LN,NF,RF,TRUE,FALSE,FALSE,FALSE,FALSE,TRUE,0.38288812343240486,0.23449093346583366,-0.1483971899665712
2015__KAL__HN_NF_RF,2017__HAN__HN_WF_RF,220,0.41599045250985894,0.6068295926474814,0.16274498715187996,0.03329283883936198,0.12945214831251797,13.377849387270116,0.001,0.13978660341547017,0.16274498715187996,0.16142494194740523,0.0010112359550561798,2015,KAL,HN_NF_RF,HN,NF,RF,2017,HAN,HN_WF_RF,HN,WF,RF,FALSE,FALSE,FALSE,TRUE,FALSE,TRUE,-0.24136691679248312,-0.3902759151439045,-0.14890899835142135
2015__HAN__HN_WF_RF,2017__HAN__HN_WF_RF,220,0.5654851765135492,0.7236550717614376,0.2193184092701317,0.03350038261353616,0.18581802665659553,19.22028888055993,0.001,0.23548656206158505,0.2193184092701317,0.2404403755083123,0.0010112359550561798,2015,HAN,HN_WF_RF,HN,WF,RF,2017,HAN,HN_WF_RF,HN,WF,RF,FALSE,TRUE,TRUE,TRUE,TRUE,TRUE,0.698070507114066,0.5486812647173012,-0.14938924239676488
2017__HAN__HN_NF_RF,2017__KIE__LN_NF_RF,212,0.4205044870826914,0.6438318725731839,0.16545061761108215,0.03434453325449148,0.13110608435659066,13.433775188947637,0.001,0.1593209156919156,0.16545061761108215,0.17236574474540084,0.0010112359550561798,2017,HAN,HN_NF_RF,HN,NF,RF,2017,KIE,LN_NF_RF,LN,NF,RF,TRUE,FALSE,FALSE,FALSE,TRUE,TRUE,-0.21300034373253932,-0.3627242266182087,-0.14972388288566937
2015__KIE__LN_NF_RF,2017__KIE__LN_NF_RF,212,0.5472327906045859,0.680147054193173,0.2136337371901424,0.03472326204010083,0.17891047515004155,18.24784152412158,0.001,0.1999186504561174,0.2136337371901424,0.2302566877049923,0.0010112359550561798,2015,KIE,LN_NF_RF,LN,NF,RF,2017,KIE,LN_NF_RF,LN,NF,RF,FALSE,TRUE,TRUE,TRUE,TRUE,TRUE,0.5833709783330939,0.4336135096696868,-0.1497574686634071
2016__KAL__HN_WF_RF,2017__GGE__LN_NF_RF,220,0.5893289285482314,0.7370201112344545,0.22813035624678382,0.03335175464076914,0.19477860160601468,20.76101090424855,0.001,0.22941052104288126,0.22813035624678382,0.21458531839923814,0.0010112359550561798,2016,KAL,HN_WF_RF,HN,WF,RF,2017,GGE,LN_NF_RF,LN,NF,RF,FALSE,FALSE,FALSE,FALSE,FALSE,TRUE,0.8479066510784202,0.6979488079831394,-0.14995784309528082
2015__KAL__HN_WF_RF,2016__HAN__HN_NF_RF,220,0.2641022123419824,0.4826741348900898,0.1048163108773838,0.032744430625700816,0.07207188025168298,7.664383415391838,0.001,0.09280426976426819,0.1048163108773838,0.1280150830252912,0.0010112359550561798,2015,KAL,HN_WF_RF,HN,WF,RF,2016,HAN,HN_NF_RF,HN,NF,RF,FALSE,FALSE,FALSE,TRUE,FALSE,TRUE,-1.195845397661727,-1.346131057668134,-0.15028566000640708
2016__KAL__HN_NF_RF,2016__KIE__HN_NF_RF,216,0.6492917767957036,0.7282784981959775,0.2507768703011483,0.03342354641898433,0.217353323882164,22.61374221932972,0.001,0.21898840003570424,0.2507768703011483,0.25234891138205356,0.0010112359550561798,2016,KAL,HN_NF_RF,HN,NF,RF,2016,KIE,HN_NF_RF,HN,NF,RF,TRUE,FALSE,TRUE,TRUE,TRUE,TRUE,1.2247182346518586,1.074004290258619,-0.15071394439323949
2016__KIE__HN_WF_RF,2017__GGE__HN_NF_RF,216,0.45774268773527316,0.6320615868252777,0.17897485985307643,0.03389920859894382,0.1450756512541326,14.647891310468498,0.001,0.20375970121348025,0.17897485985307643,0.1929511159166187,0.0010112359550561798,2016,KIE,HN_WF_RF,HN,WF,RF,2017,GGE,HN_NF_RF,HN,NF,RF,FALSE,FALSE,FALSE,TRUE,FALSE,TRUE,0.021007642336006035,-0.1300156177337941,-0.15102326006980016
2015__QLB__LN_NF_RF,2017__GGE__HN_WF_RF,220,0.2635418095381933,0.48114480201506793,0.10494036073606029,0.03316141610343903,0.07177894463262127,7.676721709106845,0.001,0.08413581465291439,0.10494036073606029,0.1018290453236203,0.0010112359550561798,2015,QLB,LN_NF_RF,LN,NF,RF,2017,GGE,HN_WF_RF,HN,WF,RF,FALSE,FALSE,FALSE,FALSE,FALSE,TRUE,-1.1993670160322096,-1.351010853935586,-0.15164383790337643
2015__KIE__HN_WF_RF,2016__KIE__HN_WF_RF,216,0.5764836333217938,0.7265101989783158,0.2235709791369707,0.03378089699716498,0.1897900821398057,19.97384094277729,0.001,0.24897370804322663,0.2235709791369707,0.24858274128181007,0.0010112359550561798,2015,KIE,HN_WF_RF,HN,WF,RF,2016,KIE,HN_WF_RF,HN,WF,RF,FALSE,TRUE,TRUE,TRUE,TRUE,TRUE,0.7671857350911391,0.614848778190621,-0.15233695690051807
2016__QLB__HN_WF_RF,2017__HAN__HN_WF_RF,220,0.4586712095385085,0.6533113944878651,0.17823214838226126,0.03292085602858612,0.14531129235367513,15.384781642916401,0.001,0.2070676228193633,0.17823214838226126,0.19866610216375793,0.0010112359550561798,2016,QLB,HN_WF_RF,HN,WF,RF,2017,HAN,HN_WF_RF,HN,WF,RF,FALSE,FALSE,TRUE,TRUE,TRUE,TRUE,0.02684255147200288,-0.126090248187786,-0.15293279965978887
2015__GGE__HN_NF_RF,2016__QLB__HN_NF_RF,220,0.4815511443652627,0.6753249973233857,0.1868891471941527,0.0329491518644607,0.153939995329692,16.104417786323175,0.001,0.18410533577208285,0.1868891471941527,0.1884459671690924,0.0010112359550561798,2015,GGE,HN_NF_RF,HN,NF,RF,2016,QLB,HN_NF_RF,HN,NF,RF,FALSE,FALSE,TRUE,TRUE,TRUE,TRUE,0.17062198700756817,0.017648887087697154,-0.15297309991987101
2015__HAN__HN_NF_RF,2017__HAN__HN_NF_RF,220,0.7048333856309812,0.7955911936572694,0.27144289996065174,0.03334635530315455,0.2380965446574972,25.19533498776519,0.001,0.272557195594923,0.27144289996065174,0.26861197130760706,0.0010112359550561798,2015,HAN,HN_NF_RF,HN,NF,RF,2017,HAN,HN_NF_RF,HN,NF,RF,FALSE,TRUE,TRUE,TRUE,TRUE,TRUE,1.57374637776245,1.4195501533346924,-0.1541962244277577
2016__HAN__HN_WF_RF,2017__KIE__LN_NF_RF,212,0.563279148657089,0.7211663075115271,0.2192524068166963,0.034590527493165726,0.18466187932353056,19.1101563708201,0.001,0.2387632612932043,0.2192524068166963,0.21459131816483001,0.0010112359550561798,2016,HAN,HN_WF_RF,HN,WF,RF,2017,KIE,LN_NF_RF,LN,NF,RF,FALSE,FALSE,FALSE,FALSE,FALSE,TRUE,0.6842076424521132,0.5294218675207916,-0.15478577493132162
2015__KAL__HN_NF_RF,2017__GGE__LN_NF_RF,220,0.369067498487631,0.5612854510517686,0.14461719531076522,0.033235844272736494,0.11138135103802874,11.885382981224998,0.001,0.13381134644393194,0.14461719531076522,0.152105543059948,0.0010112359550561798,2015,KAL,HN_NF_RF,HN,NF,RF,2017,GGE,LN_NF_RF,LN,NF,RF,FALSE,FALSE,FALSE,FALSE,TRUE,TRUE,-0.5362347078968643,-0.6913038658328127,-0.15506915793594833
2015__KAL__HN_NF_RF,2015__KIE__LN_NF_RF,220,0.4174718131662757,0.6022934358147896,0.162796430437566,0.03318954631197992,0.12960688412558607,13.63071027434308,0.001,0.13985167288175096,0.162796430437566,0.18212367714766706,0.0010112359550561798,2015,KAL,HN_NF_RF,HN,NF,RF,2015,KIE,LN_NF_RF,LN,NF,RF,TRUE,FALSE,FALSE,FALSE,TRUE,TRUE,-0.232057921788042,-0.3876982864981651,-0.15564036471012313
2016__HAN__HN_WF_RF,2016__KIE__HN_NF_RF,216,0.47427353634947156,0.6873158765881945,0.1845720462046757,0.033646254007821286,0.15092579219685442,15.757636116900784,0.001,0.20164693424049984,0.1845720462046757,0.1911964891237942,0.0010112359550561798,2016,HAN,HN_WF_RF,HN,WF,RF,2016,KIE,HN_NF_RF,HN,NF,RF,TRUE,FALSE,FALSE,TRUE,FALSE,TRUE,0.12488888590904572,-0.03256247759398792,-0.15745136350303363
2017__QLB__HN_WF_RF,2017__QLB__LN_NF_RF,220,0.3868936838360055,0.6207874317463359,0.15119583061460548,0.03327285790921255,0.11792297270539293,12.321253014779108,0.001,0.15240398439205563,0.15119583061460548,0.1536042301766671,0.0010112359550561798,2017,QLB,HN_WF_RF,HN,WF,RF,2017,QLB,LN_NF_RF,LN,NF,RF,TRUE,TRUE,FALSE,FALSE,FALSE,TRUE,-0.4242134592985245,-0.582331863391683,-0.15811840409315847
2015__KIE__HN_NF_RF,2016__QLB__HN_NF_RF,220,0.33740594355028586,0.5260488101745153,0.13252952643591767,0.033348253111461584,0.09918127332445609,10.398947408276713,0.001,0.11170809938214063,0.13252952643591767,0.16559303295592825,0.0010112359550561798,2015,KIE,HN_NF_RF,HN,NF,RF,2016,QLB,HN_NF_RF,HN,NF,RF,FALSE,FALSE,TRUE,TRUE,TRUE,TRUE,-0.7351985830800511,-0.8945358725106143,-0.15933728943056313
2016__KIE__HN_NF_RF,2017__GGE__HN_NF_RF,216,0.47923009765590147,0.6489979637766584,0.1868948983598783,0.034286048623677304,0.15260884973620098,15.250830091621115,0.001,0.21630958240520828,0.1868948983598783,0.19376769636376026,0.0010112359550561798,2016,KIE,HN_NF_RF,HN,NF,RF,2017,GGE,HN_NF_RF,HN,NF,RF,FALSE,FALSE,TRUE,TRUE,TRUE,TRUE,0.15603633419646787,-0.0045256757714003705,-0.16056200996786824
2015__KIE__LN_NF_RF,2016__QLB__HN_NF_RF,220,0.24880178793900845,0.4179891019536467,0.09922740002590738,0.03364647227372898,0.0655809277521784,6.686513513000862,0.001,0.08924538263933719,0.09922740002590738,0.13385571555138798,0.0010112359550561798,2015,KIE,LN_NF_RF,LN,NF,RF,2016,QLB,HN_NF_RF,HN,NF,RF,FALSE,FALSE,FALSE,FALSE,TRUE,TRUE,-1.291994551965339,-1.4542590001858302,-0.16226444822049113
2016__GGE__HN_WF_RF,2016__QLB__HN_NF_RF,220,0.4051768611328617,0.5941080675971893,0.158010198016177,0.03358994709838678,0.12442025091779021,13.13805407759056,0.001,0.17181483446134044,0.158010198016177,0.19790780852347414,0.0010112359550561798,2016,GGE,HN_WF_RF,HN,WF,RF,2016,QLB,HN_NF_RF,HN,NF,RF,TRUE,FALSE,FALSE,TRUE,FALSE,TRUE,-0.3093204348452913,-0.47409854553499037,-0.16477811068969905
2016__QLB__HN_WF_RF,2017__KAL__HN_WF_RF,220,0.4358271141116197,0.6475828764305799,0.16904834561931292,0.03306695368340782,0.1359813919359051,14.932516825403699,0.001,0.18022341809259806,0.16904834561931292,0.18497940358663914,0.0010112359550561798,2016,QLB,HN_WF_RF,HN,WF,RF,2017,KAL,HN_WF_RF,HN,WF,RF,FALSE,FALSE,TRUE,TRUE,TRUE,TRUE,-0.11671166625933356,-0.28151010931686715,-0.1647984430575336
2015__HAN__HN_WF_RF,2016__QLB__HN_NF_RF,220,0.24965635338930586,0.4782225027188766,0.0993452845432003,0.03360875128690492,0.06573653325629537,6.6793230527586704,0.001,0.11177400681643676,0.0993452845432003,0.1257662549673492,0.0010112359550561798,2015,HAN,HN_WF_RF,HN,WF,RF,2016,QLB,HN_NF_RF,HN,NF,RF,FALSE,FALSE,FALSE,TRUE,FALSE,TRUE,-1.2866243907737835,-1.4516668840047486,-0.1650424932309651
2015__KAL__HN_NF_RF,2016__KAL__HN_WF_RF,220,0.4193131359532665,0.6290843725170882,0.1632933522780229,0.03359213837283893,0.129701213905184,13.357857795031386,0.001,0.154860522013128,0.1632933522780229,0.18225098744699245,0.0010112359550561798,2015,KAL,HN_NF_RF,HN,NF,RF,2016,KAL,HN_WF_RF,HN,WF,RF,FALSE,TRUE,FALSE,TRUE,FALSE,TRUE,-0.2204868944683862,-0.3861269169669832,-0.165640022498597
2015__KAL__HN_WF_RF,2016__KIE__LN_NF_RF,215,0.35651566702943754,0.5606909126035404,0.13941700417335098,0.033520619526223726,0.10589638464712725,11.32894766922943,0.001,0.1227067510946298,0.13941700417335098,0.1790235115524566,0.0010112359550561798,2015,KAL,HN_WF_RF,HN,WF,RF,2016,KIE,LN_NF_RF,LN,NF,RF,FALSE,FALSE,FALSE,FALSE,FALSE,TRUE,-0.6151114728728869,-0.7826738351358012,-0.16756236226291432
2016__KAL__HN_WF_RF,2016__KAL__LN_NF_RF,220,0.6404784251219349,0.7467179073947808,0.2458988667149555,0.03298641795660689,0.2129124487583486,21.950014011907932,0.001,0.28115207112748586,0.2458988667149555,0.27122671498540313,0.0010112359550561798,2016,KAL,HN_WF_RF,HN,WF,RF,2016,KAL,LN_NF_RF,LN,NF,RF,TRUE,TRUE,FALSE,FALSE,FALSE,TRUE,1.1693343911913803,1.0000270596206156,-0.16930733157076472
2015__KAL__HN_WF_RF,2016__GGE__LN_NF_RF,220,0.3183771656930109,0.5487284673424883,0.12418628438844542,0.032799999386409616,0.0913862850020358,9.496679929948696,0.001,0.10624154565968179,0.12418628438844542,0.16718338311965114,0.0010112359550561798,2015,KAL,HN_WF_RF,HN,WF,RF,2016,GGE,LN_NF_RF,LN,NF,RF,FALSE,FALSE,FALSE,FALSE,FALSE,TRUE,-0.8547770241886958,-1.024386776413717,-0.16960975222502106
2015__GGE__HN_WF_RF,2016__QLB__LN_NF_RF,220,0.22401008108199902,0.45760975527293013,0.08925445845857223,0.033477973622272506,0.055776484836299725,6.045931680750199,0.001,0.08771079582219636,0.08925445845857223,0.10926566785755419,0.0010112359550561798,2015,GGE,HN_WF_RF,HN,WF,RF,2016,QLB,LN_NF_RF,LN,NF,RF,FALSE,FALSE,FALSE,FALSE,FALSE,TRUE,-1.44778772379273,-1.6175839112997346,-0.16979618750700465
2015__QLB__LN_NF_RF,2017__QLB__HN_NF_RF,220,0.46077139864009775,0.6684176419873439,0.17836145365652095,0.03331557958595141,0.14504587407056954,15.052877483153647,0.001,0.17301456269606974,0.17836145365652095,0.18949091915619318,0.0010112359550561798,2015,QLB,LN_NF_RF,LN,NF,RF,2017,QLB,HN_NF_RF,HN,NF,RF,FALSE,TRUE,FALSE,FALSE,TRUE,TRUE,0.04004031649322816,-0.13051165365346712,-0.17055197014669526
2016__GGE__HN_NF_RF,2016__KAL__HN_WF_RF,220,0.43520472910781627,0.6192175270338043,0.1680364020143113,0.03277676770355028,0.13525963431076102,15.097076010776851,0.001,0.1757376034407431,0.1680364020143113,0.1747369172202207,0.0010112359550561798,2016,GGE,HN_NF_RF,HN,NF,RF,2016,KAL,HN_WF_RF,HN,WF,RF,TRUE,FALSE,FALSE,TRUE,FALSE,TRUE,-0.1206227859897978,-0.293533331950101,-0.1729105459603032
2015__GGE__HN_WF_RF,2015__HAN__LN_NF_RF,220,0.4857250206005808,0.6852121287254245,0.18768534034371936,0.033389346657372754,0.1542959936863466,16.254319641364408,0.001,0.19433925942214358,0.18768534034371936,0.2088342811144066,0.0010112359550561798,2015,GGE,HN_WF_RF,HN,WF,RF,2015,HAN,LN_NF_RF,LN,NF,RF,TRUE,FALSE,FALSE,FALSE,FALSE,TRUE,0.19685097645414706,0.023579198524683154,-0.1732717779294639
2016__KAL__HN_NF_RF,2017__GGE__LN_NF_RF,220,0.277906866127266,0.43166406518541894,0.1095495750985398,0.03366890636687961,0.07588066873166019,7.675582220305371,0.001,0.08986781960555591,0.1095495750985398,0.14770748915962867,0.0010112359550561798,2016,KAL,HN_NF_RF,HN,NF,RF,2017,GGE,LN_NF_RF,LN,NF,RF,FALSE,FALSE,FALSE,FALSE,TRUE,TRUE,-1.1090957917716322,-1.2826832875825462,-0.17358749581091404
2015__QLB__LN_NF_RF,2016__HAN__HN_NF_RF,220,0.553684499542765,0.7198221601122488,0.2130047328423193,0.03309675851135158,0.17990797433096772,19.116492547603336,0.001,0.22575642686658554,0.2130047328423193,0.2287656940212437,0.0010112359550561798,2015,QLB,LN_NF_RF,LN,NF,RF,2016,HAN,HN_NF_RF,HN,NF,RF,FALSE,FALSE,FALSE,FALSE,TRUE,TRUE,0.6239140601379625,0.45023010547821674,-0.17368395465974573
2015__KAL__HN_WF_RF,2016__KAL__HN_NF_RF,220,0.1915175978950815,0.37918777435296375,0.07619660674239845,0.03294740096960711,0.04324920577279134,4.610869359570995,0.001,0.0747752554439183,0.07619660674239845,0.1122158603412381,0.0010112359550561798,2015,KAL,HN_WF_RF,HN,WF,RF,2016,KAL,HN_NF_RF,HN,NF,RF,FALSE,TRUE,FALSE,TRUE,FALSE,TRUE,-1.6519732220093168,-1.8262665215307532,-0.17429329952143635
2016__HAN__HN_NF_RF,2016__KAL__HN_WF_RF,220,0.4979545445950133,0.6566056022945628,0.19193442530516325,0.033123400808274084,0.15881102449688916,16.699595925126452,0.001,0.2070783408057633,0.19193442530516325,0.19222773813474478,0.0010112359550561798,2016,HAN,HN_NF_RF,HN,NF,RF,2016,KAL,HN_WF_RF,HN,WF,RF,TRUE,FALSE,FALSE,TRUE,FALSE,TRUE,0.27370233420941736,0.0987917335086063,-0.17491060070081105
2016__KAL__LN_NF_RF,2017__GGE__HN_NF_RF,220,0.4359558900668529,0.6136062165071029,0.16838108436290636,0.03296464232644921,0.13541644203645714,14.171129898501812,0.001,0.18786681726259077,0.16838108436290636,0.18108338328994852,0.0010112359550561798,2016,KAL,LN_NF_RF,LN,NF,RF,2017,GGE,HN_NF_RF,HN,NF,RF,FALSE,FALSE,FALSE,FALSE,TRUE,TRUE,-0.11590242732162734,-0.2909211888552786,-0.17501876153365128
2015__HAN__HN_WF_RF,2017__HAN__HN_NF_RF,220,0.44826031981604425,0.6371390092582679,0.1734786145334008,0.03361274517576878,0.139865869357632,14.557270304176917,0.001,0.17079120774999476,0.1734786145334008,0.17946599799329965,0.0010112359550561798,2015,HAN,HN_WF_RF,HN,WF,RF,2017,HAN,HN_NF_RF,HN,NF,RF,FALSE,TRUE,FALSE,TRUE,FALSE,TRUE,-0.03858035550099195,-0.21680149353207562,-0.17822113803108366
2015__KIE__HN_WF_RF,2016__HAN__HN_WF_RF,220,0.45858799881587947,0.6204504600959073,0.1766987631980807,0.03297115393520673,0.14372760926287398,15.528255184350206,0.001,0.17003599598336033,0.1766987631980807,0.1941490688910644,0.0010112359550561798,2015,KIE,HN_WF_RF,HN,WF,RF,2016,HAN,HN_WF_RF,HN,WF,RF,FALSE,FALSE,TRUE,TRUE,TRUE,TRUE,0.026319648289773706,-0.15247164509701672,-0.17879129338679042
2016__HAN__HN_WF_RF,2017__KAL__HN_WF_RF,220,0.62996630566438,0.7453147980142341,0.24090817884693855,0.0325378506189078,0.20837032822803075,22.891974170531217,0.001,0.2742680017061012,0.24090817884693855,0.25573418746791093,0.0010112359550561798,2016,HAN,HN_WF_RF,HN,WF,RF,2017,KAL,HN_WF_RF,HN,WF,RF,FALSE,FALSE,TRUE,TRUE,TRUE,TRUE,1.1032753480457544,0.9243632571743426,-0.1789120908714118
2016__GGE__LN_NF_RF,2016__KIE__HN_NF_RF,216,0.5873773960444278,0.7162493004203432,0.22636008495147447,0.03415929806267827,0.19220078688879622,19.95730471222436,0.001,0.24844824411877,0.22636008495147447,0.2384136020986007,0.0010112359550561798,2016,GGE,LN_NF_RF,LN,NF,RF,2016,KIE,HN_NF_RF,HN,NF,RF,TRUE,FALSE,FALSE,FALSE,TRUE,TRUE,0.8356430566254291,0.6550069128474189,-0.1806361437780103
2017__GGE__HN_WF_RF,2017__HAN__HN_NF_RF,220,0.42589193597540254,0.6218941413139641,0.16450328794504138,0.033287641201451675,0.1312156467435897,13.921640518669786,0.001,0.15571740420775967,0.16450328794504138,0.1785564218650691,0.0010112359550561798,2017,GGE,HN_WF_RF,HN,WF,RF,2017,HAN,HN_NF_RF,HN,NF,RF,TRUE,FALSE,FALSE,TRUE,FALSE,TRUE,-0.17914516159867477,-0.36089910842724376,-0.181753946828569
2016__GGE__HN_WF_RF,2016__QLB__LN_NF_RF,220,0.4048270942383801,0.5923127637873811,0.1560547461804352,0.03280585288656885,0.12324889329386635,13.00392800805348,0.001,0.1595383473469213,0.1560547461804352,0.16629255747755828,0.0010112359550561798,2016,GGE,HN_WF_RF,HN,WF,RF,2016,QLB,LN_NF_RF,LN,NF,RF,TRUE,FALSE,FALSE,FALSE,FALSE,TRUE,-0.3115183994390886,-0.49361131963662985,-0.18209292019754125
2015__KIE__HN_NF_RF,2016__KIE__LN_NF_RF,215,0.6376489277928925,0.7428807747108118,0.24520529494410517,0.03418255081159008,0.2110227441325151,21.893594435305978,0.001,0.24375920392132996,0.24520529494410517,0.2415963519798884,0.0010112359550561798,2015,KIE,HN_NF_RF,HN,NF,RF,2016,KIE,LN_NF_RF,LN,NF,RF,FALSE,TRUE,FALSE,FALSE,TRUE,TRUE,1.1515535919059126,0.9685478779175996,-0.183005713988313
2015__HAN__HN_WF_RF,2015__KAL__HN_NF_RF,220,0.4823105855761623,0.7040622552306678,0.18576039873084763,0.03361672942527415,0.1521436693055735,15.55618875998007,0.001,0.22281459765275508,0.18576039873084763,0.2078756374714979,0.0010112359550561798,2015,HAN,HN_WF_RF,HN,WF,RF,2015,KAL,HN_NF_RF,HN,NF,RF,TRUE,FALSE,FALSE,TRUE,FALSE,TRUE,0.17539437947513364,-0.012274770047946857,-0.1876691495230805
2015__GGE__HN_WF_RF,2016__HAN__HN_NF_RF,220,0.3586743564931924,0.5666195206888196,0.1387905991301928,0.033410931801251466,0.10537966732894133,11.10052385197382,0.001,0.14301786404685932,0.1387905991301928,0.163342349766312,0.0010112359550561798,2015,GGE,HN_WF_RF,HN,WF,RF,2016,HAN,HN_NF_RF,HN,NF,RF,FALSE,FALSE,FALSE,TRUE,FALSE,TRUE,-0.6015460866536781,-0.7912814440318715,-0.18973535737819336
2016__GGE__HN_WF_RF,2017__KIE__HN_WF_RF,216,0.5954819701479707,0.6902070755784183,0.22762194511519818,0.032996804516685685,0.1946251405985125,20.742605763661032,0.001,0.22025951343953545,0.22762194511519818,0.2496192965554118,0.0010112359550561798,2016,GGE,HN_WF_RF,HN,WF,RF,2017,KIE,HN_WF_RF,HN,WF,RF,FALSE,FALSE,TRUE,TRUE,TRUE,TRUE,0.8865728821990998,0.695392415373708,-0.1911804668253918
2015__HAN__HN_NF_RF,2016__KAL__HN_WF_RF,220,0.44572769053525274,0.6271560832398867,0.17048809397885764,0.03237723392975471,0.13811086004910295,14.024050786110854,0.001,0.17195427867146232,0.17048809397885764,0.18707118131365086,0.0010112359550561798,2015,HAN,HN_NF_RF,HN,NF,RF,2016,KAL,HN_WF_RF,HN,WF,RF,FALSE,FALSE,FALSE,TRUE,FALSE,TRUE,-0.05449561099320812,-0.24603688627992518,-0.19154127528671705
2015__GGE__HN_NF_RF,2016__GGE__HN_NF_RF,220,0.70055345986665285,0.7469557034424077,0.26719788788808296,0.03298674720916791,0.23421114067891505,24.750391487168308,0.001,0.2539260165664519,0.26719788788808296,0.2577719400611947,0.0010112359550561798,2015,GGE,HN_NF_RF,HN,NF,RF,2016,GGE,HN_NF_RF,HN,NF,RF,FALSE,TRUE,TRUE,TRUE,TRUE,TRUE,1.5468509641527186,1.3548261027294504,-0.19202486142326824
2015__KAL__LN_NF_RF,2017__GGE__HN_NF_RF,220,0.41945859892147996,0.6308357235029274,0.16153585322221137,0.0333779483867022,0.12815790483550915,13.533768096577514,0.001,0.19035833012066822,0.16153585322221137,0.18804908934206227,0.0010112359550561798,2015,KAL,LN_NF_RF,LN,NF,RF,2017,GGE,HN_NF_RF,HN,NF,RF,FALSE,FALSE,FALSE,FALSE,TRUE,TRUE,-0.21957279293709162,-0.41183575313325876,-0.19226296019616715
2016__HAN__LN_NF_RF,2017__GGE__LN_NF_RF,220,0.44003313765099755,0.6233829023514762,0.16900292075751847,0.03318105104991535,0.13582186970760313,14.268873722791831,0.001,0.17621991271174592,0.16900292075751847,0.16176487533233108,0.0010112359550561798,2016,HAN,LN_NF_RF,LN,NF,RF,2017,GGE,LN_NF_RF,LN,NF,RF,FALSE,FALSE,TRUE,TRUE,TRUE,TRUE,-0.09028066044921598,-0.2841674712885421,-0.1938868108393261
2016__HAN__HN_WF_RF,2017__QLB__LN_NF_RF,220,0.35733228057147787,0.6115359257986173,0.13706879908263767,0.03264931449372114,0.10441948458891653,11.084333521721407,0.001,0.13745070773070725,0.13706879908263767,0.16302747966247289,0.0010112359550561798,2016,HAN,HN_WF_RF,HN,WF,RF,2017,QLB,LN_NF_RF,LN,NF,RF,FALSE,FALSE,FALSE,FALSE,FALSE,TRUE,-0.6099798046660369,-0.807276413048793,-0.1972966083827562
2015__GGE__HN_NF_RF,2016__GGE__LN_NF_RF,220,0.6944763956609865,0.7548041000095795,0.26473971448200356,0.033216241125424546,0.23152347335657902,24.48002626689431,0.001,0.24898311765723014,0.26473971448200356,0.257452112014393,0.0010112359550561798,2015,GGE,HN_NF_RF,HN,NF,RF,2016,GGE,LN_NF_RF,LN,NF,RF,FALSE,TRUE,FALSE,FALSE,TRUE,TRUE,1.5086621813690202,1.310054254875315,-0.1986079264937053
2016__KIE__LN_NF_RF,2016__QLB__HN_NF_RF,215,0.37870071174687814,0.5728706319882152,0.14666147754667033,0.0343228218077833,0.11233865573888703,11.459809602064416,0.001,0.11307049462880253,0.14666147754667033,0.16318345625160127,0.0010112359550561798,2016,KIE,LN_NF_RF,LN,NF,RF,2016,QLB,HN_NF_RF,HN,NF,RF,TRUE,FALSE,FALSE,FALSE,TRUE,TRUE,-0.4756987852512855,-0.6753568399264874,-0.19965805467520192
2015__HAN__LN_NF_RF,2016__GGE__HN_NF_RF,220,0.6799051198282082,0.7531564326084874,0.25891884568162504,0.03299200500284731,0.22592684067877772,24.457890347586037,0.001,0.2086793846334431,0.25891884568162504,0.2556115352979678,0.0010112359550561798,2015,HAN,LN_NF_RF,LN,NF,RF,2016,GGE,HN_NF_RF,HN,NF,RF,FALSE,FALSE,FALSE,FALSE,TRUE,TRUE,1.4170950580300115,1.2168241200801293,-0.20027093794988216
2015__HAN__HN_WF_RF,2017__KIE__LN_NF_RF,212,0.594790712740276,0.7244912738525401,0.2281255636528283,0.03435984444432133,0.19376571920850696,19.72517837925262,0.001,0.2471483050824019,0.2281255636528283,0.24601305731038178,0.0010112359550561798,2015,HAN,HN_WF_RF,HN,WF,RF,2017,KIE,LN_NF_RF,LN,NF,RF,FALSE,FALSE,FALSE,FALSE,FALSE,TRUE,0.8822289624877593,0.6810759546286804,-0.20115300785907886
2016__QLB__LN_NF_RF,2017__KAL__HN_WF_RF,220,0.27068795877665663,0.5041005730772049,0.1045720407486909,0.03310999369790615,0.07146204705078477,7.244059686132681,0.001,0.10484169594059073,0.1045720407486909,0.13856477812585888,0.0010112359550561798,2016,QLB,LN_NF_RF,LN,NF,RF,2017,KAL,HN_WF_RF,HN,WF,RF,FALSE,FALSE,FALSE,FALSE,FALSE,TRUE,-1.1544600129511642,-1.356289814691412,-0.20182980174024778
2015__KAL__HN_NF_RF,2015__KIE__HN_WF_RF,220,0.30712390769447034,0.5211272208854804,0.1184442738330349,0.03334381617668509,0.0851004576563498,9.086180576375618,0.001,0.10941357896372764,0.1184442738330349,0.1405555629274252,0.0010112359550561798,2015,KAL,HN_NF_RF,HN,NF,RF,2015,KIE,HN_WF_RF,HN,WF,RF,TRUE,FALSE,FALSE,TRUE,FALSE,TRUE,-0.9254934442841886,-1.1290976917936049,-0.2036042475094163
2016__KIE__LN_NF_RF,2017__QLB__HN_WF_RF,215,0.26265879001739306,0.49282160882899856,0.10265313355213096,0.03434693831589723,0.06830619523623373,6.9275773804789305,0.001,0.11402262741197683,0.10265313355213096,0.12406824595085593,0.0010112359550561798,2016,KIE,LN_NF_RF,LN,NF,RF,2017,QLB,HN_WF_RF,HN,WF,RF,FALSE,FALSE,FALSE,FALSE,FALSE,TRUE,-1.204915984996889,-1.4088607992463267,-0.20394481424943778
2016__GGE__HN_NF_RF,2017__KIE__LN_NF_RF,212,0.3510958020276174,0.5518688451913304,0.1352629227395365,0.03368852656138491,0.10157439617815159,10.885936551868127,0.001,0.11740658979337028,0.1352629227395365,0.13682521919654875,0.0010112359550561798,2016,GGE,HN_NF_RF,HN,NF,RF,2017,KIE,LN_NF_RF,LN,NF,RF,FALSE,FALSE,FALSE,FALSE,TRUE,TRUE,-0.6491703605638363,-0.8546706215506169,-0.20550026098678065
2016__QLB__HN_WF_RF,2016__QLB__LN_NF_RF,220,0.22892854761760031,0.4648709871916963,0.08845939223783199,0.03298235519000006,0.055477037047831926,5.832935792412751,0.001,0.07444244607367785,0.08845939223783199,0.11844521799530411,0.0010112359550561798,2016,QLB,HN_WF_RF,HN,WF,RF,2016,QLB,LN_NF_RF,LN,NF,RF,TRUE,TRUE,FALSE,FALSE,FALSE,TRUE,-1.416879666250433,-1.6225721889463462,-0.2056925226959132
2015__KAL__HN_NF_RF,2016__KIE__HN_NF_RF,216,0.6159023956143703,0.718934495528644,0.23457522042002696,0.033133583501813856,0.2014416369182131,21.37734880928132,0.001,0.21108772429137862,0.23457522042002696,0.22818895680200457,0.0010112359550561798,2015,KAL,HN_NF_RF,HN,NF,RF,2016,KIE,HN_NF_RF,HN,NF,RF,FALSE,FALSE,TRUE,TRUE,TRUE,TRUE,1.014896553974678,0.8089433498913968,-0.2059532040832811
2015__KIE__HN_NF_RF,2017__QLB__LN_NF_RF,220,0.43587672454967535,0.6395643035449644,0.16599229754529563,0.03253890156918831,0.1334533959761073,14.67488551842867,0.001,0.176749890337692,0.16599229754529563,0.1749516455773394,0.0010112359550561798,2015,KIE,HN_NF_RF,HN,NF,RF,2017,QLB,LN_NF_RF,LN,NF,RF,FALSE,FALSE,FALSE,FALSE,TRUE,TRUE,-0.11639991009244198,-0.32362211088317777,-0.20722220079073578
2016__GGE__LN_NF_RF,2016__HAN__HN_NF_RF,220,0.7389731991016683,0.7856837763364759,0.28079167144503,0.033063668284653035,0.24772800316037694,27.64479838710649,0.001,0.2744238839926354,0.28079167144503,0.28063243616064226,0.0010112359550561798,2016,GGE,LN_NF_RF,LN,NF,RF,2016,HAN,HN_NF_RF,HN,NF,RF,TRUE,FALSE,FALSE,FALSE,TRUE,TRUE,1.7882838380862047,1.5799934459701634,-0.20829039211604128
2015__QLB__LN_NF_RF,2016__KAL__LN_NF_RF,220,0.4971296059746729,0.6857305466491607,0.1896396783397951,0.033156707532151684,0.1564829708076434,15.902179592812631,0.001,0.20076804975384263,0.1896396783397951,0.19661835228975538,0.0010112359550561798,2015,QLB,LN_NF_RF,LN,NF,RF,2016,KAL,LN_NF_RF,LN,NF,RF,FALSE,FALSE,TRUE,TRUE,TRUE,TRUE,0.26851835051006945,0.06001042128854467,-0.20850792922152478
2015__HAN__HN_WF_RF,2016__HAN__HN_NF_RF,220,0.5057713354565262,0.6806782258837053,0.19205090627542828,0.03238142170627521,0.1596694845691531,17.2072945367551,0.001,0.2102203349084409,0.19205090627542828,0.19809520193408653,0.0010112359550561798,2015,HAN,HN_WF_RF,HN,WF,RF,2016,HAN,HN_NF_RF,HN,NF,RF,FALSE,TRUE,FALSE,TRUE,FALSE,TRUE,0.32282370567651103,0.11309218037747112,-0.2097315252990399
2015__QLB__LN_NF_RF,2016__KIE__LN_NF_RF,215,0.35301734885135616,0.5644883962423629,0.13563695185553593,0.033619190944347795,0.10201776091118814,10.592193117725188,0.001,0.11990035176428215,0.13563695185553593,0.15145619147921455,0.0010112359550561798,2015,QLB,LN_NF_RF,LN,NF,RF,2016,KIE,LN_NF_RF,LN,NF,RF,FALSE,FALSE,TRUE,TRUE,TRUE,TRUE,-0.6370951986473236,-0.8472849387295196,-0.21018974008219604
2016__QLB__HN_NF_RF,2017__HAN__LN_NF_RF,220,0.351640142059145,0.5680372810106896,0.13410898077597588,0.03274850334309149,0.1013604774328844,11.011090164060777,0.001,0.13918212013677841,0.13410898077597588,0.14864318360735207,0.0010112359550561798,2016,QLB,HN_NF_RF,HN,NF,RF,2017,HAN,LN_NF_RF,LN,NF,RF,FALSE,FALSE,FALSE,FALSE,TRUE,TRUE,-0.645749682005743,-0.8582341345779383,-0.21248445257219528
2015__GGE__HN_NF_RF,2017__KAL__LN_NF_RF,220,0.3404966387302935,0.5194829344708475,0.12981134789765986,0.032679555417696696,0.09713179247996316,10.65865917631993,0.001,0.11176944592425835,0.12981134789765986,0.12673062059242943,0.0010112359550561798,2015,GGE,HN_NF_RF,HN,NF,RF,2017,KAL,LN_NF_RF,LN,NF,RF,FALSE,FALSE,FALSE,FALSE,TRUE,TRUE,-0.7157763945223125,-0.9286766472214697,-0.21290025269915724
2016__QLB__LN_NF_RF,2017__GGE__HN_WF_RF,220,0.27872576546891803,0.5151935896496735,0.10712929867105193,0.0333235663599282,0.07380573231112374,7.723232985302505,0.001,0.10540151154214204,0.10712929867105193,0.11793747763706625,0.0010112359550561798,2016,QLB,LN_NF_RF,LN,NF,RF,2017,GGE,HN_WF_RF,HN,WF,RF,FALSE,FALSE,FALSE,FALSE,FALSE,TRUE,-1.1039497594076983,-1.3172481077726128,-0.21329834836491446
2015__GGE__HN_NF_RF,2016__HAN__LN_NF_RF,220,0.6581928624161975,0.7267171184979404,0.2498662028246775,0.03292478748642217,0.21694141533825534,23.83348994305155,0.001,0.26698417332379765,0.2498662028246775,0.2546315325480546,0.0010112359550561798,2015,GGE,HN_NF_RF,HN,NF,RF,2016,HAN,LN_NF_RF,LN,NF,RF,FALSE,FALSE,FALSE,FALSE,TRUE,TRUE,1.2806534056153631,1.0671426126601924,-0.21351079295517073
2016__KIE__LN_NF_RF,2017__HAN__LN_NF_RF,215,0.5389683181461097,0.6837607766427589,0.2059142644644128,0.03398328348510409,0.1719309809793087,16.82016253565807,0.001,0.19938410409316398,0.2059142644644128,0.20727698187416982,0.0010112359550561798,2016,KIE,LN_NF_RF,LN,NF,RF,2017,HAN,LN_NF_RF,LN,NF,RF,FALSE,FALSE,TRUE,TRUE,TRUE,TRUE,0.5314363380434083,0.3173473153702837,-0.21408902267312457
2015__KIE__HN_NF_RF,2017__GGE__HN_WF_RF,220,0.6096349190270433,0.723974011484084,0.23119570813704263,0.032649111731364665,0.19854659640567796,21.162885193017537,0.001,0.26303781543065025,0.23119570813704263,0.239691512607331,0.0010112359550561798,2015,KIE,HN_NF_RF,HN,NF,RF,2017,GGE,HN_WF_RF,HN,WF,RF,FALSE,FALSE,FALSE,TRUE,FALSE,TRUE,0.9755112037636042,0.7607170265359735,-0.21479417722763072
2015__HAN__LN_NF_RF,2017__KAL__HN_NF_RF,220,0.6928621389853334,0.777079165797941,0.26202355968434865,0.032294824291540625,0.22972873539280803,24.5264116300919,0.001,0.2605400614701814,0.26202355968434865,0.24293028515514734,0.0010112359550561798,2015,HAN,LN_NF_RF,LN,NF,RF,2017,KAL,HN_NF_RF,HN,NF,RF,FALSE,FALSE,FALSE,FALSE,TRUE,TRUE,1.4985180565980214,1.2801570520540388,-0.21836100454398255
2016__GGE__LN_NF_RF,2016__HAN__HN_WF_RF,220,0.4196599058367267,0.6330604125930476,0.15941501131280414,0.03275579460363743,0.12665921670916672,13.331319016394158,0.001,0.16716773056360554,0.15941501131280414,0.17344380180861016,0.0010112359550561798,2016,GGE,LN_NF_RF,LN,NF,RF,2016,HAN,HN_WF_RF,HN,WF,RF,TRUE,FALSE,FALSE,FALSE,FALSE,TRUE,-0.2183077633440119,-0.43680128224312004,-0.21849351889910815
2015__GGE__HN_WF_RF,2016__HAN__HN_WF_RF,220,0.5980716641194164,0.7258380620185616,0.22724254327872995,0.03349276522017698,0.19374977805855298,20.372559828912184,0.001,0.23003004043700956,0.22724254327872995,0.23774405820520605,0.0010112359550561798,2015,GGE,HN_WF_RF,HN,WF,RF,2016,HAN,HN_WF_RF,HN,WF,RF,FALSE,FALSE,TRUE,TRUE,TRUE,TRUE,0.9028467370087265,0.6808104028863095,-0.22203633412241708
2015__KAL__HN_WF_RF,2016__HAN__LN_NF_RF,220,0.33303542638564876,0.5395682480291667,0.12730089690103677,0.03356186393754508,0.09373903296349169,9.274460720922702,0.001,0.11450458526695498,0.12730089690103677,0.14011274543132032,0.0010112359550561798,2015,KAL,HN_WF_RF,HN,WF,RF,2016,HAN,LN_NF_RF,LN,NF,RF,FALSE,FALSE,FALSE,FALSE,FALSE,TRUE,-0.7626632806715506,-0.9851941007079024,-0.22253082003635172
2016__QLB__HN_NF_RF,2017__GGE__HN_WF_RF,220,0.2581641035167775,0.4848582521427002,0.0987653823890894,0.0333026783522643,0.0654627040368251,6.952581405053967,0.001,0.0852487640975388,0.0987653823890894,0.11148998258783371,0.0010112359550561798,2016,QLB,HN_NF_RF,HN,NF,RF,2017,GGE,HN_WF_RF,HN,WF,RF,FALSE,FALSE,FALSE,TRUE,FALSE,TRUE,-1.2331609731431032,-1.4562284009939437,-0.22306742785084044
2015__HAN__LN_NF_RF,2016__QLB__LN_NF_RF,220,0.41208292858548135,0.6385635315530561,0.15639406329725875,0.03298382090713726,0.1234102423901215,13.192547098171598,0.001,0.15026106441385334,0.15639406329725875,0.17521669935485387,0.0010112359550561798,2015,HAN,LN_NF_RF,LN,NF,RF,2016,QLB,LN_NF_RF,LN,NF,RF,FALSE,FALSE,TRUE,TRUE,TRUE,TRUE,-0.265922125906618,-0.49092352523257426,-0.22500139932595625
2016__HAN__HN_NF_RF,2016__KIE__HN_WF_RF,216,0.2890550214910117,0.5185189154431464,0.11049112891534923,0.03367822692886474,0.0768129019864845,7.842212264983702,0.001,0.12773200434511414,0.11049112891534923,0.1506869679068665,0.0010112359550561798,2016,HAN,HN_NF_RF,HN,NF,RF,2016,KIE,HN_WF_RF,HN,WF,RF,TRUE,FALSE,FALSE,TRUE,FALSE,TRUE,-1.039039845476372,-1.2671539082197454,-0.2281140627433733
2015__QLB__LN_NF_RF,2017__KAL__LN_NF_RF,220,0.16157501563036217,0.3450341761381246,0.06158679726535622,0.033366332289259636,0.028220464976096586,2.8575618678714827,0.01,0.05510472798608683,0.06158679726535622,0.11463686589625072,0.010030395136778116,2015,QLB,LN_NF_RF,LN,NF,RF,2017,KAL,LN_NF_RF,LN,NF,RF,FALSE,FALSE,TRUE,TRUE,TRUE,TRUE,-1.8401349282858774,-2.0766191194125576,-0.23648419112668018
2015__KAL__LN_NF_RF,2016__KAL__HN_WF_RF,220,0.5337419679755606,0.7106382738937131,0.20169530423087195,0.03313368670531503,0.16856161752555693,17.942161148607063,0.001,0.21703761277104872,0.20169530423087195,0.2189155646265129,0.0010112359550561798,2015,KAL,LN_NF_RF,LN,NF,RF,2016,KAL,HN_WF_RF,HN,WF,RF,FALSE,TRUE,FALSE,FALSE,FALSE,TRUE,0.49859351383422107,0.2612195994647515,-0.23737391436946959
2016__KIE__HN_WF_RF,2017__KAL__LN_NF_RF,216,0.4660166738135702,0.6861227211564795,0.1768511219852409,0.033887749487225026,0.14296337249801586,14.19640576334347,0.001,0.1785716466609808,0.1768511219852409,0.19772886580867563,0.0010112359550561798,2016,KIE,HN_WF_RF,HN,WF,RF,2017,KAL,LN_NF_RF,LN,NF,RF,FALSE,FALSE,FALSE,FALSE,FALSE,TRUE,0.07300206701310805,-0.16520249607563597,-0.23820456308874402
2016__HAN__HN_WF_RF,2017__KAL__LN_NF_RF,220,0.33940699856361184,0.5129294557175299,0.12760483691404567,0.03252912048962752,0.09507571642441814,10.167405254679652,0.001,0.11452458722671044,0.12760483691404567,0.1288839481975856,0.0010112359550561798,2016,HAN,HN_WF_RF,HN,WF,RF,2017,KAL,LN_NF_RF,LN,NF,RF,FALSE,FALSE,FALSE,FALSE,FALSE,TRUE,-0.7226237850104695,-0.9629272866404073,-0.24030350162993774
2016__KAL__HN_WF_RF,2016__QLB__HN_NF_RF,220,0.3732628654966921,0.571445315361512,0.14080051160633067,0.03298177160483127,0.10781874000149941,11.345376006475789,0.001,0.1342241168251135,0.14080051160633067,0.16255756213214326,0.0010112359550561798,2016,KAL,HN_WF_RF,HN,WF,RF,2016,QLB,HN_NF_RF,HN,NF,RF,TRUE,FALSE,FALSE,TRUE,FALSE,TRUE,-0.5098706686198824,-0.7506507492678947,-0.24078008064801226
2015__GGE__HN_NF_RF,2015__KIE__LN_NF_RF,220,0.5382066476832996,0.6711077802133403,0.2031053162525015,0.03316129718166125,0.16994401907084025,18.220769990271258,0.001,0.2019446905453329,0.2031053162525015,0.21600604392375441,0.0010112359550561798,2015,GGE,HN_NF_RF,HN,NF,RF,2015,KIE,LN_NF_RF,LN,NF,RF,TRUE,FALSE,FALSE,FALSE,TRUE,TRUE,0.5266499367692715,0.28424799704371667,-0.24240193972555485
2015__KAL__LN_NF_RF,2016__KIE__LN_NF_RF,215,0.5444816867222018,0.7063452389577146,0.20605279662771442,0.03376917552725521,0.1722836211004592,17.824427884099645,0.001,0.21204891485032318,0.20605279662771442,0.2007420130955265,0.0010112359550561798,2015,KAL,LN_NF_RF,LN,NF,RF,2016,KIE,LN_NF_RF,LN,NF,RF,FALSE,FALSE,TRUE,TRUE,TRUE,TRUE,0.5660828100623366,0.3232216844635877,-0.24286112559874895
2016__GGE__LN_NF_RF,2016__KIE__LN_NF_RF,215,0.4895223385674192,0.6752058731193703,0.18517322630900282,0.03367230424128645,0.15150092206771637,15.872138029076218,0.001,0.17314034396986835,0.18517322630900282,0.19060186882988528,0.0010112359550561798,2016,GGE,LN_NF_RF,LN,NF,RF,2016,KIE,LN_NF_RF,LN,NF,RF,TRUE,FALSE,TRUE,TRUE,TRUE,TRUE,0.2207136420585377,-0.022981817494947474,-0.24369545955348515
2016__GGE__HN_NF_RF,2016__KIE__HN_NF_RF,216,0.6537714785434732,0.7405672846783123,0.24695604030505305,0.033558908211914346,0.2133971320931387,22.278116213267506,0.001,0.25763168278591514,0.24695604030505305,0.24700401591900759,0.0010112359550561798,2016,GGE,HN_NF_RF,HN,NF,RF,2016,KIE,HN_NF_RF,HN,NF,RF,TRUE,FALSE,TRUE,TRUE,TRUE,TRUE,1.2528690573503936,1.0081010382497102,-0.24476801910068335
2015__GGE__LN_NF_RF,2017__KIE__LN_NF_RF,212,0.5569430095976232,0.6977593001449633,0.21135460617096033,0.03452703035906094,0.1768275758118994,18.032132213372464,0.001,0.21157386185631152,0.21135460617096033,0.21569852308909246,0.0010112359550561798,2015,GGE,LN_NF_RF,LN,NF,RF,2017,KIE,LN_NF_RF,LN,NF,RF,FALSE,FALSE,TRUE,TRUE,TRUE,TRUE,0.6443908114889603,0.398916041166879,-0.24547477032208126
2016__KAL__HN_WF_RF,2016__QLB__LN_NF_RF,220,0.39484800958541033,0.6013862044482512,0.14899389808566188,0.03332838200389468,0.1156655160817672,11.998068419860203,0.001,0.1463521584645524,0.14899389808566188,0.14299036102561294,0.0010112359550561798,2016,KAL,HN_WF_RF,HN,WF,RF,2016,QLB,LN_NF_RF,LN,NF,RF,TRUE,FALSE,FALSE,FALSE,FALSE,TRUE,-0.3742278070239334,-0.6199371516839983,-0.24570934466006494
2015__KIE__LN_NF_RF,2015__QLB__LN_NF_RF,220,0.26447994134411607,0.4657038368561334,0.1000180669459815,0.03357445114381186,0.06644361580216965,6.9276590654039865,0.001,0.08785665551739333,0.1000180669459815,0.11956295954586044,0.0010112359550561798,2015,KIE,LN_NF_RF,LN,NF,RF,2015,QLB,LN_NF_RF,LN,NF,RF,TRUE,FALSE,TRUE,TRUE,TRUE,TRUE,-1.1934717168307534,-1.439888122585466,-0.2464164057547127
2015__KIE__HN_NF_RF,2016__KIE__HN_WF_RF,216,0.6082537611668162,0.7529549053930148,0.22979920979195156,0.03368517243714597,0.1961140373548056,19.20647125928425,0.001,0.28834454700934536,0.22979920979195156,0.2710026236049644,0.0010112359550561798,2015,KIE,HN_NF_RF,HN,NF,RF,2016,KIE,HN_WF_RF,HN,WF,RF,FALSE,TRUE,FALSE,TRUE,FALSE,TRUE,0.9668318915613355,0.720194837343601,-0.24663705421773452
2015__KAL__HN_NF_RF,2017__QLB__LN_NF_RF,220,0.3716697728953834,0.5648028039647702,0.13945279842657898,0.03259259799593155,0.10686020043064742,11.297469002473466,0.001,0.1119971291684239,0.13945279842657898,0.12606422491143096,0.0010112359550561798,2015,KAL,HN_NF_RF,HN,NF,RF,2017,QLB,LN_NF_RF,LN,NF,RF,FALSE,FALSE,FALSE,FALSE,TRUE,TRUE,-0.5198817965669869,-0.7666183459535785,-0.24673654938659162
2015__QLB__LN_NF_RF,2016__HAN__HN_WF_RF,220,0.19143319781397591,0.41254345976344364,0.07206880476983793,0.03323132785907486,0.03883747691076307,4.074377214241031,0.001,0.0639152919922188,0.07206880476983793,0.10216667599052605,0.0010112359550561798,2015,QLB,LN_NF_RF,LN,NF,RF,2016,HAN,HN_WF_RF,HN,WF,RF,FALSE,FALSE,FALSE,FALSE,FALSE,TRUE,-1.6525035992202834,-1.8997582263049697,-0.24725462708468626
2016__HAN__LN_NF_RF,2017__KIE__HN_NF_RF,215,0.3779025267384737,0.6339636310946897,0.14230050871283473,0.0332947006206126,0.10900580809222213,11.275266197525424,0.001,0.16218471273741372,0.14230050871283473,0.181010597896563,0.0010112359550561798,2016,HAN,LN_NF_RF,LN,NF,RF,2017,KIE,HN_NF_RF,HN,NF,RF,FALSE,FALSE,FALSE,FALSE,TRUE,TRUE,-0.4807146470022179,-0.7308762662027276,-0.2501616192005097
2015__GGE__LN_NF_RF,2016__HAN__HN_WF_RF,220,0.5580911973873262,0.7186241639102235,0.20984517492530783,0.03292472958134055,0.17692044534396728,18.7722318414891,0.001,0.24294101854093395,0.20984517492530783,0.20897828771380825,0.0010112359550561798,2015,GGE,LN_NF_RF,LN,NF,RF,2016,HAN,HN_WF_RF,HN,WF,RF,FALSE,FALSE,FALSE,FALSE,FALSE,TRUE,0.6516061201662943,0.4004630855222102,-0.25114303464408405
2015__HAN__LN_NF_RF,2016__KAL__LN_NF_RF,220,0.742408128255432,0.8116993401441428,0.2796937094273862,0.033306868885843166,0.24638684054154303,25.903182003472665,0.001,0.27954733060843134,0.2796937094273862,0.28895383136056874,0.0010112359550561798,2015,HAN,LN_NF_RF,LN,NF,RF,2016,KAL,LN_NF_RF,LN,NF,RF,FALSE,FALSE,TRUE,TRUE,TRUE,TRUE,1.8098692218983696,1.557652016947655,-0.25221720495071454
2016__KIE__HN_NF_RF,2016__KIE__HN_WF_RF,216,0.47119457435701056,0.6564795960894986,0.17733568429782245,0.03340509432344008,0.14393058997438238,15.117436599357136,0.001,0.191643335162371,0.17733568429782245,0.20056131264556126,0.0010112359550561798,2016,KIE,HN_NF_RF,HN,NF,RF,2016,KIE,HN_WF_RF,HN,WF,RF,TRUE,TRUE,FALSE,TRUE,FALSE,TRUE,0.10554042968906346,-0.1490903406262389,-0.25463077031530235
2015__QLB__HN_WF_RF,2016__QLB__HN_WF_RF,220,0.42349514295886126,0.6385826904763247,0.15926282110501588,0.033363888180135796,0.12589893292488008,13.56261880481409,0.001,0.15769138746103367,0.15926282110501588,0.169988477911468,0.0010112359550561798,2015,QLB,HN_WF_RF,HN,WF,RF,2016,QLB,HN_WF_RF,HN,WF,RF,FALSE,TRUE,TRUE,TRUE,TRUE,TRUE,-0.19420681057727793,-0.4494662834630113,-0.25525947288573336
2016__KIE__LN_NF_RF,2017__HAN__HN_WF_RF,215,0.5225105281074476,0.6864063367866889,0.19665796704384172,0.03362922724782026,0.16302873979602145,17.235277810055948,0.001,0.17622060224032285,0.19665796704384172,0.19237351246744352,0.0010112359550561798,2016,KIE,LN_NF_RF,LN,NF,RF,2017,HAN,HN_WF_RF,HN,WF,RF,FALSE,FALSE,FALSE,FALSE,FALSE,TRUE,0.42801420070608037,0.16905151086106587,-0.25896268984501447
2016__HAN__LN_NF_RF,2016__KAL__HN_WF_RF,220,0.5842128237894357,0.7041219859914462,0.21944740280319874,0.03328031019799717,0.1861670926052016,19.701871689378592,0.001,0.22812192534347617,0.21944740280319874,0.23439698789449206,0.0010112359550561798,2016,HAN,LN_NF_RF,LN,NF,RF,2016,KAL,HN_WF_RF,HN,WF,RF,TRUE,FALSE,FALSE,FALSE,FALSE,TRUE,0.8157566183125791,0.5544960943326223,-0.2612605239799568
2015__HAN__HN_WF_RF,2016__KIE__LN_NF_RF,215,0.500714031895824,0.6263638339491415,0.1887574331253589,0.03418300658313806,0.15457442654222084,15.36173663919521,0.001,0.18214070579870056,0.1887574331253589,0.19493855790639622,0.0010112359550561798,2015,HAN,HN_WF_RF,HN,WF,RF,2016,KIE,LN_NF_RF,LN,NF,RF,FALSE,FALSE,FALSE,FALSE,FALSE,TRUE,0.2910431845869358,0.02821740406343949,-0.2628257805234963
2016__KIE__HN_WF_RF,2017__HAN__HN_NF_RF,216,0.29413223251498716,0.5294144964812632,0.11060213362934589,0.03410332293254301,0.07649881069680287,8.223040775791343,0.001,0.12782514865040193,0.11060213362934589,0.11635288612243226,0.0010112359550561798,2016,KIE,HN_WF_RF,HN,WF,RF,2017,HAN,HN_NF_RF,HN,NF,RF,FALSE,FALSE,FALSE,TRUE,FALSE,TRUE,-1.0071342242126031,-1.2723861210449965,-0.26525189683239336
2015__GGE__LN_NF_RF,2016__KAL__LN_NF_RF,220,0.6826652797858866,0.7792869499557654,0.25644550561307,0.0333875741812501,0.2230579314318199,22.871643236755148,0.001,0.28700816762116493,0.25644550561307,0.25470810428681234,0.0010112359550561798,2015,GGE,LN_NF_RF,LN,NF,RF,2016,KAL,LN_NF_RF,LN,NF,RF,FALSE,FALSE,TRUE,TRUE,TRUE,TRUE,1.4344401354398832,1.1690330980125332,-0.26540703742735006
2016__KAL__HN_WF_RF,2017__KAL__LN_NF_RF,220,0.4383528059171482,0.621629297374664,0.16403249194376274,0.03331910151612715,0.13071339042763558,13.719236394308085,0.001,0.14781825702808501,0.16403249194376274,0.16686610793071344,0.0010112359550561798,2016,KAL,HN_WF_RF,HN,WF,RF,2017,KAL,LN_NF_RF,LN,NF,RF,FALSE,TRUE,FALSE,FALSE,FALSE,TRUE,-0.10084000644537898,-0.3692658222592712,-0.2684258158138922
2015__GGE__LN_NF_RF,2017__GGE__HN_NF_RF,220,0.542975686198615,0.6967604514743918,0.20288822191163294,0.032827116455090996,0.17006110545654196,17.929734075252853,0.001,0.23248629428014903,0.20288822191163294,0.23409459133973612,0.0010112359550561798,2015,GGE,LN_NF_RF,LN,NF,RF,2017,GGE,HN_NF_RF,HN,NF,RF,FALSE,TRUE,FALSE,FALSE,TRUE,TRUE,0.5566189760594369,0.2861984519243718,-0.27042052413506507
2016__KIE__HN_NF_RF,2017__QLB__LN_NF_RF,216,0.5884810568593429,0.7351063956465306,0.22122416885200002,0.03402532909017959,0.18719883976182045,19.04446041601501,0.001,0.22517316549179014,0.22122416885200002,0.2363815537102305,0.0010112359550561798,2016,KIE,HN_NF_RF,HN,NF,RF,2017,QLB,LN_NF_RF,LN,NF,RF,FALSE,FALSE,FALSE,FALSE,TRUE,TRUE,0.8425785540467617,0.5716832016565774,-0.27089535239018436
2015__QLB__LN_NF_RF,2016__QLB__HN_WF_RF,220,0.2147254595062576,0.44377926666403705,0.07891240173284265,0.03281334190120647,0.04609905983163618,4.883758306602528,0.002,0.06739673613973292,0.07891240173284265,0.10188829248374466,0.0020142421159715157,2015,QLB,LN_NF_RF,LN,NF,RF,2016,QLB,HN_WF_RF,HN,WF,RF,FALSE,TRUE,FALSE,FALSE,FALSE,TRUE,-1.5061330669691644,-1.7787929256475425,-0.27265985867837816
2015__KIE__LN_NF_RF,2017__HAN__LN_NF_RF,220,0.5360782926235521,0.6821613519437855,0.2006511532870578,0.033436250361443244,0.16721490292561456,18.01532368363314,0.001,0.19961243761091488,0.2006511532870578,0.22232750171244442,0.0010112359550561798,2015,KIE,LN_NF_RF,LN,NF,RF,2017,HAN,LN_NF_RF,LN,NF,RF,FALSE,FALSE,TRUE,TRUE,TRUE,TRUE,0.5132751744971373,0.23878568412468007,-0.2744894903724573
2015__GGE__HN_WF_RF,2016__KIE__HN_WF_RF,216,0.606165885603197,0.7535264768573094,0.22742697723448924,0.03405505087693087,0.19337192635755837,18.91035748868163,0.001,0.25806211541424523,0.22742697723448924,0.2371531641795576,0.0010112359550561798,2015,GGE,HN_WF_RF,HN,WF,RF,2016,KIE,HN_WF_RF,HN,WF,RF,FALSE,FALSE,TRUE,TRUE,TRUE,TRUE,0.9537115058487571,0.6745160528647253,-0.2791954529840318
2016__QLB__HN_WF_RF,2017__QLB__LN_NF_RF,220,0.4263672965862167,0.642584651448471,0.15886164957454008,0.033317344637932574,0.1255443049366075,13.208322593263514,0.001,0.16662355931447315,0.15886164957454008,0.18969517686866852,0.0010112359550561798,2016,QLB,HN_WF_RF,HN,WF,RF,2017,QLB,LN_NF_RF,LN,NF,RF,FALSE,TRUE,FALSE,FALSE,FALSE,TRUE,-0.1761579555241723,-0.45537376695392107,-0.2792158114297488
2015__HAN__HN_WF_RF,2015__KIE__LN_NF_RF,220,0.5430674325587537,0.6945763342217814,0.20236012023190306,0.03321112358774642,0.16914899664415664,18.247625470718546,0.001,0.2107990468184771,0.20236012023190306,0.20602153229533143,0.0010112359550561798,2015,HAN,HN_WF_RF,HN,WF,RF,2015,KIE,LN_NF_RF,LN,NF,RF,TRUE,FALSE,FALSE,FALSE,FALSE,TRUE,0.5571955179059526,0.2710043106572756,-0.28619120724867697
2015__QLB__LN_NF_RF,2017__QLB__LN_NF_RF,220,0.3764419869059766,0.580409437460203,0.14008078965647483,0.03381481303784885,0.10626597661862598,10.681609666456925,0.001,0.1163527293823226,0.14008078965647483,0.1544699566797788,0.0010112359550561798,2015,QLB,LN_NF_RF,LN,NF,RF,2017,QLB,LN_NF_RF,LN,NF,RF,FALSE,TRUE,TRUE,TRUE,TRUE,TRUE,-0.4898928021973144,-0.7765170777951387,-0.2866242755978243
2015__KIE__HN_WF_RF,2017__KAL__LN_NF_RF,220,0.502706198734013,0.6694736367580848,0.1871465388518294,0.0333084243246652,0.15383811452716423,15.676080841425131,0.001,0.1887530056837341,0.1871465388518294,0.19421018151063427,0.0010112359550561798,2015,KIE,HN_WF_RF,HN,WF,RF,2017,KAL,LN_NF_RF,LN,NF,RF,FALSE,FALSE,FALSE,FALSE,FALSE,TRUE,0.3035621286161188,0.015951730690354896,-0.2876103979257639
2015__KIE__HN_WF_RF,2017__KIE__LN_NF_RF,212,0.4745744047809116,0.6300017758342957,0.1771617307982625,0.03395375960225091,0.14320797119601159,14.777395951595164,0.001,0.1661789793650407,0.1771617307982625,0.20760753500546245,0.0010112359550561798,2015,KIE,HN_WF_RF,HN,WF,RF,2017,KIE,LN_NF_RF,LN,NF,RF,FALSE,TRUE,FALSE,FALSE,FALSE,TRUE,0.12677956844684468,-0.16112790856959522,-0.28790747701643993
2016__KAL__LN_NF_RF,2016__KIE__HN_NF_RF,216,0.6384088193561184,0.7584896224056014,0.23916626345821984,0.034182348107657405,0.20498391535056243,20.883679287691855,0.001,0.28147837370691303,0.23916626345821984,0.2760014074021341,0.0010112359550561798,2016,KAL,LN_NF_RF,LN,NF,RF,2016,KIE,HN_NF_RF,HN,NF,RF,TRUE,FALSE,FALSE,FALSE,TRUE,TRUE,1.1563288144253883,0.8679515276193923,-0.28837728680599595
2015__HAN__LN_NF_RF,2016__QLB__HN_NF_RF,220,0.460553072299972,0.668753486642286,0.17127874721060474,0.033517776509987045,0.13776097070061769,14.360500056359568,0.001,0.1568172289107305,0.17127874721060474,0.1799787523814157,0.0010112359550561798,2015,HAN,LN_NF_RF,LN,NF,RF,2016,QLB,HN_NF_RF,HN,NF,RF,FALSE,FALSE,FALSE,FALSE,TRUE,TRUE,0.038668335402219096,-0.2518654323004755,-0.29053376770269457
2015__KIE__LN_NF_RF,2017__GGE__LN_NF_RF,220,0.5078781765320829,0.6655933912984678,0.18907626236173156,0.03347040500033987,0.15560585736139168,16.576282987087,0.001,0.1954503223533094,0.18907626236173156,0.18738346270173153,0.0010112359550561798,2015,KIE,LN_NF_RF,LN,NF,RF,2017,GGE,LN_NF_RF,LN,NF,RF,FALSE,FALSE,TRUE,TRUE,TRUE,TRUE,0.336063272261835,0.04539924175749089,-0.29066403050434414
2015__KAL__LN_NF_RF,2016__KIE__HN_NF_RF,216,0.6216493260312551,0.7360173376677501,0.2326558508999226,0.034161583399885335,0.19849426750003726,20.52473460981926,0.001,0.24094133628323475,0.2326558508999226,0.2209969778117171,0.0010112359550561798,2015,KAL,LN_NF_RF,LN,NF,RF,2016,KIE,HN_NF_RF,HN,NF,RF,FALSE,FALSE,FALSE,FALSE,TRUE,TRUE,1.0510107482526991,0.7598453182771991,-0.2911654299755
2016__KAL__LN_NF_RF,2017__KIE__HN_WF_RF,216,0.45961792215650815,0.6328296359804235,0.17074692598104352,0.03366779113486087,0.13707913484618264,15.027526845903958,0.001,0.17378843603736535,0.17074692598104352,0.1820219745976797,0.0010112359550561798,2016,KAL,LN_NF_RF,LN,NF,RF,2017,KIE,HN_WF_RF,HN,WF,RF,FALSE,FALSE,FALSE,FALSE,FALSE,TRUE,0.03279177321852738,-0.2632236278935696,-0.296015401112097
2016__KAL__HN_NF_RF,2017__GGE__HN_WF_RF,220,0.32592953965410704,0.5063669610003212,0.11896504320756189,0.0325616567731359,0.086403386434426,9.31090336351001,0.001,0.10755737182183427,0.11896504320756189,0.12811762985711017,0.0010112359550561798,2016,KAL,HN_NF_RF,HN,NF,RF,2017,GGE,HN_WF_RF,HN,WF,RF,FALSE,FALSE,FALSE,TRUE,FALSE,TRUE,-0.8073172707714721,-1.1073931718435317,-0.3000759010720596
2016__GGE__HN_WF_RF,2016__KIE__HN_NF_RF,216,0.6312506998563696,0.741523476107122,0.23479549381893805,0.03322883274309429,0.20156666107584376,21.330798788932952,0.001,0.2911103215239989,0.23479549381893805,0.25089685660511424,0.0010112359550561798,2016,GGE,HN_WF_RF,HN,WF,RF,2016,KIE,HN_NF_RF,HN,NF,RF,TRUE,FALSE,FALSE,TRUE,FALSE,TRUE,1.111346589215265,0.8110260342016954,-0.3003205550135696
2015__KIE__LN_NF_RF,2017__GGE__HN_NF_RF,220,0.4064421983570868,0.5664222964787027,0.14992056202161552,0.03326395127165443,0.11665661074996109,12.21364181850776,0.001,0.14659897406082348,0.14992056202161552,0.17487540401278948,0.0010112359550561798,2015,KIE,LN_NF_RF,LN,NF,RF,2017,GGE,HN_NF_RF,HN,NF,RF,FALSE,FALSE,FALSE,FALSE,TRUE,TRUE,-0.3013689492646382,-0.6034272438822939,-0.30205829461765565
2015__KIE__HN_NF_RF,2017__QLB__HN_NF_RF,220,0.3130366581725236,0.5502972450595336,0.11407602082384141,0.03296574228610001,0.0811102785377414,8.838757090851368,0.001,0.13235881134778257,0.11407602082384141,0.13353037480290547,0.0010112359550561798,2015,KIE,HN_NF_RF,HN,NF,RF,2017,QLB,HN_NF_RF,HN,NF,RF,FALSE,FALSE,TRUE,TRUE,TRUE,TRUE,-0.8883372227899275,-1.1955671134085575,-0.30722989061862993
2015__KAL__HN_WF_RF,2015__KIE__LN_NF_RF,220,0.5936923763558697,0.7535418650648305,0.21982047043191658,0.03289581341683955,0.18692465701507702,20.758918705727027,0.001,0.23421376836474403,0.21982047043191658,0.24786260446019,0.0010112359550561798,2015,KAL,HN_WF_RF,HN,WF,RF,2015,KIE,LN_NF_RF,LN,NF,RF,TRUE,FALSE,FALSE,FALSE,FALSE,TRUE,0.8753269242357339,0.5671157955198848,-0.3082111287158491
2016__GGE__HN_WF_RF,2016__HAN__HN_NF_RF,220,0.643043561782733,0.7420870829412328,0.23907712282589097,0.03355657676635405,0.20552054605953693,21.805627574488938,0.001,0.2680093171399347,0.23907712282589097,0.24765307708072568,0.0010112359550561798,2016,GGE,HN_WF_RF,HN,WF,RF,2016,HAN,HN_NF_RF,HN,NF,RF,TRUE,FALSE,FALSE,TRUE,FALSE,TRUE,1.1854539257946817,0.8768908588589376,-0.3085630669357441
2016__GGE__HN_NF_RF,2017__GGE__HN_WF_RF,220,0.3332100545271791,0.540860911852048,0.12163119446147194,0.03309263094037217,0.08853856352109978,8.919929753863482,0.001,0.12378371768082967,0.12163119446147194,0.14325239913135515,0.0010112359550561798,2016,GGE,HN_NF_RF,HN,NF,RF,2017,GGE,HN_WF_RF,HN,WF,RF,FALSE,TRUE,FALSE,TRUE,FALSE,TRUE,-0.7615659027372176,-1.071824847270122,-0.31025894453290437
2015__HAN__LN_NF_RF,2016__KIE__HN_NF_RF,216,0.6425090331673182,0.7501565867657389,0.23854116829512875,0.03334760791521397,0.2051935603799148,22.469020066586523,0.001,0.2704620791717996,0.23854116829512875,0.23431899480692078,0.0010112359550561798,2015,HAN,LN_NF_RF,LN,NF,RF,2016,KIE,HN_NF_RF,HN,NF,RF,FALSE,FALSE,FALSE,FALSE,TRUE,TRUE,1.1820949030009593,0.8714438479968197,-0.3106510550041396
2015__KIE__LN_NF_RF,2016__KAL__HN_WF_RF,220,0.6026725203074904,0.7367293463989677,0.22352678741584514,0.03336641884639928,0.19016036856944585,19.257494417516124,0.001,0.21009588917658897,0.22352678741584514,0.241553159115906,0.0010112359550561798,2015,KIE,LN_NF_RF,LN,NF,RF,2016,KAL,HN_WF_RF,HN,WF,RF,FALSE,FALSE,FALSE,FALSE,FALSE,TRUE,0.9317589044038922,0.6210171039921532,-0.31074180041173904
2016__KAL__HN_NF_RF,2017__GGE__HN_NF_RF,220,0.3649794127135726,0.5747744600282876,0.13360772435842466,0.03317740372694347,0.10043032063148119,10.667963796939754,0.001,0.11934810351379459,0.13360772435842466,0.17017894308076817,0.0010112359550561798,2016,KAL,HN_NF_RF,HN,NF,RF,2017,GGE,HN_NF_RF,HN,NF,RF,FALSE,FALSE,TRUE,TRUE,TRUE,TRUE,-0.5619245828666033,-0.8737289238499667,-0.3118043409833634
2015__GGE__HN_WF_RF,2016__KIE__LN_NF_RF,215,0.4542257976103653,0.6191407665000362,0.16779390355164564,0.033710023793323565,0.1340838797583221,14.378918540576464,0.001,0.16004111120503278,0.16779390355164564,0.16625873214446085,0.0010112359550561798,2015,GGE,HN_WF_RF,HN,WF,RF,2016,KIE,LN_NF_RF,LN,NF,RF,FALSE,FALSE,FALSE,FALSE,FALSE,TRUE,-0.001092791114904658,-0.3131193512085595,-0.3120265600936548
2017__GGE__HN_WF_RF,2017__KIE__LN_NF_RF,212,0.5488568440670414,0.7059168027929716,0.20394840100247255,0.03428152265190919,0.16966687835056338,17.411856912518815,0.001,0.231002895828169,0.20394840100247255,0.23915263055995958,0.0010112359550561798,2017,GGE,HN_WF_RF,HN,WF,RF,2017,KIE,LN_NF_RF,LN,NF,RF,TRUE,FALSE,FALSE,FALSE,FALSE,TRUE,0.5935766669366467,0.2796313162293527,-0.31394535070729396
2016__QLB__HN_NF_RF,2017__KAL__HN_NF_RF,220,0.4051824587731615,0.5936414914658268,0.1479662205807514,0.032520801545099405,0.115445419035652,12.124488369692253,0.001,0.16557347090654068,0.1479662205807514,0.17484230089844593,0.0010112359550561798,2016,QLB,HN_NF_RF,HN,NF,RF,2017,KAL,HN_NF_RF,HN,NF,RF,FALSE,FALSE,TRUE,TRUE,TRUE,TRUE,-0.3092852588026702,-0.6236035844228722,-0.314318325620202
2016__KAL__HN_NF_RF,2017__KIE__LN_NF_RF,212,0.4246704612600623,0.6116666015947244,0.1572955341811396,0.034566419152557926,0.12272911502858166,11.948817080660502,0.001,0.14953867554406078,0.1572955341811396,0.15011077244844684,0.0010112359550561798,2016,KAL,HN_NF_RF,HN,NF,RF,2017,KIE,LN_NF_RF,LN,NF,RF,FALSE,FALSE,FALSE,FALSE,TRUE,TRUE,-0.18682101148296826,-0.5022699185702901,-0.3154489070873219
2017__QLB__HN_NF_RF,2017__QLB__HN_WF_RF,220,0.40457057147887737,0.6421203293080812,0.1485012465874763,0.033564210729422526,0.11493703585805376,12.375042585335349,0.001,0.16788719429336957,0.1485012465874763,0.15179499380613115,0.0010112359550561798,2017,QLB,HN_NF_RF,HN,NF,RF,2017,QLB,HN_WF_RF,HN,WF,RF,TRUE,TRUE,FALSE,TRUE,FALSE,TRUE,-0.31313041004325337,-0.632072361079072,-0.3189419510358187
2016__KAL__LN_NF_RF,2017__GGE__HN_WF_RF,220,0.4902902757734276,0.6523173844688752,0.17975228422240624,0.032692392553566506,0.14705989166883973,15.327698323089484,0.001,0.18509751090899998,0.17975228422240624,0.15884861819572613,0.0010112359550561798,2016,KAL,LN_NF_RF,LN,NF,RF,2017,GGE,HN_WF_RF,HN,WF,RF,FALSE,FALSE,FALSE,FALSE,FALSE,TRUE,0.2255394240742073,-0.09696163474453062,-0.3225010588187379
2015__HAN__HN_WF_RF,2016__GGE__HN_WF_RF,220,0.6197048403543259,0.755473535328491,0.22818678466877756,0.032474293140775386,0.19571249152800219,20.587473297351963,0.001,0.25651925683882487,0.22818678466877756,0.2515702888065471,0.0010112359550561798,2015,HAN,HN_WF_RF,HN,WF,RF,2016,GGE,HN_WF_RF,HN,WF,RF,FALSE,FALSE,TRUE,TRUE,TRUE,TRUE,1.0387914366526962,0.7135057845301451,-0.3252856521225511
2015__KAL__LN_NF_RF,2017__KAL__HN_NF_RF,220,0.654319756600538,0.7255957579889893,0.2423357565369399,0.03356973430125968,0.20876602223568022,21.41122816869838,0.001,0.2282475278487302,0.2423357565369399,0.25206080863757235,0.0010112359550561798,2015,KAL,LN_NF_RF,LN,NF,RF,2017,KAL,HN_NF_RF,HN,NF,RF,FALSE,TRUE,FALSE,FALSE,TRUE,TRUE,1.2563144827923023,0.9309548288915881,-0.3253596539007142
2015__KIE__HN_NF_RF,2016__KIE__HN_NF_RF,216,0.6596709480825494,0.7745281558484859,0.24413464586090414,0.03337956943341994,0.2107550764274842,22.69057878246384,0.001,0.29805625635525823,0.24413464586090414,0.27085244294641353,0.0010112359550561798,2015,KIE,HN_NF_RF,HN,NF,RF,2016,KIE,HN_NF_RF,HN,NF,RF,FALSE,TRUE,TRUE,TRUE,TRUE,TRUE,1.2899418203066846,0.9640890010076802,-0.32585281929900434
2017__HAN__HN_NF_RF,2017__KAL__LN_NF_RF,220,0.25558627388361593,0.43391467517172594,0.09158486185759618,0.03332126678456126,0.05826359507303492,6.057880841224144,0.001,0.08484867002461897,0.09158486185759618,0.11455966834325684,0.0010112359550561798,2017,HAN,HN_NF_RF,HN,NF,RF,2017,KAL,LN_NF_RF,LN,NF,RF,TRUE,FALSE,FALSE,FALSE,TRUE,TRUE,-1.2493602714527043,-1.5761529945377646,-0.32679272308506024
2016__QLB__HN_NF_RF,2017__HAN__HN_NF_RF,220,0.46465481262728237,0.6615136676377611,0.1702480027494353,0.03316719970017161,0.13708080304926368,13.970938885273275,0.001,0.19670186713109386,0.1702480027494353,0.20522527506502886,0.0010112359550561798,2016,QLB,HN_NF_RF,HN,NF,RF,2017,HAN,HN_NF_RF,HN,NF,RF,FALSE,FALSE,TRUE,TRUE,TRUE,TRUE,0.06444401673346753,-0.26319583854110284,-0.3276398552745704
2016__GGE__HN_WF_RF,2017__HAN__HN_NF_RF,220,0.5619453067299869,0.6805238275020709,0.20678395175072284,0.03300683372569436,0.1737771180250285,19.176534030474727,0.001,0.21295927471534512,0.20678395175072284,0.2040187589968075,0.0010112359550561798,2016,GGE,HN_WF_RF,HN,WF,RF,2017,HAN,HN_NF_RF,HN,NF,RF,FALSE,FALSE,FALSE,TRUE,FALSE,TRUE,0.6758256675546956,0.3481007372100852,-0.3277249303446104
2016__HAN__LN_NF_RF,2017__KIE__HN_WF_RF,216,0.45327883697313015,0.6137879708022242,0.16601314034106923,0.033343752692830395,0.13266938764823882,13.90522934601,0.001,0.16994262293388407,0.16601314034106923,0.1951954316474969,0.0010112359550561798,2016,HAN,LN_NF_RF,LN,NF,RF,2017,KIE,HN_WF_RF,HN,WF,RF,FALSE,FALSE,FALSE,FALSE,FALSE,TRUE,-0.0070435714351729075,-0.3366823216019635,-0.32963875016679056
2015__GGE__HN_NF_RF,2017__HAN__LN_NF_RF,220,0.6421095002058163,0.740451812490491,0.2368452866937632,0.03301747390214905,0.20382781279161416,21.304888857334802,0.001,0.26403392231891515,0.2368452866937632,0.2390861847206664,0.0010112359550561798,2015,GGE,HN_NF_RF,HN,NF,RF,2017,HAN,LN_NF_RF,LN,NF,RF,FALSE,FALSE,FALSE,FALSE,TRUE,TRUE,1.1795842042547622,0.84869287628154,-0.3308913279732222
2016__KIE__HN_WF_RF,2017__KIE__HN_WF_RF,212,0.5717343307040453,0.7223476781281446,0.21173668530916603,0.03457000681763152,0.1771666784915345,18.094428679348574,0.001,0.23091980779731247,0.21173668530916603,0.219928375649351,0.0010112359550561798,2016,KIE,HN_WF_RF,HN,WF,RF,2017,KIE,HN_WF_RF,HN,WF,RF,FALSE,TRUE,TRUE,TRUE,TRUE,TRUE,0.7373407178418343,0.40456490010614565,-0.33277581773568865
2016__GGE__HN_WF_RF,2016__KAL__HN_NF_RF,220,0.49194885142881184,0.6025537717721441,0.17992537130759675,0.03294769001389318,0.1469776812937036,15.643527773042349,0.001,0.16796300227088082,0.17992537130759675,0.20205037330925432,0.0010112359550561798,2016,GGE,HN_WF_RF,HN,WF,RF,2016,KAL,HN_NF_RF,HN,NF,RF,TRUE,FALSE,FALSE,TRUE,FALSE,TRUE,0.23596205304277093,-0.09833111614464218,-0.33429316918741314
2015__HAN__HN_NF_RF,2016__GGE__LN_NF_RF,220,0.6180537644994611,0.7015761031877068,0.22754948521607682,0.03313553898501489,0.19441394623106192,21.51582045282396,0.001,0.19710533230987973,0.22754948521607682,0.22479112599711876,0.0010112359550561798,2015,HAN,HN_NF_RF,HN,NF,RF,2016,GGE,LN_NF_RF,LN,NF,RF,FALSE,FALSE,FALSE,FALSE,TRUE,TRUE,1.028415937061619,0.6918742857270191,-0.3365416513345999
2016__KAL__HN_WF_RF,2017__GGE__HN_WF_RF,220,0.621428827485239,0.7369975713247269,0.2290756972465503,0.03344722692112468,0.19562847032542563,20.99197660595876,0.001,0.2154464275383579,0.2290756972465503,0.23117389704244054,0.0010112359550561798,2016,KAL,HN_WF_RF,HN,WF,RF,2017,GGE,HN_WF_RF,HN,WF,RF,FALSE,FALSE,TRUE,TRUE,TRUE,TRUE,1.0496251168371087,0.7121061379046062,-0.3375189789325025
2016__KIE__HN_NF_RF,2017__KAL__LN_NF_RF,216,0.3106005405961556,0.5085842889293751,0.11168525720565778,0.033383066404290805,0.07830219080136697,8.367275306400295,0.001,0.11636716626214592,0.11168525720565778,0.13260607898607343,0.0010112359550561798,2016,KIE,HN_NF_RF,HN,NF,RF,2017,KAL,LN_NF_RF,LN,NF,RF,FALSE,FALSE,FALSE,FALSE,TRUE,TRUE,-0.9036459906111926,-1.24234495523786,-0.3386989646266675
2015__HAN__HN_NF_RF,2017__KAL__HN_NF_RF,220,0.6763742231527349,0.7544817793004739,0.2495321606266481,0.03330627788596216,0.21622588274068594,22.328273778748297,0.001,0.24349836616521256,0.2495321606266481,0.25156092997919827,0.0010112359550561798,2015,HAN,HN_NF_RF,HN,NF,RF,2017,KAL,HN_NF_RF,HN,NF,RF,FALSE,FALSE,TRUE,TRUE,TRUE,TRUE,1.3949066062368565,1.0552230881242437,-0.33968351811261277
2015__KAL__HN_NF_RF,2016__KAL__LN_NF_RF,220,0.7367095127492264,0.8185379487555152,0.2717236712677497,0.032911843437488146,0.23881182783026156,26.2085296905668,0.001,0.31547432344327014,0.2717236712677497,0.29116918862097313,0.0010112359550561798,2015,KAL,HN_NF_RF,HN,NF,RF,2016,KAL,LN_NF_RF,LN,NF,RF,FALSE,TRUE,FALSE,FALSE,TRUE,TRUE,1.774058642584202,1.4314655228886128,-0.34259311969558914
2015__HAN__LN_NF_RF,2015__KIE__LN_NF_RF,220,0.49890402382900023,0.6602762265937125,0.18183980918129505,0.032924344995101884,0.14891546418619317,15.700684359465695,0.001,0.18233443700369917,0.18183980918129505,0.20076408491587056,0.0010112359550561798,2015,HAN,LN_NF_RF,LN,NF,RF,2015,KIE,LN_NF_RF,LN,NF,RF,TRUE,FALSE,TRUE,TRUE,TRUE,TRUE,0.2796689416035848,-0.06605103441135568,-0.3457199760149405
2016__KAL__HN_WF_RF,2016__KIE__LN_NF_RF,215,0.5882861244095746,0.6927684802820644,0.2160546674420862,0.033559318064813465,0.18249534937727274,18.910773402777966,0.001,0.23356590141866504,0.2160546674420862,0.22986693659307242,0.0010112359550561798,2016,KAL,HN_WF_RF,HN,WF,RF,2016,KIE,LN_NF_RF,LN,NF,RF,TRUE,FALSE,FALSE,FALSE,FALSE,TRUE,0.8413535821310866,0.4933312590146111,-0.34802232311647546
2016__GGE__LN_NF_RF,2016__KAL__LN_NF_RF,220,0.7122884247990497,0.77517567042144,0.2625295456702918,0.03329053469038252,0.22923901097990929,24.04653602087994,0.001,0.2710320073653226,0.2625295456702918,0.2812466512895707,0.0010112359550561798,2016,GGE,LN_NF_RF,LN,NF,RF,2016,KAL,LN_NF_RF,LN,NF,RF,TRUE,FALSE,TRUE,TRUE,TRUE,TRUE,1.6205944711506814,1.2719990978598787,-0.3485953732908027
2016__KAL__HN_NF_RF,2017__KAL__LN_NF_RF,220,0.23625260709334603,0.3919025374303376,0.0822468597003319,0.03262097854694825,0.04962588115338364,5.35156842153762,0.001,0.07880922482430022,0.0822468597003319,0.14270735685522898,0.0010112359550561798,2016,KAL,HN_NF_RF,HN,NF,RF,2017,KAL,LN_NF_RF,LN,NF,RF,FALSE,TRUE,FALSE,FALSE,TRUE,TRUE,-1.370854660269198,-1.7200422364109165,-0.34918757614171847
2015__QLB__LN_NF_RF,2016__GGE__HN_WF_RF,220,0.4082548375583722,0.5837408361179514,0.14774377585358858,0.0333113476480566,0.11443242820553198,11.863999435770841,0.001,0.1588349801114156,0.14774377585358858,0.18904818879960442,0.0010112359550561798,2015,QLB,LN_NF_RF,LN,NF,RF,2016,GGE,HN_WF_RF,HN,WF,RF,FALSE,FALSE,FALSE,FALSE,FALSE,TRUE,-0.2899781720109501,-0.6404782440754472,-0.35050007206449707
2017__GGE__LN_NF_RF,2017__KIE__LN_NF_RF,212,0.5309633549737177,0.6499943954165842,0.1954102665478067,0.03479061868684218,0.1606196478609645,16.036436723409416,0.001,0.1906909416766071,0.1954102665478067,0.20575660453442063,0.0010112359550561798,2017,GGE,LN_NF_RF,LN,NF,RF,2017,KIE,LN_NF_RF,LN,NF,RF,TRUE,FALSE,TRUE,TRUE,TRUE,TRUE,0.48113247594220754,0.12892024287018705,-0.3522122330720205
2015__HAN__LN_NF_RF,2016__HAN__HN_NF_RF,220,0.7146045366885713,0.7854087894377983,0.2632374641687046,0.03336383867954753,0.22987362548915705,23.166818505092586,0.001,0.25902545901723595,0.2632374641687046,0.2507520198248243,0.0010112359550561798,2015,HAN,LN_NF_RF,LN,NF,RF,2016,HAN,HN_NF_RF,HN,NF,RF,FALSE,TRUE,FALSE,FALSE,TRUE,TRUE,1.6351491131387004,1.282570668239122,-0.35257844489957835
2015__HAN__HN_NF_RF,2017__KAL__LN_NF_RF,220,0.235130683832434,0.40468041225494894,0.08184101859003351,0.03284453898395474,0.04899647960607877,5.204184746441512,0.002,0.04913344820499443,0.08184101859003351,0.12133746208393449,0.0020142421159715157,2015,HAN,HN_NF_RF,HN,NF,RF,2017,KAL,LN_NF_RF,LN,NF,RF,FALSE,FALSE,FALSE,FALSE,TRUE,TRUE,-1.3779049204377511,-1.7305269679403374,-0.3526220475025863
2016__HAN__HN_WF_RF,2017__HAN__HN_NF_RF,220,0.3910546533982179,0.6062007291660797,0.14002598107646438,0.032590963464456356,0.10743501761200802,11.196535769551064,0.001,0.15355283584939683,0.14002598107646438,0.1437019611837167,0.0010112359550561798,2016,HAN,HN_WF_RF,HN,WF,RF,2017,HAN,HN_NF_RF,HN,NF,RF,FALSE,TRUE,FALSE,TRUE,FALSE,TRUE,-0.3980655764716905,-0.7570428947160157,-0.3589773182443252
2016__HAN__HN_WF_RF,2017__GGE__HN_WF_RF,220,0.6513023133039273,0.7636126967311496,0.23849575504292025,0.03305993933382717,0.20543581570909308,21.306413808184402,0.001,0.2698756137679038,0.23849575504292025,0.23900949244881914,0.0010112359550561798,2016,HAN,HN_WF_RF,HN,WF,RF,2017,GGE,HN_WF_RF,HN,WF,RF,FALSE,FALSE,TRUE,TRUE,TRUE,TRUE,1.2373526152331364,0.8754793990673283,-0.36187321616580814
2017__GGE__HN_NF_RF,2017__KAL__HN_WF_RF,220,0.565407433457606,0.6968337061810068,0.2059468326874683,0.033026774928801766,0.17292005775866653,19.024834655738456,0.001,0.24875225729662023,0.2059468326874683,0.24914239014253364,0.0010112359550561798,2017,GGE,HN_NF_RF,HN,NF,RF,2017,KAL,HN_WF_RF,HN,WF,RF,TRUE,FALSE,FALSE,TRUE,FALSE,TRUE,0.6975819632093319,0.3338236086650127,-0.36375835454431915
2016__KIE__LN_NF_RF,2017__KAL__LN_NF_RF,215,0.3854449852145955,0.5345890989881428,0.13874118172846817,0.03372436208234164,0.10501681964612652,10.65715511324212,0.001,0.09353719455464532,0.13874118172846817,0.14124094579238752,0.0010112359550561798,2016,KIE,LN_NF_RF,LN,NF,RF,2017,KAL,LN_NF_RF,LN,NF,RF,FALSE,FALSE,TRUE,TRUE,TRUE,TRUE,-0.4333172033268471,-0.7973258532912326,-0.36400864996438553
2015__KAL__LN_NF_RF,2017__HAN__LN_NF_RF,220,0.6120621231520953,0.7060322433408655,0.22290037058296583,0.03261510548460908,0.19028526509835675,19.93909659327381,0.001,0.2104882626017404,0.22290037058296583,0.21020739675280622,0.0010112359550561798,2015,KAL,LN_NF_RF,LN,NF,RF,2017,HAN,LN_NF_RF,LN,NF,RF,FALSE,FALSE,TRUE,TRUE,TRUE,TRUE,0.9907639587068352,0.623097662230681,-0.36766629647615423
2015__HAN__HN_WF_RF,2016__KAL__HN_WF_RF,220,0.6442272612959705,0.7551782625110587,0.2356566242201457,0.033240377745130396,0.2024162464750153,21.78275392349762,0.001,0.2626052156494437,0.2356566242201457,0.25332577709896226,0.0010112359550561798,2015,HAN,HN_WF_RF,HN,WF,RF,2016,KAL,HN_WF_RF,HN,WF,RF,FALSE,FALSE,TRUE,TRUE,TRUE,TRUE,1.1928923931306112,0.8251786445023417,-0.36771374862826955
2016__GGE__HN_WF_RF,2016__KIE__LN_NF_RF,215,0.5925543762369337,0.7085802603298801,0.21682609415841342,0.03391288297332827,0.18291321118508513,18.179638319083644,0.001,0.21230423845595361,0.21682609415841342,0.2339118090813728,0.0010112359550561798,2016,GGE,HN_WF_RF,HN,WF,RF,2016,KIE,LN_NF_RF,LN,NF,RF,TRUE,FALSE,FALSE,FALSE,FALSE,TRUE,0.8681756357386754,0.500292107601768,-0.3678835281369074
2015__GGE__LN_NF_RF,2016__QLB__HN_NF_RF,220,0.35692091216429545,0.5593605427610263,0.12794105150757373,0.033930477884395474,0.09401057362317826,9.85895544643147,0.001,0.13867448153521286,0.12794105150757373,0.14214768108330625,0.0010112359550561798,2015,GGE,LN_NF_RF,LN,NF,RF,2016,QLB,HN_NF_RF,HN,NF,RF,FALSE,FALSE,FALSE,FALSE,TRUE,TRUE,-0.6125648783487071,-0.9806707071313744,-0.3681058287826673
2016__HAN__HN_WF_RF,2017__GGE__LN_NF_RF,220,0.5843918541842782,0.7286882336036244,0.21281585825783766,0.033026834295277745,0.1797890239625599,19.66118727960336,0.001,0.21672336951263713,0.21281585825783766,0.21472860013444164,0.0010112359550561798,2016,HAN,HN_WF_RF,HN,WF,RF,2017,GGE,LN_NF_RF,LN,NF,RF,FALSE,FALSE,FALSE,FALSE,FALSE,TRUE,0.8168816603771245,0.4482485998981589,-0.3686330604789656
2015__KAL__HN_NF_RF,2017__GGE__HN_WF_RF,220,0.3781260038661614,0.5887773789465973,0.13499948296286454,0.03308522447997544,0.1019142584828891,10.50615190682091,0.001,0.13697374818607774,0.13499948296286454,0.1527963959816934,0.0010112359550561798,2015,KAL,HN_NF_RF,HN,NF,RF,2017,GGE,HN_WF_RF,HN,WF,RF,FALSE,FALSE,FALSE,TRUE,FALSE,TRUE,-0.4793102979287897,-0.8490091085826212,-0.36969881065383153
2015__HAN__LN_NF_RF,2017__KIE__LN_NF_RF,212,0.487513452137124,0.6704127114470781,0.17743988735584612,0.03436150798475529,0.14307837937109083,14.609470323367276,0.001,0.17921420909171976,0.17743988735584612,0.19237601357210185,0.0010112359550561798,2015,HAN,LN_NF_RF,LN,NF,RF,2017,KIE,LN_NF_RF,LN,NF,RF,FALSE,FALSE,TRUE,TRUE,TRUE,TRUE,0.20808963070579733,-0.16328668224678114,-0.37137631295257845
2015__HAN__LN_NF_RF,2017__QLB__LN_NF_RF,220,0.4164497329211891,0.6187982847128697,0.1493891681252909,0.033133527080018495,0.11625564104527242,12.017558721966314,0.001,0.14955448015669262,0.1493891681252909,0.15708849401214592,0.0010112359550561798,2015,HAN,LN_NF_RF,LN,NF,RF,2017,QLB,LN_NF_RF,LN,NF,RF,FALSE,FALSE,TRUE,TRUE,TRUE,TRUE,-0.23848076004450264,-0.6101066995065991,-0.3716259394620965
2015__HAN__HN_WF_RF,2016__KAL__LN_NF_RF,220,0.5613298912894965,0.7302896941897747,0.20344587181231094,0.03264254210263255,0.17080332970967838,18.139000602907966,0.001,0.246772752662553,0.20344587181231094,0.22081783495150803,0.0010112359550561798,2015,HAN,HN_WF_RF,HN,WF,RF,2016,KAL,LN_NF_RF,LN,NF,RF,FALSE,FALSE,FALSE,FALSE,FALSE,TRUE,0.6719583451464993,0.2985626128675461,-0.37339573227895323
2015__QLB__LN_NF_RF,2016__GGE__LN_NF_RF,220,0.4515549592796596,0.636965451953365,0.16333327016101903,0.03397760959785373,0.1293556605631653,13.461982523274457,0.001,0.15493351302523328,0.16333327016101903,0.17147960314190364,0.0010112359550561798,2015,QLB,LN_NF_RF,LN,NF,RF,2016,GGE,LN_NF_RF,LN,NF,RF,FALSE,FALSE,TRUE,TRUE,TRUE,TRUE,-0.01787656390548881,-0.3918832326857389,-0.3740066687802501
2015__KAL__HN_NF_RF,2017__KIE__LN_NF_RF,212,0.37553098124616374,0.5844132127109432,0.13480408576205577,0.03419126514407543,0.10061282061798034,10.314794144122486,0.001,0.11613949379882939,0.13480408576205577,0.15431473843736768,0.0010112359550561798,2015,KAL,HN_NF_RF,HN,NF,RF,2017,KIE,LN_NF_RF,LN,NF,RF,FALSE,FALSE,FALSE,FALSE,TRUE,TRUE,-0.49561763841426165,-0.8706887925208334,-0.37507115410657177
2015__KAL__HN_NF_RF,2015__KAL__LN_NF_RF,220,0.7738158810388737,0.8122684728647662,0.2842405329331331,0.03349369593403288,0.2507468369991002,26.447624551807767,0.001,0.30258805498807456,0.2842405329331331,0.2918116928396871,0.0010112359550561798,2015,KAL,HN_NF_RF,HN,NF,RF,2015,KAL,LN_NF_RF,LN,NF,RF,TRUE,TRUE,FALSE,FALSE,TRUE,TRUE,2.0072381829918853,1.6302819501317423,-0.376956232860143
2015__KAL__LN_NF_RF,2016__KAL__LN_NF_RF,220,0.7449214071969789,0.7925787347221674,0.27260266390259447,0.03279647759516548,0.239806186307429,25.19443222061882,0.001,0.2742460325837632,0.27260266390259447,0.2923677246612804,0.0010112359550561798,2015,KAL,LN_NF_RF,LN,NF,RF,2016,KAL,LN_NF_RF,LN,NF,RF,FALSE,TRUE,TRUE,TRUE,TRUE,TRUE,1.8256628782306632,1.4480298000527658,-0.3776330781778974
2016__GGE__HN_WF_RF,2017__KAL__LN_NF_RF,220,0.41343072059425906,0.6125581107047666,0.1470133398644725,0.03258974116547328,0.11442359869899921,12.616396944439773,0.001,0.13179258418268508,0.1470133398644725,0.1738735086626915,0.0010112359550561798,2016,GGE,HN_WF_RF,HN,WF,RF,2017,KAL,LN_NF_RF,LN,NF,RF,FALSE,FALSE,FALSE,FALSE,FALSE,TRUE,-0.25745248752221117,-0.6406253282475942,-0.38317284072538305
2015__GGE__LN_NF_RF,2015__KIE__LN_NF_RF,220,0.6072720051353472,0.7353318719958527,0.22027491600286797,0.032728860699598177,0.1875460553032698,20.542138290974485,0.001,0.25355953982340423,0.22027491600286797,0.250137137697453,0.0010112359550561798,2015,GGE,LN_NF_RF,LN,NF,RF,2015,KIE,LN_NF_RF,LN,NF,RF,TRUE,FALSE,TRUE,TRUE,TRUE,TRUE,0.9606624540560683,0.5774672067174602,-0.3831952473386081
2015__HAN__LN_NF_RF,2017__HAN__HN_WF_RF,220,0.5376155096992401,0.691833227207925,0.19413047602938538,0.03295094215724804,0.16117953387213735,17.277391541811593,0.001,0.21081088039528942,0.19413047602938538,0.22808466984590747,0.0010112359550561798,2015,HAN,LN_NF_RF,LN,NF,RF,2017,HAN,HN_WF_RF,HN,WF,RF,FALSE,TRUE,FALSE,FALSE,FALSE,TRUE,0.5229351759399564,0.13824696686596127,-0.38468820907399515
2017__HAN__LN_NF_RF,2017__KAL__HN_NF_RF,220,0.6516901783703102,0.7416588246564073,0.237463159389395,0.03326257837303689,0.2042005810163581,22.505665089654762,0.001,0.2552143177491139,0.237463159389395,0.23715364345018794,0.0010112359550561798,2017,HAN,LN_NF_RF,LN,NF,RF,2017,KAL,HN_NF_RF,HN,NF,RF,TRUE,FALSE,FALSE,FALSE,TRUE,TRUE,1.2397899919446858,0.8549025444589936,-0.38488744748569215
2016__GGE__HN_NF_RF,2016__KIE__LN_NF_RF,215,0.4632085176875137,0.6309063247120192,0.16693889631828807,0.03402325072602815,0.1329156455922599,14.201011218048656,0.001,0.17127203580295883,0.16693889631828807,0.19164488269500304,0.0010112359550561798,2016,GGE,HN_NF_RF,HN,NF,RF,2016,KIE,LN_NF_RF,LN,NF,RF,TRUE,FALSE,FALSE,FALSE,TRUE,TRUE,0.055355377642820995,-0.33258009395237426,-0.38793547159519526
2015__GGE__HN_NF_RF,2015__KIE__HN_NF_RF,220,0.6551183351858747,0.7603816006716894,0.23852409489139573,0.033227327893177956,0.20529676699821778,21.610406908375833,0.001,0.30723061832793874,0.23852409489139573,0.2599701756469922,0.0010112359550561798,2015,GGE,HN_NF_RF,HN,NF,RF,2015,KIE,HN_NF_RF,HN,NF,RF,TRUE,FALSE,TRUE,TRUE,TRUE,TRUE,1.2613328178137921,0.8731630901715488,-0.38816972764224333
2016__HAN__HN_WF_RF,2016__QLB__HN_NF_RF,220,0.2517998125617113,0.4730157835717868,0.08641424998154526,0.03338755045402567,0.05302669952751959,5.539505143574568,0.001,0.07765243237343904,0.08641424998154526,0.10698758281093666,0.0010112359550561798,2016,HAN,HN_WF_RF,HN,WF,RF,2016,QLB,HN_NF_RF,HN,NF,RF,TRUE,FALSE,FALSE,TRUE,FALSE,TRUE,-1.273154712986869,-1.6633905364177701,-0.39023582343090113
2015__KIE__HN_NF_RF,2017__HAN__LN_NF_RF,220,0.6281385587775914,0.7277145095033896,0.22772294604877455,0.033066399249433095,0.19465654679934147,20.233220620003827,0.001,0.2638413175864923,0.22772294604877455,0.24155972205069898,0.0010112359550561798,2015,KIE,HN_NF_RF,HN,NF,RF,2017,HAN,LN_NF_RF,LN,NF,RF,FALSE,FALSE,FALSE,FALSE,TRUE,TRUE,1.0917896328252255,0.6959155878785436,-0.3958740449466819
2015__KAL__HN_WF_RF,2017__HAN__LN_NF_RF,220,0.474793296919899,0.6560601364791534,0.16964402783009322,0.03302978691821891,0.1366142409118743,14.402268753490652,0.001,0.17213292334544913,0.16964402783009322,0.18208664059718502,0.0010112359550561798,2015,KAL,HN_WF_RF,HN,WF,RF,2017,HAN,LN_NF_RF,LN,NF,RF,FALSE,FALSE,FALSE,FALSE,FALSE,TRUE,0.12815510506550587,-0.27096794964134935,-0.3991230547068552
2016__HAN__HN_WF_RF,2016__KAL__HN_NF_RF,220,0.32946010111521357,0.5257952361900791,0.11526912044174355,0.03353390085793183,0.08173521958381172,8.890904367411077,0.001,0.09996782855311408,0.11526912044174355,0.14671655762870983,0.0010112359550561798,2016,HAN,HN_WF_RF,HN,WF,RF,2016,KAL,HN_NF_RF,HN,NF,RF,TRUE,FALSE,FALSE,TRUE,FALSE,TRUE,-0.7851309254936027,-1.1851566860465335,-0.4000257605529307
2015__KAL__HN_WF_RF,2017__GGE__HN_NF_RF,220,0.4300455911659568,0.6253697953939694,0.15306952997450515,0.033543296639829225,0.11952623333467594,12.764962428047715,0.001,0.1793918358245211,0.15306952997450515,0.16500417210728371,0.0010112359550561798,2015,KAL,HN_WF_RF,HN,WF,RF,2017,GGE,HN_NF_RF,HN,NF,RF,FALSE,FALSE,FALSE,TRUE,FALSE,TRUE,-0.15304324289876098,-0.5556243388523754,-0.4025810959536144
2016__HAN__LN_NF_RF,2017__GGE__HN_NF_RF,220,0.40956224931521784,0.5954255253207711,0.14482816359233677,0.033166562277538815,0.11166160131479796,11.849773885137578,0.001,0.14882232289154124,0.14482816359233677,0.16695402626819464,0.0010112359550561798,2016,HAN,LN_NF_RF,LN,NF,RF,2017,GGE,HN_NF_RF,HN,NF,RF,FALSE,FALSE,FALSE,FALSE,TRUE,TRUE,-0.2817622865272198,-0.6866353852331805,-0.40487309870596067
2015__GGE__LN_NF_RF,2015__HAN__HN_NF_RF,220,0.5987123603798908,0.7047339445405522,0.21577933643856456,0.03281883802259376,0.18296049841597078,18.86379237366192,0.001,0.19739241423146386,0.21577933643856456,0.22691627092190786,0.0010112359550561798,2015,GGE,LN_NF_RF,LN,NF,RF,2015,HAN,HN_NF_RF,HN,NF,RF,TRUE,FALSE,FALSE,FALSE,TRUE,TRUE,0.906872926216794,0.5010798303563891,-0.4057930958604049
2015__KIE__HN_NF_RF,2017__HAN__HN_NF_RF,220,0.49930002984941263,0.6587074488766673,0.17846929464132072,0.033165714775767074,0.14530357986555364,15.42005602479653,0.001,0.2005008763717115,0.17846929464132072,0.18458236275928117,0.0010112359550561798,2015,KIE,HN_NF_RF,HN,NF,RF,2017,HAN,HN_NF_RF,HN,NF,RF,FALSE,FALSE,TRUE,TRUE,TRUE,TRUE,0.28215747675522346,-0.12621872478229682,-0.4083762015375203
2015__KIE__HN_NF_RF,2015__QLB__LN_NF_RF,220,0.36339564361075977,0.5814259873889206,0.12683745372999367,0.032993912707143004,0.09384354102285067,9.790645491839092,0.001,0.13430968797097284,0.12683745372999367,0.13974253587720728,0.0010112359550561798,2015,KIE,HN_NF_RF,HN,NF,RF,2015,QLB,LN_NF_RF,LN,NF,RF,TRUE,FALSE,FALSE,FALSE,TRUE,TRUE,-0.5718771211646942,-0.9834531787960772,-0.41157605763138294
2016__GGE__HN_NF_RF,2016__KAL__HN_NF_RF,220,0.7334586400170645,0.7827637310312573,0.26684016676287237,0.03354445243105344,0.23329571433181892,23.642619010753947,0.001,0.28918617511230155,0.26684016676287237,0.2767677456598245,0.0010112359550561798,2016,GGE,HN_NF_RF,HN,NF,RF,2016,KAL,HN_NF_RF,HN,NF,RF,TRUE,FALSE,TRUE,TRUE,TRUE,TRUE,1.7536298848116214,1.3395766971228695,-0.4140531876887519
2016__KAL__HN_NF_RF,2016__KAL__LN_NF_RF,220,0.7416027624230421,0.7945182939542328,0.2694572210095946,0.03318943337105865,0.23626778763853598,24.959975065321675,0.001,0.2718373005290293,0.2694572210095946,0.3009483520546701,0.0010112359550561798,2016,KAL,HN_NF_RF,HN,NF,RF,2016,KAL,LN_NF_RF,LN,NF,RF,TRUE,TRUE,FALSE,FALSE,TRUE,TRUE,1.8048082352453287,1.3890862524141168,-0.415721982831212
2015__KIE__LN_NF_RF,2017__HAN__HN_NF_RF,220,0.368554638664391,0.5370043332976451,0.12829463120914145,0.032774457050360695,0.09552017415878075,10.196800144214958,0.001,0.11331966051806461,0.12829463120914145,0.1530231999752858,0.0010112359550561798,2015,KIE,LN_NF_RF,LN,NF,RF,2017,HAN,HN_NF_RF,HN,NF,RF,FALSE,FALSE,FALSE,FALSE,TRUE,TRUE,-0.5394575621773798,-0.9555233963244061,-0.41606583414702625
2015__HAN__HN_NF_RF,2015__KIE__LN_NF_RF,220,0.3738830506476353,0.5395513430968709,0.1305591720950891,0.03304264723467879,0.09751652486041032,10.819428516137402,0.001,0.11460416555520234,0.1305591720950891,0.15689827898268965,0.0010112359550561798,2015,HAN,HN_NF_RF,HN,NF,RF,2015,KIE,LN_NF_RF,LN,NF,RF,TRUE,FALSE,FALSE,FALSE,TRUE,TRUE,-0.5059733729498841,-0.9222676770863684,-0.41629430413648427
2017__GGE__HN_NF_RF,2017__KAL__LN_NF_RF,220,0.3158390270492501,0.5120301133193961,0.1085988106347493,0.03305917102188804,0.07553963961286125,8.17524664861568,0.001,0.12740939186174094,0.1085988106347493,0.14435298156792697,0.0010112359550561798,2017,GGE,HN_NF_RF,HN,NF,RF,2017,KAL,LN_NF_RF,LN,NF,RF,TRUE,FALSE,FALSE,FALSE,TRUE,TRUE,-0.8707269009813607,-1.2883642376368205,-0.41763733665545977
2016__HAN__HN_NF_RF,2017__KIE__LN_NF_RF,212,0.468215348711759,0.6537261663515924,0.16730894571949395,0.03432588779454964,0.1329830579249443,13.621758304243897,0.001,0.16012823771379608,0.16730894571949395,0.1801222972584464,0.0010112359550561798,2016,HAN,HN_NF_RF,HN,NF,RF,2017,KIE,LN_NF_RF,LN,NF,RF,FALSE,FALSE,FALSE,FALSE,TRUE,TRUE,0.0868187250666157,-0.3314571221182654,-0.4182758471848811
2015__KAL__HN_WF_RF,2016__HAN__HN_WF_RF,220,0.4763455806242085,0.6350811155001324,0.1691227715953364,0.03309309473378534,0.13602967686155104,13.808021328382972,0.001,0.16022117809560704,0.1691227715953364,0.16719717566282627,0.0010112359550561798,2015,KAL,HN_WF_RF,HN,WF,RF,2016,HAN,HN_WF_RF,HN,WF,RF,FALSE,FALSE,TRUE,TRUE,TRUE,TRUE,0.1379097864702665,-0.28070576670842673,-0.41861555317869326
2015__GGE__LN_NF_RF,2016__GGE__LN_NF_RF,220,0.6298817553753431,0.7424082766548521,0.22673780203467797,0.033025165838389214,0.19371263619628876,20.810374802286397,0.001,0.23854257499767612,0.22673780203467797,0.2453171337468856,0.0010112359550561798,2015,GGE,LN_NF_RF,LN,NF,RF,2016,GGE,LN_NF_RF,LN,NF,RF,FALSE,TRUE,TRUE,TRUE,TRUE,TRUE,1.1027440269155084,0.6801916842701722,-0.42255234264533625
2016__GGE__HN_NF_RF,2016__HAN__HN_WF_RF,220,0.3196756141002638,0.5256487267768493,0.10981935315167685,0.03317376939995026,0.07664558375172659,8.158354191297713,0.001,0.09955836851945386,0.10981935315167685,0.1403754812632523,0.0010112359550561798,2016,GGE,HN_NF_RF,HN,NF,RF,2016,HAN,HN_WF_RF,HN,WF,RF,TRUE,FALSE,FALSE,TRUE,FALSE,TRUE,-0.8466174651479693,-1.269941138055651,-0.4233236729076816
2017__KIE__LN_NF_RF,2017__QLB__LN_NF_RF,212,0.40926124541320646,0.6459993979795791,0.14477891390224082,0.03444244307224168,0.11033647082999914,11.95313752091379,0.001,0.1613166318378021,0.14477891390224082,0.1733789328110693,0.0010112359550561798,2017,KIE,LN_NF_RF,LN,NF,RF,2017,QLB,LN_NF_RF,LN,NF,RF,TRUE,FALSE,TRUE,TRUE,TRUE,TRUE,-0.28365382037348724,-0.7087097468772857,-0.4250559265037985
2015__KIE__HN_NF_RF,2017__KAL__LN_NF_RF,220,0.5387622646920223,0.6933287502183554,0.19225380598142552,0.03319306891434202,0.1590607370670835,18.01171631286086,0.001,0.1828248380620847,0.19225380598142552,0.19519694486408748,0.0010112359550561798,2015,KIE,HN_NF_RF,HN,NF,RF,2017,KAL,LN_NF_RF,LN,NF,RF,FALSE,FALSE,FALSE,FALSE,TRUE,TRUE,0.5301414808008869,0.1029515092022324,-0.42718997159865446
2015__KIE__HN_NF_RF,2016__QLB__LN_NF_RF,220,0.37833395303226275,0.5870778697531317,0.13174657014069022,0.033256553530608954,0.09849001661008126,10.199132074932576,0.001,0.14635227129918726,0.13174657014069022,0.1606166449385233,0.0010112359550561798,2015,KIE,HN_NF_RF,HN,NF,RF,2016,QLB,LN_NF_RF,LN,NF,RF,FALSE,FALSE,FALSE,FALSE,TRUE,TRUE,-0.4780035278724703,-0.906051003191758,-0.4280474753192877
2016__QLB__HN_WF_RF,2017__QLB__HN_WF_RF,220,0.3968334967474645,0.5846277815657348,0.13856555241912535,0.03332564510835711,0.10523990731076824,11.306971777229563,0.001,0.14457678558594872,0.13856555241912535,0.15128808939905594,0.0010112359550561798,2016,QLB,HN_WF_RF,HN,WF,RF,2017,QLB,HN_WF_RF,HN,WF,RF,FALSE,TRUE,TRUE,TRUE,TRUE,TRUE,-0.3617508386416001,-0.7936096020660653,-0.4318587634244652
2016__HAN__HN_WF_RF,2017__HAN__LN_NF_RF,220,0.5996364457696279,0.7448966826887858,0.21437482108931197,0.03276463653501824,0.18161018455429373,19.792255177397646,0.001,0.2557619084151585,0.21437482108931197,0.23951540184507625,0.0010112359550561798,2016,HAN,HN_WF_RF,HN,WF,RF,2017,HAN,LN_NF_RF,LN,NF,RF,FALSE,TRUE,FALSE,FALSE,FALSE,TRUE,0.9126799565570948,0.47858595759620354,-0.43409399896089124
2016__GGE__HN_NF_RF,2017__GGE__LN_NF_RF,220,0.34883124489313033,0.5358469089331297,0.12008515075644946,0.03312799618488557,0.08695715457156389,9.222644689358717,0.001,0.1119423686762716,0.12008515075644946,0.1383223825443326,0.0010112359550561798,2016,GGE,HN_NF_RF,HN,NF,RF,2017,GGE,LN_NF_RF,LN,NF,RF,FALSE,TRUE,FALSE,FALSE,TRUE,TRUE,-0.6634010281334772,-1.098168360954044,-0.4347673328205668
2017__GGE__HN_NF_RF,2017__KIE__HN_WF_RF,216,0.536279522472778,0.6656437919003559,0.19100363903118064,0.03351497493562099,0.15748866409555964,16.80238778712421,0.001,0.21599337697653687,0.19100363903118064,0.2085745517397131,0.0010112359550561798,2017,GGE,HN_NF_RF,HN,NF,RF,2017,KIE,HN_WF_RF,HN,WF,RF,TRUE,FALSE,FALSE,TRUE,FALSE,TRUE,0.5145397198008579,0.07676351662155483,-0.43777620317930305
2015__HAN__HN_WF_RF,2017__GGE__LN_NF_RF,220,0.6575996157738371,0.7689197184765275,0.2365332972313918,0.033369496254766914,0.2031638009766249,21.572117851995266,0.001,0.26011675468890905,0.2365332972313918,0.24495496283655416,0.0010112359550561798,2015,HAN,HN_WF_RF,HN,WF,RF,2017,GGE,LN_NF_RF,LN,NF,RF,FALSE,FALSE,FALSE,FALSE,FALSE,TRUE,1.2769253937998661,0.8376315980842786,-0.4392937957155876
2016__HAN__LN_NF_RF,2017__KAL__HN_NF_RF,220,0.60377892814688,0.6965722432281659,0.21579324932737753,0.03299772491695022,0.18279552441042732,19.449889553388292,0.001,0.20196306439090594,0.21579324932737753,0.1967928939180742,0.0010112359550561798,2016,HAN,LN_NF_RF,LN,NF,RF,2017,KAL,HN_NF_RF,HN,NF,RF,FALSE,FALSE,FALSE,FALSE,TRUE,TRUE,0.9387116643581529,0.49833165128872853,-0.44038001306942437
2016__HAN__HN_WF_RF,2017__KIE__HN_WF_RF,216,0.6108214750369799,0.7369842460615154,0.21908424827693784,0.03371288104485023,0.1853713672320876,20.043470661287305,0.001,0.2560441662706155,0.21908424827693784,0.23897236501554014,0.0010112359550561798,2016,HAN,HN_WF_RF,HN,WF,RF,2017,KIE,HN_WF_RF,HN,WF,RF,FALSE,FALSE,TRUE,TRUE,TRUE,TRUE,0.9829676215651328,0.541240698085229,-0.44172692347990383
2015__KAL__LN_NF_RF,2015__KIE__HN_NF_RF,220,0.6523329077686608,0.7747586820914782,0.2341907019126773,0.03327246542088084,0.20091823649179646,21.423874934461615,0.001,0.27572306903606886,0.2341907019126773,0.2488906438560688,0.0010112359550561798,2015,KAL,LN_NF_RF,LN,NF,RF,2015,KIE,HN_NF_RF,HN,NF,RF,TRUE,FALSE,FALSE,FALSE,TRUE,TRUE,1.2438289575622323,0.8002244120736213,-0.44360454548861106
2015__HAN__LN_NF_RF,2017__GGE__HN_NF_RF,220,0.45292366575850257,0.6438096955421694,0.15852692546646227,0.03283549009225699,0.1256914353742053,13.451682890340166,0.001,0.18289981891919319,0.15852692546646227,0.17462441864458209,0.0010112359550561798,2015,HAN,LN_NF_RF,LN,NF,RF,2017,GGE,HN_NF_RF,HN,NF,RF,FALSE,FALSE,FALSE,FALSE,TRUE,TRUE,-0.009275497231478991,-0.45292283059282595,-0.443647333361347
2015__GGE__LN_NF_RF,2015__QLB__LN_NF_RF,220,0.4602616641132707,0.6221567312622913,0.16137839890979064,0.03304947492727886,0.12832892398251178,13.61328047836667,0.001,0.13205341376622806,0.16137839890979064,0.16194672498866214,0.0010112359550561798,2015,GGE,LN_NF_RF,LN,NF,RF,2015,QLB,LN_NF_RF,LN,NF,RF,TRUE,FALSE,TRUE,TRUE,TRUE,TRUE,0.036837101838329556,-0.4089868725571127,-0.44582397439544225
2015__QLB__LN_NF_RF,2017__HAN__LN_NF_RF,220,0.34333665934099244,0.5421389247336065,0.11635958125996777,0.03222536174371202,0.08413421951625576,8.942190250306593,0.001,0.1190317726992699,0.11635958125996777,0.16550336185385126,0.0010112359550561798,2015,QLB,LN_NF_RF,LN,NF,RF,2017,HAN,LN_NF_RF,LN,NF,RF,FALSE,FALSE,TRUE,TRUE,TRUE,TRUE,-0.6979294660495012,-1.1451935332095555,-0.4472640671600543
2015__GGE__LN_NF_RF,2016__HAN__LN_NF_RF,220,0.6248813224750057,0.7291131109019908,0.22391649055047738,0.0336915861806311,0.1902249043698463,20.041250648069123,0.001,0.2385923040710532,0.22391649055047738,0.21215283824663286,0.0010112359550561798,2015,GGE,LN_NF_RF,LN,NF,RF,2016,HAN,LN_NF_RF,LN,NF,RF,FALSE,FALSE,TRUE,TRUE,TRUE,TRUE,1.0713208858406802,0.6220921578176996,-0.44922872802298064
2017__GGE__HN_NF_RF,2017__KIE__LN_NF_RF,212,0.47857136990375476,0.6243241439156264,0.1700616529142441,0.03504233303894522,0.1350193198752989,12.963333471982422,0.001,0.1871214234451648,0.1700616529142441,0.18781010052707836,0.0010112359550561798,2017,GGE,HN_NF_RF,HN,NF,RF,2017,KIE,LN_NF_RF,LN,NF,RF,TRUE,FALSE,FALSE,FALSE,TRUE,TRUE,0.15189683357758868,-0.297536551117982,-0.4494333846955707
2017__KAL__LN_NF_RF,2017__KIE__LN_NF_RF,212,0.3519074416504072,0.5292225498209682,0.12118219547928076,0.03397852517592528,0.08720367030335549,8.858857524041927,0.001,0.11544064163063696,0.12118219547928076,0.13923044177463043,0.0010112359550561798,2017,KAL,LN_NF_RF,LN,NF,RF,2017,KIE,LN_NF_RF,LN,NF,RF,TRUE,FALSE,TRUE,TRUE,TRUE,TRUE,-0.6440699488840548,-1.0940618390100143,-0.4499918901259595
2016__GGE__LN_NF_RF,2017__KAL__HN_NF_RF,220,0.6534739753697768,0.7318956627578708,0.23396453222146993,0.03322965270974061,0.2007348795117293,20.56310209038678,0.001,0.23006985106424832,0.23396453222146993,0.22782764076858464,0.0010112359550561798,2016,GGE,LN_NF_RF,LN,NF,RF,2017,KAL,HN_NF_RF,HN,NF,RF,FALSE,FALSE,FALSE,FALSE,TRUE,TRUE,1.2509995223754038,0.797170004727021,-0.45382951764838275
2015__KAL__LN_NF_RF,2017__KAL__LN_NF_RF,220,0.4472781784020234,0.6303049086288409,0.15542047486869529,0.03254765748139646,0.12287281738729883,12.769468632739049,0.001,0.1482712153072795,0.15542047486869529,0.15557883257752206,0.0010112359550561798,2015,KAL,LN_NF_RF,LN,NF,RF,2017,KAL,LN_NF_RF,LN,NF,RF,FALSE,TRUE,TRUE,TRUE,TRUE,TRUE,-0.04475221478264072,-0.4998760880216591,-0.4551238732390184
2015__KAL__HN_NF_RF,2016__HAN__HN_WF_RF,220,0.30066586533274575,0.5002101846582104,0.10059558902595103,0.03321822731802478,0.06737736170792624,6.797353031516869,0.001,0.094507752421074,0.10059558902595103,0.10731973663405606,0.0010112359550561798,2015,KAL,HN_NF_RF,HN,NF,RF,2016,HAN,HN_WF_RF,HN,WF,RF,FALSE,FALSE,FALSE,TRUE,FALSE,TRUE,-0.9660763258555017,-1.4243335450975723,-0.4582572192420705
2015__KIE__LN_NF_RF,2016__GGE__HN_WF_RF,220,0.5953650233476215,0.712812248186946,0.2116415339461303,0.033188812005524475,0.17845272194060582,19.18279516485603,0.001,0.20690444656323165,0.2116415339461303,0.23986475724941858,0.0010112359550561798,2015,KIE,LN_NF_RF,LN,NF,RF,2016,GGE,HN_WF_RF,HN,WF,RF,FALSE,FALSE,FALSE,FALSE,FALSE,TRUE,0.8858379786659732,0.42598813993836704,-0.4598498387276062
2015__KAL__LN_NF_RF,2015__QLB__LN_NF_RF,220,0.5118064576890324,0.6749204059437742,0.17979802098665543,0.03291494092150421,0.14688308006515122,15.673884590007075,0.001,0.18534743786050922,0.17979802098665543,0.19837277343715368,0.0010112359550561798,2015,KAL,LN_NF_RF,LN,NF,RF,2015,QLB,LN_NF_RF,LN,NF,RF,TRUE,FALSE,TRUE,TRUE,TRUE,TRUE,0.3607489215719352,-0.09990700754175146,-0.4606559291136867
2015__QLB__LN_NF_RF,2017__HAN__HN_WF_RF,220,0.3373427703765917,0.5484241785611649,0.11434808622192527,0.03328716923192193,0.08106091699000334,8.258893299816535,0.001,0.11477082582989855,0.11434808622192527,0.1512466296314732,0.0010112359550561798,2015,QLB,LN_NF_RF,LN,NF,RF,2017,HAN,HN_WF_RF,HN,WF,RF,FALSE,FALSE,FALSE,FALSE,FALSE,TRUE,-0.7355955686188436,-1.1963893906624448,-0.4607938220436012
2015__GGE__HN_NF_RF,2016__KIE__LN_NF_RF,215,0.5454443911291927,0.6756936897775847,0.19255040138955992,0.03320036314724492,0.159350038242315,16.44308936704471,0.001,0.21399921596430432,0.19255040138955992,0.19046114564928482,0.0010112359550561798,2015,GGE,HN_NF_RF,HN,NF,RF,2016,KIE,LN_NF_RF,LN,NF,RF,FALSE,FALSE,FALSE,FALSE,TRUE,TRUE,0.5721325255564083,0.10777076197724805,-0.4643617635791602
2015__HAN__LN_NF_RF,2017__HAN__HN_NF_RF,220,0.6578310909641653,0.7390317981776483,0.23485749804741637,0.03313116035681858,0.20172633769059778,21.36753512799478,0.001,0.2060684432526879,0.23485749804741637,0.22200111073084974,0.0010112359550561798,2015,HAN,LN_NF_RF,LN,NF,RF,2017,HAN,HN_NF_RF,HN,NF,RF,FALSE,TRUE,FALSE,FALSE,TRUE,TRUE,1.2783800033718722,0.8136859679822709,-0.4646940353896013
2015__HAN__HN_WF_RF,2015__KIE__HN_NF_RF,220,0.621738913626078,0.7447152364154782,0.22108582943463567,0.03297788407711842,0.18810794535751724,19.84287708896182,0.001,0.25900935712112394,0.22108582943463567,0.2403485342334183,0.0010112359550561798,2015,HAN,HN_WF_RF,HN,WF,RF,2015,KIE,HN_NF_RF,HN,NF,RF,TRUE,FALSE,FALSE,TRUE,FALSE,TRUE,1.0515737242363354,0.5868273145739837,-0.4647464096623517
2015__HAN__LN_NF_RF,2016__KAL__HN_WF_RF,220,0.5098433657667524,0.6930672872655145,0.17867856129571877,0.032870022718136174,0.14580853857758258,15.389642404969996,0.001,0.20103126562795226,0.17867856129571877,0.20463106290714608,0.0010112359550561798,2015,HAN,LN_NF_RF,LN,NF,RF,2016,KAL,HN_WF_RF,HN,WF,RF,FALSE,FALSE,FALSE,FALSE,FALSE,TRUE,0.3484126867606451,-0.11780699374709945,-0.46621968050774454
2016__HAN__LN_NF_RF,2016__QLB__HN_NF_RF,220,0.453499983725936,0.64126381273843,0.15816252458521546,0.03361011460572521,0.12455240997949024,12.841709891246326,0.001,0.16847245194093782,0.15816252458521546,0.1728922118252534,0.0010112359550561798,2016,HAN,LN_NF_RF,LN,NF,RF,2016,QLB,HN_NF_RF,HN,NF,RF,TRUE,FALSE,FALSE,FALSE,TRUE,TRUE,-0.005653866633576883,-0.47189700617265734,-0.4662431395390805
2016__KIE__LN_NF_RF,2017__GGE__HN_NF_RF,215,0.45399210127103956,0.5881716535052767,0.15830621641466128,0.03357362259906322,0.12473259381559806,12.930725057947754,0.001,0.1836299998089808,0.15830621641466128,0.18091844940631496,0.0010112359550561798,2016,KIE,LN_NF_RF,LN,NF,RF,2017,GGE,HN_NF_RF,HN,NF,RF,FALSE,FALSE,FALSE,FALSE,TRUE,TRUE,-0.002561358574095687,-0.4688954578675709,-0.46633409929347525
2017__HAN__HN_NF_RF,2017__HAN__LN_NF_RF,220,0.6221369008959413,0.7180358722663316,0.2213230788668017,0.03329678110058164,0.18802629776622004,19.824299716096913,0.001,0.23461803448467866,0.2213230788668017,0.21755670231205276,0.0010112359550561798,2017,HAN,HN_NF_RF,HN,NF,RF,2017,HAN,LN_NF_RF,LN,NF,RF,TRUE,TRUE,FALSE,FALSE,TRUE,TRUE,1.054074709726223,0.5854672081706223,-0.4686075015556008
2015__HAN__HN_WF_RF,2016__GGE__HN_NF_RF,220,0.37804251445174863,0.5886319965288539,0.12874284165751404,0.03285201934022196,0.09589082231729208,10.445273854694454,0.001,0.14033563655016495,0.12874284165751404,0.14047412038522086,0.0010112359550561798,2015,HAN,HN_WF_RF,HN,WF,RF,2016,GGE,HN_NF_RF,HN,NF,RF,FALSE,FALSE,FALSE,TRUE,FALSE,TRUE,-0.4798349524336368,-0.9493490447510643,-0.4695140923174275
2016__KAL__HN_WF_RF,2017__HAN__HN_NF_RF,220,0.45278105038335914,0.6138440125547298,0.15794615651419666,0.03388901019168643,0.12405714632251023,12.90811004252022,0.001,0.16549029283807257,0.15794615651419666,0.1523961962561315,0.0010112359550561798,2016,KAL,HN_WF_RF,HN,WF,RF,2017,HAN,HN_NF_RF,HN,NF,RF,FALSE,FALSE,FALSE,TRUE,FALSE,TRUE,-0.01017170424832931,-0.4801472345077323,-0.469975530259403
2015__KAL__HN_NF_RF,2017__KAL__LN_NF_RF,220,0.27173152005298107,0.4457007939683202,0.08835934796114477,0.032638824900566396,0.05572052306057837,5.925094838171848,0.001,0.057031219148758784,0.08835934796114477,0.10717096614462016,0.0010112359550561798,2015,KAL,HN_NF_RF,HN,NF,RF,2017,KAL,LN_NF_RF,LN,NF,RF,FALSE,TRUE,FALSE,FALSE,TRUE,TRUE,-1.1479021860870224,-1.6185161368350236,-0.47061395074800116
2016__KAL__LN_NF_RF,2017__KAL__HN_NF_RF,220,0.6578629143389588,0.73532961800488,0.23444342194456388,0.03307849769538957,0.20136492424917432,21.967742146316805,0.001,0.25751358112824385,0.23444342194456388,0.25425925986574893,0.0010112359550561798,2016,KAL,LN_NF_RF,LN,NF,RF,2017,KAL,HN_NF_RF,HN,NF,RF,FALSE,TRUE,FALSE,FALSE,TRUE,TRUE,1.2785799841366472,0.8076654506818683,-0.47091453345477885
2016__GGE__HN_WF_RF,2016__HAN__HN_WF_RF,220,0.5838536409654802,0.7196069039743496,0.2069834219275728,0.03355919237858119,0.17342422954899162,17.341886821211034,0.001,0.19870131853828804,0.2069834219275728,0.24191342225251192,0.0010112359550561798,2016,GGE,HN_WF_RF,HN,WF,RF,2016,HAN,HN_WF_RF,HN,WF,RF,TRUE,FALSE,TRUE,TRUE,TRUE,TRUE,0.8134994832257252,0.34222223095773097,-0.4712772522679942
2015__QLB__LN_NF_RF,2017__KAL__HN_NF_RF,220,0.4760899106172971,0.636430129097333,0.16595343364050974,0.033216229725725493,0.13273720391478425,13.312127542307895,0.001,0.17303356437745662,0.16595343364050974,0.1804780899007487,0.0010112359550561798,2015,QLB,LN_NF_RF,LN,NF,RF,2017,KAL,HN_NF_RF,HN,NF,RF,FALSE,FALSE,FALSE,FALSE,TRUE,TRUE,0.1363031346351349,-0.3355526209345579,-0.47185575556969284
2015__KAL__LN_NF_RF,2016__QLB__HN_NF_RF,220,0.36629960184404114,0.5644500543775323,0.12423008731605319,0.0331307240814257,0.09109936323462749,9.246831905271582,0.001,0.14345939505069735,0.12423008731605319,0.14296354497993038,0.0010112359550561798,2015,KAL,LN_NF_RF,LN,NF,RF,2016,QLB,HN_NF_RF,HN,NF,RF,FALSE,FALSE,FALSE,FALSE,TRUE,TRUE,-0.553628403291957,-1.0291663924062495,-0.47553798911429257
2017__GGE__HN_WF_RF,2017__KAL__LN_NF_RF,220,0.3625287607367083,0.5455841499354795,0.12298605078130886,0.03340004429055333,0.08958600649075554,9.290388158182498,0.001,0.14144417499402584,0.12298605078130886,0.1509196326095387,0.0010112359550561798,2017,GGE,HN_WF_RF,HN,WF,RF,2017,KAL,LN_NF_RF,LN,NF,RF,TRUE,FALSE,FALSE,FALSE,FALSE,TRUE,-0.5773246860834903,-1.0543762750887438,-0.47705158900525346
2015__KAL__HN_NF_RF,2016__HAN__HN_NF_RF,220,0.7183091115545445,0.7760738858240873,0.2567688220139088,0.033106259781845046,0.22366256223206377,24.588378083161874,0.001,0.3019878351165902,0.2567688220139088,0.29017648909789606,0.0010112359550561798,2015,KAL,HN_NF_RF,HN,NF,RF,2016,HAN,HN_NF_RF,HN,NF,RF,FALSE,FALSE,TRUE,TRUE,TRUE,TRUE,1.6584289732939852,1.1791051921186273,-0.4793237811753579
2015__KAL__LN_NF_RF,2016__GGE__LN_NF_RF,220,0.6905381437976312,0.7442351363382791,0.24608202960753522,0.03295095964515901,0.2131310699623762,22.591798743083913,0.001,0.23120116925486048,0.24608202960753522,0.2487434783584632,0.0010112359550561798,2015,KAL,LN_NF_RF,LN,NF,RF,2016,GGE,LN_NF_RF,LN,NF,RF,FALSE,FALSE,TRUE,TRUE,TRUE,TRUE,1.4839138753009458,1.0036689074055207,-0.48024496789542503
2015__KAL__HN_NF_RF,2016__GGE__HN_WF_RF,220,0.5930425300951494,0.7215633681387106,0.209700108696819,0.033352701811420124,0.17634740688539885,19.095809237558175,0.001,0.23179011143372663,0.209700108696819,0.19850171445459738,0.0010112359550561798,2015,KAL,HN_NF_RF,HN,NF,RF,2016,GGE,HN_WF_RF,HN,WF,RF,FALSE,FALSE,FALSE,TRUE,FALSE,TRUE,0.871243235656254,0.39091726470265475,-0.4803259709535992
2017__GGE__LN_NF_RF,2017__KAL__LN_NF_RF,220,0.4303196360204201,0.6230977724934212,0.1486051625521953,0.033716532991443365,0.11488862956075194,11.60526464681877,0.001,0.15199978692856414,0.1486051625521953,0.15708458630229546,0.0010112359550561798,2017,GGE,LN_NF_RF,LN,NF,RF,2017,KAL,LN_NF_RF,LN,NF,RF,TRUE,FALSE,TRUE,TRUE,TRUE,TRUE,-0.15132112197558045,-0.6328787255275171,-0.48155760355193666
2015__GGE__LN_NF_RF,2017__KAL__LN_NF_RF,220,0.40914703301191024,0.5890140479987378,0.14014134622346675,0.03330614878383231,0.10683519743963443,11.570258504797465,0.001,0.1624347256652127,0.14014134622346675,0.18220272983233518,0.0010112359550561798,2015,GGE,LN_NF_RF,LN,NF,RF,2017,KAL,LN_NF_RF,LN,NF,RF,FALSE,FALSE,TRUE,TRUE,TRUE,TRUE,-0.28437154071289705,-0.7670348521559008,-0.4826633114430038
2015__KIE__LN_NF_RF,2016__HAN__HN_WF_RF,220,0.5169200309800462,0.6305134027938218,0.18034212918666231,0.033046178629684224,0.14729595055697808,16.047222760447927,0.001,0.18934301357329908,0.18034212918666231,0.1955081573979201,0.0010112359550561798,2015,KIE,LN_NF_RF,LN,NF,RF,2016,HAN,HN_WF_RF,HN,WF,RF,FALSE,FALSE,FALSE,FALSE,FALSE,TRUE,0.3928830463812413,-0.09302930556951923,-0.4859123519507605
2015__HAN__LN_NF_RF,2015__KIE__HN_NF_RF,220,0.6102074019519875,0.7443996776792909,0.21581430427111026,0.03343009342498926,0.182384210846121,18.683062445516118,0.001,0.23521109024791795,0.21581430427111026,0.2327813755914602,0.0010112359550561798,2015,HAN,LN_NF_RF,LN,NF,RF,2015,KIE,HN_NF_RF,HN,NF,RF,TRUE,FALSE,FALSE,FALSE,TRUE,TRUE,0.9791087346318298,0.4914798850122911,-0.4876288496195387
2015__HAN__HN_WF_RF,2017__KAL__LN_NF_RF,220,0.41523638349031,0.5837735189870564,0.1418249545420041,0.03336265394212932,0.1084623005998748,11.264171817462001,0.001,0.14325433570152526,0.1418249545420041,0.1636048881517421,0.0010112359550561798,2015,HAN,HN_WF_RF,HN,WF,RF,2017,KAL,LN_NF_RF,LN,NF,RF,FALSE,FALSE,FALSE,FALSE,FALSE,TRUE,-0.24610554995759273,-0.7399301526539002,-0.49382460269630746
2015__HAN__HN_WF_RF,2017__GGE__HN_NF_RF,220,0.5712420963609574,0.6761972918298462,0.20089171074172424,0.0336622677408712,0.16722944300085305,17.17978708505519,0.001,0.2236978973799659,0.20089171074172424,0.20312045360648853,0.0010112359550561798,2015,HAN,HN_WF_RF,HN,WF,RF,2017,GGE,HN_NF_RF,HN,NF,RF,FALSE,FALSE,FALSE,TRUE,FALSE,TRUE,0.7342474758139919,0.23902789640703928,-0.4952195794069526
2015__GGE__HN_NF_RF,2016__HAN__HN_WF_RF,220,0.4397562893024323,0.60990854431628,0.1509549796375391,0.033409086956962555,0.11754589268057654,12.594648836018948,0.001,0.17212920289113412,0.1509549796375391,0.18368447050913406,0.0010112359550561798,2015,GGE,HN_NF_RF,HN,NF,RF,2016,HAN,HN_WF_RF,HN,WF,RF,FALSE,FALSE,FALSE,TRUE,FALSE,TRUE,-0.0920203987652149,-0.588613358634643,-0.49659295986942814
2015__HAN__HN_NF_RF,2015__KAL__LN_NF_RF,220,0.6210007033867191,0.6970478353234196,0.21848752739383473,0.03291187288266219,0.18557565451117253,20.244522587046518,0.001,0.20687985275068785,0.21848752739383473,0.24111793956014393,0.0010112359550561798,2015,HAN,HN_NF_RF,HN,NF,RF,2015,KAL,LN_NF_RF,LN,NF,RF,TRUE,FALSE,FALSE,FALSE,TRUE,TRUE,1.0469347489802745,0.5446437676919895,-0.502290981288285
2015__KIE__HN_WF_RF,2016__KIE__LN_NF_RF,215,0.47763813932773297,0.6169081600618225,0.16509528389923345,0.033802490674508745,0.1312927932247247,13.868133582859079,0.001,0.1326646702761762,0.16509528389923345,0.17166996947714802,0.0010112359550561798,2015,KIE,HN_WF_RF,HN,WF,RF,2016,KIE,LN_NF_RF,LN,NF,RF,FALSE,TRUE,FALSE,FALSE,FALSE,TRUE,0.14603233411721242,-0.35961398266515515,-0.5056463167823676
2015__KIE__LN_NF_RF,2016__HAN__HN_NF_RF,220,0.4483187668677918,0.5902086632143039,0.15301758343778857,0.03302454346944773,0.11999303996834085,13.41590003378158,0.001,0.13389035337948782,0.15301758343778857,0.1688404601917245,0.0010112359550561798,2015,KIE,LN_NF_RF,LN,NF,RF,2016,HAN,HN_NF_RF,HN,NF,RF,FALSE,FALSE,FALSE,FALSE,TRUE,TRUE,-0.038213069310160816,-0.5478481548708024,-0.5096350855606416
2015__GGE__LN_NF_RF,2017__HAN__HN_NF_RF,220,0.5334925542290389,0.653981956802263,0.18410075175248553,0.03293924464769399,0.15116150710479154,15.991462348403061,0.001,0.1865603823948851,0.18410075175248553,0.17688687124391259,0.0010112359550561798,2015,GGE,LN_NF_RF,LN,NF,RF,2017,HAN,HN_NF_RF,HN,NF,RF,FALSE,FALSE,FALSE,FALSE,TRUE,TRUE,0.49702617686577055,-0.028635878528914898,-0.5256620553946855
2016__KIE__LN_NF_RF,2017__KIE__LN_NF_RF,208,0.5923310544179712,0.6862334842884042,0.20839044798130268,0.035064541272104975,0.1733259067091977,16.330227046352444,0.001,0.214819135351501,0.20839044798130268,0.21813883210432009,0.0010112359550561798,2016,KIE,LN_NF_RF,LN,NF,RF,2017,KIE,LN_NF_RF,LN,NF,RF,FALSE,TRUE,TRUE,TRUE,TRUE,TRUE,0.8667722626383435,0.340584344011212,-0.5261879186271314
2015__HAN__HN_NF_RF,2016__KAL__LN_NF_RF,220,0.7014467577931691,0.7941734333353995,0.24763701705534727,0.03320969855587793,0.21442731849946933,23.337335566621295,0.001,0.2848605579843468,0.24763701705534727,0.28374519167693724,0.0010112359550561798,2015,HAN,HN_NF_RF,HN,NF,RF,2016,KAL,LN_NF_RF,LN,NF,RF,FALSE,FALSE,FALSE,FALSE,TRUE,TRUE,1.5524645234837275,1.0252621461972313,-0.5272023772864962
2016__KIE__HN_WF_RF,2017__KIE__LN_NF_RF,208,0.5077166283210985,0.666726675307911,0.17677104700997473,0.035527757253798295,0.14124328975617645,14.075374000783562,0.001,0.17270556557504235,0.17677104700997473,0.184251928400859,0.0010112359550561798,2016,KIE,HN_WF_RF,HN,WF,RF,2017,KIE,LN_NF_RF,LN,NF,RF,FALSE,TRUE,FALSE,FALSE,FALSE,TRUE,0.33504808971157923,-0.19385607316613046,-0.5289041628777097
2016__HAN__HN_WF_RF,2017__QLB__HN_WF_RF,220,0.3297893318253464,0.519960780557074,0.10721410442077642,0.03315069222140358,0.07406341219937285,7.655546237718014,0.001,0.11259869700565256,0.10721410442077642,0.12783268341553583,0.0010112359550561798,2016,HAN,HN_WF_RF,HN,WF,RF,2017,QLB,HN_WF_RF,HN,WF,RF,FALSE,FALSE,TRUE,TRUE,TRUE,TRUE,-0.7830620120101376,-1.3129556104624427,-0.5298935984523051
2017__GGE__HN_WF_RF,2017__KIE__HN_WF_RF,216,0.6023767932056419,0.6899498684194858,0.21023224551884462,0.033442404343807026,0.1767898411750376,18.843447229067394,0.001,0.23476980320101706,0.21023224551884462,0.22323733817311137,0.0010112359550561798,2017,GGE,HN_WF_RF,HN,WF,RF,2017,KIE,HN_WF_RF,HN,WF,RF,TRUE,FALSE,TRUE,TRUE,TRUE,TRUE,0.9299005304138303,0.39828744796028415,-0.5316130824535461
2016__HAN__LN_NF_RF,2017__KIE__LN_NF_RF,212,0.5208994013197307,0.6556279463420961,0.1798813830589763,0.03398886860775361,0.1458925144512227,14.922673657456007,0.001,0.18137278794727607,0.1798813830589763,0.19308513072109232,0.0010112359550561798,2016,HAN,LN_NF_RF,LN,NF,RF,2017,KIE,LN_NF_RF,LN,NF,RF,FALSE,FALSE,TRUE,TRUE,TRUE,TRUE,0.41788974441421656,-0.11640810222254662,-0.5342978466367632
2016__KAL__HN_WF_RF,2017__GGE__HN_NF_RF,220,0.5519421578536935,0.6627556166637553,0.19057446529351998,0.03308918205883422,0.15748528323468577,16.52012194008125,0.001,0.21920297131201352,0.19057446529351998,0.22542627773778795,0.0010112359550561798,2016,KAL,HN_WF_RF,HN,WF,RF,2017,GGE,HN_NF_RF,HN,NF,RF,FALSE,FALSE,FALSE,TRUE,FALSE,TRUE,0.6129650383657566,0.0767071973786921,-0.5362578409870644
2016__KIE__LN_NF_RF,2017__HAN__HN_NF_RF,215,0.48779042217983787,0.660083556714724,0.1670725384300514,0.033801193909298026,0.13327134452075337,13.335787517970198,0.001,0.18804169039539997,0.1670725384300514,0.1853737556070625,0.0010112359550561798,2016,KIE,LN_NF_RF,LN,NF,RF,2017,HAN,HN_NF_RF,HN,NF,RF,FALSE,FALSE,FALSE,FALSE,TRUE,TRUE,0.2098301337580655,-0.3266547704660781,-0.5364849042241436
2015__KIE__HN_NF_RF,2016__HAN__HN_WF_RF,220,0.5729307992952327,0.6966218310295668,0.19770823830294978,0.032882430141073525,0.16482580816187625,16.986315664809933,0.001,0.22251248160081016,0.19770823830294978,0.20746803885998047,0.0010112359550561798,2015,KIE,HN_NF_RF,HN,NF,RF,2016,HAN,HN_WF_RF,HN,WF,RF,FALSE,FALSE,FALSE,TRUE,FALSE,TRUE,0.7448594271379725,0.19898753411471765,-0.5458718930232549
2015__HAN__LN_NF_RF,2017__KAL__LN_NF_RF,220,0.35058022879491907,0.5236674687117878,0.113493147862591,0.032997994676545565,0.08049515318604544,8.495776748132325,0.001,0.11182661746994615,0.113493147862591,0.1379669644848852,0.0010112359550561798,2015,HAN,LN_NF_RF,LN,NF,RF,2017,KAL,LN_NF_RF,LN,NF,RF,FALSE,FALSE,TRUE,TRUE,TRUE,TRUE,-0.6524102661376902,-1.205814028429802,-0.5534037622921119
2016__KAL__HN_NF_RF,2017__HAN__HN_WF_RF,220,0.46429660834311665,0.6420966624028671,0.15678136084510097,0.03341062231718025,0.12337073852792071,13.092823846316548,0.001,0.18069262977300968,0.15678136084510097,0.18687265058480587,0.0010112359550561798,2016,KAL,HN_NF_RF,HN,NF,RF,2017,HAN,HN_WF_RF,HN,WF,RF,FALSE,FALSE,FALSE,TRUE,FALSE,TRUE,0.06219303087298574,-0.4915815906461787,-0.5537746215191645
2016__GGE__HN_NF_RF,2017__KAL__HN_NF_RF,220,0.6324079154004504,0.7082952502775227,0.21983083176241136,0.033082804509328975,0.18674802725308237,19.977611036598606,0.001,0.25353269962390707,0.21983083176241136,0.23725015157435028,0.0010112359550561798,2016,GGE,HN_NF_RF,HN,NF,RF,2017,KAL,HN_NF_RF,HN,NF,RF,FALSE,FALSE,TRUE,TRUE,TRUE,TRUE,1.1186186290606914,0.5641734518879865,-0.5544451771727049
2016__GGE__LN_NF_RF,2017__HAN__LN_NF_RF,220,0.6208232538287692,0.7032395485256081,0.2154456464637274,0.033390961542238834,0.18205468492148857,19.203820256676433,0.001,0.2139885431220829,0.2154456464637274,0.20859078049682508,0.0010112359550561798,2016,GGE,LN_NF_RF,LN,NF,RF,2017,HAN,LN_NF_RF,LN,NF,RF,FALSE,FALSE,TRUE,TRUE,TRUE,TRUE,1.0458196410277714,0.48599055810079933,-0.5598290829269721
2016__HAN__HN_WF_RF,2016__QLB__LN_NF_RF,220,0.26724165992969373,0.502262443438914,0.08138411575971173,0.03298096295408784,0.04840315280562389,5.273883853153631,0.001,0.09214247235568589,0.08138411575971173,0.09841357620223053,0.0010112359550561798,2016,HAN,HN_WF_RF,HN,WF,RF,2016,QLB,LN_NF_RF,LN,NF,RF,TRUE,FALSE,FALSE,FALSE,FALSE,TRUE,-1.176116844872022,-1.7404107571344027,-0.5642939122623807
2015__HAN__HN_NF_RF,2015__KIE__HN_NF_RF,220,0.5206740196861877,0.6664352569267961,0.1768993139139402,0.03294048918313168,0.1439588247308085,14.766785855734893,0.001,0.1750811240825854,0.1768993139139402,0.21236596161192126,0.0010112359550561798,2015,HAN,HN_NF_RF,HN,NF,RF,2015,KIE,HN_NF_RF,HN,NF,RF,TRUE,FALSE,TRUE,TRUE,TRUE,TRUE,0.4164734272657513,-0.14861999885127153,-0.5650934261170228
2015__KAL__HN_NF_RF,2015__KIE__HN_NF_RF,220,0.5282751264475538,0.6768779971036216,0.1796944231056826,0.033029468021446746,0.14666495508423585,15.700289017442957,0.001,0.17576018569829643,0.1796944231056826,0.205270642542462,0.0010112359550561798,2015,KAL,HN_NF_RF,HN,NF,RF,2015,KIE,HN_NF_RF,HN,NF,RF,TRUE,FALSE,TRUE,TRUE,TRUE,TRUE,0.4642394217001784,-0.10354058911547119,-0.5677800108156495
2016__HAN__HN_WF_RF,2016__KIE__LN_NF_RF,215,0.4628187001971086,0.6191178246274965,0.15602191834669635,0.03412836247775188,0.12189355586894446,11.841851895380348,0.001,0.164605693937875,0.15602191834669635,0.1771357852839758,0.0010112359550561798,2016,HAN,HN_WF_RF,HN,WF,RF,2016,KIE,LN_NF_RF,LN,NF,RF,TRUE,FALSE,FALSE,FALSE,FALSE,TRUE,0.0529057317344419,-0.5161888761948116,-0.5690946079292535
2015__GGE__HN_NF_RF,2017__HAN__HN_NF_RF,220,0.6291216372151991,0.6999904205383658,0.2182463730353513,0.03366934358924933,0.18457702944610196,19.821966551522504,0.001,0.2134881402161576,0.2182463730353513,0.22978274387165532,0.0010112359550561798,2015,GGE,HN_NF_RF,HN,NF,RF,2017,HAN,HN_NF_RF,HN,NF,RF,FALSE,FALSE,TRUE,TRUE,TRUE,TRUE,1.0979673804419339,0.52800841661818,-0.5699589638237539
2015__GGE__LN_NF_RF,2016__HAN__HN_NF_RF,220,0.6136608118494002,0.7148171731572215,0.21248140283035305,0.03397945384126694,0.1785019489890861,18.632465193130855,0.001,0.2326149465095033,0.21248140283035305,0.20199013613977057,0.0010112359550561798,2015,GGE,LN_NF_RF,LN,NF,RF,2016,HAN,HN_NF_RF,HN,NF,RF,FALSE,FALSE,FALSE,FALSE,TRUE,TRUE,1.0008102529920275,0.42680817666930887,-0.5740020763227187
2017__HAN__LN_NF_RF,2017__KAL__LN_NF_RF,220,0.41520113165780376,0.5797230972089957,0.13630394256324407,0.032720001242161234,0.10358394132108284,10.954220517893603,0.001,0.13452074562674424,0.13630394256324407,0.15361386487014783,0.0010112359550561798,2017,HAN,LN_NF_RF,LN,NF,RF,2017,KAL,LN_NF_RF,LN,NF,RF,TRUE,FALSE,TRUE,TRUE,TRUE,TRUE,-0.2463270754390996,-0.8211951059435978,-0.5748680305044982
2016__HAN__HN_NF_RF,2017__KAL__LN_NF_RF,220,0.2761682203539254,0.4490603675132281,0.0843849034702198,0.03330749638941701,0.05107740708080279,5.304267639611557,0.001,0.06841108674887618,0.0843849034702198,0.10983181942475378,0.0010112359550561798,2016,HAN,HN_NF_RF,HN,NF,RF,2017,KAL,LN_NF_RF,LN,NF,RF,FALSE,FALSE,FALSE,FALSE,TRUE,TRUE,-1.1200215880984161,-1.6958623472413528,-0.5758407591429366
2015__KIE__HN_NF_RF,2017__GGE__HN_NF_RF,220,0.5289899527639695,0.668865059195438,0.1795691551835281,0.03319145169197385,0.14637770349155424,15.724418804152048,0.001,0.2200431169363243,0.1795691551835281,0.22021254156230824,0.0010112359550561798,2015,KIE,HN_NF_RF,HN,NF,RF,2017,GGE,HN_NF_RF,HN,NF,RF,FALSE,FALSE,TRUE,TRUE,TRUE,TRUE,0.4687314504169753,-0.10832569942154181,-0.5770571498385171
2015__KIE__LN_NF_RF,2016__HAN__LN_NF_RF,220,0.5037724594354687,0.6084242912607135,0.1701030199577857,0.03341811891890899,0.1366849010388767,14.566380197049703,0.001,0.15445822791093625,0.1701030199577857,0.18465692564120742,0.0010112359550561798,2015,KIE,LN_NF_RF,LN,NF,RF,2016,HAN,LN_NF_RF,LN,NF,RF,FALSE,FALSE,TRUE,TRUE,TRUE,TRUE,0.31026260057768157,-0.26979087522100925,-0.5800534757986908
2016__KAL__HN_NF_RF,2016__KIE__LN_NF_RF,215,0.44417922257829584,0.588795913931754,0.14802147165423082,0.033909436760205296,0.11411203489402552,11.874746541944868,0.001,0.12530139910978624,0.14802147165423082,0.16113182266260012,0.0010112359550561798,2016,KAL,HN_NF_RF,HN,NF,RF,2016,KIE,LN_NF_RF,LN,NF,RF,TRUE,FALSE,FALSE,FALSE,TRUE,TRUE,-0.0642263139205537,-0.645815437587843,-0.5815891236672893
2015__KIE__LN_NF_RF,2016__GGE__LN_NF_RF,220,0.46675905616234825,0.6071823422347193,0.15577173622209473,0.033344569057475265,0.12242716716461946,12.344601953035095,0.001,0.14912094609337298,0.15577173622209473,0.18601160615852483,0.0010112359550561798,2015,KIE,LN_NF_RF,LN,NF,RF,2016,GGE,LN_NF_RF,LN,NF,RF,FALSE,FALSE,TRUE,TRUE,TRUE,TRUE,0.07766726015579398,-0.5072998431122334,-0.5849671032680274
2015__KIE__LN_NF_RF,2016__KAL__HN_NF_RF,220,0.34837290575295393,0.48070527377537853,0.11080263159648022,0.03315317407977985,0.07764945751670038,8.5012116662338,0.001,0.08656873481753935,0.11080263159648022,0.13883271493544527,0.0010112359550561798,2015,KIE,LN_NF_RF,LN,NF,RF,2016,KAL,HN_NF_RF,HN,NF,RF,FALSE,FALSE,FALSE,FALSE,TRUE,TRUE,-0.6662812698543304,-1.2532183527999594,-0.586937082945629
2015__KAL__HN_NF_RF,2016__KIE__LN_NF_RF,215,0.4647113191932025,0.6316187302277284,0.15521421351177134,0.03393311552640473,0.1212810979853666,12.628469465303978,0.001,0.1598354690671394,0.15521421351177134,0.17330681286663652,0.0010112359550561798,2015,KAL,HN_NF_RF,HN,NF,RF,2016,KIE,LN_NF_RF,LN,NF,RF,FALSE,FALSE,FALSE,FALSE,TRUE,TRUE,0.06479910874808957,-0.5263913558516988,-0.5911904645997884
2015__KIE__HN_NF_RF,2016__KAL__LN_NF_RF,220,0.6426098956390683,0.7382034564951568,0.22115135372396663,0.033079987240006097,0.18807136648396053,19.222058677340303,0.001,0.262523225414681,0.22115135372396663,0.2541695238623731,0.0010112359550561798,2015,KIE,HN_NF_RF,HN,NF,RF,2016,KAL,LN_NF_RF,LN,NF,RF,FALSE,FALSE,FALSE,FALSE,TRUE,TRUE,1.182728731259858,0.5862179743673493,-0.5965107568925087
2016__KAL__LN_NF_RF,2017__KAL__LN_NF_RF,220,0.41480965336860004,0.5690707358717029,0.134936729505419,0.03329232116167285,0.10164440834374613,10.911177129153431,0.001,0.11666430964611026,0.134936729505419,0.16538877524345294,0.0010112359550561798,2016,KAL,LN_NF_RF,LN,NF,RF,2017,KAL,LN_NF_RF,LN,NF,RF,FALSE,TRUE,TRUE,TRUE,TRUE,TRUE,-0.24878715794686623,-0.8535043410366979,-0.6047171830898317
2015__HAN__LN_NF_RF,2016__KIE__LN_NF_RF,215,0.5198481528005553,0.6473954937332465,0.17425173415992556,0.03325181791763703,0.14099991624228853,14.486870569006886,0.001,0.15370221918092006,0.17425173415992556,0.20357708802611632,0.0010112359550561798,2015,HAN,LN_NF_RF,LN,NF,RF,2016,KIE,LN_NF_RF,LN,NF,RF,FALSE,FALSE,TRUE,TRUE,TRUE,TRUE,0.4112836102692062,-0.19791025124277048,-0.6091938615119766
2016__GGE__HN_NF_RF,2016__HAN__LN_NF_RF,220,0.6529911123743024,0.7150786361100624,0.22472037228591427,0.03385359368588459,0.19086677860002968,19.183309606505492,0.001,0.24653600368273457,0.22472037228591427,0.23410199522715044,0.0010112359550561798,2016,GGE,HN_NF_RF,HN,NF,RF,2016,HAN,LN_NF_RF,LN,NF,RF,TRUE,FALSE,FALSE,FALSE,TRUE,TRUE,1.2479651706844566,0.6327846624801751,-0.6151805082042815
2015__HAN__HN_NF_RF,2016__KIE__LN_NF_RF,215,0.46415937466038226,0.6317575889299428,0.15331047059763936,0.034077097890121914,0.11923337270751744,12.369185201872671,0.001,0.1419415582403191,0.15331047059763936,0.18686132006982764,0.0010112359550561798,2015,HAN,HN_NF_RF,HN,NF,RF,2016,KIE,LN_NF_RF,LN,NF,RF,FALSE,FALSE,FALSE,FALSE,TRUE,TRUE,0.06133064286404159,-0.560502885885574,-0.6218335287496155
2015__GGE__HN_NF_RF,2016__KAL__HN_NF_RF,220,0.6532409896865742,0.7053605540309811,0.2234081477241367,0.03288435952677218,0.1905237881973645,20.23407004776818,0.001,0.21245586613439735,0.2234081477241367,0.21917695550770838,0.0010112359550561798,2015,GGE,HN_NF_RF,HN,NF,RF,2016,KAL,HN_NF_RF,HN,NF,RF,FALSE,FALSE,TRUE,TRUE,TRUE,TRUE,1.2495354207390839,0.6270710408589522,-0.6224643798801317
2015__KAL__HN_NF_RF,2016__HAN__LN_NF_RF,220,0.5965216121156934,0.695963665665519,0.20212286432466695,0.0331017012493278,0.16902116307533915,16.97974074558993,0.001,0.2132997452730193,0.20212286432466695,0.2078391099205898,0.0010112359550561798,2015,KAL,HN_NF_RF,HN,NF,RF,2016,HAN,LN_NF_RF,LN,NF,RF,FALSE,FALSE,FALSE,FALSE,TRUE,TRUE,0.8931060797982239,0.2688748264587725,-0.6242312533394514
2016__HAN__LN_NF_RF,2016__KAL__LN_NF_RF,220,0.75831466629843,0.7831164806184951,0.26264445973630396,0.033220308730189746,0.2294241510061142,24.173653453607184,0.001,0.2904758067689815,0.26264445973630396,0.2761499138202428,0.0010112359550561798,2016,HAN,LN_NF_RF,LN,NF,RF,2016,KAL,LN_NF_RF,LN,NF,RF,TRUE,FALSE,TRUE,TRUE,TRUE,TRUE,1.9098272453134082,1.27508320764388,-0.6347440376695281
2015__KIE__HN_NF_RF,2016__HAN__LN_NF_RF,220,0.5845224927417308,0.6850081425423892,0.1970548463379609,0.03341276926525243,0.16364207707270845,18.227276759372522,0.001,0.19552926203779908,0.1970548463379609,0.22275881355835606,0.0010112359550561798,2015,KIE,HN_NF_RF,HN,NF,RF,2016,HAN,LN_NF_RF,LN,NF,RF,FALSE,FALSE,FALSE,FALSE,TRUE,TRUE,0.8177026040638942,0.17926863967269002,-0.6384339643912041
2015__GGE__LN_NF_RF,2016__GGE__HN_NF_RF,220,0.5407159750539845,0.6508308774223359,0.17976151429926632,0.03347333986521586,0.14628817443405046,15.28883997777586,0.001,0.18572471808967633,0.17976151429926632,0.19800437983970412,0.0010112359550561798,2015,GGE,LN_NF_RF,LN,NF,RF,2016,GGE,HN_NF_RF,HN,NF,RF,FALSE,TRUE,FALSE,FALSE,TRUE,TRUE,0.542418761097789,-0.10981709729946058,-0.6522358583972495
2015__GGE__HN_WF_RF,2017__KAL__LN_NF_RF,220,0.4908096094309906,0.6637913255157414,0.1605218314161177,0.03312758336924969,0.127394248046868,13.02212454708177,0.001,0.2097424998557998,0.1605218314161177,0.1983067763944601,0.0010112359550561798,2015,GGE,HN_WF_RF,HN,WF,RF,2017,KAL,LN_NF_RF,LN,NF,RF,FALSE,FALSE,FALSE,FALSE,FALSE,TRUE,0.22880296047430743,-0.4245569427201093,-0.6533599031944167
2016__KAL__HN_NF_RF,2017__HAN__HN_NF_RF,220,0.6809965584183623,0.7467494632683996,0.23199726699466894,0.03301058182721708,0.19898668516745185,21.063564094009813,0.001,0.2730933581164313,0.23199726699466894,0.2420358874746788,0.0010112359550561798,2016,KAL,HN_NF_RF,HN,NF,RF,2017,HAN,HN_NF_RF,HN,NF,RF,FALSE,FALSE,TRUE,TRUE,TRUE,TRUE,1.4239537499625856,0.7680481373921082,-0.6559056125704774
2015__KIE__HN_NF_RF,2016__GGE__HN_NF_RF,220,0.46223653646182733,0.5990397998456017,0.14971554030776987,0.03326031233602012,0.11645522797174976,12.357125909431405,0.001,0.1340704822409793,0.14971554030776987,0.16989449691888173,0.0010112359550561798,2015,KIE,HN_NF_RF,HN,NF,RF,2016,GGE,HN_NF_RF,HN,NF,RF,FALSE,FALSE,TRUE,TRUE,TRUE,TRUE,0.04924736583952958,-0.6067819295725914,-0.656029295412121
2015__KAL__LN_NF_RF,2016__GGE__HN_NF_RF,220,0.6188294189091338,0.6640122166310723,0.20883699866946695,0.03339985552241678,0.17543714314705017,18.627284269967454,0.001,0.18450274436824315,0.20883699866946695,0.1850992341377384,0.0010112359550561798,2015,KAL,LN_NF_RF,LN,NF,RF,2016,GGE,HN_NF_RF,HN,NF,RF,FALSE,FALSE,FALSE,FALSE,TRUE,TRUE,1.0332902146344292,0.3757538591495219,-0.6575363554849072
2016__HAN__HN_NF_RF,2017__HAN__LN_NF_RF,220,0.6101326155283633,0.7089184787814925,0.2047696963247069,0.0326923560723658,0.17207734025234112,18.221494623581204,0.001,0.2239736797680406,0.2047696963247069,0.21680963312951768,0.0010112359550561798,2016,HAN,HN_NF_RF,HN,NF,RF,2017,HAN,LN_NF_RF,LN,NF,RF,FALSE,TRUE,FALSE,FALSE,TRUE,TRUE,0.9786387704533548,0.319785405475332,-0.6588533649780228
2016__HAN__LN_NF_RF,2016__KIE__LN_NF_RF,215,0.559440273483712,0.69311864570504,0.18604660750604698,0.03379940125300867,0.1522472062530383,16.320415490240933,0.001,0.19238548349075704,0.18604660750604698,0.20092385582262157,0.0010112359550561798,2016,HAN,LN_NF_RF,LN,NF,RF,2016,KIE,LN_NF_RF,LN,NF,RF,TRUE,FALSE,TRUE,TRUE,TRUE,TRUE,0.6600838278652715,-0.010550025165776201,-0.6706338530310477
2015__KAL__LN_NF_RF,2017__HAN__HN_NF_RF,220,0.5258179170268276,0.6019530831779019,0.17270824523091655,0.033163798307633205,0.13954444692328333,14.828078427226359,0.001,0.15575186562240084,0.17270824523091655,0.17616615529315185,0.0010112359550561798,2015,KAL,LN_NF_RF,LN,NF,RF,2017,HAN,HN_NF_RF,HN,NF,RF,FALSE,FALSE,FALSE,FALSE,TRUE,TRUE,0.44879811095432903,-0.2221558304352967,-0.6709539413896257
2016__KAL__HN_NF_RF,2017__HAN__LN_NF_RF,220,0.4914325453690581,0.5766441455401972,0.15957269897829016,0.03314924089228428,0.12642345808600589,13.124015800717665,0.001,0.15717566246993026,0.15957269897829016,0.19615683759833058,0.0010112359550561798,2016,KAL,HN_NF_RF,HN,NF,RF,2017,HAN,LN_NF_RF,LN,NF,RF,FALSE,FALSE,FALSE,FALSE,TRUE,TRUE,0.23271754232204206,-0.4407286095275411,-0.6734461518495831
2015__KIE__HN_NF_RF,2016__HAN__HN_NF_RF,220,0.5717903573388471,0.7059916715033556,0.18998479666598317,0.03331829283874078,0.1566665038272424,16.36072968806569,0.001,0.2192574774779388,0.18998479666598317,0.19404677219908936,0.0010112359550561798,2015,KIE,HN_NF_RF,HN,NF,RF,2016,HAN,HN_NF_RF,HN,NF,RF,FALSE,FALSE,TRUE,TRUE,TRUE,TRUE,0.7376927939289275,0.063067761146572407,-0.6746250327823551
2016__HAN__HN_WF_RF,2016__KAL__HN_WF_RF,220,0.6432448310865886,0.7351774736142181,0.2166029106619809,0.033005211353907354,0.18359769930807354,20.114826532599995,0.001,0.22139112529723426,0.2166029106619809,0.23301441056679803,0.0010112359550561798,2016,HAN,HN_WF_RF,HN,WF,RF,2016,KAL,HN_WF_RF,HN,WF,RF,TRUE,FALSE,TRUE,TRUE,TRUE,TRUE,1.1867187190346147,0.5116944853609929,-0.6750242336736217
2015__GGE__LN_NF_RF,2016__KAL__HN_NF_RF,220,0.5007616232056962,0.604400917374326,0.16241818432597716,0.03290053757129597,0.1295176467546812,13.818509212312012,0.001,0.15732896194335322,0.16241818432597716,0.1526667829643479,0.0010112359550561798,2015,GGE,LN_NF_RF,LN,NF,RF,2016,KAL,HN_NF_RF,HN,NF,RF,FALSE,FALSE,FALSE,FALSE,TRUE,TRUE,0.2913422523824359,-0.3891848253863129,-0.6805270777687488
2015__HAN__LN_NF_RF,2016__HAN__LN_NF_RF,220,0.641732490932111,0.7256938065963047,0.2154896284964074,0.03280215847753476,0.18268747001887264,19.978165091745094,0.001,0.22334631687091497,0.2154896284964074,0.21141335989928836,0.0010112359550561798,2015,HAN,LN_NF_RF,LN,NF,RF,2016,HAN,LN_NF_RF,LN,NF,RF,FALSE,TRUE,TRUE,TRUE,TRUE,TRUE,1.17721504625779,0.49653165367055146,-0.6806833925872384
2016__HAN__LN_NF_RF,2017__KAL__LN_NF_RF,220,0.32435500279426843,0.47071896677053815,0.09453916924715018,0.03306597983308973,0.06147318941406045,6.480465485554206,0.001,0.0803791704258174,0.09453916924715018,0.12812835064159747,0.0010112359550561798,2016,HAN,LN_NF_RF,LN,NF,RF,2017,KAL,LN_NF_RF,LN,NF,RF,FALSE,FALSE,TRUE,TRUE,TRUE,TRUE,-0.8172117928779257,-1.5226867532676243,-0.7054749603896986
2015__HAN__HN_NF_RF,2017__HAN__LN_NF_RF,220,0.5272699528666301,0.6569932887418786,0.171311172425596,0.03336492344521772,0.13794624898037827,14.829572914261869,0.001,0.17952298079111298,0.171311172425596,0.19457902588498965,0.0010112359550561798,2015,HAN,HN_NF_RF,HN,NF,RF,2017,HAN,LN_NF_RF,LN,NF,RF,FALSE,TRUE,FALSE,FALSE,TRUE,TRUE,0.4579228263438196,-0.2487790194534766,-0.7067018457972962
2016__GGE__LN_NF_RF,2016__HAN__LN_NF_RF,220,0.6882921130107591,0.7381279477975691,0.23122015266618437,0.03294232848897972,0.19827782417720466,20.303658491589264,0.001,0.22931377653505047,0.23122015266618437,0.2271132645285362,0.0010112359550561798,2016,GGE,LN_NF_RF,LN,NF,RF,2016,HAN,LN_NF_RF,LN,NF,RF,TRUE,FALSE,TRUE,TRUE,TRUE,TRUE,1.469799628858497,0.7562397501927971,-0.7135598786656998
2015__KAL__HN_NF_RF,2016__GGE__LN_NF_RF,220,0.6803145610909227,0.7301645976907862,0.22822692372448686,0.033292931485711316,0.19493399223877556,20.926295583688468,0.001,0.21950813867968483,0.22822692372448686,0.2253343645509402,0.0010112359550561798,2015,KAL,HN_NF_RF,HN,NF,RF,2016,GGE,LN_NF_RF,LN,NF,RF,FALSE,FALSE,FALSE,FALSE,TRUE,TRUE,1.419668021374698,0.7005373447823594,-0.7191306765923385
2015__KAL__LN_NF_RF,2016__HAN__HN_NF_RF,220,0.6238037474095629,0.6910262984396748,0.20552646206668393,0.032297686987851015,0.17322877507883291,18.52311634269126,0.001,0.22420553042563576,0.20552646206668393,0.20837531227019093,0.0010112359550561798,2015,KAL,LN_NF_RF,LN,NF,RF,2016,HAN,HN_NF_RF,HN,NF,RF,FALSE,FALSE,FALSE,FALSE,TRUE,TRUE,1.064549313463848,0.3389663005352298,-0.7255830129286182
2017__KAL__HN_NF_RF,2017__KAL__LN_NF_RF,220,0.4557411489198491,0.6458732242777369,0.14301590524058838,0.03334068704874,0.10967521819184839,11.290997358164613,0.001,0.14945952584558592,0.14301590524058838,0.16647338795337774,0.0010112359550561798,2017,KAL,HN_NF_RF,HN,NF,RF,2017,KAL,LN_NF_RF,LN,NF,RF,TRUE,TRUE,FALSE,FALSE,TRUE,TRUE,0.008429804013333847,-0.7197250620029313,-0.7281548660162651
2016__GGE__LN_NF_RF,2017__HAN__HN_NF_RF,220,0.6744045138457219,0.7365997419180337,0.22495306651193714,0.033326732464508346,0.1916263340474288,20.3397802349295,0.001,0.23905811087761017,0.22495306651193714,0.23591582653500096,0.0010112359550561798,2016,GGE,LN_NF_RF,LN,NF,RF,2017,HAN,HN_NF_RF,HN,NF,RF,FALSE,FALSE,FALSE,FALSE,TRUE,TRUE,1.3825287872231273,0.645437530878402,-0.7370912563447253
2015__KAL__HN_NF_RF,2017__KAL__HN_NF_RF,220,0.6284591846038824,0.7135380332801767,0.20655343500319737,0.032631365766510906,0.17392206923668646,18.084023749539796,0.001,0.21841042181909573,0.20655343500319737,0.20919797401388962,0.0010112359550561798,2015,KAL,HN_NF_RF,HN,NF,RF,2017,KAL,HN_NF_RF,HN,NF,RF,FALSE,TRUE,TRUE,TRUE,TRUE,TRUE,1.093804472494626,0.35051537146957484,-0.7432891010250513
2015__KIE__HN_NF_RF,2016__KAL__HN_NF_RF,220,0.4665878107317099,0.5814102094521112,0.145566428442997,0.03292312291466934,0.11264330552832766,12.320396304223532,0.001,0.1371304382840768,0.145566428442997,0.16700745036304152,0.0010112359550561798,2015,KIE,HN_NF_RF,HN,NF,RF,2016,KAL,HN_NF_RF,HN,NF,RF,FALSE,FALSE,TRUE,TRUE,TRUE,TRUE,0.07659113946132262,-0.6702819060206888,-0.7468730454820114
2015__KIE__HN_NF_RF,2016__GGE__LN_NF_RF,220,0.5565600160265695,0.6734451688520987,0.1794164826584719,0.03307755577116343,0.14633892688730848,15.196448179926511,0.001,0.20385341311003208,0.1794164826584719,0.22174473565837208,0.0010112359550561798,2015,KIE,HN_NF_RF,HN,NF,RF,2016,GGE,LN_NF_RF,LN,NF,RF,FALSE,FALSE,FALSE,FALSE,TRUE,TRUE,0.6419840476639397,-0.10897164998661472,-0.7509556976505544
2015__KAL__HN_NF_RF,2016__KAL__HN_NF_RF,220,0.7025135514568318,0.7571967114271707,0.2341773040512365,0.03288841380078805,0.20128889025044844,21.113441012752237,0.001,0.27966631318554885,0.2341773040512365,0.2892095145280363,0.0010112359550561798,2015,KAL,HN_NF_RF,HN,NF,RF,2016,KAL,HN_NF_RF,HN,NF,RF,FALSE,TRUE,TRUE,TRUE,TRUE,TRUE,1.559168344624642,0.8063988569355345,-0.7527694876891076
2015__HAN__HN_NF_RF,2016__HAN__LN_NF_RF,220,0.6266162203419197,0.7216309878678936,0.20507904827941192,0.033206907681503875,0.17187214059790806,17.65344870858327,0.001,0.23773925791351894,0.20507904827941192,0.22455258548339163,0.0010112359550561798,2015,HAN,HN_NF_RF,HN,NF,RF,2016,HAN,LN_NF_RF,LN,NF,RF,FALSE,TRUE,FALSE,FALSE,TRUE,TRUE,1.0822231300081357,0.3163671372872839,-0.7658559927208519
2016__HAN__LN_NF_RF,2017__HAN__HN_NF_RF,220,0.6545401161443252,0.7229123817359112,0.21499617802654966,0.03332839190473789,0.18166778612181178,19.063446751766385,0.001,0.24190976402970837,0.21499617802654966,0.2205026737539746,0.0010112359550561798,2016,HAN,LN_NF_RF,LN,NF,RF,2017,HAN,HN_NF_RF,HN,NF,RF,FALSE,TRUE,FALSE,FALSE,TRUE,TRUE,1.2576992407061907,0.4795454992015375,-0.7781537415046531
2015__KAL__HN_NF_RF,2017__HAN__HN_NF_RF,220,0.607177606975393,0.6940996151310413,0.19733673574716243,0.03377606444032695,0.1635606713068355,17.153961985651083,0.001,0.21070349093844454,0.19733673574716243,0.21399622263831203,0.0010112359550561798,2015,KAL,HN_NF_RF,HN,NF,RF,2017,HAN,HN_NF_RF,HN,NF,RF,FALSE,FALSE,TRUE,TRUE,TRUE,TRUE,0.9600692480763933,0.1779125616589329,-0.7821566864174604
2015__KAL__LN_NF_RF,2016__HAN__LN_NF_RF,220,0.6280447172621493,0.708999622456512,0.20409658524601365,0.03336605881580645,0.1707305264302072,18.27856699868548,0.001,0.20490993796699125,0.20409658524601365,0.21201089945296972,0.0010112359550561798,2015,KAL,LN_NF_RF,LN,NF,RF,2016,HAN,LN_NF_RF,LN,NF,RF,FALSE,FALSE,TRUE,TRUE,TRUE,TRUE,1.0911999248464994,0.2973498372666832,-0.7938500875798162
2016__KAL__HN_NF_RF,2017__KAL__HN_NF_RF,220,0.6016202861632204,0.673543217459414,0.19315876640752935,0.03287683188130281,0.16028193452622655,16.476838474907986,0.001,0.18544782569118234,0.19315876640752935,0.2229549712138218,0.0010112359550561798,2016,KAL,HN_NF_RF,HN,NF,RF,2017,KAL,HN_NF_RF,HN,NF,RF,FALSE,TRUE,TRUE,TRUE,TRUE,TRUE,0.9251465765078579,0.12329452799262611,-0.8018520485152318
2016__HAN__LN_NF_RF,2016__KAL__HN_NF_RF,220,0.6092990093772503,0.6735240585361456,0.19490113089825,0.03257496900151768,0.16232616189673232,17.23359381209226,0.001,0.21266150853058768,0.19490113089825,0.25296929867479634,0.0010112359550561798,2016,HAN,LN_NF_RF,LN,NF,RF,2016,KAL,HN_NF_RF,HN,NF,RF,TRUE,FALSE,FALSE,FALSE,TRUE,TRUE,0.9734003192613591,0.1573477889936918,-0.8160525302676672
2016__HAN__HN_NF_RF,2016__KIE__LN_NF_RF,215,0.5399856402988416,0.6767272815088509,0.16956399956838014,0.033813135840684,0.13575086372769612,14.523063844192912,0.001,0.1915908056208401,0.16956399956838014,0.19899414408481522,0.0010112359550561798,2016,HAN,HN_NF_RF,HN,NF,RF,2016,KIE,LN_NF_RF,LN,NF,RF,TRUE,FALSE,FALSE,FALSE,TRUE,TRUE,0.5378292760471729,-0.28535030701479075,-0.8231795830619637
2016__QLB__HN_NF_RF,2017__HAN__HN_WF_RF,220,0.3864163642173765,0.5860320179417682,0.11095566676347987,0.03322474613968225,0.07773092062379762,8.137080606755047,0.001,0.11525476646297525,0.11095566676347987,0.1402886692457988,0.0010112359550561798,2016,QLB,HN_NF_RF,HN,NF,RF,2017,HAN,HN_WF_RF,HN,WF,RF,FALSE,FALSE,FALSE,TRUE,FALSE,TRUE,-0.4272129759429632,-1.251861319581461,-0.8246483436384977
2015__HAN__LN_NF_RF,2016__GGE__LN_NF_RF,220,0.668959081223911,0.7474425654925252,0.21774501734714416,0.03343395760460227,0.1843110597425419,19.690110247171145,0.001,0.2118158223208776,0.21774501734714416,0.22801757993190894,0.0010112359550561798,2015,HAN,LN_NF_RF,LN,NF,RF,2016,GGE,LN_NF_RF,LN,NF,RF,FALSE,FALSE,TRUE,TRUE,TRUE,TRUE,1.3483092304569342,0.5235778254499058,-0.8247314050070284
2015__KIE__LN_NF_RF,2016__KAL__LN_NF_RF,220,0.5390147502912175,0.637292280644416,0.16739955798964015,0.03317164827749353,0.13422790971214663,14.328828585869886,0.001,0.17947074193418228,0.16739955798964015,0.20268886589444488,0.0010112359550561798,2015,KIE,LN_NF_RF,LN,NF,RF,2016,KAL,LN_NF_RF,LN,NF,RF,FALSE,FALSE,TRUE,TRUE,TRUE,TRUE,0.5317281215499985,-0.31072006349706344,-0.842448185047062
2015__HAN__LN_NF_RF,2017__HAN__LN_NF_RF,220,0.6340996025328325,0.7374134326592022,0.20280868037620686,0.03318576172002918,0.16962291865617768,17.72379975494807,0.001,0.2447167139631313,0.20280868037620686,0.224299277168143,0.0010112359550561798,2015,HAN,LN_NF_RF,LN,NF,RF,2017,HAN,LN_NF_RF,LN,NF,RF,FALSE,TRUE,TRUE,TRUE,TRUE,TRUE,1.1292493333366609,0.27889902442657105,-0.8503503089100899
2016__HAN__LN_NF_RF,2017__HAN__LN_NF_RF,220,0.6690533308680398,0.74382040199929,0.21556693109094033,0.032973360883172584,0.18259357020776773,19.476922076676043,0.001,0.23722367225771532,0.21556693109094033,0.243383001104254,0.0010112359550561798,2016,HAN,LN_NF_RF,LN,NF,RF,2017,HAN,LN_NF_RF,LN,NF,RF,FALSE,TRUE,TRUE,TRUE,TRUE,TRUE,1.3489015031506664,0.49496744666420694,-0.8539340564864595
2016__GGE__HN_NF_RF,2017__HAN__LN_NF_RF,220,0.504176780870169,0.6153778534116972,0.15302606128463184,0.03346282398094611,0.11956323730368573,12.30522582951522,0.001,0.16070437102413557,0.15302606128463184,0.19598415982157205,0.0010112359550561798,2016,GGE,HN_NF_RF,HN,NF,RF,2017,HAN,LN_NF_RF,LN,NF,RF,FALSE,FALSE,FALSE,FALSE,TRUE,TRUE,0.3128033904923527,-0.5550079172972456,-0.8678113077895984
2015__KAL__HN_NF_RF,2017__HAN__LN_NF_RF,220,0.5302900015077721,0.650613367293464,0.15941596888975165,0.03310500774832932,0.12631096114142232,13.385282510366387,0.001,0.17165223237143862,0.15941596888975165,0.18601133207123252,0.0010112359550561798,2015,KAL,HN_NF_RF,HN,NF,RF,2017,HAN,LN_NF_RF,LN,NF,RF,FALSE,FALSE,FALSE,FALSE,TRUE,TRUE,0.47690106610722954,-0.44260261232732695,-0.9195036784345565
2016__GGE__LN_NF_RF,2017__KAL__LN_NF_RF,220,0.34508399110509086,0.5224401706271167,0.08969932683088139,0.03357196447656917,0.05612736235431222,6.02631457146484,0.001,0.08832810911792965,0.08969932683088139,0.11760664481723501,0.0010112359550561798,2016,GGE,LN_NF_RF,LN,NF,RF,2017,KAL,LN_NF_RF,LN,NF,RF,FALSE,FALSE,TRUE,TRUE,TRUE,TRUE,-0.6869490862259686,-1.6117389040991268,-0.9247898178731582
2015__HAN__LN_NF_RF,2016__KAL__HN_NF_RF,220,0.6489080065354086,0.720908583761122,0.2038366402173545,0.03314701259816691,0.1706896276191876,17.766166564863006,0.001,0.20942588810744017,0.2038366402173545,0.22068219033165803,0.0010112359550561798,2015,HAN,LN_NF_RF,LN,NF,RF,2016,KAL,HN_NF_RF,HN,NF,RF,FALSE,FALSE,FALSE,FALSE,TRUE,TRUE,1.2223065900462964,0.2966685344398166,-0.9256380556064798
2016__KAL__LN_NF_RF,2016__KIE__LN_NF_RF,215,0.5759662006791327,0.6994952788041248,0.17646304295351467,0.034136394582594286,0.14232664837092038,14.84069483642478,0.001,0.19707689664061104,0.17646304295351467,0.19414694955491535,0.0010112359550561798,2016,KAL,LN_NF_RF,LN,NF,RF,2016,KIE,LN_NF_RF,LN,NF,RF,TRUE,FALSE,TRUE,TRUE,TRUE,TRUE,0.7639341448286318,-0.1758092090071302,-0.939743353835762
2016__KAL__LN_NF_RF,2017__HAN__LN_NF_RF,220,0.6458607585270675,0.7031313569589154,0.19961964360092707,0.03329630035863228,0.1663233432422948,17.60845816293501,0.001,0.21894873627010056,0.19961964360092707,0.22081817223086805,0.0010112359550561798,2016,KAL,LN_NF_RF,LN,NF,RF,2017,HAN,LN_NF_RF,LN,NF,RF,FALSE,FALSE,TRUE,TRUE,TRUE,TRUE,1.2031574271708918,0.22393385549144773,-0.9792235716794441
2016__HAN__HN_WF_RF,2017__GGE__HN_NF_RF,220,0.5091929301075796,0.6312346799051071,0.14712298182897576,0.03295273016832578,0.11417025166064998,12.333216840436558,0.001,0.1870447165041017,0.14712298182897576,0.19773637983805006,0.0010112359550561798,2016,HAN,HN_WF_RF,HN,WF,RF,2017,GGE,HN_NF_RF,HN,NF,RF,FALSE,FALSE,FALSE,TRUE,FALSE,TRUE,0.3443252943516986,-0.644845647838863,-0.9891709421905617
2016__GGE__LN_NF_RF,2016__KAL__HN_NF_RF,220,0.5834755042442713,0.6153451705425921,0.17257536818696162,0.03341255544694478,0.13916281274001685,14.443604921561308,0.001,0.16072901838806294,0.17257536818696162,0.20792659117045084,0.0010112359550561798,2016,GGE,LN_NF_RF,LN,NF,RF,2016,KAL,HN_NF_RF,HN,NF,RF,TRUE,FALSE,FALSE,FALSE,TRUE,TRUE,0.811123240253778,-0.22851319001144133,-1.0396364302652192
2015__KAL__LN_NF_RF,2016__KAL__HN_NF_RF,220,0.5600739044141257,0.6074111223184552,0.1632362770927434,0.03370329675862372,0.1295329803341197,13.46720761720783,0.001,0.1541548242779327,0.1632362770927434,0.17337153114597834,0.0010112359550561798,2015,KAL,LN_NF_RF,LN,NF,RF,2016,KAL,HN_NF_RF,HN,NF,RF,FALSE,TRUE,FALSE,FALSE,TRUE,TRUE,0.6640656179447713,-0.38892939470857435,-1.0529950126533456
2016__KAL__LN_NF_RF,2017__HAN__HN_NF_RF,220,0.6343292122905837,0.6952807064007709,0.18161582764525622,0.033060574545253255,0.14855525310000295,14.973259716598543,0.001,0.1942845393004268,0.18161582764525622,0.19059120348841577,0.0010112359550561798,2016,KAL,LN_NF_RF,LN,NF,RF,2017,HAN,HN_NF_RF,HN,NF,RF,FALSE,FALSE,FALSE,FALSE,TRUE,TRUE,1.1306922203733984,-0.07205152257157343,-1.2027437429449719
