BRISONr,Condition,tem_yield,peso_disponivel,n_traits_disponiveis,MI_Index_Local
BRISONr_1,2015__GGE__HN_NF_RF,TRUE,1,4,0.3191874124275605
BRISONr_1,2015__GGE__HN_WF_RF,TRUE,1,4,0.013474748032168141
BRISONr_1,2015__GGE__LN_NF_RF,TRUE,1,4,0.507488846973099
BRISONr_1,2015__HAN__HN_NF_RF,TRUE,1,4,0.21816891856437937
BRISONr_1,2015__HAN__HN_WF_RF,TRUE,1,4,0.21795118042539413
BRISONr_1,2015__HAN__LN_NF_RF,TRUE,1,4,0.4590848590357684
BRISONr_1,2015__KAL__HN_NF_RF,TRUE,0.9232988434688713,3,0.10051271659480186
BRISONr_1,2015__KAL__HN_WF_RF,TRUE,0.9232988434688713,3,0.17186266771253256
BRISONr_1,2015__KAL__LN_NF_RF,TRUE,0.9232988434688713,3,0.3849367022603292
BRISONr_1,2015__KIE__HN_NF_RF,TRUE,1,4,-0.3506419651199025
BRISONr_1,2015__KIE__HN_WF_RF,TRUE,1,4,0.06682761126392756
BRISONr_1,2015__KIE__LN_NF_RF,TRUE,1,4,-0.009996171973671912
BRISONr_1,2015__QLB__HN_NF_RF,TRUE,1,4,0.42156170883002164
BRISONr_1,2015__QLB__HN_WF_RF,TRUE,1,4,0.31379621139929975
BRISONr_1,2015__QLB__LN_NF_RF,TRUE,1,4,0.23311300484344905
BRISONr_1,2016__GGE__HN_NF_RF,TRUE,1,4,-0.19354772975658915
BRISONr_1,2016__GGE__HN_WF_RF,TRUE,1,4,0.10659367654383389
BRISONr_1,2016__GGE__LN_NF_RF,TRUE,1,4,-0.07712794884081448
BRISONr_1,2016__HAN__HN_NF_RF,TRUE,1,4,-0.15634622482598215
BRISONr_1,2016__HAN__HN_WF_RF,TRUE,1,4,-0.1016989044812062
BRISONr_1,2016__HAN__LN_NF_RF,TRUE,1,4,-0.2366224836147137
BRISONr_1,2016__KAL__HN_NF_RF,TRUE,1,4,0.45481343335403773
BRISONr_1,2016__KAL__HN_WF_RF,TRUE,1,4,0.03153012156156317
BRISONr_1,2016__KAL__LN_NF_RF,TRUE,1,4,0.16748374451888104
BRISONr_1,2016__KIE__HN_NF_RF,TRUE,1,4,-0.5467954427631793
BRISONr_1,2016__KIE__HN_WF_RF,TRUE,1,4,0.02685909349420454
BRISONr_1,2016__KIE__LN_NF_RF,TRUE,1,4,-0.30734011568523717
BRISONr_1,2016__QLB__HN_NF_RF,TRUE,1,4,0.35670535958490873
BRISONr_1,2016__QLB__HN_WF_RF,TRUE,1,4,0.4607497354159408
BRISONr_1,2016__QLB__LN_NF_RF,TRUE,1,4,-0.0989539933040853
BRISONr_1,2017__GGE__HN_NF_RF,TRUE,1,4,0.30965199235737145
BRISONr_1,2017__GGE__HN_WF_RF,TRUE,1,4,-0.04585756672678973
BRISONr_1,2017__GGE__LN_NF_RF,TRUE,1,4,-0.429028325710719
BRISONr_1,2017__HAN__HN_NF_RF,TRUE,1,4,-0.2142401887854819
BRISONr_1,2017__HAN__HN_WF_RF,TRUE,1,4,0.020490079802013592
BRISONr_1,2017__HAN__LN_NF_RF,TRUE,1,4,0.10354643541067768
BRISONr_1,2017__KAL__HN_NF_RF,TRUE,1,4,0.2516651523005865
BRISONr_1,2017__KAL__HN_WF_RF,TRUE,1,4,-0.017584259520946572
BRISONr_1,2017__KAL__LN_NF_RF,TRUE,1,4,0.12299646664308349
BRISONr_1,2017__KIE__HN_NF_RF,TRUE,1,4,0.08255365010168125
BRISONr_1,2017__KIE__HN_WF_RF,TRUE,1,4,0.11700581868291664
BRISONr_1,2017__KIE__LN_NF_RF,TRUE,1,4,-0.39180645180972484
BRISONr_1,2017__QLB__HN_NF_RF,TRUE,1,4,0.24377679589238155
BRISONr_1,2017__QLB__HN_WF_RF,TRUE,1,4,-0.1781486399566998
BRISONr_1,2017__QLB__LN_NF_RF,TRUE,1,4,-0.41876132897522883
BRISONr_10,2015__GGE__HN_NF_RF,TRUE,1,4,0.672061537641413
BRISONr_10,2015__GGE__HN_WF_RF,TRUE,1,4,0.09009965384208017
BRISONr_10,2015__GGE__LN_NF_RF,TRUE,1,4,0.3440818553998246
BRISONr_10,2015__HAN__HN_NF_RF,TRUE,1,4,0.4750453036908573
BRISONr_10,2015__HAN__HN_WF_RF,TRUE,1,4,0.39276394495102696
BRISONr_10,2015__HAN__LN_NF_RF,TRUE,1,4,0.3197597414137668
BRISONr_10,2015__KAL__HN_NF_RF,TRUE,0.9232988434688713,3,1.1693975027816468
BRISONr_10,2015__KAL__HN_WF_RF,TRUE,0.9232988434688713,3,0.07001869372599961
BRISONr_10,2015__KAL__LN_NF_RF,TRUE,0.9232988434688713,3,0.1843816926478429
BRISONr_10,2015__KIE__HN_NF_RF,TRUE,1,4,0.3147207677503764
BRISONr_10,2015__KIE__HN_WF_RF,TRUE,1,4,-0.04855434197459795
BRISONr_10,2015__KIE__LN_NF_RF,TRUE,1,4,-0.2071789035551
BRISONr_10,2015__QLB__HN_NF_RF,TRUE,1,4,0.24385459996061404
BRISONr_10,2015__QLB__HN_WF_RF,TRUE,1,4,-0.1309674304240878
BRISONr_10,2015__QLB__LN_NF_RF,TRUE,1,4,0.45144337404627016
BRISONr_10,2016__GGE__HN_NF_RF,TRUE,1,4,0.2527049707226734
BRISONr_10,2016__GGE__HN_WF_RF,TRUE,1,4,-0.09564572415117846
BRISONr_10,2016__GGE__LN_NF_RF,TRUE,1,4,0.1698325901097163
BRISONr_10,2016__HAN__HN_NF_RF,TRUE,1,4,0.610732395481532
BRISONr_10,2016__HAN__HN_WF_RF,TRUE,1,4,0.49075652794259017
BRISONr_10,2016__HAN__LN_NF_RF,TRUE,1,4,0.42416009332723337
BRISONr_10,2016__KAL__HN_NF_RF,TRUE,1,4,0.40641333875111474
BRISONr_10,2016__KAL__HN_WF_RF,TRUE,1,4,-0.17914568529798985
BRISONr_10,2016__KAL__LN_NF_RF,TRUE,1,4,0.014695206640842413
BRISONr_10,2016__KIE__HN_NF_RF,TRUE,1,4,0.3939421197122803
BRISONr_10,2016__KIE__HN_WF_RF,TRUE,1,4,0.35334229089113073
BRISONr_10,2016__KIE__LN_NF_RF,TRUE,1,4,0.8985687353686009
BRISONr_10,2016__QLB__HN_NF_RF,TRUE,1,4,0.7535350023327426
BRISONr_10,2016__QLB__HN_WF_RF,TRUE,1,4,0.0566664849432818
BRISONr_10,2016__QLB__LN_NF_RF,TRUE,1,4,0.9192250560575161
BRISONr_10,2017__GGE__HN_NF_RF,TRUE,1,4,-0.99581662286336
BRISONr_10,2017__GGE__HN_WF_RF,TRUE,1,4,-0.16114140082419587
BRISONr_10,2017__GGE__LN_NF_RF,TRUE,1,4,-0.56679398152857
BRISONr_10,2017__HAN__HN_NF_RF,TRUE,1,4,0.17605547746195105
BRISONr_10,2017__HAN__HN_WF_RF,TRUE,1,4,0.1900545560190582
BRISONr_10,2017__HAN__LN_NF_RF,TRUE,1,4,-0.18362240346792613
BRISONr_10,2017__KAL__HN_NF_RF,TRUE,1,4,0.11147588711324803
BRISONr_10,2017__KAL__HN_WF_RF,TRUE,1,4,-0.22473119851932782
BRISONr_10,2017__KAL__LN_NF_RF,TRUE,1,4,-0.002908289680632517
BRISONr_10,2017__KIE__HN_NF_RF,TRUE,1,4,0.21432439884826038
BRISONr_10,2017__KIE__HN_WF_RF,TRUE,1,4,0.46271175443485574
BRISONr_10,2017__KIE__LN_NF_RF,TRUE,1,4,0.23664188690154025
BRISONr_10,2017__QLB__HN_NF_RF,TRUE,1,4,0.31880755740829386
BRISONr_10,2017__QLB__HN_WF_RF,TRUE,1,4,0.4670203406012342
BRISONr_10,2017__QLB__LN_NF_RF,TRUE,1,4,0.365274304911424
BRISONr_100,2015__GGE__HN_NF_RF,TRUE,1,4,-0.5849354994139179
BRISONr_100,2015__GGE__HN_WF_RF,TRUE,1,4,0.08256653916560537
BRISONr_100,2015__GGE__LN_NF_RF,TRUE,1,4,0.08041154594013218
BRISONr_100,2015__HAN__HN_NF_RF,TRUE,1,4,0.03131809664426868
BRISONr_100,2015__HAN__HN_WF_RF,TRUE,1,4,0.3181939872300002
BRISONr_100,2015__HAN__LN_NF_RF,TRUE,1,4,0.06812945410497259
BRISONr_100,2015__KAL__HN_NF_RF,TRUE,0.9232988434688713,3,0.09758086363466158
BRISONr_100,2015__KAL__HN_WF_RF,TRUE,0.9232988434688713,3,0.35185599354683583
BRISONr_100,2015__KAL__LN_NF_RF,TRUE,0.9232988434688713,3,0.4579532821229832
BRISONr_100,2015__KIE__HN_NF_RF,TRUE,1,4,0.642358192091646
BRISONr_100,2015__KIE__HN_WF_RF,TRUE,1,4,0.09541385712880324
BRISONr_100,2015__KIE__LN_NF_RF,TRUE,1,4,0.2122592537050329
BRISONr_100,2015__QLB__HN_NF_RF,TRUE,1,4,0.12071996591446219
BRISONr_100,2015__QLB__HN_WF_RF,TRUE,1,4,0.4176957048940151
BRISONr_100,2015__QLB__LN_NF_RF,TRUE,1,4,0.07180699138898819
BRISONr_100,2016__GGE__HN_NF_RF,TRUE,1,4,-0.15859664106688295
BRISONr_100,2016__GGE__HN_WF_RF,TRUE,1,4,0.08728761497831887
BRISONr_100,2016__GGE__LN_NF_RF,TRUE,1,4,-0.045433028049487886
BRISONr_100,2016__HAN__HN_NF_RF,TRUE,1,4,0.02076326741166022
BRISONr_100,2016__HAN__HN_WF_RF,TRUE,1,4,0.371151423126891
BRISONr_100,2016__HAN__LN_NF_RF,TRUE,1,4,-0.1039292806027076
BRISONr_100,2016__KAL__HN_NF_RF,TRUE,1,4,-0.15567140166618834
BRISONr_100,2016__KAL__HN_WF_RF,TRUE,1,4,0.1312203106334438
BRISONr_100,2016__KAL__LN_NF_RF,TRUE,1,4,-0.0010941252856476145
BRISONr_100,2016__KIE__HN_NF_RF,TRUE,1,4,0.3850031292091437
BRISONr_100,2016__KIE__HN_WF_RF,TRUE,1,4,0.3537340924828882
BRISONr_100,2016__KIE__LN_NF_RF,TRUE,1,4,0.3923542002453162
BRISONr_100,2016__QLB__HN_NF_RF,TRUE,1,4,0.54269200271943
BRISONr_100,2016__QLB__HN_WF_RF,TRUE,1,4,0.500639029184162
BRISONr_100,2016__QLB__LN_NF_RF,TRUE,1,4,0.08949888229285474
BRISONr_100,2017__GGE__HN_NF_RF,TRUE,1,4,0.5248972123040525
BRISONr_100,2017__GGE__HN_WF_RF,TRUE,1,4,0.23621746225260098
BRISONr_100,2017__GGE__LN_NF_RF,TRUE,1,4,0.41009018340393
BRISONr_100,2017__HAN__HN_NF_RF,TRUE,1,4,0.0027240938101768166
BRISONr_100,2017__HAN__HN_WF_RF,TRUE,1,4,0.435385516519987
BRISONr_100,2017__HAN__LN_NF_RF,TRUE,1,4,0.14332425871768942
BRISONr_100,2017__KAL__HN_NF_RF,TRUE,1,4,0.21219155855299393
BRISONr_100,2017__KAL__HN_WF_RF,TRUE,1,4,0.3886598851893479
BRISONr_100,2017__KAL__LN_NF_RF,TRUE,1,4,-0.15265370032850908
BRISONr_100,2017__KIE__HN_NF_RF,TRUE,1,4,0.09697064535387967
BRISONr_100,2017__KIE__HN_WF_RF,TRUE,1,4,0.40929248770956145
BRISONr_100,2017__KIE__LN_NF_RF,TRUE,1,4,0.5575133633847343
BRISONr_100,2017__QLB__HN_NF_RF,TRUE,1,4,0.464657354407939
BRISONr_100,2017__QLB__HN_WF_RF,TRUE,1,4,0.5661406797282041
BRISONr_100,2017__QLB__LN_NF_RF,TRUE,1,4,0.4361964828884752
BRISONr_101,2015__GGE__HN_NF_RF,TRUE,1,4,0.6244474723666082
BRISONr_101,2015__GGE__HN_WF_RF,TRUE,1,4,0.16894186529457803
BRISONr_101,2015__GGE__LN_NF_RF,TRUE,1,4,0.13559264862660186
BRISONr_101,2015__HAN__HN_NF_RF,TRUE,1,4,0.569208290723066
BRISONr_101,2015__HAN__HN_WF_RF,TRUE,1,4,0.07810853124461442
BRISONr_101,2015__HAN__LN_NF_RF,TRUE,1,4,0.26701971887610854
BRISONr_101,2015__KAL__HN_NF_RF,TRUE,0.9232988434688713,3,-0.09010210970279627
BRISONr_101,2015__KAL__HN_WF_RF,TRUE,0.9232988434688713,3,-0.9709911151134324
BRISONr_101,2015__KAL__LN_NF_RF,TRUE,0.9232988434688713,3,-0.4755696589751208
BRISONr_101,2015__KIE__HN_NF_RF,TRUE,1,4,0.08729915551633366
BRISONr_101,2015__KIE__HN_WF_RF,TRUE,1,4,-0.35597706176638055
BRISONr_101,2015__KIE__LN_NF_RF,TRUE,1,4,-0.23489104938648847
BRISONr_101,2015__QLB__HN_NF_RF,TRUE,1,4,0.6836714520988351
BRISONr_101,2015__QLB__HN_WF_RF,TRUE,1,4,0.34979485959016365
BRISONr_101,2015__QLB__LN_NF_RF,TRUE,1,4,1.236519858185388
BRISONr_101,2016__GGE__HN_NF_RF,TRUE,1,4,0.3348196077921288
BRISONr_101,2016__GGE__HN_WF_RF,TRUE,1,4,0.45815802437788844
BRISONr_101,2016__GGE__LN_NF_RF,TRUE,1,4,-0.1419714601323966
BRISONr_101,2016__HAN__HN_NF_RF,TRUE,1,4,-0.08125919259276243
BRISONr_101,2016__HAN__HN_WF_RF,TRUE,1,4,0.02600154034044265
BRISONr_101,2016__HAN__LN_NF_RF,TRUE,1,4,0.029847664430093096
BRISONr_101,2016__KAL__HN_NF_RF,TRUE,1,4,0.2440727446226508
BRISONr_101,2016__KAL__HN_WF_RF,TRUE,1,4,0.1292164530384511
BRISONr_101,2016__KAL__LN_NF_RF,TRUE,1,4,-0.11709175426840773
BRISONr_101,2016__KIE__HN_NF_RF,TRUE,1,4,0.5569316171886914
BRISONr_101,2016__KIE__HN_WF_RF,TRUE,1,4,0.29174056321210934
BRISONr_101,2016__KIE__LN_NF_RF,TRUE,1,4,-0.09234666546321338
BRISONr_101,2016__QLB__HN_NF_RF,TRUE,1,4,1.2334461173525884
BRISONr_101,2016__QLB__HN_WF_RF,TRUE,1,4,0.15671414246660856
BRISONr_101,2016__QLB__LN_NF_RF,TRUE,1,4,0.7820517906418148
BRISONr_101,2017__GGE__HN_NF_RF,TRUE,1,4,0.08264411488942396
BRISONr_101,2017__GGE__HN_WF_RF,TRUE,1,4,0.178546005603427
BRISONr_101,2017__GGE__LN_NF_RF,TRUE,1,4,-0.08435834772591895
BRISONr_101,2017__HAN__HN_NF_RF,TRUE,1,4,0.11198983250530768
BRISONr_101,2017__HAN__HN_WF_RF,TRUE,1,4,-0.38427175398846175
BRISONr_101,2017__HAN__LN_NF_RF,TRUE,1,4,0.1672774542917378
BRISONr_101,2017__KAL__HN_NF_RF,TRUE,1,4,-0.15358805661184077
BRISONr_101,2017__KAL__HN_WF_RF,TRUE,1,4,0.0034505219886522146
BRISONr_101,2017__KAL__LN_NF_RF,TRUE,1,4,-0.08424595138546855
BRISONr_101,2017__KIE__HN_NF_RF,TRUE,1,4,0.3506408367323037
BRISONr_101,2017__KIE__HN_WF_RF,TRUE,1,4,0.07584798823267108
BRISONr_101,2017__KIE__LN_NF_RF,TRUE,1,4,-0.0034339183038906975
BRISONr_101,2017__QLB__HN_NF_RF,TRUE,1,4,0.7665880421115906
BRISONr_101,2017__QLB__HN_WF_RF,TRUE,1,4,0.4613484599285289
BRISONr_101,2017__QLB__LN_NF_RF,TRUE,1,4,0.48400453664024046
BRISONr_102,2015__GGE__HN_NF_RF,TRUE,1,4,-0.07568759026998813
BRISONr_102,2015__GGE__HN_WF_RF,TRUE,1,4,-0.05136625585293007
BRISONr_102,2015__GGE__LN_NF_RF,TRUE,1,4,0.24172877774211546
BRISONr_102,2015__HAN__HN_NF_RF,TRUE,1,4,0.16802144395343432
BRISONr_102,2015__HAN__HN_WF_RF,TRUE,1,4,-0.17900754392980772
BRISONr_102,2015__HAN__LN_NF_RF,TRUE,1,4,-0.021788779082923215
BRISONr_102,2015__KAL__HN_NF_RF,TRUE,0.9232988434688713,3,-0.5130098925021822
BRISONr_102,2015__KAL__HN_WF_RF,TRUE,0.9232988434688713,3,-0.19723791428436172
BRISONr_102,2015__KAL__LN_NF_RF,TRUE,0.9232988434688713,3,-0.6601454165639853
BRISONr_102,2015__KIE__HN_NF_RF,TRUE,1,4,0.04290332963796138
BRISONr_102,2015__KIE__HN_WF_RF,TRUE,1,4,-0.03776028469610446
BRISONr_102,2015__KIE__LN_NF_RF,TRUE,1,4,-0.07160978276392055
BRISONr_102,2015__QLB__HN_NF_RF,TRUE,1,4,-0.47513252960762953
BRISONr_102,2015__QLB__HN_WF_RF,TRUE,1,4,-0.14762130121190958
BRISONr_102,2015__QLB__LN_NF_RF,TRUE,1,4,-0.5260133809951195
BRISONr_102,2016__GGE__HN_NF_RF,TRUE,1,4,0.05787849652683084
BRISONr_102,2016__GGE__HN_WF_RF,TRUE,1,4,-0.14620001435982732
BRISONr_102,2016__GGE__LN_NF_RF,TRUE,1,4,0.35343111136004995
BRISONr_102,2016__HAN__HN_NF_RF,TRUE,1,4,-0.13033884623219916
BRISONr_102,2016__HAN__HN_WF_RF,TRUE,1,4,0.2608347663540499
BRISONr_102,2016__HAN__LN_NF_RF,TRUE,1,4,0.23001503702832388
BRISONr_102,2016__KAL__HN_NF_RF,TRUE,1,4,-0.022551119874434592
BRISONr_102,2016__KAL__HN_WF_RF,TRUE,1,4,-0.37173931822452433
BRISONr_102,2016__KAL__LN_NF_RF,TRUE,1,4,-0.09495983289846441
BRISONr_102,2016__KIE__HN_NF_RF,TRUE,1,4,0.2922873156961706
BRISONr_102,2016__KIE__HN_WF_RF,TRUE,1,4,0.014166023717417714
BRISONr_102,2016__KIE__LN_NF_RF,TRUE,1,4,-0.03203722156515851
BRISONr_102,2016__QLB__HN_NF_RF,TRUE,1,4,0.2671881474373769
BRISONr_102,2016__QLB__HN_WF_RF,TRUE,1,4,-0.19874173051323357
BRISONr_102,2016__QLB__LN_NF_RF,TRUE,1,4,0.1880574631113963
BRISONr_102,2017__GGE__HN_NF_RF,TRUE,1,4,0.3734570494681573
BRISONr_102,2017__GGE__HN_WF_RF,TRUE,1,4,0.2481724164257944
BRISONr_102,2017__GGE__LN_NF_RF,TRUE,1,4,0.49002259446841195
BRISONr_102,2017__HAN__HN_NF_RF,TRUE,1,4,0.46747996781553225
BRISONr_102,2017__HAN__HN_WF_RF,TRUE,1,4,0.2040938039161252
BRISONr_102,2017__HAN__LN_NF_RF,TRUE,1,4,0.31759214811491854
BRISONr_102,2017__KAL__HN_NF_RF,TRUE,1,4,0.3591181415397889
BRISONr_102,2017__KAL__HN_WF_RF,TRUE,1,4,-0.044526281707457066
BRISONr_102,2017__KAL__LN_NF_RF,TRUE,1,4,-0.14225866306152446
BRISONr_102,2017__KIE__HN_NF_RF,TRUE,1,4,0.41452323652997347
BRISONr_102,2017__KIE__HN_WF_RF,TRUE,1,4,0.2941035916601185
BRISONr_102,2017__KIE__LN_NF_RF,TRUE,1,4,0.17775965909219785
BRISONr_102,2017__QLB__HN_NF_RF,TRUE,1,4,0.4243582192509116
BRISONr_102,2017__QLB__HN_WF_RF,TRUE,1,4,0.3406476247862574
BRISONr_102,2017__QLB__LN_NF_RF,TRUE,1,4,0.19958268121594971
BRISONr_103,2015__GGE__HN_NF_RF,TRUE,1,4,0.0428828770924114
BRISONr_103,2015__GGE__HN_WF_RF,TRUE,1,4,0.18800239712634195
BRISONr_103,2015__GGE__LN_NF_RF,TRUE,1,4,-0.5542100118669075
BRISONr_103,2015__HAN__HN_NF_RF,TRUE,1,4,-0.5291316442821148
BRISONr_103,2015__HAN__HN_WF_RF,TRUE,1,4,-0.08510221542604013
BRISONr_103,2015__HAN__LN_NF_RF,TRUE,1,4,-0.4849273710500032
BRISONr_103,2015__KAL__HN_NF_RF,TRUE,0.9232988434688713,3,0.10452438946032269
BRISONr_103,2015__KAL__HN_WF_RF,TRUE,0.9232988434688713,3,0.2113044306033531
BRISONr_103,2015__KAL__LN_NF_RF,TRUE,0.9232988434688713,3,0.9232946280571761
BRISONr_103,2015__KIE__HN_NF_RF,TRUE,1,4,-0.597591189831248
BRISONr_103,2015__KIE__HN_WF_RF,TRUE,1,4,-0.5917038510272377
BRISONr_103,2015__KIE__LN_NF_RF,TRUE,1,4,-0.22987397592454548
BRISONr_103,2015__QLB__HN_NF_RF,TRUE,1,4,0.4060276058826025
BRISONr_103,2015__QLB__HN_WF_RF,TRUE,1,4,0.22841083958024422
BRISONr_103,2015__QLB__LN_NF_RF,TRUE,1,4,0.4155486114054317
BRISONr_103,2016__GGE__HN_NF_RF,TRUE,1,4,-0.150963912892655
BRISONr_103,2016__GGE__HN_WF_RF,TRUE,1,4,0.19210836638751946
BRISONr_103,2016__GGE__LN_NF_RF,TRUE,1,4,-0.32583443775075976
BRISONr_103,2016__HAN__HN_NF_RF,TRUE,1,4,-0.6071857696258997
BRISONr_103,2016__HAN__HN_WF_RF,TRUE,1,4,-0.3104066417726618
BRISONr_103,2016__HAN__LN_NF_RF,TRUE,1,4,-0.38598725641226606
BRISONr_103,2016__KAL__HN_NF_RF,TRUE,1,4,-0.7554368107601535
BRISONr_103,2016__KAL__HN_WF_RF,TRUE,1,4,-0.3722158323080855
BRISONr_103,2016__KAL__LN_NF_RF,TRUE,1,4,-0.5624854357257877
BRISONr_103,2016__KIE__HN_NF_RF,TRUE,1,4,0.12957539654948605
BRISONr_103,2016__KIE__HN_WF_RF,TRUE,1,4,0.037860261792001
BRISONr_103,2016__KIE__LN_NF_RF,TRUE,1,4,-0.14024830946375455
BRISONr_103,2016__QLB__HN_NF_RF,TRUE,1,4,-0.07768393129117514
BRISONr_103,2016__QLB__HN_WF_RF,TRUE,1,4,0.04583425304484465
BRISONr_103,2016__QLB__LN_NF_RF,TRUE,1,4,-0.007527600206278913
BRISONr_103,2017__GGE__HN_NF_RF,TRUE,1,4,0.13643883955127245
BRISONr_103,2017__GGE__HN_WF_RF,TRUE,1,4,0.5172796190828437
BRISONr_103,2017__GGE__LN_NF_RF,TRUE,1,4,-0.10308693401438754
BRISONr_103,2017__HAN__HN_NF_RF,TRUE,1,4,-0.2268395667697479
BRISONr_103,2017__HAN__HN_WF_RF,TRUE,1,4,0.07546221485043404
BRISONr_103,2017__HAN__LN_NF_RF,TRUE,1,4,-0.27372575924803855
BRISONr_103,2017__KAL__HN_NF_RF,TRUE,1,4,0.02687913734248993
BRISONr_103,2017__KAL__HN_WF_RF,TRUE,1,4,-0.00425835640676449
BRISONr_103,2017__KAL__LN_NF_RF,TRUE,1,4,-0.8253440229590651
BRISONr_103,2017__KIE__HN_NF_RF,TRUE,1,4,-0.3948176132254323
BRISONr_103,2017__KIE__HN_WF_RF,TRUE,1,4,-0.6371418401904647
BRISONr_103,2017__KIE__LN_NF_RF,TRUE,1,4,-0.43660052643979946
BRISONr_103,2017__QLB__HN_NF_RF,TRUE,1,4,-0.29273703599682716
BRISONr_103,2017__QLB__HN_WF_RF,TRUE,1,4,0.39180543522180383
BRISONr_103,2017__QLB__LN_NF_RF,TRUE,1,4,0.08291502834289427
BRISONr_104,2015__GGE__HN_NF_RF,TRUE,1,4,-0.5952787696380006
BRISONr_104,2015__GGE__HN_WF_RF,TRUE,1,4,0.08143717510366864
BRISONr_104,2015__GGE__LN_NF_RF,TRUE,1,4,-0.3213190041036001
BRISONr_104,2015__HAN__HN_NF_RF,TRUE,1,4,-0.10565083035859119
BRISONr_104,2015__HAN__HN_WF_RF,TRUE,1,4,-0.29107583953907645
BRISONr_104,2015__HAN__LN_NF_RF,TRUE,1,4,-0.030931831451905707
BRISONr_104,2015__KAL__HN_NF_RF,TRUE,0.9232988434688713,3,-0.7444262225561781
BRISONr_104,2015__KAL__HN_WF_RF,TRUE,0.9232988434688713,3,0.29666198116983894
BRISONr_104,2015__KAL__LN_NF_RF,TRUE,0.9232988434688713,3,-0.9270013748983664
BRISONr_104,2015__KIE__HN_NF_RF,TRUE,1,4,-0.3064843661085256
BRISONr_104,2015__KIE__HN_WF_RF,TRUE,1,4,-0.3846280549656458
BRISONr_104,2015__KIE__LN_NF_RF,TRUE,1,4,-0.3875860025261592
BRISONr_104,2015__QLB__HN_NF_RF,TRUE,1,4,0.05474498714698092
BRISONr_104,2015__QLB__HN_WF_RF,TRUE,1,4,0.040741762448707815
BRISONr_104,2015__QLB__LN_NF_RF,TRUE,1,4,-0.3667879859247681
BRISONr_104,2016__GGE__HN_NF_RF,TRUE,1,4,-0.388953332416542
BRISONr_104,2016__GGE__HN_WF_RF,TRUE,1,4,-0.5492939088324754
BRISONr_104,2016__GGE__LN_NF_RF,TRUE,1,4,0.10788907720349257
BRISONr_104,2016__HAN__HN_NF_RF,TRUE,1,4,-0.6415843510977923
BRISONr_104,2016__HAN__HN_WF_RF,TRUE,1,4,-0.21785206550514907
BRISONr_104,2016__HAN__LN_NF_RF,TRUE,1,4,-0.28190155480313167
BRISONr_104,2016__KAL__HN_NF_RF,TRUE,1,4,-0.512272398748528
BRISONr_104,2016__KAL__HN_WF_RF,TRUE,1,4,-0.23768381792539872
BRISONr_104,2016__KAL__LN_NF_RF,TRUE,1,4,-0.1490997811941136
BRISONr_104,2016__KIE__HN_NF_RF,TRUE,1,4,-0.11443402967333727
BRISONr_104,2016__KIE__HN_WF_RF,TRUE,1,4,-0.2581803922420497
BRISONr_104,2016__KIE__LN_NF_RF,TRUE,1,4,-0.05479273972319289
BRISONr_104,2016__QLB__HN_NF_RF,TRUE,1,4,-0.04537918902055367
BRISONr_104,2016__QLB__HN_WF_RF,TRUE,1,4,-0.18891275022505596
BRISONr_104,2016__QLB__LN_NF_RF,TRUE,1,4,-0.19689601346855823
BRISONr_104,2017__GGE__HN_NF_RF,TRUE,1,4,-0.30016523130790607
BRISONr_104,2017__GGE__HN_WF_RF,TRUE,1,4,-0.24769380563425705
BRISONr_104,2017__GGE__LN_NF_RF,TRUE,1,4,-0.4183050956826603
BRISONr_104,2017__HAN__HN_NF_RF,TRUE,1,4,-0.2920324343208867
BRISONr_104,2017__HAN__HN_WF_RF,TRUE,1,4,-0.5385341956934186
BRISONr_104,2017__HAN__LN_NF_RF,TRUE,1,4,-0.3470901701216127
BRISONr_104,2017__KAL__HN_NF_RF,TRUE,1,4,-0.41999229012231043
BRISONr_104,2017__KAL__HN_WF_RF,TRUE,1,4,-0.49415913724071825
BRISONr_104,2017__KAL__LN_NF_RF,TRUE,1,4,-0.38714444013249194
BRISONr_104,2017__KIE__HN_NF_RF,TRUE,1,4,-0.3369985897335094
BRISONr_104,2017__KIE__HN_WF_RF,TRUE,1,4,-0.9092175263356279
BRISONr_104,2017__KIE__LN_NF_RF,TRUE,1,4,-0.30408036600132476
BRISONr_104,2017__QLB__HN_NF_RF,TRUE,1,4,0.12402189239838726
BRISONr_104,2017__QLB__HN_WF_RF,TRUE,1,4,0.2521105795178916
BRISONr_104,2017__QLB__LN_NF_RF,TRUE,1,4,0.18664750243975636
BRISONr_105,2015__GGE__HN_NF_RF,TRUE,1,4,0.2803380150463874
BRISONr_105,2015__GGE__HN_WF_RF,TRUE,1,4,0.05430772016529939
BRISONr_105,2015__GGE__LN_NF_RF,TRUE,1,4,0.0166250099812454
BRISONr_105,2015__HAN__HN_NF_RF,TRUE,1,4,0.08401275869986813
BRISONr_105,2015__HAN__HN_WF_RF,TRUE,1,4,0.4502722482803255
BRISONr_105,2015__HAN__LN_NF_RF,TRUE,1,4,0.0077788503282072465
BRISONr_105,2015__KAL__HN_NF_RF,TRUE,0.9232988434688713,3,0.27174506117562397
BRISONr_105,2015__KAL__HN_WF_RF,TRUE,0.9232988434688713,3,0.2961043703529509
BRISONr_105,2015__KAL__LN_NF_RF,TRUE,0.9232988434688713,3,0.6622573364258618
BRISONr_105,2015__KIE__HN_NF_RF,TRUE,1,4,0.3099129774108731
BRISONr_105,2015__KIE__HN_WF_RF,TRUE,1,4,0.23601941363950613
BRISONr_105,2015__KIE__LN_NF_RF,TRUE,1,4,0.2901681927296754
BRISONr_105,2015__QLB__HN_NF_RF,TRUE,1,4,-0.04714111193650417
BRISONr_105,2015__QLB__HN_WF_RF,TRUE,1,4,-0.4094336430925866
BRISONr_105,2015__QLB__LN_NF_RF,TRUE,1,4,0.36968608158261007
BRISONr_105,2016__GGE__HN_NF_RF,TRUE,1,4,-0.13313585611724185
BRISONr_105,2016__GGE__HN_WF_RF,TRUE,1,4,0.35885751502117624
BRISONr_105,2016__GGE__LN_NF_RF,TRUE,1,4,-0.13373614074114407
BRISONr_105,2016__HAN__HN_NF_RF,TRUE,1,4,0.163863915779571
BRISONr_105,2016__HAN__HN_WF_RF,TRUE,1,4,0.099228102046532915
BRISONr_105,2016__HAN__LN_NF_RF,TRUE,1,4,-0.11164208917281951
BRISONr_105,2016__KAL__HN_NF_RF,TRUE,1,4,-0.1875521789764126
BRISONr_105,2016__KAL__HN_WF_RF,TRUE,1,4,0.05719801690456943
BRISONr_105,2016__KAL__LN_NF_RF,TRUE,1,4,-0.16642784889689016
BRISONr_105,2016__KIE__HN_NF_RF,TRUE,1,4,0.1677237224299773
BRISONr_105,2016__KIE__HN_WF_RF,TRUE,1,4,0.011580431503482078
BRISONr_105,2016__KIE__LN_NF_RF,TRUE,1,4,0.02910229592375161
BRISONr_105,2016__QLB__HN_NF_RF,TRUE,1,4,-0.3015837499853497
BRISONr_105,2016__QLB__HN_WF_RF,TRUE,1,4,-0.5701423622439253
BRISONr_105,2016__QLB__LN_NF_RF,TRUE,1,4,-0.06452790103973012
BRISONr_105,2017__GGE__HN_NF_RF,TRUE,1,4,0.09563700378211602
BRISONr_105,2017__GGE__HN_WF_RF,TRUE,1,4,-0.07457686351520984
BRISONr_105,2017__GGE__LN_NF_RF,TRUE,1,4,-0.24633963770317233
BRISONr_105,2017__HAN__HN_NF_RF,TRUE,1,4,-0.09413085818636485
BRISONr_105,2017__HAN__HN_WF_RF,TRUE,1,4,0.13213208831979556
BRISONr_105,2017__HAN__LN_NF_RF,TRUE,1,4,0.4506885276097874
BRISONr_105,2017__KAL__HN_NF_RF,TRUE,1,4,-0.19420283928569446
BRISONr_105,2017__KAL__HN_WF_RF,TRUE,1,4,0.1386212812877568
BRISONr_105,2017__KAL__LN_NF_RF,TRUE,1,4,-0.1223087782819559
BRISONr_105,2017__KIE__HN_NF_RF,TRUE,1,4,-0.4647616477936166
BRISONr_105,2017__KIE__HN_WF_RF,TRUE,1,4,-0.07525577312451635
BRISONr_105,2017__KIE__LN_NF_RF,TRUE,1,4,0.06887656097053867
BRISONr_105,2017__QLB__HN_NF_RF,TRUE,1,4,0.18698304427832219
BRISONr_105,2017__QLB__HN_WF_RF,TRUE,1,4,-0.28570483128916857
BRISONr_105,2017__QLB__LN_NF_RF,TRUE,1,4,-0.14860629078577417
BRISONr_106,2015__GGE__HN_NF_RF,TRUE,1,4,0.09903956456542605
BRISONr_106,2015__GGE__HN_WF_RF,TRUE,1,4,0.08293844698225505
BRISONr_106,2015__GGE__LN_NF_RF,TRUE,1,4,0.11228638831809387
BRISONr_106,2015__HAN__HN_NF_RF,TRUE,1,4,0.5074881159786006
BRISONr_106,2015__HAN__HN_WF_RF,TRUE,1,4,0.14832645798936173
BRISONr_106,2015__HAN__LN_NF_RF,TRUE,1,4,0.2558832340110142
BRISONr_106,2015__KAL__HN_NF_RF,TRUE,0.9232988434688713,3,0.38932307007625216
BRISONr_106,2015__KAL__HN_WF_RF,TRUE,0.9232988434688713,3,0.24513374365633586
BRISONr_106,2015__KAL__LN_NF_RF,TRUE,0.9232988434688713,3,0.05276827230072779
BRISONr_106,2015__KIE__HN_NF_RF,TRUE,1,4,0.46306625762674186
BRISONr_106,2015__KIE__HN_WF_RF,TRUE,1,4,0.5570006240191817
BRISONr_106,2015__KIE__LN_NF_RF,TRUE,1,4,0.8180561250634606
BRISONr_106,2015__QLB__HN_NF_RF,TRUE,1,4,0.20748592129428303
BRISONr_106,2015__QLB__HN_WF_RF,TRUE,1,4,-0.1794352400791591
BRISONr_106,2015__QLB__LN_NF_RF,TRUE,1,4,-0.38701728688466
BRISONr_106,2016__GGE__HN_NF_RF,TRUE,1,4,0.6213658280712904
BRISONr_106,2016__GGE__HN_WF_RF,TRUE,1,4,0.7421975943040939
BRISONr_106,2016__GGE__LN_NF_RF,TRUE,1,4,0.03756230281969483
BRISONr_106,2016__HAN__HN_NF_RF,TRUE,1,4,0.340528271781624
BRISONr_106,2016__HAN__HN_WF_RF,TRUE,1,4,0.09619547609005294
BRISONr_106,2016__HAN__LN_NF_RF,TRUE,1,4,0.2688850177559348
BRISONr_106,2016__KAL__HN_NF_RF,TRUE,1,4,-0.009410764770339364
BRISONr_106,2016__KAL__HN_WF_RF,TRUE,1,4,0.5860370736370226
BRISONr_106,2016__KAL__LN_NF_RF,TRUE,1,4,0.2643656747664833
BRISONr_106,2016__KIE__HN_NF_RF,TRUE,1,4,0.7305517101816512
BRISONr_106,2016__KIE__HN_WF_RF,TRUE,1,4,0.44914755502397274
BRISONr_106,2016__KIE__LN_NF_RF,TRUE,1,4,0.4539980110315964
BRISONr_106,2016__QLB__HN_NF_RF,TRUE,1,4,0.015963258772142937
BRISONr_106,2016__QLB__HN_WF_RF,TRUE,1,4,0.3406220251376706
BRISONr_106,2016__QLB__LN_NF_RF,TRUE,1,4,0.3207280590616149
BRISONr_106,2017__GGE__HN_NF_RF,TRUE,1,4,0.47673796462842016
BRISONr_106,2017__GGE__HN_WF_RF,TRUE,1,4,0.3412728829310711
BRISONr_106,2017__GGE__LN_NF_RF,TRUE,1,4,0.5745373324186547
BRISONr_106,2017__HAN__HN_NF_RF,TRUE,1,4,0.31846093341860915
BRISONr_106,2017__HAN__HN_WF_RF,TRUE,1,4,0.6500319876188572
BRISONr_106,2017__HAN__LN_NF_RF,TRUE,1,4,0.050452510559031674
BRISONr_106,2017__KAL__HN_NF_RF,TRUE,1,4,0.6320334426803311
BRISONr_106,2017__KAL__HN_WF_RF,TRUE,1,4,0.44796881508029224
BRISONr_106,2017__KAL__LN_NF_RF,TRUE,1,4,0.26178228465601616
BRISONr_106,2017__KIE__HN_NF_RF,TRUE,1,4,-0.23866463660449316
BRISONr_106,2017__KIE__HN_WF_RF,TRUE,1,4,-0.1945896459641132
BRISONr_106,2017__KIE__LN_NF_RF,TRUE,1,4,0.17730948771406546
BRISONr_106,2017__QLB__HN_NF_RF,TRUE,1,4,0.013916449970451491
BRISONr_106,2017__QLB__HN_WF_RF,TRUE,1,4,-0.014477989409839957
BRISONr_106,2017__QLB__LN_NF_RF,TRUE,1,4,0.04618824326187644
BRISONr_107,2015__GGE__HN_NF_RF,TRUE,1,4,0.3777921969822376
BRISONr_107,2015__GGE__HN_WF_RF,TRUE,1,4,-0.29144986142932644
BRISONr_107,2015__GGE__LN_NF_RF,TRUE,1,4,0.3262979904611525
BRISONr_107,2015__HAN__HN_NF_RF,TRUE,1,4,0.3947260447468206
BRISONr_107,2015__HAN__HN_WF_RF,TRUE,1,4,0.018927171161501468
BRISONr_107,2015__HAN__LN_NF_RF,TRUE,1,4,0.11678213779234761
BRISONr_107,2015__KAL__HN_NF_RF,TRUE,0.9232988434688713,3,-0.32316790057500056
BRISONr_107,2015__KAL__HN_WF_RF,TRUE,0.9232988434688713,3,0.07012485731634521
BRISONr_107,2015__KAL__LN_NF_RF,TRUE,0.9232988434688713,3,0.17010438568225542
BRISONr_107,2015__KIE__HN_NF_RF,TRUE,1,4,0.16219087623151818
BRISONr_107,2015__KIE__HN_WF_RF,TRUE,1,4,-0.13173025615694464
BRISONr_107,2015__KIE__LN_NF_RF,TRUE,1,4,0.23903967805467458
BRISONr_107,2015__QLB__HN_NF_RF,TRUE,1,4,-0.3697902576751205
BRISONr_107,2015__QLB__HN_WF_RF,TRUE,1,4,-0.276361011766543
BRISONr_107,2015__QLB__LN_NF_RF,TRUE,1,4,-0.473702030090414
BRISONr_107,2016__GGE__HN_NF_RF,TRUE,1,4,0.5935798513941176
BRISONr_107,2016__GGE__HN_WF_RF,TRUE,1,4,0.6308246963136012
BRISONr_107,2016__GGE__LN_NF_RF,TRUE,1,4,0.484640952260572
BRISONr_107,2016__HAN__HN_NF_RF,TRUE,1,4,0.3036671567255486
BRISONr_107,2016__HAN__HN_WF_RF,TRUE,1,4,0.00890901283940354
BRISONr_107,2016__HAN__LN_NF_RF,TRUE,1,4,-0.3293554586192233
BRISONr_107,2016__KAL__HN_NF_RF,TRUE,1,4,0.2865416476812318
BRISONr_107,2016__KAL__HN_WF_RF,TRUE,1,4,0.20686302906026946
BRISONr_107,2016__KAL__LN_NF_RF,TRUE,1,4,0.2022628417581363
BRISONr_107,2016__KIE__HN_NF_RF,TRUE,1,4,0.5101329080265148
BRISONr_107,2016__KIE__HN_WF_RF,TRUE,1,4,0.4340346184727344
BRISONr_107,2016__KIE__LN_NF_RF,TRUE,1,4,0.49177352222438586
BRISONr_107,2016__QLB__HN_NF_RF,TRUE,1,4,-0.316833825242152
BRISONr_107,2016__QLB__HN_WF_RF,TRUE,1,4,0.19490677583954433
BRISONr_107,2016__QLB__LN_NF_RF,TRUE,1,4,-0.17209577408469767
BRISONr_107,2017__GGE__HN_NF_RF,TRUE,1,4,0.5806840222577704
BRISONr_107,2017__GGE__HN_WF_RF,TRUE,1,4,0.41336032042494064
BRISONr_107,2017__GGE__LN_NF_RF,TRUE,1,4,0.3369956749841023
BRISONr_107,2017__HAN__HN_NF_RF,TRUE,1,4,0.28560472620609456
BRISONr_107,2017__HAN__HN_WF_RF,TRUE,1,4,0.1629926700430903
BRISONr_107,2017__HAN__LN_NF_RF,TRUE,1,4,0.1984033345481465
BRISONr_107,2017__KAL__HN_NF_RF,TRUE,1,4,0.7969094422618347
BRISONr_107,2017__KAL__HN_WF_RF,TRUE,1,4,-0.07409436132870997
BRISONr_107,2017__KAL__LN_NF_RF,TRUE,1,4,-0.552427249459665
BRISONr_107,2017__KIE__HN_NF_RF,TRUE,1,4,-0.25405594967095807
BRISONr_107,2017__KIE__HN_WF_RF,TRUE,1,4,0.29477802957447197
BRISONr_107,2017__KIE__LN_NF_RF,TRUE,1,4,1.2348359534102165
BRISONr_107,2017__QLB__HN_NF_RF,TRUE,1,4,0.23737792876139857
BRISONr_107,2017__QLB__HN_WF_RF,TRUE,1,4,0.7335834438979207
BRISONr_107,2017__QLB__LN_NF_RF,TRUE,1,4,0.39279714612379224
BRISONr_108,2015__GGE__HN_NF_RF,TRUE,1,4,0.22254066921980742
BRISONr_108,2015__GGE__HN_WF_RF,TRUE,1,4,0.5671808545063363
BRISONr_108,2015__GGE__LN_NF_RF,TRUE,1,4,0.018720282069183854
BRISONr_108,2015__HAN__HN_NF_RF,TRUE,1,4,-0.5924675134089566
BRISONr_108,2015__HAN__HN_WF_RF,TRUE,1,4,0.18881274815824783
BRISONr_108,2015__HAN__LN_NF_RF,TRUE,1,4,-0.3132095361320864
BRISONr_108,2015__KAL__HN_NF_RF,TRUE,0.9232988434688713,3,-0.37434051212551506
BRISONr_108,2015__KAL__HN_WF_RF,TRUE,0.9232988434688713,3,0.12620268055077594
BRISONr_108,2015__KAL__LN_NF_RF,TRUE,0.9232988434688713,3,-0.2765736329492338
BRISONr_108,2015__KIE__HN_NF_RF,TRUE,1,4,-0.064907217616229
BRISONr_108,2015__KIE__HN_WF_RF,TRUE,1,4,0.01825799601189917
BRISONr_108,2015__KIE__LN_NF_RF,TRUE,1,4,-0.8653079644169599
BRISONr_108,2015__QLB__HN_NF_RF,TRUE,1,4,-0.8519835070959172
BRISONr_108,2015__QLB__HN_WF_RF,TRUE,1,4,-0.34758433652560045
BRISONr_108,2015__QLB__LN_NF_RF,TRUE,1,4,-0.6996259033942065
BRISONr_108,2016__GGE__HN_NF_RF,TRUE,1,4,-0.3774833777862984
BRISONr_108,2016__GGE__HN_WF_RF,TRUE,1,4,-0.004235217982101594
BRISONr_108,2016__GGE__LN_NF_RF,TRUE,1,4,-0.13425032675567697
BRISONr_108,2016__HAN__HN_NF_RF,TRUE,1,4,-0.24304978898848867
BRISONr_108,2016__HAN__HN_WF_RF,TRUE,1,4,-0.07523739483919312
BRISONr_108,2016__HAN__LN_NF_RF,TRUE,1,4,-0.2547046103065473
BRISONr_108,2016__KAL__HN_NF_RF,TRUE,1,4,-0.28437819506192435
BRISONr_108,2016__KAL__HN_WF_RF,TRUE,1,4,-0.23108179570131676
BRISONr_108,2016__KAL__LN_NF_RF,TRUE,1,4,-0.40660898919253174
BRISONr_108,2016__KIE__HN_NF_RF,TRUE,1,4,-0.4547062560409834
BRISONr_108,2016__KIE__HN_WF_RF,TRUE,1,4,0.016560887463648644
BRISONr_108,2016__KIE__LN_NF_RF,TRUE,1,4,-0.3815795967972649
BRISONr_108,2016__QLB__HN_NF_RF,TRUE,1,4,-0.8087690459709375
BRISONr_108,2016__QLB__HN_WF_RF,TRUE,1,4,0.22789866753865723
BRISONr_108,2016__QLB__LN_NF_RF,TRUE,1,4,-0.7660594776993934
BRISONr_108,2017__GGE__HN_NF_RF,TRUE,1,4,0.5657859859794238
BRISONr_108,2017__GGE__HN_WF_RF,TRUE,1,4,0.7452660427469283
BRISONr_108,2017__GGE__LN_NF_RF,TRUE,1,4,0.0494289863451667
BRISONr_108,2017__HAN__HN_NF_RF,TRUE,1,4,-0.15273638659318417
BRISONr_108,2017__HAN__HN_WF_RF,TRUE,1,4,0.1281138419673167
BRISONr_108,2017__HAN__LN_NF_RF,TRUE,1,4,-0.005871768175632598
BRISONr_108,2017__KAL__HN_NF_RF,TRUE,1,4,-0.312618483804168
BRISONr_108,2017__KAL__HN_WF_RF,TRUE,1,4,0.08734276089073839
BRISONr_108,2017__KAL__LN_NF_RF,TRUE,1,4,-0.13995588061784947
BRISONr_108,2017__KIE__HN_NF_RF,TRUE,1,4,-0.6307952489822729
BRISONr_108,2017__KIE__HN_WF_RF,TRUE,1,4,-0.49449107030911904
BRISONr_108,2017__KIE__LN_NF_RF,TRUE,1,4,0.33684917830247724
BRISONr_108,2017__QLB__HN_NF_RF,TRUE,1,4,-0.8706465890490798
BRISONr_108,2017__QLB__HN_WF_RF,TRUE,1,4,0.22148172898322163
BRISONr_108,2017__QLB__LN_NF_RF,TRUE,1,4,-0.4498610487892964
BRISONr_109,2015__GGE__HN_NF_RF,TRUE,1,4,0.3634126582532142
BRISONr_109,2015__GGE__HN_WF_RF,TRUE,1,4,0.4730775331772978
BRISONr_109,2015__GGE__LN_NF_RF,TRUE,1,4,0.37354420569298846
BRISONr_109,2015__HAN__HN_NF_RF,TRUE,1,4,0.34481046307206903
BRISONr_109,2015__HAN__HN_WF_RF,TRUE,1,4,0.3852919520746481
BRISONr_109,2015__HAN__LN_NF_RF,TRUE,1,4,0.04874383990991864
BRISONr_109,2015__KAL__HN_NF_RF,TRUE,0.9232988434688713,3,-0.3502808498526222
BRISONr_109,2015__KAL__HN_WF_RF,TRUE,0.9232988434688713,3,-0.07058520293526097
BRISONr_109,2015__KAL__LN_NF_RF,TRUE,0.9232988434688713,3,-0.2257291484071199
BRISONr_109,2015__KIE__HN_NF_RF,TRUE,1,4,-0.07303294429802636
BRISONr_109,2015__KIE__HN_WF_RF,TRUE,1,4,0.1392273523415041
BRISONr_109,2015__KIE__LN_NF_RF,TRUE,1,4,0.3771070967382185
BRISONr_109,2015__QLB__HN_NF_RF,TRUE,1,4,-0.12366129998688613
BRISONr_109,2015__QLB__HN_WF_RF,TRUE,1,4,0.13859189388384865
BRISONr_109,2015__QLB__LN_NF_RF,TRUE,1,4,0.23411881172483887
BRISONr_109,2016__GGE__HN_NF_RF,TRUE,1,4,0.36614670065699867
BRISONr_109,2016__GGE__HN_WF_RF,TRUE,1,4,0.3518371151453439
BRISONr_109,2016__GGE__LN_NF_RF,TRUE,1,4,0.23141583885411943
BRISONr_109,2016__HAN__HN_NF_RF,TRUE,1,4,0.4353605765942645
BRISONr_109,2016__HAN__HN_WF_RF,TRUE,1,4,0.5296227017492914
BRISONr_109,2016__HAN__LN_NF_RF,TRUE,1,4,-0.20956935500041576
BRISONr_109,2016__KAL__HN_NF_RF,TRUE,1,4,0.38784020215523285
BRISONr_109,2016__KAL__HN_WF_RF,TRUE,1,4,-0.0477594568748952
BRISONr_109,2016__KAL__LN_NF_RF,TRUE,1,4,0.4036677028313604
BRISONr_109,2016__KIE__HN_NF_RF,TRUE,1,4,0.45154387779959965
BRISONr_109,2016__KIE__HN_WF_RF,TRUE,1,4,0.14997940706354995
BRISONr_109,2016__KIE__LN_NF_RF,TRUE,1,4,0.14737953997011638
BRISONr_109,2016__QLB__HN_NF_RF,TRUE,1,4,0.02420449763325689
BRISONr_109,2016__QLB__HN_WF_RF,TRUE,1,4,0.34668232178597164
BRISONr_109,2016__QLB__LN_NF_RF,TRUE,1,4,0.1193518353774481
BRISONr_109,2017__GGE__HN_NF_RF,TRUE,1,4,0.5952166728243707
BRISONr_109,2017__GGE__HN_WF_RF,TRUE,1,4,0.5248878735230658
BRISONr_109,2017__GGE__LN_NF_RF,TRUE,1,4,-0.18646061544825968
BRISONr_109,2017__HAN__HN_NF_RF,TRUE,1,4,0.30771564688645336
BRISONr_109,2017__HAN__HN_WF_RF,TRUE,1,4,0.5611674205965937
BRISONr_109,2017__HAN__LN_NF_RF,TRUE,1,4,0.1436479899436646
BRISONr_109,2017__KAL__HN_NF_RF,TRUE,1,4,0.45188485426542246
BRISONr_109,2017__KAL__HN_WF_RF,TRUE,1,4,0.08331186796717976
BRISONr_109,2017__KAL__LN_NF_RF,TRUE,1,4,-0.2217419895165028
BRISONr_109,2017__KIE__HN_NF_RF,TRUE,1,4,0.15902678313664137
BRISONr_109,2017__KIE__HN_WF_RF,TRUE,1,4,0.047325274748776826
BRISONr_109,2017__KIE__LN_NF_RF,TRUE,1,4,0.4699117235403435
BRISONr_109,2017__QLB__HN_NF_RF,TRUE,1,4,-0.22083296986058076
BRISONr_109,2017__QLB__HN_WF_RF,TRUE,1,4,0.062171850540763546
BRISONr_109,2017__QLB__LN_NF_RF,TRUE,1,4,2.3157514589348255e-4
BRISONr_11,2015__GGE__HN_NF_RF,TRUE,1,4,0.6499652018318123
BRISONr_11,2015__GGE__HN_WF_RF,TRUE,1,4,0.5462491575346722
BRISONr_11,2015__GGE__LN_NF_RF,TRUE,1,4,0.2358804247281593
BRISONr_11,2015__HAN__HN_NF_RF,TRUE,1,4,0.7241468589674651
BRISONr_11,2015__HAN__HN_WF_RF,TRUE,1,4,0.24050006876116561
BRISONr_11,2015__HAN__LN_NF_RF,TRUE,1,4,0.3814664160979943
BRISONr_11,2015__KAL__HN_NF_RF,TRUE,0.9232988434688713,3,0.8888808355333039
BRISONr_11,2015__KAL__HN_WF_RF,TRUE,0.9232988434688713,3,0.9716614877492243
BRISONr_11,2015__KAL__LN_NF_RF,TRUE,0.9232988434688713,3,-0.2924525333221844
BRISONr_11,2015__KIE__HN_NF_RF,TRUE,1,4,-0.18225110579391496
BRISONr_11,2015__KIE__HN_WF_RF,TRUE,1,4,0.1909983384274363
BRISONr_11,2015__KIE__LN_NF_RF,TRUE,1,4,0.8637290224931897
BRISONr_11,2015__QLB__HN_NF_RF,TRUE,0.9373714174539839,3,-1.8061904272712184
BRISONr_11,2015__QLB__HN_WF_RF,TRUE,0.9373714174539839,3,-0.8812054848410169
BRISONr_11,2015__QLB__LN_NF_RF,TRUE,0.9373714174539839,3,-1.409865981468572
BRISONr_11,2016__GGE__HN_NF_RF,TRUE,1,4,-0.015618875024598168
BRISONr_11,2016__GGE__HN_WF_RF,TRUE,1,4,0.18926345105652803
BRISONr_11,2016__GGE__LN_NF_RF,TRUE,1,4,-0.023084005159350524
BRISONr_11,2016__HAN__HN_NF_RF,TRUE,1,4,-0.1914397596141639
BRISONr_11,2016__HAN__HN_WF_RF,TRUE,1,4,0.576228683367958
BRISONr_11,2016__HAN__LN_NF_RF,TRUE,1,4,0.18526859515897584
BRISONr_11,2016__KAL__HN_NF_RF,TRUE,1,4,0.3480787933923376
BRISONr_11,2016__KAL__HN_WF_RF,TRUE,1,4,0.4486124908740642
BRISONr_11,2016__KAL__LN_NF_RF,TRUE,1,4,0.2453717683132959
BRISONr_11,2016__KIE__HN_NF_RF,TRUE,1,4,0.09679094811164643
BRISONr_11,2016__KIE__HN_WF_RF,TRUE,1,4,0.40481570435561653
BRISONr_11,2016__KIE__LN_NF_RF,TRUE,1,4,0.4688726566538597
BRISONr_11,2016__QLB__HN_NF_RF,TRUE,1,4,-0.1946874129123036
BRISONr_11,2016__QLB__HN_WF_RF,TRUE,1,4,-0.01728134743362994
BRISONr_11,2016__QLB__LN_NF_RF,TRUE,1,4,0.02263350669381303
BRISONr_11,2017__GGE__HN_NF_RF,TRUE,1,4,0.09382991616553196
BRISONr_11,2017__GGE__HN_WF_RF,TRUE,1,4,-0.06453830060243372
BRISONr_11,2017__GGE__LN_NF_RF,TRUE,1,4,0.07559730404354144
BRISONr_11,2017__HAN__HN_NF_RF,TRUE,1,4,0.20043616018567348
BRISONr_11,2017__HAN__HN_WF_RF,TRUE,1,4,0.49870261013997164
BRISONr_11,2017__HAN__LN_NF_RF,TRUE,1,4,-0.4117119077347862
BRISONr_11,2017__KAL__HN_NF_RF,TRUE,1,4,0.5853484284042447
BRISONr_11,2017__KAL__HN_WF_RF,TRUE,1,4,-0.13533301441327994
BRISONr_11,2017__KAL__LN_NF_RF,TRUE,1,4,-0.5148448389673915
BRISONr_11,2017__KIE__HN_NF_RF,TRUE,1,4,0.377999657301213
BRISONr_11,2017__KIE__HN_WF_RF,TRUE,1,4,0.3142238670993879
BRISONr_11,2017__KIE__LN_NF_RF,TRUE,1,4,0.6206925224683745
BRISONr_11,2017__QLB__HN_NF_RF,TRUE,1,4,-0.13204391304431573
BRISONr_11,2017__QLB__HN_WF_RF,TRUE,1,4,0.04944222117026483
BRISONr_11,2017__QLB__LN_NF_RF,TRUE,1,4,-0.07690718484230233
BRISONr_110,2015__GGE__HN_NF_RF,TRUE,1,4,0.23483270308555357
BRISONr_110,2015__GGE__HN_WF_RF,TRUE,1,4,0.0435473742964857
BRISONr_110,2015__GGE__LN_NF_RF,TRUE,1,4,-0.03516280696246876
BRISONr_110,2015__HAN__HN_NF_RF,TRUE,1,4,-0.13205122090193683
BRISONr_110,2015__HAN__HN_WF_RF,TRUE,1,4,-0.26935352370119914
BRISONr_110,2015__HAN__LN_NF_RF,TRUE,1,4,-0.16467034264484365
BRISONr_110,2015__KAL__HN_NF_RF,TRUE,0.9232988434688713,3,0.35163900334953585
BRISONr_110,2015__KAL__HN_WF_RF,TRUE,0.9232988434688713,3,-0.6849774318976034
BRISONr_110,2015__KAL__LN_NF_RF,TRUE,0.9232988434688713,3,0.07238068670449116
BRISONr_110,2015__KIE__HN_NF_RF,TRUE,1,4,-0.37501514434247774
BRISONr_110,2015__KIE__HN_WF_RF,TRUE,1,4,-0.4251104857786101
BRISONr_110,2015__KIE__LN_NF_RF,TRUE,1,4,-0.39391794701048277
BRISONr_110,2015__QLB__HN_NF_RF,TRUE,1,4,-0.1837137316092704
BRISONr_110,2015__QLB__HN_WF_RF,TRUE,1,4,-0.7271744256909769
BRISONr_110,2015__QLB__LN_NF_RF,TRUE,1,4,-0.16472667856440734
BRISONr_110,2016__GGE__HN_NF_RF,TRUE,1,4,0.066032595440671693
BRISONr_110,2016__GGE__HN_WF_RF,TRUE,1,4,-0.6527744376123632
BRISONr_110,2016__GGE__LN_NF_RF,TRUE,1,4,0.05574632167480792
BRISONr_110,2016__HAN__HN_NF_RF,TRUE,1,4,-0.14431754103700245
BRISONr_110,2016__HAN__HN_WF_RF,TRUE,1,4,-0.29845343617855585
BRISONr_110,2016__HAN__LN_NF_RF,TRUE,1,4,-0.07106742346041589
BRISONr_110,2016__KAL__HN_NF_RF,TRUE,1,4,0.05335181645422166
BRISONr_110,2016__KAL__HN_WF_RF,TRUE,1,4,-0.8746829310929933
BRISONr_110,2016__KAL__LN_NF_RF,TRUE,1,4,-0.06979884425878943
BRISONr_110,2016__KIE__HN_NF_RF,TRUE,1,4,-0.11915878056424212
BRISONr_110,2016__KIE__HN_WF_RF,TRUE,1,4,-0.20739851442658686
BRISONr_110,2016__KIE__LN_NF_RF,TRUE,1,4,-0.19678751897267263
BRISONr_110,2016__QLB__HN_NF_RF,TRUE,1,4,-0.08337675241245615
BRISONr_110,2016__QLB__HN_WF_RF,TRUE,1,4,-0.466202845354979
BRISONr_110,2016__QLB__LN_NF_RF,TRUE,1,4,0.1553486713624183
BRISONr_110,2017__GGE__HN_NF_RF,TRUE,1,4,-0.15186597220861664
BRISONr_110,2017__GGE__HN_WF_RF,TRUE,1,4,0.22136430994533707
BRISONr_110,2017__GGE__LN_NF_RF,TRUE,1,4,-0.11628328509885669
BRISONr_110,2017__HAN__HN_NF_RF,TRUE,1,4,0.1221584585500059
BRISONr_110,2017__HAN__HN_WF_RF,TRUE,1,4,-0.30909015391478745
BRISONr_110,2017__HAN__LN_NF_RF,TRUE,1,4,-0.4326376798513373
BRISONr_110,2017__KAL__HN_NF_RF,TRUE,1,4,0.23805680198649976
BRISONr_110,2017__KAL__HN_WF_RF,TRUE,1,4,-0.3373266803488006
BRISONr_110,2017__KAL__LN_NF_RF,TRUE,1,4,-0.5043626458047114
BRISONr_110,2017__KIE__HN_NF_RF,TRUE,1,4,-0.2286537201516797
BRISONr_110,2017__KIE__HN_WF_RF,TRUE,1,4,-0.2889157177010181
BRISONr_110,2017__KIE__LN_NF_RF,TRUE,1,4,-0.3360303038311646
BRISONr_110,2017__QLB__HN_NF_RF,TRUE,1,4,-0.5812723776060708
BRISONr_110,2017__QLB__HN_WF_RF,TRUE,1,4,-0.3687369807684907
BRISONr_110,2017__QLB__LN_NF_RF,TRUE,1,4,-0.2964457979747305
BRISONr_111,2015__GGE__HN_NF_RF,TRUE,1,4,-0.15252968152204605
BRISONr_111,2015__GGE__HN_WF_RF,TRUE,1,4,0.3567446749045154
BRISONr_111,2015__GGE__LN_NF_RF,TRUE,1,4,-0.3086402541023188
BRISONr_111,2015__HAN__HN_NF_RF,TRUE,1,4,-0.3552434578233464
BRISONr_111,2015__HAN__HN_WF_RF,TRUE,1,4,0.14034081756987601
BRISONr_111,2015__HAN__LN_NF_RF,TRUE,1,4,-0.1398461812548211
BRISONr_111,2015__KAL__HN_NF_RF,TRUE,0.9232988434688713,3,-0.4716966231601684
BRISONr_111,2015__KAL__HN_WF_RF,TRUE,0.9232988434688713,3,-0.15045266639540056
BRISONr_111,2015__KAL__LN_NF_RF,TRUE,0.9232988434688713,3,0.5287785487690422
BRISONr_111,2015__KIE__HN_NF_RF,TRUE,1,4,-0.11494671302641768
BRISONr_111,2015__KIE__HN_WF_RF,TRUE,1,4,0.128212996913067
BRISONr_111,2015__KIE__LN_NF_RF,TRUE,1,4,0.1251087651900783
BRISONr_111,2015__QLB__HN_NF_RF,TRUE,1,4,-0.15062855687557722
BRISONr_111,2015__QLB__HN_WF_RF,TRUE,1,4,0.4372421861298611
BRISONr_111,2015__QLB__LN_NF_RF,TRUE,1,4,0.08400776248151587
BRISONr_111,2016__GGE__HN_NF_RF,TRUE,1,4,-0.4289002381771588
BRISONr_111,2016__GGE__HN_WF_RF,TRUE,1,4,0.1584935852595096
BRISONr_111,2016__GGE__LN_NF_RF,TRUE,1,4,-0.14184100530291138
BRISONr_111,2016__HAN__HN_NF_RF,TRUE,1,4,-0.34329404309000305
BRISONr_111,2016__HAN__HN_WF_RF,TRUE,1,4,0.41442801940344604
BRISONr_111,2016__HAN__LN_NF_RF,TRUE,1,4,-0.11618845514449798
BRISONr_111,2016__KAL__HN_NF_RF,TRUE,1,4,-0.20139798603964285
BRISONr_111,2016__KAL__HN_WF_RF,TRUE,1,4,-0.23628446254595775
BRISONr_111,2016__KAL__LN_NF_RF,TRUE,1,4,-0.11548903707592673
BRISONr_111,2016__KIE__HN_NF_RF,TRUE,1,4,0.08556099805809533
BRISONr_111,2016__KIE__HN_WF_RF,TRUE,1,4,0.014974471092445124
BRISONr_111,2016__KIE__LN_NF_RF,TRUE,1,4,0.06830388004507558
BRISONr_111,2016__QLB__HN_NF_RF,TRUE,1,4,-0.2863837419503677
BRISONr_111,2016__QLB__HN_WF_RF,TRUE,1,4,0.46092693018140696
BRISONr_111,2016__QLB__LN_NF_RF,TRUE,1,4,-0.34531852925730916
BRISONr_111,2017__GGE__HN_NF_RF,TRUE,1,4,0.184735444623306
BRISONr_111,2017__GGE__HN_WF_RF,TRUE,1,4,0.5245737232639687
BRISONr_111,2017__GGE__LN_NF_RF,TRUE,1,4,0.21890782967018518
BRISONr_111,2017__HAN__HN_NF_RF,TRUE,1,4,-0.4546883909706636
BRISONr_111,2017__HAN__HN_WF_RF,TRUE,1,4,0.15797336746180315
BRISONr_111,2017__HAN__LN_NF_RF,TRUE,1,4,0.7763523483970806
BRISONr_111,2017__KAL__HN_NF_RF,TRUE,1,4,-0.4765995652451515
BRISONr_111,2017__KAL__HN_WF_RF,TRUE,1,4,0.07381842940189101
BRISONr_111,2017__KAL__LN_NF_RF,TRUE,1,4,-0.3177460222439795
BRISONr_111,2017__KIE__HN_NF_RF,TRUE,1,4,-0.05877177481882014
BRISONr_111,2017__KIE__HN_WF_RF,TRUE,1,4,0.0904163170837666
BRISONr_111,2017__KIE__LN_NF_RF,TRUE,1,4,-0.30240936170804666
BRISONr_111,2017__QLB__HN_NF_RF,TRUE,1,4,-0.46431773204900223
BRISONr_111,2017__QLB__HN_WF_RF,TRUE,1,4,-0.012399169576866986
BRISONr_111,2017__QLB__LN_NF_RF,TRUE,1,4,-0.07807714197339924
BRISONr_112,2015__GGE__HN_NF_RF,TRUE,1,4,-0.07478052254926759
BRISONr_112,2015__GGE__HN_WF_RF,TRUE,1,4,-0.10856252174396215
BRISONr_112,2015__GGE__LN_NF_RF,TRUE,1,4,0.31463851262859094
BRISONr_112,2015__HAN__HN_NF_RF,TRUE,1,4,0.2767523537255162
BRISONr_112,2015__HAN__HN_WF_RF,TRUE,1,4,0.4049439928025059
BRISONr_112,2015__HAN__LN_NF_RF,TRUE,1,4,0.20000018781452567
BRISONr_112,2015__KAL__HN_NF_RF,TRUE,0.9232988434688713,3,-0.6969555994277342
BRISONr_112,2015__KAL__HN_WF_RF,TRUE,0.9232988434688713,3,0.016939223959983686
BRISONr_112,2015__KAL__LN_NF_RF,TRUE,0.9232988434688713,3,-0.9168607983104667
BRISONr_112,2015__KIE__HN_NF_RF,TRUE,1,4,-0.12339740412230155
BRISONr_112,2015__KIE__HN_WF_RF,TRUE,1,4,-0.3714071750840089
BRISONr_112,2015__KIE__LN_NF_RF,TRUE,1,4,-0.09116617913494152
BRISONr_112,2015__QLB__HN_NF_RF,TRUE,1,4,-0.3445273531867176
BRISONr_112,2015__QLB__HN_WF_RF,TRUE,1,4,0.6572600089008974
BRISONr_112,2015__QLB__LN_NF_RF,TRUE,1,4,0.08241061852033262
BRISONr_112,2016__GGE__HN_NF_RF,TRUE,1,4,-0.29386455203453854
BRISONr_112,2016__GGE__HN_WF_RF,TRUE,1,4,0.2124625427299126
BRISONr_112,2016__GGE__LN_NF_RF,TRUE,1,4,-0.14608212402620824
BRISONr_112,2016__HAN__HN_NF_RF,TRUE,1,4,-0.0213304499336038
BRISONr_112,2016__HAN__HN_WF_RF,TRUE,1,4,0.294036363297281
BRISONr_112,2016__HAN__LN_NF_RF,TRUE,1,4,0.38658696827541966
BRISONr_112,2016__KAL__HN_NF_RF,TRUE,1,4,0.11092561532886344
BRISONr_112,2016__KAL__HN_WF_RF,TRUE,1,4,0.10318855035958505
BRISONr_112,2016__KAL__LN_NF_RF,TRUE,1,4,-0.03699252023462939
BRISONr_112,2016__KIE__HN_NF_RF,TRUE,1,4,0.25694060688974346
BRISONr_112,2016__KIE__HN_WF_RF,TRUE,1,4,0.11707616240026984
BRISONr_112,2016__KIE__LN_NF_RF,TRUE,1,4,0.1986200443899112
BRISONr_112,2016__QLB__HN_NF_RF,TRUE,1,4,0.21064542044343118
BRISONr_112,2016__QLB__HN_WF_RF,TRUE,1,4,0.4042562543907453
BRISONr_112,2016__QLB__LN_NF_RF,TRUE,1,4,-0.036612445442701355
BRISONr_112,2017__GGE__HN_NF_RF,TRUE,1,4,0.7215776372664671
BRISONr_112,2017__GGE__HN_WF_RF,TRUE,1,4,0.536226603788292
BRISONr_112,2017__GGE__LN_NF_RF,TRUE,1,4,0.4409598637840828
BRISONr_112,2017__HAN__HN_NF_RF,TRUE,1,4,0.30350672834084885
BRISONr_112,2017__HAN__HN_WF_RF,TRUE,1,4,0.8764059744841692
BRISONr_112,2017__HAN__LN_NF_RF,TRUE,1,4,0.3001178868929372
BRISONr_112,2017__KAL__HN_NF_RF,TRUE,1,4,0.9051182840967611
BRISONr_112,2017__KAL__HN_WF_RF,TRUE,1,4,0.16538067431412412
BRISONr_112,2017__KAL__LN_NF_RF,TRUE,1,4,-0.8835985853721336
BRISONr_112,2017__KIE__HN_NF_RF,TRUE,1,4,0.1394538590595869
BRISONr_112,2017__KIE__HN_WF_RF,TRUE,1,4,0.5973423630398732
BRISONr_112,2017__KIE__LN_NF_RF,TRUE,1,4,-0.10169944019596655
BRISONr_112,2017__QLB__HN_NF_RF,TRUE,1,4,0.3458583545426723
BRISONr_112,2017__QLB__HN_WF_RF,TRUE,1,4,1.0695921387753853
BRISONr_112,2017__QLB__LN_NF_RF,TRUE,1,4,-0.050644263066549663
BRISONr_113,2015__GGE__HN_NF_RF,TRUE,1,4,0.6302422478284859
BRISONr_113,2015__GGE__HN_WF_RF,TRUE,1,4,0.024365211018780777
BRISONr_113,2015__GGE__LN_NF_RF,TRUE,1,4,-0.43231320289968733
BRISONr_113,2015__HAN__HN_NF_RF,TRUE,1,4,0.5525439282039637
BRISONr_113,2015__HAN__HN_WF_RF,TRUE,1,4,0.36401811857698085
BRISONr_113,2015__HAN__LN_NF_RF,TRUE,1,4,0.17001236740853157
BRISONr_113,2015__KAL__HN_NF_RF,TRUE,0.9232988434688713,3,-0.1328353305800991
BRISONr_113,2015__KAL__HN_WF_RF,TRUE,0.9232988434688713,3,-0.1007866490983911
BRISONr_113,2015__KAL__LN_NF_RF,TRUE,0.9232988434688713,3,-0.33716925294984756
BRISONr_113,2015__KIE__HN_NF_RF,TRUE,1,4,-0.20037327908283958
BRISONr_113,2015__KIE__HN_WF_RF,TRUE,1,4,-0.09528485657965023
BRISONr_113,2015__KIE__LN_NF_RF,TRUE,1,4,-0.4337142528690463
BRISONr_113,2015__QLB__HN_NF_RF,TRUE,1,4,0.19964527334567658
BRISONr_113,2015__QLB__HN_WF_RF,TRUE,1,4,-0.13023252584384282
BRISONr_113,2015__QLB__LN_NF_RF,TRUE,1,4,0.1283228043732405
BRISONr_113,2016__GGE__HN_NF_RF,TRUE,1,4,0.40993706486003906
BRISONr_113,2016__GGE__HN_WF_RF,TRUE,1,4,0.14331722215218154
BRISONr_113,2016__GGE__LN_NF_RF,TRUE,1,4,-0.04364138347034849
BRISONr_113,2016__HAN__HN_NF_RF,TRUE,1,4,0.29071005783445836
BRISONr_113,2016__HAN__HN_WF_RF,TRUE,1,4,0.21134111832840557
BRISONr_113,2016__HAN__LN_NF_RF,TRUE,1,4,0.27375531439097206
BRISONr_113,2016__KAL__HN_NF_RF,TRUE,1,4,0.23987202004716432
BRISONr_113,2016__KAL__HN_WF_RF,TRUE,1,4,0.06586389897740709
BRISONr_113,2016__KAL__LN_NF_RF,TRUE,1,4,0.2553930123860064
BRISONr_113,2016__KIE__HN_NF_RF,TRUE,1,4,0.2768938535201142
BRISONr_113,2016__KIE__HN_WF_RF,TRUE,1,4,-0.13813626026493928
BRISONr_113,2016__KIE__LN_NF_RF,TRUE,1,4,-0.2995372071686546
BRISONr_113,2016__QLB__HN_NF_RF,TRUE,1,4,0.7403248207633979
BRISONr_113,2016__QLB__HN_WF_RF,TRUE,1,4,0.28889281382718685
BRISONr_113,2016__QLB__LN_NF_RF,TRUE,1,4,0.5171019088812855
BRISONr_113,2017__GGE__HN_NF_RF,TRUE,1,4,0.2901992434837161
BRISONr_113,2017__GGE__HN_WF_RF,TRUE,1,4,-0.04417690509280868
BRISONr_113,2017__GGE__LN_NF_RF,TRUE,1,4,0.0691719841940573
BRISONr_113,2017__HAN__HN_NF_RF,TRUE,1,4,0.10786375058838754
BRISONr_113,2017__HAN__HN_WF_RF,TRUE,1,4,0.14730240772140996
BRISONr_113,2017__HAN__LN_NF_RF,TRUE,1,4,0.3041224190488632
BRISONr_113,2017__KAL__HN_NF_RF,TRUE,1,4,0.15571507426827375
BRISONr_113,2017__KAL__HN_WF_RF,TRUE,1,4,0.05970682958544879
BRISONr_113,2017__KAL__LN_NF_RF,TRUE,1,4,-0.24063792490934607
BRISONr_113,2017__KIE__HN_NF_RF,TRUE,1,4,0.32641815349775266
BRISONr_113,2017__KIE__HN_WF_RF,TRUE,1,4,0.21674458518863604
BRISONr_113,2017__KIE__LN_NF_RF,TRUE,1,4,-0.017682503439409806
BRISONr_113,2017__QLB__HN_NF_RF,TRUE,1,4,0.6424574331089031
BRISONr_113,2017__QLB__HN_WF_RF,TRUE,1,4,0.37297995976483284
BRISONr_113,2017__QLB__LN_NF_RF,TRUE,1,4,0.3451896497118985
BRISONr_114,2015__GGE__HN_NF_RF,TRUE,1,4,0.2582682215302722
BRISONr_114,2015__GGE__HN_WF_RF,TRUE,1,4,-0.7158444537136082
BRISONr_114,2015__GGE__LN_NF_RF,TRUE,1,4,0.2994870547025134
BRISONr_114,2015__HAN__HN_NF_RF,TRUE,1,4,-0.30407532844524726
BRISONr_114,2015__HAN__HN_WF_RF,TRUE,1,4,-0.7079834063455994
BRISONr_114,2015__HAN__LN_NF_RF,TRUE,1,4,-0.13899186622602297
BRISONr_114,2015__KAL__HN_NF_RF,TRUE,0.9232988434688713,3,0.29242951045055
BRISONr_114,2015__KAL__HN_WF_RF,TRUE,0.9232988434688713,3,-0.24902926177923784
BRISONr_114,2015__KAL__LN_NF_RF,TRUE,0.9232988434688713,3,-0.1825642441047141
BRISONr_114,2015__KIE__HN_NF_RF,TRUE,1,4,-0.21057972418286355
BRISONr_114,2015__KIE__HN_WF_RF,TRUE,1,4,-0.3388549772058259
BRISONr_114,2015__KIE__LN_NF_RF,TRUE,1,4,-0.3249669045144592
BRISONr_114,2015__QLB__HN_NF_RF,TRUE,1,4,0.003910767058104798
BRISONr_114,2015__QLB__HN_WF_RF,TRUE,1,4,-0.26129146320267765
BRISONr_114,2015__QLB__LN_NF_RF,TRUE,1,4,-0.2606905666674938
BRISONr_114,2016__GGE__HN_NF_RF,TRUE,1,4,0.1358768254746869
BRISONr_114,2016__GGE__HN_WF_RF,TRUE,1,4,0.3662787726681279
BRISONr_114,2016__GGE__LN_NF_RF,TRUE,1,4,-0.028633993017661778
BRISONr_114,2016__HAN__HN_NF_RF,TRUE,1,4,0.35412528284498784
BRISONr_114,2016__HAN__HN_WF_RF,TRUE,1,4,-0.339730683200132
BRISONr_114,2016__HAN__LN_NF_RF,TRUE,1,4,-0.28865142041402353
BRISONr_114,2016__KAL__HN_NF_RF,TRUE,1,4,-0.09575546555957888
BRISONr_114,2016__KAL__HN_WF_RF,TRUE,1,4,-0.7523632563149412
BRISONr_114,2016__KAL__LN_NF_RF,TRUE,1,4,-0.14698610606228904
BRISONr_114,2016__KIE__HN_NF_RF,TRUE,1,4,0.02165640038585619
BRISONr_114,2016__KIE__HN_WF_RF,TRUE,1,4,-0.3631322798620312
BRISONr_114,2016__KIE__LN_NF_RF,TRUE,1,4,-0.3324634407694019
BRISONr_114,2016__QLB__HN_NF_RF,TRUE,1,4,0.540673480487872
BRISONr_114,2016__QLB__HN_WF_RF,TRUE,1,4,-0.05073125546791521
BRISONr_114,2016__QLB__LN_NF_RF,TRUE,1,4,0.06387814774104011
BRISONr_114,2017__GGE__HN_NF_RF,TRUE,1,4,-0.1281504173387956
BRISONr_114,2017__GGE__HN_WF_RF,TRUE,1,4,0.27761814312240923
BRISONr_114,2017__GGE__LN_NF_RF,TRUE,1,4,-0.2875254950378021
BRISONr_114,2017__HAN__HN_NF_RF,TRUE,1,4,0.022278445777547853
BRISONr_114,2017__HAN__HN_WF_RF,TRUE,1,4,0.01137035266912211
BRISONr_114,2017__HAN__LN_NF_RF,TRUE,1,4,0.6398262403965743
BRISONr_114,2017__KAL__HN_NF_RF,TRUE,1,4,-0.3305011868179297
BRISONr_114,2017__KAL__HN_WF_RF,TRUE,1,4,-0.2730244654385104
BRISONr_114,2017__KAL__LN_NF_RF,TRUE,1,4,-0.8992050796839216
BRISONr_114,2017__KIE__HN_NF_RF,TRUE,1,4,-0.3998962280240305
BRISONr_114,2017__KIE__HN_WF_RF,TRUE,1,4,-0.24654646336024688
BRISONr_114,2017__KIE__LN_NF_RF,TRUE,1,4,-0.07463490721226193
BRISONr_114,2017__QLB__HN_NF_RF,TRUE,1,4,0.22000614897347245
BRISONr_114,2017__QLB__HN_WF_RF,TRUE,1,4,0.1792261281859768
BRISONr_114,2017__QLB__LN_NF_RF,TRUE,1,4,-0.08501131517656946
BRISONr_115,2015__GGE__HN_NF_RF,TRUE,1,4,-0.06797328133658656
BRISONr_115,2015__GGE__HN_WF_RF,TRUE,1,4,-0.2716747904311044
BRISONr_115,2015__GGE__LN_NF_RF,TRUE,1,4,0.13305341742573365
BRISONr_115,2015__HAN__HN_NF_RF,TRUE,1,4,0.49226270023413105
BRISONr_115,2015__HAN__HN_WF_RF,TRUE,1,4,-0.08816266397453422
BRISONr_115,2015__HAN__LN_NF_RF,TRUE,1,4,0.14991577824283842
BRISONr_115,2015__KAL__HN_NF_RF,TRUE,0.9232988434688713,3,0.3237381809045465
BRISONr_115,2015__KAL__HN_WF_RF,TRUE,0.9232988434688713,3,0.14757901957785455
BRISONr_115,2015__KAL__LN_NF_RF,TRUE,0.9232988434688713,3,0.39957473800535004
BRISONr_115,2015__KIE__HN_NF_RF,TRUE,1,4,0.0437849132783478
BRISONr_115,2015__KIE__HN_WF_RF,TRUE,1,4,-0.041169636249772296
BRISONr_115,2015__KIE__LN_NF_RF,TRUE,1,4,-0.01746829937843069
BRISONr_115,2015__QLB__HN_NF_RF,TRUE,1,4,-0.02802993096642162
BRISONr_115,2015__QLB__HN_WF_RF,TRUE,1,4,0.18081082356885106
BRISONr_115,2015__QLB__LN_NF_RF,TRUE,1,4,0.46601709759382126
BRISONr_115,2016__GGE__HN_NF_RF,TRUE,1,4,0.6526980544341255
BRISONr_115,2016__GGE__HN_WF_RF,TRUE,1,4,0.2643572331006169
BRISONr_115,2016__GGE__LN_NF_RF,TRUE,1,4,0.28625735943780894
BRISONr_115,2016__HAN__HN_NF_RF,TRUE,1,4,0.12723375989718078
BRISONr_115,2016__HAN__HN_WF_RF,TRUE,1,4,0.33790540813631775
BRISONr_115,2016__HAN__LN_NF_RF,TRUE,1,4,0.6162286788516427
BRISONr_115,2016__KAL__HN_NF_RF,TRUE,1,4,-0.7976418576881341
BRISONr_115,2016__KAL__HN_WF_RF,TRUE,1,4,0.3053797654152338
BRISONr_115,2016__KAL__LN_NF_RF,TRUE,1,4,-0.5912828807477432
BRISONr_115,2016__KIE__HN_NF_RF,TRUE,1,4,0.02439183698778858
BRISONr_115,2016__KIE__HN_WF_RF,TRUE,1,4,0.12723215078021802
BRISONr_115,2016__KIE__LN_NF_RF,TRUE,1,4,0.2264726666721435
BRISONr_115,2016__QLB__HN_NF_RF,TRUE,1,4,0.7557714956540673
BRISONr_115,2016__QLB__HN_WF_RF,TRUE,1,4,0.15683068387022422
BRISONr_115,2016__QLB__LN_NF_RF,TRUE,1,4,0.8152528731217712
BRISONr_115,2017__GGE__HN_NF_RF,TRUE,1,4,-0.150000704839974
BRISONr_115,2017__GGE__HN_WF_RF,TRUE,1,4,-0.5365719022338707
BRISONr_115,2017__GGE__LN_NF_RF,TRUE,1,4,-0.14814452055806876
BRISONr_115,2017__HAN__HN_NF_RF,TRUE,1,4,0.211059319814112
BRISONr_115,2017__HAN__HN_WF_RF,TRUE,1,4,0.02019156734520421
BRISONr_115,2017__HAN__LN_NF_RF,TRUE,1,4,0.22008734499762864
BRISONr_115,2017__KAL__HN_NF_RF,TRUE,1,4,0.13107915122615568
BRISONr_115,2017__KAL__HN_WF_RF,TRUE,1,4,0.1988608304637829
BRISONr_115,2017__KAL__LN_NF_RF,TRUE,1,4,-0.32238535485277287
BRISONr_115,2017__KIE__HN_NF_RF,TRUE,1,4,0.11022925241695108
BRISONr_115,2017__KIE__HN_WF_RF,TRUE,1,4,-0.11579656972525061
BRISONr_115,2017__KIE__LN_NF_RF,TRUE,1,4,0.5231632354003198
BRISONr_115,2017__QLB__HN_NF_RF,TRUE,1,4,-0.1694526402183944
BRISONr_115,2017__QLB__HN_WF_RF,TRUE,1,4,-0.24939210666313671
BRISONr_115,2017__QLB__LN_NF_RF,TRUE,1,4,0.6108814896227411
BRISONr_116,2015__GGE__HN_NF_RF,TRUE,1,4,-0.12002487920197942
BRISONr_116,2015__GGE__HN_WF_RF,TRUE,1,4,0.2240686547550414
BRISONr_116,2015__GGE__LN_NF_RF,TRUE,1,4,0.23924833067677279
BRISONr_116,2015__HAN__HN_NF_RF,TRUE,1,4,0.4781368104750073
BRISONr_116,2015__HAN__HN_WF_RF,TRUE,1,4,0.255166063060526
BRISONr_116,2015__HAN__LN_NF_RF,TRUE,1,4,0.2264718095743555
BRISONr_116,2015__KAL__HN_NF_RF,TRUE,0.9232988434688713,3,0.21950215776079574
BRISONr_116,2015__KAL__HN_WF_RF,TRUE,0.9232988434688713,3,-0.37142294921371427
BRISONr_116,2015__KAL__LN_NF_RF,TRUE,0.9232988434688713,3,1.114137190997418
BRISONr_116,2015__KIE__HN_NF_RF,TRUE,1,4,0.1257796313124902
BRISONr_116,2015__KIE__HN_WF_RF,TRUE,1,4,0.2783754503028351
BRISONr_116,2015__KIE__LN_NF_RF,TRUE,1,4,0.5524943427307725
BRISONr_116,2015__QLB__HN_NF_RF,TRUE,1,4,0.4024840918570136
BRISONr_116,2015__QLB__HN_WF_RF,TRUE,1,4,0.404202775087364
BRISONr_116,2015__QLB__LN_NF_RF,TRUE,1,4,0.21303271772599053
BRISONr_116,2016__GGE__HN_NF_RF,TRUE,1,4,0.512859903592307
BRISONr_116,2016__GGE__HN_WF_RF,TRUE,1,4,0.6120123097660918
BRISONr_116,2016__GGE__LN_NF_RF,TRUE,1,4,-0.16559907610084573
BRISONr_116,2016__HAN__HN_NF_RF,TRUE,1,4,0.3638213647978893
BRISONr_116,2016__HAN__HN_WF_RF,TRUE,1,4,0.05903334742692301
BRISONr_116,2016__HAN__LN_NF_RF,TRUE,1,4,0.2309909017174413
BRISONr_116,2016__KAL__HN_NF_RF,TRUE,1,4,0.4582859874901892
BRISONr_116,2016__KAL__HN_WF_RF,TRUE,1,4,0.01148706855467895
BRISONr_116,2016__KAL__LN_NF_RF,TRUE,1,4,0.38651066794152816
BRISONr_116,2016__KIE__HN_NF_RF,TRUE,1,4,0.19049675578912534
BRISONr_116,2016__KIE__HN_WF_RF,TRUE,1,4,-0.3002716874790165
BRISONr_116,2016__KIE__LN_NF_RF,TRUE,1,4,-0.19187618639116868
BRISONr_116,2016__QLB__HN_NF_RF,TRUE,1,4,0.3999513500580974
BRISONr_116,2016__QLB__HN_WF_RF,TRUE,1,4,0.512976219738115
BRISONr_116,2016__QLB__LN_NF_RF,TRUE,1,4,0.19826317695568266
BRISONr_116,2017__GGE__HN_NF_RF,TRUE,1,4,0.3286055494837017
BRISONr_116,2017__GGE__HN_WF_RF,TRUE,1,4,-0.05741536947511218
BRISONr_116,2017__GGE__LN_NF_RF,TRUE,1,4,0.45737874788274635
BRISONr_116,2017__HAN__HN_NF_RF,TRUE,1,4,-0.16709438292143258
BRISONr_116,2017__HAN__HN_WF_RF,TRUE,1,4,0.3907791957888872
BRISONr_116,2017__HAN__LN_NF_RF,TRUE,1,4,0.1510953941587004
BRISONr_116,2017__KAL__HN_NF_RF,TRUE,1,4,0.7392096426471277
BRISONr_116,2017__KAL__HN_WF_RF,TRUE,1,4,0.2180258681915794
BRISONr_116,2017__KAL__LN_NF_RF,TRUE,1,4,0.18679169637602933
BRISONr_116,2017__KIE__HN_NF_RF,TRUE,1,4,-0.17709126310846834
BRISONr_116,2017__KIE__HN_WF_RF,TRUE,1,4,0.2775171255297946
BRISONr_116,2017__KIE__LN_NF_RF,TRUE,1,4,0.36518127548014645
BRISONr_116,2017__QLB__HN_NF_RF,TRUE,1,4,0.5329372380497085
BRISONr_116,2017__QLB__HN_WF_RF,TRUE,1,4,-0.19235053206462216
BRISONr_116,2017__QLB__LN_NF_RF,TRUE,1,4,0.3248132020795208
BRISONr_117,2015__GGE__HN_NF_RF,TRUE,1,4,-0.3655705388217122
BRISONr_117,2015__GGE__HN_WF_RF,TRUE,1,4,0.4175017039409342
BRISONr_117,2015__GGE__LN_NF_RF,TRUE,1,4,-0.2707058115221728
BRISONr_117,2015__HAN__HN_NF_RF,TRUE,1,4,-0.5646929749651123
BRISONr_117,2015__HAN__HN_WF_RF,TRUE,1,4,-0.4375765954626056
BRISONr_117,2015__HAN__LN_NF_RF,TRUE,1,4,-0.3683171596498645
BRISONr_117,2015__KAL__HN_NF_RF,TRUE,0.9232988434688713,3,-0.6340294317216221
BRISONr_117,2015__KAL__HN_WF_RF,TRUE,0.9232988434688713,3,0.2495661106649271
BRISONr_117,2015__KAL__LN_NF_RF,TRUE,0.9232988434688713,3,0.5292790191851771
BRISONr_117,2015__KIE__HN_NF_RF,TRUE,1,4,0.19350956853056622
BRISONr_117,2015__KIE__HN_WF_RF,TRUE,1,4,0.17564835273728163
BRISONr_117,2015__KIE__LN_NF_RF,TRUE,1,4,0.30804186839322495
BRISONr_117,2015__QLB__HN_NF_RF,TRUE,1,4,-0.11169665620257874
BRISONr_117,2015__QLB__HN_WF_RF,TRUE,1,4,0.028655372732136773
BRISONr_117,2015__QLB__LN_NF_RF,TRUE,1,4,-0.015015264671385808
BRISONr_117,2016__GGE__HN_NF_RF,TRUE,1,4,-0.555289785060009
BRISONr_117,2016__GGE__HN_WF_RF,TRUE,1,4,-0.15645779958449
BRISONr_117,2016__GGE__LN_NF_RF,TRUE,1,4,0.03983075509670322
BRISONr_117,2016__HAN__HN_NF_RF,TRUE,1,4,-0.23863538977231394
BRISONr_117,2016__HAN__HN_WF_RF,TRUE,1,4,0.25596783621241603
BRISONr_117,2016__HAN__LN_NF_RF,TRUE,1,4,-0.42525077284362883
BRISONr_117,2016__KAL__HN_NF_RF,TRUE,1,4,-0.7858411386853283
BRISONr_117,2016__KAL__HN_WF_RF,TRUE,1,4,-0.3389186992570374
BRISONr_117,2016__KAL__LN_NF_RF,TRUE,1,4,-0.2674897832285025
BRISONr_117,2016__KIE__HN_NF_RF,TRUE,1,4,-0.11792466106807326
BRISONr_117,2016__KIE__HN_WF_RF,TRUE,1,4,0.0998762834785672
BRISONr_117,2016__KIE__LN_NF_RF,TRUE,1,4,0.2806874184324612
BRISONr_117,2016__QLB__HN_NF_RF,TRUE,1,4,-0.1776963826244221
BRISONr_117,2016__QLB__HN_WF_RF,TRUE,1,4,-0.08421744250180485
BRISONr_117,2016__QLB__LN_NF_RF,TRUE,1,4,0.11208147351345035
BRISONr_117,2017__GGE__HN_NF_RF,TRUE,1,4,0.4142761186308357
BRISONr_117,2017__GGE__HN_WF_RF,TRUE,1,4,0.11300244613976812
BRISONr_117,2017__GGE__LN_NF_RF,TRUE,1,4,-0.03570605854863765
BRISONr_117,2017__HAN__HN_NF_RF,TRUE,1,4,-0.2741615741361284
BRISONr_117,2017__HAN__HN_WF_RF,TRUE,1,4,-0.0826329152410896
BRISONr_117,2017__HAN__LN_NF_RF,TRUE,1,4,0.24938291007205948
BRISONr_117,2017__KAL__HN_NF_RF,TRUE,1,4,0.13255847722990774
BRISONr_117,2017__KAL__HN_WF_RF,TRUE,1,4,0.13584077189071886
BRISONr_117,2017__KAL__LN_NF_RF,TRUE,1,4,-0.07198260127441378
BRISONr_117,2017__KIE__HN_NF_RF,TRUE,1,4,0.21993289092902302
BRISONr_117,2017__KIE__HN_WF_RF,TRUE,1,4,0.1500402617990643
BRISONr_117,2017__KIE__LN_NF_RF,TRUE,1,4,-0.42464742117328275
BRISONr_117,2017__QLB__HN_NF_RF,TRUE,1,4,0.029894570441062914
BRISONr_117,2017__QLB__HN_WF_RF,TRUE,1,4,0.1554023531405673
BRISONr_117,2017__QLB__LN_NF_RF,TRUE,1,4,0.13162938207102942
BRISONr_118,2015__GGE__HN_NF_RF,TRUE,1,4,0.1164003809592292
BRISONr_118,2015__GGE__HN_WF_RF,TRUE,1,4,0.6088419835391019
BRISONr_118,2015__GGE__LN_NF_RF,TRUE,1,4,0.122530315674547
BRISONr_118,2015__HAN__HN_NF_RF,TRUE,1,4,0.28987314865683605
BRISONr_118,2015__HAN__HN_WF_RF,TRUE,1,4,0.013422421152174395
BRISONr_118,2015__HAN__LN_NF_RF,TRUE,1,4,0.18088697803603507
BRISONr_118,2015__KAL__HN_NF_RF,TRUE,0.9232988434688713,3,0.0019141749655748777
BRISONr_118,2015__KAL__HN_WF_RF,TRUE,0.9232988434688713,3,0.5804116355936253
BRISONr_118,2015__KAL__LN_NF_RF,TRUE,0.9232988434688713,3,0.9721825605044754
BRISONr_118,2015__KIE__HN_NF_RF,TRUE,1,4,0.14312337014661183
BRISONr_118,2015__KIE__HN_WF_RF,TRUE,1,4,-0.07243777292941021
BRISONr_118,2015__KIE__LN_NF_RF,TRUE,1,4,-0.3491522511507474
BRISONr_118,2015__QLB__HN_NF_RF,TRUE,1,4,0.4235918952020357
BRISONr_118,2015__QLB__HN_WF_RF,TRUE,1,4,1.0787968036719522
BRISONr_118,2015__QLB__LN_NF_RF,TRUE,1,4,0.6953979882827155
BRISONr_118,2016__GGE__HN_NF_RF,TRUE,1,4,0.4198600727401941
BRISONr_118,2016__GGE__HN_WF_RF,TRUE,1,4,0.30248165977615427
BRISONr_118,2016__GGE__LN_NF_RF,TRUE,1,4,0.24025572283443322
BRISONr_118,2016__HAN__HN_NF_RF,TRUE,1,4,-0.13580186382731804
BRISONr_118,2016__HAN__HN_WF_RF,TRUE,1,4,0.027904697733250883
BRISONr_118,2016__HAN__LN_NF_RF,TRUE,1,4,0.5077039940003838
BRISONr_118,2016__KAL__HN_NF_RF,TRUE,1,4,-0.09590866357134474
BRISONr_118,2016__KAL__HN_WF_RF,TRUE,1,4,-0.18033772194992065
BRISONr_118,2016__KAL__LN_NF_RF,TRUE,1,4,0.24014467165318185
BRISONr_118,2016__KIE__HN_NF_RF,TRUE,1,4,0.3986171934397698
BRISONr_118,2016__KIE__HN_WF_RF,TRUE,1,4,0.4703190894024856
BRISONr_118,2016__KIE__LN_NF_RF,TRUE,1,4,-0.025126306679780372
BRISONr_118,2016__QLB__HN_NF_RF,TRUE,1,4,0.2976007138586764
BRISONr_118,2016__QLB__HN_WF_RF,TRUE,1,4,0.9248331480652856
BRISONr_118,2016__QLB__LN_NF_RF,TRUE,1,4,0.37219968633405776
BRISONr_118,2017__GGE__HN_NF_RF,TRUE,1,4,0.5102135315331666
BRISONr_118,2017__GGE__HN_WF_RF,TRUE,1,4,0.43714688914884076
BRISONr_118,2017__GGE__LN_NF_RF,TRUE,1,4,0.6565127287923053
BRISONr_118,2017__HAN__HN_NF_RF,TRUE,1,4,-0.1027246085682066
BRISONr_118,2017__HAN__HN_WF_RF,TRUE,1,4,-0.06707605861167001
BRISONr_118,2017__HAN__LN_NF_RF,TRUE,1,4,-0.07555806656716435
BRISONr_118,2017__KAL__HN_NF_RF,TRUE,1,4,-0.11748405494093137
BRISONr_118,2017__KAL__HN_WF_RF,TRUE,1,4,0.05502975511692187
BRISONr_118,2017__KAL__LN_NF_RF,TRUE,1,4,-0.19433332124041072
BRISONr_118,2017__KIE__HN_NF_RF,TRUE,1,4,-0.008124796766897861
BRISONr_118,2017__KIE__HN_WF_RF,TRUE,1,4,0.22191628874058175
BRISONr_118,2017__KIE__LN_NF_RF,TRUE,1,4,-0.8596592041352047
BRISONr_118,2017__QLB__HN_NF_RF,TRUE,1,4,0.3970892506054523
BRISONr_118,2017__QLB__HN_WF_RF,TRUE,1,4,0.23903410077762888
BRISONr_118,2017__QLB__LN_NF_RF,TRUE,1,4,0.3966815665098353
BRISONr_119,2015__GGE__HN_NF_RF,TRUE,1,4,0.6646905062044711
BRISONr_119,2015__GGE__HN_WF_RF,TRUE,1,4,0.14838481527985606
BRISONr_119,2015__GGE__LN_NF_RF,TRUE,1,4,0.19430141534061923
BRISONr_119,2015__HAN__HN_NF_RF,TRUE,1,4,0.3622097779223009
BRISONr_119,2015__HAN__HN_WF_RF,TRUE,1,4,-0.185861841205611
BRISONr_119,2015__HAN__LN_NF_RF,TRUE,1,4,-0.10971866345732001
BRISONr_119,2015__KAL__HN_NF_RF,TRUE,0.9232988434688713,3,-0.26703659164401694
BRISONr_119,2015__KAL__HN_WF_RF,TRUE,0.9232988434688713,3,0.028202991954044777
BRISONr_119,2015__KAL__LN_NF_RF,TRUE,0.9232988434688713,3,-0.09663582148070803
BRISONr_119,2015__KIE__HN_NF_RF,TRUE,1,4,-0.40881053671743445
BRISONr_119,2015__KIE__HN_WF_RF,TRUE,1,4,-0.23956378799648936
BRISONr_119,2015__KIE__LN_NF_RF,TRUE,1,4,-0.6062138389145214
BRISONr_119,2015__QLB__HN_NF_RF,TRUE,1,4,0.5024639090041634
BRISONr_119,2015__QLB__HN_WF_RF,TRUE,1,4,0.7871991901997393
BRISONr_119,2015__QLB__LN_NF_RF,TRUE,1,4,0.3905922822021479
BRISONr_119,2016__GGE__HN_NF_RF,TRUE,1,4,0.5429010318644244
BRISONr_119,2016__GGE__HN_WF_RF,TRUE,1,4,0.1739820192533989
BRISONr_119,2016__GGE__LN_NF_RF,TRUE,1,4,-0.10067564664564857
BRISONr_119,2016__HAN__HN_NF_RF,TRUE,1,4,0.16784817706233376
BRISONr_119,2016__HAN__HN_WF_RF,TRUE,1,4,-0.42206013783602986
BRISONr_119,2016__HAN__LN_NF_RF,TRUE,1,4,-0.5270577618655321
BRISONr_119,2016__KAL__HN_NF_RF,TRUE,1,4,0.3127055146827447
BRISONr_119,2016__KAL__HN_WF_RF,TRUE,1,4,-0.05310532063012034
BRISONr_119,2016__KAL__LN_NF_RF,TRUE,1,4,0.3073337232461163
BRISONr_119,2016__KIE__HN_NF_RF,TRUE,1,4,0.08141390987793759
BRISONr_119,2016__KIE__HN_WF_RF,TRUE,1,4,-0.23764568979971853
BRISONr_119,2016__KIE__LN_NF_RF,TRUE,1,4,-0.10953886279752284
BRISONr_119,2016__QLB__HN_NF_RF,TRUE,1,4,0.3785523757443362
BRISONr_119,2016__QLB__HN_WF_RF,TRUE,1,4,0.08142701671660377
BRISONr_119,2016__QLB__LN_NF_RF,TRUE,1,4,0.41543205735533456
BRISONr_119,2017__GGE__HN_NF_RF,TRUE,1,4,0.5308344930486342
BRISONr_119,2017__GGE__HN_WF_RF,TRUE,1,4,0.3788962322889078
BRISONr_119,2017__GGE__LN_NF_RF,TRUE,1,4,0.0038703149179843827
BRISONr_119,2017__HAN__HN_NF_RF,TRUE,1,4,0.17342513683324481
BRISONr_119,2017__HAN__HN_WF_RF,TRUE,1,4,-0.2520327010045327
BRISONr_119,2017__HAN__LN_NF_RF,TRUE,1,4,0.09937991482657141
BRISONr_119,2017__KAL__HN_NF_RF,TRUE,1,4,0.300836939102504
BRISONr_119,2017__KAL__HN_WF_RF,TRUE,1,4,-0.2987383294329659
BRISONr_119,2017__KAL__LN_NF_RF,TRUE,1,4,-0.7790683714998458
BRISONr_119,2017__KIE__HN_NF_RF,TRUE,1,4,0.050027449826468784
BRISONr_119,2017__KIE__HN_WF_RF,TRUE,1,4,0.05167168103024646
BRISONr_119,2017__KIE__LN_NF_RF,TRUE,1,4,0.4603963415398592
BRISONr_119,2017__QLB__HN_NF_RF,TRUE,1,4,0.1484328387163168
BRISONr_119,2017__QLB__HN_WF_RF,TRUE,1,4,0.0695668180834928
BRISONr_119,2017__QLB__LN_NF_RF,TRUE,1,4,0.3009925109833951
BRISONr_12,2015__GGE__HN_NF_RF,TRUE,1,4,0.1819950795346485
BRISONr_12,2015__GGE__HN_WF_RF,TRUE,1,4,0.7532557486628205
BRISONr_12,2015__GGE__LN_NF_RF,TRUE,1,4,0.37027034921516766
BRISONr_12,2015__HAN__HN_NF_RF,TRUE,1,4,0.07712140093654946
BRISONr_12,2015__HAN__HN_WF_RF,TRUE,1,4,1.1220035823347287
BRISONr_12,2015__HAN__LN_NF_RF,TRUE,1,4,0.13379534262355605
BRISONr_12,2015__KAL__HN_NF_RF,TRUE,0.9232988434688713,3,-0.006236273248741527
BRISONr_12,2015__KAL__HN_WF_RF,TRUE,0.9232988434688713,3,1.1035684745810312
BRISONr_12,2015__KAL__LN_NF_RF,TRUE,0.9232988434688713,3,0.5996989361339972
BRISONr_12,2015__KIE__HN_NF_RF,TRUE,1,4,0.8550848045528933
BRISONr_12,2015__KIE__HN_WF_RF,TRUE,1,4,0.37064793743440244
BRISONr_12,2015__KIE__LN_NF_RF,TRUE,1,4,0.30075282027990174
BRISONr_12,2015__QLB__HN_NF_RF,TRUE,1,4,0.11428189210419723
BRISONr_12,2015__QLB__HN_WF_RF,TRUE,1,4,0.9893123617106786
BRISONr_12,2015__QLB__LN_NF_RF,TRUE,1,4,0.5545517426116399
BRISONr_12,2016__GGE__HN_NF_RF,TRUE,1,4,-0.13236410347147926
BRISONr_12,2016__GGE__HN_WF_RF,TRUE,1,4,0.1926618882910069
BRISONr_12,2016__GGE__LN_NF_RF,TRUE,1,4,-0.043767875128889897
BRISONr_12,2016__HAN__HN_NF_RF,TRUE,1,4,0.0948699817910844
BRISONr_12,2016__HAN__HN_WF_RF,TRUE,1,4,0.6030084869322769
BRISONr_12,2016__HAN__LN_NF_RF,TRUE,1,4,0.11360027134642775
BRISONr_12,2016__KAL__HN_NF_RF,TRUE,1,4,0.0029817582642674943
BRISONr_12,2016__KAL__HN_WF_RF,TRUE,1,4,0.6951131082290203
BRISONr_12,2016__KAL__LN_NF_RF,TRUE,1,4,-0.00756393230192387
BRISONr_12,2016__KIE__HN_NF_RF,TRUE,1,4,0.517992622689486
BRISONr_12,2016__KIE__HN_WF_RF,TRUE,1,4,0.6068559014397978
BRISONr_12,2016__KIE__LN_NF_RF,TRUE,1,4,0.21499416163087998
BRISONr_12,2016__QLB__HN_NF_RF,TRUE,1,4,0.3132999218165409
BRISONr_12,2016__QLB__HN_WF_RF,TRUE,1,4,0.6909645734273945
BRISONr_12,2016__QLB__LN_NF_RF,TRUE,1,4,0.13671462540565404
BRISONr_12,2017__GGE__HN_NF_RF,TRUE,1,4,-0.4410490335224113
BRISONr_12,2017__GGE__HN_WF_RF,TRUE,1,4,0.44822701915209917
BRISONr_12,2017__GGE__LN_NF_RF,TRUE,1,4,0.13890940051737166
BRISONr_12,2017__HAN__HN_NF_RF,TRUE,1,4,-0.21033025626578034
BRISONr_12,2017__HAN__HN_WF_RF,TRUE,1,4,0.6221972017420452
BRISONr_12,2017__HAN__LN_NF_RF,TRUE,1,4,0.161394739622979
BRISONr_12,2017__KAL__HN_NF_RF,TRUE,1,4,-0.029290921175758426
BRISONr_12,2017__KAL__HN_WF_RF,TRUE,1,4,0.23038521234860793
BRISONr_12,2017__KAL__LN_NF_RF,TRUE,1,4,-0.014953646988691227
BRISONr_12,2017__KIE__HN_NF_RF,TRUE,1,4,0.19523189181168646
BRISONr_12,2017__KIE__HN_WF_RF,TRUE,1,4,0.4631289054266193
BRISONr_12,2017__KIE__LN_NF_RF,TRUE,1,4,0.7174187548862573
BRISONr_12,2017__QLB__HN_NF_RF,TRUE,1,4,0.5772723519784303
BRISONr_12,2017__QLB__HN_WF_RF,TRUE,1,4,1.3674772251090632
BRISONr_12,2017__QLB__LN_NF_RF,TRUE,1,4,0.8936768608286639
BRISONr_120,2015__GGE__HN_NF_RF,TRUE,1,4,-0.07298702859666062
BRISONr_120,2015__GGE__HN_WF_RF,TRUE,1,4,-0.15421692983216495
BRISONr_120,2015__GGE__LN_NF_RF,TRUE,1,4,-0.009835880394727332
BRISONr_120,2015__HAN__HN_NF_RF,TRUE,1,4,-0.5085866722070386
BRISONr_120,2015__HAN__HN_WF_RF,TRUE,1,4,-0.0605579833825898
BRISONr_120,2015__HAN__LN_NF_RF,TRUE,1,4,-0.35351996966145804
BRISONr_120,2015__KAL__HN_NF_RF,TRUE,0.9232988434688713,3,-0.25238719489396355
BRISONr_120,2015__KAL__HN_WF_RF,TRUE,0.9232988434688713,3,-0.8498626726008833
BRISONr_120,2015__KAL__LN_NF_RF,TRUE,0.9232988434688713,3,-1.0469243448728192
BRISONr_120,2015__KIE__HN_NF_RF,TRUE,1,4,-0.6835778855019491
BRISONr_120,2015__KIE__HN_WF_RF,TRUE,1,4,-0.6739142866394808
BRISONr_120,2015__KIE__LN_NF_RF,TRUE,1,4,-0.6080009964563281
BRISONr_120,2015__QLB__HN_NF_RF,TRUE,1,4,-0.7532454712239829
BRISONr_120,2015__QLB__HN_WF_RF,TRUE,1,4,-0.36320246499780834
BRISONr_120,2015__QLB__LN_NF_RF,TRUE,1,4,-0.3572142140614815
BRISONr_120,2016__GGE__HN_NF_RF,TRUE,1,4,-0.280619462288476
BRISONr_120,2016__GGE__HN_WF_RF,TRUE,1,4,-0.4001713109585287
BRISONr_120,2016__GGE__LN_NF_RF,TRUE,1,4,-0.2872366146641266
BRISONr_120,2016__HAN__HN_NF_RF,TRUE,1,4,-0.4880328895445396
BRISONr_120,2016__HAN__HN_WF_RF,TRUE,1,4,-0.39005973448194897
BRISONr_120,2016__HAN__LN_NF_RF,TRUE,1,4,-0.17540792265198865
BRISONr_120,2016__KAL__HN_NF_RF,TRUE,1,4,-0.49107163571486845
BRISONr_120,2016__KAL__HN_WF_RF,TRUE,1,4,-0.5316309956254961
BRISONr_120,2016__KAL__LN_NF_RF,TRUE,1,4,-0.7748155194480449
BRISONr_120,2016__KIE__HN_NF_RF,TRUE,1,4,-0.3546334328488944
BRISONr_120,2016__KIE__HN_WF_RF,TRUE,1,4,-0.020351955768581995
BRISONr_120,2016__KIE__LN_NF_RF,TRUE,1,4,0.27238942100458086
BRISONr_120,2016__QLB__HN_NF_RF,TRUE,1,4,-0.6392749258927791
BRISONr_120,2016__QLB__HN_WF_RF,TRUE,1,4,-0.14430619125088592
BRISONr_120,2016__QLB__LN_NF_RF,TRUE,1,4,-0.5997663449666277
BRISONr_120,2017__GGE__HN_NF_RF,TRUE,1,4,-0.060312426426809854
BRISONr_120,2017__GGE__HN_WF_RF,TRUE,1,4,0.004578482788457988
BRISONr_120,2017__GGE__LN_NF_RF,TRUE,1,4,-0.04114430526897509
BRISONr_120,2017__HAN__HN_NF_RF,TRUE,1,4,-0.20957486958175278
BRISONr_120,2017__HAN__HN_WF_RF,TRUE,1,4,-0.13834936145755303
BRISONr_120,2017__HAN__LN_NF_RF,TRUE,1,4,0.03355745830797761
BRISONr_120,2017__KAL__HN_NF_RF,TRUE,1,4,-0.346099453818262
BRISONr_120,2017__KAL__HN_WF_RF,TRUE,1,4,-0.311002276725747
BRISONr_120,2017__KAL__LN_NF_RF,TRUE,1,4,0.3301669662917226
BRISONr_120,2017__KIE__HN_NF_RF,TRUE,1,4,-0.25660589273643014
BRISONr_120,2017__KIE__HN_WF_RF,TRUE,1,4,-0.7185050675348764
BRISONr_120,2017__KIE__LN_NF_RF,TRUE,1,4,-0.14182964861601238
BRISONr_120,2017__QLB__HN_NF_RF,TRUE,1,4,-0.2705465357199649
BRISONr_120,2017__QLB__HN_WF_RF,TRUE,1,4,0.1740267314946909
BRISONr_120,2017__QLB__LN_NF_RF,TRUE,1,4,0.03337690705247445
BRISONr_121,2015__GGE__HN_NF_RF,TRUE,1,4,0.2687519219000352
BRISONr_121,2015__GGE__HN_WF_RF,TRUE,1,4,-0.10494091067568254
BRISONr_121,2015__GGE__LN_NF_RF,TRUE,1,4,-0.5221210388075324
BRISONr_121,2015__HAN__HN_NF_RF,TRUE,1,4,0.3512040941260745
BRISONr_121,2015__HAN__HN_WF_RF,TRUE,1,4,0.2887040269974492
BRISONr_121,2015__HAN__LN_NF_RF,TRUE,1,4,0.17194255802476122
BRISONr_121,2015__KAL__HN_NF_RF,TRUE,0.9232988434688713,3,0.2537511825329192
BRISONr_121,2015__KAL__HN_WF_RF,TRUE,0.9232988434688713,3,0.0737085306876182
BRISONr_121,2015__KAL__LN_NF_RF,TRUE,0.9232988434688713,3,-0.32329209812754917
BRISONr_121,2015__KIE__HN_NF_RF,TRUE,1,4,-0.05935237782693051
BRISONr_121,2015__KIE__HN_WF_RF,TRUE,1,4,0.07043253089301958
BRISONr_121,2015__KIE__LN_NF_RF,TRUE,1,4,-0.04958198409577051
BRISONr_121,2015__QLB__HN_NF_RF,TRUE,1,4,-0.1493806899675724
BRISONr_121,2015__QLB__HN_WF_RF,TRUE,1,4,-0.3794678144400932
BRISONr_121,2015__QLB__LN_NF_RF,TRUE,1,4,0.4271035394665363
BRISONr_121,2016__GGE__HN_NF_RF,TRUE,1,4,0.05928232929782528
BRISONr_121,2016__GGE__HN_WF_RF,TRUE,1,4,0.11787037269793053
BRISONr_121,2016__GGE__LN_NF_RF,TRUE,1,4,-0.23366722312577595
BRISONr_121,2016__HAN__HN_NF_RF,TRUE,1,4,0.3582507417585517
BRISONr_121,2016__HAN__HN_WF_RF,TRUE,1,4,-0.43677399242232046
BRISONr_121,2016__HAN__LN_NF_RF,TRUE,1,4,-0.05989852156606402
BRISONr_121,2016__KAL__HN_NF_RF,TRUE,1,4,0.5575061519856681
BRISONr_121,2016__KAL__HN_WF_RF,TRUE,1,4,0.26421110821601673
BRISONr_121,2016__KAL__LN_NF_RF,TRUE,1,4,-0.5836630407779705
BRISONr_121,2016__KIE__HN_NF_RF,TRUE,1,4,0.16167445701119032
BRISONr_121,2016__KIE__HN_WF_RF,TRUE,1,4,0.1787795569119597
BRISONr_121,2016__KIE__LN_NF_RF,TRUE,1,4,0.10709305622181729
BRISONr_121,2016__QLB__HN_NF_RF,TRUE,1,4,0.6002775149447234
BRISONr_121,2016__QLB__HN_WF_RF,TRUE,1,4,0.3350699258410383
BRISONr_121,2016__QLB__LN_NF_RF,TRUE,1,4,0.26543126689225793
BRISONr_121,2017__GGE__HN_NF_RF,TRUE,1,4,0.7828294409761037
BRISONr_121,2017__GGE__HN_WF_RF,TRUE,1,4,-0.07444096974336996
BRISONr_121,2017__GGE__LN_NF_RF,TRUE,1,4,0.021505433618245147
BRISONr_121,2017__HAN__HN_NF_RF,TRUE,1,4,0.2266298866291845
BRISONr_121,2017__HAN__HN_WF_RF,TRUE,1,4,-0.005893549327472932
BRISONr_121,2017__HAN__LN_NF_RF,TRUE,1,4,-0.3186681704163929
BRISONr_121,2017__KAL__HN_NF_RF,TRUE,1,4,0.479952365908443
BRISONr_121,2017__KAL__HN_WF_RF,TRUE,1,4,0.20071483965497816
BRISONr_121,2017__KAL__LN_NF_RF,TRUE,1,4,-0.15013569505681412
BRISONr_121,2017__KIE__HN_NF_RF,TRUE,1,4,0.05629557758349983
BRISONr_121,2017__KIE__HN_WF_RF,TRUE,1,4,0.4528520712767846
BRISONr_121,2017__KIE__LN_NF_RF,TRUE,1,4,-0.020116530701834754
BRISONr_121,2017__QLB__HN_NF_RF,TRUE,1,4,0.34710868469365913
BRISONr_121,2017__QLB__HN_WF_RF,TRUE,1,4,0.34301679709465416
BRISONr_121,2017__QLB__LN_NF_RF,TRUE,1,4,0.3555711633617445
BRISONr_122,2015__GGE__HN_NF_RF,TRUE,1,4,-0.3010812878407003
BRISONr_122,2015__GGE__HN_WF_RF,TRUE,1,4,0.42279949846820747
BRISONr_122,2015__GGE__LN_NF_RF,TRUE,1,4,0.2076825004146214
BRISONr_122,2015__HAN__HN_NF_RF,TRUE,1,4,0.031507939865721896
BRISONr_122,2015__HAN__HN_WF_RF,TRUE,1,4,0.262349526037996
BRISONr_122,2015__HAN__LN_NF_RF,TRUE,1,4,0.04472558106912988
BRISONr_122,2015__KAL__HN_NF_RF,TRUE,0.9232988434688713,3,0.30689587444984884
BRISONr_122,2015__KAL__HN_WF_RF,TRUE,0.9232988434688713,3,0.3085563341895234
BRISONr_122,2015__KAL__LN_NF_RF,TRUE,0.9232988434688713,3,-0.08944816405451886
BRISONr_122,2015__KIE__HN_NF_RF,TRUE,1,4,0.3547891755923636
BRISONr_122,2015__KIE__HN_WF_RF,TRUE,1,4,0.3832382061714435
BRISONr_122,2015__KIE__LN_NF_RF,TRUE,1,4,0.018089164351142883
BRISONr_122,2015__QLB__HN_NF_RF,TRUE,1,4,0.5398322423123302
BRISONr_122,2015__QLB__HN_WF_RF,TRUE,1,4,0.4676965413069082
BRISONr_122,2015__QLB__LN_NF_RF,TRUE,1,4,0.5098489925714447
BRISONr_122,2016__GGE__HN_NF_RF,TRUE,1,4,0.15385121623900552
BRISONr_122,2016__GGE__HN_WF_RF,TRUE,1,4,0.70995913682098
BRISONr_122,2016__GGE__LN_NF_RF,TRUE,1,4,0.15195224109882793
BRISONr_122,2016__HAN__HN_NF_RF,TRUE,1,4,0.21680293095052053
BRISONr_122,2016__HAN__HN_WF_RF,TRUE,1,4,0.3638104498722826
BRISONr_122,2016__HAN__LN_NF_RF,TRUE,1,4,0.25099967738160833
BRISONr_122,2016__KAL__HN_NF_RF,TRUE,1,4,-0.5917846241098378
BRISONr_122,2016__KAL__HN_WF_RF,TRUE,1,4,0.025663659101453424
BRISONr_122,2016__KAL__LN_NF_RF,TRUE,1,4,0.016213535872452407
BRISONr_122,2016__KIE__HN_NF_RF,TRUE,1,4,0.3718691472417632
BRISONr_122,2016__KIE__HN_WF_RF,TRUE,1,4,0.6284378317269722
BRISONr_122,2016__KIE__LN_NF_RF,TRUE,1,4,0.02631251755143981
BRISONr_122,2016__QLB__HN_NF_RF,TRUE,1,4,-0.06826883288282201
BRISONr_122,2016__QLB__HN_WF_RF,TRUE,1,4,0.27996434433154427
BRISONr_122,2016__QLB__LN_NF_RF,TRUE,1,4,-0.081007871567031
BRISONr_122,2017__GGE__HN_NF_RF,TRUE,1,4,0.38439688403643857
BRISONr_122,2017__GGE__HN_WF_RF,TRUE,1,4,-0.04760302006032621
BRISONr_122,2017__GGE__LN_NF_RF,TRUE,1,4,0.5614532189148029
BRISONr_122,2017__HAN__HN_NF_RF,TRUE,1,4,0.48872152420361453
BRISONr_122,2017__HAN__HN_WF_RF,TRUE,1,4,0.3022112102000957
BRISONr_122,2017__HAN__LN_NF_RF,TRUE,1,4,0.18262209898294934
BRISONr_122,2017__KAL__HN_NF_RF,TRUE,1,4,-0.12985501832605081
BRISONr_122,2017__KAL__HN_WF_RF,TRUE,1,4,-0.12061720691160459
BRISONr_122,2017__KAL__LN_NF_RF,TRUE,1,4,0.1736926950052442
BRISONr_122,2017__KIE__HN_NF_RF,TRUE,1,4,0.09712925685644638
BRISONr_122,2017__KIE__HN_WF_RF,TRUE,1,4,0.41074331782251344
BRISONr_122,2017__KIE__LN_NF_RF,TRUE,1,4,0.3172970567678441
BRISONr_122,2017__QLB__HN_NF_RF,TRUE,1,4,0.14378555127795165
BRISONr_122,2017__QLB__HN_WF_RF,TRUE,1,4,0.8830046569189816
BRISONr_122,2017__QLB__LN_NF_RF,TRUE,1,4,0.3701747411685601
BRISONr_123,2015__GGE__HN_NF_RF,TRUE,1,4,-1.5713810319541195
BRISONr_123,2015__GGE__HN_WF_RF,TRUE,1,4,-0.4988352309264249
BRISONr_123,2015__GGE__LN_NF_RF,TRUE,1,4,-0.7770552487270403
BRISONr_123,2015__HAN__HN_NF_RF,TRUE,1,4,-1.4086700835992023
BRISONr_123,2015__HAN__HN_WF_RF,TRUE,1,4,-1.1146126554030769
BRISONr_123,2015__HAN__LN_NF_RF,TRUE,1,4,-0.952723529495029
BRISONr_123,2015__KAL__HN_NF_RF,TRUE,0.9232988434688713,3,-1.2211286481213692
BRISONr_123,2015__KAL__HN_WF_RF,TRUE,0.9232988434688713,3,-0.04526655647887923
BRISONr_123,2015__KAL__LN_NF_RF,TRUE,0.9232988434688713,3,-1.8263040419028318
BRISONr_123,2015__KIE__HN_NF_RF,TRUE,1,4,-0.7886400207324877
BRISONr_123,2015__KIE__HN_WF_RF,TRUE,1,4,-0.7451363300647261
BRISONr_123,2015__KIE__LN_NF_RF,TRUE,1,4,-0.8830631185043438
BRISONr_123,2015__QLB__HN_NF_RF,TRUE,1,4,-1.4041031091133418
BRISONr_123,2015__QLB__HN_WF_RF,TRUE,1,4,-0.538910917421877
BRISONr_123,2015__QLB__LN_NF_RF,TRUE,1,4,-1.5408113499714908
BRISONr_123,2016__GGE__HN_NF_RF,TRUE,1,4,-1.9140249588620957
BRISONr_123,2016__GGE__HN_WF_RF,TRUE,1,4,-1.4036805410315074
BRISONr_123,2016__GGE__LN_NF_RF,TRUE,1,4,-1.4534798341338835
BRISONr_123,2016__HAN__HN_NF_RF,TRUE,1,4,-1.768908128914623
BRISONr_123,2016__HAN__HN_WF_RF,TRUE,1,4,-0.33764902093105054
BRISONr_123,2016__HAN__LN_NF_RF,TRUE,1,4,-0.7090396223125809
BRISONr_123,2016__KAL__HN_NF_RF,TRUE,1,4,-1.8647521114845258
BRISONr_123,2016__KAL__HN_WF_RF,TRUE,1,4,-0.9258303005200823
BRISONr_123,2016__KAL__LN_NF_RF,TRUE,1,4,-0.8702293239151744
BRISONr_123,2016__KIE__HN_NF_RF,TRUE,1,4,-1.3902941594085774
BRISONr_123,2016__KIE__HN_WF_RF,TRUE,1,4,-0.4100692980045575
BRISONr_123,2016__KIE__LN_NF_RF,TRUE,1,4,-0.7545646872839227
BRISONr_123,2016__QLB__HN_NF_RF,TRUE,1,4,-1.1171731875113404
BRISONr_123,2016__QLB__HN_WF_RF,TRUE,1,4,-0.7807782811402147
BRISONr_123,2016__QLB__LN_NF_RF,TRUE,1,4,-1.2062759958780842
BRISONr_123,2017__GGE__HN_NF_RF,TRUE,1,4,-0.39998430961022635
BRISONr_123,2017__GGE__HN_WF_RF,TRUE,1,4,-0.25859803519366287
BRISONr_123,2017__GGE__LN_NF_RF,TRUE,1,4,-0.6363162970855445
BRISONr_123,2017__HAN__HN_NF_RF,TRUE,1,4,-0.9965161814432557
BRISONr_123,2017__HAN__HN_WF_RF,TRUE,1,4,-1.4960826782613392
BRISONr_123,2017__HAN__LN_NF_RF,TRUE,1,4,-0.282184754347079
BRISONr_123,2017__KAL__HN_NF_RF,TRUE,1,4,-1.7510300939606276
BRISONr_123,2017__KAL__HN_WF_RF,TRUE,1,4,-0.09321198984246763
BRISONr_123,2017__KAL__LN_NF_RF,TRUE,1,4,-1.1822734813491829
BRISONr_123,2017__KIE__HN_NF_RF,TRUE,1,4,-0.6883866667223968
BRISONr_123,2017__KIE__HN_WF_RF,TRUE,1,4,-0.5192253751345817
BRISONr_123,2017__KIE__LN_NF_RF,TRUE,1,4,-0.6341712998627642
BRISONr_123,2017__QLB__HN_NF_RF,TRUE,1,4,-1.3035353861953354
BRISONr_123,2017__QLB__HN_WF_RF,TRUE,1,4,-0.7819900508543649
BRISONr_123,2017__QLB__LN_NF_RF,TRUE,1,4,-1.5652787640450414
BRISONr_124,2015__GGE__HN_NF_RF,TRUE,1,4,0.31383998555001885
BRISONr_124,2015__GGE__HN_WF_RF,TRUE,1,4,-0.22799331799273587
BRISONr_124,2015__GGE__LN_NF_RF,TRUE,1,4,-0.21014434875156807
BRISONr_124,2015__HAN__HN_NF_RF,TRUE,1,4,-0.1942049906971308
BRISONr_124,2015__HAN__HN_WF_RF,TRUE,1,4,-0.3748183941157756
BRISONr_124,2015__HAN__LN_NF_RF,TRUE,1,4,-0.10329411933821854
BRISONr_124,2015__KAL__HN_NF_RF,TRUE,0.9232988434688713,3,1.218918998197841
BRISONr_124,2015__KAL__HN_WF_RF,TRUE,0.9232988434688713,3,0.09917675394704946
BRISONr_124,2015__KAL__LN_NF_RF,TRUE,0.9232988434688713,3,0.5354763570285287
BRISONr_124,2015__KIE__HN_NF_RF,TRUE,1,4,-0.20222524854651547
BRISONr_124,2015__KIE__HN_WF_RF,TRUE,1,4,0.05684305476434602
BRISONr_124,2015__KIE__LN_NF_RF,TRUE,1,4,-0.38565623068499016
BRISONr_124,2015__QLB__HN_NF_RF,TRUE,1,4,0.5557360779170244
BRISONr_124,2015__QLB__HN_WF_RF,TRUE,1,4,-0.03991173529371844
BRISONr_124,2015__QLB__LN_NF_RF,TRUE,1,4,0.11596974244294064
BRISONr_124,2016__GGE__HN_NF_RF,TRUE,1,4,0.23144866468873443
BRISONr_124,2016__GGE__HN_WF_RF,TRUE,1,4,0.4278785467967031
BRISONr_124,2016__GGE__LN_NF_RF,TRUE,1,4,-0.48720469459190424
BRISONr_124,2016__HAN__HN_NF_RF,TRUE,1,4,-0.5309806337963494
BRISONr_124,2016__HAN__HN_WF_RF,TRUE,1,4,-0.4085319668855107
BRISONr_124,2016__HAN__LN_NF_RF,TRUE,1,4,-0.8330151105097847
BRISONr_124,2016__KAL__HN_NF_RF,TRUE,1,4,-0.8494121785693506
BRISONr_124,2016__KAL__HN_WF_RF,TRUE,1,4,-0.018932843190043874
BRISONr_124,2016__KAL__LN_NF_RF,TRUE,1,4,-0.5773501373758284
BRISONr_124,2016__KIE__HN_NF_RF,TRUE,1,4,0.17284639123974121
BRISONr_124,2016__KIE__HN_WF_RF,TRUE,1,4,-0.0725760270747559
BRISONr_124,2016__KIE__LN_NF_RF,TRUE,1,4,-0.05131360074628594
BRISONr_124,2016__QLB__HN_NF_RF,TRUE,1,4,0.022256639340857694
BRISONr_124,2016__QLB__HN_WF_RF,TRUE,1,4,0.02694722097714763
BRISONr_124,2016__QLB__LN_NF_RF,TRUE,1,4,-0.49523399428076825
BRISONr_124,2017__GGE__HN_NF_RF,TRUE,1,4,0.27779621856223113
BRISONr_124,2017__GGE__HN_WF_RF,TRUE,1,4,0.6246462116904428
BRISONr_124,2017__GGE__LN_NF_RF,TRUE,1,4,-0.051521846410485996
BRISONr_124,2017__HAN__HN_NF_RF,TRUE,1,4,-0.16256611527238973
BRISONr_124,2017__HAN__HN_WF_RF,TRUE,1,4,-0.6602503655561529
BRISONr_124,2017__HAN__LN_NF_RF,TRUE,1,4,0.16685708088893336
BRISONr_124,2017__KAL__HN_NF_RF,TRUE,1,4,-0.07970063519252048
BRISONr_124,2017__KAL__HN_WF_RF,TRUE,1,4,0.23327103469208607
BRISONr_124,2017__KAL__LN_NF_RF,TRUE,1,4,-1.00793089417731
BRISONr_124,2017__KIE__HN_NF_RF,TRUE,1,4,-0.9034367530836226
BRISONr_124,2017__KIE__HN_WF_RF,TRUE,1,4,-0.110251964172422
BRISONr_124,2017__KIE__LN_NF_RF,TRUE,1,4,-0.30579829275723175
BRISONr_124,2017__QLB__HN_NF_RF,TRUE,1,4,0.33126490597542474
BRISONr_124,2017__QLB__HN_WF_RF,TRUE,1,4,0.2119586737933886
BRISONr_124,2017__QLB__LN_NF_RF,TRUE,1,4,0.28383765303182323
BRISONr_125,2015__GGE__HN_NF_RF,TRUE,1,4,-0.41582783473307267
BRISONr_125,2015__GGE__HN_WF_RF,TRUE,1,4,-0.2150788328132166
BRISONr_125,2015__GGE__LN_NF_RF,TRUE,1,4,-0.14900888882051436
BRISONr_125,2015__HAN__HN_NF_RF,TRUE,1,4,-0.46799077687670376
BRISONr_125,2015__HAN__HN_WF_RF,TRUE,1,4,-0.42024260949807596
BRISONr_125,2015__HAN__LN_NF_RF,TRUE,1,4,-0.1135087396247571
BRISONr_125,2015__KAL__HN_NF_RF,TRUE,0.9232988434688713,3,-0.013762853077963237
BRISONr_125,2015__KAL__HN_WF_RF,TRUE,0.9232988434688713,3,0.5875379937055023
BRISONr_125,2015__KAL__LN_NF_RF,TRUE,0.9232988434688713,3,0.9814080282416177
BRISONr_125,2015__KIE__HN_NF_RF,TRUE,1,4,-0.09407852609793471
BRISONr_125,2015__KIE__HN_WF_RF,TRUE,1,4,0.009019520209754071
BRISONr_125,2015__KIE__LN_NF_RF,TRUE,1,4,0.0069019240718683275
BRISONr_125,2015__QLB__HN_NF_RF,TRUE,1,4,-0.22435784369741918
BRISONr_125,2015__QLB__HN_WF_RF,TRUE,1,4,-0.6526718827376293
BRISONr_125,2015__QLB__LN_NF_RF,TRUE,1,4,-0.029401511797748053
BRISONr_125,2016__GGE__HN_NF_RF,TRUE,1,4,-0.8808687258132217
BRISONr_125,2016__GGE__HN_WF_RF,TRUE,1,4,-0.3335205770079716
BRISONr_125,2016__GGE__LN_NF_RF,TRUE,1,4,-0.18313928414121744
BRISONr_125,2016__HAN__HN_NF_RF,TRUE,1,4,-0.7163648588321917
BRISONr_125,2016__HAN__HN_WF_RF,TRUE,1,4,-0.3202028487482719
BRISONr_125,2016__HAN__LN_NF_RF,TRUE,1,4,-0.3498431255727586
BRISONr_125,2016__KAL__HN_NF_RF,TRUE,1,4,-0.7982591311335261
BRISONr_125,2016__KAL__HN_WF_RF,TRUE,1,4,-0.30963496205056656
BRISONr_125,2016__KAL__LN_NF_RF,TRUE,1,4,-0.2305082339643663
BRISONr_125,2016__KIE__HN_NF_RF,TRUE,1,4,-0.40096258664270074
BRISONr_125,2016__KIE__HN_WF_RF,TRUE,1,4,-0.32203842842541314
BRISONr_125,2016__KIE__LN_NF_RF,TRUE,1,4,-0.533459336364066
BRISONr_125,2016__QLB__HN_NF_RF,TRUE,1,4,-0.16133725031183074
BRISONr_125,2016__QLB__HN_WF_RF,TRUE,1,4,-0.2627168187770316
BRISONr_125,2016__QLB__LN_NF_RF,TRUE,1,4,-0.14013499786153372
BRISONr_125,2017__GGE__HN_NF_RF,TRUE,1,4,0.167996446670443
BRISONr_125,2017__GGE__HN_WF_RF,TRUE,1,4,-0.28599069073162714
BRISONr_125,2017__GGE__LN_NF_RF,TRUE,1,4,-0.15844327183521043
BRISONr_125,2017__HAN__HN_NF_RF,TRUE,1,4,-0.5165553991738534
BRISONr_125,2017__HAN__HN_WF_RF,TRUE,1,4,-0.5286519631719262
BRISONr_125,2017__HAN__LN_NF_RF,TRUE,1,4,-0.14957654148355176
BRISONr_125,2017__KAL__HN_NF_RF,TRUE,1,4,-0.11821468845061417
BRISONr_125,2017__KAL__HN_WF_RF,TRUE,1,4,-0.16598658985289333
BRISONr_125,2017__KAL__LN_NF_RF,TRUE,1,4,0.36737767086016293
BRISONr_125,2017__KIE__HN_NF_RF,TRUE,1,4,-0.7755793483888306
BRISONr_125,2017__KIE__HN_WF_RF,TRUE,1,4,-0.33191356312119846
BRISONr_125,2017__KIE__LN_NF_RF,TRUE,1,4,-0.456879522377282
BRISONr_125,2017__QLB__HN_NF_RF,TRUE,1,4,-0.5676005013015126
BRISONr_125,2017__QLB__HN_WF_RF,TRUE,1,4,-0.5204867440686443
BRISONr_125,2017__QLB__LN_NF_RF,TRUE,1,4,-0.5362044202281471
BRISONr_126,2015__GGE__HN_NF_RF,TRUE,1,4,0.252999647889807
BRISONr_126,2015__GGE__HN_WF_RF,TRUE,1,4,0.34025985402519054
BRISONr_126,2015__GGE__LN_NF_RF,TRUE,1,4,0.09347497069704874
BRISONr_126,2015__HAN__HN_NF_RF,TRUE,1,4,-0.03110071765521951
BRISONr_126,2015__HAN__HN_WF_RF,TRUE,1,4,0.2425830368765196
BRISONr_126,2015__HAN__LN_NF_RF,TRUE,1,4,0.30122539667512627
BRISONr_126,2015__KAL__HN_NF_RF,TRUE,0.9232988434688713,3,-0.2491345376708294
BRISONr_126,2015__KAL__HN_WF_RF,TRUE,0.9232988434688713,3,0.7099964944848496
BRISONr_126,2015__KAL__LN_NF_RF,TRUE,0.9232988434688713,3,0.3310711622760864
BRISONr_126,2015__KIE__HN_NF_RF,TRUE,1,4,0.06619214507033373
BRISONr_126,2015__KIE__HN_WF_RF,TRUE,1,4,-0.030492440050431727
BRISONr_126,2015__KIE__LN_NF_RF,TRUE,1,4,-0.09051431429854116
BRISONr_126,2015__QLB__HN_NF_RF,TRUE,1,4,0.37303348614114684
BRISONr_126,2015__QLB__HN_WF_RF,TRUE,1,4,0.20526145866782003
BRISONr_126,2015__QLB__LN_NF_RF,TRUE,1,4,0.38422180088089425
BRISONr_126,2016__GGE__HN_NF_RF,TRUE,1,4,0.9274302464773881
BRISONr_126,2016__GGE__HN_WF_RF,TRUE,1,4,0.3859802490897003
BRISONr_126,2016__GGE__LN_NF_RF,TRUE,1,4,-0.035044454190549044
BRISONr_126,2016__HAN__HN_NF_RF,TRUE,1,4,0.43235779873758295
BRISONr_126,2016__HAN__HN_WF_RF,TRUE,1,4,0.03144016863355906
BRISONr_126,2016__HAN__LN_NF_RF,TRUE,1,4,0.38781786748855224
BRISONr_126,2016__KAL__HN_NF_RF,TRUE,1,4,0.1052156061781071
BRISONr_126,2016__KAL__HN_WF_RF,TRUE,1,4,0.23979831211471678
BRISONr_126,2016__KAL__LN_NF_RF,TRUE,1,4,0.11401624034538084
BRISONr_126,2016__KIE__HN_NF_RF,TRUE,1,4,0.3417054335154136
BRISONr_126,2016__KIE__HN_WF_RF,TRUE,1,4,-0.08217271297382445
BRISONr_126,2016__KIE__LN_NF_RF,TRUE,1,4,0.10300734742274657
BRISONr_126,2016__QLB__HN_NF_RF,TRUE,1,4,0.5600860609381172
BRISONr_126,2016__QLB__HN_WF_RF,TRUE,1,4,0.12363046422896212
BRISONr_126,2016__QLB__LN_NF_RF,TRUE,1,4,0.17389998489370287
BRISONr_126,2017__GGE__HN_NF_RF,TRUE,1,4,-0.11269692119135334
BRISONr_126,2017__GGE__HN_WF_RF,TRUE,1,4,0.15614778813900804
BRISONr_126,2017__GGE__LN_NF_RF,TRUE,1,4,-0.07100291528471661
BRISONr_126,2017__HAN__HN_NF_RF,TRUE,1,4,-0.12560419813278897
BRISONr_126,2017__HAN__HN_WF_RF,TRUE,1,4,-0.18059271986896602
BRISONr_126,2017__HAN__LN_NF_RF,TRUE,1,4,0.03613429265150419
BRISONr_126,2017__KAL__HN_NF_RF,TRUE,1,4,-0.25333317079526896
BRISONr_126,2017__KAL__HN_WF_RF,TRUE,1,4,0.0337400992523594
BRISONr_126,2017__KAL__LN_NF_RF,TRUE,1,4,-0.19397486992045426
BRISONr_126,2017__KIE__HN_NF_RF,TRUE,1,4,-0.05667711460491174
BRISONr_126,2017__KIE__HN_WF_RF,TRUE,1,4,-0.1714057650098007
BRISONr_126,2017__KIE__LN_NF_RF,TRUE,1,4,-0.25131890857120476
BRISONr_126,2017__QLB__HN_NF_RF,TRUE,1,4,-0.07944043084897504
BRISONr_126,2017__QLB__HN_WF_RF,TRUE,1,4,-0.1538974256629762
BRISONr_126,2017__QLB__LN_NF_RF,TRUE,1,4,0.2163118540014717
BRISONr_127,2015__GGE__HN_NF_RF,TRUE,1,4,0.6495531175022973
BRISONr_127,2015__GGE__HN_WF_RF,TRUE,1,4,-0.0043147995192774485
BRISONr_127,2015__GGE__LN_NF_RF,TRUE,1,4,0.14520318013852168
BRISONr_127,2015__HAN__HN_NF_RF,TRUE,1,4,0.35900269507910043
BRISONr_127,2015__HAN__HN_WF_RF,TRUE,1,4,-0.03800327621408262
BRISONr_127,2015__HAN__LN_NF_RF,TRUE,1,4,0.02629462744594527
BRISONr_127,2015__KAL__HN_NF_RF,TRUE,0.9232988434688713,3,-0.2709299842186285
BRISONr_127,2015__KAL__HN_WF_RF,TRUE,0.9232988434688713,3,-0.29868956480114206
BRISONr_127,2015__KAL__LN_NF_RF,TRUE,0.9232988434688713,3,-0.21461181021797118
BRISONr_127,2015__KIE__HN_NF_RF,TRUE,1,4,0.19126343079802968
BRISONr_127,2015__KIE__HN_WF_RF,TRUE,1,4,0.06874228425155852
BRISONr_127,2015__KIE__LN_NF_RF,TRUE,1,4,-0.05801091244595026
BRISONr_127,2015__QLB__HN_NF_RF,TRUE,1,4,-0.05133123527229475
BRISONr_127,2015__QLB__HN_WF_RF,TRUE,1,4,-0.3823178409628979
BRISONr_127,2015__QLB__LN_NF_RF,TRUE,1,4,0.454357294268063
BRISONr_127,2016__GGE__HN_NF_RF,TRUE,1,4,0.5115505197321684
BRISONr_127,2016__GGE__HN_WF_RF,TRUE,1,4,0.09435991427593508
BRISONr_127,2016__GGE__LN_NF_RF,TRUE,1,4,0.3264915661627625
BRISONr_127,2016__HAN__HN_NF_RF,TRUE,1,4,0.45738551244330783
BRISONr_127,2016__HAN__HN_WF_RF,TRUE,1,4,-0.4553493292545436
BRISONr_127,2016__HAN__LN_NF_RF,TRUE,1,4,0.023799047542020946
BRISONr_127,2016__KAL__HN_NF_RF,TRUE,1,4,0.16247998873042704
BRISONr_127,2016__KAL__HN_WF_RF,TRUE,1,4,0.008402459941482202
BRISONr_127,2016__KAL__LN_NF_RF,TRUE,1,4,0.3351441003917718
BRISONr_127,2016__KIE__HN_NF_RF,TRUE,1,4,0.6524411555206142
BRISONr_127,2016__KIE__HN_WF_RF,TRUE,1,4,0.015309827715784355
BRISONr_127,2016__KIE__LN_NF_RF,TRUE,1,4,0.4851143905962916
BRISONr_127,2016__QLB__HN_NF_RF,TRUE,1,4,-0.1425800827002701
BRISONr_127,2016__QLB__HN_WF_RF,TRUE,1,4,-0.776976226216506
BRISONr_127,2016__QLB__LN_NF_RF,TRUE,1,4,0.4280584622866265
BRISONr_127,2017__GGE__HN_NF_RF,TRUE,1,4,0.33281911198609676
BRISONr_127,2017__GGE__HN_WF_RF,TRUE,1,4,0.25044919252427345
BRISONr_127,2017__GGE__LN_NF_RF,TRUE,1,4,0.2440399435365912
BRISONr_127,2017__HAN__HN_NF_RF,TRUE,1,4,0.6206153739384969
BRISONr_127,2017__HAN__HN_WF_RF,TRUE,1,4,-0.09643080319142672
BRISONr_127,2017__HAN__LN_NF_RF,TRUE,1,4,0.2641477129784812
BRISONr_127,2017__KAL__HN_NF_RF,TRUE,1,4,0.6818524239403632
BRISONr_127,2017__KAL__HN_WF_RF,TRUE,1,4,0.3722282420549932
BRISONr_127,2017__KAL__LN_NF_RF,TRUE,1,4,0.3796531746741639
BRISONr_127,2017__KIE__HN_NF_RF,TRUE,1,4,0.44424692846510555
BRISONr_127,2017__KIE__HN_WF_RF,TRUE,1,4,-0.2789821164248135
BRISONr_127,2017__KIE__LN_NF_RF,TRUE,1,4,0.5886736161425608
BRISONr_127,2017__QLB__HN_NF_RF,TRUE,1,4,0.27685899813941467
BRISONr_127,2017__QLB__HN_WF_RF,TRUE,1,4,0.1536671830745726
BRISONr_127,2017__QLB__LN_NF_RF,TRUE,1,4,0.13532544924913295
BRISONr_128,2015__GGE__HN_NF_RF,TRUE,1,4,0.5486439089066082
BRISONr_128,2015__GGE__HN_WF_RF,TRUE,1,4,0.462830177547859
BRISONr_128,2015__GGE__LN_NF_RF,TRUE,1,4,0.13453852863227822
BRISONr_128,2015__HAN__HN_NF_RF,TRUE,1,4,-0.35155927906239354
BRISONr_128,2015__HAN__HN_WF_RF,TRUE,1,4,-0.7454642493882213
BRISONr_128,2015__HAN__LN_NF_RF,TRUE,1,4,-0.3674557479833592
BRISONr_128,2015__KAL__HN_NF_RF,TRUE,0.9232988434688713,3,-0.12905239224631773
BRISONr_128,2015__KAL__HN_WF_RF,TRUE,0.9232988434688713,3,0.3405105447753168
BRISONr_128,2015__KAL__LN_NF_RF,TRUE,0.9232988434688713,3,-0.37868825891190716
BRISONr_128,2015__KIE__HN_NF_RF,TRUE,1,4,0.2625465983266885
BRISONr_128,2015__KIE__HN_WF_RF,TRUE,1,4,0.41826882914082664
BRISONr_128,2015__KIE__LN_NF_RF,TRUE,1,4,0.06648176055140868
BRISONr_128,2015__QLB__HN_NF_RF,TRUE,1,4,-0.3380122357789352
BRISONr_128,2015__QLB__HN_WF_RF,TRUE,1,4,-0.5087461360177782
BRISONr_128,2015__QLB__LN_NF_RF,TRUE,1,4,0.0035109945856830055
BRISONr_128,2016__GGE__HN_NF_RF,TRUE,1,4,0.1582681330993162
BRISONr_128,2016__GGE__HN_WF_RF,TRUE,1,4,0.40993178450152906
BRISONr_128,2016__GGE__LN_NF_RF,TRUE,1,4,-0.04868472860090791
BRISONr_128,2016__HAN__HN_NF_RF,TRUE,1,4,-0.5665118604206936
BRISONr_128,2016__HAN__HN_WF_RF,TRUE,1,4,-0.3404274288259569
BRISONr_128,2016__HAN__LN_NF_RF,TRUE,1,4,-0.5496769082447744
BRISONr_128,2016__KAL__HN_NF_RF,TRUE,1,4,-0.13041101776604014
BRISONr_128,2016__KAL__HN_WF_RF,TRUE,1,4,-0.11848161128576842
BRISONr_128,2016__KAL__LN_NF_RF,TRUE,1,4,-0.08914319418173099
BRISONr_128,2016__KIE__HN_NF_RF,TRUE,1,4,-0.34249559496396775
BRISONr_128,2016__KIE__HN_WF_RF,TRUE,1,4,0.5884343078941346
BRISONr_128,2016__KIE__LN_NF_RF,TRUE,1,4,-0.2617380790975049
BRISONr_128,2016__QLB__HN_NF_RF,TRUE,1,4,-0.5313284869326055
BRISONr_128,2016__QLB__HN_WF_RF,TRUE,1,4,-0.32689180787396066
BRISONr_128,2016__QLB__LN_NF_RF,TRUE,1,4,-0.08241413831042124
BRISONr_128,2017__GGE__HN_NF_RF,TRUE,1,4,0.1811673456112311
BRISONr_128,2017__GGE__HN_WF_RF,TRUE,1,4,-0.1857573774909926
BRISONr_128,2017__GGE__LN_NF_RF,TRUE,1,4,0.08321453680598169
BRISONr_128,2017__HAN__HN_NF_RF,TRUE,1,4,-0.6181051321673686
BRISONr_128,2017__HAN__HN_WF_RF,TRUE,1,4,-0.4238201126332302
BRISONr_128,2017__HAN__LN_NF_RF,TRUE,1,4,-0.22740494718839993
BRISONr_128,2017__KAL__HN_NF_RF,TRUE,1,4,-0.47882303267389675
BRISONr_128,2017__KAL__HN_WF_RF,TRUE,1,4,0.4212332786738099
BRISONr_128,2017__KAL__LN_NF_RF,TRUE,1,4,0.32977277334425237
BRISONr_128,2017__KIE__HN_NF_RF,TRUE,1,4,-0.6250679983555409
BRISONr_128,2017__KIE__HN_WF_RF,TRUE,1,4,-0.47178286434522937
BRISONr_128,2017__KIE__LN_NF_RF,TRUE,1,4,0.18091525001408065
BRISONr_128,2017__QLB__HN_NF_RF,TRUE,1,4,-0.7401233616652502
BRISONr_128,2017__QLB__HN_WF_RF,TRUE,1,4,-0.3205259560085583
BRISONr_128,2017__QLB__LN_NF_RF,TRUE,1,4,-0.4192458888591991
BRISONr_129,2015__GGE__HN_NF_RF,TRUE,1,4,0.3921322903890742
BRISONr_129,2015__GGE__HN_WF_RF,TRUE,1,4,-0.13490564550614823
BRISONr_129,2015__GGE__LN_NF_RF,TRUE,1,4,0.28751549291186734
BRISONr_129,2015__HAN__HN_NF_RF,TRUE,1,4,-0.1944689859545895
BRISONr_129,2015__HAN__HN_WF_RF,TRUE,1,4,-0.004591758254008708
BRISONr_129,2015__HAN__LN_NF_RF,TRUE,1,4,0.2161279665362843
BRISONr_129,2015__KAL__HN_NF_RF,TRUE,0.9232988434688713,3,0.6668550087833018
BRISONr_129,2015__KAL__HN_WF_RF,TRUE,0.9232988434688713,3,0.2561465263385777
BRISONr_129,2015__KAL__LN_NF_RF,TRUE,0.9232988434688713,3,-0.32656341480938234
BRISONr_129,2015__KIE__HN_NF_RF,TRUE,1,4,0.3044557589750783
BRISONr_129,2015__KIE__HN_WF_RF,TRUE,1,4,0.5002322872345568
BRISONr_129,2015__KIE__LN_NF_RF,TRUE,1,4,0.13006272513480563
BRISONr_129,2015__QLB__HN_NF_RF,TRUE,1,4,0.7690633856627804
BRISONr_129,2015__QLB__HN_WF_RF,TRUE,1,4,0.16475596269431947
BRISONr_129,2015__QLB__LN_NF_RF,TRUE,1,4,0.7261120299580479
BRISONr_129,2016__GGE__HN_NF_RF,TRUE,1,4,0.3917542893147682
BRISONr_129,2016__GGE__HN_WF_RF,TRUE,1,4,0.2645783788412376
BRISONr_129,2016__GGE__LN_NF_RF,TRUE,1,4,-0.057599502015439855
BRISONr_129,2016__HAN__HN_NF_RF,TRUE,1,4,0.43929823667588713
BRISONr_129,2016__HAN__HN_WF_RF,TRUE,1,4,-0.004382374219394556
BRISONr_129,2016__HAN__LN_NF_RF,TRUE,1,4,0.20497918450101624
BRISONr_129,2016__KAL__HN_NF_RF,TRUE,1,4,-0.09325004480602654
BRISONr_129,2016__KAL__HN_WF_RF,TRUE,1,4,0.23260722819892987
BRISONr_129,2016__KAL__LN_NF_RF,TRUE,1,4,0.008373459017764977
BRISONr_129,2016__KIE__HN_NF_RF,TRUE,1,4,0.1676593561382532
BRISONr_129,2016__KIE__HN_WF_RF,TRUE,1,4,-0.1340222151577491
BRISONr_129,2016__KIE__LN_NF_RF,TRUE,1,4,0.1491263618423518
BRISONr_129,2016__QLB__HN_NF_RF,TRUE,1,4,0.24728197946503097
BRISONr_129,2016__QLB__HN_WF_RF,TRUE,1,4,0.23544335956118895
BRISONr_129,2016__QLB__LN_NF_RF,TRUE,1,4,-0.07077320751447783
BRISONr_129,2017__GGE__HN_NF_RF,TRUE,1,4,0.1359561779358756
BRISONr_129,2017__GGE__HN_WF_RF,TRUE,1,4,0.1821980906318762
BRISONr_129,2017__GGE__LN_NF_RF,TRUE,1,4,0.14995125851579447
BRISONr_129,2017__HAN__HN_NF_RF,TRUE,1,4,0.128957265489433
BRISONr_129,2017__HAN__HN_WF_RF,TRUE,1,4,0.47246213444155744
BRISONr_129,2017__HAN__LN_NF_RF,TRUE,1,4,0.2690875721707958
BRISONr_129,2017__KAL__HN_NF_RF,TRUE,1,4,0.23127490375514403
BRISONr_129,2017__KAL__HN_WF_RF,TRUE,1,4,0.3840990664823263
BRISONr_129,2017__KAL__LN_NF_RF,TRUE,1,4,0.28329134213412277
BRISONr_129,2017__KIE__HN_NF_RF,TRUE,1,4,-0.2020852894912239
BRISONr_129,2017__KIE__HN_WF_RF,TRUE,1,4,-0.009343514642973866
BRISONr_129,2017__KIE__LN_NF_RF,TRUE,1,4,0.7916506441282981
BRISONr_129,2017__QLB__HN_NF_RF,TRUE,1,4,0.3583541830422502
BRISONr_129,2017__QLB__HN_WF_RF,TRUE,1,4,0.0843959862259911
BRISONr_129,2017__QLB__LN_NF_RF,TRUE,1,4,0.40886420952017966
BRISONr_13,2015__GGE__HN_NF_RF,TRUE,1,4,-0.03979867571819908
BRISONr_13,2015__GGE__HN_WF_RF,TRUE,1,4,0.806699824721239
BRISONr_13,2015__GGE__LN_NF_RF,TRUE,1,4,-0.06245037349280806
BRISONr_13,2015__HAN__HN_NF_RF,TRUE,1,4,-0.2806570794909335
BRISONr_13,2015__HAN__HN_WF_RF,TRUE,1,4,0.1664288809159617
BRISONr_13,2015__HAN__LN_NF_RF,TRUE,1,4,-0.3153360575382949
BRISONr_13,2015__KAL__HN_NF_RF,TRUE,0.9232988434688713,3,-0.059232582878237613
BRISONr_13,2015__KAL__HN_WF_RF,TRUE,0.9232988434688713,3,0.5818785076645606
BRISONr_13,2015__KAL__LN_NF_RF,TRUE,0.9232988434688713,3,0.18266102926361047
BRISONr_13,2015__KIE__HN_NF_RF,TRUE,1,4,0.23608453834084442
BRISONr_13,2015__KIE__HN_WF_RF,TRUE,1,4,0.245739683732811
BRISONr_13,2015__KIE__LN_NF_RF,TRUE,1,4,0.6501869364449522
BRISONr_13,2015__QLB__HN_NF_RF,TRUE,1,4,0.39821070219859916
BRISONr_13,2015__QLB__HN_WF_RF,TRUE,1,4,-0.04007196666269611
BRISONr_13,2015__QLB__LN_NF_RF,TRUE,1,4,0.27756232919033874
BRISONr_13,2016__GGE__HN_NF_RF,TRUE,1,4,-0.3920486104807842
BRISONr_13,2016__GGE__HN_WF_RF,TRUE,1,4,-0.0697904340396083
BRISONr_13,2016__GGE__LN_NF_RF,TRUE,1,4,-0.6043962980347471
BRISONr_13,2016__HAN__HN_NF_RF,TRUE,1,4,-0.4329821956279467
BRISONr_13,2016__HAN__HN_WF_RF,TRUE,1,4,-0.524668268856743
BRISONr_13,2016__HAN__LN_NF_RF,TRUE,1,4,-0.42136938316823813
BRISONr_13,2016__KAL__HN_NF_RF,TRUE,1,4,-0.5689767043643769
BRISONr_13,2016__KAL__HN_WF_RF,TRUE,1,4,-0.21952267952816137
BRISONr_13,2016__KAL__LN_NF_RF,TRUE,1,4,-0.7062072443793591
BRISONr_13,2016__KIE__HN_NF_RF,TRUE,1,4,-0.43381948239398294
BRISONr_13,2016__KIE__HN_WF_RF,TRUE,1,4,0.15158518350578357
BRISONr_13,2016__KIE__LN_NF_RF,TRUE,1,4,-0.3697397436408602
BRISONr_13,2016__QLB__HN_NF_RF,TRUE,1,4,-0.6575059811489709
BRISONr_13,2016__QLB__HN_WF_RF,TRUE,1,4,-0.24468227908209977
BRISONr_13,2016__QLB__LN_NF_RF,TRUE,1,4,-0.6696937332161738
BRISONr_13,2017__GGE__HN_NF_RF,TRUE,1,4,-0.6377281205754869
BRISONr_13,2017__GGE__HN_WF_RF,TRUE,1,4,0.4988196912931674
BRISONr_13,2017__GGE__LN_NF_RF,TRUE,1,4,-0.04399835087967351
BRISONr_13,2017__HAN__HN_NF_RF,TRUE,1,4,-0.7250679090671577
BRISONr_13,2017__HAN__HN_WF_RF,TRUE,1,4,-0.36605076089175037
BRISONr_13,2017__HAN__LN_NF_RF,TRUE,1,4,-0.42195284613031425
BRISONr_13,2017__KAL__HN_NF_RF,TRUE,1,4,-0.3063959098223932
BRISONr_13,2017__KAL__HN_WF_RF,TRUE,1,4,0.39570740216079847
BRISONr_13,2017__KAL__LN_NF_RF,TRUE,1,4,0.05676357502611413
BRISONr_13,2017__KIE__HN_NF_RF,TRUE,1,4,-0.08658371187001057
BRISONr_13,2017__KIE__HN_WF_RF,TRUE,1,4,-0.46648544161326405
BRISONr_13,2017__KIE__LN_NF_RF,TRUE,1,4,-0.17476445341519364
BRISONr_13,2017__QLB__HN_NF_RF,TRUE,1,4,-0.2820134910455117
BRISONr_13,2017__QLB__HN_WF_RF,TRUE,1,4,-0.28666192982668987
BRISONr_13,2017__QLB__LN_NF_RF,TRUE,1,4,-0.09865619144186052
BRISONr_130,2015__GGE__HN_NF_RF,TRUE,1,4,0.234893561833284
BRISONr_130,2015__GGE__HN_WF_RF,TRUE,1,4,0.3523991940859675
BRISONr_130,2015__GGE__LN_NF_RF,TRUE,1,4,-0.3755266373911309
BRISONr_130,2015__HAN__HN_NF_RF,TRUE,1,4,-0.1340795517465292
BRISONr_130,2015__HAN__HN_WF_RF,TRUE,1,4,-0.054949564560915515
BRISONr_130,2015__HAN__LN_NF_RF,TRUE,1,4,-0.013388489958376016
BRISONr_130,2015__KAL__HN_NF_RF,TRUE,0.9232988434688713,3,-0.6586972079308919
BRISONr_130,2015__KAL__HN_WF_RF,TRUE,0.9232988434688713,3,-0.5212267099183726
BRISONr_130,2015__KAL__LN_NF_RF,TRUE,0.9232988434688713,3,-0.36040359319354215
BRISONr_130,2015__KIE__HN_NF_RF,TRUE,1,4,-0.16391898396364726
BRISONr_130,2015__KIE__HN_WF_RF,TRUE,1,4,-0.17509082843899754
BRISONr_130,2015__KIE__LN_NF_RF,TRUE,1,4,-0.27638897648613103
BRISONr_130,2015__QLB__HN_NF_RF,TRUE,1,4,-0.27407411944095095
BRISONr_130,2015__QLB__HN_WF_RF,TRUE,1,4,-0.21464514003895677
BRISONr_130,2015__QLB__LN_NF_RF,TRUE,1,4,0.16572896205692514
BRISONr_130,2016__GGE__HN_NF_RF,TRUE,1,4,0.6236261877165691
BRISONr_130,2016__GGE__HN_WF_RF,TRUE,1,4,0.13647664245572466
BRISONr_130,2016__GGE__LN_NF_RF,TRUE,1,4,-0.28423034108487644
BRISONr_130,2016__HAN__HN_NF_RF,TRUE,1,4,-0.2124778291621779
BRISONr_130,2016__HAN__HN_WF_RF,TRUE,1,4,-0.45185703267074107
BRISONr_130,2016__HAN__LN_NF_RF,TRUE,1,4,0.006187890190052239
BRISONr_130,2016__KAL__HN_NF_RF,TRUE,1,4,0.49104081650515236
BRISONr_130,2016__KAL__HN_WF_RF,TRUE,1,4,-0.054387863093276125
BRISONr_130,2016__KAL__LN_NF_RF,TRUE,1,4,0.2164479068735564
BRISONr_130,2016__KIE__HN_NF_RF,TRUE,1,4,0.2543938856621846
BRISONr_130,2016__KIE__HN_WF_RF,TRUE,1,4,-0.36489389563360386
BRISONr_130,2016__KIE__LN_NF_RF,TRUE,1,4,0.2614865938471729
BRISONr_130,2016__QLB__HN_NF_RF,TRUE,1,4,0.4680891236561603
BRISONr_130,2016__QLB__HN_WF_RF,TRUE,1,4,-0.12016708610272897
BRISONr_130,2016__QLB__LN_NF_RF,TRUE,1,4,-0.10761806709331902
BRISONr_130,2017__GGE__HN_NF_RF,TRUE,1,4,-0.01119051315134504
BRISONr_130,2017__GGE__HN_WF_RF,TRUE,1,4,0.18526715814163647
BRISONr_130,2017__GGE__LN_NF_RF,TRUE,1,4,-0.01887521945905385
BRISONr_130,2017__HAN__HN_NF_RF,TRUE,1,4,-0.1068630942786261
BRISONr_130,2017__HAN__HN_WF_RF,TRUE,1,4,-0.16224692449084852
BRISONr_130,2017__HAN__LN_NF_RF,TRUE,1,4,0.048942416215460346
BRISONr_130,2017__KAL__HN_NF_RF,TRUE,1,4,0.04402197568835453
BRISONr_130,2017__KAL__HN_WF_RF,TRUE,1,4,-0.12389120117722624
BRISONr_130,2017__KAL__LN_NF_RF,TRUE,1,4,0.20143122426580892
BRISONr_130,2017__KIE__HN_NF_RF,TRUE,1,4,-0.06226860438752276
BRISONr_130,2017__KIE__HN_WF_RF,TRUE,1,4,-0.01860700668958724
BRISONr_130,2017__KIE__LN_NF_RF,TRUE,1,4,0.4394015329598805
BRISONr_130,2017__QLB__HN_NF_RF,TRUE,1,4,-0.5067793580401424
BRISONr_130,2017__QLB__HN_WF_RF,TRUE,1,4,-0.517516916688239
BRISONr_130,2017__QLB__LN_NF_RF,TRUE,1,4,-0.563852673628191
BRISONr_131,2015__GGE__HN_NF_RF,TRUE,1,4,-0.49974908583199035
BRISONr_131,2015__GGE__HN_WF_RF,TRUE,1,4,-0.42519990727795964
BRISONr_131,2015__GGE__LN_NF_RF,TRUE,1,4,-0.2593292353362465
BRISONr_131,2015__HAN__HN_NF_RF,TRUE,1,4,-0.6861266745689915
BRISONr_131,2015__HAN__HN_WF_RF,TRUE,1,4,-0.3704104952237566
BRISONr_131,2015__HAN__LN_NF_RF,TRUE,1,4,-0.10482926673037926
BRISONr_131,2015__KAL__HN_NF_RF,TRUE,0.9232988434688713,3,-0.7305165216460574
BRISONr_131,2015__KAL__HN_WF_RF,TRUE,0.9232988434688713,3,-0.07651569721842168
BRISONr_131,2015__KAL__LN_NF_RF,TRUE,0.9232988434688713,3,-0.7353078432664534
BRISONr_131,2015__KIE__HN_NF_RF,TRUE,1,4,-0.6061597019777182
BRISONr_131,2015__KIE__HN_WF_RF,TRUE,1,4,-0.06089198707429881
BRISONr_131,2015__KIE__LN_NF_RF,TRUE,1,4,-0.6565683316529818
BRISONr_131,2015__QLB__HN_NF_RF,TRUE,1,4,-0.7986272913446755
BRISONr_131,2015__QLB__HN_WF_RF,TRUE,1,4,-0.3219476319181491
BRISONr_131,2015__QLB__LN_NF_RF,TRUE,1,4,-0.46163263880838407
BRISONr_131,2016__GGE__HN_NF_RF,TRUE,1,4,-0.25910826058092984
BRISONr_131,2016__GGE__HN_WF_RF,TRUE,1,4,-0.38655477488147505
BRISONr_131,2016__GGE__LN_NF_RF,TRUE,1,4,0.01126936773828914
BRISONr_131,2016__HAN__HN_NF_RF,TRUE,1,4,-0.1434747470084516
BRISONr_131,2016__HAN__HN_WF_RF,TRUE,1,4,-0.2521324587644984
BRISONr_131,2016__HAN__LN_NF_RF,TRUE,1,4,-0.2502928371283245
BRISONr_131,2016__KAL__HN_NF_RF,TRUE,1,4,-0.9103254493662293
BRISONr_131,2016__KAL__HN_WF_RF,TRUE,1,4,-0.19333608544981545
BRISONr_131,2016__KAL__LN_NF_RF,TRUE,1,4,-0.15817800535630094
BRISONr_131,2016__KIE__HN_NF_RF,TRUE,1,4,-0.19686361095972038
BRISONr_131,2016__KIE__HN_WF_RF,TRUE,1,4,-0.40512237105163973
BRISONr_131,2016__KIE__LN_NF_RF,TRUE,1,4,0.2178226249718787
BRISONr_131,2016__QLB__HN_NF_RF,TRUE,1,4,-0.7435863621121839
BRISONr_131,2016__QLB__HN_WF_RF,TRUE,1,4,-0.48057882373420613
BRISONr_131,2016__QLB__LN_NF_RF,TRUE,1,4,-0.6477006471805012
BRISONr_131,2017__GGE__HN_NF_RF,TRUE,1,4,-0.6113347439049581
BRISONr_131,2017__GGE__HN_WF_RF,TRUE,1,4,-0.4354240219405399
BRISONr_131,2017__GGE__LN_NF_RF,TRUE,1,4,-0.3297653702519537
BRISONr_131,2017__HAN__HN_NF_RF,TRUE,1,4,-0.13024914676047158
BRISONr_131,2017__HAN__HN_WF_RF,TRUE,1,4,-0.6123296654244113
BRISONr_131,2017__HAN__LN_NF_RF,TRUE,1,4,0.09514247405844149
BRISONr_131,2017__KAL__HN_NF_RF,TRUE,1,4,-0.3120736665933417
BRISONr_131,2017__KAL__HN_WF_RF,TRUE,1,4,0.36137362919385424
BRISONr_131,2017__KAL__LN_NF_RF,TRUE,1,4,-0.11690900896192395
BRISONr_131,2017__KIE__HN_NF_RF,TRUE,1,4,-0.37794700058179115
BRISONr_131,2017__KIE__HN_WF_RF,TRUE,1,4,-0.5958550295061301
BRISONr_131,2017__KIE__LN_NF_RF,TRUE,1,4,-0.8887410532596309
BRISONr_131,2017__QLB__HN_NF_RF,TRUE,1,4,-0.8101532811138416
BRISONr_131,2017__QLB__HN_WF_RF,TRUE,1,4,-0.7484538777051986
BRISONr_131,2017__QLB__LN_NF_RF,TRUE,1,4,-0.6308710994777431
BRISONr_132,2015__GGE__HN_NF_RF,TRUE,1,4,0.49961193144304467
BRISONr_132,2015__GGE__HN_WF_RF,TRUE,1,4,0.1860837174557331
BRISONr_132,2015__GGE__LN_NF_RF,TRUE,1,4,0.05406068005878113
BRISONr_132,2015__HAN__HN_NF_RF,TRUE,1,4,-0.012020081470664558
BRISONr_132,2015__HAN__HN_WF_RF,TRUE,1,4,-0.36891746258187824
BRISONr_132,2015__HAN__LN_NF_RF,TRUE,1,4,-0.17491785203315388
BRISONr_132,2015__KAL__HN_NF_RF,TRUE,0.9232988434688713,3,0.6050350161477851
BRISONr_132,2015__KAL__HN_WF_RF,TRUE,0.9232988434688713,3,0.018086632470739862
BRISONr_132,2015__KAL__LN_NF_RF,TRUE,0.9232988434688713,3,0.41549871160307766
BRISONr_132,2015__KIE__HN_NF_RF,TRUE,1,4,0.5329633498965307
BRISONr_132,2015__KIE__HN_WF_RF,TRUE,1,4,0.745344928071645
BRISONr_132,2015__KIE__LN_NF_RF,TRUE,1,4,0.6791958855415002
BRISONr_132,2015__QLB__HN_NF_RF,TRUE,1,4,0.4663545069351046
BRISONr_132,2015__QLB__HN_WF_RF,TRUE,1,4,-0.3896110238947084
BRISONr_132,2015__QLB__LN_NF_RF,TRUE,1,4,0.01225253776931947
BRISONr_132,2016__GGE__HN_NF_RF,TRUE,1,4,0.13912466829046077
BRISONr_132,2016__GGE__HN_WF_RF,TRUE,1,4,0.11570157259155253
BRISONr_132,2016__GGE__LN_NF_RF,TRUE,1,4,0.3662251270701483
BRISONr_132,2016__HAN__HN_NF_RF,TRUE,1,4,0.34708969353560815
BRISONr_132,2016__HAN__HN_WF_RF,TRUE,1,4,-0.32678628099781915
BRISONr_132,2016__HAN__LN_NF_RF,TRUE,1,4,0.13558951932224939
BRISONr_132,2016__KAL__HN_NF_RF,TRUE,1,4,0.35527946792254717
BRISONr_132,2016__KAL__HN_WF_RF,TRUE,1,4,-0.0020377289943541398
BRISONr_132,2016__KAL__LN_NF_RF,TRUE,1,4,0.2555019480452099
BRISONr_132,2016__KIE__HN_NF_RF,TRUE,1,4,0.1474866531184062
BRISONr_132,2016__KIE__HN_WF_RF,TRUE,1,4,0.05212193289661507
BRISONr_132,2016__KIE__LN_NF_RF,TRUE,1,4,0.284097580585267
BRISONr_132,2016__QLB__HN_NF_RF,TRUE,1,4,1.1264164699298098
BRISONr_132,2016__QLB__HN_WF_RF,TRUE,1,4,0.07461577080813679
BRISONr_132,2016__QLB__LN_NF_RF,TRUE,1,4,0.6740083482738932
BRISONr_132,2017__GGE__HN_NF_RF,TRUE,1,4,0.23748594916814098
BRISONr_132,2017__GGE__HN_WF_RF,TRUE,1,4,-0.051443411416277326
BRISONr_132,2017__GGE__LN_NF_RF,TRUE,1,4,0.2465444087852354
BRISONr_132,2017__HAN__HN_NF_RF,TRUE,1,4,0.5683186765498158
BRISONr_132,2017__HAN__HN_WF_RF,TRUE,1,4,0.12952641005968724
BRISONr_132,2017__HAN__LN_NF_RF,TRUE,1,4,0.4392485440898493
BRISONr_132,2017__KAL__HN_NF_RF,TRUE,1,4,0.08147443718940375
BRISONr_132,2017__KAL__HN_WF_RF,TRUE,1,4,-0.2570277004249428
BRISONr_132,2017__KAL__LN_NF_RF,TRUE,1,4,0.18932621661878113
BRISONr_132,2017__KIE__HN_NF_RF,TRUE,1,4,0.22883404688932837
BRISONr_132,2017__KIE__HN_WF_RF,TRUE,1,4,0.014860834590149852
BRISONr_132,2017__KIE__LN_NF_RF,TRUE,1,4,-0.13172279929085595
BRISONr_132,2017__QLB__HN_NF_RF,TRUE,1,4,0.7137464150543477
BRISONr_132,2017__QLB__HN_WF_RF,TRUE,1,4,0.025551137595034797
BRISONr_132,2017__QLB__LN_NF_RF,TRUE,1,4,0.30533326056891635
BRISONr_133,2015__GGE__HN_NF_RF,TRUE,1,4,-0.5582100799460181
BRISONr_133,2015__GGE__HN_WF_RF,TRUE,1,4,-0.7282828367658882
BRISONr_133,2015__GGE__LN_NF_RF,TRUE,1,4,-0.39990106106470946
BRISONr_133,2015__HAN__HN_NF_RF,TRUE,1,4,-0.2392869762984728
BRISONr_133,2015__HAN__HN_WF_RF,TRUE,1,4,-0.2766042954938939
BRISONr_133,2015__HAN__LN_NF_RF,TRUE,1,4,-0.26001724617612365
BRISONr_133,2015__KAL__HN_NF_RF,TRUE,0.9232988434688713,3,-1.147849264119734
BRISONr_133,2015__KAL__HN_WF_RF,TRUE,0.9232988434688713,3,-0.10794111482530773
BRISONr_133,2015__KAL__LN_NF_RF,TRUE,0.9232988434688713,3,-0.3948385651215984
BRISONr_133,2015__KIE__HN_NF_RF,TRUE,1,4,0.2039903499812199
BRISONr_133,2015__KIE__HN_WF_RF,TRUE,1,4,-0.17913841486230442
BRISONr_133,2015__KIE__LN_NF_RF,TRUE,1,4,0.523580216207958
BRISONr_133,2015__QLB__HN_NF_RF,TRUE,1,4,-0.5580693114749239
BRISONr_133,2015__QLB__HN_WF_RF,TRUE,1,4,-0.10700684626387966
BRISONr_133,2015__QLB__LN_NF_RF,TRUE,1,4,0.027100814640100897
BRISONr_133,2016__GGE__HN_NF_RF,TRUE,1,4,-0.8893141795010988
BRISONr_133,2016__GGE__HN_WF_RF,TRUE,1,4,-0.46970490578701035
BRISONr_133,2016__GGE__LN_NF_RF,TRUE,1,4,-0.12533166775119067
BRISONr_133,2016__HAN__HN_NF_RF,TRUE,1,4,-0.5524095554382514
BRISONr_133,2016__HAN__HN_WF_RF,TRUE,1,4,-0.2291431830062744
BRISONr_133,2016__HAN__LN_NF_RF,TRUE,1,4,-0.07067610927555193
BRISONr_133,2016__KAL__HN_NF_RF,TRUE,1,4,-0.40324391799783194
BRISONr_133,2016__KAL__HN_WF_RF,TRUE,1,4,-0.26831498545490196
BRISONr_133,2016__KAL__LN_NF_RF,TRUE,1,4,-0.29100967619656803
BRISONr_133,2016__KIE__HN_NF_RF,TRUE,1,4,-0.10089973549799505
BRISONr_133,2016__KIE__HN_WF_RF,TRUE,1,4,-0.3042202627941295
BRISONr_133,2016__KIE__LN_NF_RF,TRUE,1,4,-0.005320023687326196
BRISONr_133,2016__QLB__HN_NF_RF,TRUE,1,4,0.014063660738200558
BRISONr_133,2016__QLB__HN_WF_RF,TRUE,1,4,-0.05764013483903349
BRISONr_133,2016__QLB__LN_NF_RF,TRUE,1,4,-0.050641628344197734
BRISONr_133,2017__GGE__HN_NF_RF,TRUE,1,4,-0.2855534934693973
BRISONr_133,2017__GGE__HN_WF_RF,TRUE,1,4,-0.19437652122568855
BRISONr_133,2017__GGE__LN_NF_RF,TRUE,1,4,-0.07514039388872684
BRISONr_133,2017__HAN__HN_NF_RF,TRUE,1,4,-0.28542383364696483
BRISONr_133,2017__HAN__HN_WF_RF,TRUE,1,4,-0.15759194379064478
BRISONr_133,2017__HAN__LN_NF_RF,TRUE,1,4,-0.4544910394246412
BRISONr_133,2017__KAL__HN_NF_RF,TRUE,1,4,-0.17238718762223337
BRISONr_133,2017__KAL__HN_WF_RF,TRUE,1,4,-0.3553919965967841
BRISONr_133,2017__KAL__LN_NF_RF,TRUE,1,4,-0.10193805168630096
BRISONr_133,2017__KIE__HN_NF_RF,TRUE,1,4,-0.16914154645246782
BRISONr_133,2017__KIE__HN_WF_RF,TRUE,1,4,0.08759007846919953
BRISONr_133,2017__KIE__LN_NF_RF,TRUE,1,4,-0.05298353051738759
BRISONr_133,2017__QLB__HN_NF_RF,TRUE,1,4,-0.028875599059195227
BRISONr_133,2017__QLB__HN_WF_RF,TRUE,1,4,-0.06836690478367488
BRISONr_133,2017__QLB__LN_NF_RF,TRUE,1,4,0.2367528499662535
BRISONr_134,2015__GGE__HN_NF_RF,TRUE,1,4,0.7275820310559546
BRISONr_134,2015__GGE__HN_WF_RF,TRUE,1,4,0.14216052051308725
BRISONr_134,2015__GGE__LN_NF_RF,TRUE,1,4,0.003125519606233331
BRISONr_134,2015__HAN__HN_NF_RF,TRUE,1,4,0.6221894089507893
BRISONr_134,2015__HAN__HN_WF_RF,TRUE,1,4,0.1120911342564956
BRISONr_134,2015__HAN__LN_NF_RF,TRUE,1,4,0.06711120324170324
BRISONr_134,2015__KAL__HN_NF_RF,TRUE,0.9232988434688713,3,0.10951948047964682
BRISONr_134,2015__KAL__HN_WF_RF,TRUE,0.9232988434688713,3,-0.46986524457155043
BRISONr_134,2015__KAL__LN_NF_RF,TRUE,0.9232988434688713,3,-0.21048995872636503
BRISONr_134,2015__KIE__HN_NF_RF,TRUE,1,4,-0.5667508949971093
BRISONr_134,2015__KIE__HN_WF_RF,TRUE,1,4,-0.04926958885284914
BRISONr_134,2015__KIE__LN_NF_RF,TRUE,1,4,-0.524046576186778
BRISONr_134,2015__QLB__HN_NF_RF,TRUE,1,4,0.16924186369211217
BRISONr_134,2015__QLB__HN_WF_RF,TRUE,1,4,-0.22130614174369007
BRISONr_134,2015__QLB__LN_NF_RF,TRUE,1,4,0.8372144810208428
BRISONr_134,2016__GGE__HN_NF_RF,TRUE,1,4,0.3415243980309441
BRISONr_134,2016__GGE__HN_WF_RF,TRUE,1,4,0.057364845256643864
BRISONr_134,2016__GGE__LN_NF_RF,TRUE,1,4,0.020862214859191437
BRISONr_134,2016__HAN__HN_NF_RF,TRUE,1,4,0.5799921671916325
BRISONr_134,2016__HAN__HN_WF_RF,TRUE,1,4,-0.24397507697986456
BRISONr_134,2016__HAN__LN_NF_RF,TRUE,1,4,-0.0893002139583364
BRISONr_134,2016__KAL__HN_NF_RF,TRUE,1,4,0.5157159967831279
BRISONr_134,2016__KAL__HN_WF_RF,TRUE,1,4,0.07931273054242549
BRISONr_134,2016__KAL__LN_NF_RF,TRUE,1,4,0.38354906127727734
BRISONr_134,2016__KIE__HN_NF_RF,TRUE,1,4,0.23459310029168481
BRISONr_134,2016__KIE__HN_WF_RF,TRUE,1,4,0.2409891476037605
BRISONr_134,2016__KIE__LN_NF_RF,TRUE,1,4,0.6146144797353155
BRISONr_134,2016__QLB__HN_NF_RF,TRUE,1,4,0.31174944146565686
BRISONr_134,2016__QLB__HN_WF_RF,TRUE,1,4,0.04835994166643048
BRISONr_134,2016__QLB__LN_NF_RF,TRUE,1,4,0.11625657419467472
BRISONr_134,2017__GGE__HN_NF_RF,TRUE,1,4,0.18681431577234714
BRISONr_134,2017__GGE__HN_WF_RF,TRUE,1,4,-0.0931287651808933
BRISONr_134,2017__GGE__LN_NF_RF,TRUE,1,4,0.15420837216883337
BRISONr_134,2017__HAN__HN_NF_RF,TRUE,1,4,0.3103219322737812
BRISONr_134,2017__HAN__HN_WF_RF,TRUE,1,4,-0.0598239241882329
BRISONr_134,2017__HAN__LN_NF_RF,TRUE,1,4,0.28699179058172636
BRISONr_134,2017__KAL__HN_NF_RF,TRUE,1,4,0.4595446152523019
BRISONr_134,2017__KAL__HN_WF_RF,TRUE,1,4,0.11522641570604959
BRISONr_134,2017__KAL__LN_NF_RF,TRUE,1,4,-0.22573832997347754
BRISONr_134,2017__KIE__HN_NF_RF,TRUE,1,4,-0.055903016754554224
BRISONr_134,2017__KIE__HN_WF_RF,TRUE,1,4,-0.4498089848515231
BRISONr_134,2017__KIE__LN_NF_RF,TRUE,1,4,-0.5587071938003169
BRISONr_134,2017__QLB__HN_NF_RF,TRUE,1,4,0.6102621595131041
BRISONr_134,2017__QLB__HN_WF_RF,TRUE,1,4,-0.1567513084273278
BRISONr_134,2017__QLB__LN_NF_RF,TRUE,1,4,-0.10982714556710652
BRISONr_135,2015__GGE__HN_NF_RF,TRUE,1,4,0.031971328639757116
BRISONr_135,2015__GGE__HN_WF_RF,TRUE,1,4,-0.32323496762110693
BRISONr_135,2015__GGE__LN_NF_RF,TRUE,1,4,-0.0913142682578771
BRISONr_135,2015__HAN__HN_NF_RF,TRUE,1,4,-0.12373256433919935
BRISONr_135,2015__HAN__HN_WF_RF,TRUE,1,4,0.23339346110737405
BRISONr_135,2015__HAN__LN_NF_RF,TRUE,1,4,0.1716306205721836
BRISONr_135,2015__KAL__HN_NF_RF,TRUE,0.9232988434688713,3,-0.9796597972244603
BRISONr_135,2015__KAL__HN_WF_RF,TRUE,0.9232988434688713,3,-0.7878203593376568
BRISONr_135,2015__KAL__LN_NF_RF,TRUE,0.9232988434688713,3,-0.009610605621174355
BRISONr_135,2015__KIE__HN_NF_RF,TRUE,1,4,-0.2901253142656186
BRISONr_135,2015__KIE__HN_WF_RF,TRUE,1,4,-0.266367375361985
BRISONr_135,2015__KIE__LN_NF_RF,TRUE,1,4,-0.3467194279095844
BRISONr_135,2015__QLB__HN_NF_RF,TRUE,1,4,-0.36456361855392955
BRISONr_135,2015__QLB__HN_WF_RF,TRUE,1,4,-0.5322596351208071
BRISONr_135,2015__QLB__LN_NF_RF,TRUE,1,4,0.31646486463111234
BRISONr_135,2016__GGE__HN_NF_RF,TRUE,1,4,-0.04411183361687508
BRISONr_135,2016__GGE__HN_WF_RF,TRUE,1,4,-0.3005978002316776
BRISONr_135,2016__GGE__LN_NF_RF,TRUE,1,4,-0.08693281150681163
BRISONr_135,2016__HAN__HN_NF_RF,TRUE,1,4,-0.22398791821800393
BRISONr_135,2016__HAN__HN_WF_RF,TRUE,1,4,-0.018279928953929783
BRISONr_135,2016__HAN__LN_NF_RF,TRUE,1,4,-0.017383399233394898
BRISONr_135,2016__KAL__HN_NF_RF,TRUE,1,4,-0.15712207210760473
BRISONr_135,2016__KAL__HN_WF_RF,TRUE,1,4,-0.3298366253633662
BRISONr_135,2016__KAL__LN_NF_RF,TRUE,1,4,-0.041881205052627685
BRISONr_135,2016__KIE__HN_NF_RF,TRUE,1,4,0.21847183355101818
BRISONr_135,2016__KIE__HN_WF_RF,TRUE,1,4,-0.37900963185452985
BRISONr_135,2016__KIE__LN_NF_RF,TRUE,1,4,-0.18271397641723508
BRISONr_135,2016__QLB__HN_NF_RF,TRUE,1,4,-0.3757947625486995
BRISONr_135,2016__QLB__HN_WF_RF,TRUE,1,4,-0.274201021005276
BRISONr_135,2016__QLB__LN_NF_RF,TRUE,1,4,-0.09334674667842525
BRISONr_135,2017__GGE__HN_NF_RF,TRUE,1,4,-0.23531242815737063
BRISONr_135,2017__GGE__HN_WF_RF,TRUE,1,4,-0.11110117928428433
BRISONr_135,2017__GGE__LN_NF_RF,TRUE,1,4,-0.4280710303522732
BRISONr_135,2017__HAN__HN_NF_RF,TRUE,1,4,0.12653052723795102
BRISONr_135,2017__HAN__HN_WF_RF,TRUE,1,4,0.411382054436277
BRISONr_135,2017__HAN__LN_NF_RF,TRUE,1,4,-0.024590871563624883
BRISONr_135,2017__KAL__HN_NF_RF,TRUE,1,4,-0.22125080298543798
BRISONr_135,2017__KAL__HN_WF_RF,TRUE,1,4,-0.14896066063636362
BRISONr_135,2017__KAL__LN_NF_RF,TRUE,1,4,0.19938495181182558
BRISONr_135,2017__KIE__HN_NF_RF,TRUE,1,4,0.004218260928395463
BRISONr_135,2017__KIE__HN_WF_RF,TRUE,1,4,-0.14891571906555806
BRISONr_135,2017__KIE__LN_NF_RF,TRUE,1,4,-0.8262857867844444
BRISONr_135,2017__QLB__HN_NF_RF,TRUE,1,4,-0.43144291836805226
BRISONr_135,2017__QLB__HN_WF_RF,TRUE,1,4,-0.41571525836854384
BRISONr_135,2017__QLB__LN_NF_RF,TRUE,1,4,0.0450445180273428
BRISONr_136,2015__GGE__HN_NF_RF,TRUE,1,4,-0.08208169138796254
BRISONr_136,2015__GGE__HN_WF_RF,TRUE,1,4,-0.595869357121785
BRISONr_136,2015__GGE__LN_NF_RF,TRUE,1,4,0.14160175077073742
BRISONr_136,2015__HAN__HN_NF_RF,TRUE,1,4,-0.4493698655775482
BRISONr_136,2015__HAN__HN_WF_RF,TRUE,1,4,-0.09457811997554247
BRISONr_136,2015__HAN__LN_NF_RF,TRUE,1,4,-0.07063689344909052
BRISONr_136,2015__KAL__HN_NF_RF,TRUE,0.9232988434688713,3,-0.3716986628776107
BRISONr_136,2015__KAL__HN_WF_RF,TRUE,0.9232988434688713,3,0.8127527581261657
BRISONr_136,2015__KAL__LN_NF_RF,TRUE,0.9232988434688713,3,1.3378927696416292
BRISONr_136,2015__KIE__HN_NF_RF,TRUE,1,4,-0.856464971522305
BRISONr_136,2015__KIE__HN_WF_RF,TRUE,1,4,-0.7861004135952231
BRISONr_136,2015__KIE__LN_NF_RF,TRUE,1,4,-1.257452900118013
BRISONr_136,2015__QLB__HN_NF_RF,TRUE,1,4,0.05621404536454726
BRISONr_136,2015__QLB__HN_WF_RF,TRUE,1,4,0.415325148116644
BRISONr_136,2015__QLB__LN_NF_RF,TRUE,1,4,-0.09927686111029546
BRISONr_136,2016__GGE__HN_NF_RF,TRUE,1,4,-0.30812079949031246
BRISONr_136,2016__GGE__HN_WF_RF,TRUE,1,4,-0.1639703385565896
BRISONr_136,2016__GGE__LN_NF_RF,TRUE,1,4,0.004024169505845977
BRISONr_136,2016__HAN__HN_NF_RF,TRUE,1,4,-0.34777730860361245
BRISONr_136,2016__HAN__HN_WF_RF,TRUE,1,4,-0.11217246087731714
BRISONr_136,2016__HAN__LN_NF_RF,TRUE,1,4,0.1371569191989611
BRISONr_136,2016__KAL__HN_NF_RF,TRUE,1,4,0.14266838982157737
BRISONr_136,2016__KAL__HN_WF_RF,TRUE,1,4,0.12235545422521807
BRISONr_136,2016__KAL__LN_NF_RF,TRUE,1,4,0.09097332709102181
BRISONr_136,2016__KIE__HN_NF_RF,TRUE,1,4,0.17758140482028506
BRISONr_136,2016__KIE__HN_WF_RF,TRUE,1,4,0.26766843657536443
BRISONr_136,2016__KIE__LN_NF_RF,TRUE,1,4,0.8039839801364381
BRISONr_136,2016__QLB__HN_NF_RF,TRUE,1,4,0.6867980376199296
BRISONr_136,2016__QLB__HN_WF_RF,TRUE,1,4,-0.10873245780866249
BRISONr_136,2016__QLB__LN_NF_RF,TRUE,1,4,0.2596913981348206
BRISONr_136,2017__GGE__HN_NF_RF,TRUE,1,4,0.025477086448805725
BRISONr_136,2017__GGE__HN_WF_RF,TRUE,1,4,-0.14147728258055065
BRISONr_136,2017__GGE__LN_NF_RF,TRUE,1,4,0.2299411308573219
BRISONr_136,2017__HAN__HN_NF_RF,TRUE,1,4,-0.07510468530965703
BRISONr_136,2017__HAN__HN_WF_RF,TRUE,1,4,0.2615170538950302
BRISONr_136,2017__HAN__LN_NF_RF,TRUE,1,4,0.5531290869796439
BRISONr_136,2017__KAL__HN_NF_RF,TRUE,1,4,0.2978990318532826
BRISONr_136,2017__KAL__HN_WF_RF,TRUE,1,4,0.30839992522462545
BRISONr_136,2017__KAL__LN_NF_RF,TRUE,1,4,0.5473059724847736
BRISONr_136,2017__KIE__HN_NF_RF,TRUE,1,4,0.4540488328894537
BRISONr_136,2017__KIE__HN_WF_RF,TRUE,1,4,0.2284188444470775
BRISONr_136,2017__KIE__LN_NF_RF,TRUE,1,4,0.1801804258083479
BRISONr_136,2017__QLB__HN_NF_RF,TRUE,1,4,0.4150163128538276
BRISONr_136,2017__QLB__HN_WF_RF,TRUE,1,4,0.23413743972143872
BRISONr_136,2017__QLB__LN_NF_RF,TRUE,1,4,0.27045052474712933
BRISONr_137,2015__GGE__HN_NF_RF,TRUE,1,4,-0.3410898188367769
BRISONr_137,2015__GGE__HN_WF_RF,TRUE,1,4,-0.4031003229041459
BRISONr_137,2015__GGE__LN_NF_RF,TRUE,1,4,-0.2139710911133334
BRISONr_137,2015__HAN__HN_NF_RF,TRUE,1,4,-0.10257524201226394
BRISONr_137,2015__HAN__HN_WF_RF,TRUE,1,4,-0.36181271062987036
BRISONr_137,2015__HAN__LN_NF_RF,TRUE,1,4,0.06580026883140148
BRISONr_137,2015__KAL__HN_NF_RF,TRUE,0.9232988434688713,3,-0.5260581617230193
BRISONr_137,2015__KAL__HN_WF_RF,TRUE,0.9232988434688713,3,-0.22909363990959247
BRISONr_137,2015__KAL__LN_NF_RF,TRUE,0.9232988434688713,3,-1.0859003070732958
BRISONr_137,2015__KIE__HN_NF_RF,TRUE,1,4,-1.4510261211318616
BRISONr_137,2015__KIE__HN_WF_RF,TRUE,1,4,-0.564592933784435
BRISONr_137,2015__KIE__LN_NF_RF,TRUE,1,4,-1.3412305722919224
BRISONr_137,2015__QLB__HN_NF_RF,TRUE,1,4,0.2014559406936
BRISONr_137,2015__QLB__HN_WF_RF,TRUE,1,4,-0.40693513859694047
BRISONr_137,2015__QLB__LN_NF_RF,TRUE,1,4,-0.339426632758652
BRISONr_137,2016__GGE__HN_NF_RF,TRUE,1,4,-0.04257511323307795
BRISONr_137,2016__GGE__HN_WF_RF,TRUE,1,4,-0.3844434576945826
BRISONr_137,2016__GGE__LN_NF_RF,TRUE,1,4,-0.06899277272385204
BRISONr_137,2016__HAN__HN_NF_RF,TRUE,1,4,-0.0020208779222229134
BRISONr_137,2016__HAN__HN_WF_RF,TRUE,1,4,-0.6922071406683101
BRISONr_137,2016__HAN__LN_NF_RF,TRUE,1,4,-0.23506767217253607
BRISONr_137,2016__KAL__HN_NF_RF,TRUE,1,4,-0.13209130461794158
BRISONr_137,2016__KAL__HN_WF_RF,TRUE,1,4,-0.5360789153065575
BRISONr_137,2016__KAL__LN_NF_RF,TRUE,1,4,-0.11311012473955653
BRISONr_137,2016__KIE__HN_NF_RF,TRUE,1,4,0.008519508169480959
BRISONr_137,2016__KIE__HN_WF_RF,TRUE,1,4,-0.52464949583566
BRISONr_137,2016__KIE__LN_NF_RF,TRUE,1,4,0.13240186821236516
BRISONr_137,2016__QLB__HN_NF_RF,TRUE,1,4,0.35267071341699907
BRISONr_137,2016__QLB__HN_WF_RF,TRUE,1,4,-0.38125742364237303
BRISONr_137,2016__QLB__LN_NF_RF,TRUE,1,4,-0.050424396153287206
BRISONr_137,2017__GGE__HN_NF_RF,TRUE,1,4,-0.3891523880635567
BRISONr_137,2017__GGE__HN_WF_RF,TRUE,1,4,-0.6169141271269514
BRISONr_137,2017__GGE__LN_NF_RF,TRUE,1,4,-0.4638526985183949
BRISONr_137,2017__HAN__HN_NF_RF,TRUE,1,4,0.0838988102787313
BRISONr_137,2017__HAN__HN_WF_RF,TRUE,1,4,0.010388229512924074
BRISONr_137,2017__HAN__LN_NF_RF,TRUE,1,4,-0.1261751316125964
BRISONr_137,2017__KAL__HN_NF_RF,TRUE,1,4,-0.015394055660775292
BRISONr_137,2017__KAL__HN_WF_RF,TRUE,1,4,-0.37129005185140007
BRISONr_137,2017__KAL__LN_NF_RF,TRUE,1,4,0.37002170814333735
BRISONr_137,2017__KIE__HN_NF_RF,TRUE,1,4,-0.20893282538298316
BRISONr_137,2017__KIE__HN_WF_RF,TRUE,1,4,-0.11469298369798187
BRISONr_137,2017__KIE__LN_NF_RF,TRUE,1,4,0.07047542475879157
BRISONr_137,2017__QLB__HN_NF_RF,TRUE,1,4,0.023596747496327928
BRISONr_137,2017__QLB__HN_WF_RF,TRUE,1,4,-0.5967324373462174
BRISONr_137,2017__QLB__LN_NF_RF,TRUE,1,4,0.054575960761881086
BRISONr_138,2015__GGE__HN_NF_RF,TRUE,1,4,0.6131519747469807
BRISONr_138,2015__GGE__HN_WF_RF,TRUE,1,4,-0.011466018751619796
BRISONr_138,2015__GGE__LN_NF_RF,TRUE,1,4,-0.04865703666912391
BRISONr_138,2015__HAN__HN_NF_RF,TRUE,1,4,0.32195980237535066
BRISONr_138,2015__HAN__HN_WF_RF,TRUE,1,4,0.3898506079952785
BRISONr_138,2015__HAN__LN_NF_RF,TRUE,1,4,0.014009133196648716
BRISONr_138,2015__KAL__HN_NF_RF,TRUE,0.9232988434688713,3,-0.3029428987960932
BRISONr_138,2015__KAL__HN_WF_RF,TRUE,0.9232988434688713,3,-0.14389366480054666
BRISONr_138,2015__KAL__LN_NF_RF,TRUE,0.9232988434688713,3,0.20461975294283818
BRISONr_138,2015__KIE__HN_NF_RF,TRUE,1,4,0.05537762628100504
BRISONr_138,2015__KIE__HN_WF_RF,TRUE,1,4,0.22130355545336072
BRISONr_138,2015__KIE__LN_NF_RF,TRUE,1,4,-1.0375394766054309
BRISONr_138,2015__QLB__HN_NF_RF,TRUE,1,4,0.47573271176986687
BRISONr_138,2015__QLB__HN_WF_RF,TRUE,1,4,0.0037286939653341815
BRISONr_138,2015__QLB__LN_NF_RF,TRUE,1,4,0.163387199744179
BRISONr_138,2016__GGE__HN_NF_RF,TRUE,1,4,0.4204820911882612
BRISONr_138,2016__GGE__HN_WF_RF,TRUE,1,4,0.313164098579957
BRISONr_138,2016__GGE__LN_NF_RF,TRUE,1,4,0.07538972937384908
BRISONr_138,2016__HAN__HN_NF_RF,TRUE,1,4,0.46510106380158134
BRISONr_138,2016__HAN__HN_WF_RF,TRUE,1,4,-0.3050355073533422
BRISONr_138,2016__HAN__LN_NF_RF,TRUE,1,4,0.013229638806342404
BRISONr_138,2016__KAL__HN_NF_RF,TRUE,1,4,0.31252803355305603
BRISONr_138,2016__KAL__HN_WF_RF,TRUE,1,4,0.05035440327071187
BRISONr_138,2016__KAL__LN_NF_RF,TRUE,1,4,-0.43722209036500614
BRISONr_138,2016__KIE__HN_NF_RF,TRUE,1,4,0.7357616428465087
BRISONr_138,2016__KIE__HN_WF_RF,TRUE,1,4,-0.02461402921495544
BRISONr_138,2016__KIE__LN_NF_RF,TRUE,1,4,0.04485323049083255
BRISONr_138,2016__QLB__HN_NF_RF,TRUE,1,4,0.8166930926563469
BRISONr_138,2016__QLB__HN_WF_RF,TRUE,1,4,0.5390361038638832
BRISONr_138,2016__QLB__LN_NF_RF,TRUE,1,4,-0.3842756553868305
BRISONr_138,2017__GGE__HN_NF_RF,TRUE,1,4,-0.496882291920746
BRISONr_138,2017__GGE__HN_WF_RF,TRUE,1,4,0.3991014188713535
BRISONr_138,2017__GGE__LN_NF_RF,TRUE,1,4,0.4882458401445495
BRISONr_138,2017__HAN__HN_NF_RF,TRUE,1,4,0.3429081232907539
BRISONr_138,2017__HAN__HN_WF_RF,TRUE,1,4,-0.29301387527048695
BRISONr_138,2017__HAN__LN_NF_RF,TRUE,1,4,0.12508549095542654
BRISONr_138,2017__KAL__HN_NF_RF,TRUE,1,4,0.12823510007898423
BRISONr_138,2017__KAL__HN_WF_RF,TRUE,1,4,0.22277173097695951
BRISONr_138,2017__KAL__LN_NF_RF,TRUE,1,4,0.06328105017983893
BRISONr_138,2017__KIE__HN_NF_RF,TRUE,1,4,0.2304373697067646
BRISONr_138,2017__KIE__HN_WF_RF,TRUE,1,4,-0.06860600220452752
BRISONr_138,2017__KIE__LN_NF_RF,TRUE,1,4,-0.3393864321924677
BRISONr_138,2017__QLB__HN_NF_RF,TRUE,1,4,0.11884263603515036
BRISONr_138,2017__QLB__HN_WF_RF,TRUE,1,4,0.11214781284154071
BRISONr_138,2017__QLB__LN_NF_RF,TRUE,1,4,0.5839678889354806
BRISONr_139,2015__GGE__HN_NF_RF,TRUE,1,4,-0.5032541308748325
BRISONr_139,2015__GGE__HN_WF_RF,TRUE,1,4,0.26606245745790996
BRISONr_139,2015__GGE__LN_NF_RF,TRUE,1,4,-0.3777703067130253
BRISONr_139,2015__HAN__HN_NF_RF,TRUE,1,4,-0.5965815645070035
BRISONr_139,2015__HAN__HN_WF_RF,TRUE,1,4,-0.0953714205288015
BRISONr_139,2015__HAN__LN_NF_RF,TRUE,1,4,-0.11595635119160111
BRISONr_139,2015__KAL__HN_NF_RF,TRUE,0.9232988434688713,3,0.04491343442478254
BRISONr_139,2015__KAL__HN_WF_RF,TRUE,0.9232988434688713,3,0.11410188784182891
BRISONr_139,2015__KAL__LN_NF_RF,TRUE,0.9232988434688713,3,-0.8922744254774163
BRISONr_139,2015__KIE__HN_NF_RF,TRUE,1,4,-0.4404117681845573
BRISONr_139,2015__KIE__HN_WF_RF,TRUE,1,4,-0.4072414026218307
BRISONr_139,2015__KIE__LN_NF_RF,TRUE,1,4,-0.5191373436862536
BRISONr_139,2015__QLB__HN_NF_RF,TRUE,1,4,-0.26052218892455486
BRISONr_139,2015__QLB__HN_WF_RF,TRUE,1,4,-0.21361117761583867
BRISONr_139,2015__QLB__LN_NF_RF,TRUE,1,4,-0.08072743649585386
BRISONr_139,2016__GGE__HN_NF_RF,TRUE,1,4,-0.8425644223113203
BRISONr_139,2016__GGE__HN_WF_RF,TRUE,1,4,-0.5020895065163348
BRISONr_139,2016__GGE__LN_NF_RF,TRUE,1,4,-0.12892480112780977
BRISONr_139,2016__HAN__HN_NF_RF,TRUE,1,4,-0.4892294386807389
BRISONr_139,2016__HAN__HN_WF_RF,TRUE,1,4,-0.21385309347776454
BRISONr_139,2016__HAN__LN_NF_RF,TRUE,1,4,-0.05792499952250698
BRISONr_139,2016__KAL__HN_NF_RF,TRUE,1,4,-0.42378812052540427
BRISONr_139,2016__KAL__HN_WF_RF,TRUE,1,4,0.009869933198597323
BRISONr_139,2016__KAL__LN_NF_RF,TRUE,1,4,0.3586945653824368
BRISONr_139,2016__KIE__HN_NF_RF,TRUE,1,4,-0.5003817620129246
BRISONr_139,2016__KIE__HN_WF_RF,TRUE,1,4,-0.18933941332990986
BRISONr_139,2016__KIE__LN_NF_RF,TRUE,1,4,0.21696223111509583
BRISONr_139,2016__QLB__HN_NF_RF,TRUE,1,4,-0.3025447293665416
BRISONr_139,2016__QLB__HN_WF_RF,TRUE,1,4,-0.31581252782107383
BRISONr_139,2016__QLB__LN_NF_RF,TRUE,1,4,-0.4096764669898709
BRISONr_139,2017__GGE__HN_NF_RF,TRUE,1,4,-0.3366905049250499
BRISONr_139,2017__GGE__HN_WF_RF,TRUE,1,4,-0.24087065573853572
BRISONr_139,2017__GGE__LN_NF_RF,TRUE,1,4,0.06457715390120357
BRISONr_139,2017__HAN__HN_NF_RF,TRUE,1,4,-0.4985929683812672
BRISONr_139,2017__HAN__HN_WF_RF,TRUE,1,4,-0.15344834175046604
BRISONr_139,2017__HAN__LN_NF_RF,TRUE,1,4,-0.2768274331911819
BRISONr_139,2017__KAL__HN_NF_RF,TRUE,1,4,-0.4169749375421268
BRISONr_139,2017__KAL__HN_WF_RF,TRUE,1,4,-0.18576414979144762
BRISONr_139,2017__KAL__LN_NF_RF,TRUE,1,4,0.14972203062039688
BRISONr_139,2017__KIE__HN_NF_RF,TRUE,1,4,-0.5082791489662858
BRISONr_139,2017__KIE__HN_WF_RF,TRUE,1,4,-0.08000088808067074
BRISONr_139,2017__KIE__LN_NF_RF,TRUE,1,4,-0.26279571469431273
BRISONr_139,2017__QLB__HN_NF_RF,TRUE,1,4,-0.6683304970245902
BRISONr_139,2017__QLB__HN_WF_RF,TRUE,1,4,-0.9154339803428254
BRISONr_139,2017__QLB__LN_NF_RF,TRUE,1,4,-0.5598679214964178
BRISONr_14,2015__GGE__HN_NF_RF,TRUE,1,4,0.5285093058615747
BRISONr_14,2015__GGE__HN_WF_RF,TRUE,1,4,0.505681969603747
BRISONr_14,2015__GGE__LN_NF_RF,TRUE,1,4,0.40825230883787855
BRISONr_14,2015__HAN__HN_NF_RF,TRUE,1,4,0.0035293016391959482
BRISONr_14,2015__HAN__HN_WF_RF,TRUE,1,4,0.2540816980374625
BRISONr_14,2015__HAN__LN_NF_RF,TRUE,1,4,-0.31901305994210966
BRISONr_14,2015__KAL__HN_NF_RF,TRUE,0.9232988434688713,3,0.8842018579387321
BRISONr_14,2015__KAL__HN_WF_RF,TRUE,0.9232988434688713,3,0.5074843071363572
BRISONr_14,2015__KAL__LN_NF_RF,TRUE,0.9232988434688713,3,0.6877481589957095
BRISONr_14,2015__KIE__HN_NF_RF,TRUE,1,4,0.04489602539789405
BRISONr_14,2015__KIE__HN_WF_RF,TRUE,1,4,0.6210261810408793
BRISONr_14,2015__KIE__LN_NF_RF,TRUE,1,4,0.4315030753322815
BRISONr_14,2015__QLB__HN_NF_RF,TRUE,1,4,0.24453815939413767
BRISONr_14,2015__QLB__HN_WF_RF,TRUE,1,4,-0.1823946331622738
BRISONr_14,2015__QLB__LN_NF_RF,TRUE,1,4,0.24091806939695287
BRISONr_14,2016__GGE__HN_NF_RF,TRUE,1,4,-0.23795739235799274
BRISONr_14,2016__GGE__HN_WF_RF,TRUE,1,4,-0.12360764254140444
BRISONr_14,2016__GGE__LN_NF_RF,TRUE,1,4,-0.5284019902902507
BRISONr_14,2016__HAN__HN_NF_RF,TRUE,1,4,0.19851251760430913
BRISONr_14,2016__HAN__HN_WF_RF,TRUE,1,4,-0.30153225391032284
BRISONr_14,2016__HAN__LN_NF_RF,TRUE,1,4,-0.07368616772280513
BRISONr_14,2016__KAL__HN_NF_RF,TRUE,1,4,0.05540516550795772
BRISONr_14,2016__KAL__HN_WF_RF,TRUE,1,4,-0.006869219696101575
BRISONr_14,2016__KAL__LN_NF_RF,TRUE,1,4,0.17548150101360604
BRISONr_14,2016__KIE__HN_NF_RF,TRUE,1,4,-0.15739857423101838
BRISONr_14,2016__KIE__HN_WF_RF,TRUE,1,4,0.21714948298128028
BRISONr_14,2016__KIE__LN_NF_RF,TRUE,1,4,0.0650020106046446
BRISONr_14,2016__QLB__HN_NF_RF,TRUE,1,4,-0.4916490411783526
BRISONr_14,2016__QLB__HN_WF_RF,TRUE,1,4,0.13246492215327724
BRISONr_14,2016__QLB__LN_NF_RF,TRUE,1,4,-0.5098135134459383
BRISONr_14,2017__GGE__HN_NF_RF,TRUE,1,4,-0.6169784109159973
BRISONr_14,2017__GGE__HN_WF_RF,TRUE,1,4,0.2805904757193617
BRISONr_14,2017__GGE__LN_NF_RF,TRUE,1,4,-0.5447248488212411
BRISONr_14,2017__HAN__HN_NF_RF,TRUE,1,4,-0.24208146662501293
BRISONr_14,2017__HAN__HN_WF_RF,TRUE,1,4,-0.1347250371437212
BRISONr_14,2017__HAN__LN_NF_RF,TRUE,1,4,-0.27089647276261647
BRISONr_14,2017__KAL__HN_NF_RF,TRUE,1,4,-0.4398421925334346
BRISONr_14,2017__KAL__HN_WF_RF,TRUE,1,4,-0.06652721415235548
BRISONr_14,2017__KAL__LN_NF_RF,TRUE,1,4,-0.16074956142890792
BRISONr_14,2017__KIE__HN_NF_RF,TRUE,1,4,-0.044039424437806785
BRISONr_14,2017__KIE__HN_WF_RF,TRUE,1,4,-0.28257568025090923
BRISONr_14,2017__KIE__LN_NF_RF,TRUE,1,4,0.1760928502903222
BRISONr_14,2017__QLB__HN_NF_RF,TRUE,1,4,-0.9322413809768775
BRISONr_14,2017__QLB__HN_WF_RF,TRUE,1,4,-0.27849397106673657
BRISONr_14,2017__QLB__LN_NF_RF,TRUE,1,4,-0.7482206870077858
BRISONr_140,2015__GGE__HN_NF_RF,TRUE,1,4,0.1747124243445202
BRISONr_140,2015__GGE__HN_WF_RF,TRUE,1,4,-0.23101080936539412
BRISONr_140,2015__GGE__LN_NF_RF,TRUE,1,4,0.16689621081465417
BRISONr_140,2015__HAN__HN_NF_RF,TRUE,1,4,0.2671811704347518
BRISONr_140,2015__HAN__HN_WF_RF,TRUE,1,4,-0.3379751029356413
BRISONr_140,2015__HAN__LN_NF_RF,TRUE,1,4,0.27908320529489256
BRISONr_140,2015__KAL__HN_NF_RF,TRUE,0.9232988434688713,3,0.1401578113477868
BRISONr_140,2015__KAL__HN_WF_RF,TRUE,0.9232988434688713,3,-0.149020005069817
BRISONr_140,2015__KAL__LN_NF_RF,TRUE,0.9232988434688713,3,-0.8588274830494124
BRISONr_140,2015__KIE__HN_NF_RF,TRUE,1,4,-0.12793326577762992
BRISONr_140,2015__KIE__HN_WF_RF,TRUE,1,4,-0.6250229794908535
BRISONr_140,2015__KIE__LN_NF_RF,TRUE,1,4,-0.4475389976219782
BRISONr_140,2015__QLB__HN_NF_RF,TRUE,1,4,0.18009312092881796
BRISONr_140,2015__QLB__HN_WF_RF,TRUE,1,4,-0.31611644070335976
BRISONr_140,2015__QLB__LN_NF_RF,TRUE,1,4,0.26378592403625384
BRISONr_140,2016__GGE__HN_NF_RF,TRUE,1,4,0.08471405140543227
BRISONr_140,2016__GGE__HN_WF_RF,TRUE,1,4,-0.36543602544808135
BRISONr_140,2016__GGE__LN_NF_RF,TRUE,1,4,0.07509735341157893
BRISONr_140,2016__HAN__HN_NF_RF,TRUE,1,4,0.4549942226612609
BRISONr_140,2016__HAN__HN_WF_RF,TRUE,1,4,-0.4351330261872733
BRISONr_140,2016__HAN__LN_NF_RF,TRUE,1,4,0.22604458944671735
BRISONr_140,2016__KAL__HN_NF_RF,TRUE,1,4,0.5883488115212299
BRISONr_140,2016__KAL__HN_WF_RF,TRUE,1,4,0.050050018811236455
BRISONr_140,2016__KAL__LN_NF_RF,TRUE,1,4,0.20822731202682165
BRISONr_140,2016__KIE__HN_NF_RF,TRUE,1,4,-0.5582207137108156
BRISONr_140,2016__KIE__HN_WF_RF,TRUE,1,4,-0.5033468270029041
BRISONr_140,2016__KIE__LN_NF_RF,TRUE,1,4,0.0669237365104295
BRISONr_140,2016__QLB__HN_NF_RF,TRUE,1,4,0.7318056830622537
BRISONr_140,2016__QLB__HN_WF_RF,TRUE,1,4,-0.9477899973737565
BRISONr_140,2016__QLB__LN_NF_RF,TRUE,1,4,0.6610845249094726
BRISONr_140,2017__GGE__HN_NF_RF,TRUE,1,4,-0.38531591457686104
BRISONr_140,2017__GGE__HN_WF_RF,TRUE,1,4,-0.5700353263568984
BRISONr_140,2017__GGE__LN_NF_RF,TRUE,1,4,-0.07231261537947979
BRISONr_140,2017__HAN__HN_NF_RF,TRUE,1,4,0.4576129467443951
BRISONr_140,2017__HAN__HN_WF_RF,TRUE,1,4,-0.3382165471299232
BRISONr_140,2017__HAN__LN_NF_RF,TRUE,1,4,0.47818811241394826
BRISONr_140,2017__KAL__HN_NF_RF,TRUE,1,4,0.07918549275892342
BRISONr_140,2017__KAL__HN_WF_RF,TRUE,1,4,-0.18055470673198012
BRISONr_140,2017__KAL__LN_NF_RF,TRUE,1,4,0.7076217136495936
BRISONr_140,2017__KIE__HN_NF_RF,TRUE,1,4,0.17326055194107998
BRISONr_140,2017__KIE__HN_WF_RF,TRUE,1,4,-0.0412044344289456
BRISONr_140,2017__KIE__LN_NF_RF,TRUE,1,4,0.528673926485749
BRISONr_140,2017__QLB__HN_NF_RF,TRUE,1,4,-0.22070227328141714
BRISONr_140,2017__QLB__HN_WF_RF,TRUE,1,4,-0.5271729270815376
BRISONr_140,2017__QLB__LN_NF_RF,TRUE,1,4,-0.476198369704001
BRISONr_141,2015__GGE__HN_NF_RF,TRUE,1,4,0.5638506613164908
BRISONr_141,2015__GGE__HN_WF_RF,TRUE,1,4,0.3791530324116332
BRISONr_141,2015__GGE__LN_NF_RF,TRUE,1,4,0.05201873506910832
BRISONr_141,2015__HAN__HN_NF_RF,TRUE,1,4,0.5124731937962791
BRISONr_141,2015__HAN__HN_WF_RF,TRUE,1,4,0.17491357998610496
BRISONr_141,2015__HAN__LN_NF_RF,TRUE,1,4,0.3680620725926449
BRISONr_141,2015__KAL__HN_NF_RF,TRUE,0.9232988434688713,3,-0.2371630115721492
BRISONr_141,2015__KAL__HN_WF_RF,TRUE,0.9232988434688713,3,0.3153881984155787
BRISONr_141,2015__KAL__LN_NF_RF,TRUE,0.9232988434688713,3,0.4037407778402911
BRISONr_141,2015__KIE__HN_NF_RF,TRUE,1,4,0.05935465756728965
BRISONr_141,2015__KIE__HN_WF_RF,TRUE,1,4,0.11826144047299017
BRISONr_141,2015__KIE__LN_NF_RF,TRUE,1,4,-0.15967030880969157
BRISONr_141,2015__QLB__HN_NF_RF,TRUE,1,4,0.8572321227547647
BRISONr_141,2015__QLB__HN_WF_RF,TRUE,1,4,0.5221578945880063
BRISONr_141,2015__QLB__LN_NF_RF,TRUE,1,4,0.7171786621030792
BRISONr_141,2016__GGE__HN_NF_RF,TRUE,1,4,0.4125483089252924
BRISONr_141,2016__GGE__HN_WF_RF,TRUE,1,4,0.33586721040143747
BRISONr_141,2016__GGE__LN_NF_RF,TRUE,1,4,-0.1606479374968599
BRISONr_141,2016__HAN__HN_NF_RF,TRUE,1,4,0.48278533717950706
BRISONr_141,2016__HAN__HN_WF_RF,TRUE,1,4,0.02302810765765776
BRISONr_141,2016__HAN__LN_NF_RF,TRUE,1,4,0.13972697530584643
BRISONr_141,2016__KAL__HN_NF_RF,TRUE,1,4,0.493612121853277
BRISONr_141,2016__KAL__HN_WF_RF,TRUE,1,4,0.4709276840241491
BRISONr_141,2016__KAL__LN_NF_RF,TRUE,1,4,0.19023239486546475
BRISONr_141,2016__KIE__HN_NF_RF,TRUE,1,4,0.6012527134482096
BRISONr_141,2016__KIE__HN_WF_RF,TRUE,1,4,0.17957493644082967
BRISONr_141,2016__KIE__LN_NF_RF,TRUE,1,4,0.4754525349590185
BRISONr_141,2016__QLB__HN_NF_RF,TRUE,1,4,0.7070648587241426
BRISONr_141,2016__QLB__HN_WF_RF,TRUE,1,4,0.5824734906506626
BRISONr_141,2016__QLB__LN_NF_RF,TRUE,1,4,0.8776730158872655
BRISONr_141,2017__GGE__HN_NF_RF,TRUE,1,4,0.18748946438945668
BRISONr_141,2017__GGE__HN_WF_RF,TRUE,1,4,0.18397912757880974
BRISONr_141,2017__GGE__LN_NF_RF,TRUE,1,4,0.0767966689634744
BRISONr_141,2017__HAN__HN_NF_RF,TRUE,1,4,0.21183211146342215
BRISONr_141,2017__HAN__HN_WF_RF,TRUE,1,4,-0.012777306153039285
BRISONr_141,2017__HAN__LN_NF_RF,TRUE,1,4,0.19329290434089977
BRISONr_141,2017__KAL__HN_NF_RF,TRUE,1,4,0.6260424279555616
BRISONr_141,2017__KAL__HN_WF_RF,TRUE,1,4,0.22324809120949898
BRISONr_141,2017__KAL__LN_NF_RF,TRUE,1,4,0.8098298680343227
BRISONr_141,2017__KIE__HN_NF_RF,TRUE,1,4,-0.26499878470806193
BRISONr_141,2017__KIE__HN_WF_RF,TRUE,1,4,0.10575438793141903
BRISONr_141,2017__KIE__LN_NF_RF,TRUE,1,4,-0.5322775356383755
BRISONr_141,2017__QLB__HN_NF_RF,TRUE,1,4,0.7044465252229039
BRISONr_141,2017__QLB__HN_WF_RF,TRUE,1,4,0.948058293011886
BRISONr_141,2017__QLB__LN_NF_RF,TRUE,1,4,0.7276633951009989
BRISONr_142,2015__GGE__HN_NF_RF,TRUE,1,4,0.4504740344020965
BRISONr_142,2015__GGE__HN_WF_RF,TRUE,1,4,-0.09616509714948578
BRISONr_142,2015__GGE__LN_NF_RF,TRUE,1,4,0.07286863696588372
BRISONr_142,2015__HAN__HN_NF_RF,TRUE,1,4,0.6327701603939851
BRISONr_142,2015__HAN__HN_WF_RF,TRUE,1,4,0.11322000042311403
BRISONr_142,2015__HAN__LN_NF_RF,TRUE,1,4,0.31586981644087586
BRISONr_142,2015__KAL__HN_NF_RF,TRUE,0.9232988434688713,3,0.33764375884172043
BRISONr_142,2015__KAL__HN_WF_RF,TRUE,0.9232988434688713,3,-0.8276608608216361
BRISONr_142,2015__KAL__LN_NF_RF,TRUE,0.9232988434688713,3,0.24470864573038367
BRISONr_142,2015__KIE__HN_NF_RF,TRUE,1,4,-0.021198004366275773
BRISONr_142,2015__KIE__HN_WF_RF,TRUE,1,4,0.25600043491102475
BRISONr_142,2015__KIE__LN_NF_RF,TRUE,1,4,-0.26343652865804856
BRISONr_142,2015__QLB__HN_NF_RF,TRUE,1,4,0.5608945403743711
BRISONr_142,2015__QLB__HN_WF_RF,TRUE,1,4,0.21063483643329295
BRISONr_142,2015__QLB__LN_NF_RF,TRUE,1,4,0.6580943601584011
BRISONr_142,2016__GGE__HN_NF_RF,TRUE,1,4,0.44455882256373513
BRISONr_142,2016__GGE__HN_WF_RF,TRUE,1,4,0.2800616387923131
BRISONr_142,2016__GGE__LN_NF_RF,TRUE,1,4,0.29726177466069087
BRISONr_142,2016__HAN__HN_NF_RF,TRUE,1,4,0.6896410466872779
BRISONr_142,2016__HAN__HN_WF_RF,TRUE,1,4,-0.085890372263667
BRISONr_142,2016__HAN__LN_NF_RF,TRUE,1,4,0.11522887767026074
BRISONr_142,2016__KAL__HN_NF_RF,TRUE,1,4,0.8279209243552534
BRISONr_142,2016__KAL__HN_WF_RF,TRUE,1,4,0.32060417075414377
BRISONr_142,2016__KAL__LN_NF_RF,TRUE,1,4,0.43643560629775924
BRISONr_142,2016__KIE__HN_NF_RF,TRUE,1,4,0.28068920402672837
BRISONr_142,2016__KIE__HN_WF_RF,TRUE,1,4,-0.037522328688460435
BRISONr_142,2016__KIE__LN_NF_RF,TRUE,1,4,0.3743354712961809
BRISONr_142,2016__QLB__HN_NF_RF,TRUE,1,4,0.8951823731132498
BRISONr_142,2016__QLB__HN_WF_RF,TRUE,1,4,0.9013363611067314
BRISONr_142,2016__QLB__LN_NF_RF,TRUE,1,4,1.3156702410066519
BRISONr_142,2017__GGE__HN_NF_RF,TRUE,1,4,0.3119443250934583
BRISONr_142,2017__GGE__HN_WF_RF,TRUE,1,4,0.03445682975540411
BRISONr_142,2017__GGE__LN_NF_RF,TRUE,1,4,0.4249189887648179
BRISONr_142,2017__HAN__HN_NF_RF,TRUE,1,4,0.1868584072528266
BRISONr_142,2017__HAN__HN_WF_RF,TRUE,1,4,0.15365908352095656
BRISONr_142,2017__HAN__LN_NF_RF,TRUE,1,4,0.6367682140282817
BRISONr_142,2017__KAL__HN_NF_RF,TRUE,1,4,0.5352567461283302
BRISONr_142,2017__KAL__HN_WF_RF,TRUE,1,4,-0.08200822421793547
BRISONr_142,2017__KAL__LN_NF_RF,TRUE,1,4,0.5879611465450529
BRISONr_142,2017__KIE__HN_NF_RF,TRUE,1,4,-0.046953364077086626
BRISONr_142,2017__KIE__HN_WF_RF,TRUE,1,4,0.1716621884465826
BRISONr_142,2017__KIE__LN_NF_RF,TRUE,1,4,-0.7369176192842204
BRISONr_142,2017__QLB__HN_NF_RF,TRUE,1,4,0.5056329344850861
BRISONr_142,2017__QLB__HN_WF_RF,TRUE,1,4,0.4682309961147052
BRISONr_142,2017__QLB__LN_NF_RF,TRUE,1,4,0.21243532964494627
BRISONr_143,2015__GGE__HN_NF_RF,TRUE,1,4,0.0026870581228374407
BRISONr_143,2015__GGE__HN_WF_RF,TRUE,1,4,0.27401429129755195
BRISONr_143,2015__GGE__LN_NF_RF,TRUE,1,4,0.10152053260268203
BRISONr_143,2015__HAN__HN_NF_RF,TRUE,1,4,-0.17254538473155334
BRISONr_143,2015__HAN__HN_WF_RF,TRUE,1,4,-0.31964093177564334
BRISONr_143,2015__HAN__LN_NF_RF,TRUE,1,4,0.30215585837624137
BRISONr_143,2015__KAL__HN_NF_RF,TRUE,0.9232988434688713,3,-0.35453357896141613
BRISONr_143,2015__KAL__HN_WF_RF,TRUE,0.9232988434688713,3,-0.23471827191582795
BRISONr_143,2015__KAL__LN_NF_RF,TRUE,0.9232988434688713,3,-0.34570396159750455
BRISONr_143,2015__KIE__HN_NF_RF,TRUE,1,4,0.24273911834664924
BRISONr_143,2015__KIE__HN_WF_RF,TRUE,1,4,0.25227996748518833
BRISONr_143,2015__KIE__LN_NF_RF,TRUE,1,4,0.2660040261566611
BRISONr_143,2015__QLB__HN_NF_RF,TRUE,1,4,0.3005887700970265
BRISONr_143,2015__QLB__HN_WF_RF,TRUE,1,4,-0.06870119981559045
BRISONr_143,2015__QLB__LN_NF_RF,TRUE,1,4,0.20778043083867062
BRISONr_143,2016__GGE__HN_NF_RF,TRUE,1,4,-0.01952440268705532
BRISONr_143,2016__GGE__HN_WF_RF,TRUE,1,4,-0.02912203487040206
BRISONr_143,2016__GGE__LN_NF_RF,TRUE,1,4,0.474069619397714
BRISONr_143,2016__HAN__HN_NF_RF,TRUE,1,4,0.2288806899202055
BRISONr_143,2016__HAN__HN_WF_RF,TRUE,1,4,-0.16965551059201422
BRISONr_143,2016__HAN__LN_NF_RF,TRUE,1,4,0.061579077620664786
BRISONr_143,2016__KAL__HN_NF_RF,TRUE,1,4,-0.3103502039819146
BRISONr_143,2016__KAL__HN_WF_RF,TRUE,1,4,0.02323252549557859
BRISONr_143,2016__KAL__LN_NF_RF,TRUE,1,4,0.2692435901964618
BRISONr_143,2016__KIE__HN_NF_RF,TRUE,1,4,0.4937971935401945
BRISONr_143,2016__KIE__HN_WF_RF,TRUE,1,4,-0.15006507731012697
BRISONr_143,2016__KIE__LN_NF_RF,TRUE,1,4,0.46920009141886826
BRISONr_143,2016__QLB__HN_NF_RF,TRUE,1,4,0.7316299136277623
BRISONr_143,2016__QLB__HN_WF_RF,TRUE,1,4,0.049664830478016626
BRISONr_143,2016__QLB__LN_NF_RF,TRUE,1,4,0.37333144949189323
BRISONr_143,2017__GGE__HN_NF_RF,TRUE,1,4,0.11937336960550174
BRISONr_143,2017__GGE__HN_WF_RF,TRUE,1,4,0.01594319043036474
BRISONr_143,2017__GGE__LN_NF_RF,TRUE,1,4,-0.044770371225287674
BRISONr_143,2017__HAN__HN_NF_RF,TRUE,1,4,0.26382694735817314
BRISONr_143,2017__HAN__HN_WF_RF,TRUE,1,4,0.2429560851766619
BRISONr_143,2017__HAN__LN_NF_RF,TRUE,1,4,0.24950326608585274
BRISONr_143,2017__KAL__HN_NF_RF,TRUE,1,4,0.23970989186609165
BRISONr_143,2017__KAL__HN_WF_RF,TRUE,1,4,0.13148552934150917
BRISONr_143,2017__KAL__LN_NF_RF,TRUE,1,4,0.682599948468721
BRISONr_143,2017__KIE__HN_NF_RF,TRUE,1,4,0.007969698115462914
BRISONr_143,2017__KIE__HN_WF_RF,TRUE,1,4,0.18112062640110374
BRISONr_143,2017__KIE__LN_NF_RF,TRUE,1,4,0.17604358594810218
BRISONr_143,2017__QLB__HN_NF_RF,TRUE,1,4,0.36476861115457515
BRISONr_143,2017__QLB__HN_WF_RF,TRUE,1,4,-0.35227568094919004
BRISONr_143,2017__QLB__LN_NF_RF,TRUE,1,4,0.2344386709510794
BRISONr_144,2015__GGE__HN_NF_RF,TRUE,1,4,0.22658876514339138
BRISONr_144,2015__GGE__HN_WF_RF,TRUE,1,4,-0.07528329061654164
BRISONr_144,2015__GGE__LN_NF_RF,TRUE,1,4,0.037349121850651756
BRISONr_144,2015__HAN__HN_NF_RF,TRUE,1,4,-0.3385797235061473
BRISONr_144,2015__HAN__HN_WF_RF,TRUE,1,4,-0.9015597525768101
BRISONr_144,2015__HAN__LN_NF_RF,TRUE,1,4,-0.19226876466353246
BRISONr_144,2015__KAL__HN_NF_RF,TRUE,0.9232988434688713,3,-0.38975857542508635
BRISONr_144,2015__KAL__HN_WF_RF,TRUE,0.9232988434688713,3,-0.11034550566941695
BRISONr_144,2015__KAL__LN_NF_RF,TRUE,0.9232988434688713,3,-0.3520859999042507
BRISONr_144,2015__KIE__HN_NF_RF,TRUE,1,4,-0.17314861145630261
BRISONr_144,2015__KIE__HN_WF_RF,TRUE,1,4,-0.2648927689163561
BRISONr_144,2015__KIE__LN_NF_RF,TRUE,1,4,-0.5032899591412074
BRISONr_144,2015__QLB__HN_NF_RF,TRUE,1,4,-0.03912202647578482
BRISONr_144,2015__QLB__HN_WF_RF,TRUE,1,4,-0.9371792857547723
BRISONr_144,2015__QLB__LN_NF_RF,TRUE,1,4,-0.2783222231098434
BRISONr_144,2016__GGE__HN_NF_RF,TRUE,1,4,-0.3181905988626557
BRISONr_144,2016__GGE__HN_WF_RF,TRUE,1,4,0.29683038286099983
BRISONr_144,2016__GGE__LN_NF_RF,TRUE,1,4,0.3696421691120293
BRISONr_144,2016__HAN__HN_NF_RF,TRUE,1,4,-0.11767001901861052
BRISONr_144,2016__HAN__HN_WF_RF,TRUE,1,4,-0.47595752616518155
BRISONr_144,2016__HAN__LN_NF_RF,TRUE,1,4,-0.5045943501672877
BRISONr_144,2016__KAL__HN_NF_RF,TRUE,1,4,-0.012029297108576194
BRISONr_144,2016__KAL__HN_WF_RF,TRUE,1,4,-0.24894810063427192
BRISONr_144,2016__KAL__LN_NF_RF,TRUE,1,4,0.0990461886362474
BRISONr_144,2016__KIE__HN_NF_RF,TRUE,1,4,-0.24848675091399008
BRISONr_144,2016__KIE__HN_WF_RF,TRUE,1,4,-0.1927650919270187
BRISONr_144,2016__KIE__LN_NF_RF,TRUE,1,4,-0.13947768990021428
BRISONr_144,2016__QLB__HN_NF_RF,TRUE,1,4,0.4077192181441948
BRISONr_144,2016__QLB__HN_WF_RF,TRUE,1,4,-0.7435458987222784
BRISONr_144,2016__QLB__LN_NF_RF,TRUE,1,4,0.09732875060151396
BRISONr_144,2017__GGE__HN_NF_RF,TRUE,1,4,-0.08318745287019867
BRISONr_144,2017__GGE__HN_WF_RF,TRUE,1,4,-0.21675514807102647
BRISONr_144,2017__GGE__LN_NF_RF,TRUE,1,4,0.07359518198105378
BRISONr_144,2017__HAN__HN_NF_RF,TRUE,1,4,0.019732487662534756
BRISONr_144,2017__HAN__HN_WF_RF,TRUE,1,4,-0.7104427951506792
BRISONr_144,2017__HAN__LN_NF_RF,TRUE,1,4,-0.10998214610625597
BRISONr_144,2017__KAL__HN_NF_RF,TRUE,1,4,0.01302798328135098
BRISONr_144,2017__KAL__HN_WF_RF,TRUE,1,4,-0.03715249983662133
BRISONr_144,2017__KAL__LN_NF_RF,TRUE,1,4,0.23552878039213193
BRISONr_144,2017__KIE__HN_NF_RF,TRUE,1,4,-0.476611395731182
BRISONr_144,2017__KIE__HN_WF_RF,TRUE,1,4,-0.9132755468879137
BRISONr_144,2017__KIE__LN_NF_RF,TRUE,1,4,-0.18302966167491855
BRISONr_144,2017__QLB__HN_NF_RF,TRUE,1,4,-0.3715539543903589
BRISONr_144,2017__QLB__HN_WF_RF,TRUE,1,4,-0.8457920901185035
BRISONr_144,2017__QLB__LN_NF_RF,TRUE,1,4,-0.318954503558411
BRISONr_145,2015__GGE__HN_NF_RF,TRUE,1,4,0.0507771372960866
BRISONr_145,2015__GGE__HN_WF_RF,TRUE,1,4,0.3303908243416148
BRISONr_145,2015__GGE__LN_NF_RF,TRUE,1,4,-0.037013803959429964
BRISONr_145,2015__HAN__HN_NF_RF,TRUE,1,4,0.36583510049567003
BRISONr_145,2015__HAN__HN_WF_RF,TRUE,1,4,0.2657136919411609
BRISONr_145,2015__HAN__LN_NF_RF,TRUE,1,4,0.2621447808249364
BRISONr_145,2015__KAL__HN_NF_RF,TRUE,0.9232988434688713,3,-0.7687799251364403
BRISONr_145,2015__KAL__HN_WF_RF,TRUE,0.9232988434688713,3,0.3317965583168326
BRISONr_145,2015__KAL__LN_NF_RF,TRUE,0.9232988434688713,3,-0.3036817963860247
BRISONr_145,2015__KIE__HN_NF_RF,TRUE,1,4,0.3247867837905815
BRISONr_145,2015__KIE__HN_WF_RF,TRUE,1,4,0.43578345308384336
BRISONr_145,2015__KIE__LN_NF_RF,TRUE,1,4,0.19757362898183592
BRISONr_145,2015__QLB__HN_NF_RF,TRUE,1,4,0.05487332758807461
BRISONr_145,2015__QLB__HN_WF_RF,TRUE,1,4,0.24661207951002367
BRISONr_145,2015__QLB__LN_NF_RF,TRUE,1,4,0.22181714598130636
BRISONr_145,2016__GGE__HN_NF_RF,TRUE,1,4,0.3130251647864731
BRISONr_145,2016__GGE__HN_WF_RF,TRUE,1,4,0.288247471208428
BRISONr_145,2016__GGE__LN_NF_RF,TRUE,1,4,0.32961939817980984
BRISONr_145,2016__HAN__HN_NF_RF,TRUE,1,4,0.5522649693431017
BRISONr_145,2016__HAN__HN_WF_RF,TRUE,1,4,0.1861836749071864
BRISONr_145,2016__HAN__LN_NF_RF,TRUE,1,4,0.029971448958408142
BRISONr_145,2016__KAL__HN_NF_RF,TRUE,1,4,0.2537282548801788
BRISONr_145,2016__KAL__HN_WF_RF,TRUE,1,4,0.33987384559122685
BRISONr_145,2016__KAL__LN_NF_RF,TRUE,1,4,0.19280119062977272
BRISONr_145,2016__KIE__HN_NF_RF,TRUE,1,4,0.6027363672846502
BRISONr_145,2016__KIE__HN_WF_RF,TRUE,1,4,0.31027769438738373
BRISONr_145,2016__KIE__LN_NF_RF,TRUE,1,4,0.3769813696065061
BRISONr_145,2016__QLB__HN_NF_RF,TRUE,1,4,0.5045809882624052
BRISONr_145,2016__QLB__HN_WF_RF,TRUE,1,4,0.9496397055333455
BRISONr_145,2016__QLB__LN_NF_RF,TRUE,1,4,-0.09291891690240786
BRISONr_145,2017__GGE__HN_NF_RF,TRUE,1,4,0.4898594851635828
BRISONr_145,2017__GGE__HN_WF_RF,TRUE,1,4,0.6422155966645517
BRISONr_145,2017__GGE__LN_NF_RF,TRUE,1,4,0.007993120933777062
BRISONr_145,2017__HAN__HN_NF_RF,TRUE,1,4,0.2219614557027893
BRISONr_145,2017__HAN__HN_WF_RF,TRUE,1,4,0.12627457381798465
BRISONr_145,2017__HAN__LN_NF_RF,TRUE,1,4,0.3683565118073274
BRISONr_145,2017__KAL__HN_NF_RF,TRUE,1,4,0.10382986061198375
BRISONr_145,2017__KAL__HN_WF_RF,TRUE,1,4,0.5849580825056624
BRISONr_145,2017__KAL__LN_NF_RF,TRUE,1,4,0.13811313724496324
BRISONr_145,2017__KIE__HN_NF_RF,TRUE,1,4,-0.2280004447579525
BRISONr_145,2017__KIE__HN_WF_RF,TRUE,1,4,-0.4192098808743023
BRISONr_145,2017__KIE__LN_NF_RF,TRUE,1,4,-0.40294557526911595
BRISONr_145,2017__QLB__HN_NF_RF,TRUE,1,4,-0.05135983626118457
BRISONr_145,2017__QLB__HN_WF_RF,TRUE,1,4,0.11934893438090502
BRISONr_145,2017__QLB__LN_NF_RF,TRUE,1,4,-0.3522086173639794
BRISONr_146,2015__GGE__HN_NF_RF,TRUE,1,4,0.6564920707858967
BRISONr_146,2015__GGE__HN_WF_RF,TRUE,1,4,0.35656020613799716
BRISONr_146,2015__GGE__LN_NF_RF,TRUE,1,4,0.16618093152591973
BRISONr_146,2015__HAN__HN_NF_RF,TRUE,1,4,0.6807139110764252
BRISONr_146,2015__HAN__HN_WF_RF,TRUE,1,4,0.26104714036675547
BRISONr_146,2015__HAN__LN_NF_RF,TRUE,1,4,0.20138447705379658
BRISONr_146,2015__KAL__HN_NF_RF,TRUE,0.9232988434688713,3,-0.11888094028183362
BRISONr_146,2015__KAL__HN_WF_RF,TRUE,0.9232988434688713,3,0.08204714588619598
BRISONr_146,2015__KAL__LN_NF_RF,TRUE,0.9232988434688713,3,-0.03300541599198056
BRISONr_146,2015__KIE__HN_NF_RF,TRUE,1,4,0.2774069860533935
BRISONr_146,2015__KIE__HN_WF_RF,TRUE,1,4,0.5868567485645269
BRISONr_146,2015__KIE__LN_NF_RF,TRUE,1,4,-0.001562431948444555
BRISONr_146,2015__QLB__HN_NF_RF,TRUE,1,4,1.0014163330041463
BRISONr_146,2015__QLB__HN_WF_RF,TRUE,1,4,0.6359480357656782
BRISONr_146,2015__QLB__LN_NF_RF,TRUE,1,4,0.8716910556566184
BRISONr_146,2016__GGE__HN_NF_RF,TRUE,1,4,0.34469472660757594
BRISONr_146,2016__GGE__HN_WF_RF,TRUE,1,4,0.315715179360369
BRISONr_146,2016__GGE__LN_NF_RF,TRUE,1,4,0.09950183258647177
BRISONr_146,2016__HAN__HN_NF_RF,TRUE,1,4,0.5794977820817845
BRISONr_146,2016__HAN__HN_WF_RF,TRUE,1,4,0.12946723959363518
BRISONr_146,2016__HAN__LN_NF_RF,TRUE,1,4,0.18977415831425112
BRISONr_146,2016__KAL__HN_NF_RF,TRUE,1,4,0.8689720234812952
BRISONr_146,2016__KAL__HN_WF_RF,TRUE,1,4,0.30555865082723527
BRISONr_146,2016__KAL__LN_NF_RF,TRUE,1,4,0.2041741321878158
BRISONr_146,2016__KIE__HN_NF_RF,TRUE,1,4,0.5439999535887716
BRISONr_146,2016__KIE__HN_WF_RF,TRUE,1,4,0.20139293708025932
BRISONr_146,2016__KIE__LN_NF_RF,TRUE,1,4,0.07758083928197819
BRISONr_146,2016__QLB__HN_NF_RF,TRUE,1,4,1.059341482549961
BRISONr_146,2016__QLB__HN_WF_RF,TRUE,1,4,0.6693283461896572
BRISONr_146,2016__QLB__LN_NF_RF,TRUE,1,4,0.6950925932514702
BRISONr_146,2017__GGE__HN_NF_RF,TRUE,1,4,0.5123065543460137
BRISONr_146,2017__GGE__HN_WF_RF,TRUE,1,4,0.345853588192719
BRISONr_146,2017__GGE__LN_NF_RF,TRUE,1,4,0.11263298904948384
BRISONr_146,2017__HAN__HN_NF_RF,TRUE,1,4,0.3568167855589398
BRISONr_146,2017__HAN__HN_WF_RF,TRUE,1,4,0.7386001766232887
BRISONr_146,2017__HAN__LN_NF_RF,TRUE,1,4,0.1387458153889028
BRISONr_146,2017__KAL__HN_NF_RF,TRUE,1,4,0.47009536814023434
BRISONr_146,2017__KAL__HN_WF_RF,TRUE,1,4,0.24407388256474039
BRISONr_146,2017__KAL__LN_NF_RF,TRUE,1,4,0.06295102988921751
BRISONr_146,2017__KIE__HN_NF_RF,TRUE,1,4,-0.6717617714709823
BRISONr_146,2017__KIE__HN_WF_RF,TRUE,1,4,-0.14203853645016606
BRISONr_146,2017__KIE__LN_NF_RF,TRUE,1,4,-0.5663690291427329
BRISONr_146,2017__QLB__HN_NF_RF,TRUE,1,4,1.008152574427748
BRISONr_146,2017__QLB__HN_WF_RF,TRUE,1,4,0.4082533573026065
BRISONr_146,2017__QLB__LN_NF_RF,TRUE,1,4,0.4487640260520761
BRISONr_147,2015__GGE__HN_NF_RF,TRUE,1,4,-0.22065669701001642
BRISONr_147,2015__GGE__HN_WF_RF,TRUE,1,4,0.43531295771804024
BRISONr_147,2015__GGE__LN_NF_RF,TRUE,1,4,0.16259185923571928
BRISONr_147,2015__HAN__HN_NF_RF,TRUE,1,4,-0.3368307352672565
BRISONr_147,2015__HAN__HN_WF_RF,TRUE,1,4,-0.23288538200478848
BRISONr_147,2015__HAN__LN_NF_RF,TRUE,1,4,-0.19804767032483167
BRISONr_147,2015__KAL__HN_NF_RF,TRUE,0.9232988434688713,3,-0.6640475354695119
BRISONr_147,2015__KAL__HN_WF_RF,TRUE,0.9232988434688713,3,-0.06409503512606443
BRISONr_147,2015__KAL__LN_NF_RF,TRUE,0.9232988434688713,3,-0.6421933485890601
BRISONr_147,2015__KIE__HN_NF_RF,TRUE,1,4,0.21377161734840827
BRISONr_147,2015__KIE__HN_WF_RF,TRUE,1,4,0.6075614379985802
BRISONr_147,2015__KIE__LN_NF_RF,TRUE,1,4,0.28798351925616694
BRISONr_147,2015__QLB__HN_NF_RF,TRUE,1,4,0.26078490125300563
BRISONr_147,2015__QLB__HN_WF_RF,TRUE,1,4,0.013041680976200856
BRISONr_147,2015__QLB__LN_NF_RF,TRUE,1,4,-0.21931583892793935
BRISONr_147,2016__GGE__HN_NF_RF,TRUE,1,4,0.023718222242486715
BRISONr_147,2016__GGE__HN_WF_RF,TRUE,1,4,-0.0506575271762468
BRISONr_147,2016__GGE__LN_NF_RF,TRUE,1,4,-0.10353670613878801
BRISONr_147,2016__HAN__HN_NF_RF,TRUE,1,4,-0.18790755435261564
BRISONr_147,2016__HAN__HN_WF_RF,TRUE,1,4,0.13210092481310354
BRISONr_147,2016__HAN__LN_NF_RF,TRUE,1,4,0.04493609900208937
BRISONr_147,2016__KAL__HN_NF_RF,TRUE,1,4,-0.6237630731538831
BRISONr_147,2016__KAL__HN_WF_RF,TRUE,1,4,0.1525469121489122
BRISONr_147,2016__KAL__LN_NF_RF,TRUE,1,4,-0.014745677073713997
BRISONr_147,2016__KIE__HN_NF_RF,TRUE,1,4,0.3381975703597857
BRISONr_147,2016__KIE__HN_WF_RF,TRUE,1,4,0.27643155238372125
BRISONr_147,2016__KIE__LN_NF_RF,TRUE,1,4,0.23396946176112668
BRISONr_147,2016__QLB__HN_NF_RF,TRUE,1,4,0.0790945679787198
BRISONr_147,2016__QLB__HN_WF_RF,TRUE,1,4,0.48723610293855885
BRISONr_147,2016__QLB__LN_NF_RF,TRUE,1,4,0.3887918097629988
BRISONr_147,2017__GGE__HN_NF_RF,TRUE,1,4,0.05604310009299967
BRISONr_147,2017__GGE__HN_WF_RF,TRUE,1,4,0.21187178942154744
BRISONr_147,2017__GGE__LN_NF_RF,TRUE,1,4,0.41509610149845894
BRISONr_147,2017__HAN__HN_NF_RF,TRUE,1,4,0.21536250364502055
BRISONr_147,2017__HAN__HN_WF_RF,TRUE,1,4,-0.13943361406970456
BRISONr_147,2017__HAN__LN_NF_RF,TRUE,1,4,0.4687406657527524
BRISONr_147,2017__KAL__HN_NF_RF,TRUE,1,4,0.39018228146414335
BRISONr_147,2017__KAL__HN_WF_RF,TRUE,1,4,0.3122637741753005
BRISONr_147,2017__KAL__LN_NF_RF,TRUE,1,4,0.24965102751826118
BRISONr_147,2017__KIE__HN_NF_RF,TRUE,1,4,0.29808896214224206
BRISONr_147,2017__KIE__HN_WF_RF,TRUE,1,4,0.19695906978106006
BRISONr_147,2017__KIE__LN_NF_RF,TRUE,1,4,0.14542826889966856
BRISONr_147,2017__QLB__HN_NF_RF,TRUE,1,4,0.3087587154247188
BRISONr_147,2017__QLB__HN_WF_RF,TRUE,1,4,-0.015704484833786586
BRISONr_147,2017__QLB__LN_NF_RF,TRUE,1,4,0.3953588266844754
BRISONr_148,2015__GGE__HN_NF_RF,TRUE,1,4,0.06411819573809868
BRISONr_148,2015__GGE__HN_WF_RF,TRUE,1,4,-0.2588022029950892
BRISONr_148,2015__GGE__LN_NF_RF,TRUE,1,4,0.17582530874026583
BRISONr_148,2015__HAN__HN_NF_RF,TRUE,1,4,0.05121597227630874
BRISONr_148,2015__HAN__HN_WF_RF,TRUE,1,4,0.08833490162293127
BRISONr_148,2015__HAN__LN_NF_RF,TRUE,1,4,0.09375162662405619
BRISONr_148,2015__KAL__HN_NF_RF,TRUE,0.9232988434688713,3,-0.17050386189801847
BRISONr_148,2015__KAL__HN_WF_RF,TRUE,0.9232988434688713,3,0.19513174362896146
BRISONr_148,2015__KAL__LN_NF_RF,TRUE,0.9232988434688713,3,-0.3566677421619
BRISONr_148,2015__KIE__HN_NF_RF,TRUE,1,4,0.3236883575459743
BRISONr_148,2015__KIE__HN_WF_RF,TRUE,1,4,0.8112235541946101
BRISONr_148,2015__KIE__LN_NF_RF,TRUE,1,4,0.4201332892946956
BRISONr_148,2015__QLB__HN_NF_RF,TRUE,1,4,-0.030584850463564676
BRISONr_148,2015__QLB__HN_WF_RF,TRUE,1,4,0.0206046308894719
BRISONr_148,2015__QLB__LN_NF_RF,TRUE,1,4,-0.41843490592805815
BRISONr_148,2016__GGE__HN_NF_RF,TRUE,1,4,0.16275105814791874
BRISONr_148,2016__GGE__HN_WF_RF,TRUE,1,4,0.09760926810768313
BRISONr_148,2016__GGE__LN_NF_RF,TRUE,1,4,0.8046837308464359
BRISONr_148,2016__HAN__HN_NF_RF,TRUE,1,4,0.21521491798648418
BRISONr_148,2016__HAN__HN_WF_RF,TRUE,1,4,0.04440261933007055
BRISONr_148,2016__HAN__LN_NF_RF,TRUE,1,4,-0.057010523955544186
BRISONr_148,2016__KAL__HN_NF_RF,TRUE,1,4,-0.19394676449248321
BRISONr_148,2016__KAL__HN_WF_RF,TRUE,1,4,0.03364278860185902
BRISONr_148,2016__KAL__LN_NF_RF,TRUE,1,4,0.20552422406386175
BRISONr_148,2016__KIE__HN_NF_RF,TRUE,1,4,0.23066796157317035
BRISONr_148,2016__KIE__HN_WF_RF,TRUE,1,4,0.3703618310080479
BRISONr_148,2016__KIE__LN_NF_RF,TRUE,1,4,0.2864081764819997
BRISONr_148,2016__QLB__HN_NF_RF,TRUE,1,4,0.3051879456789283
BRISONr_148,2016__QLB__HN_WF_RF,TRUE,1,4,0.02764361009682797
BRISONr_148,2016__QLB__LN_NF_RF,TRUE,1,4,0.21792841876979638
BRISONr_148,2017__GGE__HN_NF_RF,TRUE,1,4,0.30422563625348276
BRISONr_148,2017__GGE__HN_WF_RF,TRUE,1,4,-0.08391568672920048
BRISONr_148,2017__GGE__LN_NF_RF,TRUE,1,4,0.9082652014539286
BRISONr_148,2017__HAN__HN_NF_RF,TRUE,1,4,0.3328852431987536
BRISONr_148,2017__HAN__HN_WF_RF,TRUE,1,4,0.05948832366941023
BRISONr_148,2017__HAN__LN_NF_RF,TRUE,1,4,0.5490671091990112
BRISONr_148,2017__KAL__HN_NF_RF,TRUE,1,4,0.1825134447593953
BRISONr_148,2017__KAL__HN_WF_RF,TRUE,1,4,0.1917959770963376
BRISONr_148,2017__KAL__LN_NF_RF,TRUE,1,4,0.7577162386291223
BRISONr_148,2017__KIE__HN_NF_RF,TRUE,1,4,0.45991384092948484
BRISONr_148,2017__KIE__HN_WF_RF,TRUE,1,4,0.33146535516742476
BRISONr_148,2017__KIE__LN_NF_RF,TRUE,1,4,0.4771193437546714
BRISONr_148,2017__QLB__HN_NF_RF,TRUE,1,4,0.4033981709297052
BRISONr_148,2017__QLB__HN_WF_RF,TRUE,1,4,-0.12972729254903925
BRISONr_148,2017__QLB__LN_NF_RF,TRUE,1,4,0.15453032819009155
BRISONr_149,2015__GGE__HN_NF_RF,TRUE,1,4,0.5799232543447015
BRISONr_149,2015__GGE__HN_WF_RF,TRUE,1,4,0.2091613241492468
BRISONr_149,2015__GGE__LN_NF_RF,TRUE,1,4,0.05854110628097821
BRISONr_149,2015__HAN__HN_NF_RF,TRUE,1,4,0.49425949134519653
BRISONr_149,2015__HAN__HN_WF_RF,TRUE,1,4,-0.1827715543971042
BRISONr_149,2015__HAN__LN_NF_RF,TRUE,1,4,-0.16489000008564494
BRISONr_149,2015__KAL__HN_NF_RF,TRUE,0.9232988434688713,3,-0.4587358476386093
BRISONr_149,2015__KAL__HN_WF_RF,TRUE,0.9232988434688713,3,0.002154625402669511
BRISONr_149,2015__KAL__LN_NF_RF,TRUE,0.9232988434688713,3,-0.46909206364834943
BRISONr_149,2015__KIE__HN_NF_RF,TRUE,1,4,-0.03885535048410763
BRISONr_149,2015__KIE__HN_WF_RF,TRUE,1,4,0.08231097121656077
BRISONr_149,2015__KIE__LN_NF_RF,TRUE,1,4,-0.023904563997479464
BRISONr_149,2015__QLB__HN_NF_RF,TRUE,1,4,0.11268661446221723
BRISONr_149,2015__QLB__HN_WF_RF,TRUE,1,4,-0.2900028703548284
BRISONr_149,2015__QLB__LN_NF_RF,TRUE,1,4,0.46728543127164646
BRISONr_149,2016__GGE__HN_NF_RF,TRUE,1,4,0.2653315220297631
BRISONr_149,2016__GGE__HN_WF_RF,TRUE,1,4,0.34467330530412416
BRISONr_149,2016__GGE__LN_NF_RF,TRUE,1,4,0.05596516196012113
BRISONr_149,2016__HAN__HN_NF_RF,TRUE,1,4,-0.06878385532342995
BRISONr_149,2016__HAN__HN_WF_RF,TRUE,1,4,-0.18478194831657335
BRISONr_149,2016__HAN__LN_NF_RF,TRUE,1,4,-0.6981208819531741
BRISONr_149,2016__KAL__HN_NF_RF,TRUE,1,4,0.48798849665180394
BRISONr_149,2016__KAL__HN_WF_RF,TRUE,1,4,0.08552505850288405
BRISONr_149,2016__KAL__LN_NF_RF,TRUE,1,4,-0.10076905137193949
BRISONr_149,2016__KIE__HN_NF_RF,TRUE,1,4,0.1092142711293258
BRISONr_149,2016__KIE__HN_WF_RF,TRUE,1,4,-0.17851773492744877
BRISONr_149,2016__KIE__LN_NF_RF,TRUE,1,4,0.21895517546107757
BRISONr_149,2016__QLB__HN_NF_RF,TRUE,1,4,0.06906395067525518
BRISONr_149,2016__QLB__HN_WF_RF,TRUE,1,4,-0.2578886672910484
BRISONr_149,2016__QLB__LN_NF_RF,TRUE,1,4,-0.22431285659944727
BRISONr_149,2017__GGE__HN_NF_RF,TRUE,1,4,0.542973537220015
BRISONr_149,2017__GGE__HN_WF_RF,TRUE,1,4,0.31799923224634424
BRISONr_149,2017__GGE__LN_NF_RF,TRUE,1,4,-0.03016774434263959
BRISONr_149,2017__HAN__HN_NF_RF,TRUE,1,4,-0.16438259253208365
BRISONr_149,2017__HAN__HN_WF_RF,TRUE,1,4,-0.3887041329905979
BRISONr_149,2017__HAN__LN_NF_RF,TRUE,1,4,0.20220122579480004
BRISONr_149,2017__KAL__HN_NF_RF,TRUE,1,4,-0.14693925421447504
BRISONr_149,2017__KAL__HN_WF_RF,TRUE,1,4,0.3003123538035373
BRISONr_149,2017__KAL__LN_NF_RF,TRUE,1,4,0.004232725879874404
BRISONr_149,2017__KIE__HN_NF_RF,TRUE,1,4,-0.0813415167516374
BRISONr_149,2017__KIE__HN_WF_RF,TRUE,1,4,0.04476312412100622
BRISONr_149,2017__KIE__LN_NF_RF,TRUE,1,4,-0.8403515306281937
BRISONr_149,2017__QLB__HN_NF_RF,TRUE,1,4,0.25718111749207173
BRISONr_149,2017__QLB__HN_WF_RF,TRUE,1,4,0.020409801135243613
BRISONr_149,2017__QLB__LN_NF_RF,TRUE,1,4,-3.427196590186504e-4
BRISONr_15,2015__GGE__HN_NF_RF,TRUE,1,4,0.03175212995711005
BRISONr_15,2015__GGE__HN_WF_RF,TRUE,1,4,0.34363079271013297
BRISONr_15,2015__GGE__LN_NF_RF,TRUE,1,4,0.5603503795906625
BRISONr_15,2015__HAN__HN_NF_RF,TRUE,1,4,-0.07158757071251629
BRISONr_15,2015__HAN__HN_WF_RF,TRUE,1,4,0.46099821067544877
BRISONr_15,2015__HAN__LN_NF_RF,TRUE,1,4,0.3801447057974257
BRISONr_15,2015__KAL__HN_NF_RF,TRUE,0.9232988434688713,3,0.3460982791070126
BRISONr_15,2015__KAL__HN_WF_RF,TRUE,0.9232988434688713,3,0.48079118323059794
BRISONr_15,2015__KAL__LN_NF_RF,TRUE,0.9232988434688713,3,0.0384564828455313
BRISONr_15,2015__KIE__HN_NF_RF,TRUE,1,4,0.47797927196132817
BRISONr_15,2015__KIE__HN_WF_RF,TRUE,1,4,0.2615418835405423
BRISONr_15,2015__KIE__LN_NF_RF,TRUE,1,4,0.48967517061734583
BRISONr_15,2015__QLB__HN_NF_RF,TRUE,1,4,-0.48327910295383897
BRISONr_15,2015__QLB__HN_WF_RF,TRUE,1,4,-0.6464115629638569
BRISONr_15,2015__QLB__LN_NF_RF,TRUE,1,4,-0.01634774029305338
BRISONr_15,2016__GGE__HN_NF_RF,TRUE,1,4,-0.16838933045169882
BRISONr_15,2016__GGE__HN_WF_RF,TRUE,1,4,0.22442838738321153
BRISONr_15,2016__GGE__LN_NF_RF,TRUE,1,4,-0.0691020603090261
BRISONr_15,2016__HAN__HN_NF_RF,TRUE,1,4,0.11334185209083307
BRISONr_15,2016__HAN__HN_WF_RF,TRUE,1,4,0.08448594650322766
BRISONr_15,2016__HAN__LN_NF_RF,TRUE,1,4,0.24150923554069567
BRISONr_15,2016__KAL__HN_NF_RF,TRUE,1,4,0.09242108669260257
BRISONr_15,2016__KAL__HN_WF_RF,TRUE,1,4,-0.0842021278109047
BRISONr_15,2016__KAL__LN_NF_RF,TRUE,1,4,-0.2810660547139199
BRISONr_15,2016__KIE__HN_NF_RF,TRUE,1,4,0.20858652448730425
BRISONr_15,2016__KIE__HN_WF_RF,TRUE,1,4,0.1362028290312701
BRISONr_15,2016__KIE__LN_NF_RF,TRUE,1,4,0.5150984448713217
BRISONr_15,2016__QLB__HN_NF_RF,TRUE,1,4,-0.14657175424986413
BRISONr_15,2016__QLB__HN_WF_RF,TRUE,1,4,0.37463766964692147
BRISONr_15,2016__QLB__LN_NF_RF,TRUE,1,4,-0.15450346479064758
BRISONr_15,2017__GGE__HN_NF_RF,TRUE,1,4,0.19225065126954016
BRISONr_15,2017__GGE__HN_WF_RF,TRUE,1,4,-0.0818281006206605
BRISONr_15,2017__GGE__LN_NF_RF,TRUE,1,4,0.20822051114341594
BRISONr_15,2017__HAN__HN_NF_RF,TRUE,1,4,0.20656034738962684
BRISONr_15,2017__HAN__HN_WF_RF,TRUE,1,4,0.09442180977380112
BRISONr_15,2017__HAN__LN_NF_RF,TRUE,1,4,-0.46142200175439363
BRISONr_15,2017__KAL__HN_NF_RF,TRUE,1,4,-0.18385201271402696
BRISONr_15,2017__KAL__HN_WF_RF,TRUE,1,4,-0.18154692958211635
BRISONr_15,2017__KAL__LN_NF_RF,TRUE,1,4,0.2091259314298316
BRISONr_15,2017__KIE__HN_NF_RF,TRUE,1,4,0.5588950724729215
BRISONr_15,2017__KIE__HN_WF_RF,TRUE,1,4,0.1839976590184949
BRISONr_15,2017__KIE__LN_NF_RF,TRUE,1,4,0.5176605011036055
BRISONr_15,2017__QLB__HN_NF_RF,TRUE,1,4,0.1305012166162725
BRISONr_15,2017__QLB__HN_WF_RF,TRUE,1,4,0.25078996945537524
BRISONr_15,2017__QLB__LN_NF_RF,TRUE,1,4,0.13143604186657626
BRISONr_150,2015__GGE__HN_NF_RF,TRUE,1,4,-0.156267415335911
BRISONr_150,2015__GGE__HN_WF_RF,TRUE,1,4,-0.22436170894253624
BRISONr_150,2015__GGE__LN_NF_RF,TRUE,1,4,-0.013257530728701686
BRISONr_150,2015__HAN__HN_NF_RF,TRUE,1,4,-0.19340303520732757
BRISONr_150,2015__HAN__HN_WF_RF,TRUE,1,4,0.040888331613733016
BRISONr_150,2015__HAN__LN_NF_RF,TRUE,1,4,-0.2447435586620596
BRISONr_150,2015__KAL__HN_NF_RF,TRUE,0.9232988434688713,3,0.11981454598848831
BRISONr_150,2015__KAL__HN_WF_RF,TRUE,0.9232988434688713,3,-0.8316328764064868
BRISONr_150,2015__KAL__LN_NF_RF,TRUE,0.9232988434688713,3,-0.1562712917598846
BRISONr_150,2015__KIE__HN_NF_RF,TRUE,1,4,-0.21590316187310937
BRISONr_150,2015__KIE__HN_WF_RF,TRUE,1,4,-0.11453345280413493
BRISONr_150,2015__KIE__LN_NF_RF,TRUE,1,4,-0.11367104342986709
BRISONr_150,2015__QLB__HN_NF_RF,TRUE,1,4,-0.37393483585497045
BRISONr_150,2015__QLB__HN_WF_RF,TRUE,1,4,-0.6047121605632281
BRISONr_150,2015__QLB__LN_NF_RF,TRUE,1,4,-0.28417712473123913
BRISONr_150,2016__GGE__HN_NF_RF,TRUE,1,4,-0.07271436157119598
BRISONr_150,2016__GGE__HN_WF_RF,TRUE,1,4,-0.11165743791757987
BRISONr_150,2016__GGE__LN_NF_RF,TRUE,1,4,0.23431237032088853
BRISONr_150,2016__HAN__HN_NF_RF,TRUE,1,4,0.0538818461135339
BRISONr_150,2016__HAN__HN_WF_RF,TRUE,1,4,-0.07733836846258454
BRISONr_150,2016__HAN__LN_NF_RF,TRUE,1,4,-0.11407711467924567
BRISONr_150,2016__KAL__HN_NF_RF,TRUE,1,4,-0.5622018972058
BRISONr_150,2016__KAL__HN_WF_RF,TRUE,1,4,-0.6076345081437208
BRISONr_150,2016__KAL__LN_NF_RF,TRUE,1,4,-0.15891263515677895
BRISONr_150,2016__KIE__HN_NF_RF,TRUE,1,4,-0.09663870641222469
BRISONr_150,2016__KIE__HN_WF_RF,TRUE,1,4,-0.3119917510224554
BRISONr_150,2016__KIE__LN_NF_RF,TRUE,1,4,-0.034896165023318416
BRISONr_150,2016__QLB__HN_NF_RF,TRUE,1,4,-0.4929861251736653
BRISONr_150,2016__QLB__HN_WF_RF,TRUE,1,4,-0.380578387800217
BRISONr_150,2016__QLB__LN_NF_RF,TRUE,1,4,-0.4312254200496093
BRISONr_150,2017__GGE__HN_NF_RF,TRUE,1,4,-0.4840867286279219
BRISONr_150,2017__GGE__HN_WF_RF,TRUE,1,4,-0.10973126568347831
BRISONr_150,2017__GGE__LN_NF_RF,TRUE,1,4,-0.3372921035132398
BRISONr_150,2017__HAN__HN_NF_RF,TRUE,1,4,0.3906352227379898
BRISONr_150,2017__HAN__HN_WF_RF,TRUE,1,4,-0.1987803598374978
BRISONr_150,2017__HAN__LN_NF_RF,TRUE,1,4,0.004172055734332901
BRISONr_150,2017__KAL__HN_NF_RF,TRUE,1,4,-0.39146038616415485
BRISONr_150,2017__KAL__HN_WF_RF,TRUE,1,4,-0.21470535300344495
BRISONr_150,2017__KAL__LN_NF_RF,TRUE,1,4,0.19938763307601573
BRISONr_150,2017__KIE__HN_NF_RF,TRUE,1,4,-0.2238716017018463
BRISONr_150,2017__KIE__HN_WF_RF,TRUE,1,4,-0.3992825842673465
BRISONr_150,2017__KIE__LN_NF_RF,TRUE,1,4,-0.4553471795169527
BRISONr_150,2017__QLB__HN_NF_RF,TRUE,1,4,-0.9761145668137947
BRISONr_150,2017__QLB__HN_WF_RF,TRUE,1,4,-0.9519757442568332
BRISONr_150,2017__QLB__LN_NF_RF,TRUE,1,4,-0.7674245859265233
BRISONr_151,2015__GGE__HN_NF_RF,TRUE,1,4,0.5838582011780096
BRISONr_151,2015__GGE__HN_WF_RF,TRUE,1,4,0.2713730172040643
BRISONr_151,2015__GGE__LN_NF_RF,TRUE,1,4,0.060043003679274176
BRISONr_151,2015__HAN__HN_NF_RF,TRUE,1,4,0.20659631789594052
BRISONr_151,2015__HAN__HN_WF_RF,TRUE,1,4,0.3926106191811491
BRISONr_151,2015__HAN__LN_NF_RF,TRUE,1,4,0.2757179305821177
BRISONr_151,2015__KAL__HN_NF_RF,TRUE,0.9232988434688713,3,-0.15542804041018124
BRISONr_151,2015__KAL__HN_WF_RF,TRUE,0.9232988434688713,3,0.13193100146938558
BRISONr_151,2015__KAL__LN_NF_RF,TRUE,0.9232988434688713,3,-0.5370570817871986
BRISONr_151,2015__KIE__HN_NF_RF,TRUE,1,4,0.11637124386925222
BRISONr_151,2015__KIE__HN_WF_RF,TRUE,1,4,0.35319775403293435
BRISONr_151,2015__KIE__LN_NF_RF,TRUE,1,4,0.0321461152363424
BRISONr_151,2015__QLB__HN_NF_RF,TRUE,1,4,0.10244995056137643
BRISONr_151,2015__QLB__HN_WF_RF,TRUE,1,4,0.07213190597671762
BRISONr_151,2015__QLB__LN_NF_RF,TRUE,1,4,0.6362126658192911
BRISONr_151,2016__GGE__HN_NF_RF,TRUE,1,4,0.4613943959210896
BRISONr_151,2016__GGE__HN_WF_RF,TRUE,1,4,0.21614649853267784
BRISONr_151,2016__GGE__LN_NF_RF,TRUE,1,4,0.41203511168232887
BRISONr_151,2016__HAN__HN_NF_RF,TRUE,1,4,0.43133077194216557
BRISONr_151,2016__HAN__HN_WF_RF,TRUE,1,4,0.23484943583464274
BRISONr_151,2016__HAN__LN_NF_RF,TRUE,1,4,-0.08340907062967963
BRISONr_151,2016__KAL__HN_NF_RF,TRUE,1,4,0.5105029591627929
BRISONr_151,2016__KAL__HN_WF_RF,TRUE,1,4,0.040857823762411496
BRISONr_151,2016__KAL__LN_NF_RF,TRUE,1,4,0.6332909650107827
BRISONr_151,2016__KIE__HN_NF_RF,TRUE,1,4,0.5167584761121812
BRISONr_151,2016__KIE__HN_WF_RF,TRUE,1,4,0.1320217989235132
BRISONr_151,2016__KIE__LN_NF_RF,TRUE,1,4,-6.841628187610818e-4
BRISONr_151,2016__QLB__HN_NF_RF,TRUE,1,4,0.090211988911164
BRISONr_151,2016__QLB__HN_WF_RF,TRUE,1,4,-0.0036441722764107773
BRISONr_151,2016__QLB__LN_NF_RF,TRUE,1,4,-0.13609385007301933
BRISONr_151,2017__GGE__HN_NF_RF,TRUE,1,4,0.21946866038266383
BRISONr_151,2017__GGE__HN_WF_RF,TRUE,1,4,0.1048334435440017
BRISONr_151,2017__GGE__LN_NF_RF,TRUE,1,4,0.22828271083276747
BRISONr_151,2017__HAN__HN_NF_RF,TRUE,1,4,0.42009981960274995
BRISONr_151,2017__HAN__HN_WF_RF,TRUE,1,4,0.05399953909541557
BRISONr_151,2017__HAN__LN_NF_RF,TRUE,1,4,0.37615051838458224
BRISONr_151,2017__KAL__HN_NF_RF,TRUE,1,4,-0.032098571074102605
BRISONr_151,2017__KAL__HN_WF_RF,TRUE,1,4,0.2222702665623948
BRISONr_151,2017__KAL__LN_NF_RF,TRUE,1,4,0.3655258237314981
BRISONr_151,2017__KIE__HN_NF_RF,TRUE,1,4,-0.038975233233968065
BRISONr_151,2017__KIE__HN_WF_RF,TRUE,1,4,0.3303051370434092
BRISONr_151,2017__KIE__LN_NF_RF,TRUE,1,4,-0.4857260879400344
BRISONr_151,2017__QLB__HN_NF_RF,TRUE,1,4,-0.27368180747576204
BRISONr_151,2017__QLB__HN_WF_RF,TRUE,1,4,0.17490958366823642
BRISONr_151,2017__QLB__LN_NF_RF,TRUE,1,4,-0.24213145500194067
BRISONr_152,2015__GGE__HN_NF_RF,TRUE,1,4,-0.8595527127746042
BRISONr_152,2015__GGE__HN_WF_RF,TRUE,1,4,-0.8348614020124425
BRISONr_152,2015__GGE__LN_NF_RF,TRUE,1,4,-0.5386747125120303
BRISONr_152,2015__HAN__HN_NF_RF,TRUE,1,4,-0.5714688636125732
BRISONr_152,2015__HAN__HN_WF_RF,TRUE,1,4,-0.7458599490885182
BRISONr_152,2015__HAN__LN_NF_RF,TRUE,1,4,-0.2883329757932305
BRISONr_152,2015__KAL__HN_NF_RF,TRUE,0.9232988434688713,3,-0.4632791678066491
BRISONr_152,2015__KAL__HN_WF_RF,TRUE,0.9232988434688713,3,-0.2678586078334116
BRISONr_152,2015__KAL__LN_NF_RF,TRUE,0.9232988434688713,3,-0.36142550703070164
BRISONr_152,2015__KIE__HN_NF_RF,TRUE,1,4,-0.5162433484744278
BRISONr_152,2015__KIE__HN_WF_RF,TRUE,1,4,-0.3041363694117633
BRISONr_152,2015__KIE__LN_NF_RF,TRUE,1,4,-0.19744283843386634
BRISONr_152,2015__QLB__HN_NF_RF,TRUE,1,4,-0.45716941489965124
BRISONr_152,2015__QLB__HN_WF_RF,TRUE,1,4,-0.7534149591949255
BRISONr_152,2015__QLB__LN_NF_RF,TRUE,1,4,-0.6701053335394525
BRISONr_152,2016__GGE__HN_NF_RF,TRUE,1,4,-0.8942634869216679
BRISONr_152,2016__GGE__HN_WF_RF,TRUE,1,4,-0.5175362648036531
BRISONr_152,2016__GGE__LN_NF_RF,TRUE,1,4,-0.2728616802096554
BRISONr_152,2016__HAN__HN_NF_RF,TRUE,1,4,-1.275478435705164
BRISONr_152,2016__HAN__HN_WF_RF,TRUE,1,4,-0.9298546662575119
BRISONr_152,2016__HAN__LN_NF_RF,TRUE,1,4,-0.7813583173839189
BRISONr_152,2016__KAL__HN_NF_RF,TRUE,1,4,-0.7689674674732274
BRISONr_152,2016__KAL__HN_WF_RF,TRUE,1,4,-0.6284693023630165
BRISONr_152,2016__KAL__LN_NF_RF,TRUE,1,4,-0.7938180061903094
BRISONr_152,2016__KIE__HN_NF_RF,TRUE,1,4,-0.5844026649125379
BRISONr_152,2016__KIE__HN_WF_RF,TRUE,1,4,-0.8143833074430555
BRISONr_152,2016__KIE__LN_NF_RF,TRUE,1,4,-0.016224449539247465
BRISONr_152,2016__QLB__HN_NF_RF,TRUE,1,4,-0.5523314379626487
BRISONr_152,2016__QLB__HN_WF_RF,TRUE,1,4,-0.8296553206123022
BRISONr_152,2016__QLB__LN_NF_RF,TRUE,1,4,-0.7928891431723653
BRISONr_152,2017__GGE__HN_NF_RF,TRUE,1,4,-0.4817072063751727
BRISONr_152,2017__GGE__HN_WF_RF,TRUE,1,4,-0.5611893839893182
BRISONr_152,2017__GGE__LN_NF_RF,TRUE,1,4,-0.5727815797855348
BRISONr_152,2017__HAN__HN_NF_RF,TRUE,1,4,-0.6087120543247748
BRISONr_152,2017__HAN__HN_WF_RF,TRUE,1,4,-1.1327665469133175
BRISONr_152,2017__HAN__LN_NF_RF,TRUE,1,4,-0.45532524781841194
BRISONr_152,2017__KAL__HN_NF_RF,TRUE,1,4,-0.5845794361520072
BRISONr_152,2017__KAL__HN_WF_RF,TRUE,1,4,-0.6401775131590605
BRISONr_152,2017__KAL__LN_NF_RF,TRUE,1,4,0.13464014317151998
BRISONr_152,2017__KIE__HN_NF_RF,TRUE,1,4,-0.8336403800974425
BRISONr_152,2017__KIE__HN_WF_RF,TRUE,1,4,-0.34503487985578896
BRISONr_152,2017__KIE__LN_NF_RF,TRUE,1,4,-0.9753634657120847
BRISONr_152,2017__QLB__HN_NF_RF,TRUE,1,4,-0.6107722829583961
BRISONr_152,2017__QLB__HN_WF_RF,TRUE,1,4,-0.9287555751965078
BRISONr_152,2017__QLB__LN_NF_RF,TRUE,1,4,-0.5347736655906243
BRISONr_153,2015__GGE__HN_NF_RF,TRUE,1,4,-0.23099333348119205
BRISONr_153,2015__GGE__HN_WF_RF,TRUE,1,4,-0.18401708062446567
BRISONr_153,2015__GGE__LN_NF_RF,TRUE,1,4,-0.38704857113850005
BRISONr_153,2015__HAN__HN_NF_RF,TRUE,1,4,-0.2906145375667872
BRISONr_153,2015__HAN__HN_WF_RF,TRUE,1,4,-0.10877157961036123
BRISONr_153,2015__HAN__LN_NF_RF,TRUE,1,4,-0.14473470798098595
BRISONr_153,2015__KAL__HN_NF_RF,TRUE,0.9232988434688713,3,0.07850817049739793
BRISONr_153,2015__KAL__HN_WF_RF,TRUE,0.9232988434688713,3,-0.2105974273970049
BRISONr_153,2015__KAL__LN_NF_RF,TRUE,0.9232988434688713,3,0.006122650576850683
BRISONr_153,2015__KIE__HN_NF_RF,TRUE,1,4,-0.23796792634123531
BRISONr_153,2015__KIE__HN_WF_RF,TRUE,1,4,-0.38138500718827284
BRISONr_153,2015__KIE__LN_NF_RF,TRUE,1,4,-0.31232884796228977
BRISONr_153,2015__QLB__HN_NF_RF,TRUE,1,4,-0.10748469019516983
BRISONr_153,2015__QLB__HN_WF_RF,TRUE,1,4,-0.7769604754859848
BRISONr_153,2015__QLB__LN_NF_RF,TRUE,1,4,-0.038774690581868415
BRISONr_153,2016__GGE__HN_NF_RF,TRUE,1,4,-0.1441078147421875
BRISONr_153,2016__GGE__HN_WF_RF,TRUE,1,4,-0.10792366421309109
BRISONr_153,2016__GGE__LN_NF_RF,TRUE,1,4,-0.2915699204381253
BRISONr_153,2016__HAN__HN_NF_RF,TRUE,1,4,-0.3975416043180824
BRISONr_153,2016__HAN__HN_WF_RF,TRUE,1,4,-0.3402746794923835
BRISONr_153,2016__HAN__LN_NF_RF,TRUE,1,4,-0.4507709565855622
BRISONr_153,2016__KAL__HN_NF_RF,TRUE,1,4,-0.19819432814496174
BRISONr_153,2016__KAL__HN_WF_RF,TRUE,1,4,-0.071150157808361425
BRISONr_153,2016__KAL__LN_NF_RF,TRUE,1,4,-0.31927571802686827
BRISONr_153,2016__KIE__HN_NF_RF,TRUE,1,4,-0.22038085801250623
BRISONr_153,2016__KIE__HN_WF_RF,TRUE,1,4,-0.2429751035336237
BRISONr_153,2016__KIE__LN_NF_RF,TRUE,1,4,-0.33666804401377665
BRISONr_153,2016__QLB__HN_NF_RF,TRUE,1,4,0.6585257957109573
BRISONr_153,2016__QLB__HN_WF_RF,TRUE,1,4,-0.22851915993045033
BRISONr_153,2016__QLB__LN_NF_RF,TRUE,1,4,0.030329993286278802
BRISONr_153,2017__GGE__HN_NF_RF,TRUE,1,4,-0.3260360545816015
BRISONr_153,2017__GGE__HN_WF_RF,TRUE,1,4,-0.3926003083333473
BRISONr_153,2017__GGE__LN_NF_RF,TRUE,1,4,-0.07316716178826317
BRISONr_153,2017__HAN__HN_NF_RF,TRUE,1,4,0.051265335028101273
BRISONr_153,2017__HAN__HN_WF_RF,TRUE,1,4,-0.41112943953450826
BRISONr_153,2017__HAN__LN_NF_RF,TRUE,1,4,0.2523876493697342
BRISONr_153,2017__KAL__HN_NF_RF,TRUE,1,4,-0.01714699227937469
BRISONr_153,2017__KAL__HN_WF_RF,TRUE,1,4,-0.12026489982370793
BRISONr_153,2017__KAL__LN_NF_RF,TRUE,1,4,0.5160146455430897
BRISONr_153,2017__KIE__HN_NF_RF,TRUE,1,4,0.10651553586180873
BRISONr_153,2017__KIE__HN_WF_RF,TRUE,1,4,-0.20503039865260148
BRISONr_153,2017__KIE__LN_NF_RF,TRUE,1,4,-0.620027422486713
BRISONr_153,2017__QLB__HN_NF_RF,TRUE,1,4,-0.039136967718988606
BRISONr_153,2017__QLB__HN_WF_RF,TRUE,1,4,-0.4197105679976529
BRISONr_153,2017__QLB__LN_NF_RF,TRUE,1,4,-0.49613654948209523
BRISONr_154,2015__GGE__HN_NF_RF,TRUE,1,4,0.3690480658084713
BRISONr_154,2015__GGE__HN_WF_RF,TRUE,1,4,-0.17484143428746662
BRISONr_154,2015__GGE__LN_NF_RF,TRUE,1,4,-0.025036959058940406
BRISONr_154,2015__HAN__HN_NF_RF,TRUE,1,4,0.35267365690437724
BRISONr_154,2015__HAN__HN_WF_RF,TRUE,1,4,0.7013187524702679
BRISONr_154,2015__HAN__LN_NF_RF,TRUE,1,4,0.40894346523741915
BRISONr_154,2015__KAL__HN_NF_RF,TRUE,0.9232988434688713,3,0.005325111011493512
BRISONr_154,2015__KAL__HN_WF_RF,TRUE,0.9232988434688713,3,-0.14699387721094642
BRISONr_154,2015__KAL__LN_NF_RF,TRUE,0.9232988434688713,3,0.008165592426144189
BRISONr_154,2015__KIE__HN_NF_RF,TRUE,1,4,-0.136147675766677
BRISONr_154,2015__KIE__HN_WF_RF,TRUE,1,4,-0.18338238601581588
BRISONr_154,2015__KIE__LN_NF_RF,TRUE,1,4,-0.27891218546870455
BRISONr_154,2015__QLB__HN_NF_RF,TRUE,1,4,0.2861462158892576
BRISONr_154,2015__QLB__HN_WF_RF,TRUE,1,4,-0.30470607497704155
BRISONr_154,2015__QLB__LN_NF_RF,TRUE,1,4,0.6123064547559078
BRISONr_154,2016__GGE__HN_NF_RF,TRUE,1,4,0.24645723722760585
BRISONr_154,2016__GGE__HN_WF_RF,TRUE,1,4,0.09626735953250107
BRISONr_154,2016__GGE__LN_NF_RF,TRUE,1,4,0.7389756525505916
BRISONr_154,2016__HAN__HN_NF_RF,TRUE,1,4,0.061332460370814273
BRISONr_154,2016__HAN__HN_WF_RF,TRUE,1,4,0.15682681529242726
BRISONr_154,2016__HAN__LN_NF_RF,TRUE,1,4,-0.2784740129452866
BRISONr_154,2016__KAL__HN_NF_RF,TRUE,1,4,-0.1728480696368789
BRISONr_154,2016__KAL__HN_WF_RF,TRUE,1,4,0.12335073714024317
BRISONr_154,2016__KAL__LN_NF_RF,TRUE,1,4,0.23333310843295582
BRISONr_154,2016__KIE__HN_NF_RF,TRUE,1,4,0.2962197723506858
BRISONr_154,2016__KIE__HN_WF_RF,TRUE,1,4,-0.255851759779902
BRISONr_154,2016__KIE__LN_NF_RF,TRUE,1,4,0.165322372159493
BRISONr_154,2016__QLB__HN_NF_RF,TRUE,1,4,0.2286720802186386
BRISONr_154,2016__QLB__HN_WF_RF,TRUE,1,4,0.06957143840600029
BRISONr_154,2016__QLB__LN_NF_RF,TRUE,1,4,0.4809124883155292
BRISONr_154,2017__GGE__HN_NF_RF,TRUE,1,4,0.43353984560029396
BRISONr_154,2017__GGE__HN_WF_RF,TRUE,1,4,0.29842113943180015
BRISONr_154,2017__GGE__LN_NF_RF,TRUE,1,4,0.03476630525067202
BRISONr_154,2017__HAN__HN_NF_RF,TRUE,1,4,0.03348998696564829
BRISONr_154,2017__HAN__HN_WF_RF,TRUE,1,4,-0.17978291341378738
BRISONr_154,2017__HAN__LN_NF_RF,TRUE,1,4,0.39914330872134196
BRISONr_154,2017__KAL__HN_NF_RF,TRUE,1,4,0.302762050055203
BRISONr_154,2017__KAL__HN_WF_RF,TRUE,1,4,0.07620833138577496
BRISONr_154,2017__KAL__LN_NF_RF,TRUE,1,4,0.24690150396247895
BRISONr_154,2017__KIE__HN_NF_RF,TRUE,1,4,0.4138233898563174
BRISONr_154,2017__KIE__HN_WF_RF,TRUE,1,4,-0.4848421415136751
BRISONr_154,2017__KIE__LN_NF_RF,TRUE,1,4,-0.24625136679834272
BRISONr_154,2017__QLB__HN_NF_RF,TRUE,1,4,0.2254268749857699
BRISONr_154,2017__QLB__HN_WF_RF,TRUE,1,4,0.24878416771709672
BRISONr_154,2017__QLB__LN_NF_RF,TRUE,1,4,0.1258061372225027
BRISONr_155,2015__GGE__HN_NF_RF,TRUE,1,4,0.340709031846563
BRISONr_155,2015__GGE__HN_WF_RF,TRUE,1,4,0.18207992383423668
BRISONr_155,2015__GGE__LN_NF_RF,TRUE,1,4,-0.052528360141206404
BRISONr_155,2015__HAN__HN_NF_RF,TRUE,1,4,0.6778591418969105
BRISONr_155,2015__HAN__HN_WF_RF,TRUE,1,4,0.5987190306411416
BRISONr_155,2015__HAN__LN_NF_RF,TRUE,1,4,-0.09069128893556963
BRISONr_155,2015__KAL__HN_NF_RF,TRUE,0.9232988434688713,3,-0.4185363959867058
BRISONr_155,2015__KAL__HN_WF_RF,TRUE,0.9232988434688713,3,-1.2139011918046767
BRISONr_155,2015__KAL__LN_NF_RF,TRUE,0.9232988434688713,3,0.38838695504231785
BRISONr_155,2015__KIE__HN_NF_RF,TRUE,1,4,0.39579063459712843
BRISONr_155,2015__KIE__HN_WF_RF,TRUE,1,4,0.2008394669997719
BRISONr_155,2015__KIE__LN_NF_RF,TRUE,1,4,-0.28389207849011616
BRISONr_155,2015__QLB__HN_NF_RF,TRUE,1,4,0.07947058587140263
BRISONr_155,2015__QLB__HN_WF_RF,TRUE,1,4,-0.8427099307930804
BRISONr_155,2015__QLB__LN_NF_RF,TRUE,1,4,0.23827542656068032
BRISONr_155,2016__GGE__HN_NF_RF,TRUE,1,4,0.42548288298773623
BRISONr_155,2016__GGE__HN_WF_RF,TRUE,1,4,0.5434707122937095
BRISONr_155,2016__GGE__LN_NF_RF,TRUE,1,4,0.3762206270845059
BRISONr_155,2016__HAN__HN_NF_RF,TRUE,1,4,0.6578979682509918
BRISONr_155,2016__HAN__HN_WF_RF,TRUE,1,4,0.39486782733841114
BRISONr_155,2016__HAN__LN_NF_RF,TRUE,1,4,-0.1422479039024679
BRISONr_155,2016__KAL__HN_NF_RF,TRUE,1,4,-0.37747670136472117
BRISONr_155,2016__KAL__HN_WF_RF,TRUE,1,4,0.16147643745108597
BRISONr_155,2016__KAL__LN_NF_RF,TRUE,1,4,-0.08343378585191846
BRISONr_155,2016__KIE__HN_NF_RF,TRUE,1,4,0.24384518600232438
BRISONr_155,2016__KIE__HN_WF_RF,TRUE,1,4,0.07801191097344523
BRISONr_155,2016__KIE__LN_NF_RF,TRUE,1,4,-0.10372905287262643
BRISONr_155,2016__QLB__HN_NF_RF,TRUE,1,4,0.17909889015073907
BRISONr_155,2016__QLB__HN_WF_RF,TRUE,1,4,0.07603763662804404
BRISONr_155,2016__QLB__LN_NF_RF,TRUE,1,4,-0.061604315662228806
BRISONr_155,2017__GGE__HN_NF_RF,TRUE,1,4,0.6639337821408947
BRISONr_155,2017__GGE__HN_WF_RF,TRUE,1,4,0.4625655785874833
BRISONr_155,2017__GGE__LN_NF_RF,TRUE,1,4,0.2302148287115584
BRISONr_155,2017__HAN__HN_NF_RF,TRUE,1,4,0.37255753667398867
BRISONr_155,2017__HAN__HN_WF_RF,TRUE,1,4,0.15364180400364438
BRISONr_155,2017__HAN__LN_NF_RF,TRUE,1,4,-0.15112088024757445
BRISONr_155,2017__KAL__HN_NF_RF,TRUE,1,4,0.44797591579715806
BRISONr_155,2017__KAL__HN_WF_RF,TRUE,1,4,0.23906491040496736
BRISONr_155,2017__KAL__LN_NF_RF,TRUE,1,4,0.33452595309921407
BRISONr_155,2017__KIE__HN_NF_RF,TRUE,1,4,-0.12213175805875341
BRISONr_155,2017__KIE__HN_WF_RF,TRUE,1,4,0.5532408505229037
BRISONr_155,2017__KIE__LN_NF_RF,TRUE,1,4,0.01796458879730921
BRISONr_155,2017__QLB__HN_NF_RF,TRUE,1,4,0.3000413449169658
BRISONr_155,2017__QLB__HN_WF_RF,TRUE,1,4,0.1655397633704988
BRISONr_155,2017__QLB__LN_NF_RF,TRUE,1,4,0.22611844341040918
BRISONr_156,2015__GGE__HN_NF_RF,TRUE,1,4,0.3657954513735633
BRISONr_156,2015__GGE__HN_WF_RF,TRUE,1,4,-0.18551428427618954
BRISONr_156,2015__GGE__LN_NF_RF,TRUE,1,4,0.2538137179870245
BRISONr_156,2015__HAN__HN_NF_RF,TRUE,1,4,0.41282843840754724
BRISONr_156,2015__HAN__HN_WF_RF,TRUE,1,4,-0.47547436329424747
BRISONr_156,2015__HAN__LN_NF_RF,TRUE,1,4,0.19538174151336188
BRISONr_156,2015__KAL__HN_NF_RF,TRUE,0.9232988434688713,3,-0.5486868355052136
BRISONr_156,2015__KAL__HN_WF_RF,TRUE,0.9232988434688713,3,-0.7904730448661412
BRISONr_156,2015__KAL__LN_NF_RF,TRUE,0.9232988434688713,3,-0.7737718987864328
BRISONr_156,2015__KIE__HN_NF_RF,TRUE,1,4,-0.18201614054303356
BRISONr_156,2015__KIE__HN_WF_RF,TRUE,1,4,0.21995175229535582
BRISONr_156,2015__KIE__LN_NF_RF,TRUE,1,4,-0.15607815545534132
BRISONr_156,2015__QLB__HN_NF_RF,TRUE,1,4,-0.19511031942423548
BRISONr_156,2015__QLB__HN_WF_RF,TRUE,1,4,-0.4173831467158169
BRISONr_156,2015__QLB__LN_NF_RF,TRUE,1,4,0.22545786860072614
BRISONr_156,2016__GGE__HN_NF_RF,TRUE,1,4,1.0861213857288305
BRISONr_156,2016__GGE__HN_WF_RF,TRUE,1,4,0.05489709764499913
BRISONr_156,2016__GGE__LN_NF_RF,TRUE,1,4,0.10757723266715034
BRISONr_156,2016__HAN__HN_NF_RF,TRUE,1,4,0.564915537218535
BRISONr_156,2016__HAN__HN_WF_RF,TRUE,1,4,-0.2595142994496217
BRISONr_156,2016__HAN__LN_NF_RF,TRUE,1,4,-0.5228781529604897
BRISONr_156,2016__KAL__HN_NF_RF,TRUE,1,4,0.5064966943484929
BRISONr_156,2016__KAL__HN_WF_RF,TRUE,1,4,0.13956053365391086
BRISONr_156,2016__KAL__LN_NF_RF,TRUE,1,4,-0.06522478415630031
BRISONr_156,2016__KIE__HN_NF_RF,TRUE,1,4,0.7828813339283986
BRISONr_156,2016__KIE__HN_WF_RF,TRUE,1,4,0.0663948762983923
BRISONr_156,2016__KIE__LN_NF_RF,TRUE,1,4,0.600238298790099
BRISONr_156,2016__QLB__HN_NF_RF,TRUE,1,4,0.6527105238770701
BRISONr_156,2016__QLB__HN_WF_RF,TRUE,1,4,-0.2693555285725771
BRISONr_156,2016__QLB__LN_NF_RF,TRUE,1,4,0.7157836846554149
BRISONr_156,2017__GGE__HN_NF_RF,TRUE,1,4,0.2950074273680122
BRISONr_156,2017__GGE__HN_WF_RF,TRUE,1,4,-0.059590774550282
BRISONr_156,2017__GGE__LN_NF_RF,TRUE,1,4,0.09525779510919577
BRISONr_156,2017__HAN__HN_NF_RF,TRUE,1,4,0.5599418552531148
BRISONr_156,2017__HAN__HN_WF_RF,TRUE,1,4,0.07132140213252365
BRISONr_156,2017__HAN__LN_NF_RF,TRUE,1,4,0.15020942800226078
BRISONr_156,2017__KAL__HN_NF_RF,TRUE,1,4,0.4438635128819976
BRISONr_156,2017__KAL__HN_WF_RF,TRUE,1,4,0.13544945806132386
BRISONr_156,2017__KAL__LN_NF_RF,TRUE,1,4,0.4928005258702236
BRISONr_156,2017__KIE__HN_NF_RF,TRUE,1,4,0.5330557329462555
BRISONr_156,2017__KIE__HN_WF_RF,TRUE,1,4,0.18320922640242537
BRISONr_156,2017__KIE__LN_NF_RF,TRUE,1,4,0.13610199825273422
BRISONr_156,2017__QLB__HN_NF_RF,TRUE,1,4,0.26195630860620056
BRISONr_156,2017__QLB__HN_WF_RF,TRUE,1,4,0.36113734085872573
BRISONr_156,2017__QLB__LN_NF_RF,TRUE,1,4,0.33725376279814523
BRISONr_157,2015__GGE__HN_NF_RF,TRUE,1,4,0.337738755213191
BRISONr_157,2015__GGE__HN_WF_RF,TRUE,1,4,-0.20712527129732153
BRISONr_157,2015__GGE__LN_NF_RF,TRUE,1,4,-0.1573987047829711
BRISONr_157,2015__HAN__HN_NF_RF,TRUE,1,4,0.8770591535150796
BRISONr_157,2015__HAN__HN_WF_RF,TRUE,1,4,0.1834424744863839
BRISONr_157,2015__HAN__LN_NF_RF,TRUE,1,4,0.21192658356896718
BRISONr_157,2015__KAL__HN_NF_RF,TRUE,0.9232988434688713,3,0.058074066767845774
BRISONr_157,2015__KAL__HN_WF_RF,TRUE,0.9232988434688713,3,-0.061951906963711965
BRISONr_157,2015__KAL__LN_NF_RF,TRUE,0.9232988434688713,3,-0.953738492882198
BRISONr_157,2015__KIE__HN_NF_RF,TRUE,1,4,0.0983064852817219
BRISONr_157,2015__KIE__HN_WF_RF,TRUE,1,4,0.21043000170711462
BRISONr_157,2015__KIE__LN_NF_RF,TRUE,1,4,0.037135704438347635
BRISONr_157,2015__QLB__HN_NF_RF,TRUE,1,4,0.07570765805575502
BRISONr_157,2015__QLB__HN_WF_RF,TRUE,1,4,-0.27424505459250814
BRISONr_157,2015__QLB__LN_NF_RF,TRUE,1,4,0.45143990889636854
BRISONr_157,2016__GGE__HN_NF_RF,TRUE,1,4,0.21752115051568863
BRISONr_157,2016__GGE__HN_WF_RF,TRUE,1,4,0.33862152114283134
BRISONr_157,2016__GGE__LN_NF_RF,TRUE,1,4,0.262502479955209
BRISONr_157,2016__HAN__HN_NF_RF,TRUE,1,4,-0.12868068751151904
BRISONr_157,2016__HAN__HN_WF_RF,TRUE,1,4,-0.12903044836085267
BRISONr_157,2016__HAN__LN_NF_RF,TRUE,1,4,-0.2388427099337933
BRISONr_157,2016__KAL__HN_NF_RF,TRUE,1,4,-0.08994617137563102
BRISONr_157,2016__KAL__HN_WF_RF,TRUE,1,4,-0.13563017160115792
BRISONr_157,2016__KAL__LN_NF_RF,TRUE,1,4,-0.16284456933447777
BRISONr_157,2016__KIE__HN_NF_RF,TRUE,1,4,0.44993733716620965
BRISONr_157,2016__KIE__HN_WF_RF,TRUE,1,4,0.29652712695777106
BRISONr_157,2016__KIE__LN_NF_RF,TRUE,1,4,0.1358493703935504
BRISONr_157,2016__QLB__HN_NF_RF,TRUE,1,4,0.2118315672043269
BRISONr_157,2016__QLB__HN_WF_RF,TRUE,1,4,0.13773011250338268
BRISONr_157,2016__QLB__LN_NF_RF,TRUE,1,4,0.3385779891196498
BRISONr_157,2017__GGE__HN_NF_RF,TRUE,1,4,0.12169907759654527
BRISONr_157,2017__GGE__HN_WF_RF,TRUE,1,4,-0.20172020248346445
BRISONr_157,2017__GGE__LN_NF_RF,TRUE,1,4,-0.39235974067949425
BRISONr_157,2017__HAN__HN_NF_RF,TRUE,1,4,0.2170749785071955
BRISONr_157,2017__HAN__HN_WF_RF,TRUE,1,4,-0.04078589418109767
BRISONr_157,2017__HAN__LN_NF_RF,TRUE,1,4,-0.48217297902643397
BRISONr_157,2017__KAL__HN_NF_RF,TRUE,1,4,-0.23607662021821452
BRISONr_157,2017__KAL__HN_WF_RF,TRUE,1,4,0.2573214652084315
BRISONr_157,2017__KAL__LN_NF_RF,TRUE,1,4,0.03125411175572178
BRISONr_157,2017__KIE__HN_NF_RF,TRUE,1,4,-0.22898160298134948
BRISONr_157,2017__KIE__HN_WF_RF,TRUE,1,4,-0.32692677074849513
BRISONr_157,2017__KIE__LN_NF_RF,TRUE,1,4,-0.3430035058646036
BRISONr_157,2017__QLB__HN_NF_RF,TRUE,1,4,-0.07246079512630363
BRISONr_157,2017__QLB__HN_WF_RF,TRUE,1,4,-0.17389102815233592
BRISONr_157,2017__QLB__LN_NF_RF,TRUE,1,4,0.09305667826283878
BRISONr_158,2015__GGE__HN_NF_RF,TRUE,1,4,0.5048881013250213
BRISONr_158,2015__GGE__HN_WF_RF,TRUE,1,4,-0.19705742129526527
BRISONr_158,2015__GGE__LN_NF_RF,TRUE,1,4,-0.24981265353908189
BRISONr_158,2015__HAN__HN_NF_RF,TRUE,1,4,0.5523829322756849
BRISONr_158,2015__HAN__HN_WF_RF,TRUE,1,4,0.11706268696838629
BRISONr_158,2015__HAN__LN_NF_RF,TRUE,1,4,0.3849885547808813
BRISONr_158,2015__KAL__HN_NF_RF,TRUE,0.9232988434688713,3,-0.38557655302725025
BRISONr_158,2015__KAL__HN_WF_RF,TRUE,0.9232988434688713,3,-0.23995884573697013
BRISONr_158,2015__KAL__LN_NF_RF,TRUE,0.9232988434688713,3,-0.8537640649159824
BRISONr_158,2015__KIE__HN_NF_RF,TRUE,1,4,0.06413718067574799
BRISONr_158,2015__KIE__HN_WF_RF,TRUE,1,4,-0.1783829590526953
BRISONr_158,2015__KIE__LN_NF_RF,TRUE,1,4,0.057263752288592235
BRISONr_158,2015__QLB__HN_NF_RF,TRUE,1,4,0.18062149569472513
BRISONr_158,2015__QLB__HN_WF_RF,TRUE,1,4,-0.390652849326235
BRISONr_158,2015__QLB__LN_NF_RF,TRUE,1,4,0.5006642131745989
BRISONr_158,2016__GGE__HN_NF_RF,TRUE,1,4,0.979679029057126
BRISONr_158,2016__GGE__HN_WF_RF,TRUE,1,4,-0.03459650378482226
BRISONr_158,2016__GGE__LN_NF_RF,TRUE,1,4,0.2173137405231819
BRISONr_158,2016__HAN__HN_NF_RF,TRUE,1,4,0.724483816710553
BRISONr_158,2016__HAN__HN_WF_RF,TRUE,1,4,-0.31921595710790845
BRISONr_158,2016__HAN__LN_NF_RF,TRUE,1,4,-0.11784003806832957
BRISONr_158,2016__KAL__HN_NF_RF,TRUE,1,4,0.6203117133575555
BRISONr_158,2016__KAL__HN_WF_RF,TRUE,1,4,0.1413636281045536
BRISONr_158,2016__KAL__LN_NF_RF,TRUE,1,4,0.2583165261396533
BRISONr_158,2016__KIE__HN_NF_RF,TRUE,1,4,0.7362148688810641
BRISONr_158,2016__KIE__HN_WF_RF,TRUE,1,4,-0.07376011442724997
BRISONr_158,2016__KIE__LN_NF_RF,TRUE,1,4,0.05083257442119931
BRISONr_158,2016__QLB__HN_NF_RF,TRUE,1,4,0.8070147760868849
BRISONr_158,2016__QLB__HN_WF_RF,TRUE,1,4,0.039370838171253066
BRISONr_158,2016__QLB__LN_NF_RF,TRUE,1,4,0.6542602811247366
BRISONr_158,2017__GGE__HN_NF_RF,TRUE,1,4,0.02784617644755881
BRISONr_158,2017__GGE__HN_WF_RF,TRUE,1,4,-0.19418721945831954
BRISONr_158,2017__GGE__LN_NF_RF,TRUE,1,4,0.14187274049167467
BRISONr_158,2017__HAN__HN_NF_RF,TRUE,1,4,0.7838720196067448
BRISONr_158,2017__HAN__HN_WF_RF,TRUE,1,4,-0.1461755024376465
BRISONr_158,2017__HAN__LN_NF_RF,TRUE,1,4,-0.07194840617120976
BRISONr_158,2017__KAL__HN_NF_RF,TRUE,1,4,0.363788402856619
BRISONr_158,2017__KAL__HN_WF_RF,TRUE,1,4,-0.0750324737807253
BRISONr_158,2017__KAL__LN_NF_RF,TRUE,1,4,-0.29661473598056215
BRISONr_158,2017__KIE__HN_NF_RF,TRUE,1,4,0.3039884955000066
BRISONr_158,2017__KIE__HN_WF_RF,TRUE,1,4,-0.375376805069417
BRISONr_158,2017__KIE__LN_NF_RF,TRUE,1,4,-0.7225982710492365
BRISONr_158,2017__QLB__HN_NF_RF,TRUE,1,4,0.47462116730771475
BRISONr_158,2017__QLB__HN_WF_RF,TRUE,1,4,0.025949476544048798
BRISONr_158,2017__QLB__LN_NF_RF,TRUE,1,4,0.82421270518042
BRISONr_159,2015__GGE__HN_NF_RF,TRUE,1,4,0.07079621461075064
BRISONr_159,2015__GGE__HN_WF_RF,TRUE,1,4,0.06457941783656071
BRISONr_159,2015__GGE__LN_NF_RF,TRUE,1,4,-0.044581222421704945
BRISONr_159,2015__HAN__HN_NF_RF,TRUE,1,4,-0.12457366981315521
BRISONr_159,2015__HAN__HN_WF_RF,TRUE,1,4,-0.42710865873576387
BRISONr_159,2015__HAN__LN_NF_RF,TRUE,1,4,-0.010149255701627252
BRISONr_159,2015__KAL__HN_NF_RF,TRUE,0.9232988434688713,3,-0.4814795953945408
BRISONr_159,2015__KAL__HN_WF_RF,TRUE,0.9232988434688713,3,-0.36371928111221086
BRISONr_159,2015__KAL__LN_NF_RF,TRUE,0.9232988434688713,3,-0.46459567777989375
BRISONr_159,2015__KIE__HN_NF_RF,TRUE,1,4,-0.29597086242425213
BRISONr_159,2015__KIE__HN_WF_RF,TRUE,1,4,-0.19324212616333897
BRISONr_159,2015__KIE__LN_NF_RF,TRUE,1,4,-0.4114895656825245
BRISONr_159,2015__QLB__HN_NF_RF,TRUE,1,4,-0.8124903480917395
BRISONr_159,2015__QLB__HN_WF_RF,TRUE,1,4,-0.534766283853602
BRISONr_159,2015__QLB__LN_NF_RF,TRUE,1,4,-0.60171157386568
BRISONr_159,2016__GGE__HN_NF_RF,TRUE,1,4,-0.06031979863350653
BRISONr_159,2016__GGE__HN_WF_RF,TRUE,1,4,-0.33908435000683135
BRISONr_159,2016__GGE__LN_NF_RF,TRUE,1,4,9.846624503681775e-4
BRISONr_159,2016__HAN__HN_NF_RF,TRUE,1,4,-0.06711889935280826
BRISONr_159,2016__HAN__HN_WF_RF,TRUE,1,4,-0.5658948415216524
BRISONr_159,2016__HAN__LN_NF_RF,TRUE,1,4,-0.31874245572537896
BRISONr_159,2016__KAL__HN_NF_RF,TRUE,1,4,0.00563690043479299
BRISONr_159,2016__KAL__HN_WF_RF,TRUE,1,4,-0.4165934668434644
BRISONr_159,2016__KAL__LN_NF_RF,TRUE,1,4,-0.04009243517547654
BRISONr_159,2016__KIE__HN_NF_RF,TRUE,1,4,-0.2577671390602749
BRISONr_159,2016__KIE__HN_WF_RF,TRUE,1,4,-0.2779727104392413
BRISONr_159,2016__KIE__LN_NF_RF,TRUE,1,4,0.3209331910128513
BRISONr_159,2016__QLB__HN_NF_RF,TRUE,1,4,-0.034702692636099014
BRISONr_159,2016__QLB__HN_WF_RF,TRUE,1,4,-0.642700983255171
BRISONr_159,2016__QLB__LN_NF_RF,TRUE,1,4,-0.40407555892927133
BRISONr_159,2017__GGE__HN_NF_RF,TRUE,1,4,-0.13247207168514513
BRISONr_159,2017__GGE__HN_WF_RF,TRUE,1,4,-0.25320563609265345
BRISONr_159,2017__GGE__LN_NF_RF,TRUE,1,4,-9.140319073420965e-4
BRISONr_159,2017__HAN__HN_NF_RF,TRUE,1,4,0.22297664986604976
BRISONr_159,2017__HAN__HN_WF_RF,TRUE,1,4,-0.03036975560701958
BRISONr_159,2017__HAN__LN_NF_RF,TRUE,1,4,0.12321343176559939
BRISONr_159,2017__KAL__HN_NF_RF,TRUE,1,4,-0.09729376654384132
BRISONr_159,2017__KAL__HN_WF_RF,TRUE,1,4,-0.23809039922760028
BRISONr_159,2017__KAL__LN_NF_RF,TRUE,1,4,-0.13333337268598278
BRISONr_159,2017__KIE__HN_NF_RF,TRUE,1,4,-0.44890658675331635
BRISONr_159,2017__KIE__HN_WF_RF,TRUE,1,4,-0.4605635345078701
BRISONr_159,2017__KIE__LN_NF_RF,TRUE,1,4,-0.17439353673530325
BRISONr_159,2017__QLB__HN_NF_RF,TRUE,1,4,-0.49520484048764446
BRISONr_159,2017__QLB__HN_WF_RF,TRUE,1,4,-0.47495101275046725
BRISONr_159,2017__QLB__LN_NF_RF,TRUE,1,4,-0.26494296986091503
BRISONr_16,2015__GGE__HN_NF_RF,TRUE,1,4,-0.20169542772834353
BRISONr_16,2015__GGE__HN_WF_RF,TRUE,1,4,-0.03490878726450428
BRISONr_16,2015__GGE__LN_NF_RF,TRUE,1,4,0.4024083784447647
BRISONr_16,2015__HAN__HN_NF_RF,TRUE,1,4,-0.36766532441303595
BRISONr_16,2015__HAN__HN_WF_RF,TRUE,1,4,-0.37443815271053593
BRISONr_16,2015__HAN__LN_NF_RF,TRUE,1,4,-0.10612907448028275
BRISONr_16,2015__KAL__HN_NF_RF,TRUE,0.9232988434688713,3,0.33633265701753196
BRISONr_16,2015__KAL__HN_WF_RF,TRUE,0.9232988434688713,3,0.24767064334241284
BRISONr_16,2015__KAL__LN_NF_RF,TRUE,0.9232988434688713,3,-0.08072483641583544
BRISONr_16,2015__KIE__HN_NF_RF,TRUE,1,4,0.016873190370944105
BRISONr_16,2015__KIE__HN_WF_RF,TRUE,1,4,-0.6235245418823653
BRISONr_16,2015__KIE__LN_NF_RF,TRUE,1,4,0.010526649949732264
BRISONr_16,2015__QLB__HN_NF_RF,TRUE,1,4,0.08058736652726035
BRISONr_16,2015__QLB__HN_WF_RF,TRUE,1,4,-0.0740671125220066
BRISONr_16,2015__QLB__LN_NF_RF,TRUE,1,4,0.11170466756833135
BRISONr_16,2016__GGE__HN_NF_RF,TRUE,1,4,-0.09824594707829677
BRISONr_16,2016__GGE__HN_WF_RF,TRUE,1,4,-0.3278362064922198
BRISONr_16,2016__GGE__LN_NF_RF,TRUE,1,4,-0.42389389841923963
BRISONr_16,2016__HAN__HN_NF_RF,TRUE,1,4,0.020833229358434742
BRISONr_16,2016__HAN__HN_WF_RF,TRUE,1,4,-0.3730919046711479
BRISONr_16,2016__HAN__LN_NF_RF,TRUE,1,4,-0.015122843801344425
BRISONr_16,2016__KAL__HN_NF_RF,TRUE,1,4,0.4402601723237606
BRISONr_16,2016__KAL__HN_WF_RF,TRUE,1,4,-0.40538545584934343
BRISONr_16,2016__KAL__LN_NF_RF,TRUE,1,4,0.19629826657106336
BRISONr_16,2016__KIE__HN_NF_RF,TRUE,1,4,-0.7574888647237308
BRISONr_16,2016__KIE__HN_WF_RF,TRUE,1,4,-0.2646168503918019
BRISONr_16,2016__KIE__LN_NF_RF,TRUE,1,4,-0.3359319502735546
BRISONr_16,2016__QLB__HN_NF_RF,TRUE,1,4,0.1597057698087481
BRISONr_16,2016__QLB__HN_WF_RF,TRUE,1,4,-0.9466155931814557
BRISONr_16,2016__QLB__LN_NF_RF,TRUE,1,4,-0.2852133961905079
BRISONr_16,2017__GGE__HN_NF_RF,TRUE,1,4,-0.37444508318531866
BRISONr_16,2017__GGE__HN_WF_RF,TRUE,1,4,-0.38320218146456186
BRISONr_16,2017__GGE__LN_NF_RF,TRUE,1,4,-0.44553547586501224
BRISONr_16,2017__HAN__HN_NF_RF,TRUE,1,4,-0.36045771000895765
BRISONr_16,2017__HAN__HN_WF_RF,TRUE,1,4,-0.3705847890046705
BRISONr_16,2017__HAN__LN_NF_RF,TRUE,1,4,-0.5181849972666477
BRISONr_16,2017__KAL__HN_NF_RF,TRUE,1,4,-0.6539794953761345
BRISONr_16,2017__KAL__HN_WF_RF,TRUE,1,4,-0.2967223824629758
BRISONr_16,2017__KAL__LN_NF_RF,TRUE,1,4,0.022775003715761254
BRISONr_16,2017__KIE__HN_NF_RF,TRUE,1,4,-0.2571970995979916
BRISONr_16,2017__KIE__HN_WF_RF,TRUE,1,4,-0.5404014797110469
BRISONr_16,2017__KIE__LN_NF_RF,TRUE,1,4,0.09574474151671396
BRISONr_16,2017__QLB__HN_NF_RF,TRUE,1,4,-0.8742678909867988
BRISONr_16,2017__QLB__HN_WF_RF,TRUE,1,4,-1.0780207869052085
BRISONr_16,2017__QLB__LN_NF_RF,TRUE,1,4,-0.9961481352675758
BRISONr_160,2015__GGE__HN_NF_RF,TRUE,1,4,0.008772133224049714
BRISONr_160,2015__GGE__HN_WF_RF,TRUE,1,4,-0.006061150695571069
BRISONr_160,2015__GGE__LN_NF_RF,TRUE,1,4,-0.2837194194937937
BRISONr_160,2015__HAN__HN_NF_RF,TRUE,1,4,-0.7008413328178791
BRISONr_160,2015__HAN__HN_WF_RF,TRUE,1,4,-0.3152894154477949
BRISONr_160,2015__HAN__LN_NF_RF,TRUE,1,4,-0.21188037051957267
BRISONr_160,2015__KAL__HN_NF_RF,TRUE,0.9232988434688713,3,-0.4942322193414676
BRISONr_160,2015__KAL__HN_WF_RF,TRUE,0.9232988434688713,3,-0.13163760334487937
BRISONr_160,2015__KAL__LN_NF_RF,TRUE,0.9232988434688713,3,-0.4580182868903286
BRISONr_160,2015__KIE__HN_NF_RF,TRUE,1,4,-0.5087023032948403
BRISONr_160,2015__KIE__HN_WF_RF,TRUE,1,4,-0.3351595185227183
BRISONr_160,2015__KIE__LN_NF_RF,TRUE,1,4,-0.42410427340188606
BRISONr_160,2015__QLB__HN_NF_RF,TRUE,1,4,-1.6447657025146798
BRISONr_160,2015__QLB__HN_WF_RF,TRUE,1,4,-0.9225454824306215
BRISONr_160,2015__QLB__LN_NF_RF,TRUE,1,4,-1.3344742877110884
BRISONr_160,2016__GGE__HN_NF_RF,TRUE,1,4,-0.4515893885993913
BRISONr_160,2016__GGE__HN_WF_RF,TRUE,1,4,-0.3450542327560341
BRISONr_160,2016__GGE__LN_NF_RF,TRUE,1,4,-0.09000919366783625
BRISONr_160,2016__HAN__HN_NF_RF,TRUE,1,4,-0.9031549076233139
BRISONr_160,2016__HAN__HN_WF_RF,TRUE,1,4,-0.6658529225970533
BRISONr_160,2016__HAN__LN_NF_RF,TRUE,1,4,-0.5054697361444447
BRISONr_160,2016__KAL__HN_NF_RF,TRUE,1,4,-0.23939016184961553
BRISONr_160,2016__KAL__HN_WF_RF,TRUE,1,4,-0.3479645782191532
BRISONr_160,2016__KAL__LN_NF_RF,TRUE,1,4,-0.0880689231393392
BRISONr_160,2016__KIE__HN_NF_RF,TRUE,1,4,-0.4580316267634324
BRISONr_160,2016__KIE__HN_WF_RF,TRUE,1,4,-0.016811942111406557
BRISONr_160,2016__KIE__LN_NF_RF,TRUE,1,4,-0.09063016752475932
BRISONr_160,2016__QLB__HN_NF_RF,TRUE,1,4,-0.894514980951265
BRISONr_160,2016__QLB__HN_WF_RF,TRUE,1,4,-0.16931332905927465
BRISONr_160,2016__QLB__LN_NF_RF,TRUE,1,4,-0.9993562656373285
BRISONr_160,2017__GGE__HN_NF_RF,TRUE,1,4,-0.6518588273053155
BRISONr_160,2017__GGE__HN_WF_RF,TRUE,1,4,-0.042837129321146
BRISONr_160,2017__GGE__LN_NF_RF,TRUE,1,4,-0.2551713981893262
BRISONr_160,2017__HAN__HN_NF_RF,TRUE,1,4,-0.5725870205004111
BRISONr_160,2017__HAN__HN_WF_RF,TRUE,1,4,-0.5092512933383974
BRISONr_160,2017__HAN__LN_NF_RF,TRUE,1,4,0.1334302687624872
BRISONr_160,2017__KAL__HN_NF_RF,TRUE,1,4,-0.8897118009298876
BRISONr_160,2017__KAL__HN_WF_RF,TRUE,1,4,0.19053827238465715
BRISONr_160,2017__KAL__LN_NF_RF,TRUE,1,4,-0.5232242193994185
BRISONr_160,2017__KIE__HN_NF_RF,TRUE,1,4,-0.2304356561138868
BRISONr_160,2017__KIE__HN_WF_RF,TRUE,1,4,-0.6973324074631713
BRISONr_160,2017__KIE__LN_NF_RF,TRUE,1,4,-0.3512540699596653
BRISONr_160,2017__QLB__HN_NF_RF,TRUE,1,4,-0.4153077946993357
BRISONr_160,2017__QLB__HN_WF_RF,TRUE,1,4,0.008781475944921818
BRISONr_160,2017__QLB__LN_NF_RF,TRUE,1,4,0.006725881955035921
BRISONr_161,2015__GGE__HN_NF_RF,TRUE,1,4,0.22481462940025634
BRISONr_161,2015__GGE__HN_WF_RF,TRUE,1,4,-0.04148585610758055
BRISONr_161,2015__GGE__LN_NF_RF,TRUE,1,4,-0.22241180076970835
BRISONr_161,2015__HAN__HN_NF_RF,TRUE,1,4,-0.16399085378131115
BRISONr_161,2015__HAN__HN_WF_RF,TRUE,1,4,0.11200486184850354
BRISONr_161,2015__HAN__LN_NF_RF,TRUE,1,4,0.04274481901046936
BRISONr_161,2015__KAL__HN_NF_RF,TRUE,0.9232988434688713,3,-0.23386459602051515
BRISONr_161,2015__KAL__HN_WF_RF,TRUE,0.9232988434688713,3,-0.4601638179602352
BRISONr_161,2015__KAL__LN_NF_RF,TRUE,0.9232988434688713,3,0.46430172347168497
BRISONr_161,2015__KIE__HN_NF_RF,TRUE,1,4,-0.49042873491934424
BRISONr_161,2015__KIE__HN_WF_RF,TRUE,1,4,-0.4853730419641039
BRISONr_161,2015__KIE__LN_NF_RF,TRUE,1,4,-0.7314838177457887
BRISONr_161,2015__QLB__HN_NF_RF,TRUE,1,4,0.028466815643234663
BRISONr_161,2015__QLB__HN_WF_RF,TRUE,1,4,-0.01168399627695045
BRISONr_161,2015__QLB__LN_NF_RF,TRUE,1,4,0.35982781885838755
BRISONr_161,2016__GGE__HN_NF_RF,TRUE,1,4,-0.17773131272243284
BRISONr_161,2016__GGE__HN_WF_RF,TRUE,1,4,0.5347167306693563
BRISONr_161,2016__GGE__LN_NF_RF,TRUE,1,4,0.0500543097440287
BRISONr_161,2016__HAN__HN_NF_RF,TRUE,1,4,-0.1350426338167274
BRISONr_161,2016__HAN__HN_WF_RF,TRUE,1,4,0.23790642758450026
BRISONr_161,2016__HAN__LN_NF_RF,TRUE,1,4,-0.15270449283514656
BRISONr_161,2016__KAL__HN_NF_RF,TRUE,1,4,-0.14612642466843254
BRISONr_161,2016__KAL__HN_WF_RF,TRUE,1,4,0.31322723778530687
BRISONr_161,2016__KAL__LN_NF_RF,TRUE,1,4,-0.026659649943152484
BRISONr_161,2016__KIE__HN_NF_RF,TRUE,1,4,0.05875243173028501
BRISONr_161,2016__KIE__HN_WF_RF,TRUE,1,4,0.14037239289863365
BRISONr_161,2016__KIE__LN_NF_RF,TRUE,1,4,0.1347347084983477
BRISONr_161,2016__QLB__HN_NF_RF,TRUE,1,4,0.2731999358909382
BRISONr_161,2016__QLB__HN_WF_RF,TRUE,1,4,0.0864999602932868
BRISONr_161,2016__QLB__LN_NF_RF,TRUE,1,4,-0.03457919593107511
BRISONr_161,2017__GGE__HN_NF_RF,TRUE,1,4,-0.5074364390222377
BRISONr_161,2017__GGE__HN_WF_RF,TRUE,1,4,-0.022807127529559428
BRISONr_161,2017__GGE__LN_NF_RF,TRUE,1,4,-0.8156932327922495
BRISONr_161,2017__HAN__HN_NF_RF,TRUE,1,4,-0.13027796377772982
BRISONr_161,2017__HAN__HN_WF_RF,TRUE,1,4,-0.4499450734285415
BRISONr_161,2017__HAN__LN_NF_RF,TRUE,1,4,-0.19477090265516614
BRISONr_161,2017__KAL__HN_NF_RF,TRUE,1,4,-0.5121740274313415
BRISONr_161,2017__KAL__HN_WF_RF,TRUE,1,4,-0.1575839586778799
BRISONr_161,2017__KAL__LN_NF_RF,TRUE,1,4,0.29852984898248935
BRISONr_161,2017__KIE__HN_NF_RF,TRUE,1,4,-0.21599226759497475
BRISONr_161,2017__KIE__HN_WF_RF,TRUE,1,4,-0.24950840308516195
BRISONr_161,2017__KIE__LN_NF_RF,TRUE,1,4,-0.08842735298881754
BRISONr_161,2017__QLB__HN_NF_RF,TRUE,1,4,-0.4744027541434798
BRISONr_161,2017__QLB__HN_WF_RF,TRUE,1,4,-0.6694111703519842
BRISONr_161,2017__QLB__LN_NF_RF,TRUE,1,4,0.05743392073101134
BRISONr_162,2015__GGE__HN_NF_RF,TRUE,1,4,0.1971836048607099
BRISONr_162,2015__GGE__HN_WF_RF,TRUE,1,4,0.2906882956472996
BRISONr_162,2015__GGE__LN_NF_RF,TRUE,1,4,0.15487511207891794
BRISONr_162,2015__HAN__HN_NF_RF,TRUE,1,4,-0.18076593118834466
BRISONr_162,2015__HAN__HN_WF_RF,TRUE,1,4,0.07259313751449444
BRISONr_162,2015__HAN__LN_NF_RF,TRUE,1,4,-0.15331595208343338
BRISONr_162,2015__KAL__HN_NF_RF,TRUE,0.9232988434688713,3,-0.21021957945646771
BRISONr_162,2015__KAL__HN_WF_RF,TRUE,0.9232988434688713,3,0.04162615357788507
BRISONr_162,2015__KAL__LN_NF_RF,TRUE,0.9232988434688713,3,0.19354391663981022
BRISONr_162,2015__KIE__HN_NF_RF,TRUE,1,4,-0.15461102314067174
BRISONr_162,2015__KIE__HN_WF_RF,TRUE,1,4,-0.5970649897972653
BRISONr_162,2015__KIE__LN_NF_RF,TRUE,1,4,0.11863823885742605
BRISONr_162,2015__QLB__HN_NF_RF,TRUE,1,4,-0.143113351123141
BRISONr_162,2015__QLB__HN_WF_RF,TRUE,1,4,-0.7016430450434876
BRISONr_162,2015__QLB__LN_NF_RF,TRUE,1,4,0.22685608891454617
BRISONr_162,2016__GGE__HN_NF_RF,TRUE,1,4,-0.24150759445756337
BRISONr_162,2016__GGE__HN_WF_RF,TRUE,1,4,0.41587224057941996
BRISONr_162,2016__GGE__LN_NF_RF,TRUE,1,4,0.4025766533064815
BRISONr_162,2016__HAN__HN_NF_RF,TRUE,1,4,-0.26591512193863936
BRISONr_162,2016__HAN__HN_WF_RF,TRUE,1,4,-0.7895239122348057
BRISONr_162,2016__HAN__LN_NF_RF,TRUE,1,4,-0.45828718078984454
BRISONr_162,2016__KAL__HN_NF_RF,TRUE,1,4,-0.22068972710335913
BRISONr_162,2016__KAL__HN_WF_RF,TRUE,1,4,-0.30290374878256154
BRISONr_162,2016__KAL__LN_NF_RF,TRUE,1,4,-0.14746669666613946
BRISONr_162,2016__KIE__HN_NF_RF,TRUE,1,4,-0.33181091253782297
BRISONr_162,2016__KIE__HN_WF_RF,TRUE,1,4,-0.18842196465509564
BRISONr_162,2016__KIE__LN_NF_RF,TRUE,1,4,0.17777698025679223
BRISONr_162,2016__QLB__HN_NF_RF,TRUE,1,4,-0.12071445995834398
BRISONr_162,2016__QLB__HN_WF_RF,TRUE,1,4,-0.2739044031896335
BRISONr_162,2016__QLB__LN_NF_RF,TRUE,1,4,-0.3412966512422443
BRISONr_162,2017__GGE__HN_NF_RF,TRUE,1,4,-0.31672201384859494
BRISONr_162,2017__GGE__HN_WF_RF,TRUE,1,4,0.04871575133021841
BRISONr_162,2017__GGE__LN_NF_RF,TRUE,1,4,-0.1732782454856132
BRISONr_162,2017__HAN__HN_NF_RF,TRUE,1,4,-0.43313740446578364
BRISONr_162,2017__HAN__HN_WF_RF,TRUE,1,4,-0.5788061861915055
BRISONr_162,2017__HAN__LN_NF_RF,TRUE,1,4,-0.3296367897038465
BRISONr_162,2017__KAL__HN_NF_RF,TRUE,1,4,0.033723256745904526
BRISONr_162,2017__KAL__HN_WF_RF,TRUE,1,4,0.3459382635517684
BRISONr_162,2017__KAL__LN_NF_RF,TRUE,1,4,-0.03999724439543037
BRISONr_162,2017__KIE__HN_NF_RF,TRUE,1,4,-0.5389553839690164
BRISONr_162,2017__KIE__HN_WF_RF,TRUE,1,4,-0.5392151405264601
BRISONr_162,2017__KIE__LN_NF_RF,TRUE,1,4,-0.1810188796446982
BRISONr_162,2017__QLB__HN_NF_RF,TRUE,1,4,-0.6945227199818105
BRISONr_162,2017__QLB__HN_WF_RF,TRUE,1,4,-0.5695054503833427
BRISONr_162,2017__QLB__LN_NF_RF,TRUE,1,4,-0.26196656619756536
BRISONr_163,2015__GGE__HN_NF_RF,TRUE,1,4,-0.8492920462788246
BRISONr_163,2015__GGE__HN_WF_RF,TRUE,1,4,-0.4012486908599895
BRISONr_163,2015__GGE__LN_NF_RF,TRUE,1,4,-0.7132595628456859
BRISONr_163,2015__HAN__HN_NF_RF,TRUE,1,4,-0.8240708210717229
BRISONr_163,2015__HAN__HN_WF_RF,TRUE,1,4,-0.584593496570884
BRISONr_163,2015__HAN__LN_NF_RF,TRUE,1,4,-0.6430658582565646
BRISONr_163,2015__KAL__HN_NF_RF,TRUE,0.9232988434688713,3,-0.7361192100519801
BRISONr_163,2015__KAL__HN_WF_RF,TRUE,0.9232988434688713,3,-0.3220773874684352
BRISONr_163,2015__KAL__LN_NF_RF,TRUE,0.9232988434688713,3,-0.8792149872782125
BRISONr_163,2015__KIE__HN_NF_RF,TRUE,1,4,-0.6345728976928751
BRISONr_163,2015__KIE__HN_WF_RF,TRUE,1,4,0.05828505455881045
BRISONr_163,2015__KIE__LN_NF_RF,TRUE,1,4,-0.30103139244264976
BRISONr_163,2015__QLB__HN_NF_RF,TRUE,1,4,-1.6588006623994653
BRISONr_163,2015__QLB__HN_WF_RF,TRUE,1,4,-0.478247559542011
BRISONr_163,2015__QLB__LN_NF_RF,TRUE,1,4,-1.0706411508709708
BRISONr_163,2016__GGE__HN_NF_RF,TRUE,1,4,-0.9391079839147833
BRISONr_163,2016__GGE__HN_WF_RF,TRUE,1,4,-0.9661335744708446
BRISONr_163,2016__GGE__LN_NF_RF,TRUE,1,4,-0.48002448923518093
BRISONr_163,2016__HAN__HN_NF_RF,TRUE,1,4,-0.8322229409986838
BRISONr_163,2016__HAN__HN_WF_RF,TRUE,1,4,-0.3570460292354997
BRISONr_163,2016__HAN__LN_NF_RF,TRUE,1,4,-0.20755781097378212
BRISONr_163,2016__KAL__HN_NF_RF,TRUE,1,4,-0.5154715071578158
BRISONr_163,2016__KAL__HN_WF_RF,TRUE,1,4,-0.36282345026476664
BRISONr_163,2016__KAL__LN_NF_RF,TRUE,1,4,-0.4658637017573295
BRISONr_163,2016__KIE__HN_NF_RF,TRUE,1,4,-0.7597160394889195
BRISONr_163,2016__KIE__HN_WF_RF,TRUE,1,4,-0.27400334088934736
BRISONr_163,2016__KIE__LN_NF_RF,TRUE,1,4,-0.36514827146798795
BRISONr_163,2016__QLB__HN_NF_RF,TRUE,1,4,-0.0455376661401231
BRISONr_163,2016__QLB__HN_WF_RF,TRUE,1,4,-0.1781539807893806
BRISONr_163,2016__QLB__LN_NF_RF,TRUE,1,4,-0.3724614235525311
BRISONr_163,2017__GGE__HN_NF_RF,TRUE,1,4,-0.696772628464055
BRISONr_163,2017__GGE__HN_WF_RF,TRUE,1,4,-0.7329903235447808
BRISONr_163,2017__GGE__LN_NF_RF,TRUE,1,4,-0.6874481966187388
BRISONr_163,2017__HAN__HN_NF_RF,TRUE,1,4,-0.4821224474944041
BRISONr_163,2017__HAN__HN_WF_RF,TRUE,1,4,-0.2937008235312219
BRISONr_163,2017__HAN__LN_NF_RF,TRUE,1,4,-0.42064721362452484
BRISONr_163,2017__KAL__HN_NF_RF,TRUE,1,4,-0.8095672573420917
BRISONr_163,2017__KAL__HN_WF_RF,TRUE,1,4,-0.29665068007523915
BRISONr_163,2017__KAL__LN_NF_RF,TRUE,1,4,-0.11558206535200838
BRISONr_163,2017__KIE__HN_NF_RF,TRUE,1,4,-0.8862656455357915
BRISONr_163,2017__KIE__HN_WF_RF,TRUE,1,4,-0.901216712137683
BRISONr_163,2017__KIE__LN_NF_RF,TRUE,1,4,-0.8228302518155975
BRISONr_163,2017__QLB__HN_NF_RF,TRUE,1,4,-0.47989249556525193
BRISONr_163,2017__QLB__HN_WF_RF,TRUE,1,4,-0.5357844234517692
BRISONr_163,2017__QLB__LN_NF_RF,TRUE,1,4,-0.6420271378051757
BRISONr_164,2015__GGE__HN_NF_RF,TRUE,1,4,-0.41448934419508254
BRISONr_164,2015__GGE__HN_WF_RF,TRUE,1,4,0.2855843055642365
BRISONr_164,2015__GGE__LN_NF_RF,TRUE,1,4,-0.45184495490142834
BRISONr_164,2015__HAN__HN_NF_RF,TRUE,1,4,-0.25893468101284955
BRISONr_164,2015__HAN__HN_WF_RF,TRUE,1,4,-0.32762632878624404
BRISONr_164,2015__HAN__LN_NF_RF,TRUE,1,4,-0.39545422606241626
BRISONr_164,2015__KAL__HN_NF_RF,TRUE,0.9232988434688713,3,-1.238431206023911
BRISONr_164,2015__KAL__HN_WF_RF,TRUE,0.9232988434688713,3,0.1764863199954216
BRISONr_164,2015__KAL__LN_NF_RF,TRUE,0.9232988434688713,3,-0.4121462758224349
BRISONr_164,2015__KIE__HN_NF_RF,TRUE,1,4,-0.587940436152068
BRISONr_164,2015__KIE__HN_WF_RF,TRUE,1,4,-0.009924793736928072
BRISONr_164,2015__KIE__LN_NF_RF,TRUE,1,4,-0.6756370056500256
BRISONr_164,2015__QLB__HN_NF_RF,TRUE,1,4,0.45889870100207497
BRISONr_164,2015__QLB__HN_WF_RF,TRUE,1,4,0.1982627247860866
BRISONr_164,2015__QLB__LN_NF_RF,TRUE,1,4,0.07019886918437294
BRISONr_164,2016__GGE__HN_NF_RF,TRUE,1,4,-0.657924300820816
BRISONr_164,2016__GGE__HN_WF_RF,TRUE,1,4,0.0457640809528291
BRISONr_164,2016__GGE__LN_NF_RF,TRUE,1,4,-0.43309658041397103
BRISONr_164,2016__HAN__HN_NF_RF,TRUE,1,4,-0.7924219906202741
BRISONr_164,2016__HAN__HN_WF_RF,TRUE,1,4,-0.1043298398124633
BRISONr_164,2016__HAN__LN_NF_RF,TRUE,1,4,-0.5262312470166078
BRISONr_164,2016__KAL__HN_NF_RF,TRUE,1,4,-0.47068406893015596
BRISONr_164,2016__KAL__HN_WF_RF,TRUE,1,4,-0.21334461827067083
BRISONr_164,2016__KAL__LN_NF_RF,TRUE,1,4,-0.08258415565954118
BRISONr_164,2016__KIE__HN_NF_RF,TRUE,1,4,-0.19015914437457263
BRISONr_164,2016__KIE__HN_WF_RF,TRUE,1,4,-0.1770434009190318
BRISONr_164,2016__KIE__LN_NF_RF,TRUE,1,4,-0.4662666515738604
BRISONr_164,2016__QLB__HN_NF_RF,TRUE,1,4,0.15644500349622253
BRISONr_164,2016__QLB__HN_WF_RF,TRUE,1,4,0.038673311934418315
BRISONr_164,2016__QLB__LN_NF_RF,TRUE,1,4,-0.005679617084933966
BRISONr_164,2017__GGE__HN_NF_RF,TRUE,1,4,-0.25125434840422156
BRISONr_164,2017__GGE__HN_WF_RF,TRUE,1,4,-0.12742937562309992
BRISONr_164,2017__GGE__LN_NF_RF,TRUE,1,4,-0.38632699042851687
BRISONr_164,2017__HAN__HN_NF_RF,TRUE,1,4,-0.3527810141837905
BRISONr_164,2017__HAN__HN_WF_RF,TRUE,1,4,-0.2984685733499863
BRISONr_164,2017__HAN__LN_NF_RF,TRUE,1,4,-0.06529832526279056
BRISONr_164,2017__KAL__HN_NF_RF,TRUE,1,4,-0.5572844919952995
BRISONr_164,2017__KAL__HN_WF_RF,TRUE,1,4,0.18778313740815036
BRISONr_164,2017__KAL__LN_NF_RF,TRUE,1,4,0.1649248462731537
BRISONr_164,2017__KIE__HN_NF_RF,TRUE,1,4,-0.5760447926686498
BRISONr_164,2017__KIE__HN_WF_RF,TRUE,1,4,-0.35674757732111406
BRISONr_164,2017__KIE__LN_NF_RF,TRUE,1,4,-0.32954085612709266
BRISONr_164,2017__QLB__HN_NF_RF,TRUE,1,4,-0.2972744514897544
BRISONr_164,2017__QLB__HN_WF_RF,TRUE,1,4,-0.4046015731021766
BRISONr_164,2017__QLB__LN_NF_RF,TRUE,1,4,-0.007627645587140288
BRISONr_165,2015__GGE__HN_NF_RF,TRUE,1,4,-0.28298820183107604
BRISONr_165,2015__GGE__HN_WF_RF,TRUE,1,4,-0.1667356617989856
BRISONr_165,2015__GGE__LN_NF_RF,TRUE,1,4,-0.37492981013599036
BRISONr_165,2015__HAN__HN_NF_RF,TRUE,1,4,-0.3198486566453152
BRISONr_165,2015__HAN__HN_WF_RF,TRUE,1,4,-0.8119201242949938
BRISONr_165,2015__HAN__LN_NF_RF,TRUE,1,4,-0.3905672322401075
BRISONr_165,2015__KAL__HN_NF_RF,TRUE,0.9232988434688713,3,-0.5036481277186767
BRISONr_165,2015__KAL__HN_WF_RF,TRUE,0.9232988434688713,3,-0.33395866227491017
BRISONr_165,2015__KAL__LN_NF_RF,TRUE,0.9232988434688713,3,-0.245686293220615
BRISONr_165,2015__KIE__HN_NF_RF,TRUE,1,4,-0.3926773091887217
BRISONr_165,2015__KIE__HN_WF_RF,TRUE,1,4,0.0666454278870057
BRISONr_165,2015__KIE__LN_NF_RF,TRUE,1,4,-0.7820419256109423
BRISONr_165,2015__QLB__HN_NF_RF,TRUE,1,4,-0.22956571639319914
BRISONr_165,2015__QLB__HN_WF_RF,TRUE,1,4,0.07172402415135949
BRISONr_165,2015__QLB__LN_NF_RF,TRUE,1,4,0.0974951098643441
BRISONr_165,2016__GGE__HN_NF_RF,TRUE,1,4,-0.7229471576613926
BRISONr_165,2016__GGE__HN_WF_RF,TRUE,1,4,-0.30924881940110194
BRISONr_165,2016__GGE__LN_NF_RF,TRUE,1,4,-0.47339176631515734
BRISONr_165,2016__HAN__HN_NF_RF,TRUE,1,4,-0.6927640931006944
BRISONr_165,2016__HAN__HN_WF_RF,TRUE,1,4,-0.46661890537713907
BRISONr_165,2016__HAN__LN_NF_RF,TRUE,1,4,-0.6922469946023295
BRISONr_165,2016__KAL__HN_NF_RF,TRUE,1,4,-0.3768417975415785
BRISONr_165,2016__KAL__HN_WF_RF,TRUE,1,4,-0.05045526319359081
BRISONr_165,2016__KAL__LN_NF_RF,TRUE,1,4,-0.288571497012758
BRISONr_165,2016__KIE__HN_NF_RF,TRUE,1,4,-0.21758017340821517
BRISONr_165,2016__KIE__HN_WF_RF,TRUE,1,4,-0.00564779549852569
BRISONr_165,2016__KIE__LN_NF_RF,TRUE,1,4,-0.4348450185334935
BRISONr_165,2016__QLB__HN_NF_RF,TRUE,1,4,0.37750802603564865
BRISONr_165,2016__QLB__HN_WF_RF,TRUE,1,4,-0.0391571529420464
BRISONr_165,2016__QLB__LN_NF_RF,TRUE,1,4,0.1944484344342171
BRISONr_165,2017__GGE__HN_NF_RF,TRUE,1,4,0.08511469408253669
BRISONr_165,2017__GGE__HN_WF_RF,TRUE,1,4,-0.03335293909977203
BRISONr_165,2017__GGE__LN_NF_RF,TRUE,1,4,-0.1966271955936496
BRISONr_165,2017__HAN__HN_NF_RF,TRUE,1,4,-0.10202337199109657
BRISONr_165,2017__HAN__HN_WF_RF,TRUE,1,4,-0.28922196160197444
BRISONr_165,2017__HAN__LN_NF_RF,TRUE,1,4,-0.1995494956594462
BRISONr_165,2017__KAL__HN_NF_RF,TRUE,1,4,-0.37726617527702955
BRISONr_165,2017__KAL__HN_WF_RF,TRUE,1,4,-0.10913997295670262
BRISONr_165,2017__KAL__LN_NF_RF,TRUE,1,4,-0.1416485719737253
BRISONr_165,2017__KIE__HN_NF_RF,TRUE,1,4,-0.3320517796344218
BRISONr_165,2017__KIE__HN_WF_RF,TRUE,1,4,-0.21736644232991675
BRISONr_165,2017__KIE__LN_NF_RF,TRUE,1,4,0.43193425278227415
BRISONr_165,2017__QLB__HN_NF_RF,TRUE,1,4,0.09698226578604557
BRISONr_165,2017__QLB__HN_WF_RF,TRUE,1,4,-0.01480304182425045
BRISONr_165,2017__QLB__LN_NF_RF,TRUE,1,4,0.4237267899239314
BRISONr_166,2015__GGE__HN_NF_RF,TRUE,1,4,-0.3955118814263272
BRISONr_166,2015__GGE__HN_WF_RF,TRUE,1,4,-0.23152428743176776
BRISONr_166,2015__GGE__LN_NF_RF,TRUE,1,4,-0.3338617312374491
BRISONr_166,2015__HAN__HN_NF_RF,TRUE,1,4,-0.11917007338235762
BRISONr_166,2015__HAN__HN_WF_RF,TRUE,1,4,-0.6188347791667482
BRISONr_166,2015__HAN__LN_NF_RF,TRUE,1,4,-0.025096728009363252
BRISONr_166,2015__KAL__HN_NF_RF,TRUE,0.9232988434688713,3,0.19673639630707151
BRISONr_166,2015__KAL__HN_WF_RF,TRUE,0.9232988434688713,3,0.14369368442618122
BRISONr_166,2015__KAL__LN_NF_RF,TRUE,0.9232988434688713,3,0.0048516535034546174
BRISONr_166,2015__KIE__HN_NF_RF,TRUE,1,4,-0.03151807285197805
BRISONr_166,2015__KIE__HN_WF_RF,TRUE,1,4,0.23738554263330786
BRISONr_166,2015__KIE__LN_NF_RF,TRUE,1,4,0.17020525276790693
BRISONr_166,2015__QLB__HN_NF_RF,TRUE,1,4,0.05024577936627688
BRISONr_166,2015__QLB__HN_WF_RF,TRUE,1,4,-0.15380754468554744
BRISONr_166,2015__QLB__LN_NF_RF,TRUE,1,4,-0.21575625750231978
BRISONr_166,2016__GGE__HN_NF_RF,TRUE,1,4,-0.23399006989118346
BRISONr_166,2016__GGE__HN_WF_RF,TRUE,1,4,-0.13670996485191708
BRISONr_166,2016__GGE__LN_NF_RF,TRUE,1,4,0.022097378266909037
BRISONr_166,2016__HAN__HN_NF_RF,TRUE,1,4,-0.055570955492752636
BRISONr_166,2016__HAN__HN_WF_RF,TRUE,1,4,-0.18375580201925415
BRISONr_166,2016__HAN__LN_NF_RF,TRUE,1,4,-0.5040797743524655
BRISONr_166,2016__KAL__HN_NF_RF,TRUE,1,4,-0.4099913765128314
BRISONr_166,2016__KAL__HN_WF_RF,TRUE,1,4,-0.13465524170085066
BRISONr_166,2016__KAL__LN_NF_RF,TRUE,1,4,-0.052799796874842486
BRISONr_166,2016__KIE__HN_NF_RF,TRUE,1,4,-0.35942992264995244
BRISONr_166,2016__KIE__HN_WF_RF,TRUE,1,4,-0.4646562511205262
BRISONr_166,2016__KIE__LN_NF_RF,TRUE,1,4,-0.045151229094662515
BRISONr_166,2016__QLB__HN_NF_RF,TRUE,1,4,-0.4991435551629026
BRISONr_166,2016__QLB__HN_WF_RF,TRUE,1,4,-0.0999851997078213
BRISONr_166,2016__QLB__LN_NF_RF,TRUE,1,4,-0.10426197909324632
BRISONr_166,2017__GGE__HN_NF_RF,TRUE,1,4,-0.08909221456808178
BRISONr_166,2017__GGE__HN_WF_RF,TRUE,1,4,0.09870576168630735
BRISONr_166,2017__GGE__LN_NF_RF,TRUE,1,4,-0.3232168449626637
BRISONr_166,2017__HAN__HN_NF_RF,TRUE,1,4,-0.22471962874720974
BRISONr_166,2017__HAN__HN_WF_RF,TRUE,1,4,-0.15004784144489436
BRISONr_166,2017__HAN__LN_NF_RF,TRUE,1,4,0.009417334933986131
BRISONr_166,2017__KAL__HN_NF_RF,TRUE,1,4,-0.044030890726364985
BRISONr_166,2017__KAL__HN_WF_RF,TRUE,1,4,0.1673844261594895
BRISONr_166,2017__KAL__LN_NF_RF,TRUE,1,4,0.04185058783307741
BRISONr_166,2017__KIE__HN_NF_RF,TRUE,1,4,-0.23177287496356586
BRISONr_166,2017__KIE__HN_WF_RF,TRUE,1,4,-0.21434894865815665
BRISONr_166,2017__KIE__LN_NF_RF,TRUE,1,4,-0.43860383412028514
BRISONr_166,2017__QLB__HN_NF_RF,TRUE,1,4,-0.3304954044298392
BRISONr_166,2017__QLB__HN_WF_RF,TRUE,1,4,-0.6381856684766242
BRISONr_166,2017__QLB__LN_NF_RF,TRUE,1,4,-0.1959009211448471
BRISONr_167,2015__GGE__HN_NF_RF,TRUE,1,4,0.6359324770126179
BRISONr_167,2015__GGE__HN_WF_RF,TRUE,1,4,0.1629009024989624
BRISONr_167,2015__GGE__LN_NF_RF,TRUE,1,4,0.4318949275817671
BRISONr_167,2015__HAN__HN_NF_RF,TRUE,1,4,0.7206982648605134
BRISONr_167,2015__HAN__HN_WF_RF,TRUE,1,4,0.31075637008025453
BRISONr_167,2015__HAN__LN_NF_RF,TRUE,1,4,0.3601936562508304
BRISONr_167,2015__KAL__HN_NF_RF,TRUE,0.9232988434688713,3,-0.5533927934135635
BRISONr_167,2015__KAL__HN_WF_RF,TRUE,0.9232988434688713,3,-0.3670009188226146
BRISONr_167,2015__KAL__LN_NF_RF,TRUE,0.9232988434688713,3,-0.31102631961682564
BRISONr_167,2015__KIE__HN_NF_RF,TRUE,1,4,0.4376893338311283
BRISONr_167,2015__KIE__HN_WF_RF,TRUE,1,4,0.43436894015181804
BRISONr_167,2015__KIE__LN_NF_RF,TRUE,1,4,-0.20898098148630206
BRISONr_167,2015__QLB__HN_NF_RF,TRUE,1,4,0.651158615334317
BRISONr_167,2015__QLB__HN_WF_RF,TRUE,1,4,-0.13778631555049786
BRISONr_167,2015__QLB__LN_NF_RF,TRUE,1,4,0.5793296762731678
BRISONr_167,2016__GGE__HN_NF_RF,TRUE,1,4,1.0217629930623813
BRISONr_167,2016__GGE__HN_WF_RF,TRUE,1,4,0.6260694156885657
BRISONr_167,2016__GGE__LN_NF_RF,TRUE,1,4,0.4191573172844417
BRISONr_167,2016__HAN__HN_NF_RF,TRUE,1,4,0.9711312115510207
BRISONr_167,2016__HAN__HN_WF_RF,TRUE,1,4,-0.062369217926855666
BRISONr_167,2016__HAN__LN_NF_RF,TRUE,1,4,-0.10259839360056117
BRISONr_167,2016__KAL__HN_NF_RF,TRUE,1,4,0.7709180930009487
BRISONr_167,2016__KAL__HN_WF_RF,TRUE,1,4,0.4564261691330383
BRISONr_167,2016__KAL__LN_NF_RF,TRUE,1,4,0.12028045653125076
BRISONr_167,2016__KIE__HN_NF_RF,TRUE,1,4,1.1826814512116166
BRISONr_167,2016__KIE__HN_WF_RF,TRUE,1,4,0.23190529399252818
BRISONr_167,2016__KIE__LN_NF_RF,TRUE,1,4,0.8099956889301771
BRISONr_167,2016__QLB__HN_NF_RF,TRUE,1,4,1.0963557342536774
BRISONr_167,2016__QLB__HN_WF_RF,TRUE,1,4,0.2547565141580615
BRISONr_167,2016__QLB__LN_NF_RF,TRUE,1,4,0.5185452567134098
BRISONr_167,2017__GGE__HN_NF_RF,TRUE,1,4,0.7276948806118728
BRISONr_167,2017__GGE__HN_WF_RF,TRUE,1,4,0.31079010524709516
BRISONr_167,2017__GGE__LN_NF_RF,TRUE,1,4,0.6062323162198161
BRISONr_167,2017__HAN__HN_NF_RF,TRUE,1,4,0.7396898716418631
BRISONr_167,2017__HAN__HN_WF_RF,TRUE,1,4,0.23975054651996214
BRISONr_167,2017__HAN__LN_NF_RF,TRUE,1,4,-0.09056531981379726
BRISONr_167,2017__KAL__HN_NF_RF,TRUE,1,4,0.7609691983019163
BRISONr_167,2017__KAL__HN_WF_RF,TRUE,1,4,-0.1723667246466522
BRISONr_167,2017__KAL__LN_NF_RF,TRUE,1,4,0.005248854677739504
BRISONr_167,2017__KIE__HN_NF_RF,TRUE,1,4,0.7466505105859575
BRISONr_167,2017__KIE__HN_WF_RF,TRUE,1,4,-0.08988043222884383
BRISONr_167,2017__KIE__LN_NF_RF,TRUE,1,4,0.6843037186800637
BRISONr_167,2017__QLB__HN_NF_RF,TRUE,1,4,1.0052799192540243
BRISONr_167,2017__QLB__HN_WF_RF,TRUE,1,4,0.24276934622833146
BRISONr_167,2017__QLB__LN_NF_RF,TRUE,1,4,1.026925175992595
BRISONr_168,2015__GGE__HN_NF_RF,TRUE,1,4,-0.6717161481384291
BRISONr_168,2015__GGE__HN_WF_RF,TRUE,1,4,-0.5354144661241965
BRISONr_168,2015__GGE__LN_NF_RF,TRUE,1,4,-0.5618601931159753
BRISONr_168,2015__HAN__HN_NF_RF,TRUE,1,4,-0.2955550118328771
BRISONr_168,2015__HAN__HN_WF_RF,TRUE,1,4,-0.5738507486262774
BRISONr_168,2015__HAN__LN_NF_RF,TRUE,1,4,0.08859087545371538
BRISONr_168,2015__KAL__HN_NF_RF,TRUE,0.9232988434688713,3,0.36673530187738823
BRISONr_168,2015__KAL__HN_WF_RF,TRUE,0.9232988434688713,3,-0.6626895633412384
BRISONr_168,2015__KAL__LN_NF_RF,TRUE,0.9232988434688713,3,-1.1556647235085746
BRISONr_168,2015__KIE__HN_NF_RF,TRUE,1,4,-0.5036284363775492
BRISONr_168,2015__KIE__HN_WF_RF,TRUE,1,4,-0.6112595413564619
BRISONr_168,2015__KIE__LN_NF_RF,TRUE,1,4,-0.3156605353138661
BRISONr_168,2015__QLB__HN_NF_RF,TRUE,1,4,-0.20478532654052387
BRISONr_168,2015__QLB__HN_WF_RF,TRUE,1,4,-0.44524033161550836
BRISONr_168,2015__QLB__LN_NF_RF,TRUE,1,4,-0.3878338473958649
BRISONr_168,2016__GGE__HN_NF_RF,TRUE,1,4,0.4664745256393094
BRISONr_168,2016__GGE__HN_WF_RF,TRUE,1,4,-0.1939285456352431
BRISONr_168,2016__GGE__LN_NF_RF,TRUE,1,4,0.061778440361888884
BRISONr_168,2016__HAN__HN_NF_RF,TRUE,1,4,0.474763166079781
BRISONr_168,2016__HAN__HN_WF_RF,TRUE,1,4,0.047796722176692154
BRISONr_168,2016__HAN__LN_NF_RF,TRUE,1,4,-0.10424070323149032
BRISONr_168,2016__KAL__HN_NF_RF,TRUE,1,4,-0.3071518828173843
BRISONr_168,2016__KAL__HN_WF_RF,TRUE,1,4,-0.29821131127547673
BRISONr_168,2016__KAL__LN_NF_RF,TRUE,1,4,0.1883847373456144
BRISONr_168,2016__KIE__HN_NF_RF,TRUE,1,4,-0.3469272852668146
BRISONr_168,2016__KIE__HN_WF_RF,TRUE,1,4,-0.7685787768659447
BRISONr_168,2016__KIE__LN_NF_RF,TRUE,1,4,-0.4156826950347984
BRISONr_168,2016__QLB__HN_NF_RF,TRUE,1,4,-0.4388955612113278
BRISONr_168,2016__QLB__HN_WF_RF,TRUE,1,4,-0.6412260018788705
BRISONr_168,2016__QLB__LN_NF_RF,TRUE,1,4,0.03151345364936689
BRISONr_168,2017__GGE__HN_NF_RF,TRUE,1,4,-0.23958032100235319
BRISONr_168,2017__GGE__HN_WF_RF,TRUE,1,4,-0.17789820865645928
BRISONr_168,2017__GGE__LN_NF_RF,TRUE,1,4,-0.15141156434288666
BRISONr_168,2017__HAN__HN_NF_RF,TRUE,1,4,0.20868537991057937
BRISONr_168,2017__HAN__HN_WF_RF,TRUE,1,4,-0.14148314178814145
BRISONr_168,2017__HAN__LN_NF_RF,TRUE,1,4,0.1315419567032443
BRISONr_168,2017__KAL__HN_NF_RF,TRUE,1,4,0.20659517859921533
BRISONr_168,2017__KAL__HN_WF_RF,TRUE,1,4,-0.08678672308964816
BRISONr_168,2017__KAL__LN_NF_RF,TRUE,1,4,0.36760092973841846
BRISONr_168,2017__KIE__HN_NF_RF,TRUE,1,4,-0.2363313011291594
BRISONr_168,2017__KIE__HN_WF_RF,TRUE,1,4,-0.5119793088835121
BRISONr_168,2017__KIE__LN_NF_RF,TRUE,1,4,-0.6219904086990867
BRISONr_168,2017__QLB__HN_NF_RF,TRUE,1,4,-0.3617053834934957
BRISONr_168,2017__QLB__HN_WF_RF,TRUE,1,4,-1.0346824568440476
BRISONr_168,2017__QLB__LN_NF_RF,TRUE,1,4,-0.6119347988182359
BRISONr_169,2015__GGE__HN_NF_RF,TRUE,1,4,-0.2980784789691272
BRISONr_169,2015__GGE__HN_WF_RF,TRUE,1,4,0.10214097580676175
BRISONr_169,2015__GGE__LN_NF_RF,TRUE,1,4,-0.27328354722109105
BRISONr_169,2015__HAN__HN_NF_RF,TRUE,1,4,-0.2785183644318024
BRISONr_169,2015__HAN__HN_WF_RF,TRUE,1,4,-0.3808187747043267
BRISONr_169,2015__HAN__LN_NF_RF,TRUE,1,4,-0.10471196489206075
BRISONr_169,2015__KAL__HN_NF_RF,TRUE,0.9232988434688713,3,-0.7537084113928496
BRISONr_169,2015__KAL__HN_WF_RF,TRUE,0.9232988434688713,3,0.10234462149434478
BRISONr_169,2015__KAL__LN_NF_RF,TRUE,0.9232988434688713,3,-0.29066179288402727
BRISONr_169,2015__KIE__HN_NF_RF,TRUE,1,4,-0.03608813940448676
BRISONr_169,2015__KIE__HN_WF_RF,TRUE,1,4,-0.22167854222501343
BRISONr_169,2015__KIE__LN_NF_RF,TRUE,1,4,-0.2593941898252886
BRISONr_169,2015__QLB__HN_NF_RF,TRUE,1,4,0.2175238286139096
BRISONr_169,2015__QLB__HN_WF_RF,TRUE,1,4,-0.11708420158611871
BRISONr_169,2015__QLB__LN_NF_RF,TRUE,1,4,-0.7362852677833728
BRISONr_169,2016__GGE__HN_NF_RF,TRUE,1,4,-0.5925564500047031
BRISONr_169,2016__GGE__HN_WF_RF,TRUE,1,4,-0.20172057363299709
BRISONr_169,2016__GGE__LN_NF_RF,TRUE,1,4,-0.1800168814461276
BRISONr_169,2016__HAN__HN_NF_RF,TRUE,1,4,-0.851872658662943
BRISONr_169,2016__HAN__HN_WF_RF,TRUE,1,4,-0.24792208205484462
BRISONr_169,2016__HAN__LN_NF_RF,TRUE,1,4,-0.3630173427859567
BRISONr_169,2016__KAL__HN_NF_RF,TRUE,1,4,-0.6699476832095982
BRISONr_169,2016__KAL__HN_WF_RF,TRUE,1,4,-0.15223208621850523
BRISONr_169,2016__KAL__LN_NF_RF,TRUE,1,4,-0.09888428121305559
BRISONr_169,2016__KIE__HN_NF_RF,TRUE,1,4,-0.12456564970194216
BRISONr_169,2016__KIE__HN_WF_RF,TRUE,1,4,0.3327389385075709
BRISONr_169,2016__KIE__LN_NF_RF,TRUE,1,4,-0.34233323243379143
BRISONr_169,2016__QLB__HN_NF_RF,TRUE,1,4,-0.45078081705337375
BRISONr_169,2016__QLB__HN_WF_RF,TRUE,1,4,-0.08405970215350256
BRISONr_169,2016__QLB__LN_NF_RF,TRUE,1,4,-0.20885499485985137
BRISONr_169,2017__GGE__HN_NF_RF,TRUE,1,4,0.07060583058200388
BRISONr_169,2017__GGE__HN_WF_RF,TRUE,1,4,0.00508998657385626
BRISONr_169,2017__GGE__LN_NF_RF,TRUE,1,4,0.1712179984503627
BRISONr_169,2017__HAN__HN_NF_RF,TRUE,1,4,-0.605745840693051
BRISONr_169,2017__HAN__HN_WF_RF,TRUE,1,4,-0.10496803562132759
BRISONr_169,2017__HAN__LN_NF_RF,TRUE,1,4,-0.13917229110443077
BRISONr_169,2017__KAL__HN_NF_RF,TRUE,1,4,-0.5880130659551799
BRISONr_169,2017__KAL__HN_WF_RF,TRUE,1,4,0.019940104518515068
BRISONr_169,2017__KAL__LN_NF_RF,TRUE,1,4,-0.5503127511867055
BRISONr_169,2017__KIE__HN_NF_RF,TRUE,1,4,-0.3625893653580114
BRISONr_169,2017__KIE__HN_WF_RF,TRUE,1,4,-0.2953765541025685
BRISONr_169,2017__KIE__LN_NF_RF,TRUE,1,4,-0.9009294342777635
BRISONr_169,2017__QLB__HN_NF_RF,TRUE,1,4,-0.20403864749685127
BRISONr_169,2017__QLB__HN_WF_RF,TRUE,1,4,-0.048764470833587995
BRISONr_169,2017__QLB__LN_NF_RF,TRUE,1,4,0.07853367202637315
BRISONr_17,2015__GGE__HN_NF_RF,TRUE,1,4,0.5997038369968603
BRISONr_17,2015__GGE__HN_WF_RF,TRUE,1,4,0.26988588400935554
BRISONr_17,2015__GGE__LN_NF_RF,TRUE,1,4,0.14642690669654057
BRISONr_17,2015__HAN__HN_NF_RF,TRUE,1,4,0.8170461166125758
BRISONr_17,2015__HAN__HN_WF_RF,TRUE,1,4,0.3618219148581482
BRISONr_17,2015__HAN__LN_NF_RF,TRUE,1,4,0.3170220228667446
BRISONr_17,2015__KAL__HN_NF_RF,TRUE,0.9232988434688713,3,0.673505915893207
BRISONr_17,2015__KAL__HN_WF_RF,TRUE,0.9232988434688713,3,0.734475534656194
BRISONr_17,2015__KAL__LN_NF_RF,TRUE,0.9232988434688713,3,0.27710520154515156
BRISONr_17,2015__KIE__HN_NF_RF,TRUE,1,4,0.7697511884545202
BRISONr_17,2015__KIE__HN_WF_RF,TRUE,1,4,0.38660226394454444
BRISONr_17,2015__KIE__LN_NF_RF,TRUE,1,4,0.45681486470058574
BRISONr_17,2015__QLB__HN_NF_RF,TRUE,1,4,0.33069601980919583
BRISONr_17,2015__QLB__HN_WF_RF,TRUE,1,4,0.03618535779057567
BRISONr_17,2015__QLB__LN_NF_RF,TRUE,1,4,0.37805615026447803
BRISONr_17,2016__GGE__HN_NF_RF,TRUE,1,4,0.2646899593784041
BRISONr_17,2016__GGE__HN_WF_RF,TRUE,1,4,0.021023876657609915
BRISONr_17,2016__GGE__LN_NF_RF,TRUE,1,4,0.13303947174311634
BRISONr_17,2016__HAN__HN_NF_RF,TRUE,1,4,0.6171303987643494
BRISONr_17,2016__HAN__HN_WF_RF,TRUE,1,4,0.3191845847127746
BRISONr_17,2016__HAN__LN_NF_RF,TRUE,1,4,0.4907713039474179
BRISONr_17,2016__KAL__HN_NF_RF,TRUE,1,4,0.9140853302667661
BRISONr_17,2016__KAL__HN_WF_RF,TRUE,1,4,0.21961382588618877
BRISONr_17,2016__KAL__LN_NF_RF,TRUE,1,4,0.604616177282002
BRISONr_17,2016__KIE__HN_NF_RF,TRUE,1,4,0.8646086055595649
BRISONr_17,2016__KIE__HN_WF_RF,TRUE,1,4,0.14006037073165872
BRISONr_17,2016__KIE__LN_NF_RF,TRUE,1,4,0.23153766713322563
BRISONr_17,2016__QLB__HN_NF_RF,TRUE,1,4,0.4459319964401479
BRISONr_17,2016__QLB__HN_WF_RF,TRUE,1,4,0.004223111207333086
BRISONr_17,2016__QLB__LN_NF_RF,TRUE,1,4,0.3390259876857207
BRISONr_17,2017__GGE__HN_NF_RF,TRUE,1,4,0.2873448289406017
BRISONr_17,2017__GGE__HN_WF_RF,TRUE,1,4,0.4952718011814679
BRISONr_17,2017__GGE__LN_NF_RF,TRUE,1,4,0.2957916498330519
BRISONr_17,2017__HAN__HN_NF_RF,TRUE,1,4,0.5116231866712422
BRISONr_17,2017__HAN__HN_WF_RF,TRUE,1,4,0.8383896145601825
BRISONr_17,2017__HAN__LN_NF_RF,TRUE,1,4,0.2759864677050204
BRISONr_17,2017__KAL__HN_NF_RF,TRUE,1,4,0.5284712261417286
BRISONr_17,2017__KAL__HN_WF_RF,TRUE,1,4,0.28924467696715517
BRISONr_17,2017__KAL__LN_NF_RF,TRUE,1,4,0.6063310100494202
BRISONr_17,2017__KIE__HN_NF_RF,TRUE,1,4,0.3428010409506349
BRISONr_17,2017__KIE__HN_WF_RF,TRUE,1,4,0.04538683173085124
BRISONr_17,2017__KIE__LN_NF_RF,TRUE,1,4,0.23710240317169987
BRISONr_17,2017__QLB__HN_NF_RF,TRUE,1,4,0.0484547719187554
BRISONr_17,2017__QLB__HN_WF_RF,TRUE,1,4,0.4182911141615884
BRISONr_17,2017__QLB__LN_NF_RF,TRUE,1,4,0.21167275538165747
BRISONr_170,2015__GGE__HN_NF_RF,TRUE,1,4,-1.2634077215823492
BRISONr_170,2015__GGE__HN_WF_RF,TRUE,1,4,-0.8271930576759361
BRISONr_170,2015__GGE__LN_NF_RF,TRUE,1,4,-0.6830792609616434
BRISONr_170,2015__HAN__HN_NF_RF,TRUE,1,4,-1.0298053870312613
BRISONr_170,2015__HAN__HN_WF_RF,TRUE,1,4,-1.393899024063358
BRISONr_170,2015__HAN__LN_NF_RF,TRUE,1,4,-0.5847322056129832
BRISONr_170,2015__KAL__HN_NF_RF,TRUE,0.9232988434688713,3,-0.7158735757790404
BRISONr_170,2015__KAL__HN_WF_RF,TRUE,0.9232988434688713,3,-0.24891679036358835
BRISONr_170,2015__KAL__LN_NF_RF,TRUE,0.9232988434688713,3,-1.369106603802679
BRISONr_170,2015__KIE__HN_NF_RF,TRUE,1,4,-0.6421439600360435
BRISONr_170,2015__KIE__HN_WF_RF,TRUE,1,4,-0.48435903674803893
BRISONr_170,2015__KIE__LN_NF_RF,TRUE,1,4,-0.4526807405597283
BRISONr_170,2015__QLB__HN_NF_RF,TRUE,1,4,0.028857763911853337
BRISONr_170,2015__QLB__HN_WF_RF,TRUE,1,4,-0.1548637109556818
BRISONr_170,2015__QLB__LN_NF_RF,TRUE,1,4,-0.3254624032610492
BRISONr_170,2016__GGE__HN_NF_RF,TRUE,1,4,-0.6856289507620204
BRISONr_170,2016__GGE__HN_WF_RF,TRUE,1,4,-1.1730086188860822
BRISONr_170,2016__GGE__LN_NF_RF,TRUE,1,4,-0.5948477916220634
BRISONr_170,2016__HAN__HN_NF_RF,TRUE,1,4,-1.149884656105626
BRISONr_170,2016__HAN__HN_WF_RF,TRUE,1,4,-0.31398511434098075
BRISONr_170,2016__HAN__LN_NF_RF,TRUE,1,4,-0.6103310337599095
BRISONr_170,2016__KAL__HN_NF_RF,TRUE,1,4,-1.3091607883549559
BRISONr_170,2016__KAL__HN_WF_RF,TRUE,1,4,-0.5639399590762101
BRISONr_170,2016__KAL__LN_NF_RF,TRUE,1,4,-1.3345287451789523
BRISONr_170,2016__KIE__HN_NF_RF,TRUE,1,4,-0.530109680748963
BRISONr_170,2016__KIE__HN_WF_RF,TRUE,1,4,-0.24540432124910774
BRISONr_170,2016__KIE__LN_NF_RF,TRUE,1,4,-1.2956387703406973
BRISONr_170,2016__QLB__HN_NF_RF,TRUE,1,4,-0.400745322538243
BRISONr_170,2016__QLB__HN_WF_RF,TRUE,1,4,-0.33261970412852965
BRISONr_170,2016__QLB__LN_NF_RF,TRUE,1,4,0.10750273613626865
BRISONr_170,2017__GGE__HN_NF_RF,TRUE,1,4,-0.9488606756679493
BRISONr_170,2017__GGE__HN_WF_RF,TRUE,1,4,-0.7197072837623485
BRISONr_170,2017__GGE__LN_NF_RF,TRUE,1,4,-1.3670390432458401
BRISONr_170,2017__HAN__HN_NF_RF,TRUE,1,4,-0.5865538929674761
BRISONr_170,2017__HAN__HN_WF_RF,TRUE,1,4,-0.4727030524856997
BRISONr_170,2017__HAN__LN_NF_RF,TRUE,1,4,-0.6986964702832126
BRISONr_170,2017__KAL__HN_NF_RF,TRUE,1,4,-0.8935716195580367
BRISONr_170,2017__KAL__HN_WF_RF,TRUE,1,4,-0.5362128592088548
BRISONr_170,2017__KAL__LN_NF_RF,TRUE,1,4,-1.3695146387678716
BRISONr_170,2017__KIE__HN_NF_RF,TRUE,1,4,-0.756550968415309
BRISONr_170,2017__KIE__HN_WF_RF,TRUE,1,4,-0.9288029426024199
BRISONr_170,2017__KIE__LN_NF_RF,TRUE,1,4,-1.6701679733797297
BRISONr_170,2017__QLB__HN_NF_RF,TRUE,1,4,-0.37890912234773816
BRISONr_170,2017__QLB__HN_WF_RF,TRUE,1,4,-0.8657687867709175
BRISONr_170,2017__QLB__LN_NF_RF,TRUE,1,4,-0.5288581345943504
BRISONr_171,2015__GGE__HN_NF_RF,TRUE,1,4,0.20379295144613543
BRISONr_171,2015__GGE__HN_WF_RF,TRUE,1,4,-0.15595562539389177
BRISONr_171,2015__GGE__LN_NF_RF,TRUE,1,4,0.010798951588497726
BRISONr_171,2015__HAN__HN_NF_RF,TRUE,1,4,-0.36202883711621536
BRISONr_171,2015__HAN__HN_WF_RF,TRUE,1,4,-1.3870403018771114
BRISONr_171,2015__HAN__LN_NF_RF,TRUE,1,4,-0.18384814392247403
BRISONr_171,2015__KAL__HN_NF_RF,TRUE,0.9232988434688713,3,0.9196637197566727
BRISONr_171,2015__KAL__HN_WF_RF,TRUE,0.9232988434688713,3,-0.16015466330091446
BRISONr_171,2015__KAL__LN_NF_RF,TRUE,0.9232988434688713,3,0.1529921049266257
BRISONr_171,2015__KIE__HN_NF_RF,TRUE,1,4,-0.025342968130163006
BRISONr_171,2015__KIE__HN_WF_RF,TRUE,1,4,0.33291983703104505
BRISONr_171,2015__KIE__LN_NF_RF,TRUE,1,4,0.20318259862073237
BRISONr_171,2015__QLB__HN_NF_RF,TRUE,1,4,-0.17073175059786283
BRISONr_171,2015__QLB__HN_WF_RF,TRUE,1,4,-0.2689082191734388
BRISONr_171,2015__QLB__LN_NF_RF,TRUE,1,4,0.12155989033312371
BRISONr_171,2016__GGE__HN_NF_RF,TRUE,1,4,0.14647212670406978
BRISONr_171,2016__GGE__HN_WF_RF,TRUE,1,4,-0.37374857587434435
BRISONr_171,2016__GGE__LN_NF_RF,TRUE,1,4,0.2966201376418697
BRISONr_171,2016__HAN__HN_NF_RF,TRUE,1,4,0.2770089077889195
BRISONr_171,2016__HAN__HN_WF_RF,TRUE,1,4,-0.3972599359711674
BRISONr_171,2016__HAN__LN_NF_RF,TRUE,1,4,0.5090964040108162
BRISONr_171,2016__KAL__HN_NF_RF,TRUE,1,4,-0.031564396103568634
BRISONr_171,2016__KAL__HN_WF_RF,TRUE,1,4,-0.6285632151110909
BRISONr_171,2016__KAL__LN_NF_RF,TRUE,1,4,0.15669602755654385
BRISONr_171,2016__KIE__HN_NF_RF,TRUE,1,4,-0.46082919056991634
BRISONr_171,2016__KIE__HN_WF_RF,TRUE,1,4,-0.6367688921341305
BRISONr_171,2016__KIE__LN_NF_RF,TRUE,1,4,-0.27194375400183257
BRISONr_171,2016__QLB__HN_NF_RF,TRUE,1,4,-0.7446054081910652
BRISONr_171,2016__QLB__HN_WF_RF,TRUE,1,4,-0.4916087505152102
BRISONr_171,2016__QLB__LN_NF_RF,TRUE,1,4,0.12063328494956803
BRISONr_171,2017__GGE__HN_NF_RF,TRUE,1,4,-1.0154147256352728
BRISONr_171,2017__GGE__HN_WF_RF,TRUE,1,4,-1.6038123631055003
BRISONr_171,2017__GGE__LN_NF_RF,TRUE,1,4,-1.114479477103419
BRISONr_171,2017__HAN__HN_NF_RF,TRUE,1,4,-0.7508554156480438
BRISONr_171,2017__HAN__HN_WF_RF,TRUE,1,4,-1.1465859056589225
BRISONr_171,2017__HAN__LN_NF_RF,TRUE,1,4,-0.5010266639736629
BRISONr_171,2017__KAL__HN_NF_RF,TRUE,1,4,-0.193531572475819
BRISONr_171,2017__KAL__HN_WF_RF,TRUE,1,4,-0.3338092249653983
BRISONr_171,2017__KAL__LN_NF_RF,TRUE,1,4,-0.05072197183382037
BRISONr_171,2017__KIE__HN_NF_RF,TRUE,1,4,-0.2456793074612229
BRISONr_171,2017__KIE__HN_WF_RF,TRUE,1,4,-0.8424466978618865
BRISONr_171,2017__KIE__LN_NF_RF,TRUE,1,4,0.12844938055414312
BRISONr_171,2017__QLB__HN_NF_RF,TRUE,1,4,-1.0192358119692788
BRISONr_171,2017__QLB__HN_WF_RF,TRUE,1,4,-1.9134920891796183
BRISONr_171,2017__QLB__LN_NF_RF,TRUE,1,4,-1.1648271948261728
BRISONr_172,2015__GGE__HN_NF_RF,TRUE,1,4,-1.7053920182081261
BRISONr_172,2015__GGE__HN_WF_RF,TRUE,1,4,-1.3539460735471212
BRISONr_172,2015__GGE__LN_NF_RF,TRUE,1,4,-0.9532215350930415
BRISONr_172,2015__HAN__HN_NF_RF,TRUE,1,4,-1.058089604420805
BRISONr_172,2015__HAN__HN_WF_RF,TRUE,1,4,-1.3141129630635806
BRISONr_172,2015__HAN__LN_NF_RF,TRUE,1,4,-0.7624301231769104
BRISONr_172,2015__KAL__HN_NF_RF,TRUE,0.9232988434688713,3,-1.1805811647849722
BRISONr_172,2015__KAL__HN_WF_RF,TRUE,0.9232988434688713,3,-1.1286616980973816
BRISONr_172,2015__KAL__LN_NF_RF,TRUE,0.9232988434688713,3,-1.7926680417015337
BRISONr_172,2015__KIE__HN_NF_RF,TRUE,1,4,-0.907104743168737
BRISONr_172,2015__KIE__HN_WF_RF,TRUE,1,4,-0.836050402767875
BRISONr_172,2015__KIE__LN_NF_RF,TRUE,1,4,-1.063859249001703
BRISONr_172,2015__QLB__HN_NF_RF,TRUE,1,4,-1.7775664792282304
BRISONr_172,2015__QLB__HN_WF_RF,TRUE,1,4,-1.598625786330852
BRISONr_172,2015__QLB__LN_NF_RF,TRUE,1,4,-1.3898580864538697
BRISONr_172,2016__GGE__HN_NF_RF,TRUE,1,4,-0.9855525590142049
BRISONr_172,2016__GGE__HN_WF_RF,TRUE,1,4,-1.7324977288059196
BRISONr_172,2016__GGE__LN_NF_RF,TRUE,1,4,-0.9511108248109433
BRISONr_172,2016__HAN__HN_NF_RF,TRUE,1,4,-1.4005099001919878
BRISONr_172,2016__HAN__HN_WF_RF,TRUE,1,4,-1.1231486093630152
BRISONr_172,2016__HAN__LN_NF_RF,TRUE,1,4,-0.43826845892124466
BRISONr_172,2016__KAL__HN_NF_RF,TRUE,1,4,-1.1889403268088978
BRISONr_172,2016__KAL__HN_WF_RF,TRUE,1,4,-1.1114936504094446
BRISONr_172,2016__KAL__LN_NF_RF,TRUE,1,4,-0.870655845819832
BRISONr_172,2016__KIE__HN_NF_RF,TRUE,1,4,-1.1157935000401766
BRISONr_172,2016__KIE__HN_WF_RF,TRUE,1,4,-0.9048239385046435
BRISONr_172,2016__KIE__LN_NF_RF,TRUE,1,4,-1.213517662735643
BRISONr_172,2016__QLB__HN_NF_RF,TRUE,1,4,-1.651399635251779
BRISONr_172,2016__QLB__HN_WF_RF,TRUE,1,4,-1.5265732369830005
BRISONr_172,2016__QLB__LN_NF_RF,TRUE,1,4,-1.7813976424780302
BRISONr_172,2017__GGE__HN_NF_RF,TRUE,1,4,-1.2499396739004578
BRISONr_172,2017__GGE__HN_WF_RF,TRUE,1,4,-1.5807419928730537
BRISONr_172,2017__GGE__LN_NF_RF,TRUE,1,4,-0.9162759891740164
BRISONr_172,2017__HAN__HN_NF_RF,TRUE,1,4,-1.2163340928250568
BRISONr_172,2017__HAN__HN_WF_RF,TRUE,1,4,-1.341776483287151
BRISONr_172,2017__HAN__LN_NF_RF,TRUE,1,4,-0.9775319344926131
BRISONr_172,2017__KAL__HN_NF_RF,TRUE,1,4,-1.4351281590229499
BRISONr_172,2017__KAL__HN_WF_RF,TRUE,1,4,-0.9636245632585981
BRISONr_172,2017__KAL__LN_NF_RF,TRUE,1,4,-1.1328363074748131
BRISONr_172,2017__KIE__HN_NF_RF,TRUE,1,4,-0.82275906024656
BRISONr_172,2017__KIE__HN_WF_RF,TRUE,1,4,-0.8733787027357285
BRISONr_172,2017__KIE__LN_NF_RF,TRUE,1,4,-0.6447115638875667
BRISONr_172,2017__QLB__HN_NF_RF,TRUE,1,4,-1.215708326756045
BRISONr_172,2017__QLB__HN_WF_RF,TRUE,1,4,-1.3739221046591568
BRISONr_172,2017__QLB__LN_NF_RF,TRUE,1,4,-1.3578208797466627
BRISONr_173,2015__GGE__HN_NF_RF,TRUE,1,4,-0.9006461013840226
BRISONr_173,2015__GGE__HN_WF_RF,TRUE,1,4,-0.3112818223575661
BRISONr_173,2015__GGE__LN_NF_RF,TRUE,1,4,-0.3781158681924947
BRISONr_173,2015__HAN__HN_NF_RF,TRUE,1,4,-0.9280050812748126
BRISONr_173,2015__HAN__HN_WF_RF,TRUE,1,4,-0.6477508986220811
BRISONr_173,2015__HAN__LN_NF_RF,TRUE,1,4,-0.7052732680721259
BRISONr_173,2015__KAL__HN_NF_RF,TRUE,0.9232988434688713,3,-1.7160176151075792
BRISONr_173,2015__KAL__HN_WF_RF,TRUE,0.9232988434688713,3,-1.0382280459193345
BRISONr_173,2015__KAL__LN_NF_RF,TRUE,0.9232988434688713,3,-1.3330498941292703
BRISONr_173,2015__KIE__HN_NF_RF,TRUE,1,4,-0.07023301908606608
BRISONr_173,2015__KIE__HN_WF_RF,TRUE,1,4,-0.05318925525870983
BRISONr_173,2015__KIE__LN_NF_RF,TRUE,1,4,0.06370081119811674
BRISONr_173,2015__QLB__HN_NF_RF,TRUE,1,4,-0.8363883833560373
BRISONr_173,2015__QLB__HN_WF_RF,TRUE,1,4,-0.13351880350133344
BRISONr_173,2015__QLB__LN_NF_RF,TRUE,1,4,-0.6404598768164421
BRISONr_173,2016__GGE__HN_NF_RF,TRUE,1,4,0.25928736262362845
BRISONr_173,2016__GGE__HN_WF_RF,TRUE,1,4,-0.03792053188991928
BRISONr_173,2016__GGE__LN_NF_RF,TRUE,1,4,0.1637926800574131
BRISONr_173,2016__HAN__HN_NF_RF,TRUE,1,4,-0.27414255129988896
BRISONr_173,2016__HAN__HN_WF_RF,TRUE,1,4,-0.0578073789243798
BRISONr_173,2016__HAN__LN_NF_RF,TRUE,1,4,0.13591110881028584
BRISONr_173,2016__KAL__HN_NF_RF,TRUE,1,4,-0.6556481521903308
BRISONr_173,2016__KAL__HN_WF_RF,TRUE,1,4,-0.29370637262650745
BRISONr_173,2016__KAL__LN_NF_RF,TRUE,1,4,-0.41001494952332435
BRISONr_173,2016__KIE__HN_NF_RF,TRUE,1,4,-0.022598773926916286
BRISONr_173,2016__KIE__HN_WF_RF,TRUE,1,4,0.0677589021565338
BRISONr_173,2016__KIE__LN_NF_RF,TRUE,1,4,-0.2710341192736339
BRISONr_173,2016__QLB__HN_NF_RF,TRUE,1,4,-0.14184393809958037
BRISONr_173,2016__QLB__HN_WF_RF,TRUE,1,4,0.3358153256886014
BRISONr_173,2016__QLB__LN_NF_RF,TRUE,1,4,0.10063041758680355
BRISONr_173,2017__GGE__HN_NF_RF,TRUE,1,4,-0.6065581319361294
BRISONr_173,2017__GGE__HN_WF_RF,TRUE,1,4,-0.24401177428096005
BRISONr_173,2017__GGE__LN_NF_RF,TRUE,1,4,0.05240253921850232
BRISONr_173,2017__HAN__HN_NF_RF,TRUE,1,4,0.06548542569113214
BRISONr_173,2017__HAN__HN_WF_RF,TRUE,1,4,-0.29838563635145593
BRISONr_173,2017__HAN__LN_NF_RF,TRUE,1,4,-0.3898794387674714
BRISONr_173,2017__KAL__HN_NF_RF,TRUE,1,4,-0.7387737085008106
BRISONr_173,2017__KAL__HN_WF_RF,TRUE,1,4,-0.4768272019378068
BRISONr_173,2017__KAL__LN_NF_RF,TRUE,1,4,-0.8622471784436333
BRISONr_173,2017__KIE__HN_NF_RF,TRUE,1,4,-0.14632392642077366
BRISONr_173,2017__KIE__HN_WF_RF,TRUE,1,4,0.13609897692034623
BRISONr_173,2017__KIE__LN_NF_RF,TRUE,1,4,-0.015502398296313736
BRISONr_173,2017__QLB__HN_NF_RF,TRUE,1,4,-0.18056000170324082
BRISONr_173,2017__QLB__HN_WF_RF,TRUE,1,4,-0.2507870823316239
BRISONr_173,2017__QLB__LN_NF_RF,TRUE,1,4,-0.4436370350351826
BRISONr_174,2015__GGE__HN_NF_RF,TRUE,1,4,-0.16257977468104975
BRISONr_174,2015__GGE__HN_WF_RF,TRUE,1,4,-0.4221584981150454
BRISONr_174,2015__GGE__LN_NF_RF,TRUE,1,4,-0.5518017859680265
BRISONr_174,2015__HAN__HN_NF_RF,TRUE,1,4,-0.08759338037819062
BRISONr_174,2015__HAN__HN_WF_RF,TRUE,1,4,-0.8551878965205646
BRISONr_174,2015__HAN__LN_NF_RF,TRUE,1,4,-0.5749830871762343
BRISONr_174,2015__KAL__HN_NF_RF,TRUE,0.9232988434688713,3,-0.8579821213685188
BRISONr_174,2015__KAL__HN_WF_RF,TRUE,0.9232988434688713,3,-1.625172794579489
BRISONr_174,2015__KAL__LN_NF_RF,TRUE,0.9232988434688713,3,-1.4532764055691636
BRISONr_174,2015__KIE__HN_NF_RF,TRUE,1,4,-0.34949561416651403
BRISONr_174,2015__KIE__HN_WF_RF,TRUE,1,4,-0.4748584831514745
BRISONr_174,2015__KIE__LN_NF_RF,TRUE,1,4,-0.10826228873933602
BRISONr_174,2015__QLB__HN_NF_RF,TRUE,1,4,-0.7536230760936891
BRISONr_174,2015__QLB__HN_WF_RF,TRUE,1,4,-0.4126871420563688
BRISONr_174,2015__QLB__LN_NF_RF,TRUE,1,4,-0.8942812708109713
BRISONr_174,2016__GGE__HN_NF_RF,TRUE,1,4,1.100574966047802
BRISONr_174,2016__GGE__HN_WF_RF,TRUE,1,4,0.06257316976935964
BRISONr_174,2016__GGE__LN_NF_RF,TRUE,1,4,0.2468482646103671
BRISONr_174,2016__HAN__HN_NF_RF,TRUE,1,4,0.8644195498427508
BRISONr_174,2016__HAN__HN_WF_RF,TRUE,1,4,0.06310943200210478
BRISONr_174,2016__HAN__LN_NF_RF,TRUE,1,4,-0.3197005726957822
BRISONr_174,2016__KAL__HN_NF_RF,TRUE,1,4,0.8797392955794581
BRISONr_174,2016__KAL__HN_WF_RF,TRUE,1,4,-0.09935098615552915
BRISONr_174,2016__KAL__LN_NF_RF,TRUE,1,4,0.3363866996924232
BRISONr_174,2016__KIE__HN_NF_RF,TRUE,1,4,-0.0662266665797698
BRISONr_174,2016__KIE__HN_WF_RF,TRUE,1,4,-0.11680652190326214
BRISONr_174,2016__KIE__LN_NF_RF,TRUE,1,4,-1.0171253371056517
BRISONr_174,2016__QLB__HN_NF_RF,TRUE,1,4,-0.18204737646696095
BRISONr_174,2016__QLB__HN_WF_RF,TRUE,1,4,-0.019208348645421914
BRISONr_174,2016__QLB__LN_NF_RF,TRUE,1,4,0.3370149512381732
BRISONr_174,2017__GGE__HN_NF_RF,TRUE,1,4,-0.6695256136031889
BRISONr_174,2017__GGE__HN_WF_RF,TRUE,1,4,-0.539282967090916
BRISONr_174,2017__GGE__LN_NF_RF,TRUE,1,4,-0.9901370970192753
BRISONr_174,2017__HAN__HN_NF_RF,TRUE,1,4,0.4712883480154419
BRISONr_174,2017__HAN__HN_WF_RF,TRUE,1,4,-0.02428315967449576
BRISONr_174,2017__HAN__LN_NF_RF,TRUE,1,4,-0.7660183070978968
BRISONr_174,2017__KAL__HN_NF_RF,TRUE,1,4,-0.22111104988057798
BRISONr_174,2017__KAL__HN_WF_RF,TRUE,1,4,-0.5378417251490606
BRISONr_174,2017__KAL__LN_NF_RF,TRUE,1,4,-0.7383267904954882
BRISONr_174,2017__KIE__HN_NF_RF,TRUE,1,4,-0.03702645151770291
BRISONr_174,2017__KIE__HN_WF_RF,TRUE,1,4,-0.31668247079968825
BRISONr_174,2017__KIE__LN_NF_RF,TRUE,1,4,-0.7309142080820635
BRISONr_174,2017__QLB__HN_NF_RF,TRUE,1,4,-0.2892101773133065
BRISONr_174,2017__QLB__HN_WF_RF,TRUE,1,4,-0.34103492864706897
BRISONr_174,2017__QLB__LN_NF_RF,TRUE,1,4,-0.6694247840356562
BRISONr_175,2015__GGE__HN_NF_RF,TRUE,1,4,-1.4846175847311347
BRISONr_175,2015__GGE__HN_WF_RF,TRUE,1,4,-0.8534098773782297
BRISONr_175,2015__GGE__LN_NF_RF,TRUE,1,4,-0.5481552057572457
BRISONr_175,2015__HAN__HN_NF_RF,TRUE,1,4,-0.6798097523177677
BRISONr_175,2015__HAN__HN_WF_RF,TRUE,1,4,-1.2602136826374095
BRISONr_175,2015__HAN__LN_NF_RF,TRUE,1,4,-0.6541209876942423
BRISONr_175,2015__KAL__HN_NF_RF,TRUE,0.9232988434688713,3,-1.3018754591715906
BRISONr_175,2015__KAL__HN_WF_RF,TRUE,0.9232988434688713,3,-1.1106201665023594
BRISONr_175,2015__KAL__LN_NF_RF,TRUE,0.9232988434688713,3,-1.5992539062016384
BRISONr_175,2015__KIE__HN_NF_RF,TRUE,1,4,-1.1959117142402473
BRISONr_175,2015__KIE__HN_WF_RF,TRUE,1,4,-1.4416377528693416
BRISONr_175,2015__KIE__LN_NF_RF,TRUE,1,4,-0.7190538595642364
BRISONr_175,2015__QLB__HN_NF_RF,TRUE,1,4,-0.811656981840494
BRISONr_175,2015__QLB__HN_WF_RF,TRUE,1,4,-0.627581337876588
BRISONr_175,2015__QLB__LN_NF_RF,TRUE,1,4,-0.9625994397951373
BRISONr_175,2016__GGE__HN_NF_RF,TRUE,1,4,-0.8045137091145638
BRISONr_175,2016__GGE__HN_WF_RF,TRUE,1,4,-0.7869407886637391
BRISONr_175,2016__GGE__LN_NF_RF,TRUE,1,4,-0.717065294409298
BRISONr_175,2016__HAN__HN_NF_RF,TRUE,1,4,-1.005409040937939
BRISONr_175,2016__HAN__HN_WF_RF,TRUE,1,4,-0.2430425213238874
BRISONr_175,2016__HAN__LN_NF_RF,TRUE,1,4,-0.017812800232070325
BRISONr_175,2016__KAL__HN_NF_RF,TRUE,1,4,-1.2649457432055304
BRISONr_175,2016__KAL__HN_WF_RF,TRUE,1,4,-0.3832460476371859
BRISONr_175,2016__KAL__LN_NF_RF,TRUE,1,4,-0.21020598322108874
BRISONr_175,2016__KIE__HN_NF_RF,TRUE,1,4,-1.576011147446879
BRISONr_175,2016__KIE__HN_WF_RF,TRUE,1,4,-0.6877367445440931
BRISONr_175,2016__KIE__LN_NF_RF,TRUE,1,4,-0.9412508253102034
BRISONr_175,2016__QLB__HN_NF_RF,TRUE,1,4,-1.298150128491678
BRISONr_175,2016__QLB__HN_WF_RF,TRUE,1,4,-0.4866707725253192
BRISONr_175,2016__QLB__LN_NF_RF,TRUE,1,4,-0.7347305747305389
BRISONr_175,2017__GGE__HN_NF_RF,TRUE,1,4,-0.9557931713246836
BRISONr_175,2017__GGE__HN_WF_RF,TRUE,1,4,-0.25204945474868096
BRISONr_175,2017__GGE__LN_NF_RF,TRUE,1,4,-0.9854865633692675
BRISONr_175,2017__HAN__HN_NF_RF,TRUE,1,4,-0.8813727606470229
BRISONr_175,2017__HAN__HN_WF_RF,TRUE,1,4,-0.2619740217937319
BRISONr_175,2017__HAN__LN_NF_RF,TRUE,1,4,-0.5804927985423929
BRISONr_175,2017__KAL__HN_NF_RF,TRUE,1,4,-1.1161566538851644
BRISONr_175,2017__KAL__HN_WF_RF,TRUE,1,4,-0.5717380831490365
BRISONr_175,2017__KAL__LN_NF_RF,TRUE,1,4,-1.2122616804650306
BRISONr_175,2017__KIE__HN_NF_RF,TRUE,1,4,-0.9618168961380403
BRISONr_175,2017__KIE__HN_WF_RF,TRUE,1,4,-0.5119546019313025
BRISONr_175,2017__KIE__LN_NF_RF,TRUE,1,4,-0.5488759922911142
BRISONr_175,2017__QLB__HN_NF_RF,TRUE,1,4,-1.2110249043760024
BRISONr_175,2017__QLB__HN_WF_RF,TRUE,1,4,-1.3179830292388237
BRISONr_175,2017__QLB__LN_NF_RF,TRUE,1,4,-1.2199694719406613
BRISONr_176,2015__GGE__HN_NF_RF,TRUE,1,4,-0.5612993471815568
BRISONr_176,2015__GGE__HN_WF_RF,TRUE,1,4,-0.3079697579262206
BRISONr_176,2015__GGE__LN_NF_RF,TRUE,1,4,-0.55852717966897
BRISONr_176,2015__HAN__HN_NF_RF,TRUE,1,4,-1.0112090957782103
BRISONr_176,2015__HAN__HN_WF_RF,TRUE,1,4,-0.8827520484267484
BRISONr_176,2015__HAN__LN_NF_RF,TRUE,1,4,-1.0049487959877628
BRISONr_176,2015__KAL__HN_NF_RF,TRUE,0.9232988434688713,3,-0.5714453441490341
BRISONr_176,2015__KAL__HN_WF_RF,TRUE,0.9232988434688713,3,-0.2945911876178586
BRISONr_176,2015__KAL__LN_NF_RF,TRUE,0.9232988434688713,3,-1.2281026703110978
BRISONr_176,2015__KIE__HN_NF_RF,TRUE,1,4,-0.319321316823377
BRISONr_176,2015__KIE__HN_WF_RF,TRUE,1,4,0.09982094493320254
BRISONr_176,2015__KIE__LN_NF_RF,TRUE,1,4,-0.7802542721419508
BRISONr_176,2015__QLB__HN_NF_RF,TRUE,1,4,0.34686648712108925
BRISONr_176,2015__QLB__HN_WF_RF,TRUE,1,4,-0.0010769696015402834
BRISONr_176,2015__QLB__LN_NF_RF,TRUE,1,4,0.07276726360720913
BRISONr_176,2016__GGE__HN_NF_RF,TRUE,1,4,0.43722065309335845
BRISONr_176,2016__GGE__HN_WF_RF,TRUE,1,4,0.12123541987133704
BRISONr_176,2016__GGE__LN_NF_RF,TRUE,1,4,0.01697003964537559
BRISONr_176,2016__HAN__HN_NF_RF,TRUE,1,4,-0.22600186102142072
BRISONr_176,2016__HAN__HN_WF_RF,TRUE,1,4,-0.07024671201177886
BRISONr_176,2016__HAN__LN_NF_RF,TRUE,1,4,-0.5708178513831608
BRISONr_176,2016__KAL__HN_NF_RF,TRUE,1,4,0.1585248219202167
BRISONr_176,2016__KAL__HN_WF_RF,TRUE,1,4,-0.18448960349298738
BRISONr_176,2016__KAL__LN_NF_RF,TRUE,1,4,-0.5969780257910855
BRISONr_176,2016__KIE__HN_NF_RF,TRUE,1,4,-0.2868809424403446
BRISONr_176,2016__KIE__HN_WF_RF,TRUE,1,4,-0.535329012550792
BRISONr_176,2016__KIE__LN_NF_RF,TRUE,1,4,-1.0821416384785136
BRISONr_176,2016__QLB__HN_NF_RF,TRUE,1,4,-0.46568688788501483
BRISONr_176,2016__QLB__HN_WF_RF,TRUE,1,4,0.11414901145682047
BRISONr_176,2016__QLB__LN_NF_RF,TRUE,1,4,0.16524361238119148
BRISONr_176,2017__GGE__HN_NF_RF,TRUE,1,4,-0.049118053531638214
BRISONr_176,2017__GGE__HN_WF_RF,TRUE,1,4,-0.02524213344329151
BRISONr_176,2017__GGE__LN_NF_RF,TRUE,1,4,-0.6204119241306779
BRISONr_176,2017__HAN__HN_NF_RF,TRUE,1,4,-0.3230070743919518
BRISONr_176,2017__HAN__HN_WF_RF,TRUE,1,4,-0.10018973184533668
BRISONr_176,2017__HAN__LN_NF_RF,TRUE,1,4,-0.3797874535625729
BRISONr_176,2017__KAL__HN_NF_RF,TRUE,1,4,-0.701692646684071
BRISONr_176,2017__KAL__HN_WF_RF,TRUE,1,4,-0.40385103139742384
BRISONr_176,2017__KAL__LN_NF_RF,TRUE,1,4,-0.9928991184527927
BRISONr_176,2017__KIE__HN_NF_RF,TRUE,1,4,0.2190185609258589
BRISONr_176,2017__KIE__HN_WF_RF,TRUE,1,4,-0.1293437567204029
BRISONr_176,2017__KIE__LN_NF_RF,TRUE,1,4,-0.6554573166630663
BRISONr_176,2017__QLB__HN_NF_RF,TRUE,1,4,0.19028097525203178
BRISONr_176,2017__QLB__HN_WF_RF,TRUE,1,4,-0.10184287523013669
BRISONr_176,2017__QLB__LN_NF_RF,TRUE,1,4,-0.15506008858638318
BRISONr_177,2015__GGE__HN_NF_RF,TRUE,1,4,0.32187118968288536
BRISONr_177,2015__GGE__HN_WF_RF,TRUE,1,4,-0.25709091259357425
BRISONr_177,2015__GGE__LN_NF_RF,TRUE,1,4,0.0720560955471945
BRISONr_177,2015__HAN__HN_NF_RF,TRUE,1,4,0.8140343018388625
BRISONr_177,2015__HAN__HN_WF_RF,TRUE,1,4,0.47224121395521446
BRISONr_177,2015__HAN__LN_NF_RF,TRUE,1,4,-0.05084190063983339
BRISONr_177,2015__KAL__HN_NF_RF,TRUE,0.9232988434688713,3,0.3341353529491785
BRISONr_177,2015__KAL__HN_WF_RF,TRUE,0.9232988434688713,3,-0.11811793159736719
BRISONr_177,2015__KAL__LN_NF_RF,TRUE,0.9232988434688713,3,0.13561286652485346
BRISONr_177,2015__KIE__HN_NF_RF,TRUE,1,4,0.22065783584295223
BRISONr_177,2015__KIE__HN_WF_RF,TRUE,1,4,-0.4084241303119793
BRISONr_177,2015__KIE__LN_NF_RF,TRUE,1,4,0.053666706090780315
BRISONr_177,2015__QLB__HN_NF_RF,TRUE,1,4,0.5465077108409047
BRISONr_177,2015__QLB__HN_WF_RF,TRUE,1,4,0.04647770624775825
BRISONr_177,2015__QLB__LN_NF_RF,TRUE,1,4,0.4885264393650672
BRISONr_177,2016__GGE__HN_NF_RF,TRUE,1,4,0.18968925761299674
BRISONr_177,2016__GGE__HN_WF_RF,TRUE,1,4,0.22714686049388594
BRISONr_177,2016__GGE__LN_NF_RF,TRUE,1,4,-0.06725499792463334
BRISONr_177,2016__HAN__HN_NF_RF,TRUE,1,4,0.3654698462869295
BRISONr_177,2016__HAN__HN_WF_RF,TRUE,1,4,0.18362247903981757
BRISONr_177,2016__HAN__LN_NF_RF,TRUE,1,4,-0.024131733694441868
BRISONr_177,2016__KAL__HN_NF_RF,TRUE,1,4,1.1952492126938896
BRISONr_177,2016__KAL__HN_WF_RF,TRUE,1,4,0.2448759574615763
BRISONr_177,2016__KAL__LN_NF_RF,TRUE,1,4,0.30743079298249404
BRISONr_177,2016__KIE__HN_NF_RF,TRUE,1,4,0.3169725438666031
BRISONr_177,2016__KIE__HN_WF_RF,TRUE,1,4,-0.014893137592539789
BRISONr_177,2016__KIE__LN_NF_RF,TRUE,1,4,-0.5404341895272894
BRISONr_177,2016__QLB__HN_NF_RF,TRUE,1,4,-0.3784414276027213
BRISONr_177,2016__QLB__HN_WF_RF,TRUE,1,4,0.20039767859593302
BRISONr_177,2016__QLB__LN_NF_RF,TRUE,1,4,-0.8396788451453105
BRISONr_177,2017__GGE__HN_NF_RF,TRUE,1,4,0.2723711352141689
BRISONr_177,2017__GGE__HN_WF_RF,TRUE,1,4,0.245638493701745
BRISONr_177,2017__GGE__LN_NF_RF,TRUE,1,4,0.369690749355229
BRISONr_177,2017__HAN__HN_NF_RF,TRUE,1,4,0.33373671583038483
BRISONr_177,2017__HAN__HN_WF_RF,TRUE,1,4,-0.39205411234100973
BRISONr_177,2017__HAN__LN_NF_RF,TRUE,1,4,-0.06414983675294189
BRISONr_177,2017__KAL__HN_NF_RF,TRUE,1,4,0.571196090068017
BRISONr_177,2017__KAL__HN_WF_RF,TRUE,1,4,-0.02582455590596449
BRISONr_177,2017__KAL__LN_NF_RF,TRUE,1,4,1.0320793504702477
BRISONr_177,2017__KIE__HN_NF_RF,TRUE,1,4,0.3260665845456385
BRISONr_177,2017__KIE__HN_WF_RF,TRUE,1,4,0.2644910406973516
BRISONr_177,2017__KIE__LN_NF_RF,TRUE,1,4,-0.6066690496598166
BRISONr_177,2017__QLB__HN_NF_RF,TRUE,1,4,-0.16129978737214923
BRISONr_177,2017__QLB__HN_WF_RF,TRUE,1,4,-0.08323274174642328
BRISONr_177,2017__QLB__LN_NF_RF,TRUE,1,4,-0.9581125101255881
BRISONr_178,2015__GGE__HN_NF_RF,TRUE,1,4,-0.027806583858704964
BRISONr_178,2015__GGE__HN_WF_RF,TRUE,1,4,-0.013652127647233316
BRISONr_178,2015__GGE__LN_NF_RF,TRUE,1,4,-0.26327044470576605
BRISONr_178,2015__HAN__HN_NF_RF,TRUE,1,4,-0.128171087637509
BRISONr_178,2015__HAN__HN_WF_RF,TRUE,1,4,0.012588736070858295
BRISONr_178,2015__HAN__LN_NF_RF,TRUE,1,4,0.09054132725576225
BRISONr_178,2015__KAL__HN_NF_RF,TRUE,0.9232988434688713,3,-0.38196164327863935
BRISONr_178,2015__KAL__HN_WF_RF,TRUE,0.9232988434688713,3,-0.09669023386088597
BRISONr_178,2015__KAL__LN_NF_RF,TRUE,0.9232988434688713,3,1.1058028886232847
BRISONr_178,2015__KIE__HN_NF_RF,TRUE,1,4,0.4734760851722479
BRISONr_178,2015__KIE__HN_WF_RF,TRUE,1,4,0.7297282437619806
BRISONr_178,2015__KIE__LN_NF_RF,TRUE,1,4,0.37841850173752506
BRISONr_178,2015__QLB__HN_NF_RF,TRUE,1,4,0.4031951829759127
BRISONr_178,2015__QLB__HN_WF_RF,TRUE,1,4,0.13643913331556418
BRISONr_178,2015__QLB__LN_NF_RF,TRUE,1,4,0.24470718606818884
BRISONr_178,2016__GGE__HN_NF_RF,TRUE,1,4,0.44260421562488483
BRISONr_178,2016__GGE__HN_WF_RF,TRUE,1,4,0.24878012234595137
BRISONr_178,2016__GGE__LN_NF_RF,TRUE,1,4,-0.21064388602820852
BRISONr_178,2016__HAN__HN_NF_RF,TRUE,1,4,0.2158430583301188
BRISONr_178,2016__HAN__HN_WF_RF,TRUE,1,4,-0.07723945157037096
BRISONr_178,2016__HAN__LN_NF_RF,TRUE,1,4,-0.2767256023206622
BRISONr_178,2016__KAL__HN_NF_RF,TRUE,1,4,0.038975583420243286
BRISONr_178,2016__KAL__HN_WF_RF,TRUE,1,4,-0.0826405223563956
BRISONr_178,2016__KAL__LN_NF_RF,TRUE,1,4,-0.1534843167571677
BRISONr_178,2016__KIE__HN_NF_RF,TRUE,1,4,0.21393348255939487
BRISONr_178,2016__KIE__HN_WF_RF,TRUE,1,4,0.342750687489701
BRISONr_178,2016__KIE__LN_NF_RF,TRUE,1,4,-0.05978467482896853
BRISONr_178,2016__QLB__HN_NF_RF,TRUE,1,4,0.2395500447033388
BRISONr_178,2016__QLB__HN_WF_RF,TRUE,1,4,0.3091111917160925
BRISONr_178,2016__QLB__LN_NF_RF,TRUE,1,4,-0.19553838143374402
BRISONr_178,2017__GGE__HN_NF_RF,TRUE,1,4,-0.3775174057493007
BRISONr_178,2017__GGE__HN_WF_RF,TRUE,1,4,0.03149171598263906
BRISONr_178,2017__GGE__LN_NF_RF,TRUE,1,4,-0.5500411617873403
BRISONr_178,2017__HAN__HN_NF_RF,TRUE,1,4,-0.14143748709920706
BRISONr_178,2017__HAN__HN_WF_RF,TRUE,1,4,-0.7317553281646393
BRISONr_178,2017__HAN__LN_NF_RF,TRUE,1,4,-0.26722542154302276
BRISONr_178,2017__KAL__HN_NF_RF,TRUE,1,4,-0.06650837626860541
BRISONr_178,2017__KAL__HN_WF_RF,TRUE,1,4,-0.1842285293549654
BRISONr_178,2017__KAL__LN_NF_RF,TRUE,1,4,0.8637104252843978
BRISONr_178,2017__KIE__HN_NF_RF,TRUE,1,4,0.3405264290532173
BRISONr_178,2017__KIE__HN_WF_RF,TRUE,1,4,-0.19094533034945285
BRISONr_178,2017__KIE__LN_NF_RF,TRUE,1,4,-0.4666254063913593
BRISONr_178,2017__QLB__HN_NF_RF,TRUE,1,4,0.2598178386683888
BRISONr_178,2017__QLB__HN_WF_RF,TRUE,1,4,0.5404840768455762
BRISONr_178,2017__QLB__LN_NF_RF,TRUE,1,4,-0.12616936004224658
BRISONr_179,2015__GGE__HN_NF_RF,TRUE,1,4,0.30269867815580387
BRISONr_179,2015__GGE__HN_WF_RF,TRUE,1,4,0.011085463440950051
BRISONr_179,2015__GGE__LN_NF_RF,TRUE,1,4,-0.5104847490556971
BRISONr_179,2015__HAN__HN_NF_RF,TRUE,1,4,0.1722942244438489
BRISONr_179,2015__HAN__HN_WF_RF,TRUE,1,4,0.5486749768449959
BRISONr_179,2015__HAN__LN_NF_RF,TRUE,1,4,0.147023492306536
BRISONr_179,2015__KAL__HN_NF_RF,TRUE,0.9232988434688713,3,0.6192706412525764
BRISONr_179,2015__KAL__HN_WF_RF,TRUE,0.9232988434688713,3,0.14610848629451748
BRISONr_179,2015__KAL__LN_NF_RF,TRUE,0.9232988434688713,3,-0.07287770744744018
BRISONr_179,2015__KIE__HN_NF_RF,TRUE,1,4,-0.01742548069304755
BRISONr_179,2015__KIE__HN_WF_RF,TRUE,1,4,-0.15914241251762556
BRISONr_179,2015__KIE__LN_NF_RF,TRUE,1,4,0.4612505673854185
BRISONr_179,2015__QLB__HN_NF_RF,TRUE,1,4,-0.03870972134263051
BRISONr_179,2015__QLB__HN_WF_RF,TRUE,1,4,-0.5550791533285228
BRISONr_179,2015__QLB__LN_NF_RF,TRUE,1,4,0.21405007228440398
BRISONr_179,2016__GGE__HN_NF_RF,TRUE,1,4,-0.18407124498736868
BRISONr_179,2016__GGE__HN_WF_RF,TRUE,1,4,0.33882510616505257
BRISONr_179,2016__GGE__LN_NF_RF,TRUE,1,4,-0.029279620334993907
BRISONr_179,2016__HAN__HN_NF_RF,TRUE,1,4,0.41065454538552704
BRISONr_179,2016__HAN__HN_WF_RF,TRUE,1,4,0.055116258431568664
BRISONr_179,2016__HAN__LN_NF_RF,TRUE,1,4,-0.2550646826031198
BRISONr_179,2016__KAL__HN_NF_RF,TRUE,1,4,0.44811508793870947
BRISONr_179,2016__KAL__HN_WF_RF,TRUE,1,4,0.40014434623044803
BRISONr_179,2016__KAL__LN_NF_RF,TRUE,1,4,-0.07085706382559502
BRISONr_179,2016__KIE__HN_NF_RF,TRUE,1,4,-0.12808046117874014
BRISONr_179,2016__KIE__HN_WF_RF,TRUE,1,4,-0.02754265101734106
BRISONr_179,2016__KIE__LN_NF_RF,TRUE,1,4,-0.24362951994521959
BRISONr_179,2016__QLB__HN_NF_RF,TRUE,1,4,0.4370605043532761
BRISONr_179,2016__QLB__HN_WF_RF,TRUE,1,4,-0.17304177238498264
BRISONr_179,2016__QLB__LN_NF_RF,TRUE,1,4,0.12392647922245272
BRISONr_179,2017__GGE__HN_NF_RF,TRUE,1,4,0.2631131237008871
BRISONr_179,2017__GGE__HN_WF_RF,TRUE,1,4,0.23809863172330323
BRISONr_179,2017__GGE__LN_NF_RF,TRUE,1,4,0.2052207655243493
BRISONr_179,2017__HAN__HN_NF_RF,TRUE,1,4,-0.04919704236414975
BRISONr_179,2017__HAN__HN_WF_RF,TRUE,1,4,-0.02628330959484272
BRISONr_179,2017__HAN__LN_NF_RF,TRUE,1,4,0.7073318828881142
BRISONr_179,2017__KAL__HN_NF_RF,TRUE,1,4,-0.014130101239689864
BRISONr_179,2017__KAL__HN_WF_RF,TRUE,1,4,-0.0058887062021838205
BRISONr_179,2017__KAL__LN_NF_RF,TRUE,1,4,0.12724280070050625
BRISONr_179,2017__KIE__HN_NF_RF,TRUE,1,4,0.10596781949326435
BRISONr_179,2017__KIE__HN_WF_RF,TRUE,1,4,-0.04328190785902553
BRISONr_179,2017__KIE__LN_NF_RF,TRUE,1,4,0.42546569180208677
BRISONr_179,2017__QLB__HN_NF_RF,TRUE,1,4,0.46807544417918917
BRISONr_179,2017__QLB__HN_WF_RF,TRUE,1,4,0.5830542415841965
BRISONr_179,2017__QLB__LN_NF_RF,TRUE,1,4,-0.1866459280052324
BRISONr_18,2015__GGE__HN_NF_RF,TRUE,1,4,-0.2080553707071234
BRISONr_18,2015__GGE__HN_WF_RF,TRUE,1,4,0.4267591888913348
BRISONr_18,2015__GGE__LN_NF_RF,TRUE,1,4,0.1357234524911707
BRISONr_18,2015__HAN__HN_NF_RF,TRUE,1,4,-0.5452908648134372
BRISONr_18,2015__HAN__HN_WF_RF,TRUE,1,4,0.002280215805276528
BRISONr_18,2015__HAN__LN_NF_RF,TRUE,1,4,-0.07453084625748574
BRISONr_18,2015__KAL__HN_NF_RF,TRUE,0.9232988434688713,3,-0.22333383619965558
BRISONr_18,2015__KAL__HN_WF_RF,TRUE,0.9232988434688713,3,0.9466071312270103
BRISONr_18,2015__KAL__LN_NF_RF,TRUE,0.9232988434688713,3,0.39341376896865254
BRISONr_18,2015__KIE__HN_NF_RF,TRUE,1,4,0.16573119774379966
BRISONr_18,2015__KIE__HN_WF_RF,TRUE,1,4,-0.13990735183252825
BRISONr_18,2015__KIE__LN_NF_RF,TRUE,1,4,-0.02560599007581897
BRISONr_18,2015__QLB__HN_NF_RF,TRUE,1,4,-0.2195941087540152
BRISONr_18,2015__QLB__HN_WF_RF,TRUE,1,4,0.3438248000490109
BRISONr_18,2015__QLB__LN_NF_RF,TRUE,1,4,-0.03268234470993942
BRISONr_18,2016__GGE__HN_NF_RF,TRUE,1,4,-0.28025947687398733
BRISONr_18,2016__GGE__HN_WF_RF,TRUE,1,4,0.23587064468608668
BRISONr_18,2016__GGE__LN_NF_RF,TRUE,1,4,0.13657380580958062
BRISONr_18,2016__HAN__HN_NF_RF,TRUE,1,4,-0.294238049259305
BRISONr_18,2016__HAN__HN_WF_RF,TRUE,1,4,0.5852118187894733
BRISONr_18,2016__HAN__LN_NF_RF,TRUE,1,4,0.26165599422744756
BRISONr_18,2016__KAL__HN_NF_RF,TRUE,1,4,-0.4784286096099758
BRISONr_18,2016__KAL__HN_WF_RF,TRUE,1,4,0.050261530950738986
BRISONr_18,2016__KAL__LN_NF_RF,TRUE,1,4,0.40821532197199467
BRISONr_18,2016__KIE__HN_NF_RF,TRUE,1,4,0.26686465802204923
BRISONr_18,2016__KIE__HN_WF_RF,TRUE,1,4,0.48477811570518037
BRISONr_18,2016__KIE__LN_NF_RF,TRUE,1,4,0.2318609529155426
BRISONr_18,2016__QLB__HN_NF_RF,TRUE,1,4,-0.3735292343637693
BRISONr_18,2016__QLB__HN_WF_RF,TRUE,1,4,0.613269279518726
BRISONr_18,2016__QLB__LN_NF_RF,TRUE,1,4,-0.32778409907040645
BRISONr_18,2017__GGE__HN_NF_RF,TRUE,1,4,0.10181906838616371
BRISONr_18,2017__GGE__HN_WF_RF,TRUE,1,4,0.49547439510300734
BRISONr_18,2017__GGE__LN_NF_RF,TRUE,1,4,0.47555413018236153
BRISONr_18,2017__HAN__HN_NF_RF,TRUE,1,4,0.09786075995329682
BRISONr_18,2017__HAN__HN_WF_RF,TRUE,1,4,0.5792897230309868
BRISONr_18,2017__HAN__LN_NF_RF,TRUE,1,4,-0.06660626690413946
BRISONr_18,2017__KAL__HN_NF_RF,TRUE,1,4,0.030731777907189735
BRISONr_18,2017__KAL__HN_WF_RF,TRUE,1,4,-0.055914312206984576
BRISONr_18,2017__KAL__LN_NF_RF,TRUE,1,4,-0.19116253516304266
BRISONr_18,2017__KIE__HN_NF_RF,TRUE,1,4,0.3859965699498064
BRISONr_18,2017__KIE__HN_WF_RF,TRUE,1,4,0.0522078423469841
BRISONr_18,2017__KIE__LN_NF_RF,TRUE,1,4,0.41464433995552546
BRISONr_18,2017__QLB__HN_NF_RF,TRUE,1,4,-0.4008887453359552
BRISONr_18,2017__QLB__HN_WF_RF,TRUE,1,4,0.4678937946268597
BRISONr_18,2017__QLB__LN_NF_RF,TRUE,1,4,0.39983578988414864
BRISONr_180,2015__GGE__HN_NF_RF,TRUE,1,4,0.5289618440567162
BRISONr_180,2015__GGE__HN_WF_RF,TRUE,1,4,0.1493122326737196
BRISONr_180,2015__GGE__LN_NF_RF,TRUE,1,4,0.49222090424750486
BRISONr_180,2015__HAN__HN_NF_RF,TRUE,1,4,0.5351579825119734
BRISONr_180,2015__HAN__HN_WF_RF,TRUE,1,4,0.626465302774024
BRISONr_180,2015__HAN__LN_NF_RF,TRUE,1,4,0.2522476481210111
BRISONr_180,2015__KAL__HN_NF_RF,TRUE,0.9232988434688713,3,0.5647438284962317
BRISONr_180,2015__KAL__HN_WF_RF,TRUE,0.9232988434688713,3,0.3700769272708426
BRISONr_180,2015__KAL__LN_NF_RF,TRUE,0.9232988434688713,3,-0.8441505190469096
BRISONr_180,2015__KIE__HN_NF_RF,TRUE,1,4,0.4713357610108284
BRISONr_180,2015__KIE__HN_WF_RF,TRUE,1,4,0.6900275198996273
BRISONr_180,2015__KIE__LN_NF_RF,TRUE,1,4,0.2708595571006281
BRISONr_180,2015__QLB__HN_NF_RF,TRUE,1,4,0.4791064254474878
BRISONr_180,2015__QLB__HN_WF_RF,TRUE,1,4,0.2034510948228601
BRISONr_180,2015__QLB__LN_NF_RF,TRUE,1,4,1.1614459132205257
BRISONr_180,2016__GGE__HN_NF_RF,TRUE,1,4,0.42090365308320726
BRISONr_180,2016__GGE__HN_WF_RF,TRUE,1,4,0.20027282259119106
BRISONr_180,2016__GGE__LN_NF_RF,TRUE,1,4,0.2056526915214372
BRISONr_180,2016__HAN__HN_NF_RF,TRUE,1,4,0.8363255103900242
BRISONr_180,2016__HAN__HN_WF_RF,TRUE,1,4,0.08204270091903408
BRISONr_180,2016__HAN__LN_NF_RF,TRUE,1,4,0.38079726138995906
BRISONr_180,2016__KAL__HN_NF_RF,TRUE,1,4,0.7123151383183162
BRISONr_180,2016__KAL__HN_WF_RF,TRUE,1,4,0.3433614205917492
BRISONr_180,2016__KAL__LN_NF_RF,TRUE,1,4,0.12511810525341546
BRISONr_180,2016__KIE__HN_NF_RF,TRUE,1,4,-0.017634220364289716
BRISONr_180,2016__KIE__HN_WF_RF,TRUE,1,4,0.3876517586559834
BRISONr_180,2016__KIE__LN_NF_RF,TRUE,1,4,1.1554038431908775
BRISONr_180,2016__QLB__HN_NF_RF,TRUE,1,4,-0.4958617098019978
BRISONr_180,2016__QLB__HN_WF_RF,TRUE,1,4,0.6031069868061851
BRISONr_180,2016__QLB__LN_NF_RF,TRUE,1,4,-0.19719274490872515
BRISONr_180,2017__GGE__HN_NF_RF,TRUE,1,4,0.4327912833214884
BRISONr_180,2017__GGE__HN_WF_RF,TRUE,1,4,0.17076439368931845
BRISONr_180,2017__GGE__LN_NF_RF,TRUE,1,4,0.7814055690646011
BRISONr_180,2017__HAN__HN_NF_RF,TRUE,1,4,0.5639006497118274
BRISONr_180,2017__HAN__HN_WF_RF,TRUE,1,4,0.5017780823451692
BRISONr_180,2017__HAN__LN_NF_RF,TRUE,1,4,0.19175411620529123
BRISONr_180,2017__KAL__HN_NF_RF,TRUE,1,4,0.7595018375611637
BRISONr_180,2017__KAL__HN_WF_RF,TRUE,1,4,0.1861873469804086
BRISONr_180,2017__KAL__LN_NF_RF,TRUE,1,4,0.1354230115305051
BRISONr_180,2017__KIE__HN_NF_RF,TRUE,1,4,0.5099640721238513
BRISONr_180,2017__KIE__HN_WF_RF,TRUE,1,4,0.6699245063918464
BRISONr_180,2017__KIE__LN_NF_RF,TRUE,1,4,0.0029562434566523096
BRISONr_180,2017__QLB__HN_NF_RF,TRUE,1,4,0.615837270503021
BRISONr_180,2017__QLB__HN_WF_RF,TRUE,1,4,0.3455503676698052
BRISONr_180,2017__QLB__LN_NF_RF,TRUE,1,4,0.2397271637974296
BRISONr_181,2015__GGE__HN_NF_RF,TRUE,1,4,-0.02871013707455846
BRISONr_181,2015__GGE__HN_WF_RF,TRUE,1,4,0.02182266156665227
BRISONr_181,2015__GGE__LN_NF_RF,TRUE,1,4,-0.1584633930856525
BRISONr_181,2015__HAN__HN_NF_RF,TRUE,1,4,0.30516336081719386
BRISONr_181,2015__HAN__HN_WF_RF,TRUE,1,4,-0.1103467784094116
BRISONr_181,2015__HAN__LN_NF_RF,TRUE,1,4,0.2180080386900971
BRISONr_181,2015__KAL__HN_NF_RF,TRUE,0.9232988434688713,3,0.6595346117586469
BRISONr_181,2015__KAL__HN_WF_RF,TRUE,0.9232988434688713,3,-0.3656166367044742
BRISONr_181,2015__KAL__LN_NF_RF,TRUE,0.9232988434688713,3,0.2751493344547607
BRISONr_181,2015__KIE__HN_NF_RF,TRUE,1,4,-0.14943027961819627
BRISONr_181,2015__KIE__HN_WF_RF,TRUE,1,4,-0.32004109183280305
BRISONr_181,2015__KIE__LN_NF_RF,TRUE,1,4,0.07847745834124119
BRISONr_181,2015__QLB__HN_NF_RF,TRUE,1,4,0.5012123129994123
BRISONr_181,2015__QLB__HN_WF_RF,TRUE,1,4,-0.03145319286556065
BRISONr_181,2015__QLB__LN_NF_RF,TRUE,1,4,0.2279591744876819
BRISONr_181,2016__GGE__HN_NF_RF,TRUE,1,4,0.28384125666545573
BRISONr_181,2016__GGE__HN_WF_RF,TRUE,1,4,-0.002260372935273324
BRISONr_181,2016__GGE__LN_NF_RF,TRUE,1,4,0.3152685228910778
BRISONr_181,2016__HAN__HN_NF_RF,TRUE,1,4,0.26426756365280324
BRISONr_181,2016__HAN__HN_WF_RF,TRUE,1,4,-0.03777124370670262
BRISONr_181,2016__HAN__LN_NF_RF,TRUE,1,4,0.15948965318699568
BRISONr_181,2016__KAL__HN_NF_RF,TRUE,1,4,0.351521740626504
BRISONr_181,2016__KAL__HN_WF_RF,TRUE,1,4,-0.38529601701773175
BRISONr_181,2016__KAL__LN_NF_RF,TRUE,1,4,-0.027558965203339343
BRISONr_181,2016__KIE__HN_NF_RF,TRUE,1,4,-0.41793331344200374
BRISONr_181,2016__KIE__HN_WF_RF,TRUE,1,4,-0.11062496665345244
BRISONr_181,2016__KIE__LN_NF_RF,TRUE,1,4,-0.17789272935112982
BRISONr_181,2016__QLB__HN_NF_RF,TRUE,1,4,-0.47867691642262195
BRISONr_181,2016__QLB__HN_WF_RF,TRUE,1,4,0.12334082335392584
BRISONr_181,2016__QLB__LN_NF_RF,TRUE,1,4,-0.2175609445319706
BRISONr_181,2017__GGE__HN_NF_RF,TRUE,1,4,0.2260138464562855
BRISONr_181,2017__GGE__HN_WF_RF,TRUE,1,4,-0.1734783518109592
BRISONr_181,2017__GGE__LN_NF_RF,TRUE,1,4,0.17760258971775428
BRISONr_181,2017__HAN__HN_NF_RF,TRUE,1,4,0.16817200012156294
BRISONr_181,2017__HAN__HN_WF_RF,TRUE,1,4,0.19686551284838377
BRISONr_181,2017__HAN__LN_NF_RF,TRUE,1,4,-0.03387275655616014
BRISONr_181,2017__KAL__HN_NF_RF,TRUE,1,4,0.17842172834808784
BRISONr_181,2017__KAL__HN_WF_RF,TRUE,1,4,0.006914124339747422
BRISONr_181,2017__KAL__LN_NF_RF,TRUE,1,4,0.6192354831791078
BRISONr_181,2017__KIE__HN_NF_RF,TRUE,1,4,-0.04025148960169574
BRISONr_181,2017__KIE__HN_WF_RF,TRUE,1,4,-0.13543327458880658
BRISONr_181,2017__KIE__LN_NF_RF,TRUE,1,4,-0.37229346294715415
BRISONr_181,2017__QLB__HN_NF_RF,TRUE,1,4,-0.5237190077062183
BRISONr_181,2017__QLB__HN_WF_RF,TRUE,1,4,-0.6329893908076095
BRISONr_181,2017__QLB__LN_NF_RF,TRUE,1,4,-0.7533619084822161
BRISONr_182,2015__GGE__HN_NF_RF,TRUE,1,4,-0.9949928213066235
BRISONr_182,2015__GGE__HN_WF_RF,TRUE,1,4,-0.6511907579717431
BRISONr_182,2015__GGE__LN_NF_RF,TRUE,1,4,-0.33516886745290586
BRISONr_182,2015__HAN__HN_NF_RF,TRUE,1,4,-0.6118222774091174
BRISONr_182,2015__HAN__HN_WF_RF,TRUE,1,4,0.35088025686830615
BRISONr_182,2015__HAN__LN_NF_RF,TRUE,1,4,-0.7564621325605574
BRISONr_182,2015__KAL__HN_NF_RF,TRUE,0.9232988434688713,3,-0.9662181311893104
BRISONr_182,2015__KAL__HN_WF_RF,TRUE,0.9232988434688713,3,0.5241410108786082
BRISONr_182,2015__KAL__LN_NF_RF,TRUE,0.9232988434688713,3,-0.18325024664202763
BRISONr_182,2015__KIE__HN_NF_RF,TRUE,1,4,0.16300675733475922
BRISONr_182,2015__KIE__HN_WF_RF,TRUE,1,4,0.14014172714266193
BRISONr_182,2015__KIE__LN_NF_RF,TRUE,1,4,0.17401112813635033
BRISONr_182,2015__QLB__HN_NF_RF,TRUE,1,4,-0.09968858775496327
BRISONr_182,2015__QLB__HN_WF_RF,TRUE,1,4,0.17976202676699451
BRISONr_182,2015__QLB__LN_NF_RF,TRUE,1,4,-0.1718373374054848
BRISONr_182,2016__GGE__HN_NF_RF,TRUE,1,4,-0.6627513607697885
BRISONr_182,2016__GGE__HN_WF_RF,TRUE,1,4,-0.13411163233183385
BRISONr_182,2016__GGE__LN_NF_RF,TRUE,1,4,-0.4876582357736495
BRISONr_182,2016__HAN__HN_NF_RF,TRUE,1,4,-0.2998131714274409
BRISONr_182,2016__HAN__HN_WF_RF,TRUE,1,4,0.5035955115186241
BRISONr_182,2016__HAN__LN_NF_RF,TRUE,1,4,-0.2779849505347536
BRISONr_182,2016__KAL__HN_NF_RF,TRUE,1,4,-0.13076445259313796
BRISONr_182,2016__KAL__HN_WF_RF,TRUE,1,4,0.2841943562653025
BRISONr_182,2016__KAL__LN_NF_RF,TRUE,1,4,0.0012710014493214211
BRISONr_182,2016__KIE__HN_NF_RF,TRUE,1,4,-0.8327026523592588
BRISONr_182,2016__KIE__HN_WF_RF,TRUE,1,4,0.4416581026853198
BRISONr_182,2016__KIE__LN_NF_RF,TRUE,1,4,-1.3880604418185152
BRISONr_182,2016__QLB__HN_NF_RF,TRUE,1,4,-0.6588009340051705
BRISONr_182,2016__QLB__HN_WF_RF,TRUE,1,4,0.3301220460981484
BRISONr_182,2016__QLB__LN_NF_RF,TRUE,1,4,-0.057482741947795846
BRISONr_182,2017__GGE__HN_NF_RF,TRUE,1,4,-0.24445469791857197
BRISONr_182,2017__GGE__HN_WF_RF,TRUE,1,4,-0.04513307638726975
BRISONr_182,2017__GGE__LN_NF_RF,TRUE,1,4,-0.15544689158600622
BRISONr_182,2017__HAN__HN_NF_RF,TRUE,1,4,-0.2354116040575678
BRISONr_182,2017__HAN__HN_WF_RF,TRUE,1,4,0.05764453250268113
BRISONr_182,2017__HAN__LN_NF_RF,TRUE,1,4,-0.23044393856763562
BRISONr_182,2017__KAL__HN_NF_RF,TRUE,1,4,-0.5984159819612359
BRISONr_182,2017__KAL__HN_WF_RF,TRUE,1,4,-0.06982381315929947
BRISONr_182,2017__KAL__LN_NF_RF,TRUE,1,4,-0.2793753781542052
BRISONr_182,2017__KIE__HN_WF_RF,TRUE,1,4,0.39348541267607146
BRISONr_182,2017__QLB__HN_NF_RF,TRUE,1,4,-0.416743465552014
BRISONr_182,2017__QLB__HN_WF_RF,TRUE,1,4,-0.03901630288412435
BRISONr_182,2017__QLB__LN_NF_RF,TRUE,1,4,-0.8014686750661428
BRISONr_183,2015__GGE__HN_NF_RF,TRUE,1,4,0.19109886076243865
BRISONr_183,2015__GGE__HN_WF_RF,TRUE,1,4,-0.017288687621540566
BRISONr_183,2015__GGE__LN_NF_RF,TRUE,1,4,0.08469819941622166
BRISONr_183,2015__HAN__HN_NF_RF,TRUE,1,4,-0.17624362198294613
BRISONr_183,2015__HAN__HN_WF_RF,TRUE,1,4,-0.1538093216065807
BRISONr_183,2015__HAN__LN_NF_RF,TRUE,1,4,-0.1039229639421014
BRISONr_183,2015__KAL__HN_NF_RF,TRUE,0.9232988434688713,3,0.35855757579541664
BRISONr_183,2015__KAL__HN_WF_RF,TRUE,0.9232988434688713,3,0.09563680321227828
BRISONr_183,2015__KAL__LN_NF_RF,TRUE,0.9232988434688713,3,0.7086011715604503
BRISONr_183,2015__KIE__HN_NF_RF,TRUE,1,4,0.13667479002570093
BRISONr_183,2015__KIE__HN_WF_RF,TRUE,1,4,0.26243457385264457
BRISONr_183,2015__KIE__LN_NF_RF,TRUE,1,4,0.25707102202552357
BRISONr_183,2015__QLB__HN_NF_RF,TRUE,1,4,0.37439007120496615
BRISONr_183,2015__QLB__HN_WF_RF,TRUE,1,4,0.6990213468552904
BRISONr_183,2015__QLB__LN_NF_RF,TRUE,1,4,0.17510287046486814
BRISONr_183,2016__GGE__HN_NF_RF,TRUE,1,4,0.5685072885335386
BRISONr_183,2016__GGE__HN_WF_RF,TRUE,1,4,0.6082746720795265
BRISONr_183,2016__GGE__LN_NF_RF,TRUE,1,4,0.9583759174665957
BRISONr_183,2016__HAN__HN_NF_RF,TRUE,1,4,0.6914318786779279
BRISONr_183,2016__HAN__HN_WF_RF,TRUE,1,4,0.14326724229079887
BRISONr_183,2016__HAN__LN_NF_RF,TRUE,1,4,0.9149473434324389
BRISONr_183,2016__KAL__HN_NF_RF,TRUE,1,4,0.15211353680135248
BRISONr_183,2016__KAL__HN_WF_RF,TRUE,1,4,0.14221605636991377
BRISONr_183,2016__KAL__LN_NF_RF,TRUE,1,4,0.3103514044196555
BRISONr_183,2016__KIE__HN_NF_RF,TRUE,1,4,0.2964452298988742
BRISONr_183,2016__KIE__HN_WF_RF,TRUE,1,4,0.10872444775079335
BRISONr_183,2016__KIE__LN_NF_RF,TRUE,1,4,0.5764140687586049
BRISONr_183,2016__QLB__HN_NF_RF,TRUE,1,4,-0.013773200967869187
BRISONr_183,2016__QLB__HN_WF_RF,TRUE,1,4,0.2912152673035121
BRISONr_183,2016__QLB__LN_NF_RF,TRUE,1,4,-0.40307692756553887
BRISONr_183,2017__GGE__HN_NF_RF,TRUE,1,4,-0.05508549184310969
BRISONr_183,2017__GGE__HN_WF_RF,TRUE,1,4,-0.12637264062202896
BRISONr_183,2017__GGE__LN_NF_RF,TRUE,1,4,0.11038050282015825
BRISONr_183,2017__HAN__HN_NF_RF,TRUE,1,4,0.2486572392870598
BRISONr_183,2017__HAN__HN_WF_RF,TRUE,1,4,0.1269091708039211
BRISONr_183,2017__HAN__LN_NF_RF,TRUE,1,4,0.7332363061511475
BRISONr_183,2017__KAL__HN_NF_RF,TRUE,1,4,0.2986388656545795
BRISONr_183,2017__KAL__HN_WF_RF,TRUE,1,4,0.19741167125523354
BRISONr_183,2017__KAL__LN_NF_RF,TRUE,1,4,0.7383756771721395
BRISONr_183,2017__KIE__HN_NF_RF,TRUE,1,4,0.676374000239817
BRISONr_183,2017__KIE__HN_WF_RF,TRUE,1,4,0.4861851852453084
BRISONr_183,2017__KIE__LN_NF_RF,TRUE,1,4,-0.4019252741753362
BRISONr_183,2017__QLB__HN_NF_RF,TRUE,1,4,-0.032584653848146385
BRISONr_183,2017__QLB__HN_WF_RF,TRUE,1,4,0.16700206187659164
BRISONr_183,2017__QLB__LN_NF_RF,TRUE,1,4,0.14127520671571933
BRISONr_184,2015__GGE__HN_NF_RF,TRUE,1,4,-0.536653263208036
BRISONr_184,2015__GGE__HN_WF_RF,TRUE,1,4,-0.6893681768053775
BRISONr_184,2015__GGE__LN_NF_RF,TRUE,1,4,-0.24638067818359805
BRISONr_184,2015__HAN__HN_NF_RF,TRUE,1,4,-0.6121847030010316
BRISONr_184,2015__HAN__HN_WF_RF,TRUE,1,4,-0.14282104235572968
BRISONr_184,2015__HAN__LN_NF_RF,TRUE,1,4,-0.6498926474728781
BRISONr_184,2015__KAL__HN_NF_RF,TRUE,0.9232988434688713,3,-0.7314633672181762
BRISONr_184,2015__KAL__HN_WF_RF,TRUE,0.9232988434688713,3,-0.23548084911378395
BRISONr_184,2015__KAL__LN_NF_RF,TRUE,0.9232988434688713,3,-0.37550288851109387
BRISONr_184,2015__KIE__HN_NF_RF,TRUE,1,4,-0.1928835545029009
BRISONr_184,2015__KIE__HN_WF_RF,TRUE,1,4,-0.18017640152900724
BRISONr_184,2015__KIE__LN_NF_RF,TRUE,1,4,-0.1549522041060426
BRISONr_184,2015__QLB__HN_NF_RF,TRUE,1,4,-0.20095604199960038
BRISONr_184,2015__QLB__HN_WF_RF,TRUE,1,4,0.39299963495979473
BRISONr_184,2015__QLB__LN_NF_RF,TRUE,1,4,-0.5912463311134092
BRISONr_184,2016__GGE__HN_NF_RF,TRUE,1,4,-0.20302887129454805
BRISONr_184,2016__GGE__HN_WF_RF,TRUE,1,4,-0.4477605928976482
BRISONr_184,2016__GGE__LN_NF_RF,TRUE,1,4,-0.16520487632201167
BRISONr_184,2016__HAN__HN_NF_RF,TRUE,1,4,-0.5480238752641682
BRISONr_184,2016__HAN__HN_WF_RF,TRUE,1,4,0.07381316486745478
BRISONr_184,2016__HAN__LN_NF_RF,TRUE,1,4,-0.17252794981354225
BRISONr_184,2016__KAL__HN_NF_RF,TRUE,1,4,-0.920723772951052
BRISONr_184,2016__KAL__HN_WF_RF,TRUE,1,4,-0.3258948040894196
BRISONr_184,2016__KAL__LN_NF_RF,TRUE,1,4,-0.7930946569533663
BRISONr_184,2016__KIE__HN_NF_RF,TRUE,1,4,-1.0832059664516478
BRISONr_184,2016__KIE__HN_WF_RF,TRUE,1,4,-0.10695219166092323
BRISONr_184,2016__QLB__HN_NF_RF,TRUE,1,4,-0.18297039387640962
BRISONr_184,2016__QLB__HN_WF_RF,TRUE,1,4,0.18583890908991557
BRISONr_184,2016__QLB__LN_NF_RF,TRUE,1,4,-0.06985788642158437
BRISONr_184,2017__GGE__HN_NF_RF,TRUE,1,4,-0.8327502271512973
BRISONr_184,2017__GGE__HN_WF_RF,TRUE,1,4,-1.0309250869283166
BRISONr_184,2017__GGE__LN_NF_RF,TRUE,1,4,-0.717159365546217
BRISONr_184,2017__HAN__HN_NF_RF,TRUE,1,4,-0.11175009343267855
BRISONr_184,2017__HAN__HN_WF_RF,TRUE,1,4,-0.4737873479167432
BRISONr_184,2017__HAN__LN_NF_RF,TRUE,1,4,-0.16553742156905227
BRISONr_184,2017__KAL__HN_NF_RF,TRUE,1,4,-0.3413764776236654
BRISONr_184,2017__KAL__HN_WF_RF,TRUE,1,4,-0.8703995638533273
BRISONr_184,2017__KAL__LN_NF_RF,TRUE,1,4,0.0241407736104506
BRISONr_184,2017__QLB__HN_NF_RF,TRUE,1,4,-0.5521931022499725
BRISONr_184,2017__QLB__HN_WF_RF,TRUE,1,4,0.1656290364000763
BRISONr_184,2017__QLB__LN_NF_RF,TRUE,1,4,-0.3992188112111192
BRISONr_185,2015__GGE__HN_NF_RF,TRUE,1,4,-0.3814386924945268
BRISONr_185,2015__GGE__HN_WF_RF,TRUE,1,4,-0.3124174349380057
BRISONr_185,2015__GGE__LN_NF_RF,TRUE,1,4,-0.1483391076631313
BRISONr_185,2015__HAN__HN_NF_RF,TRUE,1,4,-0.1830303934937852
BRISONr_185,2015__HAN__HN_WF_RF,TRUE,1,4,0.2614170093848326
BRISONr_185,2015__HAN__LN_NF_RF,TRUE,1,4,0.09521437005644495
BRISONr_185,2015__KAL__HN_NF_RF,TRUE,0.9232988434688713,3,0.5970683157681165
BRISONr_185,2015__KAL__HN_WF_RF,TRUE,0.9232988434688713,3,0.10010449141451662
BRISONr_185,2015__KAL__LN_NF_RF,TRUE,0.9232988434688713,3,0.6060130453810616
BRISONr_185,2015__KIE__HN_NF_RF,TRUE,1,4,-0.27769882180557964
BRISONr_185,2015__KIE__HN_WF_RF,TRUE,1,4,0.148010168541464
BRISONr_185,2015__KIE__LN_NF_RF,TRUE,1,4,0.2687444694307171
BRISONr_185,2015__QLB__HN_NF_RF,TRUE,1,4,0.04414900378272962
BRISONr_185,2015__QLB__HN_WF_RF,TRUE,1,4,-0.23904570614456278
BRISONr_185,2015__QLB__LN_NF_RF,TRUE,1,4,-0.43864842116597924
BRISONr_185,2016__GGE__HN_NF_RF,TRUE,1,4,-0.25100867928164333
BRISONr_185,2016__GGE__HN_WF_RF,TRUE,1,4,-0.3799443506694239
BRISONr_185,2016__GGE__LN_NF_RF,TRUE,1,4,-0.03549905668765172
BRISONr_185,2016__HAN__HN_NF_RF,TRUE,1,4,-0.23525560828381648
BRISONr_185,2016__HAN__HN_WF_RF,TRUE,1,4,-0.4193183466877446
BRISONr_185,2016__HAN__LN_NF_RF,TRUE,1,4,-0.1492197191305361
BRISONr_185,2016__KAL__HN_NF_RF,TRUE,1,4,-0.29594044732684693
BRISONr_185,2016__KAL__HN_WF_RF,TRUE,1,4,0.2389173590578733
BRISONr_185,2016__KAL__LN_NF_RF,TRUE,1,4,0.11326466969931913
BRISONr_185,2016__KIE__HN_NF_RF,TRUE,1,4,-0.4870925046631321
BRISONr_185,2016__KIE__HN_WF_RF,TRUE,1,4,0.05795964185725905
BRISONr_185,2016__KIE__LN_NF_RF,TRUE,1,4,-1.1889938778766853
BRISONr_185,2016__QLB__HN_NF_RF,TRUE,1,4,-0.7700218657742082
BRISONr_185,2016__QLB__HN_WF_RF,TRUE,1,4,-0.3676777034814466
BRISONr_185,2016__QLB__LN_NF_RF,TRUE,1,4,-0.3919937766737621
BRISONr_185,2017__GGE__HN_NF_RF,TRUE,1,4,-0.24023267981653607
BRISONr_185,2017__GGE__HN_WF_RF,TRUE,1,4,0.20501677333598237
BRISONr_185,2017__GGE__LN_NF_RF,TRUE,1,4,0.5220037155804742
BRISONr_185,2017__HAN__HN_NF_RF,TRUE,1,4,0.08169233674375084
BRISONr_185,2017__HAN__HN_WF_RF,TRUE,1,4,-0.062386757979785344
BRISONr_185,2017__HAN__LN_NF_RF,TRUE,1,4,0.34544240696338907
BRISONr_185,2017__KAL__HN_NF_RF,TRUE,1,4,-0.0970687540070451
BRISONr_185,2017__KAL__HN_WF_RF,TRUE,1,4,0.08991334659525098
BRISONr_185,2017__KAL__LN_NF_RF,TRUE,1,4,0.17397254190509162
BRISONr_185,2017__QLB__HN_NF_RF,TRUE,1,4,-0.549220583551129
BRISONr_185,2017__QLB__HN_WF_RF,TRUE,1,4,-0.5023283950315437
BRISONr_185,2017__QLB__LN_NF_RF,TRUE,1,4,-0.6869869697708342
BRISONr_186,2015__GGE__HN_NF_RF,TRUE,1,4,-0.04038691517614278
BRISONr_186,2015__GGE__HN_WF_RF,TRUE,1,4,-0.525083288825315
BRISONr_186,2015__GGE__LN_NF_RF,TRUE,1,4,-0.18725765842287673
BRISONr_186,2015__HAN__HN_NF_RF,TRUE,1,4,-0.35906261077452906
BRISONr_186,2015__HAN__HN_WF_RF,TRUE,1,4,0.061833668601779385
BRISONr_186,2015__HAN__LN_NF_RF,TRUE,1,4,0.12199976220532774
BRISONr_186,2015__KAL__HN_NF_RF,TRUE,0.9232988434688713,3,0.9378393527344183
BRISONr_186,2015__KAL__HN_WF_RF,TRUE,0.9232988434688713,3,0.40640077921032053
BRISONr_186,2015__KAL__LN_NF_RF,TRUE,0.9232988434688713,3,0.4720556725599803
BRISONr_186,2015__KIE__HN_NF_RF,TRUE,1,4,-0.2685369856490572
BRISONr_186,2015__KIE__HN_WF_RF,TRUE,1,4,-0.4001995170620833
BRISONr_186,2015__KIE__LN_NF_RF,TRUE,1,4,0.3074310364523159
BRISONr_186,2015__QLB__HN_NF_RF,TRUE,1,4,-0.2076157327084435
BRISONr_186,2015__QLB__HN_WF_RF,TRUE,1,4,-0.3846760251052296
BRISONr_186,2015__QLB__LN_NF_RF,TRUE,1,4,-0.524321074675574
BRISONr_186,2016__GGE__HN_NF_RF,TRUE,1,4,-0.2030298160116888
BRISONr_186,2016__GGE__HN_WF_RF,TRUE,1,4,0.13060983823439737
BRISONr_186,2016__GGE__LN_NF_RF,TRUE,1,4,0.10850951311993311
BRISONr_186,2016__HAN__HN_NF_RF,TRUE,1,4,-0.16907310985676793
BRISONr_186,2016__HAN__HN_WF_RF,TRUE,1,4,-0.15865916835757754
BRISONr_186,2016__HAN__LN_NF_RF,TRUE,1,4,-0.24623390114167437
BRISONr_186,2016__KAL__HN_NF_RF,TRUE,1,4,-0.3193855455258359
BRISONr_186,2016__KAL__HN_WF_RF,TRUE,1,4,0.10212509416549631
BRISONr_186,2016__KAL__LN_NF_RF,TRUE,1,4,-0.3334242506585324
BRISONr_186,2016__KIE__HN_NF_RF,TRUE,1,4,-0.749258873240872
BRISONr_186,2016__KIE__HN_WF_RF,TRUE,1,4,0.23359503907533954
BRISONr_186,2016__KIE__LN_NF_RF,TRUE,1,4,-0.1747425906350365
BRISONr_186,2016__QLB__HN_NF_RF,TRUE,1,4,-0.40551964822610614
BRISONr_186,2016__QLB__HN_WF_RF,TRUE,1,4,-0.6071424034142086
BRISONr_186,2016__QLB__LN_NF_RF,TRUE,1,4,-0.4522939765754436
BRISONr_186,2017__GGE__HN_NF_RF,TRUE,1,4,0.19946732475924334
BRISONr_186,2017__GGE__HN_WF_RF,TRUE,1,4,0.15326568513407587
BRISONr_186,2017__GGE__LN_NF_RF,TRUE,1,4,0.2453370617781558
BRISONr_186,2017__HAN__HN_NF_RF,TRUE,1,4,0.01752063362957827
BRISONr_186,2017__HAN__HN_WF_RF,TRUE,1,4,-0.1758502862326948
BRISONr_186,2017__HAN__LN_NF_RF,TRUE,1,4,-0.2988363904217136
BRISONr_186,2017__KAL__HN_NF_RF,TRUE,1,4,-0.1329783673880928
BRISONr_186,2017__KAL__HN_WF_RF,TRUE,1,4,-0.4412582538851447
BRISONr_186,2017__KAL__LN_NF_RF,TRUE,1,4,-0.2342624318572351
BRISONr_186,2017__KIE__HN_NF_RF,TRUE,1,4,-0.9618409345523042
BRISONr_186,2017__KIE__HN_WF_RF,TRUE,1,4,-0.0943447810419813
BRISONr_186,2017__KIE__LN_NF_RF,TRUE,1,4,-0.7251589975323941
BRISONr_186,2017__QLB__HN_NF_RF,TRUE,1,4,-0.002188079058041942
BRISONr_186,2017__QLB__HN_WF_RF,TRUE,1,4,-0.045114129714721944
BRISONr_186,2017__QLB__LN_NF_RF,TRUE,1,4,-0.25922852349684905
BRISONr_187,2015__GGE__HN_NF_RF,TRUE,1,4,-0.8944501274728341
BRISONr_187,2015__GGE__HN_WF_RF,TRUE,1,4,-0.6761918558645365
BRISONr_187,2015__GGE__LN_NF_RF,TRUE,1,4,0.05683431450369869
BRISONr_187,2015__HAN__HN_NF_RF,TRUE,1,4,-0.5679227969199474
BRISONr_187,2015__HAN__HN_WF_RF,TRUE,1,4,-1.0365932356888614
BRISONr_187,2015__HAN__LN_NF_RF,TRUE,1,4,-0.2343280806215562
BRISONr_187,2015__KAL__HN_NF_RF,TRUE,0.9232988434688713,3,0.1093967043120759
BRISONr_187,2015__KAL__HN_WF_RF,TRUE,0.9232988434688713,3,-0.03049415565829966
BRISONr_187,2015__KAL__LN_NF_RF,TRUE,0.9232988434688713,3,-0.7156545168339427
BRISONr_187,2015__KIE__HN_NF_RF,TRUE,1,4,-0.4792875947477182
BRISONr_187,2015__KIE__HN_WF_RF,TRUE,1,4,-0.2962208746622199
BRISONr_187,2015__KIE__LN_NF_RF,TRUE,1,4,0.15014170033461016
BRISONr_187,2015__QLB__HN_NF_RF,TRUE,1,4,-0.648519539081171
BRISONr_187,2015__QLB__HN_WF_RF,TRUE,1,4,-0.47710102805490984
BRISONr_187,2015__QLB__LN_NF_RF,TRUE,1,4,-0.9145252757494399
BRISONr_187,2016__GGE__HN_NF_RF,TRUE,1,4,-0.29262519005103516
BRISONr_187,2016__GGE__HN_WF_RF,TRUE,1,4,-0.967498500866271
BRISONr_187,2016__GGE__LN_NF_RF,TRUE,1,4,-0.03196388023948632
BRISONr_187,2016__HAN__HN_NF_RF,TRUE,1,4,-1.1075721407539747
BRISONr_187,2016__HAN__HN_WF_RF,TRUE,1,4,-0.3673548368077778
BRISONr_187,2016__HAN__LN_NF_RF,TRUE,1,4,-0.09500369381582993
BRISONr_187,2016__KAL__HN_NF_RF,TRUE,1,4,-0.9539076465296554
BRISONr_187,2016__KAL__HN_WF_RF,TRUE,1,4,-1.4626100485277667
BRISONr_187,2016__KAL__LN_NF_RF,TRUE,1,4,-0.8865344239213216
BRISONr_187,2016__QLB__HN_NF_RF,TRUE,1,4,-0.5238451251055865
BRISONr_187,2016__QLB__HN_WF_RF,TRUE,1,4,-0.7059939626701017
BRISONr_187,2016__QLB__LN_NF_RF,TRUE,1,4,-0.47403982391535426
BRISONr_187,2017__GGE__HN_NF_RF,TRUE,1,4,-1.3992852345598181
BRISONr_187,2017__GGE__HN_WF_RF,TRUE,1,4,-1.3410977351031763
BRISONr_187,2017__GGE__LN_NF_RF,TRUE,1,4,-1.08488700433809
BRISONr_187,2017__HAN__HN_NF_RF,TRUE,1,4,-0.3392409054269366
BRISONr_187,2017__HAN__HN_WF_RF,TRUE,1,4,-0.6911822617931852
BRISONr_187,2017__HAN__LN_NF_RF,TRUE,1,4,-0.6793154092995195
BRISONr_187,2017__KAL__HN_NF_RF,TRUE,1,4,-0.15815706585152242
BRISONr_187,2017__KAL__HN_WF_RF,TRUE,1,4,-0.4771928686887908
BRISONr_187,2017__KAL__LN_NF_RF,TRUE,1,4,-0.28761025975718485
BRISONr_187,2017__KIE__HN_NF_RF,TRUE,1,4,0.20967449211055295
BRISONr_187,2017__KIE__HN_WF_RF,TRUE,1,4,0.1297191269212144
BRISONr_187,2017__KIE__LN_NF_RF,TRUE,1,4,-1.0809649756833508
BRISONr_187,2017__QLB__HN_NF_RF,TRUE,1,4,-1.1541681854837944
BRISONr_187,2017__QLB__HN_WF_RF,TRUE,1,4,-1.0218819855898853
BRISONr_187,2017__QLB__LN_NF_RF,TRUE,1,4,-1.1069651473474376
BRISONr_188,2015__GGE__HN_NF_RF,TRUE,1,4,-0.4165897158441044
BRISONr_188,2015__GGE__HN_WF_RF,TRUE,1,4,-0.41655364054693134
BRISONr_188,2015__GGE__LN_NF_RF,TRUE,1,4,-0.1598980187129227
BRISONr_188,2015__HAN__HN_NF_RF,TRUE,1,4,-0.28885928207840456
BRISONr_188,2015__HAN__HN_WF_RF,TRUE,1,4,0.1437844750898843
BRISONr_188,2015__HAN__LN_NF_RF,TRUE,1,4,-0.012923045563557268
BRISONr_188,2015__KAL__HN_NF_RF,TRUE,0.9232988434688713,3,-0.13563904910779423
BRISONr_188,2015__KAL__HN_WF_RF,TRUE,0.9232988434688713,3,-0.1643189181523585
BRISONr_188,2015__KAL__LN_NF_RF,TRUE,0.9232988434688713,3,-0.012556517344583918
BRISONr_188,2015__KIE__HN_NF_RF,TRUE,1,4,0.3972391951540502
BRISONr_188,2015__KIE__HN_WF_RF,TRUE,1,4,0.08040557205676885
BRISONr_188,2015__KIE__LN_NF_RF,TRUE,1,4,-0.06697994572411943
BRISONr_188,2015__QLB__HN_NF_RF,TRUE,1,4,-0.08466271889195029
BRISONr_188,2015__QLB__HN_WF_RF,TRUE,1,4,-0.1393655744846167
BRISONr_188,2015__QLB__LN_NF_RF,TRUE,1,4,0.06331273199896875
BRISONr_188,2016__GGE__HN_NF_RF,TRUE,1,4,-0.41825006051647795
BRISONr_188,2016__GGE__HN_WF_RF,TRUE,1,4,0.19277915782280053
BRISONr_188,2016__GGE__LN_NF_RF,TRUE,1,4,0.06527866606583739
BRISONr_188,2016__HAN__HN_NF_RF,TRUE,1,4,-0.4148535356703478
BRISONr_188,2016__HAN__HN_WF_RF,TRUE,1,4,-0.03826358494974952
BRISONr_188,2016__HAN__LN_NF_RF,TRUE,1,4,-0.185630672298136
BRISONr_188,2016__KAL__HN_NF_RF,TRUE,1,4,-0.9162729915972535
BRISONr_188,2016__KAL__HN_WF_RF,TRUE,1,4,0.019397870356864005
BRISONr_188,2016__KAL__LN_NF_RF,TRUE,1,4,-0.20753667124476138
BRISONr_188,2016__KIE__HN_NF_RF,TRUE,1,4,-0.05429883890847953
BRISONr_188,2016__KIE__HN_WF_RF,TRUE,1,4,0.033721710297649275
BRISONr_188,2016__KIE__LN_NF_RF,TRUE,1,4,0.1500574857765565
BRISONr_188,2016__QLB__HN_NF_RF,TRUE,1,4,-1.147848636242068
BRISONr_188,2016__QLB__HN_WF_RF,TRUE,1,4,-0.9213049283547281
BRISONr_188,2016__QLB__LN_NF_RF,TRUE,1,4,-0.43487002412795855
BRISONr_188,2017__GGE__HN_NF_RF,TRUE,1,4,-0.24590873269857222
BRISONr_188,2017__GGE__HN_WF_RF,TRUE,1,4,-0.07641236419335722
BRISONr_188,2017__GGE__LN_NF_RF,TRUE,1,4,0.15864600204424517
BRISONr_188,2017__HAN__HN_NF_RF,TRUE,1,4,0.07488823651220952
BRISONr_188,2017__HAN__HN_WF_RF,TRUE,1,4,0.14387367884264973
BRISONr_188,2017__HAN__LN_NF_RF,TRUE,1,4,-0.015528844891479224
BRISONr_188,2017__KAL__HN_NF_RF,TRUE,1,4,0.08108158782859434
BRISONr_188,2017__KAL__HN_WF_RF,TRUE,1,4,-0.21469183530046151
BRISONr_188,2017__KAL__LN_NF_RF,TRUE,1,4,0.5741668903872398
BRISONr_188,2017__KIE__HN_NF_RF,TRUE,1,4,0.6120800971140663
BRISONr_188,2017__KIE__HN_WF_RF,TRUE,1,4,0.5252639898032513
BRISONr_188,2017__KIE__LN_NF_RF,TRUE,1,4,0.05641161874002343
BRISONr_188,2017__QLB__HN_NF_RF,TRUE,1,4,-0.0931040909473373
BRISONr_188,2017__QLB__HN_WF_RF,TRUE,1,4,0.08755664414904912
BRISONr_188,2017__QLB__LN_NF_RF,TRUE,1,4,-0.3182590186005872
BRISONr_189,2015__GGE__HN_NF_RF,TRUE,1,4,0.07982365513630679
BRISONr_189,2015__GGE__HN_WF_RF,TRUE,1,4,-0.15341668419226598
BRISONr_189,2015__GGE__LN_NF_RF,TRUE,1,4,0.24907969069425634
BRISONr_189,2015__HAN__HN_NF_RF,TRUE,1,4,0.07021585567732609
BRISONr_189,2015__HAN__HN_WF_RF,TRUE,1,4,-0.22659655039279392
BRISONr_189,2015__HAN__LN_NF_RF,TRUE,1,4,-0.18128620548194668
BRISONr_189,2015__KAL__HN_NF_RF,TRUE,0.9232988434688713,3,0.841165746212973
BRISONr_189,2015__KAL__HN_WF_RF,TRUE,0.9232988434688713,3,-0.6268719155378645
BRISONr_189,2015__KAL__LN_NF_RF,TRUE,0.9232988434688713,3,-0.2389064287773297
BRISONr_189,2015__KIE__HN_NF_RF,TRUE,1,4,0.40760547274310543
BRISONr_189,2015__KIE__HN_WF_RF,TRUE,1,4,0.365626254426737
BRISONr_189,2015__KIE__LN_NF_RF,TRUE,1,4,0.41068426640861994
BRISONr_189,2015__QLB__HN_NF_RF,TRUE,1,4,-0.276934813488961
BRISONr_189,2015__QLB__HN_WF_RF,TRUE,1,4,-0.10167289748537806
BRISONr_189,2015__QLB__LN_NF_RF,TRUE,1,4,0.7285411930133623
BRISONr_189,2016__GGE__HN_NF_RF,TRUE,1,4,0.3905657324079917
BRISONr_189,2016__GGE__HN_WF_RF,TRUE,1,4,0.32329812341021874
BRISONr_189,2016__GGE__LN_NF_RF,TRUE,1,4,0.7044932621626878
BRISONr_189,2016__HAN__HN_NF_RF,TRUE,1,4,0.6217960666638885
BRISONr_189,2016__HAN__HN_WF_RF,TRUE,1,4,0.13212226397212248
BRISONr_189,2016__HAN__LN_NF_RF,TRUE,1,4,0.34263574155960025
BRISONr_189,2016__KAL__HN_NF_RF,TRUE,1,4,0.2551335366460269
BRISONr_189,2016__KAL__HN_WF_RF,TRUE,1,4,-0.1618029779358298
BRISONr_189,2016__KAL__LN_NF_RF,TRUE,1,4,0.047585483203154706
BRISONr_189,2016__KIE__HN_NF_RF,TRUE,1,4,4.3673801716344676e-4
BRISONr_189,2016__KIE__HN_WF_RF,TRUE,1,4,-0.1512197861192463
BRISONr_189,2016__KIE__LN_NF_RF,TRUE,1,4,0.658961158145278
BRISONr_189,2016__QLB__HN_NF_RF,TRUE,1,4,-0.5140799668103402
BRISONr_189,2016__QLB__HN_WF_RF,TRUE,1,4,-0.46281828691710325
BRISONr_189,2016__QLB__LN_NF_RF,TRUE,1,4,-0.18648013309780553
BRISONr_189,2017__GGE__HN_NF_RF,TRUE,1,4,0.08800252782078355
BRISONr_189,2017__GGE__HN_WF_RF,TRUE,1,4,0.08589993460737598
BRISONr_189,2017__GGE__LN_NF_RF,TRUE,1,4,0.22431672499077293
BRISONr_189,2017__HAN__HN_NF_RF,TRUE,1,4,0.09352396915984942
BRISONr_189,2017__HAN__HN_WF_RF,TRUE,1,4,0.37120461405140404
BRISONr_189,2017__HAN__LN_NF_RF,TRUE,1,4,0.271193952780164
BRISONr_189,2017__KAL__HN_NF_RF,TRUE,1,4,0.1891273055468035
BRISONr_189,2017__KAL__HN_WF_RF,TRUE,1,4,0.06455014989814149
BRISONr_189,2017__KAL__LN_NF_RF,TRUE,1,4,0.0707611301905569
BRISONr_189,2017__KIE__HN_NF_RF,TRUE,1,4,0.11763139192844586
BRISONr_189,2017__KIE__HN_WF_RF,TRUE,1,4,-0.021783613691588197
BRISONr_189,2017__KIE__LN_NF_RF,TRUE,1,4,-0.8881549075114655
BRISONr_189,2017__QLB__HN_NF_RF,TRUE,1,4,-0.11297328242999022
BRISONr_189,2017__QLB__HN_WF_RF,TRUE,1,4,-0.38935339170410893
BRISONr_189,2017__QLB__LN_NF_RF,TRUE,1,4,-0.21786720074323623
BRISONr_19,2015__GGE__HN_NF_RF,TRUE,1,4,0.33773584751984503
BRISONr_19,2015__GGE__HN_WF_RF,TRUE,1,4,-0.22503834303706127
BRISONr_19,2015__GGE__LN_NF_RF,TRUE,1,4,0.17259012291031472
BRISONr_19,2015__HAN__HN_NF_RF,TRUE,1,4,0.35002135398543444
BRISONr_19,2015__HAN__HN_WF_RF,TRUE,1,4,0.265525987375615
BRISONr_19,2015__HAN__LN_NF_RF,TRUE,1,4,-0.06766913294186117
BRISONr_19,2015__KAL__HN_NF_RF,TRUE,0.9232988434688713,3,0.17374941999908602
BRISONr_19,2015__KAL__HN_WF_RF,TRUE,0.9232988434688713,3,0.6766412482678265
BRISONr_19,2015__KAL__LN_NF_RF,TRUE,0.9232988434688713,3,0.33360480879788873
BRISONr_19,2015__KIE__HN_NF_RF,TRUE,1,4,0.33672699948698726
BRISONr_19,2015__KIE__HN_WF_RF,TRUE,1,4,0.3686134910653804
BRISONr_19,2015__KIE__LN_NF_RF,TRUE,1,4,0.28095033496603
BRISONr_19,2015__QLB__HN_NF_RF,TRUE,1,4,0.20321809567188628
BRISONr_19,2015__QLB__HN_WF_RF,TRUE,1,4,0.48121815389733874
BRISONr_19,2015__QLB__LN_NF_RF,TRUE,1,4,-0.05230423330173979
BRISONr_19,2016__GGE__HN_NF_RF,TRUE,1,4,0.344507371620309
BRISONr_19,2016__GGE__HN_WF_RF,TRUE,1,4,0.11802568700815853
BRISONr_19,2016__GGE__LN_NF_RF,TRUE,1,4,-0.21202005478969851
BRISONr_19,2016__HAN__HN_NF_RF,TRUE,1,4,0.6159557246825603
BRISONr_19,2016__HAN__HN_WF_RF,TRUE,1,4,0.2312260094938085
BRISONr_19,2016__HAN__LN_NF_RF,TRUE,1,4,0.2802039042379827
BRISONr_19,2016__KAL__HN_NF_RF,TRUE,1,4,-0.05686051448678185
BRISONr_19,2016__KAL__HN_WF_RF,TRUE,1,4,0.1684787513855644
BRISONr_19,2016__KAL__LN_NF_RF,TRUE,1,4,0.11583310801588793
BRISONr_19,2016__KIE__HN_NF_RF,TRUE,1,4,0.07228148603758447
BRISONr_19,2016__KIE__HN_WF_RF,TRUE,1,4,0.3773461512308867
BRISONr_19,2016__KIE__LN_NF_RF,TRUE,1,4,0.14862656918207987
BRISONr_19,2016__QLB__HN_NF_RF,TRUE,1,4,0.15106170552812698
BRISONr_19,2016__QLB__HN_WF_RF,TRUE,1,4,0.24320678479657332
BRISONr_19,2016__QLB__LN_NF_RF,TRUE,1,4,0.4747240781513864
BRISONr_19,2017__GGE__HN_NF_RF,TRUE,1,4,0.5399373667327828
BRISONr_19,2017__GGE__HN_WF_RF,TRUE,1,4,0.1996631803133141
BRISONr_19,2017__GGE__LN_NF_RF,TRUE,1,4,0.22156261916440284
BRISONr_19,2017__HAN__HN_NF_RF,TRUE,1,4,0.08471885270904693
BRISONr_19,2017__HAN__HN_WF_RF,TRUE,1,4,0.40964469637490186
BRISONr_19,2017__HAN__LN_NF_RF,TRUE,1,4,-0.12911024459587414
BRISONr_19,2017__KAL__HN_NF_RF,TRUE,1,4,0.20369646954330642
BRISONr_19,2017__KAL__HN_WF_RF,TRUE,1,4,0.12709293821239787
BRISONr_19,2017__KAL__LN_NF_RF,TRUE,1,4,0.4073429968033113
BRISONr_19,2017__KIE__HN_NF_RF,TRUE,1,4,0.2161802926953181
BRISONr_19,2017__KIE__HN_WF_RF,TRUE,1,4,0.27401778207833916
BRISONr_19,2017__KIE__LN_NF_RF,TRUE,1,4,-0.044567087751913634
BRISONr_19,2017__QLB__HN_NF_RF,TRUE,1,4,0.9140841480879601
BRISONr_19,2017__QLB__HN_WF_RF,TRUE,1,4,0.6339260448778549
BRISONr_19,2017__QLB__LN_NF_RF,TRUE,1,4,0.9654283376495398
BRISONr_190,2015__GGE__HN_NF_RF,TRUE,1,4,-1.9486099465471955
BRISONr_190,2015__GGE__HN_WF_RF,TRUE,1,4,-0.8698043553451485
BRISONr_190,2015__GGE__LN_NF_RF,TRUE,1,4,-1.1540424825484603
BRISONr_190,2015__HAN__HN_NF_RF,TRUE,1,4,-0.9833008089400164
BRISONr_190,2015__HAN__HN_WF_RF,TRUE,1,4,-0.6585374702834783
BRISONr_190,2015__HAN__LN_NF_RF,TRUE,1,4,-0.5304663977883138
BRISONr_190,2015__KAL__HN_NF_RF,TRUE,0.9232988434688713,3,-0.7970611855808455
BRISONr_190,2015__KAL__HN_WF_RF,TRUE,0.9232988434688713,3,0.2065552803924215
BRISONr_190,2015__KAL__LN_NF_RF,TRUE,0.9232988434688713,3,-0.7348833160798703
BRISONr_190,2015__KIE__HN_NF_RF,TRUE,1,4,-0.4268942590350622
BRISONr_190,2015__KIE__HN_WF_RF,TRUE,1,4,-0.33669026443729705
BRISONr_190,2015__KIE__LN_NF_RF,TRUE,1,4,-0.4240525842994163
BRISONr_190,2015__QLB__HN_NF_RF,TRUE,1,4,-0.6320965922200056
BRISONr_190,2015__QLB__HN_WF_RF,TRUE,1,4,-0.46947288303225615
BRISONr_190,2015__QLB__LN_NF_RF,TRUE,1,4,-0.8010892383090267
BRISONr_190,2016__GGE__HN_NF_RF,TRUE,1,4,-1.1068921142467607
BRISONr_190,2016__GGE__HN_WF_RF,TRUE,1,4,-0.997198749607408
BRISONr_190,2016__GGE__LN_NF_RF,TRUE,1,4,-1.027785435078759
BRISONr_190,2016__HAN__HN_NF_RF,TRUE,1,4,-1.2165901054044095
BRISONr_190,2016__HAN__HN_WF_RF,TRUE,1,4,-0.02500322444154837
BRISONr_190,2016__HAN__LN_NF_RF,TRUE,1,4,-0.4873631527177014
BRISONr_190,2016__KAL__HN_NF_RF,TRUE,1,4,-0.8365233531445027
BRISONr_190,2016__KAL__HN_WF_RF,TRUE,1,4,0.1816804770128283
BRISONr_190,2016__KAL__LN_NF_RF,TRUE,1,4,-0.7004498515609417
BRISONr_190,2016__KIE__HN_NF_RF,TRUE,1,4,-1.0127624671611823
BRISONr_190,2016__KIE__HN_WF_RF,TRUE,1,4,0.27526949755525376
BRISONr_190,2016__KIE__LN_NF_RF,TRUE,1,4,-0.46270951645363767
BRISONr_190,2016__QLB__HN_NF_RF,TRUE,1,4,-1.3036458674230593
BRISONr_190,2016__QLB__HN_WF_RF,TRUE,1,4,-0.25053043520011853
BRISONr_190,2016__QLB__LN_NF_RF,TRUE,1,4,-0.3251216536176659
BRISONr_190,2017__GGE__HN_NF_RF,TRUE,1,4,-1.246404954122339
BRISONr_190,2017__GGE__HN_WF_RF,TRUE,1,4,-0.752123164870057
BRISONr_190,2017__GGE__LN_NF_RF,TRUE,1,4,-0.7750924173251148
BRISONr_190,2017__HAN__HN_NF_RF,TRUE,1,4,-0.6445666236399512
BRISONr_190,2017__HAN__HN_WF_RF,TRUE,1,4,-0.28184398435335273
BRISONr_190,2017__HAN__LN_NF_RF,TRUE,1,4,-0.2684324737515454
BRISONr_190,2017__KAL__HN_NF_RF,TRUE,1,4,-0.7672586575053109
BRISONr_190,2017__KAL__HN_WF_RF,TRUE,1,4,-0.43901390066093426
BRISONr_190,2017__KAL__LN_NF_RF,TRUE,1,4,0.26225732257461803
BRISONr_190,2017__KIE__HN_NF_RF,TRUE,1,4,-0.28126462407850616
BRISONr_190,2017__KIE__HN_WF_RF,TRUE,1,4,-0.4810848682623906
BRISONr_190,2017__KIE__LN_NF_RF,TRUE,1,4,-1.2113647423816456
BRISONr_190,2017__QLB__HN_NF_RF,TRUE,1,4,-0.6639793643303613
BRISONr_190,2017__QLB__HN_WF_RF,TRUE,1,4,-0.11233419787878654
BRISONr_190,2017__QLB__LN_NF_RF,TRUE,1,4,-1.0215055450846826
BRISONr_191,2015__GGE__HN_NF_RF,TRUE,1,4,-0.44643828593330087
BRISONr_191,2015__GGE__HN_WF_RF,TRUE,1,4,-0.22692829074099974
BRISONr_191,2015__GGE__LN_NF_RF,TRUE,1,4,-0.266294785205435
BRISONr_191,2015__HAN__HN_NF_RF,TRUE,1,4,-0.44214283628066453
BRISONr_191,2015__HAN__HN_WF_RF,TRUE,1,4,-0.23977528325151254
BRISONr_191,2015__HAN__LN_NF_RF,TRUE,1,4,0.03684213136350063
BRISONr_191,2015__KAL__HN_NF_RF,TRUE,0.9232988434688713,3,0.4941776017600746
BRISONr_191,2015__KAL__HN_WF_RF,TRUE,0.9232988434688713,3,0.18742066708803817
BRISONr_191,2015__KAL__LN_NF_RF,TRUE,0.9232988434688713,3,0.5992977738262371
BRISONr_191,2015__KIE__HN_NF_RF,TRUE,1,4,-0.3073370227444457
BRISONr_191,2015__KIE__HN_WF_RF,TRUE,1,4,-0.44726023701802736
BRISONr_191,2015__KIE__LN_NF_RF,TRUE,1,4,0.048930159690017155
BRISONr_191,2015__QLB__HN_NF_RF,TRUE,1,4,-0.1541547998731405
BRISONr_191,2015__QLB__HN_WF_RF,TRUE,1,4,-0.4101518938157349
BRISONr_191,2015__QLB__LN_NF_RF,TRUE,1,4,0.012940037050155812
BRISONr_191,2016__GGE__HN_NF_RF,TRUE,1,4,-0.03887724739330447
BRISONr_191,2016__GGE__HN_WF_RF,TRUE,1,4,0.045548128913848226
BRISONr_191,2016__GGE__LN_NF_RF,TRUE,1,4,-0.01516034470679184
BRISONr_191,2016__HAN__HN_NF_RF,TRUE,1,4,0.08973010756724026
BRISONr_191,2016__HAN__HN_WF_RF,TRUE,1,4,-0.6539346228348974
BRISONr_191,2016__HAN__LN_NF_RF,TRUE,1,4,-0.3618062904194014
BRISONr_191,2016__KAL__HN_NF_RF,TRUE,1,4,0.1624502075128163
BRISONr_191,2016__KAL__HN_WF_RF,TRUE,1,4,-0.20092100285398784
BRISONr_191,2016__KAL__LN_NF_RF,TRUE,1,4,-0.07667965891715788
BRISONr_191,2016__KIE__HN_NF_RF,TRUE,1,4,-0.7103759420774366
BRISONr_191,2016__KIE__HN_WF_RF,TRUE,1,4,-0.186243574027196
BRISONr_191,2016__KIE__LN_NF_RF,TRUE,1,4,-0.7471331583119153
BRISONr_191,2016__QLB__HN_NF_RF,TRUE,1,4,-0.25491975137737505
BRISONr_191,2016__QLB__HN_WF_RF,TRUE,1,4,-0.3851153956287446
BRISONr_191,2016__QLB__LN_NF_RF,TRUE,1,4,-0.44492383852709955
BRISONr_191,2017__GGE__HN_NF_RF,TRUE,1,4,-0.34087982624606356
BRISONr_191,2017__GGE__HN_WF_RF,TRUE,1,4,-0.8583959676055274
BRISONr_191,2017__GGE__LN_NF_RF,TRUE,1,4,-0.22039669140849083
BRISONr_191,2017__HAN__HN_NF_RF,TRUE,1,4,-0.10728083816482024
BRISONr_191,2017__HAN__HN_WF_RF,TRUE,1,4,-0.8671745236435173
BRISONr_191,2017__HAN__LN_NF_RF,TRUE,1,4,-0.929635308780297
BRISONr_191,2017__KAL__HN_NF_RF,TRUE,1,4,-0.6337223893014103
BRISONr_191,2017__KAL__HN_WF_RF,TRUE,1,4,-0.6615236043840935
BRISONr_191,2017__KAL__LN_NF_RF,TRUE,1,4,0.0331322771014652
BRISONr_191,2017__KIE__HN_NF_RF,TRUE,1,4,-0.4714041775472314
BRISONr_191,2017__KIE__HN_WF_RF,TRUE,1,4,-0.1679485387025128
BRISONr_191,2017__KIE__LN_NF_RF,TRUE,1,4,-1.0033768940259409
BRISONr_191,2017__QLB__HN_NF_RF,TRUE,1,4,0.14006291261316375
BRISONr_191,2017__QLB__HN_WF_RF,TRUE,1,4,-0.3548084294541068
BRISONr_191,2017__QLB__LN_NF_RF,TRUE,1,4,-0.9903715881641004
BRISONr_192,2015__GGE__HN_NF_RF,TRUE,1,4,-0.20715961223354348
BRISONr_192,2015__GGE__HN_WF_RF,TRUE,1,4,-0.09619866153643591
BRISONr_192,2015__GGE__LN_NF_RF,TRUE,1,4,-0.14976444695426597
BRISONr_192,2015__HAN__HN_NF_RF,TRUE,1,4,-1.0264256385837762
BRISONr_192,2015__HAN__HN_WF_RF,TRUE,1,4,-1.602693398280435
BRISONr_192,2015__HAN__LN_NF_RF,TRUE,1,4,-0.5803698335971741
BRISONr_192,2015__KAL__HN_NF_RF,TRUE,0.9232988434688713,3,-0.6423744241588251
BRISONr_192,2015__KAL__HN_WF_RF,TRUE,0.9232988434688713,3,-0.5344042058318444
BRISONr_192,2015__KAL__LN_NF_RF,TRUE,0.9232988434688713,3,-0.6007603714498182
BRISONr_192,2015__KIE__HN_NF_RF,TRUE,1,4,-0.5973293258815268
BRISONr_192,2015__KIE__HN_WF_RF,TRUE,1,4,-0.6478198433603993
BRISONr_192,2015__KIE__LN_NF_RF,TRUE,1,4,-0.06693513879890697
BRISONr_192,2015__QLB__HN_NF_RF,TRUE,1,4,-0.7648348034395219
BRISONr_192,2015__QLB__HN_WF_RF,TRUE,1,4,-0.4206233582347666
BRISONr_192,2015__QLB__LN_NF_RF,TRUE,1,4,-0.767089812877627
BRISONr_192,2016__GGE__HN_NF_RF,TRUE,1,4,-0.2217896136533969
BRISONr_192,2016__GGE__HN_WF_RF,TRUE,1,4,-0.03352420591278881
BRISONr_192,2016__GGE__LN_NF_RF,TRUE,1,4,0.13166063773777545
BRISONr_192,2016__HAN__HN_NF_RF,TRUE,1,4,-0.5711007196309865
BRISONr_192,2016__HAN__HN_WF_RF,TRUE,1,4,0.012067356170850314
BRISONr_192,2016__HAN__LN_NF_RF,TRUE,1,4,0.03990821277052878
BRISONr_192,2016__KAL__HN_NF_RF,TRUE,1,4,-0.8852627359123711
BRISONr_192,2016__KAL__HN_WF_RF,TRUE,1,4,-1.0444363443921083
BRISONr_192,2016__KAL__LN_NF_RF,TRUE,1,4,-0.3722623470321128
BRISONr_192,2016__KIE__HN_NF_RF,TRUE,1,4,-1.3318071670074698
BRISONr_192,2016__KIE__HN_WF_RF,TRUE,1,4,-1.193060444916229
BRISONr_192,2016__KIE__LN_NF_RF,TRUE,1,4,-0.5694685412780812
BRISONr_192,2016__QLB__HN_NF_RF,TRUE,1,4,-1.182795697121347
BRISONr_192,2016__QLB__HN_WF_RF,TRUE,1,4,-0.5341752186102117
BRISONr_192,2016__QLB__LN_NF_RF,TRUE,1,4,-0.5180508225161722
BRISONr_192,2017__GGE__HN_NF_RF,TRUE,1,4,-0.8328810283709537
BRISONr_192,2017__GGE__HN_WF_RF,TRUE,1,4,-0.28792226646445596
BRISONr_192,2017__GGE__LN_NF_RF,TRUE,1,4,-0.544816273894594
BRISONr_192,2017__HAN__HN_NF_RF,TRUE,1,4,-0.3705431283660811
BRISONr_192,2017__HAN__HN_WF_RF,TRUE,1,4,-0.5479525296503253
BRISONr_192,2017__HAN__LN_NF_RF,TRUE,1,4,-0.031541663395333645
BRISONr_192,2017__KAL__HN_NF_RF,TRUE,1,4,-0.9751491930150394
BRISONr_192,2017__KAL__HN_WF_RF,TRUE,1,4,-0.7997297393130658
BRISONr_192,2017__KAL__LN_NF_RF,TRUE,1,4,-0.5244841892968629
BRISONr_192,2017__KIE__HN_NF_RF,TRUE,1,4,-0.5608421035139612
BRISONr_192,2017__KIE__HN_WF_RF,TRUE,1,4,-0.3779129436305857
BRISONr_192,2017__KIE__LN_NF_RF,TRUE,1,4,-0.9911470274590244
BRISONr_192,2017__QLB__HN_NF_RF,TRUE,1,4,-0.6528390114061718
BRISONr_192,2017__QLB__HN_WF_RF,TRUE,1,4,-0.7144464823249003
BRISONr_192,2017__QLB__LN_NF_RF,TRUE,1,4,-0.7611445632342901
BRISONr_193,2015__GGE__HN_NF_RF,TRUE,1,4,0.5724129283590623
BRISONr_193,2015__GGE__HN_WF_RF,TRUE,1,4,-0.2198148244108625
BRISONr_193,2015__GGE__LN_NF_RF,TRUE,1,4,-0.22633301126552915
BRISONr_193,2015__HAN__HN_NF_RF,TRUE,1,4,0.5072873116562274
BRISONr_193,2015__HAN__HN_WF_RF,TRUE,1,4,0.0493297006052317
BRISONr_193,2015__HAN__LN_NF_RF,TRUE,1,4,0.39786922577634776
BRISONr_193,2015__KAL__HN_NF_RF,TRUE,0.9232988434688713,3,0.3902089390320311
BRISONr_193,2015__KAL__HN_WF_RF,TRUE,0.9232988434688713,3,-0.1859073070555731
BRISONr_193,2015__KAL__LN_NF_RF,TRUE,0.9232988434688713,3,-0.17780869984821981
BRISONr_193,2015__KIE__HN_NF_RF,TRUE,1,4,-0.009983121296167574
BRISONr_193,2015__KIE__HN_WF_RF,TRUE,1,4,-0.21060374432771317
BRISONr_193,2015__KIE__LN_NF_RF,TRUE,1,4,-0.45419494867262733
BRISONr_193,2015__QLB__HN_NF_RF,TRUE,1,4,0.19294738390586771
BRISONr_193,2015__QLB__HN_WF_RF,TRUE,1,4,-0.4822479196748015
BRISONr_193,2015__QLB__LN_NF_RF,TRUE,1,4,0.2642383446266662
BRISONr_193,2016__GGE__HN_NF_RF,TRUE,1,4,-0.061576654581994426
BRISONr_193,2016__GGE__HN_WF_RF,TRUE,1,4,0.215303464159869
BRISONr_193,2016__GGE__LN_NF_RF,TRUE,1,4,0.2976749494625897
BRISONr_193,2016__HAN__HN_NF_RF,TRUE,1,4,0.32589429655908636
BRISONr_193,2016__HAN__HN_WF_RF,TRUE,1,4,0.015437460353576175
BRISONr_193,2016__HAN__LN_NF_RF,TRUE,1,4,-0.19109170194649439
BRISONr_193,2016__KAL__HN_NF_RF,TRUE,1,4,0.47890274366098107
BRISONr_193,2016__KAL__HN_WF_RF,TRUE,1,4,-0.058763056318287155
BRISONr_193,2016__KAL__LN_NF_RF,TRUE,1,4,0.2795225016913386
BRISONr_193,2016__KIE__HN_NF_RF,TRUE,1,4,-0.12505325107210957
BRISONr_193,2016__KIE__HN_WF_RF,TRUE,1,4,4.557570858396802e-4
BRISONr_193,2016__KIE__LN_NF_RF,TRUE,1,4,0.040227954740294364
BRISONr_193,2016__QLB__HN_NF_RF,TRUE,1,4,-0.21126912262256517
BRISONr_193,2016__QLB__HN_WF_RF,TRUE,1,4,-0.10569647955470707
BRISONr_193,2016__QLB__LN_NF_RF,TRUE,1,4,-0.14634537633619077
BRISONr_193,2017__GGE__HN_NF_RF,TRUE,1,4,0.05842229138552708
BRISONr_193,2017__GGE__HN_WF_RF,TRUE,1,4,0.05201010860134127
BRISONr_193,2017__GGE__LN_NF_RF,TRUE,1,4,0.11847931941172568
BRISONr_193,2017__HAN__HN_NF_RF,TRUE,1,4,0.23982137293470504
BRISONr_193,2017__HAN__HN_WF_RF,TRUE,1,4,0.05665408475673481
BRISONr_193,2017__HAN__LN_NF_RF,TRUE,1,4,0.1447724473338131
BRISONr_193,2017__KAL__HN_NF_RF,TRUE,1,4,0.1313981465608579
BRISONr_193,2017__KAL__HN_WF_RF,TRUE,1,4,-0.5134798660996407
BRISONr_193,2017__KAL__LN_NF_RF,TRUE,1,4,0.24916910116584723
BRISONr_193,2017__KIE__HN_NF_RF,TRUE,1,4,0.01951596768062306
BRISONr_193,2017__KIE__HN_WF_RF,TRUE,1,4,0.3259851411721345
BRISONr_193,2017__KIE__LN_NF_RF,TRUE,1,4,-0.22754480751139033
BRISONr_193,2017__QLB__HN_NF_RF,TRUE,1,4,-0.05454354468351194
BRISONr_193,2017__QLB__HN_WF_RF,TRUE,1,4,-0.2174391086044166
BRISONr_193,2017__QLB__LN_NF_RF,TRUE,1,4,-0.39671053639181697
BRISONr_194,2015__GGE__HN_NF_RF,TRUE,1,4,-1.9951045642769458
BRISONr_194,2015__GGE__HN_WF_RF,TRUE,1,4,-0.2207451560507997
BRISONr_194,2015__GGE__LN_NF_RF,TRUE,1,4,-1.137244926805156
BRISONr_194,2015__HAN__HN_NF_RF,TRUE,1,4,-0.7740252738862816
BRISONr_194,2015__HAN__HN_WF_RF,TRUE,1,4,0.2576853778522083
BRISONr_194,2015__HAN__LN_NF_RF,TRUE,1,4,-0.7692182788858072
BRISONr_194,2015__KAL__HN_NF_RF,TRUE,0.9232988434688713,3,-2.1395702821366878
BRISONr_194,2015__KAL__HN_WF_RF,TRUE,0.9232988434688713,3,-0.585487788928924
BRISONr_194,2015__KAL__LN_NF_RF,TRUE,0.9232988434688713,3,-2.2087133331362376
BRISONr_194,2015__KIE__HN_NF_RF,TRUE,1,4,-0.5299112960092907
BRISONr_194,2015__KIE__HN_WF_RF,TRUE,1,4,-0.24868562198073643
BRISONr_194,2015__KIE__LN_NF_RF,TRUE,1,4,-0.22013343306408678
BRISONr_194,2015__QLB__HN_NF_RF,TRUE,1,4,-0.6727200609950539
BRISONr_194,2015__QLB__HN_WF_RF,TRUE,1,4,0.030231508629199808
BRISONr_194,2015__QLB__LN_NF_RF,TRUE,1,4,-0.6054484599864576
BRISONr_194,2016__GGE__HN_NF_RF,TRUE,1,4,-0.7451390322019936
BRISONr_194,2016__GGE__HN_WF_RF,TRUE,1,4,-1.0049365160500523
BRISONr_194,2016__GGE__LN_NF_RF,TRUE,1,4,-1.3864164765091551
BRISONr_194,2016__HAN__HN_NF_RF,TRUE,1,4,-1.4105691382705143
BRISONr_194,2016__HAN__HN_WF_RF,TRUE,1,4,0.4276860487154199
BRISONr_194,2016__HAN__LN_NF_RF,TRUE,1,4,-0.5101804437729703
BRISONr_194,2016__KAL__HN_NF_RF,TRUE,1,4,-1.1072713429144048
BRISONr_194,2016__KAL__HN_WF_RF,TRUE,1,4,0.5729415687073389
BRISONr_194,2016__KAL__LN_NF_RF,TRUE,1,4,-1.4380864256431898
BRISONr_194,2016__KIE__HN_NF_RF,TRUE,1,4,-1.4952796610736179
BRISONr_194,2016__KIE__HN_WF_RF,TRUE,1,4,-0.23802754833934192
BRISONr_194,2016__KIE__LN_NF_RF,TRUE,1,4,0.15832508123383135
BRISONr_194,2016__QLB__HN_NF_RF,TRUE,1,4,-0.9031636670679978
BRISONr_194,2016__QLB__HN_WF_RF,TRUE,1,4,0.10277430669878047
BRISONr_194,2016__QLB__LN_NF_RF,TRUE,1,4,-0.0640030120346528
BRISONr_194,2017__GGE__HN_NF_RF,TRUE,1,4,-0.7870732018147704
BRISONr_194,2017__GGE__HN_WF_RF,TRUE,1,4,-0.19895501283349346
BRISONr_194,2017__GGE__LN_NF_RF,TRUE,1,4,-0.49000472533651407
BRISONr_194,2017__HAN__HN_NF_RF,TRUE,1,4,-1.5001809870318121
BRISONr_194,2017__HAN__HN_WF_RF,TRUE,1,4,-0.023488645582974255
BRISONr_194,2017__HAN__LN_NF_RF,TRUE,1,4,-2.034427941927689
BRISONr_194,2017__KAL__HN_NF_RF,TRUE,1,4,-1.8360528258875826
BRISONr_194,2017__KAL__HN_WF_RF,TRUE,1,4,-0.2940240781134266
BRISONr_194,2017__KAL__LN_NF_RF,TRUE,1,4,-0.7929587346493826
BRISONr_194,2017__KIE__HN_NF_RF,TRUE,1,4,-0.24131365127843332
BRISONr_194,2017__KIE__HN_WF_RF,TRUE,1,4,-0.2692178245961186
BRISONr_194,2017__KIE__LN_NF_RF,TRUE,1,4,-0.5313237903887388
BRISONr_194,2017__QLB__HN_NF_RF,TRUE,1,4,-0.6518278630248271
BRISONr_194,2017__QLB__HN_WF_RF,TRUE,1,4,0.37518396304151014
BRISONr_194,2017__QLB__LN_NF_RF,TRUE,1,4,-0.5678163453047799
BRISONr_195,2015__GGE__HN_NF_RF,TRUE,1,4,0.04859725175685499
BRISONr_195,2015__GGE__HN_WF_RF,TRUE,1,4,-0.2332729826499517
BRISONr_195,2015__GGE__LN_NF_RF,TRUE,1,4,-0.3004955872892695
BRISONr_195,2015__HAN__HN_NF_RF,TRUE,1,4,0.06764154872597472
BRISONr_195,2015__HAN__HN_WF_RF,TRUE,1,4,-0.21998778888832746
BRISONr_195,2015__HAN__LN_NF_RF,TRUE,1,4,-0.28589693416580986
BRISONr_195,2015__KAL__HN_NF_RF,TRUE,0.9232988434688713,3,0.11105877657661227
BRISONr_195,2015__KAL__HN_WF_RF,TRUE,0.9232988434688713,3,-0.7293013671254353
BRISONr_195,2015__KAL__LN_NF_RF,TRUE,0.9232988434688713,3,-0.019024976179941172
BRISONr_195,2015__KIE__HN_NF_RF,TRUE,1,4,-0.5031184111964954
BRISONr_195,2015__KIE__HN_WF_RF,TRUE,1,4,-0.10714677556152395
BRISONr_195,2015__KIE__LN_NF_RF,TRUE,1,4,-0.6030947886321321
BRISONr_195,2015__QLB__HN_NF_RF,TRUE,1,4,0.1473201139029747
BRISONr_195,2015__QLB__HN_WF_RF,TRUE,1,4,-0.3028308307243459
BRISONr_195,2015__QLB__LN_NF_RF,TRUE,1,4,-0.2980287524123352
BRISONr_195,2016__GGE__HN_NF_RF,TRUE,1,4,-0.2124884680571709
BRISONr_195,2016__GGE__HN_WF_RF,TRUE,1,4,-0.2916615238027618
BRISONr_195,2016__GGE__LN_NF_RF,TRUE,1,4,-0.05815789000014895
BRISONr_195,2016__HAN__HN_NF_RF,TRUE,1,4,0.07046578829313035
BRISONr_195,2016__HAN__HN_WF_RF,TRUE,1,4,-0.183698048206715
BRISONr_195,2016__HAN__LN_NF_RF,TRUE,1,4,-0.34769186106767114
BRISONr_195,2016__KAL__HN_NF_RF,TRUE,1,4,0.5015205941899616
BRISONr_195,2016__KAL__HN_WF_RF,TRUE,1,4,-0.36688074753436944
BRISONr_195,2016__KAL__LN_NF_RF,TRUE,1,4,0.18706766517705334
BRISONr_195,2016__KIE__HN_NF_RF,TRUE,1,4,-0.014594205697445413
BRISONr_195,2016__KIE__HN_WF_RF,TRUE,1,4,-0.3455138323473587
BRISONr_195,2016__KIE__LN_NF_RF,TRUE,1,4,-0.07176973093115127
BRISONr_195,2016__QLB__HN_NF_RF,TRUE,1,4,-0.959430099230769
BRISONr_195,2016__QLB__HN_WF_RF,TRUE,1,4,-0.8392530598979376
BRISONr_195,2016__QLB__LN_NF_RF,TRUE,1,4,-1.0686136659427738
BRISONr_195,2017__GGE__HN_NF_RF,TRUE,1,4,-0.13832060010604344
BRISONr_195,2017__GGE__HN_WF_RF,TRUE,1,4,-0.4749919646549731
BRISONr_195,2017__GGE__LN_NF_RF,TRUE,1,4,-0.15030888725908104
BRISONr_195,2017__HAN__HN_NF_RF,TRUE,1,4,-0.2279323482532236
BRISONr_195,2017__HAN__HN_WF_RF,TRUE,1,4,-1.1743494411835644
BRISONr_195,2017__HAN__LN_NF_RF,TRUE,1,4,-0.19121184757674844
BRISONr_195,2017__KAL__HN_NF_RF,TRUE,1,4,-0.19760312927854332
BRISONr_195,2017__KAL__HN_WF_RF,TRUE,1,4,-0.5815286516704046
BRISONr_195,2017__KAL__LN_NF_RF,TRUE,1,4,0.5684942295109022
BRISONr_195,2017__KIE__HN_NF_RF,TRUE,1,4,-0.38536777739038286
BRISONr_195,2017__KIE__HN_WF_RF,TRUE,1,4,-0.29284060548806956
BRISONr_195,2017__KIE__LN_NF_RF,TRUE,1,4,-0.9820756765599731
BRISONr_195,2017__QLB__HN_NF_RF,TRUE,1,4,-0.33138176160305866
BRISONr_195,2017__QLB__HN_WF_RF,TRUE,1,4,0.05893113622038275
BRISONr_195,2017__QLB__LN_NF_RF,TRUE,1,4,-0.9276502996075766
BRISONr_196,2015__GGE__HN_NF_RF,TRUE,1,4,-2.395620272576096
BRISONr_196,2015__GGE__HN_WF_RF,TRUE,1,4,-0.8331636739318847
BRISONr_196,2015__GGE__LN_NF_RF,TRUE,1,4,-1.7050399309231465
BRISONr_196,2015__HAN__HN_NF_RF,TRUE,1,4,-1.5270364547326039
BRISONr_196,2015__HAN__HN_WF_RF,TRUE,1,4,-0.8691954180919236
BRISONr_196,2015__HAN__LN_NF_RF,TRUE,1,4,-1.594494356596435
BRISONr_196,2015__KAL__HN_NF_RF,TRUE,0.9232988434688713,3,-1.25169044400769
BRISONr_196,2015__KAL__HN_WF_RF,TRUE,0.9232988434688713,3,-0.5022493345810393
BRISONr_196,2015__KAL__LN_NF_RF,TRUE,0.9232988434688713,3,-0.5141408644930099
BRISONr_196,2015__KIE__HN_NF_RF,TRUE,1,4,-1.3745252532432857
BRISONr_196,2015__KIE__HN_WF_RF,TRUE,1,4,-0.5266628012902749
BRISONr_196,2015__KIE__LN_NF_RF,TRUE,1,4,-1.1805082666098432
BRISONr_196,2015__QLB__HN_NF_RF,TRUE,1,4,-1.4658965281249845
BRISONr_196,2015__QLB__HN_WF_RF,TRUE,1,4,-0.8317226332070268
BRISONr_196,2015__QLB__LN_NF_RF,TRUE,1,4,-2.6113773501656645
BRISONr_196,2016__GGE__HN_NF_RF,TRUE,1,4,-1.9690898653698548
BRISONr_196,2016__GGE__HN_WF_RF,TRUE,1,4,-2.233818475416897
BRISONr_196,2016__GGE__LN_NF_RF,TRUE,1,4,-1.6516770905578877
BRISONr_196,2016__HAN__HN_NF_RF,TRUE,1,4,-2.0935759837917916
BRISONr_196,2016__HAN__HN_WF_RF,TRUE,1,4,-0.6055812060398027
BRISONr_196,2016__HAN__LN_NF_RF,TRUE,1,4,-1.038363168072951
BRISONr_196,2016__KAL__HN_NF_RF,TRUE,1,4,-1.7882851578318406
BRISONr_196,2016__KAL__HN_WF_RF,TRUE,1,4,-0.40715422122363915
BRISONr_196,2016__KAL__LN_NF_RF,TRUE,1,4,-1.9370477723115178
BRISONr_196,2016__KIE__HN_NF_RF,TRUE,1,4,-2.2162960055198493
BRISONr_196,2016__KIE__HN_WF_RF,TRUE,1,4,-0.8477040866361986
BRISONr_196,2016__KIE__LN_NF_RF,TRUE,1,4,-1.6350249570556048
BRISONr_196,2016__QLB__HN_NF_RF,TRUE,1,4,-1.9868011111362944
BRISONr_196,2016__QLB__HN_WF_RF,TRUE,1,4,-0.3994679502911034
BRISONr_196,2016__QLB__LN_NF_RF,TRUE,1,4,-1.2203157309795107
BRISONr_196,2017__GGE__HN_NF_RF,TRUE,1,4,-0.46975467479247784
BRISONr_196,2017__GGE__HN_WF_RF,TRUE,1,4,-1.168795043080888
BRISONr_196,2017__GGE__LN_NF_RF,TRUE,1,4,-1.7417319619660119
BRISONr_196,2017__HAN__HN_NF_RF,TRUE,1,4,-2.0141059551255354
BRISONr_196,2017__HAN__HN_WF_RF,TRUE,1,4,-1.965235628454605
BRISONr_196,2017__HAN__LN_NF_RF,TRUE,1,4,-2.233714520126917
BRISONr_196,2017__KAL__HN_NF_RF,TRUE,1,4,-1.9503529075975503
BRISONr_196,2017__KAL__HN_WF_RF,TRUE,1,4,-0.8354224951403575
BRISONr_196,2017__KAL__LN_NF_RF,TRUE,1,4,-0.9669567387549867
BRISONr_196,2017__KIE__HN_WF_RF,TRUE,1,4,-1.20374228709566
BRISONr_196,2017__QLB__HN_NF_RF,TRUE,1,4,-1.9554564106065238
BRISONr_196,2017__QLB__HN_WF_RF,TRUE,1,4,-0.236224441858385
BRISONr_196,2017__QLB__LN_NF_RF,TRUE,1,4,-1.8322051900723457
BRISONr_197,2015__GGE__HN_NF_RF,TRUE,1,4,0.6615472312551952
BRISONr_197,2015__GGE__HN_WF_RF,TRUE,1,4,-0.13832832071341974
BRISONr_197,2015__GGE__LN_NF_RF,TRUE,1,4,0.07887674182056202
BRISONr_197,2015__HAN__HN_NF_RF,TRUE,1,4,0.17678611011677475
BRISONr_197,2015__HAN__HN_WF_RF,TRUE,1,4,0.40045105679356935
BRISONr_197,2015__HAN__LN_NF_RF,TRUE,1,4,-0.28187014851356185
BRISONr_197,2015__KAL__HN_NF_RF,TRUE,0.9232988434688713,3,-1.002475099005224
BRISONr_197,2015__KAL__HN_WF_RF,TRUE,0.9232988434688713,3,-0.7873103893582388
BRISONr_197,2015__KAL__LN_NF_RF,TRUE,0.9232988434688713,3,-1.069343668309345
BRISONr_197,2015__KIE__HN_NF_RF,TRUE,1,4,-0.09925411453592796
BRISONr_197,2015__KIE__HN_WF_RF,TRUE,1,4,-1.0054377687582423
BRISONr_197,2015__KIE__LN_NF_RF,TRUE,1,4,0.32557970026508576
BRISONr_197,2015__QLB__HN_NF_RF,TRUE,1,4,-0.34105291198959337
BRISONr_197,2015__QLB__HN_WF_RF,TRUE,1,4,0.8170141409293519
BRISONr_197,2015__QLB__LN_NF_RF,TRUE,1,4,-0.7065981839125474
BRISONr_197,2016__GGE__HN_NF_RF,TRUE,1,4,0.30662194416258326
BRISONr_197,2016__GGE__HN_WF_RF,TRUE,1,4,0.5269119025686463
BRISONr_197,2016__GGE__LN_NF_RF,TRUE,1,4,0.45265858828545613
BRISONr_197,2016__HAN__HN_NF_RF,TRUE,1,4,0.9474679958179705
BRISONr_197,2016__HAN__HN_WF_RF,TRUE,1,4,0.5433500761933954
BRISONr_197,2016__HAN__LN_NF_RF,TRUE,1,4,0.156110667144933
BRISONr_197,2016__KAL__HN_NF_RF,TRUE,1,4,0.5569018869207253
BRISONr_197,2016__KAL__HN_WF_RF,TRUE,1,4,0.39754842496669723
BRISONr_197,2016__KAL__LN_NF_RF,TRUE,1,4,0.2092845780230247
BRISONr_197,2016__KIE__HN_NF_RF,TRUE,1,4,0.13648601169125005
BRISONr_197,2016__KIE__HN_WF_RF,TRUE,1,4,-0.02655131536572919
BRISONr_197,2016__KIE__LN_NF_RF,TRUE,1,4,-0.7914357648229681
BRISONr_197,2016__QLB__HN_NF_RF,TRUE,1,4,-0.29246223558880885
BRISONr_197,2016__QLB__HN_WF_RF,TRUE,1,4,0.09401399625780657
BRISONr_197,2016__QLB__LN_NF_RF,TRUE,1,4,-0.06771430909792872
BRISONr_197,2017__GGE__HN_NF_RF,TRUE,1,4,0.01290824626449135
BRISONr_197,2017__GGE__HN_WF_RF,TRUE,1,4,-0.23240840576169444
BRISONr_197,2017__GGE__LN_NF_RF,TRUE,1,4,0.09252197647465311
BRISONr_197,2017__HAN__HN_NF_RF,TRUE,1,4,0.32873559086606513
BRISONr_197,2017__HAN__HN_WF_RF,TRUE,1,4,-0.09766582267767987
BRISONr_197,2017__HAN__LN_NF_RF,TRUE,1,4,-0.03058923871602711
BRISONr_197,2017__KAL__HN_NF_RF,TRUE,1,4,0.43903173104788035
BRISONr_197,2017__KAL__HN_WF_RF,TRUE,1,4,0.38631747304357705
BRISONr_197,2017__KAL__LN_NF_RF,TRUE,1,4,0.012355462146161563
BRISONr_197,2017__KIE__HN_NF_RF,TRUE,1,4,0.25041610002238696
BRISONr_197,2017__QLB__HN_NF_RF,TRUE,1,4,2.1973093753441253e-4
BRISONr_197,2017__QLB__HN_WF_RF,TRUE,1,4,0.6835226968540569
BRISONr_197,2017__QLB__LN_NF_RF,TRUE,1,4,0.4818963219353004
BRISONr_198,2015__GGE__HN_NF_RF,TRUE,1,4,-0.1271999982259521
BRISONr_198,2015__GGE__HN_WF_RF,TRUE,1,4,-0.5677923521997137
BRISONr_198,2015__GGE__LN_NF_RF,TRUE,1,4,-0.6712724368562565
BRISONr_198,2015__HAN__HN_NF_RF,TRUE,1,4,-0.10357107568720791
BRISONr_198,2015__HAN__HN_WF_RF,TRUE,1,4,0.12795606138233137
BRISONr_198,2015__HAN__LN_NF_RF,TRUE,1,4,-0.2663638016981453
BRISONr_198,2015__KAL__HN_NF_RF,TRUE,0.9232988434688713,3,-0.45792974086390054
BRISONr_198,2015__KAL__HN_WF_RF,TRUE,0.9232988434688713,3,-0.9444149797322104
BRISONr_198,2015__KAL__LN_NF_RF,TRUE,0.9232988434688713,3,-1.0250975710081571
BRISONr_198,2015__KIE__HN_NF_RF,TRUE,1,4,-0.3775736562424944
BRISONr_198,2015__KIE__HN_WF_RF,TRUE,1,4,0.09764781877901246
BRISONr_198,2015__KIE__LN_NF_RF,TRUE,1,4,-0.17415083643499826
BRISONr_198,2015__QLB__HN_NF_RF,TRUE,1,4,0.0736584446603293
BRISONr_198,2015__QLB__HN_WF_RF,TRUE,1,4,-0.2910525724565654
BRISONr_198,2015__QLB__LN_NF_RF,TRUE,1,4,-0.47744964078753177
BRISONr_198,2016__GGE__HN_NF_RF,TRUE,1,4,0.2507263988168263
BRISONr_198,2016__GGE__HN_WF_RF,TRUE,1,4,0.07070909063894637
BRISONr_198,2016__GGE__LN_NF_RF,TRUE,1,4,-0.42405378654945036
BRISONr_198,2016__HAN__HN_NF_RF,TRUE,1,4,0.3158733658452203
BRISONr_198,2016__HAN__HN_WF_RF,TRUE,1,4,-0.2432118141423317
BRISONr_198,2016__HAN__LN_NF_RF,TRUE,1,4,0.10206264423634664
BRISONr_198,2016__KAL__HN_NF_RF,TRUE,1,4,0.6394352563045503
BRISONr_198,2016__KAL__HN_WF_RF,TRUE,1,4,-0.07955118168446464
BRISONr_198,2016__KAL__LN_NF_RF,TRUE,1,4,-0.20362874130312444
BRISONr_198,2016__KIE__HN_NF_RF,TRUE,1,4,0.04307385660457748
BRISONr_198,2016__KIE__HN_WF_RF,TRUE,1,4,-0.11411932290434808
BRISONr_198,2016__KIE__LN_NF_RF,TRUE,1,4,-0.7825377986673342
BRISONr_198,2016__QLB__HN_NF_RF,TRUE,1,4,0.0861189759735071
BRISONr_198,2016__QLB__HN_WF_RF,TRUE,1,4,-0.038157113580863856
BRISONr_198,2016__QLB__LN_NF_RF,TRUE,1,4,0.4330325174424149
BRISONr_198,2017__GGE__HN_NF_RF,TRUE,1,4,-0.5931996502679782
BRISONr_198,2017__GGE__HN_WF_RF,TRUE,1,4,-1.1091895377710945
BRISONr_198,2017__GGE__LN_NF_RF,TRUE,1,4,-1.0947107451080538
BRISONr_198,2017__HAN__HN_NF_RF,TRUE,1,4,-0.17415898401702395
BRISONr_198,2017__HAN__HN_WF_RF,TRUE,1,4,-0.4073967978116377
BRISONr_198,2017__HAN__LN_NF_RF,TRUE,1,4,-0.5932915925586201
BRISONr_198,2017__KAL__HN_NF_RF,TRUE,1,4,0.21315157320564534
BRISONr_198,2017__KAL__HN_WF_RF,TRUE,1,4,-0.6629030673714837
BRISONr_198,2017__KAL__LN_NF_RF,TRUE,1,4,0.09905703002223055
BRISONr_198,2017__KIE__HN_NF_RF,TRUE,1,4,-0.17255146175903688
BRISONr_198,2017__KIE__HN_WF_RF,TRUE,1,4,-1.0322135038219977
BRISONr_198,2017__KIE__LN_NF_RF,TRUE,1,4,0.03936133331201366
BRISONr_198,2017__QLB__HN_NF_RF,TRUE,1,4,0.032340323445097366
BRISONr_198,2017__QLB__HN_WF_RF,TRUE,1,4,0.8384895016990477
BRISONr_198,2017__QLB__LN_NF_RF,TRUE,1,4,-0.5288493160617017
BRISONr_199,2015__GGE__HN_NF_RF,TRUE,1,4,-0.019975033578117064
BRISONr_199,2015__GGE__HN_WF_RF,TRUE,1,4,-0.6538889797117564
BRISONr_199,2015__GGE__LN_NF_RF,TRUE,1,4,-0.3379502786006894
BRISONr_199,2015__HAN__HN_NF_RF,TRUE,1,4,-0.1974835657853019
BRISONr_199,2015__HAN__HN_WF_RF,TRUE,1,4,-0.7335019035830019
BRISONr_199,2015__HAN__LN_NF_RF,TRUE,1,4,-0.10477191812686122
BRISONr_199,2015__KAL__HN_NF_RF,TRUE,0.9232988434688713,3,-0.31923225540862166
BRISONr_199,2015__KAL__HN_WF_RF,TRUE,0.9232988434688713,3,-0.27828847368977955
BRISONr_199,2015__KAL__LN_NF_RF,TRUE,0.9232988434688713,3,-0.3193314736589869
BRISONr_199,2015__KIE__HN_NF_RF,TRUE,1,4,-0.9863471038911035
BRISONr_199,2015__KIE__HN_WF_RF,TRUE,1,4,-1.29304921006191
BRISONr_199,2015__KIE__LN_NF_RF,TRUE,1,4,-1.1959161800524218
BRISONr_199,2015__QLB__HN_NF_RF,TRUE,1,4,-0.3891172755223652
BRISONr_199,2015__QLB__HN_WF_RF,TRUE,1,4,-0.2984432117146551
BRISONr_199,2015__QLB__LN_NF_RF,TRUE,1,4,0.37595046772991625
BRISONr_199,2016__GGE__HN_NF_RF,TRUE,1,4,-0.09143200652355926
BRISONr_199,2016__GGE__HN_WF_RF,TRUE,1,4,-0.891300714491608
BRISONr_199,2016__GGE__LN_NF_RF,TRUE,1,4,0.08551860706662884
BRISONr_199,2016__HAN__HN_NF_RF,TRUE,1,4,0.45129329494480225
BRISONr_199,2016__HAN__HN_WF_RF,TRUE,1,4,-0.07894220823175266
BRISONr_199,2016__HAN__LN_NF_RF,TRUE,1,4,-0.08104486345718327
BRISONr_199,2016__KAL__HN_NF_RF,TRUE,1,4,-0.5945069478698526
BRISONr_199,2016__KAL__HN_WF_RF,TRUE,1,4,-0.4953416543403327
BRISONr_199,2016__KAL__LN_NF_RF,TRUE,1,4,-0.4146935672842782
BRISONr_199,2016__QLB__HN_NF_RF,TRUE,1,4,-0.9059177218225163
BRISONr_199,2016__QLB__HN_WF_RF,TRUE,1,4,-1.0235052691706876
BRISONr_199,2016__QLB__LN_NF_RF,TRUE,1,4,-1.1908418468262687
BRISONr_199,2017__GGE__HN_NF_RF,TRUE,1,4,-0.3426938015139642
BRISONr_199,2017__GGE__HN_WF_RF,TRUE,1,4,-0.3291409799841646
BRISONr_199,2017__GGE__LN_NF_RF,TRUE,1,4,0.020625210876476917
BRISONr_199,2017__HAN__HN_NF_RF,TRUE,1,4,0.38614157995447956
BRISONr_199,2017__HAN__HN_WF_RF,TRUE,1,4,-0.110770784502023
BRISONr_199,2017__HAN__LN_NF_RF,TRUE,1,4,-0.09534457706801608
BRISONr_199,2017__KAL__HN_NF_RF,TRUE,1,4,-0.10466967766791055
BRISONr_199,2017__KAL__HN_WF_RF,TRUE,1,4,-0.5138973225452992
BRISONr_199,2017__KAL__LN_NF_RF,TRUE,1,4,-0.23509244124388373
BRISONr_199,2017__KIE__HN_NF_RF,TRUE,1,4,0.24085641921524753
BRISONr_199,2017__KIE__HN_WF_RF,TRUE,1,4,-0.13672866454682178
BRISONr_199,2017__KIE__LN_NF_RF,TRUE,1,4,-0.27875844671416433
BRISONr_199,2017__QLB__HN_NF_RF,TRUE,1,4,-1.1369375989989412
BRISONr_199,2017__QLB__HN_WF_RF,TRUE,1,4,-0.5474630510770792
BRISONr_199,2017__QLB__LN_NF_RF,TRUE,1,4,-1.6377592991913101
BRISONr_2,2015__GGE__HN_NF_RF,TRUE,1,4,-1.4262240075856045
BRISONr_2,2015__GGE__HN_WF_RF,TRUE,1,4,0.33924251458706667
BRISONr_2,2015__GGE__LN_NF_RF,TRUE,1,4,-0.6390191129960008
BRISONr_2,2015__HAN__HN_NF_RF,TRUE,1,4,-1.4658864781943755
BRISONr_2,2015__HAN__HN_WF_RF,TRUE,1,4,-1.2421386342868017
BRISONr_2,2015__HAN__LN_NF_RF,TRUE,1,4,-0.6536036418200111
BRISONr_2,2015__KAL__HN_NF_RF,TRUE,0.9232988434688713,3,-1.5016694687074654
BRISONr_2,2015__KAL__HN_WF_RF,TRUE,0.9232988434688713,3,0.63125555805676
BRISONr_2,2015__KAL__LN_NF_RF,TRUE,0.9232988434688713,3,-0.6610523789886293
BRISONr_2,2015__KIE__HN_NF_RF,TRUE,1,4,-1.0606512203670013
BRISONr_2,2015__KIE__HN_WF_RF,TRUE,1,4,-0.3202358594431726
BRISONr_2,2015__KIE__LN_NF_RF,TRUE,1,4,0.16628988153824492
BRISONr_2,2015__QLB__HN_NF_RF,TRUE,1,4,-1.0375548896613753
BRISONr_2,2015__QLB__HN_WF_RF,TRUE,1,4,-0.302248699040513
BRISONr_2,2015__QLB__LN_NF_RF,TRUE,1,4,-1.1585046548763607
BRISONr_2,2016__GGE__HN_NF_RF,TRUE,1,4,-1.8966460643525487
BRISONr_2,2016__GGE__HN_WF_RF,TRUE,1,4,-1.3310740190967258
BRISONr_2,2016__GGE__LN_NF_RF,TRUE,1,4,-1.4248185585448776
BRISONr_2,2016__HAN__HN_NF_RF,TRUE,1,4,-1.7200203205087876
BRISONr_2,2016__HAN__HN_WF_RF,TRUE,1,4,-0.23798373522217942
BRISONr_2,2016__HAN__LN_NF_RF,TRUE,1,4,-0.6849303894979103
BRISONr_2,2016__KAL__HN_NF_RF,TRUE,1,4,-1.9378805412857496
BRISONr_2,2016__KAL__HN_WF_RF,TRUE,1,4,-0.21061716115433005
BRISONr_2,2016__KAL__LN_NF_RF,TRUE,1,4,-0.9248952674201909
BRISONr_2,2016__KIE__HN_NF_RF,TRUE,1,4,-1.482248642790109
BRISONr_2,2016__KIE__HN_WF_RF,TRUE,1,4,-0.3662470026003458
BRISONr_2,2016__KIE__LN_NF_RF,TRUE,1,4,-0.9950904275715596
BRISONr_2,2016__QLB__HN_NF_RF,TRUE,1,4,-1.2809100839406333
BRISONr_2,2016__QLB__HN_WF_RF,TRUE,1,4,-0.1968562577163832
BRISONr_2,2016__QLB__LN_NF_RF,TRUE,1,4,-1.4983453418999582
BRISONr_2,2017__GGE__HN_NF_RF,TRUE,1,4,-1.2156150788922198
BRISONr_2,2017__GGE__HN_WF_RF,TRUE,1,4,-0.574957547973661
BRISONr_2,2017__GGE__LN_NF_RF,TRUE,1,4,-0.26843936758765685
BRISONr_2,2017__HAN__HN_NF_RF,TRUE,1,4,-1.653868725769344
BRISONr_2,2017__HAN__HN_WF_RF,TRUE,1,4,-0.6558331922764911
BRISONr_2,2017__HAN__LN_NF_RF,TRUE,1,4,-1.1097712092385679
BRISONr_2,2017__KAL__HN_NF_RF,TRUE,1,4,-1.289307882849456
BRISONr_2,2017__KAL__HN_WF_RF,TRUE,1,4,0.1932855672586737
BRISONr_2,2017__KAL__LN_NF_RF,TRUE,1,4,-0.13872829054341806
BRISONr_2,2017__KIE__HN_NF_RF,TRUE,1,4,-0.8248270536005772
BRISONr_2,2017__KIE__HN_WF_RF,TRUE,1,4,-0.30094352451899103
BRISONr_2,2017__KIE__LN_NF_RF,TRUE,1,4,-0.4468904574938486
BRISONr_2,2017__QLB__HN_NF_RF,TRUE,1,4,-1.5064148035712754
BRISONr_2,2017__QLB__HN_WF_RF,TRUE,1,4,-0.24839059545636769
BRISONr_2,2017__QLB__LN_NF_RF,TRUE,1,4,-1.4590211484210276
BRISONr_20,2015__GGE__HN_NF_RF,TRUE,1,4,0.08954275533953363
BRISONr_20,2015__GGE__HN_WF_RF,TRUE,1,4,0.11137563124094228
BRISONr_20,2015__GGE__LN_NF_RF,TRUE,1,4,0.036979396061729605
BRISONr_20,2015__HAN__HN_NF_RF,TRUE,1,4,-0.42921032527195563
BRISONr_20,2015__HAN__HN_WF_RF,TRUE,1,4,-0.2963911071883622
BRISONr_20,2015__HAN__LN_NF_RF,TRUE,1,4,0.08826940253556503
BRISONr_20,2015__KAL__HN_NF_RF,TRUE,0.9232988434688713,3,-1.0664557837634503
BRISONr_20,2015__KAL__HN_WF_RF,TRUE,0.9232988434688713,3,0.07926309828643498
BRISONr_20,2015__KAL__LN_NF_RF,TRUE,0.9232988434688713,3,-0.1175650056497456
BRISONr_20,2015__KIE__HN_NF_RF,TRUE,1,4,-0.436747320815453
BRISONr_20,2015__KIE__HN_WF_RF,TRUE,1,4,-0.5372258994564433
BRISONr_20,2015__KIE__LN_NF_RF,TRUE,1,4,0.024754907070819322
BRISONr_20,2015__QLB__HN_NF_RF,TRUE,1,4,-0.41021381241878135
BRISONr_20,2015__QLB__HN_WF_RF,TRUE,1,4,-0.1684099466842727
BRISONr_20,2015__QLB__LN_NF_RF,TRUE,1,4,-0.6769917317547258
BRISONr_20,2016__GGE__HN_NF_RF,TRUE,1,4,-0.5014710304973747
BRISONr_20,2016__GGE__HN_WF_RF,TRUE,1,4,-0.7252090646256671
BRISONr_20,2016__GGE__LN_NF_RF,TRUE,1,4,0.009355094422270964
BRISONr_20,2016__HAN__HN_NF_RF,TRUE,1,4,-0.4306844324626008
BRISONr_20,2016__HAN__HN_WF_RF,TRUE,1,4,-0.03495236775372509
BRISONr_20,2016__HAN__LN_NF_RF,TRUE,1,4,0.07202098922179027
BRISONr_20,2016__KAL__HN_NF_RF,TRUE,1,4,-0.30389567505076787
BRISONr_20,2016__KAL__HN_WF_RF,TRUE,1,4,-0.45909244624406226
BRISONr_20,2016__KAL__LN_NF_RF,TRUE,1,4,0.13859030662169108
BRISONr_20,2016__KIE__HN_NF_RF,TRUE,1,4,0.11676641424799025
BRISONr_20,2016__KIE__HN_WF_RF,TRUE,1,4,-0.2986272535692097
BRISONr_20,2016__KIE__LN_NF_RF,TRUE,1,4,0.029778360522969012
BRISONr_20,2016__QLB__HN_NF_RF,TRUE,1,4,-0.45432525139094015
BRISONr_20,2016__QLB__HN_WF_RF,TRUE,1,4,-0.03281871925805206
BRISONr_20,2016__QLB__LN_NF_RF,TRUE,1,4,-0.7839166940069588
BRISONr_20,2017__GGE__HN_NF_RF,TRUE,1,4,-0.011006052242257855
BRISONr_20,2017__GGE__HN_WF_RF,TRUE,1,4,0.06100109857643947
BRISONr_20,2017__GGE__LN_NF_RF,TRUE,1,4,-0.01385669794292313
BRISONr_20,2017__HAN__HN_NF_RF,TRUE,1,4,-0.16586546320386295
BRISONr_20,2017__HAN__HN_WF_RF,TRUE,1,4,0.2124692003736647
BRISONr_20,2017__HAN__LN_NF_RF,TRUE,1,4,-0.2708697455212848
BRISONr_20,2017__KAL__HN_NF_RF,TRUE,1,4,0.5374759907910284
BRISONr_20,2017__KAL__HN_WF_RF,TRUE,1,4,-0.25709366064820494
BRISONr_20,2017__KAL__LN_NF_RF,TRUE,1,4,-0.3677673888227982
BRISONr_20,2017__KIE__HN_NF_RF,TRUE,1,4,0.21547982049522102
BRISONr_20,2017__KIE__HN_WF_RF,TRUE,1,4,-0.23381921597790753
BRISONr_20,2017__KIE__LN_NF_RF,TRUE,1,4,0.5317111966104304
BRISONr_20,2017__QLB__HN_NF_RF,TRUE,1,4,-0.15798948911332325
BRISONr_20,2017__QLB__HN_WF_RF,TRUE,1,4,-0.20801715957881167
BRISONr_20,2017__QLB__LN_NF_RF,TRUE,1,4,-0.27376324658161943
BRISONr_200,2015__GGE__HN_NF_RF,TRUE,1,4,-0.3160316248782583
BRISONr_200,2015__GGE__HN_WF_RF,TRUE,1,4,0.05946944172983142
BRISONr_200,2015__GGE__LN_NF_RF,TRUE,1,4,-0.09291399723168814
BRISONr_200,2015__HAN__HN_NF_RF,TRUE,1,4,-0.2698105592295585
BRISONr_200,2015__HAN__HN_WF_RF,TRUE,1,4,0.08141701192904122
BRISONr_200,2015__HAN__LN_NF_RF,TRUE,1,4,-0.31838008098677684
BRISONr_200,2015__KAL__HN_NF_RF,TRUE,0.9232988434688713,3,-0.7244321047689176
BRISONr_200,2015__KAL__HN_WF_RF,TRUE,0.9232988434688713,3,0.9764861510956405
BRISONr_200,2015__KAL__LN_NF_RF,TRUE,0.9232988434688713,3,-0.17844084772339763
BRISONr_200,2015__KIE__HN_NF_RF,TRUE,1,4,0.2890159386491357
BRISONr_200,2015__KIE__HN_WF_RF,TRUE,1,4,0.2540151270208844
BRISONr_200,2015__KIE__LN_NF_RF,TRUE,1,4,-0.1268847343292457
BRISONr_200,2015__QLB__HN_NF_RF,TRUE,1,4,-0.46659572531729304
BRISONr_200,2015__QLB__HN_WF_RF,TRUE,1,4,0.0143634030821716
BRISONr_200,2015__QLB__LN_NF_RF,TRUE,1,4,-1.2290789785132752
BRISONr_200,2016__GGE__HN_NF_RF,TRUE,1,4,-0.5385918194557782
BRISONr_200,2016__GGE__HN_WF_RF,TRUE,1,4,0.22415601886177647
BRISONr_200,2016__GGE__LN_NF_RF,TRUE,1,4,0.19663774363378622
BRISONr_200,2016__HAN__HN_NF_RF,TRUE,1,4,-0.0749808600365406
BRISONr_200,2016__HAN__HN_WF_RF,TRUE,1,4,0.5369438903365282
BRISONr_200,2016__HAN__LN_NF_RF,TRUE,1,4,-0.1897515871029777
BRISONr_200,2016__KAL__HN_NF_RF,TRUE,1,4,-0.3044523006150939
BRISONr_200,2016__KAL__HN_WF_RF,TRUE,1,4,0.0703252640276006
BRISONr_200,2016__KAL__LN_NF_RF,TRUE,1,4,0.02512344717182252
BRISONr_200,2016__KIE__HN_NF_RF,TRUE,1,4,-0.1983223560242352
BRISONr_200,2016__KIE__HN_WF_RF,TRUE,1,4,0.4910218885811694
BRISONr_200,2016__KIE__LN_NF_RF,TRUE,1,4,-0.059653435589487665
BRISONr_200,2016__QLB__HN_NF_RF,TRUE,1,4,-0.8037803483398452
BRISONr_200,2016__QLB__HN_WF_RF,TRUE,1,4,0.10292369996194456
BRISONr_200,2016__QLB__LN_NF_RF,TRUE,1,4,-0.8228557635394331
BRISONr_200,2017__GGE__HN_NF_RF,TRUE,1,4,0.26532737934102507
BRISONr_200,2017__GGE__HN_WF_RF,TRUE,1,4,-0.14792634283256254
BRISONr_200,2017__GGE__LN_NF_RF,TRUE,1,4,0.5115480371133906
BRISONr_200,2017__HAN__HN_NF_RF,TRUE,1,4,0.21824460819522934
BRISONr_200,2017__HAN__HN_WF_RF,TRUE,1,4,0.07524445129621984
BRISONr_200,2017__HAN__LN_NF_RF,TRUE,1,4,0.08206871041754524
BRISONr_200,2017__KAL__HN_NF_RF,TRUE,1,4,0.08369916304494841
BRISONr_200,2017__KAL__HN_WF_RF,TRUE,1,4,0.07664772615175439
BRISONr_200,2017__KAL__LN_NF_RF,TRUE,1,4,1.053315536829845
BRISONr_200,2017__KIE__HN_NF_RF,TRUE,1,4,0.26657608983716424
BRISONr_200,2017__KIE__HN_WF_RF,TRUE,1,4,0.5013599987933078
BRISONr_200,2017__KIE__LN_NF_RF,TRUE,1,4,0.24326184293243594
BRISONr_200,2017__QLB__HN_NF_RF,TRUE,1,4,-0.0589686004063605
BRISONr_200,2017__QLB__HN_WF_RF,TRUE,1,4,-0.20662843725440894
BRISONr_200,2017__QLB__LN_NF_RF,TRUE,1,4,-0.33541461882182805
BRISONr_201,2015__GGE__HN_NF_RF,TRUE,1,4,-1.1080215101281392
BRISONr_201,2015__GGE__HN_WF_RF,TRUE,1,4,-0.08427117183685062
BRISONr_201,2015__GGE__LN_NF_RF,TRUE,1,4,-0.4084449306968174
BRISONr_201,2015__HAN__HN_NF_RF,TRUE,1,4,-0.9371770328852793
BRISONr_201,2015__HAN__HN_WF_RF,TRUE,1,4,-0.14157816115458094
BRISONr_201,2015__HAN__LN_NF_RF,TRUE,1,4,-0.5287292007031607
BRISONr_201,2015__KAL__HN_NF_RF,TRUE,0.9232988434688713,3,-0.9857564915196445
BRISONr_201,2015__KAL__HN_WF_RF,TRUE,0.9232988434688713,3,-0.8818334508865201
BRISONr_201,2015__KAL__LN_NF_RF,TRUE,0.9232988434688713,3,0.025518078862973456
BRISONr_201,2015__KIE__HN_NF_RF,TRUE,1,4,-0.5559947466971865
BRISONr_201,2015__KIE__HN_WF_RF,TRUE,1,4,-0.3809160319135652
BRISONr_201,2015__KIE__LN_NF_RF,TRUE,1,4,-0.10490774342740247
BRISONr_201,2015__QLB__HN_NF_RF,TRUE,1,4,-0.48101921903672795
BRISONr_201,2015__QLB__HN_WF_RF,TRUE,1,4,0.1541300192363645
BRISONr_201,2015__QLB__LN_NF_RF,TRUE,1,4,-1.2379845290438494
BRISONr_201,2016__GGE__HN_NF_RF,TRUE,1,4,-0.8418359861112894
BRISONr_201,2016__GGE__HN_WF_RF,TRUE,1,4,-0.7311698587020371
BRISONr_201,2016__GGE__LN_NF_RF,TRUE,1,4,-0.10773607404771676
BRISONr_201,2016__HAN__HN_NF_RF,TRUE,1,4,-1.012945202680135
BRISONr_201,2016__HAN__HN_WF_RF,TRUE,1,4,-0.30557910050466275
BRISONr_201,2016__HAN__LN_NF_RF,TRUE,1,4,-0.6892447813457505
BRISONr_201,2016__KAL__HN_NF_RF,TRUE,1,4,-1.334627179814967
BRISONr_201,2016__KAL__HN_WF_RF,TRUE,1,4,-0.38929578586367725
BRISONr_201,2016__KAL__LN_NF_RF,TRUE,1,4,-0.43039340274420235
BRISONr_201,2016__KIE__HN_NF_RF,TRUE,1,4,-1.08280383051658
BRISONr_201,2016__KIE__HN_WF_RF,TRUE,1,4,-0.1357744297765942
BRISONr_201,2016__KIE__LN_NF_RF,TRUE,1,4,-0.46187649044748247
BRISONr_201,2016__QLB__HN_NF_RF,TRUE,1,4,-1.0078835733485305
BRISONr_201,2016__QLB__HN_WF_RF,TRUE,1,4,-0.46603259781783996
BRISONr_201,2016__QLB__LN_NF_RF,TRUE,1,4,-0.6636798401879426
BRISONr_201,2017__GGE__HN_NF_RF,TRUE,1,4,-0.31641564302795594
BRISONr_201,2017__GGE__HN_WF_RF,TRUE,1,4,-0.18141973689305985
BRISONr_201,2017__GGE__LN_NF_RF,TRUE,1,4,-0.22062728383485652
BRISONr_201,2017__HAN__HN_NF_RF,TRUE,1,4,-0.46100272601546594
BRISONr_201,2017__HAN__HN_WF_RF,TRUE,1,4,-0.5060772195729305
BRISONr_201,2017__HAN__LN_NF_RF,TRUE,1,4,-0.5806861063351776
BRISONr_201,2017__KAL__HN_NF_RF,TRUE,1,4,-0.5173528606680717
BRISONr_201,2017__KAL__HN_WF_RF,TRUE,1,4,-0.21096909943026568
BRISONr_201,2017__KAL__LN_NF_RF,TRUE,1,4,-0.310159457000006
BRISONr_201,2017__KIE__HN_NF_RF,TRUE,1,4,-0.06311790450028466
BRISONr_201,2017__KIE__HN_WF_RF,TRUE,1,4,-0.2806739144361824
BRISONr_201,2017__KIE__LN_NF_RF,TRUE,1,4,-0.7843032247684879
BRISONr_201,2017__QLB__HN_NF_RF,TRUE,1,4,-0.7400285018075119
BRISONr_201,2017__QLB__HN_WF_RF,TRUE,1,4,-0.3113187234879296
BRISONr_201,2017__QLB__LN_NF_RF,TRUE,1,4,-1.048246575986093
BRISONr_202,2015__GGE__HN_NF_RF,TRUE,1,4,0.29146465287787193
BRISONr_202,2015__GGE__HN_WF_RF,TRUE,1,4,-0.22615942521317647
BRISONr_202,2015__GGE__LN_NF_RF,TRUE,1,4,-0.20636575806607704
BRISONr_202,2015__HAN__HN_NF_RF,TRUE,1,4,0.3692862899288787
BRISONr_202,2015__HAN__HN_WF_RF,TRUE,1,4,0.2760652031354304
BRISONr_202,2015__HAN__LN_NF_RF,TRUE,1,4,0.0959583861624799
BRISONr_202,2015__KAL__HN_NF_RF,TRUE,0.9232988434688713,3,1.8435974298404236
BRISONr_202,2015__KAL__HN_WF_RF,TRUE,0.9232988434688713,3,-0.24240748205190885
BRISONr_202,2015__KAL__LN_NF_RF,TRUE,0.9232988434688713,3,-0.04458862997351951
BRISONr_202,2015__KIE__HN_NF_RF,TRUE,1,4,0.3366334269844104
BRISONr_202,2015__KIE__HN_WF_RF,TRUE,1,4,0.09437643934910186
BRISONr_202,2015__KIE__LN_NF_RF,TRUE,1,4,0.4684077879226497
BRISONr_202,2015__QLB__HN_NF_RF,TRUE,1,4,0.5124008127600572
BRISONr_202,2015__QLB__HN_WF_RF,TRUE,1,4,0.11846478655450468
BRISONr_202,2015__QLB__LN_NF_RF,TRUE,1,4,0.5987804235562286
BRISONr_202,2016__GGE__HN_NF_RF,TRUE,1,4,0.36788730355524074
BRISONr_202,2016__GGE__HN_WF_RF,TRUE,1,4,0.23192379151704362
BRISONr_202,2016__GGE__LN_NF_RF,TRUE,1,4,0.20237369443219938
BRISONr_202,2016__HAN__HN_NF_RF,TRUE,1,4,0.017600991757064317
BRISONr_202,2016__HAN__HN_WF_RF,TRUE,1,4,-0.23841869299038154
BRISONr_202,2016__HAN__LN_NF_RF,TRUE,1,4,0.06615224674552127
BRISONr_202,2016__KAL__HN_NF_RF,TRUE,1,4,0.6383940922449782
BRISONr_202,2016__KAL__HN_WF_RF,TRUE,1,4,0.31196449432005763
BRISONr_202,2016__KAL__LN_NF_RF,TRUE,1,4,-0.02278236656767444
BRISONr_202,2016__KIE__HN_NF_RF,TRUE,1,4,-0.1281480679977395
BRISONr_202,2016__KIE__HN_WF_RF,TRUE,1,4,0.3192925735330122
BRISONr_202,2016__KIE__LN_NF_RF,TRUE,1,4,-0.5743058104851795
BRISONr_202,2016__QLB__HN_NF_RF,TRUE,1,4,-0.3922523625578795
BRISONr_202,2016__QLB__HN_WF_RF,TRUE,1,4,-0.30582956066971084
BRISONr_202,2016__QLB__LN_NF_RF,TRUE,1,4,-0.09813538135391478
BRISONr_202,2017__GGE__HN_NF_RF,TRUE,1,4,0.026753873474362526
BRISONr_202,2017__GGE__HN_WF_RF,TRUE,1,4,-0.18100777903181936
BRISONr_202,2017__GGE__LN_NF_RF,TRUE,1,4,-0.1438945783168371
BRISONr_202,2017__HAN__HN_NF_RF,TRUE,1,4,0.17001470800788476
BRISONr_202,2017__HAN__HN_WF_RF,TRUE,1,4,-0.03711355844776866
BRISONr_202,2017__HAN__LN_NF_RF,TRUE,1,4,0.05350065508920437
BRISONr_202,2017__KAL__HN_NF_RF,TRUE,1,4,0.3146406976053278
BRISONr_202,2017__KAL__HN_WF_RF,TRUE,1,4,-0.02767921981761911
BRISONr_202,2017__KAL__LN_NF_RF,TRUE,1,4,0.9684824476492645
BRISONr_202,2017__KIE__HN_NF_RF,TRUE,1,4,0.3262344472732922
BRISONr_202,2017__KIE__HN_WF_RF,TRUE,1,4,0.3265658710634999
BRISONr_202,2017__KIE__LN_NF_RF,TRUE,1,4,-0.7382140674171459
BRISONr_202,2017__QLB__HN_NF_RF,TRUE,1,4,0.32168850193715737
BRISONr_202,2017__QLB__HN_WF_RF,TRUE,1,4,-0.6351672833844828
BRISONr_202,2017__QLB__LN_NF_RF,TRUE,1,4,-0.006996130402121173
BRISONr_203,2015__GGE__HN_NF_RF,TRUE,1,4,-0.9380962631541269
BRISONr_203,2015__GGE__HN_WF_RF,TRUE,1,4,-0.6814910040471336
BRISONr_203,2015__GGE__LN_NF_RF,TRUE,1,4,-0.38044393342488414
BRISONr_203,2015__HAN__HN_NF_RF,TRUE,1,4,-0.4905534819017792
BRISONr_203,2015__HAN__HN_WF_RF,TRUE,1,4,-0.1000838240882065
BRISONr_203,2015__HAN__LN_NF_RF,TRUE,1,4,-0.42502496279260615
BRISONr_203,2015__KAL__HN_NF_RF,TRUE,0.9232988434688713,3,-0.12203333881107664
BRISONr_203,2015__KAL__HN_WF_RF,TRUE,0.9232988434688713,3,-0.7153128232419594
BRISONr_203,2015__KAL__LN_NF_RF,TRUE,0.9232988434688713,3,-0.32363579696400585
BRISONr_203,2015__KIE__HN_NF_RF,TRUE,1,4,-0.2932820681274231
BRISONr_203,2015__KIE__HN_WF_RF,TRUE,1,4,-0.6422415409878501
BRISONr_203,2015__KIE__LN_NF_RF,TRUE,1,4,-0.5746807303699457
BRISONr_203,2015__QLB__HN_NF_RF,TRUE,1,4,-0.5178878701466381
BRISONr_203,2015__QLB__HN_WF_RF,TRUE,1,4,-0.2732444744564667
BRISONr_203,2015__QLB__LN_NF_RF,TRUE,1,4,-0.7432275830754557
BRISONr_203,2016__GGE__HN_NF_RF,TRUE,1,4,-0.7906456381465358
BRISONr_203,2016__GGE__HN_WF_RF,TRUE,1,4,-1.0968013680344788
BRISONr_203,2016__GGE__LN_NF_RF,TRUE,1,4,-0.1171310878773083
BRISONr_203,2016__HAN__HN_NF_RF,TRUE,1,4,-0.9487974617426931
BRISONr_203,2016__HAN__HN_WF_RF,TRUE,1,4,-0.4145379030071988
BRISONr_203,2016__HAN__LN_NF_RF,TRUE,1,4,0.10770307580864336
BRISONr_203,2016__KAL__HN_NF_RF,TRUE,1,4,-0.5495854968020087
BRISONr_203,2016__KAL__HN_WF_RF,TRUE,1,4,-0.16218817735254462
BRISONr_203,2016__KAL__LN_NF_RF,TRUE,1,4,-0.309845834766927
BRISONr_203,2016__KIE__HN_NF_RF,TRUE,1,4,-0.7360647855769782
BRISONr_203,2016__KIE__HN_WF_RF,TRUE,1,4,-0.2691605421845319
BRISONr_203,2016__KIE__LN_NF_RF,TRUE,1,4,0.0544446870986164
BRISONr_203,2016__QLB__HN_NF_RF,TRUE,1,4,-0.6564468934264137
BRISONr_203,2016__QLB__HN_WF_RF,TRUE,1,4,-0.7245016123026379
BRISONr_203,2016__QLB__LN_NF_RF,TRUE,1,4,-0.8496760190690215
BRISONr_203,2017__GGE__HN_NF_RF,TRUE,1,4,0.22836041938092644
BRISONr_203,2017__GGE__HN_WF_RF,TRUE,1,4,0.24703691151661686
BRISONr_203,2017__GGE__LN_NF_RF,TRUE,1,4,-0.16690815427005296
BRISONr_203,2017__HAN__HN_NF_RF,TRUE,1,4,-0.19741075740190556
BRISONr_203,2017__HAN__HN_WF_RF,TRUE,1,4,-0.6140070614249653
BRISONr_203,2017__HAN__LN_NF_RF,TRUE,1,4,-0.27530962603964365
BRISONr_203,2017__KAL__HN_NF_RF,TRUE,1,4,-0.13050275825281066
BRISONr_203,2017__KAL__HN_WF_RF,TRUE,1,4,-0.8395807793299701
BRISONr_203,2017__KAL__LN_NF_RF,TRUE,1,4,-0.13218770184620307
BRISONr_203,2017__KIE__HN_NF_RF,TRUE,1,4,-0.3911655711947383
BRISONr_203,2017__KIE__HN_WF_RF,TRUE,1,4,-0.5082524076197684
BRISONr_203,2017__KIE__LN_NF_RF,TRUE,1,4,-0.5816709512326556
BRISONr_203,2017__QLB__HN_NF_RF,TRUE,1,4,-0.39097476108022783
BRISONr_203,2017__QLB__HN_WF_RF,TRUE,1,4,0.1986769217544502
BRISONr_203,2017__QLB__LN_NF_RF,TRUE,1,4,-0.7322066680142663
BRISONr_204,2015__GGE__HN_NF_RF,TRUE,1,4,0.09277526015397727
BRISONr_204,2015__GGE__HN_WF_RF,TRUE,1,4,-0.09003342830077983
BRISONr_204,2015__GGE__LN_NF_RF,TRUE,1,4,-0.0939138738298007
BRISONr_204,2015__HAN__HN_NF_RF,TRUE,1,4,-0.06945681759673593
BRISONr_204,2015__HAN__HN_WF_RF,TRUE,1,4,-0.14297317999202303
BRISONr_204,2015__HAN__LN_NF_RF,TRUE,1,4,0.27677594178741644
BRISONr_204,2015__KAL__HN_NF_RF,TRUE,0.9232988434688713,3,0.07982832960435159
BRISONr_204,2015__KAL__HN_WF_RF,TRUE,0.9232988434688713,3,0.11707727127131533
BRISONr_204,2015__KAL__LN_NF_RF,TRUE,0.9232988434688713,3,0.8493614249577196
BRISONr_204,2015__KIE__HN_NF_RF,TRUE,1,4,-0.23944300610424069
BRISONr_204,2015__KIE__HN_WF_RF,TRUE,1,4,0.012083210160770935
BRISONr_204,2015__KIE__LN_NF_RF,TRUE,1,4,0.22372675895795893
BRISONr_204,2015__QLB__HN_NF_RF,TRUE,1,4,0.3870201978111916
BRISONr_204,2015__QLB__HN_WF_RF,TRUE,1,4,0.6221330680845064
BRISONr_204,2015__QLB__LN_NF_RF,TRUE,1,4,0.38992796162033366
BRISONr_204,2016__GGE__HN_NF_RF,TRUE,1,4,0.48073615016017435
BRISONr_204,2016__GGE__HN_WF_RF,TRUE,1,4,0.09336388746995315
BRISONr_204,2016__GGE__LN_NF_RF,TRUE,1,4,0.4465254826295074
BRISONr_204,2016__HAN__HN_NF_RF,TRUE,1,4,0.060514115108650846
BRISONr_204,2016__HAN__HN_WF_RF,TRUE,1,4,-0.1616458175530077
BRISONr_204,2016__HAN__LN_NF_RF,TRUE,1,4,0.008718212595973447
BRISONr_204,2016__KAL__HN_NF_RF,TRUE,1,4,0.02618169035438573
BRISONr_204,2016__KAL__HN_WF_RF,TRUE,1,4,-0.056999036161067114
BRISONr_204,2016__KAL__LN_NF_RF,TRUE,1,4,-0.014455389985311762
BRISONr_204,2016__KIE__HN_NF_RF,TRUE,1,4,0.28598767390138435
BRISONr_204,2016__KIE__HN_WF_RF,TRUE,1,4,0.10702203645041375
BRISONr_204,2016__KIE__LN_NF_RF,TRUE,1,4,-0.7874967505952155
BRISONr_204,2016__QLB__HN_NF_RF,TRUE,1,4,0.4148598540025751
BRISONr_204,2016__QLB__HN_WF_RF,TRUE,1,4,0.19245753512921648
BRISONr_204,2016__QLB__LN_NF_RF,TRUE,1,4,0.40537950963928165
BRISONr_204,2017__GGE__HN_NF_RF,TRUE,1,4,0.4600891946163356
BRISONr_204,2017__GGE__HN_WF_RF,TRUE,1,4,0.062216519396175715
BRISONr_204,2017__GGE__LN_NF_RF,TRUE,1,4,0.2038647219966001
BRISONr_204,2017__HAN__HN_NF_RF,TRUE,1,4,0.4521885514716833
BRISONr_204,2017__HAN__HN_WF_RF,TRUE,1,4,-0.1705319307026835
BRISONr_204,2017__HAN__LN_NF_RF,TRUE,1,4,0.2057743863464056
BRISONr_204,2017__KAL__HN_NF_RF,TRUE,1,4,0.2565525057001764
BRISONr_204,2017__KAL__HN_WF_RF,TRUE,1,4,-0.01946732805754351
BRISONr_204,2017__KAL__LN_NF_RF,TRUE,1,4,0.03554994807813585
BRISONr_204,2017__KIE__HN_NF_RF,TRUE,1,4,0.10911414588125926
BRISONr_204,2017__KIE__HN_WF_RF,TRUE,1,4,0.6929395689495794
BRISONr_204,2017__KIE__LN_NF_RF,TRUE,1,4,-0.170226100327456
BRISONr_204,2017__QLB__HN_NF_RF,TRUE,1,4,0.8326448976115035
BRISONr_204,2017__QLB__HN_WF_RF,TRUE,1,4,0.5061181011659627
BRISONr_204,2017__QLB__LN_NF_RF,TRUE,1,4,0.08520108372163124
BRISONr_205,2015__GGE__HN_NF_RF,TRUE,1,4,-0.22652660912938724
BRISONr_205,2015__GGE__HN_WF_RF,TRUE,1,4,-0.3786619445640797
BRISONr_205,2015__GGE__LN_NF_RF,TRUE,1,4,0.5163661747568757
BRISONr_205,2015__HAN__HN_NF_RF,TRUE,1,4,-0.4953134250720314
BRISONr_205,2015__HAN__HN_WF_RF,TRUE,1,4,-1.0837293447275607
BRISONr_205,2015__HAN__LN_NF_RF,TRUE,1,4,-0.377067087172107
BRISONr_205,2015__KAL__HN_NF_RF,TRUE,0.9232988434688713,3,-0.19505977980040554
BRISONr_205,2015__KAL__HN_WF_RF,TRUE,0.9232988434688713,3,-0.30589689777708917
BRISONr_205,2015__KAL__LN_NF_RF,TRUE,0.9232988434688713,3,-0.16512230273841083
BRISONr_205,2015__KIE__HN_NF_RF,TRUE,1,4,-0.30107251620971864
BRISONr_205,2015__KIE__HN_WF_RF,TRUE,1,4,-0.6584232820225228
BRISONr_205,2015__KIE__LN_NF_RF,TRUE,1,4,-0.20484631239297454
BRISONr_205,2015__QLB__HN_NF_RF,TRUE,1,4,-0.2717513399139327
BRISONr_205,2015__QLB__HN_WF_RF,TRUE,1,4,-0.7778911358085585
BRISONr_205,2015__QLB__LN_NF_RF,TRUE,1,4,-0.10583624690001361
BRISONr_205,2016__GGE__HN_NF_RF,TRUE,1,4,-0.923204476387946
BRISONr_205,2016__GGE__HN_WF_RF,TRUE,1,4,-1.0829930620163801
BRISONr_205,2016__GGE__LN_NF_RF,TRUE,1,4,-0.22689807438239998
BRISONr_205,2016__HAN__HN_NF_RF,TRUE,1,4,-0.7881248667679175
BRISONr_205,2016__HAN__HN_WF_RF,TRUE,1,4,-1.0603745077080635
BRISONr_205,2016__HAN__LN_NF_RF,TRUE,1,4,-0.3906191710424292
BRISONr_205,2016__KAL__HN_NF_RF,TRUE,1,4,-0.7153677198700228
BRISONr_205,2016__KAL__HN_WF_RF,TRUE,1,4,-1.3292857385630046
BRISONr_205,2016__KAL__LN_NF_RF,TRUE,1,4,-0.38576532892614246
BRISONr_205,2016__KIE__HN_NF_RF,TRUE,1,4,-1.2934832888650596
BRISONr_205,2016__KIE__HN_WF_RF,TRUE,1,4,-1.3556407469780722
BRISONr_205,2016__KIE__LN_NF_RF,TRUE,1,4,-0.4433461220192294
BRISONr_205,2016__QLB__HN_NF_RF,TRUE,1,4,-1.325114666109722
BRISONr_205,2016__QLB__HN_WF_RF,TRUE,1,4,-1.096925911680214
BRISONr_205,2016__QLB__LN_NF_RF,TRUE,1,4,-1.4481023553469323
BRISONr_205,2017__GGE__HN_NF_RF,TRUE,1,4,-0.7780100788681842
BRISONr_205,2017__GGE__HN_WF_RF,TRUE,1,4,-0.4305434548137656
BRISONr_205,2017__GGE__LN_NF_RF,TRUE,1,4,-0.41134091287261926
BRISONr_205,2017__HAN__HN_NF_RF,TRUE,1,4,-0.08865628976458065
BRISONr_205,2017__HAN__HN_WF_RF,TRUE,1,4,-0.1086165743510403
BRISONr_205,2017__HAN__LN_NF_RF,TRUE,1,4,-0.5056607281096368
BRISONr_205,2017__KAL__HN_NF_RF,TRUE,1,4,0.23321164501312677
BRISONr_205,2017__KAL__HN_WF_RF,TRUE,1,4,-0.6434649767364761
BRISONr_205,2017__KAL__LN_NF_RF,TRUE,1,4,-0.0538141054995193
BRISONr_205,2017__KIE__HN_NF_RF,TRUE,1,4,-0.43844478997731523
BRISONr_205,2017__KIE__HN_WF_RF,TRUE,1,4,-0.37393054393573066
BRISONr_205,2017__KIE__LN_NF_RF,TRUE,1,4,-0.830758321539132
BRISONr_205,2017__QLB__HN_NF_RF,TRUE,1,4,-1.4019960960353415
BRISONr_205,2017__QLB__HN_WF_RF,TRUE,1,4,-1.5912224211918642
BRISONr_205,2017__QLB__LN_NF_RF,TRUE,1,4,-1.3991568919329926
BRISONr_206,2015__GGE__HN_NF_RF,TRUE,1,4,-1.82713772921708
BRISONr_206,2015__GGE__HN_WF_RF,TRUE,1,4,-1.0632838211193851
BRISONr_206,2015__GGE__LN_NF_RF,TRUE,1,4,-0.5365213755278121
BRISONr_206,2015__HAN__HN_NF_RF,TRUE,1,4,-1.3528967372619582
BRISONr_206,2015__HAN__HN_WF_RF,TRUE,1,4,-1.1544709251791305
BRISONr_206,2015__HAN__LN_NF_RF,TRUE,1,4,-0.8139676930734351
BRISONr_206,2015__KAL__HN_NF_RF,TRUE,0.9232988434688713,3,-1.105616045686109
BRISONr_206,2015__KAL__HN_WF_RF,TRUE,0.9232988434688713,3,-1.0041460394583146
BRISONr_206,2015__KAL__LN_NF_RF,TRUE,0.9232988434688713,3,-1.6794938653042788
BRISONr_206,2015__KIE__HN_NF_RF,TRUE,1,4,-1.4394592005777502
BRISONr_206,2015__KIE__HN_WF_RF,TRUE,1,4,-0.48243288520051947
BRISONr_206,2015__KIE__LN_NF_RF,TRUE,1,4,-0.8249792416927104
BRISONr_206,2015__QLB__HN_NF_RF,TRUE,0.9373714174539839,3,-2.218727810517298
BRISONr_206,2015__QLB__HN_WF_RF,TRUE,0.9373714174539839,3,-0.9514815863343056
BRISONr_206,2015__QLB__LN_NF_RF,TRUE,0.9373714174539839,3,-1.6281587474782782
BRISONr_206,2016__GGE__HN_NF_RF,TRUE,1,4,-1.2966762631558635
BRISONr_206,2016__GGE__HN_WF_RF,TRUE,1,4,-1.7246818421833363
BRISONr_206,2016__GGE__LN_NF_RF,TRUE,1,4,-0.9988214037962561
BRISONr_206,2016__HAN__HN_NF_RF,TRUE,1,4,-1.8296254423238278
BRISONr_206,2016__HAN__HN_WF_RF,TRUE,1,4,-1.276605537807697
BRISONr_206,2016__HAN__LN_NF_RF,TRUE,1,4,-0.8192157469953523
BRISONr_206,2016__KAL__HN_NF_RF,TRUE,1,4,-1.4180346168323315
BRISONr_206,2016__KAL__HN_WF_RF,TRUE,1,4,-1.4729273990483311
BRISONr_206,2016__KAL__LN_NF_RF,TRUE,1,4,-1.2923209631706731
BRISONr_206,2016__QLB__HN_NF_RF,TRUE,1,4,-1.72028325432697
BRISONr_206,2016__QLB__HN_WF_RF,TRUE,1,4,-0.9645951567716802
BRISONr_206,2016__QLB__LN_NF_RF,TRUE,1,4,-0.7904845615708845
BRISONr_206,2017__GGE__HN_NF_RF,TRUE,1,4,-1.4902949553323515
BRISONr_206,2017__GGE__HN_WF_RF,TRUE,1,4,-0.8282465504935846
BRISONr_206,2017__GGE__LN_NF_RF,TRUE,1,4,-0.8188919371324805
BRISONr_206,2017__HAN__HN_NF_RF,TRUE,1,4,-1.1405284490504992
BRISONr_206,2017__HAN__HN_WF_RF,TRUE,1,4,-0.6174934485372112
BRISONr_206,2017__HAN__LN_NF_RF,TRUE,1,4,-0.8949261790431287
BRISONr_206,2017__KAL__HN_NF_RF,TRUE,1,4,-1.4416529606328703
BRISONr_206,2017__KAL__HN_WF_RF,TRUE,1,4,-0.8089517407079746
BRISONr_206,2017__KAL__LN_NF_RF,TRUE,1,4,-0.4169792294634703
BRISONr_206,2017__KIE__HN_NF_RF,TRUE,1,4,-0.9352505468528115
BRISONr_206,2017__KIE__HN_WF_RF,TRUE,1,4,-0.6078789387181679
BRISONr_206,2017__KIE__LN_NF_RF,TRUE,1,4,-0.7003190290605975
BRISONr_206,2017__QLB__HN_NF_RF,TRUE,1,4,-2.2330812244931737
BRISONr_206,2017__QLB__HN_WF_RF,TRUE,1,4,-1.6240830605779766
BRISONr_206,2017__QLB__LN_NF_RF,TRUE,1,4,-2.0799263396035004
BRISONr_207,2015__GGE__HN_NF_RF,TRUE,1,4,0.5200397792441598
BRISONr_207,2015__GGE__HN_WF_RF,TRUE,1,4,-0.4354457701807727
BRISONr_207,2015__GGE__LN_NF_RF,TRUE,1,4,-0.019762237530420296
BRISONr_207,2015__HAN__HN_NF_RF,TRUE,1,4,0.48197963003777256
BRISONr_207,2015__HAN__HN_WF_RF,TRUE,1,4,0.26770502333707735
BRISONr_207,2015__HAN__LN_NF_RF,TRUE,1,4,0.329359044409657
BRISONr_207,2015__KAL__HN_NF_RF,TRUE,0.9232988434688713,3,-0.3890777408061396
BRISONr_207,2015__KAL__HN_WF_RF,TRUE,0.9232988434688713,3,-0.06378246116440456
BRISONr_207,2015__KAL__LN_NF_RF,TRUE,0.9232988434688713,3,0.03878465458452325
BRISONr_207,2015__KIE__HN_NF_RF,TRUE,1,4,-0.319328516023733
BRISONr_207,2015__KIE__HN_WF_RF,TRUE,1,4,-0.27713425477124665
BRISONr_207,2015__KIE__LN_NF_RF,TRUE,1,4,-0.5405562533053686
BRISONr_207,2015__QLB__HN_NF_RF,TRUE,1,4,0.18667840422673554
BRISONr_207,2015__QLB__HN_WF_RF,TRUE,1,4,-0.31020208289737755
BRISONr_207,2015__QLB__LN_NF_RF,TRUE,1,4,0.7562063758476006
BRISONr_207,2016__GGE__HN_NF_RF,TRUE,1,4,0.4950768850489767
BRISONr_207,2016__GGE__HN_WF_RF,TRUE,1,4,0.2917994744332788
BRISONr_207,2016__GGE__LN_NF_RF,TRUE,1,4,0.49147648381612885
BRISONr_207,2016__HAN__HN_NF_RF,TRUE,1,4,0.11036119186996339
BRISONr_207,2016__HAN__HN_WF_RF,TRUE,1,4,0.41940066672514414
BRISONr_207,2016__HAN__LN_NF_RF,TRUE,1,4,-0.10030676500997944
BRISONr_207,2016__KAL__HN_NF_RF,TRUE,1,4,0.3930081157604942
BRISONr_207,2016__KAL__HN_WF_RF,TRUE,1,4,0.17297405530602208
BRISONr_207,2016__KAL__LN_NF_RF,TRUE,1,4,0.3308845345683111
BRISONr_207,2016__KIE__HN_NF_RF,TRUE,1,4,-0.2979366042844316
BRISONr_207,2016__KIE__HN_WF_RF,TRUE,1,4,-0.08532008120241162
BRISONr_207,2016__KIE__LN_NF_RF,TRUE,1,4,-0.3828256953248248
BRISONr_207,2016__QLB__HN_NF_RF,TRUE,1,4,-0.05173683946247848
BRISONr_207,2016__QLB__HN_WF_RF,TRUE,1,4,0.23800954179013353
BRISONr_207,2016__QLB__LN_NF_RF,TRUE,1,4,0.26573422379965567
BRISONr_207,2017__GGE__HN_NF_RF,TRUE,1,4,0.2789618394557335
BRISONr_207,2017__GGE__HN_WF_RF,TRUE,1,4,0.11501255823898181
BRISONr_207,2017__GGE__LN_NF_RF,TRUE,1,4,-0.09155239323002409
BRISONr_207,2017__HAN__HN_NF_RF,TRUE,1,4,0.6638027724421314
BRISONr_207,2017__HAN__HN_WF_RF,TRUE,1,4,0.024005066879897223
BRISONr_207,2017__HAN__LN_NF_RF,TRUE,1,4,0.4875150347075184
BRISONr_207,2017__KAL__HN_NF_RF,TRUE,1,4,0.6313494258762548
BRISONr_207,2017__KAL__HN_WF_RF,TRUE,1,4,-0.19271397851950872
BRISONr_207,2017__KAL__LN_NF_RF,TRUE,1,4,0.014033520428461921
BRISONr_207,2017__KIE__HN_NF_RF,TRUE,1,4,-0.6526850131552456
BRISONr_207,2017__KIE__HN_WF_RF,TRUE,1,4,-0.21363505213449943
BRISONr_207,2017__KIE__LN_NF_RF,TRUE,1,4,-0.841451798544311
BRISONr_207,2017__QLB__HN_NF_RF,TRUE,1,4,0.3161026173844497
BRISONr_207,2017__QLB__HN_WF_RF,TRUE,1,4,0.326123314199627
BRISONr_207,2017__QLB__LN_NF_RF,TRUE,1,4,0.03412440819759298
BRISONr_208,2015__GGE__HN_NF_RF,TRUE,1,4,0.04776607316182272
BRISONr_208,2015__GGE__HN_WF_RF,TRUE,1,4,0.1168915039673196
BRISONr_208,2015__GGE__LN_NF_RF,TRUE,1,4,0.023525149227554623
BRISONr_208,2015__HAN__HN_NF_RF,TRUE,1,4,0.1994559029138094
BRISONr_208,2015__HAN__HN_WF_RF,TRUE,1,4,-9.319152984476817e-4
BRISONr_208,2015__HAN__LN_NF_RF,TRUE,1,4,-0.02970848940531122
BRISONr_208,2015__KAL__HN_NF_RF,TRUE,0.9232988434688713,3,0.7098995240274673
BRISONr_208,2015__KAL__HN_WF_RF,TRUE,0.9232988434688713,3,0.04753630391954688
BRISONr_208,2015__KAL__LN_NF_RF,TRUE,0.9232988434688713,3,0.21110702083528374
BRISONr_208,2015__KIE__HN_NF_RF,TRUE,1,4,0.1884399377630497
BRISONr_208,2015__KIE__HN_WF_RF,TRUE,1,4,0.2150727935416984
BRISONr_208,2015__KIE__LN_NF_RF,TRUE,1,4,0.16446563320051819
BRISONr_208,2015__QLB__HN_NF_RF,TRUE,1,4,0.6865801981877673
BRISONr_208,2015__QLB__HN_WF_RF,TRUE,1,4,0.8049480125199889
BRISONr_208,2015__QLB__LN_NF_RF,TRUE,1,4,0.5458877225863273
BRISONr_208,2016__GGE__HN_NF_RF,TRUE,1,4,0.39745345797280834
BRISONr_208,2016__GGE__HN_WF_RF,TRUE,1,4,0.2580664340348255
BRISONr_208,2016__GGE__LN_NF_RF,TRUE,1,4,0.2800192662668302
BRISONr_208,2016__HAN__HN_NF_RF,TRUE,1,4,0.3778513524130824
BRISONr_208,2016__HAN__HN_WF_RF,TRUE,1,4,-0.10640822690026003
BRISONr_208,2016__HAN__LN_NF_RF,TRUE,1,4,0.4934042445456588
BRISONr_208,2016__KAL__HN_NF_RF,TRUE,1,4,0.15971724389755418
BRISONr_208,2016__KAL__HN_WF_RF,TRUE,1,4,0.022593973455201942
BRISONr_208,2016__KAL__LN_NF_RF,TRUE,1,4,-0.13989986987100972
BRISONr_208,2016__KIE__HN_NF_RF,TRUE,1,4,0.10717913242606893
BRISONr_208,2016__KIE__HN_WF_RF,TRUE,1,4,-0.3916827707341539
BRISONr_208,2016__KIE__LN_NF_RF,TRUE,1,4,0.4420887233012443
BRISONr_208,2016__QLB__HN_NF_RF,TRUE,1,4,-0.09079974270986257
BRISONr_208,2016__QLB__HN_WF_RF,TRUE,1,4,0.033203445259122916
BRISONr_208,2016__QLB__LN_NF_RF,TRUE,1,4,-0.2347019628142799
BRISONr_208,2017__GGE__HN_NF_RF,TRUE,1,4,0.26756552379513143
BRISONr_208,2017__GGE__HN_WF_RF,TRUE,1,4,-0.009728935880565101
BRISONr_208,2017__GGE__LN_NF_RF,TRUE,1,4,-0.11594773333641008
BRISONr_208,2017__HAN__HN_NF_RF,TRUE,1,4,0.0029467008375265863
BRISONr_208,2017__HAN__HN_WF_RF,TRUE,1,4,0.16531592781794588
BRISONr_208,2017__HAN__LN_NF_RF,TRUE,1,4,-0.16097421257340067
BRISONr_208,2017__KAL__HN_NF_RF,TRUE,1,4,0.11396690621774279
BRISONr_208,2017__KAL__HN_WF_RF,TRUE,1,4,-0.360582686856611
BRISONr_208,2017__KAL__LN_NF_RF,TRUE,1,4,-0.045476862917313135
BRISONr_208,2017__KIE__HN_NF_RF,TRUE,1,4,0.5003763746928891
BRISONr_208,2017__KIE__HN_WF_RF,TRUE,1,4,0.3191184550752877
BRISONr_208,2017__KIE__LN_NF_RF,TRUE,1,4,0.0610874896669914
BRISONr_208,2017__QLB__HN_NF_RF,TRUE,1,4,0.7148323396115035
BRISONr_208,2017__QLB__HN_WF_RF,TRUE,1,4,-0.19782166224231673
BRISONr_208,2017__QLB__LN_NF_RF,TRUE,1,4,-0.01681523978598913
BRISONr_209,2015__GGE__HN_NF_RF,TRUE,1,4,-0.2197796913250658
BRISONr_209,2015__GGE__HN_WF_RF,TRUE,1,4,-0.32329486734581964
BRISONr_209,2015__GGE__LN_NF_RF,TRUE,1,4,-0.3914766735885569
BRISONr_209,2015__HAN__HN_NF_RF,TRUE,1,4,-0.28591715459846956
BRISONr_209,2015__HAN__HN_WF_RF,TRUE,1,4,-0.23412235850378105
BRISONr_209,2015__HAN__LN_NF_RF,TRUE,1,4,-0.46649467810351103
BRISONr_209,2015__KAL__HN_NF_RF,TRUE,0.9232988434688713,3,-0.039979774936806205
BRISONr_209,2015__KAL__HN_WF_RF,TRUE,0.9232988434688713,3,-1.1073460485962598
BRISONr_209,2015__KAL__LN_NF_RF,TRUE,0.9232988434688713,3,-0.19021515912007075
BRISONr_209,2015__KIE__HN_NF_RF,TRUE,1,4,-0.9299045173587863
BRISONr_209,2015__KIE__HN_WF_RF,TRUE,1,4,-0.845772027067575
BRISONr_209,2015__KIE__LN_NF_RF,TRUE,1,4,-0.7624928777353458
BRISONr_209,2015__QLB__HN_NF_RF,TRUE,1,4,-0.4781705366166408
BRISONr_209,2015__QLB__HN_WF_RF,TRUE,1,4,-0.4446936905411379
BRISONr_209,2015__QLB__LN_NF_RF,TRUE,1,4,-0.3506304288578662
BRISONr_209,2016__GGE__HN_NF_RF,TRUE,1,4,-0.24177206797644596
BRISONr_209,2016__GGE__HN_WF_RF,TRUE,1,4,-0.6237836216421278
BRISONr_209,2016__GGE__LN_NF_RF,TRUE,1,4,-0.04670551486191253
BRISONr_209,2016__HAN__HN_NF_RF,TRUE,1,4,0.044612694379552086
BRISONr_209,2016__HAN__HN_WF_RF,TRUE,1,4,-0.3215370405452953
BRISONr_209,2016__HAN__LN_NF_RF,TRUE,1,4,-0.09735342472276791
BRISONr_209,2016__KAL__HN_NF_RF,TRUE,1,4,0.36564755864594517
BRISONr_209,2016__KAL__HN_WF_RF,TRUE,1,4,-0.9519562316260328
BRISONr_209,2016__KAL__LN_NF_RF,TRUE,1,4,-0.08388638493504362
BRISONr_209,2016__QLB__HN_NF_RF,TRUE,1,4,-1.1363352330606196
BRISONr_209,2016__QLB__HN_WF_RF,TRUE,1,4,-0.8329736675921894
BRISONr_209,2016__QLB__LN_NF_RF,TRUE,1,4,-0.9133204113089828
BRISONr_209,2017__GGE__HN_NF_RF,TRUE,1,4,-0.8271042858940378
BRISONr_209,2017__GGE__HN_WF_RF,TRUE,1,4,-0.5503616858990332
BRISONr_209,2017__GGE__LN_NF_RF,TRUE,1,4,-1.0520626412794103
BRISONr_209,2017__HAN__HN_NF_RF,TRUE,1,4,0.30018217239217915
BRISONr_209,2017__HAN__HN_WF_RF,TRUE,1,4,0.1719230583557472
BRISONr_209,2017__HAN__LN_NF_RF,TRUE,1,4,-0.4842729347083337
BRISONr_209,2017__KAL__HN_NF_RF,TRUE,1,4,-0.8047852177654022
BRISONr_209,2017__KAL__HN_WF_RF,TRUE,1,4,-0.9803392021164342
BRISONr_209,2017__KAL__LN_NF_RF,TRUE,1,4,-0.39438524295391236
BRISONr_209,2017__KIE__HN_NF_RF,TRUE,1,4,0.16102126458186883
BRISONr_209,2017__KIE__HN_WF_RF,TRUE,1,4,-0.7279338085636167
BRISONr_209,2017__KIE__LN_NF_RF,TRUE,1,4,-0.6809732697158462
BRISONr_209,2017__QLB__HN_NF_RF,TRUE,1,4,-0.9713924842525808
BRISONr_209,2017__QLB__HN_WF_RF,TRUE,1,4,-1.1450873087749265
BRISONr_209,2017__QLB__LN_NF_RF,TRUE,1,4,-1.0624705771190324
BRISONr_21,2015__GGE__HN_NF_RF,TRUE,1,4,0.6041481765266965
BRISONr_21,2015__GGE__HN_WF_RF,TRUE,1,4,0.5232375908941546
BRISONr_21,2015__GGE__LN_NF_RF,TRUE,1,4,0.6769545986483437
BRISONr_21,2015__HAN__HN_NF_RF,TRUE,1,4,-0.0807696358263029
BRISONr_21,2015__HAN__HN_WF_RF,TRUE,1,4,-0.0033113694532228843
BRISONr_21,2015__HAN__LN_NF_RF,TRUE,1,4,0.012527671618386318
BRISONr_21,2015__KAL__HN_NF_RF,TRUE,0.9232988434688713,3,0.48869182055554117
BRISONr_21,2015__KAL__HN_WF_RF,TRUE,0.9232988434688713,3,0.05367112114161956
BRISONr_21,2015__KAL__LN_NF_RF,TRUE,0.9232988434688713,3,0.32992167557810154
BRISONr_21,2015__KIE__HN_NF_RF,TRUE,1,4,0.2498611915109843
BRISONr_21,2015__KIE__HN_WF_RF,TRUE,1,4,0.16087271024944194
BRISONr_21,2015__KIE__LN_NF_RF,TRUE,1,4,0.046720397191226
BRISONr_21,2015__QLB__HN_NF_RF,TRUE,1,4,0.46531973439376983
BRISONr_21,2015__QLB__HN_WF_RF,TRUE,1,4,0.253415701340162
BRISONr_21,2015__QLB__LN_NF_RF,TRUE,1,4,0.31348401122494285
BRISONr_21,2016__GGE__HN_NF_RF,TRUE,1,4,0.3810841967907946
BRISONr_21,2016__GGE__HN_WF_RF,TRUE,1,4,-0.05438241762089396
BRISONr_21,2016__GGE__LN_NF_RF,TRUE,1,4,0.09311845055156229
BRISONr_21,2016__HAN__HN_NF_RF,TRUE,1,4,0.7084569766244168
BRISONr_21,2016__HAN__HN_WF_RF,TRUE,1,4,0.622107569244098
BRISONr_21,2016__HAN__LN_NF_RF,TRUE,1,4,0.4728732723681733
BRISONr_21,2016__KAL__HN_NF_RF,TRUE,1,4,0.5241644606237201
BRISONr_21,2016__KAL__HN_WF_RF,TRUE,1,4,0.2308566857842424
BRISONr_21,2016__KAL__LN_NF_RF,TRUE,1,4,-0.1081498023480563
BRISONr_21,2016__KIE__HN_NF_RF,TRUE,1,4,0.5920626682557573
BRISONr_21,2016__KIE__HN_WF_RF,TRUE,1,4,0.17783773830596025
BRISONr_21,2016__KIE__LN_NF_RF,TRUE,1,4,0.003108157231684651
BRISONr_21,2016__QLB__HN_NF_RF,TRUE,1,4,1.157855758603278
BRISONr_21,2016__QLB__HN_WF_RF,TRUE,1,4,-0.1721451105419931
BRISONr_21,2016__QLB__LN_NF_RF,TRUE,1,4,1.0048884942850669
BRISONr_21,2017__GGE__HN_NF_RF,TRUE,1,4,0.6755265641910085
BRISONr_21,2017__GGE__HN_WF_RF,TRUE,1,4,0.006537333731911975
BRISONr_21,2017__GGE__LN_NF_RF,TRUE,1,4,0.3645354641794299
BRISONr_21,2017__HAN__HN_NF_RF,TRUE,1,4,0.44535073150526133
BRISONr_21,2017__HAN__HN_WF_RF,TRUE,1,4,0.17053434011292296
BRISONr_21,2017__HAN__LN_NF_RF,TRUE,1,4,-0.3065489944074935
BRISONr_21,2017__KAL__HN_NF_RF,TRUE,1,4,0.45409250845043747
BRISONr_21,2017__KAL__HN_WF_RF,TRUE,1,4,-0.18087383459421727
BRISONr_21,2017__KAL__LN_NF_RF,TRUE,1,4,-0.08994881736271132
BRISONr_21,2017__KIE__HN_NF_RF,TRUE,1,4,0.039595015311452327
BRISONr_21,2017__KIE__HN_WF_RF,TRUE,1,4,0.7055200226818219
BRISONr_21,2017__KIE__LN_NF_RF,TRUE,1,4,0.5305772945708668
BRISONr_21,2017__QLB__HN_NF_RF,TRUE,1,4,0.5385189983208413
BRISONr_21,2017__QLB__HN_WF_RF,TRUE,1,4,0.5939186390456158
BRISONr_21,2017__QLB__LN_NF_RF,TRUE,1,4,0.39637695943526863
BRISONr_210,2015__GGE__HN_NF_RF,TRUE,1,4,-1.1736275483869363
BRISONr_210,2015__GGE__HN_WF_RF,TRUE,1,4,-0.39365838364190964
BRISONr_210,2015__GGE__LN_NF_RF,TRUE,1,4,-0.4782934183529906
BRISONr_210,2015__HAN__HN_NF_RF,TRUE,1,4,-0.2870339361362713
BRISONr_210,2015__HAN__HN_WF_RF,TRUE,1,4,0.1531719403514583
BRISONr_210,2015__HAN__LN_NF_RF,TRUE,1,4,-0.27748970417549557
BRISONr_210,2015__KAL__HN_NF_RF,TRUE,0.9232988434688713,3,-0.3394359856842004
BRISONr_210,2015__KAL__HN_WF_RF,TRUE,0.9232988434688713,3,-0.5311811425460318
BRISONr_210,2015__KAL__LN_NF_RF,TRUE,0.9232988434688713,3,-0.895128877141423
BRISONr_210,2015__KIE__HN_NF_RF,TRUE,1,4,-0.38784186369715284
BRISONr_210,2015__KIE__HN_WF_RF,TRUE,1,4,0.2936602466952005
BRISONr_210,2015__KIE__LN_NF_RF,TRUE,1,4,-0.19558168857913655
BRISONr_210,2015__QLB__HN_NF_RF,TRUE,1,4,-0.663576936071232
BRISONr_210,2015__QLB__HN_WF_RF,TRUE,1,4,0.8170284773892738
BRISONr_210,2015__QLB__LN_NF_RF,TRUE,1,4,-1.2540047622964832
BRISONr_210,2016__GGE__HN_NF_RF,TRUE,1,4,-0.9906935590265682
BRISONr_210,2016__GGE__HN_WF_RF,TRUE,1,4,9.784895461720303e-4
BRISONr_210,2016__GGE__LN_NF_RF,TRUE,1,4,-0.4734467633120476
BRISONr_210,2016__HAN__HN_NF_RF,TRUE,1,4,-0.3423748431412349
BRISONr_210,2016__HAN__HN_WF_RF,TRUE,1,4,0.5435561102751421
BRISONr_210,2016__HAN__LN_NF_RF,TRUE,1,4,-0.12786462150174405
BRISONr_210,2016__KAL__HN_NF_RF,TRUE,1,4,-0.42825722488997303
BRISONr_210,2016__KAL__HN_WF_RF,TRUE,1,4,-0.09021629317660994
BRISONr_210,2016__KAL__LN_NF_RF,TRUE,1,4,-0.8836757090862626
BRISONr_210,2016__KIE__HN_NF_RF,TRUE,1,4,-1.1095704499926526
BRISONr_210,2016__KIE__HN_WF_RF,TRUE,1,4,0.21179176455685328
BRISONr_210,2016__KIE__LN_NF_RF,TRUE,1,4,-0.5085504588522152
BRISONr_210,2016__QLB__HN_NF_RF,TRUE,1,4,-1.1623784866937172
BRISONr_210,2016__QLB__HN_WF_RF,TRUE,1,4,0.3612731926859506
BRISONr_210,2016__QLB__LN_NF_RF,TRUE,1,4,-0.4821226810931878
BRISONr_210,2017__GGE__HN_NF_RF,TRUE,1,4,0.004117395013186073
BRISONr_210,2017__GGE__HN_WF_RF,TRUE,1,4,-0.34493554624151035
BRISONr_210,2017__GGE__LN_NF_RF,TRUE,1,4,-0.1961116780950522
BRISONr_210,2017__HAN__HN_NF_RF,TRUE,1,4,-0.7079553163298399
BRISONr_210,2017__HAN__HN_WF_RF,TRUE,1,4,-0.3986180445533253
BRISONr_210,2017__HAN__LN_NF_RF,TRUE,1,4,-0.6902173536405871
BRISONr_210,2017__KAL__HN_NF_RF,TRUE,1,4,-0.9096031987431791
BRISONr_210,2017__KAL__HN_WF_RF,TRUE,1,4,0.0015903942409676575
BRISONr_210,2017__KAL__LN_NF_RF,TRUE,1,4,-0.6406385123483712
BRISONr_210,2017__QLB__HN_NF_RF,TRUE,1,4,-1.197702595024075
BRISONr_210,2017__QLB__HN_WF_RF,TRUE,1,4,0.19307671540330829
BRISONr_210,2017__QLB__LN_NF_RF,TRUE,1,4,-1.1729473710250125
BRISONr_211,2015__GGE__HN_NF_RF,TRUE,1,4,-0.09036794888585795
BRISONr_211,2015__GGE__HN_WF_RF,TRUE,1,4,-0.7703107856316824
BRISONr_211,2015__GGE__LN_NF_RF,TRUE,1,4,-0.029638591171465736
BRISONr_211,2015__HAN__HN_NF_RF,TRUE,1,4,-0.18393666814104886
BRISONr_211,2015__HAN__HN_WF_RF,TRUE,1,4,-0.5443587098022806
BRISONr_211,2015__HAN__LN_NF_RF,TRUE,1,4,-0.18811707376406536
BRISONr_211,2015__KAL__HN_NF_RF,TRUE,0.9232988434688713,3,-0.4054512141129686
BRISONr_211,2015__KAL__HN_WF_RF,TRUE,0.9232988434688713,3,-1.141663998682231
BRISONr_211,2015__KAL__LN_NF_RF,TRUE,0.9232988434688713,3,-0.9032076565591677
BRISONr_211,2015__KIE__HN_NF_RF,TRUE,1,4,-0.7107877274342439
BRISONr_211,2015__KIE__HN_WF_RF,TRUE,1,4,-0.6918127221913433
BRISONr_211,2015__KIE__LN_NF_RF,TRUE,1,4,-0.6341228834542569
BRISONr_211,2015__QLB__HN_NF_RF,TRUE,1,4,-0.5367440950836864
BRISONr_211,2015__QLB__HN_WF_RF,TRUE,1,4,-0.3790659971166584
BRISONr_211,2015__QLB__LN_NF_RF,TRUE,1,4,-0.3280876115314662
BRISONr_211,2016__GGE__HN_NF_RF,TRUE,1,4,-0.014074520837915369
BRISONr_211,2016__GGE__HN_WF_RF,TRUE,1,4,-0.36244339134906955
BRISONr_211,2016__GGE__LN_NF_RF,TRUE,1,4,-0.03840173732304583
BRISONr_211,2016__HAN__HN_NF_RF,TRUE,1,4,0.09699219409556532
BRISONr_211,2016__HAN__HN_WF_RF,TRUE,1,4,-0.3456174261815713
BRISONr_211,2016__HAN__LN_NF_RF,TRUE,1,4,-0.10113423887500955
BRISONr_211,2016__KAL__HN_NF_RF,TRUE,1,4,0.33046344064950034
BRISONr_211,2016__KAL__HN_WF_RF,TRUE,1,4,-0.42806927464195055
BRISONr_211,2016__KAL__LN_NF_RF,TRUE,1,4,-0.26119855338046905
BRISONr_211,2016__KIE__HN_NF_RF,TRUE,1,4,-0.6938214159926483
BRISONr_211,2016__KIE__HN_WF_RF,TRUE,1,4,-0.8722754483761209
BRISONr_211,2016__KIE__LN_NF_RF,TRUE,1,4,0.05235540647799989
BRISONr_211,2016__QLB__HN_NF_RF,TRUE,1,4,-0.7101223234521872
BRISONr_211,2016__QLB__HN_WF_RF,TRUE,1,4,-0.31768595867080063
BRISONr_211,2016__QLB__LN_NF_RF,TRUE,1,4,-0.4939642300412009
BRISONr_211,2017__GGE__HN_NF_RF,TRUE,1,4,-0.1604192902821347
BRISONr_211,2017__GGE__HN_WF_RF,TRUE,1,4,-0.4269353334443917
BRISONr_211,2017__GGE__LN_NF_RF,TRUE,1,4,-0.25428922434236506
BRISONr_211,2017__HAN__HN_NF_RF,TRUE,1,4,0.2682907488362537
BRISONr_211,2017__HAN__HN_WF_RF,TRUE,1,4,-0.2613132972552939
BRISONr_211,2017__HAN__LN_NF_RF,TRUE,1,4,-0.5045101576414428
BRISONr_211,2017__KAL__HN_NF_RF,TRUE,1,4,-0.3893354264783379
BRISONr_211,2017__KAL__HN_WF_RF,TRUE,1,4,-0.6316943499700952
BRISONr_211,2017__KAL__LN_NF_RF,TRUE,1,4,0.05989672374166616
BRISONr_211,2017__KIE__HN_NF_RF,TRUE,1,4,-0.0716680087632736
BRISONr_211,2017__KIE__HN_WF_RF,TRUE,1,4,-0.08014111684786535
BRISONr_211,2017__KIE__LN_NF_RF,TRUE,1,4,-0.18932279006923888
BRISONr_211,2017__QLB__HN_NF_RF,TRUE,1,4,-0.5271885960519697
BRISONr_211,2017__QLB__HN_WF_RF,TRUE,1,4,-0.716107039015876
BRISONr_211,2017__QLB__LN_NF_RF,TRUE,1,4,-0.6877759139414718
BRISONr_212,2015__GGE__HN_NF_RF,TRUE,1,4,-0.8667288315966375
BRISONr_212,2015__GGE__HN_WF_RF,TRUE,1,4,-0.60998058268756
BRISONr_212,2015__GGE__LN_NF_RF,TRUE,1,4,-0.656650715793596
BRISONr_212,2015__HAN__HN_NF_RF,TRUE,1,4,-0.7359394953624199
BRISONr_212,2015__HAN__HN_WF_RF,TRUE,1,4,-1.2090829750434149
BRISONr_212,2015__HAN__LN_NF_RF,TRUE,1,4,-0.6977549088036427
BRISONr_212,2015__KAL__HN_NF_RF,TRUE,0.9232988434688713,3,-0.48760960982813295
BRISONr_212,2015__KAL__HN_WF_RF,TRUE,0.9232988434688713,3,-0.43036726421929083
BRISONr_212,2015__KAL__LN_NF_RF,TRUE,0.9232988434688713,3,-0.5286897261958776
BRISONr_212,2015__KIE__HN_NF_RF,TRUE,1,4,-0.44496787929417103
BRISONr_212,2015__KIE__HN_WF_RF,TRUE,1,4,-0.20997054656527422
BRISONr_212,2015__KIE__LN_NF_RF,TRUE,1,4,-0.5621255165769542
BRISONr_212,2015__QLB__HN_NF_RF,TRUE,1,4,-1.2938467101574935
BRISONr_212,2015__QLB__HN_WF_RF,TRUE,1,4,0.40982936609843146
BRISONr_212,2015__QLB__LN_NF_RF,TRUE,1,4,-1.3271437137057358
BRISONr_212,2016__GGE__HN_NF_RF,TRUE,1,4,-0.544642547638221
BRISONr_212,2016__GGE__HN_WF_RF,TRUE,1,4,-0.452857595629895
BRISONr_212,2016__GGE__LN_NF_RF,TRUE,1,4,0.12721229163784448
BRISONr_212,2016__HAN__HN_NF_RF,TRUE,1,4,-0.4677223529323125
BRISONr_212,2016__HAN__HN_WF_RF,TRUE,1,4,-0.1892424351227704
BRISONr_212,2016__HAN__LN_NF_RF,TRUE,1,4,-0.29994450434462344
BRISONr_212,2016__KAL__HN_NF_RF,TRUE,1,4,-0.5165151069809087
BRISONr_212,2016__KAL__HN_WF_RF,TRUE,1,4,-0.7006173982148048
BRISONr_212,2016__KAL__LN_NF_RF,TRUE,1,4,-1.2353528736347552
BRISONr_212,2016__KIE__HN_NF_RF,TRUE,1,4,-0.578191400097385
BRISONr_212,2016__KIE__HN_WF_RF,TRUE,1,4,0.151107638160502
BRISONr_212,2016__KIE__LN_NF_RF,TRUE,1,4,-0.7181864280296749
BRISONr_212,2016__QLB__HN_NF_RF,TRUE,1,4,-1.074035168970215
BRISONr_212,2016__QLB__HN_WF_RF,TRUE,1,4,-0.07992149469516362
BRISONr_212,2016__QLB__LN_NF_RF,TRUE,1,4,-0.9073781550296042
BRISONr_212,2017__GGE__HN_NF_RF,TRUE,1,4,-0.5294312845388349
BRISONr_212,2017__GGE__HN_WF_RF,TRUE,1,4,-0.622208453322844
BRISONr_212,2017__GGE__LN_NF_RF,TRUE,1,4,-0.6583522238688505
BRISONr_212,2017__HAN__HN_NF_RF,TRUE,1,4,-0.46966827447274456
BRISONr_212,2017__HAN__HN_WF_RF,TRUE,1,4,-0.16538018840709978
BRISONr_212,2017__HAN__LN_NF_RF,TRUE,1,4,-0.2397269895792289
BRISONr_212,2017__KAL__HN_NF_RF,TRUE,1,4,-0.70667620472499
BRISONr_212,2017__KAL__HN_WF_RF,TRUE,1,4,0.22886058748169838
BRISONr_212,2017__KAL__LN_NF_RF,TRUE,1,4,-0.1322719078523202
BRISONr_212,2017__KIE__HN_NF_RF,TRUE,1,4,-0.6246516695558946
BRISONr_212,2017__KIE__HN_WF_RF,TRUE,1,4,-1.0447983355853063
BRISONr_212,2017__QLB__HN_NF_RF,TRUE,1,4,-0.8260912610299521
BRISONr_212,2017__QLB__HN_WF_RF,TRUE,1,4,-1.1149210131444178
BRISONr_212,2017__QLB__LN_NF_RF,TRUE,1,4,-0.8573375710551053
BRISONr_213,2015__GGE__HN_NF_RF,TRUE,1,4,-0.25175644095833505
BRISONr_213,2015__GGE__HN_WF_RF,TRUE,1,4,-0.24502740131969303
BRISONr_213,2015__GGE__LN_NF_RF,TRUE,1,4,-0.41410631229075506
BRISONr_213,2015__HAN__HN_NF_RF,TRUE,1,4,-0.24100925783383007
BRISONr_213,2015__HAN__HN_WF_RF,TRUE,1,4,-0.10808712353186112
BRISONr_213,2015__HAN__LN_NF_RF,TRUE,1,4,-0.18952480005247205
BRISONr_213,2015__KAL__HN_NF_RF,TRUE,0.9232988434688713,3,-0.48924586372686096
BRISONr_213,2015__KAL__HN_WF_RF,TRUE,0.9232988434688713,3,-0.14568810676591865
BRISONr_213,2015__KAL__LN_NF_RF,TRUE,0.9232988434688713,3,-0.2364296207555279
BRISONr_213,2015__KIE__HN_NF_RF,TRUE,1,4,0.2244085408357587
BRISONr_213,2015__KIE__HN_WF_RF,TRUE,1,4,0.31393326107579467
BRISONr_213,2015__KIE__LN_NF_RF,TRUE,1,4,0.588096580917147
BRISONr_213,2015__QLB__HN_NF_RF,TRUE,1,4,0.2936416493580964
BRISONr_213,2015__QLB__HN_WF_RF,TRUE,1,4,0.07848903280803243
BRISONr_213,2015__QLB__LN_NF_RF,TRUE,1,4,0.0822812443302719
BRISONr_213,2016__GGE__HN_NF_RF,TRUE,1,4,0.2164742235554731
BRISONr_213,2016__GGE__HN_WF_RF,TRUE,1,4,-0.06365737185521547
BRISONr_213,2016__GGE__LN_NF_RF,TRUE,1,4,0.3117903019082476
BRISONr_213,2016__HAN__HN_NF_RF,TRUE,1,4,-0.4690748207648812
BRISONr_213,2016__HAN__HN_WF_RF,TRUE,1,4,0.3347551435515199
BRISONr_213,2016__HAN__LN_NF_RF,TRUE,1,4,0.05300541051713501
BRISONr_213,2016__KAL__HN_NF_RF,TRUE,1,4,-0.299312041641207
BRISONr_213,2016__KAL__HN_WF_RF,TRUE,1,4,-0.10320038366095927
BRISONr_213,2016__KAL__LN_NF_RF,TRUE,1,4,0.2478749429066514
BRISONr_213,2016__KIE__HN_NF_RF,TRUE,1,4,0.06248543207179279
BRISONr_213,2016__KIE__HN_WF_RF,TRUE,1,4,0.2658816398625197
BRISONr_213,2016__KIE__LN_NF_RF,TRUE,1,4,0.3414675623822725
BRISONr_213,2016__QLB__HN_NF_RF,TRUE,1,4,0.0730472883172504
BRISONr_213,2016__QLB__HN_WF_RF,TRUE,1,4,-0.16405029914316796
BRISONr_213,2016__QLB__LN_NF_RF,TRUE,1,4,-0.2711733854141882
BRISONr_213,2017__GGE__HN_NF_RF,TRUE,1,4,0.1931313473671421
BRISONr_213,2017__GGE__HN_WF_RF,TRUE,1,4,0.19567834739634576
BRISONr_213,2017__GGE__LN_NF_RF,TRUE,1,4,0.14379176210950795
BRISONr_213,2017__HAN__HN_NF_RF,TRUE,1,4,0.3015815580090509
BRISONr_213,2017__HAN__HN_WF_RF,TRUE,1,4,0.26402146206721494
BRISONr_213,2017__HAN__LN_NF_RF,TRUE,1,4,0.5379795796461959
BRISONr_213,2017__KAL__HN_NF_RF,TRUE,1,4,0.3278361805708993
BRISONr_213,2017__KAL__HN_WF_RF,TRUE,1,4,0.08137701969240087
BRISONr_213,2017__KAL__LN_NF_RF,TRUE,1,4,0.9243595673004464
BRISONr_213,2017__KIE__HN_NF_RF,TRUE,1,4,0.49790796579905056
BRISONr_213,2017__KIE__HN_WF_RF,TRUE,1,4,-0.050280698792495894
BRISONr_213,2017__KIE__LN_NF_RF,TRUE,1,4,0.14230828978332943
BRISONr_213,2017__QLB__HN_NF_RF,TRUE,1,4,0.15566332891697762
BRISONr_213,2017__QLB__HN_WF_RF,TRUE,1,4,0.360248677804963
BRISONr_213,2017__QLB__LN_NF_RF,TRUE,1,4,0.6966174947241711
BRISONr_214,2015__GGE__HN_NF_RF,TRUE,1,4,0.03118481695463251
BRISONr_214,2015__GGE__HN_WF_RF,TRUE,1,4,-0.017416837582708268
BRISONr_214,2015__GGE__LN_NF_RF,TRUE,1,4,0.0019884331381779044
BRISONr_214,2015__HAN__HN_NF_RF,TRUE,1,4,-0.04379906860240319
BRISONr_214,2015__HAN__HN_WF_RF,TRUE,1,4,0.4396679204243347
BRISONr_214,2015__HAN__LN_NF_RF,TRUE,1,4,0.23348485406888528
BRISONr_214,2015__KAL__HN_NF_RF,TRUE,0.9232988434688713,3,-0.1556125866550252
BRISONr_214,2015__KAL__HN_WF_RF,TRUE,0.9232988434688713,3,-0.19780650244864625
BRISONr_214,2015__KAL__LN_NF_RF,TRUE,0.9232988434688713,3,0.20431149547559188
BRISONr_214,2015__KIE__HN_NF_RF,TRUE,1,4,0.0759251369711795
BRISONr_214,2015__KIE__HN_WF_RF,TRUE,1,4,-0.08582433551981855
BRISONr_214,2015__KIE__LN_NF_RF,TRUE,1,4,0.5235308679452272
BRISONr_214,2015__QLB__HN_NF_RF,TRUE,1,4,0.63520882172394455
BRISONr_214,2015__QLB__HN_WF_RF,TRUE,1,4,0.2808896252499349
BRISONr_214,2015__QLB__LN_NF_RF,TRUE,1,4,0.7085558684118222
BRISONr_214,2016__GGE__HN_NF_RF,TRUE,1,4,0.6187441874598458
BRISONr_214,2016__GGE__HN_WF_RF,TRUE,1,4,0.26317025478845274
BRISONr_214,2016__GGE__LN_NF_RF,TRUE,1,4,0.14594405113789655
BRISONr_214,2016__HAN__HN_NF_RF,TRUE,1,4,0.34340833631493833
BRISONr_214,2016__HAN__HN_WF_RF,TRUE,1,4,-0.1731428482770831
BRISONr_214,2016__HAN__LN_NF_RF,TRUE,1,4,-0.7615610334073571
BRISONr_214,2016__KAL__HN_NF_RF,TRUE,1,4,0.15617347894187505
BRISONr_214,2016__KAL__HN_WF_RF,TRUE,1,4,0.03716962333379016
BRISONr_214,2016__KAL__LN_NF_RF,TRUE,1,4,0.25807388486877997
BRISONr_214,2016__KIE__HN_NF_RF,TRUE,1,4,0.09213434961464281
BRISONr_214,2016__KIE__HN_WF_RF,TRUE,1,4,0.2903276562124838
BRISONr_214,2016__KIE__LN_NF_RF,TRUE,1,4,-0.11988013575149173
BRISONr_214,2016__QLB__HN_NF_RF,TRUE,1,4,-0.46738919527977424
BRISONr_214,2016__QLB__HN_WF_RF,TRUE,1,4,0.016535892737625933
BRISONr_214,2016__QLB__LN_NF_RF,TRUE,1,4,-0.8199296661445342
BRISONr_214,2017__GGE__HN_NF_RF,TRUE,1,4,0.20534056196484612
BRISONr_214,2017__GGE__HN_WF_RF,TRUE,1,4,0.4989907736894149
BRISONr_214,2017__GGE__LN_NF_RF,TRUE,1,4,1.0665497406386164
BRISONr_214,2017__HAN__HN_NF_RF,TRUE,1,4,0.2727073716678614
BRISONr_214,2017__HAN__HN_WF_RF,TRUE,1,4,0.028819540440692015
BRISONr_214,2017__HAN__LN_NF_RF,TRUE,1,4,-0.1254120595265262
BRISONr_214,2017__KAL__HN_NF_RF,TRUE,1,4,0.20045993171250917
BRISONr_214,2017__KAL__HN_WF_RF,TRUE,1,4,0.14893076548593936
BRISONr_214,2017__KAL__LN_NF_RF,TRUE,1,4,0.20996541371569788
BRISONr_214,2017__KIE__HN_NF_RF,TRUE,1,4,0.7185514455526569
BRISONr_214,2017__KIE__HN_WF_RF,TRUE,1,4,-0.15746071245367177
BRISONr_214,2017__KIE__LN_NF_RF,TRUE,1,4,0.12083809685489214
BRISONr_214,2017__QLB__HN_NF_RF,TRUE,1,4,0.15584808545530177
BRISONr_214,2017__QLB__HN_WF_RF,TRUE,1,4,0.2934739202249772
BRISONr_214,2017__QLB__LN_NF_RF,TRUE,1,4,-0.010639656784922596
BRISONr_215,2015__GGE__HN_NF_RF,TRUE,1,4,-0.7501864251406473
BRISONr_215,2015__GGE__HN_WF_RF,TRUE,1,4,-0.25155264446124215
BRISONr_215,2015__GGE__LN_NF_RF,TRUE,1,4,-0.4609152170598769
BRISONr_215,2015__HAN__HN_NF_RF,TRUE,1,4,-0.11782972057593945
BRISONr_215,2015__HAN__HN_WF_RF,TRUE,1,4,0.1478777979160325
BRISONr_215,2015__HAN__LN_NF_RF,TRUE,1,4,0.24463319431079922
BRISONr_215,2015__KAL__HN_NF_RF,TRUE,0.9232988434688713,3,0.531041832341657
BRISONr_215,2015__KAL__HN_WF_RF,TRUE,0.9232988434688713,3,-0.04954941859027556
BRISONr_215,2015__KAL__LN_NF_RF,TRUE,0.9232988434688713,3,1.0266386832398118
BRISONr_215,2015__KIE__HN_NF_RF,TRUE,1,4,0.30358480554926887
BRISONr_215,2015__KIE__HN_WF_RF,TRUE,1,4,-0.08326740165240126
BRISONr_215,2015__KIE__LN_NF_RF,TRUE,1,4,0.32231880640124316
BRISONr_215,2015__QLB__HN_NF_RF,TRUE,1,4,0.6064639149622697
BRISONr_215,2015__QLB__HN_WF_RF,TRUE,1,4,0.42417087643927676
BRISONr_215,2015__QLB__LN_NF_RF,TRUE,1,4,-0.06820775101189834
BRISONr_215,2016__GGE__HN_NF_RF,TRUE,1,4,0.23373361183343294
BRISONr_215,2016__GGE__HN_WF_RF,TRUE,1,4,0.3612997985319608
BRISONr_215,2016__GGE__LN_NF_RF,TRUE,1,4,0.16890156405303328
BRISONr_215,2016__HAN__HN_NF_RF,TRUE,1,4,-0.08035916584397926
BRISONr_215,2016__HAN__HN_WF_RF,TRUE,1,4,-0.3477010120204013
BRISONr_215,2016__HAN__LN_NF_RF,TRUE,1,4,-0.4707637271480274
BRISONr_215,2016__KAL__HN_NF_RF,TRUE,1,4,-0.018280332764825203
BRISONr_215,2016__KAL__HN_WF_RF,TRUE,1,4,0.21373605958200878
BRISONr_215,2016__KAL__LN_NF_RF,TRUE,1,4,0.05751652911117705
BRISONr_215,2016__KIE__HN_NF_RF,TRUE,1,4,-0.19585201841620814
BRISONr_215,2016__KIE__HN_WF_RF,TRUE,1,4,0.04212549337130973
BRISONr_215,2016__KIE__LN_NF_RF,TRUE,1,4,-0.08546164427497695
BRISONr_215,2016__QLB__HN_NF_RF,TRUE,1,4,-0.3926975828875551
BRISONr_215,2016__QLB__HN_WF_RF,TRUE,1,4,0.27550515472092174
BRISONr_215,2016__QLB__LN_NF_RF,TRUE,1,4,-0.36097763831688057
BRISONr_215,2017__GGE__HN_NF_RF,TRUE,1,4,0.3070227736784354
BRISONr_215,2017__GGE__HN_WF_RF,TRUE,1,4,-0.1824192317839609
BRISONr_215,2017__GGE__LN_NF_RF,TRUE,1,4,0.4763213809927014
BRISONr_215,2017__HAN__HN_NF_RF,TRUE,1,4,-0.32594591362267117
BRISONr_215,2017__HAN__HN_WF_RF,TRUE,1,4,-0.0897532847988898
BRISONr_215,2017__HAN__LN_NF_RF,TRUE,1,4,0.4594356567757216
BRISONr_215,2017__KAL__HN_NF_RF,TRUE,1,4,-0.035180850817181045
BRISONr_215,2017__KAL__HN_WF_RF,TRUE,1,4,-0.26042116321070236
BRISONr_215,2017__KAL__LN_NF_RF,TRUE,1,4,0.2610443065167792
BRISONr_215,2017__KIE__HN_NF_RF,TRUE,1,4,0.36328632712531195
BRISONr_215,2017__KIE__HN_WF_RF,TRUE,1,4,0.009493341912585815
BRISONr_215,2017__KIE__LN_NF_RF,TRUE,1,4,-0.3841965697617391
BRISONr_215,2017__QLB__HN_NF_RF,TRUE,1,4,0.5228851738442561
BRISONr_215,2017__QLB__HN_WF_RF,TRUE,1,4,0.31911574137295867
BRISONr_215,2017__QLB__LN_NF_RF,TRUE,1,4,0.18036672322857586
BRISONr_216,2015__GGE__HN_NF_RF,TRUE,1,4,0.44303668397759544
BRISONr_216,2015__GGE__HN_WF_RF,TRUE,1,4,0.2375415181698418
BRISONr_216,2015__GGE__LN_NF_RF,TRUE,1,4,-0.04993097220559097
BRISONr_216,2015__HAN__HN_NF_RF,TRUE,1,4,-0.22963537469009668
BRISONr_216,2015__HAN__HN_WF_RF,TRUE,1,4,-0.1082276009862542
BRISONr_216,2015__HAN__LN_NF_RF,TRUE,1,4,0.05851910807369062
BRISONr_216,2015__KAL__HN_NF_RF,TRUE,0.9232988434688713,3,1.2328746218283062
BRISONr_216,2015__KAL__HN_WF_RF,TRUE,0.9232988434688713,3,-0.1152918575547761
BRISONr_216,2015__KAL__LN_NF_RF,TRUE,0.9232988434688713,3,1.030475614307904
BRISONr_216,2015__KIE__HN_NF_RF,TRUE,1,4,0.153570167509482
BRISONr_216,2015__KIE__HN_WF_RF,TRUE,1,4,0.7436594046771514
BRISONr_216,2015__KIE__LN_NF_RF,TRUE,1,4,0.5514345360530418
BRISONr_216,2015__QLB__HN_NF_RF,TRUE,1,4,0.5595739288591434
BRISONr_216,2015__QLB__HN_WF_RF,TRUE,1,4,-0.377548732793905
BRISONr_216,2015__QLB__LN_NF_RF,TRUE,1,4,0.608911478780982
BRISONr_216,2016__GGE__HN_NF_RF,TRUE,1,4,0.917252929560764
BRISONr_216,2016__GGE__HN_WF_RF,TRUE,1,4,0.5227997394022692
BRISONr_216,2016__GGE__LN_NF_RF,TRUE,1,4,0.3605894322211858
BRISONr_216,2016__HAN__HN_NF_RF,TRUE,1,4,-0.12649203719206364
BRISONr_216,2016__HAN__HN_WF_RF,TRUE,1,4,0.06979992919554252
BRISONr_216,2016__HAN__LN_NF_RF,TRUE,1,4,0.08466855425913153
BRISONr_216,2016__KAL__HN_NF_RF,TRUE,1,4,-0.011609817859604007
BRISONr_216,2016__KAL__HN_WF_RF,TRUE,1,4,0.49668597588764835
BRISONr_216,2016__KAL__LN_NF_RF,TRUE,1,4,-0.21953249557607676
BRISONr_216,2016__KIE__HN_NF_RF,TRUE,1,4,-0.15870269972677023
BRISONr_216,2016__KIE__HN_WF_RF,TRUE,1,4,-0.05577350371000903
BRISONr_216,2016__KIE__LN_NF_RF,TRUE,1,4,0.09816467279827189
BRISONr_216,2016__QLB__HN_NF_RF,TRUE,1,4,0.6115650865336395
BRISONr_216,2016__QLB__HN_WF_RF,TRUE,1,4,-0.37071270070042045
BRISONr_216,2016__QLB__LN_NF_RF,TRUE,1,4,-0.07043485842969567
BRISONr_216,2017__GGE__HN_NF_RF,TRUE,1,4,0.3098109792529865
BRISONr_216,2017__GGE__HN_WF_RF,TRUE,1,4,0.3382238005387772
BRISONr_216,2017__GGE__LN_NF_RF,TRUE,1,4,0.7336307187981672
BRISONr_216,2017__HAN__HN_NF_RF,TRUE,1,4,-0.2952760357450477
BRISONr_216,2017__HAN__HN_WF_RF,TRUE,1,4,-0.18445979542419022
BRISONr_216,2017__HAN__LN_NF_RF,TRUE,1,4,-0.2558443206093068
BRISONr_216,2017__KAL__HN_NF_RF,TRUE,1,4,0.2005521664942094
BRISONr_216,2017__KAL__HN_WF_RF,TRUE,1,4,0.18450052188178906
BRISONr_216,2017__KAL__LN_NF_RF,TRUE,1,4,0.749940095245312
BRISONr_216,2017__KIE__HN_NF_RF,TRUE,1,4,-0.3535334278754366
BRISONr_216,2017__KIE__HN_WF_RF,TRUE,1,4,-0.061936752891746924
BRISONr_216,2017__KIE__LN_NF_RF,TRUE,1,4,-0.4878201333991721
BRISONr_216,2017__QLB__HN_NF_RF,TRUE,1,4,0.5498212293877516
BRISONr_216,2017__QLB__HN_WF_RF,TRUE,1,4,-0.2732439139708428
BRISONr_216,2017__QLB__LN_NF_RF,TRUE,1,4,0.4827963508716185
BRISONr_217,2015__GGE__HN_NF_RF,TRUE,1,4,0.4577261917649194
BRISONr_217,2015__GGE__HN_WF_RF,TRUE,1,4,0.13931571098378187
BRISONr_217,2015__GGE__LN_NF_RF,TRUE,1,4,-0.012556806894153325
BRISONr_217,2015__HAN__HN_NF_RF,TRUE,1,4,-0.08451684709722736
BRISONr_217,2015__HAN__HN_WF_RF,TRUE,1,4,0.3819511234508554
BRISONr_217,2015__HAN__LN_NF_RF,TRUE,1,4,0.45371253768232406
BRISONr_217,2015__KAL__HN_NF_RF,TRUE,0.9232988434688713,3,1.1839005424069726
BRISONr_217,2015__KAL__HN_WF_RF,TRUE,0.9232988434688713,3,-0.05146786673304086
BRISONr_217,2015__KAL__LN_NF_RF,TRUE,0.9232988434688713,3,0.4043645870415436
BRISONr_217,2015__KIE__HN_NF_RF,TRUE,1,4,-0.08724411616072826
BRISONr_217,2015__KIE__HN_WF_RF,TRUE,1,4,-0.1795694579306231
BRISONr_217,2015__KIE__LN_NF_RF,TRUE,1,4,0.23300776461189127
BRISONr_217,2015__QLB__HN_NF_RF,TRUE,1,4,-0.3039140311496468
BRISONr_217,2015__QLB__HN_WF_RF,TRUE,1,4,0.21647232063082372
BRISONr_217,2015__QLB__LN_NF_RF,TRUE,1,4,-0.38159792878718485
BRISONr_217,2016__GGE__HN_NF_RF,TRUE,1,4,0.6911459212181841
BRISONr_217,2016__GGE__HN_WF_RF,TRUE,1,4,0.7500173362888757
BRISONr_217,2016__GGE__LN_NF_RF,TRUE,1,4,0.8170147237998684
BRISONr_217,2016__HAN__HN_NF_RF,TRUE,1,4,0.03587159526527976
BRISONr_217,2016__HAN__HN_WF_RF,TRUE,1,4,0.459541807548558
BRISONr_217,2016__HAN__LN_NF_RF,TRUE,1,4,0.11501082480395189
BRISONr_217,2016__KAL__HN_NF_RF,TRUE,1,4,0.311835930705691
BRISONr_217,2016__KAL__HN_WF_RF,TRUE,1,4,0.36014512108188507
BRISONr_217,2016__KAL__LN_NF_RF,TRUE,1,4,0.012439567712219532
BRISONr_217,2016__KIE__HN_NF_RF,TRUE,1,4,-0.36131006508086155
BRISONr_217,2016__KIE__HN_WF_RF,TRUE,1,4,-0.9309021356352833
BRISONr_217,2016__KIE__LN_NF_RF,TRUE,1,4,-0.7210645799725393
BRISONr_217,2016__QLB__HN_NF_RF,TRUE,1,4,0.3426557802862287
BRISONr_217,2016__QLB__HN_WF_RF,TRUE,1,4,0.5791134426000891
BRISONr_217,2016__QLB__LN_NF_RF,TRUE,1,4,1.0212748969385828
BRISONr_217,2017__GGE__HN_NF_RF,TRUE,1,4,0.04042123415233669
BRISONr_217,2017__GGE__HN_WF_RF,TRUE,1,4,-0.2128147771552284
BRISONr_217,2017__GGE__LN_NF_RF,TRUE,1,4,0.7741258381113338
BRISONr_217,2017__HAN__HN_NF_RF,TRUE,1,4,-0.4632464691516816
BRISONr_217,2017__HAN__HN_WF_RF,TRUE,1,4,-0.3614932125657852
BRISONr_217,2017__HAN__LN_NF_RF,TRUE,1,4,0.35587666632311843
BRISONr_217,2017__KAL__HN_NF_RF,TRUE,1,4,0.22306131880790495
BRISONr_217,2017__KAL__HN_WF_RF,TRUE,1,4,0.3599650126939971
BRISONr_217,2017__KAL__LN_NF_RF,TRUE,1,4,0.2352890031384264
BRISONr_217,2017__KIE__HN_NF_RF,TRUE,1,4,-3.1974519132882993
BRISONr_217,2017__KIE__HN_WF_RF,TRUE,1,4,-2.859800196998528e-4
BRISONr_217,2017__QLB__HN_NF_RF,TRUE,1,4,-0.794043038725953
BRISONr_217,2017__QLB__HN_WF_RF,TRUE,1,4,-0.902268323905717
BRISONr_217,2017__QLB__LN_NF_RF,TRUE,1,4,-1.1656816163582202
BRISONr_218,2015__GGE__HN_NF_RF,TRUE,1,4,0.03519826938480282
BRISONr_218,2015__GGE__HN_WF_RF,TRUE,1,4,0.4536341990418775
BRISONr_218,2015__GGE__LN_NF_RF,TRUE,1,4,0.0424848751903768
BRISONr_218,2015__HAN__HN_NF_RF,TRUE,1,4,-0.46591396893343184
BRISONr_218,2015__HAN__HN_WF_RF,TRUE,1,4,-0.4253681735511228
BRISONr_218,2015__HAN__LN_NF_RF,TRUE,1,4,-0.10883902059641311
BRISONr_218,2015__KAL__HN_NF_RF,TRUE,0.9232988434688713,3,0.7312409027791671
BRISONr_218,2015__KAL__HN_WF_RF,TRUE,0.9232988434688713,3,0.08388896072881062
BRISONr_218,2015__KAL__LN_NF_RF,TRUE,0.9232988434688713,3,0.7616909814482865
BRISONr_218,2015__KIE__HN_NF_RF,TRUE,1,4,0.08429760200676731
BRISONr_218,2015__KIE__HN_WF_RF,TRUE,1,4,0.4853967762769887
BRISONr_218,2015__KIE__LN_NF_RF,TRUE,1,4,0.8918809807213183
BRISONr_218,2015__QLB__HN_NF_RF,TRUE,1,4,0.0016837198145312551
BRISONr_218,2015__QLB__HN_WF_RF,TRUE,1,4,0.054498306131201574
BRISONr_218,2015__QLB__LN_NF_RF,TRUE,1,4,0.22216825456238193
BRISONr_218,2016__GGE__HN_NF_RF,TRUE,1,4,0.36629428775151995
BRISONr_218,2016__GGE__HN_WF_RF,TRUE,1,4,0.7527257341517948
BRISONr_218,2016__GGE__LN_NF_RF,TRUE,1,4,0.6275209122895057
BRISONr_218,2016__HAN__HN_NF_RF,TRUE,1,4,0.20646160218475357
BRISONr_218,2016__HAN__HN_WF_RF,TRUE,1,4,0.11856731542454749
BRISONr_218,2016__HAN__LN_NF_RF,TRUE,1,4,0.003162699871234867
BRISONr_218,2016__KAL__HN_NF_RF,TRUE,1,4,-0.1354563852361818
BRISONr_218,2016__KAL__HN_WF_RF,TRUE,1,4,0.12403198571920272
BRISONr_218,2016__KAL__LN_NF_RF,TRUE,1,4,0.02652994936538962
BRISONr_218,2016__KIE__HN_NF_RF,TRUE,1,4,-0.17506652054622054
BRISONr_218,2016__KIE__HN_WF_RF,TRUE,1,4,-1.1060725727776242
BRISONr_218,2016__KIE__LN_NF_RF,TRUE,1,4,0.7471179686067133
BRISONr_218,2016__QLB__HN_NF_RF,TRUE,1,4,-0.7474880190459177
BRISONr_218,2016__QLB__HN_WF_RF,TRUE,1,4,-0.2241977066299423
BRISONr_218,2016__QLB__LN_NF_RF,TRUE,1,4,0.20748864425704683
BRISONr_218,2017__GGE__HN_NF_RF,TRUE,1,4,-0.48913414743877903
BRISONr_218,2017__GGE__HN_WF_RF,TRUE,1,4,-0.23438871300522746
BRISONr_218,2017__GGE__LN_NF_RF,TRUE,1,4,0.09430556669669599
BRISONr_218,2017__HAN__HN_NF_RF,TRUE,1,4,-0.2636971895969744
BRISONr_218,2017__HAN__HN_WF_RF,TRUE,1,4,-0.6072111146493795
BRISONr_218,2017__HAN__LN_NF_RF,TRUE,1,4,0.3752261581491208
BRISONr_218,2017__KAL__HN_NF_RF,TRUE,1,4,-0.2563193210397335
BRISONr_218,2017__KAL__HN_WF_RF,TRUE,1,4,-0.2513003735429949
BRISONr_218,2017__KAL__LN_NF_RF,TRUE,1,4,0.5933913618383468
BRISONr_218,2017__KIE__HN_NF_RF,TRUE,1,4,0.10602108830385519
BRISONr_218,2017__KIE__HN_WF_RF,TRUE,1,4,0.3915031584417891
BRISONr_218,2017__KIE__LN_NF_RF,TRUE,1,4,-0.5061259751819692
BRISONr_218,2017__QLB__HN_NF_RF,TRUE,1,4,-0.3105725176332312
BRISONr_218,2017__QLB__HN_WF_RF,TRUE,1,4,-0.9021665481297662
BRISONr_218,2017__QLB__LN_NF_RF,TRUE,1,4,-0.3656424379650764
BRISONr_219,2015__GGE__HN_NF_RF,TRUE,1,4,-0.03944197621800192
BRISONr_219,2015__GGE__HN_WF_RF,TRUE,1,4,-0.3700705005758646
BRISONr_219,2015__GGE__LN_NF_RF,TRUE,1,4,-0.5297816442419861
BRISONr_219,2015__HAN__HN_NF_RF,TRUE,1,4,0.16933898880790346
BRISONr_219,2015__HAN__HN_WF_RF,TRUE,1,4,0.091359446581805
BRISONr_219,2015__HAN__LN_NF_RF,TRUE,1,4,0.13683163826142888
BRISONr_219,2015__KAL__HN_NF_RF,TRUE,0.9232988434688713,3,0.5702117113935701
BRISONr_219,2015__KAL__HN_WF_RF,TRUE,0.9232988434688713,3,-0.8697465931261863
BRISONr_219,2015__KAL__LN_NF_RF,TRUE,0.9232988434688713,3,1.2822892432408244
BRISONr_219,2015__KIE__HN_NF_RF,TRUE,1,4,-0.08070479564566582
BRISONr_219,2015__KIE__HN_WF_RF,TRUE,1,4,-0.14246565921070653
BRISONr_219,2015__KIE__LN_NF_RF,TRUE,1,4,0.056128457988537786
BRISONr_219,2015__QLB__HN_NF_RF,TRUE,1,4,0.006224250660640321
BRISONr_219,2015__QLB__HN_WF_RF,TRUE,1,4,-0.47446983846009755
BRISONr_219,2015__QLB__LN_NF_RF,TRUE,1,4,0.26147896575894625
BRISONr_219,2016__GGE__HN_NF_RF,TRUE,1,4,-0.0847305651348008
BRISONr_219,2016__GGE__HN_WF_RF,TRUE,1,4,0.06278996645467147
BRISONr_219,2016__GGE__LN_NF_RF,TRUE,1,4,-0.2700315068842529
BRISONr_219,2016__HAN__HN_NF_RF,TRUE,1,4,0.001573379153362751
BRISONr_219,2016__HAN__HN_WF_RF,TRUE,1,4,-0.08972926221587854
BRISONr_219,2016__HAN__LN_NF_RF,TRUE,1,4,-0.015817512174397013
BRISONr_219,2016__KAL__HN_NF_RF,TRUE,1,4,0.3314149720896548
BRISONr_219,2016__KAL__HN_WF_RF,TRUE,1,4,-0.25130405078456425
BRISONr_219,2016__KAL__LN_NF_RF,TRUE,1,4,-0.1956551660960996
BRISONr_219,2016__KIE__HN_NF_RF,TRUE,1,4,0.12158525614903448
BRISONr_219,2016__KIE__HN_WF_RF,TRUE,1,4,-0.28936150550710876
BRISONr_219,2016__KIE__LN_NF_RF,TRUE,1,4,0.21950029054289957
BRISONr_219,2016__QLB__HN_NF_RF,TRUE,1,4,-0.24056834498052038
BRISONr_219,2016__QLB__HN_WF_RF,TRUE,1,4,-0.4222386676204966
BRISONr_219,2016__QLB__LN_NF_RF,TRUE,1,4,-0.2233532140376634
BRISONr_219,2017__GGE__HN_NF_RF,TRUE,1,4,0.11220411041531488
BRISONr_219,2017__GGE__HN_WF_RF,TRUE,1,4,0.06987496259839351
BRISONr_219,2017__GGE__LN_NF_RF,TRUE,1,4,-0.17850625634776596
BRISONr_219,2017__HAN__HN_NF_RF,TRUE,1,4,0.40335247795041385
BRISONr_219,2017__HAN__HN_WF_RF,TRUE,1,4,-0.4615913405498077
BRISONr_219,2017__HAN__LN_NF_RF,TRUE,1,4,-0.13603522366853552
BRISONr_219,2017__KAL__HN_NF_RF,TRUE,1,4,0.006041035394804259
BRISONr_219,2017__KAL__HN_WF_RF,TRUE,1,4,-0.6338456901483647
BRISONr_219,2017__KAL__LN_NF_RF,TRUE,1,4,0.14158567449796713
BRISONr_219,2017__KIE__HN_NF_RF,TRUE,1,4,0.14029838405911876
BRISONr_219,2017__KIE__HN_WF_RF,TRUE,1,4,0.19496802157574145
BRISONr_219,2017__KIE__LN_NF_RF,TRUE,1,4,-0.21209767421458467
BRISONr_219,2017__QLB__HN_NF_RF,TRUE,1,4,0.2797848114889497
BRISONr_219,2017__QLB__HN_WF_RF,TRUE,1,4,-0.024145874562182687
BRISONr_219,2017__QLB__LN_NF_RF,TRUE,1,4,0.11558993544363776
BRISONr_22,2015__GGE__HN_NF_RF,TRUE,1,4,-0.07640238586571033
BRISONr_22,2015__GGE__HN_WF_RF,TRUE,1,4,0.41852160400523986
BRISONr_22,2015__GGE__LN_NF_RF,TRUE,1,4,0.02458959391330519
BRISONr_22,2015__HAN__HN_NF_RF,TRUE,1,4,0.4153248653443566
BRISONr_22,2015__HAN__HN_WF_RF,TRUE,1,4,0.15721343262027868
BRISONr_22,2015__HAN__LN_NF_RF,TRUE,1,4,0.47404630672170134
BRISONr_22,2015__KAL__HN_NF_RF,TRUE,0.9232988434688713,3,-0.055966840424490925
BRISONr_22,2015__KAL__HN_WF_RF,TRUE,0.9232988434688713,3,0.01463348803277076
BRISONr_22,2015__KAL__LN_NF_RF,TRUE,0.9232988434688713,3,0.7510695275822814
BRISONr_22,2015__KIE__HN_NF_RF,TRUE,1,4,0.30489914900102816
BRISONr_22,2015__KIE__HN_WF_RF,TRUE,1,4,0.34566400375711165
BRISONr_22,2015__KIE__LN_NF_RF,TRUE,1,4,0.29266688232358723
BRISONr_22,2015__QLB__HN_NF_RF,TRUE,1,4,0.05487065153225627
BRISONr_22,2015__QLB__HN_WF_RF,TRUE,1,4,0.17792691644823616
BRISONr_22,2015__QLB__LN_NF_RF,TRUE,1,4,0.12709248481731658
BRISONr_22,2016__GGE__HN_NF_RF,TRUE,1,4,0.2523080447312194
BRISONr_22,2016__GGE__HN_WF_RF,TRUE,1,4,-0.16789435538652017
BRISONr_22,2016__GGE__LN_NF_RF,TRUE,1,4,0.019608080128293535
BRISONr_22,2016__HAN__HN_NF_RF,TRUE,1,4,-0.17048310937335986
BRISONr_22,2016__HAN__HN_WF_RF,TRUE,1,4,-0.22016114977284013
BRISONr_22,2016__HAN__LN_NF_RF,TRUE,1,4,0.2131731348355084
BRISONr_22,2016__KAL__HN_NF_RF,TRUE,1,4,0.2888385549107242
BRISONr_22,2016__KAL__HN_WF_RF,TRUE,1,4,0.09645045256021148
BRISONr_22,2016__KAL__LN_NF_RF,TRUE,1,4,-0.1265807487376902
BRISONr_22,2016__KIE__HN_NF_RF,TRUE,1,4,0.41653800947191955
BRISONr_22,2016__KIE__HN_WF_RF,TRUE,1,4,-0.6881305777867028
BRISONr_22,2016__KIE__LN_NF_RF,TRUE,1,4,0.049730522629124425
BRISONr_22,2016__QLB__HN_NF_RF,TRUE,1,4,0.13144278315569238
BRISONr_22,2016__QLB__HN_WF_RF,TRUE,1,4,-0.24236569986693124
BRISONr_22,2016__QLB__LN_NF_RF,TRUE,1,4,0.21459226446356572
BRISONr_22,2017__GGE__HN_NF_RF,TRUE,1,4,-1.0170116399653215
BRISONr_22,2017__GGE__HN_WF_RF,TRUE,1,4,-0.35983125563610696
BRISONr_22,2017__GGE__LN_NF_RF,TRUE,1,4,0.4711304399820027
BRISONr_22,2017__HAN__HN_NF_RF,TRUE,1,4,0.0813189039385793
BRISONr_22,2017__HAN__HN_WF_RF,TRUE,1,4,-0.22073779518348294
BRISONr_22,2017__HAN__LN_NF_RF,TRUE,1,4,-0.17372284118295137
BRISONr_22,2017__KAL__HN_NF_RF,TRUE,1,4,0.03208557787708385
BRISONr_22,2017__KAL__HN_WF_RF,TRUE,1,4,-0.059399892489326825
BRISONr_22,2017__KAL__LN_NF_RF,TRUE,1,4,-0.29350445888535687
BRISONr_22,2017__KIE__HN_NF_RF,TRUE,1,4,0.2036670703960255
BRISONr_22,2017__KIE__HN_WF_RF,TRUE,1,4,0.038945066451403776
BRISONr_22,2017__KIE__LN_NF_RF,TRUE,1,4,0.6032731259277643
BRISONr_22,2017__QLB__HN_NF_RF,TRUE,1,4,0.29260941714439376
BRISONr_22,2017__QLB__HN_WF_RF,TRUE,1,4,0.50881283587343
BRISONr_22,2017__QLB__LN_NF_RF,TRUE,1,4,0.5743332210747015
BRISONr_220,2015__GGE__HN_NF_RF,TRUE,1,4,-0.14560832955540715
BRISONr_220,2015__GGE__HN_WF_RF,TRUE,1,4,-0.4935737853212401
BRISONr_220,2015__GGE__LN_NF_RF,TRUE,1,4,0.6836028179334879
BRISONr_220,2015__HAN__HN_NF_RF,TRUE,1,4,-1.061716995754885
BRISONr_220,2015__HAN__HN_WF_RF,TRUE,1,4,-0.0600122244793075
BRISONr_220,2015__HAN__LN_NF_RF,TRUE,1,4,-0.21293553734630466
BRISONr_220,2015__KAL__HN_NF_RF,TRUE,0.9232988434688713,3,-0.07551387836581407
BRISONr_220,2015__KAL__HN_WF_RF,TRUE,0.9232988434688713,3,0.02070350749102576
BRISONr_220,2015__KAL__LN_NF_RF,TRUE,0.9232988434688713,3,0.5823345678856429
BRISONr_220,2015__KIE__HN_NF_RF,TRUE,1,4,-0.21802720899206954
BRISONr_220,2015__KIE__HN_WF_RF,TRUE,1,4,0.6191291056507393
BRISONr_220,2015__KIE__LN_NF_RF,TRUE,1,4,0.30720977611424405
BRISONr_220,2015__QLB__HN_NF_RF,TRUE,1,4,-0.2500738054932942
BRISONr_220,2015__QLB__HN_WF_RF,TRUE,1,4,-0.6059992696481488
BRISONr_220,2015__QLB__LN_NF_RF,TRUE,1,4,-0.24851577584531584
BRISONr_220,2016__GGE__HN_NF_RF,TRUE,1,4,0.15501548745500549
BRISONr_220,2016__GGE__HN_WF_RF,TRUE,1,4,0.20907253948211124
BRISONr_220,2016__GGE__LN_NF_RF,TRUE,1,4,0.7487040530668069
BRISONr_220,2016__HAN__HN_NF_RF,TRUE,1,4,-0.9392509252839402
BRISONr_220,2016__HAN__HN_WF_RF,TRUE,1,4,-0.188478438548441
BRISONr_220,2016__HAN__LN_NF_RF,TRUE,1,4,-0.2741287459814565
BRISONr_220,2016__KAL__HN_NF_RF,TRUE,1,4,-0.43371731133908414
BRISONr_220,2016__KAL__HN_WF_RF,TRUE,1,4,-0.09208973183507928
BRISONr_220,2016__KAL__LN_NF_RF,TRUE,1,4,-0.2836213863939734
BRISONr_220,2016__KIE__HN_NF_RF,TRUE,1,4,-1.0391545461727236
BRISONr_220,2016__KIE__HN_WF_RF,TRUE,1,4,-0.03443424197833035
BRISONr_220,2016__KIE__LN_NF_RF,TRUE,1,4,-0.08044814529452249
BRISONr_220,2016__QLB__HN_NF_RF,TRUE,1,4,-1.159147388194331
BRISONr_220,2016__QLB__HN_WF_RF,TRUE,1,4,0.2693437707029849
BRISONr_220,2016__QLB__LN_NF_RF,TRUE,1,4,-0.8814296770479737
BRISONr_220,2017__GGE__HN_NF_RF,TRUE,1,4,-0.05566931299419067
BRISONr_220,2017__GGE__HN_WF_RF,TRUE,1,4,-0.44071739823743483
BRISONr_220,2017__GGE__LN_NF_RF,TRUE,1,4,0.1482513882973292
BRISONr_220,2017__HAN__HN_NF_RF,TRUE,1,4,-0.7913608655619415
BRISONr_220,2017__HAN__HN_WF_RF,TRUE,1,4,-0.5179372409825469
BRISONr_220,2017__HAN__LN_NF_RF,TRUE,1,4,-0.14353124599134312
BRISONr_220,2017__KAL__HN_NF_RF,TRUE,1,4,-0.4514965102807141
BRISONr_220,2017__KAL__HN_WF_RF,TRUE,1,4,0.055817328745075875
BRISONr_220,2017__KAL__LN_NF_RF,TRUE,1,4,0.3137627934043118
BRISONr_220,2017__KIE__HN_NF_RF,TRUE,1,4,-0.4794930437685412
BRISONr_220,2017__KIE__HN_WF_RF,TRUE,1,4,-0.03596892918162059
BRISONr_220,2017__KIE__LN_NF_RF,TRUE,1,4,-0.1856802305444986
BRISONr_220,2017__QLB__HN_NF_RF,TRUE,1,4,-1.0310384374796167
BRISONr_220,2017__QLB__HN_WF_RF,TRUE,1,4,-0.23378289095789004
BRISONr_220,2017__QLB__LN_NF_RF,TRUE,1,4,-0.6704625594595613
BRISONr_23,2015__GGE__HN_NF_RF,TRUE,1,4,0.5367868273373634
BRISONr_23,2015__GGE__HN_WF_RF,TRUE,1,4,0.04330214235048846
BRISONr_23,2015__GGE__LN_NF_RF,TRUE,1,4,0.6169301565246975
BRISONr_23,2015__HAN__HN_NF_RF,TRUE,1,4,0.38313602873762326
BRISONr_23,2015__HAN__HN_WF_RF,TRUE,1,4,0.8562183867674449
BRISONr_23,2015__HAN__LN_NF_RF,TRUE,1,4,0.04166891392033883
BRISONr_23,2015__KAL__HN_NF_RF,TRUE,0.9232988434688713,3,0.5223003893014133
BRISONr_23,2015__KAL__HN_WF_RF,TRUE,0.9232988434688713,3,0.4086200220602639
BRISONr_23,2015__KAL__LN_NF_RF,TRUE,0.9232988434688713,3,0.010412028031429323
BRISONr_23,2015__KIE__HN_NF_RF,TRUE,1,4,0.39036281754542534
BRISONr_23,2015__KIE__HN_WF_RF,TRUE,1,4,0.27114526360339997
BRISONr_23,2015__KIE__LN_NF_RF,TRUE,1,4,-0.1348243237376627
BRISONr_23,2015__QLB__HN_NF_RF,TRUE,1,4,0.7503016950127941
BRISONr_23,2015__QLB__HN_WF_RF,TRUE,1,4,0.3076751465680969
BRISONr_23,2015__QLB__LN_NF_RF,TRUE,1,4,0.5939593722016372
BRISONr_23,2016__GGE__HN_NF_RF,TRUE,1,4,-0.3949672986923539
BRISONr_23,2016__GGE__HN_WF_RF,TRUE,1,4,0.0882346031187493
BRISONr_23,2016__GGE__LN_NF_RF,TRUE,1,4,-0.2008382665323237
BRISONr_23,2016__HAN__HN_NF_RF,TRUE,1,4,0.5429639103445417
BRISONr_23,2016__HAN__HN_WF_RF,TRUE,1,4,0.0937185572045787
BRISONr_23,2016__HAN__LN_NF_RF,TRUE,1,4,0.10658702954174193
BRISONr_23,2016__KAL__HN_NF_RF,TRUE,1,4,-0.14386239002354312
BRISONr_23,2016__KAL__HN_WF_RF,TRUE,1,4,0.20357026838319497
BRISONr_23,2016__KAL__LN_NF_RF,TRUE,1,4,0.04353139166620609
BRISONr_23,2016__KIE__HN_NF_RF,TRUE,1,4,0.23135657568284865
BRISONr_23,2016__KIE__HN_WF_RF,TRUE,1,4,0.05649697202708317
BRISONr_23,2016__KIE__LN_NF_RF,TRUE,1,4,-0.10689037556037026
BRISONr_23,2016__QLB__HN_NF_RF,TRUE,1,4,0.3290743976927617
BRISONr_23,2016__QLB__HN_WF_RF,TRUE,1,4,0.280173715319779
BRISONr_23,2016__QLB__LN_NF_RF,TRUE,1,4,0.3980255418725447
BRISONr_23,2017__GGE__HN_NF_RF,TRUE,1,4,0.6489038101483693
BRISONr_23,2017__GGE__HN_WF_RF,TRUE,1,4,0.29241525923301337
BRISONr_23,2017__GGE__LN_NF_RF,TRUE,1,4,0.5277990988337496
BRISONr_23,2017__HAN__HN_NF_RF,TRUE,1,4,0.002455207235304579
BRISONr_23,2017__HAN__HN_WF_RF,TRUE,1,4,0.012894383094315873
BRISONr_23,2017__HAN__LN_NF_RF,TRUE,1,4,0.3865458845270341
BRISONr_23,2017__KAL__HN_NF_RF,TRUE,1,4,0.3764445818768962
BRISONr_23,2017__KAL__HN_WF_RF,TRUE,1,4,0.39499848374555185
BRISONr_23,2017__KAL__LN_NF_RF,TRUE,1,4,-0.3615248932947845
BRISONr_23,2017__KIE__HN_NF_RF,TRUE,1,4,0.17685512822419464
BRISONr_23,2017__KIE__HN_WF_RF,TRUE,1,4,-0.203712835966797
BRISONr_23,2017__KIE__LN_NF_RF,TRUE,1,4,-0.3293752353565228
BRISONr_23,2017__QLB__HN_NF_RF,TRUE,1,4,-0.15590289047795758
BRISONr_23,2017__QLB__HN_WF_RF,TRUE,1,4,0.48155535828749096
BRISONr_23,2017__QLB__LN_NF_RF,TRUE,1,4,0.1633612892868597
BRISONr_24,2015__GGE__HN_NF_RF,TRUE,1,4,0.7110578730410944
BRISONr_24,2015__GGE__HN_WF_RF,TRUE,1,4,0.22808883334990843
BRISONr_24,2015__GGE__LN_NF_RF,TRUE,1,4,0.6203416863495287
BRISONr_24,2015__HAN__HN_NF_RF,TRUE,1,4,-0.6647201198662919
BRISONr_24,2015__HAN__HN_WF_RF,TRUE,1,4,0.5282223261285331
BRISONr_24,2015__HAN__LN_NF_RF,TRUE,1,4,-0.08775913725247697
BRISONr_24,2015__KAL__HN_NF_RF,TRUE,0.9232988434688713,3,1.6840129471000151
BRISONr_24,2015__KAL__HN_WF_RF,TRUE,0.9232988434688713,3,0.13262143530259504
BRISONr_24,2015__KAL__LN_NF_RF,TRUE,0.9232988434688713,3,0.47993540320839573
BRISONr_24,2015__KIE__HN_NF_RF,TRUE,1,4,-0.007303486492784909
BRISONr_24,2015__KIE__HN_WF_RF,TRUE,1,4,0.2221123801288463
BRISONr_24,2015__KIE__LN_NF_RF,TRUE,1,4,0.3245341682076687
BRISONr_24,2015__QLB__HN_NF_RF,TRUE,1,4,0.2850328668556621
BRISONr_24,2015__QLB__HN_WF_RF,TRUE,1,4,0.3062194667684381
BRISONr_24,2015__QLB__LN_NF_RF,TRUE,1,4,-0.03709469506618714
BRISONr_24,2016__GGE__HN_NF_RF,TRUE,1,4,0.08560980747894932
BRISONr_24,2016__GGE__HN_WF_RF,TRUE,1,4,-0.20443188108916066
BRISONr_24,2016__GGE__LN_NF_RF,TRUE,1,4,0.014317153782915475
BRISONr_24,2016__HAN__HN_NF_RF,TRUE,1,4,-0.3830008142561082
BRISONr_24,2016__HAN__HN_WF_RF,TRUE,1,4,-0.1517826055563883
BRISONr_24,2016__HAN__LN_NF_RF,TRUE,1,4,0.21790891596937573
BRISONr_24,2016__KAL__HN_NF_RF,TRUE,1,4,-0.19104813443530577
BRISONr_24,2016__KAL__HN_WF_RF,TRUE,1,4,0.12544787248086292
BRISONr_24,2016__KAL__LN_NF_RF,TRUE,1,4,-0.07540972880195906
BRISONr_24,2016__KIE__HN_NF_RF,TRUE,1,4,-0.1378738787797338
BRISONr_24,2016__KIE__HN_WF_RF,TRUE,1,4,-0.13582366174683058
BRISONr_24,2016__KIE__LN_NF_RF,TRUE,1,4,0.32710682153735837
BRISONr_24,2016__QLB__HN_NF_RF,TRUE,1,4,-0.16920112145348143
BRISONr_24,2016__QLB__HN_WF_RF,TRUE,1,4,0.1490286715252984
BRISONr_24,2016__QLB__LN_NF_RF,TRUE,1,4,0.34382903418763383
BRISONr_24,2017__GGE__HN_NF_RF,TRUE,1,4,-0.3763284597835417
BRISONr_24,2017__GGE__HN_WF_RF,TRUE,1,4,-0.1106634765766209
BRISONr_24,2017__GGE__LN_NF_RF,TRUE,1,4,0.9630724861879574
BRISONr_24,2017__HAN__HN_NF_RF,TRUE,1,4,-0.31570345360626295
BRISONr_24,2017__HAN__HN_WF_RF,TRUE,1,4,-0.0719953728935634
BRISONr_24,2017__HAN__LN_NF_RF,TRUE,1,4,-0.33680281579724153
BRISONr_24,2017__KAL__HN_NF_RF,TRUE,1,4,-0.4079269250505614
BRISONr_24,2017__KAL__HN_WF_RF,TRUE,1,4,0.004918032751830649
BRISONr_24,2017__KAL__LN_NF_RF,TRUE,1,4,-0.06560878875916085
BRISONr_24,2017__KIE__HN_NF_RF,TRUE,1,4,-0.23562446775899232
BRISONr_24,2017__KIE__HN_WF_RF,TRUE,1,4,-0.047647397735637254
BRISONr_24,2017__KIE__LN_NF_RF,TRUE,1,4,-0.06417914698833027
BRISONr_24,2017__QLB__HN_NF_RF,TRUE,1,4,0.34385657643618195
BRISONr_24,2017__QLB__HN_WF_RF,TRUE,1,4,-0.3605412251022556
BRISONr_24,2017__QLB__LN_NF_RF,TRUE,1,4,0.5178881026422841
BRISONr_25,2015__GGE__HN_NF_RF,TRUE,1,4,0.6102117418794895
BRISONr_25,2015__GGE__HN_WF_RF,TRUE,1,4,0.15426601919376653
BRISONr_25,2015__GGE__LN_NF_RF,TRUE,1,4,0.7492455505019597
BRISONr_25,2015__HAN__HN_NF_RF,TRUE,1,4,0.5754315223646254
BRISONr_25,2015__HAN__HN_WF_RF,TRUE,1,4,0.5332966039000119
BRISONr_25,2015__HAN__LN_NF_RF,TRUE,1,4,0.3261540706055063
BRISONr_25,2015__KAL__HN_NF_RF,TRUE,0.9232988434688713,3,0.5290284796443544
BRISONr_25,2015__KAL__HN_WF_RF,TRUE,0.9232988434688713,3,0.22052655070271585
BRISONr_25,2015__KAL__LN_NF_RF,TRUE,0.9232988434688713,3,-0.30344418152925
BRISONr_25,2015__KIE__HN_NF_RF,TRUE,1,4,0.4034592070299885
BRISONr_25,2015__KIE__HN_WF_RF,TRUE,1,4,0.00213484956851117
BRISONr_25,2015__KIE__LN_NF_RF,TRUE,1,4,0.21282383045437991
BRISONr_25,2015__QLB__HN_NF_RF,TRUE,1,4,1.0407889850385907
BRISONr_25,2015__QLB__HN_WF_RF,TRUE,1,4,-0.11642933633664167
BRISONr_25,2015__QLB__LN_NF_RF,TRUE,1,4,0.44126834423623823
BRISONr_25,2016__GGE__HN_NF_RF,TRUE,1,4,0.5151832503046816
BRISONr_25,2016__GGE__HN_WF_RF,TRUE,1,4,-0.14688955485533906
BRISONr_25,2016__GGE__LN_NF_RF,TRUE,1,4,0.1942696935973245
BRISONr_25,2016__HAN__HN_NF_RF,TRUE,1,4,0.9568518893854455
BRISONr_25,2016__HAN__HN_WF_RF,TRUE,1,4,0.2720975161933911
BRISONr_25,2016__HAN__LN_NF_RF,TRUE,1,4,0.5031624891036026
BRISONr_25,2016__KAL__HN_NF_RF,TRUE,1,4,1.0298875744416605
BRISONr_25,2016__KAL__HN_WF_RF,TRUE,1,4,0.3940422000587986
BRISONr_25,2016__KAL__LN_NF_RF,TRUE,1,4,0.0407837350803865
BRISONr_25,2016__KIE__HN_NF_RF,TRUE,1,4,0.5622191434815763
BRISONr_25,2016__KIE__HN_WF_RF,TRUE,1,4,-0.4335259389958449
BRISONr_25,2016__KIE__LN_NF_RF,TRUE,1,4,-0.11081566337391745
BRISONr_25,2016__QLB__HN_NF_RF,TRUE,1,4,0.9950982189830434
BRISONr_25,2016__QLB__HN_WF_RF,TRUE,1,4,0.1254032979718495
BRISONr_25,2016__QLB__LN_NF_RF,TRUE,1,4,0.9073335610651247
BRISONr_25,2017__GGE__HN_NF_RF,TRUE,1,4,0.3022059318161838
BRISONr_25,2017__GGE__HN_WF_RF,TRUE,1,4,0.053296045441258974
BRISONr_25,2017__GGE__LN_NF_RF,TRUE,1,4,-0.5501843774959081
BRISONr_25,2017__HAN__HN_NF_RF,TRUE,1,4,0.4256369937820819
BRISONr_25,2017__HAN__HN_WF_RF,TRUE,1,4,0.4761582642713626
BRISONr_25,2017__HAN__LN_NF_RF,TRUE,1,4,0.4430878493376993
BRISONr_25,2017__KAL__HN_NF_RF,TRUE,1,4,0.5022058750329109
BRISONr_25,2017__KAL__HN_WF_RF,TRUE,1,4,0.035381512522160784
BRISONr_25,2017__KAL__LN_NF_RF,TRUE,1,4,-0.19983090885806332
BRISONr_25,2017__KIE__HN_NF_RF,TRUE,1,4,0.5779800626601806
BRISONr_25,2017__KIE__HN_WF_RF,TRUE,1,4,-0.014114901013668635
BRISONr_25,2017__KIE__LN_NF_RF,TRUE,1,4,0.6393564642827572
BRISONr_25,2017__QLB__HN_NF_RF,TRUE,1,4,0.9880851502613759
BRISONr_25,2017__QLB__HN_WF_RF,TRUE,1,4,0.39132394207454446
BRISONr_25,2017__QLB__LN_NF_RF,TRUE,1,4,0.6304122442413547
BRISONr_26,2015__GGE__HN_NF_RF,TRUE,1,4,0.7676257379876733
BRISONr_26,2015__GGE__HN_WF_RF,TRUE,1,4,0.6292571010757217
BRISONr_26,2015__GGE__LN_NF_RF,TRUE,1,4,0.46689108039858124
BRISONr_26,2015__HAN__HN_NF_RF,TRUE,1,4,0.39860845785679505
BRISONr_26,2015__HAN__HN_WF_RF,TRUE,1,4,0.7859295300017732
BRISONr_26,2015__HAN__LN_NF_RF,TRUE,1,4,0.5475499887859021
BRISONr_26,2015__KAL__HN_NF_RF,TRUE,0.9232988434688713,3,0.6485079006283817
BRISONr_26,2015__KAL__HN_WF_RF,TRUE,0.9232988434688713,3,-0.14436158310039415
BRISONr_26,2015__KAL__LN_NF_RF,TRUE,0.9232988434688713,3,0.30033739048562436
BRISONr_26,2015__KIE__HN_NF_RF,TRUE,1,4,0.6782266633728944
BRISONr_26,2015__KIE__HN_WF_RF,TRUE,1,4,0.5482772806589115
BRISONr_26,2015__KIE__LN_NF_RF,TRUE,1,4,0.2005655830570656
BRISONr_26,2015__QLB__HN_NF_RF,TRUE,1,4,0.5409172520341448
BRISONr_26,2015__QLB__HN_WF_RF,TRUE,1,4,0.26018465188444345
BRISONr_26,2015__QLB__LN_NF_RF,TRUE,1,4,0.5195638834945455
BRISONr_26,2016__GGE__HN_NF_RF,TRUE,1,4,0.5282448288781485
BRISONr_26,2016__GGE__HN_WF_RF,TRUE,1,4,0.5465778106950372
BRISONr_26,2016__GGE__LN_NF_RF,TRUE,1,4,-0.044790479255684634
BRISONr_26,2016__HAN__HN_NF_RF,TRUE,1,4,0.529969787629979
BRISONr_26,2016__HAN__HN_WF_RF,TRUE,1,4,0.7979936959535451
BRISONr_26,2016__HAN__LN_NF_RF,TRUE,1,4,0.7268039287818173
BRISONr_26,2016__KAL__HN_NF_RF,TRUE,1,4,0.693943610459412
BRISONr_26,2016__KAL__HN_WF_RF,TRUE,1,4,0.7167753053502527
BRISONr_26,2016__KAL__LN_NF_RF,TRUE,1,4,0.588946381325287
BRISONr_26,2016__KIE__HN_NF_RF,TRUE,1,4,0.8589585795285416
BRISONr_26,2016__KIE__HN_WF_RF,TRUE,1,4,0.5892760949254092
BRISONr_26,2016__KIE__LN_NF_RF,TRUE,1,4,0.7324240019327771
BRISONr_26,2016__QLB__HN_NF_RF,TRUE,1,4,0.7064184985471293
BRISONr_26,2016__QLB__HN_WF_RF,TRUE,1,4,0.18649339737960668
BRISONr_26,2016__QLB__LN_NF_RF,TRUE,1,4,0.44007024431761654
BRISONr_26,2017__GGE__HN_NF_RF,TRUE,1,4,0.9628956003100055
BRISONr_26,2017__GGE__HN_WF_RF,TRUE,1,4,0.6798439963073183
BRISONr_26,2017__GGE__LN_NF_RF,TRUE,1,4,0.4219188077218734
BRISONr_26,2017__HAN__HN_NF_RF,TRUE,1,4,0.5670432549885683
BRISONr_26,2017__HAN__HN_WF_RF,TRUE,1,4,0.9806023234702685
BRISONr_26,2017__HAN__LN_NF_RF,TRUE,1,4,0.4138464409531155
BRISONr_26,2017__KAL__HN_NF_RF,TRUE,1,4,0.6780979447540998
BRISONr_26,2017__KAL__HN_WF_RF,TRUE,1,4,0.3199758901594225
BRISONr_26,2017__KAL__LN_NF_RF,TRUE,1,4,0.3550058293192649
BRISONr_26,2017__KIE__HN_NF_RF,TRUE,1,4,1.0309600017239282
BRISONr_26,2017__KIE__HN_WF_RF,TRUE,1,4,0.4546112012823849
BRISONr_26,2017__KIE__LN_NF_RF,TRUE,1,4,0.2367850984746103
BRISONr_26,2017__QLB__HN_NF_RF,TRUE,1,4,0.8798494571972286
BRISONr_26,2017__QLB__HN_WF_RF,TRUE,1,4,0.7281060073587932
BRISONr_26,2017__QLB__LN_NF_RF,TRUE,1,4,1.1266780452438572
BRISONr_27,2015__GGE__HN_NF_RF,TRUE,1,4,-0.18507403496892502
BRISONr_27,2015__GGE__HN_WF_RF,TRUE,1,4,0.44274709224123227
BRISONr_27,2015__GGE__LN_NF_RF,TRUE,1,4,-0.024285984258171762
BRISONr_27,2015__HAN__HN_NF_RF,TRUE,1,4,0.026063445734385696
BRISONr_27,2015__HAN__HN_WF_RF,TRUE,1,4,0.255617313597638
BRISONr_27,2015__HAN__LN_NF_RF,TRUE,1,4,-0.35135700572948986
BRISONr_27,2015__KAL__HN_NF_RF,TRUE,0.9232988434688713,3,0.004211586637904241
BRISONr_27,2015__KAL__HN_WF_RF,TRUE,0.9232988434688713,3,-0.11457688171832556
BRISONr_27,2015__KAL__LN_NF_RF,TRUE,0.9232988434688713,3,-0.33026890298485373
BRISONr_27,2015__KIE__HN_NF_RF,TRUE,1,4,-0.22286666103671543
BRISONr_27,2015__KIE__HN_WF_RF,TRUE,1,4,-0.4095699573000811
BRISONr_27,2015__KIE__LN_NF_RF,TRUE,1,4,-0.13397316610134558
BRISONr_27,2015__QLB__HN_NF_RF,TRUE,1,4,0.13660863265421502
BRISONr_27,2015__QLB__HN_WF_RF,TRUE,1,4,-0.140263293985206
BRISONr_27,2015__QLB__LN_NF_RF,TRUE,1,4,-0.18338348357315074
BRISONr_27,2016__GGE__HN_NF_RF,TRUE,1,4,0.02576230885152138
BRISONr_27,2016__GGE__HN_WF_RF,TRUE,1,4,0.13599421389543503
BRISONr_27,2016__GGE__LN_NF_RF,TRUE,1,4,0.14840309808766675
BRISONr_27,2016__HAN__HN_NF_RF,TRUE,1,4,-0.12034788206472749
BRISONr_27,2016__HAN__HN_WF_RF,TRUE,1,4,0.3101997134325646
BRISONr_27,2016__HAN__LN_NF_RF,TRUE,1,4,0.19896655588781298
BRISONr_27,2016__KAL__HN_NF_RF,TRUE,1,4,0.04634263375267249
BRISONr_27,2016__KAL__HN_WF_RF,TRUE,1,4,0.06839495328692374
BRISONr_27,2016__KAL__LN_NF_RF,TRUE,1,4,0.11198022087001372
BRISONr_27,2016__KIE__HN_NF_RF,TRUE,1,4,-0.40405143339189975
BRISONr_27,2016__KIE__HN_WF_RF,TRUE,1,4,-0.044203516994669435
BRISONr_27,2016__KIE__LN_NF_RF,TRUE,1,4,-0.05529836389067072
BRISONr_27,2016__QLB__HN_NF_RF,TRUE,1,4,0.20452347352288575
BRISONr_27,2016__QLB__HN_WF_RF,TRUE,1,4,0.08770873687772941
BRISONr_27,2016__QLB__LN_NF_RF,TRUE,1,4,0.17312435146205415
BRISONr_27,2017__GGE__HN_NF_RF,TRUE,1,4,0.2919900386606844
BRISONr_27,2017__GGE__HN_WF_RF,TRUE,1,4,0.05551022822849785
BRISONr_27,2017__GGE__LN_NF_RF,TRUE,1,4,-0.025484391761015336
BRISONr_27,2017__HAN__HN_NF_RF,TRUE,1,4,0.009709031445415791
BRISONr_27,2017__HAN__HN_WF_RF,TRUE,1,4,0.7233916487412916
BRISONr_27,2017__HAN__LN_NF_RF,TRUE,1,4,-0.38510044403675575
BRISONr_27,2017__KAL__HN_NF_RF,TRUE,1,4,0.09235167026808659
BRISONr_27,2017__KAL__HN_WF_RF,TRUE,1,4,-0.035671987583405326
BRISONr_27,2017__KAL__LN_NF_RF,TRUE,1,4,-0.7308545971384679
BRISONr_27,2017__KIE__HN_NF_RF,TRUE,1,4,-0.08742101468378902
BRISONr_27,2017__KIE__HN_WF_RF,TRUE,1,4,-0.19325265668374014
BRISONr_27,2017__KIE__LN_NF_RF,TRUE,1,4,0.6832999869983875
BRISONr_27,2017__QLB__HN_NF_RF,TRUE,1,4,-0.7328568629260166
BRISONr_27,2017__QLB__HN_WF_RF,TRUE,1,4,-0.370412142593341
BRISONr_27,2017__QLB__LN_NF_RF,TRUE,1,4,-0.27012816958954633
BRISONr_28,2015__GGE__HN_NF_RF,TRUE,1,4,-1.4167618068510701
BRISONr_28,2015__GGE__HN_WF_RF,TRUE,1,4,0.4332926163263146
BRISONr_28,2015__GGE__LN_NF_RF,TRUE,1,4,-0.4879716317033168
BRISONr_28,2015__HAN__HN_NF_RF,TRUE,1,4,-1.3272737213625718
BRISONr_28,2015__HAN__HN_WF_RF,TRUE,1,4,-0.6002637776751717
BRISONr_28,2015__HAN__LN_NF_RF,TRUE,1,4,-0.6904949260554112
BRISONr_28,2015__KAL__HN_NF_RF,TRUE,0.9232988434688713,3,-0.8962720141674065
BRISONr_28,2015__KAL__HN_WF_RF,TRUE,0.9232988434688713,3,0.6183106145319252
BRISONr_28,2015__KAL__LN_NF_RF,TRUE,0.9232988434688713,3,-0.3558829041778422
BRISONr_28,2015__KIE__HN_NF_RF,TRUE,1,4,-0.5080978804145202
BRISONr_28,2015__KIE__HN_WF_RF,TRUE,1,4,0.16955920225129847
BRISONr_28,2015__KIE__LN_NF_RF,TRUE,1,4,0.2615175196158078
BRISONr_28,2015__QLB__HN_NF_RF,TRUE,1,4,-1.0132591827690098
BRISONr_28,2015__QLB__HN_WF_RF,TRUE,1,4,-0.5690743063714905
BRISONr_28,2015__QLB__LN_NF_RF,TRUE,1,4,-0.9603727143549692
BRISONr_28,2016__GGE__HN_NF_RF,TRUE,1,4,-1.521337376063644
BRISONr_28,2016__GGE__HN_WF_RF,TRUE,1,4,-1.0122886419900565
BRISONr_28,2016__GGE__LN_NF_RF,TRUE,1,4,-1.0640304650083383
BRISONr_28,2016__HAN__HN_NF_RF,TRUE,1,4,-1.0040217116861068
BRISONr_28,2016__HAN__HN_WF_RF,TRUE,1,4,-0.28876405219757817
BRISONr_28,2016__HAN__LN_NF_RF,TRUE,1,4,-0.2959475959892806
BRISONr_28,2016__KAL__HN_NF_RF,TRUE,1,4,-1.4945156625624687
BRISONr_28,2016__KAL__HN_WF_RF,TRUE,1,4,-0.0659280088756349
BRISONr_28,2016__KAL__LN_NF_RF,TRUE,1,4,-0.7956169902528268
BRISONr_28,2016__KIE__HN_NF_RF,TRUE,1,4,-1.2698716227170184
BRISONr_28,2016__KIE__HN_WF_RF,TRUE,1,4,0.022378584374980564
BRISONr_28,2016__KIE__LN_NF_RF,TRUE,1,4,-0.7186390579792226
BRISONr_28,2016__QLB__HN_NF_RF,TRUE,1,4,-0.8026139226584732
BRISONr_28,2016__QLB__HN_WF_RF,TRUE,1,4,-0.09844984802666734
BRISONr_28,2016__QLB__LN_NF_RF,TRUE,1,4,-0.9485339594744419
BRISONr_28,2017__GGE__HN_NF_RF,TRUE,1,4,-0.9930810646950162
BRISONr_28,2017__GGE__HN_WF_RF,TRUE,1,4,-0.10275880548258909
BRISONr_28,2017__GGE__LN_NF_RF,TRUE,1,4,-0.6219403300458204
BRISONr_28,2017__HAN__HN_NF_RF,TRUE,1,4,-0.8656783985127359
BRISONr_28,2017__HAN__HN_WF_RF,TRUE,1,4,0.10090873518300342
BRISONr_28,2017__HAN__LN_NF_RF,TRUE,1,4,-0.39927092509458106
BRISONr_28,2017__KAL__HN_NF_RF,TRUE,1,4,-1.3721941525314323
BRISONr_28,2017__KAL__HN_WF_RF,TRUE,1,4,-0.14281174587767648
BRISONr_28,2017__KAL__LN_NF_RF,TRUE,1,4,-0.009784181729565897
BRISONr_28,2017__KIE__HN_NF_RF,TRUE,1,4,-0.38241407539016353
BRISONr_28,2017__KIE__HN_WF_RF,TRUE,1,4,-0.24766564948381875
BRISONr_28,2017__KIE__LN_NF_RF,TRUE,1,4,-0.3087751297465003
BRISONr_28,2017__QLB__HN_NF_RF,TRUE,1,4,-1.0466604013887928
BRISONr_28,2017__QLB__HN_WF_RF,TRUE,1,4,-0.2637966526830177
BRISONr_28,2017__QLB__LN_NF_RF,TRUE,1,4,-0.5281446667749679
BRISONr_29,2015__GGE__HN_NF_RF,TRUE,1,4,1.1111085549888302
BRISONr_29,2015__GGE__HN_WF_RF,TRUE,1,4,0.8633473022929629
BRISONr_29,2015__GGE__LN_NF_RF,TRUE,1,4,1.1471529786813952
BRISONr_29,2015__HAN__HN_NF_RF,TRUE,1,4,0.7684616883185809
BRISONr_29,2015__HAN__HN_WF_RF,TRUE,1,4,0.8924236202246236
BRISONr_29,2015__HAN__LN_NF_RF,TRUE,1,4,0.6230722234427785
BRISONr_29,2015__KAL__HN_NF_RF,TRUE,0.9232988434688713,3,0.7561779618874059
BRISONr_29,2015__KAL__HN_WF_RF,TRUE,0.9232988434688713,3,0.14242385325487777
BRISONr_29,2015__KAL__LN_NF_RF,TRUE,0.9232988434688713,3,0.16141733613757223
BRISONr_29,2015__KIE__HN_NF_RF,TRUE,1,4,0.9045920278152197
BRISONr_29,2015__KIE__HN_WF_RF,TRUE,1,4,1.4396851369036447
BRISONr_29,2015__KIE__LN_NF_RF,TRUE,1,4,0.8692868722333905
BRISONr_29,2015__QLB__HN_NF_RF,TRUE,1,4,0.7507944463012757
BRISONr_29,2015__QLB__HN_WF_RF,TRUE,1,4,0.3738855773348831
BRISONr_29,2015__QLB__LN_NF_RF,TRUE,1,4,0.7889890938094627
BRISONr_29,2016__GGE__HN_NF_RF,TRUE,1,4,0.9280237184530921
BRISONr_29,2016__GGE__HN_WF_RF,TRUE,1,4,1.069521845590226
BRISONr_29,2016__GGE__LN_NF_RF,TRUE,1,4,0.4786305924194222
BRISONr_29,2016__HAN__HN_NF_RF,TRUE,1,4,0.7629278670310234
BRISONr_29,2016__HAN__HN_WF_RF,TRUE,1,4,0.6930469921138439
BRISONr_29,2016__HAN__LN_NF_RF,TRUE,1,4,-0.794489875796072
BRISONr_29,2016__KAL__HN_NF_RF,TRUE,1,4,1.2284354370350996
BRISONr_29,2016__KAL__HN_WF_RF,TRUE,1,4,0.8018967228392098
BRISONr_29,2016__KAL__LN_NF_RF,TRUE,1,4,0.4245157481543203
BRISONr_29,2016__KIE__HN_NF_RF,TRUE,1,4,0.8741982193965208
BRISONr_29,2016__KIE__HN_WF_RF,TRUE,1,4,0.6769395756105997
BRISONr_29,2016__KIE__LN_NF_RF,TRUE,1,4,0.32422539938274375
BRISONr_29,2016__QLB__HN_NF_RF,TRUE,1,4,0.9413592772921895
BRISONr_29,2016__QLB__HN_WF_RF,TRUE,1,4,1.0727600735131655
BRISONr_29,2016__QLB__LN_NF_RF,TRUE,1,4,0.6926437721798008
BRISONr_29,2017__GGE__HN_NF_RF,TRUE,1,4,0.3937617424695415
BRISONr_29,2017__GGE__HN_WF_RF,TRUE,1,4,0.21291725593504734
BRISONr_29,2017__GGE__LN_NF_RF,TRUE,1,4,0.14550524245042856
BRISONr_29,2017__HAN__HN_NF_RF,TRUE,1,4,0.8396586633536958
BRISONr_29,2017__HAN__HN_WF_RF,TRUE,1,4,0.8947823431328144
BRISONr_29,2017__HAN__LN_NF_RF,TRUE,1,4,0.2734396697562001
BRISONr_29,2017__KAL__HN_NF_RF,TRUE,1,4,0.44350335511235855
BRISONr_29,2017__KAL__HN_WF_RF,TRUE,1,4,0.4796758307005283
BRISONr_29,2017__KAL__LN_NF_RF,TRUE,1,4,0.1487914609152039
BRISONr_29,2017__KIE__HN_NF_RF,TRUE,1,4,1.0905995290670654
BRISONr_29,2017__KIE__HN_WF_RF,TRUE,1,4,0.8464896427251627
BRISONr_29,2017__KIE__LN_NF_RF,TRUE,1,4,0.7962197987150861
BRISONr_29,2017__QLB__HN_NF_RF,TRUE,1,4,0.9712461211595529
BRISONr_29,2017__QLB__HN_WF_RF,TRUE,1,4,0.6783079686098888
BRISONr_29,2017__QLB__LN_NF_RF,TRUE,1,4,1.1916609714178177
BRISONr_3,2015__GGE__HN_NF_RF,TRUE,1,4,0.7860279051877339
BRISONr_3,2015__GGE__HN_WF_RF,TRUE,1,4,0.5025371333448507
BRISONr_3,2015__GGE__LN_NF_RF,TRUE,1,4,0.4022199277291746
BRISONr_3,2015__HAN__HN_NF_RF,TRUE,1,4,1.0070128449732536
BRISONr_3,2015__HAN__HN_WF_RF,TRUE,1,4,0.11062120198730341
BRISONr_3,2015__HAN__LN_NF_RF,TRUE,1,4,0.08163450986180326
BRISONr_3,2015__KAL__HN_NF_RF,TRUE,0.9232988434688713,3,-0.3770579255807745
BRISONr_3,2015__KAL__HN_WF_RF,TRUE,0.9232988434688713,3,0.18686499785027808
BRISONr_3,2015__KAL__LN_NF_RF,TRUE,0.9232988434688713,3,-0.06979189926661947
BRISONr_3,2015__KIE__HN_NF_RF,TRUE,1,4,0.40509568317268185
BRISONr_3,2015__KIE__HN_WF_RF,TRUE,1,4,-0.3246073982766959
BRISONr_3,2015__KIE__LN_NF_RF,TRUE,1,4,0.40472433344289677
BRISONr_3,2015__QLB__HN_NF_RF,TRUE,1,4,0.8343499951696988
BRISONr_3,2015__QLB__HN_WF_RF,TRUE,1,4,0.9219363258135862
BRISONr_3,2015__QLB__LN_NF_RF,TRUE,1,4,0.06822049299613851
BRISONr_3,2016__GGE__HN_NF_RF,TRUE,1,4,0.2379720287154347
BRISONr_3,2016__GGE__HN_WF_RF,TRUE,1,4,-0.09316691823237058
BRISONr_3,2016__GGE__LN_NF_RF,TRUE,1,4,0.2791721500642419
BRISONr_3,2016__HAN__HN_NF_RF,TRUE,1,4,0.7641926523714668
BRISONr_3,2016__HAN__HN_WF_RF,TRUE,1,4,0.21168984661439483
BRISONr_3,2016__HAN__LN_NF_RF,TRUE,1,4,-0.6005743383188064
BRISONr_3,2016__KAL__HN_NF_RF,TRUE,1,4,0.955875621454636
BRISONr_3,2016__KAL__HN_WF_RF,TRUE,1,4,0.3101234298212096
BRISONr_3,2016__KAL__LN_NF_RF,TRUE,1,4,0.16519872524481963
BRISONr_3,2016__KIE__HN_NF_RF,TRUE,1,4,0.5305286092172349
BRISONr_3,2016__KIE__HN_WF_RF,TRUE,1,4,0.24907414832991978
BRISONr_3,2016__KIE__LN_NF_RF,TRUE,1,4,0.42521766835611474
BRISONr_3,2016__QLB__HN_NF_RF,TRUE,1,4,0.402239358757724
BRISONr_3,2016__QLB__HN_WF_RF,TRUE,1,4,-0.28110500747919004
BRISONr_3,2016__QLB__LN_NF_RF,TRUE,1,4,0.29986005408882294
BRISONr_3,2017__GGE__HN_NF_RF,TRUE,1,4,0.22306799600669774
BRISONr_3,2017__GGE__HN_WF_RF,TRUE,1,4,0.19178568648811617
BRISONr_3,2017__GGE__LN_NF_RF,TRUE,1,4,-0.16905444570109524
BRISONr_3,2017__HAN__HN_NF_RF,TRUE,1,4,0.6366561853206988
BRISONr_3,2017__HAN__HN_WF_RF,TRUE,1,4,0.5424905884558244
BRISONr_3,2017__HAN__LN_NF_RF,TRUE,1,4,-0.01290744313855471
BRISONr_3,2017__KAL__HN_NF_RF,TRUE,1,4,0.705394575312627
BRISONr_3,2017__KAL__HN_WF_RF,TRUE,1,4,0.38844750546727225
BRISONr_3,2017__KAL__LN_NF_RF,TRUE,1,4,0.5761928770915663
BRISONr_3,2017__KIE__HN_NF_RF,TRUE,1,4,0.2643272485746877
BRISONr_3,2017__KIE__HN_WF_RF,TRUE,1,4,0.3789460632112377
BRISONr_3,2017__KIE__LN_NF_RF,TRUE,1,4,0.6621342892678291
BRISONr_3,2017__QLB__HN_NF_RF,TRUE,1,4,0.6653416969611525
BRISONr_3,2017__QLB__HN_WF_RF,TRUE,1,4,0.46225935675869334
BRISONr_3,2017__QLB__LN_NF_RF,TRUE,1,4,0.6504033530309925
BRISONr_30,2015__GGE__HN_NF_RF,TRUE,1,4,-0.21479773500200783
BRISONr_30,2015__GGE__HN_WF_RF,TRUE,1,4,0.023584880583197528
BRISONr_30,2015__GGE__LN_NF_RF,TRUE,1,4,0.3239938273539844
BRISONr_30,2015__HAN__HN_NF_RF,TRUE,1,4,-0.007282852633394517
BRISONr_30,2015__HAN__HN_WF_RF,TRUE,1,4,0.6255572482743873
BRISONr_30,2015__HAN__LN_NF_RF,TRUE,1,4,0.1811869417870568
BRISONr_30,2015__KAL__HN_NF_RF,TRUE,0.9232988434688713,3,0.628828758531722
BRISONr_30,2015__KAL__HN_WF_RF,TRUE,0.9232988434688713,3,-0.3246300185097303
BRISONr_30,2015__KAL__LN_NF_RF,TRUE,0.9232988434688713,3,0.0021062240470341217
BRISONr_30,2015__KIE__HN_NF_RF,TRUE,1,4,-0.07183763536885995
BRISONr_30,2015__KIE__HN_WF_RF,TRUE,1,4,0.17452774074302752
BRISONr_30,2015__KIE__LN_NF_RF,TRUE,1,4,0.023268998812930215
BRISONr_30,2015__QLB__HN_NF_RF,TRUE,1,4,-0.2169254928741833
BRISONr_30,2015__QLB__HN_WF_RF,TRUE,1,4,0.07790040139834949
BRISONr_30,2015__QLB__LN_NF_RF,TRUE,1,4,-0.36535296635740955
BRISONr_30,2016__GGE__HN_NF_RF,TRUE,1,4,-0.48078847742128394
BRISONr_30,2016__GGE__HN_WF_RF,TRUE,1,4,-0.21261951849356836
BRISONr_30,2016__GGE__LN_NF_RF,TRUE,1,4,0.046208220756602275
BRISONr_30,2016__HAN__HN_NF_RF,TRUE,1,4,-0.21057550541213468
BRISONr_30,2016__HAN__HN_WF_RF,TRUE,1,4,0.03198449293531303
BRISONr_30,2016__HAN__LN_NF_RF,TRUE,1,4,-0.11336529902044991
BRISONr_30,2016__KAL__HN_NF_RF,TRUE,1,4,-0.21892749021090516
BRISONr_30,2016__KAL__HN_WF_RF,TRUE,1,4,-0.2823842221299909
BRISONr_30,2016__KAL__LN_NF_RF,TRUE,1,4,0.10826607059611945
BRISONr_30,2016__KIE__HN_NF_RF,TRUE,1,4,-0.3865630023122592
BRISONr_30,2016__KIE__HN_WF_RF,TRUE,1,4,-0.1206937527889036
BRISONr_30,2016__KIE__LN_NF_RF,TRUE,1,4,-0.5860464604850972
BRISONr_30,2016__QLB__HN_NF_RF,TRUE,1,4,-0.5148307910070279
BRISONr_30,2016__QLB__HN_WF_RF,TRUE,1,4,0.041293130213254724
BRISONr_30,2016__QLB__LN_NF_RF,TRUE,1,4,-0.44616509834629153
BRISONr_30,2017__GGE__HN_NF_RF,TRUE,1,4,-0.25953682572772013
BRISONr_30,2017__GGE__HN_WF_RF,TRUE,1,4,-0.06923383782395168
BRISONr_30,2017__GGE__LN_NF_RF,TRUE,1,4,0.0972414878442005
BRISONr_30,2017__HAN__HN_NF_RF,TRUE,1,4,-0.28627752627181435
BRISONr_30,2017__HAN__HN_WF_RF,TRUE,1,4,0.522665965539454
BRISONr_30,2017__HAN__LN_NF_RF,TRUE,1,4,-0.5469725376384058
BRISONr_30,2017__KAL__HN_NF_RF,TRUE,1,4,-0.40584660540961554
BRISONr_30,2017__KAL__HN_WF_RF,TRUE,1,4,0.12448087357949933
BRISONr_30,2017__KAL__LN_NF_RF,TRUE,1,4,0.3443031180816065
BRISONr_30,2017__KIE__HN_NF_RF,TRUE,1,4,-0.3549512942677667
BRISONr_30,2017__KIE__HN_WF_RF,TRUE,1,4,0.09587557068767985
BRISONr_30,2017__KIE__LN_NF_RF,TRUE,1,4,0.0058642891348070735
BRISONr_30,2017__QLB__HN_NF_RF,TRUE,1,4,-0.7378823858540062
BRISONr_30,2017__QLB__HN_WF_RF,TRUE,1,4,0.6170403090633568
BRISONr_30,2017__QLB__LN_NF_RF,TRUE,1,4,-0.16598440124307381
BRISONr_31,2015__GGE__HN_NF_RF,TRUE,1,4,0.09447368117004441
BRISONr_31,2015__GGE__HN_WF_RF,TRUE,1,4,0.3292006068977184
BRISONr_31,2015__GGE__LN_NF_RF,TRUE,1,4,0.7849001219356682
BRISONr_31,2015__HAN__HN_NF_RF,TRUE,1,4,-0.12360863211852559
BRISONr_31,2015__HAN__HN_WF_RF,TRUE,1,4,0.28102424973123113
BRISONr_31,2015__HAN__LN_NF_RF,TRUE,1,4,0.16102344365760507
BRISONr_31,2015__KAL__HN_NF_RF,TRUE,0.9232988434688713,3,0.8734180453056537
BRISONr_31,2015__KAL__HN_WF_RF,TRUE,0.9232988434688713,3,0.4461344159131418
BRISONr_31,2015__KAL__LN_NF_RF,TRUE,0.9232988434688713,3,0.3658067208243508
BRISONr_31,2015__KIE__HN_NF_RF,TRUE,1,4,0.3430475500246165
BRISONr_31,2015__KIE__HN_WF_RF,TRUE,1,4,0.5594102234561819
BRISONr_31,2015__KIE__LN_NF_RF,TRUE,1,4,0.46565079088141575
BRISONr_31,2015__QLB__HN_NF_RF,TRUE,1,4,0.19230885979715817
BRISONr_31,2015__QLB__HN_WF_RF,TRUE,1,4,0.2950258840440074
BRISONr_31,2015__QLB__LN_NF_RF,TRUE,1,4,0.35209509043893666
BRISONr_31,2016__GGE__HN_NF_RF,TRUE,1,4,-0.38610404899475514
BRISONr_31,2016__GGE__HN_WF_RF,TRUE,1,4,0.09678763651374003
BRISONr_31,2016__GGE__LN_NF_RF,TRUE,1,4,-0.42213651192500656
BRISONr_31,2016__HAN__HN_NF_RF,TRUE,1,4,0.20254303808925536
BRISONr_31,2016__HAN__HN_WF_RF,TRUE,1,4,-0.37575483880589045
BRISONr_31,2016__HAN__LN_NF_RF,TRUE,1,4,3.4669004826874336e-4
BRISONr_31,2016__KAL__HN_NF_RF,TRUE,1,4,-0.35581631443175993
BRISONr_31,2016__KAL__HN_WF_RF,TRUE,1,4,0.07678524550352371
BRISONr_31,2016__KAL__LN_NF_RF,TRUE,1,4,0.06950540460791164
BRISONr_31,2016__KIE__HN_NF_RF,TRUE,1,4,-0.07102846656722919
BRISONr_31,2016__KIE__HN_WF_RF,TRUE,1,4,-0.11066887372524792
BRISONr_31,2016__KIE__LN_NF_RF,TRUE,1,4,0.25376557764466623
BRISONr_31,2016__QLB__HN_NF_RF,TRUE,1,4,-0.3749469185116122
BRISONr_31,2016__QLB__HN_WF_RF,TRUE,1,4,0.4752620847730591
BRISONr_31,2016__QLB__LN_NF_RF,TRUE,1,4,-0.07791396426666203
BRISONr_31,2017__GGE__HN_NF_RF,TRUE,1,4,-0.16534783683138896
BRISONr_31,2017__GGE__HN_WF_RF,TRUE,1,4,-0.32763577170979646
BRISONr_31,2017__GGE__LN_NF_RF,TRUE,1,4,0.2549156774431272
BRISONr_31,2017__HAN__HN_NF_RF,TRUE,1,4,-0.2857801422951409
BRISONr_31,2017__HAN__HN_WF_RF,TRUE,1,4,0.21285238656798477
BRISONr_31,2017__HAN__LN_NF_RF,TRUE,1,4,-0.11784119006884898
BRISONr_31,2017__KAL__HN_NF_RF,TRUE,1,4,-0.2557346025054677
BRISONr_31,2017__KAL__HN_WF_RF,TRUE,1,4,0.204460436291649
BRISONr_31,2017__KAL__LN_NF_RF,TRUE,1,4,0.04727126924195499
BRISONr_31,2017__KIE__HN_NF_RF,TRUE,1,4,-0.19245462438120164
BRISONr_31,2017__KIE__HN_WF_RF,TRUE,1,4,0.0626111290572698
BRISONr_31,2017__KIE__LN_NF_RF,TRUE,1,4,-0.2273328423707726
BRISONr_31,2017__QLB__HN_NF_RF,TRUE,1,4,-0.1777989258042708
BRISONr_31,2017__QLB__HN_WF_RF,TRUE,1,4,-0.3202819317095975
BRISONr_31,2017__QLB__LN_NF_RF,TRUE,1,4,-0.12465506573233183
BRISONr_32,2015__GGE__HN_NF_RF,TRUE,1,4,0.8852096198461336
BRISONr_32,2015__GGE__HN_WF_RF,TRUE,1,4,0.49328415698402206
BRISONr_32,2015__GGE__LN_NF_RF,TRUE,1,4,0.7228020418114802
BRISONr_32,2015__HAN__HN_NF_RF,TRUE,1,4,0.814547094177539
BRISONr_32,2015__HAN__HN_WF_RF,TRUE,1,4,0.2221578752472453
BRISONr_32,2015__HAN__LN_NF_RF,TRUE,1,4,0.5880631871322283
BRISONr_32,2015__KAL__HN_NF_RF,TRUE,0.9232988434688713,3,1.1098711178400702
BRISONr_32,2015__KAL__HN_WF_RF,TRUE,0.9232988434688713,3,-0.21731389246242122
BRISONr_32,2015__KAL__LN_NF_RF,TRUE,0.9232988434688713,3,-0.020718424261715152
BRISONr_32,2015__KIE__HN_NF_RF,TRUE,1,4,0.3241806154594564
BRISONr_32,2015__KIE__HN_WF_RF,TRUE,1,4,0.16860272647745372
BRISONr_32,2015__KIE__LN_NF_RF,TRUE,1,4,0.039181525510273096
BRISONr_32,2015__QLB__HN_NF_RF,TRUE,1,4,0.11222938697131046
BRISONr_32,2015__QLB__HN_WF_RF,TRUE,1,4,-0.017356283849180934
BRISONr_32,2015__QLB__LN_NF_RF,TRUE,1,4,0.20635889939010124
BRISONr_32,2016__GGE__HN_NF_RF,TRUE,1,4,-0.064575305167072
BRISONr_32,2016__GGE__HN_WF_RF,TRUE,1,4,-0.31501142601039406
BRISONr_32,2016__GGE__LN_NF_RF,TRUE,1,4,0.44594200576720233
BRISONr_32,2016__HAN__HN_NF_RF,TRUE,1,4,0.7482565189170027
BRISONr_32,2016__HAN__HN_WF_RF,TRUE,1,4,-0.1846962911960685
BRISONr_32,2016__HAN__LN_NF_RF,TRUE,1,4,0.0965703341197848
BRISONr_32,2016__KAL__HN_NF_RF,TRUE,1,4,0.3658235653387701
BRISONr_32,2016__KAL__HN_WF_RF,TRUE,1,4,0.14264966516424327
BRISONr_32,2016__KAL__LN_NF_RF,TRUE,1,4,0.46108970581457615
BRISONr_32,2016__KIE__HN_NF_RF,TRUE,1,4,0.17265285649549694
BRISONr_32,2016__KIE__HN_WF_RF,TRUE,1,4,0.19991179266125525
BRISONr_32,2016__KIE__LN_NF_RF,TRUE,1,4,0.0026823638271551986
BRISONr_32,2016__QLB__HN_NF_RF,TRUE,1,4,-0.1424867761448357
BRISONr_32,2016__QLB__HN_WF_RF,TRUE,1,4,0.1850227686445419
BRISONr_32,2016__QLB__LN_NF_RF,TRUE,1,4,0.3646306793086107
BRISONr_32,2017__GGE__HN_NF_RF,TRUE,1,4,0.18027017380772026
BRISONr_32,2017__GGE__HN_WF_RF,TRUE,1,4,0.3390755565056693
BRISONr_32,2017__GGE__LN_NF_RF,TRUE,1,4,0.1039999768297444
BRISONr_32,2017__HAN__HN_NF_RF,TRUE,1,4,0.43562618419441357
BRISONr_32,2017__HAN__HN_WF_RF,TRUE,1,4,0.4770980340439884
BRISONr_32,2017__HAN__LN_NF_RF,TRUE,1,4,-0.07847159223378572
BRISONr_32,2017__KAL__HN_NF_RF,TRUE,1,4,0.6136132195985201
BRISONr_32,2017__KAL__HN_WF_RF,TRUE,1,4,-0.25663153640951336
BRISONr_32,2017__KAL__LN_NF_RF,TRUE,1,4,0.8584444547256952
BRISONr_32,2017__KIE__HN_NF_RF,TRUE,1,4,0.35273940626419303
BRISONr_32,2017__KIE__HN_WF_RF,TRUE,1,4,0.18214312465456955
BRISONr_32,2017__KIE__LN_NF_RF,TRUE,1,4,0.46354900227058404
BRISONr_32,2017__QLB__HN_NF_RF,TRUE,1,4,0.48331430912056056
BRISONr_32,2017__QLB__HN_WF_RF,TRUE,1,4,0.5420300674759218
BRISONr_32,2017__QLB__LN_NF_RF,TRUE,1,4,0.42356276645515245
BRISONr_33,2015__GGE__HN_NF_RF,TRUE,1,4,0.4467792728348456
BRISONr_33,2015__GGE__HN_WF_RF,TRUE,1,4,0.5523086767238793
BRISONr_33,2015__GGE__LN_NF_RF,TRUE,1,4,0.37390165040420736
BRISONr_33,2015__HAN__HN_NF_RF,TRUE,1,4,0.15278284156567978
BRISONr_33,2015__HAN__HN_WF_RF,TRUE,1,4,0.019800572866198872
BRISONr_33,2015__HAN__LN_NF_RF,TRUE,1,4,0.28228222246307266
BRISONr_33,2015__KAL__HN_NF_RF,TRUE,0.9232988434688713,3,0.03474703547199606
BRISONr_33,2015__KAL__HN_WF_RF,TRUE,0.9232988434688713,3,0.5985541115267135
BRISONr_33,2015__KAL__LN_NF_RF,TRUE,0.9232988434688713,3,0.4170162549535524
BRISONr_33,2015__KIE__HN_NF_RF,TRUE,1,4,0.6948343089061997
BRISONr_33,2015__KIE__HN_WF_RF,TRUE,1,4,0.156362668087356
BRISONr_33,2015__KIE__LN_NF_RF,TRUE,1,4,0.3477273790969973
BRISONr_33,2015__QLB__HN_NF_RF,TRUE,1,4,0.45255879522126424
BRISONr_33,2015__QLB__HN_WF_RF,TRUE,1,4,0.11547016125063624
BRISONr_33,2015__QLB__LN_NF_RF,TRUE,1,4,0.1932934786550488
BRISONr_33,2016__GGE__HN_NF_RF,TRUE,1,4,0.4525009899162007
BRISONr_33,2016__GGE__HN_WF_RF,TRUE,1,4,0.03047132311857665
BRISONr_33,2016__GGE__LN_NF_RF,TRUE,1,4,0.02058358580647944
BRISONr_33,2016__HAN__HN_NF_RF,TRUE,1,4,-0.36273005595812313
BRISONr_33,2016__HAN__HN_WF_RF,TRUE,1,4,-0.32427207580229644
BRISONr_33,2016__HAN__LN_NF_RF,TRUE,1,4,-0.06219255176745743
BRISONr_33,2016__KAL__HN_NF_RF,TRUE,1,4,0.2828561912925769
BRISONr_33,2016__KAL__HN_WF_RF,TRUE,1,4,0.4107780230082995
BRISONr_33,2016__KAL__LN_NF_RF,TRUE,1,4,-0.10617136393506861
BRISONr_33,2016__KIE__HN_NF_RF,TRUE,1,4,0.17411579836003432
BRISONr_33,2016__KIE__HN_WF_RF,TRUE,1,4,0.3476139209745265
BRISONr_33,2016__KIE__LN_NF_RF,TRUE,1,4,-0.06884268979646468
BRISONr_33,2016__QLB__HN_NF_RF,TRUE,1,4,0.7527211350885987
BRISONr_33,2016__QLB__HN_WF_RF,TRUE,1,4,-0.43973171839984826
BRISONr_33,2016__QLB__LN_NF_RF,TRUE,1,4,0.7434909289126445
BRISONr_33,2017__GGE__HN_NF_RF,TRUE,1,4,0.2525061225649371
BRISONr_33,2017__GGE__HN_WF_RF,TRUE,1,4,0.2100922828124192
BRISONr_33,2017__GGE__LN_NF_RF,TRUE,1,4,-0.3581862134224586
BRISONr_33,2017__HAN__HN_NF_RF,TRUE,1,4,-0.27295702899822594
BRISONr_33,2017__HAN__HN_WF_RF,TRUE,1,4,-0.21490193909990696
BRISONr_33,2017__HAN__LN_NF_RF,TRUE,1,4,0.21642461303959923
BRISONr_33,2017__KAL__HN_NF_RF,TRUE,1,4,0.42938748372412655
BRISONr_33,2017__KAL__HN_WF_RF,TRUE,1,4,0.1634026071908689
BRISONr_33,2017__KAL__LN_NF_RF,TRUE,1,4,0.6907434457552007
BRISONr_33,2017__KIE__HN_NF_RF,TRUE,1,4,-0.26695120696211105
BRISONr_33,2017__KIE__HN_WF_RF,TRUE,1,4,0.5765968697634476
BRISONr_33,2017__KIE__LN_NF_RF,TRUE,1,4,0.3567990302082596
BRISONr_33,2017__QLB__HN_NF_RF,TRUE,1,4,0.5530100784586827
BRISONr_33,2017__QLB__HN_WF_RF,TRUE,1,4,-0.41892806811557554
BRISONr_33,2017__QLB__LN_NF_RF,TRUE,1,4,0.2653222074454858
BRISONr_34,2015__GGE__HN_NF_RF,TRUE,1,4,-0.8768482385711834
BRISONr_34,2015__GGE__HN_WF_RF,TRUE,1,4,-0.16232030959878266
BRISONr_34,2015__GGE__LN_NF_RF,TRUE,1,4,-0.6235720334821772
BRISONr_34,2015__HAN__HN_NF_RF,TRUE,1,4,-0.3849797979387886
BRISONr_34,2015__HAN__HN_WF_RF,TRUE,1,4,0.46569520229147937
BRISONr_34,2015__HAN__LN_NF_RF,TRUE,1,4,-0.43509162646381233
BRISONr_34,2015__KAL__HN_NF_RF,TRUE,0.9232988434688713,3,-0.3452707438313472
BRISONr_34,2015__KAL__HN_WF_RF,TRUE,0.9232988434688713,3,0.12489666301073876
BRISONr_34,2015__KAL__LN_NF_RF,TRUE,0.9232988434688713,3,-0.5427640722178605
BRISONr_34,2015__KIE__HN_NF_RF,TRUE,1,4,-0.07610168165472284
BRISONr_34,2015__KIE__HN_WF_RF,TRUE,1,4,0.6626938836167009
BRISONr_34,2015__KIE__LN_NF_RF,TRUE,1,4,0.3926031311513806
BRISONr_34,2015__QLB__HN_NF_RF,TRUE,1,4,-0.26326032485591
BRISONr_34,2015__QLB__HN_WF_RF,TRUE,1,4,0.5815941771148709
BRISONr_34,2015__QLB__LN_NF_RF,TRUE,1,4,-0.6271311208175017
BRISONr_34,2016__GGE__HN_NF_RF,TRUE,1,4,-0.7203554356997693
BRISONr_34,2016__GGE__HN_WF_RF,TRUE,1,4,-0.14322776706402546
BRISONr_34,2016__GGE__LN_NF_RF,TRUE,1,4,-0.1373769873299442
BRISONr_34,2016__HAN__HN_NF_RF,TRUE,1,4,-0.2008698998392012
BRISONr_34,2016__HAN__HN_WF_RF,TRUE,1,4,0.40194131337164135
BRISONr_34,2016__HAN__LN_NF_RF,TRUE,1,4,0.343117734444268
BRISONr_34,2016__KAL__HN_NF_RF,TRUE,1,4,-0.2699909754893838
BRISONr_34,2016__KAL__HN_WF_RF,TRUE,1,4,0.03248813591369787
BRISONr_34,2016__KAL__LN_NF_RF,TRUE,1,4,-0.3635513842741025
BRISONr_34,2016__KIE__HN_NF_RF,TRUE,1,4,-0.026568818974919556
BRISONr_34,2016__KIE__HN_WF_RF,TRUE,1,4,0.3566869290308003
BRISONr_34,2016__KIE__LN_NF_RF,TRUE,1,4,-0.11205532260321605
BRISONr_34,2016__QLB__HN_NF_RF,TRUE,1,4,0.2893754888234413
BRISONr_34,2016__QLB__HN_WF_RF,TRUE,1,4,0.09321688718353958
BRISONr_34,2016__QLB__LN_NF_RF,TRUE,1,4,0.40706677648120915
BRISONr_34,2017__GGE__HN_NF_RF,TRUE,1,4,-0.055781272089787295
BRISONr_34,2017__GGE__HN_WF_RF,TRUE,1,4,0.16905365983234877
BRISONr_34,2017__GGE__LN_NF_RF,TRUE,1,4,0.24189744681112985
BRISONr_34,2017__HAN__HN_NF_RF,TRUE,1,4,0.19103733102543274
BRISONr_34,2017__HAN__HN_WF_RF,TRUE,1,4,1.0562029049685475
BRISONr_34,2017__HAN__LN_NF_RF,TRUE,1,4,0.18716734296303889
BRISONr_34,2017__KAL__HN_NF_RF,TRUE,1,4,-0.09885353043219505
BRISONr_34,2017__KAL__HN_WF_RF,TRUE,1,4,0.14497341063608757
BRISONr_34,2017__KAL__LN_NF_RF,TRUE,1,4,0.19191984015832825
BRISONr_34,2017__KIE__HN_NF_RF,TRUE,1,4,0.29500205639460275
BRISONr_34,2017__KIE__HN_WF_RF,TRUE,1,4,0.47064169636449943
BRISONr_34,2017__KIE__LN_NF_RF,TRUE,1,4,0.17940701391309144
BRISONr_34,2017__QLB__HN_NF_RF,TRUE,1,4,0.61167195019394
BRISONr_34,2017__QLB__HN_WF_RF,TRUE,1,4,0.8237903866230044
BRISONr_34,2017__QLB__LN_NF_RF,TRUE,1,4,0.8517627366183038
BRISONr_35,2015__GGE__HN_NF_RF,TRUE,1,4,0.5961985540680286
BRISONr_35,2015__GGE__HN_WF_RF,TRUE,1,4,-0.04988848042074869
BRISONr_35,2015__GGE__LN_NF_RF,TRUE,1,4,0.3407816741635147
BRISONr_35,2015__HAN__HN_NF_RF,TRUE,1,4,0.23524248265965836
BRISONr_35,2015__HAN__HN_WF_RF,TRUE,1,4,0.5490234106520914
BRISONr_35,2015__HAN__LN_NF_RF,TRUE,1,4,0.2884775291666501
BRISONr_35,2015__KAL__HN_NF_RF,TRUE,0.9232988434688713,3,0.3508711660425106
BRISONr_35,2015__KAL__HN_WF_RF,TRUE,0.9232988434688713,3,0.3021781450387276
BRISONr_35,2015__KAL__LN_NF_RF,TRUE,0.9232988434688713,3,0.37125267093174186
BRISONr_35,2015__KIE__HN_NF_RF,TRUE,1,4,0.34104517484205904
BRISONr_35,2015__KIE__HN_WF_RF,TRUE,1,4,0.3498674602764045
BRISONr_35,2015__KIE__LN_NF_RF,TRUE,1,4,0.2872462706468366
BRISONr_35,2015__QLB__HN_NF_RF,TRUE,1,4,0.5572387540849437
BRISONr_35,2015__QLB__HN_WF_RF,TRUE,1,4,0.48180488953730394
BRISONr_35,2015__QLB__LN_NF_RF,TRUE,1,4,0.6292893651021039
BRISONr_35,2016__GGE__HN_NF_RF,TRUE,1,4,0.3504112419665311
BRISONr_35,2016__GGE__HN_WF_RF,TRUE,1,4,0.48690235252550107
BRISONr_35,2016__GGE__LN_NF_RF,TRUE,1,4,0.16298600218812098
BRISONr_35,2016__HAN__HN_NF_RF,TRUE,1,4,0.7054501758803704
BRISONr_35,2016__HAN__HN_WF_RF,TRUE,1,4,0.6323172113925276
BRISONr_35,2016__HAN__LN_NF_RF,TRUE,1,4,0.448997217558877
BRISONr_35,2016__KAL__HN_NF_RF,TRUE,1,4,0.360122332440778
BRISONr_35,2016__KAL__HN_WF_RF,TRUE,1,4,0.189386653517331
BRISONr_35,2016__KAL__LN_NF_RF,TRUE,1,4,0.3309199317375297
BRISONr_35,2016__KIE__HN_NF_RF,TRUE,1,4,0.10377351249733549
BRISONr_35,2016__KIE__HN_WF_RF,TRUE,1,4,0.05479253228838366
BRISONr_35,2016__KIE__LN_NF_RF,TRUE,1,4,-0.32322157242273897
BRISONr_35,2016__QLB__HN_NF_RF,TRUE,1,4,0.5532283136688203
BRISONr_35,2016__QLB__HN_WF_RF,TRUE,1,4,0.36454745013688494
BRISONr_35,2016__QLB__LN_NF_RF,TRUE,1,4,0.48355446297673094
BRISONr_35,2017__GGE__HN_NF_RF,TRUE,1,4,0.18123626435303158
BRISONr_35,2017__GGE__HN_WF_RF,TRUE,1,4,0.2143460552767607
BRISONr_35,2017__GGE__LN_NF_RF,TRUE,1,4,0.33921936181844137
BRISONr_35,2017__HAN__HN_NF_RF,TRUE,1,4,0.4102014477569337
BRISONr_35,2017__HAN__HN_WF_RF,TRUE,1,4,1.1049273927899372
BRISONr_35,2017__HAN__LN_NF_RF,TRUE,1,4,0.5583845453346394
BRISONr_35,2017__KAL__HN_NF_RF,TRUE,1,4,0.2810355009101056
BRISONr_35,2017__KAL__HN_WF_RF,TRUE,1,4,-0.06362041145843891
BRISONr_35,2017__KAL__LN_NF_RF,TRUE,1,4,-0.523380780036375
BRISONr_35,2017__KIE__HN_NF_RF,TRUE,1,4,0.44478237111442825
BRISONr_35,2017__KIE__HN_WF_RF,TRUE,1,4,-0.11621405378237151
BRISONr_35,2017__KIE__LN_NF_RF,TRUE,1,4,0.05493876347251597
BRISONr_35,2017__QLB__HN_NF_RF,TRUE,1,4,0.32951391778536904
BRISONr_35,2017__QLB__HN_WF_RF,TRUE,1,4,0.26341273390803066
BRISONr_35,2017__QLB__LN_NF_RF,TRUE,1,4,0.9064101771535739
BRISONr_36,2015__GGE__HN_NF_RF,TRUE,1,4,-0.0962270687907465
BRISONr_36,2015__GGE__HN_WF_RF,TRUE,1,4,0.32242979748720885
BRISONr_36,2015__GGE__LN_NF_RF,TRUE,1,4,0.01679251445460885
BRISONr_36,2015__HAN__HN_NF_RF,TRUE,1,4,0.16447170329117666
BRISONr_36,2015__HAN__HN_WF_RF,TRUE,1,4,0.5682702621823841
BRISONr_36,2015__HAN__LN_NF_RF,TRUE,1,4,0.36400208633988024
BRISONr_36,2015__KAL__HN_NF_RF,TRUE,0.9232988434688713,3,0.5920255843163608
BRISONr_36,2015__KAL__HN_WF_RF,TRUE,0.9232988434688713,3,0.3500745498790947
BRISONr_36,2015__KAL__LN_NF_RF,TRUE,0.9232988434688713,3,0.32166752336252435
BRISONr_36,2015__KIE__HN_NF_RF,TRUE,1,4,0.6513243778490595
BRISONr_36,2015__KIE__HN_WF_RF,TRUE,1,4,0.09797696817505246
BRISONr_36,2015__KIE__LN_NF_RF,TRUE,1,4,0.4880111721284307
BRISONr_36,2015__QLB__HN_NF_RF,TRUE,1,4,-0.1076267405080354
BRISONr_36,2015__QLB__HN_WF_RF,TRUE,1,4,0.19830408995802923
BRISONr_36,2015__QLB__LN_NF_RF,TRUE,1,4,-0.2156500832906551
BRISONr_36,2016__GGE__HN_NF_RF,TRUE,1,4,-0.013808764913214118
BRISONr_36,2016__GGE__HN_WF_RF,TRUE,1,4,0.45018273124981434
BRISONr_36,2016__GGE__LN_NF_RF,TRUE,1,4,-0.1591370140338951
BRISONr_36,2016__HAN__HN_NF_RF,TRUE,1,4,0.32340145736814274
BRISONr_36,2016__HAN__HN_WF_RF,TRUE,1,4,0.05305539250464885
BRISONr_36,2016__HAN__LN_NF_RF,TRUE,1,4,0.3265969123519093
BRISONr_36,2016__KAL__HN_NF_RF,TRUE,1,4,0.4369046950312886
BRISONr_36,2016__KAL__HN_WF_RF,TRUE,1,4,0.8168409861735103
BRISONr_36,2016__KAL__LN_NF_RF,TRUE,1,4,0.4613818672798695
BRISONr_36,2016__KIE__HN_NF_RF,TRUE,1,4,0.2561673183914881
BRISONr_36,2016__KIE__HN_WF_RF,TRUE,1,4,0.670640163873696
BRISONr_36,2016__KIE__LN_NF_RF,TRUE,1,4,-0.14218073900667477
BRISONr_36,2016__QLB__HN_NF_RF,TRUE,1,4,-0.18347015136649775
BRISONr_36,2016__QLB__HN_WF_RF,TRUE,1,4,0.8080477940239803
BRISONr_36,2016__QLB__LN_NF_RF,TRUE,1,4,-0.008062247487149812
BRISONr_36,2017__GGE__HN_NF_RF,TRUE,1,4,0.4029085202647009
BRISONr_36,2017__GGE__HN_WF_RF,TRUE,1,4,0.17501750015551082
BRISONr_36,2017__GGE__LN_NF_RF,TRUE,1,4,0.08090936249559613
BRISONr_36,2017__HAN__HN_NF_RF,TRUE,1,4,0.22875492609910655
BRISONr_36,2017__HAN__HN_WF_RF,TRUE,1,4,0.4642571494619717
BRISONr_36,2017__HAN__LN_NF_RF,TRUE,1,4,-0.3863714689297228
BRISONr_36,2017__KAL__HN_NF_RF,TRUE,1,4,0.878149132275521
BRISONr_36,2017__KAL__HN_WF_RF,TRUE,1,4,0.7633808865630582
BRISONr_36,2017__KAL__LN_NF_RF,TRUE,1,4,1.174190115275804
BRISONr_36,2017__KIE__HN_NF_RF,TRUE,1,4,0.16750448117702538
BRISONr_36,2017__KIE__HN_WF_RF,TRUE,1,4,0.288894139718812
BRISONr_36,2017__KIE__LN_NF_RF,TRUE,1,4,-0.1613099889952105
BRISONr_36,2017__QLB__HN_NF_RF,TRUE,1,4,0.5071460641256863
BRISONr_36,2017__QLB__HN_WF_RF,TRUE,1,4,0.9235152914027165
BRISONr_36,2017__QLB__LN_NF_RF,TRUE,1,4,0.5524085235020526
BRISONr_37,2015__GGE__HN_NF_RF,TRUE,1,4,0.3787223537879389
BRISONr_37,2015__GGE__HN_WF_RF,TRUE,1,4,-0.4207531930028535
BRISONr_37,2015__GGE__LN_NF_RF,TRUE,1,4,0.015944774574402944
BRISONr_37,2015__HAN__HN_NF_RF,TRUE,1,4,0.5415259266697879
BRISONr_37,2015__HAN__HN_WF_RF,TRUE,1,4,0.5530078862939756
BRISONr_37,2015__HAN__LN_NF_RF,TRUE,1,4,0.37804634903158235
BRISONr_37,2015__KAL__HN_NF_RF,TRUE,0.9232988434688713,3,0.427643115759609
BRISONr_37,2015__KAL__HN_WF_RF,TRUE,0.9232988434688713,3,-0.08050873894734827
BRISONr_37,2015__KAL__LN_NF_RF,TRUE,0.9232988434688713,3,-0.358181997382178
BRISONr_37,2015__KIE__HN_NF_RF,TRUE,1,4,0.5707072117736905
BRISONr_37,2015__KIE__HN_WF_RF,TRUE,1,4,-0.07549739528671237
BRISONr_37,2015__KIE__LN_NF_RF,TRUE,1,4,0.3421390078273483
BRISONr_37,2015__QLB__HN_NF_RF,TRUE,1,4,0.4744718253221972
BRISONr_37,2015__QLB__HN_WF_RF,TRUE,1,4,0.19479345853945995
BRISONr_37,2015__QLB__LN_NF_RF,TRUE,1,4,0.7526688311660312
BRISONr_37,2016__GGE__HN_NF_RF,TRUE,1,4,0.41513125367787734
BRISONr_37,2016__GGE__HN_WF_RF,TRUE,1,4,0.10169472434128085
BRISONr_37,2016__GGE__LN_NF_RF,TRUE,1,4,0.011716180090992942
BRISONr_37,2016__HAN__HN_NF_RF,TRUE,1,4,0.7251683355078858
BRISONr_37,2016__HAN__HN_WF_RF,TRUE,1,4,0.40434200199841275
BRISONr_37,2016__HAN__LN_NF_RF,TRUE,1,4,0.4667104169220419
BRISONr_37,2016__KAL__HN_NF_RF,TRUE,1,4,0.23385388521674402
BRISONr_37,2016__KAL__HN_WF_RF,TRUE,1,4,0.017172315255970898
BRISONr_37,2016__KAL__LN_NF_RF,TRUE,1,4,0.17713018641341702
BRISONr_37,2016__KIE__HN_NF_RF,TRUE,1,4,0.4527608808692425
BRISONr_37,2016__KIE__HN_WF_RF,TRUE,1,4,0.014069848194995911
BRISONr_37,2016__KIE__LN_NF_RF,TRUE,1,4,0.6828076522466434
BRISONr_37,2016__QLB__HN_NF_RF,TRUE,1,4,0.8191125206714199
BRISONr_37,2016__QLB__HN_WF_RF,TRUE,1,4,-0.061081134703714866
BRISONr_37,2016__QLB__LN_NF_RF,TRUE,1,4,0.6766385018911071
BRISONr_37,2017__GGE__HN_NF_RF,TRUE,1,4,-0.08009484228378809
BRISONr_37,2017__GGE__HN_WF_RF,TRUE,1,4,-0.09806763460392318
BRISONr_37,2017__GGE__LN_NF_RF,TRUE,1,4,-0.25200367737399043
BRISONr_37,2017__HAN__HN_NF_RF,TRUE,1,4,0.4553748209744841
BRISONr_37,2017__HAN__HN_WF_RF,TRUE,1,4,0.527310608502645
BRISONr_37,2017__HAN__LN_NF_RF,TRUE,1,4,0.6391293216344514
BRISONr_37,2017__KAL__HN_NF_RF,TRUE,1,4,0.2554135652708279
BRISONr_37,2017__KAL__HN_WF_RF,TRUE,1,4,0.023392432872803577
BRISONr_37,2017__KAL__LN_NF_RF,TRUE,1,4,0.05549270655676944
BRISONr_37,2017__KIE__HN_NF_RF,TRUE,1,4,0.5615816457541729
BRISONr_37,2017__KIE__HN_WF_RF,TRUE,1,4,-0.0419739128320897
BRISONr_37,2017__KIE__LN_NF_RF,TRUE,1,4,0.729560160900253
BRISONr_37,2017__QLB__HN_NF_RF,TRUE,1,4,0.43082066577393585
BRISONr_37,2017__QLB__HN_WF_RF,TRUE,1,4,-0.10614338891021069
BRISONr_37,2017__QLB__LN_NF_RF,TRUE,1,4,0.4164899337589016
BRISONr_38,2015__GGE__HN_NF_RF,TRUE,1,4,-0.44501621131636654
BRISONr_38,2015__GGE__HN_WF_RF,TRUE,1,4,-0.18919348049996834
BRISONr_38,2015__GGE__LN_NF_RF,TRUE,1,4,0.14140300301923053
BRISONr_38,2015__HAN__HN_NF_RF,TRUE,1,4,0.11770457248612078
BRISONr_38,2015__HAN__HN_WF_RF,TRUE,1,4,0.19274205762465846
BRISONr_38,2015__HAN__LN_NF_RF,TRUE,1,4,-0.3268577646532989
BRISONr_38,2015__KAL__HN_NF_RF,TRUE,0.9232988434688713,3,-0.10170046889754884
BRISONr_38,2015__KAL__HN_WF_RF,TRUE,0.9232988434688713,3,0.1680592099474462
BRISONr_38,2015__KAL__LN_NF_RF,TRUE,0.9232988434688713,3,1.2946945529085314
BRISONr_38,2015__KIE__HN_NF_RF,TRUE,1,4,0.26469484782970654
BRISONr_38,2015__KIE__HN_WF_RF,TRUE,1,4,-0.057195402634926645
BRISONr_38,2015__KIE__LN_NF_RF,TRUE,1,4,0.11644409602663504
BRISONr_38,2015__QLB__HN_NF_RF,TRUE,1,4,-0.13459736612783718
BRISONr_38,2015__QLB__HN_WF_RF,TRUE,1,4,0.16002779279010554
BRISONr_38,2015__QLB__LN_NF_RF,TRUE,1,4,-0.2215178422681379
BRISONr_38,2016__GGE__HN_NF_RF,TRUE,1,4,-0.4045424635942306
BRISONr_38,2016__GGE__HN_WF_RF,TRUE,1,4,-0.1359883291521532
BRISONr_38,2016__GGE__LN_NF_RF,TRUE,1,4,-0.13969894081694034
BRISONr_38,2016__HAN__HN_NF_RF,TRUE,1,4,0.0809325458589866
BRISONr_38,2016__HAN__HN_WF_RF,TRUE,1,4,0.3613616374560409
BRISONr_38,2016__HAN__LN_NF_RF,TRUE,1,4,0.1677266999527819
BRISONr_38,2016__KAL__HN_NF_RF,TRUE,1,4,-0.1304101330735522
BRISONr_38,2016__KAL__HN_WF_RF,TRUE,1,4,-0.2954854929146899
BRISONr_38,2016__KAL__LN_NF_RF,TRUE,1,4,0.17543932172113633
BRISONr_38,2016__KIE__HN_NF_RF,TRUE,1,4,-0.02916945263480566
BRISONr_38,2016__KIE__HN_WF_RF,TRUE,1,4,-0.20591451448303227
BRISONr_38,2016__KIE__LN_NF_RF,TRUE,1,4,0.1947574629486105
BRISONr_38,2016__QLB__HN_NF_RF,TRUE,1,4,0.24197961906873394
BRISONr_38,2016__QLB__HN_WF_RF,TRUE,1,4,0.14671055522279536
BRISONr_38,2016__QLB__LN_NF_RF,TRUE,1,4,0.10912839672034341
BRISONr_38,2017__GGE__HN_NF_RF,TRUE,1,4,-0.3217274075615706
BRISONr_38,2017__GGE__HN_WF_RF,TRUE,1,4,-0.049273582474525644
BRISONr_38,2017__GGE__LN_NF_RF,TRUE,1,4,0.14582868717779018
BRISONr_38,2017__HAN__HN_NF_RF,TRUE,1,4,-0.013780572722269287
BRISONr_38,2017__HAN__HN_WF_RF,TRUE,1,4,0.24954140189759472
BRISONr_38,2017__HAN__LN_NF_RF,TRUE,1,4,0.20494838081395672
BRISONr_38,2017__KAL__HN_NF_RF,TRUE,1,4,-0.2695456273129559
BRISONr_38,2017__KAL__HN_WF_RF,TRUE,1,4,-0.07599716247305566
BRISONr_38,2017__KAL__LN_NF_RF,TRUE,1,4,0.06265034256647684
BRISONr_38,2017__KIE__HN_NF_RF,TRUE,1,4,0.13718497433477092
BRISONr_38,2017__KIE__HN_WF_RF,TRUE,1,4,0.3156700086545957
BRISONr_38,2017__KIE__LN_NF_RF,TRUE,1,4,0.7299572785446917
BRISONr_38,2017__QLB__HN_NF_RF,TRUE,1,4,0.12665489830064247
BRISONr_38,2017__QLB__HN_WF_RF,TRUE,1,4,0.37926995251725376
BRISONr_38,2017__QLB__LN_NF_RF,TRUE,1,4,0.9338073418017591
BRISONr_39,2015__GGE__HN_NF_RF,TRUE,1,4,0.4882474759347261
BRISONr_39,2015__GGE__HN_WF_RF,TRUE,1,4,-0.17143167946716423
BRISONr_39,2015__GGE__LN_NF_RF,TRUE,1,4,0.28101356546572137
BRISONr_39,2015__HAN__HN_NF_RF,TRUE,1,4,0.9795000012984422
BRISONr_39,2015__HAN__HN_WF_RF,TRUE,1,4,-0.11718795687393954
BRISONr_39,2015__HAN__LN_NF_RF,TRUE,1,4,0.25987254428905493
BRISONr_39,2015__KAL__HN_NF_RF,TRUE,0.9232988434688713,3,0.09429287478655336
BRISONr_39,2015__KAL__HN_WF_RF,TRUE,0.9232988434688713,3,0.3698192837459432
BRISONr_39,2015__KAL__LN_NF_RF,TRUE,0.9232988434688713,3,-0.3567607761356056
BRISONr_39,2015__KIE__HN_NF_RF,TRUE,1,4,-0.09682118814845021
BRISONr_39,2015__KIE__HN_WF_RF,TRUE,1,4,-0.20349913395571698
BRISONr_39,2015__KIE__LN_NF_RF,TRUE,1,4,-0.14398627842375164
BRISONr_39,2015__QLB__HN_NF_RF,TRUE,1,4,0.2247865699118066
BRISONr_39,2015__QLB__HN_WF_RF,TRUE,1,4,0.1670850260543594
BRISONr_39,2015__QLB__LN_NF_RF,TRUE,1,4,0.28647846134288
BRISONr_39,2016__GGE__HN_NF_RF,TRUE,1,4,0.33332719551637646
BRISONr_39,2016__GGE__HN_WF_RF,TRUE,1,4,-0.016742457638522265
BRISONr_39,2016__GGE__LN_NF_RF,TRUE,1,4,-0.379914412163239
BRISONr_39,2016__HAN__HN_NF_RF,TRUE,1,4,0.5193662644363467
BRISONr_39,2016__HAN__HN_WF_RF,TRUE,1,4,0.14372084829300535
BRISONr_39,2016__HAN__LN_NF_RF,TRUE,1,4,0.5867809379184254
BRISONr_39,2016__KAL__HN_NF_RF,TRUE,1,4,0.7969898589466755
BRISONr_39,2016__KAL__HN_WF_RF,TRUE,1,4,0.44875186640450665
BRISONr_39,2016__KAL__LN_NF_RF,TRUE,1,4,0.21748342755955413
BRISONr_39,2016__KIE__HN_NF_RF,TRUE,1,4,0.17712622608368905
BRISONr_39,2016__KIE__HN_WF_RF,TRUE,1,4,-0.022428655487243758
BRISONr_39,2016__KIE__LN_NF_RF,TRUE,1,4,-0.2788161059552334
BRISONr_39,2016__QLB__HN_NF_RF,TRUE,1,4,0.3421717739910562
BRISONr_39,2016__QLB__HN_WF_RF,TRUE,1,4,0.4287554518854057
BRISONr_39,2016__QLB__LN_NF_RF,TRUE,1,4,0.4727921639865357
BRISONr_39,2017__GGE__HN_NF_RF,TRUE,1,4,0.6788881835870244
BRISONr_39,2017__GGE__HN_WF_RF,TRUE,1,4,0.4017485041025083
BRISONr_39,2017__GGE__LN_NF_RF,TRUE,1,4,-0.003375331096034915
BRISONr_39,2017__HAN__HN_NF_RF,TRUE,1,4,0.10613568076412334
BRISONr_39,2017__HAN__HN_WF_RF,TRUE,1,4,0.2749022922005228
BRISONr_39,2017__HAN__LN_NF_RF,TRUE,1,4,-0.3576833422732297
BRISONr_39,2017__KAL__HN_NF_RF,TRUE,1,4,0.666531435062224
BRISONr_39,2017__KAL__HN_WF_RF,TRUE,1,4,0.09723457519009501
BRISONr_39,2017__KAL__LN_NF_RF,TRUE,1,4,-0.015452424112074582
BRISONr_39,2017__KIE__HN_NF_RF,TRUE,1,4,0.2512471602272259
BRISONr_39,2017__KIE__HN_WF_RF,TRUE,1,4,0.01704807865326474
BRISONr_39,2017__KIE__LN_NF_RF,TRUE,1,4,0.4134674469072629
BRISONr_39,2017__QLB__HN_NF_RF,TRUE,1,4,0.09221297936211063
BRISONr_39,2017__QLB__HN_WF_RF,TRUE,1,4,0.5193491558391423
BRISONr_39,2017__QLB__LN_NF_RF,TRUE,1,4,0.1520335084866102
BRISONr_4,2015__GGE__HN_NF_RF,TRUE,1,4,0.4190002316770518
BRISONr_4,2015__GGE__HN_WF_RF,TRUE,1,4,0.302289550635866
BRISONr_4,2015__GGE__LN_NF_RF,TRUE,1,4,0.2836260911716758
BRISONr_4,2015__HAN__HN_NF_RF,TRUE,1,4,-0.457976491399072
BRISONr_4,2015__HAN__HN_WF_RF,TRUE,1,4,-0.25568080620942446
BRISONr_4,2015__HAN__LN_NF_RF,TRUE,1,4,0.16084624732331804
BRISONr_4,2015__KAL__HN_NF_RF,TRUE,0.9232988434688713,3,0.7476804519405947
BRISONr_4,2015__KAL__HN_WF_RF,TRUE,0.9232988434688713,3,0.964243694219241
BRISONr_4,2015__KAL__LN_NF_RF,TRUE,0.9232988434688713,3,0.3045731011317379
BRISONr_4,2015__KIE__HN_NF_RF,TRUE,1,4,-0.2580918427264086
BRISONr_4,2015__KIE__HN_WF_RF,TRUE,1,4,0.34239469014115725
BRISONr_4,2015__KIE__LN_NF_RF,TRUE,1,4,-0.18283089897521843
BRISONr_4,2015__QLB__HN_NF_RF,TRUE,1,4,0.304054791839391
BRISONr_4,2015__QLB__HN_WF_RF,TRUE,1,4,0.3468866049227257
BRISONr_4,2015__QLB__LN_NF_RF,TRUE,1,4,0.17687397864936144
BRISONr_4,2016__GGE__HN_NF_RF,TRUE,1,4,-0.4058615385696578
BRISONr_4,2016__GGE__HN_WF_RF,TRUE,1,4,-0.13404399995680216
BRISONr_4,2016__GGE__LN_NF_RF,TRUE,1,4,-0.4786396598581757
BRISONr_4,2016__HAN__HN_NF_RF,TRUE,1,4,-0.4872060573558066
BRISONr_4,2016__HAN__HN_WF_RF,TRUE,1,4,0.05078960217176391
BRISONr_4,2016__HAN__LN_NF_RF,TRUE,1,4,-0.48038943403269424
BRISONr_4,2016__KAL__HN_NF_RF,TRUE,1,4,-0.20384288079404922
BRISONr_4,2016__KAL__HN_WF_RF,TRUE,1,4,-0.14592362062392192
BRISONr_4,2016__KAL__LN_NF_RF,TRUE,1,4,0.010211478061862542
BRISONr_4,2016__KIE__HN_NF_RF,TRUE,1,4,-0.8740304059523559
BRISONr_4,2016__KIE__HN_WF_RF,TRUE,1,4,-0.010736325936155958
BRISONr_4,2016__KIE__LN_NF_RF,TRUE,1,4,-0.7085540008774616
BRISONr_4,2016__QLB__HN_NF_RF,TRUE,1,4,-0.1556714399441415
BRISONr_4,2016__QLB__HN_WF_RF,TRUE,1,4,-0.4564377388953076
BRISONr_4,2016__QLB__LN_NF_RF,TRUE,1,4,-0.18094978034757642
BRISONr_4,2017__GGE__HN_NF_RF,TRUE,1,4,-0.36139788830172614
BRISONr_4,2017__GGE__HN_WF_RF,TRUE,1,4,-0.56223620413213
BRISONr_4,2017__GGE__LN_NF_RF,TRUE,1,4,0.02271255809964832
BRISONr_4,2017__HAN__HN_NF_RF,TRUE,1,4,-0.7516234190994351
BRISONr_4,2017__HAN__HN_WF_RF,TRUE,1,4,-0.44754256283950994
BRISONr_4,2017__HAN__LN_NF_RF,TRUE,1,4,-0.6966802394587542
BRISONr_4,2017__KAL__HN_NF_RF,TRUE,1,4,-0.26055473152363373
BRISONr_4,2017__KAL__HN_WF_RF,TRUE,1,4,-0.255743891812664
BRISONr_4,2017__KAL__LN_NF_RF,TRUE,1,4,0.08442783919413777
BRISONr_4,2017__KIE__HN_NF_RF,TRUE,1,4,0.23575893131502326
BRISONr_4,2017__KIE__HN_WF_RF,TRUE,1,4,-0.17507022725799654
BRISONr_4,2017__KIE__LN_NF_RF,TRUE,1,4,-0.2499476895346483
BRISONr_4,2017__QLB__HN_NF_RF,TRUE,1,4,0.05840798403348344
BRISONr_4,2017__QLB__HN_WF_RF,TRUE,1,4,-0.6347015251341193
BRISONr_4,2017__QLB__LN_NF_RF,TRUE,1,4,-0.18346646907423625
BRISONr_40,2015__GGE__HN_NF_RF,TRUE,1,4,-0.37579774133414956
BRISONr_40,2015__GGE__HN_WF_RF,TRUE,1,4,-0.1294475986464407
BRISONr_40,2015__GGE__LN_NF_RF,TRUE,1,4,-0.15360430804647812
BRISONr_40,2015__HAN__HN_NF_RF,TRUE,1,4,-0.5799148968652673
BRISONr_40,2015__HAN__HN_WF_RF,TRUE,1,4,-0.2675185196314724
BRISONr_40,2015__HAN__LN_NF_RF,TRUE,1,4,-0.338529087616954
BRISONr_40,2015__KAL__HN_NF_RF,TRUE,0.9232988434688713,3,0.2338271678567102
BRISONr_40,2015__KAL__HN_WF_RF,TRUE,0.9232988434688713,3,0.4640815302840502
BRISONr_40,2015__KAL__LN_NF_RF,TRUE,0.9232988434688713,3,-0.5328386582038643
BRISONr_40,2015__KIE__HN_NF_RF,TRUE,1,4,-0.11786689304425665
BRISONr_40,2015__KIE__HN_WF_RF,TRUE,1,4,0.28731544317377744
BRISONr_40,2015__KIE__LN_NF_RF,TRUE,1,4,0.18839703595294713
BRISONr_40,2015__QLB__HN_NF_RF,TRUE,1,4,-0.8827303511676081
BRISONr_40,2015__QLB__HN_WF_RF,TRUE,1,4,0.13584874964444155
BRISONr_40,2015__QLB__LN_NF_RF,TRUE,1,4,-0.8810425212428104
BRISONr_40,2016__GGE__HN_NF_RF,TRUE,1,4,-0.7523119031887383
BRISONr_40,2016__GGE__HN_WF_RF,TRUE,1,4,-0.1797539685405159
BRISONr_40,2016__GGE__LN_NF_RF,TRUE,1,4,-0.47754016765262847
BRISONr_40,2016__HAN__HN_NF_RF,TRUE,1,4,-0.274223473728616
BRISONr_40,2016__HAN__HN_WF_RF,TRUE,1,4,0.14976462647585778
BRISONr_40,2016__HAN__LN_NF_RF,TRUE,1,4,0.1410672195507023
BRISONr_40,2016__KAL__HN_NF_RF,TRUE,1,4,0.12465041493054874
BRISONr_40,2016__KAL__HN_WF_RF,TRUE,1,4,0.2792297741762178
BRISONr_40,2016__KAL__LN_NF_RF,TRUE,1,4,0.06987224967589947
BRISONr_40,2016__KIE__HN_NF_RF,TRUE,1,4,0.009450853270566335
BRISONr_40,2016__KIE__HN_WF_RF,TRUE,1,4,0.2257376363585386
BRISONr_40,2016__KIE__LN_NF_RF,TRUE,1,4,0.25734294269997593
BRISONr_40,2016__QLB__HN_NF_RF,TRUE,1,4,-0.5755704979307178
BRISONr_40,2016__QLB__HN_WF_RF,TRUE,1,4,0.008143764561944766
BRISONr_40,2016__QLB__LN_NF_RF,TRUE,1,4,-0.8045175688123377
BRISONr_40,2017__GGE__HN_NF_RF,TRUE,1,4,-0.3978566629703129
BRISONr_40,2017__GGE__HN_WF_RF,TRUE,1,4,0.18692963632100812
BRISONr_40,2017__GGE__LN_NF_RF,TRUE,1,4,-0.13311888711653336
BRISONr_40,2017__HAN__HN_NF_RF,TRUE,1,4,0.4295407617725626
BRISONr_40,2017__HAN__HN_WF_RF,TRUE,1,4,0.3696373279382771
BRISONr_40,2017__HAN__LN_NF_RF,TRUE,1,4,-0.34173291619982377
BRISONr_40,2017__KAL__HN_NF_RF,TRUE,1,4,-0.46381966933390284
BRISONr_40,2017__KAL__HN_WF_RF,TRUE,1,4,0.39786671480945135
BRISONr_40,2017__KAL__LN_NF_RF,TRUE,1,4,0.032035693401195914
BRISONr_40,2017__KIE__HN_NF_RF,TRUE,1,4,0.453416926884309
BRISONr_40,2017__KIE__HN_WF_RF,TRUE,1,4,0.49012685552983487
BRISONr_40,2017__KIE__LN_NF_RF,TRUE,1,4,1.2196478083606264
BRISONr_40,2017__QLB__HN_NF_RF,TRUE,1,4,0.010085969157720334
BRISONr_40,2017__QLB__HN_WF_RF,TRUE,1,4,0.34769508685232914
BRISONr_40,2017__QLB__LN_NF_RF,TRUE,1,4,-0.025154762055383105
BRISONr_41,2015__GGE__HN_NF_RF,TRUE,1,4,-0.08780077191308928
BRISONr_41,2015__GGE__HN_WF_RF,TRUE,1,4,-0.06896361007566222
BRISONr_41,2015__GGE__LN_NF_RF,TRUE,1,4,-0.0841801998650262
BRISONr_41,2015__HAN__HN_NF_RF,TRUE,1,4,0.009207629968392611
BRISONr_41,2015__HAN__HN_WF_RF,TRUE,1,4,0.22620042319856096
BRISONr_41,2015__HAN__LN_NF_RF,TRUE,1,4,0.01704706027117729
BRISONr_41,2015__KAL__HN_NF_RF,TRUE,0.9232988434688713,3,-0.36048915799155584
BRISONr_41,2015__KAL__HN_WF_RF,TRUE,0.9232988434688713,3,0.13799509101569868
BRISONr_41,2015__KAL__LN_NF_RF,TRUE,0.9232988434688713,3,-0.06639028438136357
BRISONr_41,2015__KIE__HN_NF_RF,TRUE,1,4,0.46539641154843253
BRISONr_41,2015__KIE__HN_WF_RF,TRUE,1,4,0.08402664197031968
BRISONr_41,2015__KIE__LN_NF_RF,TRUE,1,4,0.7062106351485175
BRISONr_41,2015__QLB__HN_NF_RF,TRUE,1,4,0.4706701659373258
BRISONr_41,2015__QLB__HN_WF_RF,TRUE,1,4,0.2806913146507869
BRISONr_41,2015__QLB__LN_NF_RF,TRUE,1,4,-0.16989560678184676
BRISONr_41,2016__GGE__HN_NF_RF,TRUE,1,4,-0.33750864544616893
BRISONr_41,2016__GGE__HN_WF_RF,TRUE,1,4,0.11519421205914013
BRISONr_41,2016__GGE__LN_NF_RF,TRUE,1,4,-0.4643770004687049
BRISONr_41,2016__HAN__HN_NF_RF,TRUE,1,4,0.4613704578812635
BRISONr_41,2016__HAN__HN_WF_RF,TRUE,1,4,0.22504139675251464
BRISONr_41,2016__HAN__LN_NF_RF,TRUE,1,4,0.3474053934976064
BRISONr_41,2016__KAL__HN_NF_RF,TRUE,1,4,-0.2069809374518622
BRISONr_41,2016__KAL__HN_WF_RF,TRUE,1,4,0.25417265899694547
BRISONr_41,2016__KAL__LN_NF_RF,TRUE,1,4,0.26505791128352635
BRISONr_41,2016__KIE__HN_NF_RF,TRUE,1,4,0.1342670626590974
BRISONr_41,2016__KIE__HN_WF_RF,TRUE,1,4,0.4578359474328504
BRISONr_41,2016__KIE__LN_NF_RF,TRUE,1,4,-0.10787965978808238
BRISONr_41,2016__QLB__HN_NF_RF,TRUE,1,4,-0.3714738638313852
BRISONr_41,2016__QLB__HN_WF_RF,TRUE,1,4,-0.3382798997838799
BRISONr_41,2016__QLB__LN_NF_RF,TRUE,1,4,-0.3505727321583293
BRISONr_41,2017__GGE__HN_NF_RF,TRUE,1,4,0.015092364331222248
BRISONr_41,2017__GGE__HN_WF_RF,TRUE,1,4,0.2351285352318687
BRISONr_41,2017__GGE__LN_NF_RF,TRUE,1,4,-0.15449013965833627
BRISONr_41,2017__HAN__HN_NF_RF,TRUE,1,4,0.40888197390344055
BRISONr_41,2017__HAN__HN_WF_RF,TRUE,1,4,0.6860335304752585
BRISONr_41,2017__HAN__LN_NF_RF,TRUE,1,4,0.40256563340935037
BRISONr_41,2017__KAL__HN_NF_RF,TRUE,1,4,0.12526615027138738
BRISONr_41,2017__KAL__HN_WF_RF,TRUE,1,4,0.24379905941657545
BRISONr_41,2017__KAL__LN_NF_RF,TRUE,1,4,0.13855883442753703
BRISONr_41,2017__KIE__HN_NF_RF,TRUE,1,4,0.46618159623155847
BRISONr_41,2017__KIE__HN_WF_RF,TRUE,1,4,0.3530906058249818
BRISONr_41,2017__KIE__LN_NF_RF,TRUE,1,4,0.4738473914697399
BRISONr_41,2017__QLB__HN_NF_RF,TRUE,1,4,0.1393193367492344
BRISONr_41,2017__QLB__HN_WF_RF,TRUE,1,4,0.35010432069994196
BRISONr_41,2017__QLB__LN_NF_RF,TRUE,1,4,0.5925463707923969
BRISONr_42,2015__GGE__HN_NF_RF,TRUE,1,4,0.20464314278384788
BRISONr_42,2015__GGE__HN_WF_RF,TRUE,1,4,0.3924289542943054
BRISONr_42,2015__GGE__LN_NF_RF,TRUE,1,4,0.010945752498720505
BRISONr_42,2015__HAN__HN_NF_RF,TRUE,1,4,0.29829340392538944
BRISONr_42,2015__HAN__HN_WF_RF,TRUE,1,4,0.2609192954888556
BRISONr_42,2015__HAN__LN_NF_RF,TRUE,1,4,0.15860972353312242
BRISONr_42,2015__KAL__HN_NF_RF,TRUE,0.9232988434688713,3,0.8019603924289213
BRISONr_42,2015__KAL__HN_WF_RF,TRUE,0.9232988434688713,3,0.18440811817343666
BRISONr_42,2015__KAL__LN_NF_RF,TRUE,0.9232988434688713,3,1.5022449781157807
BRISONr_42,2015__KIE__HN_NF_RF,TRUE,1,4,0.23776846303445986
BRISONr_42,2015__KIE__HN_WF_RF,TRUE,1,4,-0.16206818817830004
BRISONr_42,2015__KIE__LN_NF_RF,TRUE,1,4,0.19329394000243239
BRISONr_42,2015__QLB__HN_NF_RF,TRUE,1,4,0.393563124540897
BRISONr_42,2015__QLB__HN_WF_RF,TRUE,1,4,-0.1185182441887039
BRISONr_42,2015__QLB__LN_NF_RF,TRUE,1,4,0.42979393622617185
BRISONr_42,2016__GGE__HN_NF_RF,TRUE,1,4,0.19309065806675457
BRISONr_42,2016__GGE__HN_WF_RF,TRUE,1,4,0.2751151371512575
BRISONr_42,2016__GGE__LN_NF_RF,TRUE,1,4,-0.07988358343066665
BRISONr_42,2016__HAN__HN_NF_RF,TRUE,1,4,0.7286732432627019
BRISONr_42,2016__HAN__HN_WF_RF,TRUE,1,4,0.526172167145716
BRISONr_42,2016__HAN__LN_NF_RF,TRUE,1,4,0.3251870429424727
BRISONr_42,2016__KAL__HN_NF_RF,TRUE,1,4,0.7648791802064896
BRISONr_42,2016__KAL__HN_WF_RF,TRUE,1,4,0.5597480152412245
BRISONr_42,2016__KAL__LN_NF_RF,TRUE,1,4,0.09709550780696119
BRISONr_42,2016__KIE__HN_NF_RF,TRUE,1,4,0.5656361454094097
BRISONr_42,2016__KIE__HN_WF_RF,TRUE,1,4,-0.07688264525099749
BRISONr_42,2016__KIE__LN_NF_RF,TRUE,1,4,0.3185093125318574
BRISONr_42,2016__QLB__HN_NF_RF,TRUE,1,4,0.09579075340093476
BRISONr_42,2016__QLB__HN_WF_RF,TRUE,1,4,0.33026392742338867
BRISONr_42,2016__QLB__LN_NF_RF,TRUE,1,4,-0.06806683003868963
BRISONr_42,2017__GGE__HN_NF_RF,TRUE,1,4,0.42201320015922816
BRISONr_42,2017__GGE__HN_WF_RF,TRUE,1,4,0.5861825638999142
BRISONr_42,2017__GGE__LN_NF_RF,TRUE,1,4,0.039572449801110895
BRISONr_42,2017__HAN__HN_NF_RF,TRUE,1,4,0.2625793702596846
BRISONr_42,2017__HAN__HN_WF_RF,TRUE,1,4,0.021938539219427754
BRISONr_42,2017__HAN__LN_NF_RF,TRUE,1,4,-0.5140254353231305
BRISONr_42,2017__KAL__HN_NF_RF,TRUE,1,4,0.5647304311002763
BRISONr_42,2017__KAL__HN_WF_RF,TRUE,1,4,0.44281738139497556
BRISONr_42,2017__KAL__LN_NF_RF,TRUE,1,4,0.2065844773018906
BRISONr_42,2017__KIE__HN_NF_RF,TRUE,1,4,0.7519489067917405
BRISONr_42,2017__KIE__HN_WF_RF,TRUE,1,4,0.41523707670028853
BRISONr_42,2017__KIE__LN_NF_RF,TRUE,1,4,1.4721685587385405
BRISONr_42,2017__QLB__HN_NF_RF,TRUE,1,4,0.9960479055115677
BRISONr_42,2017__QLB__HN_WF_RF,TRUE,1,4,0.46011029955120536
BRISONr_42,2017__QLB__LN_NF_RF,TRUE,1,4,0.7890749654274686
BRISONr_43,2015__GGE__HN_NF_RF,TRUE,1,4,-0.04565986576966826
BRISONr_43,2015__GGE__HN_WF_RF,TRUE,1,4,-0.05403050135713649
BRISONr_43,2015__GGE__LN_NF_RF,TRUE,1,4,-0.1097278188325852
BRISONr_43,2015__HAN__HN_NF_RF,TRUE,1,4,0.1506862253072359
BRISONr_43,2015__HAN__HN_WF_RF,TRUE,1,4,-0.3766389074435386
BRISONr_43,2015__HAN__LN_NF_RF,TRUE,1,4,0.3109691401923503
BRISONr_43,2015__KAL__HN_NF_RF,TRUE,0.9232988434688713,3,0.35602754432746025
BRISONr_43,2015__KAL__HN_WF_RF,TRUE,0.9232988434688713,3,0.3247747231780788
BRISONr_43,2015__KAL__LN_NF_RF,TRUE,0.9232988434688713,3,0.11563489317139543
BRISONr_43,2015__KIE__HN_NF_RF,TRUE,1,4,0.13054097918371207
BRISONr_43,2015__KIE__HN_WF_RF,TRUE,1,4,-0.2998208802471252
BRISONr_43,2015__KIE__LN_NF_RF,TRUE,1,4,0.10069947033497814
BRISONr_43,2015__QLB__HN_NF_RF,TRUE,1,4,0.032861197292606274
BRISONr_43,2015__QLB__HN_WF_RF,TRUE,1,4,-0.38769951965943267
BRISONr_43,2015__QLB__LN_NF_RF,TRUE,1,4,-0.021786093081577296
BRISONr_43,2016__GGE__HN_NF_RF,TRUE,1,4,0.09542679937540563
BRISONr_43,2016__GGE__HN_WF_RF,TRUE,1,4,-0.468230944644236
BRISONr_43,2016__GGE__LN_NF_RF,TRUE,1,4,-0.3154088629131417
BRISONr_43,2016__HAN__HN_NF_RF,TRUE,1,4,-0.1706099798253263
BRISONr_43,2016__HAN__HN_WF_RF,TRUE,1,4,-0.5221607169475014
BRISONr_43,2016__HAN__LN_NF_RF,TRUE,1,4,0.2239034786298637
BRISONr_43,2016__KAL__HN_NF_RF,TRUE,1,4,0.18912728533522463
BRISONr_43,2016__KAL__HN_WF_RF,TRUE,1,4,-0.6501457401392836
BRISONr_43,2016__KAL__LN_NF_RF,TRUE,1,4,0.5502666282397168
BRISONr_43,2016__KIE__HN_NF_RF,TRUE,1,4,-0.5528691700948234
BRISONr_43,2016__KIE__HN_WF_RF,TRUE,1,4,-0.17722961085334746
BRISONr_43,2016__KIE__LN_NF_RF,TRUE,1,4,-0.644098716002787
BRISONr_43,2016__QLB__HN_NF_RF,TRUE,1,4,-0.32626012611678995
BRISONr_43,2016__QLB__HN_WF_RF,TRUE,1,4,-0.8834091641927473
BRISONr_43,2016__QLB__LN_NF_RF,TRUE,1,4,-0.11171029087795864
BRISONr_43,2017__GGE__HN_NF_RF,TRUE,1,4,-0.2433747169618858
BRISONr_43,2017__GGE__HN_WF_RF,TRUE,1,4,0.10649937729907552
BRISONr_43,2017__GGE__LN_NF_RF,TRUE,1,4,0.12979118052160515
BRISONr_43,2017__HAN__HN_NF_RF,TRUE,1,4,-0.3816399401101001
BRISONr_43,2017__HAN__HN_WF_RF,TRUE,1,4,-0.22868963949444848
BRISONr_43,2017__HAN__LN_NF_RF,TRUE,1,4,-0.3662810634450314
BRISONr_43,2017__KAL__HN_NF_RF,TRUE,1,4,0.38428058436094853
BRISONr_43,2017__KAL__HN_WF_RF,TRUE,1,4,-0.0012225851974621595
BRISONr_43,2017__KAL__LN_NF_RF,TRUE,1,4,-0.1445768294278658
BRISONr_43,2017__KIE__HN_NF_RF,TRUE,1,4,-0.3370812006470975
BRISONr_43,2017__KIE__HN_WF_RF,TRUE,1,4,0.018586426734308426
BRISONr_43,2017__KIE__LN_NF_RF,TRUE,1,4,0.25589012135372047
BRISONr_43,2017__QLB__HN_NF_RF,TRUE,1,4,-0.3774843665763384
BRISONr_43,2017__QLB__HN_WF_RF,TRUE,1,4,-0.24194969903167382
BRISONr_43,2017__QLB__LN_NF_RF,TRUE,1,4,-0.5199969655017553
BRISONr_44,2015__GGE__HN_NF_RF,TRUE,1,4,0.43167529081192946
BRISONr_44,2015__GGE__HN_WF_RF,TRUE,1,4,-0.02579442483450159
BRISONr_44,2015__GGE__LN_NF_RF,TRUE,1,4,0.4761738442688158
BRISONr_44,2015__HAN__HN_NF_RF,TRUE,1,4,0.441789187300811
BRISONr_44,2015__HAN__HN_WF_RF,TRUE,1,4,-0.05052613913044336
BRISONr_44,2015__HAN__LN_NF_RF,TRUE,1,4,0.3387660661728459
BRISONr_44,2015__KAL__HN_NF_RF,TRUE,0.9232988434688713,3,0.02083416370955839
BRISONr_44,2015__KAL__HN_WF_RF,TRUE,0.9232988434688713,3,0.43419256326531086
BRISONr_44,2015__KAL__LN_NF_RF,TRUE,0.9232988434688713,3,0.48073397637470994
BRISONr_44,2015__KIE__HN_NF_RF,TRUE,1,4,0.44777890401125986
BRISONr_44,2015__KIE__HN_WF_RF,TRUE,1,4,0.5630395106875035
BRISONr_44,2015__KIE__LN_NF_RF,TRUE,1,4,0.6928690130903553
BRISONr_44,2015__QLB__HN_NF_RF,TRUE,1,4,0.7197763748105726
BRISONr_44,2015__QLB__HN_WF_RF,TRUE,1,4,0.12243322108206417
BRISONr_44,2015__QLB__LN_NF_RF,TRUE,1,4,0.6288257997164128
BRISONr_44,2016__GGE__HN_NF_RF,TRUE,1,4,0.4667106893425493
BRISONr_44,2016__GGE__HN_WF_RF,TRUE,1,4,0.3674706288369513
BRISONr_44,2016__GGE__LN_NF_RF,TRUE,1,4,0.2920842017676792
BRISONr_44,2016__HAN__HN_NF_RF,TRUE,1,4,0.6125892017370651
BRISONr_44,2016__HAN__HN_WF_RF,TRUE,1,4,0.7662995512658514
BRISONr_44,2016__HAN__LN_NF_RF,TRUE,1,4,0.6384331754527321
BRISONr_44,2016__KAL__HN_NF_RF,TRUE,1,4,0.6494955306782854
BRISONr_44,2016__KAL__HN_WF_RF,TRUE,1,4,0.5447622750789166
BRISONr_44,2016__KAL__LN_NF_RF,TRUE,1,4,0.5589517228419476
BRISONr_44,2016__KIE__HN_NF_RF,TRUE,1,4,0.570539579580806
BRISONr_44,2016__KIE__HN_WF_RF,TRUE,1,4,-0.0055102076720648235
BRISONr_44,2016__KIE__LN_NF_RF,TRUE,1,4,0.8264704584380786
BRISONr_44,2016__QLB__HN_NF_RF,TRUE,1,4,0.44779869262874306
BRISONr_44,2016__QLB__HN_WF_RF,TRUE,1,4,0.4343474815377417
BRISONr_44,2016__QLB__LN_NF_RF,TRUE,1,4,0.405411920690192
BRISONr_44,2017__GGE__HN_NF_RF,TRUE,1,4,0.5059956519621719
BRISONr_44,2017__GGE__HN_WF_RF,TRUE,1,4,0.23412352231539493
BRISONr_44,2017__GGE__LN_NF_RF,TRUE,1,4,0.4635937942378855
BRISONr_44,2017__HAN__HN_NF_RF,TRUE,1,4,0.3938762523048137
BRISONr_44,2017__HAN__HN_WF_RF,TRUE,1,4,-0.1938058999221292
BRISONr_44,2017__HAN__LN_NF_RF,TRUE,1,4,0.06956056492089165
BRISONr_44,2017__KAL__HN_NF_RF,TRUE,1,4,0.3370812042954117
BRISONr_44,2017__KAL__HN_WF_RF,TRUE,1,4,0.05590595969343503
BRISONr_44,2017__KAL__LN_NF_RF,TRUE,1,4,0.09210732813732375
BRISONr_44,2017__KIE__HN_NF_RF,TRUE,1,4,0.14687933650854287
BRISONr_44,2017__KIE__HN_WF_RF,TRUE,1,4,0.04202303157416801
BRISONr_44,2017__KIE__LN_NF_RF,TRUE,1,4,0.7398836457839126
BRISONr_44,2017__QLB__HN_NF_RF,TRUE,1,4,0.4204108116858997
BRISONr_44,2017__QLB__HN_WF_RF,TRUE,1,4,0.3393256675952333
BRISONr_44,2017__QLB__LN_NF_RF,TRUE,1,4,0.5746866547740562
BRISONr_45,2015__GGE__HN_NF_RF,TRUE,1,4,0.17740441304506524
BRISONr_45,2015__GGE__HN_WF_RF,TRUE,1,4,-0.3485060436522762
BRISONr_45,2015__GGE__LN_NF_RF,TRUE,1,4,0.12206870359839549
BRISONr_45,2015__HAN__HN_NF_RF,TRUE,1,4,0.5840389417946772
BRISONr_45,2015__HAN__HN_WF_RF,TRUE,1,4,0.3999579205750224
BRISONr_45,2015__HAN__LN_NF_RF,TRUE,1,4,0.16075466186283727
BRISONr_45,2015__KAL__HN_NF_RF,TRUE,0.9232988434688713,3,0.5935398618993335
BRISONr_45,2015__KAL__HN_WF_RF,TRUE,0.9232988434688713,3,0.24255945723229685
BRISONr_45,2015__KAL__LN_NF_RF,TRUE,0.9232988434688713,3,0.6171348519296135
BRISONr_45,2015__KIE__HN_NF_RF,TRUE,1,4,-0.01025964544207162
BRISONr_45,2015__KIE__HN_WF_RF,TRUE,1,4,0.28280111518791423
BRISONr_45,2015__KIE__LN_NF_RF,TRUE,1,4,0.2440489257524373
BRISONr_45,2015__QLB__HN_NF_RF,TRUE,1,4,0.45937952369557755
BRISONr_45,2015__QLB__HN_WF_RF,TRUE,1,4,0.4809775916298887
BRISONr_45,2015__QLB__LN_NF_RF,TRUE,1,4,0.30644321841708505
BRISONr_45,2016__GGE__HN_NF_RF,TRUE,1,4,0.13659285193808013
BRISONr_45,2016__GGE__HN_WF_RF,TRUE,1,4,0.2901928298375124
BRISONr_45,2016__GGE__LN_NF_RF,TRUE,1,4,-0.18234569731013972
BRISONr_45,2016__HAN__HN_NF_RF,TRUE,1,4,0.34992692041156404
BRISONr_45,2016__HAN__HN_WF_RF,TRUE,1,4,0.16708024151668327
BRISONr_45,2016__HAN__LN_NF_RF,TRUE,1,4,0.3332067327589999
BRISONr_45,2016__KAL__HN_NF_RF,TRUE,1,4,0.7609550128751953
BRISONr_45,2016__KAL__HN_WF_RF,TRUE,1,4,0.2691330838320062
BRISONr_45,2016__KAL__LN_NF_RF,TRUE,1,4,0.44366027798844143
BRISONr_45,2016__KIE__HN_NF_RF,TRUE,1,4,0.4890952554290837
BRISONr_45,2016__KIE__HN_WF_RF,TRUE,1,4,-0.24143506720628324
BRISONr_45,2016__KIE__LN_NF_RF,TRUE,1,4,-0.039009906099101654
BRISONr_45,2016__QLB__HN_NF_RF,TRUE,1,4,0.7317373080375258
BRISONr_45,2016__QLB__HN_WF_RF,TRUE,1,4,0.7747632088320809
BRISONr_45,2016__QLB__LN_NF_RF,TRUE,1,4,0.88658903874213
BRISONr_45,2017__GGE__HN_NF_RF,TRUE,1,4,0.07704179592030636
BRISONr_45,2017__GGE__HN_WF_RF,TRUE,1,4,-0.06575103775867337
BRISONr_45,2017__GGE__LN_NF_RF,TRUE,1,4,0.06817527998873753
BRISONr_45,2017__HAN__HN_NF_RF,TRUE,1,4,0.18797145772650714
BRISONr_45,2017__HAN__HN_WF_RF,TRUE,1,4,0.3236360218578812
BRISONr_45,2017__HAN__LN_NF_RF,TRUE,1,4,-0.034142029852978296
BRISONr_45,2017__KAL__HN_NF_RF,TRUE,1,4,0.2717274981711674
BRISONr_45,2017__KAL__HN_WF_RF,TRUE,1,4,0.32542547246450465
BRISONr_45,2017__KAL__LN_NF_RF,TRUE,1,4,0.2591739451740991
BRISONr_45,2017__KIE__HN_NF_RF,TRUE,1,4,0.29182989035197904
BRISONr_45,2017__KIE__HN_WF_RF,TRUE,1,4,0.066780103703075
BRISONr_45,2017__KIE__LN_NF_RF,TRUE,1,4,0.5797681336620238
BRISONr_45,2017__QLB__HN_NF_RF,TRUE,1,4,0.28287035375855835
BRISONr_45,2017__QLB__HN_WF_RF,TRUE,1,4,-0.25530906086592675
BRISONr_45,2017__QLB__LN_NF_RF,TRUE,1,4,0.28703315801399537
BRISONr_46,2015__GGE__HN_NF_RF,TRUE,1,4,-0.17753530304857662
BRISONr_46,2015__GGE__HN_WF_RF,TRUE,1,4,-0.20936292863881095
BRISONr_46,2015__GGE__LN_NF_RF,TRUE,1,4,-0.0479945141545879
BRISONr_46,2015__HAN__HN_NF_RF,TRUE,1,4,0.3603004521849373
BRISONr_46,2015__HAN__HN_WF_RF,TRUE,1,4,0.3265218920893981
BRISONr_46,2015__HAN__LN_NF_RF,TRUE,1,4,0.3799488253577283
BRISONr_46,2015__KAL__HN_NF_RF,TRUE,0.9232988434688713,3,0.47431361873811917
BRISONr_46,2015__KAL__HN_WF_RF,TRUE,0.9232988434688713,3,1.2984747402674046
BRISONr_46,2015__KAL__LN_NF_RF,TRUE,0.9232988434688713,3,0.47841684393953854
BRISONr_46,2015__KIE__HN_NF_RF,TRUE,1,4,0.17136409729505234
BRISONr_46,2015__KIE__HN_WF_RF,TRUE,1,4,-0.07019013499732674
BRISONr_46,2015__KIE__LN_NF_RF,TRUE,1,4,0.15770177575767155
BRISONr_46,2015__QLB__HN_NF_RF,TRUE,1,4,0.18610792878034968
BRISONr_46,2015__QLB__HN_WF_RF,TRUE,1,4,-0.17224452324063094
BRISONr_46,2015__QLB__LN_NF_RF,TRUE,1,4,0.07419621996432127
BRISONr_46,2016__GGE__HN_NF_RF,TRUE,1,4,0.1374030966221015
BRISONr_46,2016__GGE__HN_WF_RF,TRUE,1,4,0.19069677375851662
BRISONr_46,2016__GGE__LN_NF_RF,TRUE,1,4,0.34685646115546953
BRISONr_46,2016__HAN__HN_NF_RF,TRUE,1,4,0.23301139836940804
BRISONr_46,2016__HAN__HN_WF_RF,TRUE,1,4,0.4359455514963339
BRISONr_46,2016__HAN__LN_NF_RF,TRUE,1,4,0.15498412404317885
BRISONr_46,2016__KAL__HN_NF_RF,TRUE,1,4,0.05665555638936742
BRISONr_46,2016__KAL__HN_WF_RF,TRUE,1,4,0.26223315538792463
BRISONr_46,2016__KAL__LN_NF_RF,TRUE,1,4,-0.035036055563690834
BRISONr_46,2016__KIE__HN_NF_RF,TRUE,1,4,0.13118724244864083
BRISONr_46,2016__KIE__HN_WF_RF,TRUE,1,4,0.053963597737480204
BRISONr_46,2016__KIE__LN_NF_RF,TRUE,1,4,-0.05629442020638127
BRISONr_46,2016__QLB__HN_NF_RF,TRUE,1,4,0.3498678322338833
BRISONr_46,2016__QLB__HN_WF_RF,TRUE,1,4,0.08652917421885516
BRISONr_46,2016__QLB__LN_NF_RF,TRUE,1,4,0.19938207556807797
BRISONr_46,2017__GGE__HN_NF_RF,TRUE,1,4,0.6668018586605425
BRISONr_46,2017__GGE__HN_WF_RF,TRUE,1,4,0.4187392966713438
BRISONr_46,2017__GGE__LN_NF_RF,TRUE,1,4,0.13355574204957707
BRISONr_46,2017__HAN__HN_NF_RF,TRUE,1,4,0.228015490551871
BRISONr_46,2017__HAN__HN_WF_RF,TRUE,1,4,0.5473747568066658
BRISONr_46,2017__HAN__LN_NF_RF,TRUE,1,4,-0.05777852367077488
BRISONr_46,2017__KAL__HN_NF_RF,TRUE,1,4,0.26379470099433067
BRISONr_46,2017__KAL__HN_WF_RF,TRUE,1,4,-0.4410928964516873
BRISONr_46,2017__KAL__LN_NF_RF,TRUE,1,4,0.3855597830757445
BRISONr_46,2017__KIE__HN_NF_RF,TRUE,1,4,0.24516832456795962
BRISONr_46,2017__KIE__HN_WF_RF,TRUE,1,4,0.17111588552053977
BRISONr_46,2017__KIE__LN_NF_RF,TRUE,1,4,0.6564697582473784
BRISONr_46,2017__QLB__HN_NF_RF,TRUE,1,4,1.0003365346427513
BRISONr_46,2017__QLB__HN_WF_RF,TRUE,1,4,1.3437775979692055
BRISONr_46,2017__QLB__LN_NF_RF,TRUE,1,4,0.4910228141426034
BRISONr_47,2015__GGE__HN_NF_RF,TRUE,1,4,0.4753651550561429
BRISONr_47,2015__GGE__HN_WF_RF,TRUE,1,4,-0.15807457020057003
BRISONr_47,2015__GGE__LN_NF_RF,TRUE,1,4,0.1729597747873773
BRISONr_47,2015__HAN__HN_NF_RF,TRUE,1,4,0.12534139688521104
BRISONr_47,2015__HAN__HN_WF_RF,TRUE,1,4,0.1908547484823655
BRISONr_47,2015__HAN__LN_NF_RF,TRUE,1,4,0.08944360539726381
BRISONr_47,2015__KAL__HN_NF_RF,TRUE,0.9232988434688713,3,0.5061017809926243
BRISONr_47,2015__KAL__HN_WF_RF,TRUE,0.9232988434688713,3,0.17576690419881327
BRISONr_47,2015__KAL__LN_NF_RF,TRUE,0.9232988434688713,3,1.1427749847575328
BRISONr_47,2015__KIE__HN_NF_RF,TRUE,1,4,0.26758567396708416
BRISONr_47,2015__KIE__HN_WF_RF,TRUE,1,4,-0.0728384756128366
BRISONr_47,2015__KIE__LN_NF_RF,TRUE,1,4,0.17361656689985866
BRISONr_47,2015__QLB__HN_NF_RF,TRUE,1,4,0.4660658879216308
BRISONr_47,2015__QLB__HN_WF_RF,TRUE,1,4,-0.25784282119483387
BRISONr_47,2015__QLB__LN_NF_RF,TRUE,1,4,0.3989552527349852
BRISONr_47,2016__GGE__HN_NF_RF,TRUE,1,4,0.10902349457710131
BRISONr_47,2016__GGE__HN_WF_RF,TRUE,1,4,0.2535502014868729
BRISONr_47,2016__GGE__LN_NF_RF,TRUE,1,4,0.48678676327122505
BRISONr_47,2016__HAN__HN_NF_RF,TRUE,1,4,0.49955344949076275
BRISONr_47,2016__HAN__HN_WF_RF,TRUE,1,4,0.0908946945914942
BRISONr_47,2016__HAN__LN_NF_RF,TRUE,1,4,0.19487046255977913
BRISONr_47,2016__KAL__HN_NF_RF,TRUE,1,4,-0.30945091625072596
BRISONr_47,2016__KAL__HN_WF_RF,TRUE,1,4,0.12486515208621776
BRISONr_47,2016__KAL__LN_NF_RF,TRUE,1,4,0.22787191659319353
BRISONr_47,2016__KIE__HN_NF_RF,TRUE,1,4,0.3186609140507936
BRISONr_47,2016__KIE__HN_WF_RF,TRUE,1,4,-0.05893823443490407
BRISONr_47,2016__KIE__LN_NF_RF,TRUE,1,4,0.19467255056595037
BRISONr_47,2016__QLB__HN_NF_RF,TRUE,1,4,0.11756527695340095
BRISONr_47,2016__QLB__HN_WF_RF,TRUE,1,4,0.08113617795383996
BRISONr_47,2016__QLB__LN_NF_RF,TRUE,1,4,-0.04873169943410549
BRISONr_47,2017__GGE__HN_NF_RF,TRUE,1,4,0.038103903152688155
BRISONr_47,2017__GGE__HN_WF_RF,TRUE,1,4,-0.0024838800052036235
BRISONr_47,2017__GGE__LN_NF_RF,TRUE,1,4,0.11825920325420859
BRISONr_47,2017__HAN__HN_NF_RF,TRUE,1,4,0.5240514223790398
BRISONr_47,2017__HAN__HN_WF_RF,TRUE,1,4,0.7932517412559332
BRISONr_47,2017__HAN__LN_NF_RF,TRUE,1,4,0.16966163736287737
BRISONr_47,2017__KAL__HN_NF_RF,TRUE,1,4,0.2972755527707935
BRISONr_47,2017__KAL__HN_WF_RF,TRUE,1,4,-0.25788201526202276
BRISONr_47,2017__KAL__LN_NF_RF,TRUE,1,4,-0.06624540086512573
BRISONr_47,2017__KIE__HN_NF_RF,TRUE,1,4,0.0484558763275532
BRISONr_47,2017__KIE__HN_WF_RF,TRUE,1,4,0.026839926165561273
BRISONr_47,2017__KIE__LN_NF_RF,TRUE,1,4,-0.004699166755907841
BRISONr_47,2017__QLB__HN_NF_RF,TRUE,1,4,0.4132980182801556
BRISONr_47,2017__QLB__HN_WF_RF,TRUE,1,4,0.653364532235279
BRISONr_47,2017__QLB__LN_NF_RF,TRUE,1,4,0.6316866663383427
BRISONr_48,2015__GGE__HN_NF_RF,TRUE,1,4,0.019645289481079204
BRISONr_48,2015__GGE__HN_WF_RF,TRUE,1,4,0.27222054620746694
BRISONr_48,2015__GGE__LN_NF_RF,TRUE,1,4,0.0965294081470899
BRISONr_48,2015__HAN__HN_NF_RF,TRUE,1,4,0.062236523690287704
BRISONr_48,2015__HAN__HN_WF_RF,TRUE,1,4,0.5033225229294346
BRISONr_48,2015__HAN__LN_NF_RF,TRUE,1,4,0.1481104057953863
BRISONr_48,2015__KAL__HN_NF_RF,TRUE,0.9232988434688713,3,0.8390569780973584
BRISONr_48,2015__KAL__HN_WF_RF,TRUE,0.9232988434688713,3,1.1569764025491975
BRISONr_48,2015__KAL__LN_NF_RF,TRUE,0.9232988434688713,3,0.42854489562819414
BRISONr_48,2015__KIE__HN_NF_RF,TRUE,1,4,0.27264112412798225
BRISONr_48,2015__KIE__HN_WF_RF,TRUE,1,4,0.3941085383647006
BRISONr_48,2015__KIE__LN_NF_RF,TRUE,1,4,0.4014533526431485
BRISONr_48,2015__QLB__HN_NF_RF,TRUE,1,4,0.675402446629083
BRISONr_48,2015__QLB__HN_WF_RF,TRUE,1,4,0.6433029488153804
BRISONr_48,2015__QLB__LN_NF_RF,TRUE,1,4,0.4823883983309837
BRISONr_48,2016__GGE__HN_NF_RF,TRUE,1,4,-0.5339692464916856
BRISONr_48,2016__GGE__HN_WF_RF,TRUE,1,4,-0.21453313416392983
BRISONr_48,2016__GGE__LN_NF_RF,TRUE,1,4,-0.0670301068231884
BRISONr_48,2016__HAN__HN_NF_RF,TRUE,1,4,-0.13372703082667403
BRISONr_48,2016__HAN__HN_WF_RF,TRUE,1,4,0.20888856764609093
BRISONr_48,2016__HAN__LN_NF_RF,TRUE,1,4,-0.08954047958998278
BRISONr_48,2016__KAL__HN_NF_RF,TRUE,1,4,0.04072482018038104
BRISONr_48,2016__KAL__HN_WF_RF,TRUE,1,4,0.019719189717810313
BRISONr_48,2016__KAL__LN_NF_RF,TRUE,1,4,0.33386615959391697
BRISONr_48,2016__KIE__HN_NF_RF,TRUE,1,4,-0.22381598084117088
BRISONr_48,2016__KIE__HN_WF_RF,TRUE,1,4,0.35376026871434296
BRISONr_48,2016__KIE__LN_NF_RF,TRUE,1,4,-0.010657801014705407
BRISONr_48,2016__QLB__HN_NF_RF,TRUE,1,4,0.009544959619477583
BRISONr_48,2016__QLB__HN_WF_RF,TRUE,1,4,0.6491735397178254
BRISONr_48,2016__QLB__LN_NF_RF,TRUE,1,4,0.083509264377925
BRISONr_48,2017__GGE__HN_NF_RF,TRUE,1,4,-0.147966614172511
BRISONr_48,2017__GGE__HN_WF_RF,TRUE,1,4,-0.022003176389267895
BRISONr_48,2017__GGE__LN_NF_RF,TRUE,1,4,0.4426856298693122
BRISONr_48,2017__HAN__HN_NF_RF,TRUE,1,4,0.08470098096791283
BRISONr_48,2017__HAN__HN_WF_RF,TRUE,1,4,0.5745830322340361
BRISONr_48,2017__HAN__LN_NF_RF,TRUE,1,4,-0.14120156266378014
BRISONr_48,2017__KAL__HN_NF_RF,TRUE,1,4,0.028284339665762957
BRISONr_48,2017__KAL__HN_WF_RF,TRUE,1,4,-0.02825332511084247
BRISONr_48,2017__KAL__LN_NF_RF,TRUE,1,4,-0.2742472601502238
BRISONr_48,2017__KIE__HN_NF_RF,TRUE,1,4,0.15354411515642918
BRISONr_48,2017__KIE__HN_WF_RF,TRUE,1,4,0.003350374646554034
BRISONr_48,2017__KIE__LN_NF_RF,TRUE,1,4,0.3283421679468938
BRISONr_48,2017__QLB__HN_NF_RF,TRUE,1,4,0.6037784633186928
BRISONr_48,2017__QLB__HN_WF_RF,TRUE,1,4,1.024227062137679
BRISONr_48,2017__QLB__LN_NF_RF,TRUE,1,4,1.0319122471906865
BRISONr_49,2015__GGE__HN_NF_RF,TRUE,1,4,0.2559337046864703
BRISONr_49,2015__GGE__HN_WF_RF,TRUE,1,4,0.10134765774713436
BRISONr_49,2015__GGE__LN_NF_RF,TRUE,1,4,0.09675574619956868
BRISONr_49,2015__HAN__HN_NF_RF,TRUE,1,4,0.48556506078833483
BRISONr_49,2015__HAN__HN_WF_RF,TRUE,1,4,0.5958983989937298
BRISONr_49,2015__HAN__LN_NF_RF,TRUE,1,4,-4.127553265115165e-4
BRISONr_49,2015__KAL__HN_NF_RF,TRUE,0.9232988434688713,3,-0.8296300961301236
BRISONr_49,2015__KAL__HN_WF_RF,TRUE,0.9232988434688713,3,0.3193278999412308
BRISONr_49,2015__KAL__LN_NF_RF,TRUE,0.9232988434688713,3,-0.06652871091156055
BRISONr_49,2015__KIE__HN_NF_RF,TRUE,1,4,0.48998399623140626
BRISONr_49,2015__KIE__HN_WF_RF,TRUE,1,4,0.6772721802413396
BRISONr_49,2015__KIE__LN_NF_RF,TRUE,1,4,0.25476792687563343
BRISONr_49,2015__QLB__HN_NF_RF,TRUE,1,4,0.236637082305965
BRISONr_49,2015__QLB__HN_WF_RF,TRUE,1,4,0.6285576028525778
BRISONr_49,2015__QLB__LN_NF_RF,TRUE,1,4,0.4360740303109264
BRISONr_49,2016__GGE__HN_NF_RF,TRUE,1,4,-0.02177636285564826
BRISONr_49,2016__GGE__HN_WF_RF,TRUE,1,4,-0.27701545724654386
BRISONr_49,2016__GGE__LN_NF_RF,TRUE,1,4,-0.07021854584179552
BRISONr_49,2016__HAN__HN_NF_RF,TRUE,1,4,0.7303050959801868
BRISONr_49,2016__HAN__HN_WF_RF,TRUE,1,4,-0.1321380411903058
BRISONr_49,2016__HAN__LN_NF_RF,TRUE,1,4,0.5908791919105584
BRISONr_49,2016__KAL__HN_NF_RF,TRUE,1,4,0.5318086151286778
BRISONr_49,2016__KAL__HN_WF_RF,TRUE,1,4,0.36674476196652667
BRISONr_49,2016__KAL__LN_NF_RF,TRUE,1,4,0.3240035326191904
BRISONr_49,2016__KIE__HN_NF_RF,TRUE,1,4,0.34183586020087336
BRISONr_49,2016__KIE__HN_WF_RF,TRUE,1,4,-0.27631663347295404
BRISONr_49,2016__KIE__LN_NF_RF,TRUE,1,4,0.4169637914162325
BRISONr_49,2016__QLB__HN_NF_RF,TRUE,1,4,0.33638370491565883
BRISONr_49,2016__QLB__HN_WF_RF,TRUE,1,4,-0.3624926757044992
BRISONr_49,2016__QLB__LN_NF_RF,TRUE,1,4,0.5228048918698609
BRISONr_49,2017__GGE__HN_NF_RF,TRUE,1,4,0.2610372328283358
BRISONr_49,2017__GGE__HN_WF_RF,TRUE,1,4,0.23315197869187398
BRISONr_49,2017__GGE__LN_NF_RF,TRUE,1,4,0.199247924312161
BRISONr_49,2017__HAN__HN_NF_RF,TRUE,1,4,0.49238766260019146
BRISONr_49,2017__HAN__HN_WF_RF,TRUE,1,4,0.509994829486319
BRISONr_49,2017__HAN__LN_NF_RF,TRUE,1,4,-0.08133829694432135
BRISONr_49,2017__KAL__HN_NF_RF,TRUE,1,4,0.6173931271352732
BRISONr_49,2017__KAL__HN_WF_RF,TRUE,1,4,0.2604750612843623
BRISONr_49,2017__KAL__LN_NF_RF,TRUE,1,4,-0.375960723521449
BRISONr_49,2017__KIE__HN_NF_RF,TRUE,1,4,0.5512358861817704
BRISONr_49,2017__KIE__HN_WF_RF,TRUE,1,4,-0.24075129616100416
BRISONr_49,2017__KIE__LN_NF_RF,TRUE,1,4,0.1870374815108917
BRISONr_49,2017__QLB__HN_NF_RF,TRUE,1,4,0.5161833863209581
BRISONr_49,2017__QLB__HN_WF_RF,TRUE,1,4,0.8671092375301471
BRISONr_49,2017__QLB__LN_NF_RF,TRUE,1,4,0.20470397875528992
BRISONr_5,2015__GGE__HN_NF_RF,TRUE,1,4,0.6542169876760062
BRISONr_5,2015__GGE__HN_WF_RF,TRUE,1,4,0.4425937046485999
BRISONr_5,2015__GGE__LN_NF_RF,TRUE,1,4,0.6454353140937594
BRISONr_5,2015__HAN__HN_NF_RF,TRUE,1,4,0.7386024551633144
BRISONr_5,2015__HAN__HN_WF_RF,TRUE,1,4,-0.020809812137606826
BRISONr_5,2015__HAN__LN_NF_RF,TRUE,1,4,0.4877464692325832
BRISONr_5,2015__KAL__HN_NF_RF,TRUE,0.9232988434688713,3,1.1084422857331169
BRISONr_5,2015__KAL__HN_WF_RF,TRUE,0.9232988434688713,3,0.26962063932625857
BRISONr_5,2015__KAL__LN_NF_RF,TRUE,0.9232988434688713,3,1.1360522976900789
BRISONr_5,2015__KIE__HN_NF_RF,TRUE,1,4,0.7229385870180695
BRISONr_5,2015__KIE__HN_WF_RF,TRUE,1,4,0.28288657100004455
BRISONr_5,2015__KIE__LN_NF_RF,TRUE,1,4,0.552845920903353
BRISONr_5,2015__QLB__HN_NF_RF,TRUE,1,4,0.7905483969075952
BRISONr_5,2015__QLB__HN_WF_RF,TRUE,1,4,0.9300175892983245
BRISONr_5,2015__QLB__LN_NF_RF,TRUE,1,4,0.5502187418567979
BRISONr_5,2016__GGE__HN_NF_RF,TRUE,1,4,0.3398056822569824
BRISONr_5,2016__GGE__HN_WF_RF,TRUE,1,4,0.38642635376696066
BRISONr_5,2016__GGE__LN_NF_RF,TRUE,1,4,0.14789158038820557
BRISONr_5,2016__HAN__HN_NF_RF,TRUE,1,4,0.8694937979107157
BRISONr_5,2016__HAN__HN_WF_RF,TRUE,1,4,0.22833083176251887
BRISONr_5,2016__HAN__LN_NF_RF,TRUE,1,4,0.7177334649488113
BRISONr_5,2016__KAL__HN_NF_RF,TRUE,1,4,0.9941136604512804
BRISONr_5,2016__KAL__HN_WF_RF,TRUE,1,4,0.405989168262235
BRISONr_5,2016__KAL__LN_NF_RF,TRUE,1,4,0.31411846084810496
BRISONr_5,2016__KIE__HN_NF_RF,TRUE,1,4,0.3899040416438524
BRISONr_5,2016__KIE__HN_WF_RF,TRUE,1,4,-0.08544488438718824
BRISONr_5,2016__KIE__LN_NF_RF,TRUE,1,4,0.2205019191033842
BRISONr_5,2016__QLB__HN_NF_RF,TRUE,1,4,0.7334046827138143
BRISONr_5,2016__QLB__HN_WF_RF,TRUE,1,4,0.5647082064822118
BRISONr_5,2016__QLB__LN_NF_RF,TRUE,1,4,0.33978444049203604
BRISONr_5,2017__GGE__HN_NF_RF,TRUE,1,4,0.47644925000901206
BRISONr_5,2017__GGE__HN_WF_RF,TRUE,1,4,0.07239076696587833
BRISONr_5,2017__GGE__LN_NF_RF,TRUE,1,4,0.14890523658101523
BRISONr_5,2017__HAN__HN_NF_RF,TRUE,1,4,0.19124397165356113
BRISONr_5,2017__HAN__HN_WF_RF,TRUE,1,4,1.2938318016809618
BRISONr_5,2017__HAN__LN_NF_RF,TRUE,1,4,0.35146062495572855
BRISONr_5,2017__KAL__HN_NF_RF,TRUE,1,4,0.57659973156055
BRISONr_5,2017__KAL__HN_WF_RF,TRUE,1,4,-0.08904088080303268
BRISONr_5,2017__KAL__LN_NF_RF,TRUE,1,4,0.018780523299107763
BRISONr_5,2017__KIE__HN_NF_RF,TRUE,1,4,0.4956174272130054
BRISONr_5,2017__KIE__HN_WF_RF,TRUE,1,4,0.5473083503031042
BRISONr_5,2017__KIE__LN_NF_RF,TRUE,1,4,0.5325652063340505
BRISONr_5,2017__QLB__HN_NF_RF,TRUE,1,4,0.6178186256168893
BRISONr_5,2017__QLB__HN_WF_RF,TRUE,1,4,0.2732646872261079
BRISONr_5,2017__QLB__LN_NF_RF,TRUE,1,4,0.34897506300783154
BRISONr_50,2015__GGE__HN_NF_RF,TRUE,1,4,-0.21671772346617857
BRISONr_50,2015__GGE__HN_WF_RF,TRUE,1,4,0.15575028903323831
BRISONr_50,2015__GGE__LN_NF_RF,TRUE,1,4,0.08904896789670548
BRISONr_50,2015__HAN__HN_NF_RF,TRUE,1,4,-0.05735095650949942
BRISONr_50,2015__HAN__HN_WF_RF,TRUE,1,4,0.30147734996401154
BRISONr_50,2015__HAN__LN_NF_RF,TRUE,1,4,-0.09927337527651006
BRISONr_50,2015__KAL__HN_NF_RF,TRUE,0.9232988434688713,3,-0.13811302982139612
BRISONr_50,2015__KAL__HN_WF_RF,TRUE,0.9232988434688713,3,0.3254369242684315
BRISONr_50,2015__KAL__LN_NF_RF,TRUE,0.9232988434688713,3,-0.07770437612406972
BRISONr_50,2015__KIE__HN_NF_RF,TRUE,1,4,0.4580929599108166
BRISONr_50,2015__KIE__HN_WF_RF,TRUE,1,4,0.08182707666990541
BRISONr_50,2015__KIE__LN_NF_RF,TRUE,1,4,-0.11197418883649465
BRISONr_50,2015__QLB__HN_NF_RF,TRUE,1,4,0.45624488043760275
BRISONr_50,2015__QLB__HN_WF_RF,TRUE,1,4,-0.19251086481301866
BRISONr_50,2015__QLB__LN_NF_RF,TRUE,1,4,0.23099080801067007
BRISONr_50,2016__GGE__HN_NF_RF,TRUE,1,4,-0.1214864201997942
BRISONr_50,2016__GGE__HN_WF_RF,TRUE,1,4,0.34816356119876846
BRISONr_50,2016__GGE__LN_NF_RF,TRUE,1,4,0.16084638564607417
BRISONr_50,2016__HAN__HN_NF_RF,TRUE,1,4,-0.3204545330363798
BRISONr_50,2016__HAN__HN_WF_RF,TRUE,1,4,0.5558824281392617
BRISONr_50,2016__HAN__LN_NF_RF,TRUE,1,4,0.1029134379748399
BRISONr_50,2016__KAL__HN_NF_RF,TRUE,1,4,-0.2014229402543885
BRISONr_50,2016__KAL__HN_WF_RF,TRUE,1,4,0.2272534384328713
BRISONr_50,2016__KAL__LN_NF_RF,TRUE,1,4,2.37228190239306e-4
BRISONr_50,2016__KIE__HN_NF_RF,TRUE,1,4,0.5122258771196183
BRISONr_50,2016__KIE__HN_WF_RF,TRUE,1,4,0.12763576359644033
BRISONr_50,2016__KIE__LN_NF_RF,TRUE,1,4,0.5696847528713074
BRISONr_50,2016__QLB__HN_NF_RF,TRUE,1,4,-0.10153633348341384
BRISONr_50,2016__QLB__HN_WF_RF,TRUE,1,4,0.4394379424823781
BRISONr_50,2016__QLB__LN_NF_RF,TRUE,1,4,-0.13922559295888529
BRISONr_50,2017__GGE__HN_NF_RF,TRUE,1,4,-0.08097142177365571
BRISONr_50,2017__GGE__HN_WF_RF,TRUE,1,4,0.20457145283829511
BRISONr_50,2017__GGE__LN_NF_RF,TRUE,1,4,0.38145871891655464
BRISONr_50,2017__HAN__HN_NF_RF,TRUE,1,4,-0.10607386527523208
BRISONr_50,2017__HAN__HN_WF_RF,TRUE,1,4,0.25438141466409747
BRISONr_50,2017__HAN__LN_NF_RF,TRUE,1,4,-0.5314569512154451
BRISONr_50,2017__KAL__HN_NF_RF,TRUE,1,4,-0.5438208392852444
BRISONr_50,2017__KAL__HN_WF_RF,TRUE,1,4,0.0962881549137562
BRISONr_50,2017__KAL__LN_NF_RF,TRUE,1,4,-0.15715952182788626
BRISONr_50,2017__KIE__HN_NF_RF,TRUE,1,4,0.2181421099468544
BRISONr_50,2017__KIE__HN_WF_RF,TRUE,1,4,-0.5840314239614655
BRISONr_50,2017__KIE__LN_NF_RF,TRUE,1,4,0.6451115668842303
BRISONr_50,2017__QLB__HN_NF_RF,TRUE,1,4,0.12377170646607097
BRISONr_50,2017__QLB__HN_WF_RF,TRUE,1,4,-0.17843318210514872
BRISONr_50,2017__QLB__LN_NF_RF,TRUE,1,4,0.4968731569396269
BRISONr_51,2015__GGE__HN_NF_RF,TRUE,1,4,0.4964260863148111
BRISONr_51,2015__GGE__HN_WF_RF,TRUE,1,4,0.03600266489666961
BRISONr_51,2015__GGE__LN_NF_RF,TRUE,1,4,0.37314790636017836
BRISONr_51,2015__HAN__HN_NF_RF,TRUE,1,4,0.6479005740125338
BRISONr_51,2015__HAN__HN_WF_RF,TRUE,1,4,0.17992413948894206
BRISONr_51,2015__HAN__LN_NF_RF,TRUE,1,4,0.2731189241688398
BRISONr_51,2015__KAL__HN_NF_RF,TRUE,0.9232988434688713,3,1.3640539932397318
BRISONr_51,2015__KAL__HN_WF_RF,TRUE,0.9232988434688713,3,0.058388535580618614
BRISONr_51,2015__KAL__LN_NF_RF,TRUE,0.9232988434688713,3,0.2823115959005046
BRISONr_51,2015__KIE__HN_NF_RF,TRUE,1,4,0.4180639953731586
BRISONr_51,2015__KIE__HN_WF_RF,TRUE,1,4,-0.08728885115438309
BRISONr_51,2015__KIE__LN_NF_RF,TRUE,1,4,0.20646712201173897
BRISONr_51,2015__QLB__HN_NF_RF,TRUE,1,4,-0.009521777621477854
BRISONr_51,2015__QLB__HN_WF_RF,TRUE,1,4,0.16742261135475633
BRISONr_51,2015__QLB__LN_NF_RF,TRUE,1,4,-0.0963379085967381
BRISONr_51,2016__GGE__HN_NF_RF,TRUE,1,4,0.7661557405812055
BRISONr_51,2016__GGE__HN_WF_RF,TRUE,1,4,0.22837837729072696
BRISONr_51,2016__GGE__LN_NF_RF,TRUE,1,4,0.6776646125138098
BRISONr_51,2016__HAN__HN_NF_RF,TRUE,1,4,0.1806192655888671
BRISONr_51,2016__HAN__HN_WF_RF,TRUE,1,4,0.21086574259691446
BRISONr_51,2016__HAN__LN_NF_RF,TRUE,1,4,0.4668284179299898
BRISONr_51,2016__KAL__HN_NF_RF,TRUE,1,4,0.6482924929303052
BRISONr_51,2016__KAL__HN_WF_RF,TRUE,1,4,0.49716753266863356
BRISONr_51,2016__KAL__LN_NF_RF,TRUE,1,4,0.44251745370211104
BRISONr_51,2016__KIE__HN_NF_RF,TRUE,1,4,0.21269556509799042
BRISONr_51,2016__KIE__HN_WF_RF,TRUE,1,4,-0.07396888500329749
BRISONr_51,2016__KIE__LN_NF_RF,TRUE,1,4,-0.017946774584035666
BRISONr_51,2016__QLB__HN_NF_RF,TRUE,1,4,0.6533066846666018
BRISONr_51,2016__QLB__HN_WF_RF,TRUE,1,4,0.12229567202531183
BRISONr_51,2016__QLB__LN_NF_RF,TRUE,1,4,0.23055668244838384
BRISONr_51,2017__GGE__HN_NF_RF,TRUE,1,4,0.9055171020125679
BRISONr_51,2017__GGE__HN_WF_RF,TRUE,1,4,0.7319065791322139
BRISONr_51,2017__GGE__LN_NF_RF,TRUE,1,4,0.2429654042181914
BRISONr_51,2017__HAN__HN_NF_RF,TRUE,1,4,0.5186332496030721
BRISONr_51,2017__HAN__HN_WF_RF,TRUE,1,4,0.660306251649719
BRISONr_51,2017__HAN__LN_NF_RF,TRUE,1,4,-0.2846971084171777
BRISONr_51,2017__KAL__HN_NF_RF,TRUE,1,4,0.7982875278777433
BRISONr_51,2017__KAL__HN_WF_RF,TRUE,1,4,0.26065879173199147
BRISONr_51,2017__KAL__LN_NF_RF,TRUE,1,4,0.2905930326315817
BRISONr_51,2017__KIE__HN_NF_RF,TRUE,1,4,0.72790684995349475
BRISONr_51,2017__KIE__HN_WF_RF,TRUE,1,4,0.2963599376384425
BRISONr_51,2017__KIE__LN_NF_RF,TRUE,1,4,0.7074107240090493
BRISONr_51,2017__QLB__HN_NF_RF,TRUE,1,4,0.5016002459844501
BRISONr_51,2017__QLB__HN_WF_RF,TRUE,1,4,0.7468698224984125
BRISONr_51,2017__QLB__LN_NF_RF,TRUE,1,4,0.21415197777602207
BRISONr_52,2015__GGE__HN_NF_RF,TRUE,1,4,0.06529241698359672
BRISONr_52,2015__GGE__HN_WF_RF,TRUE,1,4,-0.3059769439099045
BRISONr_52,2015__GGE__LN_NF_RF,TRUE,1,4,0.07821594825607119
BRISONr_52,2015__HAN__HN_NF_RF,TRUE,1,4,-0.7377374795800812
BRISONr_52,2015__HAN__HN_WF_RF,TRUE,1,4,-0.19948296484007355
BRISONr_52,2015__HAN__LN_NF_RF,TRUE,1,4,0.5469425440448235
BRISONr_52,2015__KAL__HN_NF_RF,TRUE,0.9232988434688713,3,0.6435147542090829
BRISONr_52,2015__KAL__HN_WF_RF,TRUE,0.9232988434688713,3,1.0656878326018882
BRISONr_52,2015__KAL__LN_NF_RF,TRUE,0.9232988434688713,3,0.18305425965874175
BRISONr_52,2015__KIE__HN_NF_RF,TRUE,1,4,0.2180487157165091
BRISONr_52,2015__KIE__HN_WF_RF,TRUE,1,4,0.029761805646134842
BRISONr_52,2015__KIE__LN_NF_RF,TRUE,1,4,-0.020362770141190742
BRISONr_52,2015__QLB__HN_NF_RF,TRUE,1,4,0.5050969549649832
BRISONr_52,2015__QLB__HN_WF_RF,TRUE,1,4,0.6409072889355933
BRISONr_52,2015__QLB__LN_NF_RF,TRUE,1,4,0.2711746592638692
BRISONr_52,2016__GGE__HN_NF_RF,TRUE,1,4,-0.4181191879435605
BRISONr_52,2016__GGE__HN_WF_RF,TRUE,1,4,-0.07011681232649608
BRISONr_52,2016__GGE__LN_NF_RF,TRUE,1,4,-0.18699856060561396
BRISONr_52,2016__HAN__HN_NF_RF,TRUE,1,4,-0.22666209627420358
BRISONr_52,2016__HAN__HN_WF_RF,TRUE,1,4,-0.17093880656950908
BRISONr_52,2016__HAN__LN_NF_RF,TRUE,1,4,0.1160890190213027
BRISONr_52,2016__KAL__HN_NF_RF,TRUE,1,4,-0.27359474121129024
BRISONr_52,2016__KAL__HN_WF_RF,TRUE,1,4,-0.035368366806128745
BRISONr_52,2016__KAL__LN_NF_RF,TRUE,1,4,0.009834717587260011
BRISONr_52,2016__KIE__HN_NF_RF,TRUE,1,4,-0.2369777533083024
BRISONr_52,2016__KIE__HN_WF_RF,TRUE,1,4,0.11330669569521701
BRISONr_52,2016__KIE__LN_NF_RF,TRUE,1,4,-0.18309221096736356
BRISONr_52,2016__QLB__HN_NF_RF,TRUE,1,4,-0.3442539020367894
BRISONr_52,2016__QLB__HN_WF_RF,TRUE,1,4,-0.112383852667681
BRISONr_52,2016__QLB__LN_NF_RF,TRUE,1,4,-0.4118995788978281
BRISONr_52,2017__GGE__HN_NF_RF,TRUE,1,4,-0.20731506740042915
BRISONr_52,2017__GGE__HN_WF_RF,TRUE,1,4,-0.21252916861490276
BRISONr_52,2017__GGE__LN_NF_RF,TRUE,1,4,-0.30237003631977927
BRISONr_52,2017__HAN__HN_NF_RF,TRUE,1,4,-0.07319081496122024
BRISONr_52,2017__HAN__HN_WF_RF,TRUE,1,4,0.028636534812985268
BRISONr_52,2017__HAN__LN_NF_RF,TRUE,1,4,-0.19386717483965188
BRISONr_52,2017__KAL__HN_NF_RF,TRUE,1,4,-0.10509201941343875
BRISONr_52,2017__KAL__HN_WF_RF,TRUE,1,4,-0.14846337370121887
BRISONr_52,2017__KAL__LN_NF_RF,TRUE,1,4,-0.7946850173999426
BRISONr_52,2017__KIE__HN_NF_RF,TRUE,1,4,-0.3522228939998126
BRISONr_52,2017__KIE__HN_WF_RF,TRUE,1,4,0.0934799766745957
BRISONr_52,2017__KIE__LN_NF_RF,TRUE,1,4,-0.05523568789423164
BRISONr_52,2017__QLB__HN_NF_RF,TRUE,1,4,-0.08955132379449429
BRISONr_52,2017__QLB__HN_WF_RF,TRUE,1,4,-0.5576559046849259
BRISONr_52,2017__QLB__LN_NF_RF,TRUE,1,4,-0.1970660328517776
BRISONr_53,2015__GGE__HN_NF_RF,TRUE,1,4,-0.07867194241433313
BRISONr_53,2015__GGE__HN_WF_RF,TRUE,1,4,0.23452236048559877
BRISONr_53,2015__GGE__LN_NF_RF,TRUE,1,4,0.3196610761326717
BRISONr_53,2015__HAN__HN_NF_RF,TRUE,1,4,-0.11921908280508654
BRISONr_53,2015__HAN__HN_WF_RF,TRUE,1,4,0.31628324777113226
BRISONr_53,2015__HAN__LN_NF_RF,TRUE,1,4,1.0190680101484535
BRISONr_53,2015__KAL__HN_NF_RF,TRUE,0.9232988434688713,3,0.5787731388462883
BRISONr_53,2015__KAL__HN_WF_RF,TRUE,0.9232988434688713,3,0.5505721212038539
BRISONr_53,2015__KAL__LN_NF_RF,TRUE,0.9232988434688713,3,0.7964543039367595
BRISONr_53,2015__KIE__HN_NF_RF,TRUE,1,4,0.47226062864968593
BRISONr_53,2015__KIE__HN_WF_RF,TRUE,1,4,0.5786045547790539
BRISONr_53,2015__KIE__LN_NF_RF,TRUE,1,4,0.6738297010807075
BRISONr_53,2015__QLB__HN_NF_RF,TRUE,1,4,0.018603069476672843
BRISONr_53,2015__QLB__HN_WF_RF,TRUE,1,4,0.18892796514023588
BRISONr_53,2015__QLB__LN_NF_RF,TRUE,1,4,0.6344439644315192
BRISONr_53,2016__GGE__HN_NF_RF,TRUE,1,4,0.5862606870461909
BRISONr_53,2016__GGE__HN_WF_RF,TRUE,1,4,0.36853557480167976
BRISONr_53,2016__GGE__LN_NF_RF,TRUE,1,4,0.4158431822466447
BRISONr_53,2016__HAN__HN_NF_RF,TRUE,1,4,0.2980146992521503
BRISONr_53,2016__HAN__HN_WF_RF,TRUE,1,4,-0.1535532898082597
BRISONr_53,2016__HAN__LN_NF_RF,TRUE,1,4,0.22426191501829285
BRISONr_53,2016__KAL__HN_NF_RF,TRUE,1,4,0.8001798623210319
BRISONr_53,2016__KAL__HN_WF_RF,TRUE,1,4,0.35885792891309687
BRISONr_53,2016__KAL__LN_NF_RF,TRUE,1,4,0.7497727946650047
BRISONr_53,2016__KIE__HN_NF_RF,TRUE,1,4,0.311540561355915
BRISONr_53,2016__KIE__HN_WF_RF,TRUE,1,4,0.1069623688645481
BRISONr_53,2016__KIE__LN_NF_RF,TRUE,1,4,0.49512117396208033
BRISONr_53,2016__QLB__HN_NF_RF,TRUE,1,4,0.2739467619353168
BRISONr_53,2016__QLB__HN_WF_RF,TRUE,1,4,0.5072937277158093
BRISONr_53,2016__QLB__LN_NF_RF,TRUE,1,4,0.22481628423574523
BRISONr_53,2017__GGE__HN_NF_RF,TRUE,1,4,-0.23855245226898175
BRISONr_53,2017__GGE__HN_WF_RF,TRUE,1,4,-0.225995537760588
BRISONr_53,2017__GGE__LN_NF_RF,TRUE,1,4,-0.6214195771948737
BRISONr_53,2017__HAN__HN_NF_RF,TRUE,1,4,0.2762005228350401
BRISONr_53,2017__HAN__HN_WF_RF,TRUE,1,4,0.3550065776255831
BRISONr_53,2017__HAN__LN_NF_RF,TRUE,1,4,-0.31952313105835217
BRISONr_53,2017__KAL__HN_NF_RF,TRUE,1,4,0.6026378170242528
BRISONr_53,2017__KAL__HN_WF_RF,TRUE,1,4,0.30917980327451766
BRISONr_53,2017__KAL__LN_NF_RF,TRUE,1,4,-0.6839039029901365
BRISONr_53,2017__KIE__HN_NF_RF,TRUE,1,4,0.9098512716220277
BRISONr_53,2017__KIE__HN_WF_RF,TRUE,1,4,0.5904980176997561
BRISONr_53,2017__KIE__LN_NF_RF,TRUE,1,4,0.33815767796116697
BRISONr_53,2017__QLB__HN_NF_RF,TRUE,1,4,0.7047864251371694
BRISONr_53,2017__QLB__HN_WF_RF,TRUE,1,4,0.07832700912609183
BRISONr_53,2017__QLB__LN_NF_RF,TRUE,1,4,0.33067630704583617
BRISONr_54,2015__GGE__HN_NF_RF,TRUE,1,4,0.5986757343223812
BRISONr_54,2015__GGE__HN_WF_RF,TRUE,1,4,0.8703695811746732
BRISONr_54,2015__GGE__LN_NF_RF,TRUE,1,4,0.5865285905041677
BRISONr_54,2015__HAN__HN_NF_RF,TRUE,1,4,-0.044388470858512004
BRISONr_54,2015__HAN__HN_WF_RF,TRUE,1,4,0.7026119115358238
BRISONr_54,2015__HAN__LN_NF_RF,TRUE,1,4,0.006320260968297527
BRISONr_54,2015__KAL__HN_NF_RF,TRUE,0.9232988434688713,3,0.6138785310999109
BRISONr_54,2015__KAL__HN_WF_RF,TRUE,0.9232988434688713,3,1.6489187349749923
BRISONr_54,2015__KAL__LN_NF_RF,TRUE,0.9232988434688713,3,1.0601876889131543
BRISONr_54,2015__KIE__HN_NF_RF,TRUE,1,4,-0.03614309083525273
BRISONr_54,2015__KIE__HN_WF_RF,TRUE,1,4,0.17820641694519107
BRISONr_54,2015__KIE__LN_NF_RF,TRUE,1,4,0.2452133404868986
BRISONr_54,2015__QLB__HN_NF_RF,TRUE,1,4,0.09161177964665657
BRISONr_54,2015__QLB__HN_WF_RF,TRUE,1,4,0.10186093071377829
BRISONr_54,2015__QLB__LN_NF_RF,TRUE,1,4,0.40687473909120636
BRISONr_54,2016__GGE__HN_NF_RF,TRUE,1,4,0.16433023669692495
BRISONr_54,2016__GGE__HN_WF_RF,TRUE,1,4,0.3315575093284711
BRISONr_54,2016__GGE__LN_NF_RF,TRUE,1,4,0.2878535440134732
BRISONr_54,2016__HAN__HN_NF_RF,TRUE,1,4,-0.20916944625143977
BRISONr_54,2016__HAN__HN_WF_RF,TRUE,1,4,0.38214922760090864
BRISONr_54,2016__HAN__LN_NF_RF,TRUE,1,4,0.2068400567898173
BRISONr_54,2016__KAL__HN_NF_RF,TRUE,1,4,-0.02423394224855188
BRISONr_54,2016__KAL__HN_WF_RF,TRUE,1,4,0.5806089798105141
BRISONr_54,2016__KAL__LN_NF_RF,TRUE,1,4,0.2331082973629009
BRISONr_54,2016__KIE__HN_NF_RF,TRUE,1,4,-0.036556508960802314
BRISONr_54,2016__KIE__HN_WF_RF,TRUE,1,4,0.6845437259084587
BRISONr_54,2016__KIE__LN_NF_RF,TRUE,1,4,0.20736930982174567
BRISONr_54,2016__QLB__HN_NF_RF,TRUE,1,4,0.12645147734214038
BRISONr_54,2016__QLB__HN_WF_RF,TRUE,1,4,0.2609964628057238
BRISONr_54,2016__QLB__LN_NF_RF,TRUE,1,4,0.4580473411610357
BRISONr_54,2017__GGE__HN_NF_RF,TRUE,1,4,0.5150749707846859
BRISONr_54,2017__GGE__HN_WF_RF,TRUE,1,4,0.3607718247655446
BRISONr_54,2017__GGE__LN_NF_RF,TRUE,1,4,0.5001112692625084
BRISONr_54,2017__HAN__HN_NF_RF,TRUE,1,4,-0.24008830526705283
BRISONr_54,2017__HAN__HN_WF_RF,TRUE,1,4,0.5838863305254023
BRISONr_54,2017__HAN__LN_NF_RF,TRUE,1,4,-0.5527529127788602
BRISONr_54,2017__KAL__HN_NF_RF,TRUE,1,4,-0.91328057478954106
BRISONr_54,2017__KAL__HN_WF_RF,TRUE,1,4,0.2918367714693467
BRISONr_54,2017__KAL__LN_NF_RF,TRUE,1,4,-0.27445400238597284
BRISONr_54,2017__KIE__HN_NF_RF,TRUE,1,4,-0.6053099739616908
BRISONr_54,2017__KIE__HN_WF_RF,TRUE,1,4,0.0779315149907092
BRISONr_54,2017__KIE__LN_NF_RF,TRUE,1,4,0.19729802925977863
BRISONr_54,2017__QLB__HN_NF_RF,TRUE,1,4,0.02360632676477588
BRISONr_54,2017__QLB__HN_WF_RF,TRUE,1,4,-0.1673795721168226
BRISONr_54,2017__QLB__LN_NF_RF,TRUE,1,4,0.6201944519963798
BRISONr_55,2015__GGE__HN_NF_RF,TRUE,1,4,0.4391911068176682
BRISONr_55,2015__GGE__HN_WF_RF,TRUE,1,4,-0.16716807313612278
BRISONr_55,2015__GGE__LN_NF_RF,TRUE,1,4,0.16537016797575216
BRISONr_55,2015__HAN__HN_NF_RF,TRUE,1,4,0.1448300166863359
BRISONr_55,2015__HAN__HN_WF_RF,TRUE,1,4,0.03275042488445293
BRISONr_55,2015__HAN__LN_NF_RF,TRUE,1,4,0.02034174543182921
BRISONr_55,2015__KAL__HN_NF_RF,TRUE,0.9232988434688713,3,0.20975812288702103
BRISONr_55,2015__KAL__HN_WF_RF,TRUE,0.9232988434688713,3,-0.15745581429905758
BRISONr_55,2015__KAL__LN_NF_RF,TRUE,0.9232988434688713,3,0.5309543243602451
BRISONr_55,2015__KIE__HN_NF_RF,TRUE,1,4,0.3868673079048265
BRISONr_55,2015__KIE__HN_WF_RF,TRUE,1,4,-0.08243975258775191
BRISONr_55,2015__KIE__LN_NF_RF,TRUE,1,4,0.20844837613698136
BRISONr_55,2015__QLB__HN_NF_RF,TRUE,1,4,0.3177880048713246
BRISONr_55,2015__QLB__HN_WF_RF,TRUE,1,4,0.2590148019283067
BRISONr_55,2015__QLB__LN_NF_RF,TRUE,1,4,0.1288935559489166
BRISONr_55,2016__GGE__HN_NF_RF,TRUE,1,4,0.19052806582255377
BRISONr_55,2016__GGE__HN_WF_RF,TRUE,1,4,0.058120091410880294
BRISONr_55,2016__GGE__LN_NF_RF,TRUE,1,4,0.4416004235571306
BRISONr_55,2016__HAN__HN_NF_RF,TRUE,1,4,0.3104300701059974
BRISONr_55,2016__HAN__HN_WF_RF,TRUE,1,4,0.0977133466512387
BRISONr_55,2016__HAN__LN_NF_RF,TRUE,1,4,0.3574065275470862
BRISONr_55,2016__KAL__HN_NF_RF,TRUE,1,4,0.29005632404213016
BRISONr_55,2016__KAL__HN_WF_RF,TRUE,1,4,-0.12449714499689138
BRISONr_55,2016__KAL__LN_NF_RF,TRUE,1,4,0.17567455255379127
BRISONr_55,2016__KIE__HN_NF_RF,TRUE,1,4,0.4923470771536419
BRISONr_55,2016__KIE__HN_WF_RF,TRUE,1,4,-0.1032766647397082
BRISONr_55,2016__KIE__LN_NF_RF,TRUE,1,4,0.5661590428036422
BRISONr_55,2016__QLB__HN_NF_RF,TRUE,1,4,0.16431355185133156
BRISONr_55,2016__QLB__HN_WF_RF,TRUE,1,4,-0.026623845850400625
BRISONr_55,2016__QLB__LN_NF_RF,TRUE,1,4,0.014807893558212416
BRISONr_55,2017__GGE__HN_NF_RF,TRUE,1,4,0.14652820868208746
BRISONr_55,2017__GGE__HN_WF_RF,TRUE,1,4,0.3936418713047788
BRISONr_55,2017__GGE__LN_NF_RF,TRUE,1,4,0.024148034021999228
BRISONr_55,2017__HAN__HN_NF_RF,TRUE,1,4,0.3484059696994377
BRISONr_55,2017__HAN__HN_WF_RF,TRUE,1,4,0.536217886884395
BRISONr_55,2017__HAN__LN_NF_RF,TRUE,1,4,0.15671857304361675
BRISONr_55,2017__KAL__HN_NF_RF,TRUE,1,4,0.27979336967004764
BRISONr_55,2017__KAL__HN_WF_RF,TRUE,1,4,0.2445953767964491
BRISONr_55,2017__KAL__LN_NF_RF,TRUE,1,4,-0.3641358747064793
BRISONr_55,2017__KIE__HN_NF_RF,TRUE,1,4,0.2442153831617929
BRISONr_55,2017__KIE__HN_WF_RF,TRUE,1,4,0.3064440158351235
BRISONr_55,2017__KIE__LN_NF_RF,TRUE,1,4,0.17529184510467072
BRISONr_55,2017__QLB__HN_NF_RF,TRUE,1,4,0.10074009612240606
BRISONr_55,2017__QLB__HN_WF_RF,TRUE,1,4,0.4648148995744512
BRISONr_55,2017__QLB__LN_NF_RF,TRUE,1,4,0.6665338698753676
BRISONr_56,2015__GGE__HN_NF_RF,TRUE,1,4,-0.011775481788595377
BRISONr_56,2015__GGE__HN_WF_RF,TRUE,1,4,0.005130243360598322
BRISONr_56,2015__GGE__LN_NF_RF,TRUE,1,4,-0.2963760919623377
BRISONr_56,2015__HAN__HN_NF_RF,TRUE,1,4,0.5361191448092291
BRISONr_56,2015__HAN__HN_WF_RF,TRUE,1,4,0.4110112578388359
BRISONr_56,2015__HAN__LN_NF_RF,TRUE,1,4,0.38541606938615525
BRISONr_56,2015__KAL__HN_NF_RF,TRUE,0.9232988434688713,3,0.9771393930579224
BRISONr_56,2015__KAL__HN_WF_RF,TRUE,0.9232988434688713,3,0.4248379778153728
BRISONr_56,2015__KAL__LN_NF_RF,TRUE,0.9232988434688713,3,0.24504222510354398
BRISONr_56,2015__KIE__HN_NF_RF,TRUE,1,4,-0.10598369377107104
BRISONr_56,2015__KIE__HN_WF_RF,TRUE,1,4,-0.2253583225690305
BRISONr_56,2015__KIE__LN_NF_RF,TRUE,1,4,-0.11673650024902318
BRISONr_56,2015__QLB__HN_NF_RF,TRUE,1,4,0.3592146858030789
BRISONr_56,2015__QLB__HN_WF_RF,TRUE,1,4,0.6952453228333557
BRISONr_56,2015__QLB__LN_NF_RF,TRUE,1,4,0.7305368118179324
BRISONr_56,2016__GGE__HN_NF_RF,TRUE,1,4,0.674900211179734
BRISONr_56,2016__GGE__HN_WF_RF,TRUE,1,4,0.3011624970002017
BRISONr_56,2016__GGE__LN_NF_RF,TRUE,1,4,-0.14073952640336546
BRISONr_56,2016__HAN__HN_NF_RF,TRUE,1,4,0.3390897255131937
BRISONr_56,2016__HAN__HN_WF_RF,TRUE,1,4,-0.03365653689963914
BRISONr_56,2016__HAN__LN_NF_RF,TRUE,1,4,0.2041968734294798
BRISONr_56,2016__KAL__HN_NF_RF,TRUE,1,4,0.06823072235079965
BRISONr_56,2016__KAL__HN_WF_RF,TRUE,1,4,-0.3484788735665397
BRISONr_56,2016__KAL__LN_NF_RF,TRUE,1,4,-0.15091884052755733
BRISONr_56,2016__KIE__HN_NF_RF,TRUE,1,4,0.058836767538604264
BRISONr_56,2016__KIE__HN_WF_RF,TRUE,1,4,-0.23874055800214394
BRISONr_56,2016__KIE__LN_NF_RF,TRUE,1,4,-0.21065605138834903
BRISONr_56,2016__QLB__HN_NF_RF,TRUE,1,4,0.502323563861913
BRISONr_56,2016__QLB__HN_WF_RF,TRUE,1,4,0.47519377696593174
BRISONr_56,2016__QLB__LN_NF_RF,TRUE,1,4,0.3456247381803502
BRISONr_56,2017__GGE__HN_NF_RF,TRUE,1,4,0.0800209547759968
BRISONr_56,2017__GGE__HN_WF_RF,TRUE,1,4,-0.09399028775123157
BRISONr_56,2017__GGE__LN_NF_RF,TRUE,1,4,0.03951165859915452
BRISONr_56,2017__HAN__HN_NF_RF,TRUE,1,4,0.02838747409957963
BRISONr_56,2017__HAN__HN_WF_RF,TRUE,1,4,-0.216213959140655
BRISONr_56,2017__HAN__LN_NF_RF,TRUE,1,4,-0.24470527933857336
BRISONr_56,2017__KAL__HN_NF_RF,TRUE,1,4,0.04996111126170397
BRISONr_56,2017__KAL__HN_WF_RF,TRUE,1,4,0.04674936158208237
BRISONr_56,2017__KAL__LN_NF_RF,TRUE,1,4,0.06444995468472667
BRISONr_56,2017__KIE__HN_NF_RF,TRUE,1,4,0.08893622979500018
BRISONr_56,2017__KIE__HN_WF_RF,TRUE,1,4,0.375089542742041
BRISONr_56,2017__KIE__LN_NF_RF,TRUE,1,4,0.0735342642403641
BRISONr_56,2017__QLB__HN_NF_RF,TRUE,1,4,0.46731610980601546
BRISONr_56,2017__QLB__HN_WF_RF,TRUE,1,4,0.38205531064793175
BRISONr_56,2017__QLB__LN_NF_RF,TRUE,1,4,0.5334831520678107
BRISONr_57,2015__GGE__HN_NF_RF,TRUE,1,4,0.49675916265918035
BRISONr_57,2015__GGE__HN_WF_RF,TRUE,1,4,0.14452390993052386
BRISONr_57,2015__GGE__LN_NF_RF,TRUE,1,4,0.13370692342280932
BRISONr_57,2015__HAN__HN_NF_RF,TRUE,1,4,0.6489020865219323
BRISONr_57,2015__HAN__HN_WF_RF,TRUE,1,4,0.6236278774837133
BRISONr_57,2015__HAN__LN_NF_RF,TRUE,1,4,0.39106196578114616
BRISONr_57,2015__KAL__HN_NF_RF,TRUE,0.9232988434688713,3,0.16542181903647937
BRISONr_57,2015__KAL__HN_WF_RF,TRUE,0.9232988434688713,3,-0.5220934301683988
BRISONr_57,2015__KAL__LN_NF_RF,TRUE,0.9232988434688713,3,-0.7436132366142143
BRISONr_57,2015__KIE__HN_NF_RF,TRUE,1,4,-0.30935032416916647
BRISONr_57,2015__KIE__HN_WF_RF,TRUE,1,4,-0.22777288936797446
BRISONr_57,2015__KIE__LN_NF_RF,TRUE,1,4,-0.049792797048045546
BRISONr_57,2015__QLB__HN_NF_RF,TRUE,1,4,-0.9268998130437843
BRISONr_57,2015__QLB__HN_WF_RF,TRUE,1,4,-1.0757549008749152
BRISONr_57,2015__QLB__LN_NF_RF,TRUE,1,4,-0.7655290304065799
BRISONr_57,2016__GGE__HN_NF_RF,TRUE,1,4,0.5070496258221503
BRISONr_57,2016__GGE__HN_WF_RF,TRUE,1,4,0.06963225764012528
BRISONr_57,2016__GGE__LN_NF_RF,TRUE,1,4,0.7887835820148427
BRISONr_57,2016__HAN__HN_NF_RF,TRUE,1,4,0.4241025378965439
BRISONr_57,2016__HAN__HN_WF_RF,TRUE,1,4,-0.20247087861742427
BRISONr_57,2016__HAN__LN_NF_RF,TRUE,1,4,0.19552585997959507
BRISONr_57,2016__KAL__HN_NF_RF,TRUE,1,4,0.5091231034477594
BRISONr_57,2016__KAL__HN_WF_RF,TRUE,1,4,0.436392685234279
BRISONr_57,2016__KAL__LN_NF_RF,TRUE,1,4,0.00311231927156215
BRISONr_57,2016__KIE__HN_NF_RF,TRUE,1,4,0.5452939724218623
BRISONr_57,2016__KIE__HN_WF_RF,TRUE,1,4,-0.1484396326033512
BRISONr_57,2016__KIE__LN_NF_RF,TRUE,1,4,0.2898809434850204
BRISONr_57,2016__QLB__HN_NF_RF,TRUE,1,4,0.2248807776569022
BRISONr_57,2016__QLB__HN_WF_RF,TRUE,1,4,0.09493700898352861
BRISONr_57,2016__QLB__LN_NF_RF,TRUE,1,4,-0.24000276274631382
BRISONr_57,2017__GGE__HN_NF_RF,TRUE,1,4,0.15220292441404082
BRISONr_57,2017__GGE__HN_WF_RF,TRUE,1,4,0.21693281683243412
BRISONr_57,2017__GGE__LN_NF_RF,TRUE,1,4,0.15624060693856018
BRISONr_57,2017__HAN__HN_NF_RF,TRUE,1,4,0.3550205295686628
BRISONr_57,2017__HAN__HN_WF_RF,TRUE,1,4,0.5246607142778288
BRISONr_57,2017__HAN__LN_NF_RF,TRUE,1,4,0.49533166892803093
BRISONr_57,2017__KAL__HN_NF_RF,TRUE,1,4,0.9056910015128417
BRISONr_57,2017__KAL__HN_WF_RF,TRUE,1,4,0.36802096315655297
BRISONr_57,2017__KAL__LN_NF_RF,TRUE,1,4,-0.15877762878441562
BRISONr_57,2017__KIE__HN_NF_RF,TRUE,1,4,0.2187048170435015
BRISONr_57,2017__KIE__HN_WF_RF,TRUE,1,4,-0.021557034083804823
BRISONr_57,2017__KIE__LN_NF_RF,TRUE,1,4,0.04740224182685817
BRISONr_57,2017__QLB__HN_NF_RF,TRUE,1,4,0.5404329338856423
BRISONr_57,2017__QLB__HN_WF_RF,TRUE,1,4,0.6058065252962094
BRISONr_57,2017__QLB__LN_NF_RF,TRUE,1,4,0.6698862477605468
BRISONr_58,2015__GGE__HN_NF_RF,TRUE,1,4,0.40058688334567183
BRISONr_58,2015__GGE__HN_WF_RF,TRUE,1,4,-0.2972951509545697
BRISONr_58,2015__GGE__LN_NF_RF,TRUE,1,4,0.2762429045291216
BRISONr_58,2015__HAN__HN_NF_RF,TRUE,1,4,0.5415344778325945
BRISONr_58,2015__HAN__HN_WF_RF,TRUE,1,4,0.7350950716130485
BRISONr_58,2015__HAN__LN_NF_RF,TRUE,1,4,0.38323342146441386
BRISONr_58,2015__KAL__HN_NF_RF,TRUE,0.9232988434688713,3,0.7589386286013
BRISONr_58,2015__KAL__HN_WF_RF,TRUE,0.9232988434688713,3,0.8597666162033915
BRISONr_58,2015__KAL__LN_NF_RF,TRUE,0.9232988434688713,3,0.5549622753028151
BRISONr_58,2015__KIE__HN_NF_RF,TRUE,1,4,0.21462738013105143
BRISONr_58,2015__KIE__HN_WF_RF,TRUE,1,4,0.13831123160810024
BRISONr_58,2015__KIE__LN_NF_RF,TRUE,1,4,0.05965020670899098
BRISONr_58,2015__QLB__HN_NF_RF,TRUE,1,4,-0.6133134731726494
BRISONr_58,2015__QLB__HN_WF_RF,TRUE,1,4,0.07074833391495233
BRISONr_58,2015__QLB__LN_NF_RF,TRUE,1,4,-0.1174650249395629
BRISONr_58,2016__GGE__HN_NF_RF,TRUE,1,4,0.1311421260242173
BRISONr_58,2016__GGE__HN_WF_RF,TRUE,1,4,0.539613153744094
BRISONr_58,2016__GGE__LN_NF_RF,TRUE,1,4,0.47328449974266157
BRISONr_58,2016__HAN__HN_NF_RF,TRUE,1,4,0.4545392555823951
BRISONr_58,2016__HAN__HN_WF_RF,TRUE,1,4,0.4714156974302127
BRISONr_58,2016__HAN__LN_NF_RF,TRUE,1,4,-0.3789964055053297
BRISONr_58,2016__KAL__HN_NF_RF,TRUE,1,4,0.719448457362452
BRISONr_58,2016__KAL__HN_WF_RF,TRUE,1,4,0.4362667444832022
BRISONr_58,2016__KAL__LN_NF_RF,TRUE,1,4,0.8004483086529225
BRISONr_58,2016__KIE__HN_NF_RF,TRUE,1,4,0.15550200681592447
BRISONr_58,2016__KIE__HN_WF_RF,TRUE,1,4,-0.08368360430565716
BRISONr_58,2016__KIE__LN_NF_RF,TRUE,1,4,0.3533569573348478
BRISONr_58,2016__QLB__HN_NF_RF,TRUE,1,4,0.3097759416581037
BRISONr_58,2016__QLB__HN_WF_RF,TRUE,1,4,0.8660360710109377
BRISONr_58,2016__QLB__LN_NF_RF,TRUE,1,4,0.5522000514403218
BRISONr_58,2017__GGE__HN_NF_RF,TRUE,1,4,0.5601322247419177
BRISONr_58,2017__GGE__HN_WF_RF,TRUE,1,4,0.4690778983969977
BRISONr_58,2017__GGE__LN_NF_RF,TRUE,1,4,0.5492970862934359
BRISONr_58,2017__HAN__HN_NF_RF,TRUE,1,4,0.23595128903790827
BRISONr_58,2017__HAN__HN_WF_RF,TRUE,1,4,0.06242606384389443
BRISONr_58,2017__HAN__LN_NF_RF,TRUE,1,4,-0.03828122866774775
BRISONr_58,2017__KAL__HN_NF_RF,TRUE,1,4,0.4323678640016959
BRISONr_58,2017__KAL__HN_WF_RF,TRUE,1,4,0.5730326183888872
BRISONr_58,2017__KAL__LN_NF_RF,TRUE,1,4,-0.09676072884161305
BRISONr_58,2017__KIE__HN_NF_RF,TRUE,1,4,0.4815429749034153
BRISONr_58,2017__KIE__HN_WF_RF,TRUE,1,4,0.049176885779161204
BRISONr_58,2017__KIE__LN_NF_RF,TRUE,1,4,0.7421862908107579
BRISONr_58,2017__QLB__HN_NF_RF,TRUE,1,4,0.0683828109210504
BRISONr_58,2017__QLB__HN_WF_RF,TRUE,1,4,0.5656541886575003
BRISONr_58,2017__QLB__LN_NF_RF,TRUE,1,4,0.9093966890282548
BRISONr_59,2015__GGE__HN_NF_RF,TRUE,1,4,-0.6220481241633198
BRISONr_59,2015__GGE__HN_WF_RF,TRUE,1,4,-0.039896679806879935
BRISONr_59,2015__GGE__LN_NF_RF,TRUE,1,4,0.11590459079992649
BRISONr_59,2015__HAN__HN_NF_RF,TRUE,1,4,-0.43146455679473605
BRISONr_59,2015__HAN__HN_WF_RF,TRUE,1,4,0.016621419367955
BRISONr_59,2015__HAN__LN_NF_RF,TRUE,1,4,0.023911884138834646
BRISONr_59,2015__KAL__HN_NF_RF,TRUE,0.9232988434688713,3,0.7254486048013897
BRISONr_59,2015__KAL__HN_WF_RF,TRUE,0.9232988434688713,3,0.14464689345426987
BRISONr_59,2015__KAL__LN_NF_RF,TRUE,0.9232988434688713,3,0.9908974230738498
BRISONr_59,2015__KIE__HN_NF_RF,TRUE,1,4,-0.3096235136345441
BRISONr_59,2015__KIE__HN_WF_RF,TRUE,1,4,-0.5515849815551543
BRISONr_59,2015__KIE__LN_NF_RF,TRUE,1,4,0.015008959878227625
BRISONr_59,2015__QLB__HN_NF_RF,TRUE,1,4,-1.1094405784561776
BRISONr_59,2015__QLB__HN_WF_RF,TRUE,1,4,0.051934039300157976
BRISONr_59,2015__QLB__LN_NF_RF,TRUE,1,4,-0.5618774151260897
BRISONr_59,2016__GGE__HN_NF_RF,TRUE,1,4,-0.10763702718100351
BRISONr_59,2016__GGE__HN_WF_RF,TRUE,1,4,-0.0538360204092312
BRISONr_59,2016__GGE__LN_NF_RF,TRUE,1,4,-0.09121198826992201
BRISONr_59,2016__HAN__HN_NF_RF,TRUE,1,4,-0.09842328415691379
BRISONr_59,2016__HAN__HN_WF_RF,TRUE,1,4,0.28472206235332087
BRISONr_59,2016__HAN__LN_NF_RF,TRUE,1,4,0.12945973566544233
BRISONr_59,2016__KAL__HN_NF_RF,TRUE,1,4,-0.3743811355829295
BRISONr_59,2016__KAL__HN_WF_RF,TRUE,1,4,-0.06562771426427724
BRISONr_59,2016__KAL__LN_NF_RF,TRUE,1,4,0.02011306761646428
BRISONr_59,2016__KIE__HN_NF_RF,TRUE,1,4,-0.1685704774935422
BRISONr_59,2016__KIE__HN_WF_RF,TRUE,1,4,-0.18057708062912287
BRISONr_59,2016__KIE__LN_NF_RF,TRUE,1,4,0.12524602913631763
BRISONr_59,2016__QLB__HN_NF_RF,TRUE,1,4,-1.1380992772613887
BRISONr_59,2016__QLB__HN_WF_RF,TRUE,1,4,-0.5434215310445042
BRISONr_59,2016__QLB__LN_NF_RF,TRUE,1,4,-0.8319668086356695
BRISONr_59,2017__GGE__HN_NF_RF,TRUE,1,4,-0.35382412706767474
BRISONr_59,2017__GGE__HN_WF_RF,TRUE,1,4,0.18618090609776672
BRISONr_59,2017__GGE__LN_NF_RF,TRUE,1,4,-0.3203581198912886
BRISONr_59,2017__HAN__HN_NF_RF,TRUE,1,4,-0.19179389762751808
BRISONr_59,2017__HAN__HN_WF_RF,TRUE,1,4,-0.017105501344346498
BRISONr_59,2017__HAN__LN_NF_RF,TRUE,1,4,0.29082605063705225
BRISONr_59,2017__KAL__HN_NF_RF,TRUE,1,4,-0.4489801763664594
BRISONr_59,2017__KAL__HN_WF_RF,TRUE,1,4,0.5623852462480581
BRISONr_59,2017__KAL__LN_NF_RF,TRUE,1,4,-0.9506553866521753
BRISONr_59,2017__KIE__HN_NF_RF,TRUE,1,4,-0.1561312293330949
BRISONr_59,2017__KIE__HN_WF_RF,TRUE,1,4,-0.4859336452255291
BRISONr_59,2017__KIE__LN_NF_RF,TRUE,1,4,0.04609502333662333
BRISONr_59,2017__QLB__HN_NF_RF,TRUE,1,4,-0.2939991430239099
BRISONr_59,2017__QLB__HN_WF_RF,TRUE,1,4,-0.4287942886483193
BRISONr_59,2017__QLB__LN_NF_RF,TRUE,1,4,-0.39967519387105716
BRISONr_6,2015__GGE__HN_NF_RF,TRUE,1,4,0.3938390717702465
BRISONr_6,2015__GGE__HN_WF_RF,TRUE,1,4,-0.02168383937135865
BRISONr_6,2015__GGE__LN_NF_RF,TRUE,1,4,0.34342622610316753
BRISONr_6,2015__HAN__HN_NF_RF,TRUE,1,4,0.4332976415373616
BRISONr_6,2015__HAN__HN_WF_RF,TRUE,1,4,-0.009041685416409644
BRISONr_6,2015__HAN__LN_NF_RF,TRUE,1,4,0.2538907890325404
BRISONr_6,2015__KAL__HN_NF_RF,TRUE,0.9232988434688713,3,0.5690503651330884
BRISONr_6,2015__KAL__HN_WF_RF,TRUE,0.9232988434688713,3,0.05483076760434426
BRISONr_6,2015__KAL__LN_NF_RF,TRUE,0.9232988434688713,3,1.0570046657683554
BRISONr_6,2015__KIE__HN_NF_RF,TRUE,1,4,0.7028625925686165
BRISONr_6,2015__KIE__HN_WF_RF,TRUE,1,4,0.0033956003814236274
BRISONr_6,2015__KIE__LN_NF_RF,TRUE,1,4,0.45150219645175027
BRISONr_6,2015__QLB__HN_NF_RF,TRUE,1,4,0.2667857183004552
BRISONr_6,2015__QLB__HN_WF_RF,TRUE,1,4,0.09382570720898767
BRISONr_6,2015__QLB__LN_NF_RF,TRUE,1,4,0.29967103645091914
BRISONr_6,2016__GGE__HN_NF_RF,TRUE,1,4,0.03968189477655107
BRISONr_6,2016__GGE__HN_WF_RF,TRUE,1,4,-0.07069186381820115
BRISONr_6,2016__GGE__LN_NF_RF,TRUE,1,4,0.17421397650344067
BRISONr_6,2016__HAN__HN_NF_RF,TRUE,1,4,-0.023129290581152595
BRISONr_6,2016__HAN__HN_WF_RF,TRUE,1,4,-0.12353780226572512
BRISONr_6,2016__HAN__LN_NF_RF,TRUE,1,4,-0.0910552427123202
BRISONr_6,2016__KAL__HN_NF_RF,TRUE,1,4,0.06135367919880872
BRISONr_6,2016__KAL__HN_WF_RF,TRUE,1,4,-0.1506659826704138
BRISONr_6,2016__KAL__LN_NF_RF,TRUE,1,4,0.10289541658467188
BRISONr_6,2016__KIE__HN_NF_RF,TRUE,1,4,0.3386864640036185
BRISONr_6,2016__KIE__HN_WF_RF,TRUE,1,4,0.08552253927831395
BRISONr_6,2016__KIE__LN_NF_RF,TRUE,1,4,0.3884822402195069
BRISONr_6,2016__QLB__HN_NF_RF,TRUE,1,4,0.8264195855674197
BRISONr_6,2016__QLB__HN_WF_RF,TRUE,1,4,-0.5812309154515928
BRISONr_6,2016__QLB__LN_NF_RF,TRUE,1,4,0.9374116759430831
BRISONr_6,2017__GGE__HN_NF_RF,TRUE,1,4,-0.475264407953797
BRISONr_6,2017__GGE__HN_WF_RF,TRUE,1,4,-0.4646504036274212
BRISONr_6,2017__GGE__LN_NF_RF,TRUE,1,4,-0.22026502637490444
BRISONr_6,2017__HAN__HN_NF_RF,TRUE,1,4,-0.169941375458078
BRISONr_6,2017__HAN__HN_WF_RF,TRUE,1,4,0.007111846911134919
BRISONr_6,2017__HAN__LN_NF_RF,TRUE,1,4,-0.13183168655005023
BRISONr_6,2017__KAL__HN_NF_RF,TRUE,1,4,0.031390460417390756
BRISONr_6,2017__KAL__HN_WF_RF,TRUE,1,4,-0.04955391196885045
BRISONr_6,2017__KAL__LN_NF_RF,TRUE,1,4,0.044130744211754926
BRISONr_6,2017__KIE__HN_NF_RF,TRUE,1,4,0.5208515370516139
BRISONr_6,2017__KIE__HN_WF_RF,TRUE,1,4,0.4233270737060806
BRISONr_6,2017__KIE__LN_NF_RF,TRUE,1,4,0.5559039326575651
BRISONr_6,2017__QLB__HN_NF_RF,TRUE,1,4,0.3880094371914716
BRISONr_6,2017__QLB__HN_WF_RF,TRUE,1,4,-0.2250044641783513
BRISONr_6,2017__QLB__LN_NF_RF,TRUE,1,4,0.6375255027526325
BRISONr_60,2015__GGE__HN_NF_RF,TRUE,1,4,0.2918059715251495
BRISONr_60,2015__GGE__HN_WF_RF,TRUE,1,4,-0.43973106744872964
BRISONr_60,2015__GGE__LN_NF_RF,TRUE,1,4,-0.1208575126632396
BRISONr_60,2015__HAN__HN_NF_RF,TRUE,1,4,0.24532159342323892
BRISONr_60,2015__HAN__HN_WF_RF,TRUE,1,4,0.1590043640531069
BRISONr_60,2015__HAN__LN_NF_RF,TRUE,1,4,0.1678982570916838
BRISONr_60,2015__KAL__HN_NF_RF,TRUE,0.9232988434688713,3,0.1430153129363292
BRISONr_60,2015__KAL__HN_WF_RF,TRUE,0.9232988434688713,3,0.30988202298637446
BRISONr_60,2015__KAL__LN_NF_RF,TRUE,0.9232988434688713,3,0.4017965974879961
BRISONr_60,2015__KIE__HN_NF_RF,TRUE,1,4,0.33361324922764213
BRISONr_60,2015__KIE__HN_WF_RF,TRUE,1,4,0.06708278879144053
BRISONr_60,2015__KIE__LN_NF_RF,TRUE,1,4,0.051307101814655004
BRISONr_60,2015__QLB__HN_NF_RF,TRUE,1,4,-0.10881967317492737
BRISONr_60,2015__QLB__HN_WF_RF,TRUE,1,4,0.4614220400702283
BRISONr_60,2015__QLB__LN_NF_RF,TRUE,1,4,-0.38900689576020653
BRISONr_60,2016__GGE__HN_NF_RF,TRUE,1,4,0.17338582404948213
BRISONr_60,2016__GGE__HN_WF_RF,TRUE,1,4,0.33363304563791857
BRISONr_60,2016__GGE__LN_NF_RF,TRUE,1,4,0.17426953782376306
BRISONr_60,2016__HAN__HN_NF_RF,TRUE,1,4,0.5089807811695376
BRISONr_60,2016__HAN__HN_WF_RF,TRUE,1,4,-0.13944472967638294
BRISONr_60,2016__HAN__LN_NF_RF,TRUE,1,4,0.5232321710893555
BRISONr_60,2016__KAL__HN_NF_RF,TRUE,1,4,0.26991232091368816
BRISONr_60,2016__KAL__HN_WF_RF,TRUE,1,4,-0.10470477379203752
BRISONr_60,2016__KAL__LN_NF_RF,TRUE,1,4,0.9309156461187408
BRISONr_60,2016__KIE__HN_NF_RF,TRUE,1,4,0.21160349022733502
BRISONr_60,2016__KIE__HN_WF_RF,TRUE,1,4,0.07685142698372424
BRISONr_60,2016__KIE__LN_NF_RF,TRUE,1,4,0.19741087678186156
BRISONr_60,2016__QLB__HN_NF_RF,TRUE,1,4,0.2331251351184784
BRISONr_60,2016__QLB__HN_WF_RF,TRUE,1,4,0.4265058606389496
BRISONr_60,2016__QLB__LN_NF_RF,TRUE,1,4,0.5205069444474326
BRISONr_60,2017__GGE__HN_NF_RF,TRUE,1,4,0.7330529433884279
BRISONr_60,2017__GGE__HN_WF_RF,TRUE,1,4,0.330745725364995
BRISONr_60,2017__GGE__LN_NF_RF,TRUE,1,4,0.18077503089307323
BRISONr_60,2017__HAN__HN_NF_RF,TRUE,1,4,0.09627432585494289
BRISONr_60,2017__HAN__HN_WF_RF,TRUE,1,4,-0.0976958703159339
BRISONr_60,2017__HAN__LN_NF_RF,TRUE,1,4,-0.06907627712615533
BRISONr_60,2017__KAL__HN_NF_RF,TRUE,1,4,0.11167298639108822
BRISONr_60,2017__KAL__HN_WF_RF,TRUE,1,4,-0.01880204246842953
BRISONr_60,2017__KAL__LN_NF_RF,TRUE,1,4,-0.6750456564802784
BRISONr_60,2017__KIE__HN_NF_RF,TRUE,1,4,0.26043645118973585
BRISONr_60,2017__KIE__HN_WF_RF,TRUE,1,4,-0.29616946989908915
BRISONr_60,2017__KIE__LN_NF_RF,TRUE,1,4,0.4270806941658701
BRISONr_60,2017__QLB__HN_NF_RF,TRUE,1,4,0.6481704198842845
BRISONr_60,2017__QLB__HN_WF_RF,TRUE,1,4,0.9350270121176137
BRISONr_60,2017__QLB__LN_NF_RF,TRUE,1,4,0.6356385915915642
BRISONr_61,2015__GGE__HN_NF_RF,TRUE,1,4,0.3781508375050686
BRISONr_61,2015__GGE__HN_WF_RF,TRUE,1,4,0.40470018241289063
BRISONr_61,2015__GGE__LN_NF_RF,TRUE,1,4,0.48024284958612873
BRISONr_61,2015__HAN__HN_NF_RF,TRUE,1,4,0.4065898641509651
BRISONr_61,2015__HAN__HN_WF_RF,TRUE,1,4,0.7244071241653537
BRISONr_61,2015__HAN__LN_NF_RF,TRUE,1,4,0.2024022929101016
BRISONr_61,2015__KAL__HN_NF_RF,TRUE,0.9232988434688713,3,0.1825908682789141
BRISONr_61,2015__KAL__HN_WF_RF,TRUE,0.9232988434688713,3,-0.2879566663941455
BRISONr_61,2015__KAL__LN_NF_RF,TRUE,0.9232988434688713,3,0.30080896157995196
BRISONr_61,2015__KIE__HN_NF_RF,TRUE,1,4,0.5197046214955563
BRISONr_61,2015__KIE__HN_WF_RF,TRUE,1,4,0.06286801217259289
BRISONr_61,2015__KIE__LN_NF_RF,TRUE,1,4,0.2878296998215633
BRISONr_61,2015__QLB__HN_NF_RF,TRUE,1,4,0.8800009417632962
BRISONr_61,2015__QLB__HN_WF_RF,TRUE,1,4,0.6086193073862464
BRISONr_61,2015__QLB__LN_NF_RF,TRUE,1,4,-0.505732592353498
BRISONr_61,2016__GGE__HN_NF_RF,TRUE,1,4,0.19653262363771407
BRISONr_61,2016__GGE__HN_WF_RF,TRUE,1,4,0.6115409332136936
BRISONr_61,2016__GGE__LN_NF_RF,TRUE,1,4,0.4458015857041017
BRISONr_61,2016__HAN__HN_NF_RF,TRUE,1,4,0.42660532229665854
BRISONr_61,2016__HAN__HN_WF_RF,TRUE,1,4,0.3917890943523013
BRISONr_61,2016__HAN__LN_NF_RF,TRUE,1,4,0.6632082047025386
BRISONr_61,2016__KAL__HN_NF_RF,TRUE,1,4,0.7935357264837767
BRISONr_61,2016__KAL__HN_WF_RF,TRUE,1,4,0.280472325714093
BRISONr_61,2016__KAL__LN_NF_RF,TRUE,1,4,0.6197509213389756
BRISONr_61,2016__KIE__HN_NF_RF,TRUE,1,4,0.46767652769971585
BRISONr_61,2016__KIE__HN_WF_RF,TRUE,1,4,0.2184268887834612
BRISONr_61,2016__KIE__LN_NF_RF,TRUE,1,4,0.20836257811028028
BRISONr_61,2016__QLB__HN_NF_RF,TRUE,1,4,0.5823332638284966
BRISONr_61,2016__QLB__HN_WF_RF,TRUE,1,4,0.5807793416082623
BRISONr_61,2016__QLB__LN_NF_RF,TRUE,1,4,0.35832429291913825
BRISONr_61,2017__GGE__HN_NF_RF,TRUE,1,4,0.4011213006562567
BRISONr_61,2017__GGE__HN_WF_RF,TRUE,1,4,0.6768367434328116
BRISONr_61,2017__GGE__LN_NF_RF,TRUE,1,4,0.48234489456171126
BRISONr_61,2017__HAN__HN_NF_RF,TRUE,1,4,0.13104396563087126
BRISONr_61,2017__HAN__HN_WF_RF,TRUE,1,4,-0.2737037070060169
BRISONr_61,2017__HAN__LN_NF_RF,TRUE,1,4,0.05986819233664207
BRISONr_61,2017__KAL__HN_NF_RF,TRUE,1,4,0.7798558534084024
BRISONr_61,2017__KAL__HN_WF_RF,TRUE,1,4,0.14743448740818915
BRISONr_61,2017__KAL__LN_NF_RF,TRUE,1,4,0.30271209358348555
BRISONr_61,2017__KIE__HN_NF_RF,TRUE,1,4,0.7783107291043148
BRISONr_61,2017__KIE__HN_WF_RF,TRUE,1,4,0.3332386294913732
BRISONr_61,2017__KIE__LN_NF_RF,TRUE,1,4,0.8868800286636412
BRISONr_61,2017__QLB__HN_NF_RF,TRUE,1,4,0.6651174040538552
BRISONr_61,2017__QLB__HN_WF_RF,TRUE,1,4,0.27399020563951126
BRISONr_61,2017__QLB__LN_NF_RF,TRUE,1,4,0.37979047204708416
BRISONr_62,2015__GGE__HN_NF_RF,TRUE,1,4,0.3820653445290036
BRISONr_62,2015__GGE__HN_WF_RF,TRUE,1,4,0.25099101678751184
BRISONr_62,2015__GGE__LN_NF_RF,TRUE,1,4,-0.08315470337095604
BRISONr_62,2015__HAN__HN_NF_RF,TRUE,1,4,0.054619837503442
BRISONr_62,2015__HAN__HN_WF_RF,TRUE,1,4,0.6098601222795744
BRISONr_62,2015__HAN__LN_NF_RF,TRUE,1,4,0.08679681583876114
BRISONr_62,2015__KAL__HN_NF_RF,TRUE,0.9232988434688713,3,0.9299307398478874
BRISONr_62,2015__KAL__HN_WF_RF,TRUE,0.9232988434688713,3,0.18001638005501588
BRISONr_62,2015__KAL__LN_NF_RF,TRUE,0.9232988434688713,3,-0.020646818122993724
BRISONr_62,2015__KIE__HN_NF_RF,TRUE,1,4,0.33803984231527023
BRISONr_62,2015__KIE__HN_WF_RF,TRUE,1,4,0.11126681417105037
BRISONr_62,2015__KIE__LN_NF_RF,TRUE,1,4,0.41898948353538734
BRISONr_62,2015__QLB__HN_NF_RF,TRUE,1,4,0.3413394715260468
BRISONr_62,2015__QLB__HN_WF_RF,TRUE,1,4,0.5295395324334298
BRISONr_62,2015__QLB__LN_NF_RF,TRUE,1,4,0.07854896852077005
BRISONr_62,2016__GGE__HN_NF_RF,TRUE,1,4,-0.13533315544912405
BRISONr_62,2016__GGE__HN_WF_RF,TRUE,1,4,0.3864592754464351
BRISONr_62,2016__GGE__LN_NF_RF,TRUE,1,4,-0.16086428850230364
BRISONr_62,2016__HAN__HN_NF_RF,TRUE,1,4,0.23646910054313622
BRISONr_62,2016__HAN__HN_WF_RF,TRUE,1,4,-0.1524387826663556
BRISONr_62,2016__HAN__LN_NF_RF,TRUE,1,4,0.3168945311313015
BRISONr_62,2016__KAL__HN_NF_RF,TRUE,1,4,-0.11056301903173231
BRISONr_62,2016__KAL__HN_WF_RF,TRUE,1,4,0.10883701162636879
BRISONr_62,2016__KAL__LN_NF_RF,TRUE,1,4,0.25466412654660775
BRISONr_62,2016__KIE__HN_NF_RF,TRUE,1,4,0.4366320434497654
BRISONr_62,2016__KIE__HN_WF_RF,TRUE,1,4,0.5801953360982502
BRISONr_62,2016__KIE__LN_NF_RF,TRUE,1,4,-0.16988172042966768
BRISONr_62,2016__QLB__HN_NF_RF,TRUE,1,4,-0.4750624804672621
BRISONr_62,2016__QLB__HN_WF_RF,TRUE,1,4,-0.4187524197274842
BRISONr_62,2016__QLB__LN_NF_RF,TRUE,1,4,-0.34241132747632413
BRISONr_62,2017__GGE__HN_NF_RF,TRUE,1,4,0.17529641902598467
BRISONr_62,2017__GGE__HN_WF_RF,TRUE,1,4,-0.007743508552777906
BRISONr_62,2017__GGE__LN_NF_RF,TRUE,1,4,0.16753584691625056
BRISONr_62,2017__HAN__HN_NF_RF,TRUE,1,4,0.23646900626071823
BRISONr_62,2017__HAN__HN_WF_RF,TRUE,1,4,0.012372199765032416
BRISONr_62,2017__HAN__LN_NF_RF,TRUE,1,4,0.4650322528656882
BRISONr_62,2017__KAL__HN_NF_RF,TRUE,1,4,0.3374893875548571
BRISONr_62,2017__KAL__HN_WF_RF,TRUE,1,4,-0.006962482531230222
BRISONr_62,2017__KAL__LN_NF_RF,TRUE,1,4,0.02174152390423157
BRISONr_62,2017__KIE__HN_NF_RF,TRUE,1,4,0.32856420748817594
BRISONr_62,2017__KIE__HN_WF_RF,TRUE,1,4,0.6107923154104362
BRISONr_62,2017__KIE__LN_NF_RF,TRUE,1,4,0.829098060288088
BRISONr_62,2017__QLB__HN_NF_RF,TRUE,1,4,0.3006709568947213
BRISONr_62,2017__QLB__HN_WF_RF,TRUE,1,4,0.15718317436559856
BRISONr_62,2017__QLB__LN_NF_RF,TRUE,1,4,0.6355781365445358
BRISONr_63,2015__GGE__HN_NF_RF,TRUE,1,4,0.01534943207998157
BRISONr_63,2015__GGE__HN_WF_RF,TRUE,1,4,0.03485792774975401
BRISONr_63,2015__GGE__LN_NF_RF,TRUE,1,4,-0.013835683279767445
BRISONr_63,2015__HAN__HN_NF_RF,TRUE,1,4,0.12926987318030628
BRISONr_63,2015__HAN__HN_WF_RF,TRUE,1,4,-0.0014280791748833047
BRISONr_63,2015__HAN__LN_NF_RF,TRUE,1,4,0.08438755062240622
BRISONr_63,2015__KAL__HN_NF_RF,TRUE,0.9232988434688713,3,-0.18198149970490443
BRISONr_63,2015__KAL__HN_WF_RF,TRUE,0.9232988434688713,3,0.06320175392950558
BRISONr_63,2015__KAL__LN_NF_RF,TRUE,0.9232988434688713,3,-0.1656278667184986
BRISONr_63,2015__KIE__HN_NF_RF,TRUE,1,4,-0.0056032028236017075
BRISONr_63,2015__KIE__HN_WF_RF,TRUE,1,4,0.06435228072286658
BRISONr_63,2015__KIE__LN_NF_RF,TRUE,1,4,-0.11336226966104962
BRISONr_63,2015__QLB__HN_NF_RF,TRUE,1,4,0.042242954243192174
BRISONr_63,2015__QLB__HN_WF_RF,TRUE,1,4,-0.1174770917895765
BRISONr_63,2015__QLB__LN_NF_RF,TRUE,1,4,0.16432414930554218
BRISONr_63,2016__GGE__HN_NF_RF,TRUE,1,4,-0.27058229173282633
BRISONr_63,2016__GGE__HN_WF_RF,TRUE,1,4,0.28252738134848737
BRISONr_63,2016__GGE__LN_NF_RF,TRUE,1,4,0.05420016639362131
BRISONr_63,2016__HAN__HN_NF_RF,TRUE,1,4,-0.15826321708908986
BRISONr_63,2016__HAN__HN_WF_RF,TRUE,1,4,0.16442966551966198
BRISONr_63,2016__HAN__LN_NF_RF,TRUE,1,4,0.2669150925821515
BRISONr_63,2016__KAL__HN_NF_RF,TRUE,1,4,-0.21127426824880352
BRISONr_63,2016__KAL__HN_WF_RF,TRUE,1,4,0.23263706834512773
BRISONr_63,2016__KAL__LN_NF_RF,TRUE,1,4,0.18828853296876313
BRISONr_63,2016__KIE__HN_NF_RF,TRUE,1,4,0.5282636107167291
BRISONr_63,2016__KIE__HN_WF_RF,TRUE,1,4,0.22557250342759344
BRISONr_63,2016__KIE__LN_NF_RF,TRUE,1,4,-0.022783821841364016
BRISONr_63,2016__QLB__HN_NF_RF,TRUE,1,4,0.13662009922191723
BRISONr_63,2016__QLB__HN_WF_RF,TRUE,1,4,-0.17961164462847945
BRISONr_63,2016__QLB__LN_NF_RF,TRUE,1,4,0.21747831604157766
BRISONr_63,2017__GGE__HN_NF_RF,TRUE,1,4,0.07888200432870836
BRISONr_63,2017__GGE__HN_WF_RF,TRUE,1,4,0.30661327070668726
BRISONr_63,2017__GGE__LN_NF_RF,TRUE,1,4,0.5705449811867939
BRISONr_63,2017__HAN__HN_NF_RF,TRUE,1,4,0.0033863766473284113
BRISONr_63,2017__HAN__HN_WF_RF,TRUE,1,4,-0.19635932583811447
BRISONr_63,2017__HAN__LN_NF_RF,TRUE,1,4,-0.0330146573795386
BRISONr_63,2017__KAL__HN_NF_RF,TRUE,1,4,-0.3448412946933053
BRISONr_63,2017__KAL__HN_WF_RF,TRUE,1,4,0.23653608089364137
BRISONr_63,2017__KAL__LN_NF_RF,TRUE,1,4,-0.9001867244789465
BRISONr_63,2017__KIE__HN_NF_RF,TRUE,1,4,0.1577860995413949
BRISONr_63,2017__KIE__HN_WF_RF,TRUE,1,4,0.2899989712413609
BRISONr_63,2017__KIE__LN_NF_RF,TRUE,1,4,0.6915192590649895
BRISONr_63,2017__QLB__HN_NF_RF,TRUE,1,4,-0.18514319675085497
BRISONr_63,2017__QLB__HN_WF_RF,TRUE,1,4,-0.3322122669203255
BRISONr_63,2017__QLB__LN_NF_RF,TRUE,1,4,0.14220871293388418
BRISONr_64,2015__GGE__HN_NF_RF,TRUE,1,4,0.5154981452616512
BRISONr_64,2015__GGE__HN_WF_RF,TRUE,1,4,-0.09729411337780906
BRISONr_64,2015__GGE__LN_NF_RF,TRUE,1,4,0.926791968209613
BRISONr_64,2015__HAN__HN_NF_RF,TRUE,1,4,0.5860127607760588
BRISONr_64,2015__HAN__HN_WF_RF,TRUE,1,4,0.25906876174280535
BRISONr_64,2015__HAN__LN_NF_RF,TRUE,1,4,0.14930740034265066
BRISONr_64,2015__KAL__HN_NF_RF,TRUE,0.9232988434688713,3,-0.24376785772125314
BRISONr_64,2015__KAL__HN_WF_RF,TRUE,0.9232988434688713,3,-0.4447642129122837
BRISONr_64,2015__KAL__LN_NF_RF,TRUE,0.9232988434688713,3,-0.02325182010043243
BRISONr_64,2015__KIE__HN_NF_RF,TRUE,1,4,0.3592234966347869
BRISONr_64,2015__KIE__HN_WF_RF,TRUE,1,4,0.2561421244578834
BRISONr_64,2015__KIE__LN_NF_RF,TRUE,1,4,0.511776649413047
BRISONr_64,2015__QLB__HN_NF_RF,TRUE,1,4,-0.17460563753518737
BRISONr_64,2015__QLB__HN_WF_RF,TRUE,1,4,-0.028276250434382456
BRISONr_64,2015__QLB__LN_NF_RF,TRUE,1,4,0.7770185003220742
BRISONr_64,2016__GGE__HN_NF_RF,TRUE,1,4,0.21473096761855195
BRISONr_64,2016__GGE__HN_WF_RF,TRUE,1,4,0.26353449646212035
BRISONr_64,2016__GGE__LN_NF_RF,TRUE,1,4,0.32221114943760787
BRISONr_64,2016__HAN__HN_NF_RF,TRUE,1,4,0.6808746849269689
BRISONr_64,2016__HAN__HN_WF_RF,TRUE,1,4,0.1461796488507233
BRISONr_64,2016__HAN__LN_NF_RF,TRUE,1,4,0.8404291009878297
BRISONr_64,2016__KAL__HN_NF_RF,TRUE,1,4,0.8288737372025504
BRISONr_64,2016__KAL__HN_WF_RF,TRUE,1,4,0.47875156684912357
BRISONr_64,2016__KAL__LN_NF_RF,TRUE,1,4,0.5212117600598755
BRISONr_64,2016__KIE__HN_NF_RF,TRUE,1,4,0.38479192864020023
BRISONr_64,2016__KIE__HN_WF_RF,TRUE,1,4,-0.08910040746090461
BRISONr_64,2016__KIE__LN_NF_RF,TRUE,1,4,0.9245930174596172
BRISONr_64,2016__QLB__HN_NF_RF,TRUE,1,4,0.21591712673708788
BRISONr_64,2016__QLB__HN_WF_RF,TRUE,1,4,-0.12482164170582791
BRISONr_64,2016__QLB__LN_NF_RF,TRUE,1,4,0.7937168915822445
BRISONr_64,2017__GGE__HN_NF_RF,TRUE,1,4,-0.2962048306125464
BRISONr_64,2017__GGE__HN_WF_RF,TRUE,1,4,0.32702592539122216
BRISONr_64,2017__GGE__LN_NF_RF,TRUE,1,4,-0.3513152944060821
BRISONr_64,2017__HAN__HN_NF_RF,TRUE,1,4,0.5746977305672063
BRISONr_64,2017__HAN__HN_WF_RF,TRUE,1,4,0.12959377063204477
BRISONr_64,2017__HAN__LN_NF_RF,TRUE,1,4,0.6037668896246691
BRISONr_64,2017__KAL__HN_NF_RF,TRUE,1,4,0.36874274079196667
BRISONr_64,2017__KAL__HN_WF_RF,TRUE,1,4,0.4765568359186688
BRISONr_64,2017__KAL__LN_NF_RF,TRUE,1,4,-0.012137876396708828
BRISONr_64,2017__KIE__HN_NF_RF,TRUE,1,4,0.12056607570109606
BRISONr_64,2017__KIE__HN_WF_RF,TRUE,1,4,0.4563904916685277
BRISONr_64,2017__KIE__LN_NF_RF,TRUE,1,4,0.5904797924017212
BRISONr_64,2017__QLB__HN_NF_RF,TRUE,1,4,0.11981769228998371
BRISONr_64,2017__QLB__HN_WF_RF,TRUE,1,4,0.11974101349656258
BRISONr_64,2017__QLB__LN_NF_RF,TRUE,1,4,0.34909688433573594
BRISONr_65,2015__GGE__HN_NF_RF,TRUE,1,4,0.46731631557068354
BRISONr_65,2015__GGE__HN_WF_RF,TRUE,1,4,0.19616308165419902
BRISONr_65,2015__GGE__LN_NF_RF,TRUE,1,4,-0.2491777412220008
BRISONr_65,2015__HAN__HN_NF_RF,TRUE,1,4,0.21379137319387298
BRISONr_65,2015__HAN__HN_WF_RF,TRUE,1,4,0.167388247969581
BRISONr_65,2015__HAN__LN_NF_RF,TRUE,1,4,-0.02274980935020184
BRISONr_65,2015__KAL__HN_NF_RF,TRUE,0.9232988434688713,3,0.16829853488218047
BRISONr_65,2015__KAL__HN_WF_RF,TRUE,0.9232988434688713,3,-0.44995668339585043
BRISONr_65,2015__KAL__LN_NF_RF,TRUE,0.9232988434688713,3,0.6562791859539333
BRISONr_65,2015__KIE__HN_NF_RF,TRUE,1,4,0.42304423591726653
BRISONr_65,2015__KIE__HN_WF_RF,TRUE,1,4,0.3409506855580329
BRISONr_65,2015__KIE__LN_NF_RF,TRUE,1,4,0.48061598813239925
BRISONr_65,2015__QLB__HN_NF_RF,TRUE,1,4,0.4711514541743406
BRISONr_65,2015__QLB__HN_WF_RF,TRUE,1,4,0.14194404048879766
BRISONr_65,2015__QLB__LN_NF_RF,TRUE,1,4,0.3599276670095825
BRISONr_65,2016__GGE__HN_NF_RF,TRUE,1,4,0.06790665313544962
BRISONr_65,2016__GGE__HN_WF_RF,TRUE,1,4,0.31735952283380814
BRISONr_65,2016__GGE__LN_NF_RF,TRUE,1,4,-0.0031238719107555615
BRISONr_65,2016__HAN__HN_NF_RF,TRUE,1,4,0.010477602825636853
BRISONr_65,2016__HAN__HN_WF_RF,TRUE,1,4,0.3174679145925567
BRISONr_65,2016__HAN__LN_NF_RF,TRUE,1,4,0.359638492832752
BRISONr_65,2016__KAL__HN_NF_RF,TRUE,1,4,0.371883434825478
BRISONr_65,2016__KAL__HN_WF_RF,TRUE,1,4,0.11522721013577059
BRISONr_65,2016__KAL__LN_NF_RF,TRUE,1,4,0.5661369258434218
BRISONr_65,2016__KIE__HN_NF_RF,TRUE,1,4,0.46074817534333296
BRISONr_65,2016__KIE__HN_WF_RF,TRUE,1,4,0.26900645010519636
BRISONr_65,2016__KIE__LN_NF_RF,TRUE,1,4,0.37007499221315915
BRISONr_65,2016__QLB__HN_NF_RF,TRUE,1,4,0.19632418151819303
BRISONr_65,2016__QLB__HN_WF_RF,TRUE,1,4,0.5201052893535053
BRISONr_65,2016__QLB__LN_NF_RF,TRUE,1,4,0.5128415876935294
BRISONr_65,2017__GGE__HN_NF_RF,TRUE,1,4,0.031929316668210084
BRISONr_65,2017__GGE__HN_WF_RF,TRUE,1,4,-0.15851156879285055
BRISONr_65,2017__GGE__LN_NF_RF,TRUE,1,4,-0.1180618508952832
BRISONr_65,2017__HAN__HN_NF_RF,TRUE,1,4,0.13874025938881493
BRISONr_65,2017__HAN__HN_WF_RF,TRUE,1,4,-0.035894257126422524
BRISONr_65,2017__HAN__LN_NF_RF,TRUE,1,4,0.39152358492191297
BRISONr_65,2017__KAL__HN_NF_RF,TRUE,1,4,0.07898929227479629
BRISONr_65,2017__KAL__HN_WF_RF,TRUE,1,4,-0.06161644754978355
BRISONr_65,2017__KAL__LN_NF_RF,TRUE,1,4,0.25238726517521426
BRISONr_65,2017__KIE__HN_NF_RF,TRUE,1,4,-0.40229264392849956
BRISONr_65,2017__KIE__HN_WF_RF,TRUE,1,4,0.5021838618831173
BRISONr_65,2017__KIE__LN_NF_RF,TRUE,1,4,0.3750031443484481
BRISONr_65,2017__QLB__HN_NF_RF,TRUE,1,4,0.535566520950427
BRISONr_65,2017__QLB__HN_WF_RF,TRUE,1,4,0.15677145877954118
BRISONr_65,2017__QLB__LN_NF_RF,TRUE,1,4,0.4491458292682041
BRISONr_66,2015__GGE__HN_NF_RF,TRUE,1,4,0.12427892340609986
BRISONr_66,2015__GGE__HN_WF_RF,TRUE,1,4,0.09581280273690475
BRISONr_66,2015__GGE__LN_NF_RF,TRUE,1,4,0.34560403336823875
BRISONr_66,2015__HAN__HN_NF_RF,TRUE,1,4,0.10482309085634829
BRISONr_66,2015__HAN__HN_WF_RF,TRUE,1,4,0.45602762795683194
BRISONr_66,2015__HAN__LN_NF_RF,TRUE,1,4,0.1894890689179496
BRISONr_66,2015__KAL__HN_NF_RF,TRUE,0.9232988434688713,3,0.4205725631513162
BRISONr_66,2015__KAL__HN_WF_RF,TRUE,0.9232988434688713,3,0.5966242185725101
BRISONr_66,2015__KAL__LN_NF_RF,TRUE,0.9232988434688713,3,0.5505797854321901
BRISONr_66,2015__KIE__HN_NF_RF,TRUE,1,4,-0.2312216976593368
BRISONr_66,2015__KIE__HN_WF_RF,TRUE,1,4,-0.16267846982012896
BRISONr_66,2015__KIE__LN_NF_RF,TRUE,1,4,0.03349897809192959
BRISONr_66,2015__QLB__HN_NF_RF,TRUE,1,4,0.08855514261614357
BRISONr_66,2015__QLB__HN_WF_RF,TRUE,1,4,0.19780568248591707
BRISONr_66,2015__QLB__LN_NF_RF,TRUE,1,4,0.48296053283422963
BRISONr_66,2016__GGE__HN_NF_RF,TRUE,1,4,-0.2113760549238652
BRISONr_66,2016__GGE__HN_WF_RF,TRUE,1,4,-0.25173303350437615
BRISONr_66,2016__GGE__LN_NF_RF,TRUE,1,4,-0.151484817317555
BRISONr_66,2016__HAN__HN_NF_RF,TRUE,1,4,0.3139698247189314
BRISONr_66,2016__HAN__HN_WF_RF,TRUE,1,4,0.03982191591845498
BRISONr_66,2016__HAN__LN_NF_RF,TRUE,1,4,0.4677927970143353
BRISONr_66,2016__KAL__HN_NF_RF,TRUE,1,4,0.1004729326095345
BRISONr_66,2016__KAL__HN_WF_RF,TRUE,1,4,0.20369058240966909
BRISONr_66,2016__KAL__LN_NF_RF,TRUE,1,4,0.19797915599290367
BRISONr_66,2016__KIE__HN_NF_RF,TRUE,1,4,-0.028099749747662654
BRISONr_66,2016__KIE__HN_WF_RF,TRUE,1,4,-0.18714299247037894
BRISONr_66,2016__KIE__LN_NF_RF,TRUE,1,4,0.27124431617106126
BRISONr_66,2016__QLB__HN_NF_RF,TRUE,1,4,-0.3941232877747644
BRISONr_66,2016__QLB__HN_WF_RF,TRUE,1,4,0.22422347713874066
BRISONr_66,2016__QLB__LN_NF_RF,TRUE,1,4,-0.04050188437554994
BRISONr_66,2017__GGE__HN_NF_RF,TRUE,1,4,0.4165360960508329
BRISONr_66,2017__GGE__HN_WF_RF,TRUE,1,4,0.09126505723755979
BRISONr_66,2017__GGE__LN_NF_RF,TRUE,1,4,0.15633133665715024
BRISONr_66,2017__HAN__HN_NF_RF,TRUE,1,4,-0.14676295586048732
BRISONr_66,2017__HAN__HN_WF_RF,TRUE,1,4,-0.4836139750696069
BRISONr_66,2017__HAN__LN_NF_RF,TRUE,1,4,0.553803563592872
BRISONr_66,2017__KAL__HN_NF_RF,TRUE,1,4,-0.050645149166346264
BRISONr_66,2017__KAL__HN_WF_RF,TRUE,1,4,0.3141103111754666
BRISONr_66,2017__KAL__LN_NF_RF,TRUE,1,4,-0.23743301901765984
BRISONr_66,2017__KIE__HN_NF_RF,TRUE,1,4,0.11349499601534846
BRISONr_66,2017__KIE__HN_WF_RF,TRUE,1,4,0.26765045280496036
BRISONr_66,2017__KIE__LN_NF_RF,TRUE,1,4,0.2735025466273028
BRISONr_66,2017__QLB__HN_NF_RF,TRUE,1,4,0.14499314827923876
BRISONr_66,2017__QLB__HN_WF_RF,TRUE,1,4,0.3783246110276966
BRISONr_66,2017__QLB__LN_NF_RF,TRUE,1,4,-0.0677076508067134
BRISONr_67,2015__GGE__HN_NF_RF,TRUE,1,4,0.39399518871937916
BRISONr_67,2015__GGE__HN_WF_RF,TRUE,1,4,0.1280905910097121
BRISONr_67,2015__GGE__LN_NF_RF,TRUE,1,4,0.03202087433279986
BRISONr_67,2015__HAN__HN_NF_RF,TRUE,1,4,0.07472992603955848
BRISONr_67,2015__HAN__HN_WF_RF,TRUE,1,4,-0.12378633070268982
BRISONr_67,2015__HAN__LN_NF_RF,TRUE,1,4,0.06089590190625051
BRISONr_67,2015__KAL__HN_NF_RF,TRUE,0.9232988434688713,3,0.7280544568171425
BRISONr_67,2015__KAL__HN_WF_RF,TRUE,0.9232988434688713,3,0.2421266303708698
BRISONr_67,2015__KAL__LN_NF_RF,TRUE,0.9232988434688713,3,0.7251773719456942
BRISONr_67,2015__KIE__HN_NF_RF,TRUE,1,4,0.38507615461096356
BRISONr_67,2015__KIE__HN_WF_RF,TRUE,1,4,0.5435692788296027
BRISONr_67,2015__KIE__LN_NF_RF,TRUE,1,4,-0.19109323352849236
BRISONr_67,2015__QLB__HN_NF_RF,TRUE,1,4,0.38160966934295093
BRISONr_67,2015__QLB__HN_WF_RF,TRUE,1,4,-0.15341055977521625
BRISONr_67,2015__QLB__LN_NF_RF,TRUE,1,4,0.3134044276811472
BRISONr_67,2016__GGE__HN_NF_RF,TRUE,1,4,0.8456097947704552
BRISONr_67,2016__GGE__HN_WF_RF,TRUE,1,4,0.44237120282028886
BRISONr_67,2016__GGE__LN_NF_RF,TRUE,1,4,0.9849864754369895
BRISONr_67,2016__HAN__HN_NF_RF,TRUE,1,4,0.05849737962813795
BRISONr_67,2016__HAN__HN_WF_RF,TRUE,1,4,0.3667141707637568
BRISONr_67,2016__HAN__LN_NF_RF,TRUE,1,4,0.4774859200800968
BRISONr_67,2016__KAL__HN_NF_RF,TRUE,1,4,0.7273982836233732
BRISONr_67,2016__KAL__HN_WF_RF,TRUE,1,4,0.3604653256521086
BRISONr_67,2016__KAL__LN_NF_RF,TRUE,1,4,0.5334863503010951
BRISONr_67,2016__KIE__HN_NF_RF,TRUE,1,4,0.07933659749669864
BRISONr_67,2016__KIE__HN_WF_RF,TRUE,1,4,0.1228936463727591
BRISONr_67,2016__KIE__LN_NF_RF,TRUE,1,4,0.3335303248332003
BRISONr_67,2016__QLB__HN_NF_RF,TRUE,1,4,1.4710506370943381
BRISONr_67,2016__QLB__HN_WF_RF,TRUE,1,4,0.23781720471329074
BRISONr_67,2016__QLB__LN_NF_RF,TRUE,1,4,1.0520434138557704
BRISONr_67,2017__GGE__HN_NF_RF,TRUE,1,4,0.25517451090065923
BRISONr_67,2017__GGE__HN_WF_RF,TRUE,1,4,0.1107184831043659
BRISONr_67,2017__GGE__LN_NF_RF,TRUE,1,4,-0.19290017301472812
BRISONr_67,2017__HAN__HN_NF_RF,TRUE,1,4,-0.14885526049811504
BRISONr_67,2017__HAN__HN_WF_RF,TRUE,1,4,0.03607863411436334
BRISONr_67,2017__HAN__LN_NF_RF,TRUE,1,4,0.592845059434026
BRISONr_67,2017__KAL__HN_NF_RF,TRUE,1,4,0.42270005284685497
BRISONr_67,2017__KAL__HN_WF_RF,TRUE,1,4,0.7047603448857398
BRISONr_67,2017__KAL__LN_NF_RF,TRUE,1,4,-0.06870210734845769
BRISONr_67,2017__KIE__HN_NF_RF,TRUE,1,4,-0.08808751990385488
BRISONr_67,2017__KIE__HN_WF_RF,TRUE,1,4,0.31596735921196467
BRISONr_67,2017__KIE__LN_NF_RF,TRUE,1,4,0.07932602437037893
BRISONr_67,2017__QLB__HN_NF_RF,TRUE,1,4,0.665557764294796
BRISONr_67,2017__QLB__HN_WF_RF,TRUE,1,4,-0.07728263884158536
BRISONr_67,2017__QLB__LN_NF_RF,TRUE,1,4,-0.07940522453544088
BRISONr_68,2015__GGE__HN_NF_RF,TRUE,1,4,0.5221740162486672
BRISONr_68,2015__GGE__HN_WF_RF,TRUE,1,4,0.40313796354742343
BRISONr_68,2015__GGE__LN_NF_RF,TRUE,1,4,0.7403888684095012
BRISONr_68,2015__HAN__HN_NF_RF,TRUE,1,4,0.2337421976571683
BRISONr_68,2015__HAN__HN_WF_RF,TRUE,1,4,-0.48095840891495234
BRISONr_68,2015__HAN__LN_NF_RF,TRUE,1,4,0.4303121667368357
BRISONr_68,2015__KAL__HN_NF_RF,TRUE,0.9232988434688713,3,-0.10950439262732463
BRISONr_68,2015__KAL__HN_WF_RF,TRUE,0.9232988434688713,3,-0.3953869507857781
BRISONr_68,2015__KAL__LN_NF_RF,TRUE,0.9232988434688713,3,0.8790658504254101
BRISONr_68,2015__KIE__HN_NF_RF,TRUE,1,4,0.029524989678654183
BRISONr_68,2015__KIE__HN_WF_RF,TRUE,1,4,-0.2523986578166497
BRISONr_68,2015__KIE__LN_NF_RF,TRUE,1,4,0.050539932291996985
BRISONr_68,2015__QLB__HN_NF_RF,TRUE,1,4,0.4931868462401114
BRISONr_68,2015__QLB__HN_WF_RF,TRUE,1,4,-0.05974258514126779
BRISONr_68,2015__QLB__LN_NF_RF,TRUE,1,4,0.46641836846075724
BRISONr_68,2016__GGE__HN_NF_RF,TRUE,1,4,0.17642131113148607
BRISONr_68,2016__GGE__HN_WF_RF,TRUE,1,4,0.11100965331838906
BRISONr_68,2016__GGE__LN_NF_RF,TRUE,1,4,0.4206773885905159
BRISONr_68,2016__HAN__HN_NF_RF,TRUE,1,4,0.3455611316897677
BRISONr_68,2016__HAN__HN_WF_RF,TRUE,1,4,0.44074083571755934
BRISONr_68,2016__HAN__LN_NF_RF,TRUE,1,4,0.6984565233124127
BRISONr_68,2016__KAL__HN_NF_RF,TRUE,1,4,0.055779909031682895
BRISONr_68,2016__KAL__HN_WF_RF,TRUE,1,4,-0.0930133352596056
BRISONr_68,2016__KAL__LN_NF_RF,TRUE,1,4,0.2640391062497334
BRISONr_68,2016__KIE__HN_NF_RF,TRUE,1,4,0.2584343838936308
BRISONr_68,2016__KIE__HN_WF_RF,TRUE,1,4,0.35183662143559763
BRISONr_68,2016__KIE__LN_NF_RF,TRUE,1,4,0.5666430883448241
BRISONr_68,2016__QLB__HN_NF_RF,TRUE,1,4,0.31932437368176936
BRISONr_68,2016__QLB__HN_WF_RF,TRUE,1,4,0.05442369778862443
BRISONr_68,2016__QLB__LN_NF_RF,TRUE,1,4,0.25653872000168004
BRISONr_68,2017__GGE__HN_NF_RF,TRUE,1,4,0.1445835623848527
BRISONr_68,2017__GGE__HN_WF_RF,TRUE,1,4,0.42016436456234973
BRISONr_68,2017__GGE__LN_NF_RF,TRUE,1,4,0.3293511884615253
BRISONr_68,2017__HAN__HN_NF_RF,TRUE,1,4,0.28552169180889153
BRISONr_68,2017__HAN__HN_WF_RF,TRUE,1,4,0.2617677935764811
BRISONr_68,2017__HAN__LN_NF_RF,TRUE,1,4,0.5147139934227579
BRISONr_68,2017__KAL__HN_NF_RF,TRUE,1,4,0.3041316924729725
BRISONr_68,2017__KAL__HN_WF_RF,TRUE,1,4,0.38595306395338813
BRISONr_68,2017__KAL__LN_NF_RF,TRUE,1,4,0.2669039089471795
BRISONr_68,2017__KIE__HN_NF_RF,TRUE,1,4,-0.0254972584729809
BRISONr_68,2017__KIE__HN_WF_RF,TRUE,1,4,0.14130054653305651
BRISONr_68,2017__KIE__LN_NF_RF,TRUE,1,4,0.1348049713169037
BRISONr_68,2017__QLB__HN_NF_RF,TRUE,1,4,0.15129227704567275
BRISONr_68,2017__QLB__HN_WF_RF,TRUE,1,4,0.3697664140625124
BRISONr_68,2017__QLB__LN_NF_RF,TRUE,1,4,0.3912146581316248
BRISONr_69,2015__GGE__HN_NF_RF,TRUE,1,4,-0.021237901343632532
BRISONr_69,2015__GGE__HN_WF_RF,TRUE,1,4,-0.2658467397303695
BRISONr_69,2015__GGE__LN_NF_RF,TRUE,1,4,-0.05209685947210563
BRISONr_69,2015__HAN__HN_NF_RF,TRUE,1,4,0.01763867383959851
BRISONr_69,2015__HAN__HN_WF_RF,TRUE,1,4,0.0022798009307148925
BRISONr_69,2015__HAN__LN_NF_RF,TRUE,1,4,0.12017179293259064
BRISONr_69,2015__KAL__HN_NF_RF,TRUE,0.9232988434688713,3,-0.3198051095059206
BRISONr_69,2015__KAL__HN_WF_RF,TRUE,0.9232988434688713,3,-0.05961476535149473
BRISONr_69,2015__KAL__LN_NF_RF,TRUE,0.9232988434688713,3,-0.023955587058681917
BRISONr_69,2015__KIE__HN_NF_RF,TRUE,1,4,0.07757359800968858
BRISONr_69,2015__KIE__HN_WF_RF,TRUE,1,4,0.054656836909779447
BRISONr_69,2015__KIE__LN_NF_RF,TRUE,1,4,0.4327569658653278
BRISONr_69,2015__QLB__HN_NF_RF,TRUE,1,4,0.620924065585351
BRISONr_69,2015__QLB__HN_WF_RF,TRUE,1,4,0.1590429374940799
BRISONr_69,2015__QLB__LN_NF_RF,TRUE,1,4,0.15623069331711334
BRISONr_69,2016__GGE__HN_NF_RF,TRUE,1,4,0.1414946333920622
BRISONr_69,2016__GGE__HN_WF_RF,TRUE,1,4,-0.2359396505470932
BRISONr_69,2016__GGE__LN_NF_RF,TRUE,1,4,-0.01288911540133083
BRISONr_69,2016__HAN__HN_NF_RF,TRUE,1,4,0.3652675424490836
BRISONr_69,2016__HAN__HN_WF_RF,TRUE,1,4,-0.11623946887850986
BRISONr_69,2016__HAN__LN_NF_RF,TRUE,1,4,-0.05263298496367588
BRISONr_69,2016__KAL__HN_NF_RF,TRUE,1,4,-0.3196037716262833
BRISONr_69,2016__KAL__HN_WF_RF,TRUE,1,4,-0.3343911954628513
BRISONr_69,2016__KAL__LN_NF_RF,TRUE,1,4,0.3859813326130495
BRISONr_69,2016__KIE__HN_NF_RF,TRUE,1,4,0.3084843550895201
BRISONr_69,2016__KIE__HN_WF_RF,TRUE,1,4,-0.17553550201721543
BRISONr_69,2016__KIE__LN_NF_RF,TRUE,1,4,0.13951465114912612
BRISONr_69,2016__QLB__HN_NF_RF,TRUE,1,4,0.0535342361976156
BRISONr_69,2016__QLB__HN_WF_RF,TRUE,1,4,-0.5343447835410822
BRISONr_69,2016__QLB__LN_NF_RF,TRUE,1,4,-0.2949870635439557
BRISONr_69,2017__GGE__HN_NF_RF,TRUE,1,4,-0.24952791971676283
BRISONr_69,2017__GGE__HN_WF_RF,TRUE,1,4,-0.31768460080211874
BRISONr_69,2017__GGE__LN_NF_RF,TRUE,1,4,0.08238931642268724
BRISONr_69,2017__HAN__HN_NF_RF,TRUE,1,4,0.10077646824116723
BRISONr_69,2017__HAN__HN_WF_RF,TRUE,1,4,-0.3272190523615612
BRISONr_69,2017__HAN__LN_NF_RF,TRUE,1,4,0.12919423298513982
BRISONr_69,2017__KAL__HN_NF_RF,TRUE,1,4,0.1774303237286418
BRISONr_69,2017__KAL__HN_WF_RF,TRUE,1,4,0.21769777697615672
BRISONr_69,2017__KAL__LN_NF_RF,TRUE,1,4,-0.05995071543498873
BRISONr_69,2017__KIE__HN_NF_RF,TRUE,1,4,0.19206539250996316
BRISONr_69,2017__KIE__HN_WF_RF,TRUE,1,4,0.03264471718897398
BRISONr_69,2017__KIE__LN_NF_RF,TRUE,1,4,0.5791078987261686
BRISONr_69,2017__QLB__HN_NF_RF,TRUE,1,4,-0.07099604557247832
BRISONr_69,2017__QLB__HN_WF_RF,TRUE,1,4,-0.09440240811638953
BRISONr_69,2017__QLB__LN_NF_RF,TRUE,1,4,0.34828806931937856
BRISONr_7,2015__GGE__HN_NF_RF,TRUE,1,4,-0.3073961485408227
BRISONr_7,2015__GGE__HN_WF_RF,TRUE,1,4,0.34222124568360746
BRISONr_7,2015__GGE__LN_NF_RF,TRUE,1,4,0.07502785844560271
BRISONr_7,2015__HAN__HN_NF_RF,TRUE,1,4,-0.16987142389671087
BRISONr_7,2015__HAN__HN_WF_RF,TRUE,1,4,0.19698883349308283
BRISONr_7,2015__HAN__LN_NF_RF,TRUE,1,4,0.21942482149322362
BRISONr_7,2015__KAL__HN_NF_RF,TRUE,0.9232988434688713,3,0.07056470874805953
BRISONr_7,2015__KAL__HN_WF_RF,TRUE,0.9232988434688713,3,1.2218928012191865
BRISONr_7,2015__KAL__LN_NF_RF,TRUE,0.9232988434688713,3,0.5750442335466754
BRISONr_7,2015__KIE__HN_NF_RF,TRUE,1,4,0.4780610578982593
BRISONr_7,2015__KIE__HN_WF_RF,TRUE,1,4,0.4545369300010779
BRISONr_7,2015__KIE__LN_NF_RF,TRUE,1,4,0.3876449128459536
BRISONr_7,2015__QLB__HN_NF_RF,TRUE,1,4,-0.10260315179427137
BRISONr_7,2015__QLB__HN_WF_RF,TRUE,1,4,0.32639260391712016
BRISONr_7,2015__QLB__LN_NF_RF,TRUE,1,4,-0.6645023050276254
BRISONr_7,2016__GGE__HN_NF_RF,TRUE,1,4,0.014698711023469107
BRISONr_7,2016__GGE__HN_WF_RF,TRUE,1,4,-0.09307321422116831
BRISONr_7,2016__GGE__LN_NF_RF,TRUE,1,4,0.18059206400767416
BRISONr_7,2016__HAN__HN_NF_RF,TRUE,1,4,-0.13083945187724602
BRISONr_7,2016__HAN__HN_WF_RF,TRUE,1,4,0.26086503975905
BRISONr_7,2016__HAN__LN_NF_RF,TRUE,1,4,-0.3063271304914459
BRISONr_7,2016__KAL__HN_NF_RF,TRUE,1,4,0.24581486655096602
BRISONr_7,2016__KAL__HN_WF_RF,TRUE,1,4,0.3367571135556325
BRISONr_7,2016__KAL__LN_NF_RF,TRUE,1,4,-0.11759497275176471
BRISONr_7,2016__KIE__HN_NF_RF,TRUE,1,4,-0.12503459537851794
BRISONr_7,2016__KIE__HN_WF_RF,TRUE,1,4,0.5644764544302306
BRISONr_7,2016__KIE__LN_NF_RF,TRUE,1,4,-0.15233492458785775
BRISONr_7,2016__QLB__HN_NF_RF,TRUE,1,4,-0.0839251117977512
BRISONr_7,2016__QLB__HN_WF_RF,TRUE,1,4,-0.27512501911809045
BRISONr_7,2016__QLB__LN_NF_RF,TRUE,1,4,-0.279253227874297
BRISONr_7,2017__GGE__HN_NF_RF,TRUE,1,4,-0.40924323425967457
BRISONr_7,2017__GGE__HN_WF_RF,TRUE,1,4,-0.3461503914008776
BRISONr_7,2017__GGE__LN_NF_RF,TRUE,1,4,-0.3883291538822283
BRISONr_7,2017__HAN__HN_NF_RF,TRUE,1,4,-0.5571057831125511
BRISONr_7,2017__HAN__HN_WF_RF,TRUE,1,4,-0.09391108141776473
BRISONr_7,2017__HAN__LN_NF_RF,TRUE,1,4,-0.11157362374161256
BRISONr_7,2017__KAL__HN_NF_RF,TRUE,1,4,-0.007542413188508956
BRISONr_7,2017__KAL__HN_WF_RF,TRUE,1,4,0.47992824355331365
BRISONr_7,2017__KAL__LN_NF_RF,TRUE,1,4,0.2706986089866377
BRISONr_7,2017__KIE__HN_NF_RF,TRUE,1,4,-0.15608628103589128
BRISONr_7,2017__KIE__HN_WF_RF,TRUE,1,4,0.15665831786791348
BRISONr_7,2017__KIE__LN_NF_RF,TRUE,1,4,0.24380085665766738
BRISONr_7,2017__QLB__HN_NF_RF,TRUE,1,4,-0.5530801097952198
BRISONr_7,2017__QLB__HN_WF_RF,TRUE,1,4,-0.3068142333984619
BRISONr_7,2017__QLB__LN_NF_RF,TRUE,1,4,-0.9229237480456702
BRISONr_70,2015__GGE__HN_NF_RF,TRUE,1,4,0.7092526300770812
BRISONr_70,2015__GGE__HN_WF_RF,TRUE,1,4,0.32699756116171297
BRISONr_70,2015__GGE__LN_NF_RF,TRUE,1,4,0.1405086604013146
BRISONr_70,2015__HAN__HN_NF_RF,TRUE,1,4,0.3699245427453899
BRISONr_70,2015__HAN__HN_WF_RF,TRUE,1,4,0.22383518526421936
BRISONr_70,2015__HAN__LN_NF_RF,TRUE,1,4,0.19633784391981488
BRISONr_70,2015__KAL__HN_NF_RF,TRUE,0.9232988434688713,3,0.5454582836982066
BRISONr_70,2015__KAL__HN_WF_RF,TRUE,0.9232988434688713,3,-0.16104834614953642
BRISONr_70,2015__KAL__LN_NF_RF,TRUE,0.9232988434688713,3,0.3199162782690174
BRISONr_70,2015__KIE__HN_NF_RF,TRUE,1,4,0.6513438520244325
BRISONr_70,2015__KIE__HN_WF_RF,TRUE,1,4,0.11404176369717395
BRISONr_70,2015__KIE__LN_NF_RF,TRUE,1,4,0.060432036911503284
BRISONr_70,2015__QLB__HN_NF_RF,TRUE,1,4,0.04610091482031799
BRISONr_70,2015__QLB__HN_WF_RF,TRUE,1,4,0.2675254047743675
BRISONr_70,2015__QLB__LN_NF_RF,TRUE,1,4,0.5086702556406336
BRISONr_70,2016__GGE__HN_NF_RF,TRUE,1,4,0.19818937949809368
BRISONr_70,2016__GGE__HN_WF_RF,TRUE,1,4,0.33905852355275623
BRISONr_70,2016__GGE__LN_NF_RF,TRUE,1,4,0.5501228713962246
BRISONr_70,2016__HAN__HN_NF_RF,TRUE,1,4,0.4712780398416464
BRISONr_70,2016__HAN__HN_WF_RF,TRUE,1,4,0.0847430250882798
BRISONr_70,2016__HAN__LN_NF_RF,TRUE,1,4,0.2887576538140168
BRISONr_70,2016__KAL__HN_NF_RF,TRUE,1,4,-0.145093238566823
BRISONr_70,2016__KAL__HN_WF_RF,TRUE,1,4,0.22980745816716316
BRISONr_70,2016__KAL__LN_NF_RF,TRUE,1,4,0.31666052557624746
BRISONr_70,2016__KIE__HN_NF_RF,TRUE,1,4,0.6652331709809122
BRISONr_70,2016__KIE__HN_WF_RF,TRUE,1,4,0.1748066396321174
BRISONr_70,2016__KIE__LN_NF_RF,TRUE,1,4,0.2995030931569856
BRISONr_70,2016__QLB__HN_NF_RF,TRUE,1,4,-0.24575187951703892
BRISONr_70,2016__QLB__HN_WF_RF,TRUE,1,4,-0.2417742410403242
BRISONr_70,2016__QLB__LN_NF_RF,TRUE,1,4,-0.06300477685639189
BRISONr_70,2017__GGE__HN_NF_RF,TRUE,1,4,0.22114217674113404
BRISONr_70,2017__GGE__HN_WF_RF,TRUE,1,4,-0.08584206577846637
BRISONr_70,2017__GGE__LN_NF_RF,TRUE,1,4,0.24810826405301203
BRISONr_70,2017__HAN__HN_NF_RF,TRUE,1,4,0.5268193045925469
BRISONr_70,2017__HAN__HN_WF_RF,TRUE,1,4,0.7880058381524824
BRISONr_70,2017__HAN__LN_NF_RF,TRUE,1,4,0.5967137733988055
BRISONr_70,2017__KAL__HN_NF_RF,TRUE,1,4,0.23322751484351137
BRISONr_70,2017__KAL__HN_WF_RF,TRUE,1,4,0.3583612059483678
BRISONr_70,2017__KAL__LN_NF_RF,TRUE,1,4,0.2431801295375322
BRISONr_70,2017__KIE__HN_NF_RF,TRUE,1,4,0.622210408698995
BRISONr_70,2017__KIE__HN_WF_RF,TRUE,1,4,0.23438126825794356
BRISONr_70,2017__KIE__LN_NF_RF,TRUE,1,4,0.26149211929787997
BRISONr_70,2017__QLB__HN_NF_RF,TRUE,1,4,0.3226769819769119
BRISONr_70,2017__QLB__HN_WF_RF,TRUE,1,4,0.3137003636640559
BRISONr_70,2017__QLB__LN_NF_RF,TRUE,1,4,0.4043918893928101
BRISONr_71,2015__GGE__HN_NF_RF,TRUE,1,4,-0.1056496745290123
BRISONr_71,2015__GGE__HN_WF_RF,TRUE,1,4,-0.05897018212285229
BRISONr_71,2015__GGE__LN_NF_RF,TRUE,1,4,0.15938849212943917
BRISONr_71,2015__HAN__HN_NF_RF,TRUE,1,4,0.5397216264134403
BRISONr_71,2015__HAN__HN_WF_RF,TRUE,1,4,0.4613168585811007
BRISONr_71,2015__HAN__LN_NF_RF,TRUE,1,4,0.07164015401941999
BRISONr_71,2015__KAL__HN_NF_RF,TRUE,0.9232988434688713,3,0.2797161429968277
BRISONr_71,2015__KAL__HN_WF_RF,TRUE,0.9232988434688713,3,-0.07962914723435555
BRISONr_71,2015__KAL__LN_NF_RF,TRUE,0.9232988434688713,3,-0.23024119906288962
BRISONr_71,2015__KIE__HN_NF_RF,TRUE,1,4,0.2430882327473735
BRISONr_71,2015__KIE__HN_WF_RF,TRUE,1,4,0.22016332598670668
BRISONr_71,2015__KIE__LN_NF_RF,TRUE,1,4,0.22321856850425456
BRISONr_71,2015__QLB__HN_NF_RF,TRUE,1,4,0.47965638696445756
BRISONr_71,2015__QLB__HN_WF_RF,TRUE,1,4,0.5120410624936285
BRISONr_71,2015__QLB__LN_NF_RF,TRUE,1,4,-0.08152999710543847
BRISONr_71,2016__GGE__HN_NF_RF,TRUE,1,4,0.7373828972532473
BRISONr_71,2016__GGE__HN_WF_RF,TRUE,1,4,0.19569747688441227
BRISONr_71,2016__GGE__LN_NF_RF,TRUE,1,4,0.394414087205463
BRISONr_71,2016__HAN__HN_NF_RF,TRUE,1,4,0.5961871186783329
BRISONr_71,2016__HAN__HN_WF_RF,TRUE,1,4,0.10038460486812814
BRISONr_71,2016__HAN__LN_NF_RF,TRUE,1,4,0.8902721916738247
BRISONr_71,2016__KAL__HN_NF_RF,TRUE,1,4,0.6650006595599703
BRISONr_71,2016__KAL__HN_WF_RF,TRUE,1,4,-0.06423167549678901
BRISONr_71,2016__KAL__LN_NF_RF,TRUE,1,4,0.7000594723878916
BRISONr_71,2016__KIE__HN_NF_RF,TRUE,1,4,0.4377268970152092
BRISONr_71,2016__KIE__HN_WF_RF,TRUE,1,4,0.07488762174164329
BRISONr_71,2016__KIE__LN_NF_RF,TRUE,1,4,0.3820197190962983
BRISONr_71,2016__QLB__HN_NF_RF,TRUE,1,4,0.44576725491000185
BRISONr_71,2016__QLB__HN_WF_RF,TRUE,1,4,-0.05927235306142664
BRISONr_71,2016__QLB__LN_NF_RF,TRUE,1,4,0.5473993591304657
BRISONr_71,2017__GGE__HN_NF_RF,TRUE,1,4,-0.020582873184228793
BRISONr_71,2017__GGE__HN_WF_RF,TRUE,1,4,-0.041902370692443236
BRISONr_71,2017__GGE__LN_NF_RF,TRUE,1,4,0.17607073998601652
BRISONr_71,2017__HAN__HN_NF_RF,TRUE,1,4,0.5456156383759682
BRISONr_71,2017__HAN__HN_WF_RF,TRUE,1,4,0.1945319433623292
BRISONr_71,2017__HAN__LN_NF_RF,TRUE,1,4,0.4679691082451139
BRISONr_71,2017__KAL__HN_NF_RF,TRUE,1,4,-0.06690631878288937
BRISONr_71,2017__KAL__HN_WF_RF,TRUE,1,4,-0.272434726257672
BRISONr_71,2017__KAL__LN_NF_RF,TRUE,1,4,-0.13519849892575803
BRISONr_71,2017__KIE__HN_NF_RF,TRUE,1,4,0.06954471625565006
BRISONr_71,2017__KIE__HN_WF_RF,TRUE,1,4,0.0018597399368577659
BRISONr_71,2017__KIE__LN_NF_RF,TRUE,1,4,-0.0368842308273207
BRISONr_71,2017__QLB__HN_NF_RF,TRUE,1,4,0.2486554370046064
BRISONr_71,2017__QLB__HN_WF_RF,TRUE,1,4,-0.18470215930258488
BRISONr_71,2017__QLB__LN_NF_RF,TRUE,1,4,0.5817715058805354
BRISONr_72,2015__GGE__HN_NF_RF,TRUE,1,4,0.39717992300008503
BRISONr_72,2015__GGE__HN_WF_RF,TRUE,1,4,-0.11826632718475552
BRISONr_72,2015__GGE__LN_NF_RF,TRUE,1,4,0.036267513568682665
BRISONr_72,2015__HAN__HN_NF_RF,TRUE,1,4,0.5494330015623251
BRISONr_72,2015__HAN__HN_WF_RF,TRUE,1,4,-0.08939186410085123
BRISONr_72,2015__HAN__LN_NF_RF,TRUE,1,4,0.15030594901088923
BRISONr_72,2015__KAL__HN_NF_RF,TRUE,0.9232988434688713,3,-0.046937528546584985
BRISONr_72,2015__KAL__HN_WF_RF,TRUE,0.9232988434688713,3,-0.5780949982543409
BRISONr_72,2015__KAL__LN_NF_RF,TRUE,0.9232988434688713,3,0.39643547320391764
BRISONr_72,2015__KIE__HN_NF_RF,TRUE,1,4,0.31443873460033006
BRISONr_72,2015__KIE__HN_WF_RF,TRUE,1,4,0.1244364981041163
BRISONr_72,2015__KIE__LN_NF_RF,TRUE,1,4,-0.20437332053005147
BRISONr_72,2015__QLB__HN_NF_RF,TRUE,1,4,0.8166641137917144
BRISONr_72,2015__QLB__HN_WF_RF,TRUE,1,4,0.12006253481118764
BRISONr_72,2015__QLB__LN_NF_RF,TRUE,1,4,0.42308096396986444
BRISONr_72,2016__GGE__HN_NF_RF,TRUE,1,4,0.26303366116039884
BRISONr_72,2016__GGE__HN_WF_RF,TRUE,1,4,-0.24458344316290925
BRISONr_72,2016__GGE__LN_NF_RF,TRUE,1,4,-0.2684268314405539
BRISONr_72,2016__HAN__HN_NF_RF,TRUE,1,4,0.24738095312295877
BRISONr_72,2016__HAN__HN_WF_RF,TRUE,1,4,0.11447309482517357
BRISONr_72,2016__HAN__LN_NF_RF,TRUE,1,4,-0.29693903733465177
BRISONr_72,2016__KAL__HN_NF_RF,TRUE,1,4,0.367303508656712
BRISONr_72,2016__KAL__HN_WF_RF,TRUE,1,4,-0.09748498695889832
BRISONr_72,2016__KAL__LN_NF_RF,TRUE,1,4,0.07811549508433568
BRISONr_72,2016__KIE__HN_NF_RF,TRUE,1,4,0.2434572844095577
BRISONr_72,2016__KIE__HN_WF_RF,TRUE,1,4,-0.4630170969578821
BRISONr_72,2016__KIE__LN_NF_RF,TRUE,1,4,-0.05606382850102097
BRISONr_72,2016__QLB__HN_NF_RF,TRUE,1,4,0.12235787739914375
BRISONr_72,2016__QLB__HN_WF_RF,TRUE,1,4,-0.007350297786221489
BRISONr_72,2016__QLB__LN_NF_RF,TRUE,1,4,0.11121129235161295
BRISONr_72,2017__GGE__HN_NF_RF,TRUE,1,4,0.41688896681328425
BRISONr_72,2017__GGE__HN_WF_RF,TRUE,1,4,0.24326246540689012
BRISONr_72,2017__GGE__LN_NF_RF,TRUE,1,4,0.04142990385979844
BRISONr_72,2017__HAN__HN_NF_RF,TRUE,1,4,0.16230000848516796
BRISONr_72,2017__HAN__HN_WF_RF,TRUE,1,4,-0.3396812387106526
BRISONr_72,2017__HAN__LN_NF_RF,TRUE,1,4,-0.006022663183113859
BRISONr_72,2017__KAL__HN_NF_RF,TRUE,1,4,0.5862526566694841
BRISONr_72,2017__KAL__HN_WF_RF,TRUE,1,4,0.33783586026713186
BRISONr_72,2017__KAL__LN_NF_RF,TRUE,1,4,-0.43769341863103295
BRISONr_72,2017__KIE__HN_NF_RF,TRUE,1,4,-0.6374454631417261
BRISONr_72,2017__KIE__HN_WF_RF,TRUE,1,4,0.03148661503643295
BRISONr_72,2017__KIE__LN_NF_RF,TRUE,1,4,0.289111594510402
BRISONr_72,2017__QLB__HN_NF_RF,TRUE,1,4,0.1229296084129444
BRISONr_72,2017__QLB__HN_WF_RF,TRUE,1,4,0.03396607420454113
BRISONr_72,2017__QLB__LN_NF_RF,TRUE,1,4,0.39101433820044623
BRISONr_73,2015__GGE__HN_NF_RF,TRUE,1,4,-0.7135246494467485
BRISONr_73,2015__GGE__HN_WF_RF,TRUE,1,4,0.24869936444398
BRISONr_73,2015__GGE__LN_NF_RF,TRUE,1,4,-0.17410476333910094
BRISONr_73,2015__HAN__HN_NF_RF,TRUE,1,4,-0.4820092882434975
BRISONr_73,2015__HAN__HN_WF_RF,TRUE,1,4,0.023637077917109686
BRISONr_73,2015__HAN__LN_NF_RF,TRUE,1,4,0.03389020862726888
BRISONr_73,2015__KAL__HN_NF_RF,TRUE,0.9232988434688713,3,-0.3818201870796313
BRISONr_73,2015__KAL__HN_WF_RF,TRUE,0.9232988434688713,3,0.09505546984605401
BRISONr_73,2015__KAL__LN_NF_RF,TRUE,0.9232988434688713,3,0.07802505887306171
BRISONr_73,2015__KIE__HN_NF_RF,TRUE,1,4,0.0591133257343545
BRISONr_73,2015__KIE__HN_WF_RF,TRUE,1,4,0.042579064182219135
BRISONr_73,2015__KIE__LN_NF_RF,TRUE,1,4,0.14962952563511303
BRISONr_73,2015__QLB__HN_NF_RF,TRUE,1,4,-0.8575625812689457
BRISONr_73,2015__QLB__HN_WF_RF,TRUE,1,4,0.015439682047792837
BRISONr_73,2015__QLB__LN_NF_RF,TRUE,1,4,-0.5940428294748187
BRISONr_73,2016__GGE__HN_NF_RF,TRUE,1,4,-0.5732032082514207
BRISONr_73,2016__GGE__HN_WF_RF,TRUE,1,4,-0.5291464514310782
BRISONr_73,2016__GGE__LN_NF_RF,TRUE,1,4,-0.3512914999256537
BRISONr_73,2016__HAN__HN_NF_RF,TRUE,1,4,-0.1313104342848574
BRISONr_73,2016__HAN__HN_WF_RF,TRUE,1,4,0.016133113328619025
BRISONr_73,2016__HAN__LN_NF_RF,TRUE,1,4,-0.04803349464409002
BRISONr_73,2016__KAL__HN_NF_RF,TRUE,1,4,-0.13758756454109825
BRISONr_73,2016__KAL__HN_WF_RF,TRUE,1,4,-0.029169548797403536
BRISONr_73,2016__KAL__LN_NF_RF,TRUE,1,4,-0.23636569383589223
BRISONr_73,2016__KIE__HN_NF_RF,TRUE,1,4,-0.014758754047471352
BRISONr_73,2016__KIE__HN_WF_RF,TRUE,1,4,0.15438046283279322
BRISONr_73,2016__KIE__LN_NF_RF,TRUE,1,4,-0.15302542024566995
BRISONr_73,2016__QLB__HN_NF_RF,TRUE,1,4,-0.6040459621947271
BRISONr_73,2016__QLB__HN_WF_RF,TRUE,1,4,-0.275443108744228
BRISONr_73,2016__QLB__LN_NF_RF,TRUE,1,4,-0.546339931319823
BRISONr_73,2017__GGE__HN_NF_RF,TRUE,1,4,-0.4420331145932708
BRISONr_73,2017__GGE__HN_WF_RF,TRUE,1,4,-0.13811796781405764
BRISONr_73,2017__GGE__LN_NF_RF,TRUE,1,4,0.2567188939702457
BRISONr_73,2017__HAN__HN_NF_RF,TRUE,1,4,-0.08875399074217168
BRISONr_73,2017__HAN__HN_WF_RF,TRUE,1,4,0.030876704107054367
BRISONr_73,2017__HAN__LN_NF_RF,TRUE,1,4,0.7782057212627048
BRISONr_73,2017__KAL__HN_NF_RF,TRUE,1,4,-0.008760075344166653
BRISONr_73,2017__KAL__HN_WF_RF,TRUE,1,4,0.02560149633468102
BRISONr_73,2017__KAL__LN_NF_RF,TRUE,1,4,0.36985515138355185
BRISONr_73,2017__KIE__HN_NF_RF,TRUE,1,4,-0.04849046822609533
BRISONr_73,2017__KIE__HN_WF_RF,TRUE,1,4,0.17002722271968249
BRISONr_73,2017__KIE__LN_NF_RF,TRUE,1,4,0.4010357161701975
BRISONr_73,2017__QLB__HN_NF_RF,TRUE,1,4,-0.7807037983413675
BRISONr_73,2017__QLB__HN_WF_RF,TRUE,1,4,0.029920104722454995
BRISONr_73,2017__QLB__LN_NF_RF,TRUE,1,4,-0.14297834260851705
BRISONr_74,2015__GGE__HN_NF_RF,TRUE,1,4,0.07389785218509469
BRISONr_74,2015__GGE__HN_WF_RF,TRUE,1,4,-0.10647664252240228
BRISONr_74,2015__GGE__LN_NF_RF,TRUE,1,4,0.13781792587521194
BRISONr_74,2015__HAN__HN_NF_RF,TRUE,1,4,0.08775762940957985
BRISONr_74,2015__HAN__HN_WF_RF,TRUE,1,4,-0.06265172750706532
BRISONr_74,2015__HAN__LN_NF_RF,TRUE,1,4,0.08870894464580992
BRISONr_74,2015__KAL__HN_NF_RF,TRUE,0.9232988434688713,3,0.235717381683934
BRISONr_74,2015__KAL__HN_WF_RF,TRUE,0.9232988434688713,3,0.3001801597647159
BRISONr_74,2015__KAL__LN_NF_RF,TRUE,0.9232988434688713,3,0.028701860448341315
BRISONr_74,2015__KIE__HN_NF_RF,TRUE,1,4,-0.03569985858790585
BRISONr_74,2015__KIE__HN_WF_RF,TRUE,1,4,-0.20964702081011263
BRISONr_74,2015__KIE__LN_NF_RF,TRUE,1,4,-0.241247586551134
BRISONr_74,2015__QLB__HN_NF_RF,TRUE,1,4,-0.1808575203298836
BRISONr_74,2015__QLB__HN_WF_RF,TRUE,1,4,-0.5080094644597923
BRISONr_74,2015__QLB__LN_NF_RF,TRUE,1,4,-0.24158022322039463
BRISONr_74,2016__GGE__HN_NF_RF,TRUE,1,4,-0.3726974531932697
BRISONr_74,2016__GGE__HN_WF_RF,TRUE,1,4,-0.0978080243943968
BRISONr_74,2016__GGE__LN_NF_RF,TRUE,1,4,-0.04677915617316265
BRISONr_74,2016__HAN__HN_NF_RF,TRUE,1,4,0.0762186331513261
BRISONr_74,2016__HAN__HN_WF_RF,TRUE,1,4,0.16844183940848118
BRISONr_74,2016__HAN__LN_NF_RF,TRUE,1,4,0.009490939289808625
BRISONr_74,2016__KAL__HN_NF_RF,TRUE,1,4,0.005726693680544369
BRISONr_74,2016__KAL__HN_WF_RF,TRUE,1,4,-0.1994448583913297
BRISONr_74,2016__KAL__LN_NF_RF,TRUE,1,4,0.07642433535536418
BRISONr_74,2016__KIE__HN_NF_RF,TRUE,1,4,-0.020272250482175177
BRISONr_74,2016__KIE__HN_WF_RF,TRUE,1,4,0.028032743203481914
BRISONr_74,2016__KIE__LN_NF_RF,TRUE,1,4,-0.08553953926134919
BRISONr_74,2016__QLB__HN_NF_RF,TRUE,1,4,-0.5566548490549318
BRISONr_74,2016__QLB__HN_WF_RF,TRUE,1,4,-0.1272349483560456
BRISONr_74,2016__QLB__LN_NF_RF,TRUE,1,4,-0.3889193931051587
BRISONr_74,2017__GGE__HN_NF_RF,TRUE,1,4,0.12506570908741838
BRISONr_74,2017__GGE__HN_WF_RF,TRUE,1,4,-0.10237086916591182
BRISONr_74,2017__GGE__LN_NF_RF,TRUE,1,4,0.14293368677393026
BRISONr_74,2017__HAN__HN_NF_RF,TRUE,1,4,0.5050042296396166
BRISONr_74,2017__HAN__HN_WF_RF,TRUE,1,4,0.4141115647188259
BRISONr_74,2017__HAN__LN_NF_RF,TRUE,1,4,0.25264094839915885
BRISONr_74,2017__KAL__HN_NF_RF,TRUE,1,4,0.04374249670586597
BRISONr_74,2017__KAL__HN_WF_RF,TRUE,1,4,0.0952327731047947
BRISONr_74,2017__KAL__LN_NF_RF,TRUE,1,4,-0.052494484843216616
BRISONr_74,2017__KIE__HN_NF_RF,TRUE,1,4,0.13453128265665917
BRISONr_74,2017__KIE__HN_WF_RF,TRUE,1,4,0.7950493474504378
BRISONr_74,2017__KIE__LN_NF_RF,TRUE,1,4,0.36100174988748773
BRISONr_74,2017__QLB__HN_NF_RF,TRUE,1,4,0.02305051076300138
BRISONr_74,2017__QLB__HN_WF_RF,TRUE,1,4,0.26259191183482883
BRISONr_74,2017__QLB__LN_NF_RF,TRUE,1,4,0.4338909848938184
BRISONr_75,2015__GGE__HN_NF_RF,TRUE,1,4,0.5036600045142925
BRISONr_75,2015__GGE__HN_WF_RF,TRUE,1,4,0.23084768314707343
BRISONr_75,2015__GGE__LN_NF_RF,TRUE,1,4,0.19126387139957826
BRISONr_75,2015__HAN__HN_NF_RF,TRUE,1,4,0.8078416810615338
BRISONr_75,2015__HAN__HN_WF_RF,TRUE,1,4,0.5593762243370597
BRISONr_75,2015__HAN__LN_NF_RF,TRUE,1,4,0.3743665658334243
BRISONr_75,2015__KAL__HN_NF_RF,TRUE,0.9232988434688713,3,0.33650919073695756
BRISONr_75,2015__KAL__HN_WF_RF,TRUE,0.9232988434688713,3,0.005882592944390961
BRISONr_75,2015__KAL__LN_NF_RF,TRUE,0.9232988434688713,3,-0.4591982139727392
BRISONr_75,2015__KIE__HN_NF_RF,TRUE,1,4,0.41354113812168947
BRISONr_75,2015__KIE__HN_WF_RF,TRUE,1,4,0.018024741439878277
BRISONr_75,2015__KIE__LN_NF_RF,TRUE,1,4,-0.10513843946286183
BRISONr_75,2015__QLB__HN_NF_RF,TRUE,1,4,0.9222682039038529
BRISONr_75,2015__QLB__HN_WF_RF,TRUE,1,4,0.43059733175439757
BRISONr_75,2015__QLB__LN_NF_RF,TRUE,1,4,0.9210428193497208
BRISONr_75,2016__GGE__HN_NF_RF,TRUE,1,4,0.7416754042803075
BRISONr_75,2016__GGE__HN_WF_RF,TRUE,1,4,0.3234471495323532
BRISONr_75,2016__GGE__LN_NF_RF,TRUE,1,4,-0.03564801473286338
BRISONr_75,2016__HAN__HN_NF_RF,TRUE,1,4,0.48109410752012605
BRISONr_75,2016__HAN__HN_WF_RF,TRUE,1,4,0.5105352975730271
BRISONr_75,2016__HAN__LN_NF_RF,TRUE,1,4,0.4758708298224251
BRISONr_75,2016__KAL__HN_NF_RF,TRUE,1,4,1.0151817191582808
BRISONr_75,2016__KAL__HN_WF_RF,TRUE,1,4,0.5791526983379475
BRISONr_75,2016__KAL__LN_NF_RF,TRUE,1,4,0.27987061351128656
BRISONr_75,2016__KIE__HN_NF_RF,TRUE,1,4,0.5932854742589533
BRISONr_75,2016__KIE__HN_WF_RF,TRUE,1,4,0.19977107220646298
BRISONr_75,2016__KIE__LN_NF_RF,TRUE,1,4,0.4272795180217809
BRISONr_75,2016__QLB__HN_NF_RF,TRUE,1,4,1.2124105733747341
BRISONr_75,2016__QLB__HN_WF_RF,TRUE,1,4,0.22438827467779754
BRISONr_75,2016__QLB__LN_NF_RF,TRUE,1,4,0.9526024215121411
BRISONr_75,2017__GGE__HN_NF_RF,TRUE,1,4,0.5581209349686708
BRISONr_75,2017__GGE__HN_WF_RF,TRUE,1,4,-0.2745055850578045
BRISONr_75,2017__GGE__LN_NF_RF,TRUE,1,4,0.11921295034860764
BRISONr_75,2017__HAN__HN_NF_RF,TRUE,1,4,0.457291784426742
BRISONr_75,2017__HAN__HN_WF_RF,TRUE,1,4,0.0864609839178462
BRISONr_75,2017__HAN__LN_NF_RF,TRUE,1,4,0.2948261698926181
BRISONr_75,2017__KAL__HN_NF_RF,TRUE,1,4,0.7841835395742188
BRISONr_75,2017__KAL__HN_WF_RF,TRUE,1,4,0.15802387217139918
BRISONr_75,2017__KAL__LN_NF_RF,TRUE,1,4,-0.07181501084325052
BRISONr_75,2017__KIE__HN_NF_RF,TRUE,1,4,0.3659736598724157
BRISONr_75,2017__KIE__HN_WF_RF,TRUE,1,4,0.6281535163036598
BRISONr_75,2017__KIE__LN_NF_RF,TRUE,1,4,0.5100862903021285
BRISONr_75,2017__QLB__HN_NF_RF,TRUE,1,4,0.8737358894132095
BRISONr_75,2017__QLB__HN_WF_RF,TRUE,1,4,-0.14349239077728163
BRISONr_75,2017__QLB__LN_NF_RF,TRUE,1,4,0.67212662985042
BRISONr_76,2015__GGE__HN_NF_RF,TRUE,1,4,0.0673810096931377
BRISONr_76,2015__GGE__HN_WF_RF,TRUE,1,4,0.09770846981816184
BRISONr_76,2015__GGE__LN_NF_RF,TRUE,1,4,0.1932833265789076
BRISONr_76,2015__HAN__HN_NF_RF,TRUE,1,4,0.6233114196874688
BRISONr_76,2015__HAN__HN_WF_RF,TRUE,1,4,0.38449539654516823
BRISONr_76,2015__HAN__LN_NF_RF,TRUE,1,4,0.4393078208808901
BRISONr_76,2015__KAL__HN_NF_RF,TRUE,0.9232988434688713,3,0.1353709638817696
BRISONr_76,2015__KAL__HN_WF_RF,TRUE,0.9232988434688713,3,-0.4061715174139526
BRISONr_76,2015__KAL__LN_NF_RF,TRUE,0.9232988434688713,3,-0.13981152197241328
BRISONr_76,2015__KIE__HN_NF_RF,TRUE,1,4,0.19093310934114835
BRISONr_76,2015__KIE__HN_WF_RF,TRUE,1,4,0.46753728878769263
BRISONr_76,2015__KIE__LN_NF_RF,TRUE,1,4,0.30478155723067246
BRISONr_76,2015__QLB__HN_NF_RF,TRUE,1,4,0.16717551161728636
BRISONr_76,2015__QLB__HN_WF_RF,TRUE,1,4,0.26185479505992226
BRISONr_76,2015__QLB__LN_NF_RF,TRUE,1,4,0.5671030314035362
BRISONr_76,2016__GGE__HN_NF_RF,TRUE,1,4,0.14981435035422166
BRISONr_76,2016__GGE__HN_WF_RF,TRUE,1,4,-0.21662441161517845
BRISONr_76,2016__GGE__LN_NF_RF,TRUE,1,4,-0.02204292334519779
BRISONr_76,2016__HAN__HN_NF_RF,TRUE,1,4,0.3469573011613671
BRISONr_76,2016__HAN__HN_WF_RF,TRUE,1,4,0.23123991407012293
BRISONr_76,2016__HAN__LN_NF_RF,TRUE,1,4,0.3059683486914628
BRISONr_76,2016__KAL__HN_NF_RF,TRUE,1,4,0.31062580827792496
BRISONr_76,2016__KAL__HN_WF_RF,TRUE,1,4,0.11290137942744732
BRISONr_76,2016__KAL__LN_NF_RF,TRUE,1,4,0.3080109247411341
BRISONr_76,2016__KIE__HN_NF_RF,TRUE,1,4,0.039315315664811806
BRISONr_76,2016__KIE__HN_WF_RF,TRUE,1,4,-0.4149886940814506
BRISONr_76,2016__KIE__LN_NF_RF,TRUE,1,4,0.23099331188539673
BRISONr_76,2016__QLB__HN_NF_RF,TRUE,1,4,0.6664459299863476
BRISONr_76,2016__QLB__HN_WF_RF,TRUE,1,4,0.07718709694682868
BRISONr_76,2016__QLB__LN_NF_RF,TRUE,1,4,0.6273663844905032
BRISONr_76,2017__GGE__HN_NF_RF,TRUE,1,4,-0.210825396119765
BRISONr_76,2017__GGE__HN_WF_RF,TRUE,1,4,-0.2885215491897358
BRISONr_76,2017__GGE__LN_NF_RF,TRUE,1,4,-0.05729522132929871
BRISONr_76,2017__HAN__HN_NF_RF,TRUE,1,4,-0.06719443140496272
BRISONr_76,2017__HAN__HN_WF_RF,TRUE,1,4,0.2632462571853784
BRISONr_76,2017__HAN__LN_NF_RF,TRUE,1,4,0.1540924950079834
BRISONr_76,2017__KAL__HN_NF_RF,TRUE,1,4,0.3184526200216555
BRISONr_76,2017__KAL__HN_WF_RF,TRUE,1,4,0.00438770039793513
BRISONr_76,2017__KAL__LN_NF_RF,TRUE,1,4,-0.11639025978423852
BRISONr_76,2017__KIE__HN_NF_RF,TRUE,1,4,0.052497909447252494
BRISONr_76,2017__KIE__HN_WF_RF,TRUE,1,4,0.32898896178598463
BRISONr_76,2017__KIE__LN_NF_RF,TRUE,1,4,0.09515416713123974
BRISONr_76,2017__QLB__HN_NF_RF,TRUE,1,4,0.6792780460842659
BRISONr_76,2017__QLB__HN_WF_RF,TRUE,1,4,0.39141264415272264
BRISONr_76,2017__QLB__LN_NF_RF,TRUE,1,4,0.31406415581660785
BRISONr_77,2015__GGE__HN_NF_RF,TRUE,1,4,0.19263450479728117
BRISONr_77,2015__GGE__HN_WF_RF,TRUE,1,4,-0.23604905430871576
BRISONr_77,2015__GGE__LN_NF_RF,TRUE,1,4,0.20694268215691025
BRISONr_77,2015__HAN__HN_NF_RF,TRUE,1,4,0.974473836547547
BRISONr_77,2015__HAN__HN_WF_RF,TRUE,1,4,0.3705155855746509
BRISONr_77,2015__HAN__LN_NF_RF,TRUE,1,4,0.6318947183315028
BRISONr_77,2015__KAL__HN_NF_RF,TRUE,0.9232988434688713,3,-0.23130104243721641
BRISONr_77,2015__KAL__HN_WF_RF,TRUE,0.9232988434688713,3,-0.1798238545610949
BRISONr_77,2015__KAL__LN_NF_RF,TRUE,0.9232988434688713,3,1.0487830403694545
BRISONr_77,2015__KIE__HN_NF_RF,TRUE,1,4,0.2310681143704641
BRISONr_77,2015__KIE__HN_WF_RF,TRUE,1,4,0.27570911502418977
BRISONr_77,2015__KIE__LN_NF_RF,TRUE,1,4,0.1266433742831376
BRISONr_77,2015__QLB__HN_NF_RF,TRUE,1,4,0.6209598634405938
BRISONr_77,2015__QLB__HN_WF_RF,TRUE,1,4,0.5014934642620039
BRISONr_77,2015__QLB__LN_NF_RF,TRUE,1,4,0.026643965331786645
BRISONr_77,2016__GGE__HN_NF_RF,TRUE,1,4,0.5115327558390889
BRISONr_77,2016__GGE__HN_WF_RF,TRUE,1,4,-0.012878039394012216
BRISONr_77,2016__GGE__LN_NF_RF,TRUE,1,4,-0.05383495983648104
BRISONr_77,2016__HAN__HN_NF_RF,TRUE,1,4,0.25283188924978794
BRISONr_77,2016__HAN__HN_WF_RF,TRUE,1,4,-0.02280574549624754
BRISONr_77,2016__HAN__LN_NF_RF,TRUE,1,4,0.09612438121790574
BRISONr_77,2016__KAL__HN_NF_RF,TRUE,1,4,0.8718437502305401
BRISONr_77,2016__KAL__HN_WF_RF,TRUE,1,4,0.4187381803651541
BRISONr_77,2016__KAL__LN_NF_RF,TRUE,1,4,0.4019369912859787
BRISONr_77,2016__KIE__HN_NF_RF,TRUE,1,4,0.5128516447176936
BRISONr_77,2016__KIE__HN_WF_RF,TRUE,1,4,0.30978732830454336
BRISONr_77,2016__KIE__LN_NF_RF,TRUE,1,4,0.44480726287149136
BRISONr_77,2016__QLB__HN_NF_RF,TRUE,1,4,0.7411494211652639
BRISONr_77,2016__QLB__HN_WF_RF,TRUE,1,4,0.05390970757897245
BRISONr_77,2016__QLB__LN_NF_RF,TRUE,1,4,0.3655116471497707
BRISONr_77,2017__GGE__HN_NF_RF,TRUE,1,4,0.46223937354938904
BRISONr_77,2017__GGE__HN_WF_RF,TRUE,1,4,-0.03920804669213922
BRISONr_77,2017__GGE__LN_NF_RF,TRUE,1,4,-0.0021716403829375626
BRISONr_77,2017__HAN__HN_NF_RF,TRUE,1,4,0.2776091332829487
BRISONr_77,2017__HAN__HN_WF_RF,TRUE,1,4,0.10799254485308801
BRISONr_77,2017__HAN__LN_NF_RF,TRUE,1,4,0.27587733674689036
BRISONr_77,2017__KAL__HN_NF_RF,TRUE,1,4,0.25901158431116905
BRISONr_77,2017__KAL__HN_WF_RF,TRUE,1,4,-0.1833892243089823
BRISONr_77,2017__KAL__LN_NF_RF,TRUE,1,4,0.4061598465355433
BRISONr_77,2017__KIE__HN_NF_RF,TRUE,1,4,0.6605028137323931
BRISONr_77,2017__KIE__HN_WF_RF,TRUE,1,4,0.26039938567232473
BRISONr_77,2017__KIE__LN_NF_RF,TRUE,1,4,0.15055062339041717
BRISONr_77,2017__QLB__HN_NF_RF,TRUE,1,4,0.28299621126946206
BRISONr_77,2017__QLB__HN_WF_RF,TRUE,1,4,0.07913433118631666
BRISONr_77,2017__QLB__LN_NF_RF,TRUE,1,4,0.6073392849570287
BRISONr_78,2015__GGE__HN_NF_RF,TRUE,1,4,-0.79625663142385394
BRISONr_78,2015__GGE__HN_WF_RF,TRUE,1,4,0.2100435456533954
BRISONr_78,2015__GGE__LN_NF_RF,TRUE,1,4,-0.31318657714092984
BRISONr_78,2015__HAN__HN_NF_RF,TRUE,1,4,-0.8761685488738301
BRISONr_78,2015__HAN__HN_WF_RF,TRUE,1,4,-0.16375465572573375
BRISONr_78,2015__HAN__LN_NF_RF,TRUE,1,4,-0.22379238983980493
BRISONr_78,2015__KAL__HN_NF_RF,TRUE,0.9232988434688713,3,-0.7967206971173952
BRISONr_78,2015__KAL__HN_WF_RF,TRUE,0.9232988434688713,3,-0.012580007911416103
BRISONr_78,2015__KAL__LN_NF_RF,TRUE,0.9232988434688713,3,0.045451473406963615
BRISONr_78,2015__KIE__HN_NF_RF,TRUE,1,4,-0.3404041640614626
BRISONr_78,2015__KIE__HN_WF_RF,TRUE,1,4,-0.08178706313006857
BRISONr_78,2015__KIE__LN_NF_RF,TRUE,1,4,0.03423675854595802
BRISONr_78,2015__QLB__HN_NF_RF,TRUE,1,4,-0.9925110084925787
BRISONr_78,2015__QLB__HN_WF_RF,TRUE,1,4,0.31536529780371775
BRISONr_78,2015__QLB__LN_NF_RF,TRUE,1,4,-0.5656741378111944
BRISONr_78,2016__GGE__HN_NF_RF,TRUE,1,4,-1.1965249700423528
BRISONr_78,2016__GGE__HN_WF_RF,TRUE,1,4,-0.3877817176567312
BRISONr_78,2016__GGE__LN_NF_RF,TRUE,1,4,-0.4397029228254282
BRISONr_78,2016__HAN__HN_NF_RF,TRUE,1,4,-0.7017613056730994
BRISONr_78,2016__HAN__HN_WF_RF,TRUE,1,4,0.03369411156861091
BRISONr_78,2016__HAN__LN_NF_RF,TRUE,1,4,-0.008191124293592148
BRISONr_78,2016__KAL__HN_NF_RF,TRUE,1,4,-0.7995637821715368
BRISONr_78,2016__KAL__HN_WF_RF,TRUE,1,4,-0.3633998165446992
BRISONr_78,2016__KAL__LN_NF_RF,TRUE,1,4,-0.14120543002133407
BRISONr_78,2016__KIE__HN_NF_RF,TRUE,1,4,-0.7195662216190233
BRISONr_78,2016__KIE__HN_WF_RF,TRUE,1,4,-0.12173116086475515
BRISONr_78,2016__KIE__LN_NF_RF,TRUE,1,4,0.0883346490708235
BRISONr_78,2016__QLB__HN_NF_RF,TRUE,1,4,-0.2348448232490558
BRISONr_78,2016__QLB__HN_WF_RF,TRUE,1,4,0.2969770983435323
BRISONr_78,2016__QLB__LN_NF_RF,TRUE,1,4,-0.2879872923440718
BRISONr_78,2017__GGE__HN_NF_RF,TRUE,1,4,-0.09017822340808053
BRISONr_78,2017__GGE__HN_WF_RF,TRUE,1,4,-0.027871018443445295
BRISONr_78,2017__GGE__LN_NF_RF,TRUE,1,4,0.20368205112669427
BRISONr_78,2017__HAN__HN_NF_RF,TRUE,1,4,-0.9628387708569555
BRISONr_78,2017__HAN__HN_WF_RF,TRUE,1,4,0.0014660756966600672
BRISONr_78,2017__HAN__LN_NF_RF,TRUE,1,4,0.11168753257319719
BRISONr_78,2017__KAL__HN_NF_RF,TRUE,1,4,-0.8211387369809988
BRISONr_78,2017__KAL__HN_WF_RF,TRUE,1,4,0.34999050681622323
BRISONr_78,2017__KAL__LN_NF_RF,TRUE,1,4,0.09106581956104397
BRISONr_78,2017__KIE__HN_NF_RF,TRUE,1,4,-0.22152530178404606
BRISONr_78,2017__KIE__HN_WF_RF,TRUE,1,4,0.4236136604746558
BRISONr_78,2017__KIE__LN_NF_RF,TRUE,1,4,0.44224088725788463
BRISONr_78,2017__QLB__HN_NF_RF,TRUE,1,4,-0.22737364852956535
BRISONr_78,2017__QLB__HN_WF_RF,TRUE,1,4,-0.09901368062583396
BRISONr_78,2017__QLB__LN_NF_RF,TRUE,1,4,-0.19107547132909486
BRISONr_79,2015__GGE__HN_NF_RF,TRUE,1,4,-0.1852021859657912
BRISONr_79,2015__GGE__HN_WF_RF,TRUE,1,4,0.00918553100469492
BRISONr_79,2015__GGE__LN_NF_RF,TRUE,1,4,-0.13227172311457458
BRISONr_79,2015__HAN__HN_NF_RF,TRUE,1,4,0.4275119882535665
BRISONr_79,2015__HAN__HN_WF_RF,TRUE,1,4,0.2759709422319137
BRISONr_79,2015__HAN__LN_NF_RF,TRUE,1,4,-0.06612001298735007
BRISONr_79,2015__KAL__HN_NF_RF,TRUE,0.9232988434688713,3,-0.4061088633456151
BRISONr_79,2015__KAL__HN_WF_RF,TRUE,0.9232988434688713,3,0.4280859122258632
BRISONr_79,2015__KAL__LN_NF_RF,TRUE,0.9232988434688713,3,0.06282324145269266
BRISONr_79,2015__KIE__HN_NF_RF,TRUE,1,4,0.21047028481869784
BRISONr_79,2015__KIE__HN_WF_RF,TRUE,1,4,0.06441853554155084
BRISONr_79,2015__KIE__LN_NF_RF,TRUE,1,4,0.382673414477215
BRISONr_79,2015__QLB__HN_NF_RF,TRUE,1,4,-0.0390548796710668
BRISONr_79,2015__QLB__HN_WF_RF,TRUE,1,4,0.5127828577892305
BRISONr_79,2015__QLB__LN_NF_RF,TRUE,1,4,0.2884044308444207
BRISONr_79,2016__GGE__HN_NF_RF,TRUE,1,4,0.35804769252745844
BRISONr_79,2016__GGE__HN_WF_RF,TRUE,1,4,0.03651164959829122
BRISONr_79,2016__GGE__LN_NF_RF,TRUE,1,4,-0.14435939165536038
BRISONr_79,2016__HAN__HN_NF_RF,TRUE,1,4,-0.15605803129762935
BRISONr_79,2016__HAN__HN_WF_RF,TRUE,1,4,0.18302674241336928
BRISONr_79,2016__HAN__LN_NF_RF,TRUE,1,4,0.4037688979770954
BRISONr_79,2016__KAL__HN_NF_RF,TRUE,1,4,0.14939053163782648
BRISONr_79,2016__KAL__HN_WF_RF,TRUE,1,4,0.16184999472042005
BRISONr_79,2016__KAL__LN_NF_RF,TRUE,1,4,-0.09265438511221595
BRISONr_79,2016__KIE__HN_NF_RF,TRUE,1,4,0.4066951095540087
BRISONr_79,2016__KIE__HN_WF_RF,TRUE,1,4,-0.047717817408215
BRISONr_79,2016__KIE__LN_NF_RF,TRUE,1,4,0.3043945552944751
BRISONr_79,2016__QLB__HN_NF_RF,TRUE,1,4,0.28770892436441525
BRISONr_79,2016__QLB__HN_WF_RF,TRUE,1,4,-0.5390149976273405
BRISONr_79,2016__QLB__LN_NF_RF,TRUE,1,4,0.33170457306438245
BRISONr_79,2017__GGE__HN_NF_RF,TRUE,1,4,-0.12246824333744503
BRISONr_79,2017__GGE__HN_WF_RF,TRUE,1,4,-0.09186935927177592
BRISONr_79,2017__GGE__LN_NF_RF,TRUE,1,4,-0.32354861334821206
BRISONr_79,2017__HAN__HN_NF_RF,TRUE,1,4,0.2708777964044448
BRISONr_79,2017__HAN__HN_WF_RF,TRUE,1,4,0.24443706387656033
BRISONr_79,2017__HAN__LN_NF_RF,TRUE,1,4,-0.12266310529593592
BRISONr_79,2017__KAL__HN_NF_RF,TRUE,1,4,-0.22214939137101972
BRISONr_79,2017__KAL__HN_WF_RF,TRUE,1,4,-0.03609339529755161
BRISONr_79,2017__KAL__LN_NF_RF,TRUE,1,4,-0.4431211305280388
BRISONr_79,2017__KIE__HN_NF_RF,TRUE,1,4,0.18521443280436622
BRISONr_79,2017__KIE__HN_WF_RF,TRUE,1,4,0.46565385958555705
BRISONr_79,2017__KIE__LN_NF_RF,TRUE,1,4,0.36795602688425
BRISONr_79,2017__QLB__HN_NF_RF,TRUE,1,4,0.31772916422007014
BRISONr_79,2017__QLB__HN_WF_RF,TRUE,1,4,0.425399015806161
BRISONr_79,2017__QLB__LN_NF_RF,TRUE,1,4,0.4480587082815147
BRISONr_8,2015__GGE__HN_NF_RF,TRUE,1,4,0.5655932656684197
BRISONr_8,2015__GGE__HN_WF_RF,TRUE,1,4,0.6435488275910612
BRISONr_8,2015__GGE__LN_NF_RF,TRUE,1,4,0.32980191646790535
BRISONr_8,2015__HAN__HN_NF_RF,TRUE,1,4,0.3584006840217918
BRISONr_8,2015__HAN__HN_WF_RF,TRUE,1,4,0.09824261902665617
BRISONr_8,2015__HAN__LN_NF_RF,TRUE,1,4,0.44072010994442784
BRISONr_8,2015__KAL__HN_NF_RF,TRUE,0.9232988434688713,3,0.6301431256556366
BRISONr_8,2015__KAL__HN_WF_RF,TRUE,0.9232988434688713,3,0.6812649576408347
BRISONr_8,2015__KAL__LN_NF_RF,TRUE,0.9232988434688713,3,1.1663975449523118
BRISONr_8,2015__KIE__HN_NF_RF,TRUE,1,4,0.47143562319172416
BRISONr_8,2015__KIE__HN_WF_RF,TRUE,1,4,0.298951900835998
BRISONr_8,2015__KIE__LN_NF_RF,TRUE,1,4,0.2159860752697738
BRISONr_8,2015__QLB__HN_NF_RF,TRUE,1,4,-0.07229079892467327
BRISONr_8,2015__QLB__HN_WF_RF,TRUE,1,4,-0.49212497125041044
BRISONr_8,2015__QLB__LN_NF_RF,TRUE,1,4,0.17682920662085208
BRISONr_8,2016__GGE__HN_NF_RF,TRUE,1,4,-0.09512020563412278
BRISONr_8,2016__GGE__HN_WF_RF,TRUE,1,4,-6.624574000016863e-4
BRISONr_8,2016__GGE__LN_NF_RF,TRUE,1,4,-0.07458803924757085
BRISONr_8,2016__HAN__HN_NF_RF,TRUE,1,4,-0.22259788884130036
BRISONr_8,2016__HAN__HN_WF_RF,TRUE,1,4,-0.46694703899696854
BRISONr_8,2016__HAN__LN_NF_RF,TRUE,1,4,-0.058616257287350766
BRISONr_8,2016__KAL__HN_NF_RF,TRUE,1,4,0.36138988411139467
BRISONr_8,2016__KAL__HN_WF_RF,TRUE,1,4,0.16495044016243782
BRISONr_8,2016__KAL__LN_NF_RF,TRUE,1,4,0.17497509472213468
BRISONr_8,2016__KIE__HN_NF_RF,TRUE,1,4,0.15324020598092664
BRISONr_8,2016__KIE__HN_WF_RF,TRUE,1,4,0.5351123896046279
BRISONr_8,2016__KIE__LN_NF_RF,TRUE,1,4,0.1409482487242782
BRISONr_8,2016__QLB__HN_NF_RF,TRUE,1,4,0.19956117961534284
BRISONr_8,2016__QLB__HN_WF_RF,TRUE,1,4,-0.2488308078160194
BRISONr_8,2016__QLB__LN_NF_RF,TRUE,1,4,0.6811928947070175
BRISONr_8,2017__GGE__HN_NF_RF,TRUE,1,4,-0.033768064683538046
BRISONr_8,2017__GGE__HN_WF_RF,TRUE,1,4,-0.10895768595206677
BRISONr_8,2017__GGE__LN_NF_RF,TRUE,1,4,0.22784210523025566
BRISONr_8,2017__HAN__HN_NF_RF,TRUE,1,4,-0.36020940489387626
BRISONr_8,2017__HAN__HN_WF_RF,TRUE,1,4,-0.3665812870967722
BRISONr_8,2017__HAN__LN_NF_RF,TRUE,1,4,0.14158546843705327
BRISONr_8,2017__KAL__HN_NF_RF,TRUE,1,4,0.5417295997267784
BRISONr_8,2017__KAL__HN_WF_RF,TRUE,1,4,-0.008838866430663282
BRISONr_8,2017__KAL__LN_NF_RF,TRUE,1,4,-0.026927012675146765
BRISONr_8,2017__KIE__HN_NF_RF,TRUE,1,4,-0.1598421431824743
BRISONr_8,2017__KIE__HN_WF_RF,TRUE,1,4,0.5475976736222442
BRISONr_8,2017__KIE__LN_NF_RF,TRUE,1,4,0.4579756215498073
BRISONr_8,2017__QLB__HN_NF_RF,TRUE,1,4,0.09043146821624459
BRISONr_8,2017__QLB__HN_WF_RF,TRUE,1,4,0.0387799707414577
BRISONr_8,2017__QLB__LN_NF_RF,TRUE,1,4,0.11983857402987759
BRISONr_80,2015__GGE__HN_NF_RF,TRUE,1,4,0.6163275129101129
BRISONr_80,2015__GGE__HN_WF_RF,TRUE,1,4,0.5170595610546427
BRISONr_80,2015__GGE__LN_NF_RF,TRUE,1,4,0.5190509108165249
BRISONr_80,2015__HAN__HN_NF_RF,TRUE,1,4,0.17879367367376542
BRISONr_80,2015__HAN__HN_WF_RF,TRUE,1,4,0.08218555154671195
BRISONr_80,2015__HAN__LN_NF_RF,TRUE,1,4,0.12950237702927603
BRISONr_80,2015__KAL__HN_NF_RF,TRUE,0.9232988434688713,3,-0.32529556142831234
BRISONr_80,2015__KAL__HN_WF_RF,TRUE,0.9232988434688713,3,0.37262112460542773
BRISONr_80,2015__KAL__LN_NF_RF,TRUE,0.9232988434688713,3,0.6300491661699547
BRISONr_80,2015__KIE__HN_NF_RF,TRUE,1,4,0.5379913530566997
BRISONr_80,2015__KIE__HN_WF_RF,TRUE,1,4,0.19014014846543453
BRISONr_80,2015__KIE__LN_NF_RF,TRUE,1,4,0.5787727707901931
BRISONr_80,2015__QLB__HN_NF_RF,TRUE,1,4,0.08581313473572219
BRISONr_80,2015__QLB__HN_WF_RF,TRUE,1,4,0.4224566304555803
BRISONr_80,2015__QLB__LN_NF_RF,TRUE,1,4,-0.011556759051432205
BRISONr_80,2016__GGE__HN_NF_RF,TRUE,1,4,0.20997027016213862
BRISONr_80,2016__GGE__HN_WF_RF,TRUE,1,4,0.3393397741931321
BRISONr_80,2016__GGE__LN_NF_RF,TRUE,1,4,0.47418799177402676
BRISONr_80,2016__HAN__HN_NF_RF,TRUE,1,4,0.18633436776741186
BRISONr_80,2016__HAN__HN_WF_RF,TRUE,1,4,0.10282962677627633
BRISONr_80,2016__HAN__LN_NF_RF,TRUE,1,4,0.18535465655315053
BRISONr_80,2016__KAL__HN_NF_RF,TRUE,1,4,0.2751801994485884
BRISONr_80,2016__KAL__HN_WF_RF,TRUE,1,4,0.1817335574565448
BRISONr_80,2016__KAL__LN_NF_RF,TRUE,1,4,0.3837716493939495
BRISONr_80,2016__KIE__HN_NF_RF,TRUE,1,4,0.5711010102556968
BRISONr_80,2016__KIE__HN_WF_RF,TRUE,1,4,0.6818829747788552
BRISONr_80,2016__KIE__LN_NF_RF,TRUE,1,4,0.4389555099812951
BRISONr_80,2016__QLB__HN_NF_RF,TRUE,1,4,0.3380518278347069
BRISONr_80,2016__QLB__HN_WF_RF,TRUE,1,4,0.37026562848429045
BRISONr_80,2016__QLB__LN_NF_RF,TRUE,1,4,0.4061198208701231
BRISONr_80,2017__GGE__HN_NF_RF,TRUE,1,4,0.5748496600514682
BRISONr_80,2017__GGE__HN_WF_RF,TRUE,1,4,0.5802204820440102
BRISONr_80,2017__GGE__LN_NF_RF,TRUE,1,4,0.6744974533120996
BRISONr_80,2017__HAN__HN_NF_RF,TRUE,1,4,0.12637413399530822
BRISONr_80,2017__HAN__HN_WF_RF,TRUE,1,4,0.40079268642210797
BRISONr_80,2017__HAN__LN_NF_RF,TRUE,1,4,0.44356722826829614
BRISONr_80,2017__KAL__HN_NF_RF,TRUE,1,4,0.21545650609015662
BRISONr_80,2017__KAL__HN_WF_RF,TRUE,1,4,0.32778277873808437
BRISONr_80,2017__KAL__LN_NF_RF,TRUE,1,4,0.08568891735885273
BRISONr_80,2017__KIE__HN_NF_RF,TRUE,1,4,0.23992130619741042
BRISONr_80,2017__KIE__HN_WF_RF,TRUE,1,4,0.27445040881633176
BRISONr_80,2017__KIE__LN_NF_RF,TRUE,1,4,0.35966460242411485
BRISONr_80,2017__QLB__HN_NF_RF,TRUE,1,4,0.5519908254672081
BRISONr_80,2017__QLB__HN_WF_RF,TRUE,1,4,-0.0594440608952069
BRISONr_80,2017__QLB__LN_NF_RF,TRUE,1,4,0.6730869982687646
BRISONr_81,2015__GGE__HN_NF_RF,TRUE,1,4,0.3681700516215308
BRISONr_81,2015__GGE__HN_WF_RF,TRUE,1,4,0.6299450927054326
BRISONr_81,2015__GGE__LN_NF_RF,TRUE,1,4,0.15186457107672396
BRISONr_81,2015__HAN__HN_NF_RF,TRUE,1,4,1.2022574573491096
BRISONr_81,2015__HAN__HN_WF_RF,TRUE,1,4,0.6006435555837243
BRISONr_81,2015__HAN__LN_NF_RF,TRUE,1,4,0.15827721717809307
BRISONr_81,2015__KAL__HN_NF_RF,TRUE,0.9232988434688713,3,-0.0919859881225994
BRISONr_81,2015__KAL__HN_WF_RF,TRUE,0.9232988434688713,3,0.30408054923677613
BRISONr_81,2015__KAL__LN_NF_RF,TRUE,0.9232988434688713,3,0.49290761516137094
BRISONr_81,2015__KIE__HN_NF_RF,TRUE,1,4,0.3109985372664184
BRISONr_81,2015__KIE__HN_WF_RF,TRUE,1,4,0.20767784103370168
BRISONr_81,2015__KIE__LN_NF_RF,TRUE,1,4,0.0447650275172046
BRISONr_81,2015__QLB__HN_NF_RF,TRUE,1,4,0.3908894319379431
BRISONr_81,2015__QLB__HN_WF_RF,TRUE,1,4,0.35254414409706947
BRISONr_81,2015__QLB__LN_NF_RF,TRUE,1,4,0.42970399350191285
BRISONr_81,2016__GGE__HN_NF_RF,TRUE,1,4,0.6675800631145288
BRISONr_81,2016__GGE__HN_WF_RF,TRUE,1,4,0.8445987851951
BRISONr_81,2016__GGE__LN_NF_RF,TRUE,1,4,0.5172900649477772
BRISONr_81,2016__HAN__HN_NF_RF,TRUE,1,4,0.3061406731909931
BRISONr_81,2016__HAN__HN_WF_RF,TRUE,1,4,0.5531361358880736
BRISONr_81,2016__HAN__LN_NF_RF,TRUE,1,4,0.49324320493032564
BRISONr_81,2016__KAL__HN_NF_RF,TRUE,1,4,0.9951551157848254
BRISONr_81,2016__KAL__HN_WF_RF,TRUE,1,4,0.40720430216097075
BRISONr_81,2016__KAL__LN_NF_RF,TRUE,1,4,0.28279916674965594
BRISONr_81,2016__KIE__HN_NF_RF,TRUE,1,4,0.4465770360376072
BRISONr_81,2016__KIE__HN_WF_RF,TRUE,1,4,0.5837382719649223
BRISONr_81,2016__KIE__LN_NF_RF,TRUE,1,4,0.34215662733755015
BRISONr_81,2016__QLB__HN_NF_RF,TRUE,1,4,0.9987342243970116
BRISONr_81,2016__QLB__HN_WF_RF,TRUE,1,4,0.7677029539815461
BRISONr_81,2016__QLB__LN_NF_RF,TRUE,1,4,0.5595459917959473
BRISONr_81,2017__GGE__HN_NF_RF,TRUE,1,4,0.6720390335393939
BRISONr_81,2017__GGE__HN_WF_RF,TRUE,1,4,0.5196291646209087
BRISONr_81,2017__GGE__LN_NF_RF,TRUE,1,4,0.19323102388406238
BRISONr_81,2017__HAN__HN_NF_RF,TRUE,1,4,0.7166893728272116
BRISONr_81,2017__HAN__HN_WF_RF,TRUE,1,4,1.0091840394058915
BRISONr_81,2017__HAN__LN_NF_RF,TRUE,1,4,0.3937694966259637
BRISONr_81,2017__KAL__HN_NF_RF,TRUE,1,4,0.9137047230850086
BRISONr_81,2017__KAL__HN_WF_RF,TRUE,1,4,0.527637674919158
BRISONr_81,2017__KAL__LN_NF_RF,TRUE,1,4,0.30891240576209145
BRISONr_81,2017__KIE__HN_NF_RF,TRUE,1,4,0.733773357726766
BRISONr_81,2017__KIE__HN_WF_RF,TRUE,1,4,0.34432453366032845
BRISONr_81,2017__KIE__LN_NF_RF,TRUE,1,4,0.939182750874865
BRISONr_81,2017__QLB__HN_NF_RF,TRUE,1,4,0.6532479770531423
BRISONr_81,2017__QLB__HN_WF_RF,TRUE,1,4,0.784958028246462
BRISONr_81,2017__QLB__LN_NF_RF,TRUE,1,4,0.7972349493565528
BRISONr_82,2015__GGE__HN_NF_RF,TRUE,1,4,0.40510261339089776
BRISONr_82,2015__GGE__HN_WF_RF,TRUE,1,4,0.02750651965318089
BRISONr_82,2015__GGE__LN_NF_RF,TRUE,1,4,0.33225973434490735
BRISONr_82,2015__HAN__HN_NF_RF,TRUE,1,4,0.7336531432922286
BRISONr_82,2015__HAN__HN_WF_RF,TRUE,1,4,-0.1692327048524259
BRISONr_82,2015__HAN__LN_NF_RF,TRUE,1,4,0.2771604381442472
BRISONr_82,2015__KAL__HN_NF_RF,TRUE,0.9232988434688713,3,0.7139627682562933
BRISONr_82,2015__KAL__HN_WF_RF,TRUE,0.9232988434688713,3,0.6136331153825018
BRISONr_82,2015__KAL__LN_NF_RF,TRUE,0.9232988434688713,3,1.0612182767404146
BRISONr_82,2015__KIE__HN_NF_RF,TRUE,1,4,-0.21401888587858336
BRISONr_82,2015__KIE__HN_WF_RF,TRUE,1,4,-0.31331030395783566
BRISONr_82,2015__KIE__LN_NF_RF,TRUE,1,4,-0.33169465863337055
BRISONr_82,2015__QLB__HN_NF_RF,TRUE,1,4,0.3262576874471059
BRISONr_82,2015__QLB__HN_WF_RF,TRUE,1,4,0.5324585571006657
BRISONr_82,2015__QLB__LN_NF_RF,TRUE,1,4,0.22032756087881983
BRISONr_82,2016__GGE__HN_NF_RF,TRUE,1,4,0.7174578956913135
BRISONr_82,2016__GGE__HN_WF_RF,TRUE,1,4,0.31314157980466917
BRISONr_82,2016__GGE__LN_NF_RF,TRUE,1,4,-0.14196715373299607
BRISONr_82,2016__HAN__HN_NF_RF,TRUE,1,4,0.24218906048320243
BRISONr_82,2016__HAN__HN_WF_RF,TRUE,1,4,0.02048703909851895
BRISONr_82,2016__HAN__LN_NF_RF,TRUE,1,4,-0.15142848225056715
BRISONr_82,2016__KAL__HN_NF_RF,TRUE,1,4,0.5394987808711994
BRISONr_82,2016__KAL__HN_WF_RF,TRUE,1,4,0.12606932054841163
BRISONr_82,2016__KAL__LN_NF_RF,TRUE,1,4,0.19780589030212686
BRISONr_82,2016__KIE__HN_NF_RF,TRUE,1,4,0.03738913156506777
BRISONr_82,2016__KIE__HN_WF_RF,TRUE,1,4,0.17963220340059421
BRISONr_82,2016__KIE__LN_NF_RF,TRUE,1,4,0.024411895830068225
BRISONr_82,2016__QLB__HN_NF_RF,TRUE,1,4,0.7921664203385946
BRISONr_82,2016__QLB__HN_WF_RF,TRUE,1,4,0.5626809958065332
BRISONr_82,2016__QLB__LN_NF_RF,TRUE,1,4,0.34477062429047134
BRISONr_82,2017__GGE__HN_NF_RF,TRUE,1,4,0.4473156466668647
BRISONr_82,2017__GGE__HN_WF_RF,TRUE,1,4,-0.25291229466049003
BRISONr_82,2017__GGE__LN_NF_RF,TRUE,1,4,0.10779850118366774
BRISONr_82,2017__HAN__HN_NF_RF,TRUE,1,4,0.021491427915251472
BRISONr_82,2017__HAN__HN_WF_RF,TRUE,1,4,-0.31432793540125314
BRISONr_82,2017__HAN__LN_NF_RF,TRUE,1,4,0.4400453374168002
BRISONr_82,2017__KAL__HN_NF_RF,TRUE,1,4,-0.06013078139043537
BRISONr_82,2017__KAL__HN_WF_RF,TRUE,1,4,0.036335267765308585
BRISONr_82,2017__KAL__LN_NF_RF,TRUE,1,4,0.45503548477664724
BRISONr_82,2017__KIE__HN_NF_RF,TRUE,1,4,-0.14655523557995886
BRISONr_82,2017__KIE__HN_WF_RF,TRUE,1,4,-0.30881929991887463
BRISONr_82,2017__KIE__LN_NF_RF,TRUE,1,4,-0.3616018891742488
BRISONr_82,2017__QLB__HN_NF_RF,TRUE,1,4,0.4150907042519341
BRISONr_82,2017__QLB__HN_WF_RF,TRUE,1,4,0.5120282243231788
BRISONr_82,2017__QLB__LN_NF_RF,TRUE,1,4,0.41071132810357674
BRISONr_83,2015__GGE__HN_NF_RF,TRUE,1,4,0.4870353890804703
BRISONr_83,2015__GGE__HN_WF_RF,TRUE,1,4,0.46480189137611305
BRISONr_83,2015__GGE__LN_NF_RF,TRUE,1,4,0.6868287509701606
BRISONr_83,2015__HAN__HN_NF_RF,TRUE,1,4,-0.18132437820052671
BRISONr_83,2015__HAN__HN_WF_RF,TRUE,1,4,0.38050341445304836
BRISONr_83,2015__HAN__LN_NF_RF,TRUE,1,4,0.12816058998240568
BRISONr_83,2015__KAL__HN_NF_RF,TRUE,0.9232988434688713,3,0.6216150470751819
BRISONr_83,2015__KAL__HN_WF_RF,TRUE,0.9232988434688713,3,0.5363091254536376
BRISONr_83,2015__KAL__LN_NF_RF,TRUE,0.9232988434688713,3,0.6064639659362943
BRISONr_83,2015__KIE__HN_NF_RF,TRUE,1,4,0.29050555861692556
BRISONr_83,2015__KIE__HN_WF_RF,TRUE,1,4,0.8177059543055774
BRISONr_83,2015__KIE__LN_NF_RF,TRUE,1,4,0.17434402348250608
BRISONr_83,2015__QLB__HN_NF_RF,TRUE,1,4,0.3188399347256202
BRISONr_83,2015__QLB__HN_WF_RF,TRUE,1,4,0.5868374660955492
BRISONr_83,2015__QLB__LN_NF_RF,TRUE,1,4,0.6950871740685194
BRISONr_83,2016__GGE__HN_NF_RF,TRUE,1,4,0.34231047481641924
BRISONr_83,2016__GGE__HN_WF_RF,TRUE,1,4,0.2817628118566717
BRISONr_83,2016__GGE__LN_NF_RF,TRUE,1,4,0.1711021900066552
BRISONr_83,2016__HAN__HN_NF_RF,TRUE,1,4,0.28059295140928997
BRISONr_83,2016__HAN__HN_WF_RF,TRUE,1,4,0.04595729836245715
BRISONr_83,2016__HAN__LN_NF_RF,TRUE,1,4,0.2867195450111871
BRISONr_83,2016__KAL__HN_NF_RF,TRUE,1,4,0.3908612876559781
BRISONr_83,2016__KAL__HN_WF_RF,TRUE,1,4,0.46201845643635653
BRISONr_83,2016__KAL__LN_NF_RF,TRUE,1,4,0.09036577602407578
BRISONr_83,2016__KIE__HN_NF_RF,TRUE,1,4,0.5468427493965037
BRISONr_83,2016__KIE__HN_WF_RF,TRUE,1,4,0.35735861205790487
BRISONr_83,2016__KIE__LN_NF_RF,TRUE,1,4,-0.14524732433210052
BRISONr_83,2016__QLB__HN_NF_RF,TRUE,1,4,0.9031246609230066
BRISONr_83,2016__QLB__HN_WF_RF,TRUE,1,4,0.5784282965894374
BRISONr_83,2016__QLB__LN_NF_RF,TRUE,1,4,0.2741843015235771
BRISONr_83,2017__GGE__HN_NF_RF,TRUE,1,4,0.04207762426658703
BRISONr_83,2017__GGE__HN_WF_RF,TRUE,1,4,0.2199379852237202
BRISONr_83,2017__GGE__LN_NF_RF,TRUE,1,4,0.08327748377204804
BRISONr_83,2017__HAN__HN_NF_RF,TRUE,1,4,0.20072956120446475
BRISONr_83,2017__HAN__HN_WF_RF,TRUE,1,4,0.21596195353224606
BRISONr_83,2017__HAN__LN_NF_RF,TRUE,1,4,0.6568403418490089
BRISONr_83,2017__KAL__HN_NF_RF,TRUE,1,4,-0.07399751960785489
BRISONr_83,2017__KAL__HN_WF_RF,TRUE,1,4,0.09767391070916365
BRISONr_83,2017__KAL__LN_NF_RF,TRUE,1,4,0.2118008918579279
BRISONr_83,2017__KIE__HN_NF_RF,TRUE,1,4,0.6801511239976588
BRISONr_83,2017__KIE__HN_WF_RF,TRUE,1,4,0.1783131711212697
BRISONr_83,2017__KIE__LN_NF_RF,TRUE,1,4,0.7753929176941541
BRISONr_83,2017__QLB__HN_NF_RF,TRUE,1,4,0.6752455597223778
BRISONr_83,2017__QLB__HN_WF_RF,TRUE,1,4,0.15441599410795856
BRISONr_83,2017__QLB__LN_NF_RF,TRUE,1,4,0.3171324173155724
BRISONr_84,2015__GGE__HN_NF_RF,TRUE,1,4,0.3550181623957849
BRISONr_84,2015__GGE__HN_WF_RF,TRUE,1,4,0.4007851605885554
BRISONr_84,2015__GGE__LN_NF_RF,TRUE,1,4,0.21367714939955215
BRISONr_84,2015__HAN__HN_NF_RF,TRUE,1,4,0.0171155014568236
BRISONr_84,2015__HAN__HN_WF_RF,TRUE,1,4,0.3053742138296099
BRISONr_84,2015__HAN__LN_NF_RF,TRUE,1,4,0.27080515745057493
BRISONr_84,2015__KAL__HN_NF_RF,TRUE,0.9232988434688713,3,-0.3644976001605373
BRISONr_84,2015__KAL__HN_WF_RF,TRUE,0.9232988434688713,3,0.05843823680537378
BRISONr_84,2015__KAL__LN_NF_RF,TRUE,0.9232988434688713,3,-0.5689155475870072
BRISONr_84,2015__KIE__HN_NF_RF,TRUE,1,4,-0.2000120248667737
BRISONr_84,2015__KIE__HN_WF_RF,TRUE,1,4,0.09864602979046408
BRISONr_84,2015__KIE__LN_NF_RF,TRUE,1,4,-0.10302855336526001
BRISONr_84,2015__QLB__HN_NF_RF,TRUE,1,4,0.11529963400269155
BRISONr_84,2015__QLB__HN_WF_RF,TRUE,1,4,-0.21825547076776042
BRISONr_84,2015__QLB__LN_NF_RF,TRUE,1,4,0.3647176699224848
BRISONr_84,2016__GGE__HN_NF_RF,TRUE,1,4,0.526738949676944
BRISONr_84,2016__GGE__HN_WF_RF,TRUE,1,4,0.22131496851049257
BRISONr_84,2016__GGE__LN_NF_RF,TRUE,1,4,0.16547985125775175
BRISONr_84,2016__HAN__HN_NF_RF,TRUE,1,4,0.09961511734787969
BRISONr_84,2016__HAN__HN_WF_RF,TRUE,1,4,0.20426681469732594
BRISONr_84,2016__HAN__LN_NF_RF,TRUE,1,4,0.2480190575327179
BRISONr_84,2016__KAL__HN_NF_RF,TRUE,1,4,0.3211799850125682
BRISONr_84,2016__KAL__HN_WF_RF,TRUE,1,4,0.7023746546758994
BRISONr_84,2016__KAL__LN_NF_RF,TRUE,1,4,0.3470746488403617
BRISONr_84,2016__KIE__HN_NF_RF,TRUE,1,4,-0.19222668371821383
BRISONr_84,2016__KIE__HN_WF_RF,TRUE,1,4,0.4314259399911639
BRISONr_84,2016__KIE__LN_NF_RF,TRUE,1,4,0.2175862561256292
BRISONr_84,2016__QLB__HN_NF_RF,TRUE,1,4,0.6022927004413383
BRISONr_84,2016__QLB__HN_WF_RF,TRUE,1,4,0.7705736690646231
BRISONr_84,2016__QLB__LN_NF_RF,TRUE,1,4,0.3506040598913597
BRISONr_84,2017__GGE__HN_NF_RF,TRUE,1,4,0.40122859120225485
BRISONr_84,2017__GGE__HN_WF_RF,TRUE,1,4,0.38107608142573596
BRISONr_84,2017__GGE__LN_NF_RF,TRUE,1,4,0.4962420902264883
BRISONr_84,2017__HAN__HN_NF_RF,TRUE,1,4,0.09732771458814948
BRISONr_84,2017__HAN__HN_WF_RF,TRUE,1,4,-0.4640941780306177
BRISONr_84,2017__HAN__LN_NF_RF,TRUE,1,4,0.651610751228161
BRISONr_84,2017__KAL__HN_NF_RF,TRUE,1,4,-0.08220610241428325
BRISONr_84,2017__KAL__HN_WF_RF,TRUE,1,4,-0.10432013316155396
BRISONr_84,2017__KAL__LN_NF_RF,TRUE,1,4,-0.3107800773180935
BRISONr_84,2017__KIE__HN_NF_RF,TRUE,1,4,-0.17625460122913156
BRISONr_84,2017__KIE__HN_WF_RF,TRUE,1,4,-0.094153518661747565
BRISONr_84,2017__KIE__LN_NF_RF,TRUE,1,4,-0.0684401377321362
BRISONr_84,2017__QLB__HN_NF_RF,TRUE,1,4,0.08263326730261947
BRISONr_84,2017__QLB__HN_WF_RF,TRUE,1,4,0.26381244108596263
BRISONr_84,2017__QLB__LN_NF_RF,TRUE,1,4,0.14012966484958592
BRISONr_85,2015__GGE__HN_NF_RF,TRUE,1,4,0.5585393251593871
BRISONr_85,2015__GGE__HN_WF_RF,TRUE,1,4,0.3446157775258964
BRISONr_85,2015__GGE__LN_NF_RF,TRUE,1,4,0.09206421339259382
BRISONr_85,2015__HAN__HN_NF_RF,TRUE,1,4,1.2881376768723996
BRISONr_85,2015__HAN__HN_WF_RF,TRUE,1,4,0.0987124268378621
BRISONr_85,2015__HAN__LN_NF_RF,TRUE,1,4,0.3696419943659545
BRISONr_85,2015__KAL__HN_NF_RF,TRUE,0.9232988434688713,3,1.2359859115625835
BRISONr_85,2015__KAL__HN_WF_RF,TRUE,0.9232988434688713,3,0.6746535637635422
BRISONr_85,2015__KAL__LN_NF_RF,TRUE,0.9232988434688713,3,1.3261611690357964
BRISONr_85,2015__KIE__HN_NF_RF,TRUE,1,4,0.6731828568301634
BRISONr_85,2015__KIE__HN_WF_RF,TRUE,1,4,0.0986869022335378
BRISONr_85,2015__KIE__LN_NF_RF,TRUE,1,4,0.16070188405543526
BRISONr_85,2015__QLB__HN_NF_RF,TRUE,1,4,0.6586102475152626
BRISONr_85,2015__QLB__HN_WF_RF,TRUE,1,4,0.6475120669487622
BRISONr_85,2015__QLB__LN_NF_RF,TRUE,1,4,0.6159726500121273
BRISONr_85,2016__GGE__HN_NF_RF,TRUE,1,4,0.6473756769683165
BRISONr_85,2016__GGE__HN_WF_RF,TRUE,1,4,0.47046508077290566
BRISONr_85,2016__GGE__LN_NF_RF,TRUE,1,4,-0.016437608223477135
BRISONr_85,2016__HAN__HN_NF_RF,TRUE,1,4,0.200936987840892
BRISONr_85,2016__HAN__HN_WF_RF,TRUE,1,4,-0.2631836593389524
BRISONr_85,2016__HAN__LN_NF_RF,TRUE,1,4,-0.08121861740040702
BRISONr_85,2016__KAL__HN_NF_RF,TRUE,1,4,0.27792382774946395
BRISONr_85,2016__KAL__HN_WF_RF,TRUE,1,4,0.34196615696275023
BRISONr_85,2016__KAL__LN_NF_RF,TRUE,1,4,0.4436454678113581
BRISONr_85,2016__KIE__HN_NF_RF,TRUE,1,4,0.5460818590138304
BRISONr_85,2016__KIE__HN_WF_RF,TRUE,1,4,-0.003994286096674529
BRISONr_85,2016__KIE__LN_NF_RF,TRUE,1,4,0.07832914830832433
BRISONr_85,2016__QLB__HN_NF_RF,TRUE,1,4,1.6657436319334333
BRISONr_85,2016__QLB__HN_WF_RF,TRUE,1,4,-0.10697678605453484
BRISONr_85,2016__QLB__LN_NF_RF,TRUE,1,4,1.496712589680063
BRISONr_85,2017__GGE__HN_NF_RF,TRUE,1,4,0.3662111763513255
BRISONr_85,2017__GGE__HN_WF_RF,TRUE,1,4,0.21632902134471793
BRISONr_85,2017__GGE__LN_NF_RF,TRUE,1,4,0.13738022555712157
BRISONr_85,2017__HAN__HN_NF_RF,TRUE,1,4,0.10109541641852877
BRISONr_85,2017__HAN__HN_WF_RF,TRUE,1,4,-0.24695474381993643
BRISONr_85,2017__HAN__LN_NF_RF,TRUE,1,4,0.32820507841244756
BRISONr_85,2017__KAL__HN_NF_RF,TRUE,1,4,0.40610887977867177
BRISONr_85,2017__KAL__HN_WF_RF,TRUE,1,4,0.21266036480535114
BRISONr_85,2017__KAL__LN_NF_RF,TRUE,1,4,0.15240041980021762
BRISONr_85,2017__KIE__HN_NF_RF,TRUE,1,4,0.0054011638188906155
BRISONr_85,2017__KIE__HN_WF_RF,TRUE,1,4,0.3239730554563165
BRISONr_85,2017__KIE__LN_NF_RF,TRUE,1,4,-0.44027896653298004
BRISONr_85,2017__QLB__HN_NF_RF,TRUE,1,4,0.9760474209605885
BRISONr_85,2017__QLB__HN_WF_RF,TRUE,1,4,0.6747479219108411
BRISONr_85,2017__QLB__LN_NF_RF,TRUE,1,4,1.174864529865181
BRISONr_86,2015__GGE__HN_NF_RF,TRUE,1,4,-0.38690150087622693
BRISONr_86,2015__GGE__HN_WF_RF,TRUE,1,4,-0.06511185436708598
BRISONr_86,2015__GGE__LN_NF_RF,TRUE,1,4,-0.017548848415130804
BRISONr_86,2015__HAN__HN_NF_RF,TRUE,1,4,0.9864337657278536
BRISONr_86,2015__HAN__HN_WF_RF,TRUE,1,4,-0.7333639005101581
BRISONr_86,2015__HAN__LN_NF_RF,TRUE,1,4,0.02212969379172717
BRISONr_86,2015__KAL__HN_NF_RF,TRUE,0.9232988434688713,3,-0.15427189277088932
BRISONr_86,2015__KAL__HN_WF_RF,TRUE,0.9232988434688713,3,0.04684880443145297
BRISONr_86,2015__KAL__LN_NF_RF,TRUE,0.9232988434688713,3,-0.024804150838176702
BRISONr_86,2015__KIE__HN_NF_RF,TRUE,1,4,0.27139697605768437
BRISONr_86,2015__KIE__HN_WF_RF,TRUE,1,4,-0.21978096334247313
BRISONr_86,2015__KIE__LN_NF_RF,TRUE,1,4,0.046743140248174816
BRISONr_86,2015__QLB__HN_NF_RF,TRUE,1,4,-0.091348728423647
BRISONr_86,2015__QLB__HN_WF_RF,TRUE,1,4,0.12685431800703798
BRISONr_86,2015__QLB__LN_NF_RF,TRUE,1,4,-0.2098079848813345
BRISONr_86,2016__GGE__HN_NF_RF,TRUE,1,4,-0.7722348398533719
BRISONr_86,2016__GGE__HN_WF_RF,TRUE,1,4,-0.26425309752941467
BRISONr_86,2016__GGE__LN_NF_RF,TRUE,1,4,-0.570092036263575
BRISONr_86,2016__HAN__HN_NF_RF,TRUE,1,4,-0.6050474821862678
BRISONr_86,2016__HAN__HN_WF_RF,TRUE,1,4,0.09543868266805289
BRISONr_86,2016__HAN__LN_NF_RF,TRUE,1,4,-0.10021860556475172
BRISONr_86,2016__KAL__HN_NF_RF,TRUE,1,4,-0.8713114012130375
BRISONr_86,2016__KAL__HN_WF_RF,TRUE,1,4,-0.09768603448254892
BRISONr_86,2016__KAL__LN_NF_RF,TRUE,1,4,-0.22033813226773627
BRISONr_86,2016__KIE__HN_NF_RF,TRUE,1,4,0.1398383897771261
BRISONr_86,2016__KIE__HN_WF_RF,TRUE,1,4,-0.0038677008780046845
BRISONr_86,2016__KIE__LN_NF_RF,TRUE,1,4,-0.16638460061648314
BRISONr_86,2016__QLB__HN_NF_RF,TRUE,1,4,-0.37709344166502823
BRISONr_86,2016__QLB__HN_WF_RF,TRUE,1,4,-0.46825997789599433
BRISONr_86,2016__QLB__LN_NF_RF,TRUE,1,4,-0.3728704509012324
BRISONr_86,2017__GGE__HN_NF_RF,TRUE,1,4,-0.15424407695656078
BRISONr_86,2017__GGE__HN_WF_RF,TRUE,1,4,-0.20785851051349202
BRISONr_86,2017__GGE__LN_NF_RF,TRUE,1,4,-0.18904712845507027
BRISONr_86,2017__HAN__HN_NF_RF,TRUE,1,4,-0.29767580852697606
BRISONr_86,2017__HAN__HN_WF_RF,TRUE,1,4,-0.5213761295711782
BRISONr_86,2017__HAN__LN_NF_RF,TRUE,1,4,0.19502625244754096
BRISONr_86,2017__KAL__HN_NF_RF,TRUE,1,4,0.11364330520080204
BRISONr_86,2017__KAL__HN_WF_RF,TRUE,1,4,0.4671943653925091
BRISONr_86,2017__KAL__LN_NF_RF,TRUE,1,4,-0.1098408264167432
BRISONr_86,2017__KIE__HN_NF_RF,TRUE,1,4,0.14177734233908912
BRISONr_86,2017__KIE__HN_WF_RF,TRUE,1,4,0.15187371665217425
BRISONr_86,2017__KIE__LN_NF_RF,TRUE,1,4,-0.3688466257808044
BRISONr_86,2017__QLB__HN_NF_RF,TRUE,1,4,0.06383247324048025
BRISONr_86,2017__QLB__HN_WF_RF,TRUE,1,4,0.2383797469309934
BRISONr_86,2017__QLB__LN_NF_RF,TRUE,1,4,-0.2790273718746033
BRISONr_87,2015__GGE__HN_NF_RF,TRUE,1,4,-0.48013219263243695
BRISONr_87,2015__GGE__HN_WF_RF,TRUE,1,4,0.36861054173100277
BRISONr_87,2015__GGE__LN_NF_RF,TRUE,1,4,-0.50745307761148994
BRISONr_87,2015__HAN__HN_NF_RF,TRUE,1,4,0.003763901879126365
BRISONr_87,2015__HAN__HN_WF_RF,TRUE,1,4,0.44331980907017815
BRISONr_87,2015__HAN__LN_NF_RF,TRUE,1,4,-0.06064974415383527
BRISONr_87,2015__KAL__HN_NF_RF,TRUE,0.9232988434688713,3,-0.2600383023794393
BRISONr_87,2015__KAL__HN_WF_RF,TRUE,0.9232988434688713,3,-0.7902649609077885
BRISONr_87,2015__KAL__LN_NF_RF,TRUE,0.9232988434688713,3,-0.1345731016316701
BRISONr_87,2015__KIE__HN_NF_RF,TRUE,1,4,-0.023580999310609127
BRISONr_87,2015__KIE__HN_WF_RF,TRUE,1,4,0.3569976133264009
BRISONr_87,2015__KIE__LN_NF_RF,TRUE,1,4,-0.045493043159472286
BRISONr_87,2015__QLB__HN_NF_RF,TRUE,1,4,0.09809322535244497
BRISONr_87,2015__QLB__HN_WF_RF,TRUE,1,4,0.22334942776861108
BRISONr_87,2015__QLB__LN_NF_RF,TRUE,1,4,-0.23423507449232334
BRISONr_87,2016__GGE__HN_NF_RF,TRUE,1,4,-0.02719648420057809
BRISONr_87,2016__GGE__HN_WF_RF,TRUE,1,4,0.370268714597447
BRISONr_87,2016__GGE__LN_NF_RF,TRUE,1,4,0.04611214576671345
BRISONr_87,2016__HAN__HN_NF_RF,TRUE,1,4,-0.20367500158886587
BRISONr_87,2016__HAN__HN_WF_RF,TRUE,1,4,0.5626884638384492
BRISONr_87,2016__HAN__LN_NF_RF,TRUE,1,4,0.024979007702882892
BRISONr_87,2016__KAL__HN_NF_RF,TRUE,1,4,0.14610251199052346
BRISONr_87,2016__KAL__HN_WF_RF,TRUE,1,4,-0.10145720162816169
BRISONr_87,2016__KAL__LN_NF_RF,TRUE,1,4,0.08162187590193677
BRISONr_87,2016__KIE__HN_NF_RF,TRUE,1,4,0.012728503521529645
BRISONr_87,2016__KIE__HN_WF_RF,TRUE,1,4,0.2030915121398953
BRISONr_87,2016__KIE__LN_NF_RF,TRUE,1,4,0.24864906057463224
BRISONr_87,2016__QLB__HN_NF_RF,TRUE,1,4,0.05987831318262898
BRISONr_87,2016__QLB__HN_WF_RF,TRUE,1,4,0.5000166258439227
BRISONr_87,2016__QLB__LN_NF_RF,TRUE,1,4,0.012056804275514442
BRISONr_87,2017__GGE__HN_NF_RF,TRUE,1,4,-0.1449698854347354
BRISONr_87,2017__GGE__HN_WF_RF,TRUE,1,4,0.21954904269741266
BRISONr_87,2017__GGE__LN_NF_RF,TRUE,1,4,0.13095230281444936
BRISONr_87,2017__HAN__HN_NF_RF,TRUE,1,4,0.10520983174226173
BRISONr_87,2017__HAN__HN_WF_RF,TRUE,1,4,0.5155050142922041
BRISONr_87,2017__HAN__LN_NF_RF,TRUE,1,4,0.6485602198378528
BRISONr_87,2017__KAL__HN_NF_RF,TRUE,1,4,0.03689861035932729
BRISONr_87,2017__KAL__HN_WF_RF,TRUE,1,4,0.14105040413320785
BRISONr_87,2017__KAL__LN_NF_RF,TRUE,1,4,0.48422449173654825
BRISONr_87,2017__KIE__HN_NF_RF,TRUE,1,4,-0.12376165960538753
BRISONr_87,2017__KIE__HN_WF_RF,TRUE,1,4,-0.11458106779956964
BRISONr_87,2017__KIE__LN_NF_RF,TRUE,1,4,0.13598606408600244
BRISONr_87,2017__QLB__HN_NF_RF,TRUE,1,4,-0.05403106933529688
BRISONr_87,2017__QLB__HN_WF_RF,TRUE,1,4,0.1408190881450548
BRISONr_87,2017__QLB__LN_NF_RF,TRUE,1,4,0.4073952613801634
BRISONr_88,2015__GGE__HN_NF_RF,TRUE,1,4,0.3383414886697653
BRISONr_88,2015__GGE__HN_WF_RF,TRUE,1,4,0.13920889795261107
BRISONr_88,2015__GGE__LN_NF_RF,TRUE,1,4,0.33183938886607095
BRISONr_88,2015__HAN__HN_NF_RF,TRUE,1,4,0.43795112984634404
BRISONr_88,2015__HAN__HN_WF_RF,TRUE,1,4,0.26523217690904616
BRISONr_88,2015__HAN__LN_NF_RF,TRUE,1,4,0.2091726220762383
BRISONr_88,2015__KAL__HN_NF_RF,TRUE,0.9232988434688713,3,0.9847060315466466
BRISONr_88,2015__KAL__HN_WF_RF,TRUE,0.9232988434688713,3,0.5643367652206444
BRISONr_88,2015__KAL__LN_NF_RF,TRUE,0.9232988434688713,3,0.6277597678506324
BRISONr_88,2015__KIE__HN_NF_RF,TRUE,1,4,0.39026323125545603
BRISONr_88,2015__KIE__HN_WF_RF,TRUE,1,4,0.08472854058197679
BRISONr_88,2015__KIE__LN_NF_RF,TRUE,1,4,0.19142184899558007
BRISONr_88,2015__QLB__HN_NF_RF,TRUE,1,4,0.677955248611574
BRISONr_88,2015__QLB__HN_WF_RF,TRUE,1,4,0.3560245878965642
BRISONr_88,2015__QLB__LN_NF_RF,TRUE,1,4,-0.10640902860743634
BRISONr_88,2016__GGE__HN_NF_RF,TRUE,1,4,0.2501835458069006
BRISONr_88,2016__GGE__HN_WF_RF,TRUE,1,4,0.09458989068559398
BRISONr_88,2016__GGE__LN_NF_RF,TRUE,1,4,0.14769785309503652
BRISONr_88,2016__HAN__HN_NF_RF,TRUE,1,4,0.5903320515359317
BRISONr_88,2016__HAN__HN_WF_RF,TRUE,1,4,0.1266970626572503
BRISONr_88,2016__HAN__LN_NF_RF,TRUE,1,4,0.30421825999118474
BRISONr_88,2016__KAL__HN_NF_RF,TRUE,1,4,0.33128903950215993
BRISONr_88,2016__KAL__HN_WF_RF,TRUE,1,4,0.16928437158461668
BRISONr_88,2016__KAL__LN_NF_RF,TRUE,1,4,0.21202229694581654
BRISONr_88,2016__KIE__HN_NF_RF,TRUE,1,4,0.19571347280572723
BRISONr_88,2016__KIE__HN_WF_RF,TRUE,1,4,0.26420698462348124
BRISONr_88,2016__KIE__LN_NF_RF,TRUE,1,4,0.1376830272784379
BRISONr_88,2016__QLB__HN_NF_RF,TRUE,1,4,0.4649538209105171
BRISONr_88,2016__QLB__HN_WF_RF,TRUE,1,4,0.3048766490973305
BRISONr_88,2016__QLB__LN_NF_RF,TRUE,1,4,0.2183595777372653
BRISONr_88,2017__GGE__HN_NF_RF,TRUE,1,4,0.32679461928658016
BRISONr_88,2017__GGE__HN_WF_RF,TRUE,1,4,0.3944868498108919
BRISONr_88,2017__GGE__LN_NF_RF,TRUE,1,4,0.42173619373840304
BRISONr_88,2017__HAN__HN_NF_RF,TRUE,1,4,0.22863456102222857
BRISONr_88,2017__HAN__HN_WF_RF,TRUE,1,4,0.015086179155164116
BRISONr_88,2017__HAN__LN_NF_RF,TRUE,1,4,0.8651386572974916
BRISONr_88,2017__KAL__HN_NF_RF,TRUE,1,4,0.4143358102020661
BRISONr_88,2017__KAL__HN_WF_RF,TRUE,1,4,0.05143322908696295
BRISONr_88,2017__KAL__LN_NF_RF,TRUE,1,4,0.44184573791511256
BRISONr_88,2017__KIE__HN_NF_RF,TRUE,1,4,0.19726653457406104
BRISONr_88,2017__KIE__HN_WF_RF,TRUE,1,4,-0.250271962960307
BRISONr_88,2017__KIE__LN_NF_RF,TRUE,1,4,-0.0584454061565421
BRISONr_88,2017__QLB__HN_NF_RF,TRUE,1,4,0.814682675757247
BRISONr_88,2017__QLB__HN_WF_RF,TRUE,1,4,0.4444774212688974
BRISONr_88,2017__QLB__LN_NF_RF,TRUE,1,4,0.2990416868276728
BRISONr_89,2015__GGE__HN_NF_RF,TRUE,1,4,-0.12878443057510824
BRISONr_89,2015__GGE__HN_WF_RF,TRUE,1,4,0.3762721973884824
BRISONr_89,2015__GGE__LN_NF_RF,TRUE,1,4,0.03571772467535378
BRISONr_89,2015__HAN__HN_NF_RF,TRUE,1,4,0.2879132193107414
BRISONr_89,2015__HAN__HN_WF_RF,TRUE,1,4,0.5349734368694751
BRISONr_89,2015__HAN__LN_NF_RF,TRUE,1,4,-0.7334167447737274
BRISONr_89,2015__KAL__HN_NF_RF,TRUE,0.9232988434688713,3,0.4474512546204287
BRISONr_89,2015__KAL__HN_WF_RF,TRUE,0.9232988434688713,3,-0.3534222533127192
BRISONr_89,2015__KAL__LN_NF_RF,TRUE,0.9232988434688713,3,-0.23285963178723776
BRISONr_89,2015__KIE__HN_NF_RF,TRUE,1,4,0.0436709367134905
BRISONr_89,2015__KIE__HN_WF_RF,TRUE,1,4,0.03635854194241252
BRISONr_89,2015__KIE__LN_NF_RF,TRUE,1,4,-0.015003258000764137
BRISONr_89,2015__QLB__HN_NF_RF,TRUE,1,4,-0.021855204581976647
BRISONr_89,2015__QLB__HN_WF_RF,TRUE,1,4,0.6046026671030496
BRISONr_89,2015__QLB__LN_NF_RF,TRUE,1,4,-0.17361505600716032
BRISONr_89,2016__GGE__HN_NF_RF,TRUE,1,4,0.035886642003634256
BRISONr_89,2016__GGE__HN_WF_RF,TRUE,1,4,0.35978679941103325
BRISONr_89,2016__GGE__LN_NF_RF,TRUE,1,4,-0.23037432718370296
BRISONr_89,2016__HAN__HN_NF_RF,TRUE,1,4,-0.203875298311489
BRISONr_89,2016__HAN__HN_WF_RF,TRUE,1,4,0.45382844747127876
BRISONr_89,2016__HAN__LN_NF_RF,TRUE,1,4,0.2676682057217645
BRISONr_89,2016__KAL__HN_NF_RF,TRUE,1,4,-0.05736365636261488
BRISONr_89,2016__KAL__HN_WF_RF,TRUE,1,4,0.43953983318734563
BRISONr_89,2016__KAL__LN_NF_RF,TRUE,1,4,-0.3214494237961834
BRISONr_89,2016__KIE__HN_NF_RF,TRUE,1,4,0.10197842871483367
BRISONr_89,2016__KIE__HN_WF_RF,TRUE,1,4,0.44563829378215497
BRISONr_89,2016__KIE__LN_NF_RF,TRUE,1,4,0.3530261850725732
BRISONr_89,2016__QLB__HN_NF_RF,TRUE,1,4,0.17821610089573556
BRISONr_89,2016__QLB__HN_WF_RF,TRUE,1,4,0.8510780599976864
BRISONr_89,2016__QLB__LN_NF_RF,TRUE,1,4,0.14432771147857107
BRISONr_89,2017__GGE__HN_NF_RF,TRUE,1,4,0.2879099716982911
BRISONr_89,2017__GGE__HN_WF_RF,TRUE,1,4,0.6354827898895482
BRISONr_89,2017__GGE__LN_NF_RF,TRUE,1,4,0.3146351945155782
BRISONr_89,2017__HAN__HN_NF_RF,TRUE,1,4,-0.17393633132761194
BRISONr_89,2017__HAN__HN_WF_RF,TRUE,1,4,-0.1253922190378959
BRISONr_89,2017__HAN__LN_NF_RF,TRUE,1,4,-0.049282479325861675
BRISONr_89,2017__KAL__HN_NF_RF,TRUE,1,4,0.0689773031088797
BRISONr_89,2017__KAL__HN_WF_RF,TRUE,1,4,0.6043838331623171
BRISONr_89,2017__KAL__LN_NF_RF,TRUE,1,4,0.15658338800759397
BRISONr_89,2017__KIE__HN_NF_RF,TRUE,1,4,-0.13437351409234297
BRISONr_89,2017__KIE__HN_WF_RF,TRUE,1,4,0.378462404567562
BRISONr_89,2017__KIE__LN_NF_RF,TRUE,1,4,0.17743625952302125
BRISONr_89,2017__QLB__HN_NF_RF,TRUE,1,4,0.17172967515548135
BRISONr_89,2017__QLB__HN_WF_RF,TRUE,1,4,0.9812963989127903
BRISONr_89,2017__QLB__LN_NF_RF,TRUE,1,4,0.30589558471675726
BRISONr_9,2015__GGE__HN_NF_RF,TRUE,1,4,0.572338082268472
BRISONr_9,2015__GGE__HN_WF_RF,TRUE,1,4,0.33475729432118373
BRISONr_9,2015__GGE__LN_NF_RF,TRUE,1,4,0.600671796086506
BRISONr_9,2015__HAN__HN_NF_RF,TRUE,1,4,-0.005585723822618453
BRISONr_9,2015__HAN__HN_WF_RF,TRUE,1,4,0.2321131434108078
BRISONr_9,2015__HAN__LN_NF_RF,TRUE,1,4,-0.026775144715965253
BRISONr_9,2015__KAL__HN_NF_RF,TRUE,0.9232988434688713,3,0.8565461021160378
BRISONr_9,2015__KAL__HN_WF_RF,TRUE,0.9232988434688713,3,-0.2310168262117135
BRISONr_9,2015__KAL__LN_NF_RF,TRUE,0.9232988434688713,3,0.3933712867235792
BRISONr_9,2015__KIE__HN_NF_RF,TRUE,1,4,0.09701481222359165
BRISONr_9,2015__KIE__HN_WF_RF,TRUE,1,4,0.2597708593527523
BRISONr_9,2015__KIE__LN_NF_RF,TRUE,1,4,0.513992654572908
BRISONr_9,2015__QLB__HN_NF_RF,TRUE,1,4,0.257254060667737
BRISONr_9,2015__QLB__HN_WF_RF,TRUE,1,4,0.6053943369266075
BRISONr_9,2015__QLB__LN_NF_RF,TRUE,1,4,0.3841129745450359
BRISONr_9,2016__GGE__HN_NF_RF,TRUE,1,4,0.2509566355234554
BRISONr_9,2016__GGE__HN_WF_RF,TRUE,1,4,0.019922547545866913
BRISONr_9,2016__GGE__LN_NF_RF,TRUE,1,4,-0.0656465948377679
BRISONr_9,2016__HAN__HN_NF_RF,TRUE,1,4,0.6629621598882024
BRISONr_9,2016__HAN__HN_WF_RF,TRUE,1,4,0.028154980989793438
BRISONr_9,2016__HAN__LN_NF_RF,TRUE,1,4,0.9359332682696251
BRISONr_9,2016__KAL__HN_NF_RF,TRUE,1,4,0.2407856816402118
BRISONr_9,2016__KAL__HN_WF_RF,TRUE,1,4,0.07707082485242021
BRISONr_9,2016__KAL__LN_NF_RF,TRUE,1,4,0.5857677665363384
BRISONr_9,2016__KIE__HN_NF_RF,TRUE,1,4,0.3062478629193106
BRISONr_9,2016__KIE__HN_WF_RF,TRUE,1,4,-0.21110573492503718
BRISONr_9,2016__KIE__LN_NF_RF,TRUE,1,4,-0.04230193019027465
BRISONr_9,2016__QLB__HN_NF_RF,TRUE,1,4,-0.10689298209186662
BRISONr_9,2016__QLB__HN_WF_RF,TRUE,1,4,0.3669449590703573
BRISONr_9,2016__QLB__LN_NF_RF,TRUE,1,4,-0.17454293643849725
BRISONr_9,2017__GGE__HN_NF_RF,TRUE,1,4,-0.139088121591453
BRISONr_9,2017__GGE__HN_WF_RF,TRUE,1,4,0.13910798862677878
BRISONr_9,2017__GGE__LN_NF_RF,TRUE,1,4,0.1668535642971223
BRISONr_9,2017__HAN__HN_NF_RF,TRUE,1,4,0.13051691036060484
BRISONr_9,2017__HAN__HN_WF_RF,TRUE,1,4,1.1662393872169883
BRISONr_9,2017__HAN__LN_NF_RF,TRUE,1,4,-0.3199598506455272
BRISONr_9,2017__KAL__HN_NF_RF,TRUE,1,4,0.3021911421865181
BRISONr_9,2017__KAL__HN_WF_RF,TRUE,1,4,-0.16297956178715295
BRISONr_9,2017__KAL__LN_NF_RF,TRUE,1,4,-0.3063489401626672
BRISONr_9,2017__KIE__HN_NF_RF,TRUE,1,4,0.1825250033580421
BRISONr_9,2017__KIE__HN_WF_RF,TRUE,1,4,0.10474315106945464
BRISONr_9,2017__KIE__LN_NF_RF,TRUE,1,4,0.3753793823019168
BRISONr_9,2017__QLB__HN_NF_RF,TRUE,1,4,0.7269691803243137
BRISONr_9,2017__QLB__HN_WF_RF,TRUE,1,4,0.32169003478966546
BRISONr_9,2017__QLB__LN_NF_RF,TRUE,1,4,0.6958972584142477
BRISONr_90,2015__GGE__HN_NF_RF,TRUE,1,4,0.7888830967124472
BRISONr_90,2015__GGE__HN_WF_RF,TRUE,1,4,0.7020961484871807
BRISONr_90,2015__GGE__LN_NF_RF,TRUE,1,4,0.26089627310368263
BRISONr_90,2015__HAN__HN_NF_RF,TRUE,1,4,0.7423353355653711
BRISONr_90,2015__HAN__HN_WF_RF,TRUE,1,4,0.5214311317031355
BRISONr_90,2015__HAN__LN_NF_RF,TRUE,1,4,0.515862159736108
BRISONr_90,2015__KAL__HN_NF_RF,TRUE,0.9232988434688713,3,0.4125134938624407
BRISONr_90,2015__KAL__HN_WF_RF,TRUE,0.9232988434688713,3,-0.1067974771285689
BRISONr_90,2015__KAL__LN_NF_RF,TRUE,0.9232988434688713,3,0.19594165927310359
BRISONr_90,2015__KIE__HN_NF_RF,TRUE,1,4,0.5758104916564842
BRISONr_90,2015__KIE__HN_WF_RF,TRUE,1,4,0.4215279565748755
BRISONr_90,2015__KIE__LN_NF_RF,TRUE,1,4,0.38915178721883703
BRISONr_90,2015__QLB__HN_NF_RF,TRUE,1,4,0.28086081855766043
BRISONr_90,2015__QLB__HN_WF_RF,TRUE,1,4,-0.07512128248957993
BRISONr_90,2015__QLB__LN_NF_RF,TRUE,1,4,0.5961204425796109
BRISONr_90,2016__GGE__HN_NF_RF,TRUE,1,4,0.9430036705771168
BRISONr_90,2016__GGE__HN_WF_RF,TRUE,1,4,0.7993392910735154
BRISONr_90,2016__GGE__LN_NF_RF,TRUE,1,4,0.24178162673342868
BRISONr_90,2016__HAN__HN_NF_RF,TRUE,1,4,0.8927844888399443
BRISONr_90,2016__HAN__HN_WF_RF,TRUE,1,4,0.5058956503062045
BRISONr_90,2016__HAN__LN_NF_RF,TRUE,1,4,0.13884914906167495
BRISONr_90,2016__KAL__HN_NF_RF,TRUE,1,4,0.6751844683902566
BRISONr_90,2016__KAL__HN_WF_RF,TRUE,1,4,0.24013390261360346
BRISONr_90,2016__KAL__LN_NF_RF,TRUE,1,4,0.37864189266768167
BRISONr_90,2016__KIE__HN_NF_RF,TRUE,1,4,0.7107488605474324
BRISONr_90,2016__KIE__HN_WF_RF,TRUE,1,4,0.2675064845755285
BRISONr_90,2016__KIE__LN_NF_RF,TRUE,1,4,0.4638769571875233
BRISONr_90,2016__QLB__HN_NF_RF,TRUE,1,4,0.9166231833200621
BRISONr_90,2016__QLB__HN_WF_RF,TRUE,1,4,0.6579395379986919
BRISONr_90,2016__QLB__LN_NF_RF,TRUE,1,4,0.35329103124458044
BRISONr_90,2017__GGE__HN_NF_RF,TRUE,1,4,0.47340431002691935
BRISONr_90,2017__GGE__HN_WF_RF,TRUE,1,4,0.5024115865533267
BRISONr_90,2017__GGE__LN_NF_RF,TRUE,1,4,0.4676498171022896
BRISONr_90,2017__HAN__HN_NF_RF,TRUE,1,4,-0.18130786884962408
BRISONr_90,2017__HAN__HN_WF_RF,TRUE,1,4,0.16381762984573234
BRISONr_90,2017__HAN__LN_NF_RF,TRUE,1,4,0.21196634635746028
BRISONr_90,2017__KAL__HN_NF_RF,TRUE,1,4,0.29814904549600435
BRISONr_90,2017__KAL__HN_WF_RF,TRUE,1,4,0.08731782680296071
BRISONr_90,2017__KAL__LN_NF_RF,TRUE,1,4,-0.04359568364570343
BRISONr_90,2017__KIE__HN_NF_RF,TRUE,1,4,0.3382009623624201
BRISONr_90,2017__KIE__HN_WF_RF,TRUE,1,4,0.3277060657364647
BRISONr_90,2017__KIE__LN_NF_RF,TRUE,1,4,0.5226646583763143
BRISONr_90,2017__QLB__HN_NF_RF,TRUE,1,4,0.5134939273877498
BRISONr_90,2017__QLB__HN_WF_RF,TRUE,1,4,-0.10107019223485147
BRISONr_90,2017__QLB__LN_NF_RF,TRUE,1,4,0.4210324115472881
BRISONr_91,2015__GGE__HN_NF_RF,TRUE,1,4,0.7306262187711732
BRISONr_91,2015__GGE__HN_WF_RF,TRUE,1,4,0.4124614106205224
BRISONr_91,2015__GGE__LN_NF_RF,TRUE,1,4,0.48867903747072855
BRISONr_91,2015__HAN__HN_NF_RF,TRUE,1,4,0.4425113040850756
BRISONr_91,2015__HAN__HN_WF_RF,TRUE,1,4,0.39078500779213493
BRISONr_91,2015__HAN__LN_NF_RF,TRUE,1,4,0.3967003591939133
BRISONr_91,2015__KAL__HN_NF_RF,TRUE,0.9232988434688713,3,0.23353304146095225
BRISONr_91,2015__KAL__HN_WF_RF,TRUE,0.9232988434688713,3,0.10639793552558649
BRISONr_91,2015__KAL__LN_NF_RF,TRUE,0.9232988434688713,3,0.05404472971935336
BRISONr_91,2015__KIE__HN_NF_RF,TRUE,1,4,0.2598452373839153
BRISONr_91,2015__KIE__HN_WF_RF,TRUE,1,4,-0.15439565649128328
BRISONr_91,2015__KIE__LN_NF_RF,TRUE,1,4,-0.07851386502158093
BRISONr_91,2015__QLB__HN_NF_RF,TRUE,1,4,0.589439884776101
BRISONr_91,2015__QLB__HN_WF_RF,TRUE,1,4,0.33754588378940803
BRISONr_91,2015__QLB__LN_NF_RF,TRUE,1,4,0.8619982082726302
BRISONr_91,2016__GGE__HN_NF_RF,TRUE,1,4,0.8714396180820455
BRISONr_91,2016__GGE__HN_WF_RF,TRUE,1,4,0.3552480449524491
BRISONr_91,2016__GGE__LN_NF_RF,TRUE,1,4,0.25670432021605477
BRISONr_91,2016__HAN__HN_NF_RF,TRUE,1,4,0.4863435810408527
BRISONr_91,2016__HAN__HN_WF_RF,TRUE,1,4,0.4634338317416038
BRISONr_91,2016__HAN__LN_NF_RF,TRUE,1,4,0.31685931308494963
BRISONr_91,2016__KAL__HN_NF_RF,TRUE,1,4,0.6549261476500041
BRISONr_91,2016__KAL__HN_WF_RF,TRUE,1,4,0.5184845642561212
BRISONr_91,2016__KAL__LN_NF_RF,TRUE,1,4,0.34299125603116687
BRISONr_91,2016__KIE__HN_NF_RF,TRUE,1,4,0.7399443063492498
BRISONr_91,2016__KIE__HN_WF_RF,TRUE,1,4,-0.17118909441095365
BRISONr_91,2016__KIE__LN_NF_RF,TRUE,1,4,0.0033040563892916333
BRISONr_91,2016__QLB__HN_NF_RF,TRUE,1,4,0.8972555832110902
BRISONr_91,2016__QLB__HN_WF_RF,TRUE,1,4,0.30345121481094467
BRISONr_91,2016__QLB__LN_NF_RF,TRUE,1,4,0.659016796440219
BRISONr_91,2017__GGE__HN_NF_RF,TRUE,1,4,0.8064546501249039
BRISONr_91,2017__GGE__HN_WF_RF,TRUE,1,4,0.20048343649415062
BRISONr_91,2017__GGE__LN_NF_RF,TRUE,1,4,0.4162219409021399
BRISONr_91,2017__HAN__HN_NF_RF,TRUE,1,4,0.4416401051178941
BRISONr_91,2017__HAN__HN_WF_RF,TRUE,1,4,0.8521608501232601
BRISONr_91,2017__HAN__LN_NF_RF,TRUE,1,4,0.503956927309585
BRISONr_91,2017__KAL__HN_NF_RF,TRUE,1,4,0.2395823019434735
BRISONr_91,2017__KAL__HN_WF_RF,TRUE,1,4,0.08663888023144568
BRISONr_91,2017__KAL__LN_NF_RF,TRUE,1,4,0.04700404590188158
BRISONr_91,2017__KIE__HN_NF_RF,TRUE,1,4,0.8703118533450092
BRISONr_91,2017__KIE__HN_WF_RF,TRUE,1,4,0.14436412665155934
BRISONr_91,2017__KIE__LN_NF_RF,TRUE,1,4,0.4573256466766061
BRISONr_91,2017__QLB__HN_NF_RF,TRUE,1,4,0.48065176441387203
BRISONr_91,2017__QLB__HN_WF_RF,TRUE,1,4,-0.3491714589772717
BRISONr_91,2017__QLB__LN_NF_RF,TRUE,1,4,0.3066460854903274
BRISONr_92,2015__GGE__HN_NF_RF,TRUE,1,4,-0.19865679332641428
BRISONr_92,2015__GGE__HN_WF_RF,TRUE,1,4,-0.12126372840877336
BRISONr_92,2015__GGE__LN_NF_RF,TRUE,1,4,0.22045127079781873
BRISONr_92,2015__HAN__HN_NF_RF,TRUE,1,4,-0.06022900733307452
BRISONr_92,2015__HAN__HN_WF_RF,TRUE,1,4,0.3331784338477221
BRISONr_92,2015__HAN__LN_NF_RF,TRUE,1,4,0.09072276589556269
BRISONr_92,2015__KAL__HN_NF_RF,TRUE,0.9232988434688713,3,0.05729294752755132
BRISONr_92,2015__KAL__HN_WF_RF,TRUE,0.9232988434688713,3,0.21272104678843914
BRISONr_92,2015__KAL__LN_NF_RF,TRUE,0.9232988434688713,3,0.6522756629068721
BRISONr_92,2015__KIE__HN_NF_RF,TRUE,1,4,-0.28833991046873453
BRISONr_92,2015__KIE__HN_WF_RF,TRUE,1,4,-0.16582087746418425
BRISONr_92,2015__KIE__LN_NF_RF,TRUE,1,4,-0.5167721590319334
BRISONr_92,2015__QLB__HN_NF_RF,TRUE,1,4,-0.042222042685635494
BRISONr_92,2015__QLB__HN_WF_RF,TRUE,1,4,-0.04388951211712661
BRISONr_92,2015__QLB__LN_NF_RF,TRUE,1,4,0.11039256444456354
BRISONr_92,2016__GGE__HN_NF_RF,TRUE,1,4,0.13713135952217367
BRISONr_92,2016__GGE__HN_WF_RF,TRUE,1,4,0.3161756040485896
BRISONr_92,2016__GGE__LN_NF_RF,TRUE,1,4,0.4087998156418839
BRISONr_92,2016__HAN__HN_NF_RF,TRUE,1,4,0.18259007813010653
BRISONr_92,2016__HAN__HN_WF_RF,TRUE,1,4,0.266552774325187
BRISONr_92,2016__HAN__LN_NF_RF,TRUE,1,4,0.12289517479048552
BRISONr_92,2016__KAL__HN_NF_RF,TRUE,1,4,0.22362751599213548
BRISONr_92,2016__KAL__HN_WF_RF,TRUE,1,4,0.5399625630921873
BRISONr_92,2016__KAL__LN_NF_RF,TRUE,1,4,0.29605339680604226
BRISONr_92,2016__KIE__HN_NF_RF,TRUE,1,4,0.08172204087946257
BRISONr_92,2016__KIE__HN_WF_RF,TRUE,1,4,0.3331366062861026
BRISONr_92,2016__KIE__LN_NF_RF,TRUE,1,4,-0.11781031512728093
BRISONr_92,2016__QLB__HN_NF_RF,TRUE,1,4,0.19738567598596554
BRISONr_92,2016__QLB__HN_WF_RF,TRUE,1,4,0.2142931381363425
BRISONr_92,2016__QLB__LN_NF_RF,TRUE,1,4,-0.025576256148049873
BRISONr_92,2017__GGE__HN_NF_RF,TRUE,1,4,-0.04497730638476034
BRISONr_92,2017__GGE__HN_WF_RF,TRUE,1,4,0.11896205707626566
BRISONr_92,2017__GGE__LN_NF_RF,TRUE,1,4,0.40958577725016776
BRISONr_92,2017__HAN__HN_NF_RF,TRUE,1,4,-0.19244945243433234
BRISONr_92,2017__HAN__HN_WF_RF,TRUE,1,4,-0.03356491833699429
BRISONr_92,2017__HAN__LN_NF_RF,TRUE,1,4,0.188481222193331
BRISONr_92,2017__KAL__HN_NF_RF,TRUE,1,4,-0.37176093005347005
BRISONr_92,2017__KAL__HN_WF_RF,TRUE,1,4,0.24766751782700086
BRISONr_92,2017__KAL__LN_NF_RF,TRUE,1,4,0.2810129530743239
BRISONr_92,2017__KIE__HN_NF_RF,TRUE,1,4,-0.3452554519123191
BRISONr_92,2017__KIE__HN_WF_RF,TRUE,1,4,-0.23257634929454946
BRISONr_92,2017__KIE__LN_NF_RF,TRUE,1,4,-0.16456550197493452
BRISONr_92,2017__QLB__HN_NF_RF,TRUE,1,4,-0.3974729024686947
BRISONr_92,2017__QLB__HN_WF_RF,TRUE,1,4,-0.38115206951787406
BRISONr_92,2017__QLB__LN_NF_RF,TRUE,1,4,-0.09004758653868994
BRISONr_93,2015__GGE__HN_NF_RF,TRUE,1,4,-0.08254783567662996
BRISONr_93,2015__GGE__HN_WF_RF,TRUE,1,4,0.3669725551795641
BRISONr_93,2015__GGE__LN_NF_RF,TRUE,1,4,-0.14138709495809548
BRISONr_93,2015__HAN__HN_NF_RF,TRUE,1,4,-0.3709404053799514
BRISONr_93,2015__HAN__HN_WF_RF,TRUE,1,4,0.31021310199976637
BRISONr_93,2015__HAN__LN_NF_RF,TRUE,1,4,-0.1545113573588456
BRISONr_93,2015__KAL__HN_NF_RF,TRUE,0.9232988434688713,3,-0.08523394577540983
BRISONr_93,2015__KAL__HN_WF_RF,TRUE,0.9232988434688713,3,-0.03990367889207625
BRISONr_93,2015__KAL__LN_NF_RF,TRUE,0.9232988434688713,3,-0.49422196782006134
BRISONr_93,2015__KIE__HN_NF_RF,TRUE,1,4,0.42231691673446453
BRISONr_93,2015__KIE__HN_WF_RF,TRUE,1,4,0.06793746902138434
BRISONr_93,2015__KIE__LN_NF_RF,TRUE,1,4,-0.0624876858660209
BRISONr_93,2015__QLB__HN_NF_RF,TRUE,1,4,0.3639673587615112
BRISONr_93,2015__QLB__HN_WF_RF,TRUE,1,4,0.5058478221083303
BRISONr_93,2015__QLB__LN_NF_RF,TRUE,1,4,0.10805819848390967
BRISONr_93,2016__GGE__HN_NF_RF,TRUE,1,4,-0.06765510980025616
BRISONr_93,2016__GGE__HN_WF_RF,TRUE,1,4,0.10884026412176177
BRISONr_93,2016__GGE__LN_NF_RF,TRUE,1,4,0.010798627014939655
BRISONr_93,2016__HAN__HN_NF_RF,TRUE,1,4,0.016165726793496815
BRISONr_93,2016__HAN__HN_WF_RF,TRUE,1,4,0.27587373893943234
BRISONr_93,2016__HAN__LN_NF_RF,TRUE,1,4,0.0038929846905975812
BRISONr_93,2016__KAL__HN_NF_RF,TRUE,1,4,-0.1181721038001054
BRISONr_93,2016__KAL__HN_WF_RF,TRUE,1,4,0.32436082426764484
BRISONr_93,2016__KAL__LN_NF_RF,TRUE,1,4,0.13464319895412621
BRISONr_93,2016__KIE__HN_NF_RF,TRUE,1,4,0.45912059263004523
BRISONr_93,2016__KIE__HN_WF_RF,TRUE,1,4,0.039165919175423405
BRISONr_93,2016__KIE__LN_NF_RF,TRUE,1,4,0.014001542464572227
BRISONr_93,2016__QLB__HN_NF_RF,TRUE,1,4,-0.12587832553986272
BRISONr_93,2016__QLB__HN_WF_RF,TRUE,1,4,-0.05148183967271055
BRISONr_93,2016__QLB__LN_NF_RF,TRUE,1,4,0.28155303832710554
BRISONr_93,2017__GGE__HN_NF_RF,TRUE,1,4,-0.06465529696467087
BRISONr_93,2017__GGE__HN_WF_RF,TRUE,1,4,0.5636706445368507
BRISONr_93,2017__GGE__LN_NF_RF,TRUE,1,4,0.8939819572714199
BRISONr_93,2017__HAN__HN_NF_RF,TRUE,1,4,0.11726088807429697
BRISONr_93,2017__HAN__HN_WF_RF,TRUE,1,4,0.18549033164411238
BRISONr_93,2017__HAN__LN_NF_RF,TRUE,1,4,0.2914490830618713
BRISONr_93,2017__KAL__HN_NF_RF,TRUE,1,4,0.24055436276094325
BRISONr_93,2017__KAL__HN_WF_RF,TRUE,1,4,0.13872101024326366
BRISONr_93,2017__KAL__LN_NF_RF,TRUE,1,4,-0.13347118122078255
BRISONr_93,2017__KIE__HN_NF_RF,TRUE,1,4,-0.1964568554964921
BRISONr_93,2017__KIE__HN_WF_RF,TRUE,1,4,-0.19125652843492658
BRISONr_93,2017__KIE__LN_NF_RF,TRUE,1,4,-0.41682444970410487
BRISONr_93,2017__QLB__HN_NF_RF,TRUE,1,4,-0.4276509125274887
BRISONr_93,2017__QLB__HN_WF_RF,TRUE,1,4,-0.20948174397782524
BRISONr_93,2017__QLB__LN_NF_RF,TRUE,1,4,-0.03911733802272129
BRISONr_94,2015__GGE__HN_NF_RF,TRUE,1,4,-1.5291808659819555
BRISONr_94,2015__GGE__HN_WF_RF,TRUE,1,4,-0.4511814913181326
BRISONr_94,2015__GGE__LN_NF_RF,TRUE,1,4,-1.096300324503235
BRISONr_94,2015__HAN__HN_NF_RF,TRUE,1,4,-1.0920345282585202
BRISONr_94,2015__HAN__HN_WF_RF,TRUE,1,4,-1.1864140342466833
BRISONr_94,2015__HAN__LN_NF_RF,TRUE,1,4,-0.9545375203751065
BRISONr_94,2015__KAL__HN_NF_RF,TRUE,0.9232988434688713,3,-2.1454852794431813
BRISONr_94,2015__KAL__HN_WF_RF,TRUE,0.9232988434688713,3,-0.23669702828970152
BRISONr_94,2015__KAL__LN_NF_RF,TRUE,0.9232988434688713,3,-1.2341468050917772
BRISONr_94,2015__KIE__HN_NF_RF,TRUE,1,4,-0.8713116049142233
BRISONr_94,2015__KIE__HN_WF_RF,TRUE,1,4,-0.8461248653493081
BRISONr_94,2015__KIE__LN_NF_RF,TRUE,1,4,-0.5708914449747045
BRISONr_94,2015__QLB__HN_NF_RF,TRUE,1,4,-1.4687844689994562
BRISONr_94,2015__QLB__HN_WF_RF,TRUE,1,4,-0.404923959469467
BRISONr_94,2015__QLB__LN_NF_RF,TRUE,1,4,-1.0056738271056813
BRISONr_94,2016__GGE__HN_NF_RF,TRUE,1,4,-1.6976009526386997
BRISONr_94,2016__GGE__HN_WF_RF,TRUE,1,4,-1.38091120757598
BRISONr_94,2016__GGE__LN_NF_RF,TRUE,1,4,-0.9054984431637509
BRISONr_94,2016__HAN__HN_NF_RF,TRUE,1,4,-1.4711108725614668
BRISONr_94,2016__HAN__HN_WF_RF,TRUE,1,4,-0.2487722572848656
BRISONr_94,2016__HAN__LN_NF_RF,TRUE,1,4,-0.6923377712621008
BRISONr_94,2016__KAL__HN_NF_RF,TRUE,1,4,-1.3412703486031317
BRISONr_94,2016__KAL__HN_WF_RF,TRUE,1,4,-0.8282590594328159
BRISONr_94,2016__KAL__LN_NF_RF,TRUE,1,4,-0.7980882932540388
BRISONr_94,2016__KIE__HN_NF_RF,TRUE,1,4,-1.40920460789063
BRISONr_94,2016__KIE__HN_WF_RF,TRUE,1,4,-0.3776827150315919
BRISONr_94,2016__KIE__LN_NF_RF,TRUE,1,4,-0.9613045996851325
BRISONr_94,2016__QLB__HN_NF_RF,TRUE,1,4,-0.8220019619017975
BRISONr_94,2016__QLB__HN_WF_RF,TRUE,1,4,-0.5301185918576504
BRISONr_94,2016__QLB__LN_NF_RF,TRUE,1,4,-0.8998790667162149
BRISONr_94,2017__GGE__HN_NF_RF,TRUE,1,4,-1.0473621510475342
BRISONr_94,2017__GGE__HN_WF_RF,TRUE,1,4,-0.17736927593105498
BRISONr_94,2017__GGE__LN_NF_RF,TRUE,1,4,-0.936886022819297
BRISONr_94,2017__HAN__HN_NF_RF,TRUE,1,4,-0.8779471951164052
BRISONr_94,2017__HAN__HN_WF_RF,TRUE,1,4,-1.1468584558113886
BRISONr_94,2017__HAN__LN_NF_RF,TRUE,1,4,-0.6121573093444026
BRISONr_94,2017__KAL__HN_NF_RF,TRUE,1,4,-1.5167254396524352
BRISONr_94,2017__KAL__HN_WF_RF,TRUE,1,4,-0.1741090870814602
BRISONr_94,2017__KAL__LN_NF_RF,TRUE,1,4,-0.6253357771119548
BRISONr_94,2017__KIE__HN_NF_RF,TRUE,1,4,-0.7235741978174999
BRISONr_94,2017__KIE__HN_WF_RF,TRUE,1,4,-0.4510073287248249
BRISONr_94,2017__KIE__LN_NF_RF,TRUE,1,4,-0.47563135213494384
BRISONr_94,2017__QLB__HN_NF_RF,TRUE,1,4,-0.7674200608791734
BRISONr_94,2017__QLB__HN_WF_RF,TRUE,1,4,-0.4306252561336836
BRISONr_94,2017__QLB__LN_NF_RF,TRUE,1,4,-1.2317482439687926
BRISONr_95,2015__GGE__HN_NF_RF,TRUE,1,4,0.15982570775373584
BRISONr_95,2015__GGE__HN_WF_RF,TRUE,1,4,-0.22424260672548005
BRISONr_95,2015__GGE__LN_NF_RF,TRUE,1,4,0.07025429741257942
BRISONr_95,2015__HAN__HN_NF_RF,TRUE,1,4,0.9056786426386539
BRISONr_95,2015__HAN__HN_WF_RF,TRUE,1,4,0.30324945535244163
BRISONr_95,2015__HAN__LN_NF_RF,TRUE,1,4,0.18078352955688237
BRISONr_95,2015__KAL__HN_NF_RF,TRUE,0.9232988434688713,3,0.1493579843262183
BRISONr_95,2015__KAL__HN_WF_RF,TRUE,0.9232988434688713,3,-0.8459185417979274
BRISONr_95,2015__KAL__LN_NF_RF,TRUE,0.9232988434688713,3,0.5491569623145709
BRISONr_95,2015__KIE__HN_NF_RF,TRUE,1,4,0.6335738035667327
BRISONr_95,2015__KIE__HN_WF_RF,TRUE,1,4,0.024229431666802848
BRISONr_95,2015__KIE__LN_NF_RF,TRUE,1,4,0.07237202127873528
BRISONr_95,2015__QLB__HN_NF_RF,TRUE,1,4,0.6015091369922619
BRISONr_95,2015__QLB__HN_WF_RF,TRUE,1,4,0.19280872218315043
BRISONr_95,2015__QLB__LN_NF_RF,TRUE,1,4,0.01868859025242368
BRISONr_95,2016__GGE__HN_NF_RF,TRUE,1,4,-0.06619152223938735
BRISONr_95,2016__GGE__HN_WF_RF,TRUE,1,4,0.23218729093974327
BRISONr_95,2016__GGE__LN_NF_RF,TRUE,1,4,-0.09680025009184832
BRISONr_95,2016__HAN__HN_NF_RF,TRUE,1,4,-0.002571684047180337
BRISONr_95,2016__HAN__HN_WF_RF,TRUE,1,4,-0.02345293018334144
BRISONr_95,2016__HAN__LN_NF_RF,TRUE,1,4,0.2626825064831445
BRISONr_95,2016__KAL__HN_NF_RF,TRUE,1,4,0.15591080973829133
BRISONr_95,2016__KAL__HN_WF_RF,TRUE,1,4,0.04770151552302236
BRISONr_95,2016__KAL__LN_NF_RF,TRUE,1,4,0.4782161317118624
BRISONr_95,2016__KIE__HN_NF_RF,TRUE,1,4,0.27151714463475723
BRISONr_95,2016__KIE__HN_WF_RF,TRUE,1,4,0.31979158956451564
BRISONr_95,2016__KIE__LN_NF_RF,TRUE,1,4,0.1919165505391392
BRISONr_95,2016__QLB__HN_NF_RF,TRUE,1,4,0.6368659588720661
BRISONr_95,2016__QLB__HN_WF_RF,TRUE,1,4,0.08779063371655131
BRISONr_95,2016__QLB__LN_NF_RF,TRUE,1,4,0.7878468077720878
BRISONr_95,2017__GGE__HN_NF_RF,TRUE,1,4,-0.10717170996163206
BRISONr_95,2017__GGE__HN_WF_RF,TRUE,1,4,0.02676646249393934
BRISONr_95,2017__GGE__LN_NF_RF,TRUE,1,4,-0.38264778379069114
BRISONr_95,2017__HAN__HN_NF_RF,TRUE,1,4,0.12958010637133405
BRISONr_95,2017__HAN__HN_WF_RF,TRUE,1,4,-0.37253369886910725
BRISONr_95,2017__HAN__LN_NF_RF,TRUE,1,4,0.47805074111002127
BRISONr_95,2017__KAL__HN_NF_RF,TRUE,1,4,0.23975200188369777
BRISONr_95,2017__KAL__HN_WF_RF,TRUE,1,4,-0.06620108187585354
BRISONr_95,2017__KAL__LN_NF_RF,TRUE,1,4,0.9506500326678405
BRISONr_95,2017__KIE__HN_NF_RF,TRUE,1,4,-0.1780170486289469
BRISONr_95,2017__KIE__HN_WF_RF,TRUE,1,4,-0.01978651885910789
BRISONr_95,2017__KIE__LN_NF_RF,TRUE,1,4,-0.019087668988998774
BRISONr_95,2017__QLB__HN_NF_RF,TRUE,1,4,0.19360726080893476
BRISONr_95,2017__QLB__HN_WF_RF,TRUE,1,4,-0.517632154069877
BRISONr_95,2017__QLB__LN_NF_RF,TRUE,1,4,0.41078541912987765
BRISONr_96,2015__GGE__HN_NF_RF,TRUE,1,4,0.1478695254921047
BRISONr_96,2015__GGE__HN_WF_RF,TRUE,1,4,0.10059562652095845
BRISONr_96,2015__GGE__LN_NF_RF,TRUE,1,4,0.18383828648966938
BRISONr_96,2015__HAN__HN_NF_RF,TRUE,1,4,0.5638719466390937
BRISONr_96,2015__HAN__HN_WF_RF,TRUE,1,4,0.7654602635316301
BRISONr_96,2015__HAN__LN_NF_RF,TRUE,1,4,0.28539572964009385
BRISONr_96,2015__KAL__HN_NF_RF,TRUE,0.9232988434688713,3,0.3992017327172432
BRISONr_96,2015__KAL__HN_WF_RF,TRUE,0.9232988434688713,3,0.33479266004412683
BRISONr_96,2015__KAL__LN_NF_RF,TRUE,0.9232988434688713,3,0.8204434593883587
BRISONr_96,2015__KIE__HN_NF_RF,TRUE,1,4,0.26090060304199325
BRISONr_96,2015__KIE__HN_WF_RF,TRUE,1,4,0.03230796897779917
BRISONr_96,2015__KIE__LN_NF_RF,TRUE,1,4,0.2771467265996615
BRISONr_96,2015__QLB__HN_NF_RF,TRUE,1,4,0.4597375674566319
BRISONr_96,2015__QLB__HN_WF_RF,TRUE,1,4,0.02095915461266161
BRISONr_96,2015__QLB__LN_NF_RF,TRUE,1,4,0.5929427898769625
BRISONr_96,2016__GGE__HN_NF_RF,TRUE,1,4,0.5119161289257598
BRISONr_96,2016__GGE__HN_WF_RF,TRUE,1,4,0.21848575771855855
BRISONr_96,2016__GGE__LN_NF_RF,TRUE,1,4,-0.4035939696838181
BRISONr_96,2016__HAN__HN_NF_RF,TRUE,1,4,0.662583424418641
BRISONr_96,2016__HAN__HN_WF_RF,TRUE,1,4,0.2419689702483334
BRISONr_96,2016__HAN__LN_NF_RF,TRUE,1,4,0.11342645341054113
BRISONr_96,2016__KAL__HN_NF_RF,TRUE,1,4,0.6743396201491111
BRISONr_96,2016__KAL__HN_WF_RF,TRUE,1,4,0.243936594602708
BRISONr_96,2016__KAL__LN_NF_RF,TRUE,1,4,0.12045307204248822
BRISONr_96,2016__KIE__HN_NF_RF,TRUE,1,4,0.3545696281730802
BRISONr_96,2016__KIE__HN_WF_RF,TRUE,1,4,0.25165037441126814
BRISONr_96,2016__KIE__LN_NF_RF,TRUE,1,4,0.09271321864435964
BRISONr_96,2016__QLB__HN_NF_RF,TRUE,1,4,0.17035439199811375
BRISONr_96,2016__QLB__HN_WF_RF,TRUE,1,4,-0.13262534482686272
BRISONr_96,2016__QLB__LN_NF_RF,TRUE,1,4,0.09847157299243324
BRISONr_96,2017__GGE__HN_NF_RF,TRUE,1,4,0.35886725869308156
BRISONr_96,2017__GGE__HN_WF_RF,TRUE,1,4,0.2396245061211383
BRISONr_96,2017__GGE__LN_NF_RF,TRUE,1,4,0.25789854405661594
BRISONr_96,2017__HAN__HN_NF_RF,TRUE,1,4,0.07744401986057389
BRISONr_96,2017__HAN__HN_WF_RF,TRUE,1,4,0.14589259881294758
BRISONr_96,2017__HAN__LN_NF_RF,TRUE,1,4,0.13542640677809237
BRISONr_96,2017__KAL__HN_NF_RF,TRUE,1,4,0.3004014464086343
BRISONr_96,2017__KAL__HN_WF_RF,TRUE,1,4,0.41133439518442627
BRISONr_96,2017__KAL__LN_NF_RF,TRUE,1,4,-0.04042554296057499
BRISONr_96,2017__KIE__HN_NF_RF,TRUE,1,4,0.5017030712120684
BRISONr_96,2017__KIE__HN_WF_RF,TRUE,1,4,0.2950817136416888
BRISONr_96,2017__KIE__LN_NF_RF,TRUE,1,4,0.5971925000576006
BRISONr_96,2017__QLB__HN_NF_RF,TRUE,1,4,0.19815086236470533
BRISONr_96,2017__QLB__HN_WF_RF,TRUE,1,4,0.2089015557594035
BRISONr_96,2017__QLB__LN_NF_RF,TRUE,1,4,0.24037575399225267
BRISONr_97,2015__GGE__HN_NF_RF,TRUE,1,4,0.017086360539442652
BRISONr_97,2015__GGE__HN_WF_RF,TRUE,1,4,0.16623658381370007
BRISONr_97,2015__GGE__LN_NF_RF,TRUE,1,4,0.18601573803696791
BRISONr_97,2015__HAN__HN_NF_RF,TRUE,1,4,-0.6154344223710376
BRISONr_97,2015__HAN__HN_WF_RF,TRUE,1,4,-0.5138941962285594
BRISONr_97,2015__HAN__LN_NF_RF,TRUE,1,4,-0.1125574759085865
BRISONr_97,2015__KAL__HN_NF_RF,TRUE,0.9232988434688713,3,-0.25697792502013267
BRISONr_97,2015__KAL__HN_WF_RF,TRUE,0.9232988434688713,3,-0.7769797024534546
BRISONr_97,2015__KAL__LN_NF_RF,TRUE,0.9232988434688713,3,-0.19427764972162817
BRISONr_97,2015__KIE__HN_NF_RF,TRUE,1,4,-0.5152303925529748
BRISONr_97,2015__KIE__HN_WF_RF,TRUE,1,4,-0.19564183363488027
BRISONr_97,2015__KIE__LN_NF_RF,TRUE,1,4,-0.23132103231596332
BRISONr_97,2015__QLB__HN_NF_RF,TRUE,1,4,-0.324820638080229
BRISONr_97,2015__QLB__HN_WF_RF,TRUE,1,4,-0.4293472329945322
BRISONr_97,2015__QLB__LN_NF_RF,TRUE,1,4,-0.18297783958326005
BRISONr_97,2016__GGE__HN_NF_RF,TRUE,1,4,0.30828434571770086
BRISONr_97,2016__GGE__HN_WF_RF,TRUE,1,4,-0.1490730086849046
BRISONr_97,2016__GGE__LN_NF_RF,TRUE,1,4,0.07250485617179776
BRISONr_97,2016__HAN__HN_NF_RF,TRUE,1,4,-0.08606385411030498
BRISONr_97,2016__HAN__HN_WF_RF,TRUE,1,4,0.07519827216879596
BRISONr_97,2016__HAN__LN_NF_RF,TRUE,1,4,0.14142543714591707
BRISONr_97,2016__KAL__HN_NF_RF,TRUE,1,4,-0.3008347338061401
BRISONr_97,2016__KAL__HN_WF_RF,TRUE,1,4,-0.23281102708765686
BRISONr_97,2016__KAL__LN_NF_RF,TRUE,1,4,0.053863173133508094
BRISONr_97,2016__KIE__HN_NF_RF,TRUE,1,4,-0.47677872520047593
BRISONr_97,2016__KIE__HN_WF_RF,TRUE,1,4,-0.11082212107221803
BRISONr_97,2016__KIE__LN_NF_RF,TRUE,1,4,-0.0231806800254533
BRISONr_97,2016__QLB__HN_NF_RF,TRUE,1,4,-0.2387095335053867
BRISONr_97,2016__QLB__HN_WF_RF,TRUE,1,4,-0.2885628497422805
BRISONr_97,2016__QLB__LN_NF_RF,TRUE,1,4,-0.1501843330158257
BRISONr_97,2017__GGE__HN_NF_RF,TRUE,1,4,-0.08505470610339252
BRISONr_97,2017__GGE__HN_WF_RF,TRUE,1,4,0.2276381595119668
BRISONr_97,2017__GGE__LN_NF_RF,TRUE,1,4,0.12860352045539972
BRISONr_97,2017__HAN__HN_NF_RF,TRUE,1,4,-0.13122696587154703
BRISONr_97,2017__HAN__HN_WF_RF,TRUE,1,4,0.3967768354153501
BRISONr_97,2017__HAN__LN_NF_RF,TRUE,1,4,-0.09820052796349454
BRISONr_97,2017__KAL__HN_NF_RF,TRUE,1,4,-0.4301480048775231
BRISONr_97,2017__KAL__HN_WF_RF,TRUE,1,4,0.23386554616244204
BRISONr_97,2017__KAL__LN_NF_RF,TRUE,1,4,-0.33655635898948366
BRISONr_97,2017__KIE__HN_NF_RF,TRUE,1,4,-0.47462224383205626
BRISONr_97,2017__KIE__HN_WF_RF,TRUE,1,4,-0.007377408580132992
BRISONr_97,2017__KIE__LN_NF_RF,TRUE,1,4,-0.32023193192660865
BRISONr_97,2017__QLB__HN_NF_RF,TRUE,1,4,-0.5337172915008281
BRISONr_97,2017__QLB__HN_WF_RF,TRUE,1,4,-0.18812669777476915
BRISONr_97,2017__QLB__LN_NF_RF,TRUE,1,4,-0.24625035283323682
BRISONr_98,2015__GGE__HN_NF_RF,TRUE,1,4,-0.30252102664104635
BRISONr_98,2015__GGE__HN_WF_RF,TRUE,1,4,0.21023255216391543
BRISONr_98,2015__GGE__LN_NF_RF,TRUE,1,4,-0.005907793104351834
BRISONr_98,2015__HAN__HN_NF_RF,TRUE,1,4,-0.652051672849608
BRISONr_98,2015__HAN__HN_WF_RF,TRUE,1,4,-0.2286764470922517
BRISONr_98,2015__HAN__LN_NF_RF,TRUE,1,4,-0.1313427590869384
BRISONr_98,2015__KAL__HN_NF_RF,TRUE,0.9232988434688713,3,-0.907934481916435
BRISONr_98,2015__KAL__HN_WF_RF,TRUE,0.9232988434688713,3,-0.45236012709731177
BRISONr_98,2015__KAL__LN_NF_RF,TRUE,0.9232988434688713,3,-0.2624690391782496
BRISONr_98,2015__KIE__HN_NF_RF,TRUE,1,4,-0.24036491338799493
BRISONr_98,2015__KIE__HN_WF_RF,TRUE,1,4,-0.20012422837651306
BRISONr_98,2015__KIE__LN_NF_RF,TRUE,1,4,-0.288607084130375
BRISONr_98,2015__QLB__HN_NF_RF,TRUE,1,4,-1.0066285621774254
BRISONr_98,2015__QLB__HN_WF_RF,TRUE,1,4,-0.2946822476661519
BRISONr_98,2015__QLB__LN_NF_RF,TRUE,1,4,-0.574831685810799
BRISONr_98,2016__GGE__HN_NF_RF,TRUE,1,4,-0.5526407111056449
BRISONr_98,2016__GGE__HN_WF_RF,TRUE,1,4,-0.22223719240038048
BRISONr_98,2016__GGE__LN_NF_RF,TRUE,1,4,-0.09310843709619476
BRISONr_98,2016__HAN__HN_NF_RF,TRUE,1,4,-0.6057509542008317
BRISONr_98,2016__HAN__HN_WF_RF,TRUE,1,4,-0.2082534666704672
BRISONr_98,2016__HAN__LN_NF_RF,TRUE,1,4,0.12366934968110396
BRISONr_98,2016__KAL__HN_NF_RF,TRUE,1,4,-0.5303624992682257
BRISONr_98,2016__KAL__HN_WF_RF,TRUE,1,4,-0.4175019247568115
BRISONr_98,2016__KAL__LN_NF_RF,TRUE,1,4,-0.196469423798014
BRISONr_98,2016__KIE__HN_NF_RF,TRUE,1,4,0.011742200201164031
BRISONr_98,2016__KIE__HN_WF_RF,TRUE,1,4,-0.27881693189297135
BRISONr_98,2016__KIE__LN_NF_RF,TRUE,1,4,0.16300358458943198
BRISONr_98,2016__QLB__HN_NF_RF,TRUE,1,4,-0.377700141923313
BRISONr_98,2016__QLB__HN_WF_RF,TRUE,1,4,-0.40313852050141485
BRISONr_98,2016__QLB__LN_NF_RF,TRUE,1,4,-0.5250793750574598
BRISONr_98,2017__GGE__HN_NF_RF,TRUE,1,4,0.3585193717183342
BRISONr_98,2017__GGE__HN_WF_RF,TRUE,1,4,0.14662817728841793
BRISONr_98,2017__GGE__LN_NF_RF,TRUE,1,4,0.24394195579014144
BRISONr_98,2017__HAN__HN_NF_RF,TRUE,1,4,0.12503472210124178
BRISONr_98,2017__HAN__HN_WF_RF,TRUE,1,4,0.2462150993810848
BRISONr_98,2017__HAN__LN_NF_RF,TRUE,1,4,0.4951355586032342
BRISONr_98,2017__KAL__HN_NF_RF,TRUE,1,4,0.3355369864493296
BRISONr_98,2017__KAL__HN_WF_RF,TRUE,1,4,0.07858701743042955
BRISONr_98,2017__KAL__LN_NF_RF,TRUE,1,4,0.2113617049951002
BRISONr_98,2017__KIE__HN_NF_RF,TRUE,1,4,0.363414097863569
BRISONr_98,2017__KIE__HN_WF_RF,TRUE,1,4,0.28715018514798324
BRISONr_98,2017__KIE__LN_NF_RF,TRUE,1,4,0.43339161719975716
BRISONr_98,2017__QLB__HN_NF_RF,TRUE,1,4,-0.12661814393646795
BRISONr_98,2017__QLB__HN_WF_RF,TRUE,1,4,0.45134350517901584
BRISONr_98,2017__QLB__LN_NF_RF,TRUE,1,4,0.043911464496009196
BRISONr_99,2015__GGE__HN_NF_RF,TRUE,1,4,-0.49300004484006654
BRISONr_99,2015__GGE__HN_WF_RF,TRUE,1,4,0.48473544235295607
BRISONr_99,2015__GGE__LN_NF_RF,TRUE,1,4,0.24215338089233127
BRISONr_99,2015__HAN__HN_NF_RF,TRUE,1,4,-0.5329940169319851
BRISONr_99,2015__HAN__HN_WF_RF,TRUE,1,4,0.2608734251768343
BRISONr_99,2015__HAN__LN_NF_RF,TRUE,1,4,0.35286624220553436
BRISONr_99,2015__KAL__HN_NF_RF,TRUE,0.9232988434688713,3,-1.1578578936662187
BRISONr_99,2015__KAL__HN_WF_RF,TRUE,0.9232988434688713,3,1.0697098189972893
BRISONr_99,2015__KAL__LN_NF_RF,TRUE,0.9232988434688713,3,-0.8892994205934828
BRISONr_99,2015__KIE__HN_NF_RF,TRUE,1,4,0.22181045584883669
BRISONr_99,2015__KIE__HN_WF_RF,TRUE,1,4,0.3537814274374042
BRISONr_99,2015__KIE__LN_NF_RF,TRUE,1,4,0.689506422264887
BRISONr_99,2015__QLB__HN_NF_RF,TRUE,1,4,-0.30560663937054233
BRISONr_99,2015__QLB__HN_WF_RF,TRUE,1,4,0.39061004552272904
BRISONr_99,2015__QLB__LN_NF_RF,TRUE,1,4,-0.6741894626505094
BRISONr_99,2016__GGE__HN_NF_RF,TRUE,1,4,-0.9619804358352618
BRISONr_99,2016__GGE__HN_WF_RF,TRUE,1,4,0.45991281131797074
BRISONr_99,2016__GGE__LN_NF_RF,TRUE,1,4,-0.3721451332952639
BRISONr_99,2016__HAN__HN_NF_RF,TRUE,1,4,-0.7086900221800403
BRISONr_99,2016__HAN__HN_WF_RF,TRUE,1,4,0.4076009668051545
BRISONr_99,2016__HAN__LN_NF_RF,TRUE,1,4,-0.29810628413421314
BRISONr_99,2016__KAL__HN_NF_RF,TRUE,1,4,-0.6567045793751526
BRISONr_99,2016__KAL__HN_WF_RF,TRUE,1,4,0.5632907154029094
BRISONr_99,2016__KAL__LN_NF_RF,TRUE,1,4,-0.029622136980713976
BRISONr_99,2016__KIE__HN_NF_RF,TRUE,1,4,-0.17716221048048275
BRISONr_99,2016__KIE__HN_WF_RF,TRUE,1,4,1.0242571118510813
BRISONr_99,2016__KIE__LN_NF_RF,TRUE,1,4,0.036510356578039735
BRISONr_99,2016__QLB__HN_NF_RF,TRUE,1,4,0.04853652481901483
BRISONr_99,2016__QLB__HN_WF_RF,TRUE,1,4,0.8859206906148843
BRISONr_99,2016__QLB__LN_NF_RF,TRUE,1,4,0.3338990667867525
BRISONr_99,2017__GGE__HN_NF_RF,TRUE,1,4,1.1106583217751194
BRISONr_99,2017__GGE__HN_WF_RF,TRUE,1,4,0.9452437254332166
BRISONr_99,2017__GGE__LN_NF_RF,TRUE,1,4,0.3537020402094419
BRISONr_99,2017__HAN__HN_NF_RF,TRUE,1,4,0.022693874911391486
BRISONr_99,2017__HAN__HN_WF_RF,TRUE,1,4,0.6630434777871425
BRISONr_99,2017__HAN__LN_NF_RF,TRUE,1,4,0.416782587979065
BRISONr_99,2017__KAL__HN_NF_RF,TRUE,1,4,0.07042535528100352
BRISONr_99,2017__KAL__HN_WF_RF,TRUE,1,4,0.2527252238003462
BRISONr_99,2017__KAL__LN_NF_RF,TRUE,1,4,0.4219216356590938
BRISONr_99,2017__KIE__HN_NF_RF,TRUE,1,4,0.1359792744020571
BRISONr_99,2017__KIE__HN_WF_RF,TRUE,1,4,-0.16295506404243745
BRISONr_99,2017__KIE__LN_NF_RF,TRUE,1,4,0.4082389422966926
BRISONr_99,2017__QLB__HN_NF_RF,TRUE,1,4,0.13984058477476263
BRISONr_99,2017__QLB__HN_WF_RF,TRUE,1,4,0.4917171712137991
BRISONr_99,2017__QLB__LN_NF_RF,TRUE,1,4,0.30489635436457513
