Marker,Chromosome,Position,MI,Rank,Top
Pv2.1_08_640209_G/A,Chr08,640209,0.171257420066998,1,TRUE
Pv2.1_08_702106_G/T,Chr08,702106,0.170814934829495,2,TRUE
Pv2.1_08_854528_C/A,Chr08,854528,0.169932146162564,3,TRUE
Pv2.1_08_854529_A/T,Chr08,854529,0.169932146162564,4,TRUE
Pv2.1_08_475578_C/T,Chr08,475578,0.169147290341986,5,TRUE
Pv2.1_08_413360_C/G,Chr08,413360,0.169134664118336,6,TRUE
Pv2.1_08_1044520_A/G,Chr08,1044520,0.167326447770256,7,TRUE
Pv2.1_08_927166_G/A,Chr08,927166,0.166996394074992,8,TRUE
Pv2.1_08_848295_G/A,Chr08,848295,0.165587905374915,9,TRUE
Pv2.1_08_1449403_G/A,Chr08,1449403,0.163806760455958,10,TRUE
Pv2.1_08_1044466_C/T,Chr08,1044466,0.163647878676204,11,TRUE
Pv2.1_08_693201_G/A,Chr08,693201,0.162186607888724,12,TRUE
Pv2.1_08_939802_T/A,Chr08,939802,0.1621297867522,13,TRUE
Pv2.1_08_825409_C/T,Chr08,825409,0.161013932890362,14,TRUE
Pv2.1_08_927187_C/T,Chr08,927187,0.160889130883175,15,TRUE
Pv2.1_08_825421_G/C,Chr08,825421,0.160302132582568,16,TRUE
Pv2.1_08_792885_T/C,Chr08,792885,0.160033242416759,17,TRUE
Pv2.1_08_939803_C/A,Chr08,939803,0.159926869545383,18,TRUE
Pv2.1_08_693252_C/T,Chr08,693252,0.159922295505261,19,TRUE
Pv2.1_08_617812_A/G,Chr08,617812,0.15967707053963,20,TRUE
Pv2.1_08_1003619_T/G,Chr08,1003619,0.157488670885896,21,TRUE
Pv2.1_08_617842_C/T,Chr08,617842,0.157287071097584,22,TRUE
Pv2.1_08_413337_C/G,Chr08,413337,0.157005469561216,23,TRUE
Pv2.1_08_580844_C/T,Chr08,580844,0.156817024266183,24,TRUE
Pv2.1_08_980009_T/C,Chr08,980009,0.156196537746849,25,TRUE
Pv2.1_08_564149_T/C,Chr08,564149,0.156190970355913,26,TRUE
Pv2.1_08_1070342_C/T,Chr08,1070342,0.156046049312005,27,TRUE
Pv2.1_08_282962_C/G,Chr08,282962,0.154259210916248,28,TRUE
Pv2.1_08_740594_T/C,Chr08,740594,0.153021248961991,29,TRUE
Pv2.1_08_121114_C/G,Chr08,121114,0.152725264357363,30,TRUE
Pv2.1_08_121138_G/A,Chr08,121138,0.152725264357363,31,TRUE
Pv2.1_08_557094_A/G,Chr08,557094,0.152513199762028,32,TRUE
Pv2.1_08_617845_T/C,Chr08,617845,0.152339098534911,33,TRUE
Pv2.1_08_360279_A/G,Chr08,360279,0.151229800351846,34,TRUE
Pv2.1_08_1449387_A/C,Chr08,1449387,0.150813380877645,35,TRUE
Pv2.1_08_702053_G/A,Chr08,702053,0.150771374523511,36,TRUE
Pv2.1_08_261577_T/A,Chr08,261577,0.150738516216314,37,TRUE
Pv2.1_08_825444_T/A,Chr08,825444,0.150672466607703,38,TRUE
Pv2.1_08_321379_AC/A,Chr08,321379,0.149350000955756,39,TRUE
Pv2.1_08_172805_T/A,Chr08,172805,0.148924415149327,40,TRUE
Pv2.1_08_172807_G/C,Chr08,172807,0.148924415149327,41,TRUE
Pv2.1_08_172810_C/T,Chr08,172810,0.148924415149327,42,TRUE
Pv2.1_08_172850_G/A,Chr08,172850,0.148924415149327,43,TRUE
Pv2.1_08_1108992_A/G,Chr08,1108992,0.148593359400031,44,TRUE
Pv2.1_08_1530814_T/C,Chr08,1530814,0.148324877663809,45,TRUE
Pv2.1_08_1068709_G/A,Chr08,1068709,0.14791457360755,46,TRUE
Pv2.1_08_752162_G/A,Chr08,752162,0.147891788518622,47,TRUE
Pv2.1_08_165964_A/T,Chr08,165964,0.14775342603875,48,TRUE
Pv2.1_08_202816_A/T,Chr08,202816,0.147740591233603,49,TRUE
Pv2.1_08_364151_C/A,Chr08,364151,0.147506589198411,50,TRUE
Pv2.1_08_1124012_C/A,Chr08,1124012,0.147442697659865,51,TRUE
Pv2.1_08_1001543_G/T,Chr08,1001543,0.147257287684204,52,TRUE
Pv2.1_08_225246_G/A,Chr08,225246,0.147054134346363,53,TRUE
Pv2.1_08_84467_T/A,Chr08,84467,0.147004177880703,54,TRUE
Pv2.1_08_953714_G/A,Chr08,953714,0.1468029331373,55,TRUE
Pv2.1_08_647299_A/C,Chr08,647299,0.146148408020826,56,TRUE
Pv2.1_08_76419_G/C,Chr08,76419,0.146047575928767,57,TRUE
Pv2.1_08_854492_G/C,Chr08,854492,0.146005301503741,58,TRUE
Pv2.1_08_825593_C/A,Chr08,825593,0.145829675491114,59,TRUE
Pv2.1_08_113116_C/G,Chr08,113116,0.145513990744364,60,TRUE
Pv2.1_08_206477_C/T,Chr08,206477,0.145261643528466,61,TRUE
Pv2.1_08_1249809_C/T,Chr08,1249809,0.145150450410094,62,TRUE
Pv2.1_08_247070_G/A,Chr08,247070,0.145140250680989,63,TRUE
Pv2.1_08_1234711_C/T,Chr08,1234711,0.144667559156734,64,TRUE
Pv2.1_08_1287712_T/C,Chr08,1287712,0.144065269248573,65,TRUE
Pv2.1_08_564135_G/A,Chr08,564135,0.143884625306295,66,TRUE
Pv2.1_08_282946_T/A,Chr08,282946,0.143768731251593,67,TRUE
Pv2.1_08_438294_C/G,Chr08,438294,0.143412392562356,68,TRUE
Pv2.1_08_1540075_A/T,Chr08,1540075,0.143015195922552,69,TRUE
Pv2.1_08_166000_C/G,Chr08,166000,0.142191250675989,70,TRUE
Pv2.1_08_166026_T/C,Chr08,166026,0.142191250675989,71,TRUE
Pv2.1_08_199244_G/T,Chr08,199244,0.141757284937674,72,TRUE
Pv2.1_08_269394_CTT/C,Chr08,269394,0.141604935448985,73,TRUE
Pv2.1_08_638112_A/G,Chr08,638112,0.141345233743979,74,TRUE
Pv2.1_08_85682_G/A,Chr08,85682,0.140923963513537,75,TRUE
Pv2.1_08_714808_A/T,Chr08,714808,0.140713858264557,76,TRUE
Pv2.1_08_848952_A/T,Chr08,848952,0.140700211116558,77,TRUE
Pv2.1_08_1251015_A/G,Chr08,1251015,0.140483003551427,78,TRUE
Pv2.1_08_1046183_T/A,Chr08,1046183,0.139900972582097,79,TRUE
Pv2.1_08_706796_G/A,Chr08,706796,0.139809987342289,80,TRUE
Pv2.1_08_1526344_A/C,Chr08,1526344,0.139781406716962,81,TRUE
Pv2.1_08_1169319_C/T,Chr08,1169319,0.13949018536973,82,TRUE
Pv2.1_08_1169320_A/G,Chr08,1169320,0.13949018536973,83,TRUE
Pv2.1_08_274567_C/T,Chr08,274567,0.13924674595659,84,TRUE
Pv2.1_08_1228267_T/G,Chr08,1228267,0.139120268108484,85,TRUE
Pv2.1_08_1278308_A/G,Chr08,1278308,0.138662608013372,86,TRUE
Pv2.1_08_502185_C/G,Chr08,502185,0.138575453186657,87,TRUE
Pv2.1_08_751694_G/C,Chr08,751694,0.137591770276835,88,TRUE
Pv2.1_08_1381678_A/G,Chr08,1381678,0.137473732900113,89,TRUE
Pv2.1_08_1372476_A/G,Chr08,1372476,0.13739168478124,90,TRUE
Pv2.1_08_1540023_CAAG/C,Chr08,1540023,0.13719024094092,91,TRUE
Pv2.1_08_1540025_AGAG/A,Chr08,1540025,0.13719024094092,92,TRUE
Pv2.1_08_360100_T/C,Chr08,360100,0.137084017086718,93,TRUE
Pv2.1_08_1388168_C/T,Chr08,1388168,0.137082520039348,94,TRUE
Pv2.1_08_1001427_T/C,Chr08,1001427,0.137078552993002,95,TRUE
Pv2.1_08_968638_TC/T,Chr08,968638,0.137029723709737,96,TRUE
Pv2.1_08_1530821_T/C,Chr08,1530821,0.136958863666411,97,TRUE
Pv2.1_08_121095_T/C,Chr08,121095,0.136591951787883,98,TRUE
Pv2.1_08_391162_G/A,Chr08,391162,0.136266917839514,99,TRUE
Pv2.1_08_1381635_T/G,Chr08,1381635,0.136118164471287,100,TRUE
Pv2.1_08_1003629_A/C,Chr08,1003629,0.135951914954619,101,TRUE
Pv2.1_08_249702_G/A,Chr08,249702,0.135887029971791,102,TRUE
Pv2.1_08_564298_A/G,Chr08,564298,0.135866102981496,103,TRUE
Pv2.1_08_882188_C/T,Chr08,882188,0.13582122254227,104,TRUE
Pv2.1_08_706773_CAT/C,Chr08,706773,0.135784745301635,105,TRUE
Pv2.1_08_1436182_A/T,Chr08,1436182,0.135689590092039,106,TRUE
Pv2.1_08_1436192_C/G,Chr08,1436192,0.135689590092039,107,TRUE
Pv2.1_08_1265161_G/A,Chr08,1265161,0.13562800166544,108,TRUE
Pv2.1_08_1070249_C/G,Chr08,1070249,0.13535318678731,109,TRUE
Pv2.1_08_321376_A/G,Chr08,321376,0.135209830779118,110,TRUE
Pv2.1_08_321398_C/T,Chr08,321398,0.135209830779118,111,TRUE
Pv2.1_08_564157_T/C,Chr08,564157,0.135174820247668,112,TRUE
Pv2.1_08_1465732_AT/A,Chr08,1465732,0.134988771776504,113,TRUE
Pv2.1_08_1003616_G/T,Chr08,1003616,0.134600798675725,114,TRUE
Pv2.1_08_84623_G/A,Chr08,84623,0.134030148565174,115,TRUE
Pv2.1_08_114379_C/G,Chr08,114379,0.13330049905746,116,TRUE
Pv2.1_08_1003484_CT/C,Chr08,1003484,0.13291030641403,117,TRUE
Pv2.1_08_1388159_A/G,Chr08,1388159,0.132667204154139,118,TRUE
Pv2.1_08_1070252_T/C,Chr08,1070252,0.131805299852575,119,TRUE
Pv2.1_08_980034_A/C,Chr08,980034,0.131284367168711,120,TRUE
Pv2.1_08_511601_G/A,Chr08,511601,0.130830824949395,121,TRUE
Pv2.1_08_1092119_A/T,Chr08,1092119,0.130535340631028,122,TRUE
Pv2.1_08_74312_T/C,Chr08,74312,0.130437968654717,123,TRUE
Pv2.1_08_75271_G/T,Chr08,75271,0.130361556249627,124,FALSE
Pv2.1_08_636052_A/AAC,Chr08,636052,0.130336914380846,125,FALSE
Pv2.1_08_1540082_G/C,Chr08,1540082,0.130324544725005,126,FALSE
Pv2.1_08_882262_A/G,Chr08,882262,0.130315384163409,127,FALSE
Pv2.1_08_199104_C/T,Chr08,199104,0.130300687543056,128,FALSE
Pv2.1_08_502487_C/G,Chr08,502487,0.130246509686986,129,FALSE
Pv2.1_08_113043_T/TGA,Chr08,113043,0.129380893706059,130,FALSE
Pv2.1_08_716274_C/G,Chr08,716274,0.129236848181433,131,FALSE
Pv2.1_08_433147_T/A,Chr08,433147,0.129134655615328,132,FALSE
Pv2.1_08_1251153_A/C,Chr08,1251153,0.128942879877472,133,FALSE
Pv2.1_08_396819_A/C,Chr08,396819,0.128898604145878,134,FALSE
Pv2.1_08_1034079_G/A,Chr08,1034079,0.12837955474291,135,FALSE
Pv2.1_08_247636_T/C,Chr08,247636,0.127917837283781,136,FALSE
Pv2.1_08_1265170_T/A,Chr08,1265170,0.127601677995012,137,FALSE
Pv2.1_08_196266_G/A,Chr08,196266,0.12733217969585,138,FALSE
Pv2.1_08_148989_T/C,Chr08,148989,0.127094412083658,139,FALSE
Pv2.1_08_148996_G/A,Chr08,148996,0.127094412083658,140,FALSE
Pv2.1_08_149002_T/G,Chr08,149002,0.127094412083658,141,FALSE
Pv2.1_08_149003_T/A,Chr08,149003,0.127094412083658,142,FALSE
Pv2.1_08_148957_G/A,Chr08,148957,0.127094412083658,143,FALSE
Pv2.1_08_804599_A/G,Chr08,804599,0.12606958220283,144,FALSE
Pv2.1_08_752046_T/G,Chr08,752046,0.126044742382539,145,FALSE
Pv2.1_08_752096_A/G,Chr08,752096,0.126044742382539,146,FALSE
Pv2.1_08_804506_TCA/T,Chr08,804506,0.125680777953351,147,FALSE
Pv2.1_08_706882_A/G,Chr08,706882,0.125380454011468,148,FALSE
Pv2.1_08_706890_G/T,Chr08,706890,0.125380454011468,149,FALSE
Pv2.1_08_84361_A/G,Chr08,84361,0.124788792527129,150,FALSE
Pv2.1_08_84247_C/T,Chr08,84247,0.123823787593197,151,FALSE
Pv2.1_08_636046_A/G,Chr08,636046,0.123626418448012,152,FALSE
Pv2.1_08_1465742_A/G,Chr08,1465742,0.123419361011718,153,FALSE
Pv2.1_08_1483488_TC/T,Chr08,1483488,0.122800271674258,154,FALSE
Pv2.1_08_1154068_A/C,Chr08,1154068,0.120202401618404,155,FALSE
Pv2.1_08_640145_G/T,Chr08,640145,0.1195279467185,156,FALSE
Pv2.1_08_926341_C/A,Chr08,926341,0.119384500774571,157,FALSE
Pv2.1_08_53546_A/G,Chr08,53546,0.119128220434188,158,FALSE
Pv2.1_08_814846_T/A,Chr08,814846,0.118961207784728,159,FALSE
Pv2.1_08_240013_A/T,Chr08,240013,0.11871990495534,160,FALSE
Pv2.1_08_334325_A/G,Chr08,334325,0.118389042695569,161,FALSE
Pv2.1_08_1228929_C/T,Chr08,1228929,0.118158133751208,162,FALSE
Pv2.1_08_1227007_C/G,Chr08,1227007,0.117933204715482,163,FALSE
Pv2.1_08_1227011_G/A,Chr08,1227011,0.117933204715482,164,FALSE
Pv2.1_08_364416_G/A,Chr08,364416,0.117479651983501,165,FALSE
Pv2.1_08_364422_A/G,Chr08,364422,0.117479651983501,166,FALSE
Pv2.1_08_1251864_G/A,Chr08,1251864,0.116869782714639,167,FALSE
Pv2.1_08_814888_A/G,Chr08,814888,0.115968244041716,168,FALSE
Pv2.1_08_75427_T/C,Chr08,75427,0.115933732667231,169,FALSE
Pv2.1_08_1001464_A/G,Chr08,1001464,0.11520570925934,170,FALSE
Pv2.1_08_751861_C/G,Chr08,751861,0.115143582177486,171,FALSE
Pv2.1_08_872422_G/A,Chr08,872422,0.114065344850756,172,FALSE
Pv2.1_08_1001436_T/C,Chr08,1001436,0.113813613253048,173,FALSE
Pv2.1_08_364413_A/G,Chr08,364413,0.113662353788918,174,FALSE
Pv2.1_08_176714_G/T,Chr08,176714,0.112990147347724,175,FALSE
Pv2.1_08_1003478_T/C,Chr08,1003478,0.11203311849126,176,FALSE
Pv2.1_08_1239660_G/A,Chr08,1239660,0.111826680211368,177,FALSE
Pv2.1_08_1001432_T/C,Chr08,1001432,0.111225107920378,178,FALSE
Pv2.1_08_84117_C/A,Chr08,84117,0.110969205310362,179,FALSE
Pv2.1_08_391909_T/C,Chr08,391909,0.110382517322867,180,FALSE
Pv2.1_08_391944_G/T,Chr08,391944,0.110382517322867,181,FALSE
Pv2.1_08_176678_CT/C,Chr08,176678,0.110354730649085,182,FALSE
Pv2.1_08_391947_A/T,Chr08,391947,0.11028860130202,183,FALSE
Pv2.1_08_1281952_A/T,Chr08,1281952,0.109980358009071,184,FALSE
Pv2.1_08_360315_G/A,Chr08,360315,0.109895970842067,185,FALSE
Pv2.1_08_247209_G/A,Chr08,247209,0.109534770293718,186,FALSE
Pv2.1_08_1235388_C/T,Chr08,1235388,0.109133085992329,187,FALSE
Pv2.1_08_170455_A/T,Chr08,170455,0.109070221118993,188,FALSE
Pv2.1_08_117694_T/G,Chr08,117694,0.109011711379128,189,FALSE
Pv2.1_08_1535110_G/T,Chr08,1535110,0.108864645594907,190,FALSE
Pv2.1_08_1281953_A/C,Chr08,1281953,0.108243013155043,191,FALSE
Pv2.1_08_1154235_C/T,Chr08,1154235,0.10821208744675,192,FALSE
Pv2.1_08_59645_A/T,Chr08,59645,0.108121097538861,193,FALSE
Pv2.1_08_1501751_C/A,Chr08,1501751,0.107764881532155,194,FALSE
Pv2.1_08_1501530_A/T,Chr08,1501530,0.106258474448929,195,FALSE
Pv2.1_08_364374_C/T,Chr08,364374,0.105551268363756,196,FALSE
Pv2.1_08_773306_T/C,Chr08,773306,0.105483710822712,197,FALSE
Pv2.1_08_773315_T/C,Chr08,773315,0.105483710822712,198,FALSE
Pv2.1_08_773336_A/G,Chr08,773336,0.105483710822712,199,FALSE
Pv2.1_08_176582_G/T,Chr08,176582,0.104709569074293,200,FALSE
Pv2.1_08_1483637_T/A,Chr08,1483637,0.103600671708282,201,FALSE
Pv2.1_08_1170047_T/A,Chr08,1170047,0.103550096445076,202,FALSE
Pv2.1_08_176536_C/T,Chr08,176536,0.103441089280742,203,FALSE
Pv2.1_08_871986_T/A,Chr08,871986,0.103143384908801,204,FALSE
Pv2.1_08_1308142_G/A,Chr08,1308142,0.10036729368224,205,FALSE
Pv2.1_08_360792_G/A,Chr08,360792,0.0999002106288085,206,FALSE
Pv2.1_08_699112_G/C,Chr08,699112,0.0984163854464812,207,FALSE
Pv2.1_08_712412_T/G,Chr08,712412,0.0979157832535265,208,FALSE
Pv2.1_08_712429_G/C,Chr08,712429,0.0979157832535265,209,FALSE
Pv2.1_08_946243_C/T,Chr08,946243,0.0951899154576834,210,FALSE
Pv2.1_08_1465798_GAGC/G,Chr08,1465798,0.0948925530660043,211,FALSE
Pv2.1_08_530938_A/T,Chr08,530938,0.0947021931905061,212,FALSE
Pv2.1_08_699095_G/C,Chr08,699095,0.0930744874571614,213,FALSE
Pv2.1_08_360519_A/C,Chr08,360519,0.0929462018488834,214,FALSE
Pv2.1_08_360576_G/A,Chr08,360576,0.0929462018488834,215,FALSE
Pv2.1_08_1158979_G/T,Chr08,1158979,0.09169875583809,216,FALSE
Pv2.1_08_117391_C/T,Chr08,117391,0.0915810472087641,217,FALSE
Pv2.1_08_699092_T/C,Chr08,699092,0.0892064638042638,218,FALSE
Pv2.1_08_1091953_T/C,Chr08,1091953,0.0890117587874229,219,FALSE
Pv2.1_08_1239661_C/T,Chr08,1239661,0.088997544051427,220,FALSE
Pv2.1_08_1117034_G/A,Chr08,1117034,0.0882889355294085,221,FALSE
Pv2.1_08_1277996_A/AT,Chr08,1277996,0.087207733684207,222,FALSE
Pv2.1_08_49964_C/T,Chr08,49964,0.0859056719299232,223,FALSE
Pv2.1_08_555099_T/A,Chr08,555099,0.0839924213519434,224,FALSE
Pv2.1_08_1434660_G/T,Chr08,1434660,0.0824815352659307,225,FALSE
Pv2.1_08_555135_A/T,Chr08,555135,0.0822975230567797,226,FALSE
Pv2.1_08_640204_G/A,Chr08,640204,0.0818925311172314,227,FALSE
Pv2.1_08_1184823_G/T,Chr08,1184823,0.0817631513221953,228,FALSE
Pv2.1_08_259452_A/G,Chr08,259452,0.0801837883341072,229,FALSE
Pv2.1_08_259452_A/T,Chr08,259452,0.0801837883341068,230,FALSE
Pv2.1_08_1239643_A/G,Chr08,1239643,0.0794675577357626,231,FALSE
Pv2.1_08_555101_T/C,Chr08,555101,0.0792080298100037,232,FALSE
Pv2.1_08_259476_T/C,Chr08,259476,0.0791857697027942,233,FALSE
Pv2.1_08_259498_T/A,Chr08,259498,0.0791857697027942,234,FALSE
Pv2.1_08_259499_G/T,Chr08,259499,0.0791857697027942,235,FALSE
Pv2.1_08_1239637_T/A,Chr08,1239637,0.0774618586116542,236,FALSE
Pv2.1_08_259494_T/C,Chr08,259494,0.0764537816782691,237,FALSE
Pv2.1_01_11441607_A/T,Chr01,11441607,0.0727911654363256,238,FALSE
Pv2.1_01_11441608_A/C,Chr01,11441608,0.0722352578380665,239,FALSE
Pv2.1_01_11091921_C/G,Chr01,11091921,0.0690637243942307,240,FALSE
Pv2.1_08_1458584_C/T,Chr08,1458584,0.0678459433565788,241,FALSE
Pv2.1_08_46904030_G/A,Chr08,46904030,0.0661369193039869,242,FALSE
Pv2.1_01_17164005_A/G,Chr01,17164005,0.0641966344252936,243,FALSE
Pv2.1_08_484794_A/G,Chr08,484794,0.0610665609835079,244,FALSE
Pv2.1_01_11238110_A/T,Chr01,11238110,0.0610311304130189,245,FALSE
Pv2.1_01_3860732_G/T,Chr01,3860732,0.060485524847298,246,FALSE
Pv2.1_01_4006399_C/T,Chr01,4006399,0.0603211996357249,247,FALSE
Pv2.1_01_4818789_C/T,Chr01,4818789,0.0603068269998719,248,FALSE
Pv2.1_01_16655949_C/A,Chr01,16655949,0.0601672278320429,249,FALSE
Pv2.1_08_484792_G/T,Chr08,484792,0.0592689870716976,250,FALSE
Pv2.1_01_4737536_A/C,Chr01,4737536,0.0587641444206444,251,FALSE
Pv2.1_08_49713376_C/T,Chr08,49713376,0.0586626034830649,252,FALSE
Pv2.1_03_39810079_C/A,Chr03,39810079,0.0585544948596448,253,FALSE
Pv2.1_08_1545125_T/A,Chr08,1545125,0.0578508726522098,254,FALSE
Pv2.1_10_43477757_T/C,Chr10,43477757,0.0577577435172909,255,FALSE
Pv2.1_01_13548222_C/T,Chr01,13548222,0.0577143729049281,256,FALSE
Pv2.1_06_30972450_C/G,Chr06,30972450,0.0574399816169593,257,FALSE
Pv2.1_08_43985796_G/A,Chr08,43985796,0.0573009726506708,258,FALSE
Pv2.1_03_39684240_T/C,Chr03,39684240,0.0572245783673155,259,FALSE
Pv2.1_01_4818751_G/A,Chr01,4818751,0.05709578822233,260,FALSE
Pv2.1_10_43229349_G/T,Chr10,43229349,0.0570692073564243,261,FALSE
Pv2.1_01_16859559_A/T,Chr01,16859559,0.0568815730251622,262,FALSE
Pv2.1_08_47669957_ATT/A,Chr08,47669957,0.0568681342959483,263,FALSE
Pv2.1_01_11196400_G/C,Chr01,11196400,0.0568314859189973,264,FALSE
Pv2.1_01_13640633_G/A,Chr01,13640633,0.0567515241782721,265,FALSE
Pv2.1_04_27704649_G/A,Chr04,27704649,0.0565957306238873,266,FALSE
Pv2.1_01_3370933_A/T,Chr01,3370933,0.0564496720440419,267,FALSE
Pv2.1_01_11238077_T/A,Chr01,11238077,0.0559903077742407,268,FALSE
Pv2.1_01_10639884_G/A,Chr01,10639884,0.0557434238184125,269,FALSE
Pv2.1_01_14694391_T/G,Chr01,14694391,0.0557022637330915,270,FALSE
Pv2.1_01_11555592_C/A,Chr01,11555592,0.0556049505412171,271,FALSE
Pv2.1_07_4131233_T/C,Chr07,4131233,0.0554892741969777,272,FALSE
Pv2.1_01_17718413_AAG/A,Chr01,17718413,0.0554182479178209,273,FALSE
Pv2.1_10_43046919_T/C,Chr10,43046919,0.0550551105022006,274,FALSE
Pv2.1_01_14470201_G/A,Chr01,14470201,0.0550222801532527,275,FALSE
Pv2.1_08_1458581_C/CT,Chr08,1458581,0.0549015241440878,276,FALSE
Pv2.1_01_10634933_T/A,Chr01,10634933,0.0544517173754273,277,FALSE
Pv2.1_11_4838928_T/A,Chr11,4838928,0.054399020188507,278,FALSE
Pv2.1_08_3086030_G/C,Chr08,3086030,0.0543796336011111,279,FALSE
Pv2.1_05_1301204_A/G,Chr05,1301204,0.0543391164897376,280,FALSE
Pv2.1_10_43396703_A/G,Chr10,43396703,0.0542804552105696,281,FALSE
Pv2.1_01_13548191_G/A,Chr01,13548191,0.0542274922035242,282,FALSE
Pv2.1_01_13548120_C/T,Chr01,13548120,0.0541672792048216,283,FALSE
Pv2.1_01_16655932_A/T,Chr01,16655932,0.0540774306876877,284,FALSE
Pv2.1_08_1458570_C/T,Chr08,1458570,0.0538835371400666,285,FALSE
Pv2.1_11_1305825_G/T,Chr11,1305825,0.0536758586122383,286,FALSE
Pv2.1_01_3370784_C/A,Chr01,3370784,0.0536240167015638,287,FALSE
Pv2.1_01_11582772_T/C,Chr01,11582772,0.0535237901063903,288,FALSE
Pv2.1_07_37419953_G/A,Chr07,37419953,0.0534378505616111,289,FALSE
Pv2.1_07_37419956_A/G,Chr07,37419956,0.0534378505616111,290,FALSE
Pv2.1_08_43985774_T/G,Chr08,43985774,0.0533106418131628,291,FALSE
Pv2.1_08_3086119_G/A,Chr08,3086119,0.0528658834639746,292,FALSE
Pv2.1_03_39370266_C/T,Chr03,39370266,0.0528448311911527,293,FALSE
Pv2.1_01_12468542_C/T,Chr01,12468542,0.052772628413833,294,FALSE
Pv2.1_10_43396658_T/C,Chr10,43396658,0.0527157263425706,295,FALSE
Pv2.1_01_17425664_C/T,Chr01,17425664,0.0526492628627269,296,FALSE
Pv2.1_10_43229244_C/T,Chr10,43229244,0.0526459094010252,297,FALSE
Pv2.1_01_5641860_T/C,Chr01,5641860,0.0525941720359606,298,FALSE
Pv2.1_10_43396649_T/G,Chr10,43396649,0.0524142941276002,299,FALSE
Pv2.1_01_11582787_T/A,Chr01,11582787,0.0523720392434677,300,FALSE
Pv2.1_08_555121_A/G,Chr08,555121,0.0523079012746193,301,FALSE
Pv2.1_07_37481648_G/A,Chr07,37481648,0.0522582592715368,302,FALSE
Pv2.1_06_19589964_A/T,Chr06,19589964,0.0522096442925806,303,FALSE
Pv2.1_01_15329470_G/C,Chr01,15329470,0.0519792188925758,304,FALSE
Pv2.1_01_14470220_T/A,Chr01,14470220,0.0519390538973528,305,FALSE
Pv2.1_01_13959125_T/A,Chr01,13959125,0.0515601226299953,306,FALSE
Pv2.1_04_5420566_C/A,Chr04,5420566,0.0515470812107752,307,FALSE
Pv2.1_07_3518929_T/C,Chr07,3518929,0.0514641713531292,308,FALSE
Pv2.1_08_1428731_T/A,Chr08,1428731,0.0513413778613439,309,FALSE
Pv2.1_01_12576963_C/T,Chr01,12576963,0.0513341942575405,310,FALSE
Pv2.1_01_17423994_C/T,Chr01,17423994,0.0513303064574102,311,FALSE
Pv2.1_04_45465414_C/A,Chr04,45465414,0.051224390375503,312,FALSE
Pv2.1_04_22011675_G/T,Chr04,22011675,0.0512236180573513,313,FALSE
Pv2.1_07_4047205_A/C,Chr07,4047205,0.0511689852611919,314,FALSE
Pv2.1_01_12576431_A/C,Chr01,12576431,0.0511186694495436,315,FALSE
Pv2.1_01_12044504_G/A,Chr01,12044504,0.0510377277296619,316,FALSE
Pv2.1_01_12576284_T/C,Chr01,12576284,0.0510366022630744,317,FALSE
Pv2.1_01_11294786_C/T,Chr01,11294786,0.05099745020956,318,FALSE
Pv2.1_10_43396664_T/G,Chr10,43396664,0.0509895502195459,319,FALSE
Pv2.1_07_3874339_C/T,Chr07,3874339,0.050913792756786,320,FALSE
Pv2.1_01_5385838_T/A,Chr01,5385838,0.0507970878048476,321,FALSE
Pv2.1_10_43422282_T/A,Chr10,43422282,0.0507031187318594,322,FALSE
Pv2.1_10_43422282_T/G,Chr10,43422282,0.0507031187318594,323,FALSE
Pv2.1_03_39061112_G/C,Chr03,39061112,0.0506124256825027,324,FALSE
Pv2.1_01_15329383_C/A,Chr01,15329383,0.0505453242033358,325,FALSE
Pv2.1_07_3605157_G/GCCTA,Chr07,3605157,0.0505439908764691,326,FALSE
Pv2.1_11_404296_G/A,Chr11,404296,0.050540527658403,327,FALSE
Pv2.1_07_37475122_G/A,Chr07,37475122,0.0505003156762207,328,FALSE
Pv2.1_07_37412324_TCAA/T,Chr07,37412324,0.0504846144467996,329,FALSE
Pv2.1_01_13452168_G/A,Chr01,13452168,0.0504595090440678,330,FALSE
Pv2.1_01_5001324_C/A,Chr01,5001324,0.0504377003911225,331,FALSE
Pv2.1_01_14227492_T/C,Chr01,14227492,0.0503969923069536,332,FALSE
Pv2.1_08_44009528_A/T,Chr08,44009528,0.0503889501168966,333,FALSE
Pv2.1_03_37392267_C/T,Chr03,37392267,0.0503644741975231,334,FALSE
Pv2.1_07_37473347_C/G,Chr07,37473347,0.0501886880227835,335,FALSE
Pv2.1_03_37263979_C/T,Chr03,37263979,0.0501373709930699,336,FALSE
Pv2.1_04_28238635_C/T,Chr04,28238635,0.050131585494051,337,FALSE
Pv2.1_07_4292421_G/C,Chr07,4292421,0.0500973581883013,338,FALSE
Pv2.1_10_43187131_G/A,Chr10,43187131,0.0500367154437944,339,FALSE
Pv2.1_01_11769838_A/G,Chr01,11769838,0.0499854902073809,340,FALSE
Pv2.1_01_17178273_A/G,Chr01,17178273,0.0499754089260187,341,FALSE
Pv2.1_01_12576500_C/T,Chr01,12576500,0.049966569917633,342,FALSE
Pv2.1_05_2806023_TA/T,Chr05,2806023,0.0499422944472432,343,FALSE
Pv2.1_04_15954922_G/GA,Chr04,15954922,0.0499348647059721,344,FALSE
Pv2.1_06_19606307_C/T,Chr06,19606307,0.0498058567445936,345,FALSE
Pv2.1_07_36796038_G/C,Chr07,36796038,0.0497448906020344,346,FALSE
Pv2.1_04_45663366_T/C,Chr04,45663366,0.049617442997294,347,FALSE
Pv2.1_03_39413718_G/A,Chr03,39413718,0.049589518975119,348,FALSE
Pv2.1_01_12576395_G/A,Chr01,12576395,0.0495655171301759,349,FALSE
Pv2.1_03_39634587_G/A,Chr03,39634587,0.0495227542617793,350,FALSE
Pv2.1_02_43539172_TG/T,Chr02,43539172,0.0495066113032845,351,FALSE
Pv2.1_10_43424808_T/C,Chr10,43424808,0.0494197486386971,352,FALSE
Pv2.1_10_43396859_G/C,Chr10,43396859,0.0493569351211405,353,FALSE
Pv2.1_03_37392212_C/T,Chr03,37392212,0.0492897042663918,354,FALSE
Pv2.1_04_5418616_C/A,Chr04,5418616,0.0492813486723591,355,FALSE
Pv2.1_04_16567840_G/A,Chr04,16567840,0.0490660878403268,356,FALSE
Pv2.1_04_46177956_T/A,Chr04,46177956,0.0490514281213841,357,FALSE
Pv2.1_08_26796787_T/A,Chr08,26796787,0.0489850238243981,358,FALSE
Pv2.1_04_5419754_A/G,Chr04,5419754,0.0489755379865526,359,FALSE
Pv2.1_06_20210659_A/G,Chr06,20210659,0.0489194033706033,360,FALSE
Pv2.1_07_37475158_T/C,Chr07,37475158,0.0488882226562053,361,FALSE
Pv2.1_08_4551490_A/G,Chr08,4551490,0.0487705051317637,362,FALSE
Pv2.1_06_20210658_C/T,Chr06,20210658,0.0486592767506711,363,FALSE
Pv2.1_10_43046870_C/T,Chr10,43046870,0.0486480093590673,364,FALSE
Pv2.1_01_14868068_A/G,Chr01,14868068,0.0485592375897195,365,FALSE
Pv2.1_01_3370918_C/G,Chr01,3370918,0.0485560133633682,366,FALSE
Pv2.1_07_37015566_G/A,Chr07,37015566,0.0485298484400207,367,FALSE
Pv2.1_08_121133_G/A,Chr08,121133,0.0485248369222093,368,FALSE
Pv2.1_01_14981879_T/G,Chr01,14981879,0.0484454851492409,369,FALSE
Pv2.1_01_5596858_G/A,Chr01,5596858,0.048438415375939,370,FALSE
Pv2.1_03_39633196_T/C,Chr03,39633196,0.0484131873484266,371,FALSE
Pv2.1_07_3505855_A/G,Chr07,3505855,0.0483881380733253,372,FALSE
Pv2.1_01_13119616_C/T,Chr01,13119616,0.0482936096457109,373,FALSE
Pv2.1_07_3605153_G/T,Chr07,3605153,0.0482883841852067,374,FALSE
Pv2.1_06_19696044_A/T,Chr06,19696044,0.0482369044781597,375,FALSE
Pv2.1_03_37464606_A/C,Chr03,37464606,0.0482207515304776,376,FALSE
Pv2.1_07_4517877_A/T,Chr07,4517877,0.0481770215703463,377,FALSE
Pv2.1_10_43265647_C/A,Chr10,43265647,0.048130385370345,378,FALSE
Pv2.1_10_43265648_T/C,Chr10,43265648,0.048130385370345,379,FALSE
Pv2.1_06_20380325_C/T,Chr06,20380325,0.0480858527662411,380,FALSE
Pv2.1_07_3525083_T/C,Chr07,3525083,0.04808242422577,381,FALSE
Pv2.1_01_10141794_C/A,Chr01,10141794,0.0479877618563886,382,FALSE
Pv2.1_07_4517856_C/T,Chr07,4517856,0.0479553010676863,383,FALSE
Pv2.1_02_2027272_C/A,Chr02,2027272,0.0479449613644079,384,FALSE
Pv2.1_01_6631826_T/C,Chr01,6631826,0.0479151359468388,385,FALSE
Pv2.1_09_37431954_A/G,Chr09,37431954,0.0478167551946305,386,FALSE
Pv2.1_07_37486726_T/C,Chr07,37486726,0.0478164775273933,387,FALSE
Pv2.1_03_178170_T/C,Chr03,178170,0.0477977903207094,388,FALSE
Pv2.1_05_1387573_A/ATG,Chr05,1387573,0.0477871648090615,389,FALSE
Pv2.1_06_30972429_C/T,Chr06,30972429,0.0477517309670934,390,FALSE
Pv2.1_03_40181429_T/C,Chr03,40181429,0.0477416120626049,391,FALSE
Pv2.1_07_37288523_C/T,Chr07,37288523,0.0476998380346467,392,FALSE
Pv2.1_10_43396823_T/A,Chr10,43396823,0.0476553921535143,393,FALSE
Pv2.1_08_48959732_A/T,Chr08,48959732,0.0476159642295757,394,FALSE
Pv2.1_01_13548264_C/T,Chr01,13548264,0.0475958997868853,395,FALSE
Pv2.1_01_14660435_A/T,Chr01,14660435,0.0475544522964788,396,FALSE
Pv2.1_03_39534490_C/T,Chr03,39534490,0.0475512909259241,397,FALSE
Pv2.1_03_37464617_T/A,Chr03,37464617,0.0475190074041731,398,FALSE
Pv2.1_07_3889727_C/A,Chr07,3889727,0.0474788626280889,399,FALSE
Pv2.1_07_36037230_C/T,Chr07,36037230,0.0474432249583607,400,FALSE
Pv2.1_07_37202942_C/T,Chr07,37202942,0.0474294014001857,401,FALSE
Pv2.1_08_47257153_C/T,Chr08,47257153,0.0473708853411941,402,FALSE
Pv2.1_07_36905971_C/A,Chr07,36905971,0.0473343090826841,403,FALSE
Pv2.1_07_36905972_G/T,Chr07,36905972,0.0473343090826841,404,FALSE
Pv2.1_07_36037224_CA/C,Chr07,36037224,0.0472820449222051,405,FALSE
Pv2.1_01_17718463_G/T,Chr01,17718463,0.0472545857454305,406,FALSE
Pv2.1_03_37392235_C/G,Chr03,37392235,0.0472458627843491,407,FALSE
Pv2.1_07_3524988_C/G,Chr07,3524988,0.0471855784397053,408,FALSE
Pv2.1_07_3525020_G/A,Chr07,3525020,0.0471855784397053,409,FALSE
Pv2.1_06_20385799_A/G,Chr06,20385799,0.0471811955839261,410,FALSE
Pv2.1_04_45663352_C/T,Chr04,45663352,0.047135102102803,411,FALSE
Pv2.1_04_28238627_C/A,Chr04,28238627,0.0471178735579678,412,FALSE
Pv2.1_04_45663390_A/G,Chr04,45663390,0.0470418654350695,413,FALSE
Pv2.1_09_10882643_G/T,Chr09,10882643,0.0470269682731539,414,FALSE
Pv2.1_10_43396539_A/T,Chr10,43396539,0.0470253762404078,415,FALSE
Pv2.1_07_4085857_C/A,Chr07,4085857,0.0469661625971547,416,FALSE
Pv2.1_01_6523702_CT/C,Chr01,6523702,0.046954583155074,417,FALSE
Pv2.1_10_42270405_G/GAA,Chr10,42270405,0.046943157530897,418,FALSE
Pv2.1_10_42949914_T/C,Chr10,42949914,0.0469119589935021,419,FALSE
Pv2.1_08_32480921_C/G,Chr08,32480921,0.0468710453476953,420,FALSE
Pv2.1_07_37486715_T/C,Chr07,37486715,0.046822261214992,421,FALSE
Pv2.1_03_40784433_G/T,Chr03,40784433,0.0468182469879812,422,FALSE
Pv2.1_10_42558107_A/G,Chr10,42558107,0.0467931284954806,423,FALSE
Pv2.1_04_5419770_T/C,Chr04,5419770,0.0467847674261925,424,FALSE
Pv2.1_05_1289840_T/C,Chr05,1289840,0.0467642440738905,425,FALSE
Pv2.1_06_30972672_C/G,Chr06,30972672,0.046750564849865,426,FALSE
Pv2.1_01_12044381_G/A,Chr01,12044381,0.0467289547667762,427,FALSE
Pv2.1_07_37601038_T/C,Chr07,37601038,0.0467243946886393,428,FALSE
Pv2.1_01_5932870_G/T,Chr01,5932870,0.046639475485752,429,FALSE
Pv2.1_01_14131002_T/C,Chr01,14131002,0.0466326737007976,430,FALSE
Pv2.1_04_5419806_A/C,Chr04,5419806,0.0465485122838074,431,FALSE
Pv2.1_07_36850020_G/A,Chr07,36850020,0.0465069108322984,432,FALSE
Pv2.1_07_37602022_T/C,Chr07,37602022,0.0464748723673565,433,FALSE
Pv2.1_01_17336462_G/T,Chr01,17336462,0.0464441011535985,434,FALSE
Pv2.1_07_4037173_A/G,Chr07,4037173,0.0464305490739054,435,FALSE
Pv2.1_08_49744077_T/G,Chr08,49744077,0.0464236829698677,436,FALSE
Pv2.1_06_20453002_A/G,Chr06,20453002,0.0463559574563588,437,FALSE
Pv2.1_10_43477718_T/A,Chr10,43477718,0.0463419900785018,438,FALSE
Pv2.1_08_37232274_G/A,Chr08,37232274,0.0462237683499125,439,FALSE
Pv2.1_03_39816807_G/T,Chr03,39816807,0.0461946216606455,440,FALSE
Pv2.1_07_4078616_T/C,Chr07,4078616,0.0461469014466616,441,FALSE
Pv2.1_07_3516812_T/C,Chr07,3516812,0.0461359445583183,442,FALSE
Pv2.1_02_28152717_T/C,Chr02,28152717,0.0460806271081764,443,FALSE
Pv2.1_04_46188262_A/G,Chr04,46188262,0.0460556311996232,444,FALSE
Pv2.1_08_2736543_A/G,Chr08,2736543,0.0460390012769603,445,FALSE
Pv2.1_10_42602234_G/A,Chr10,42602234,0.045982192403188,446,FALSE
Pv2.1_08_45528259_C/T,Chr08,45528259,0.0459732500356207,447,FALSE
Pv2.1_07_37050744_T/A,Chr07,37050744,0.0459033966541278,448,FALSE
Pv2.1_07_4078793_C/T,Chr07,4078793,0.0458869064468477,449,FALSE
Pv2.1_01_12633485_T/A,Chr01,12633485,0.0458857427564383,450,FALSE
Pv2.1_07_36771905_A/T,Chr07,36771905,0.0458800249307796,451,FALSE
Pv2.1_07_36771927_A/C,Chr07,36771927,0.0458800249307796,452,FALSE
Pv2.1_07_36771930_G/T,Chr07,36771930,0.0458800249307796,453,FALSE
Pv2.1_07_36771944_G/A,Chr07,36771944,0.0458800249307796,454,FALSE
Pv2.1_10_42569910_C/T,Chr10,42569910,0.0457280653976127,455,FALSE
Pv2.1_03_39819948_G/A,Chr03,39819948,0.0457037759865502,456,FALSE
Pv2.1_02_30075023_G/C,Chr02,30075023,0.0456972583303741,457,FALSE
Pv2.1_07_37480970_A/C,Chr07,37480970,0.0456837706348869,458,FALSE
Pv2.1_01_13065330_A/C,Chr01,13065330,0.0456190657941598,459,FALSE
Pv2.1_03_40282353_G/A,Chr03,40282353,0.045570800297702,460,FALSE
Pv2.1_05_141526_CCA/C,Chr05,141526,0.045461409315406,461,FALSE
Pv2.1_01_6631857_G/A,Chr01,6631857,0.0454613301125866,462,FALSE
Pv2.1_07_38007492_T/A,Chr07,38007492,0.0454345658554862,463,FALSE
Pv2.1_03_49622455_C/G,Chr03,49622455,0.0453696755550093,464,FALSE
Pv2.1_08_1434783_T/G,Chr08,1434783,0.0453653645996979,465,FALSE
Pv2.1_08_44387322_C/G,Chr08,44387322,0.0453470974947159,466,FALSE
Pv2.1_06_20400902_A/G,Chr06,20400902,0.0453094075810521,467,FALSE
Pv2.1_08_44044821_G/A,Chr08,44044821,0.0452397247994787,468,FALSE
Pv2.1_08_41879636_TGG/T,Chr08,41879636,0.045229982864754,469,FALSE
Pv2.1_11_562408_G/T,Chr11,562408,0.0451819490768379,470,FALSE
Pv2.1_07_37475098_C/A,Chr07,37475098,0.045146767165607,471,FALSE
Pv2.1_01_4901354_A/G,Chr01,4901354,0.0451370756083525,472,FALSE
Pv2.1_07_4078595_C/T,Chr07,4078595,0.0451347158664044,473,FALSE
Pv2.1_07_4078596_C/T,Chr07,4078596,0.0451347158664044,474,FALSE
Pv2.1_07_37941171_C/A,Chr07,37941171,0.0451010676131691,475,FALSE
Pv2.1_04_46718431_CT/C,Chr04,46718431,0.045072086348271,476,FALSE
Pv2.1_08_62327623_T/C,Chr08,62327623,0.0450664945070516,477,FALSE
Pv2.1_03_37134044_A/G,Chr03,37134044,0.0450063317763041,478,FALSE
Pv2.1_04_46178153_A/G,Chr04,46178153,0.0450005007423169,479,FALSE
Pv2.1_04_4560928_G/A,Chr04,4560928,0.0450003106425561,480,FALSE
Pv2.1_02_30074999_T/C,Chr02,30074999,0.0449654609043515,481,FALSE
Pv2.1_05_1766002_T/G,Chr05,1766002,0.0449445488813058,482,FALSE
Pv2.1_07_36997111_A/T,Chr07,36997111,0.0449350894395901,483,FALSE
Pv2.1_01_17718538_GTAT/G,Chr01,17718538,0.0449289680070462,484,FALSE
Pv2.1_02_48696480_A/G,Chr02,48696480,0.0449244342371613,485,FALSE
Pv2.1_04_46178137_G/T,Chr04,46178137,0.0449242022962864,486,FALSE
Pv2.1_01_13958845_T/A,Chr01,13958845,0.0449191819350854,487,FALSE
Pv2.1_06_19696059_T/C,Chr06,19696059,0.0448903727302787,488,FALSE
Pv2.1_10_42622734_G/A,Chr10,42622734,0.0448438400255591,489,FALSE
Pv2.1_05_1289873_C/CTTG,Chr05,1289873,0.0448425710732998,490,FALSE
Pv2.1_01_10189436_A/G,Chr01,10189436,0.0448335020184718,491,FALSE
Pv2.1_02_28238631_G/A,Chr02,28238631,0.0448121713347653,492,FALSE
Pv2.1_11_53562118_C/G,Chr11,53562118,0.0448084149428256,493,FALSE
Pv2.1_02_29349128_G/T,Chr02,29349128,0.044805456571388,494,FALSE
Pv2.1_07_37600249_A/T,Chr07,37600249,0.044779494769116,495,FALSE
Pv2.1_01_12616540_T/G,Chr01,12616540,0.0447709721667358,496,FALSE
Pv2.1_05_39732392_G/A,Chr05,39732392,0.0447688440274643,497,FALSE
Pv2.1_07_36623820_T/C,Chr07,36623820,0.0446846253328799,498,FALSE
Pv2.1_08_62490710_C/A,Chr08,62490710,0.0446837583362605,499,FALSE
Pv2.1_06_31022627_C/G,Chr06,31022627,0.044597001867225,500,FALSE
Pv2.1_11_51718340_T/C,Chr11,51718340,0.044588565503509,501,FALSE
Pv2.1_03_549370_T/C,Chr03,549370,0.0445579178017757,502,FALSE
Pv2.1_09_37473814_C/T,Chr09,37473814,0.0445575834799774,503,FALSE
Pv2.1_11_1173912_A/G,Chr11,1173912,0.044547643599123,504,FALSE
Pv2.1_06_30972390_C/T,Chr06,30972390,0.0445425993009909,505,FALSE
Pv2.1_08_3086176_T/A,Chr08,3086176,0.0445405441392586,506,FALSE
Pv2.1_04_5361794_T/G,Chr04,5361794,0.0445238665674639,507,FALSE
Pv2.1_10_42569913_T/A,Chr10,42569913,0.0445084491618579,508,FALSE
Pv2.1_07_163158_A/C,Chr07,163158,0.0444882660372929,509,FALSE
Pv2.1_06_19617245_C/G,Chr06,19617245,0.0444818131708447,510,FALSE
Pv2.1_07_3774509_T/C,Chr07,3774509,0.0444717865049777,511,FALSE
Pv2.1_08_38658163_C/T,Chr08,38658163,0.0444002296933306,512,FALSE
Pv2.1_06_13559192_CAT/C,Chr06,13559192,0.0443847466077658,513,FALSE
Pv2.1_07_4085874_T/A,Chr07,4085874,0.0443810588865867,514,FALSE
Pv2.1_02_28152691_G/A,Chr02,28152691,0.04434915902561,515,FALSE
Pv2.1_03_39684351_C/G,Chr03,39684351,0.0443395162649796,516,FALSE
Pv2.1_01_6523653_GA/G,Chr01,6523653,0.0443303024791075,517,FALSE
Pv2.1_08_47833774_A/T,Chr08,47833774,0.0443206186935439,518,FALSE
Pv2.1_06_20400903_A/G,Chr06,20400903,0.044268385396582,519,FALSE
Pv2.1_11_4544903_T/C,Chr11,4544903,0.0442668450047075,520,FALSE
Pv2.1_07_37424042_G/A,Chr07,37424042,0.0442653539551867,521,FALSE
Pv2.1_07_37424049_A/T,Chr07,37424049,0.0442653539551867,522,FALSE
Pv2.1_07_37424061_A/T,Chr07,37424061,0.0442653539551867,523,FALSE
Pv2.1_06_20380304_C/G,Chr06,20380304,0.0442569506062567,524,FALSE
Pv2.1_11_4521740_A/T,Chr11,4521740,0.0441739261299743,525,FALSE
Pv2.1_02_47592148_T/C,Chr02,47592148,0.0441307783873492,526,FALSE
Pv2.1_07_4101329_C/T,Chr07,4101329,0.0441271304825177,527,FALSE
Pv2.1_09_33725561_C/CA,Chr09,33725561,0.0441110069095867,528,FALSE
Pv2.1_07_37011881_T/A,Chr07,37011881,0.0441049076763873,529,FALSE
Pv2.1_03_39121420_T/C,Chr03,39121420,0.0440843724795061,530,FALSE
Pv2.1_07_3558177_C/T,Chr07,3558177,0.0440771061559229,531,FALSE
Pv2.1_08_2965577_T/C,Chr08,2965577,0.044058659511419,532,FALSE
Pv2.1_01_5335920_T/C,Chr01,5335920,0.0440458539480195,533,FALSE
Pv2.1_07_4037188_T/C,Chr07,4037188,0.0440450646532478,534,FALSE
Pv2.1_07_37990869_G/A,Chr07,37990869,0.0440449501480011,535,FALSE
Pv2.1_09_37473829_C/T,Chr09,37473829,0.0440398185000461,536,FALSE
Pv2.1_03_37404759_C/T,Chr03,37404759,0.0440188802177723,537,FALSE
Pv2.1_11_497625_C/G,Chr11,497625,0.0440087546820216,538,FALSE
Pv2.1_09_12943174_C/T,Chr09,12943174,0.0440086780375988,539,FALSE
Pv2.1_03_39817327_A/AT,Chr03,39817327,0.0439748223543641,540,FALSE
Pv2.1_07_3358918_A/T,Chr07,3358918,0.0439643535231284,541,FALSE
Pv2.1_01_32284273_A/AC,Chr01,32284273,0.0439369900543527,542,FALSE
Pv2.1_09_36899282_T/C,Chr09,36899282,0.0439307022103073,543,FALSE
Pv2.1_09_36899297_C/T,Chr09,36899297,0.0439307022103073,544,FALSE
Pv2.1_07_1218101_C/A,Chr07,1218101,0.0439021324081663,545,FALSE
Pv2.1_11_53242939_G/T,Chr11,53242939,0.043817012580222,546,FALSE
Pv2.1_06_30972261_C/G,Chr06,30972261,0.043763053563203,547,FALSE
Pv2.1_08_24407588_A/AC,Chr08,24407588,0.0437623487921237,548,FALSE
Pv2.1_10_43376201_A/G,Chr10,43376201,0.0437440844829,549,FALSE
Pv2.1_01_17258898_C/T,Chr01,17258898,0.0437031927580573,550,FALSE
Pv2.1_11_468427_G/A,Chr11,468427,0.0436888408452605,551,FALSE
Pv2.1_07_36687610_T/C,Chr07,36687610,0.0436790257851145,552,FALSE
Pv2.1_06_19994786_A/C,Chr06,19994786,0.0436774895935588,553,FALSE
Pv2.1_11_561853_T/C,Chr11,561853,0.0436627270812466,554,FALSE
Pv2.1_07_4517796_T/C,Chr07,4517796,0.04366037187437,555,FALSE
Pv2.1_01_17178369_CAT/C,Chr01,17178369,0.0436588901822859,556,FALSE
Pv2.1_03_37126504_A/G,Chr03,37126504,0.0436566032444308,557,FALSE
Pv2.1_07_4323541_T/G,Chr07,4323541,0.0436213012644,558,FALSE
Pv2.1_07_3892782_C/A,Chr07,3892782,0.0435709793036434,559,FALSE
Pv2.1_07_3892744_T/C,Chr07,3892744,0.0435691493646626,560,FALSE
Pv2.1_07_37268329_A/G,Chr07,37268329,0.0434489889361616,561,FALSE
Pv2.1_03_1168762_T/C,Chr03,1168762,0.0434222570350249,562,FALSE
Pv2.1_11_468394_A/C,Chr11,468394,0.0434148091016962,563,FALSE
Pv2.1_01_4722031_C/T,Chr01,4722031,0.0434119082720565,564,FALSE
Pv2.1_03_39275065_A/G,Chr03,39275065,0.043403888001639,565,FALSE
Pv2.1_07_36623841_G/C,Chr07,36623841,0.0434001922284106,566,FALSE
Pv2.1_08_32152445_G/A,Chr08,32152445,0.0433990434148881,567,FALSE
Pv2.1_07_4202529_T/A,Chr07,4202529,0.0433736034096128,568,FALSE
Pv2.1_01_6516947_G/A,Chr01,6516947,0.0433719807704875,569,FALSE
Pv2.1_01_6516974_C/A,Chr01,6516974,0.0433719807704875,570,FALSE
Pv2.1_10_43366970_C/T,Chr10,43366970,0.0433631623213242,571,FALSE
Pv2.1_03_39534453_T/A,Chr03,39534453,0.0432363897031043,572,FALSE
Pv2.1_03_39534455_C/T,Chr03,39534455,0.0432363897031043,573,FALSE
Pv2.1_03_39534461_C/T,Chr03,39534461,0.0432363897031043,574,FALSE
Pv2.1_01_17166342_G/A,Chr01,17166342,0.0432344043283504,575,FALSE
Pv2.1_03_32778266_C/T,Chr03,32778266,0.0432192626180239,576,FALSE
Pv2.1_11_1173941_T/G,Chr11,1173941,0.0432166928925053,577,FALSE
Pv2.1_07_1495865_C/T,Chr07,1495865,0.043194543754483,578,FALSE
Pv2.1_03_37170461_T/G,Chr03,37170461,0.0431691302132515,579,FALSE
Pv2.1_07_3478657_G/T,Chr07,3478657,0.043144271147789,580,FALSE
Pv2.1_06_20852238_C/AT,Chr06,20852238,0.0431323988256334,581,FALSE
Pv2.1_06_20385797_A/C,Chr06,20385797,0.0431278881328954,582,FALSE
Pv2.1_05_2804320_G/A,Chr05,2804320,0.0430872271416263,583,FALSE
Pv2.1_08_45528175_T/C,Chr08,45528175,0.0430659548189865,584,FALSE
Pv2.1_02_47556089_T/A,Chr02,47556089,0.043042528508547,585,FALSE
Pv2.1_07_4323937_C/CTTG,Chr07,4323937,0.0430357500275287,586,FALSE
Pv2.1_10_43118486_G/T,Chr10,43118486,0.0430282608932462,587,FALSE
Pv2.1_06_12372418_A/G,Chr06,12372418,0.0430267126573232,588,FALSE
Pv2.1_04_12536063_C/T,Chr04,12536063,0.0430174863886958,589,FALSE
Pv2.1_04_18614009_G/T,Chr04,18614009,0.0430042777927824,590,FALSE
Pv2.1_06_20400947_T/A,Chr06,20400947,0.0430005386415022,591,FALSE
Pv2.1_06_20400959_T/A,Chr06,20400959,0.0430005386415022,592,FALSE
Pv2.1_08_2965553_A/G,Chr08,2965553,0.0429611348456014,593,FALSE
Pv2.1_11_53497567_A/G,Chr11,53497567,0.0429456310313436,594,FALSE
Pv2.1_01_6487806_G/A,Chr01,6487806,0.0429137998459721,595,FALSE
Pv2.1_07_37088166_C/T,Chr07,37088166,0.0429073752176703,596,FALSE
Pv2.1_09_36966773_A/T,Chr09,36966773,0.0428484912967457,597,FALSE
Pv2.1_07_37393459_G/A,Chr07,37393459,0.0428470670145344,598,FALSE
Pv2.1_07_37088160_C/G,Chr07,37088160,0.0428455514544219,599,FALSE
Pv2.1_03_39815956_T/G,Chr03,39815956,0.0428292033566322,600,FALSE
Pv2.1_07_36646485_A/G,Chr07,36646485,0.0427814654032241,601,FALSE
Pv2.1_02_2927075_G/A,Chr02,2927075,0.042753200658229,602,FALSE
Pv2.1_06_15777862_G/A,Chr06,15777862,0.0426971475017206,603,FALSE
Pv2.1_08_41088444_G/A,Chr08,41088444,0.042587722917335,604,FALSE
Pv2.1_03_430593_C/T,Chr03,430593,0.0425755896237083,605,FALSE
Pv2.1_01_11547845_G/A,Chr01,11547845,0.0425630026901374,606,FALSE
Pv2.1_10_43376178_G/T,Chr10,43376178,0.0425595476537555,607,FALSE
Pv2.1_07_38080563_G/A,Chr07,38080563,0.0425590654118517,608,FALSE
Pv2.1_10_42578186_A/T,Chr10,42578186,0.0424785487646915,609,FALSE
Pv2.1_04_45154281_G/A,Chr04,45154281,0.0424592306588449,610,FALSE
Pv2.1_01_17258919_G/A,Chr01,17258919,0.0424364630596821,611,FALSE
Pv2.1_08_49677492_A/G,Chr08,49677492,0.0424017959563967,612,FALSE
Pv2.1_07_37087818_A/G,Chr07,37087818,0.0423891495201985,613,FALSE
Pv2.1_07_3889669_AAT/A,Chr07,3889669,0.0423217853159659,614,FALSE
Pv2.1_07_7853714_C/T,Chr07,7853714,0.0422964342112246,615,FALSE
Pv2.1_11_4737084_G/A,Chr11,4737084,0.042296196517567,616,FALSE
Pv2.1_07_3516845_T/C,Chr07,3516845,0.0422840074357516,617,FALSE
Pv2.1_10_43187237_A/T,Chr10,43187237,0.0422444144841831,618,FALSE
Pv2.1_02_28595345_G/A,Chr02,28595345,0.0422394463169997,619,FALSE
Pv2.1_03_1303175_T/C,Chr03,1303175,0.0422239585048363,620,FALSE
Pv2.1_07_38093839_A/T,Chr07,38093839,0.042165093694869,621,FALSE
Pv2.1_07_3485353_C/T,Chr07,3485353,0.0421630608252968,622,FALSE
Pv2.1_08_48738157_C/T,Chr08,48738157,0.0421378389632063,623,FALSE
Pv2.1_03_39413739_T/A,Chr03,39413739,0.0421239611364053,624,FALSE
Pv2.1_11_53107260_C/T,Chr11,53107260,0.0421227944301172,625,FALSE
Pv2.1_08_41879746_T/A,Chr08,41879746,0.0421164529083726,626,FALSE
Pv2.1_07_37122805_A/G,Chr07,37122805,0.0421063397943455,627,FALSE
Pv2.1_02_29662210_T/C,Chr02,29662210,0.0421028448510312,628,FALSE
Pv2.1_06_20529443_G/C,Chr06,20529443,0.0421005092009947,629,FALSE
Pv2.1_08_31483394_C/G,Chr08,31483394,0.042096091618848,630,FALSE
Pv2.1_01_789281_G/A,Chr01,789281,0.0420925352733761,631,FALSE
Pv2.1_04_46589913_G/T,Chr04,46589913,0.042086029521256,632,FALSE
Pv2.1_07_3516028_A/T,Chr07,3516028,0.0420471078790179,633,FALSE
Pv2.1_11_4544721_G/A,Chr11,4544721,0.0419501460003966,634,FALSE
Pv2.1_08_38281430_C/A,Chr08,38281430,0.0419484894948492,635,FALSE
Pv2.1_07_3485285_A/G,Chr07,3485285,0.0419391930522623,636,FALSE
Pv2.1_08_12658042_A/AC,Chr08,12658042,0.0419245820611405,637,FALSE
Pv2.1_08_54004960_C/T,Chr08,54004960,0.0419085913380197,638,FALSE
Pv2.1_03_37517966_T/C,Chr03,37517966,0.0418847567723994,639,FALSE
Pv2.1_08_12846565_A/T,Chr08,12846565,0.0418768915929224,640,FALSE
Pv2.1_01_10634303_T/A,Chr01,10634303,0.0418679910690529,641,FALSE
Pv2.1_07_4292446_T/G,Chr07,4292446,0.0418609875528575,642,FALSE
Pv2.1_06_22085546_C/T,Chr06,22085546,0.0418037548544801,643,FALSE
Pv2.1_11_53132369_G/A,Chr11,53132369,0.0417797494942489,644,FALSE
Pv2.1_07_3505857_C/CT,Chr07,3505857,0.0417761428232293,645,FALSE
Pv2.1_01_5342110_G/C,Chr01,5342110,0.0417479739693567,646,FALSE
Pv2.1_01_4013075_T/G,Chr01,4013075,0.0417457813823186,647,FALSE
Pv2.1_03_430616_C/T,Chr03,430616,0.0417418058693926,648,FALSE
Pv2.1_06_8938592_G/A,Chr06,8938592,0.0417402252881871,649,FALSE
Pv2.1_08_52802680_A/C,Chr08,52802680,0.0417341769501691,650,FALSE
Pv2.1_05_1301144_G/A,Chr05,1301144,0.0417338550648378,651,FALSE
Pv2.1_09_36874733_A/G,Chr09,36874733,0.0416856444564795,652,FALSE
Pv2.1_07_38056131_C/A,Chr07,38056131,0.0416789590827915,653,FALSE
Pv2.1_03_47350937_A/G,Chr03,47350937,0.0416444529270827,654,FALSE
Pv2.1_01_4953452_G/A,Chr01,4953452,0.0416242169664831,655,FALSE
Pv2.1_06_20385815_A/C,Chr06,20385815,0.0416133094786204,656,FALSE
Pv2.1_06_16510137_A/C,Chr06,16510137,0.0416131824759005,657,FALSE
Pv2.1_09_37352774_C/T,Chr09,37352774,0.0416090250470655,658,FALSE
Pv2.1_11_53132150_T/C,Chr11,53132150,0.041581835560188,659,FALSE
Pv2.1_08_38281416_A/G,Chr08,38281416,0.0415302480171591,660,FALSE
Pv2.1_01_51186353_C/T,Chr01,51186353,0.0414987549808155,661,FALSE
Pv2.1_07_3427353_G/A,Chr07,3427353,0.0414856737402047,662,FALSE
Pv2.1_05_1301261_A/G,Chr05,1301261,0.0414489805004865,663,FALSE
Pv2.1_01_4818952_T/C,Chr01,4818952,0.0414483698486818,664,FALSE
Pv2.1_06_20660581_G/T,Chr06,20660581,0.0414441300876089,665,FALSE
Pv2.1_07_37961682_C/T,Chr07,37961682,0.0414415546714784,666,FALSE
Pv2.1_07_43875_A/T,Chr07,43875,0.0414253444309614,667,FALSE
Pv2.1_08_43968341_G/C,Chr08,43968341,0.0414222304133163,668,FALSE
Pv2.1_04_4560940_C/G,Chr04,4560940,0.0414144262821221,669,FALSE
Pv2.1_04_46100256_C/A,Chr04,46100256,0.0413853459175697,670,FALSE
Pv2.1_06_19589629_A/G,Chr06,19589629,0.041380063090882,671,FALSE
Pv2.1_07_4078784_G/C,Chr07,4078784,0.0413775773183582,672,FALSE
Pv2.1_11_4544408_A/T,Chr11,4544408,0.0413754145698624,673,FALSE
Pv2.1_05_2806014_T/A,Chr05,2806014,0.0413513911469794,674,FALSE
Pv2.1_02_30011596_T/G,Chr02,30011596,0.0413494583900764,675,FALSE
Pv2.1_10_42638180_G/GGA,Chr10,42638180,0.041348667363756,676,FALSE
Pv2.1_07_3524876_G/A,Chr07,3524876,0.0413461447395633,677,FALSE
Pv2.1_07_3524890_A/G,Chr07,3524890,0.0413461447395633,678,FALSE
Pv2.1_07_3524916_G/A,Chr07,3524916,0.0413461447395633,679,FALSE
Pv2.1_06_15844939_A/G,Chr06,15844939,0.0413396438178313,680,FALSE
Pv2.1_01_4999810_G/A,Chr01,4999810,0.0413369083636388,681,FALSE
Pv2.1_03_37349594_T/A,Chr03,37349594,0.0413286083663285,682,FALSE
Pv2.1_07_38018734_A/G,Chr07,38018734,0.0413195818311269,683,FALSE
Pv2.1_01_11547889_C/G,Chr01,11547889,0.0413176425874058,684,FALSE
Pv2.1_04_46062715_G/A,Chr04,46062715,0.0412726372733325,685,FALSE
Pv2.1_03_45753078_C/T,Chr03,45753078,0.0412659053193711,686,FALSE
Pv2.1_02_27669970_G/T,Chr02,27669970,0.0412584186883178,687,FALSE
Pv2.1_11_1026326_CACA/C,Chr11,1026326,0.0412561138763654,688,FALSE
Pv2.1_07_37462257_A/G,Chr07,37462257,0.0412445499172742,689,FALSE
Pv2.1_09_37348767_T/C,Chr09,37348767,0.0412257724782834,690,FALSE
Pv2.1_02_38513296_A/G,Chr02,38513296,0.0412154640353131,691,FALSE
Pv2.1_06_14965076_A/C,Chr06,14965076,0.0412088140097384,692,FALSE
Pv2.1_03_31873786_G/T,Chr03,31873786,0.0411988710601152,693,FALSE
Pv2.1_02_29708036_T/C,Chr02,29708036,0.0411913273122666,694,FALSE
Pv2.1_01_5016498_T/C,Chr01,5016498,0.0411839225801121,695,FALSE
Pv2.1_06_13559190_A/T,Chr06,13559190,0.0411715307412348,696,FALSE
Pv2.1_11_2282156_C/A,Chr11,2282156,0.0411520950002102,697,FALSE
Pv2.1_11_2282171_C/G,Chr11,2282171,0.0411520950002102,698,FALSE
Pv2.1_09_38095041_G/C,Chr09,38095041,0.0411507524261427,699,FALSE
Pv2.1_04_4560283_A/G,Chr04,4560283,0.0411358113058791,700,FALSE
Pv2.1_02_37937714_AG/A,Chr02,37937714,0.0411257153923943,701,FALSE
Pv2.1_07_36645329_T/A,Chr07,36645329,0.0411198329547582,702,FALSE
Pv2.1_10_40539977_G/A,Chr10,40539977,0.0411177616745149,703,FALSE
Pv2.1_08_16674248_A/G,Chr08,16674248,0.0410967550964503,704,FALSE
Pv2.1_05_2726558_G/T,Chr05,2726558,0.0410750364958159,705,FALSE
Pv2.1_05_2726570_T/C,Chr05,2726570,0.0410750364958159,706,FALSE
Pv2.1_09_36899316_C/T,Chr09,36899316,0.0410650760634366,707,FALSE
Pv2.1_07_4323931_A/G,Chr07,4323931,0.0410483536660951,708,FALSE
Pv2.1_03_112102_T/G,Chr03,112102,0.0410107990934159,709,FALSE
Pv2.1_05_283589_TC/T,Chr05,283589,0.04096075869061,710,FALSE
Pv2.1_04_4342472_C/T,Chr04,4342472,0.0409590639989252,711,FALSE
Pv2.1_07_38056016_G/C,Chr07,38056016,0.0409576769944855,712,FALSE
Pv2.1_01_6429837_G/A,Chr01,6429837,0.04093544675447,713,FALSE
Pv2.1_11_4544442_A/G,Chr11,4544442,0.0408987960957754,714,FALSE
Pv2.1_01_13173239_C/T,Chr01,13173239,0.0408806089483154,715,FALSE
Pv2.1_08_40338155_C/A,Chr08,40338155,0.0408606159103018,716,FALSE
Pv2.1_07_36905904_G/A,Chr07,36905904,0.0408486657719465,717,FALSE
Pv2.1_07_133629_CT/C,Chr07,133629,0.0408460191561866,718,FALSE
Pv2.1_08_13886112_C/A,Chr08,13886112,0.0408233952365666,719,FALSE
Pv2.1_07_37122770_T/G,Chr07,37122770,0.0408093921674206,720,FALSE
Pv2.1_02_27632163_G/C,Chr02,27632163,0.0408088859917357,721,FALSE
Pv2.1_11_4544865_G/A,Chr11,4544865,0.0407757612100426,722,FALSE
Pv2.1_01_11350361_A/T,Chr01,11350361,0.0407741284822527,723,FALSE
Pv2.1_02_28132776_G/C,Chr02,28132776,0.0407429118824529,724,FALSE
Pv2.1_11_3044204_C/G,Chr11,3044204,0.0407400621791854,725,FALSE
Pv2.1_03_36241707_A/G,Chr03,36241707,0.0407236960862836,726,FALSE
Pv2.1_08_2736595_T/G,Chr08,2736595,0.0407212743379017,727,FALSE
Pv2.1_07_37259093_TGAA/T,Chr07,37259093,0.0407184087371171,728,FALSE
Pv2.1_07_1601893_C/G,Chr07,1601893,0.0407128752832677,729,FALSE
Pv2.1_04_45494624_T/G,Chr04,45494624,0.0407088287633992,730,FALSE
Pv2.1_04_14160107_A/T,Chr04,14160107,0.0407028989368792,731,FALSE
Pv2.1_04_46188253_C/T,Chr04,46188253,0.0406950101121915,732,FALSE
Pv2.1_02_36931542_G/A,Chr02,36931542,0.0406713020332163,733,FALSE
Pv2.1_01_5641669_G/A,Chr01,5641669,0.0406705034366559,734,FALSE
Pv2.1_02_30075097_G/T,Chr02,30075097,0.0406638905842738,735,FALSE
Pv2.1_06_31021176_A/G,Chr06,31021176,0.0406396137181897,736,FALSE
Pv2.1_06_15779272_T/C,Chr06,15779272,0.0406267510779923,737,FALSE
Pv2.1_08_62382666_T/G,Chr08,62382666,0.0406232153505699,738,FALSE
Pv2.1_10_42569939_C/T,Chr10,42569939,0.0406035943566634,739,FALSE
Pv2.1_06_8938580_G/T,Chr06,8938580,0.0406034883381561,740,FALSE
Pv2.1_08_2996206_C/T,Chr08,2996206,0.0405668704316406,741,FALSE
Pv2.1_11_3568572_A/C,Chr11,3568572,0.0405397956111631,742,FALSE
Pv2.1_01_11311784_C/A,Chr01,11311784,0.0405302960539311,743,FALSE
Pv2.1_03_40514094_T/C,Chr03,40514094,0.0405264530135678,744,FALSE
Pv2.1_01_10142243_T/C,Chr01,10142243,0.0405263816109729,745,FALSE
Pv2.1_10_6330064_G/C,Chr10,6330064,0.040480801657059,746,FALSE
Pv2.1_01_4240065_A/G,Chr01,4240065,0.040476789617597,747,FALSE
Pv2.1_09_37122523_C/T,Chr09,37122523,0.0404761199726522,748,FALSE
Pv2.1_09_37122538_G/T,Chr09,37122538,0.0404761199726518,749,FALSE
Pv2.1_07_37087845_C/T,Chr07,37087845,0.0404567805323151,750,FALSE
Pv2.1_01_3494275_G/A,Chr01,3494275,0.0404444515946474,751,FALSE
Pv2.1_03_37349591_T/C,Chr03,37349591,0.0404051699663759,752,FALSE
Pv2.1_01_51135669_T/A,Chr01,51135669,0.0403972263461783,753,FALSE
Pv2.1_07_37572999_G/C,Chr07,37572999,0.0403867005280425,754,FALSE
Pv2.1_03_39274973_T/C,Chr03,39274973,0.0403732519964937,755,FALSE
Pv2.1_07_4014554_T/G,Chr07,4014554,0.0403658100795981,756,FALSE
Pv2.1_11_468367_G/A,Chr11,468367,0.0403654554675876,757,FALSE
Pv2.1_11_53537554_T/C,Chr11,53537554,0.0403618861588129,758,FALSE
Pv2.1_11_53107257_T/C,Chr11,53107257,0.0403575361942825,759,FALSE
Pv2.1_03_48660626_T/A,Chr03,48660626,0.0403030971316216,760,FALSE
Pv2.1_04_4561425_C/T,Chr04,4561425,0.040281015958171,761,FALSE
Pv2.1_03_51262919_T/A,Chr03,51262919,0.0402600404651019,762,FALSE
Pv2.1_11_1285893_A/T,Chr11,1285893,0.0402451963400949,763,FALSE
Pv2.1_11_1285930_C/G,Chr11,1285930,0.0402451963400949,764,FALSE
Pv2.1_09_37200928_G/A,Chr09,37200928,0.0402375785011255,765,FALSE
Pv2.1_04_46127076_C/G,Chr04,46127076,0.0402339234812494,766,FALSE
Pv2.1_02_27673899_T/G,Chr02,27673899,0.0402242564269528,767,FALSE
Pv2.1_10_43183912_GGTAA/G,Chr10,43183912,0.040206281448314,768,FALSE
Pv2.1_09_38095044_A/G,Chr09,38095044,0.0401946589601758,769,FALSE
Pv2.1_02_2101008_C/G,Chr02,2101008,0.0401765307089659,770,FALSE
Pv2.1_11_1193265_A/T,Chr11,1193265,0.0401709825638696,771,FALSE
Pv2.1_11_1519411_G/C,Chr11,1519411,0.0401645860067772,772,FALSE
Pv2.1_03_19501_T/A,Chr03,19501,0.0401301535951237,773,FALSE
Pv2.1_11_1162192_A/C,Chr11,1162192,0.0400965650219565,774,FALSE
Pv2.1_09_36843904_A/G,Chr09,36843904,0.0400468893630368,775,FALSE
Pv2.1_01_825869_A/G,Chr01,825869,0.040036769940285,776,FALSE
Pv2.1_02_27981704_A/G,Chr02,27981704,0.0400346975542596,777,FALSE
Pv2.1_01_4013117_A/G,Chr01,4013117,0.0400218361626288,778,FALSE
Pv2.1_09_37452431_A/C,Chr09,37452431,0.0400140558980904,779,FALSE
Pv2.1_06_20443240_A/G,Chr06,20443240,0.0399822262000296,780,FALSE
Pv2.1_04_22623628_A/G,Chr04,22623628,0.0399316313141043,781,FALSE
Pv2.1_10_42569903_T/A,Chr10,42569903,0.0399283547071749,782,FALSE
Pv2.1_10_42569908_A/C,Chr10,42569908,0.0399283547071749,783,FALSE
Pv2.1_06_19616608_G/A,Chr06,19616608,0.0399139449120538,784,FALSE
Pv2.1_01_9850011_A/G,Chr01,9850011,0.0399136178481232,785,FALSE
Pv2.1_07_38093090_G/A,Chr07,38093090,0.0398965353290288,786,FALSE
Pv2.1_06_15752205_C/A,Chr06,15752205,0.039884632720482,787,FALSE
Pv2.1_07_37760067_A/G,Chr07,37760067,0.0398652925999343,788,FALSE
Pv2.1_08_47670662_T/A,Chr08,47670662,0.0398621522472915,789,FALSE
Pv2.1_06_18115149_G/A,Chr06,18115149,0.0398461914140116,790,FALSE
Pv2.1_02_28355923_C/G,Chr02,28355923,0.0398430056610262,791,FALSE
Pv2.1_01_10600077_T/A,Chr01,10600077,0.0398419625388415,792,FALSE
Pv2.1_03_912961_A/T,Chr03,912961,0.0398324019085923,793,FALSE
Pv2.1_01_5772612_A/T,Chr01,5772612,0.039825771269844,794,FALSE
Pv2.1_11_468466_A/T,Chr11,468466,0.0398246393263184,795,FALSE
Pv2.1_03_39816185_G/A,Chr03,39816185,0.0398221236275504,796,FALSE
Pv2.1_04_45977613_T/C,Chr04,45977613,0.0398207684694492,797,FALSE
Pv2.1_07_1475319_G/A,Chr07,1475319,0.0398182695861942,798,FALSE
Pv2.1_04_47050584_ATT/A,Chr04,47050584,0.0397945429462645,799,FALSE
Pv2.1_04_47050587_T/C,Chr04,47050587,0.0397945429462645,800,FALSE
Pv2.1_03_36802397_A/G,Chr03,36802397,0.0397871516436821,801,FALSE
Pv2.1_11_52773849_GA/G,Chr11,52773849,0.03977760763591,802,FALSE
Pv2.1_07_4116674_G/T,Chr07,4116674,0.0397705089790699,803,FALSE
Pv2.1_01_5952221_G/A,Chr01,5952221,0.0397448897317361,804,FALSE
Pv2.1_07_4014553_G/T,Chr07,4014553,0.0397392396396579,805,FALSE
Pv2.1_05_39407914_G/T,Chr05,39407914,0.0397341073805988,806,FALSE
Pv2.1_08_475629_A/G,Chr08,475629,0.0397199322675181,807,FALSE
Pv2.1_11_2282148_G/T,Chr11,2282148,0.0396951336590266,808,FALSE
Pv2.1_11_1285964_G/A,Chr11,1285964,0.0396946647274961,809,FALSE
Pv2.1_07_4074549_G/T,Chr07,4074549,0.0396935053974734,810,FALSE
Pv2.1_07_4014505_A/G,Chr07,4014505,0.0396676696511857,811,FALSE
Pv2.1_07_4101463_G/A,Chr07,4101463,0.0396626296010298,812,FALSE
Pv2.1_07_37087581_A/G,Chr07,37087581,0.0396521658403861,813,FALSE
Pv2.1_04_46934152_T/C,Chr04,46934152,0.0396409577639245,814,FALSE
Pv2.1_01_10096631_A/G,Chr01,10096631,0.0396303585452422,815,FALSE
Pv2.1_03_263048_T/A,Chr03,263048,0.0395602022790769,816,FALSE
Pv2.1_05_39317004_A/T,Chr05,39317004,0.0395484611467971,817,FALSE
Pv2.1_01_6502326_C/CA,Chr01,6502326,0.0395421039416393,818,FALSE
Pv2.1_09_36808191_A/G,Chr09,36808191,0.0395388590691708,819,FALSE
Pv2.1_07_4552326_T/G,Chr07,4552326,0.039523135222522,820,FALSE
Pv2.1_07_37087794_G/A,Chr07,37087794,0.0394742493182374,821,FALSE
Pv2.1_08_62311014_C/CT,Chr08,62311014,0.0394662337455007,822,FALSE
Pv2.1_06_13990972_A/G,Chr06,13990972,0.0394650396756289,823,FALSE
Pv2.1_09_36892908_C/A,Chr09,36892908,0.0394577808665781,824,FALSE
Pv2.1_01_5645079_G/A,Chr01,5645079,0.0394577461323076,825,FALSE
Pv2.1_07_37410309_T/A,Chr07,37410309,0.0394492820161565,826,FALSE
Pv2.1_07_4477994_A/C,Chr07,4477994,0.0394487298303092,827,FALSE
Pv2.1_04_47087107_C/T,Chr04,47087107,0.0394468058848654,828,FALSE
Pv2.1_03_812217_T/C,Chr03,812217,0.0394416138008484,829,FALSE
Pv2.1_01_6411663_T/C,Chr01,6411663,0.0394403333493942,830,FALSE
Pv2.1_08_27345378_G/T,Chr08,27345378,0.0394254139098784,831,FALSE
Pv2.1_11_2708281_C/T,Chr11,2708281,0.0394077929380678,832,FALSE
Pv2.1_04_5665780_G/T,Chr04,5665780,0.0394060628168416,833,FALSE
Pv2.1_07_3889590_G/C,Chr07,3889590,0.039400088763319,834,FALSE
Pv2.1_07_3889613_G/A,Chr07,3889613,0.039400088763319,835,FALSE
Pv2.1_07_3557956_A/T,Chr07,3557956,0.0393920283800875,836,FALSE
Pv2.1_03_51082_A/C,Chr03,51082,0.039366816894495,837,FALSE
Pv2.1_07_4130844_T/C,Chr07,4130844,0.0393317949127452,838,FALSE
Pv2.1_06_28097688_A/G,Chr06,28097688,0.039325217646462,839,FALSE
Pv2.1_01_13173202_A/G,Chr01,13173202,0.0393167463532347,840,FALSE
Pv2.1_08_46904150_G/T,Chr08,46904150,0.0393125014886393,841,FALSE
Pv2.1_08_25347968_A/G,Chr08,25347968,0.0393102406054817,842,FALSE
Pv2.1_01_9794357_A/T,Chr01,9794357,0.0393085600669547,843,FALSE
Pv2.1_06_16510150_G/A,Chr06,16510150,0.0392972862296097,844,FALSE
Pv2.1_06_21012623_A/T,Chr06,21012623,0.0392836046274363,845,FALSE
Pv2.1_11_53519092_C/G,Chr11,53519092,0.0392780920311804,846,FALSE
Pv2.1_03_126777_A/ATAGG,Chr03,126777,0.0392596931632641,847,FALSE
Pv2.1_11_53562151_C/T,Chr11,53562151,0.0392493127386082,848,FALSE
Pv2.1_06_15752295_G/A,Chr06,15752295,0.0392457179708758,849,FALSE
Pv2.1_08_62311046_T/TG,Chr08,62311046,0.0392454238202498,850,FALSE
Pv2.1_09_37056479_C/T,Chr09,37056479,0.0392439361055099,851,FALSE
Pv2.1_07_37677554_C/G,Chr07,37677554,0.0392394605929698,852,FALSE
Pv2.1_10_42534933_G/A,Chr10,42534933,0.0392308942967463,853,FALSE
Pv2.1_06_15319223_A/G,Chr06,15319223,0.0392298816183305,854,FALSE
Pv2.1_03_51263398_A/T,Chr03,51263398,0.0392158434388694,855,FALSE
Pv2.1_10_43723957_C/T,Chr10,43723957,0.0392087141101758,856,FALSE
Pv2.1_10_43723960_T/C,Chr10,43723960,0.0392087141101758,857,FALSE
Pv2.1_07_3538237_T/A,Chr07,3538237,0.0391924953345981,858,FALSE
Pv2.1_05_39338042_G/A,Chr05,39338042,0.0391720479046436,859,FALSE
Pv2.1_03_33533775_C/G,Chr03,33533775,0.0391655578813106,860,FALSE
Pv2.1_09_36808188_G/A,Chr09,36808188,0.0391635805023425,861,FALSE
Pv2.1_05_4930107_C/T,Chr05,4930107,0.0391609840580571,862,FALSE
Pv2.1_04_4915088_G/A,Chr04,4915088,0.0391593996005626,863,FALSE
Pv2.1_02_27544389_G/A,Chr02,27544389,0.0391424880287885,864,FALSE
Pv2.1_07_36838509_C/T,Chr07,36838509,0.0391376888735921,865,FALSE
Pv2.1_02_27740307_C/T,Chr02,27740307,0.039132793745051,866,FALSE
Pv2.1_07_106070_G/A,Chr07,106070,0.0391238546869817,867,FALSE
Pv2.1_07_4319261_A/G,Chr07,4319261,0.0391128483606407,868,FALSE
Pv2.1_11_53487705_A/T,Chr11,53487705,0.0391049443405143,869,FALSE
Pv2.1_07_37986095_T/A,Chr07,37986095,0.0390911000855834,870,FALSE
Pv2.1_11_53418590_T/A,Chr11,53418590,0.0390897128425434,871,FALSE
Pv2.1_11_53418601_C/T,Chr11,53418601,0.0390897128425434,872,FALSE
Pv2.1_11_53418617_T/G,Chr11,53418617,0.0390897128425434,873,FALSE
Pv2.1_01_5342093_C/G,Chr01,5342093,0.0390896281344548,874,FALSE
Pv2.1_01_5342090_C/T,Chr01,5342090,0.039071945864491,875,FALSE
Pv2.1_11_1554634_G/C,Chr11,1554634,0.0390640130464739,876,FALSE
Pv2.1_03_39369984_C/A,Chr03,39369984,0.0390559503686729,877,FALSE
Pv2.1_04_46177985_C/G,Chr04,46177985,0.0390360869125628,878,FALSE
Pv2.1_03_49696848_G/A,Chr03,49696848,0.0390259859535993,879,FALSE
Pv2.1_11_4737083_A/G,Chr11,4737083,0.0390072493168043,880,FALSE
Pv2.1_11_3032616_A/T,Chr11,3032616,0.0390011967090693,881,FALSE
Pv2.1_08_48431183_T/A,Chr08,48431183,0.0389875793094356,882,FALSE
Pv2.1_03_36802393_T/G,Chr03,36802393,0.0389790162090047,883,FALSE
Pv2.1_08_47574779_GA/G,Chr08,47574779,0.0389748124813294,884,FALSE
Pv2.1_08_53645509_C/T,Chr08,53645509,0.0389739396486712,885,FALSE
Pv2.1_01_6218677_C/A,Chr01,6218677,0.0389571262096915,886,FALSE
Pv2.1_01_6218684_A/T,Chr01,6218684,0.0389571262096915,887,FALSE
Pv2.1_01_14671458_C/A,Chr01,14671458,0.0389500367558613,888,FALSE
Pv2.1_11_4527405_C/G,Chr11,4527405,0.0389316481612827,889,FALSE
Pv2.1_07_36785089_G/T,Chr07,36785089,0.0389273726042076,890,FALSE
Pv2.1_01_13640506_TA/T,Chr01,13640506,0.0389262124171497,891,FALSE
Pv2.1_04_4561467_C/T,Chr04,4561467,0.0389148786979177,892,FALSE
Pv2.1_11_1010601_C/T,Chr11,1010601,0.038876591643223,893,FALSE
Pv2.1_08_7436801_G/T,Chr08,7436801,0.0388723526575672,894,FALSE
Pv2.1_06_20279043_C/T,Chr06,20279043,0.0388698883102445,895,FALSE
Pv2.1_06_15570427_T/G,Chr06,15570427,0.0388691101515217,896,FALSE
Pv2.1_08_3954161_T/G,Chr08,3954161,0.0388673247687672,897,FALSE
Pv2.1_07_38080651_A/G,Chr07,38080651,0.0388647071036847,898,FALSE
Pv2.1_06_19561750_T/C,Chr06,19561750,0.0388592621854036,899,FALSE
Pv2.1_11_1193195_A/G,Chr11,1193195,0.0388281620672655,900,FALSE
Pv2.1_03_33548123_G/A,Chr03,33548123,0.0388241851196729,901,FALSE
Pv2.1_11_1010629_A/T,Chr11,1010629,0.0387854967082975,902,FALSE
Pv2.1_06_20164115_G/T,Chr06,20164115,0.0387830953231907,903,FALSE
Pv2.1_08_32637172_G/A,Chr08,32637172,0.0387708796444706,904,FALSE
Pv2.1_10_2960231_T/C,Chr10,2960231,0.0387637062265993,905,FALSE
Pv2.1_07_37600915_T/A,Chr07,37600915,0.0387562013483653,906,FALSE
Pv2.1_05_39562423_A/T,Chr05,39562423,0.0387459667817476,907,FALSE
Pv2.1_07_37410190_A/G,Chr07,37410190,0.0387435964404892,908,FALSE
Pv2.1_01_2981887_C/G,Chr01,2981887,0.0387425138448729,909,FALSE
Pv2.1_09_36808185_A/T,Chr09,36808185,0.0387159821422536,910,FALSE
Pv2.1_02_29644000_C/T,Chr02,29644000,0.038693481496952,911,FALSE
Pv2.1_06_14106679_T/TA,Chr06,14106679,0.0386912968968076,912,FALSE
Pv2.1_03_37426587_G/A,Chr03,37426587,0.0386799847683839,913,FALSE
Pv2.1_02_43325172_G/C,Chr02,43325172,0.0386773261419213,914,FALSE
Pv2.1_06_17242703_T/A,Chr06,17242703,0.0386473538136753,915,FALSE
Pv2.1_01_16468596_T/TA,Chr01,16468596,0.0386308475503521,916,FALSE
Pv2.1_11_52974568_G/A,Chr11,52974568,0.0386257199858457,917,FALSE
Pv2.1_07_37599952_T/A,Chr07,37599952,0.0386156553019124,918,FALSE
Pv2.1_07_37599957_T/C,Chr07,37599957,0.0386156553019124,919,FALSE
Pv2.1_11_51916455_C/T,Chr11,51916455,0.0386154030563732,920,FALSE
Pv2.1_05_1705592_T/A,Chr05,1705592,0.038590171350434,921,FALSE
Pv2.1_02_29642536_G/C,Chr02,29642536,0.0385860872312871,922,FALSE
Pv2.1_11_4543977_C/G,Chr11,4543977,0.0385733470714325,923,FALSE
Pv2.1_01_6699367_T/G,Chr01,6699367,0.0385613558075004,924,FALSE
Pv2.1_02_35455749_G/T,Chr02,35455749,0.0385522721566174,925,FALSE
Pv2.1_08_27115121_C/T,Chr08,27115121,0.038529096006783,926,FALSE
Pv2.1_01_3365619_G/A,Chr01,3365619,0.0385214657905042,927,FALSE
Pv2.1_11_2930527_A/T,Chr11,2930527,0.0385158225760041,928,FALSE
Pv2.1_08_44047335_T/A,Chr08,44047335,0.0385144650788098,929,FALSE
Pv2.1_08_43799073_G/A,Chr08,43799073,0.0385118942739351,930,FALSE
Pv2.1_02_29058579_A/T,Chr02,29058579,0.0385087124994405,931,FALSE
Pv2.1_05_2728465_T/C,Chr05,2728465,0.0385020060812464,932,FALSE
Pv2.1_11_468356_T/C,Chr11,468356,0.0384906589214911,933,FALSE
Pv2.1_11_51714100_A/G,Chr11,51714100,0.0384872814161055,934,FALSE
Pv2.1_11_51893757_T/C,Chr11,51893757,0.0384725465567399,935,FALSE
Pv2.1_10_2775925_T/A,Chr10,2775925,0.0384617046083937,936,FALSE
Pv2.1_08_30563104_A/G,Chr08,30563104,0.0384530105293912,937,FALSE
Pv2.1_01_10634328_T/A,Chr01,10634328,0.0384474275412861,938,FALSE
Pv2.1_08_1391701_G/C,Chr08,1391701,0.0384419028816794,939,FALSE
Pv2.1_03_41092676_G/C,Chr03,41092676,0.0384415179316222,940,FALSE
Pv2.1_07_1475577_C/G,Chr07,1475577,0.0384394413071987,941,FALSE
Pv2.1_11_2270072_G/T,Chr11,2270072,0.0384097015256319,942,FALSE
Pv2.1_01_10141767_G/A,Chr01,10141767,0.0383984907930137,943,FALSE
Pv2.1_08_62447545_G/T,Chr08,62447545,0.038388891156846,944,FALSE
Pv2.1_11_917446_G/A,Chr11,917446,0.0383829519679795,945,FALSE
Pv2.1_02_44546936_C/G,Chr02,44546936,0.0383647703536152,946,FALSE
Pv2.1_06_20103959_T/C,Chr06,20103959,0.0383582667893663,947,FALSE
Pv2.1_06_12434702_C/T,Chr06,12434702,0.038357774223698,948,FALSE
Pv2.1_01_4953325_G/A,Chr01,4953325,0.0383497420311505,949,FALSE
Pv2.1_06_8938618_C/G,Chr06,8938618,0.0383457636103248,950,FALSE
Pv2.1_07_431979_C/T,Chr07,431979,0.0383281093716459,951,FALSE
Pv2.1_05_38782919_G/A,Chr05,38782919,0.0383068766379919,952,FALSE
Pv2.1_07_54250_A/G,Chr07,54250,0.0382827973329336,953,FALSE
Pv2.1_07_36083960_A/C,Chr07,36083960,0.0382727181484164,954,FALSE
Pv2.1_04_27744616_G/A,Chr04,27744616,0.0382686094898665,955,FALSE
Pv2.1_07_37512964_T/A,Chr07,37512964,0.0382508875488279,956,FALSE
Pv2.1_01_6607453_C/T,Chr01,6607453,0.0382416835193928,957,FALSE
Pv2.1_09_37528232_C/CA,Chr09,37528232,0.0382404409013071,958,FALSE
Pv2.1_11_53298456_T/G,Chr11,53298456,0.0382390362284717,959,FALSE
Pv2.1_04_45154302_T/C,Chr04,45154302,0.0382366810057082,960,FALSE
Pv2.1_01_5342124_G/A,Chr01,5342124,0.038235137825132,961,FALSE
Pv2.1_01_10141735_A/T,Chr01,10141735,0.0382261549876146,962,FALSE
Pv2.1_07_37412037_T/A,Chr07,37412037,0.0382215036331131,963,FALSE
Pv2.1_05_5174471_A/C,Chr05,5174471,0.0381987556498968,964,FALSE
Pv2.1_01_18094625_G/A,Chr01,18094625,0.0381968948708407,965,FALSE
Pv2.1_02_30178715_C/G,Chr02,30178715,0.0381871811713084,966,FALSE
Pv2.1_11_561851_T/C,Chr11,561851,0.0381870742731212,967,FALSE
Pv2.1_06_18192653_G/A,Chr06,18192653,0.0381793426074943,968,FALSE
Pv2.1_04_45152904_C/A,Chr04,45152904,0.0381778086955955,969,FALSE
Pv2.1_01_2173999_T/C,Chr01,2173999,0.0381680784793081,970,FALSE
Pv2.1_05_1290130_T/C,Chr05,1290130,0.0381409223628917,971,FALSE
Pv2.1_04_45436164_G/C,Chr04,45436164,0.0381375609637988,972,FALSE
Pv2.1_01_10142220_A/T,Chr01,10142220,0.0381365771210769,973,FALSE
Pv2.1_03_51304691_T/C,Chr03,51304691,0.0381329246926843,974,FALSE
Pv2.1_05_38959179_A/G,Chr05,38959179,0.0381002573297504,975,FALSE
Pv2.1_01_5641713_C/T,Chr01,5641713,0.0380985831683023,976,FALSE
Pv2.1_08_14362505_G/C,Chr08,14362505,0.0380735244224097,977,FALSE
Pv2.1_02_36888078_A/T,Chr02,36888078,0.0380697855938772,978,FALSE
Pv2.1_04_55583_T/A,Chr04,55583,0.0380658751891372,979,FALSE
Pv2.1_03_34469565_C/A,Chr03,34469565,0.0380523037399172,980,FALSE
Pv2.1_01_10142263_C/T,Chr01,10142263,0.038051923235809,981,FALSE
Pv2.1_08_43129632_C/A,Chr08,43129632,0.0380482418036312,982,FALSE
Pv2.1_06_16416741_A/T,Chr06,16416741,0.0380475862291361,983,FALSE
Pv2.1_03_228901_C/T,Chr03,228901,0.0380461487721013,984,FALSE
Pv2.1_02_35542765_A/G,Chr02,35542765,0.0380423159117562,985,FALSE
Pv2.1_07_4558170_C/CA,Chr07,4558170,0.0380102494927126,986,FALSE
Pv2.1_08_28370798_A/G,Chr08,28370798,0.0380035182019669,987,FALSE
Pv2.1_11_2258625_A/G,Chr11,2258625,0.0379935327894825,988,FALSE
Pv2.1_04_5395414_T/C,Chr04,5395414,0.0379898826297267,989,FALSE
Pv2.1_07_1143133_C/T,Chr07,1143133,0.0379716653205939,990,FALSE
Pv2.1_08_42101540_A/C,Chr08,42101540,0.0379655163890313,991,FALSE
Pv2.1_07_631046_C/A,Chr07,631046,0.0379632343606176,992,FALSE
Pv2.1_10_2581917_T/C,Chr10,2581917,0.0379612232687823,993,FALSE
Pv2.1_11_53418612_G/A,Chr11,53418612,0.0379473320170178,994,FALSE
Pv2.1_10_42638116_C/CTT,Chr10,42638116,0.0379433099702449,995,FALSE
Pv2.1_09_6574488_G/A,Chr09,6574488,0.0379419550645492,996,FALSE
Pv2.1_07_37259067_AAT/A,Chr07,37259067,0.0379392533399705,997,FALSE
Pv2.1_06_8347772_T/C,Chr06,8347772,0.0379315517980152,998,FALSE
Pv2.1_07_5554034_C/CATT,Chr07,5554034,0.0379284825432027,999,FALSE
Pv2.1_09_36865205_GT/G,Chr09,36865205,0.0379267562335519,1000,FALSE
Pv2.1_03_51285164_C/G,Chr03,51285164,0.0379072094616069,1001,FALSE
Pv2.1_09_20726742_C/T,Chr09,20726742,0.0379049733900159,1002,FALSE
Pv2.1_05_1992220_A/C,Chr05,1992220,0.0379010251600582,1003,FALSE
Pv2.1_10_30949470_G/C,Chr10,30949470,0.0378984686580703,1004,FALSE
Pv2.1_11_2258614_G/C,Chr11,2258614,0.0378916524725415,1005,FALSE
Pv2.1_11_2258616_G/T,Chr11,2258616,0.0378916524725415,1006,FALSE
Pv2.1_04_9626721_C/CT,Chr04,9626721,0.0378809041072024,1007,FALSE
Pv2.1_11_51718036_T/A,Chr11,51718036,0.0378557928164054,1008,FALSE
Pv2.1_08_3106373_C/A,Chr08,3106373,0.0378505319721754,1009,FALSE
Pv2.1_08_48439938_T/G,Chr08,48439938,0.0378490791785495,1010,FALSE
Pv2.1_11_3661715_A/G,Chr11,3661715,0.0378489113985299,1011,FALSE
Pv2.1_06_14106812_C/T,Chr06,14106812,0.037842311869511,1012,FALSE
Pv2.1_01_13589361_C/T,Chr01,13589361,0.0378266557512208,1013,FALSE
Pv2.1_08_40444941_C/T,Chr08,40444941,0.0378262439341439,1014,FALSE
Pv2.1_11_3169932_C/T,Chr11,3169932,0.037802701661346,1015,FALSE
Pv2.1_06_4592320_C/G,Chr06,4592320,0.0377992595920196,1016,FALSE
Pv2.1_06_4592323_G/C,Chr06,4592323,0.0377992595920196,1017,FALSE
Pv2.1_06_4592386_G/A,Chr06,4592386,0.0377992595920196,1018,FALSE
Pv2.1_08_9701453_G/A,Chr08,9701453,0.0377957354929341,1019,FALSE
Pv2.1_01_6391009_T/G,Chr01,6391009,0.0377877607440604,1020,FALSE
Pv2.1_01_6391051_T/A,Chr01,6391051,0.0377877607440604,1021,FALSE
Pv2.1_01_6391061_T/C,Chr01,6391061,0.0377877607440604,1022,FALSE
Pv2.1_07_163192_C/T,Chr07,163192,0.0377686005973992,1023,FALSE
Pv2.1_06_15611534_C/A,Chr06,15611534,0.0377681395176177,1024,FALSE
Pv2.1_11_462273_T/C,Chr11,462273,0.0377649573769094,1025,FALSE
Pv2.1_08_30382500_A/T,Chr08,30382500,0.0377639321674588,1026,FALSE
Pv2.1_02_38513200_T/C,Chr02,38513200,0.0377573813013932,1027,FALSE
Pv2.1_02_29058599_C/A,Chr02,29058599,0.0377214614278225,1028,FALSE
Pv2.1_07_206133_T/C,Chr07,206133,0.0376965316309468,1029,FALSE
Pv2.1_08_475641_G/A,Chr08,475641,0.0376835314196016,1030,FALSE
Pv2.1_03_37349237_G/T,Chr03,37349237,0.0376628595889104,1031,FALSE
Pv2.1_08_2907111_T/C,Chr08,2907111,0.0376591895159448,1032,FALSE
Pv2.1_03_36825415_GT/A,Chr03,36825415,0.03764872445158,1033,FALSE
Pv2.1_03_51297886_C/A,Chr03,51297886,0.0376288021118882,1034,FALSE
Pv2.1_02_27544393_A/G,Chr02,27544393,0.0375971138178977,1035,FALSE
Pv2.1_08_37668781_G/C,Chr08,37668781,0.0375858554558057,1036,FALSE
Pv2.1_01_11547712_A/T,Chr01,11547712,0.0375756294013203,1037,FALSE
Pv2.1_01_11547743_A/C,Chr01,11547743,0.0375756294013203,1038,FALSE
Pv2.1_05_128175_C/T,Chr05,128175,0.0375649711528396,1039,FALSE
Pv2.1_04_42600_A/G,Chr04,42600,0.0375616384091115,1040,FALSE
Pv2.1_07_38565726_A/G,Chr07,38565726,0.0375318168205525,1041,FALSE
Pv2.1_04_46374129_C/G,Chr04,46374129,0.0375116025317261,1042,FALSE
Pv2.1_07_37573115_CTG/C,Chr07,37573115,0.0375083598040105,1043,FALSE
Pv2.1_04_47425754_T/C,Chr04,47425754,0.0375046825738501,1044,FALSE
Pv2.1_04_46882108_A/T,Chr04,46882108,0.0375035404860982,1045,FALSE
Pv2.1_08_9410002_A/G,Chr08,9410002,0.0374973042176463,1046,FALSE
Pv2.1_04_47171748_A/C,Chr04,47171748,0.0374947400729537,1047,FALSE
Pv2.1_07_3780360_C/A,Chr07,3780360,0.0374833416300655,1048,FALSE
Pv2.1_08_47106442_G/T,Chr08,47106442,0.0374811898282026,1049,FALSE
Pv2.1_02_36911303_C/A,Chr02,36911303,0.037470403408479,1050,FALSE
Pv2.1_07_260832_G/T,Chr07,260832,0.0374665472177025,1051,FALSE
Pv2.1_11_1076551_G/GA,Chr11,1076551,0.0374611294438685,1052,FALSE
Pv2.1_08_29376980_T/C,Chr08,29376980,0.0374513293016978,1053,FALSE
Pv2.1_08_12046226_G/A,Chr08,12046226,0.0374349522599236,1054,FALSE
Pv2.1_03_40366538_C/T,Chr03,40366538,0.0374282176328902,1055,FALSE
Pv2.1_04_5395410_C/T,Chr04,5395410,0.0374264958784223,1056,FALSE
Pv2.1_01_6607466_G/A,Chr01,6607466,0.037426316320059,1057,FALSE
Pv2.1_03_37033684_A/T,Chr03,37033684,0.0374050676673967,1058,FALSE
Pv2.1_07_37323654_C/A,Chr07,37323654,0.03740023885817,1059,FALSE
Pv2.1_07_38080256_A/T,Chr07,38080256,0.0373928874298977,1060,FALSE
Pv2.1_02_37687148_A/T,Chr02,37687148,0.0373855111006431,1061,FALSE
Pv2.1_01_10013171_G/T,Chr01,10013171,0.0373817583512697,1062,FALSE
Pv2.1_01_6607432_A/T,Chr01,6607432,0.0373686055101379,1063,FALSE
Pv2.1_10_42486871_A/G,Chr10,42486871,0.0373564277759875,1064,FALSE
Pv2.1_02_38523054_A/G,Chr02,38523054,0.0373522992671731,1065,FALSE
Pv2.1_09_36843906_T/C,Chr09,36843906,0.0373477678551897,1066,FALSE
Pv2.1_08_30382506_C/T,Chr08,30382506,0.0373389136381928,1067,FALSE
Pv2.1_03_49131325_G/C,Chr03,49131325,0.0373324025096844,1068,FALSE
Pv2.1_11_967329_T/C,Chr11,967329,0.0373283192310101,1069,FALSE
Pv2.1_03_1302821_C/A,Chr03,1302821,0.0373227067084589,1070,FALSE
Pv2.1_10_38134409_T/C,Chr10,38134409,0.037318004170956,1071,FALSE
Pv2.1_10_38134411_A/G,Chr10,38134411,0.037318004170956,1072,FALSE
Pv2.1_01_51074418_C/T,Chr01,51074418,0.0373176423342874,1073,FALSE
Pv2.1_10_42233789_T/C,Chr10,42233789,0.0373060826508018,1074,FALSE
Pv2.1_11_53298322_G/A,Chr11,53298322,0.0373005556412216,1075,FALSE
Pv2.1_02_38513277_A/AT,Chr02,38513277,0.0372849154400177,1076,FALSE
Pv2.1_03_40775039_C/T,Chr03,40775039,0.0372761496180889,1077,FALSE
Pv2.1_06_15752780_C/T,Chr06,15752780,0.0372615477049081,1078,FALSE
Pv2.1_06_13831784_A/AT,Chr06,13831784,0.037236438120384,1079,FALSE
Pv2.1_06_14106628_G/C,Chr06,14106628,0.0372293775423316,1080,FALSE
Pv2.1_08_47669914_G/C,Chr08,47669914,0.0372136024606813,1081,FALSE
Pv2.1_08_62374740_C/A,Chr08,62374740,0.0372100060915375,1082,FALSE
Pv2.1_03_812336_A/G,Chr03,812336,0.0372091275899642,1083,FALSE
Pv2.1_05_1840074_A/C,Chr05,1840074,0.0372040284278237,1084,FALSE
Pv2.1_01_10145279_A/G,Chr01,10145279,0.0371999301675281,1085,FALSE
Pv2.1_11_2965118_C/A,Chr11,2965118,0.0371930473641262,1086,FALSE
Pv2.1_09_36563827_T/C,Chr09,36563827,0.0371846489168686,1087,FALSE
Pv2.1_05_38959223_A/T,Chr05,38959223,0.0371802354279494,1088,FALSE
Pv2.1_11_1411710_G/A,Chr11,1411710,0.0371777945963205,1089,FALSE
Pv2.1_06_18904400_A/C,Chr06,18904400,0.0371775754981543,1090,FALSE
Pv2.1_02_29058663_C/T,Chr02,29058663,0.0371718205382372,1091,FALSE
Pv2.1_09_5792923_AG/A,Chr09,5792923,0.0371481638765907,1092,FALSE
Pv2.1_06_519127_A/T,Chr06,519127,0.0371333442220818,1093,FALSE
Pv2.1_11_52611050_T/C,Chr11,52611050,0.0371298889381348,1094,FALSE
Pv2.1_01_10075832_A/T,Chr01,10075832,0.0371271446660328,1095,FALSE
Pv2.1_04_46727431_G/T,Chr04,46727431,0.0371167060347819,1096,FALSE
Pv2.1_04_46727432_A/G,Chr04,46727432,0.0371167060347819,1097,FALSE
Pv2.1_01_23472440_G/A,Chr01,23472440,0.0371101150530895,1098,FALSE
Pv2.1_06_18830167_A/G,Chr06,18830167,0.037107325163718,1099,FALSE
Pv2.1_02_2389798_C/T,Chr02,2389798,0.0371027350115605,1100,FALSE
Pv2.1_08_21996177_G/A,Chr08,21996177,0.0370898124180408,1101,FALSE
Pv2.1_11_470416_C/T,Chr11,470416,0.0370869911164986,1102,FALSE
Pv2.1_02_28324161_C/G,Chr02,28324161,0.0370837116306522,1103,FALSE
Pv2.1_08_3231274_A/G,Chr08,3231274,0.0370806122320317,1104,FALSE
Pv2.1_03_34449810_T/A,Chr03,34449810,0.0370527506563727,1105,FALSE
Pv2.1_11_1519523_T/A,Chr11,1519523,0.0370496868290378,1106,FALSE
Pv2.1_10_43183440_T/C,Chr10,43183440,0.0370487595596547,1107,FALSE
Pv2.1_10_42780490_T/C,Chr10,42780490,0.0370352798903286,1108,FALSE
Pv2.1_10_42780493_T/G,Chr10,42780493,0.0370352798903286,1109,FALSE
Pv2.1_01_10075833_T/A,Chr01,10075833,0.0370160189846689,1110,FALSE
Pv2.1_06_27656613_A/G,Chr06,27656613,0.0370145137891145,1111,FALSE
Pv2.1_01_5385998_T/TG,Chr01,5385998,0.0370098403260966,1112,FALSE
Pv2.1_04_46571349_T/C,Chr04,46571349,0.0370024341222361,1113,FALSE
Pv2.1_06_19964809_G/A,Chr06,19964809,0.0370011780260908,1114,FALSE
Pv2.1_07_37261331_C/T,Chr07,37261331,0.036992389748328,1115,FALSE
Pv2.1_10_2997868_A/G,Chr10,2997868,0.0369748636332625,1116,FALSE
Pv2.1_01_9825395_T/TG,Chr01,9825395,0.0369664643187115,1117,FALSE
Pv2.1_10_5671228_C/T,Chr10,5671228,0.0369606423947655,1118,FALSE
Pv2.1_06_15951855_T/C,Chr06,15951855,0.0369596841765136,1119,FALSE
Pv2.1_01_2173987_T/C,Chr01,2173987,0.0369547035118152,1120,FALSE
Pv2.1_11_53507063_T/C,Chr11,53507063,0.0369538848647806,1121,FALSE
Pv2.1_08_61664061_A/T,Chr08,61664061,0.0369346418695407,1122,FALSE
Pv2.1_03_51262894_T/C,Chr03,51262894,0.0369097770675095,1123,FALSE
Pv2.1_11_4521912_G/C,Chr11,4521912,0.0369089879764051,1124,FALSE
Pv2.1_07_38250885_C/T,Chr07,38250885,0.0369033796865379,1125,FALSE
Pv2.1_04_45526976_T/C,Chr04,45526976,0.0368998018879561,1126,FALSE
Pv2.1_02_28320567_G/C,Chr02,28320567,0.0368866708400586,1127,FALSE
Pv2.1_03_45773966_T/A,Chr03,45773966,0.0368851589624724,1128,FALSE
Pv2.1_07_37050767_C/G,Chr07,37050767,0.0368768026245867,1129,FALSE
Pv2.1_09_37369657_A/G,Chr09,37369657,0.0368703312040077,1130,FALSE
Pv2.1_11_38370514_A/G,Chr11,38370514,0.0368627051941113,1131,FALSE
Pv2.1_02_48755406_A/C,Chr02,48755406,0.0368537861315095,1132,FALSE
Pv2.1_03_51304757_A/G,Chr03,51304757,0.0368527542549315,1133,FALSE
Pv2.1_11_940129_T/C,Chr11,940129,0.0368476750939282,1134,FALSE
Pv2.1_11_940132_C/T,Chr11,940132,0.0368476750939282,1135,FALSE
Pv2.1_11_891366_C/T,Chr11,891366,0.0368462559248464,1136,FALSE
Pv2.1_02_36853901_G/A,Chr02,36853901,0.0368398545880826,1137,FALSE
Pv2.1_11_53467728_G/A,Chr11,53467728,0.0368360301153716,1138,FALSE
Pv2.1_08_5443018_G/C,Chr08,5443018,0.0368323719404922,1139,FALSE
Pv2.1_01_5641736_C/T,Chr01,5641736,0.0368318666628502,1140,FALSE
Pv2.1_10_333894_T/C,Chr10,333894,0.0368310926904436,1141,FALSE
Pv2.1_11_2282240_G/A,Chr11,2282240,0.0368263710212977,1142,FALSE
Pv2.1_05_38346402_C/T,Chr05,38346402,0.0368184607710029,1143,FALSE
Pv2.1_06_15779074_T/G,Chr06,15779074,0.036813086395846,1144,FALSE
Pv2.1_02_25634058_C/A,Chr02,25634058,0.0368039127989555,1145,FALSE
Pv2.1_04_47050629_T/A,Chr04,47050629,0.0368038575550056,1146,FALSE
Pv2.1_11_53467779_A/ACT,Chr11,53467779,0.0367815621771568,1147,FALSE
Pv2.1_11_3129590_T/C,Chr11,3129590,0.0367814981669365,1148,FALSE
Pv2.1_05_2155250_G/C,Chr05,2155250,0.0367811371269866,1149,FALSE
Pv2.1_03_46595419_G/A,Chr03,46595419,0.0367788622886152,1150,FALSE
Pv2.1_06_14136479_A/G,Chr06,14136479,0.0367620865342868,1151,FALSE
Pv2.1_06_14106772_C/CATAT,Chr06,14106772,0.0367608240218802,1152,FALSE
Pv2.1_01_4818783_T/C,Chr01,4818783,0.036753816695859,1153,FALSE
Pv2.1_08_43494469_G/A,Chr08,43494469,0.0367492161672649,1154,FALSE
Pv2.1_02_36142718_T/C,Chr02,36142718,0.036749106115574,1155,FALSE
Pv2.1_06_20165705_G/A,Chr06,20165705,0.0367456958277876,1156,FALSE
Pv2.1_06_18405995_C/A,Chr06,18405995,0.0367382449409415,1157,FALSE
Pv2.1_06_28901570_G/A,Chr06,28901570,0.0367280357103401,1158,FALSE
Pv2.1_03_48548517_C/T,Chr03,48548517,0.0367212719226591,1159,FALSE
Pv2.1_09_36881696_C/T,Chr09,36881696,0.03672091234144,1160,FALSE
Pv2.1_06_21592572_T/A,Chr06,21592572,0.0367172406093665,1161,FALSE
Pv2.1_08_16674251_G/A,Chr08,16674251,0.0367157418977371,1162,FALSE
Pv2.1_07_37025817_G/A,Chr07,37025817,0.0367112692200116,1163,FALSE
Pv2.1_03_994863_A/G,Chr03,994863,0.0367105168217741,1164,FALSE
Pv2.1_02_387018_T/TA,Chr02,387018,0.0366938790090448,1165,FALSE
Pv2.1_02_36132557_A/T,Chr02,36132557,0.0366882966079851,1166,FALSE
Pv2.1_03_37349204_T/C,Chr03,37349204,0.036666291229893,1167,FALSE
Pv2.1_05_39349932_A/G,Chr05,39349932,0.0366590496720516,1168,FALSE
Pv2.1_11_2978818_G/A,Chr11,2978818,0.0366574491103133,1169,FALSE
Pv2.1_07_37410316_T/C,Chr07,37410316,0.0366387808331718,1170,FALSE
Pv2.1_07_3871373_G/T,Chr07,3871373,0.036632749774089,1171,FALSE
Pv2.1_03_39816738_A/T,Chr03,39816738,0.0366321397206613,1172,FALSE
Pv2.1_11_1076474_C/A,Chr11,1076474,0.0366267613491598,1173,FALSE
Pv2.1_10_38418353_C/A,Chr10,38418353,0.0366133635526253,1174,FALSE
Pv2.1_01_11547744_A/C,Chr01,11547744,0.0366054047880411,1175,FALSE
Pv2.1_11_3963874_G/T,Chr11,3963874,0.0365971223234451,1176,FALSE
Pv2.1_02_31270456_T/A,Chr02,31270456,0.0365957638669037,1177,FALSE
Pv2.1_11_3128991_A/T,Chr11,3128991,0.0365875820157133,1178,FALSE
Pv2.1_06_20279036_A/C,Chr06,20279036,0.0365749708495087,1179,FALSE
Pv2.1_09_37473748_A/T,Chr09,37473748,0.0365721272320072,1180,FALSE
Pv2.1_02_28636418_A/G,Chr02,28636418,0.0365597545908924,1181,FALSE
Pv2.1_07_37964173_T/G,Chr07,37964173,0.0365563836000575,1182,FALSE
Pv2.1_09_36919599_C/G,Chr09,36919599,0.0365355103177447,1183,FALSE
Pv2.1_09_36881697_A/T,Chr09,36881697,0.0365345346678825,1184,FALSE
Pv2.1_01_2173980_T/G,Chr01,2173980,0.03653235753174,1185,FALSE
Pv2.1_11_52806866_T/C,Chr11,52806866,0.0365298220006465,1186,FALSE
Pv2.1_06_19235278_A/C,Chr06,19235278,0.0364995690815446,1187,FALSE
Pv2.1_04_46887307_C/T,Chr04,46887307,0.0364984819860505,1188,FALSE
Pv2.1_11_51537322_C/T,Chr11,51537322,0.0364980347600796,1189,FALSE
Pv2.1_11_51537325_C/T,Chr11,51537325,0.0364980347600796,1190,FALSE
Pv2.1_08_62188632_G/A,Chr08,62188632,0.0364966310909165,1191,FALSE
Pv2.1_03_48575546_GTCT/G,Chr03,48575546,0.0364942571607596,1192,FALSE
Pv2.1_11_497943_T/TTCC,Chr11,497943,0.0364823852715066,1193,FALSE
Pv2.1_03_48271260_G/C,Chr03,48271260,0.0364586286181492,1194,FALSE
Pv2.1_01_3198652_A/C,Chr01,3198652,0.0364442965064615,1195,FALSE
Pv2.1_09_36847578_T/C,Chr09,36847578,0.0364395362793655,1196,FALSE
Pv2.1_07_4014372_C/T,Chr07,4014372,0.0364356109977955,1197,FALSE
Pv2.1_04_21034049_C/T,Chr04,21034049,0.0364322822336929,1198,FALSE
Pv2.1_09_36963957_T/G,Chr09,36963957,0.0364300816259995,1199,FALSE
Pv2.1_11_2930615_A/G,Chr11,2930615,0.0364268361885696,1200,FALSE
Pv2.1_10_42700811_A/AATTT,Chr10,42700811,0.0364203325552199,1201,FALSE
Pv2.1_01_6429882_T/C,Chr01,6429882,0.0364026825745483,1202,FALSE
Pv2.1_01_6429905_C/T,Chr01,6429905,0.0364026825745483,1203,FALSE
Pv2.1_01_5619923_A/G,Chr01,5619923,0.0363847885095492,1204,FALSE
Pv2.1_01_5016503_A/G,Chr01,5016503,0.0363841373912237,1205,FALSE
Pv2.1_05_11785073_G/GA,Chr05,11785073,0.0363643552489688,1206,FALSE
Pv2.1_09_37352672_C/A,Chr09,37352672,0.0363627701318179,1207,FALSE
Pv2.1_07_4550256_G/A,Chr07,4550256,0.0363621864906269,1208,FALSE
Pv2.1_06_19949459_G/GAA,Chr06,19949459,0.0363460749277063,1209,FALSE
Pv2.1_07_3568765_G/A,Chr07,3568765,0.0363292916036899,1210,FALSE
Pv2.1_08_1391758_G/A,Chr08,1391758,0.0363290675071637,1211,FALSE
Pv2.1_11_3778752_G/T,Chr11,3778752,0.0363235262125565,1212,FALSE
Pv2.1_04_541480_A/G,Chr04,541480,0.0363205627656655,1213,FALSE
Pv2.1_08_61642637_G/C,Chr08,61642637,0.0363199032985686,1214,FALSE
Pv2.1_08_33621113_A/G,Chr08,33621113,0.0363153216936118,1215,FALSE
Pv2.1_09_13419461_A/T,Chr09,13419461,0.0363004041935082,1216,FALSE
Pv2.1_01_4013087_A/G,Chr01,4013087,0.0362991624424081,1217,FALSE
Pv2.1_11_53253140_C/T,Chr11,53253140,0.0362989873266812,1218,FALSE
Pv2.1_07_36733099_G/T,Chr07,36733099,0.036287410271977,1219,FALSE
Pv2.1_05_39325956_T/C,Chr05,39325956,0.0362837603914605,1220,FALSE
Pv2.1_08_31134610_T/G,Chr08,31134610,0.0362791046738225,1221,FALSE
Pv2.1_04_45088513_C/T,Chr04,45088513,0.0362700396091462,1222,FALSE
Pv2.1_08_3711986_G/A,Chr08,3711986,0.0362653127847814,1223,FALSE
Pv2.1_11_3170319_T/G,Chr11,3170319,0.0362643507085818,1224,FALSE
Pv2.1_04_45663274_C/T,Chr04,45663274,0.0362630914505013,1225,FALSE
Pv2.1_01_3057556_T/C,Chr01,3057556,0.0362622930382757,1226,FALSE
Pv2.1_03_39503278_G/GT,Chr03,39503278,0.0362580873659235,1227,FALSE
Pv2.1_08_6953268_CA/C,Chr08,6953268,0.0362535585150408,1228,FALSE
Pv2.1_07_163220_A/G,Chr07,163220,0.0362522117264295,1229,FALSE
Pv2.1_11_1755972_G/A,Chr11,1755972,0.0362467641501807,1230,FALSE
Pv2.1_03_53239207_T/C,Chr03,53239207,0.0362449583643678,1231,FALSE
Pv2.1_07_37600300_G/A,Chr07,37600300,0.0362325005523267,1232,FALSE
Pv2.1_06_20852352_G/C,Chr06,20852352,0.0362276403737258,1233,FALSE
Pv2.1_06_21012657_G/A,Chr06,21012657,0.0362247560980813,1234,FALSE
Pv2.1_02_38513125_T/C,Chr02,38513125,0.036223519237347,1235,FALSE
Pv2.1_02_29166974_T/C,Chr02,29166974,0.0362160360732156,1236,FALSE
Pv2.1_07_38207141_GAA/G,Chr07,38207141,0.0362153190062053,1237,FALSE
Pv2.1_01_2981934_G/A,Chr01,2981934,0.0362127548100255,1238,FALSE
Pv2.1_08_4561250_A/C,Chr08,4561250,0.0362092123466731,1239,FALSE
Pv2.1_11_2282096_C/G,Chr11,2282096,0.0362066063399911,1240,FALSE
Pv2.1_01_51029053_T/A,Chr01,51029053,0.03620561830708,1241,FALSE
Pv2.1_08_48646099_A/G,Chr08,48646099,0.0362006641783497,1242,FALSE
Pv2.1_09_37760859_G/C,Chr09,37760859,0.0361991295079864,1243,FALSE
Pv2.1_09_36698205_AT/A,Chr09,36698205,0.0361882273535037,1244,FALSE
Pv2.1_06_4592342_A/G,Chr06,4592342,0.0361760145738916,1245,FALSE
Pv2.1_07_1491651_C/G,Chr07,1491651,0.0361727816834847,1246,FALSE
Pv2.1_09_37230516_C/T,Chr09,37230516,0.0361712448753559,1247,FALSE
Pv2.1_06_20935974_G/T,Chr06,20935974,0.0361652306382974,1248,FALSE
Pv2.1_04_46686691_T/G,Chr04,46686691,0.0361630400445181,1249,FALSE
Pv2.1_08_62309944_C/G,Chr08,62309944,0.0361620410835104,1250,FALSE
Pv2.1_06_20332340_C/A,Chr06,20332340,0.0361580430464592,1251,FALSE
Pv2.1_11_51916477_A/C,Chr11,51916477,0.0361511037978763,1252,FALSE
Pv2.1_11_1465967_A/C,Chr11,1465967,0.0361456224372465,1253,FALSE
Pv2.1_07_28945206_T/A,Chr07,28945206,0.0361442129119474,1254,FALSE
Pv2.1_06_20210673_G/C,Chr06,20210673,0.0361360169164726,1255,FALSE
Pv2.1_06_9170941_A/G,Chr06,9170941,0.0361238808377258,1256,FALSE
Pv2.1_06_9170952_C/A,Chr06,9170952,0.0361238808377258,1257,FALSE
Pv2.1_10_2960232_T/A,Chr10,2960232,0.0361193971676421,1258,FALSE
Pv2.1_06_14107022_G/A,Chr06,14107022,0.0361111068155537,1259,FALSE
Pv2.1_03_40514034_A/C,Chr03,40514034,0.0361080313627671,1260,FALSE
Pv2.1_03_36700584_G/T,Chr03,36700584,0.036095794533463,1261,FALSE
Pv2.1_06_12437736_G/A,Chr06,12437736,0.0360939407440402,1262,FALSE
Pv2.1_08_62212450_C/T,Chr08,62212450,0.0360873672425308,1263,FALSE
Pv2.1_10_42495061_T/A,Chr10,42495061,0.03608311282574,1264,FALSE
Pv2.1_11_51537406_T/C,Chr11,51537406,0.0360811663121985,1265,FALSE
Pv2.1_08_4551092_T/G,Chr08,4551092,0.0360798101444888,1266,FALSE
Pv2.1_07_4174867_A/C,Chr07,4174867,0.0360684078917322,1267,FALSE
Pv2.1_09_784605_G/A,Chr09,784605,0.0360534413824523,1268,FALSE
Pv2.1_06_20187993_C/G,Chr06,20187993,0.036051071536443,1269,FALSE
Pv2.1_04_47176023_C/T,Chr04,47176023,0.0360355706104185,1270,FALSE
Pv2.1_07_37087602_G/A,Chr07,37087602,0.0360346281896371,1271,FALSE
Pv2.1_09_37236480_C/A,Chr09,37236480,0.0360279569326996,1272,FALSE
Pv2.1_07_509375_T/C,Chr07,509375,0.0360171906950484,1273,FALSE
Pv2.1_07_509407_C/G,Chr07,509407,0.0360171906950484,1274,FALSE
Pv2.1_07_509408_A/T,Chr07,509408,0.0360171906950484,1275,FALSE
Pv2.1_07_509409_C/G,Chr07,509409,0.0360171906950484,1276,FALSE
Pv2.1_11_2956764_C/T,Chr11,2956764,0.0360056571062506,1277,FALSE
Pv2.1_07_36771224_T/A,Chr07,36771224,0.0359691689203352,1278,FALSE
Pv2.1_02_38669097_A/T,Chr02,38669097,0.0359678965242636,1279,FALSE
Pv2.1_08_61835835_A/C,Chr08,61835835,0.035964691661964,1280,FALSE
Pv2.1_06_4029507_C/T,Chr06,4029507,0.0359625641310877,1281,FALSE
Pv2.1_01_6523690_A/G,Chr01,6523690,0.03594210084476,1282,FALSE
Pv2.1_02_28491346_C/T,Chr02,28491346,0.0359387772411321,1283,FALSE
Pv2.1_03_49707345_G/C,Chr03,49707345,0.0359386726685704,1284,FALSE
Pv2.1_01_51074408_T/A,Chr01,51074408,0.0359365184110194,1285,FALSE
Pv2.1_05_39339045_A/T,Chr05,39339045,0.0359362964549526,1286,FALSE
Pv2.1_01_43559618_T/C,Chr01,43559618,0.0359277366326252,1287,FALSE
Pv2.1_03_36404543_C/G,Chr03,36404543,0.0359166776514916,1288,FALSE
Pv2.1_10_43376077_C/A,Chr10,43376077,0.0359084609690505,1289,FALSE
Pv2.1_08_39885485_A/G,Chr08,39885485,0.0358956947966482,1290,FALSE
Pv2.1_11_3081079_T/G,Chr11,3081079,0.0358879844272613,1291,FALSE
Pv2.1_07_37088148_G/A,Chr07,37088148,0.0358876249397668,1292,FALSE
Pv2.1_02_27698578_T/A,Chr02,27698578,0.0358842313162366,1293,FALSE
Pv2.1_08_2905184_G/C,Chr08,2905184,0.0358811213828618,1294,FALSE
Pv2.1_04_45948088_G/C,Chr04,45948088,0.0358669140401231,1295,FALSE
Pv2.1_09_37230503_A/G,Chr09,37230503,0.0358461379060708,1296,FALSE
Pv2.1_07_36785216_T/C,Chr07,36785216,0.035840779578721,1297,FALSE
Pv2.1_07_3518864_A/T,Chr07,3518864,0.0358359428752619,1298,FALSE
Pv2.1_08_3002567_C/T,Chr08,3002567,0.0358346703207606,1299,FALSE
Pv2.1_07_4173874_G/A,Chr07,4173874,0.0358286138989077,1300,FALSE
Pv2.1_04_44659974_A/G,Chr04,44659974,0.0358248017558394,1301,FALSE
Pv2.1_03_51125098_C/A,Chr03,51125098,0.0358084354630526,1302,FALSE
Pv2.1_06_19713657_A/T,Chr06,19713657,0.0357941098794141,1303,FALSE
Pv2.1_11_53379179_G/A,Chr11,53379179,0.0357808821334378,1304,FALSE
Pv2.1_02_29140746_A/T,Chr02,29140746,0.0357801765140788,1305,FALSE
Pv2.1_04_4238525_G/A,Chr04,4238525,0.0357768402021383,1306,FALSE
Pv2.1_08_43861879_A/C,Chr08,43861879,0.0357711577173845,1307,FALSE
Pv2.1_07_1513783_G/T,Chr07,1513783,0.0357608302833379,1308,FALSE
Pv2.1_05_11496644_C/T,Chr05,11496644,0.0357550256056483,1309,FALSE
Pv2.1_07_8392706_C/T,Chr07,8392706,0.0357439914137321,1310,FALSE
Pv2.1_07_37964172_C/A,Chr07,37964172,0.0357433626934958,1311,FALSE
Pv2.1_09_37135482_C/T,Chr09,37135482,0.0357386051796489,1312,FALSE
Pv2.1_09_37135497_T/C,Chr09,37135497,0.0357386051796489,1313,FALSE
Pv2.1_11_3568035_T/C,Chr11,3568035,0.0356989723798633,1314,FALSE
Pv2.1_08_16102250_G/A,Chr08,16102250,0.0356981025500471,1315,FALSE
Pv2.1_06_12434697_G/A,Chr06,12434697,0.0356887521218705,1316,FALSE
Pv2.1_02_2473174_G/A,Chr02,2473174,0.035681307290667,1317,FALSE
Pv2.1_03_36378802_A/G,Chr03,36378802,0.0356667803319755,1318,FALSE
Pv2.1_10_43376035_T/C,Chr10,43376035,0.0356577928765303,1319,FALSE
Pv2.1_09_37452335_C/A,Chr09,37452335,0.0356501055307072,1320,FALSE
Pv2.1_02_47621453_C/T,Chr02,47621453,0.0356461817990978,1321,FALSE
Pv2.1_05_39407869_A/C,Chr05,39407869,0.0356423529952394,1322,FALSE
Pv2.1_07_37123672_A/G,Chr07,37123672,0.0356420840415224,1323,FALSE
Pv2.1_06_20660569_GATTAGGTTTTAG/ATTAGGTTTTTAT,Chr06,20660569,0.0356338899488424,1324,FALSE
Pv2.1_05_39551803_T/G,Chr05,39551803,0.0356322904661761,1325,FALSE
Pv2.1_06_14570226_A/G,Chr06,14570226,0.0356292988141642,1326,FALSE
Pv2.1_08_24209483_G/A,Chr08,24209483,0.0356276739505121,1327,FALSE
Pv2.1_11_38370466_G/T,Chr11,38370466,0.0356235583626976,1328,FALSE
Pv2.1_06_21299887_G/A,Chr06,21299887,0.0356192606644776,1329,FALSE
Pv2.1_06_21299917_T/G,Chr06,21299917,0.0356192606644776,1330,FALSE
Pv2.1_02_46670291_A/C,Chr02,46670291,0.035619007880102,1331,FALSE
Pv2.1_11_2282072_A/C,Chr11,2282072,0.0356145111955439,1332,FALSE
Pv2.1_08_62188592_G/A,Chr08,62188592,0.0355975089826064,1333,FALSE
Pv2.1_02_44599153_T/A,Chr02,44599153,0.0355936258115648,1334,FALSE
Pv2.1_01_3198659_C/T,Chr01,3198659,0.0355845677736388,1335,FALSE
Pv2.1_10_42602250_C/T,Chr10,42602250,0.0355560843075593,1336,FALSE
Pv2.1_07_563390_G/A,Chr07,563390,0.0355487220016149,1337,FALSE
Pv2.1_03_46230082_C/A,Chr03,46230082,0.0355162938146845,1338,FALSE
Pv2.1_10_43366868_T/C,Chr10,43366868,0.035513215543729,1339,FALSE
Pv2.1_04_12206662_A/T,Chr04,12206662,0.0355076218889954,1340,FALSE
Pv2.1_05_38782885_A/G,Chr05,38782885,0.0355062346752604,1341,FALSE
Pv2.1_05_38782886_G/C,Chr05,38782886,0.0355062346752604,1342,FALSE
Pv2.1_03_45752892_A/G,Chr03,45752892,0.0355030581242817,1343,FALSE
Pv2.1_07_61267_G/C,Chr07,61267,0.0355004481271748,1344,FALSE
Pv2.1_02_35806984_A/G,Chr02,35806984,0.0354947684769402,1345,FALSE
Pv2.1_09_36784716_A/C,Chr09,36784716,0.0354896575825165,1346,FALSE
Pv2.1_01_4060019_G/T,Chr01,4060019,0.0354807650969349,1347,FALSE
Pv2.1_03_40901620_T/C,Chr03,40901620,0.0354736836617082,1348,FALSE
Pv2.1_06_13861419_C/T,Chr06,13861419,0.035469471357767,1349,FALSE
Pv2.1_06_15076699_C/A,Chr06,15076699,0.0354686620553553,1350,FALSE
Pv2.1_07_38135445_C/A,Chr07,38135445,0.0354682890370608,1351,FALSE
Pv2.1_03_51372397_C/T,Chr03,51372397,0.0354678338979344,1352,FALSE
Pv2.1_09_36874686_C/T,Chr09,36874686,0.03545896548769,1353,FALSE
Pv2.1_02_2389818_G/C,Chr02,2389818,0.0354506425618268,1354,FALSE
Pv2.1_04_47176239_C/T,Chr04,47176239,0.0354488288337897,1355,FALSE
Pv2.1_10_42780240_C/CTA,Chr10,42780240,0.0354392969400017,1356,FALSE
Pv2.1_03_33533735_T/C,Chr03,33533735,0.0354358427232193,1357,FALSE
Pv2.1_08_3181875_C/T,Chr08,3181875,0.0354350206379617,1358,FALSE
Pv2.1_02_25166797_G/A,Chr02,25166797,0.0354297013963283,1359,FALSE
Pv2.1_05_38239626_A/AT,Chr05,38239626,0.0354270242451404,1360,FALSE
Pv2.1_05_39574596_G/A,Chr05,39574596,0.0354269226560424,1361,FALSE
Pv2.1_11_497809_C/T,Chr11,497809,0.0354262527438962,1362,FALSE
Pv2.1_07_36906609_C/T,Chr07,36906609,0.0354185764797119,1363,FALSE
Pv2.1_07_4000981_T/C,Chr07,4000981,0.0354153847194283,1364,FALSE
Pv2.1_02_37424241_T/G,Chr02,37424241,0.035410782072768,1365,FALSE
Pv2.1_03_42941600_A/T,Chr03,42941600,0.0354076267338432,1366,FALSE
Pv2.1_08_21996084_G/T,Chr08,21996084,0.0354009289665278,1367,FALSE
Pv2.1_01_5619921_A/G,Chr01,5619921,0.0353930239599007,1368,FALSE
Pv2.1_01_5832858_C/T,Chr01,5832858,0.0353886994552606,1369,FALSE
Pv2.1_03_49696719_C/A,Chr03,49696719,0.0353879559296018,1370,FALSE
Pv2.1_06_15464508_T/C,Chr06,15464508,0.0353856240531298,1371,FALSE
Pv2.1_07_5772640_G/C,Chr07,5772640,0.0353800910840674,1372,FALSE
Pv2.1_11_51322282_G/C,Chr11,51322282,0.0353791160758554,1373,FALSE
Pv2.1_08_19533742_C/T,Chr08,19533742,0.0353711534197392,1374,FALSE
Pv2.1_07_37941187_A/G,Chr07,37941187,0.0353671516784981,1375,FALSE
Pv2.1_06_11458023_C/G,Chr06,11458023,0.0353621199584846,1376,FALSE
Pv2.1_05_38993890_A/C,Chr05,38993890,0.0353521353240023,1377,FALSE
Pv2.1_07_1307998_T/A,Chr07,1307998,0.0353518234915557,1378,FALSE
Pv2.1_11_51522638_C/G,Chr11,51522638,0.0353488699797251,1379,FALSE
Pv2.1_06_10529173_T/C,Chr06,10529173,0.0353371311479553,1380,FALSE
Pv2.1_11_1076475_G/A,Chr11,1076475,0.0353338588642456,1381,FALSE
Pv2.1_07_431912_G/T,Chr07,431912,0.0353332108707307,1382,FALSE
Pv2.1_05_1991610_A/T,Chr05,1991610,0.0353326371453502,1383,FALSE
Pv2.1_07_36688038_A/C,Chr07,36688038,0.0353295817568005,1384,FALSE
Pv2.1_09_37230504_A/G,Chr09,37230504,0.0353220425146938,1385,FALSE
Pv2.1_09_36919598_G/C,Chr09,36919598,0.03531434708494,1386,FALSE
Pv2.1_03_43551592_T/A,Chr03,43551592,0.035294985719311,1387,FALSE
Pv2.1_06_10947943_T/A,Chr06,10947943,0.0352822376210438,1388,FALSE
Pv2.1_04_46299025_C/T,Chr04,46299025,0.035264367257632,1389,FALSE
Pv2.1_04_46100169_T/C,Chr04,46100169,0.035263940637857,1390,FALSE
Pv2.1_07_28968710_C/A,Chr07,28968710,0.0352570850879594,1391,FALSE
Pv2.1_07_38385796_G/A,Chr07,38385796,0.0352502595181741,1392,FALSE
Pv2.1_11_2714973_G/A,Chr11,2714973,0.0352499522204073,1393,FALSE
Pv2.1_03_51292249_T/C,Chr03,51292249,0.0352392154685979,1394,FALSE
Pv2.1_07_1501130_TG/T,Chr07,1501130,0.0352328483879032,1395,FALSE
Pv2.1_11_1524897_A/G,Chr11,1524897,0.0352296151190914,1396,FALSE
Pv2.1_03_994869_G/A,Chr03,994869,0.0352233278640082,1397,FALSE
Pv2.1_05_38993950_A/G,Chr05,38993950,0.0352227162865812,1398,FALSE
Pv2.1_02_44546905_C/T,Chr02,44546905,0.0352213912135704,1399,FALSE
Pv2.1_11_670771_A/G,Chr11,670771,0.0352143127155813,1400,FALSE
Pv2.1_02_386975_A/G,Chr02,386975,0.0352138197684813,1401,FALSE
Pv2.1_11_50678412_T/C,Chr11,50678412,0.0352133614475996,1402,FALSE
Pv2.1_06_20391587_C/T,Chr06,20391587,0.0352054303978706,1403,FALSE
Pv2.1_10_42270389_C/A,Chr10,42270389,0.0352025513911145,1404,FALSE
Pv2.1_06_17348970_C/CT,Chr06,17348970,0.0352024709838013,1405,FALSE
Pv2.1_04_3975264_C/T,Chr04,3975264,0.0351872389232955,1406,FALSE
Pv2.1_04_26569796_C/T,Chr04,26569796,0.035177116790643,1407,FALSE
Pv2.1_01_4588927_G/C,Chr01,4588927,0.0351741778604868,1408,FALSE
Pv2.1_06_458126_T/C,Chr06,458126,0.0351723801197941,1409,FALSE
Pv2.1_03_9184247_C/T,Chr03,9184247,0.0351633205995094,1410,FALSE
Pv2.1_03_117709_C/A,Chr03,117709,0.0351610554611721,1411,FALSE
Pv2.1_06_11654058_A/G,Chr06,11654058,0.0351598908933224,1412,FALSE
Pv2.1_02_27740229_T/A,Chr02,27740229,0.0351100131940716,1413,FALSE
Pv2.1_11_38370604_A/G,Chr11,38370604,0.0350977076298635,1414,FALSE
Pv2.1_06_19617150_C/T,Chr06,19617150,0.035078100134843,1415,FALSE
Pv2.1_05_39325981_G/A,Chr05,39325981,0.0350636479695807,1416,FALSE
Pv2.1_03_51263429_A/G,Chr03,51263429,0.0350471330176383,1417,FALSE
Pv2.1_03_51263429_A/T,Chr03,51263429,0.0350471330176383,1418,FALSE
Pv2.1_01_37812049_A/AT,Chr01,37812049,0.0350468855982373,1419,FALSE
Pv2.1_03_48880137_C/T,Chr03,48880137,0.0350329820378206,1420,FALSE
Pv2.1_06_21003413_G/A,Chr06,21003413,0.0350290125514947,1421,FALSE
Pv2.1_11_53379190_G/C,Chr11,53379190,0.0350278023161383,1422,FALSE
Pv2.1_09_36881777_C/T,Chr09,36881777,0.0350086070031534,1423,FALSE
Pv2.1_07_38135418_A/G,Chr07,38135418,0.0350060624448179,1424,FALSE
Pv2.1_06_18115024_T/A,Chr06,18115024,0.0349955078608164,1425,FALSE
Pv2.1_01_4306849_T/A,Chr01,4306849,0.0349901256062415,1426,FALSE
Pv2.1_11_533232_C/T,Chr11,533232,0.0349847488992348,1427,FALSE
Pv2.1_02_30075123_A/C,Chr02,30075123,0.034982936420676,1428,FALSE
Pv2.1_02_36426866_TGG/T,Chr02,36426866,0.034975667182902,1429,FALSE
Pv2.1_06_15567804_G/A,Chr06,15567804,0.0349588410134878,1430,FALSE
Pv2.1_10_42014584_A/C,Chr10,42014584,0.0349576068051198,1431,FALSE
Pv2.1_06_14107038_T/C,Chr06,14107038,0.0349526960212385,1432,FALSE
Pv2.1_05_38993946_T/C,Chr05,38993946,0.0349409290184122,1433,FALSE
Pv2.1_11_50090488_G/T,Chr11,50090488,0.0349390853247495,1434,FALSE
Pv2.1_09_37603729_T/C,Chr09,37603729,0.034937216071806,1435,FALSE
Pv2.1_09_37603748_C/T,Chr09,37603748,0.034937216071806,1436,FALSE
Pv2.1_10_6881026_G/T,Chr10,6881026,0.034936457255796,1437,FALSE
Pv2.1_03_33513773_G/GTATCTT,Chr03,33513773,0.0349355478204876,1438,FALSE
Pv2.1_08_60224683_G/C,Chr08,60224683,0.0349144945731008,1439,FALSE
Pv2.1_06_13814695_A/G,Chr06,13814695,0.0349126177923638,1440,FALSE
Pv2.1_11_53132480_T/G,Chr11,53132480,0.0349124663876306,1441,FALSE
Pv2.1_03_36395482_A/G,Chr03,36395482,0.0349112561167195,1442,FALSE
Pv2.1_06_20213076_TG/T,Chr06,20213076,0.0349005355879468,1443,FALSE
Pv2.1_07_38830177_A/G,Chr07,38830177,0.0348982806841995,1444,FALSE
Pv2.1_08_48646370_A/T,Chr08,48646370,0.0348965144272215,1445,FALSE
Pv2.1_05_35358203_C/A,Chr05,35358203,0.0348934328301569,1446,FALSE
Pv2.1_04_46973050_G/A,Chr04,46973050,0.0348930818756501,1447,FALSE
Pv2.1_08_9683469_A/G,Chr08,9683469,0.0348842679891126,1448,FALSE
Pv2.1_03_1166130_A/G,Chr03,1166130,0.034880763521143,1449,FALSE
Pv2.1_09_36843776_C/A,Chr09,36843776,0.0348778167071773,1450,FALSE
Pv2.1_02_2325366_A/C,Chr02,2325366,0.0348754027515517,1451,FALSE
Pv2.1_02_2325374_C/T,Chr02,2325374,0.0348754027515517,1452,FALSE
Pv2.1_08_53386776_G/T,Chr08,53386776,0.0348681996849405,1453,FALSE
Pv2.1_11_3970837_A/T,Chr11,3970837,0.0348655882995654,1454,FALSE
Pv2.1_06_11037106_A/T,Chr06,11037106,0.0348651718706194,1455,FALSE
Pv2.1_06_11037111_A/T,Chr06,11037111,0.0348651718706194,1456,FALSE
Pv2.1_04_46303537_A/T,Chr04,46303537,0.0348608874470795,1457,FALSE
Pv2.1_03_46149546_A/C,Chr03,46149546,0.0348396210535649,1458,FALSE
Pv2.1_02_38513019_T/G,Chr02,38513019,0.0348381320707363,1459,FALSE
Pv2.1_06_16312013_C/A,Chr06,16312013,0.0348344838134094,1460,FALSE
Pv2.1_08_14362540_C/T,Chr08,14362540,0.0348207594875918,1461,FALSE
Pv2.1_08_24415424_C/CAG,Chr08,24415424,0.0348176834460761,1462,FALSE
Pv2.1_04_46887331_A/G,Chr04,46887331,0.0348088962080766,1463,FALSE
Pv2.1_07_36785324_A/G,Chr07,36785324,0.0348087844385763,1464,FALSE
Pv2.1_06_13069424_A/G,Chr06,13069424,0.0347991933585243,1465,FALSE
Pv2.1_08_62766884_G/T,Chr08,62766884,0.0347943252536584,1466,FALSE
Pv2.1_07_37261344_A/AG,Chr07,37261344,0.0347858437566262,1467,FALSE
Pv2.1_07_37941160_C/A,Chr07,37941160,0.034781581854948,1468,FALSE
Pv2.1_04_47078792_A/T,Chr04,47078792,0.0347770775575857,1469,FALSE
Pv2.1_04_46855441_G/A,Chr04,46855441,0.0347744892377126,1470,FALSE
Pv2.1_06_18113179_T/C,Chr06,18113179,0.0347721490608159,1471,FALSE
Pv2.1_01_6502156_C/A,Chr01,6502156,0.0347716272834613,1472,FALSE
Pv2.1_01_6502160_G/A,Chr01,6502160,0.0347716272834613,1473,FALSE
Pv2.1_01_6502176_A/T,Chr01,6502176,0.0347716272834613,1474,FALSE
Pv2.1_06_14812954_C/T,Chr06,14812954,0.0347689519166492,1475,FALSE
Pv2.1_06_18211032_T/A,Chr06,18211032,0.0347566300608015,1476,FALSE
Pv2.1_06_14106648_T/G,Chr06,14106648,0.0347504900880682,1477,FALSE
Pv2.1_07_7930984_T/C,Chr07,7930984,0.0347440663886585,1478,FALSE
Pv2.1_03_39816172_A/T,Chr03,39816172,0.034733361091146,1479,FALSE
Pv2.1_02_37687204_T/C,Chr02,37687204,0.034728466916234,1480,FALSE
Pv2.1_01_17265165_G/A,Chr01,17265165,0.0347251012094127,1481,FALSE
Pv2.1_07_40005075_A/T,Chr07,40005075,0.034722247194459,1482,FALSE
Pv2.1_11_1792170_G/T,Chr11,1792170,0.0346978917089129,1483,FALSE
Pv2.1_03_36404533_C/A,Chr03,36404533,0.0346835768438756,1484,FALSE
Pv2.1_03_36404551_G/T,Chr03,36404551,0.0346835768438756,1485,FALSE
Pv2.1_09_36881669_T/G,Chr09,36881669,0.0346629035221464,1486,FALSE
Pv2.1_02_37395982_A/G,Chr02,37395982,0.034649538922495,1487,FALSE
Pv2.1_08_9765172_G/C,Chr08,9765172,0.0346347471075603,1488,FALSE
Pv2.1_06_8938601_A/C,Chr06,8938601,0.0346283385853599,1489,FALSE
Pv2.1_11_3970860_G/A,Chr11,3970860,0.0346251518651117,1490,FALSE
Pv2.1_01_172001_G/A,Chr01,172001,0.0346152206648558,1491,FALSE
Pv2.1_05_1992298_C/T,Chr05,1992298,0.0346061389837331,1492,FALSE
Pv2.1_11_51916386_C/G,Chr11,51916386,0.034595910922274,1493,FALSE
Pv2.1_11_51916393_A/T,Chr11,51916393,0.034595910922274,1494,FALSE
Pv2.1_07_6784504_T/C,Chr07,6784504,0.034590487630803,1495,FALSE
Pv2.1_02_27539293_C/T,Chr02,27539293,0.0345825044468127,1496,FALSE
Pv2.1_02_48545931_T/C,Chr02,48545931,0.0345810934135105,1497,FALSE
Pv2.1_02_25809014_T/C,Chr02,25809014,0.0345765455736173,1498,FALSE
Pv2.1_08_12619147_C/T,Chr08,12619147,0.0345725981143366,1499,FALSE
Pv2.1_06_21615437_G/A,Chr06,21615437,0.0345653195834732,1500,FALSE
Pv2.1_10_31180336_T/A,Chr10,31180336,0.0345495471003483,1501,FALSE
Pv2.1_02_47053941_G/T,Chr02,47053941,0.0345492737033322,1502,FALSE
Pv2.1_06_17348973_G/T,Chr06,17348973,0.0345476608457114,1503,FALSE
Pv2.1_08_62824066_C/T,Chr08,62824066,0.0345460858198008,1504,FALSE
Pv2.1_08_14663401_A/G,Chr08,14663401,0.0345402586716661,1505,FALSE
Pv2.1_07_38830465_C/A,Chr07,38830465,0.0345376587316411,1506,FALSE
Pv2.1_04_46176787_G/A,Chr04,46176787,0.0345364000855133,1507,FALSE
Pv2.1_01_4737559_C/T,Chr01,4737559,0.0345271531608642,1508,FALSE
Pv2.1_06_20409763_C/G,Chr06,20409763,0.0345214108880865,1509,FALSE
Pv2.1_10_42533835_T/G,Chr10,42533835,0.0345164730368972,1510,FALSE
Pv2.1_09_37546760_AT/A,Chr09,37546760,0.034514521939923,1511,FALSE
Pv2.1_01_51209342_A/T,Chr01,51209342,0.0345140277050313,1512,FALSE
Pv2.1_04_43637453_C/T,Chr04,43637453,0.0345122968243197,1513,FALSE
Pv2.1_02_27981749_G/A,Chr02,27981749,0.0345013124183025,1514,FALSE
Pv2.1_07_38971209_A/G,Chr07,38971209,0.0344819903066207,1515,FALSE
Pv2.1_06_9928392_C/A,Chr06,9928392,0.0344773297716805,1516,FALSE
Pv2.1_03_41124776_G/A,Chr03,41124776,0.0344767626157316,1517,FALSE
Pv2.1_01_5336905_T/A,Chr01,5336905,0.0344700790609447,1518,FALSE
Pv2.1_01_35998040_C/A,Chr01,35998040,0.0344700016762465,1519,FALSE
Pv2.1_09_38120994_C/G,Chr09,38120994,0.0344626962908308,1520,FALSE
Pv2.1_02_37844861_A/T,Chr02,37844861,0.0344607189134276,1521,FALSE
Pv2.1_11_52975465_T/G,Chr11,52975465,0.0344354694880682,1522,FALSE
Pv2.1_05_1969723_A/T,Chr05,1969723,0.0344332606072615,1523,FALSE
Pv2.1_07_4140687_G/A,Chr07,4140687,0.0344323438528038,1524,FALSE
Pv2.1_01_3306828_A/T,Chr01,3306828,0.0344264638134648,1525,FALSE
Pv2.1_11_53267269_GTGT/G,Chr11,53267269,0.0344247788982677,1526,FALSE
Pv2.1_08_28379877_G/A,Chr08,28379877,0.0344123513514036,1527,FALSE
Pv2.1_06_28846674_T/C,Chr06,28846674,0.0344029060360302,1528,FALSE
Pv2.1_06_20662447_G/A,Chr06,20662447,0.0344008690657205,1529,FALSE
Pv2.1_09_37115498_C/G,Chr09,37115498,0.0343997384328567,1530,FALSE
Pv2.1_05_39463258_C/G,Chr05,39463258,0.0343940126709614,1531,FALSE
Pv2.1_02_35491670_AC/A,Chr02,35491670,0.0343896444103216,1532,FALSE
Pv2.1_01_2454468_A/G,Chr01,2454468,0.0343876088401176,1533,FALSE
Pv2.1_09_37383715_G/A,Chr09,37383715,0.0343845564354988,1534,FALSE
Pv2.1_04_43637434_C/T,Chr04,43637434,0.0343838724920871,1535,FALSE
Pv2.1_06_19965318_T/C,Chr06,19965318,0.0343753124938679,1536,FALSE
Pv2.1_07_1475573_A/G,Chr07,1475573,0.0343742650963996,1537,FALSE
Pv2.1_06_14107036_C/G,Chr06,14107036,0.0343720806450691,1538,FALSE
Pv2.1_03_2524325_C/T,Chr03,2524325,0.0343690481553911,1539,FALSE
Pv2.1_01_38135566_TC/G,Chr01,38135566,0.0343636981041731,1540,FALSE
Pv2.1_08_46748386_A/G,Chr08,46748386,0.0343631939540399,1541,FALSE
Pv2.1_01_2062060_T/G,Chr01,2062060,0.0343516368488546,1542,FALSE
Pv2.1_02_48755405_T/C,Chr02,48755405,0.0343514930590509,1543,FALSE
Pv2.1_08_55851685_T/A,Chr08,55851685,0.0343507884630121,1544,FALSE
Pv2.1_11_4616391_T/C,Chr11,4616391,0.0343406681176228,1545,FALSE
Pv2.1_04_120174_T/C,Chr04,120174,0.0343388200200403,1546,FALSE
Pv2.1_04_3975271_C/G,Chr04,3975271,0.03433249067561,1547,FALSE
Pv2.1_07_3538254_A/T,Chr07,3538254,0.0343324420781932,1548,FALSE
Pv2.1_07_37410287_G/A,Chr07,37410287,0.0343274974135461,1549,FALSE
Pv2.1_03_45925926_G/T,Chr03,45925926,0.0343260593624137,1550,FALSE
Pv2.1_11_4588910_C/A,Chr11,4588910,0.0343253405258892,1551,FALSE
Pv2.1_09_37234361_A/G,Chr09,37234361,0.0343240534200739,1552,FALSE
Pv2.1_01_14477578_G/A,Chr01,14477578,0.0343226394062843,1553,FALSE
Pv2.1_04_120223_C/G,Chr04,120223,0.0343188917306905,1554,FALSE
Pv2.1_02_37686604_C/A,Chr02,37686604,0.0343174726696569,1555,FALSE
Pv2.1_08_58386373_T/A,Chr08,58386373,0.0343091671253077,1556,FALSE
Pv2.1_03_48271296_A/G,Chr03,48271296,0.0343084760780288,1557,FALSE
Pv2.1_06_12441924_GT/G,Chr06,12441924,0.0343063428456816,1558,FALSE
Pv2.1_04_47087052_C/G,Chr04,47087052,0.0343041659262453,1559,FALSE
Pv2.1_02_38513137_TTGC/T,Chr02,38513137,0.0342991677553406,1560,FALSE
Pv2.1_04_3975303_T/G,Chr04,3975303,0.0342959626348773,1561,FALSE
Pv2.1_03_41507484_GC/G,Chr03,41507484,0.0342894777523073,1562,FALSE
Pv2.1_05_2806153_G/A,Chr05,2806153,0.0342872939885952,1563,FALSE
Pv2.1_04_46805321_G/A,Chr04,46805321,0.0342858342505803,1564,FALSE
Pv2.1_06_20202657_T/C,Chr06,20202657,0.0342835672963115,1565,FALSE
Pv2.1_09_36963966_C/A,Chr09,36963966,0.0342834514430517,1566,FALSE
Pv2.1_07_4116712_G/A,Chr07,4116712,0.0342824905524504,1567,FALSE
Pv2.1_11_3128989_A/T,Chr11,3128989,0.0342784030662169,1568,FALSE
Pv2.1_01_10257578_T/C,Chr01,10257578,0.0342674739703117,1569,FALSE
Pv2.1_05_38974385_T/C,Chr05,38974385,0.0342651391474567,1570,FALSE
Pv2.1_11_3128915_C/T,Chr11,3128915,0.0342509728125862,1571,FALSE
Pv2.1_04_4238529_C/T,Chr04,4238529,0.0342457527365614,1572,FALSE
Pv2.1_04_3399867_C/T,Chr04,3399867,0.0342437939266049,1573,FALSE
Pv2.1_08_34729279_A/G,Chr08,34729279,0.0342433770836679,1574,FALSE
Pv2.1_06_18115044_G/T,Chr06,18115044,0.0342426778597025,1575,FALSE
Pv2.1_06_18115048_A/T,Chr06,18115048,0.0342426778597025,1576,FALSE
Pv2.1_06_18115056_G/A,Chr06,18115056,0.0342426778597025,1577,FALSE
Pv2.1_06_18701584_T/C,Chr06,18701584,0.0342368328147504,1578,FALSE
Pv2.1_05_20624755_A/T,Chr05,20624755,0.0342350486874632,1579,FALSE
Pv2.1_02_47357021_C/T,Chr02,47357021,0.0342335550796342,1580,FALSE
Pv2.1_05_39325999_C/T,Chr05,39325999,0.0342157695913166,1581,FALSE
Pv2.1_03_41534701_C/A,Chr03,41534701,0.0342057974581196,1582,FALSE
Pv2.1_11_52973823_T/A,Chr11,52973823,0.0342020011245872,1583,FALSE
Pv2.1_07_36731802_TGCTC/T,Chr07,36731802,0.0342012303095118,1584,FALSE
Pv2.1_07_4014346_A/G,Chr07,4014346,0.0341995725370676,1585,FALSE
Pv2.1_05_39564087_T/C,Chr05,39564087,0.0341980700861129,1586,FALSE
Pv2.1_11_52611026_A/G,Chr11,52611026,0.0341907794988012,1587,FALSE
Pv2.1_11_3778761_G/A,Chr11,3778761,0.0341896551332015,1588,FALSE
Pv2.1_04_46071152_T/C,Chr04,46071152,0.0341858827853847,1589,FALSE
Pv2.1_03_32701064_C/T,Chr03,32701064,0.0341809030979721,1590,FALSE
Pv2.1_04_41777236_T/C,Chr04,41777236,0.034175165356336,1591,FALSE
Pv2.1_11_403580_T/C,Chr11,403580,0.0341740857040698,1592,FALSE
Pv2.1_06_16654233_T/C,Chr06,16654233,0.0341644074946075,1593,FALSE
Pv2.1_08_5441050_G/GT,Chr08,5441050,0.0341638416477945,1594,FALSE
Pv2.1_09_612990_T/A,Chr09,612990,0.0341601196919426,1595,FALSE
Pv2.1_11_52750051_T/C,Chr11,52750051,0.0341401755221575,1596,FALSE
Pv2.1_05_4820428_T/C,Chr05,4820428,0.0341382916796067,1597,FALSE
Pv2.1_06_18405954_T/G,Chr06,18405954,0.0341325787896825,1598,FALSE
Pv2.1_06_2127915_A/G,Chr06,2127915,0.0341273373606428,1599,FALSE
Pv2.1_06_12925860_T/A,Chr06,12925860,0.0341228098830166,1600,FALSE
Pv2.1_07_4037250_C/A,Chr07,4037250,0.0341154299747108,1601,FALSE
Pv2.1_10_31356617_C/T,Chr10,31356617,0.0341037800582207,1602,FALSE
Pv2.1_07_23893241_T/C,Chr07,23893241,0.0340974509463128,1603,FALSE
Pv2.1_06_17169118_A/G,Chr06,17169118,0.0340967329724395,1604,FALSE
Pv2.1_09_13689155_G/A,Chr09,13689155,0.0340919372411013,1605,FALSE
Pv2.1_06_21299916_A/G,Chr06,21299916,0.0340904571201417,1606,FALSE
Pv2.1_06_21299926_G/A,Chr06,21299926,0.0340904571201417,1607,FALSE
Pv2.1_11_470211_C/G,Chr11,470211,0.0340888089493454,1608,FALSE
Pv2.1_05_2357252_G/A,Chr05,2357252,0.034088569434986,1609,FALSE
Pv2.1_05_39551686_C/T,Chr05,39551686,0.0340860498658193,1610,FALSE
Pv2.1_07_8865828_A/C,Chr07,8865828,0.0340856060543966,1611,FALSE
Pv2.1_03_51015_A/G,Chr03,51015,0.034080840668123,1612,FALSE
Pv2.1_11_4845912_G/A,Chr11,4845912,0.0340765868842023,1613,FALSE
Pv2.1_06_20084745_T/C,Chr06,20084745,0.0340668371432709,1614,FALSE
Pv2.1_08_51592946_C/T,Chr08,51592946,0.0340657019798032,1615,FALSE
Pv2.1_10_1408947_G/C,Chr10,1408947,0.0340629976837841,1616,FALSE
Pv2.1_02_27806190_T/C,Chr02,27806190,0.0340502870528194,1617,FALSE
Pv2.1_11_53369410_A/C,Chr11,53369410,0.034046400326651,1618,FALSE
Pv2.1_10_1366728_G/A,Chr10,1366728,0.0340435454958286,1619,FALSE
Pv2.1_08_36436150_T/C,Chr08,36436150,0.0340417246740512,1620,FALSE
Pv2.1_08_12426780_C/T,Chr08,12426780,0.0340356063686578,1621,FALSE
Pv2.1_11_1517769_A/G,Chr11,1517769,0.0340328855198999,1622,FALSE
Pv2.1_11_2086842_T/A,Chr11,2086842,0.03403210854488,1623,FALSE
Pv2.1_03_49131328_G/A,Chr03,49131328,0.0340314535218971,1624,FALSE
Pv2.1_01_4423037_A/C,Chr01,4423037,0.0340277898552515,1625,FALSE
Pv2.1_05_2728540_G/GTTAT,Chr05,2728540,0.034019387462374,1626,FALSE
Pv2.1_11_4888893_A/G,Chr11,4888893,0.0340177660429037,1627,FALSE
Pv2.1_08_5260930_C/T,Chr08,5260930,0.034004095992155,1628,FALSE
Pv2.1_08_61838100_A/G,Chr08,61838100,0.0340012766453475,1629,FALSE
Pv2.1_08_17501962_C/T,Chr08,17501962,0.0339997295061907,1630,FALSE
Pv2.1_08_1281736_C/T,Chr08,1281736,0.0339983675901063,1631,FALSE
Pv2.1_10_42409138_C/G,Chr10,42409138,0.0339964536454964,1632,FALSE
Pv2.1_11_51522650_G/A,Chr11,51522650,0.0339960653490947,1633,FALSE
Pv2.1_06_28898246_G/A,Chr06,28898246,0.0339942784330067,1634,FALSE
Pv2.1_03_49696995_A/G,Chr03,49696995,0.0339906809278956,1635,FALSE
Pv2.1_03_32702363_T/A,Chr03,32702363,0.0339888211676414,1636,FALSE
Pv2.1_09_37495287_A/T,Chr09,37495287,0.0339879500152249,1637,FALSE
Pv2.1_01_43071701_T/A,Chr01,43071701,0.0339762873653182,1638,FALSE
Pv2.1_07_36688052_T/A,Chr07,36688052,0.0339678481195977,1639,FALSE
Pv2.1_11_3568065_A/G,Chr11,3568065,0.0339496633646217,1640,FALSE
Pv2.1_04_43635258_C/T,Chr04,43635258,0.0339467808303535,1641,FALSE
Pv2.1_06_15071338_T/C,Chr06,15071338,0.0339452719067412,1642,FALSE
Pv2.1_11_36616523_T/A,Chr11,36616523,0.0339431178795966,1643,FALSE
Pv2.1_10_41958787_C/CA,Chr10,41958787,0.0339355527086713,1644,FALSE
Pv2.1_01_4066465_T/C,Chr01,4066465,0.0339353168141856,1645,FALSE
Pv2.1_08_52656357_CT/C,Chr08,52656357,0.0339308464388961,1646,FALSE
Pv2.1_02_37614378_A/T,Chr02,37614378,0.0339272593298205,1647,FALSE
Pv2.1_11_1566263_CTTT/C,Chr11,1566263,0.0339158591646132,1648,FALSE
Pv2.1_01_5016417_A/T,Chr01,5016417,0.0339135245663806,1649,FALSE
Pv2.1_05_2409839_C/T,Chr05,2409839,0.0339114890213321,1650,FALSE
Pv2.1_11_3659128_G/C,Chr11,3659128,0.033911183814185,1651,FALSE
Pv2.1_03_48012798_T/C,Chr03,48012798,0.0339097367018382,1652,FALSE
Pv2.1_08_6076860_G/A,Chr08,6076860,0.0339017538485691,1653,FALSE
Pv2.1_09_38053751_G/A,Chr09,38053751,0.0339013594996036,1654,FALSE
Pv2.1_04_46979264_T/G,Chr04,46979264,0.0339005093385434,1655,FALSE
Pv2.1_04_23952_G/A,Chr04,23952,0.033886979937424,1656,FALSE
Pv2.1_01_43071539_A/G,Chr01,43071539,0.0338818722211531,1657,FALSE
Pv2.1_11_2269649_A/G,Chr11,2269649,0.0338726215638254,1658,FALSE
Pv2.1_06_11512048_C/T,Chr06,11512048,0.0338711087807249,1659,FALSE
Pv2.1_01_826203_C/G,Chr01,826203,0.0338703663788813,1660,FALSE
Pv2.1_07_7835187_G/A,Chr07,7835187,0.0338599740111545,1661,FALSE
Pv2.1_10_42551866_A/T,Chr10,42551866,0.0338433151359525,1662,FALSE
Pv2.1_11_52975503_T/A,Chr11,52975503,0.0338378259447469,1663,FALSE
Pv2.1_09_22295320_G/A,Chr09,22295320,0.0338376421427835,1664,FALSE
Pv2.1_07_4552272_G/A,Chr07,4552272,0.0338370421586793,1665,FALSE
Pv2.1_11_2282069_G/A,Chr11,2282069,0.0338364394852806,1666,FALSE
Pv2.1_08_53271552_T/C,Chr08,53271552,0.03383602671797,1667,FALSE
Pv2.1_06_20700138_C/A,Chr06,20700138,0.0338338940603666,1668,FALSE
Pv2.1_11_1463408_A/G,Chr11,1463408,0.0338332479197998,1669,FALSE
Pv2.1_01_51318889_C/A,Chr01,51318889,0.0338310772124504,1670,FALSE
Pv2.1_05_39343977_G/T,Chr05,39343977,0.0338271135350592,1671,FALSE
Pv2.1_06_14107036_C/T,Chr06,14107036,0.0338247895906854,1672,FALSE
Pv2.1_11_1218378_A/C,Chr11,1218378,0.0338238971200311,1673,FALSE
Pv2.1_11_53132527_G/C,Chr11,53132527,0.0338135243083881,1674,FALSE
Pv2.1_09_38235040_G/T,Chr09,38235040,0.0338113155181095,1675,FALSE
Pv2.1_10_36446806_C/G,Chr10,36446806,0.0338111665105805,1676,FALSE
Pv2.1_07_38407953_A/G,Chr07,38407953,0.0337977230279152,1677,FALSE
Pv2.1_07_38407984_G/C,Chr07,38407984,0.0337977230279152,1678,FALSE
Pv2.1_04_45177713_A/G,Chr04,45177713,0.0337966395190756,1679,FALSE
Pv2.1_07_1312474_C/T,Chr07,1312474,0.0337951422927221,1680,FALSE
Pv2.1_09_37216968_T/A,Chr09,37216968,0.0337945314194812,1681,FALSE
Pv2.1_03_48575585_G/A,Chr03,48575585,0.0337919514980949,1682,FALSE
Pv2.1_10_1408937_A/C,Chr10,1408937,0.0337882159543854,1683,FALSE
Pv2.1_11_1320234_A/G,Chr11,1320234,0.0337868970221416,1684,FALSE
Pv2.1_11_2084298_T/C,Chr11,2084298,0.033784486786391,1685,FALSE
Pv2.1_11_943628_A/T,Chr11,943628,0.0337808502299923,1686,FALSE
Pv2.1_06_18407317_G/A,Chr06,18407317,0.0337803737582156,1687,FALSE
Pv2.1_01_4819429_A/G,Chr01,4819429,0.0337762383410545,1688,FALSE
Pv2.1_08_62863921_G/A,Chr08,62863921,0.0337668300122176,1689,FALSE
Pv2.1_10_38246955_G/C,Chr10,38246955,0.0337600936437261,1690,FALSE
Pv2.1_06_20841490_A/G,Chr06,20841490,0.0337547412838473,1691,FALSE
Pv2.1_06_18050064_T/C,Chr06,18050064,0.0337530862551296,1692,FALSE
Pv2.1_02_37686642_G/A,Chr02,37686642,0.0337462188036302,1693,FALSE
Pv2.1_11_53551921_T/C,Chr11,53551921,0.0337443255332577,1694,FALSE
Pv2.1_08_12991653_T/C,Chr08,12991653,0.0337441303826758,1695,FALSE
Pv2.1_01_6523837_G/C,Chr01,6523837,0.0337376481302929,1696,FALSE
Pv2.1_01_6523841_C/T,Chr01,6523841,0.0337376481302929,1697,FALSE
Pv2.1_01_6523866_G/A,Chr01,6523866,0.0337376481302929,1698,FALSE
Pv2.1_11_3659487_T/G,Chr11,3659487,0.033737541647592,1699,FALSE
Pv2.1_07_38732399_G/A,Chr07,38732399,0.0337325434254541,1700,FALSE
Pv2.1_11_50050465_TATGC/T,Chr11,50050465,0.0337293549125288,1701,FALSE
Pv2.1_11_1163865_A/G,Chr11,1163865,0.0337241185975565,1702,FALSE
Pv2.1_11_2965054_A/G,Chr11,2965054,0.033722802389784,1703,FALSE
Pv2.1_08_53645644_T/A,Chr08,53645644,0.0337191532102348,1704,FALSE
Pv2.1_04_45750285_T/C,Chr04,45750285,0.0337120956752286,1705,FALSE
Pv2.1_07_35715464_A/G,Chr07,35715464,0.0337022905537729,1706,FALSE
Pv2.1_03_36395510_C/T,Chr03,36395510,0.0336981888992254,1707,FALSE
Pv2.1_04_46972936_G/T,Chr04,46972936,0.0336926174216909,1708,FALSE
Pv2.1_11_1509333_T/C,Chr11,1509333,0.033690958578481,1709,FALSE
Pv2.1_07_38038554_T/C,Chr07,38038554,0.0336900129596667,1710,FALSE
Pv2.1_03_1023320_C/T,Chr03,1023320,0.033683469567384,1711,FALSE
Pv2.1_11_1162182_A/C,Chr11,1162182,0.0336778195099519,1712,FALSE
Pv2.1_04_45177589_T/C,Chr04,45177589,0.033673643977993,1713,FALSE
Pv2.1_04_46540397_C/T,Chr04,46540397,0.0336427790340528,1714,FALSE
Pv2.1_08_1391689_T/C,Chr08,1391689,0.0336384123703475,1715,FALSE
Pv2.1_08_5167203_T/C,Chr08,5167203,0.0336369058123984,1716,FALSE
Pv2.1_11_51156816_C/T,Chr11,51156816,0.033635511144289,1717,FALSE
Pv2.1_05_39416649_T/TTCA,Chr05,39416649,0.0336330760811041,1718,FALSE
Pv2.1_11_52311558_T/G,Chr11,52311558,0.0336210315881642,1719,FALSE
Pv2.1_01_4721853_G/A,Chr01,4721853,0.033615229520783,1720,FALSE
Pv2.1_11_1872412_A/G,Chr11,1872412,0.0336054129233774,1721,FALSE
Pv2.1_03_398184_G/A,Chr03,398184,0.0336020685794423,1722,FALSE
Pv2.1_02_46811017_G/A,Chr02,46811017,0.0335966403341912,1723,FALSE
Pv2.1_06_20959266_A/T,Chr06,20959266,0.0335873838929488,1724,FALSE
Pv2.1_07_38178671_C/G,Chr07,38178671,0.0335775868165817,1725,FALSE
Pv2.1_08_62589899_G/A,Chr08,62589899,0.0335760186055811,1726,FALSE
Pv2.1_02_37393636_A/G,Chr02,37393636,0.0335674825976322,1727,FALSE
Pv2.1_06_16642675_C/T,Chr06,16642675,0.0335621997763615,1728,FALSE
Pv2.1_01_4818724_T/C,Chr01,4818724,0.0335610811369289,1729,FALSE
Pv2.1_06_15842423_T/A,Chr06,15842423,0.0335591372832873,1730,FALSE
Pv2.1_07_37123453_T/A,Chr07,37123453,0.0335563210201091,1731,FALSE
Pv2.1_09_36865164_T/A,Chr09,36865164,0.0335505167944539,1732,FALSE
Pv2.1_09_36865185_T/G,Chr09,36865185,0.0335505167944539,1733,FALSE
Pv2.1_09_36865197_G/T,Chr09,36865197,0.0335505167944539,1734,FALSE
Pv2.1_10_1366747_C/A,Chr10,1366747,0.0335496210866735,1735,FALSE
Pv2.1_09_33372809_G/GA,Chr09,33372809,0.0335453382855349,1736,FALSE
Pv2.1_08_36119551_T/C,Chr08,36119551,0.0335409418655113,1737,FALSE
Pv2.1_09_37473736_A/G,Chr09,37473736,0.0335361246868291,1738,FALSE
Pv2.1_08_62375861_T/C,Chr08,62375861,0.0335317496366914,1739,FALSE
Pv2.1_07_38407937_G/C,Chr07,38407937,0.0335288672163165,1740,FALSE
Pv2.1_08_34491233_A/C,Chr08,34491233,0.0335236718997614,1741,FALSE
Pv2.1_03_107304_T/C,Chr03,107304,0.0335066269233919,1742,FALSE
Pv2.1_02_2474341_G/T,Chr02,2474341,0.0335060093681308,1743,FALSE
Pv2.1_06_31021425_T/C,Chr06,31021425,0.0334933408267135,1744,FALSE
Pv2.1_04_45206100_A/T,Chr04,45206100,0.0334860256263898,1745,FALSE
Pv2.1_02_47246214_T/A,Chr02,47246214,0.0334852612548082,1746,FALSE
Pv2.1_03_2629089_A/G,Chr03,2629089,0.0334799416821503,1747,FALSE
Pv2.1_04_2650353_C/G,Chr04,2650353,0.0334774487625666,1748,FALSE
Pv2.1_08_47354287_G/A,Chr08,47354287,0.0334764344634411,1749,FALSE
Pv2.1_02_48546771_A/T,Chr02,48546771,0.0334720394335113,1750,FALSE
Pv2.1_06_13069409_G/A,Chr06,13069409,0.033464993323693,1751,FALSE
Pv2.1_11_1562093_G/A,Chr11,1562093,0.0334524900157351,1752,FALSE
Pv2.1_09_273870_G/T,Chr09,273870,0.0334503911207831,1753,FALSE
Pv2.1_10_42159391_T/G,Chr10,42159391,0.033433052819154,1754,FALSE
Pv2.1_08_62895194_C/T,Chr08,62895194,0.0334271553468679,1755,FALSE
Pv2.1_05_39338204_A/C,Chr05,39338204,0.0334204622237442,1756,FALSE
Pv2.1_07_4078896_G/T,Chr07,4078896,0.033413343884944,1757,FALSE
Pv2.1_08_27164406_C/T,Chr08,27164406,0.0334091403347183,1758,FALSE
Pv2.1_04_46975156_A/T,Chr04,46975156,0.0334055748760189,1759,FALSE
Pv2.1_11_1787379_C/G,Chr11,1787379,0.0334028843617968,1760,FALSE
Pv2.1_07_7671795_T/A,Chr07,7671795,0.0333980175727051,1761,FALSE
Pv2.1_02_27684272_G/T,Chr02,27684272,0.0333974470357039,1762,FALSE
Pv2.1_10_1408973_G/C,Chr10,1408973,0.0333950088085002,1763,FALSE
Pv2.1_10_1408987_T/C,Chr10,1408987,0.0333950088085002,1764,FALSE
Pv2.1_10_42569969_C/T,Chr10,42569969,0.0333810372688159,1765,FALSE
Pv2.1_10_42569974_G/A,Chr10,42569974,0.0333810372688159,1766,FALSE
Pv2.1_02_37363379_C/G,Chr02,37363379,0.0333796775240431,1767,FALSE
Pv2.1_04_46855413_C/G,Chr04,46855413,0.0333766907110755,1768,FALSE
Pv2.1_03_45921649_G/A,Chr03,45921649,0.0333752653123973,1769,FALSE
Pv2.1_11_3659492_G/A,Chr11,3659492,0.03337410828063,1770,FALSE
Pv2.1_10_42844904_T/C,Chr10,42844904,0.0333672415020092,1771,FALSE
Pv2.1_11_533267_T/C,Chr11,533267,0.0333603275654273,1772,FALSE
Pv2.1_07_37122774_C/T,Chr07,37122774,0.0333483687970206,1773,FALSE
Pv2.1_06_21359438_C/T,Chr06,21359438,0.0333428518392447,1774,FALSE
Pv2.1_09_37495948_C/T,Chr09,37495948,0.0333365103109569,1775,FALSE
Pv2.1_06_12893226_T/C,Chr06,12893226,0.0333342818675506,1776,FALSE
Pv2.1_11_3694931_G/T,Chr11,3694931,0.0333302408313347,1777,FALSE
Pv2.1_09_37135581_A/T,Chr09,37135581,0.0333241680738241,1778,FALSE
Pv2.1_04_47078690_A/G,Chr04,47078690,0.0333107332336469,1779,FALSE
Pv2.1_06_18593992_C/T,Chr06,18593992,0.0333036643648255,1780,FALSE
Pv2.1_08_61681984_T/C,Chr08,61681984,0.0332946332754416,1781,FALSE
Pv2.1_01_2311010_T/A,Chr01,2311010,0.033293873128752,1782,FALSE
Pv2.1_09_37352840_G/A,Chr09,37352840,0.0332868998345846,1783,FALSE
Pv2.1_08_9707106_TAC/T,Chr08,9707106,0.0332845621288502,1784,FALSE
Pv2.1_03_867145_T/C,Chr03,867145,0.0332845034527667,1785,FALSE
Pv2.1_01_51095934_A/T,Chr01,51095934,0.0332839988374127,1786,FALSE
Pv2.1_01_37766581_A/G,Chr01,37766581,0.0332815460883058,1787,FALSE
Pv2.1_10_42791961_T/C,Chr10,42791961,0.0332760515496049,1788,FALSE
Pv2.1_07_37942203_T/G,Chr07,37942203,0.0332724550440724,1789,FALSE
Pv2.1_07_1513960_A/T,Chr07,1513960,0.0332699350941019,1790,FALSE
Pv2.1_07_37046772_C/T,Chr07,37046772,0.0332651913887645,1791,FALSE
Pv2.1_11_1072822_T/C,Chr11,1072822,0.0332620525690164,1792,FALSE
Pv2.1_09_37760823_A/C,Chr09,37760823,0.033258567752612,1793,FALSE
Pv2.1_10_42288013_A/C,Chr10,42288013,0.0332583510211721,1794,FALSE
Pv2.1_08_62276163_T/C,Chr08,62276163,0.0332477778992892,1795,FALSE
Pv2.1_04_46995371_CA/C,Chr04,46995371,0.0332394288080118,1796,FALSE
Pv2.1_08_45585423_A/T,Chr08,45585423,0.0332372635365421,1797,FALSE
Pv2.1_01_3198632_C/G,Chr01,3198632,0.0332340013035397,1798,FALSE
Pv2.1_04_50980_T/A,Chr04,50980,0.0332327013388332,1799,FALSE
Pv2.1_01_13356149_A/G,Chr01,13356149,0.0332277888449357,1800,FALSE
Pv2.1_11_1456132_T/G,Chr11,1456132,0.0332268365307926,1801,FALSE
Pv2.1_03_40356597_A/G,Chr03,40356597,0.0332215359833166,1802,FALSE
Pv2.1_06_20852247_A/G,Chr06,20852247,0.0332200378222556,1803,FALSE
Pv2.1_07_1148853_T/C,Chr07,1148853,0.0332189485281642,1804,FALSE
Pv2.1_04_100983_A/T,Chr04,100983,0.0332173493542509,1805,FALSE
Pv2.1_08_3231792_T/C,Chr08,3231792,0.0332163145144211,1806,FALSE
Pv2.1_02_44526172_T/C,Chr02,44526172,0.0332139780856666,1807,FALSE
Pv2.1_01_5016430_A/T,Chr01,5016430,0.0332103426916581,1808,FALSE
Pv2.1_06_19838770_G/T,Chr06,19838770,0.0331943917949369,1809,FALSE
Pv2.1_11_1581602_C/G,Chr11,1581602,0.0331943800282772,1810,FALSE
Pv2.1_08_62838518_A/G,Chr08,62838518,0.033190242767823,1811,FALSE
Pv2.1_03_526330_T/C,Chr03,526330,0.0331901044154632,1812,FALSE
Pv2.1_09_36941056_G/T,Chr09,36941056,0.0331869314529687,1813,FALSE
Pv2.1_11_52611068_C/T,Chr11,52611068,0.0331837266417478,1814,FALSE
Pv2.1_11_52611068_C/G,Chr11,52611068,0.0331837266417474,1815,FALSE
Pv2.1_10_42792016_G/T,Chr10,42792016,0.0331833877861061,1816,FALSE
Pv2.1_06_19126075_G/A,Chr06,19126075,0.0331830450078208,1817,FALSE
Pv2.1_02_27539328_G/T,Chr02,27539328,0.0331710611584484,1818,FALSE
Pv2.1_07_38079928_T/C,Chr07,38079928,0.033169465531973,1819,FALSE
Pv2.1_01_10599946_G/A,Chr01,10599946,0.0331626262890286,1820,FALSE
Pv2.1_08_62898034_T/C,Chr08,62898034,0.0331619259335794,1821,FALSE
Pv2.1_01_6425614_C/A,Chr01,6425614,0.0331578787315316,1822,FALSE
Pv2.1_05_39326050_C/T,Chr05,39326050,0.0331571107389159,1823,FALSE
Pv2.1_07_38021576_G/T,Chr07,38021576,0.0331527945858494,1824,FALSE
Pv2.1_04_47078710_C/T,Chr04,47078710,0.0331464625848157,1825,FALSE
Pv2.1_09_36937824_C/A,Chr09,36937824,0.0331434143170828,1826,FALSE
Pv2.1_07_38986995_C/G,Chr07,38986995,0.0331431208225799,1827,FALSE
Pv2.1_07_38987037_A/G,Chr07,38987037,0.0331431208225799,1828,FALSE
Pv2.1_01_3132226_GT/G,Chr01,3132226,0.0331426822507792,1829,FALSE
Pv2.1_06_16000236_A/T,Chr06,16000236,0.0331363499612327,1830,FALSE
Pv2.1_11_52318298_C/G,Chr11,52318298,0.0331342255475438,1831,FALSE
Pv2.1_04_2030577_G/T,Chr04,2030577,0.0331321824403661,1832,FALSE
Pv2.1_05_2293503_A/G,Chr05,2293503,0.0331258568030028,1833,FALSE
Pv2.1_10_43299750_A/G,Chr10,43299750,0.0331248497157501,1834,FALSE
Pv2.1_02_316413_G/A,Chr02,316413,0.0331188685911856,1835,FALSE
Pv2.1_06_12925904_A/T,Chr06,12925904,0.0331137448892429,1836,FALSE
Pv2.1_07_36710947_C/T,Chr07,36710947,0.0331125269449548,1837,FALSE
Pv2.1_01_43317055_G/C,Chr01,43317055,0.0331123718126714,1838,FALSE
Pv2.1_02_31225548_T/G,Chr02,31225548,0.0331080306801073,1839,FALSE
Pv2.1_06_19158211_C/T,Chr06,19158211,0.0331001646943503,1840,FALSE
Pv2.1_06_19158214_A/G,Chr06,19158214,0.0331001646943503,1841,FALSE
Pv2.1_03_51849309_T/C,Chr03,51849309,0.0330999557489151,1842,FALSE
Pv2.1_03_37059484_T/C,Chr03,37059484,0.0330995198994808,1843,FALSE
Pv2.1_07_38080341_A/G,Chr07,38080341,0.0330982739370129,1844,FALSE
Pv2.1_01_6401137_T/C,Chr01,6401137,0.0330858951291848,1845,FALSE
Pv2.1_08_61150514_C/G,Chr08,61150514,0.0330745327077509,1846,FALSE
Pv2.1_04_3964124_T/G,Chr04,3964124,0.033073000814535,1847,FALSE
Pv2.1_04_3964125_A/G,Chr04,3964125,0.033073000814535,1848,FALSE
Pv2.1_04_3964169_C/T,Chr04,3964169,0.033073000814535,1849,FALSE
Pv2.1_08_61663030_C/A,Chr08,61663030,0.0330656673899759,1850,FALSE
Pv2.1_03_46518929_C/G,Chr03,46518929,0.0330654094681586,1851,FALSE
Pv2.1_07_36688071_C/T,Chr07,36688071,0.0330621903822359,1852,FALSE
Pv2.1_03_9110000_C/G,Chr03,9110000,0.033046723984433,1853,FALSE
Pv2.1_02_29213245_G/C,Chr02,29213245,0.0330400028107287,1854,FALSE
Pv2.1_10_42216049_G/A,Chr10,42216049,0.0330362343160293,1855,FALSE
Pv2.1_08_53685436_C/T,Chr08,53685436,0.033027523026151,1856,FALSE
Pv2.1_07_4089221_A/C,Chr07,4089221,0.0330149608631389,1857,FALSE
Pv2.1_06_19550320_A/G,Chr06,19550320,0.0330085249795919,1858,FALSE
Pv2.1_09_36808099_G/A,Chr09,36808099,0.0330074282923381,1859,FALSE
Pv2.1_09_36784735_G/C,Chr09,36784735,0.0330071798799256,1860,FALSE
Pv2.1_07_8392714_T/A,Chr07,8392714,0.0329993633214487,1861,FALSE
Pv2.1_08_40196726_A/G,Chr08,40196726,0.0329927619444135,1862,FALSE
Pv2.1_06_21423592_T/C,Chr06,21423592,0.0329902752040274,1863,FALSE
Pv2.1_08_4720623_G/A,Chr08,4720623,0.0329887982758335,1864,FALSE
Pv2.1_08_53638146_G/A,Chr08,53638146,0.0329870484913064,1865,FALSE
Pv2.1_03_33564054_A/G,Chr03,33564054,0.0329822512957678,1866,FALSE
Pv2.1_08_52214475_G/C,Chr08,52214475,0.0329792092290373,1867,FALSE
Pv2.1_09_36905289_C/A,Chr09,36905289,0.0329784984912185,1868,FALSE
Pv2.1_08_62895183_C/G,Chr08,62895183,0.0329751577937691,1869,FALSE
Pv2.1_04_45501102_C/T,Chr04,45501102,0.0329734049104244,1870,FALSE
Pv2.1_07_4201514_AT/A,Chr07,4201514,0.0329703610026169,1871,FALSE
Pv2.1_03_32236330_C/A,Chr03,32236330,0.032968454606868,1872,FALSE
Pv2.1_07_4325164_A/G,Chr07,4325164,0.0329664154573233,1873,FALSE
Pv2.1_03_45934831_G/A,Chr03,45934831,0.0329565984258244,1874,FALSE
Pv2.1_03_49696941_T/A,Chr03,49696941,0.0329478776436609,1875,FALSE
Pv2.1_11_51537316_T/C,Chr11,51537316,0.0329438999751823,1876,FALSE
Pv2.1_04_46846387_A/T,Chr04,46846387,0.0329415215003639,1877,FALSE
Pv2.1_09_37528103_C/T,Chr09,37528103,0.0329411587753818,1878,FALSE
Pv2.1_01_4066390_C/G,Chr01,4066390,0.0329396256536874,1879,FALSE
Pv2.1_05_39024626_T/G,Chr05,39024626,0.0329341125009091,1880,FALSE
Pv2.1_03_51140861_G/A,Chr03,51140861,0.0329266048182055,1881,FALSE
Pv2.1_08_3231791_G/C,Chr08,3231791,0.0329227119189484,1882,FALSE
Pv2.1_07_9346509_G/T,Chr07,9346509,0.032913995967216,1883,FALSE
Pv2.1_07_1231683_T/C,Chr07,1231683,0.0329129716999734,1884,FALSE
Pv2.1_09_12172152_T/C,Chr09,12172152,0.0329109057893415,1885,FALSE
Pv2.1_11_3337655_C/T,Chr11,3337655,0.0329087657189238,1886,FALSE
Pv2.1_04_2030484_A/T,Chr04,2030484,0.0329002331434616,1887,FALSE
Pv2.1_08_41073652_T/C,Chr08,41073652,0.0328993178478072,1888,FALSE
Pv2.1_08_13008341_T/A,Chr08,13008341,0.0328933191746366,1889,FALSE
Pv2.1_07_37259006_G/C,Chr07,37259006,0.0328899075814602,1890,FALSE
Pv2.1_07_38736324_A/G,Chr07,38736324,0.0328859592572366,1891,FALSE
Pv2.1_11_3949471_CAT/C,Chr11,3949471,0.0328799528604842,1892,FALSE
Pv2.1_07_34547064_G/A,Chr07,34547064,0.032871662557691,1893,FALSE
Pv2.1_08_53255444_T/G,Chr08,53255444,0.0328694435803563,1894,FALSE
Pv2.1_11_53519236_C/A,Chr11,53519236,0.0328639634393593,1895,FALSE
Pv2.1_06_14421791_C/T,Chr06,14421791,0.0328435115382773,1896,FALSE
Pv2.1_06_20459038_C/G,Chr06,20459038,0.0328380139457245,1897,FALSE
Pv2.1_06_19629390_A/T,Chr06,19629390,0.032834638301432,1898,FALSE
Pv2.1_06_13641659_A/C,Chr06,13641659,0.0328343516765144,1899,FALSE
Pv2.1_06_13641670_T/G,Chr06,13641670,0.0328343516765144,1900,FALSE
Pv2.1_11_52754358_G/C,Chr11,52754358,0.0328330688342846,1901,FALSE
Pv2.1_11_52754398_G/T,Chr11,52754398,0.0328330688342846,1902,FALSE
Pv2.1_08_58684334_TCTC/T,Chr08,58684334,0.0328302546005101,1903,FALSE
Pv2.1_07_1278410_G/A,Chr07,1278410,0.0328275481421692,1904,FALSE
Pv2.1_11_52289458_G/A,Chr11,52289458,0.0328247663084533,1905,FALSE
Pv2.1_07_4089206_C/A,Chr07,4089206,0.0328211811158443,1906,FALSE
Pv2.1_08_11689315_T/G,Chr08,11689315,0.0328200370863869,1907,FALSE
Pv2.1_05_298542_C/T,Chr05,298542,0.0328139389916058,1908,FALSE
Pv2.1_11_52413259_C/A,Chr11,52413259,0.0328116636250235,1909,FALSE
Pv2.1_07_5471809_A/T,Chr07,5471809,0.0327989251446579,1910,FALSE
Pv2.1_08_1416696_G/A,Chr08,1416696,0.0327957028183352,1911,FALSE
Pv2.1_07_7438435_C/T,Chr07,7438435,0.0327927114937179,1912,FALSE
Pv2.1_05_39574815_A/G,Chr05,39574815,0.0327885419272826,1913,FALSE
Pv2.1_09_37603730_G/A,Chr09,37603730,0.0327854569382295,1914,FALSE
Pv2.1_05_11311444_AAG/CAA,Chr05,11311444,0.032773569827302,1915,FALSE
Pv2.1_04_45670909_A/G,Chr04,45670909,0.0327733864322242,1916,FALSE
Pv2.1_07_97948_G/C,Chr07,97948,0.0327732099225826,1917,FALSE
Pv2.1_10_6828865_G/C,Chr10,6828865,0.0327703285973149,1918,FALSE
Pv2.1_03_48274998_G/T,Chr03,48274998,0.0327652366041193,1919,FALSE
Pv2.1_06_20391484_G/T,Chr06,20391484,0.0327586920751042,1920,FALSE
Pv2.1_04_1317120_T/A,Chr04,1317120,0.0327563587538302,1921,FALSE
Pv2.1_03_186235_A/T,Chr03,186235,0.0327557978251889,1922,FALSE
Pv2.1_02_47382453_G/GTAT,Chr02,47382453,0.0327532064535703,1923,FALSE
Pv2.1_08_28492382_C/T,Chr08,28492382,0.0327486175720422,1924,FALSE
Pv2.1_04_46703285_T/C,Chr04,46703285,0.0327468945456366,1925,FALSE
Pv2.1_07_37412171_C/T,Chr07,37412171,0.0327461381727536,1926,FALSE
Pv2.1_11_3437306_A/C,Chr11,3437306,0.0327348762067565,1927,FALSE
Pv2.1_03_37464971_G/T,Chr03,37464971,0.0327301659914858,1928,FALSE
Pv2.1_09_22312872_G/T,Chr09,22312872,0.0327279706572643,1929,FALSE
Pv2.1_09_22312880_G/A,Chr09,22312880,0.0327279706572643,1930,FALSE
Pv2.1_05_3755561_C/G,Chr05,3755561,0.0327153503158342,1931,FALSE
Pv2.1_01_5342252_A/G,Chr01,5342252,0.0327046717934651,1932,FALSE
Pv2.1_01_5342270_G/T,Chr01,5342270,0.0327046717934651,1933,FALSE
Pv2.1_01_5342302_T/A,Chr01,5342302,0.0327046717934651,1934,FALSE
Pv2.1_05_39687201_A/G,Chr05,39687201,0.0327012268284408,1935,FALSE
Pv2.1_09_38053741_A/G,Chr09,38053741,0.0326986409457932,1936,FALSE
Pv2.1_04_43637441_A/G,Chr04,43637441,0.0326930361099502,1937,FALSE
Pv2.1_02_47384015_T/C,Chr02,47384015,0.0326865018131812,1938,FALSE
Pv2.1_11_1316891_T/A,Chr11,1316891,0.0326829751136257,1939,FALSE
Pv2.1_03_40945589_C/T,Chr03,40945589,0.0326752347090249,1940,FALSE
Pv2.1_08_62869118_A/C,Chr08,62869118,0.0326740477042278,1941,FALSE
Pv2.1_02_26070636_G/C,Chr02,26070636,0.0326702597330071,1942,FALSE
Pv2.1_10_42551868_G/A,Chr10,42551868,0.0326696599843865,1943,FALSE
Pv2.1_03_48530784_G/A,Chr03,48530784,0.0326657798545584,1944,FALSE
Pv2.1_08_5260936_T/C,Chr08,5260936,0.0326525882831223,1945,FALSE
Pv2.1_04_5650017_TG/T,Chr04,5650017,0.032652535559957,1946,FALSE
Pv2.1_02_37732747_C/T,Chr02,37732747,0.0326432067887206,1947,FALSE
Pv2.1_07_38407932_A/T,Chr07,38407932,0.0326378954529281,1948,FALSE
Pv2.1_08_502163_T/A,Chr08,502163,0.03263341964885,1949,FALSE
Pv2.1_05_21288302_T/C,Chr05,21288302,0.0326284893737574,1950,FALSE
Pv2.1_07_36710028_G/A,Chr07,36710028,0.032622698141791,1951,FALSE
Pv2.1_10_3363518_C/A,Chr10,3363518,0.032621634453835,1952,FALSE
Pv2.1_08_16662140_G/T,Chr08,16662140,0.0326215165153991,1953,FALSE
Pv2.1_05_38840947_T/A,Chr05,38840947,0.0326180522985786,1954,FALSE
Pv2.1_10_42672185_T/C,Chr10,42672185,0.0326065327577405,1955,FALSE
Pv2.1_08_62529233_C/T,Chr08,62529233,0.0325990200538526,1956,FALSE
Pv2.1_08_325326_T/C,Chr08,325326,0.0325878040626257,1957,FALSE
Pv2.1_08_4032186_G/T,Chr08,4032186,0.0325867037372252,1958,FALSE
Pv2.1_01_4852889_AG/A,Chr01,4852889,0.0325812614107104,1959,FALSE
Pv2.1_05_39742359_T/A,Chr05,39742359,0.0325756620209328,1960,FALSE
Pv2.1_01_10095152_G/A,Chr01,10095152,0.0325749806124072,1961,FALSE
Pv2.1_11_53519259_A/C,Chr11,53519259,0.0325669261469304,1962,FALSE
Pv2.1_07_4201607_C/A,Chr07,4201607,0.0325624017688275,1963,FALSE
Pv2.1_04_1959772_G/C,Chr04,1959772,0.0325528875028631,1964,FALSE
Pv2.1_06_14973060_T/C,Chr06,14973060,0.0325481044815348,1965,FALSE
Pv2.1_09_36941090_C/T,Chr09,36941090,0.03254263107871,1966,FALSE
Pv2.1_05_39349951_T/A,Chr05,39349951,0.0325378982834019,1967,FALSE
Pv2.1_04_46910342_G/T,Chr04,46910342,0.0325309783833165,1968,FALSE
Pv2.1_02_28091969_C/G,Chr02,28091969,0.0325304633698669,1969,FALSE
Pv2.1_10_42570017_G/A,Chr10,42570017,0.0325287037480617,1970,FALSE
Pv2.1_09_36412888_T/C,Chr09,36412888,0.0325257721193575,1971,FALSE
Pv2.1_04_41777479_C/G,Chr04,41777479,0.0325255583684165,1972,FALSE
Pv2.1_06_8724644_A/G,Chr06,8724644,0.0325249163176937,1973,FALSE
Pv2.1_10_4459324_C/T,Chr10,4459324,0.0325065724089759,1974,FALSE
Pv2.1_10_31142357_A/C,Chr10,31142357,0.0325058523810444,1975,FALSE
Pv2.1_10_3078995_C/T,Chr10,3078995,0.0325056231776659,1976,FALSE
Pv2.1_04_46178137_G/A,Chr04,46178137,0.0324964863753285,1977,FALSE
Pv2.1_08_13361119_A/G,Chr08,13361119,0.0324950341423471,1978,FALSE
Pv2.1_03_34376454_T/A,Chr03,34376454,0.0324939243855535,1979,FALSE
Pv2.1_05_2409868_A/G,Chr05,2409868,0.0324894628521584,1980,FALSE
Pv2.1_03_33567440_C/T,Chr03,33567440,0.0324847020764585,1981,FALSE
Pv2.1_03_33567442_G/A,Chr03,33567442,0.0324847020764585,1982,FALSE
Pv2.1_03_33567465_A/C,Chr03,33567465,0.0324847020764585,1983,FALSE
Pv2.1_06_4592294_T/C,Chr06,4592294,0.032484088970349,1984,FALSE
Pv2.1_06_4592302_G/A,Chr06,4592302,0.032484088970349,1985,FALSE
Pv2.1_09_36784662_G/A,Chr09,36784662,0.0324834020041465,1986,FALSE
Pv2.1_04_47259074_G/A,Chr04,47259074,0.0324743517426085,1987,FALSE
Pv2.1_06_17027693_T/C,Chr06,17027693,0.032472154687242,1988,FALSE
Pv2.1_11_1072756_A/G,Chr11,1072756,0.0324659591712617,1989,FALSE
Pv2.1_03_8650231_CATT/C,Chr03,8650231,0.0324653167125608,1990,FALSE
Pv2.1_11_1163864_A/G,Chr11,1163864,0.0324585975198444,1991,FALSE
Pv2.1_11_53133746_C/T,Chr11,53133746,0.0324558006612183,1992,FALSE
Pv2.1_01_3163894_G/A,Chr01,3163894,0.032451940878155,1993,FALSE
Pv2.1_01_10575352_T/A,Chr01,10575352,0.0324480765935791,1994,FALSE
Pv2.1_11_41583208_TA/T,Chr11,41583208,0.032437322992112,1995,FALSE
Pv2.1_03_48742397_G/A,Chr03,48742397,0.0324341048088552,1996,FALSE
Pv2.1_11_1562014_G/A,Chr11,1562014,0.0324240104220057,1997,FALSE
Pv2.1_05_2837472_T/A,Chr05,2837472,0.0324097766470008,1998,FALSE
Pv2.1_04_7030457_C/T,Chr04,7030457,0.0324080431036737,1999,FALSE
Pv2.1_10_6648625_GGAT/G,Chr10,6648625,0.0324039197835035,2000,FALSE
Pv2.1_11_44467528_C/G,Chr11,44467528,0.0324030188952906,2001,FALSE
Pv2.1_01_17178415_GA/G,Chr01,17178415,0.032402573836817,2002,FALSE
Pv2.1_10_43279673_T/C,Chr10,43279673,0.0323990549760897,2003,FALSE
Pv2.1_11_943618_T/A,Chr11,943618,0.0323964972908861,2004,FALSE
Pv2.1_02_25190354_C/T,Chr02,25190354,0.0323949769087646,2005,FALSE
Pv2.1_05_20630261_T/C,Chr05,20630261,0.0323945269288881,2006,FALSE
Pv2.1_02_35455732_C/CAAAT,Chr02,35455732,0.0323919299921727,2007,FALSE
Pv2.1_08_60211652_A/T,Chr08,60211652,0.0323828958756276,2008,FALSE
Pv2.1_01_5757649_A/G,Chr01,5757649,0.0323791521972874,2009,FALSE
Pv2.1_08_59885585_T/C,Chr08,59885585,0.0323786619048132,2010,FALSE
Pv2.1_01_3723948_T/C,Chr01,3723948,0.0323779948906324,2011,FALSE
Pv2.1_05_39407872_C/G,Chr05,39407872,0.032376025708726,2012,FALSE
Pv2.1_02_25187939_C/T,Chr02,25187939,0.0323721333298481,2013,FALSE
Pv2.1_07_25816_G/T,Chr07,25816,0.0323665991170996,2014,FALSE
Pv2.1_01_49403848_G/C,Chr01,49403848,0.0323656505107071,2015,FALSE
Pv2.1_04_47087177_T/C,Chr04,47087177,0.0323646227478625,2016,FALSE
Pv2.1_08_7291164_A/C,Chr08,7291164,0.0323623653118625,2017,FALSE
Pv2.1_07_1149330_C/A,Chr07,1149330,0.0323606509400647,2018,FALSE
Pv2.1_05_749194_A/G,Chr05,749194,0.0323594070913731,2019,FALSE
Pv2.1_01_4623526_C/T,Chr01,4623526,0.0323576579898841,2020,FALSE
Pv2.1_09_37452374_A/G,Chr09,37452374,0.0323573005607991,2021,FALSE
Pv2.1_11_50066956_C/G,Chr11,50066956,0.0323564191260952,2022,FALSE
Pv2.1_11_50066960_T/A,Chr11,50066960,0.0323564191260952,2023,FALSE
Pv2.1_11_50066966_T/C,Chr11,50066966,0.0323564191260952,2024,FALSE
Pv2.1_11_52379640_G/A,Chr11,52379640,0.0323564155433087,2025,FALSE
Pv2.1_10_43279684_A/G,Chr10,43279684,0.0323548276392547,2026,FALSE
Pv2.1_01_3200655_G/A,Chr01,3200655,0.0323547853362207,2027,FALSE
Pv2.1_01_43071761_T/C,Chr01,43071761,0.0323540149589237,2028,FALSE
Pv2.1_04_47096060_G/C,Chr04,47096060,0.0323498584064201,2029,FALSE
Pv2.1_09_384107_G/A,Chr09,384107,0.0323221444438016,2030,FALSE
Pv2.1_07_37323879_G/T,Chr07,37323879,0.0323208625181972,2031,FALSE
Pv2.1_07_38140988_AAAGAGG/A,Chr07,38140988,0.0323188187255283,2032,FALSE
Pv2.1_03_40295454_T/G,Chr03,40295454,0.0323185621937192,2033,FALSE
Pv2.1_07_7714732_C/T,Chr07,7714732,0.0323162530413752,2034,FALSE
Pv2.1_09_37452311_G/T,Chr09,37452311,0.0323135463407627,2035,FALSE
Pv2.1_09_37452314_G/A,Chr09,37452314,0.0323135463407627,2036,FALSE
Pv2.1_09_37452347_G/A,Chr09,37452347,0.0323135463407627,2037,FALSE
Pv2.1_10_43687279_T/C,Chr10,43687279,0.0323101842559659,2038,FALSE
Pv2.1_03_7921530_T/TG,Chr03,7921530,0.0322967748184722,2039,FALSE
Pv2.1_01_2486592_A/T,Chr01,2486592,0.032292251590254,2040,FALSE
Pv2.1_07_37473665_C/G,Chr07,37473665,0.0322821581481212,2041,FALSE
Pv2.1_07_37473684_A/G,Chr07,37473684,0.0322821581481212,2042,FALSE
Pv2.1_07_38207868_G/A,Chr07,38207868,0.0322781459854076,2043,FALSE
Pv2.1_11_967244_T/A,Chr11,967244,0.0322747881580208,2044,FALSE
Pv2.1_01_3764657_G/A,Chr01,3764657,0.0322731266026022,2045,FALSE
Pv2.1_06_28549799_C/G,Chr06,28549799,0.0322709353816575,2046,FALSE
Pv2.1_03_2541127_A/C,Chr03,2541127,0.0322599315060241,2047,FALSE
Pv2.1_08_55531814_G/C,Chr08,55531814,0.0322586897734638,2048,FALSE
Pv2.1_06_12444446_C/T,Chr06,12444446,0.0322528706454741,2049,FALSE
Pv2.1_02_38749006_C/T,Chr02,38749006,0.0322491171524444,2050,FALSE
Pv2.1_01_10575152_A/T,Chr01,10575152,0.0322485236353174,2051,FALSE
Pv2.1_08_58711652_C/A,Chr08,58711652,0.0322484129043765,2052,FALSE
Pv2.1_04_45663514_G/C,Chr04,45663514,0.0322409971679214,2053,FALSE
Pv2.1_06_18507833_T/C,Chr06,18507833,0.0322337201886325,2054,FALSE
Pv2.1_08_11941618_G/A,Chr08,11941618,0.0322319075090922,2055,FALSE
Pv2.1_06_13849715_A/T,Chr06,13849715,0.0322273185162825,2056,FALSE
Pv2.1_06_18407376_T/C,Chr06,18407376,0.032226912755664,2057,FALSE
Pv2.1_05_40817794_T/A,Chr05,40817794,0.0322162827000478,2058,FALSE
Pv2.1_02_31270467_T/CA,Chr02,31270467,0.0322128727239526,2059,FALSE
Pv2.1_10_39394662_T/C,Chr10,39394662,0.0322114039654871,2060,FALSE
Pv2.1_06_20409852_A/G,Chr06,20409852,0.0322112621252622,2061,FALSE
Pv2.1_07_26595583_G/A,Chr07,26595583,0.0322071381029092,2062,FALSE
Pv2.1_11_4672887_C/T,Chr11,4672887,0.0321986848469535,2063,FALSE
Pv2.1_08_1589810_C/T,Chr08,1589810,0.0321932634011386,2064,FALSE
Pv2.1_06_22839440_T/C,Chr06,22839440,0.0321879760101691,2065,FALSE
Pv2.1_11_3778786_G/A,Chr11,3778786,0.0321865588440513,2066,FALSE
Pv2.1_10_1545124_G/A,Chr10,1545124,0.0321839407855009,2067,FALSE
Pv2.1_03_45802185_T/C,Chr03,45802185,0.0321816319520067,2068,FALSE
Pv2.1_11_52612019_T/C,Chr11,52612019,0.0321798336628958,2069,FALSE
Pv2.1_11_3066809_G/T,Chr11,3066809,0.0321765635530218,2070,FALSE
Pv2.1_02_25634092_A/G,Chr02,25634092,0.0321757793529569,2071,FALSE
Pv2.1_07_1232004_T/A,Chr07,1232004,0.0321747025774215,2072,FALSE
Pv2.1_03_30652231_G/A,Chr03,30652231,0.0321744149144347,2073,FALSE
Pv2.1_03_1146510_C/A,Chr03,1146510,0.0321692392976649,2074,FALSE
Pv2.1_04_3957297_G/T,Chr04,3957297,0.0321675574746347,2075,FALSE
Pv2.1_05_11448386_A/C,Chr05,11448386,0.0321672365233212,2076,FALSE
Pv2.1_09_29011977_A/G,Chr09,29011977,0.0321635968990224,2077,FALSE
Pv2.1_01_13124249_C/A,Chr01,13124249,0.0321634831545516,2078,FALSE
Pv2.1_11_819142_G/T,Chr11,819142,0.0321632318281675,2079,FALSE
Pv2.1_06_19974686_A/G,Chr06,19974686,0.0321602561663386,2080,FALSE
Pv2.1_10_42533845_A/G,Chr10,42533845,0.0321516401675153,2081,FALSE
Pv2.1_08_52840426_A/G,Chr08,52840426,0.0321379564829036,2082,FALSE
Pv2.1_05_9375094_C/A,Chr05,9375094,0.0321345443264898,2083,FALSE
Pv2.1_02_561874_A/T,Chr02,561874,0.0321327217482326,2084,FALSE
Pv2.1_06_19964740_C/CA,Chr06,19964740,0.032131859320228,2085,FALSE
Pv2.1_11_53242979_G/C,Chr11,53242979,0.0321314817293272,2086,FALSE
Pv2.1_10_6828898_A/T,Chr10,6828898,0.0321285750173592,2087,FALSE
Pv2.1_01_32705283_C/T,Chr01,32705283,0.0321280903442762,2088,FALSE
Pv2.1_07_38038524_C/T,Chr07,38038524,0.0321262004892615,2089,FALSE
Pv2.1_07_36688074_T/A,Chr07,36688074,0.0321255046810096,2090,FALSE
Pv2.1_01_5342249_T/C,Chr01,5342249,0.0321252495411217,2091,FALSE
Pv2.1_06_18934602_A/G,Chr06,18934602,0.0321228628304748,2092,FALSE
Pv2.1_08_10170999_A/T,Chr08,10170999,0.0321226738259481,2093,FALSE
Pv2.1_07_4466720_G/T,Chr07,4466720,0.0321217315121367,2094,FALSE
Pv2.1_06_14330342_GA/G,Chr06,14330342,0.0321104968375114,2095,FALSE
Pv2.1_08_5420507_A/C,Chr08,5420507,0.0321079321570696,2096,FALSE
Pv2.1_05_40623428_T/A,Chr05,40623428,0.032102794373051,2097,FALSE
Pv2.1_08_29862636_C/A,Chr08,29862636,0.0321021178206316,2098,FALSE
Pv2.1_09_33318782_A/AAAG,Chr09,33318782,0.0320972985681234,2099,FALSE
Pv2.1_06_19629387_G/C,Chr06,19629387,0.0320942813674145,2100,FALSE
Pv2.1_06_19629389_T/G,Chr06,19629389,0.0320942813674145,2101,FALSE
Pv2.1_10_4753654_C/T,Chr10,4753654,0.0320880896230742,2102,FALSE
Pv2.1_06_12441892_TTA/T,Chr06,12441892,0.0320876621049941,2103,FALSE
Pv2.1_07_1513782_C/A,Chr07,1513782,0.0320792896809632,2104,FALSE
Pv2.1_05_38386093_C/T,Chr05,38386093,0.0320639122946393,2105,FALSE
Pv2.1_10_6806942_G/T,Chr10,6806942,0.0320616593334946,2106,FALSE
Pv2.1_02_1553214_GAGCTCT/G,Chr02,1553214,0.0320603969410054,2107,FALSE
Pv2.1_06_14025967_C/T,Chr06,14025967,0.0320541353425248,2108,FALSE
Pv2.1_03_45925934_C/G,Chr03,45925934,0.0320473294644965,2109,FALSE
Pv2.1_08_13283482_G/A,Chr08,13283482,0.0320451117020397,2110,FALSE
Pv2.1_02_35388971_A/G,Chr02,35388971,0.0320430830274283,2111,FALSE
Pv2.1_01_13058024_T/C,Chr01,13058024,0.0320427443481215,2112,FALSE
Pv2.1_04_150375_T/C,Chr04,150375,0.0320349260166939,2113,FALSE
Pv2.1_07_6734412_A/G,Chr07,6734412,0.032024888113583,2114,FALSE
Pv2.1_11_2965263_T/A,Chr11,2965263,0.032018456601433,2115,FALSE
Pv2.1_08_58337313_T/C,Chr08,58337313,0.0320125417999111,2116,FALSE
Pv2.1_06_23708659_A/T,Chr06,23708659,0.0320091019419708,2117,FALSE
Pv2.1_06_23708662_C/G,Chr06,23708662,0.0320091019419708,2118,FALSE
Pv2.1_01_6502178_T/A,Chr01,6502178,0.0320043508209076,2119,FALSE
Pv2.1_10_3363519_T/A,Chr10,3363519,0.032003405465804,2120,FALSE
Pv2.1_07_7683308_C/G,Chr07,7683308,0.0320013253192126,2121,FALSE
Pv2.1_07_37986239_A/T,Chr07,37986239,0.0319993021727556,2122,FALSE
Pv2.1_03_1214564_T/A,Chr03,1214564,0.0319956900336216,2123,FALSE
Pv2.1_05_38993498_T/A,Chr05,38993498,0.0319879282978759,2124,FALSE
Pv2.1_10_38132295_A/G,Chr10,38132295,0.0319857151095588,2125,FALSE
Pv2.1_04_45670883_TC/T,Chr04,45670883,0.0319768138395693,2126,FALSE
Pv2.1_11_1159179_T/G,Chr11,1159179,0.0319760186617204,2127,FALSE
Pv2.1_02_44584261_T/C,Chr02,44584261,0.0319742382707426,2128,FALSE
Pv2.1_06_14317718_A/G,Chr06,14317718,0.031967715678173,2129,FALSE
Pv2.1_03_36501868_A/G,Chr03,36501868,0.0319675860243329,2130,FALSE
Pv2.1_09_36710251_A/C,Chr09,36710251,0.0319675082179471,2131,FALSE
Pv2.1_09_36710258_C/T,Chr09,36710258,0.0319675082179471,2132,FALSE
Pv2.1_09_36710266_G/T,Chr09,36710266,0.0319675082179471,2133,FALSE
Pv2.1_09_36710290_C/T,Chr09,36710290,0.0319675082179471,2134,FALSE
Pv2.1_07_39574705_C/G,Chr07,39574705,0.0319647784592241,2135,FALSE
Pv2.1_11_470189_C/T,Chr11,470189,0.0319552634933977,2136,FALSE
Pv2.1_07_36725753_C/G,Chr07,36725753,0.0319532036253571,2137,FALSE
Pv2.1_08_62782470_T/C,Chr08,62782470,0.0319434161002157,2138,FALSE
Pv2.1_07_1500951_T/A,Chr07,1500951,0.0319431976821405,2139,FALSE
Pv2.1_05_39024636_A/G,Chr05,39024636,0.0319337660323562,2140,FALSE
Pv2.1_06_21634159_A/T,Chr06,21634159,0.0319329007101286,2141,FALSE
Pv2.1_06_20377991_A/G,Chr06,20377991,0.0319304353051342,2142,FALSE
Pv2.1_10_1415232_A/T,Chr10,1415232,0.0319301462699233,2143,FALSE
Pv2.1_10_42550535_C/T,Chr10,42550535,0.0319216184807067,2144,FALSE
Pv2.1_10_42550577_A/G,Chr10,42550577,0.0319216184807067,2145,FALSE
Pv2.1_06_4250030_A/G,Chr06,4250030,0.0319209984098992,2146,FALSE
Pv2.1_04_46299033_G/A,Chr04,46299033,0.031918621360179,2147,FALSE
Pv2.1_08_62895181_T/C,Chr08,62895181,0.0319120946795248,2148,FALSE
Pv2.1_03_51384839_C/A,Chr03,51384839,0.031911007729839,2149,FALSE
Pv2.1_03_51384839_CACCA/AACCG,Chr03,51384839,0.031911007729839,2150,FALSE
Pv2.1_04_46855302_A/AC,Chr04,46855302,0.0319091580017359,2151,FALSE
Pv2.1_03_51096189_G/T,Chr03,51096189,0.0318945319276462,2152,FALSE
Pv2.1_03_48574784_A/G,Chr03,48574784,0.0318935620879994,2153,FALSE
Pv2.1_03_1165983_T/G,Chr03,1165983,0.0318933225163676,2154,FALSE
Pv2.1_03_45959290_T/C,Chr03,45959290,0.0318906046187637,2155,FALSE
Pv2.1_04_4560760_G/A,Chr04,4560760,0.0318888203797543,2156,FALSE
Pv2.1_10_1416818_T/G,Chr10,1416818,0.0318871913431771,2157,FALSE
Pv2.1_07_36731750_T/C,Chr07,36731750,0.0318857640531713,2158,FALSE
Pv2.1_05_11309200_T/A,Chr05,11309200,0.031885131431773,2159,FALSE
Pv2.1_07_4174926_A/G,Chr07,4174926,0.0318823296576145,2160,FALSE
Pv2.1_10_42792076_A/G,Chr10,42792076,0.031882129397995,2161,FALSE
Pv2.1_03_40295463_A/G,Chr03,40295463,0.0318807293540426,2162,FALSE
Pv2.1_06_10711277_A/G,Chr06,10711277,0.0318791626031283,2163,FALSE
Pv2.1_04_46589934_G/A,Chr04,46589934,0.0318789584404415,2164,FALSE
Pv2.1_10_3254213_T/C,Chr10,3254213,0.0318742172695892,2165,FALSE
Pv2.1_06_19031376_G/T,Chr06,19031376,0.0318732588298927,2166,FALSE
Pv2.1_01_6463027_G/A,Chr01,6463027,0.0318725645103743,2167,FALSE
Pv2.1_01_6429838_A/T,Chr01,6429838,0.03187067030056,2168,FALSE
Pv2.1_09_37099903_G/C,Chr09,37099903,0.0318675890543614,2169,FALSE
Pv2.1_02_37058201_C/T,Chr02,37058201,0.0318659999236144,2170,FALSE
Pv2.1_06_24026897_G/C,Chr06,24026897,0.0318524222716858,2171,FALSE
Pv2.1_07_38018740_T/G,Chr07,38018740,0.0318500633085672,2172,FALSE
Pv2.1_08_26539180_C/T,Chr08,26539180,0.0318475796133182,2173,FALSE
Pv2.1_07_5772533_A/C,Chr07,5772533,0.0318448548927099,2174,FALSE
Pv2.1_01_2525376_A/G,Chr01,2525376,0.0318443028793807,2175,FALSE
Pv2.1_02_35099319_G/C,Chr02,35099319,0.0318403427605354,2176,FALSE
Pv2.1_11_3691564_T/C,Chr11,3691564,0.0318354416483668,2177,FALSE
Pv2.1_02_31183980_T/A,Chr02,31183980,0.0318247676442653,2178,FALSE
Pv2.1_08_9714470_C/A,Chr08,9714470,0.0318179147690336,2179,FALSE
Pv2.1_04_47078771_G/C,Chr04,47078771,0.0318178893609216,2180,FALSE
Pv2.1_01_3057634_T/C,Chr01,3057634,0.0318170887603846,2181,FALSE
Pv2.1_11_3135903_A/G,Chr11,3135903,0.0318151625297842,2182,FALSE
Pv2.1_07_1263979_CA/C,Chr07,1263979,0.0318110843431167,2183,FALSE
Pv2.1_06_23719056_T/C,Chr06,23719056,0.031810322297019,2184,FALSE
Pv2.1_04_1564552_C/G,Chr04,1564552,0.0318045596180361,2185,FALSE
Pv2.1_11_44467513_T/C,Chr11,44467513,0.0318024348794306,2186,FALSE
Pv2.1_08_4032168_G/C,Chr08,4032168,0.0318011913987197,2187,FALSE
Pv2.1_10_42792027_T/TA,Chr10,42792027,0.031797070424874,2188,FALSE
Pv2.1_08_36119581_A/G,Chr08,36119581,0.0317963934762426,2189,FALSE
Pv2.1_02_25187988_T/A,Chr02,25187988,0.0317962016703048,2190,FALSE
Pv2.1_08_53653299_G/C,Chr08,53653299,0.0317953823599755,2191,FALSE
Pv2.1_04_4644049_CAA/C,Chr04,4644049,0.0317825355423698,2192,FALSE
Pv2.1_06_19629383_T/G,Chr06,19629383,0.0317780005373041,2193,FALSE
Pv2.1_04_45532669_C/A,Chr04,45532669,0.0317761743420011,2194,FALSE
Pv2.1_02_25187951_T/G,Chr02,25187951,0.0317757739243554,2195,FALSE
Pv2.1_03_48815629_A/T,Chr03,48815629,0.0317746113705653,2196,FALSE
Pv2.1_01_10095089_T/G,Chr01,10095089,0.0317739537811788,2197,FALSE
Pv2.1_01_2486637_A/T,Chr01,2486637,0.0317701991514423,2198,FALSE
Pv2.1_04_46589904_G/C,Chr04,46589904,0.0317670671809855,2199,FALSE
Pv2.1_04_271462_T/C,Chr04,271462,0.0317663252928897,2200,FALSE
Pv2.1_11_51233788_G/A,Chr11,51233788,0.031748708710047,2201,FALSE
Pv2.1_11_1566252_G/A,Chr11,1566252,0.0317482516585397,2202,FALSE
Pv2.1_07_6788700_C/A,Chr07,6788700,0.0317477374642454,2203,FALSE
Pv2.1_05_2222112_C/T,Chr05,2222112,0.0317459529113329,2204,FALSE
Pv2.1_04_47259047_G/A,Chr04,47259047,0.0317442261367882,2205,FALSE
Pv2.1_04_47259094_A/T,Chr04,47259094,0.0317442261367882,2206,FALSE
Pv2.1_08_9056637_C/G,Chr08,9056637,0.0317416410114317,2207,FALSE
Pv2.1_09_36670556_C/G,Chr09,36670556,0.0317400303204742,2208,FALSE
Pv2.1_02_42510083_T/C,Chr02,42510083,0.0317399116131973,2209,FALSE
Pv2.1_06_13983165_C/T,Chr06,13983165,0.0317378132558788,2210,FALSE
Pv2.1_08_16674362_T/C,Chr08,16674362,0.0317366758647104,2211,FALSE
Pv2.1_06_21370315_T/A,Chr06,21370315,0.0317291461866054,2212,FALSE
Pv2.1_06_21370321_A/T,Chr06,21370321,0.0317291461866054,2213,FALSE
Pv2.1_04_46876608_TATC/T,Chr04,46876608,0.0317214671041848,2214,FALSE
Pv2.1_09_14760122_G/A,Chr09,14760122,0.0317185302324079,2215,FALSE
Pv2.1_10_42836731_T/A,Chr10,42836731,0.0317125202161375,2216,FALSE
Pv2.1_05_39574781_T/G,Chr05,39574781,0.0317111581577327,2217,FALSE
Pv2.1_02_28089646_T/C,Chr02,28089646,0.0317103478086631,2218,FALSE
Pv2.1_09_37115520_C/A,Chr09,37115520,0.031704694025835,2219,FALSE
Pv2.1_08_18892986_C/G,Chr08,18892986,0.0317021415530006,2220,FALSE
Pv2.1_11_49873113_A/T,Chr11,49873113,0.0317006662531032,2221,FALSE
Pv2.1_04_1959781_C/T,Chr04,1959781,0.0317004149541278,2222,FALSE
Pv2.1_06_8988874_A/G,Chr06,8988874,0.0316958009838149,2223,FALSE
Pv2.1_03_30437140_T/A,Chr03,30437140,0.0316950517222088,2224,FALSE
Pv2.1_06_14421610_C/T,Chr06,14421610,0.0316939562896423,2225,FALSE
Pv2.1_05_2234784_T/A,Chr05,2234784,0.0316801469337529,2226,FALSE
Pv2.1_06_19990583_A/G,Chr06,19990583,0.0316800538988069,2227,FALSE
Pv2.1_07_37259064_A/G,Chr07,37259064,0.0316791543756696,2228,FALSE
Pv2.1_07_38986950_A/G,Chr07,38986950,0.0316729899861641,2229,FALSE
Pv2.1_07_38986937_C/T,Chr07,38986937,0.0316729899861636,2230,FALSE
Pv2.1_07_38986938_C/T,Chr07,38986938,0.0316729899861636,2231,FALSE
Pv2.1_03_45722483_T/G,Chr03,45722483,0.0316717275161942,2232,FALSE
Pv2.1_06_19994933_G/A,Chr06,19994933,0.0316636454320216,2233,FALSE
Pv2.1_04_45122550_T/A,Chr04,45122550,0.0316622195103746,2234,FALSE
Pv2.1_04_4625953_G/A,Chr04,4625953,0.0316619168938468,2235,FALSE
Pv2.1_05_38959183_C/T,Chr05,38959183,0.0316566630164905,2236,FALSE
Pv2.1_02_25188147_C/T,Chr02,25188147,0.0316560978035971,2237,FALSE
Pv2.1_04_41777672_T/G,Chr04,41777672,0.0316555599165169,2238,FALSE
Pv2.1_07_38895055_GC/G,Chr07,38895055,0.0316547259427704,2239,FALSE
Pv2.1_06_18097143_C/T,Chr06,18097143,0.031653466668585,2240,FALSE
Pv2.1_08_58557124_G/T,Chr08,58557124,0.0316506275100363,2241,FALSE
Pv2.1_08_58557154_A/C,Chr08,58557154,0.0316506275100363,2242,FALSE
Pv2.1_08_58557154_A/G,Chr08,58557154,0.0316506275100363,2243,FALSE
Pv2.1_02_28089561_A/G,Chr02,28089561,0.0316486449456779,2244,FALSE
Pv2.1_01_2270848_T/C,Chr01,2270848,0.0316416002093498,2245,FALSE
Pv2.1_10_557293_C/T,Chr10,557293,0.0316335568638255,2246,FALSE
Pv2.1_07_97888_A/T,Chr07,97888,0.0316331510164236,2247,FALSE
Pv2.1_10_38134451_G/A,Chr10,38134451,0.0316330972437831,2248,FALSE
Pv2.1_10_38134465_T/C,Chr10,38134465,0.0316330972437831,2249,FALSE
Pv2.1_02_38579762_C/T,Chr02,38579762,0.0316242319994937,2250,FALSE
Pv2.1_06_4476111_A/C,Chr06,4476111,0.0316225194031672,2251,FALSE
Pv2.1_05_2230176_G/A,Chr05,2230176,0.031621065364432,2252,FALSE
Pv2.1_01_5816071_G/C,Chr01,5816071,0.0316151816979384,2253,FALSE
Pv2.1_06_31022598_G/C,Chr06,31022598,0.031609218556607,2254,FALSE
Pv2.1_08_7291185_A/G,Chr08,7291185,0.0316078072433506,2255,FALSE
Pv2.1_02_46818830_G/A,Chr02,46818830,0.0316065825182221,2256,FALSE
Pv2.1_11_2238780_A/G,Chr11,2238780,0.0316041999887906,2257,FALSE
Pv2.1_08_14351353_G/A,Chr08,14351353,0.0316031730694553,2258,FALSE
Pv2.1_03_45770960_CT/C,Chr03,45770960,0.0316017125502377,2259,FALSE
Pv2.1_01_6094475_T/C,Chr01,6094475,0.0316004732034974,2260,FALSE
Pv2.1_03_526317_T/C,Chr03,526317,0.0315978845832743,2261,FALSE
Pv2.1_03_7264192_T/C,Chr03,7264192,0.0315958257923823,2262,FALSE
Pv2.1_10_4674130_G/A,Chr10,4674130,0.0315917095591041,2263,FALSE
Pv2.1_02_38488280_T/C,Chr02,38488280,0.0315912015897988,2264,FALSE
Pv2.1_05_39338203_A/T,Chr05,39338203,0.0315872674918483,2265,FALSE
Pv2.1_09_36526597_G/GA,Chr09,36526597,0.031586574687442,2266,FALSE
Pv2.1_03_31136003_T/C,Chr03,31136003,0.031586413175976,2267,FALSE
Pv2.1_02_28238364_C/T,Chr02,28238364,0.0315759902250701,2268,FALSE
Pv2.1_06_7240689_G/A,Chr06,7240689,0.0315702849379846,2269,FALSE
Pv2.1_11_2282021_T/C,Chr11,2282021,0.0315697379234372,2270,FALSE
Pv2.1_05_38386200_C/T,Chr05,38386200,0.0315645538114731,2271,FALSE
Pv2.1_04_3450835_A/T,Chr04,3450835,0.0315611143121743,2272,FALSE
Pv2.1_07_37259087_G/A,Chr07,37259087,0.0315602358669378,2273,FALSE
Pv2.1_03_46079384_T/C,Chr03,46079384,0.0315567270516013,2274,FALSE
Pv2.1_11_1703170_G/A,Chr11,1703170,0.0315549856524964,2275,FALSE
Pv2.1_03_430706_T/C,Chr03,430706,0.0315522977874267,2276,FALSE
Pv2.1_08_4613329_G/A,Chr08,4613329,0.03154775805673,2277,FALSE
Pv2.1_06_19727679_T/A,Chr06,19727679,0.0315464294126069,2278,FALSE
Pv2.1_03_44665922_GAC/G,Chr03,44665922,0.0315372042699615,2279,FALSE
Pv2.1_08_16673099_T/C,Chr08,16673099,0.0315349349617033,2280,FALSE
Pv2.1_06_20077150_G/A,Chr06,20077150,0.0315344729784757,2281,FALSE
Pv2.1_01_42449486_C/A,Chr01,42449486,0.0315333130398332,2282,FALSE
Pv2.1_06_12442413_G/A,Chr06,12442413,0.0315295128544788,2283,FALSE
Pv2.1_02_31270530_C/T,Chr02,31270530,0.0315285595423869,2284,FALSE
Pv2.1_08_53260879_A/T,Chr08,53260879,0.0315260242339739,2285,FALSE
Pv2.1_03_36395453_C/G,Chr03,36395453,0.0315129870455038,2286,FALSE
Pv2.1_07_7517454_G/A,Chr07,7517454,0.031511619013906,2287,FALSE
Pv2.1_03_45753137_T/A,Chr03,45753137,0.0315105016820425,2288,FALSE
Pv2.1_11_1248596_A/T,Chr11,1248596,0.0315089095647689,2289,FALSE
Pv2.1_11_1322960_A/C,Chr11,1322960,0.0315066799955113,2290,FALSE
Pv2.1_07_1548857_T/G,Chr07,1548857,0.0315051105721698,2291,FALSE
Pv2.1_07_61264_C/A,Chr07,61264,0.0315008415136511,2292,FALSE
Pv2.1_06_14106677_C/T,Chr06,14106677,0.0315005160696997,2293,FALSE
Pv2.1_06_22024028_A/T,Chr06,22024028,0.0314998111260096,2294,FALSE
Pv2.1_09_37099942_G/A,Chr09,37099942,0.0314987143079604,2295,FALSE
Pv2.1_04_281365_A/T,Chr04,281365,0.0314966574000626,2296,FALSE
Pv2.1_01_51336757_T/C,Chr01,51336757,0.0314953002416951,2297,FALSE
Pv2.1_01_5016480_G/T,Chr01,5016480,0.0314896542592527,2298,FALSE
Pv2.1_07_38150024_GAA/G,Chr07,38150024,0.031489602134978,2299,FALSE
Pv2.1_07_38150034_A/T,Chr07,38150034,0.0314896021349775,2300,FALSE
Pv2.1_11_4719098_A/T,Chr11,4719098,0.0314891078908666,2301,FALSE
Pv2.1_06_29893946_T/C,Chr06,29893946,0.0314887251388267,2302,FALSE
Pv2.1_06_29893946_T/CATC,Chr06,29893946,0.0314887251388263,2303,FALSE
Pv2.1_07_4292373_C/A,Chr07,4292373,0.0314838992654938,2304,FALSE
Pv2.1_09_22356489_G/C,Chr09,22356489,0.0314657758874235,2305,FALSE
Pv2.1_11_44322425_A/G,Chr11,44322425,0.0314588036152714,2306,FALSE
Pv2.1_03_48856487_C/T,Chr03,48856487,0.0314554405990486,2307,FALSE
Pv2.1_07_37767237_G/T,Chr07,37767237,0.0314545547885268,2308,FALSE
Pv2.1_05_39368909_C/A,Chr05,39368909,0.0314519668171522,2309,FALSE
Pv2.1_03_45519720_C/T,Chr03,45519720,0.031449022364626,2310,FALSE
Pv2.1_02_45207339_C/T,Chr02,45207339,0.0314385392445367,2311,FALSE
Pv2.1_09_37076994_G/T,Chr09,37076994,0.0314294065279914,2312,FALSE
Pv2.1_10_40377461_A/G,Chr10,40377461,0.0314264091147125,2313,FALSE
Pv2.1_07_9479276_GT/G,Chr07,9479276,0.0314226195092893,2314,FALSE
Pv2.1_11_770965_T/A,Chr11,770965,0.0314168868586231,2315,FALSE
Pv2.1_01_2981869_AG/A,Chr01,2981869,0.0314128518529513,2316,FALSE
Pv2.1_10_38247286_G/T,Chr10,38247286,0.0314125528298201,2317,FALSE
Pv2.1_08_62279315_T/G,Chr08,62279315,0.0314082259686175,2318,FALSE
Pv2.1_02_28238343_C/T,Chr02,28238343,0.0314079379327188,2319,FALSE
Pv2.1_02_28238340_G/A,Chr02,28238340,0.0314079379327183,2320,FALSE
Pv2.1_05_2216081_T/C,Chr05,2216081,0.0313907878143205,2321,FALSE
Pv2.1_02_25635590_G/GT,Chr02,25635590,0.0313867722819681,2322,FALSE
Pv2.1_01_3221095_C/T,Chr01,3221095,0.0313707551979903,2323,FALSE
Pv2.1_05_2410217_G/A,Chr05,2410217,0.0313673936968568,2324,FALSE
Pv2.1_07_21496207_G/T,Chr07,21496207,0.0313668235760738,2325,FALSE
Pv2.1_11_3951074_A/C,Chr11,3951074,0.0313641843822468,2326,FALSE
Pv2.1_07_4174942_A/T,Chr07,4174942,0.0313625579748411,2327,FALSE
Pv2.1_11_3298768_C/T,Chr11,3298768,0.0313616970298467,2328,FALSE
Pv2.1_08_17501970_C/T,Chr08,17501970,0.0313606990402571,2329,FALSE
Pv2.1_11_2956906_C/T,Chr11,2956906,0.0313604292328531,2330,FALSE
Pv2.1_06_17638773_T/G,Chr06,17638773,0.0313562388654614,2331,FALSE
Pv2.1_01_3319846_A/T,Chr01,3319846,0.0313561506060496,2332,FALSE
Pv2.1_05_39604065_T/A,Chr05,39604065,0.0313519485623912,2333,FALSE
Pv2.1_02_27727283_G/A,Chr02,27727283,0.0313497612603912,2334,FALSE
Pv2.1_10_1415233_A/T,Chr10,1415233,0.0313476912839881,2335,FALSE
Pv2.1_03_2580077_G/A,Chr03,2580077,0.0313389739389303,2336,FALSE
Pv2.1_11_3661727_T/G,Chr11,3661727,0.0313367157456264,2337,FALSE
Pv2.1_03_34377205_G/A,Chr03,34377205,0.0313335931141983,2338,FALSE
Pv2.1_02_28217181_G/A,Chr02,28217181,0.0313281565299697,2339,FALSE
Pv2.1_02_42196260_A/G,Chr02,42196260,0.031326249868024,2340,FALSE
Pv2.1_02_48763312_T/C,Chr02,48763312,0.0313246147634541,2341,FALSE
Pv2.1_07_7931072_G/T,Chr07,7931072,0.0313225916730215,2342,FALSE
Pv2.1_03_7264241_A/C,Chr03,7264241,0.03132237954798,2343,FALSE
Pv2.1_06_12444378_G/A,Chr06,12444378,0.0313219320477685,2344,FALSE
Pv2.1_04_46751703_G/A,Chr04,46751703,0.0313172092531309,2345,FALSE
Pv2.1_03_33564009_A/AT,Chr03,33564009,0.0313120790539516,2346,FALSE
Pv2.1_04_4560988_C/G,Chr04,4560988,0.0313107393468082,2347,FALSE
Pv2.1_07_25823_A/G,Chr07,25823,0.0313056948098955,2348,FALSE
Pv2.1_07_25829_T/A,Chr07,25829,0.0313056948098955,2349,FALSE
Pv2.1_10_1452297_CAT/C,Chr10,1452297,0.0312944798639041,2350,FALSE
Pv2.1_02_31490636_T/C,Chr02,31490636,0.0312909920622988,2351,FALSE
Pv2.1_06_11506738_T/C,Chr06,11506738,0.0312873837381713,2352,FALSE
Pv2.1_11_3722458_C/CCT,Chr11,3722458,0.0312847282022251,2353,FALSE
Pv2.1_10_432186_A/G,Chr10,432186,0.0312836839530748,2354,FALSE
Pv2.1_03_48574835_T/A,Chr03,48574835,0.031279055863596,2355,FALSE
Pv2.1_02_27669970_G/A,Chr02,27669970,0.0312731461089069,2356,FALSE
Pv2.1_02_29470119_GTT/G,Chr02,29470119,0.0312682608435058,2357,FALSE
Pv2.1_02_31130148_T/C,Chr02,31130148,0.0312676597518946,2358,FALSE
Pv2.1_09_36712584_T/A,Chr09,36712584,0.0312670985773837,2359,FALSE
Pv2.1_04_4560463_G/A,Chr04,4560463,0.0312600399711758,2360,FALSE
Pv2.1_01_4610568_A/C,Chr01,4610568,0.0312523412761037,2361,FALSE
Pv2.1_06_21794400_A/G,Chr06,21794400,0.0312481794587063,2362,FALSE
Pv2.1_08_17501964_C/A,Chr08,17501964,0.0312466398259925,2363,FALSE
Pv2.1_02_504284_A/G,Chr02,504284,0.0312433908770831,2364,FALSE
Pv2.1_02_44545144_A/T,Chr02,44545144,0.0312391786659259,2365,FALSE
Pv2.1_09_37826414_C/T,Chr09,37826414,0.0312384280181721,2366,FALSE
Pv2.1_09_37826436_A/G,Chr09,37826436,0.0312384280181721,2367,FALSE
Pv2.1_05_739798_G/A,Chr05,739798,0.0312342942103525,2368,FALSE
Pv2.1_10_42836744_G/T,Chr10,42836744,0.0312276932363016,2369,FALSE
Pv2.1_09_37473865_C/G,Chr09,37473865,0.031227228074231,2370,FALSE
Pv2.1_02_24738138_C/A,Chr02,24738138,0.0312235928423958,2371,FALSE
Pv2.1_02_24738147_A/T,Chr02,24738147,0.0312235928423958,2372,FALSE
Pv2.1_09_37808809_GT/G,Chr09,37808809,0.0312190068528562,2373,FALSE
Pv2.1_05_38808759_T/C,Chr05,38808759,0.0312147918225549,2374,FALSE
Pv2.1_03_990270_A/T,Chr03,990270,0.0312128616789833,2375,FALSE
Pv2.1_07_32735847_C/T,Chr07,32735847,0.0312093787784122,2376,FALSE
Pv2.1_03_7849386_G/A,Chr03,7849386,0.0312091963138528,2377,FALSE
Pv2.1_06_18568208_A/G,Chr06,18568208,0.0312070308502341,2378,FALSE
Pv2.1_07_1016179_G/C,Chr07,1016179,0.0312033273269163,2379,FALSE
Pv2.1_01_51178707_A/G,Chr01,51178707,0.0312030235403222,2380,FALSE
Pv2.1_07_36725752_A/G,Chr07,36725752,0.0311991228678408,2381,FALSE
Pv2.1_07_38454142_A/T,Chr07,38454142,0.0311929016655808,2382,FALSE
Pv2.1_08_62276137_G/C,Chr08,62276137,0.0311908943731938,2383,FALSE
Pv2.1_04_47654314_T/C,Chr04,47654314,0.0311897641798473,2384,FALSE
Pv2.1_02_46696702_G/A,Chr02,46696702,0.0311869390475241,2385,FALSE
Pv2.1_02_11491538_C/T,Chr02,11491538,0.0311844969579225,2386,FALSE
Pv2.1_06_20995246_C/T,Chr06,20995246,0.0311805420013389,2387,FALSE
Pv2.1_05_37360947_C/A,Chr05,37360947,0.0311789665052249,2388,FALSE
Pv2.1_09_36881691_G/A,Chr09,36881691,0.0311778620532621,2389,FALSE
Pv2.1_09_38118817_C/T,Chr09,38118817,0.0311733232995945,2390,FALSE
Pv2.1_07_38553215_T/A,Chr07,38553215,0.0311683808388361,2391,FALSE
Pv2.1_08_61682023_G/A,Chr08,61682023,0.0311661394421008,2392,FALSE
Pv2.1_08_61682035_C/G,Chr08,61682035,0.0311661394421008,2393,FALSE
Pv2.1_05_39325966_A/G,Chr05,39325966,0.0311648431903926,2394,FALSE
Pv2.1_06_27017801_T/C,Chr06,27017801,0.0311640979990653,2395,FALSE
Pv2.1_09_38003770_T/A,Chr09,38003770,0.0311623530274976,2396,FALSE
Pv2.1_05_1963027_A/C,Chr05,1963027,0.0311606132596438,2397,FALSE
Pv2.1_03_526313_T/C,Chr03,526313,0.0311581310723406,2398,FALSE
Pv2.1_03_48574842_C/T,Chr03,48574842,0.0311522962719364,2399,FALSE
Pv2.1_05_152586_G/T,Chr05,152586,0.0311514164643159,2400,FALSE
Pv2.1_06_16433962_T/C,Chr06,16433962,0.0311445804864303,2401,FALSE
Pv2.1_10_42215707_C/G,Chr10,42215707,0.0311403459619184,2402,FALSE
Pv2.1_06_25687968_A/T,Chr06,25687968,0.0311263996714897,2403,FALSE
Pv2.1_07_6950843_G/A,Chr07,6950843,0.0311256292326534,2404,FALSE
Pv2.1_05_38947228_A/G,Chr05,38947228,0.0311146626245975,2405,FALSE
Pv2.1_05_198938_G/A,Chr05,198938,0.0311118686978054,2406,FALSE
Pv2.1_03_40458162_A/C,Chr03,40458162,0.0311086801155196,2407,FALSE
Pv2.1_06_19125937_A/G,Chr06,19125937,0.0310890022171209,2408,FALSE
Pv2.1_01_51087175_G/A,Chr01,51087175,0.0310885951732698,2409,FALSE
Pv2.1_06_20736000_C/G,Chr06,20736000,0.0310884469970785,2410,FALSE
Pv2.1_05_1969443_G/A,Chr05,1969443,0.031086034636953,2411,FALSE
Pv2.1_04_45526919_A/T,Chr04,45526919,0.0310835811928101,2412,FALSE
Pv2.1_04_150354_T/G,Chr04,150354,0.0310823439448074,2413,FALSE
Pv2.1_04_150355_A/T,Chr04,150355,0.0310823439448074,2414,FALSE
Pv2.1_06_18407345_T/C,Chr06,18407345,0.0310805577022775,2415,FALSE
Pv2.1_11_2377822_T/A,Chr11,2377822,0.0310788752946092,2416,FALSE
Pv2.1_07_36711230_T/C,Chr07,36711230,0.031078686463919,2417,FALSE
Pv2.1_08_1153863_T/C,Chr08,1153863,0.0310766340797257,2418,FALSE
Pv2.1_02_25190312_T/C,Chr02,25190312,0.0310755073011704,2419,FALSE
Pv2.1_11_1524767_C/CATG,Chr11,1524767,0.0310698107553518,2420,FALSE
Pv2.1_03_36404484_A/T,Chr03,36404484,0.0310677698141624,2421,FALSE
Pv2.1_09_37348717_A/T,Chr09,37348717,0.0310611776754941,2422,FALSE
Pv2.1_09_37348718_A/G,Chr09,37348718,0.0310611776754941,2423,FALSE
Pv2.1_07_21769282_T/C,Chr07,21769282,0.031059841271424,2424,FALSE
Pv2.1_10_42486937_A/G,Chr10,42486937,0.0310575016715173,2425,FALSE
Pv2.1_06_20094605_G/C,Chr06,20094605,0.0310571234825416,2426,FALSE
Pv2.1_11_51100401_C/A,Chr11,51100401,0.0310410340527749,2427,FALSE
Pv2.1_11_51100401_C/G,Chr11,51100401,0.0310410340527749,2428,FALSE
Pv2.1_01_6731874_C/T,Chr01,6731874,0.0310362530167185,2429,FALSE
Pv2.1_02_34387561_T/A,Chr02,34387561,0.0310256108132401,2430,FALSE
Pv2.1_08_60277482_C/T,Chr08,60277482,0.0310247596100552,2431,FALSE
Pv2.1_08_17212648_C/T,Chr08,17212648,0.031022932724345,2432,FALSE
Pv2.1_03_32702510_C/T,Chr03,32702510,0.0310228344777874,2433,FALSE
Pv2.1_09_37739859_TA/T,Chr09,37739859,0.031019138548916,2434,FALSE
Pv2.1_09_37493319_A/G,Chr09,37493319,0.0310153273467648,2435,FALSE
Pv2.1_06_8608851_C/A,Chr06,8608851,0.0310150781923406,2436,FALSE
Pv2.1_06_8608906_T/C,Chr06,8608906,0.0310150781923406,2437,FALSE
Pv2.1_07_8479517_G/A,Chr07,8479517,0.0310074579826378,2438,FALSE
Pv2.1_03_49131358_C/G,Chr03,49131358,0.030995498256325,2439,FALSE
Pv2.1_10_4755336_G/T,Chr10,4755336,0.0309952649006648,2440,FALSE
Pv2.1_05_39245666_A/G,Chr05,39245666,0.0309949241041987,2441,FALSE
Pv2.1_11_53295199_C/T,Chr11,53295199,0.0309885419391249,2442,FALSE
Pv2.1_07_38093875_G/A,Chr07,38093875,0.0309863921249471,2443,FALSE
Pv2.1_07_37046781_G/A,Chr07,37046781,0.0309858763283972,2444,FALSE
Pv2.1_06_19994585_A/T,Chr06,19994585,0.0309854267618128,2445,FALSE
Pv2.1_06_22964829_A/T,Chr06,22964829,0.030970950752593,2446,FALSE
Pv2.1_02_47384270_T/A,Chr02,47384270,0.0309656275760841,2447,FALSE
Pv2.1_04_45501095_G/A,Chr04,45501095,0.0309604739108291,2448,FALSE
Pv2.1_05_2411750_T/A,Chr05,2411750,0.0309603739189694,2449,FALSE
Pv2.1_08_12625065_A/T,Chr08,12625065,0.0309593758155025,2450,FALSE
Pv2.1_08_59882082_C/T,Chr08,59882082,0.0309552383582079,2451,FALSE
Pv2.1_08_1159066_G/A,Chr08,1159066,0.0309524558887873,2452,FALSE
Pv2.1_06_7240679_C/T,Chr06,7240679,0.0309522473518191,2453,FALSE
Pv2.1_11_53503953_AT/A,Chr11,53503953,0.0309515924476793,2454,FALSE
Pv2.1_06_8889207_T/C,Chr06,8889207,0.0309484726004117,2455,FALSE
Pv2.1_11_1163870_A/G,Chr11,1163870,0.0309440393466089,2456,FALSE
Pv2.1_04_47839558_A/G,Chr04,47839558,0.0309438221699137,2457,FALSE
Pv2.1_02_30997109_C/G,Chr02,30997109,0.0309433536826291,2458,FALSE
Pv2.1_09_37825193_T/C,Chr09,37825193,0.030939363301933,2459,FALSE
Pv2.1_02_38587849_C/G,Chr02,38587849,0.0309393286625781,2460,FALSE
Pv2.1_01_50768348_C/G,Chr01,50768348,0.0309319235266501,2461,FALSE
Pv2.1_06_12235624_C/A,Chr06,12235624,0.0309305628714345,2462,FALSE
Pv2.1_07_1601526_C/T,Chr07,1601526,0.0309304034895384,2463,FALSE
Pv2.1_03_53306845_T/C,Chr03,53306845,0.0309206230716432,2464,FALSE
Pv2.1_07_38836940_G/C,Chr07,38836940,0.0309114875431162,2465,FALSE
Pv2.1_03_449806_C/T,Chr03,449806,0.0309105471340683,2466,FALSE
Pv2.1_06_4635633_T/A,Chr06,4635633,0.0309101299686376,2467,FALSE
Pv2.1_04_12695530_A/C,Chr04,12695530,0.0309062904164854,2468,FALSE
Pv2.1_07_9330572_TC/T,Chr07,9330572,0.0309019051529198,2469,FALSE
Pv2.1_02_34832215_C/A,Chr02,34832215,0.0309006124802287,2470,FALSE
Pv2.1_02_34832216_C/A,Chr02,34832216,0.0309006124802287,2471,FALSE
Pv2.1_05_39721323_G/A,Chr05,39721323,0.0308967403030813,2472,FALSE
Pv2.1_05_39533190_T/A,Chr05,39533190,0.0308934033796646,2473,FALSE
Pv2.1_02_34769230_G/A,Chr02,34769230,0.0308908065981233,2474,FALSE
Pv2.1_04_41855386_GA/G,Chr04,41855386,0.0308894587635553,2475,FALSE
Pv2.1_10_42650620_AC/A,Chr10,42650620,0.0308873894088659,2476,FALSE
Pv2.1_11_52289441_C/T,Chr11,52289441,0.0308857987579958,2477,FALSE
Pv2.1_03_36338275_C/A,Chr03,36338275,0.030885216383425,2478,FALSE
Pv2.1_02_35455260_G/T,Chr02,35455260,0.0308847178930147,2479,FALSE
Pv2.1_04_45501113_A/G,Chr04,45501113,0.0308779422017098,2480,FALSE
Pv2.1_01_4589062_T/G,Chr01,4589062,0.030874176181102,2481,FALSE
Pv2.1_07_38986900_G/A,Chr07,38986900,0.0308680569938584,2482,FALSE
Pv2.1_05_3670797_G/T,Chr05,3670797,0.0308635036697345,2483,FALSE
Pv2.1_07_1558198_G/A,Chr07,1558198,0.0308621544857735,2484,FALSE
Pv2.1_01_14234458_C/T,Chr01,14234458,0.0308548704439282,2485,FALSE
Pv2.1_09_37739833_C/T,Chr09,37739833,0.0308537072130797,2486,FALSE
Pv2.1_05_3670778_C/T,Chr05,3670778,0.0308527047566063,2487,FALSE
Pv2.1_07_9346860_A/C,Chr07,9346860,0.0308454605929289,2488,FALSE
Pv2.1_03_49707333_A/T,Chr03,49707333,0.030844991369495,2489,FALSE
Pv2.1_08_62851718_G/T,Chr08,62851718,0.0308359288218183,2490,FALSE
Pv2.1_03_7660298_G/A,Chr03,7660298,0.0308347269298417,2491,FALSE
Pv2.1_11_3750266_CAAT/C,Chr11,3750266,0.0308333923156638,2492,FALSE
Pv2.1_07_8220353_C/G,Chr07,8220353,0.0308321402375058,2493,FALSE
Pv2.1_07_425424_A/T,Chr07,425424,0.0308251048137129,2494,FALSE
Pv2.1_08_54059393_A/T,Chr08,54059393,0.0308222576941266,2495,FALSE
Pv2.1_05_152575_A/C,Chr05,152575,0.0308211429357574,2496,FALSE
Pv2.1_01_43071734_G/C,Chr01,43071734,0.0308159681723228,2497,FALSE
Pv2.1_11_377777_C/G,Chr11,377777,0.0308115825062067,2498,FALSE
Pv2.1_06_12442273_A/ATT,Chr06,12442273,0.030806099140805,2499,FALSE
Pv2.1_04_44730847_T/C,Chr04,44730847,0.0308026939523596,2500,FALSE
Pv2.1_06_16863273_T/A,Chr06,16863273,0.030796467006299,2501,FALSE
Pv2.1_11_1411716_T/A,Chr11,1411716,0.0307930226520416,2502,FALSE
Pv2.1_08_62787430_G/A,Chr08,62787430,0.0307895241829028,2503,FALSE
Pv2.1_06_8347837_C/T,Chr06,8347837,0.0307888925560396,2504,FALSE
Pv2.1_09_37546723_C/G,Chr09,37546723,0.0307880941711303,2505,FALSE
Pv2.1_03_52862673_C/A,Chr03,52862673,0.0307824530140159,2506,FALSE
Pv2.1_03_52862697_A/T,Chr03,52862697,0.0307824530140159,2507,FALSE
Pv2.1_09_37626802_G/A,Chr09,37626802,0.0307797239524987,2508,FALSE
Pv2.1_06_11199681_C/A,Chr06,11199681,0.0307794361806346,2509,FALSE
Pv2.1_02_24861842_A/C,Chr02,24861842,0.0307749933462915,2510,FALSE
Pv2.1_06_20400911_T/C,Chr06,20400911,0.0307683168897155,2511,FALSE
Pv2.1_02_28079416_T/C,Chr02,28079416,0.0307676152333247,2512,FALSE
Pv2.1_02_28079417_C/A,Chr02,28079417,0.0307676152333247,2513,FALSE
Pv2.1_03_43933787_T/C,Chr03,43933787,0.030766799694613,2514,FALSE
Pv2.1_07_9261287_G/A,Chr07,9261287,0.0307643645922684,2515,FALSE
Pv2.1_06_21084885_T/G,Chr06,21084885,0.0307588195021373,2516,FALSE
Pv2.1_11_3750143_T/C,Chr11,3750143,0.0307556121093713,2517,FALSE
Pv2.1_05_39317390_A/T,Chr05,39317390,0.0307431353518624,2518,FALSE
Pv2.1_08_53362243_T/C,Chr08,53362243,0.0307416417143087,2519,FALSE
Pv2.1_08_52701916_G/A,Chr08,52701916,0.0307364783910948,2520,FALSE
Pv2.1_02_561872_C/T,Chr02,561872,0.0307318113185402,2521,FALSE
Pv2.1_06_16805624_G/A,Chr06,16805624,0.0307312697568669,2522,FALSE
Pv2.1_06_19233045_T/G,Chr06,19233045,0.0307251139738818,2523,FALSE
Pv2.1_09_38152420_G/A,Chr09,38152420,0.0307241216539111,2524,FALSE
Pv2.1_09_38152444_C/A,Chr09,38152444,0.0307241216539111,2525,FALSE
Pv2.1_05_573320_T/C,Chr05,573320,0.0307194575621201,2526,FALSE
Pv2.1_06_19545484_G/A,Chr06,19545484,0.0307179775182349,2527,FALSE
Pv2.1_02_35289457_C/T,Chr02,35289457,0.0307171824899335,2528,FALSE
Pv2.1_04_41740043_C/CT,Chr04,41740043,0.0307115478474298,2529,FALSE
Pv2.1_09_1850045_A/C,Chr09,1850045,0.0307076029291054,2530,FALSE
Pv2.1_04_3957279_C/G,Chr04,3957279,0.0307047145593775,2531,FALSE
Pv2.1_04_3957280_T/A,Chr04,3957280,0.0307047145593775,2532,FALSE
Pv2.1_06_13814780_G/A,Chr06,13814780,0.0307005984329187,2533,FALSE
Pv2.1_07_5442890_C/A,Chr07,5442890,0.0306988008783922,2534,FALSE
Pv2.1_07_5442926_A/G,Chr07,5442926,0.0306988008783922,2535,FALSE
Pv2.1_08_8453471_T/C,Chr08,8453471,0.0306950003517623,2536,FALSE
Pv2.1_06_15622292_A/T,Chr06,15622292,0.0306911408075159,2537,FALSE
Pv2.1_08_61901268_T/C,Chr08,61901268,0.030689023987506,2538,FALSE
Pv2.1_08_9926071_A/T,Chr08,9926071,0.0306888066931816,2539,FALSE
Pv2.1_02_44515332_G/A,Chr02,44515332,0.0306812154862985,2540,FALSE
Pv2.1_06_19974659_T/C,Chr06,19974659,0.0306798191824993,2541,FALSE
Pv2.1_04_4471410_A/T,Chr04,4471410,0.0306789537305723,2542,FALSE
Pv2.1_06_17625898_TCCG/T,Chr06,17625898,0.0306697696772744,2543,FALSE
Pv2.1_08_58962978_G/T,Chr08,58962978,0.0306636214895435,2544,FALSE
Pv2.1_02_38579748_T/A,Chr02,38579748,0.0306613935496327,2545,FALSE
Pv2.1_10_42159446_A/G,Chr10,42159446,0.0306605685036927,2546,FALSE
Pv2.1_03_45996524_A/G,Chr03,45996524,0.0306595288345304,2547,FALSE
Pv2.1_07_36710096_G/A,Chr07,36710096,0.0306569187383738,2548,FALSE
Pv2.1_01_49403886_G/A,Chr01,49403886,0.0306478929648915,2549,FALSE
Pv2.1_06_20471224_G/A,Chr06,20471224,0.0306457243835632,2550,FALSE
Pv2.1_05_38988776_A/C,Chr05,38988776,0.0306425023373027,2551,FALSE
Pv2.1_07_1218084_A/T,Chr07,1218084,0.0306420755054804,2552,FALSE
Pv2.1_04_4561429_A/G,Chr04,4561429,0.0306404292871147,2553,FALSE
Pv2.1_07_1558159_G/C,Chr07,1558159,0.0306391850263168,2554,FALSE
Pv2.1_04_41217091_T/TGGTG,Chr04,41217091,0.0306381251030854,2555,FALSE
Pv2.1_09_36698211_T/C,Chr09,36698211,0.030632667607883,2556,FALSE
Pv2.1_09_37799959_T/C,Chr09,37799959,0.03062996379176,2557,FALSE
Pv2.1_03_994445_T/A,Chr03,994445,0.0306289894307614,2558,FALSE
Pv2.1_04_46999977_C/G,Chr04,46999977,0.0306284159653067,2559,FALSE
Pv2.1_02_25166715_C/A,Chr02,25166715,0.0306270447857191,2560,FALSE
Pv2.1_05_39721627_C/T,Chr05,39721627,0.0306173744658964,2561,FALSE
Pv2.1_06_16237341_A/G,Chr06,16237341,0.0306135162374042,2562,FALSE
Pv2.1_03_32742923_C/CCA,Chr03,32742923,0.0306133620024722,2563,FALSE
Pv2.1_07_38987107_A/C,Chr07,38987107,0.030609027953389,2564,FALSE
Pv2.1_07_38987108_G/A,Chr07,38987108,0.030609027953389,2565,FALSE
Pv2.1_02_25542880_C/A,Chr02,25542880,0.0306065300537002,2566,FALSE
Pv2.1_08_62573337_T/G,Chr08,62573337,0.03060551012556,2567,FALSE
Pv2.1_03_27654473_C/CT,Chr03,27654473,0.0306024511518697,2568,FALSE
Pv2.1_04_4560460_T/C,Chr04,4560460,0.0306001661611073,2569,FALSE
Pv2.1_01_4852835_A/C,Chr01,4852835,0.0306000817762317,2570,FALSE
Pv2.1_09_36680376_G/A,Chr09,36680376,0.0305996194858995,2571,FALSE
Pv2.1_02_27679056_C/T,Chr02,27679056,0.030599143830893,2572,FALSE
Pv2.1_06_14106961_A/G,Chr06,14106961,0.0305973197548757,2573,FALSE
Pv2.1_02_27981435_CA/C,Chr02,27981435,0.0305924180736041,2574,FALSE
Pv2.1_03_32115449_A/AT,Chr03,32115449,0.0305892269847226,2575,FALSE
Pv2.1_08_1572305_T/C,Chr08,1572305,0.0305881365553953,2576,FALSE
Pv2.1_02_31490668_A/C,Chr02,31490668,0.0305808190715751,2577,FALSE
Pv2.1_08_53256163_G/A,Chr08,53256163,0.0305796429774206,2578,FALSE
Pv2.1_02_31490952_G/A,Chr02,31490952,0.030572625120592,2579,FALSE
Pv2.1_02_31490955_T/C,Chr02,31490955,0.030572625120592,2580,FALSE
Pv2.1_02_31490987_T/G,Chr02,31490987,0.030572625120592,2581,FALSE
Pv2.1_04_45465388_T/C,Chr04,45465388,0.0305712471064141,2582,FALSE
Pv2.1_02_26129027_A/G,Chr02,26129027,0.0305699787231681,2583,FALSE
Pv2.1_11_2269641_C/T,Chr11,2269641,0.0305698061775006,2584,FALSE
Pv2.1_07_37261179_C/G,Chr07,37261179,0.0305696074183532,2585,FALSE
Pv2.1_08_6861510_G/A,Chr08,6861510,0.0305692380363043,2586,FALSE
Pv2.1_11_3733694_C/T,Chr11,3733694,0.0305691198003188,2587,FALSE
Pv2.1_02_35802951_G/A,Chr02,35802951,0.0305690901790614,2588,FALSE
Pv2.1_02_47384296_C/T,Chr02,47384296,0.030569048386079,2589,FALSE
Pv2.1_04_47839687_G/A,Chr04,47839687,0.0305553396770017,2590,FALSE
Pv2.1_08_13405063_G/GAAA,Chr08,13405063,0.0305535746139989,2591,FALSE
Pv2.1_10_42061493_T/G,Chr10,42061493,0.0305519447629168,2592,FALSE
Pv2.1_04_46727477_C/G,Chr04,46727477,0.0305493982507841,2593,FALSE
Pv2.1_03_48599603_G/A,Chr03,48599603,0.0305476597138519,2594,FALSE
Pv2.1_08_5462499_A/G,Chr08,5462499,0.0305470470263605,2595,FALSE
Pv2.1_07_36713200_A/G,Chr07,36713200,0.0305467230286771,2596,FALSE
Pv2.1_04_46855297_G/T,Chr04,46855297,0.0305348439573963,2597,FALSE
Pv2.1_11_50980685_C/T,Chr11,50980685,0.0305286571084036,2598,FALSE
Pv2.1_08_62490678_T/A,Chr08,62490678,0.0305236245907619,2599,FALSE
Pv2.1_01_4721880_T/C,Chr01,4721880,0.0305162715691347,2600,FALSE
Pv2.1_04_4560757_T/C,Chr04,4560757,0.030515186571594,2601,FALSE
Pv2.1_02_28079401_C/T,Chr02,28079401,0.0305148667468473,2602,FALSE
Pv2.1_11_53132600_G/A,Chr11,53132600,0.0305125416143306,2603,FALSE
Pv2.1_07_528622_T/C,Chr07,528622,0.030512468266136,2604,FALSE
Pv2.1_03_32241301_T/A,Chr03,32241301,0.0305111384374186,2605,FALSE
Pv2.1_09_13419593_T/C,Chr09,13419593,0.0305103858496816,2606,FALSE
Pv2.1_02_27679047_G/T,Chr02,27679047,0.0305085083701524,2607,FALSE
Pv2.1_06_8731186_G/GA,Chr06,8731186,0.0305059368472982,2608,FALSE
Pv2.1_04_46880127_T/C,Chr04,46880127,0.0305051866613781,2609,FALSE
Pv2.1_09_36418053_A/C,Chr09,36418053,0.030501071479506,2610,FALSE
Pv2.1_08_53653321_G/A,Chr08,53653321,0.0305009747446716,2611,FALSE
Pv2.1_03_8860025_A/T,Chr03,8860025,0.0305002380043935,2612,FALSE
Pv2.1_04_4560535_G/A,Chr04,4560535,0.0304993158937621,2613,FALSE
Pv2.1_03_2553914_C/T,Chr03,2553914,0.0304947205833601,2614,FALSE
Pv2.1_11_51692228_ATGT/A,Chr11,51692228,0.0304942558971342,2615,FALSE
Pv2.1_06_29177530_C/A,Chr06,29177530,0.0304937277649575,2616,FALSE
Pv2.1_10_42516653_A/C,Chr10,42516653,0.0304927984981109,2617,FALSE
Pv2.1_07_32694993_C/G,Chr07,32694993,0.0304904244512723,2618,FALSE
Pv2.1_10_30316792_G/A,Chr10,30316792,0.0304845975694796,2619,FALSE
Pv2.1_08_24985762_G/A,Chr08,24985762,0.0304837238610851,2620,FALSE
Pv2.1_11_53132564_C/T,Chr11,53132564,0.0304813695084913,2621,FALSE
Pv2.1_11_52611030_T/C,Chr11,52611030,0.0304805729721545,2622,FALSE
Pv2.1_10_38132263_C/A,Chr10,38132263,0.0304798908893926,2623,FALSE
Pv2.1_06_19549571_G/A,Chr06,19549571,0.030477500048915,2624,FALSE
Pv2.1_03_48575539_T/G,Chr03,48575539,0.0304766024618424,2625,FALSE
Pv2.1_09_37563837_G/C,Chr09,37563837,0.0304718138122424,2626,FALSE
Pv2.1_01_4061964_T/G,Chr01,4061964,0.0304664724468355,2627,FALSE
Pv2.1_02_27679064_A/G,Chr02,27679064,0.0304658107750528,2628,FALSE
Pv2.1_11_53430622_C/T,Chr11,53430622,0.0304655769003253,2629,FALSE
Pv2.1_07_37393321_G/T,Chr07,37393321,0.0304599874423075,2630,FALSE
Pv2.1_06_11413594_G/A,Chr06,11413594,0.0304558387099441,2631,FALSE
Pv2.1_02_26128994_T/C,Chr02,26128994,0.0304537197591728,2632,FALSE
Pv2.1_11_1547189_C/T,Chr11,1547189,0.0304533409733767,2633,FALSE
Pv2.1_11_1581563_A/C,Chr11,1581563,0.0304529161865599,2634,FALSE
Pv2.1_10_42047225_C/T,Chr10,42047225,0.0304490617589144,2635,FALSE
Pv2.1_10_42047236_G/A,Chr10,42047236,0.0304490617589144,2636,FALSE
Pv2.1_11_967227_T/C,Chr11,967227,0.0304470459828892,2637,FALSE
Pv2.1_02_26129030_C/T,Chr02,26129030,0.0304373883632065,2638,FALSE
Pv2.1_01_3221623_T/C,Chr01,3221623,0.0304372171075928,2639,FALSE
Pv2.1_11_3120300_A/T,Chr11,3120300,0.0304354597135799,2640,FALSE
Pv2.1_04_47654276_A/T,Chr04,47654276,0.0304351874833952,2641,FALSE
Pv2.1_07_37122652_T/A,Chr07,37122652,0.030429762061857,2642,FALSE
Pv2.1_10_3078982_G/T,Chr10,3078982,0.0304292578159653,2643,FALSE
Pv2.1_11_2258890_G/A,Chr11,2258890,0.0304250805622668,2644,FALSE
Pv2.1_11_52841809_A/T,Chr11,52841809,0.0304239480864656,2645,FALSE
Pv2.1_07_454491_C/G,Chr07,454491,0.0304191606175381,2646,FALSE
Pv2.1_05_39317422_C/A,Chr05,39317422,0.0304190241240492,2647,FALSE
Pv2.1_08_12538688_G/C,Chr08,12538688,0.0304143855797978,2648,FALSE
Pv2.1_08_62082084_T/C,Chr08,62082084,0.0304118254373584,2649,FALSE
Pv2.1_06_20400849_A/C,Chr06,20400849,0.0304060151199006,2650,FALSE
Pv2.1_07_38018795_T/C,Chr07,38018795,0.0304046387188883,2651,FALSE
Pv2.1_06_22794395_C/T,Chr06,22794395,0.0303919320368355,2652,FALSE
Pv2.1_04_3102111_A/T,Chr04,3102111,0.0303912994639464,2653,FALSE
Pv2.1_04_46177949_C/A,Chr04,46177949,0.0303895864619523,2654,FALSE
Pv2.1_01_2270788_G/T,Chr01,2270788,0.0303847349075146,2655,FALSE
Pv2.1_03_51526086_C/A,Chr03,51526086,0.0303792362183555,2656,FALSE
Pv2.1_01_3333904_T/C,Chr01,3333904,0.030377964459519,2657,FALSE
Pv2.1_09_37495909_A/G,Chr09,37495909,0.0303760664592643,2658,FALSE
Pv2.1_07_1513765_C/G,Chr07,1513765,0.0303738774455713,2659,FALSE
Pv2.1_10_5821255_C/T,Chr10,5821255,0.0303721097062901,2660,FALSE
Pv2.1_05_748768_C/T,Chr05,748768,0.0303710507431374,2661,FALSE
Pv2.1_10_4755284_A/C,Chr10,4755284,0.0303685863253023,2662,FALSE
Pv2.1_09_37626728_G/C,Chr09,37626728,0.0303685723367004,2663,FALSE
Pv2.1_06_17027900_C/T,Chr06,17027900,0.0303635021290138,2664,FALSE
Pv2.1_08_7844044_C/G,Chr08,7844044,0.030360594880313,2665,FALSE
Pv2.1_02_28092010_G/A,Chr02,28092010,0.0303602568299812,2666,FALSE
Pv2.1_07_7075094_T/TG,Chr07,7075094,0.030359628442262,2667,FALSE
Pv2.1_09_36698192_C/G,Chr09,36698192,0.0303575909423324,2668,FALSE
Pv2.1_11_52982925_C/T,Chr11,52982925,0.0303574366947337,2669,FALSE
Pv2.1_06_13987775_A/C,Chr06,13987775,0.0303561568275246,2670,FALSE
Pv2.1_11_51028094_C/T,Chr11,51028094,0.0303549344304908,2671,FALSE
Pv2.1_02_48682269_G/A,Chr02,48682269,0.0303549191993815,2672,FALSE
Pv2.1_06_30941684_T/C,Chr06,30941684,0.0303544367422273,2673,FALSE
Pv2.1_08_53354252_G/T,Chr08,53354252,0.0303540860113714,2674,FALSE
Pv2.1_11_3170050_A/G,Chr11,3170050,0.0303526060528334,2675,FALSE
Pv2.1_07_9326886_G/A,Chr07,9326886,0.030335101634364,2676,FALSE
Pv2.1_03_32711245_G/T,Chr03,32711245,0.0303300909823543,2677,FALSE
Pv2.1_06_22794403_G/T,Chr06,22794403,0.0303263843666777,2678,FALSE
Pv2.1_08_7729815_T/A,Chr08,7729815,0.0303258798047072,2679,FALSE
Pv2.1_08_45730925_C/A,Chr08,45730925,0.0303234655845017,2680,FALSE
Pv2.1_06_14330348_A/G,Chr06,14330348,0.0303227165781914,2681,FALSE
Pv2.1_06_18404011_C/T,Chr06,18404011,0.030322343338272,2682,FALSE
Pv2.1_10_5041020_T/A,Chr10,5041020,0.030321683654476,2683,FALSE
Pv2.1_06_8347631_G/T,Chr06,8347631,0.0303216132642112,2684,FALSE
Pv2.1_06_8347642_G/A,Chr06,8347642,0.0303216132642112,2685,FALSE
Pv2.1_05_39247683_C/G,Chr05,39247683,0.0303214705677335,2686,FALSE
Pv2.1_05_38290170_T/C,Chr05,38290170,0.030321409975909,2687,FALSE
Pv2.1_06_21174852_AAACATT/CAACATC,Chr06,21174852,0.0303191704442156,2688,FALSE
Pv2.1_04_1421318_G/A,Chr04,1421318,0.0303128856679216,2689,FALSE
Pv2.1_02_28264297_A/G,Chr02,28264297,0.0303098721648882,2690,FALSE
Pv2.1_01_3737817_A/G,Chr01,3737817,0.0303047337680269,2691,FALSE
Pv2.1_11_1173870_A/G,Chr11,1173870,0.03029943497907,2692,FALSE
Pv2.1_04_46719047_A/T,Chr04,46719047,0.0302932766883188,2693,FALSE
Pv2.1_04_45524057_C/T,Chr04,45524057,0.0302925499540643,2694,FALSE
Pv2.1_08_16674311_G/A,Chr08,16674311,0.0302924822406965,2695,FALSE
Pv2.1_02_28264316_T/G,Chr02,28264316,0.0302923626388085,2696,FALSE
Pv2.1_06_9274933_A/T,Chr06,9274933,0.0302906401912262,2697,FALSE
Pv2.1_08_53292348_T/C,Chr08,53292348,0.0302877755709869,2698,FALSE
Pv2.1_11_52379720_G/A,Chr11,52379720,0.0302861380101764,2699,FALSE
Pv2.1_03_46077301_A/G,Chr03,46077301,0.0302772094548467,2700,FALSE
Pv2.1_07_39356252_T/C,Chr07,39356252,0.0302764286074821,2701,FALSE
Pv2.1_09_36679069_G/A,Chr09,36679069,0.030276177528187,2702,FALSE
Pv2.1_11_533352_A/C,Chr11,533352,0.0302754750751553,2703,FALSE
Pv2.1_06_21012825_T/G,Chr06,21012825,0.0302711841772267,2704,FALSE
Pv2.1_07_9346499_C/T,Chr07,9346499,0.0302611968883997,2705,FALSE
Pv2.1_04_47078767_G/T,Chr04,47078767,0.0302571116024089,2706,FALSE
Pv2.1_01_13273111_T/G,Chr01,13273111,0.0302556827643188,2707,FALSE
Pv2.1_04_45177588_A/G,Chr04,45177588,0.0302519752792936,2708,FALSE
Pv2.1_09_2047670_GCTT/G,Chr09,2047670,0.0302457590840621,2709,FALSE
Pv2.1_03_36338345_C/T,Chr03,36338345,0.0302418355560037,2710,FALSE
Pv2.1_07_8536236_G/A,Chr07,8536236,0.0302416479217245,2711,FALSE
Pv2.1_02_24785706_T/C,Chr02,24785706,0.0302416189244119,2712,FALSE
Pv2.1_02_37203091_G/A,Chr02,37203091,0.0302377176772373,2713,FALSE
Pv2.1_06_14095164_A/G,Chr06,14095164,0.0302360810985047,2714,FALSE
Pv2.1_07_36710223_TA/T,Chr07,36710223,0.0302342133952083,2715,FALSE
Pv2.1_07_133868_C/A,Chr07,133868,0.0302321627916142,2716,FALSE
Pv2.1_09_13689167_C/T,Chr09,13689167,0.0302269512402895,2717,FALSE
Pv2.1_01_5816113_T/A,Chr01,5816113,0.0302256483830674,2718,FALSE
Pv2.1_02_585616_T/C,Chr02,585616,0.0302236994568554,2719,FALSE
Pv2.1_10_42159496_G/C,Chr10,42159496,0.0302186002582583,2720,FALSE
Pv2.1_10_42159501_A/G,Chr10,42159501,0.0302186002582583,2721,FALSE
Pv2.1_08_61642603_G/A,Chr08,61642603,0.0302184316605496,2722,FALSE
Pv2.1_06_138005_T/C,Chr06,138005,0.0302104812230768,2723,FALSE
Pv2.1_08_62170288_T/G,Chr08,62170288,0.0302095760676426,2724,FALSE
Pv2.1_02_42196261_G/A,Chr02,42196261,0.0302081801167073,2725,FALSE
Pv2.1_08_334340_A/C,Chr08,334340,0.0302038265865372,2726,FALSE
Pv2.1_09_36679109_T/G,Chr09,36679109,0.030192616297517,2727,FALSE
Pv2.1_04_47069700_G/T,Chr04,47069700,0.0301915300472921,2728,FALSE
Pv2.1_03_49404571_G/A,Chr03,49404571,0.0301891344852008,2729,FALSE
Pv2.1_06_11458046_A/G,Chr06,11458046,0.0301875795719582,2730,FALSE
Pv2.1_06_3345744_A/G,Chr06,3345744,0.0301858483376405,2731,FALSE
Pv2.1_01_51135759_A/G,Chr01,51135759,0.0301847550163723,2732,FALSE
Pv2.1_07_7065471_G/A,Chr07,7065471,0.0301840481582243,2733,FALSE
Pv2.1_06_26250851_T/C,Chr06,26250851,0.030181641064261,2734,FALSE
Pv2.1_08_33228607_T/A,Chr08,33228607,0.0301816286920582,2735,FALSE
Pv2.1_08_1817760_G/A,Chr08,1817760,0.0301814376268537,2736,FALSE
Pv2.1_08_1817784_T/A,Chr08,1817784,0.0301814376268537,2737,FALSE
Pv2.1_07_9326967_C/A,Chr07,9326967,0.0301801774382557,2738,FALSE
Pv2.1_09_38118799_T/G,Chr09,38118799,0.0301746779078624,2739,FALSE
Pv2.1_09_38118800_C/A,Chr09,38118800,0.0301746779078624,2740,FALSE
Pv2.1_09_38118815_C/G,Chr09,38118815,0.0301746779078624,2741,FALSE
Pv2.1_10_42233829_A/T,Chr10,42233829,0.0301718844537193,2742,FALSE
Pv2.1_02_45116135_A/T,Chr02,45116135,0.0301690332011151,2743,FALSE
Pv2.1_08_502355_G/C,Chr08,502355,0.0301689760737376,2744,FALSE
Pv2.1_11_51714110_G/C,Chr11,51714110,0.0301676138419547,2745,FALSE
Pv2.1_09_37127909_T/C,Chr09,37127909,0.0301672170434628,2746,FALSE
Pv2.1_09_36891586_C/T,Chr09,36891586,0.0301667026601424,2747,FALSE
Pv2.1_03_46030832_C/T,Chr03,46030832,0.0301657247152702,2748,FALSE
Pv2.1_02_2247406_G/A,Chr02,2247406,0.0301630367421692,2749,FALSE
Pv2.1_02_25634190_C/T,Chr02,25634190,0.0301603316695345,2750,FALSE
Pv2.1_07_37085250_T/C,Chr07,37085250,0.030157533566364,2751,FALSE
Pv2.1_01_14793553_T/A,Chr01,14793553,0.0301531269694024,2752,FALSE
Pv2.1_09_36873003_C/CTG,Chr09,36873003,0.0301410150331991,2753,FALSE
Pv2.1_04_3102056_T/A,Chr04,3102056,0.0301409199487286,2754,FALSE
Pv2.1_07_8771357_AT/A,Chr07,8771357,0.030137835264024,2755,FALSE
Pv2.1_02_31406639_A/T,Chr02,31406639,0.0301373115247334,2756,FALSE
Pv2.1_02_2486310_T/A,Chr02,2486310,0.0301364216210622,2757,FALSE
Pv2.1_11_3251154_A/T,Chr11,3251154,0.0301356784535547,2758,FALSE
Pv2.1_08_52656401_C/T,Chr08,52656401,0.0301355270919581,2759,FALSE
Pv2.1_08_4386705_T/C,Chr08,4386705,0.0301331774654146,2760,FALSE
Pv2.1_01_4068387_A/G,Chr01,4068387,0.0301301115961041,2761,FALSE
Pv2.1_04_46846356_A/T,Chr04,46846356,0.0301282948616533,2762,FALSE
Pv2.1_05_37923654_C/T,Chr05,37923654,0.0301197871575658,2763,FALSE
Pv2.1_09_10457131_G/T,Chr09,10457131,0.0301181008304074,2764,FALSE
Pv2.1_01_868519_GA/G,Chr01,868519,0.030112406310419,2765,FALSE
Pv2.1_07_7683370_T/A,Chr07,7683370,0.0301118829967186,2766,FALSE
Pv2.1_07_37218423_A/G,Chr07,37218423,0.0301099710779331,2767,FALSE
Pv2.1_09_1334478_C/T,Chr09,1334478,0.0301087496403794,2768,FALSE
Pv2.1_04_45501122_A/G,Chr04,45501122,0.030108432128078,2769,FALSE
Pv2.1_08_62188149_A/G,Chr08,62188149,0.0301083054824178,2770,FALSE
Pv2.1_06_13814818_G/C,Chr06,13814818,0.030098236047972,2771,FALSE
Pv2.1_10_40293312_TA/T,Chr10,40293312,0.0300950411031229,2772,FALSE
Pv2.1_10_38124365_T/G,Chr10,38124365,0.030092744108015,2773,FALSE
Pv2.1_04_42163189_C/T,Chr04,42163189,0.0300918286032057,2774,FALSE
Pv2.1_11_1518951_A/G,Chr11,1518951,0.0300905611789108,2775,FALSE
Pv2.1_03_36700500_G/A,Chr03,36700500,0.0300877374429756,2776,FALSE
Pv2.1_07_1513753_G/A,Chr07,1513753,0.0300829005120069,2777,FALSE
Pv2.1_08_42076552_A/C,Chr08,42076552,0.0300821493925585,2778,FALSE
Pv2.1_05_37923624_C/G,Chr05,37923624,0.0300760636937985,2779,FALSE
Pv2.1_06_4592282_A/G,Chr06,4592282,0.0300745416218486,2780,FALSE
Pv2.1_07_34260344_A/G,Chr07,34260344,0.0300745225827614,2781,FALSE
Pv2.1_07_34260345_T/A,Chr07,34260345,0.0300745225827614,2782,FALSE
Pv2.1_02_34667901_AAGAG/A,Chr02,34667901,0.0300739649538389,2783,FALSE
Pv2.1_08_19419258_C/T,Chr08,19419258,0.030072281820904,2784,FALSE
Pv2.1_09_36843842_T/A,Chr09,36843842,0.0300681403072032,2785,FALSE
Pv2.1_11_52609842_A/T,Chr11,52609842,0.0300671916210749,2786,FALSE
Pv2.1_06_18731307_T/TAA,Chr06,18731307,0.0300667296840578,2787,FALSE
Pv2.1_01_3527870_G/C,Chr01,3527870,0.0300566409560705,2788,FALSE
Pv2.1_07_38407974_A/G,Chr07,38407974,0.0300550677602431,2789,FALSE
Pv2.1_06_18987488_A/C,Chr06,18987488,0.0300532553737023,2790,FALSE
Pv2.1_06_14106834_G/A,Chr06,14106834,0.0300523815535581,2791,FALSE
Pv2.1_10_1411206_A/T,Chr10,1411206,0.0300480467469644,2792,FALSE
Pv2.1_06_16423520_A/ACAC,Chr06,16423520,0.0300443968122828,2793,FALSE
Pv2.1_01_5474208_C/T,Chr01,5474208,0.0300429235319655,2794,FALSE
Pv2.1_07_168032_A/G,Chr07,168032,0.0300358488580965,2795,FALSE
Pv2.1_06_20959251_T/G,Chr06,20959251,0.0300353794151769,2796,FALSE
Pv2.1_09_37528086_G/A,Chr09,37528086,0.0300331154651712,2797,FALSE
Pv2.1_04_7150263_T/A,Chr04,7150263,0.0300309595113535,2798,FALSE
Pv2.1_02_24785738_G/T,Chr02,24785738,0.0300180762243851,2799,FALSE
Pv2.1_04_41777623_G/A,Chr04,41777623,0.0300152760647396,2800,FALSE
Pv2.1_09_38218572_A/G,Chr09,38218572,0.030012876396686,2801,FALSE
Pv2.1_07_1197126_A/T,Chr07,1197126,0.0300102533254911,2802,FALSE
Pv2.1_01_3286736_G/A,Chr01,3286736,0.0300086552075749,2803,FALSE
Pv2.1_09_37808813_T/A,Chr09,37808813,0.0300039733089377,2804,FALSE
Pv2.1_04_541197_C/T,Chr04,541197,0.0299982751622485,2805,FALSE
Pv2.1_05_39024458_G/C,Chr05,39024458,0.0299971979947689,2806,FALSE
Pv2.1_04_4561473_T/C,Chr04,4561473,0.0299901422587188,2807,FALSE
Pv2.1_03_526287_A/C,Chr03,526287,0.0299846617300119,2808,FALSE
Pv2.1_07_37574404_G/A,Chr07,37574404,0.0299840439526924,2809,FALSE
Pv2.1_02_41208995_A/C,Chr02,41208995,0.0299767807794376,2810,FALSE
Pv2.1_09_36431023_C/T,Chr09,36431023,0.0299645366950956,2811,FALSE
Pv2.1_01_4953538_C/A,Chr01,4953538,0.0299623100351623,2812,FALSE
Pv2.1_08_58532333_C/T,Chr08,58532333,0.0299486463940548,2813,FALSE
Pv2.1_08_23507785_C/T,Chr08,23507785,0.0299486304514223,2814,FALSE
Pv2.1_08_58446162_A/T,Chr08,58446162,0.0299461657667175,2815,FALSE
Pv2.1_06_5174848_T/A,Chr06,5174848,0.0299455319554314,2816,FALSE
Pv2.1_04_46846375_C/T,Chr04,46846375,0.0299440337301444,2817,FALSE
Pv2.1_04_46846379_A/G,Chr04,46846379,0.0299440337301444,2818,FALSE
Pv2.1_04_45509404_G/T,Chr04,45509404,0.0299379421268755,2819,FALSE
Pv2.1_03_2872447_A/T,Chr03,2872447,0.029935661558651,2820,FALSE
Pv2.1_01_2270905_T/C,Chr01,2270905,0.0299352610937116,2821,FALSE
Pv2.1_08_5255879_T/C,Chr08,5255879,0.029930776111502,2822,FALSE
Pv2.1_06_21533072_C/T,Chr06,21533072,0.0299267136791537,2823,FALSE
Pv2.1_11_53430609_T/C,Chr11,53430609,0.0299244366033085,2824,FALSE
Pv2.1_07_1881204_C/T,Chr07,1881204,0.0299232754177128,2825,FALSE
Pv2.1_04_1672568_G/T,Chr04,1672568,0.0299126680209985,2826,FALSE
Pv2.1_11_42788311_A/T,Chr11,42788311,0.029911425213657,2827,FALSE
Pv2.1_03_46136378_AT/A,Chr03,46136378,0.0299075099575243,2828,FALSE
Pv2.1_07_9858146_A/G,Chr07,9858146,0.0299019598460975,2829,FALSE
Pv2.1_02_39814212_A/G,Chr02,39814212,0.0299013566750341,2830,FALSE
Pv2.1_08_6960113_A/T,Chr08,6960113,0.0299005245489461,2831,FALSE
Pv2.1_06_26322692_A/G,Chr06,26322692,0.0298992770091853,2832,FALSE
Pv2.1_07_38052929_C/A,Chr07,38052929,0.0298975296929633,2833,FALSE
Pv2.1_08_6960173_G/T,Chr08,6960173,0.0298970158443641,2834,FALSE
Pv2.1_08_3912827_A/G,Chr08,3912827,0.0298904520010339,2835,FALSE
Pv2.1_08_62490321_A/AT,Chr08,62490321,0.029890428140646,2836,FALSE
Pv2.1_05_12875039_T/G,Chr05,12875039,0.0298863659415636,2837,FALSE
Pv2.1_11_1372170_A/T,Chr11,1372170,0.0298857553984115,2838,FALSE
Pv2.1_02_26242507_T/C,Chr02,26242507,0.0298826337888691,2839,FALSE
Pv2.1_02_2100798_C/G,Chr02,2100798,0.02988128483618,2840,FALSE
Pv2.1_08_52153350_T/C,Chr08,52153350,0.0298809497045647,2841,FALSE
Pv2.1_07_23019664_C/T,Chr07,23019664,0.0298793341529429,2842,FALSE
Pv2.1_07_37122664_A/G,Chr07,37122664,0.0298725784275788,2843,FALSE
Pv2.1_10_42644312_G/A,Chr10,42644312,0.0298694881950174,2844,FALSE
Pv2.1_10_42716407_G/C,Chr10,42716407,0.029869303890024,2845,FALSE
Pv2.1_03_430945_T/C,Chr03,430945,0.0298692438432302,2846,FALSE
Pv2.1_10_42565129_A/T,Chr10,42565129,0.029865157871181,2847,FALSE
Pv2.1_11_52318151_A/G,Chr11,52318151,0.0298619845467156,2848,FALSE
Pv2.1_06_19002827_TC/A,Chr06,19002827,0.0298617200274434,2849,FALSE
Pv2.1_07_8771144_A/C,Chr07,8771144,0.0298566310414015,2850,FALSE
Pv2.1_04_5200352_G/A,Chr04,5200352,0.029849361786912,2851,FALSE
Pv2.1_04_5200357_C/T,Chr04,5200357,0.029849361786912,2852,FALSE
Pv2.1_01_3319761_T/A,Chr01,3319761,0.0298486135820104,2853,FALSE
Pv2.1_08_4551529_C/A,Chr08,4551529,0.0298455494684999,2854,FALSE
Pv2.1_08_4551549_G/C,Chr08,4551549,0.0298455494684999,2855,FALSE
Pv2.1_08_4547222_AAT/A,Chr08,4547222,0.0298451550519365,2856,FALSE
Pv2.1_07_25068_G/C,Chr07,25068,0.0298449486622525,2857,FALSE
Pv2.1_03_45753129_G/C,Chr03,45753129,0.0298444189166704,2858,FALSE
Pv2.1_10_42222536_T/G,Chr10,42222536,0.029843047512319,2859,FALSE
Pv2.1_06_137935_G/A,Chr06,137935,0.0298399738292958,2860,FALSE
Pv2.1_06_5174716_A/T,Chr06,5174716,0.0298373854039169,2861,FALSE
Pv2.1_02_561868_T/C,Chr02,561868,0.0298319214938747,2862,FALSE
Pv2.1_02_26242519_T/C,Chr02,26242519,0.029820366056188,2863,FALSE
Pv2.1_10_39979238_G/A,Chr10,39979238,0.0298190212505429,2864,FALSE
Pv2.1_04_1672519_C/G,Chr04,1672519,0.0298154158053929,2865,FALSE
Pv2.1_01_51305490_T/A,Chr01,51305490,0.0298139233015697,2866,FALSE
Pv2.1_11_1834002_A/C,Chr11,1834002,0.0298133106025627,2867,FALSE
Pv2.1_03_48012699_A/C,Chr03,48012699,0.0298100065899782,2868,FALSE
Pv2.1_11_2905701_G/A,Chr11,2905701,0.0298082913697288,2869,FALSE
Pv2.1_03_36404474_G/A,Chr03,36404474,0.0298077281917788,2870,FALSE
Pv2.1_07_8259811_T/G,Chr07,8259811,0.0298076940128875,2871,FALSE
Pv2.1_07_4000940_G/A,Chr07,4000940,0.02980480046023,2872,FALSE
Pv2.1_02_25634032_A/G,Chr02,25634032,0.0298027090557458,2873,FALSE
Pv2.1_02_25634047_C/A,Chr02,25634047,0.0298027090557458,2874,FALSE
Pv2.1_02_46836759_G/T,Chr02,46836759,0.0298000236176148,2875,FALSE
Pv2.1_11_3951041_AC/A,Chr11,3951041,0.0297981542421075,2876,FALSE
Pv2.1_08_62447483_C/G,Chr08,62447483,0.0297978735687301,2877,FALSE
Pv2.1_11_1090995_A/G,Chr11,1090995,0.0297949196946892,2878,FALSE
Pv2.1_06_16810182_G/C,Chr06,16810182,0.0297933038922373,2879,FALSE
Pv2.1_07_9309955_A/T,Chr07,9309955,0.0297927154383801,2880,FALSE
Pv2.1_07_6595160_G/T,Chr07,6595160,0.0297906874107778,2881,FALSE
Pv2.1_09_36912065_G/A,Chr09,36912065,0.0297881628482837,2882,FALSE
Pv2.1_01_4188315_A/T,Chr01,4188315,0.0297880769659291,2883,FALSE
Pv2.1_11_49429211_T/C,Chr11,49429211,0.0297876548998559,2884,FALSE
Pv2.1_11_51322320_C/T,Chr11,51322320,0.0297872911352317,2885,FALSE
Pv2.1_08_8618659_A/T,Chr08,8618659,0.0297826208370404,2886,FALSE
Pv2.1_06_13994102_T/C,Chr06,13994102,0.0297818663369478,2887,FALSE
Pv2.1_04_9794881_G/A,Chr04,9794881,0.0297809385691328,2888,FALSE
Pv2.1_07_1558544_T/C,Chr07,1558544,0.0297803529798917,2889,FALSE
Pv2.1_05_12161803_C/G,Chr05,12161803,0.0297802755736649,2890,FALSE
Pv2.1_10_42047211_C/T,Chr10,42047211,0.0297798318593823,2891,FALSE
Pv2.1_03_36439511_T/C,Chr03,36439511,0.0297787730801105,2892,FALSE
Pv2.1_10_42752905_G/C,Chr10,42752905,0.0297739144268947,2893,FALSE
Pv2.1_03_46079394_C/G,Chr03,46079394,0.0297710705875729,2894,FALSE
Pv2.1_10_40346959_T/A,Chr10,40346959,0.0297676141115186,2895,FALSE
Pv2.1_07_1175563_T/C,Chr07,1175563,0.0297665345037168,2896,FALSE
Pv2.1_08_3810039_C/G,Chr08,3810039,0.0297586110821917,2897,FALSE
Pv2.1_11_51167332_C/T,Chr11,51167332,0.0297560114173985,2898,FALSE
Pv2.1_06_19031497_CCTCA/C,Chr06,19031497,0.0297545422644312,2899,FALSE
Pv2.1_02_2397031_A/G,Chr02,2397031,0.0297498587348777,2900,FALSE
Pv2.1_05_39473174_C/A,Chr05,39473174,0.029748007397699,2901,FALSE
Pv2.1_11_53132471_A/T,Chr11,53132471,0.0297472243242445,2902,FALSE
Pv2.1_08_58435713_T/A,Chr08,58435713,0.0297452376450895,2903,FALSE
Pv2.1_07_6784648_A/T,Chr07,6784648,0.0297367684011585,2904,FALSE
Pv2.1_11_53381603_A/T,Chr11,53381603,0.0297365595312002,2905,FALSE
Pv2.1_06_25338815_T/A,Chr06,25338815,0.0297330522661015,2906,FALSE
Pv2.1_03_51074681_A/T,Chr03,51074681,0.0297330297940039,2907,FALSE
Pv2.1_04_5754260_C/T,Chr04,5754260,0.0297290743429834,2908,FALSE
Pv2.1_11_38173049_G/GT,Chr11,38173049,0.0297290070999865,2909,FALSE
Pv2.1_03_30210548_T/A,Chr03,30210548,0.0297271078444901,2910,FALSE
Pv2.1_05_38383800_T/C,Chr05,38383800,0.0297232588531999,2911,FALSE
Pv2.1_10_2997797_A/G,Chr10,2997797,0.0297195549438323,2912,FALSE
Pv2.1_02_24693092_A/G,Chr02,24693092,0.0297176702141502,2913,FALSE
Pv2.1_06_4446688_T/C,Chr06,4446688,0.0297138687627383,2914,FALSE
Pv2.1_06_24135032_G/A,Chr06,24135032,0.0297036384132001,2915,FALSE
Pv2.1_02_2186684_G/A,Chr02,2186684,0.0297017316874828,2916,FALSE
Pv2.1_07_36256467_T/A,Chr07,36256467,0.0297011802920419,2917,FALSE
Pv2.1_11_52612183_A/C,Chr11,52612183,0.0296985148141187,2918,FALSE
Pv2.1_07_7846543_A/G,Chr07,7846543,0.0296968456931115,2919,FALSE
Pv2.1_03_2631639_AT/A,Chr03,2631639,0.0296937204865495,2920,FALSE
Pv2.1_07_3359118_A/G,Chr07,3359118,0.0296924063115198,2921,FALSE
Pv2.1_01_6732090_A/ACCT,Chr01,6732090,0.029688488786662,2922,FALSE
Pv2.1_03_32696024_G/A,Chr03,32696024,0.0296866102080982,2923,FALSE
Pv2.1_01_38604395_C/A,Chr01,38604395,0.0296848101114229,2924,FALSE
Pv2.1_10_5041042_GA/G,Chr10,5041042,0.0296789722177833,2925,FALSE
Pv2.1_09_38187674_T/C,Chr09,38187674,0.0296779052233265,2926,FALSE
Pv2.1_02_45179437_C/T,Chr02,45179437,0.0296707685409801,2927,FALSE
Pv2.1_08_53474848_C/G,Chr08,53474848,0.0296694815812582,2928,FALSE
Pv2.1_03_7428162_G/A,Chr03,7428162,0.0296683398124262,2929,FALSE
Pv2.1_07_35999687_CAA/C,Chr07,35999687,0.0296578404430008,2930,FALSE
Pv2.1_06_20208233_A/T,Chr06,20208233,0.0296562848692408,2931,FALSE
Pv2.1_06_17983645_C/G,Chr06,17983645,0.0296550737712398,2932,FALSE
Pv2.1_06_29571876_C/T,Chr06,29571876,0.0296544715043274,2933,FALSE
Pv2.1_06_29571878_C/A,Chr06,29571878,0.0296544715043274,2934,FALSE
Pv2.1_06_11458033_C/G,Chr06,11458033,0.0296538831918247,2935,FALSE
Pv2.1_06_19874160_T/A,Chr06,19874160,0.0296516624622645,2936,FALSE
Pv2.1_04_43652538_T/A,Chr04,43652538,0.029647480452685,2937,FALSE
Pv2.1_02_44545141_C/T,Chr02,44545141,0.0296435439394633,2938,FALSE
Pv2.1_03_221665_C/A,Chr03,221665,0.0296428196556762,2939,FALSE
Pv2.1_06_4211300_G/T,Chr06,4211300,0.0296404017764202,2940,FALSE
Pv2.1_09_12158180_G/A,Chr09,12158180,0.0296402092011663,2941,FALSE
Pv2.1_08_62950772_C/CTAT,Chr08,62950772,0.0296388466701787,2942,FALSE
Pv2.1_07_8496872_C/T,Chr07,8496872,0.0296338137403325,2943,FALSE
Pv2.1_07_8496875_G/C,Chr07,8496875,0.0296338137403325,2944,FALSE
Pv2.1_11_31477371_C/A,Chr11,31477371,0.0296310652195304,2945,FALSE
Pv2.1_08_62188136_A/G,Chr08,62188136,0.0296299945260259,2946,FALSE
Pv2.1_06_13814793_C/T,Chr06,13814793,0.0296208410588767,2947,FALSE
Pv2.1_11_51042044_T/C,Chr11,51042044,0.0296171353307653,2948,FALSE
Pv2.1_02_34635732_G/T,Chr02,34635732,0.0296147887384737,2949,FALSE
Pv2.1_02_34635733_A/C,Chr02,34635733,0.0296147887384737,2950,FALSE
Pv2.1_08_62191462_T/A,Chr08,62191462,0.0296132610108391,2951,FALSE
Pv2.1_02_24693081_G/C,Chr02,24693081,0.0296119675532904,2952,FALSE
Pv2.1_06_24233545_G/A,Chr06,24233545,0.029610952477968,2953,FALSE
Pv2.1_11_51020529_G/A,Chr11,51020529,0.0296096660636325,2954,FALSE
Pv2.1_11_2258751_G/A,Chr11,2258751,0.0296090508936757,2955,FALSE
Pv2.1_01_48284533_T/A,Chr01,48284533,0.0295988757479004,2956,FALSE
Pv2.1_11_3750125_A/G,Chr11,3750125,0.0295967903158747,2957,FALSE
Pv2.1_09_37663021_C/T,Chr09,37663021,0.0295948053026858,2958,FALSE
Pv2.1_08_7787666_T/G,Chr08,7787666,0.0295936570744422,2959,FALSE
Pv2.1_02_30380020_G/C,Chr02,30380020,0.0295924615044907,2960,FALSE
Pv2.1_05_91950_A/T,Chr05,91950,0.029588787556273,2961,FALSE
Pv2.1_04_5418661_G/T,Chr04,5418661,0.0295873702447862,2962,FALSE
Pv2.1_08_58446149_G/T,Chr08,58446149,0.0295865801764692,2963,FALSE
Pv2.1_08_58446184_A/G,Chr08,58446184,0.0295865801764692,2964,FALSE
Pv2.1_03_52870366_A/C,Chr03,52870366,0.0295850593405205,2965,FALSE
Pv2.1_01_4589091_G/A,Chr01,4589091,0.0295842670530231,2966,FALSE
Pv2.1_06_21314792_T/C,Chr06,21314792,0.029578367210529,2967,FALSE
Pv2.1_07_26686285_T/C,Chr07,26686285,0.0295766631593581,2968,FALSE
Pv2.1_03_40784409_T/C,Chr03,40784409,0.0295766144400966,2969,FALSE
Pv2.1_08_53255664_A/C,Chr08,53255664,0.0295729956605486,2970,FALSE
Pv2.1_08_58142733_T/C,Chr08,58142733,0.0295729956605486,2971,FALSE
Pv2.1_08_58142749_A/G,Chr08,58142749,0.0295729956605486,2972,FALSE
Pv2.1_06_2930764_G/T,Chr06,2930764,0.0295582196929702,2973,FALSE
Pv2.1_01_51135690_G/C,Chr01,51135690,0.0295567872861771,2974,FALSE
Pv2.1_06_22642354_G/A,Chr06,22642354,0.029553507727349,2975,FALSE
Pv2.1_03_2872419_G/A,Chr03,2872419,0.0295508478087729,2976,FALSE
Pv2.1_06_16311940_C/G,Chr06,16311940,0.0295506777234311,2977,FALSE
Pv2.1_06_26250824_A/G,Chr06,26250824,0.0295487233194849,2978,FALSE
Pv2.1_08_34594911_A/G,Chr08,34594911,0.0295454816473524,2979,FALSE
Pv2.1_02_44881098_C/T,Chr02,44881098,0.0295422154121638,2980,FALSE
Pv2.1_05_39724720_A/G,Chr05,39724720,0.029538950776351,2981,FALSE
Pv2.1_08_43130117_G/T,Chr08,43130117,0.0295376773857354,2982,FALSE
Pv2.1_05_38443933_T/C,Chr05,38443933,0.0295376707777248,2983,FALSE
Pv2.1_10_3078640_G/A,Chr10,3078640,0.029533687773132,2984,FALSE
Pv2.1_08_7787153_G/A,Chr08,7787153,0.0295316627051272,2985,FALSE
Pv2.1_03_51898030_G/A,Chr03,51898030,0.0295305338887495,2986,FALSE
Pv2.1_04_46298929_G/C,Chr04,46298929,0.0295305320013815,2987,FALSE
Pv2.1_06_18193069_G/A,Chr06,18193069,0.0295304207166218,2988,FALSE
Pv2.1_06_18193096_C/T,Chr06,18193096,0.0295282923888691,2989,FALSE
Pv2.1_10_7847438_A/C,Chr10,7847438,0.029528229050801,2990,FALSE
Pv2.1_06_8347686_A/G,Chr06,8347686,0.0295266700912755,2991,FALSE
Pv2.1_07_28945244_G/A,Chr07,28945244,0.0295209924641982,2992,FALSE
Pv2.1_08_53665748_C/T,Chr08,53665748,0.029519952755809,2993,FALSE
Pv2.1_01_49403830_G/A,Chr01,49403830,0.0295198357581832,2994,FALSE
Pv2.1_06_25338801_G/A,Chr06,25338801,0.0295180219944005,2995,FALSE
Pv2.1_07_36696358_G/A,Chr07,36696358,0.0295176127370529,2996,FALSE
Pv2.1_03_1279790_ATGGCCGT/TG,Chr03,1279790,0.0295157649914417,2997,FALSE
Pv2.1_10_31356679_C/T,Chr10,31356679,0.0295141881186289,2998,FALSE
Pv2.1_10_42780969_G/A,Chr10,42780969,0.0295123076996253,2999,FALSE
Pv2.1_08_12658015_G/C,Chr08,12658015,0.0295075399100373,3000,FALSE
Pv2.1_08_4867370_G/T,Chr08,4867370,0.029501583380847,3001,FALSE
Pv2.1_08_9707312_C/A,Chr08,9707312,0.0295005997325619,3002,FALSE
Pv2.1_03_2553782_C/T,Chr03,2553782,0.0295004178004223,3003,FALSE
Pv2.1_07_7682826_C/T,Chr07,7682826,0.0294975186970294,3004,FALSE
Pv2.1_11_1381967_T/C,Chr11,1381967,0.0294945821624832,3005,FALSE
Pv2.1_08_53212596_T/C,Chr08,53212596,0.0294922226242713,3006,FALSE
Pv2.1_10_8107127_T/A,Chr10,8107127,0.0294904880555964,3007,FALSE
Pv2.1_03_77712_T/A,Chr03,77712,0.0294867242723118,3008,FALSE
Pv2.1_07_25850_C/T,Chr07,25850,0.0294794055241212,3009,FALSE
Pv2.1_07_7835533_T/C,Chr07,7835533,0.0294776663851253,3010,FALSE
Pv2.1_06_20400872_T/G,Chr06,20400872,0.02947549651548,3011,FALSE
Pv2.1_03_549414_A/G,Chr03,549414,0.029475007549459,3012,FALSE
Pv2.1_03_49779898_C/T,Chr03,49779898,0.0294745435223351,3013,FALSE
Pv2.1_06_20303361_A/G,Chr06,20303361,0.0294744813246481,3014,FALSE
Pv2.1_04_47099345_G/C,Chr04,47099345,0.0294740843956811,3015,FALSE
Pv2.1_06_20084850_G/A,Chr06,20084850,0.029469293869679,3016,FALSE
Pv2.1_11_2258894_A/T,Chr11,2258894,0.0294636609228025,3017,FALSE
Pv2.1_07_38824964_A/G,Chr07,38824964,0.0294616673417569,3018,FALSE
Pv2.1_08_7729680_G/A,Chr08,7729680,0.0294616387565543,3019,FALSE
Pv2.1_11_42824778_C/G,Chr11,42824778,0.029461005023864,3020,FALSE
Pv2.1_04_45177678_A/C,Chr04,45177678,0.0294592292726139,3021,FALSE
Pv2.1_06_16433699_T/C,Chr06,16433699,0.0294568156352559,3022,FALSE
Pv2.1_09_37828746_C/G,Chr09,37828746,0.0294556642743999,3023,FALSE
Pv2.1_08_1437622_A/G,Chr08,1437622,0.0294522150546492,3024,FALSE
Pv2.1_11_52609610_T/A,Chr11,52609610,0.0294442097471337,3025,FALSE
Pv2.1_06_15752293_G/T,Chr06,15752293,0.029441785675536,3026,FALSE
Pv2.1_06_15752294_C/T,Chr06,15752294,0.029441785675536,3027,FALSE
Pv2.1_04_47537633_A/C,Chr04,47537633,0.0294410692404132,3028,FALSE
Pv2.1_11_1786206_A/G,Chr11,1786206,0.0294395517818167,3029,FALSE
Pv2.1_11_533371_A/G,Chr11,533371,0.0294352614441809,3030,FALSE
Pv2.1_07_1248803_A/G,Chr07,1248803,0.0294337511704126,3031,FALSE
Pv2.1_06_19974644_C/T,Chr06,19974644,0.0294285886877788,3032,FALSE
Pv2.1_03_945209_A/AT,Chr03,945209,0.0294284094464912,3033,FALSE
Pv2.1_11_2687191_C/T,Chr11,2687191,0.0294252825494965,3034,FALSE
Pv2.1_11_943593_C/G,Chr11,943593,0.0294219041035064,3035,FALSE
Pv2.1_11_622998_C/T,Chr11,622998,0.0294106927868856,3036,FALSE
Pv2.1_08_61858906_G/A,Chr08,61858906,0.0294069368216654,3037,FALSE
Pv2.1_11_52435864_A/G,Chr11,52435864,0.0294055595862925,3038,FALSE
Pv2.1_09_28287133_G/T,Chr09,28287133,0.029401002186292,3039,FALSE
Pv2.1_05_40739603_G/A,Chr05,40739603,0.0293963936570316,3040,FALSE
Pv2.1_06_18192759_A/C,Chr06,18192759,0.0293890432762467,3041,FALSE
Pv2.1_03_10944895_A/T,Chr03,10944895,0.029384059686195,3042,FALSE
Pv2.1_03_526288_G/T,Chr03,526288,0.0293783973893214,3043,FALSE
Pv2.1_08_5545427_C/G,Chr08,5545427,0.0293717459859963,3044,FALSE
Pv2.1_04_35718665_G/A,Chr04,35718665,0.029368911394156,3045,FALSE
Pv2.1_06_16433711_T/C,Chr06,16433711,0.0293674750244684,3046,FALSE
Pv2.1_08_1437504_A/C,Chr08,1437504,0.0293638114469994,3047,FALSE
Pv2.1_05_39687013_C/T,Chr05,39687013,0.0293632085919313,3048,FALSE
Pv2.1_06_15479741_G/A,Chr06,15479741,0.0293614812236362,3049,FALSE
Pv2.1_07_4130821_T/C,Chr07,4130821,0.0293612262681746,3050,FALSE
Pv2.1_05_27620809_G/C,Chr05,27620809,0.0293611097407314,3051,FALSE
Pv2.1_08_17415553_G/A,Chr08,17415553,0.0293600186991134,3052,FALSE
Pv2.1_07_1074371_T/A,Chr07,1074371,0.0293591452946163,3053,FALSE
Pv2.1_05_3317385_T/C,Chr05,3317385,0.0293484047558268,3054,FALSE
Pv2.1_07_38778044_A/G,Chr07,38778044,0.0293421359532826,3055,FALSE
Pv2.1_04_1564510_C/T,Chr04,1564510,0.0293354162676316,3056,FALSE
Pv2.1_03_40108650_A/AT,Chr03,40108650,0.0293349616654304,3057,FALSE
Pv2.1_10_42229156_C/T,Chr10,42229156,0.0293346728087212,3058,FALSE
Pv2.1_10_42685104_C/A,Chr10,42685104,0.0293306049249447,3059,FALSE
Pv2.1_11_2850597_G/C,Chr11,2850597,0.0293288985550997,3060,FALSE
Pv2.1_07_10905729_A/T,Chr07,10905729,0.0293239321672525,3061,FALSE
Pv2.1_08_48977977_A/T,Chr08,48977977,0.0293227609355773,3062,FALSE
Pv2.1_10_42753125_A/G,Chr10,42753125,0.0293223273779497,3063,FALSE
Pv2.1_09_36943591_G/T,Chr09,36943591,0.0293209188520143,3064,FALSE
Pv2.1_07_35863956_C/A,Chr07,35863956,0.0293201343658951,3065,FALSE
Pv2.1_06_21630866_T/C,Chr06,21630866,0.0293189972744603,3066,FALSE
Pv2.1_05_2710692_G/T,Chr05,2710692,0.0293117649580807,3067,FALSE
Pv2.1_07_36731936_G/T,Chr07,36731936,0.0293116771027777,3068,FALSE
Pv2.1_07_40017631_T/A,Chr07,40017631,0.0293112607822694,3069,FALSE
Pv2.1_07_8249347_C/T,Chr07,8249347,0.029308126193571,3070,FALSE
Pv2.1_07_8249354_C/T,Chr07,8249354,0.029308126193571,3071,FALSE
Pv2.1_08_17399898_T/G,Chr08,17399898,0.0293060773032194,3072,FALSE
Pv2.1_04_1982974_G/C,Chr04,1982974,0.0293060530070615,3073,FALSE
Pv2.1_06_12262110_A/C,Chr06,12262110,0.0292965520016324,3074,FALSE
Pv2.1_06_12262114_G/A,Chr06,12262114,0.0292965520016324,3075,FALSE
Pv2.1_10_3192045_T/C,Chr10,3192045,0.0292954473995941,3076,FALSE
Pv2.1_11_3195200_C/T,Chr11,3195200,0.0292917736704066,3077,FALSE
Pv2.1_07_8496874_A/G,Chr07,8496874,0.029291517301052,3078,FALSE
Pv2.1_06_22634820_A/T,Chr06,22634820,0.0292903652488516,3079,FALSE
Pv2.1_10_41480212_C/T,Chr10,41480212,0.0292895349239748,3080,FALSE
Pv2.1_03_36439512_T/C,Chr03,36439512,0.0292891492058458,3081,FALSE
Pv2.1_07_815109_C/A,Chr07,815109,0.0292878080873908,3082,FALSE
Pv2.1_04_45501891_G/C,Chr04,45501891,0.0292839625731745,3083,FALSE
Pv2.1_11_2900070_G/A,Chr11,2900070,0.0292731036925931,3084,FALSE
Pv2.1_03_11945944_G/GGA,Chr03,11945944,0.0292725806137089,3085,FALSE
Pv2.1_06_29571909_A/G,Chr06,29571909,0.0292715190450013,3086,FALSE
Pv2.1_08_62957026_T/C,Chr08,62957026,0.0292708704609255,3087,FALSE
Pv2.1_02_31479345_A/C,Chr02,31479345,0.0292706146703972,3088,FALSE
Pv2.1_08_62894950_C/A,Chr08,62894950,0.0292619585431257,3089,FALSE
Pv2.1_06_13831762_T/G,Chr06,13831762,0.0292596828461305,3090,FALSE
Pv2.1_07_8771143_G/A,Chr07,8771143,0.0292580579279278,3091,FALSE
Pv2.1_07_37292903_C/T,Chr07,37292903,0.0292527461634862,3092,FALSE
Pv2.1_08_62311025_T/A,Chr08,62311025,0.0292510189553727,3093,FALSE
Pv2.1_06_17273155_C/T,Chr06,17273155,0.0292493002164722,3094,FALSE
Pv2.1_03_52862734_T/C,Chr03,52862734,0.0292487285726337,3095,FALSE
Pv2.1_04_47535999_C/T,Chr04,47535999,0.0292469592627054,3096,FALSE
Pv2.1_08_58172996_T/A,Chr08,58172996,0.0292465120018663,3097,FALSE
Pv2.1_08_16323977_A/G,Chr08,16323977,0.0292461375010262,3098,FALSE
Pv2.1_07_23019668_A/G,Chr07,23019668,0.0292376772851983,3099,FALSE
Pv2.1_05_39562403_A/AT,Chr05,39562403,0.0292370660992169,3100,FALSE
Pv2.1_07_1281469_C/G,Chr07,1281469,0.0292356988340323,3101,FALSE
Pv2.1_07_38021595_A/G,Chr07,38021595,0.0292335315971695,3102,FALSE
Pv2.1_11_3661673_C/T,Chr11,3661673,0.0292309326312674,3103,FALSE
Pv2.1_07_9296450_G/A,Chr07,9296450,0.0292307301918533,3104,FALSE
Pv2.1_08_55243030_G/GA,Chr08,55243030,0.0292268589103948,3105,FALSE
Pv2.1_11_1603845_TTCTC/T,Chr11,1603845,0.0292264515884804,3106,FALSE
Pv2.1_11_52830258_T/A,Chr11,52830258,0.0292252116688698,3107,FALSE
Pv2.1_01_4953481_A/G,Chr01,4953481,0.0292230982446862,3108,FALSE
Pv2.1_05_39323027_G/A,Chr05,39323027,0.0292209790242892,3109,FALSE
Pv2.1_10_7249927_A/T,Chr10,7249927,0.0292202766031457,3110,FALSE
Pv2.1_03_30640846_GGAGAGGGAAGG/AGAGAGAGAAGA,Chr03,30640846,0.0292174923891384,3111,FALSE
Pv2.1_11_1703180_TC/T,Chr11,1703180,0.029217273141267,3112,FALSE
Pv2.1_05_39470871_C/G,Chr05,39470871,0.0292163030200414,3113,FALSE
Pv2.1_06_20529344_C/T,Chr06,20529344,0.0292099560400478,3114,FALSE
Pv2.1_08_1589850_G/T,Chr08,1589850,0.029208497473864,3115,FALSE
Pv2.1_08_1589851_A/C,Chr08,1589851,0.029208497473864,3116,FALSE
Pv2.1_07_8521386_C/A,Chr07,8521386,0.0292083786965001,3117,FALSE
Pv2.1_06_19031397_G/GAAC,Chr06,19031397,0.0292070386234067,3118,FALSE
Pv2.1_09_37626794_T/C,Chr09,37626794,0.0292065000028909,3119,FALSE
Pv2.1_09_37626799_G/A,Chr09,37626799,0.0292065000028909,3120,FALSE
Pv2.1_11_2084293_G/T,Chr11,2084293,0.0292059990551583,3121,FALSE
Pv2.1_07_454500_A/G,Chr07,454500,0.0292030499277018,3122,FALSE
Pv2.1_10_42672493_C/T,Chr10,42672493,0.0292001581710908,3123,FALSE
Pv2.1_05_2409812_T/C,Chr05,2409812,0.0291941437654009,3124,FALSE
Pv2.1_08_53354298_G/T,Chr08,53354298,0.0291940694621706,3125,FALSE
Pv2.1_08_46869369_G/C,Chr08,46869369,0.029193342034143,3126,FALSE
Pv2.1_07_6748606_C/G,Chr07,6748606,0.0291916920667386,3127,FALSE
Pv2.1_07_6732578_T/C,Chr07,6732578,0.0291900494365698,3128,FALSE
Pv2.1_10_40540202_G/A,Chr10,40540202,0.029187051658762,3129,FALSE
Pv2.1_03_8746487_G/T,Chr03,8746487,0.0291843530473446,3130,FALSE
Pv2.1_05_39245716_G/A,Chr05,39245716,0.0291822486525741,3131,FALSE
Pv2.1_01_46498284_A/T,Chr01,46498284,0.0291800446134434,3132,FALSE
Pv2.1_06_8347850_T/A,Chr06,8347850,0.0291762884894236,3133,FALSE
Pv2.1_10_40634105_C/T,Chr10,40634105,0.0291759103245508,3134,FALSE
Pv2.1_07_38135326_T/C,Chr07,38135326,0.0291749818728526,3135,FALSE
Pv2.1_07_9346327_G/A,Chr07,9346327,0.0291731437306462,3136,FALSE
Pv2.1_04_47654443_G/A,Chr04,47654443,0.0291683826983915,3137,FALSE
Pv2.1_06_24110510_A/T,Chr06,24110510,0.0291650864130868,3138,FALSE
Pv2.1_06_17934290_A/G,Chr06,17934290,0.0291609654035518,3139,FALSE
Pv2.1_03_2490186_G/T,Chr03,2490186,0.0291570485933472,3140,FALSE
Pv2.1_03_45945769_G/A,Chr03,45945769,0.0291530757401635,3141,FALSE
Pv2.1_06_16809506_A/G,Chr06,16809506,0.0291503613961694,3142,FALSE
Pv2.1_10_5819323_T/C,Chr10,5819323,0.0291495825713124,3143,FALSE
Pv2.1_03_2580128_G/A,Chr03,2580128,0.029146783147894,3144,FALSE
Pv2.1_06_22542184_C/T,Chr06,22542184,0.0291456742746852,3145,FALSE
Pv2.1_01_2850796_A/T,Chr01,2850796,0.0291452831953971,3146,FALSE
Pv2.1_10_42115584_T/A,Chr10,42115584,0.0291425440631965,3147,FALSE
Pv2.1_07_36037265_AC/A,Chr07,36037265,0.0291417578421536,3148,FALSE
Pv2.1_09_36974239_G/T,Chr09,36974239,0.0291398831048157,3149,FALSE
Pv2.1_07_7912076_C/T,Chr07,7912076,0.0291354055553352,3150,FALSE
Pv2.1_08_43861930_T/C,Chr08,43861930,0.029132469423828,3151,FALSE
Pv2.1_09_1850403_T/A,Chr09,1850403,0.0291311118084825,3152,FALSE
Pv2.1_04_3350058_C/G,Chr04,3350058,0.0291239253014299,3153,FALSE
Pv2.1_07_8412247_C/G,Chr07,8412247,0.0291219463073391,3154,FALSE
Pv2.1_08_62327843_G/A,Chr08,62327843,0.0291197849542648,3155,FALSE
Pv2.1_06_18437425_G/A,Chr06,18437425,0.0291185650403225,3156,FALSE
Pv2.1_07_26686256_A/G,Chr07,26686256,0.0291179266093793,3157,FALSE
Pv2.1_08_48436493_T/A,Chr08,48436493,0.0291177751954059,3158,FALSE
Pv2.1_10_5821180_A/C,Chr10,5821180,0.0291144777846473,3159,FALSE
Pv2.1_09_20387371_T/C,Chr09,20387371,0.0291103054494446,3160,FALSE
Pv2.1_04_3102046_AC/A,Chr04,3102046,0.0291098796608136,3161,FALSE
Pv2.1_08_7910252_C/G,Chr08,7910252,0.0291090007634471,3162,FALSE
Pv2.1_03_7427529_C/T,Chr03,7427529,0.0291054585672965,3163,FALSE
Pv2.1_02_30956776_T/A,Chr02,30956776,0.0291012856642094,3164,FALSE
Pv2.1_08_10507273_A/G,Chr08,10507273,0.0291010155875862,3165,FALSE
Pv2.1_06_18086487_T/C,Chr06,18086487,0.0290898055508801,3166,FALSE
Pv2.1_01_2781268_T/C,Chr01,2781268,0.0290889782629913,3167,FALSE
Pv2.1_07_26686264_T/G,Chr07,26686264,0.0290848173372278,3168,FALSE
Pv2.1_11_3778787_C/T,Chr11,3778787,0.0290836075930381,3169,FALSE
Pv2.1_02_47364316_TATC/T,Chr02,47364316,0.0290819789663699,3170,FALSE
Pv2.1_08_62280499_G/A,Chr08,62280499,0.0290807562079429,3171,FALSE
Pv2.1_06_14973166_C/T,Chr06,14973166,0.0290785083755822,3172,FALSE
Pv2.1_01_43005687_A/T,Chr01,43005687,0.0290765413124339,3173,FALSE
Pv2.1_09_37257799_G/A,Chr09,37257799,0.0290764062059221,3174,FALSE
Pv2.1_06_29885882_G/T,Chr06,29885882,0.0290747211134219,3175,FALSE
Pv2.1_06_16823680_G/A,Chr06,16823680,0.0290720098623924,3176,FALSE
Pv2.1_06_16823693_A/G,Chr06,16823693,0.0290720098623924,3177,FALSE
Pv2.1_06_448507_G/A,Chr06,448507,0.0290703929878315,3178,FALSE
Pv2.1_06_29477408_A/G,Chr06,29477408,0.0290663459874114,3179,FALSE
Pv2.1_07_3604417_G/T,Chr07,3604417,0.0290658798989147,3180,FALSE
Pv2.1_07_3604437_T/G,Chr07,3604437,0.0290658798989147,3181,FALSE
Pv2.1_04_41774120_T/G,Chr04,41774120,0.0290624739843675,3182,FALSE
Pv2.1_10_42038996_C/T,Chr10,42038996,0.0290598601204497,3183,FALSE
Pv2.1_08_1578710_G/A,Chr08,1578710,0.0290530842453083,3184,FALSE
Pv2.1_09_37501463_C/T,Chr09,37501463,0.0290508464369057,3185,FALSE
Pv2.1_05_121066_C/T,Chr05,121066,0.0290441561791361,3186,FALSE
Pv2.1_03_547672_C/G,Chr03,547672,0.0290431401667828,3187,FALSE
Pv2.1_07_28969220_C/T,Chr07,28969220,0.0290424279729939,3188,FALSE
Pv2.1_02_34584048_C/T,Chr02,34584048,0.0290391072785896,3189,FALSE
Pv2.1_02_43405930_C/T,Chr02,43405930,0.0290390202982129,3190,FALSE
Pv2.1_08_58537247_G/A,Chr08,58537247,0.0290375994263217,3191,FALSE
Pv2.1_08_58173773_A/G,Chr08,58173773,0.0290375313142679,3192,FALSE
Pv2.1_04_3102065_C/G,Chr04,3102065,0.0290345192409451,3193,FALSE
Pv2.1_06_20010344_C/A,Chr06,20010344,0.0290323178047305,3194,FALSE
Pv2.1_08_13606982_G/A,Chr08,13606982,0.0290311622471715,3195,FALSE
Pv2.1_07_38987136_C/T,Chr07,38987136,0.029025395600645,3196,FALSE
Pv2.1_04_3928995_A/ATT,Chr04,3928995,0.0290251426457142,3197,FALSE
Pv2.1_06_24135029_C/G,Chr06,24135029,0.0290240162792657,3198,FALSE
Pv2.1_08_1817744_C/T,Chr08,1817744,0.0290224361952105,3199,FALSE
Pv2.1_11_50980595_A/T,Chr11,50980595,0.0290215448776241,3200,FALSE
Pv2.1_03_766014_C/T,Chr03,766014,0.0290190939542305,3201,FALSE
Pv2.1_03_31130060_T/C,Chr03,31130060,0.029019045166597,3202,FALSE
Pv2.1_07_444048_A/G,Chr07,444048,0.0290064503739709,3203,FALSE
Pv2.1_09_36899270_C/T,Chr09,36899270,0.0290063860249727,3204,FALSE
Pv2.1_08_6961979_T/A,Chr08,6961979,0.0290059993740996,3205,FALSE
Pv2.1_06_24115858_T/G,Chr06,24115858,0.0289965650914339,3206,FALSE
Pv2.1_05_39574762_A/G,Chr05,39574762,0.0289962126786589,3207,FALSE
Pv2.1_09_37528386_C/CA,Chr09,37528386,0.0289945715177464,3208,FALSE
Pv2.1_07_7043337_C/T,Chr07,7043337,0.028992999184112,3209,FALSE
Pv2.1_06_5598108_C/G,Chr06,5598108,0.0289904043399178,3210,FALSE
Pv2.1_07_8457276_A/G,Chr07,8457276,0.0289899384922041,3211,FALSE
Pv2.1_10_43229433_T/G,Chr10,43229433,0.0289898623167382,3212,FALSE
Pv2.1_11_44318632_T/C,Chr11,44318632,0.0289870750305492,3213,FALSE
Pv2.1_07_4001241_G/A,Chr07,4001241,0.028983384556001,3214,FALSE
Pv2.1_06_20985774_C/G,Chr06,20985774,0.0289806861009829,3215,FALSE
Pv2.1_10_40346832_C/A,Chr10,40346832,0.0289804109229959,3216,FALSE
Pv2.1_04_47840035_G/C,Chr04,47840035,0.0289761094814196,3217,FALSE
Pv2.1_01_43071620_C/T,Chr01,43071620,0.0289712342062725,3218,FALSE
Pv2.1_09_37056540_C/CA,Chr09,37056540,0.0289652246018268,3219,FALSE
Pv2.1_01_5016197_C/CAAG,Chr01,5016197,0.0289630298621364,3220,FALSE
Pv2.1_11_4521983_C/T,Chr11,4521983,0.0289568149788026,3221,FALSE
Pv2.1_06_21790299_T/G,Chr06,21790299,0.0289539485401087,3222,FALSE
Pv2.1_08_5462518_G/A,Chr08,5462518,0.0289429076731604,3223,FALSE
Pv2.1_08_53645608_A/G,Chr08,53645608,0.0289385924490162,3224,FALSE
Pv2.1_05_3754307_C/T,Chr05,3754307,0.028934492978745,3225,FALSE
Pv2.1_03_45481054_G/A,Chr03,45481054,0.0289327689211909,3226,FALSE
Pv2.1_02_12633756_G/A,Chr02,12633756,0.0289313883534423,3227,FALSE
Pv2.1_08_16245951_AC/A,Chr08,16245951,0.0289270245853812,3228,FALSE
Pv2.1_05_38988744_A/G,Chr05,38988744,0.0289243408967028,3229,FALSE
Pv2.1_06_29952252_A/G,Chr06,29952252,0.0289213232973458,3230,FALSE
Pv2.1_06_13848787_A/C,Chr06,13848787,0.0289202780386058,3231,FALSE
Pv2.1_10_42544416_A/C,Chr10,42544416,0.0289197556407825,3232,FALSE
Pv2.1_10_42544451_A/G,Chr10,42544451,0.0289197556407825,3233,FALSE
Pv2.1_07_36967431_C/T,Chr07,36967431,0.0289162601184789,3234,FALSE
Pv2.1_02_28210156_T/G,Chr02,28210156,0.0289162442401474,3235,FALSE
Pv2.1_03_30657438_T/C,Chr03,30657438,0.0289131286291875,3236,FALSE
Pv2.1_01_929956_C/A,Chr01,929956,0.0289130402365796,3237,FALSE
Pv2.1_06_20061853_T/A,Chr06,20061853,0.0289096307367487,3238,FALSE
Pv2.1_02_36062145_T/A,Chr02,36062145,0.0289095127002526,3239,FALSE
Pv2.1_07_35914751_T/A,Chr07,35914751,0.0289087630702056,3240,FALSE
Pv2.1_07_35914760_A/G,Chr07,35914760,0.0289087630702056,3241,FALSE
Pv2.1_02_28089504_A/G,Chr02,28089504,0.0289051977154822,3242,FALSE
Pv2.1_11_52612142_A/G,Chr11,52612142,0.0289021206190538,3243,FALSE
Pv2.1_02_2100795_C/G,Chr02,2100795,0.028897772804203,3244,FALSE
Pv2.1_06_21153690_G/T,Chr06,21153690,0.0288915706817594,3245,FALSE
Pv2.1_03_43644939_T/C,Chr03,43644939,0.0288889411091748,3246,FALSE
Pv2.1_11_1382000_C/A,Chr11,1382000,0.0288808637067257,3247,FALSE
Pv2.1_09_1453320_G/A,Chr09,1453320,0.0288794555562824,3248,FALSE
Pv2.1_07_7714727_C/CT,Chr07,7714727,0.0288791398448534,3249,FALSE
Pv2.1_04_11421360_G/C,Chr04,11421360,0.0288772880870933,3250,FALSE
Pv2.1_08_9707443_C/A,Chr08,9707443,0.028875268822854,3251,FALSE
Pv2.1_02_2733205_A/G,Chr02,2733205,0.0288663008258672,3252,FALSE
Pv2.1_01_2781225_C/T,Chr01,2781225,0.0288624017316019,3253,FALSE
Pv2.1_03_48263537_G/A,Chr03,48263537,0.0288602363155674,3254,FALSE
Pv2.1_11_942062_A/T,Chr11,942062,0.0288593414156422,3255,FALSE
Pv2.1_06_24104692_G/A,Chr06,24104692,0.0288586016018702,3256,FALSE
Pv2.1_06_16805445_T/G,Chr06,16805445,0.0288521012821956,3257,FALSE
Pv2.1_10_8099574_C/T,Chr10,8099574,0.028839028377976,3258,FALSE
Pv2.1_08_30248423_T/A,Chr08,30248423,0.0288383062522111,3259,FALSE
Pv2.1_01_4588916_G/A,Chr01,4588916,0.0288363600347377,3260,FALSE
Pv2.1_04_5499018_T/C,Chr04,5499018,0.0288326858330295,3261,FALSE
Pv2.1_06_8347645_C/T,Chr06,8347645,0.0288264820178976,3262,FALSE
Pv2.1_11_2956818_A/T,Chr11,2956818,0.0288190658893055,3263,FALSE
Pv2.1_06_21661924_T/G,Chr06,21661924,0.0288153338234709,3264,FALSE
Pv2.1_11_3278090_T/TG,Chr11,3278090,0.0288137826678052,3265,FALSE
Pv2.1_07_38018719_C/T,Chr07,38018719,0.0288111270320961,3266,FALSE
Pv2.1_03_48728987_T/C,Chr03,48728987,0.0288082164036267,3267,FALSE
Pv2.1_03_2587625_A/T,Chr03,2587625,0.0288076120716196,3268,FALSE
Pv2.1_08_49301389_C/A,Chr08,49301389,0.0288043077632008,3269,FALSE
Pv2.1_08_48977976_C/A,Chr08,48977976,0.0288019964966044,3270,FALSE
Pv2.1_01_2486578_T/C,Chr01,2486578,0.0288017568099037,3271,FALSE
Pv2.1_02_39970077_C/G,Chr02,39970077,0.0287955939470548,3272,FALSE
Pv2.1_03_2989291_C/G,Chr03,2989291,0.0287902986969728,3273,FALSE
Pv2.1_03_2989321_T/A,Chr03,2989321,0.0287902986969728,3274,FALSE
Pv2.1_06_21722500_A/G,Chr06,21722500,0.0287899873021993,3275,FALSE
Pv2.1_03_41091762_A/T,Chr03,41091762,0.0287781948197976,3276,FALSE
Pv2.1_06_12262125_C/T,Chr06,12262125,0.0287755141034869,3277,FALSE
Pv2.1_03_32701069_T/TG,Chr03,32701069,0.0287703875999141,3278,FALSE
Pv2.1_11_51692447_T/C,Chr11,51692447,0.028767730999574,3279,FALSE
Pv2.1_11_1411758_A/T,Chr11,1411758,0.0287655899916777,3280,FALSE
Pv2.1_06_18210812_C/T,Chr06,18210812,0.0287650005153615,3281,FALSE
Pv2.1_06_27807805_C/CTT,Chr06,27807805,0.0287636419525992,3282,FALSE
Pv2.1_08_7729890_G/T,Chr08,7729890,0.0287632004901779,3283,FALSE
Pv2.1_08_7729921_C/A,Chr08,7729921,0.0287632004901779,3284,FALSE
Pv2.1_11_4652840_G/A,Chr11,4652840,0.0287613593601952,3285,FALSE
Pv2.1_07_8689714_G/A,Chr07,8689714,0.0287605007673033,3286,FALSE
Pv2.1_06_10893992_C/T,Chr06,10893992,0.0287602974051611,3287,FALSE
Pv2.1_03_49795271_A/G,Chr03,49795271,0.0287530425544063,3288,FALSE
Pv2.1_06_20208259_T/C,Chr06,20208259,0.0287500025699523,3289,FALSE
Pv2.1_05_113450_G/T,Chr05,113450,0.0287458234097318,3290,FALSE
Pv2.1_03_52635930_G/A,Chr03,52635930,0.0287427801844573,3291,FALSE
Pv2.1_08_58962971_C/T,Chr08,58962971,0.0287399181547543,3292,FALSE
Pv2.1_02_41970764_C/T,Chr02,41970764,0.0287356230849842,3293,FALSE
Pv2.1_07_4130921_T/G,Chr07,4130921,0.0287316341634458,3294,FALSE
Pv2.1_11_1248601_A/T,Chr11,1248601,0.0287306170890171,3295,FALSE
Pv2.1_11_1703617_T/C,Chr11,1703617,0.0287300106434785,3296,FALSE
Pv2.1_02_27944120_C/T,Chr02,27944120,0.0287250135615444,3297,FALSE
Pv2.1_01_49363070_A/T,Chr01,49363070,0.0287240559143749,3298,FALSE
Pv2.1_02_23288656_C/G,Chr02,23288656,0.0287232557208776,3299,FALSE
Pv2.1_02_46858411_A/G,Chr02,46858411,0.028719990396787,3300,FALSE
Pv2.1_08_53236850_T/C,Chr08,53236850,0.0287199421836615,3301,FALSE
Pv2.1_05_2806237_T/C,Chr05,2806237,0.028719017859137,3302,FALSE
Pv2.1_11_1872204_C/T,Chr11,1872204,0.0287186382114646,3303,FALSE
Pv2.1_08_11602503_G/AT,Chr08,11602503,0.0287152716769419,3304,FALSE
Pv2.1_04_41855345_A/G,Chr04,41855345,0.0287140227216756,3305,FALSE
Pv2.1_04_41855347_G/A,Chr04,41855347,0.0287140227216756,3306,FALSE
Pv2.1_07_8259833_G/A,Chr07,8259833,0.0287124557342908,3307,FALSE
Pv2.1_02_44869701_T/C,Chr02,44869701,0.0287121951365181,3308,FALSE
Pv2.1_03_49131514_T/G,Chr03,49131514,0.0287112700598411,3309,FALSE
Pv2.1_04_45526928_C/T,Chr04,45526928,0.0287086757331725,3310,FALSE
Pv2.1_11_1524736_T/G,Chr11,1524736,0.0287079625404658,3311,FALSE
Pv2.1_08_57823554_GT/G,Chr08,57823554,0.0287066274582881,3312,FALSE
Pv2.1_10_42388195_G/A,Chr10,42388195,0.0287028993500682,3313,FALSE
Pv2.1_10_42780526_T/C,Chr10,42780526,0.0287007896335334,3314,FALSE
Pv2.1_10_42780532_C/T,Chr10,42780532,0.0287007896335334,3315,FALSE
Pv2.1_07_3408957_A/T,Chr07,3408957,0.028699320296429,3316,FALSE
Pv2.1_11_5177837_C/A,Chr11,5177837,0.0286984327669324,3317,FALSE
Pv2.1_02_26070650_A/G,Chr02,26070650,0.0286898787516283,3318,FALSE
Pv2.1_03_30451417_G/A,Chr03,30451417,0.0286829503053951,3319,FALSE
Pv2.1_02_30956707_C/G,Chr02,30956707,0.0286814688670072,3320,FALSE
Pv2.1_08_7784623_G/C,Chr08,7784623,0.0286797057639321,3321,FALSE
Pv2.1_02_35455274_G/C,Chr02,35455274,0.0286796344722342,3322,FALSE
Pv2.1_08_62941435_T/C,Chr08,62941435,0.0286751364114397,3323,FALSE
Pv2.1_08_62941484_T/G,Chr08,62941484,0.0286751364114397,3324,FALSE
Pv2.1_02_31169826_T/C,Chr02,31169826,0.0286737536656432,3325,FALSE
Pv2.1_10_44025101_A/T,Chr10,44025101,0.0286713613464715,3326,FALSE
Pv2.1_11_2956789_CT/C,Chr11,2956789,0.0286698969895207,3327,FALSE
Pv2.1_02_31180899_T/TGG,Chr02,31180899,0.0286680094814549,3328,FALSE
Pv2.1_03_41128636_A/G,Chr03,41128636,0.0286677619906865,3329,FALSE
Pv2.1_08_26469337_T/C,Chr08,26469337,0.0286674395652851,3330,FALSE
Pv2.1_01_4818691_C/T,Chr01,4818691,0.0286630080823769,3331,FALSE
Pv2.1_11_2956882_T/C,Chr11,2956882,0.0286594457137181,3332,FALSE
Pv2.1_03_52450801_G/A,Chr03,52450801,0.0286593195143001,3333,FALSE
Pv2.1_03_52450827_C/T,Chr03,52450827,0.0286593195143001,3334,FALSE
Pv2.1_07_38727951_C/T,Chr07,38727951,0.0286555516928262,3335,FALSE
Pv2.1_01_4852913_C/G,Chr01,4852913,0.0286527799442107,3336,FALSE
Pv2.1_05_39117556_G/C,Chr05,39117556,0.0286518882569351,3337,FALSE
Pv2.1_08_7941122_G/A,Chr08,7941122,0.0286497470204137,3338,FALSE
Pv2.1_04_45531258_A/T,Chr04,45531258,0.0286460476446697,3339,FALSE
Pv2.1_07_3964852_T/G,Chr07,3964852,0.0286455561823753,3340,FALSE
Pv2.1_10_42650632_A/C,Chr10,42650632,0.0286402625859687,3341,FALSE
Pv2.1_11_44467465_A/G,Chr11,44467465,0.0286401187376137,3342,FALSE
Pv2.1_06_15566509_G/C,Chr06,15566509,0.0286387306361728,3343,FALSE
Pv2.1_06_24975123_T/G,Chr06,24975123,0.0286381658537813,3344,FALSE
Pv2.1_06_2372402_C/T,Chr06,2372402,0.0286373539167992,3345,FALSE
Pv2.1_11_3700685_C/A,Chr11,3700685,0.0286366097985535,3346,FALSE
Pv2.1_08_14362541_A/G,Chr08,14362541,0.0286354948270056,3347,FALSE
Pv2.1_08_61671504_T/C,Chr08,61671504,0.0286343983220183,3348,FALSE
Pv2.1_08_7941216_C/T,Chr08,7941216,0.028626621961406,3349,FALSE
Pv2.1_07_37011854_G/T,Chr07,37011854,0.0286251421983632,3350,FALSE
Pv2.1_06_26190038_C/T,Chr06,26190038,0.0286214040819601,3351,FALSE
Pv2.1_04_42549821_G/A,Chr04,42549821,0.0286158142095703,3352,FALSE
Pv2.1_02_25196963_A/G,Chr02,25196963,0.0286157965699596,3353,FALSE
Pv2.1_04_3957821_CT/C,Chr04,3957821,0.0286149562862454,3354,FALSE
Pv2.1_08_53137031_A/G,Chr08,53137031,0.0286144925185114,3355,FALSE
Pv2.1_06_6730289_C/T,Chr06,6730289,0.0286079959467989,3356,FALSE
Pv2.1_06_6730320_G/T,Chr06,6730320,0.0286079959467989,3357,FALSE
Pv2.1_01_43027263_A/G,Chr01,43027263,0.0286055731784627,3358,FALSE
Pv2.1_08_62782488_G/A,Chr08,62782488,0.0286044240989458,3359,FALSE
Pv2.1_03_77635_G/C,Chr03,77635,0.0286040524505338,3360,FALSE
Pv2.1_03_33567570_G/A,Chr03,33567570,0.0286029003600565,3361,FALSE
Pv2.1_01_3764660_A/T,Chr01,3764660,0.0286012328797867,3362,FALSE
Pv2.1_08_57866533_G/C,Chr08,57866533,0.0286003926841794,3363,FALSE
Pv2.1_08_57866571_C/T,Chr08,57866571,0.0286003926841794,3364,FALSE
Pv2.1_10_43590338_C/G,Chr10,43590338,0.0285976065710125,3365,FALSE
Pv2.1_08_61081490_G/A,Chr08,61081490,0.0285973967422351,3366,FALSE
Pv2.1_08_16323897_A/G,Chr08,16323897,0.0285963548132813,3367,FALSE
Pv2.1_08_1545149_TGAA/T,Chr08,1545149,0.0285918651820407,3368,FALSE
Pv2.1_08_24407066_C/G,Chr08,24407066,0.0285913075994606,3369,FALSE
Pv2.1_03_32584536_A/T,Chr03,32584536,0.0285867125379049,3370,FALSE
Pv2.1_09_36430981_C/T,Chr09,36430981,0.0285847569274096,3371,FALSE
Pv2.1_06_12235682_C/A,Chr06,12235682,0.0285837774607374,3372,FALSE
Pv2.1_08_62447459_C/T,Chr08,62447459,0.0285800058846313,3373,FALSE
Pv2.1_02_12060585_G/A,Chr02,12060585,0.0285797882521344,3374,FALSE
Pv2.1_04_47811446_G/C,Chr04,47811446,0.028574003346503,3375,FALSE
Pv2.1_03_45722495_AT/A,Chr03,45722495,0.0285648606143725,3376,FALSE
Pv2.1_09_36872903_T/C,Chr09,36872903,0.0285645091293789,3377,FALSE
Pv2.1_08_62824154_C/T,Chr08,62824154,0.0285634595277773,3378,FALSE
Pv2.1_06_26250840_T/C,Chr06,26250840,0.0285602697078207,3379,FALSE
Pv2.1_05_39724716_T/A,Chr05,39724716,0.028558021491909,3380,FALSE
Pv2.1_06_30941612_C/T,Chr06,30941612,0.0285570599925338,3381,FALSE
Pv2.1_04_41740002_G/T,Chr04,41740002,0.0285553983087987,3382,FALSE
Pv2.1_06_4809471_C/T,Chr06,4809471,0.0285476394779725,3383,FALSE
Pv2.1_06_29563336_G/C,Chr06,29563336,0.0285429602410354,3384,FALSE
Pv2.1_07_8580273_G/T,Chr07,8580273,0.0285375509171879,3385,FALSE
Pv2.1_07_8580289_T/C,Chr07,8580289,0.0285375509171879,3386,FALSE
Pv2.1_07_1175424_G/C,Chr07,1175424,0.0285361838372129,3387,FALSE
Pv2.1_05_739669_A/G,Chr05,739669,0.0285315804265633,3388,FALSE
Pv2.1_08_3912807_GA/G,Chr08,3912807,0.028526231420142,3389,FALSE
Pv2.1_08_3711894_C/T,Chr08,3711894,0.0285218926662685,3390,FALSE
Pv2.1_08_14362552_G/A,Chr08,14362552,0.028520563846417,3391,FALSE
Pv2.1_01_3221626_C/G,Chr01,3221626,0.0285195641419111,3392,FALSE
Pv2.1_07_7073621_G/C,Chr07,7073621,0.0285168780296234,3393,FALSE
Pv2.1_06_22365971_A/C,Chr06,22365971,0.0285122629349837,3394,FALSE
Pv2.1_09_36563777_T/C,Chr09,36563777,0.0285103564145519,3395,FALSE
Pv2.1_03_7263081_A/G,Chr03,7263081,0.0285096818037718,3396,FALSE
Pv2.1_09_37429101_C/G,Chr09,37429101,0.0285093633680784,3397,FALSE
Pv2.1_08_564310_G/A,Chr08,564310,0.0285083912820681,3398,FALSE
Pv2.1_07_36758114_C/A,Chr07,36758114,0.0285068219149509,3399,FALSE
Pv2.1_01_872181_G/C,Chr01,872181,0.0285063909432415,3400,FALSE
Pv2.1_06_25139344_C/T,Chr06,25139344,0.0285050783044527,3401,FALSE
Pv2.1_05_39533195_C/G,Chr05,39533195,0.0285009016228299,3402,FALSE
Pv2.1_04_62655_T/G,Chr04,62655,0.0285006454590762,3403,FALSE
Pv2.1_07_22613465_T/C,Chr07,22613465,0.0284932805576568,3404,FALSE
Pv2.1_04_271396_C/T,Chr04,271396,0.0284925815755468,3405,FALSE
Pv2.1_02_1630087_A/C,Chr02,1630087,0.0284925531618132,3406,FALSE
Pv2.1_08_53212635_C/T,Chr08,53212635,0.0284845358908949,3407,FALSE
Pv2.1_03_774784_A/C,Chr03,774784,0.0284829813025622,3408,FALSE
Pv2.1_09_595325_A/G,Chr09,595325,0.0284820159507038,3409,FALSE
Pv2.1_01_50878660_T/C,Chr01,50878660,0.0284815332799053,3410,FALSE
Pv2.1_04_5499027_T/A,Chr04,5499027,0.028480842238829,3411,FALSE
Pv2.1_07_38021578_A/AG,Chr07,38021578,0.0284805705826523,3412,FALSE
Pv2.1_07_8744285_G/A,Chr07,8744285,0.0284787665427384,3413,FALSE
Pv2.1_02_11171677_A/G,Chr02,11171677,0.0284748942521609,3414,FALSE
Pv2.1_08_6676426_TC/T,Chr08,6676426,0.0284743696211929,3415,FALSE
Pv2.1_03_6838427_C/T,Chr03,6838427,0.0284736925942357,3416,FALSE
Pv2.1_10_42753062_G/C,Chr10,42753062,0.0284707271636488,3417,FALSE
Pv2.1_10_5843816_T/C,Chr10,5843816,0.0284671036845783,3418,FALSE
Pv2.1_10_42839581_G/A,Chr10,42839581,0.0284667025646437,3419,FALSE
Pv2.1_08_62939567_A/G,Chr08,62939567,0.0284607214280892,3420,FALSE
Pv2.1_10_39979157_G/A,Chr10,39979157,0.0284492151728926,3421,FALSE
Pv2.1_03_7263055_T/C,Chr03,7263055,0.0284487461769523,3422,FALSE
Pv2.1_03_51315909_G/A,Chr03,51315909,0.0284467498784777,3423,FALSE
Pv2.1_09_36533224_T/C,Chr09,36533224,0.0284450743785412,3424,FALSE
Pv2.1_08_58072029_T/A,Chr08,58072029,0.028445066691964,3425,FALSE
Pv2.1_04_46876625_A/T,Chr04,46876625,0.0284416450508394,3426,FALSE
Pv2.1_04_46886999_T/G,Chr04,46886999,0.0284347506780476,3427,FALSE
Pv2.1_09_37493291_C/G,Chr09,37493291,0.0284324585017757,3428,FALSE
Pv2.1_09_36563607_A/G,Chr09,36563607,0.0284299761698383,3429,FALSE
Pv2.1_02_47377595_A/G,Chr02,47377595,0.0284290317940026,3430,FALSE
Pv2.1_04_46855310_A/C,Chr04,46855310,0.0284284261196426,3431,FALSE
Pv2.1_03_983901_T/C,Chr03,983901,0.0284265320119346,3432,FALSE
Pv2.1_11_53446361_T/C,Chr11,53446361,0.0284177192955122,3433,FALSE
Pv2.1_08_62898036_A/T,Chr08,62898036,0.028417708345915,3434,FALSE
Pv2.1_08_6024028_G/T,Chr08,6024028,0.0284164076823714,3435,FALSE
Pv2.1_05_39412197_C/A,Chr05,39412197,0.0284159447639967,3436,FALSE
Pv2.1_03_2490178_C/A,Chr03,2490178,0.0284141686547388,3437,FALSE
Pv2.1_03_6838440_A/C,Chr03,6838440,0.0284119692391496,3438,FALSE
Pv2.1_11_51100459_G/T,Chr11,51100459,0.0284051590014487,3439,FALSE
Pv2.1_07_9620012_C/T,Chr07,9620012,0.0283974271825818,3440,FALSE
Pv2.1_11_2850497_G/T,Chr11,2850497,0.0283955740282948,3441,FALSE
Pv2.1_05_38831954_G/A,Chr05,38831954,0.0283954566037981,3442,FALSE
Pv2.1_07_7682887_C/T,Chr07,7682887,0.0283954184435631,3443,FALSE
Pv2.1_11_1322990_T/C,Chr11,1322990,0.0283939832766977,3444,FALSE
Pv2.1_08_62851462_C/G,Chr08,62851462,0.0283935862704139,3445,FALSE
Pv2.1_10_42288027_G/A,Chr10,42288027,0.0283907589593349,3446,FALSE
Pv2.1_01_655988_C/T,Chr01,655988,0.0283887241573466,3447,FALSE
Pv2.1_02_41183418_T/C,Chr02,41183418,0.0283886044024779,3448,FALSE
Pv2.1_10_1410909_A/T,Chr10,1410909,0.0283871683326993,3449,FALSE
Pv2.1_11_52974160_T/G,Chr11,52974160,0.0283870283312089,3450,FALSE
Pv2.1_11_1703975_C/G,Chr11,1703975,0.0283866596200149,3451,FALSE
Pv2.1_07_36141150_A/G,Chr07,36141150,0.0283813566236169,3452,FALSE
Pv2.1_08_5989274_G/A,Chr08,5989274,0.028377498644943,3453,FALSE
Pv2.1_08_5492259_A/G,Chr08,5492259,0.028377497934823,3454,FALSE
Pv2.1_07_6595169_G/C,Chr07,6595169,0.028377197872036,3455,FALSE
Pv2.1_01_43027224_A/T,Chr01,43027224,0.0283769242493719,3456,FALSE
Pv2.1_03_8030551_C/G,Chr03,8030551,0.0283757466712631,3457,FALSE
Pv2.1_11_4652873_T/C,Chr11,4652873,0.0283738567354472,3458,FALSE
Pv2.1_06_17577393_C/T,Chr06,17577393,0.0283696381561067,3459,FALSE
Pv2.1_01_3363408_A/ATATAG,Chr01,3363408,0.028368581877396,3460,FALSE
Pv2.1_07_38407897_A/T,Chr07,38407897,0.0283680222486922,3461,FALSE
Pv2.1_07_39361133_T/A,Chr07,39361133,0.0283664638618957,3462,FALSE
Pv2.1_07_39361133_T/G,Chr07,39361133,0.0283664638618957,3463,FALSE
Pv2.1_10_2185548_G/A,Chr10,2185548,0.0283659113936441,3464,FALSE
Pv2.1_03_52541115_CT/C,Chr03,52541115,0.0283620295930218,3465,FALSE
Pv2.1_10_295145_A/T,Chr10,295145,0.0283615666716712,3466,FALSE
Pv2.1_11_53295163_T/G,Chr11,53295163,0.0283567959991782,3467,FALSE
Pv2.1_08_5697232_G/A,Chr08,5697232,0.0283565247265938,3468,FALSE
Pv2.1_06_4315526_G/A,Chr06,4315526,0.02835587892617,3469,FALSE
Pv2.1_07_38352232_G/A,Chr07,38352232,0.0283553792285471,3470,FALSE
Pv2.1_07_38352238_A/G,Chr07,38352238,0.0283553792285471,3471,FALSE
Pv2.1_11_1547171_G/A,Chr11,1547171,0.0283531186341479,3472,FALSE
Pv2.1_09_14151390_T/A,Chr09,14151390,0.0283515212067389,3473,FALSE
Pv2.1_06_20714399_AGG/A,Chr06,20714399,0.028351120924957,3474,FALSE
Pv2.1_01_5530659_G/T,Chr01,5530659,0.0283483237322417,3475,FALSE
Pv2.1_10_40495286_C/G,Chr10,40495286,0.0283464607837693,3476,FALSE
Pv2.1_06_20783580_G/T,Chr06,20783580,0.0283407338923971,3477,FALSE
Pv2.1_08_9707525_C/T,Chr08,9707525,0.0283363145758586,3478,FALSE
Pv2.1_02_36953147_G/C,Chr02,36953147,0.0283362889904293,3479,FALSE
Pv2.1_02_25525850_C/A,Chr02,25525850,0.0283319197549252,3480,FALSE
Pv2.1_08_55802484_T/C,Chr08,55802484,0.028331568171363,3481,FALSE
Pv2.1_03_8030517_G/A,Chr03,8030517,0.0283313375002328,3482,FALSE
Pv2.1_01_2781237_T/C,Chr01,2781237,0.0283280457979718,3483,FALSE
Pv2.1_06_19164522_C/A,Chr06,19164522,0.0283270609468005,3484,FALSE
Pv2.1_01_4852802_T/A,Chr01,4852802,0.0283247602178314,3485,FALSE
Pv2.1_05_531396_C/A,Chr05,531396,0.028322939752182,3486,FALSE
Pv2.1_08_58182058_C/T,Chr08,58182058,0.0283221002589134,3487,FALSE
Pv2.1_04_47502110_A/G,Chr04,47502110,0.0283210530434532,3488,FALSE
Pv2.1_04_47099393_T/A,Chr04,47099393,0.0283117023731618,3489,FALSE
Pv2.1_02_25840397_G/A,Chr02,25840397,0.0283091151355075,3490,FALSE
Pv2.1_07_4859699_A/G,Chr07,4859699,0.0283051772241691,3491,FALSE
Pv2.1_03_32742986_A/T,Chr03,32742986,0.0283043673153136,3492,FALSE
Pv2.1_11_52982968_G/A,Chr11,52982968,0.0283035202476465,3493,FALSE
Pv2.1_07_36713275_T/C,Chr07,36713275,0.0283006901468763,3494,FALSE
Pv2.1_11_1162203_T/C,Chr11,1162203,0.0282995355608757,3495,FALSE
Pv2.1_03_11458328_G/A,Chr03,11458328,0.0282986512858532,3496,FALSE
Pv2.1_08_62495789_C/G,Chr08,62495789,0.0282986453358554,3497,FALSE
Pv2.1_07_206144_T/G,Chr07,206144,0.028295430823051,3498,FALSE
Pv2.1_09_36784726_A/G,Chr09,36784726,0.0282918440129896,3499,FALSE
Pv2.1_03_49696839_A/G,Chr03,49696839,0.0282909681184833,3500,FALSE
Pv2.1_08_62375804_A/G,Chr08,62375804,0.0282875927692929,3501,FALSE
Pv2.1_05_40598703_C/G,Chr05,40598703,0.0282841596734031,3502,FALSE
Pv2.1_09_37495917_C/G,Chr09,37495917,0.0282806185965416,3503,FALSE
Pv2.1_07_9729319_A/G,Chr07,9729319,0.0282779478576249,3504,FALSE
Pv2.1_08_9707542_C/T,Chr08,9707542,0.0282753150715238,3505,FALSE
Pv2.1_11_3921607_T/C,Chr11,3921607,0.0282691879803147,3506,FALSE
Pv2.1_03_51140123_T/A,Chr03,51140123,0.0282655943323134,3507,FALSE
Pv2.1_06_21765977_T/G,Chr06,21765977,0.0282600067268115,3508,FALSE
Pv2.1_01_72790_C/T,Chr01,72790,0.0282585980900589,3509,FALSE
Pv2.1_11_3971026_C/CA,Chr11,3971026,0.028252859543068,3510,FALSE
Pv2.1_06_29177456_AT/A,Chr06,29177456,0.0282501129458743,3511,FALSE
Pv2.1_05_39242209_C/AA,Chr05,39242209,0.0282426893324517,3512,FALSE
Pv2.1_06_19939926_C/T,Chr06,19939926,0.0282425678722111,3513,FALSE
Pv2.1_05_11942007_TCA/T,Chr05,11942007,0.0282422073646522,3514,FALSE
Pv2.1_04_47556133_G/T,Chr04,47556133,0.0282374224123068,3515,FALSE
Pv2.1_08_55834599_A/G,Chr08,55834599,0.0282370770027711,3516,FALSE
Pv2.1_03_11270744_G/A,Chr03,11270744,0.0282279828745717,3517,FALSE
Pv2.1_01_1220813_GT/G,Chr01,1220813,0.0282263184631324,3518,FALSE
Pv2.1_08_60092945_G/A,Chr08,60092945,0.0282205890905174,3519,FALSE
Pv2.1_01_51076758_C/T,Chr01,51076758,0.0282198066438926,3520,FALSE
Pv2.1_10_42515158_C/T,Chr10,42515158,0.0282166636428509,3521,FALSE
Pv2.1_06_29955930_G/C,Chr06,29955930,0.0282158161041868,3522,FALSE
Pv2.1_06_13814747_T/C,Chr06,13814747,0.0282147488542299,3523,FALSE
Pv2.1_02_39814232_C/T,Chr02,39814232,0.0282089456545522,3524,FALSE
Pv2.1_08_7334157_A/C,Chr08,7334157,0.0282081910335594,3525,FALSE
Pv2.1_08_6960092_T/A,Chr08,6960092,0.0282072188331037,3526,FALSE
Pv2.1_07_21089004_A/G,Chr07,21089004,0.0282062023973082,3527,FALSE
Pv2.1_08_58532342_GA/G,Chr08,58532342,0.0282046776143301,3528,FALSE
Pv2.1_09_13687583_C/T,Chr09,13687583,0.0282028579130991,3529,FALSE
Pv2.1_09_37799844_A/T,Chr09,37799844,0.028198220461829,3530,FALSE
Pv2.1_08_9700299_T/C,Chr08,9700299,0.0281977632887616,3531,FALSE
Pv2.1_02_41782716_C/G,Chr02,41782716,0.028195953371811,3532,FALSE
Pv2.1_02_26070581_A/G,Chr02,26070581,0.0281949172534044,3533,FALSE
Pv2.1_04_45177610_C/T,Chr04,45177610,0.0281910709938331,3534,FALSE
Pv2.1_05_2245772_A/T,Chr05,2245772,0.028189085565737,3535,FALSE
Pv2.1_10_2997848_G/A,Chr10,2997848,0.0281886724756948,3536,FALSE
Pv2.1_03_42027488_A/T,Chr03,42027488,0.0281836052626945,3537,FALSE
Pv2.1_02_46670296_AT/A,Chr02,46670296,0.0281801308108101,3538,FALSE
Pv2.1_07_21348294_C/G,Chr07,21348294,0.0281734860616631,3539,FALSE
Pv2.1_09_37752663_G/T,Chr09,37752663,0.0281672561194304,3540,FALSE
Pv2.1_09_36526432_T/C,Chr09,36526432,0.0281547427047482,3541,FALSE
Pv2.1_08_60092741_A/G,Chr08,60092741,0.02815435573801,3542,FALSE
Pv2.1_06_15913537_G/T,Chr06,15913537,0.0281502920889469,3543,FALSE
Pv2.1_10_42780613_C/T,Chr10,42780613,0.0281490285768049,3544,FALSE
Pv2.1_08_3231347_C/A,Chr08,3231347,0.0281478544887568,3545,FALSE
Pv2.1_09_36679039_G/C,Chr09,36679039,0.0281474976113936,3546,FALSE
Pv2.1_09_36679039_G/T,Chr09,36679039,0.0281474976113931,3547,FALSE
Pv2.1_07_8603655_G/A,Chr07,8603655,0.0281474974935114,3548,FALSE
Pv2.1_03_36404545_A/G,Chr03,36404545,0.0281471294057605,3549,FALSE
Pv2.1_08_15268141_G/A,Chr08,15268141,0.0281458332568438,3550,FALSE
Pv2.1_07_5691355_C/T,Chr07,5691355,0.0281343250011901,3551,FALSE
Pv2.1_03_812357_A/G,Chr03,812357,0.0281330939442186,3552,FALSE
Pv2.1_05_120826_G/C,Chr05,120826,0.0281325980201976,3553,FALSE
Pv2.1_08_53474378_T/G,Chr08,53474378,0.0281276177446559,3554,FALSE
Pv2.1_08_43861921_A/G,Chr08,43861921,0.0281244086330941,3555,FALSE
Pv2.1_08_16249345_T/C,Chr08,16249345,0.0281239984953317,3556,FALSE
Pv2.1_11_3921569_C/A,Chr11,3921569,0.0281224373925646,3557,FALSE
Pv2.1_04_45475458_G/A,Chr04,45475458,0.0281217819602171,3558,FALSE
Pv2.1_03_30657369_T/C,Chr03,30657369,0.0281189047678918,3559,FALSE
Pv2.1_03_46158969_A/G,Chr03,46158969,0.0281178909311084,3560,FALSE
Pv2.1_02_47382540_T/G,Chr02,47382540,0.0281159880813378,3561,FALSE
Pv2.1_01_4953598_T/A,Chr01,4953598,0.0281151593104054,3562,FALSE
Pv2.1_06_23688894_G/A,Chr06,23688894,0.0281138327981876,3563,FALSE
Pv2.1_06_22880399_G/C,Chr06,22880399,0.0281136858512427,3564,FALSE
Pv2.1_06_29828140_A/G,Chr06,29828140,0.0281077480648286,3565,FALSE
Pv2.1_09_36936346_C/A,Chr09,36936346,0.0281067761519438,3566,FALSE
Pv2.1_05_4930059_T/A,Chr05,4930059,0.0281042524154485,3567,FALSE
Pv2.1_11_2114455_A/T,Chr11,2114455,0.028103613498192,3568,FALSE
Pv2.1_11_2114503_A/C,Chr11,2114503,0.028103613498192,3569,FALSE
Pv2.1_01_51325736_A/G,Chr01,51325736,0.0280983415269835,3570,FALSE
Pv2.1_01_51325758_A/T,Chr01,51325758,0.0280983415269835,3571,FALSE
Pv2.1_01_51325761_G/A,Chr01,51325761,0.0280983415269835,3572,FALSE
Pv2.1_09_36533141_T/A,Chr09,36533141,0.0280982370218426,3573,FALSE
Pv2.1_08_1817734_A/G,Chr08,1817734,0.0280970269511744,3574,FALSE
Pv2.1_04_46498040_A/G,Chr04,46498040,0.0280965294854494,3575,FALSE
Pv2.1_07_7683011_G/A,Chr07,7683011,0.028095378068806,3576,FALSE
Pv2.1_07_3871362_AGT/A,Chr07,3871362,0.0280910841529289,3577,FALSE
Pv2.1_11_3778716_T/A,Chr11,3778716,0.0280890074829969,3578,FALSE
Pv2.1_07_38944918_C/T,Chr07,38944918,0.0280838161054957,3579,FALSE
Pv2.1_11_51370818_T/G,Chr11,51370818,0.0280828742921631,3580,FALSE
Pv2.1_03_7263031_A/C,Chr03,7263031,0.0280761032633352,3581,FALSE
Pv2.1_05_3754319_T/A,Chr05,3754319,0.0280749405813929,3582,FALSE
Pv2.1_07_37986611_G/GGTT,Chr07,37986611,0.028070465506866,3583,FALSE
Pv2.1_04_2413541_G/A,Chr04,2413541,0.0280674242813084,3584,FALSE
Pv2.1_08_62577249_G/A,Chr08,62577249,0.028064073375885,3585,FALSE
Pv2.1_11_1787442_C/A,Chr11,1787442,0.0280637916329574,3586,FALSE
Pv2.1_08_62751731_A/AAAT,Chr08,62751731,0.0280630648857572,3587,FALSE
Pv2.1_04_42037468_C/G,Chr04,42037468,0.0280628734624839,3588,FALSE
Pv2.1_04_42037476_T/A,Chr04,42037476,0.0280628734624839,3589,FALSE
Pv2.1_07_37971844_A/G,Chr07,37971844,0.0280624448541094,3590,FALSE
Pv2.1_08_5260879_C/T,Chr08,5260879,0.0280544517649606,3591,FALSE
Pv2.1_03_36438964_A/G,Chr03,36438964,0.0280503720084924,3592,FALSE
Pv2.1_07_7931032_G/A,Chr07,7931032,0.0280500187005841,3593,FALSE
Pv2.1_08_7784602_G/C,Chr08,7784602,0.0280498453729203,3594,FALSE
Pv2.1_08_7784625_A/G,Chr08,7784625,0.0280498453729203,3595,FALSE
Pv2.1_10_43957442_C/A,Chr10,43957442,0.0280495405285097,3596,FALSE
Pv2.1_10_43957442_C/T,Chr10,43957442,0.0280495405285097,3597,FALSE
Pv2.1_06_20470810_G/A,Chr06,20470810,0.0280489681005967,3598,FALSE
Pv2.1_03_77672_A/T,Chr03,77672,0.0280475175645325,3599,FALSE
Pv2.1_01_3363415_C/A,Chr01,3363415,0.02804540613722,3600,FALSE
Pv2.1_10_42672436_A/C,Chr10,42672436,0.0280449166062442,3601,FALSE
Pv2.1_04_53780_C/A,Chr04,53780,0.0280420290381498,3602,FALSE
Pv2.1_06_4332454_A/T,Chr06,4332454,0.028041588462528,3603,FALSE
Pv2.1_10_1545169_A/G,Chr10,1545169,0.0280344691515424,3604,FALSE
Pv2.1_03_6996038_A/G,Chr03,6996038,0.0280285892426799,3605,FALSE
Pv2.1_02_45163226_A/G,Chr02,45163226,0.0280262213120239,3606,FALSE
Pv2.1_06_16642829_A/C,Chr06,16642829,0.0280235813463143,3607,FALSE
Pv2.1_08_53390753_G/A,Chr08,53390753,0.0280235525948136,3608,FALSE
Pv2.1_03_984162_G/A,Chr03,984162,0.0280203488092821,3609,FALSE
Pv2.1_08_7688813_T/G,Chr08,7688813,0.028019527925923,3610,FALSE
Pv2.1_05_39317171_A/G,Chr05,39317171,0.0280085271948458,3611,FALSE
Pv2.1_11_53132474_C/T,Chr11,53132474,0.0280049720761948,3612,FALSE
Pv2.1_07_21348278_C/G,Chr07,21348278,0.0280018178719859,3613,FALSE
Pv2.1_06_8362437_A/T,Chr06,8362437,0.027995371236031,3614,FALSE
Pv2.1_04_170293_C/T,Chr04,170293,0.027994870375172,3615,FALSE
Pv2.1_10_3079077_G/A,Chr10,3079077,0.027992904473352,3616,FALSE
Pv2.1_08_1437524_C/T,Chr08,1437524,0.027992137130668,3617,FALSE
Pv2.1_08_13361381_G/A,Chr08,13361381,0.0279905025875262,3618,FALSE
Pv2.1_07_9296369_C/G,Chr07,9296369,0.0279870194957197,3619,FALSE
Pv2.1_07_9296369_C/T,Chr07,9296369,0.0279870194957197,3620,FALSE
Pv2.1_07_9563124_C/G,Chr07,9563124,0.0279865797679282,3621,FALSE
Pv2.1_05_2409889_C/A,Chr05,2409889,0.0279855891207577,3622,FALSE
Pv2.1_11_52609864_A/C,Chr11,52609864,0.0279825176545536,3623,FALSE
Pv2.1_08_61241819_T/G,Chr08,61241819,0.0279781916237165,3624,FALSE
Pv2.1_07_4755232_A/G,Chr07,4755232,0.0279781804900217,3625,FALSE
Pv2.1_04_22568_G/T,Chr04,22568,0.027973746742207,3626,FALSE
Pv2.1_04_44049568_T/A,Chr04,44049568,0.0279725304551297,3627,FALSE
Pv2.1_07_37288583_G/A,Chr07,37288583,0.0279678560230017,3628,FALSE
Pv2.1_09_13559644_C/G,Chr09,13559644,0.0279676021137338,3629,FALSE
Pv2.1_08_16993826_G/A,Chr08,16993826,0.0279672941529938,3630,FALSE
Pv2.1_05_2740179_T/A,Chr05,2740179,0.0279645672103621,3631,FALSE
Pv2.1_04_46590027_G/A,Chr04,46590027,0.0279642561053945,3632,FALSE
Pv2.1_09_36891636_T/C,Chr09,36891636,0.0279642393804682,3633,FALSE
Pv2.1_11_51028080_T/C,Chr11,51028080,0.0279602196452116,3634,FALSE
Pv2.1_02_45749150_C/A,Chr02,45749150,0.0279587003331052,3635,FALSE
Pv2.1_11_52983724_C/A,Chr11,52983724,0.02795428019847,3636,FALSE
Pv2.1_11_36587713_T/C,Chr11,36587713,0.0279521904513276,3637,FALSE
Pv2.1_10_24098799_A/G,Chr10,24098799,0.0279519588251587,3638,FALSE
Pv2.1_08_62766909_G/A,Chr08,62766909,0.0279515962629366,3639,FALSE
Pv2.1_11_53562128_C/G,Chr11,53562128,0.0279491441790443,3640,FALSE
Pv2.1_02_47629842_T/C,Chr02,47629842,0.0279485978399001,3641,FALSE
Pv2.1_04_523179_C/T,Chr04,523179,0.027946003925158,3642,FALSE
Pv2.1_03_33612055_G/A,Chr03,33612055,0.0279449211181442,3643,FALSE
Pv2.1_10_42550827_T/C,Chr10,42550827,0.0279445508309282,3644,FALSE
Pv2.1_03_51026_T/TCATAA,Chr03,51026,0.0279411011869626,3645,FALSE
Pv2.1_03_32241406_T/A,Chr03,32241406,0.0279403239501672,3646,FALSE
Pv2.1_08_8154442_T/C,Chr08,8154442,0.0279385942681865,3647,FALSE
Pv2.1_02_44838686_A/G,Chr02,44838686,0.0279329449668237,3648,FALSE
Pv2.1_02_44838711_C/A,Chr02,44838711,0.0279329449668237,3649,FALSE
Pv2.1_11_470222_C/G,Chr11,470222,0.0279321903958878,3650,FALSE
Pv2.1_10_1723726_C/T,Chr10,1723726,0.0279300637990705,3651,FALSE
Pv2.1_01_49445667_T/G,Chr01,49445667,0.0279291235680068,3652,FALSE
Pv2.1_08_9459790_A/G,Chr08,9459790,0.027924610724495,3653,FALSE
Pv2.1_01_2218874_C/A,Chr01,2218874,0.0279211568896969,3654,FALSE
Pv2.1_01_929990_C/T,Chr01,929990,0.027919179832923,3655,FALSE
Pv2.1_07_1274512_G/A,Chr07,1274512,0.0279149337768425,3656,FALSE
Pv2.1_08_62495513_C/T,Chr08,62495513,0.0279141695803462,3657,FALSE
Pv2.1_11_29949147_T/C,Chr11,29949147,0.0279127204290193,3658,FALSE
Pv2.1_11_2084280_T/C,Chr11,2084280,0.0279091707650019,3659,FALSE
Pv2.1_01_13119618_T/C,Chr01,13119618,0.0279079632685386,3660,FALSE
Pv2.1_11_1248579_G/A,Chr11,1248579,0.0279048985674382,3661,FALSE
Pv2.1_09_12105339_G/A,Chr09,12105339,0.0279046465250863,3662,FALSE
Pv2.1_10_42836762_T/G,Chr10,42836762,0.0278961891691836,3663,FALSE
Pv2.1_07_9309946_T/A,Chr07,9309946,0.0278913016888955,3664,FALSE
Pv2.1_02_41208986_C/T,Chr02,41208986,0.0278900815614049,3665,FALSE
Pv2.1_07_7557169_T/C,Chr07,7557169,0.0278887036073066,3666,FALSE
Pv2.1_08_1594645_G/A,Chr08,1594645,0.0278880512045383,3667,FALSE
Pv2.1_07_37412294_A/T,Chr07,37412294,0.0278869607103709,3668,FALSE
Pv2.1_06_22794367_T/G,Chr06,22794367,0.0278841637427698,3669,FALSE
Pv2.1_08_61838065_T/C,Chr08,61838065,0.0278828625398626,3670,FALSE
Pv2.1_02_35455603_G/A,Chr02,35455603,0.0278778414990044,3671,FALSE
Pv2.1_04_547389_T/A,Chr04,547389,0.0278735436506694,3672,FALSE
Pv2.1_11_1276300_G/C,Chr11,1276300,0.0278730870593376,3673,FALSE
Pv2.1_02_34465504_CAGAG/C,Chr02,34465504,0.0278671547528653,3674,FALSE
Pv2.1_07_102763_G/A,Chr07,102763,0.0278662798538862,3675,FALSE
Pv2.1_02_31204599_G/T,Chr02,31204599,0.0278656759903813,3676,FALSE
Pv2.1_03_52635917_C/T,Chr03,52635917,0.0278645303253873,3677,FALSE
Pv2.1_11_1276317_A/G,Chr11,1276317,0.0278637301333236,3678,FALSE
Pv2.1_03_51074526_C/AATT,Chr03,51074526,0.0278630885174169,3679,FALSE
Pv2.1_08_52214429_C/G,Chr08,52214429,0.0278627942409293,3680,FALSE
Pv2.1_11_2238786_G/A,Chr11,2238786,0.0278588027295355,3681,FALSE
Pv2.1_11_1300221_A/G,Chr11,1300221,0.0278555226389772,3682,FALSE
Pv2.1_10_41845732_C/A,Chr10,41845732,0.0278542408688187,3683,FALSE
Pv2.1_10_42047246_G/A,Chr10,42047246,0.0278539599673122,3684,FALSE
Pv2.1_08_8764100_A/G,Chr08,8764100,0.0278537947118842,3685,FALSE
Pv2.1_02_1630157_A/C,Chr02,1630157,0.0278445478552536,3686,FALSE
Pv2.1_04_2753986_C/G,Chr04,2753986,0.0278427633965177,3687,FALSE
Pv2.1_10_40397761_G/A,Chr10,40397761,0.0278418235662477,3688,FALSE
Pv2.1_08_16100010_T/C,Chr08,16100010,0.0278392028765637,3689,FALSE
Pv2.1_03_7208973_G/A,Chr03,7208973,0.027836808761279,3690,FALSE
Pv2.1_09_37799845_A/T,Chr09,37799845,0.0278337821940147,3691,FALSE
Pv2.1_06_22385980_C/T,Chr06,22385980,0.0278317419941687,3692,FALSE
Pv2.1_07_9296439_T/A,Chr07,9296439,0.0278276715412278,3693,FALSE
Pv2.1_07_9296447_G/A,Chr07,9296447,0.0278276715412278,3694,FALSE
Pv2.1_02_35455667_CA/C,Chr02,35455667,0.0278275559624372,3695,FALSE
Pv2.1_07_6732493_T/C,Chr07,6732493,0.0278271613109435,3696,FALSE
Pv2.1_07_6732503_T/A,Chr07,6732503,0.0278271613109435,3697,FALSE
Pv2.1_09_37770641_T/A,Chr09,37770641,0.0278243978013979,3698,FALSE
Pv2.1_09_22307848_T/TATAA,Chr09,22307848,0.0278238380134699,3699,FALSE
Pv2.1_08_1823540_G/C,Chr08,1823540,0.0278235225630006,3700,FALSE
Pv2.1_11_3195245_A/G,Chr11,3195245,0.0278226463257143,3701,FALSE
Pv2.1_08_53234486_G/A,Chr08,53234486,0.0278167523727251,3702,FALSE
Pv2.1_08_60658599_T/TA,Chr08,60658599,0.0278142384920397,3703,FALSE
Pv2.1_08_16993814_A/G,Chr08,16993814,0.0278134113228203,3704,FALSE
Pv2.1_09_36843844_A/G,Chr09,36843844,0.0278130878730605,3705,FALSE
Pv2.1_08_7435268_A/T,Chr08,7435268,0.0278126938476708,3706,FALSE
Pv2.1_08_53354241_T/C,Chr08,53354241,0.0278115070758314,3707,FALSE
Pv2.1_09_37990915_T/G,Chr09,37990915,0.0278111339572678,3708,FALSE
Pv2.1_06_16799718_G/T,Chr06,16799718,0.0278074592799662,3709,FALSE
Pv2.1_02_49587954_C/T,Chr02,49587954,0.0278034987136482,3710,FALSE
Pv2.1_08_3706302_A/ATAT,Chr08,3706302,0.0278031573469786,3711,FALSE
Pv2.1_10_42429580_G/A,Chr10,42429580,0.0277960777692128,3712,FALSE
Pv2.1_09_10457126_G/T,Chr09,10457126,0.027793314431626,3713,FALSE
Pv2.1_04_47249077_T/C,Chr04,47249077,0.0277927134449274,3714,FALSE
Pv2.1_08_3756362_T/C,Chr08,3756362,0.027791834898061,3715,FALSE
Pv2.1_07_10412633_C/T,Chr07,10412633,0.0277911691406243,3716,FALSE
Pv2.1_08_62447555_G/A,Chr08,62447555,0.0277885108461868,3717,FALSE
Pv2.1_04_47099390_A/T,Chr04,47099390,0.0277849602025166,3718,FALSE
Pv2.1_05_9131151_G/T,Chr05,9131151,0.0277839946314891,3719,FALSE
Pv2.1_07_816822_C/A,Chr07,816822,0.0277826511565515,3720,FALSE
Pv2.1_06_21153420_A/T,Chr06,21153420,0.0277720955580896,3721,FALSE
Pv2.1_06_22989574_A/T,Chr06,22989574,0.0277710860166449,3722,FALSE
Pv2.1_08_9426823_G/A,Chr08,9426823,0.0277648343802528,3723,FALSE
Pv2.1_02_33379187_G/C,Chr02,33379187,0.0277631825223197,3724,FALSE
Pv2.1_04_45501871_A/C,Chr04,45501871,0.0277610368175676,3725,FALSE
Pv2.1_08_53638194_A/C,Chr08,53638194,0.0277609878197929,3726,FALSE
Pv2.1_08_484735_C/T,Chr08,484735,0.0277539307030752,3727,FALSE
Pv2.1_06_23874692_T/A,Chr06,23874692,0.0277539290079871,3728,FALSE
Pv2.1_03_7921543_A/C,Chr03,7921543,0.0277496934501595,3729,FALSE
Pv2.1_09_36937823_T/C,Chr09,36937823,0.0277485169960361,3730,FALSE
Pv2.1_08_59031134_A/C,Chr08,59031134,0.0277480008406048,3731,FALSE
Pv2.1_06_19130494_C/T,Chr06,19130494,0.0277472750685517,3732,FALSE
Pv2.1_02_28134513_C/T,Chr02,28134513,0.0277468481862337,3733,FALSE
Pv2.1_08_9390776_A/T,Chr08,9390776,0.0277424162876763,3734,FALSE
Pv2.1_07_39569881_C/T,Chr07,39569881,0.0277381385136084,3735,FALSE
Pv2.1_03_46149483_G/A,Chr03,46149483,0.0277370437663742,3736,FALSE
Pv2.1_06_24148856_C/T,Chr06,24148856,0.0277322749036815,3737,FALSE
Pv2.1_07_9441645_G/A,Chr07,9441645,0.0277263016353393,3738,FALSE
Pv2.1_03_36534875_C/T,Chr03,36534875,0.0277242544357352,3739,FALSE
Pv2.1_07_1601802_TC/T,Chr07,1601802,0.0277241489334266,3740,FALSE
Pv2.1_09_36843847_A/T,Chr09,36843847,0.0277214895769067,3741,FALSE
Pv2.1_11_51028077_G/T,Chr11,51028077,0.0277208226134098,3742,FALSE
Pv2.1_05_19807494_C/CTG,Chr05,19807494,0.0277178185737434,3743,FALSE
Pv2.1_07_36731811_C/G,Chr07,36731811,0.0277127413268663,3744,FALSE
Pv2.1_09_13681364_G/A,Chr09,13681364,0.027711930991638,3745,FALSE
Pv2.1_11_1411758_A/G,Chr11,1411758,0.0277116968808469,3746,FALSE
Pv2.1_07_8496801_C/CTA,Chr07,8496801,0.027710462977431,3747,FALSE
Pv2.1_03_46114642_T/C,Chr03,46114642,0.0277094051956897,3748,FALSE
Pv2.1_07_35511743_A/C,Chr07,35511743,0.0277060047906161,3749,FALSE
Pv2.1_09_37770663_A/T,Chr09,37770663,0.027704519105034,3750,FALSE
Pv2.1_08_62635747_A/G,Chr08,62635747,0.0277039859947923,3751,FALSE
Pv2.1_10_3192290_T/C,Chr10,3192290,0.0277026447849882,3752,FALSE
Pv2.1_03_49131424_T/G,Chr03,49131424,0.0277019108340353,3753,FALSE
Pv2.1_06_22839578_A/G,Chr06,22839578,0.027700366358085,3754,FALSE
Pv2.1_04_523183_A/G,Chr04,523183,0.0277001954884319,3755,FALSE
Pv2.1_05_39245531_T/A,Chr05,39245531,0.0276993675378079,3756,FALSE
Pv2.1_03_32241466_G/A,Chr03,32241466,0.0276989489782347,3757,FALSE
Pv2.1_10_43902359_C/G,Chr10,43902359,0.0276950211437961,3758,FALSE
Pv2.1_02_25918431_A/G,Chr02,25918431,0.0276904441695987,3759,FALSE
Pv2.1_05_39721734_T/C,Chr05,39721734,0.0276809575791201,3760,FALSE
Pv2.1_08_62327666_T/G,Chr08,62327666,0.0276799633870697,3761,FALSE
Pv2.1_04_45501869_T/C,Chr04,45501869,0.0276759593666345,3762,FALSE
Pv2.1_01_2485552_T/A,Chr01,2485552,0.0276746037243556,3763,FALSE
Pv2.1_06_13069644_C/T,Chr06,13069644,0.0276742672697594,3764,FALSE
Pv2.1_10_4052674_A/C,Chr10,4052674,0.0276735119627749,3765,FALSE
Pv2.1_03_548733_C/G,Chr03,548733,0.0276718368524018,3766,FALSE
Pv2.1_04_45663952_T/G,Chr04,45663952,0.0276711862073018,3767,FALSE
Pv2.1_04_41895594_A/T,Chr04,41895594,0.0276692098889231,3768,FALSE
Pv2.1_02_34087019_A/G,Chr02,34087019,0.0276647662124416,3769,FALSE
Pv2.1_06_4214386_T/G,Chr06,4214386,0.0276639200528712,3770,FALSE
Pv2.1_09_13688994_T/C,Chr09,13688994,0.0276568029131332,3771,FALSE
Pv2.1_09_13688996_T/C,Chr09,13688996,0.0276568029131332,3772,FALSE
Pv2.1_07_3875582_G/A,Chr07,3875582,0.0276551993824206,3773,FALSE
Pv2.1_03_812391_T/G,Chr03,812391,0.0276547257065678,3774,FALSE
Pv2.1_03_51082524_G/A,Chr03,51082524,0.0276528447950324,3775,FALSE
Pv2.1_06_29446206_A/G,Chr06,29446206,0.0276500994344104,3776,FALSE
Pv2.1_10_40392342_A/AC,Chr10,40392342,0.0276498703161594,3777,FALSE
Pv2.1_08_13483516_G/A,Chr08,13483516,0.0276471273395202,3778,FALSE
Pv2.1_05_2410278_G/A,Chr05,2410278,0.0276461260430416,3779,FALSE
Pv2.1_08_58557172_C/T,Chr08,58557172,0.0276450844741301,3780,FALSE
Pv2.1_06_22265290_G/T,Chr06,22265290,0.0276438747569161,3781,FALSE
Pv2.1_10_1410963_G/A,Chr10,1410963,0.0276432055554539,3782,FALSE
Pv2.1_11_3069718_A/G,Chr11,3069718,0.0276430751838013,3783,FALSE
Pv2.1_04_47556097_T/G,Chr04,47556097,0.027641846692529,3784,FALSE
Pv2.1_06_14042574_A/G,Chr06,14042574,0.02764134263527,3785,FALSE
Pv2.1_07_36696395_C/A,Chr07,36696395,0.0276384399753598,3786,FALSE
Pv2.1_06_15080463_C/A,Chr06,15080463,0.0276380135466496,3787,FALSE
Pv2.1_06_15080466_A/G,Chr06,15080466,0.0276380135466496,3788,FALSE
Pv2.1_01_2547800_G/A,Chr01,2547800,0.0276377541666282,3789,FALSE
Pv2.1_08_62906550_A/T,Chr08,62906550,0.0276367760480061,3790,FALSE
Pv2.1_11_1276636_T/C,Chr11,1276636,0.0276353049665636,3791,FALSE
Pv2.1_02_34832295_A/T,Chr02,34832295,0.0276312092150364,3792,FALSE
Pv2.1_02_34832305_A/G,Chr02,34832305,0.0276312092150364,3793,FALSE
Pv2.1_03_7263043_C/A,Chr03,7263043,0.027630374081693,3794,FALSE
Pv2.1_06_1414619_T/C,Chr06,1414619,0.0276297690969658,3795,FALSE
Pv2.1_02_44599098_A/AT,Chr02,44599098,0.0276282722920609,3796,FALSE
Pv2.1_02_44728354_C/T,Chr02,44728354,0.027627351952507,3797,FALSE
Pv2.1_07_509239_G/A,Chr07,509239,0.0276269326264518,3798,FALSE
Pv2.1_01_51087161_A/G,Chr01,51087161,0.0276260194550595,3799,FALSE
Pv2.1_01_51087166_G/T,Chr01,51087166,0.0276260194550595,3800,FALSE
Pv2.1_06_5598072_A/T,Chr06,5598072,0.027625388087356,3801,FALSE
Pv2.1_08_62327672_C/T,Chr08,62327672,0.0276233074423811,3802,FALSE
Pv2.1_06_29506631_C/G,Chr06,29506631,0.0276213868594555,3803,FALSE
Pv2.1_01_2808805_T/G,Chr01,2808805,0.0276188754350022,3804,FALSE
Pv2.1_06_15618268_C/T,Chr06,15618268,0.0276079287627971,3805,FALSE
Pv2.1_01_4613507_T/G,Chr01,4613507,0.0276071265721098,3806,FALSE
Pv2.1_08_58413425_G/T,Chr08,58413425,0.0275970945601958,3807,FALSE
Pv2.1_06_4211411_C/T,Chr06,4211411,0.0275947296594072,3808,FALSE
Pv2.1_02_28134684_G/A,Chr02,28134684,0.0275930345946573,3809,FALSE
Pv2.1_09_22410846_C/A,Chr09,22410846,0.0275906885646866,3810,FALSE
Pv2.1_08_9931388_C/T,Chr08,9931388,0.0275872860492665,3811,FALSE
Pv2.1_07_9182627_C/T,Chr07,9182627,0.0275819827635582,3812,FALSE
Pv2.1_08_62311090_C/A,Chr08,62311090,0.0275796357430815,3813,FALSE
Pv2.1_01_3930337_G/A,Chr01,3930337,0.0275761989766186,3814,FALSE
Pv2.1_07_6732475_G/A,Chr07,6732475,0.0275747284093013,3815,FALSE
Pv2.1_02_47381844_G/GTGT,Chr02,47381844,0.0275742897251265,3816,FALSE
Pv2.1_02_35805536_A/G,Chr02,35805536,0.0275724003216444,3817,FALSE
Pv2.1_08_61388515_A/G,Chr08,61388515,0.027570975008917,3818,FALSE
Pv2.1_02_30842584_G/T,Chr02,30842584,0.0275691997004275,3819,FALSE
Pv2.1_06_13814774_C/G,Chr06,13814774,0.0275671663472927,3820,FALSE
Pv2.1_07_9346456_GAGCC/G,Chr07,9346456,0.0275671244008686,3821,FALSE
Pv2.1_08_8457044_C/T,Chr08,8457044,0.027563956200312,3822,FALSE
Pv2.1_06_15753810_T/G,Chr06,15753810,0.0275579390915657,3823,FALSE
Pv2.1_06_4221905_C/T,Chr06,4221905,0.0275530411735421,3824,FALSE
Pv2.1_08_63004774_T/C,Chr08,63004774,0.0275476197180757,3825,FALSE
Pv2.1_06_21206826_A/T,Chr06,21206826,0.0275450500260659,3826,FALSE
Pv2.1_07_14353590_C/T,Chr07,14353590,0.0275437886355499,3827,FALSE
Pv2.1_09_37684562_AC/A,Chr09,37684562,0.027539839989946,3828,FALSE
Pv2.1_09_37684562_AC/G,Chr09,37684562,0.027539839989946,3829,FALSE
Pv2.1_06_21824679_C/G,Chr06,21824679,0.0275361376454422,3830,FALSE
Pv2.1_07_4755476_A/G,Chr07,4755476,0.0275271996199815,3831,FALSE
Pv2.1_07_4755483_G/C,Chr07,4755483,0.0275271996199815,3832,FALSE
Pv2.1_08_59036078_T/C,Chr08,59036078,0.0275248874998963,3833,FALSE
Pv2.1_03_31676169_A/G,Chr03,31676169,0.0275236283060965,3834,FALSE
Pv2.1_07_6697812_AT/A,Chr07,6697812,0.0275234074811692,3835,FALSE
Pv2.1_08_58417937_G/A,Chr08,58417937,0.0275199934973496,3836,FALSE
Pv2.1_01_147928_C/T,Chr01,147928,0.0275050362790021,3837,FALSE
Pv2.1_05_39024721_A/G,Chr05,39024721,0.0274934263068665,3838,FALSE
Pv2.1_08_3922102_TA/T,Chr08,3922102,0.0274928103185919,3839,FALSE
Pv2.1_03_45802317_C/T,Chr03,45802317,0.0274922899854069,3840,FALSE
Pv2.1_08_3810020_T/A,Chr08,3810020,0.0274880382057554,3841,FALSE
Pv2.1_08_62796027_C/G,Chr08,62796027,0.0274845721735946,3842,FALSE
Pv2.1_06_4446649_G/A,Chr06,4446649,0.0274834117644756,3843,FALSE
Pv2.1_05_3576043_A/G,Chr05,3576043,0.0274831562609736,3844,FALSE
Pv2.1_07_616775_A/T,Chr07,616775,0.0274790269297238,3845,FALSE
Pv2.1_10_1410960_T/C,Chr10,1410960,0.0274756097727993,3846,FALSE
Pv2.1_05_39247654_G/T,Chr05,39247654,0.0274728506771829,3847,FALSE
Pv2.1_11_3657969_A/G,Chr11,3657969,0.027469732135379,3848,FALSE
Pv2.1_03_40784404_A/C,Chr03,40784404,0.0274694146301604,3849,FALSE
Pv2.1_04_46590015_A/G,Chr04,46590015,0.0274691865326648,3850,FALSE
Pv2.1_08_58684346_T/C,Chr08,58684346,0.0274683601950136,3851,FALSE
Pv2.1_08_53354235_T/A,Chr08,53354235,0.0274647085202302,3852,FALSE
Pv2.1_07_37223321_T/TA,Chr07,37223321,0.027464062963054,3853,FALSE
Pv2.1_08_62950826_G/A,Chr08,62950826,0.0274604472125146,3854,FALSE
Pv2.1_08_62950860_C/T,Chr08,62950860,0.0274604472125146,3855,FALSE
Pv2.1_08_62950863_A/G,Chr08,62950863,0.0274604472125146,3856,FALSE
Pv2.1_02_33553965_A/G,Chr02,33553965,0.0274591991804707,3857,FALSE
Pv2.1_05_38950586_T/C,Chr05,38950586,0.0274557377105902,3858,FALSE
Pv2.1_06_21823102_A/G,Chr06,21823102,0.0274550768090389,3859,FALSE
Pv2.1_07_28923819_A/T,Chr07,28923819,0.0274548184519534,3860,FALSE
Pv2.1_11_2158517_CTT/C,Chr11,2158517,0.0274544393899165,3861,FALSE
Pv2.1_01_3672021_G/T,Chr01,3672021,0.0274519229171131,3862,FALSE
Pv2.1_01_50856617_T/C,Chr01,50856617,0.0274504091297345,3863,FALSE
Pv2.1_02_27592702_A/T,Chr02,27592702,0.0274498391525664,3864,FALSE
Pv2.1_08_58285732_C/T,Chr08,58285732,0.0274496218627163,3865,FALSE
Pv2.1_01_2682164_G/T,Chr01,2682164,0.0274470633007926,3866,FALSE
Pv2.1_03_48007285_T/A,Chr03,48007285,0.0274453743088943,3867,FALSE
Pv2.1_06_10948058_G/C,Chr06,10948058,0.0274449109917767,3868,FALSE
Pv2.1_05_4970389_G/A,Chr05,4970389,0.0274395394321632,3869,FALSE
Pv2.1_06_9973633_T/C,Chr06,9973633,0.0274369255051483,3870,FALSE
Pv2.1_02_48295300_G/A,Chr02,48295300,0.0274352573289995,3871,FALSE
Pv2.1_10_5671276_G/A,Chr10,5671276,0.0274285838457899,3872,FALSE
Pv2.1_01_5001305_AG/A,Chr01,5001305,0.0274280221886514,3873,FALSE
Pv2.1_09_36936247_G/T,Chr09,36936247,0.0274236001668822,3874,FALSE
Pv2.1_01_51074463_G/A,Chr01,51074463,0.0274200442812531,3875,FALSE
Pv2.1_03_49162933_T/C,Chr03,49162933,0.0274145770044796,3876,FALSE
Pv2.1_08_53292186_G/C,Chr08,53292186,0.0274130093692913,3877,FALSE
Pv2.1_06_20866831_G/T,Chr06,20866831,0.0274107118240994,3878,FALSE
Pv2.1_06_29506709_G/T,Chr06,29506709,0.0274086236982178,3879,FALSE
Pv2.1_02_39969892_A/G,Chr02,39969892,0.0274076819165865,3880,FALSE
Pv2.1_06_9151965_G/T,Chr06,9151965,0.0273986227376559,3881,FALSE
Pv2.1_11_2158502_T/A,Chr11,2158502,0.0273926550208006,3882,FALSE
Pv2.1_06_7025578_C/T,Chr06,7025578,0.0273926037223715,3883,FALSE
Pv2.1_08_1251855_T/G,Chr08,1251855,0.0273897608465878,3884,FALSE
Pv2.1_06_2127876_G/A,Chr06,2127876,0.0273881077154394,3885,FALSE
Pv2.1_05_39245791_A/G,Chr05,39245791,0.0273836804835623,3886,FALSE
Pv2.1_03_52855458_A/AT,Chr03,52855458,0.027383003715054,3887,FALSE
Pv2.1_07_153031_C/T,Chr07,153031,0.0273807439739731,3888,FALSE
Pv2.1_08_62863809_A/G,Chr08,62863809,0.0273793547968051,3889,FALSE
Pv2.1_08_53323067_C/T,Chr08,53323067,0.0273788482530493,3890,FALSE
Pv2.1_03_36404644_T/G,Chr03,36404644,0.0273775755431296,3891,FALSE
Pv2.1_08_57823536_C/CA,Chr08,57823536,0.027375072040722,3892,FALSE
Pv2.1_03_31676148_A/G,Chr03,31676148,0.027370427821853,3893,FALSE
Pv2.1_07_9591956_C/T,Chr07,9591956,0.0273569686229762,3894,FALSE
Pv2.1_07_35989956_A/T,Chr07,35989956,0.0273557830919824,3895,FALSE
Pv2.1_05_132233_A/T,Chr05,132233,0.0273518493825797,3896,FALSE
Pv2.1_07_9651831_G/C,Chr07,9651831,0.0273518289540404,3897,FALSE
Pv2.1_07_10411392_G/A,Chr07,10411392,0.0273513110978181,3898,FALSE
Pv2.1_07_10411409_A/G,Chr07,10411409,0.0273513110978181,3899,FALSE
Pv2.1_03_33537090_G/A,Chr03,33537090,0.0273512604835906,3900,FALSE
Pv2.1_06_13831920_G/A,Chr06,13831920,0.0273490389700659,3901,FALSE
Pv2.1_02_35113528_GT/G,Chr02,35113528,0.0273489583486999,3902,FALSE
Pv2.1_07_6816890_G/A,Chr07,6816890,0.0273474662088913,3903,FALSE
Pv2.1_04_46934138_A/G,Chr04,46934138,0.0273435210359532,3904,FALSE
Pv2.1_08_62941326_T/C,Chr08,62941326,0.0273433597870758,3905,FALSE
Pv2.1_03_43625645_T/C,Chr03,43625645,0.0273409435772685,3906,FALSE
Pv2.1_06_495048_T/C,Chr06,495048,0.0273399783738215,3907,FALSE
Pv2.1_02_35455267_T/TTTG,Chr02,35455267,0.0273384512495776,3908,FALSE
Pv2.1_11_1258741_C/A,Chr11,1258741,0.0273371504632429,3909,FALSE
Pv2.1_03_51848855_G/T,Chr03,51848855,0.0273349866434223,3910,FALSE
Pv2.1_01_4084943_T/C,Chr01,4084943,0.0273334138903096,3911,FALSE
Pv2.1_03_77577_A/G,Chr03,77577,0.0273322475555045,3912,FALSE
Pv2.1_09_36526613_T/C,Chr09,36526613,0.0273314025936822,3913,FALSE
Pv2.1_07_37412632_TA/T,Chr07,37412632,0.0273285067460884,3914,FALSE
Pv2.1_07_23019516_G/A,Chr07,23019516,0.0273277083713532,3915,FALSE
Pv2.1_04_7272416_A/T,Chr04,7272416,0.0273225038118303,3916,FALSE
Pv2.1_07_39361100_C/G,Chr07,39361100,0.0273201010812643,3917,FALSE
Pv2.1_06_16433737_G/A,Chr06,16433737,0.0273187226367368,3918,FALSE
Pv2.1_07_1074333_C/CT,Chr07,1074333,0.0273182082489205,3919,FALSE
Pv2.1_06_26303305_A/T,Chr06,26303305,0.0273110297603081,3920,FALSE
Pv2.1_08_1251720_A/G,Chr08,1251720,0.0273084347344978,3921,FALSE
Pv2.1_11_3568419_T/C,Chr11,3568419,0.0272971263671407,3922,FALSE
Pv2.1_09_36912141_A/G,Chr09,36912141,0.0272933744922281,3923,FALSE
Pv2.1_09_36911740_A/T,Chr09,36911740,0.0272925373898425,3924,FALSE
Pv2.1_02_44689991_T/C,Chr02,44689991,0.0272888426726738,3925,FALSE
Pv2.1_03_32236316_C/T,Chr03,32236316,0.0272880708407,3926,FALSE
Pv2.1_01_38604403_C/G,Chr01,38604403,0.0272858274784857,3927,FALSE
Pv2.1_11_4455707_T/C,Chr11,4455707,0.0272850484305724,3928,FALSE
Pv2.1_08_9707464_C/A,Chr08,9707464,0.0272795105214945,3929,FALSE
Pv2.1_08_1526274_T/C,Chr08,1526274,0.027275849783309,3930,FALSE
Pv2.1_05_825483_G/C,Chr05,825483,0.0272749888588031,3931,FALSE
Pv2.1_06_21601960_G/A,Chr06,21601960,0.0272732708514143,3932,FALSE
Pv2.1_06_14887355_C/T,Chr06,14887355,0.0272675385960541,3933,FALSE
Pv2.1_10_3015744_C/T,Chr10,3015744,0.027264320184865,3934,FALSE
Pv2.1_10_43902389_T/A,Chr10,43902389,0.0272617461977918,3935,FALSE
Pv2.1_10_43902393_G/A,Chr10,43902393,0.0272617461977918,3936,FALSE
Pv2.1_07_23019514_G/A,Chr07,23019514,0.027259830770006,3937,FALSE
Pv2.1_04_4560433_G/A,Chr04,4560433,0.0272563830033201,3938,FALSE
Pv2.1_08_61844238_G/A,Chr08,61844238,0.0272555986710303,3939,FALSE
Pv2.1_07_21217814_C/T,Chr07,21217814,0.0272539182030349,3940,FALSE
Pv2.1_10_40470767_G/GATT,Chr10,40470767,0.0272538597862018,3941,FALSE
Pv2.1_02_3058666_G/GA,Chr02,3058666,0.0272490350159207,3942,FALSE
Pv2.1_08_5097717_G/T,Chr08,5097717,0.0272455862672856,3943,FALSE
Pv2.1_11_52413269_T/A,Chr11,52413269,0.0272454073161419,3944,FALSE
Pv2.1_09_381386_A/T,Chr09,381386,0.0272450932364481,3945,FALSE
Pv2.1_05_3754277_C/T,Chr05,3754277,0.0272428863714644,3946,FALSE
Pv2.1_08_9932710_C/T,Chr08,9932710,0.0272424394924635,3947,FALSE
Pv2.1_10_1699014_TT/C,Chr10,1699014,0.0272408371804378,3948,FALSE
Pv2.1_07_7432549_A/G,Chr07,7432549,0.0272404063895948,3949,FALSE
Pv2.1_10_1724920_A/T,Chr10,1724920,0.0272388974028015,3950,FALSE
Pv2.1_11_3144364_T/C,Chr11,3144364,0.0272379748483873,3951,FALSE
Pv2.1_07_77762_C/G,Chr07,77762,0.027236127774847,3952,FALSE
Pv2.1_03_33384221_C/T,Chr03,33384221,0.027235796135872,3953,FALSE
Pv2.1_08_62899713_G/T,Chr08,62899713,0.0272356287152653,3954,FALSE
Pv2.1_07_8496926_A/G,Chr07,8496926,0.0272347555034052,3955,FALSE
Pv2.1_04_547377_C/T,Chr04,547377,0.0272344242846536,3956,FALSE
Pv2.1_06_20377417_G/A,Chr06,20377417,0.0272342971670434,3957,FALSE
Pv2.1_02_44970458_T/A,Chr02,44970458,0.0272336146382775,3958,FALSE
Pv2.1_02_47498499_G/C,Chr02,47498499,0.0272329147269437,3959,FALSE
Pv2.1_08_58129429_G/T,Chr08,58129429,0.027232227461266,3960,FALSE
Pv2.1_06_8347904_C/T,Chr06,8347904,0.0272321149140842,3961,FALSE
Pv2.1_09_37546952_C/CT,Chr09,37546952,0.0272286686170831,3962,FALSE
Pv2.1_06_2041848_A/T,Chr06,2041848,0.027225260175701,3963,FALSE
Pv2.1_03_40366597_T/C,Chr03,40366597,0.0272226130277589,3964,FALSE
Pv2.1_06_4476315_G/C,Chr06,4476315,0.0272210771236461,3965,FALSE
Pv2.1_11_44409920_T/C,Chr11,44409920,0.0272202807105031,3966,FALSE
Pv2.1_11_990206_A/G,Chr11,990206,0.0272198749205543,3967,FALSE
Pv2.1_11_50066851_G/A,Chr11,50066851,0.027219594296152,3968,FALSE
Pv2.1_11_1381993_T/G,Chr11,1381993,0.0272129974274895,3969,FALSE
Pv2.1_10_43597215_T/G,Chr10,43597215,0.0272119553327421,3970,FALSE
Pv2.1_08_52131355_C/G,Chr08,52131355,0.0272118712493201,3971,FALSE
Pv2.1_01_3723813_C/T,Chr01,3723813,0.0272101106247749,3972,FALSE
Pv2.1_07_37015562_C/T,Chr07,37015562,0.0272049640387317,3973,FALSE
Pv2.1_09_37663231_A/G,Chr09,37663231,0.0272022627698716,3974,FALSE
Pv2.1_09_37663242_C/A,Chr09,37663242,0.0272022627698716,3975,FALSE
Pv2.1_04_47248921_T/C,Chr04,47248921,0.0272013433114697,3976,FALSE
Pv2.1_09_12172325_A/T,Chr09,12172325,0.0271970603785299,3977,FALSE
Pv2.1_08_53390778_T/A,Chr08,53390778,0.0271968444254385,3978,FALSE
Pv2.1_07_9785037_G/A,Chr07,9785037,0.0271883481719342,3979,FALSE
Pv2.1_06_4126134_G/A,Chr06,4126134,0.0271873515808827,3980,FALSE
Pv2.1_11_53000861_A/G,Chr11,53000861,0.0271859361988382,3981,FALSE
Pv2.1_08_5435026_G/T,Chr08,5435026,0.0271843425531877,3982,FALSE
Pv2.1_05_739718_A/C,Chr05,739718,0.0271819553665429,3983,FALSE
Pv2.1_02_34832284_A/T,Chr02,34832284,0.0271768921442592,3984,FALSE
Pv2.1_07_21217783_A/G,Chr07,21217783,0.027176518499807,3985,FALSE
Pv2.1_07_594329_A/G,Chr07,594329,0.0271760342131189,3986,FALSE
Pv2.1_08_8456016_C/T,Chr08,8456016,0.027172028821028,3987,FALSE
Pv2.1_08_53260836_C/G,Chr08,53260836,0.0271710698980923,3988,FALSE
Pv2.1_08_19367690_T/C,Chr08,19367690,0.0271680772182208,3989,FALSE
Pv2.1_11_52318003_T/C,Chr11,52318003,0.0271656213942686,3990,FALSE
Pv2.1_06_18086489_A/G,Chr06,18086489,0.0271645246799688,3991,FALSE
Pv2.1_01_3365671_A/C,Chr01,3365671,0.0271623318272654,3992,FALSE
Pv2.1_09_35743339_G/A,Chr09,35743339,0.0271622584869213,3993,FALSE
Pv2.1_06_19629401_G/T,Chr06,19629401,0.0271591330656005,3994,FALSE
Pv2.1_06_20165255_T/A,Chr06,20165255,0.0271588571027741,3995,FALSE
Pv2.1_02_23133217_A/G,Chr02,23133217,0.0271527224314809,3996,FALSE
Pv2.1_02_33535628_G/A,Chr02,33535628,0.0271510452359505,3997,FALSE
Pv2.1_02_33535629_C/A,Chr02,33535629,0.0271510452359505,3998,FALSE
Pv2.1_08_6315640_G/A,Chr08,6315640,0.0271498503281817,3999,FALSE
Pv2.1_04_2030555_A/G,Chr04,2030555,0.027143677132309,4000,FALSE
Pv2.1_05_9400534_C/A,Chr05,9400534,0.0271403234259253,4001,FALSE
Pv2.1_01_46498330_T/G,Chr01,46498330,0.0271361452348287,4002,FALSE
Pv2.1_11_50574195_G/A,Chr11,50574195,0.0271303672612389,4003,FALSE
Pv2.1_04_47055225_A/C,Chr04,47055225,0.0271290872432886,4004,FALSE
Pv2.1_02_28037789_A/G,Chr02,28037789,0.0271286138407292,4005,FALSE
Pv2.1_03_40784412_G/A,Chr03,40784412,0.0271257095041637,4006,FALSE
Pv2.1_03_45906_C/T,Chr03,45906,0.0271250347205156,4007,FALSE
Pv2.1_06_16512092_A/AC,Chr06,16512092,0.0271241149320356,4008,FALSE
Pv2.1_08_26940183_A/T,Chr08,26940183,0.027123739320341,4009,FALSE
Pv2.1_08_62863891_A/G,Chr08,62863891,0.0271191048413639,4010,FALSE
Pv2.1_03_32241300_G/A,Chr03,32241300,0.0271188189927107,4011,FALSE
Pv2.1_11_2269987_C/T,Chr11,2269987,0.0271184385715011,4012,FALSE
Pv2.1_05_39470840_C/T,Chr05,39470840,0.0271167264485865,4013,FALSE
Pv2.1_07_21688450_G/A,Chr07,21688450,0.0271114654139391,4014,FALSE
Pv2.1_11_1285742_T/G,Chr11,1285742,0.0271113738059299,4015,FALSE
Pv2.1_09_36967199_G/C,Chr09,36967199,0.0271110656918099,4016,FALSE
Pv2.1_06_6730309_C/A,Chr06,6730309,0.0271095384618461,4017,FALSE
Pv2.1_08_1817331_T/G,Chr08,1817331,0.0271077828468402,4018,FALSE
Pv2.1_03_36774136_G/A,Chr03,36774136,0.0271035278323675,4019,FALSE
Pv2.1_07_1312422_A/G,Chr07,1312422,0.0271018076095713,4020,FALSE
Pv2.1_09_35630823_A/G,Chr09,35630823,0.027089811048866,4021,FALSE
Pv2.1_09_37662990_A/T,Chr09,37662990,0.0270895616193663,4022,FALSE
Pv2.1_04_45501783_C/G,Chr04,45501783,0.0270889024215926,4023,FALSE
Pv2.1_05_39562662_G/A,Chr05,39562662,0.0270871460881983,4024,FALSE
Pv2.1_09_36899422_G/A,Chr09,36899422,0.0270862588731062,4025,FALSE
Pv2.1_01_3494385_A/T,Chr01,3494385,0.0270848302553515,4026,FALSE
Pv2.1_03_2631624_T/C,Chr03,2631624,0.0270827877575441,4027,FALSE
Pv2.1_01_2485268_A/G,Chr01,2485268,0.0270811775677511,4028,FALSE
Pv2.1_01_2781264_A/T,Chr01,2781264,0.0270781696226674,4029,FALSE
Pv2.1_06_18558751_C/T,Chr06,18558751,0.0270757628032357,4030,FALSE
Pv2.1_09_37826369_A/C,Chr09,37826369,0.0270671845773482,4031,FALSE
Pv2.1_07_1232050_C/T,Chr07,1232050,0.0270671018102604,4032,FALSE
Pv2.1_06_19335009_A/C,Chr06,19335009,0.0270655410677598,4033,FALSE
Pv2.1_11_51692414_T/C,Chr11,51692414,0.0270645755930445,4034,FALSE
Pv2.1_08_35342587_A/T,Chr08,35342587,0.0270644126395951,4035,FALSE
Pv2.1_02_48682281_T/C,Chr02,48682281,0.027062903665473,4036,FALSE
Pv2.1_08_53222974_T/C,Chr08,53222974,0.0270625502082318,4037,FALSE
Pv2.1_05_37381604_T/A,Chr05,37381604,0.0270623676052892,4038,FALSE
Pv2.1_11_51757669_T/G,Chr11,51757669,0.0270604878541469,4039,FALSE
Pv2.1_11_51757676_A/G,Chr11,51757676,0.0270604878541469,4040,FALSE
Pv2.1_11_51321289_T/C,Chr11,51321289,0.0270597570262043,4041,FALSE
Pv2.1_09_37799859_G/T,Chr09,37799859,0.0270550426965897,4042,FALSE
Pv2.1_10_37942189_A/G,Chr10,37942189,0.0270525680482883,4043,FALSE
Pv2.1_11_2715045_C/T,Chr11,2715045,0.0270498969602375,4044,FALSE
Pv2.1_07_4116527_G/A,Chr07,4116527,0.0270497482834404,4045,FALSE
Pv2.1_03_45039763_C/T,Chr03,45039763,0.0270493911036875,4046,FALSE
Pv2.1_10_24039083_C/G,Chr10,24039083,0.0270473010038579,4047,FALSE
Pv2.1_03_51849370_C/T,Chr03,51849370,0.027042238549194,4048,FALSE
Pv2.1_01_45464124_C/G,Chr01,45464124,0.0270407917220537,4049,FALSE
Pv2.1_04_5395401_G/A,Chr04,5395401,0.0270396920552631,4050,FALSE
Pv2.1_05_37594239_A/C,Chr05,37594239,0.0270394034559578,4051,FALSE
Pv2.1_03_10888291_T/C,Chr03,10888291,0.0270391397357059,4052,FALSE
Pv2.1_05_296937_T/A,Chr05,296937,0.0270381420706625,4053,FALSE
Pv2.1_01_4084849_G/A,Chr01,4084849,0.0270379057460044,4054,FALSE
Pv2.1_01_2902027_T/TA,Chr01,2902027,0.0270358678378759,4055,FALSE
Pv2.1_10_2968032_A/C,Chr10,2968032,0.0270358276000766,4056,FALSE
Pv2.1_06_29294313_A/T,Chr06,29294313,0.0270342426159447,4057,FALSE
Pv2.1_08_5441047_G/C,Chr08,5441047,0.0270330678070541,4058,FALSE
Pv2.1_09_37546990_A/ACT,Chr09,37546990,0.0270304510861767,4059,FALSE
Pv2.1_08_23156196_G/A,Chr08,23156196,0.0270245391381172,4060,FALSE
Pv2.1_07_39361001_G/A,Chr07,39361001,0.0270242094822533,4061,FALSE
Pv2.1_07_39361001_G/C,Chr07,39361001,0.0270242094822533,4062,FALSE
Pv2.1_04_46127111_G/A,Chr04,46127111,0.0270240946626994,4063,FALSE
Pv2.1_08_14351389_A/C,Chr08,14351389,0.0270238625992789,4064,FALSE
Pv2.1_07_10883760_G/A,Chr07,10883760,0.0270231403449777,4065,FALSE
Pv2.1_11_1706224_T/C,Chr11,1706224,0.0270177671856713,4066,FALSE
Pv2.1_08_8156504_A/G,Chr08,8156504,0.0270126456764932,4067,FALSE
Pv2.1_07_28532637_T/C,Chr07,28532637,0.0270068953150702,4068,FALSE
Pv2.1_01_2485610_T/A,Chr01,2485610,0.0270059150540258,4069,FALSE
Pv2.1_10_42115576_G/A,Chr10,42115576,0.0270054723309152,4070,FALSE
Pv2.1_01_3737813_G/GA,Chr01,3737813,0.0269924104489947,4071,FALSE
Pv2.1_11_2086640_C/A,Chr11,2086640,0.0269891167120737,4072,FALSE
Pv2.1_08_62711462_G/C,Chr08,62711462,0.026985888479417,4073,FALSE
Pv2.1_08_62711513_T/A,Chr08,62711513,0.026985888479417,4074,FALSE
Pv2.1_06_22024007_T/C,Chr06,22024007,0.0269829584866099,4075,FALSE
Pv2.1_06_21823120_G/A,Chr06,21823120,0.0269828469238949,4076,FALSE
Pv2.1_06_20760677_G/T,Chr06,20760677,0.0269768880139654,4077,FALSE
Pv2.1_11_3044175_C/T,Chr11,3044175,0.0269706876389835,4078,FALSE
Pv2.1_08_5097675_T/TA,Chr08,5097675,0.0269681356416536,4079,FALSE
Pv2.1_06_20381347_T/C,Chr06,20381347,0.0269675347117526,4080,FALSE
Pv2.1_08_62588876_T/C,Chr08,62588876,0.0269673220166649,4081,FALSE
Pv2.1_02_28629788_G/A,Chr02,28629788,0.0269641368089184,4082,FALSE
Pv2.1_09_37510515_A/C,Chr09,37510515,0.0269579020960755,4083,FALSE
Pv2.1_01_2311027_A/C,Chr01,2311027,0.0269566490472939,4084,FALSE
Pv2.1_08_9714568_C/T,Chr08,9714568,0.0269484428156184,4085,FALSE
Pv2.1_10_43902383_T/G,Chr10,43902383,0.0269471318321188,4086,FALSE
Pv2.1_03_36438808_C/G,Chr03,36438808,0.0269470367409705,4087,FALSE
Pv2.1_11_52984452_A/C,Chr11,52984452,0.0269466791093982,4088,FALSE
Pv2.1_09_36843819_T/TC,Chr09,36843819,0.0269462796350441,4089,FALSE
Pv2.1_08_62552973_A/T,Chr08,62552973,0.0269461295128832,4090,FALSE
Pv2.1_01_51172479_AT/A,Chr01,51172479,0.0269443306190698,4091,FALSE
Pv2.1_06_21614119_A/G,Chr06,21614119,0.0269431285160442,4092,FALSE
Pv2.1_03_1269394_A/T,Chr03,1269394,0.0269389767201882,4093,FALSE
Pv2.1_07_4859741_A/G,Chr07,4859741,0.0269369271759605,4094,FALSE
Pv2.1_02_31525659_T/A,Chr02,31525659,0.0269365941026281,4095,FALSE
Pv2.1_09_36935704_G/T,Chr09,36935704,0.0269361287296244,4096,FALSE
Pv2.1_01_49418619_G/A,Chr01,49418619,0.0269268475676228,4097,FALSE
Pv2.1_04_120036_G/T,Chr04,120036,0.0269256347083413,4098,FALSE
Pv2.1_07_23843179_A/T,Chr07,23843179,0.026923948723069,4099,FALSE
Pv2.1_09_37879204_A/AC,Chr09,37879204,0.0269205601313578,4100,FALSE
Pv2.1_08_53222973_C/T,Chr08,53222973,0.0269180360930776,4101,FALSE
Pv2.1_08_9861342_T/C,Chr08,9861342,0.0269154064198625,4102,FALSE
Pv2.1_11_51713937_T/A,Chr11,51713937,0.0269142447114144,4103,FALSE
Pv2.1_02_27727002_C/T,Chr02,27727002,0.0269114065655192,4104,FALSE
Pv2.1_03_12261097_G/A,Chr03,12261097,0.0269112662893773,4105,FALSE
Pv2.1_02_585569_G/A,Chr02,585569,0.0269064704020199,4106,FALSE
Pv2.1_02_22754020_G/A,Chr02,22754020,0.0269062002648455,4107,FALSE
Pv2.1_02_27943161_C/T,Chr02,27943161,0.0269034007439286,4108,FALSE
Pv2.1_08_9395705_A/T,Chr08,9395705,0.0269019636029899,4109,FALSE
Pv2.1_06_21206708_A/G,Chr06,21206708,0.0268990182186859,4110,FALSE
Pv2.1_02_24259556_G/A,Chr02,24259556,0.0268982460998402,4111,FALSE
Pv2.1_02_37577805_T/G,Chr02,37577805,0.0268974071580317,4112,FALSE
Pv2.1_02_38488361_A/T,Chr02,38488361,0.0268956859184297,4113,FALSE
Pv2.1_10_42551851_G/A,Chr10,42551851,0.0268915812530066,4114,FALSE
Pv2.1_07_1620908_C/G,Chr07,1620908,0.0268860484392679,4115,FALSE
Pv2.1_05_9252187_T/TACAG,Chr05,9252187,0.0268842123228947,4116,FALSE
Pv2.1_07_23019525_G/A,Chr07,23019525,0.0268829820777339,4117,FALSE
Pv2.1_07_35841161_C/A,Chr07,35841161,0.0268813925412905,4118,FALSE
Pv2.1_02_35831950_ATTG/A,Chr02,35831950,0.0268803631425034,4119,FALSE
Pv2.1_02_35831952_TGTA/T,Chr02,35831952,0.0268803631425034,4120,FALSE
Pv2.1_06_20208341_G/T,Chr06,20208341,0.0268776635608039,4121,FALSE
Pv2.1_09_10497049_T/TTCA,Chr09,10497049,0.026876465011461,4122,FALSE
Pv2.1_09_612946_A/C,Chr09,612946,0.0268735880032107,4123,FALSE
Pv2.1_11_1248874_T/A,Chr11,1248874,0.0268732953109168,4124,FALSE
Pv2.1_02_34635691_C/T,Chr02,34635691,0.026870795635904,4125,FALSE
Pv2.1_08_62950744_G/T,Chr08,62950744,0.0268677025447137,4126,FALSE
Pv2.1_11_1322979_C/A,Chr11,1322979,0.0268639833205113,4127,FALSE
Pv2.1_11_3582543_G/C,Chr11,3582543,0.026862193142295,4128,FALSE
Pv2.1_09_36698329_G/T,Chr09,36698329,0.0268607533396432,4129,FALSE
Pv2.1_10_42495510_G/A,Chr10,42495510,0.0268571570330201,4130,FALSE
Pv2.1_11_1706170_C/T,Chr11,1706170,0.0268563651945111,4131,FALSE
Pv2.1_07_180141_A/C,Chr07,180141,0.0268557468948307,4132,FALSE
Pv2.1_03_7908214_T/G,Chr03,7908214,0.0268543812499917,4133,FALSE
Pv2.1_08_58129431_G/T,Chr08,58129431,0.0268537815874246,4134,FALSE
Pv2.1_08_58129442_T/A,Chr08,58129442,0.0268537815874246,4135,FALSE
Pv2.1_07_217454_C/G,Chr07,217454,0.0268532924524454,4136,FALSE
Pv2.1_06_21888203_G/A,Chr06,21888203,0.0268495284816366,4137,FALSE
Pv2.1_03_34376850_G/A,Chr03,34376850,0.0268485186248602,4138,FALSE
Pv2.1_07_37288861_G/A,Chr07,37288861,0.0268482460110957,4139,FALSE
Pv2.1_01_40706125_A/T,Chr01,40706125,0.0268478362567457,4140,FALSE
Pv2.1_08_62869022_C/T,Chr08,62869022,0.0268459950661031,4141,FALSE
Pv2.1_11_52545333_T/A,Chr11,52545333,0.0268454394068614,4142,FALSE
Pv2.1_07_9651601_C/A,Chr07,9651601,0.0268408283708488,4143,FALSE
Pv2.1_05_2806301_T/C,Chr05,2806301,0.0268372291537609,4144,FALSE
Pv2.1_09_38118772_C/G,Chr09,38118772,0.0268352006228878,4145,FALSE
Pv2.1_07_8456578_C/G,Chr07,8456578,0.0268345553325133,4146,FALSE
Pv2.1_08_40196029_A/T,Chr08,40196029,0.0268327329163998,4147,FALSE
Pv2.1_09_24299400_A/G,Chr09,24299400,0.0268303419890241,4148,FALSE
Pv2.1_10_37189699_G/A,Chr10,37189699,0.0268275078343359,4149,FALSE
Pv2.1_05_1961428_C/A,Chr05,1961428,0.026825602407996,4150,FALSE
Pv2.1_04_46719221_C/A,Chr04,46719221,0.026823194516111,4151,FALSE
Pv2.1_04_46719221_C/G,Chr04,46719221,0.026823194516111,4152,FALSE
Pv2.1_06_19661268_A/TT,Chr06,19661268,0.0268228820681191,4153,FALSE
Pv2.1_07_5387112_T/A,Chr07,5387112,0.0268207788241517,4154,FALSE
Pv2.1_07_8054697_T/A,Chr07,8054697,0.0268184859594043,4155,FALSE
Pv2.1_01_4952318_A/T,Chr01,4952318,0.0268184120181676,4156,FALSE
Pv2.1_11_3515650_A/G,Chr11,3515650,0.0268173315077771,4157,FALSE
Pv2.1_08_24415399_G/C,Chr08,24415399,0.0268163359968101,4158,FALSE
Pv2.1_04_432853_T/C,Chr04,432853,0.0268162690526506,4159,FALSE
Pv2.1_11_2274511_G/T,Chr11,2274511,0.0268154921707922,4160,FALSE
Pv2.1_11_771070_T/G,Chr11,771070,0.0268152424698611,4161,FALSE
Pv2.1_02_44922072_CAT/C,Chr02,44922072,0.0268121856551686,4162,FALSE
Pv2.1_04_44825791_C/T,Chr04,44825791,0.0268115793720884,4163,FALSE
Pv2.1_07_8673097_C/T,Chr07,8673097,0.026810929462854,4164,FALSE
Pv2.1_05_2232603_C/T,Chr05,2232603,0.0268095281650771,4165,FALSE
Pv2.1_05_11368089_A/T,Chr05,11368089,0.0268079299856101,4166,FALSE
Pv2.1_07_9685212_G/C,Chr07,9685212,0.0268068524067533,4167,FALSE
Pv2.1_06_20303346_G/A,Chr06,20303346,0.0268047330644254,4168,FALSE
Pv2.1_03_430695_T/A,Chr03,430695,0.0268044666612566,4169,FALSE
Pv2.1_08_62139973_G/A,Chr08,62139973,0.0268018103757752,4170,FALSE
Pv2.1_11_2713400_AAGTAG/GTATAC,Chr11,2713400,0.0267990489919239,4171,FALSE
Pv2.1_08_3231652_G/T,Chr08,3231652,0.0267958584802748,4172,FALSE
Pv2.1_08_3231720_T/G,Chr08,3231720,0.0267958584802748,4173,FALSE
Pv2.1_03_44694260_G/A,Chr03,44694260,0.0267942668931163,4174,FALSE
Pv2.1_06_20360964_G/A,Chr06,20360964,0.0267940257744526,4175,FALSE
Pv2.1_09_13687701_T/A,Chr09,13687701,0.0267932430826061,4176,FALSE
Pv2.1_02_23288558_T/A,Chr02,23288558,0.0267905432189801,4177,FALSE
Pv2.1_03_979882_T/G,Chr03,979882,0.0267889386125191,4178,FALSE
Pv2.1_06_26488627_C/A,Chr06,26488627,0.0267887309214689,4179,FALSE
Pv2.1_07_8054700_A/T,Chr07,8054700,0.0267880351374004,4180,FALSE
Pv2.1_05_3754226_C/T,Chr05,3754226,0.026786610626869,4181,FALSE
Pv2.1_09_36936220_T/G,Chr09,36936220,0.0267862187001429,4182,FALSE
Pv2.1_09_33778690_G/A,Chr09,33778690,0.0267846420994684,4183,FALSE
Pv2.1_02_33694566_T/A,Chr02,33694566,0.0267833589229345,4184,FALSE
Pv2.1_06_20660730_G/GT,Chr06,20660730,0.0267821739334369,4185,FALSE
Pv2.1_08_5697175_G/T,Chr08,5697175,0.0267792905373332,4186,FALSE
Pv2.1_04_11379818_A/T,Chr04,11379818,0.0267754666924707,4187,FALSE
Pv2.1_04_286440_C/T,Chr04,286440,0.0267752915337987,4188,FALSE
Pv2.1_04_1672570_T/C,Chr04,1672570,0.0267746499093873,4189,FALSE
Pv2.1_04_1903244_A/G,Chr04,1903244,0.0267738348561575,4190,FALSE
Pv2.1_09_37257817_A/G,Chr09,37257817,0.0267721312979292,4191,FALSE
Pv2.1_02_35409619_A/T,Chr02,35409619,0.0267684363191716,4192,FALSE
Pv2.1_10_29766207_A/G,Chr10,29766207,0.026765757601467,4193,FALSE
Pv2.1_10_29766207_A/T,Chr10,29766207,0.0267657576014666,4194,FALSE
Pv2.1_02_45657363_A/G,Chr02,45657363,0.0267648426574443,4195,FALSE
Pv2.1_07_39361092_G/A,Chr07,39361092,0.0267645765224835,4196,FALSE
Pv2.1_04_47262288_A/T,Chr04,47262288,0.0267644240707132,4197,FALSE
Pv2.1_02_24402426_G/A,Chr02,24402426,0.0267607334868094,4198,FALSE
Pv2.1_08_57822645_G/C,Chr08,57822645,0.0267601640656641,4199,FALSE
Pv2.1_08_62936074_G/A,Chr08,62936074,0.0267593136589861,4200,FALSE
Pv2.1_02_27981403_T/C,Chr02,27981403,0.0267584386768474,4201,FALSE
Pv2.1_08_62046644_G/A,Chr08,62046644,0.0267583718433402,4202,FALSE
Pv2.1_07_8870187_T/A,Chr07,8870187,0.0267560335103503,4203,FALSE
Pv2.1_10_6657704_C/A,Chr10,6657704,0.0267464493161933,4204,FALSE
Pv2.1_06_22856508_T/A,Chr06,22856508,0.0267457580502182,4205,FALSE
Pv2.1_07_7798421_C/T,Chr07,7798421,0.0267452357089355,4206,FALSE
Pv2.1_09_36050245_G/A,Chr09,36050245,0.0267447954079811,4207,FALSE
Pv2.1_08_19215733_T/A,Chr08,19215733,0.02674092491596,4208,FALSE
Pv2.1_06_4477535_C/A,Chr06,4477535,0.0267403450232981,4209,FALSE
Pv2.1_08_53326247_A/T,Chr08,53326247,0.0267394562445431,4210,FALSE
Pv2.1_04_1593324_C/A,Chr04,1593324,0.0267343970267837,4211,FALSE
Pv2.1_08_7910267_G/A,Chr08,7910267,0.0267269491941464,4212,FALSE
Pv2.1_06_22848864_A/ATGTT,Chr06,22848864,0.0267269279067315,4213,FALSE
Pv2.1_11_4652202_C/G,Chr11,4652202,0.0267262670249875,4214,FALSE
Pv2.1_02_27701263_C/T,Chr02,27701263,0.0267246304413309,4215,FALSE
Pv2.1_06_18210735_C/T,Chr06,18210735,0.0267203567202343,4216,FALSE
Pv2.1_07_10184567_T/A,Chr07,10184567,0.0267174963735246,4217,FALSE
Pv2.1_07_102786_A/G,Chr07,102786,0.026714814046882,4218,FALSE
Pv2.1_11_3221118_T/A,Chr11,3221118,0.0267131858211478,4219,FALSE
Pv2.1_07_4089233_T/A,Chr07,4089233,0.0267110086664291,4220,FALSE
Pv2.1_08_62863919_T/A,Chr08,62863919,0.0267094306764908,4221,FALSE
Pv2.1_07_10207678_T/C,Chr07,10207678,0.0267032136844336,4222,FALSE
Pv2.1_05_38862081_T/G,Chr05,38862081,0.0267015898778791,4223,FALSE
Pv2.1_10_3050708_T/C,Chr10,3050708,0.0266986951634785,4224,FALSE
Pv2.1_11_50066878_G/A,Chr11,50066878,0.026698567175893,4225,FALSE
Pv2.1_11_50066881_T/G,Chr11,50066881,0.0266985671758926,4226,FALSE
Pv2.1_04_28143741_CTT/C,Chr04,28143741,0.0266984589572914,4227,FALSE
Pv2.1_03_115331_A/G,Chr03,115331,0.0266956722012308,4228,FALSE
Pv2.1_03_115333_A/T,Chr03,115333,0.0266956722012308,4229,FALSE
Pv2.1_08_58129424_A/T,Chr08,58129424,0.0266950583505041,4230,FALSE
Pv2.1_10_37211750_G/A,Chr10,37211750,0.0266948684467336,4231,FALSE
Pv2.1_06_12738228_C/T,Chr06,12738228,0.0266908304562383,4232,FALSE
Pv2.1_06_19331694_G/T,Chr06,19331694,0.0266894411709053,4233,FALSE
Pv2.1_10_42550813_G/T,Chr10,42550813,0.0266881307160465,4234,FALSE
Pv2.1_08_52704390_C/T,Chr08,52704390,0.0266876475021753,4235,FALSE
Pv2.1_05_38892567_C/A,Chr05,38892567,0.0266867910744359,4236,FALSE
Pv2.1_04_1593169_A/T,Chr04,1593169,0.0266832133652857,4237,FALSE
Pv2.1_06_20030760_T/A,Chr06,20030760,0.0266824406731616,4238,FALSE
Pv2.1_11_939459_A/G,Chr11,939459,0.0266823989057876,4239,FALSE
Pv2.1_03_51917265_G/T,Chr03,51917265,0.0266822835032161,4240,FALSE
Pv2.1_06_12424097_A/C,Chr06,12424097,0.0266800144616521,4241,FALSE
Pv2.1_08_502286_T/G,Chr08,502286,0.0266783269199125,4242,FALSE
Pv2.1_02_40106863_A/T,Chr02,40106863,0.0266697169543666,4243,FALSE
Pv2.1_10_6165332_G/C,Chr10,6165332,0.0266672937366428,4244,FALSE
Pv2.1_11_2269792_T/C,Chr11,2269792,0.0266649338600677,4245,FALSE
Pv2.1_07_39801825_G/A,Chr07,39801825,0.0266648740140831,4246,FALSE
Pv2.1_03_1269409_T/G,Chr03,1269409,0.0266641471348734,4247,FALSE
Pv2.1_09_36725368_A/G,Chr09,36725368,0.0266602831034501,4248,FALSE
Pv2.1_04_7281637_C/T,Chr04,7281637,0.0266546024775369,4249,FALSE
Pv2.1_07_6950738_G/C,Chr07,6950738,0.0266536005918514,4250,FALSE
Pv2.1_07_6950740_A/G,Chr07,6950740,0.0266536005918514,4251,FALSE
Pv2.1_07_6950743_G/A,Chr07,6950743,0.0266536005918514,4252,FALSE
Pv2.1_09_381382_C/T,Chr09,381382,0.026652425117109,4253,FALSE
Pv2.1_07_28968582_T/C,Chr07,28968582,0.0266491558746429,4254,FALSE
Pv2.1_11_3949979_A/T,Chr11,3949979,0.0266442611885047,4255,FALSE
Pv2.1_08_62786750_G/T,Chr08,62786750,0.0266440040831175,4256,FALSE
Pv2.1_08_62786755_A/G,Chr08,62786755,0.0266440040831175,4257,FALSE
Pv2.1_08_3258880_G/A,Chr08,3258880,0.0266399654499616,4258,FALSE
Pv2.1_08_3258882_A/C,Chr08,3258882,0.0266399654499616,4259,FALSE
Pv2.1_11_52974138_A/T,Chr11,52974138,0.0266388168677572,4260,FALSE
Pv2.1_05_39164041_A/T,Chr05,39164041,0.0266382336289102,4261,FALSE
Pv2.1_11_2741709_A/G,Chr11,2741709,0.0266381141175391,4262,FALSE
Pv2.1_06_20985894_G/A,Chr06,20985894,0.0266379843048168,4263,FALSE
Pv2.1_02_33432574_C/T,Chr02,33432574,0.0266368987797465,4264,FALSE
Pv2.1_05_38527088_C/T,Chr05,38527088,0.0266339304097576,4265,FALSE
Pv2.1_01_4953570_C/G,Chr01,4953570,0.0266315861374471,4266,FALSE
Pv2.1_11_1524784_G/A,Chr11,1524784,0.0266286273141558,4267,FALSE
Pv2.1_07_2698011_T/C,Chr07,2698011,0.0266275164565921,4268,FALSE
Pv2.1_06_13831901_A/T,Chr06,13831901,0.0266186163327631,4269,FALSE
Pv2.1_11_3806092_C/T,Chr11,3806092,0.026614718484014,4270,FALSE
Pv2.1_04_448921_C/T,Chr04,448921,0.0266135748165333,4271,FALSE
Pv2.1_11_1248848_T/C,Chr11,1248848,0.0266123261626188,4272,FALSE
Pv2.1_08_62788348_G/A,Chr08,62788348,0.0266117661129606,4273,FALSE
Pv2.1_01_13154787_G/T,Chr01,13154787,0.0266095078729109,4274,FALSE
Pv2.1_02_29140681_C/T,Chr02,29140681,0.0266038263313684,4275,FALSE
Pv2.1_06_13014858_C/T,Chr06,13014858,0.0266034326544293,4276,FALSE
Pv2.1_11_28229547_C/T,Chr11,28229547,0.0265994524404558,4277,FALSE
Pv2.1_08_59148308_T/A,Chr08,59148308,0.0265994465067294,4278,FALSE
Pv2.1_06_19002812_G/A,Chr06,19002812,0.0265977014674603,4279,FALSE
Pv2.1_09_36711810_G/A,Chr09,36711810,0.0265965110760553,4280,FALSE
Pv2.1_09_36670592_G/T,Chr09,36670592,0.0265932649112313,4281,FALSE
Pv2.1_09_36670615_C/G,Chr09,36670615,0.0265932649112313,4282,FALSE
Pv2.1_03_2504314_G/A,Chr03,2504314,0.0265907546351096,4283,FALSE
Pv2.1_03_45752917_C/T,Chr03,45752917,0.0265901852836707,4284,FALSE
Pv2.1_08_62139096_C/G,Chr08,62139096,0.0265889293415555,4285,FALSE
Pv2.1_05_4550963_G/A,Chr05,4550963,0.0265863552234058,4286,FALSE
Pv2.1_03_8650340_C/T,Chr03,8650340,0.0265816113173081,4287,FALSE
Pv2.1_05_4508056_A/T,Chr05,4508056,0.0265815085378853,4288,FALSE
Pv2.1_06_26224527_C/T,Chr06,26224527,0.0265811976761539,4289,FALSE
Pv2.1_09_37825150_C/G,Chr09,37825150,0.0265798838089375,4290,FALSE
Pv2.1_06_20904515_AT/A,Chr06,20904515,0.0265777746714404,4291,FALSE
Pv2.1_02_45718952_T/C,Chr02,45718952,0.0265774566000525,4292,FALSE
Pv2.1_11_1066142_T/G,Chr11,1066142,0.0265768634437449,4293,FALSE
Pv2.1_04_1588984_T/A,Chr04,1588984,0.0265743700807759,4294,FALSE
Pv2.1_08_7435364_C/G,Chr08,7435364,0.0265743515122061,4295,FALSE
Pv2.1_10_42111390_A/G,Chr10,42111390,0.0265728169985646,4296,FALSE
Pv2.1_08_3706315_A/C,Chr08,3706315,0.0265713316035843,4297,FALSE
Pv2.1_10_42222453_T/C,Chr10,42222453,0.0265702250632787,4298,FALSE
Pv2.1_03_12570599_G/A,Chr03,12570599,0.0265696208345445,4299,FALSE
Pv2.1_05_3643579_A/T,Chr05,3643579,0.0265607522033351,4300,FALSE
Pv2.1_06_4431538_C/T,Chr06,4431538,0.0265599588404419,4301,FALSE
Pv2.1_08_59857774_C/T,Chr08,59857774,0.0265589436383809,4302,FALSE
Pv2.1_01_6195989_T/A,Chr01,6195989,0.0265582591510753,4303,FALSE
Pv2.1_03_9319138_A/G,Chr03,9319138,0.0265555253791892,4304,FALSE
Pv2.1_03_984105_G/T,Chr03,984105,0.0265551477541219,4305,FALSE
Pv2.1_09_37560347_C/T,Chr09,37560347,0.0265520247446895,4306,FALSE
Pv2.1_06_26569089_A/G,Chr06,26569089,0.0265483114320277,4307,FALSE
Pv2.1_06_26569129_T/A,Chr06,26569129,0.0265483114320277,4308,FALSE
Pv2.1_09_36684701_G/A,Chr09,36684701,0.0265445993184583,4309,FALSE
Pv2.1_08_5429950_CA/C,Chr08,5429950,0.0265439736461035,4310,FALSE
Pv2.1_05_116367_A/C,Chr05,116367,0.0265402924102971,4311,FALSE
Pv2.1_05_739663_C/G,Chr05,739663,0.0265371802646794,4312,FALSE
Pv2.1_05_38289932_A/G,Chr05,38289932,0.0265365640071229,4313,FALSE
Pv2.1_08_62082085_T/A,Chr08,62082085,0.0265359708103241,4314,FALSE
Pv2.1_11_3567051_A/T,Chr11,3567051,0.0265342313001282,4315,FALSE
Pv2.1_09_11400890_C/T,Chr09,11400890,0.0265329857914138,4316,FALSE
Pv2.1_11_3778674_G/C,Chr11,3778674,0.0265317167738637,4317,FALSE
Pv2.1_11_3778687_T/G,Chr11,3778687,0.0265317167738637,4318,FALSE
Pv2.1_04_5494500_G/A,Chr04,5494500,0.0265269878981873,4319,FALSE
Pv2.1_02_31406616_G/C,Chr02,31406616,0.026526602983119,4320,FALSE
Pv2.1_02_518649_T/C,Chr02,518649,0.02652194869294,4321,FALSE
Pv2.1_08_58991678_G/A,Chr08,58991678,0.026518993082616,4322,FALSE
Pv2.1_06_19334906_G/GAGAAGC,Chr06,19334906,0.0265181538732815,4323,FALSE
Pv2.1_03_36335789_C/G,Chr03,36335789,0.02651562332071,4324,FALSE
Pv2.1_11_996706_G/A,Chr11,996706,0.0265142400571374,4325,FALSE
Pv2.1_07_8457216_G/C,Chr07,8457216,0.0265099572314673,4326,FALSE
Pv2.1_06_22023974_A/G,Chr06,22023974,0.0265082588767864,4327,FALSE
Pv2.1_11_49375888_A/G,Chr11,49375888,0.0265050704159107,4328,FALSE
Pv2.1_08_24833300_T/C,Chr08,24833300,0.0265030026910473,4329,FALSE
Pv2.1_06_4868966_T/A,Chr06,4868966,0.0265019671089499,4330,FALSE
Pv2.1_04_2182046_G/C,Chr04,2182046,0.0264971907428864,4331,FALSE
Pv2.1_04_2182049_T/A,Chr04,2182049,0.0264971907428864,4332,FALSE
Pv2.1_02_1895484_T/A,Chr02,1895484,0.0264971849083526,4333,FALSE
Pv2.1_02_7601387_G/T,Chr02,7601387,0.0264969852192372,4334,FALSE
Pv2.1_08_3961852_A/C,Chr08,3961852,0.0264951970750778,4335,FALSE
Pv2.1_06_16892241_C/T,Chr06,16892241,0.0264905545278138,4336,FALSE
Pv2.1_03_46074945_C/A,Chr03,46074945,0.0264889627646037,4337,FALSE
Pv2.1_11_53551531_TA/T,Chr11,53551531,0.0264885395328696,4338,FALSE
Pv2.1_11_51233730_C/G,Chr11,51233730,0.0264848588730624,4339,FALSE
Pv2.1_05_40739625_G/C,Chr05,40739625,0.0264836525129453,4340,FALSE
Pv2.1_04_12206418_G/A,Chr04,12206418,0.0264831118934556,4341,FALSE
Pv2.1_08_8764162_G/A,Chr08,8764162,0.0264756543786007,4342,FALSE
Pv2.1_05_2734489_C/T,Chr05,2734489,0.0264747569676724,4343,FALSE
Pv2.1_11_51726927_T/G,Chr11,51726927,0.0264714752663413,4344,FALSE
Pv2.1_05_39161200_C/T,Chr05,39161200,0.0264713202282056,4345,FALSE
Pv2.1_06_5988506_T/A,Chr06,5988506,0.026466175031068,4346,FALSE
Pv2.1_11_1248669_A/C,Chr11,1248669,0.0264574673799629,4347,FALSE
Pv2.1_11_1248671_G/A,Chr11,1248671,0.0264574673799629,4348,FALSE
Pv2.1_06_13102808_A/G,Chr06,13102808,0.0264561704504862,4349,FALSE
Pv2.1_01_3307025_A/C,Chr01,3307025,0.026455848762982,4350,FALSE
Pv2.1_06_21423624_G/A,Chr06,21423624,0.026455014105907,4351,FALSE
Pv2.1_02_30519420_T/TTA,Chr02,30519420,0.0264543616544484,4352,FALSE
Pv2.1_01_43071632_G/T,Chr01,43071632,0.0264520412462925,4353,FALSE
Pv2.1_06_15071503_C/T,Chr06,15071503,0.026451680088952,4354,FALSE
Pv2.1_08_23680954_A/G,Chr08,23680954,0.0264510032735559,4355,FALSE
Pv2.1_07_28976509_T/C,Chr07,28976509,0.0264509074565109,4356,FALSE
Pv2.1_10_2997347_A/G,Chr10,2997347,0.0264498670065541,4357,FALSE
Pv2.1_09_35927073_C/T,Chr09,35927073,0.0264491023332658,4358,FALSE
Pv2.1_11_3503357_C/G,Chr11,3503357,0.0264476919949814,4359,FALSE
Pv2.1_11_1456183_A/T,Chr11,1456183,0.026446526879448,4360,FALSE
Pv2.1_06_21220062_A/G,Chr06,21220062,0.0264367888142503,4361,FALSE
Pv2.1_01_34507194_G/A,Chr01,34507194,0.0264362844777888,4362,FALSE
Pv2.1_11_3949972_A/G,Chr11,3949972,0.0264333225926983,4363,FALSE
Pv2.1_08_58417647_A/G,Chr08,58417647,0.0264294289239757,4364,FALSE
Pv2.1_06_18542181_G/A,Chr06,18542181,0.0264293497057952,4365,FALSE
Pv2.1_07_87466_GA/G,Chr07,87466,0.0264261001522672,4366,FALSE
Pv2.1_06_21003477_C/A,Chr06,21003477,0.0264246697870902,4367,FALSE
Pv2.1_08_7436861_T/C,Chr08,7436861,0.0264215141630704,4368,FALSE
Pv2.1_07_6772367_G/T,Chr07,6772367,0.0264195375330782,4369,FALSE
Pv2.1_01_929939_T/A,Chr01,929939,0.0264153429389253,4370,FALSE
Pv2.1_06_19352843_C/T,Chr06,19352843,0.0264141277267553,4371,FALSE
Pv2.1_06_706645_C/T,Chr06,706645,0.026410479964337,4372,FALSE
Pv2.1_08_9861320_C/T,Chr08,9861320,0.0264086230290914,4373,FALSE
Pv2.1_06_22989725_G/A,Chr06,22989725,0.0264068748249549,4374,FALSE
Pv2.1_09_12105403_A/G,Chr09,12105403,0.0264064725410043,4375,FALSE
Pv2.1_06_18210801_G/A,Chr06,18210801,0.0264051457415584,4376,FALSE
Pv2.1_01_655826_A/T,Chr01,655826,0.0264040894328375,4377,FALSE
Pv2.1_08_1251858_A/G,Chr08,1251858,0.0264001924212698,4378,FALSE
Pv2.1_01_4175876_A/T,Chr01,4175876,0.0263988414761855,4379,FALSE
Pv2.1_01_2485629_C/A,Chr01,2485629,0.0263988380692273,4380,FALSE
Pv2.1_07_509237_A/G,Chr07,509237,0.0263978282293347,4381,FALSE
Pv2.1_10_9192007_G/A,Chr10,9192007,0.0263970130859255,4382,FALSE
Pv2.1_08_36590928_T/C,Chr08,36590928,0.0263968890385429,4383,FALSE
Pv2.1_02_40029752_G/T,Chr02,40029752,0.0263950252939034,4384,FALSE
Pv2.1_04_46176755_T/C,Chr04,46176755,0.0263913553319322,4385,FALSE
Pv2.1_08_62950730_T/C,Chr08,62950730,0.0263865899473146,4386,FALSE
Pv2.1_07_9143853_C/T,Chr07,9143853,0.0263862981246481,4387,FALSE
Pv2.1_07_8691135_T/C,Chr07,8691135,0.02638616763844,4388,FALSE
Pv2.1_11_44398147_G/A,Chr11,44398147,0.0263843831454826,4389,FALSE
Pv2.1_09_12105394_T/A,Chr09,12105394,0.026381884091351,4390,FALSE
Pv2.1_08_5441076_T/A,Chr08,5441076,0.0263791228127506,4391,FALSE
Pv2.1_06_4566963_G/A,Chr06,4566963,0.0263791135581513,4392,FALSE
Pv2.1_09_390941_G/T,Chr09,390941,0.0263745763043564,4393,FALSE
Pv2.1_04_46279607_C/T,Chr04,46279607,0.0263711494802026,4394,FALSE
Pv2.1_07_9309928_T/C,Chr07,9309928,0.0263650774416542,4395,FALSE
Pv2.1_01_3548935_A/T,Chr01,3548935,0.0263626763735418,4396,FALSE
Pv2.1_03_526285_TC/T,Chr03,526285,0.0263619778738944,4397,FALSE
Pv2.1_02_23134330_G/A,Chr02,23134330,0.0263607135398645,4398,FALSE
Pv2.1_02_3058674_A/G,Chr02,3058674,0.0263598618280723,4399,FALSE
Pv2.1_04_4342353_T/C,Chr04,4342353,0.0263588105080101,4400,FALSE
Pv2.1_11_1248762_A/C,Chr11,1248762,0.02635829602387,4401,FALSE
Pv2.1_11_1248767_A/G,Chr11,1248767,0.02635829602387,4402,FALSE
Pv2.1_09_7738339_T/A,Chr09,7738339,0.0263580821528779,4403,FALSE
Pv2.1_03_53233747_G/GTAACA,Chr03,53233747,0.0263564306538542,4404,FALSE
Pv2.1_03_12072360_AG/A,Chr03,12072360,0.0263544662861137,4405,FALSE
Pv2.1_06_8361731_A/C,Chr06,8361731,0.0263485882047205,4406,FALSE
Pv2.1_08_10921730_C/T,Chr08,10921730,0.0263367462880249,4407,FALSE
Pv2.1_06_21292475_C/G,Chr06,21292475,0.0263330035582738,4408,FALSE
Pv2.1_11_51171217_C/A,Chr11,51171217,0.0263329207940952,4409,FALSE
Pv2.1_03_41124942_A/C,Chr03,41124942,0.026327512254674,4410,FALSE
Pv2.1_02_47704012_ACG/A,Chr02,47704012,0.026323210347567,4411,FALSE
Pv2.1_07_24934_T/A,Chr07,24934,0.0263230631459219,4412,FALSE
Pv2.1_02_48755210_C/G,Chr02,48755210,0.026317182291054,4413,FALSE
Pv2.1_01_6558305_T/C,Chr01,6558305,0.0263112136080257,4414,FALSE
Pv2.1_02_2749606_A/G,Chr02,2749606,0.0263110555730322,4415,FALSE
Pv2.1_03_8650348_A/T,Chr03,8650348,0.0263099098484201,4416,FALSE
Pv2.1_08_6953224_C/G,Chr08,6953224,0.0263056149551368,4417,FALSE
Pv2.1_06_4477421_G/T,Chr06,4477421,0.0262990586391374,4418,FALSE
Pv2.1_11_52984538_G/A,Chr11,52984538,0.0262916074228716,4419,FALSE
Pv2.1_03_40736319_T/C,Chr03,40736319,0.0262880643605006,4420,FALSE
Pv2.1_10_40392301_A/T,Chr10,40392301,0.0262867493610712,4421,FALSE
Pv2.1_04_3218283_T/A,Chr04,3218283,0.0262861950553712,4422,FALSE
Pv2.1_08_58014419_T/C,Chr08,58014419,0.0262820459176147,4423,FALSE
Pv2.1_08_433191_C/G,Chr08,433191,0.026281821324472,4424,FALSE
Pv2.1_11_52413193_C/T,Chr11,52413193,0.0262804533812768,4425,FALSE
Pv2.1_02_35484149_A/T,Chr02,35484149,0.0262797013932126,4426,FALSE
Pv2.1_02_47384033_C/T,Chr02,47384033,0.0262788883848559,4427,FALSE
Pv2.1_07_4174294_C/T,Chr07,4174294,0.0262755606305145,4428,FALSE
Pv2.1_10_37942218_C/A,Chr10,37942218,0.0262730635206965,4429,FALSE
Pv2.1_07_9309996_C/T,Chr07,9309996,0.0262715016463857,4430,FALSE
Pv2.1_06_25728407_A/C,Chr06,25728407,0.0262680354135503,4431,FALSE
Pv2.1_09_36649722_A/G,Chr09,36649722,0.0262656733721416,4432,FALSE
Pv2.1_07_21348267_G/A,Chr07,21348267,0.0262642457601991,4433,FALSE
Pv2.1_08_7844049_T/G,Chr08,7844049,0.0262567111829184,4434,FALSE
Pv2.1_11_1872187_AC/TCA,Chr11,1872187,0.0262537001922838,4435,FALSE
Pv2.1_08_1001435_C/A,Chr08,1001435,0.0262533256900337,4436,FALSE
Pv2.1_11_1748243_G/T,Chr11,1748243,0.0262474102352419,4437,FALSE
Pv2.1_06_24257243_T/A,Chr06,24257243,0.0262461378954817,4438,FALSE
Pv2.1_07_4857083_C/A,Chr07,4857083,0.0262460097197761,4439,FALSE
Pv2.1_11_5202088_G/GAT,Chr11,5202088,0.0262455271025415,4440,FALSE
Pv2.1_06_28967150_C/T,Chr06,28967150,0.0262426376980116,4441,FALSE
Pv2.1_02_39969900_C/A,Chr02,39969900,0.0262418949089849,4442,FALSE
Pv2.1_06_5598071_G/T,Chr06,5598071,0.0262398002933013,4443,FALSE
Pv2.1_09_35981306_G/A,Chr09,35981306,0.0262392245743133,4444,FALSE
Pv2.1_07_4859732_A/G,Chr07,4859732,0.0262386829235908,4445,FALSE
Pv2.1_02_48416815_G/T,Chr02,48416815,0.0262386179322727,4446,FALSE
Pv2.1_10_41985483_A/G,Chr10,41985483,0.0262366556486056,4447,FALSE
Pv2.1_07_35841130_C/T,Chr07,35841130,0.0262300853083226,4448,FALSE
Pv2.1_06_15462980_T/A,Chr06,15462980,0.0262256452569343,4449,FALSE
Pv2.1_03_6996051_T/A,Chr03,6996051,0.0262242303518248,4450,FALSE
Pv2.1_02_41172606_C/CAT,Chr02,41172606,0.0262234645540471,4451,FALSE
Pv2.1_08_62552949_A/G,Chr08,62552949,0.026221762574361,4452,FALSE
Pv2.1_07_37011108_C/T,Chr07,37011108,0.0262184667219798,4453,FALSE
Pv2.1_01_2808975_A/G,Chr01,2808975,0.0262179244745102,4454,FALSE
Pv2.1_05_39125277_T/C,Chr05,39125277,0.0262109257153522,4455,FALSE
Pv2.1_08_57866522_G/T,Chr08,57866522,0.0262103044864124,4456,FALSE
Pv2.1_06_19046200_C/T,Chr06,19046200,0.0262073549010684,4457,FALSE
Pv2.1_08_62891907_A/G,Chr08,62891907,0.0262064721561548,4458,FALSE
Pv2.1_08_58194709_G/C,Chr08,58194709,0.0262042164885896,4459,FALSE
Pv2.1_08_62961643_T/G,Chr08,62961643,0.0262041154908874,4460,FALSE
Pv2.1_04_2032985_G/T,Chr04,2032985,0.0262031753884386,4461,FALSE
Pv2.1_04_1670996_G/GA,Chr04,1670996,0.0262025487465092,4462,FALSE
Pv2.1_08_53212632_A/T,Chr08,53212632,0.0262016908668934,4463,FALSE
Pv2.1_02_38668971_T/A,Chr02,38668971,0.0261980125053856,4464,FALSE
Pv2.1_01_13356009_T/C,Chr01,13356009,0.0261960632340919,4465,FALSE
Pv2.1_09_36728888_C/T,Chr09,36728888,0.0261935258306862,4466,FALSE
Pv2.1_04_47457791_C/T,Chr04,47457791,0.0261924905111415,4467,FALSE
Pv2.1_06_18407510_C/A,Chr06,18407510,0.0261913283329167,4468,FALSE
Pv2.1_07_9296340_C/T,Chr07,9296340,0.0261906220091031,4469,FALSE
Pv2.1_03_1269307_T/G,Chr03,1269307,0.0261815127615193,4470,FALSE
Pv2.1_06_22198282_A/G,Chr06,22198282,0.0261811264432859,4471,FALSE
Pv2.1_08_61838052_A/G,Chr08,61838052,0.0261754461019024,4472,FALSE
Pv2.1_08_62573522_A/G,Chr08,62573522,0.0261723472742021,4473,FALSE
Pv2.1_11_526893_C/G,Chr11,526893,0.0261714018560775,4474,FALSE
Pv2.1_09_28826727_T/A,Chr09,28826727,0.0261703079398568,4475,FALSE
Pv2.1_07_4558241_T/C,Chr07,4558241,0.026170239485976,4476,FALSE
Pv2.1_08_61502280_T/A,Chr08,61502280,0.0261700321067986,4477,FALSE
Pv2.1_11_52413236_A/G,Chr11,52413236,0.02615958854381,4478,FALSE
Pv2.1_02_480130_G/A,Chr02,480130,0.0261550311516032,4479,FALSE
Pv2.1_07_454532_GGA/G,Chr07,454532,0.0261541838970878,4480,FALSE
Pv2.1_06_24241246_A/G,Chr06,24241246,0.0261511634724436,4481,FALSE
Pv2.1_08_62327665_C/G,Chr08,62327665,0.0261488820409515,4482,FALSE
Pv2.1_11_1285745_T/C,Chr11,1285745,0.0261461719588998,4483,FALSE
Pv2.1_11_52413183_T/G,Chr11,52413183,0.0261408259011509,4484,FALSE
Pv2.1_02_34895269_C/T,Chr02,34895269,0.0261399409034637,4485,FALSE
Pv2.1_01_51433823_G/A,Chr01,51433823,0.0261399125884974,4486,FALSE
Pv2.1_07_8310790_G/A,Chr07,8310790,0.0261388649050649,4487,FALSE
Pv2.1_07_38402586_G/A,Chr07,38402586,0.0261386026908839,4488,FALSE
Pv2.1_08_53638209_T/C,Chr08,53638209,0.0261336210789902,4489,FALSE
Pv2.1_08_53638218_G/A,Chr08,53638218,0.0261336210789902,4490,FALSE
Pv2.1_07_23019635_T/C,Chr07,23019635,0.0261290663327274,4491,FALSE
Pv2.1_07_38561291_G/A,Chr07,38561291,0.0261266695272364,4492,FALSE
Pv2.1_07_21113633_T/C,Chr07,21113633,0.0261249879474677,4493,FALSE
Pv2.1_10_1453073_A/T,Chr10,1453073,0.0261248502087144,4494,FALSE
Pv2.1_09_35989997_T/G,Chr09,35989997,0.0261188774411281,4495,FALSE
Pv2.1_05_2835308_C/T,Chr05,2835308,0.0261157042951989,4496,FALSE
Pv2.1_11_1248864_A/G,Chr11,1248864,0.0261148345386104,4497,FALSE
Pv2.1_11_3135894_A/G,Chr11,3135894,0.0261144243355247,4498,FALSE
Pv2.1_04_3932557_A/T,Chr04,3932557,0.026114026375053,4499,FALSE
Pv2.1_07_8306410_C/T,Chr07,8306410,0.0261137579738904,4500,FALSE
Pv2.1_07_37015634_AGTG/A,Chr07,37015634,0.0261117739253804,4501,FALSE
Pv2.1_08_53222934_T/G,Chr08,53222934,0.0261109345070625,4502,FALSE
Pv2.1_08_52687460_G/AAGT,Chr08,52687460,0.0261074195166531,4503,FALSE
Pv2.1_11_43735894_T/A,Chr11,43735894,0.026106520819793,4504,FALSE
Pv2.1_09_13933890_G/A,Chr09,13933890,0.0261064222104168,4505,FALSE
Pv2.1_08_62791258_C/T,Chr08,62791258,0.0261020132191949,4506,FALSE
Pv2.1_01_1219840_C/T,Chr01,1219840,0.0260993159358298,4507,FALSE
Pv2.1_05_7534310_G/T,Chr05,7534310,0.0260982666527729,4508,FALSE
Pv2.1_10_38355722_C/T,Chr10,38355722,0.0260962975948003,4509,FALSE
Pv2.1_03_31135833_T/A,Chr03,31135833,0.0260960653548072,4510,FALSE
Pv2.1_04_3255084_T/G,Chr04,3255084,0.0260911727577726,4511,FALSE
Pv2.1_08_28379451_C/T,Chr08,28379451,0.0260803249703296,4512,FALSE
Pv2.1_04_11405390_G/A,Chr04,11405390,0.0260796746669256,4513,FALSE
Pv2.1_07_10712903_G/A,Chr07,10712903,0.0260746753151806,4514,FALSE
Pv2.1_10_5855830_G/A,Chr10,5855830,0.0260726190948661,4515,FALSE
Pv2.1_10_42270381_T/C,Chr10,42270381,0.0260723563840202,4516,FALSE
Pv2.1_11_3135882_A/G,Chr11,3135882,0.0260712086478243,4517,FALSE
Pv2.1_09_36608781_GT/G,Chr09,36608781,0.0260666226551352,4518,FALSE
Pv2.1_06_2224168_T/C,Chr06,2224168,0.0260653176599655,4519,FALSE
Pv2.1_08_38798524_A/C,Chr08,38798524,0.026063501022644,4520,FALSE
Pv2.1_01_13452159_A/G,Chr01,13452159,0.0260600182959543,4521,FALSE
Pv2.1_11_4543809_T/A,Chr11,4543809,0.026059157839573,4522,FALSE
Pv2.1_03_7921899_A/T,Chr03,7921899,0.026057794163473,4523,FALSE
Pv2.1_07_38830495_G/C,Chr07,38830495,0.0260560163597168,4524,FALSE
Pv2.1_11_36105541_G/A,Chr11,36105541,0.0260543059614644,4525,FALSE
Pv2.1_04_4561449_T/C,Chr04,4561449,0.0260539111852518,4526,FALSE
Pv2.1_06_23979855_C/T,Chr06,23979855,0.0260517154361044,4527,FALSE
Pv2.1_02_48763416_T/A,Chr02,48763416,0.0260516593507223,4528,FALSE
Pv2.1_10_42465992_G/C,Chr10,42465992,0.0260516061620737,4529,FALSE
Pv2.1_07_36687480_G/T,Chr07,36687480,0.0260511519270219,4530,FALSE
Pv2.1_07_5442407_T/G,Chr07,5442407,0.0260509835019533,4531,FALSE
Pv2.1_08_5440995_A/AT,Chr08,5440995,0.0260495791469517,4532,FALSE
Pv2.1_08_30558401_G/A,Chr08,30558401,0.026047173382115,4533,FALSE
Pv2.1_04_42037562_G/C,Chr04,42037562,0.0260427665034544,4534,FALSE
Pv2.1_04_42037564_A/G,Chr04,42037564,0.0260427665034544,4535,FALSE
Pv2.1_04_42037567_A/C,Chr04,42037567,0.0260427665034544,4536,FALSE
Pv2.1_04_42037570_G/A,Chr04,42037570,0.0260427665034544,4537,FALSE
Pv2.1_04_42037576_A/T,Chr04,42037576,0.0260427665034544,4538,FALSE
Pv2.1_05_39970203_A/G,Chr05,39970203,0.0260404498595372,4539,FALSE
Pv2.1_03_8686005_T/G,Chr03,8686005,0.0260388455889076,4540,FALSE
Pv2.1_04_2390771_C/T,Chr04,2390771,0.0260374803344852,4541,FALSE
Pv2.1_11_2097825_G/A,Chr11,2097825,0.0260294680873598,4542,FALSE
Pv2.1_07_36710880_C/T,Chr07,36710880,0.026029434998263,4543,FALSE
Pv2.1_05_39323251_C/A,Chr05,39323251,0.0260192550080114,4544,FALSE
Pv2.1_08_12895121_T/G,Chr08,12895121,0.0260187471058302,4545,FALSE
Pv2.1_11_3919987_T/C,Chr11,3919987,0.026017981677958,4546,FALSE
Pv2.1_09_36130116_G/A,Chr09,36130116,0.0260161196177862,4547,FALSE
Pv2.1_11_50054900_C/T,Chr11,50054900,0.0260160110559529,4548,FALSE
Pv2.1_03_52871721_C/A,Chr03,52871721,0.0260117023921618,4549,FALSE
Pv2.1_02_1895565_C/T,Chr02,1895565,0.0260115473542308,4550,FALSE
Pv2.1_06_21622851_A/AG,Chr06,21622851,0.0260086487405142,4551,FALSE
Pv2.1_08_62863949_C/T,Chr08,62863949,0.0260082034489382,4552,FALSE
Pv2.1_05_40404351_C/G,Chr05,40404351,0.0260080881162392,4553,FALSE
Pv2.1_06_20958293_C/G,Chr06,20958293,0.0260065781265499,4554,FALSE
Pv2.1_11_36105496_C/A,Chr11,36105496,0.0260052765024654,4555,FALSE
Pv2.1_04_12237186_C/T,Chr04,12237186,0.0260034196024406,4556,FALSE
Pv2.1_07_2641402_T/A,Chr07,2641402,0.0260007215933342,4557,FALSE
Pv2.1_08_58539064_T/C,Chr08,58539064,0.0260005716734875,4558,FALSE
Pv2.1_08_58539067_G/C,Chr08,58539067,0.026000571673487,4559,FALSE
Pv2.1_08_4385056_T/C,Chr08,4385056,0.0259999905138035,4560,FALSE
Pv2.1_07_10184652_T/A,Chr07,10184652,0.0259998335115856,4561,FALSE
Pv2.1_06_20165799_G/A,Chr06,20165799,0.0259989032379893,4562,FALSE
Pv2.1_03_7921786_C/A,Chr03,7921786,0.0259986732070967,4563,FALSE
Pv2.1_02_45688876_A/ATGCTCT,Chr02,45688876,0.0259972383334759,4564,FALSE
Pv2.1_08_6405163_T/C,Chr08,6405163,0.0259972314060004,4565,FALSE
Pv2.1_08_7729784_T/A,Chr08,7729784,0.0259954364122983,4566,FALSE
Pv2.1_10_4906707_GAA/G,Chr10,4906707,0.0259926979206622,4567,FALSE
Pv2.1_02_28264692_GTC/G,Chr02,28264692,0.0259919621031859,4568,FALSE
Pv2.1_05_132278_A/G,Chr05,132278,0.025991906294268,4569,FALSE
Pv2.1_05_132287_G/A,Chr05,132287,0.025991906294268,4570,FALSE
Pv2.1_07_28532714_T/G,Chr07,28532714,0.025988338841183,4571,FALSE
Pv2.1_08_7765381_T/C,Chr08,7765381,0.0259836433197385,4572,FALSE
Pv2.1_02_28037823_T/A,Chr02,28037823,0.025983112642463,4573,FALSE
Pv2.1_04_47236887_G/A,Chr04,47236887,0.0259829406120709,4574,FALSE
Pv2.1_08_60224780_G/A,Chr08,60224780,0.0259819880855563,4575,FALSE
Pv2.1_03_2580011_G/C,Chr03,2580011,0.0259802668976272,4576,FALSE
Pv2.1_07_3664089_A/C,Chr07,3664089,0.0259786063398013,4577,FALSE
Pv2.1_07_36076505_C/G,Chr07,36076505,0.0259759707543612,4578,FALSE
Pv2.1_04_45501831_A/G,Chr04,45501831,0.0259706493105591,4579,FALSE
Pv2.1_07_4819001_A/G,Chr07,4819001,0.0259701738564426,4580,FALSE
Pv2.1_07_4819007_A/C,Chr07,4819007,0.0259701738564426,4581,FALSE
Pv2.1_06_21224199_C/A,Chr06,21224199,0.0259662765068889,4582,FALSE
Pv2.1_02_47665463_C/G,Chr02,47665463,0.0259660836429094,4583,FALSE
Pv2.1_05_39334625_T/A,Chr05,39334625,0.0259655804689443,4584,FALSE
Pv2.1_02_22971334_C/A,Chr02,22971334,0.0259653853149504,4585,FALSE
Pv2.1_10_40392346_G/A,Chr10,40392346,0.025961524750119,4586,FALSE
Pv2.1_06_4222107_T/C,Chr06,4222107,0.0259612624650751,4587,FALSE
Pv2.1_03_51109671_T/A,Chr03,51109671,0.0259603581908801,4588,FALSE
Pv2.1_06_27577657_T/G,Chr06,27577657,0.0259590146061024,4589,FALSE
Pv2.1_07_10391225_A/T,Chr07,10391225,0.0259455235509583,4590,FALSE
Pv2.1_07_24898_C/G,Chr07,24898,0.0259427379719401,4591,FALSE
Pv2.1_06_7620142_T/A,Chr06,7620142,0.0259400498863513,4592,FALSE
Pv2.1_05_17759062_C/G,Chr05,17759062,0.0259399851202367,4593,FALSE
Pv2.1_06_20958294_T/G,Chr06,20958294,0.0259392531682403,4594,FALSE
Pv2.1_06_20700095_T/C,Chr06,20700095,0.0259386667960992,4595,FALSE
Pv2.1_10_42906650_A/G,Chr10,42906650,0.0259378063067168,4596,FALSE
Pv2.1_09_37770599_A/G,Chr09,37770599,0.0259371678479994,4597,FALSE
Pv2.1_09_37770610_T/C,Chr09,37770610,0.0259371678479994,4598,FALSE
Pv2.1_06_19731319_A/T,Chr06,19731319,0.0259361840416323,4599,FALSE
Pv2.1_03_3108276_G/T,Chr03,3108276,0.0259355097434901,4600,FALSE
Pv2.1_01_51040700_C/A,Chr01,51040700,0.0259340097581724,4601,FALSE
Pv2.1_05_39421478_A/G,Chr05,39421478,0.0259331611529534,4602,FALSE
Pv2.1_08_9763715_C/G,Chr08,9763715,0.0259261527017167,4603,FALSE
Pv2.1_09_37828782_T/G,Chr09,37828782,0.0259257336038168,4604,FALSE
Pv2.1_03_2494112_A/G,Chr03,2494112,0.0259224074163287,4605,FALSE
Pv2.1_03_2494141_G/A,Chr03,2494141,0.0259224074163287,4606,FALSE
Pv2.1_08_62972835_G/C,Chr08,62972835,0.0259202097296667,4607,FALSE
Pv2.1_03_40775067_T/C,Chr03,40775067,0.025919106851962,4608,FALSE
Pv2.1_07_8392674_G/C,Chr07,8392674,0.0259156089698438,4609,FALSE
Pv2.1_01_46498415_T/G,Chr01,46498415,0.0259125849153761,4610,FALSE
Pv2.1_02_518646_C/T,Chr02,518646,0.0259124312086874,4611,FALSE
Pv2.1_11_51645453_T/G,Chr11,51645453,0.0259103410144066,4612,FALSE
Pv2.1_04_45088492_G/A,Chr04,45088492,0.0259075308199632,4613,FALSE
Pv2.1_02_1895797_C/T,Chr02,1895797,0.0259074162746358,4614,FALSE
Pv2.1_05_5470591_G/A,Chr05,5470591,0.0259064918838177,4615,FALSE
Pv2.1_06_21370237_C/T,Chr06,21370237,0.0259038782520888,4616,FALSE
Pv2.1_01_49418616_T/A,Chr01,49418616,0.0259037568726539,4617,FALSE
Pv2.1_11_4712676_TATTTA/T,Chr11,4712676,0.0258963997103976,4618,FALSE
Pv2.1_07_425700_A/G,Chr07,425700,0.0258961164508524,4619,FALSE
Pv2.1_06_29931754_C/T,Chr06,29931754,0.0258955935012049,4620,FALSE
Pv2.1_06_16837698_C/G,Chr06,16837698,0.0258928064689634,4621,FALSE
Pv2.1_01_1220807_G/C,Chr01,1220807,0.0258921865475834,4622,FALSE
Pv2.1_03_2314739_T/C,Chr03,2314739,0.0258905611757592,4623,FALSE
Pv2.1_03_11248788_C/T,Chr03,11248788,0.0258889746260031,4624,FALSE
Pv2.1_02_46773942_T/A,Chr02,46773942,0.0258871638935441,4625,FALSE
Pv2.1_08_62240501_T/G,Chr08,62240501,0.0258865248167317,4626,FALSE
Pv2.1_02_23280421_A/T,Chr02,23280421,0.0258745371066178,4627,FALSE
Pv2.1_08_61589726_A/G,Chr08,61589726,0.0258745343443025,4628,FALSE
Pv2.1_07_9309952_A/T,Chr07,9309952,0.0258742348996135,4629,FALSE
Pv2.1_06_27577674_T/C,Chr06,27577674,0.0258723643723671,4630,FALSE
Pv2.1_10_6827137_A/T,Chr10,6827137,0.025872085963063,4631,FALSE
Pv2.1_11_50684245_C/T,Chr11,50684245,0.0258669823078797,4632,FALSE
Pv2.1_05_39574626_G/T,Chr05,39574626,0.02586520122775,4633,FALSE
Pv2.1_08_53323068_A/G,Chr08,53323068,0.0258640904919898,4634,FALSE
Pv2.1_02_29470170_C/G,Chr02,29470170,0.0258610372879575,4635,FALSE
Pv2.1_11_2269907_G/A,Chr11,2269907,0.0258608095439823,4636,FALSE
Pv2.1_02_47652738_G/C,Chr02,47652738,0.0258578545023784,4637,FALSE
Pv2.1_08_7893675_G/A,Chr08,7893675,0.0258568398714099,4638,FALSE
Pv2.1_09_36936255_A/G,Chr09,36936255,0.0258535176063899,4639,FALSE
Pv2.1_02_46670197_T/A,Chr02,46670197,0.025852314107222,4640,FALSE
Pv2.1_09_36710434_A/G,Chr09,36710434,0.0258519211317894,4641,FALSE
Pv2.1_04_41834664_G/A,Chr04,41834664,0.0258478490294918,4642,FALSE
Pv2.1_08_62662645_C/T,Chr08,62662645,0.0258432362869399,4643,FALSE
Pv2.1_04_31763_CCT/C,Chr04,31763,0.0258379403667708,4644,FALSE
Pv2.1_10_42186103_T/C,Chr10,42186103,0.0258369333029127,4645,FALSE
Pv2.1_04_32737_C/T,Chr04,32737,0.0258346483833769,4646,FALSE
Pv2.1_08_11596712_G/A,Chr08,11596712,0.0258325303532749,4647,FALSE
Pv2.1_08_6058493_A/G,Chr08,6058493,0.0258317805008863,4648,FALSE
Pv2.1_02_2462930_G/T,Chr02,2462930,0.0258310767345145,4649,FALSE
Pv2.1_02_46663780_C/A,Chr02,46663780,0.0258259515984309,4650,FALSE
Pv2.1_03_41124954_C/G,Chr03,41124954,0.0258224453277305,4651,FALSE
Pv2.1_03_2589318_G/C,Chr03,2589318,0.0258201993119376,4652,FALSE
Pv2.1_08_62327853_G/T,Chr08,62327853,0.0258191527784515,4653,FALSE
Pv2.1_08_61879985_A/T,Chr08,61879985,0.025817839744001,4654,FALSE
Pv2.1_08_7844106_C/A,Chr08,7844106,0.0258159401063303,4655,FALSE
Pv2.1_08_7027234_T/C,Chr08,7027234,0.0258104570955653,4656,FALSE
Pv2.1_10_40397773_C/T,Chr10,40397773,0.0258098172821528,4657,FALSE
Pv2.1_02_47727100_C/T,Chr02,47727100,0.0258047703020923,4658,FALSE
Pv2.1_04_46303573_T/C,Chr04,46303573,0.0258043217713397,4659,FALSE
Pv2.1_05_3533483_G/A,Chr05,3533483,0.0258029937380426,4660,FALSE
Pv2.1_09_14586028_T/C,Chr09,14586028,0.0258018508240241,4661,FALSE
Pv2.1_01_49184285_G/A,Chr01,49184285,0.0258007565006126,4662,FALSE
Pv2.1_10_4589106_T/G,Chr10,4589106,0.0257983695253796,4663,FALSE
Pv2.1_01_16003343_C/G,Chr01,16003343,0.025795881622642,4664,FALSE
Pv2.1_08_1823539_T/A,Chr08,1823539,0.0257945968215001,4665,FALSE
Pv2.1_03_2964456_C/G,Chr03,2964456,0.0257940610513141,4666,FALSE
Pv2.1_04_10801613_G/A,Chr04,10801613,0.0257921983814624,4667,FALSE
Pv2.1_03_49162962_C/A,Chr03,49162962,0.0257888838866811,4668,FALSE
Pv2.1_06_19446585_G/T,Chr06,19446585,0.0257814256821671,4669,FALSE
Pv2.1_11_52413178_G/A,Chr11,52413178,0.0257808414666387,4670,FALSE
Pv2.1_08_1817338_T/C,Chr08,1817338,0.0257795500036151,4671,FALSE
Pv2.1_06_20994247_G/A,Chr06,20994247,0.0257760609471855,4672,FALSE
Pv2.1_08_58416460_A/C,Chr08,58416460,0.0257749908591491,4673,FALSE
Pv2.1_11_4617778_A/T,Chr11,4617778,0.0257742933143144,4674,FALSE
Pv2.1_07_7599343_T/C,Chr07,7599343,0.0257736671431403,4675,FALSE
Pv2.1_11_2742876_C/G,Chr11,2742876,0.0257728824807919,4676,FALSE
Pv2.1_04_47713585_C/T,Chr04,47713585,0.0257703701314957,4677,FALSE
Pv2.1_11_3921640_G/A,Chr11,3921640,0.0257691934499205,4678,FALSE
Pv2.1_02_35464304_G/A,Chr02,35464304,0.0257646939348848,4679,FALSE
Pv2.1_06_23708868_G/A,Chr06,23708868,0.0257628429922789,4680,FALSE
Pv2.1_07_6676000_GC/G,Chr07,6676000,0.0257553758054949,4681,FALSE
Pv2.1_11_3582616_T/A,Chr11,3582616,0.0257483223803292,4682,FALSE
Pv2.1_11_3582626_T/C,Chr11,3582626,0.0257483223803292,4683,FALSE
Pv2.1_09_38046298_C/T,Chr09,38046298,0.025742096577535,4684,FALSE
Pv2.1_02_44970420_CAT/C,Chr02,44970420,0.0257405365475503,4685,FALSE
Pv2.1_11_3732794_C/T,Chr11,3732794,0.0257401931437515,4686,FALSE
Pv2.1_09_28826779_C/A,Chr09,28826779,0.0257393959745573,4687,FALSE
Pv2.1_06_29053268_T/A,Chr06,29053268,0.0257379296878066,4688,FALSE
Pv2.1_06_2035657_G/C,Chr06,2035657,0.0257366750663559,4689,FALSE
Pv2.1_09_14586676_G/A,Chr09,14586676,0.0257364336917316,4690,FALSE
Pv2.1_06_15913495_AGAC/A,Chr06,15913495,0.0257359117722413,4691,FALSE
Pv2.1_08_7941074_C/G,Chr08,7941074,0.0257323779786218,4692,FALSE
Pv2.1_07_9908242_G/A,Chr07,9908242,0.0257215645904449,4693,FALSE
Pv2.1_07_9908260_A/G,Chr07,9908260,0.0257215645904449,4694,FALSE
Pv2.1_06_21245426_T/C,Chr06,21245426,0.0257201068104487,4695,FALSE
Pv2.1_03_12260270_A/T,Chr03,12260270,0.0257192317154327,4696,FALSE
Pv2.1_03_45753118_T/A,Chr03,45753118,0.0257171352597947,4697,FALSE
Pv2.1_04_45531170_G/A,Chr04,45531170,0.0257154185123945,4698,FALSE
Pv2.1_05_39421491_C/T,Chr05,39421491,0.0257126971829296,4699,FALSE
Pv2.1_02_48755216_T/A,Chr02,48755216,0.0257113454742273,4700,FALSE
Pv2.1_01_51172342_T/A,Chr01,51172342,0.0257052333612569,4701,FALSE
Pv2.1_01_901902_G/C,Chr01,901902,0.0257048413720158,4702,FALSE
Pv2.1_10_10088742_A/G,Chr10,10088742,0.0257039948592208,4703,FALSE
Pv2.1_01_3221523_C/T,Chr01,3221523,0.0257027150825886,4704,FALSE
Pv2.1_03_3700411_GAGCAAC/G,Chr03,3700411,0.0257013218557587,4705,FALSE
Pv2.1_10_1701516_AC/A,Chr10,1701516,0.0257010288593698,4706,FALSE
Pv2.1_06_14899130_A/T,Chr06,14899130,0.0256992051124629,4707,FALSE
Pv2.1_08_62139776_G/A,Chr08,62139776,0.0256990924623359,4708,FALSE
Pv2.1_07_9563114_T/C,Chr07,9563114,0.025696532737788,4709,FALSE
Pv2.1_10_42111382_G/C,Chr10,42111382,0.0256949994277713,4710,FALSE
Pv2.1_10_7679505_C/T,Chr10,7679505,0.0256934248288094,4711,FALSE
Pv2.1_05_39968030_C/A,Chr05,39968030,0.025691457149736,4712,FALSE
Pv2.1_01_2192049_A/T,Chr01,2192049,0.0256890507771086,4713,FALSE
Pv2.1_03_2579990_T/G,Chr03,2579990,0.025688616944997,4714,FALSE
Pv2.1_04_45501730_A/G,Chr04,45501730,0.025688548299426,4715,FALSE
Pv2.1_08_60448267_A/G,Chr08,60448267,0.0256881928165731,4716,FALSE
Pv2.1_09_13655184_C/G,Chr09,13655184,0.0256881622203453,4717,FALSE
Pv2.1_05_38290191_C/G,Chr05,38290191,0.0256803039510269,4718,FALSE
Pv2.1_11_4839613_C/T,Chr11,4839613,0.0256799898723044,4719,FALSE
Pv2.1_02_39814335_T/A,Chr02,39814335,0.0256764499022877,4720,FALSE
Pv2.1_08_7027222_C/T,Chr08,7027222,0.0256750906098659,4721,FALSE
Pv2.1_06_21107613_A/G,Chr06,21107613,0.0256747916219782,4722,FALSE
Pv2.1_01_2547858_G/A,Chr01,2547858,0.0256734786469215,4723,FALSE
Pv2.1_07_37323849_C/A,Chr07,37323849,0.0256694485097007,4724,FALSE
Pv2.1_08_61692784_C/T,Chr08,61692784,0.0256675254547627,4725,FALSE
Pv2.1_02_33557650_G/A,Chr02,33557650,0.0256667883151884,4726,FALSE
Pv2.1_02_47549250_A/T,Chr02,47549250,0.0256651167794595,4727,FALSE
Pv2.1_03_11673561_G/T,Chr03,11673561,0.0256650568074512,4728,FALSE
Pv2.1_02_44970486_T/C,Chr02,44970486,0.0256609572529785,4729,FALSE
Pv2.1_08_61879951_A/C,Chr08,61879951,0.0256589698198413,4730,FALSE
Pv2.1_07_7671753_A/T,Chr07,7671753,0.0256555015351241,4731,FALSE
Pv2.1_05_38290018_T/G,Chr05,38290018,0.0256553673850903,4732,FALSE
Pv2.1_10_43957514_A/G,Chr10,43957514,0.0256541319416836,4733,FALSE
Pv2.1_10_3015761_G/T,Chr10,3015761,0.0256511076131911,4734,FALSE
Pv2.1_06_19874116_G/T,Chr06,19874116,0.025650748878534,4735,FALSE
Pv2.1_06_27657075_G/A,Chr06,27657075,0.0256479857396137,4736,FALSE
Pv2.1_06_21824703_T/C,Chr06,21824703,0.0256479293526577,4737,FALSE
Pv2.1_07_39831657_C/T,Chr07,39831657,0.0256445912617567,4738,FALSE
Pv2.1_11_2158557_A/G,Chr11,2158557,0.0256432013231369,4739,FALSE
Pv2.1_01_655831_G/A,Chr01,655831,0.0256417262081472,4740,FALSE
Pv2.1_11_53496486_A/T,Chr11,53496486,0.0256391643383092,4741,FALSE
Pv2.1_08_7460548_T/A,Chr08,7460548,0.0256361258360118,4742,FALSE
Pv2.1_08_59674045_A/G,Chr08,59674045,0.025635512132852,4743,FALSE
Pv2.1_11_49259797_G/C,Chr11,49259797,0.0256298014325256,4744,FALSE
Pv2.1_03_33548159_G/A,Chr03,33548159,0.0256292523143911,4745,FALSE
Pv2.1_02_44880444_G/T,Chr02,44880444,0.0256281591189937,4746,FALSE
Pv2.1_02_30842602_G/C,Chr02,30842602,0.0256281281444464,4747,FALSE
Pv2.1_06_17273125_A/T,Chr06,17273125,0.0256260466262845,4748,FALSE
Pv2.1_03_37134144_A/TG,Chr03,37134144,0.0256256350303388,4749,FALSE
Pv2.1_09_38109264_T/A,Chr09,38109264,0.0256242425583109,4750,FALSE
Pv2.1_03_1153933_A/AT,Chr03,1153933,0.0256210073303946,4751,FALSE
Pv2.1_02_29371248_T/A,Chr02,29371248,0.0256194140342432,4752,FALSE
Pv2.1_02_2453664_T/C,Chr02,2453664,0.0256188735949001,4753,FALSE
Pv2.1_06_12262137_T/C,Chr06,12262137,0.0256177096752217,4754,FALSE
Pv2.1_01_46404737_C/G,Chr01,46404737,0.0256145108858226,4755,FALSE
Pv2.1_08_61337719_G/T,Chr08,61337719,0.0256108196415923,4756,FALSE
Pv2.1_07_23019536_T/C,Chr07,23019536,0.0256106002266274,4757,FALSE
Pv2.1_09_38120967_A/G,Chr09,38120967,0.0256092535621804,4758,FALSE
Pv2.1_04_46934133_A/AT,Chr04,46934133,0.0256082519116401,4759,FALSE
Pv2.1_02_23277575_T/TA,Chr02,23277575,0.0256074078255808,4760,FALSE
Pv2.1_05_4447902_G/C,Chr05,4447902,0.0256064840654711,4761,FALSE
Pv2.1_08_7211489_G/A,Chr08,7211489,0.0256056806227054,4762,FALSE
Pv2.1_05_27561420_T/G,Chr05,27561420,0.0256024643577582,4763,FALSE
Pv2.1_04_2413504_A/G,Chr04,2413504,0.0255998264676083,4764,FALSE
Pv2.1_08_9707256_G/C,Chr08,9707256,0.02559850622402,4765,FALSE
Pv2.1_02_13635686_C/G,Chr02,13635686,0.0255979246261386,4766,FALSE
Pv2.1_07_9182744_C/A,Chr07,9182744,0.0255958201884572,4767,FALSE
Pv2.1_06_22450037_A/C,Chr06,22450037,0.0255916602080402,4768,FALSE
Pv2.1_05_39416638_T/C,Chr05,39416638,0.0255895962979507,4769,FALSE
Pv2.1_07_39309158_G/A,Chr07,39309158,0.0255875141445716,4770,FALSE
Pv2.1_03_42033866_C/T,Chr03,42033866,0.0255865773756856,4771,FALSE
Pv2.1_02_27943191_T/A,Chr02,27943191,0.0255844268099374,4772,FALSE
Pv2.1_03_52855613_C/T,Chr03,52855613,0.0255843492833656,4773,FALSE
Pv2.1_03_52855630_A/G,Chr03,52855630,0.0255843492833656,4774,FALSE
Pv2.1_07_6675988_GA/G,Chr07,6675988,0.0255816949726242,4775,FALSE
Pv2.1_06_22563828_G/T,Chr06,22563828,0.0255783269188554,4776,FALSE
Pv2.1_01_1484959_G/C,Chr01,1484959,0.0255774284711743,4777,FALSE
Pv2.1_04_1955755_T/TCAC,Chr04,1955755,0.02557710037813,4778,FALSE
Pv2.1_07_3673539_A/G,Chr07,3673539,0.0255769748682559,4779,FALSE
Pv2.1_11_3221763_C/G,Chr11,3221763,0.0255742830044659,4780,FALSE
Pv2.1_03_979845_G/C,Chr03,979845,0.0255736853132529,4781,FALSE
Pv2.1_02_2987296_C/T,Chr02,2987296,0.0255714248741707,4782,FALSE
Pv2.1_11_1297520_G/A,Chr11,1297520,0.0255712827018506,4783,FALSE
Pv2.1_09_38053892_CA/C,Chr09,38053892,0.0255660953694608,4784,FALSE
Pv2.1_08_62212400_G/A,Chr08,62212400,0.0255657829755869,4785,FALSE
Pv2.1_06_12424121_C/G,Chr06,12424121,0.0255615623793961,4786,FALSE
Pv2.1_07_7039188_G/A,Chr07,7039188,0.0255614936487065,4787,FALSE
Pv2.1_07_9685213_C/A,Chr07,9685213,0.0255590719761787,4788,FALSE
Pv2.1_07_38218409_GATAT/G,Chr07,38218409,0.0255585747999763,4789,FALSE
Pv2.1_07_9441525_G/A,Chr07,9441525,0.0255568781632833,4790,FALSE
Pv2.1_07_206149_C/A,Chr07,206149,0.0255567803296128,4791,FALSE
Pv2.1_02_30410344_T/G,Chr02,30410344,0.0255565836287994,4792,FALSE
Pv2.1_04_10915712_A/T,Chr04,10915712,0.025555677412735,4793,FALSE
Pv2.1_02_38573324_A/C,Chr02,38573324,0.0255545624921933,4794,FALSE
Pv2.1_07_36687423_A/C,Chr07,36687423,0.0255540262919993,4795,FALSE
Pv2.1_03_7921761_C/T,Chr03,7921761,0.0255492309906278,4796,FALSE
Pv2.1_04_1835596_AAGAT/A,Chr04,1835596,0.0255467926631421,4797,FALSE
Pv2.1_07_6676002_C/A,Chr07,6676002,0.0255441704594617,4798,FALSE
Pv2.1_04_7272479_C/T,Chr04,7272479,0.0255399616301575,4799,FALSE
Pv2.1_03_46030465_C/T,Chr03,46030465,0.0255377534671659,4800,FALSE
Pv2.1_08_58711392_T/C,Chr08,58711392,0.0255376546587094,4801,FALSE
Pv2.1_04_152546_G/C,Chr04,152546,0.0255368241727987,4802,FALSE
Pv2.1_07_10245606_G/A,Chr07,10245606,0.0255367396910504,4803,FALSE
Pv2.1_02_34875243_T/G,Chr02,34875243,0.0255363659000745,4804,FALSE
Pv2.1_10_43903211_T/C,Chr10,43903211,0.0255303718779825,4805,FALSE
Pv2.1_06_13102815_C/A,Chr06,13102815,0.0255272355125062,4806,FALSE
Pv2.1_07_1235393_C/T,Chr07,1235393,0.0255257009812686,4807,FALSE
Pv2.1_08_3961849_T/C,Chr08,3961849,0.0255230321753341,4808,FALSE
Pv2.1_08_62328044_T/G,Chr08,62328044,0.0255225253847904,4809,FALSE
Pv2.1_09_35468235_C/G,Chr09,35468235,0.0255072554999116,4810,FALSE
Pv2.1_09_35683677_C/A,Chr09,35683677,0.0255057757199966,4811,FALSE
Pv2.1_07_37767224_G/C,Chr07,37767224,0.0255054784824784,4812,FALSE
Pv2.1_08_62529206_T/C,Chr08,62529206,0.0255042061208783,4813,FALSE
Pv2.1_08_58337353_C/A,Chr08,58337353,0.0255016062794025,4814,FALSE
Pv2.1_07_9124014_T/A,Chr07,9124014,0.0255009485316631,4815,FALSE
Pv2.1_03_49697005_C/T,Chr03,49697005,0.0254979083098541,4816,FALSE
Pv2.1_02_44922099_G/T,Chr02,44922099,0.0254935251995954,4817,FALSE
Pv2.1_10_42233804_C/A,Chr10,42233804,0.0254922098079433,4818,FALSE
Pv2.1_10_42233807_G/A,Chr10,42233807,0.0254922098079433,4819,FALSE
Pv2.1_04_41773896_C/T,Chr04,41773896,0.0254917038751583,4820,FALSE
Pv2.1_08_62906581_G/A,Chr08,62906581,0.02548770844977,4821,FALSE
Pv2.1_11_4830052_T/C,Chr11,4830052,0.0254712227663472,4822,FALSE
Pv2.1_03_12162445_G/A,Chr03,12162445,0.0254707027858694,4823,FALSE
Pv2.1_05_3533477_G/A,Chr05,3533477,0.0254676904924178,4824,FALSE
Pv2.1_08_62891935_A/C,Chr08,62891935,0.0254653000281366,4825,FALSE
Pv2.1_11_4652164_A/G,Chr11,4652164,0.0254639534088934,4826,FALSE
Pv2.1_11_50684251_C/T,Chr11,50684251,0.0254627053847831,4827,FALSE
Pv2.1_05_39913324_G/T,Chr05,39913324,0.0254609683185834,4828,FALSE
Pv2.1_10_42679099_T/C,Chr10,42679099,0.0254545155790846,4829,FALSE
Pv2.1_07_35999661_G/A,Chr07,35999661,0.0254544876408835,4830,FALSE
Pv2.1_08_7261503_C/A,Chr08,7261503,0.0254524309442177,4831,FALSE
Pv2.1_11_2698646_C/T,Chr11,2698646,0.0254518839627913,4832,FALSE
Pv2.1_06_22215009_T/C,Chr06,22215009,0.0254518525394807,4833,FALSE
Pv2.1_02_46668560_C/T,Chr02,46668560,0.0254509838045047,4834,FALSE
Pv2.1_08_9130752_A/G,Chr08,9130752,0.0254498012196467,4835,FALSE
Pv2.1_08_9088383_A/T,Chr08,9088383,0.0254496864882818,4836,FALSE
Pv2.1_02_39973332_A/G,Chr02,39973332,0.0254480408264679,4837,FALSE
Pv2.1_10_5916932_C/T,Chr10,5916932,0.0254474276075181,4838,FALSE
Pv2.1_08_61240426_C/T,Chr08,61240426,0.0254452339957902,4839,FALSE
Pv2.1_11_1456174_A/G,Chr11,1456174,0.0254447453437425,4840,FALSE
Pv2.1_06_21220240_A/G,Chr06,21220240,0.0254426553269611,4841,FALSE
Pv2.1_08_62929904_A/G,Chr08,62929904,0.0254417634045097,4842,FALSE
Pv2.1_08_62929907_C/T,Chr08,62929907,0.0254417634045097,4843,FALSE
Pv2.1_11_50574191_G/C,Chr11,50574191,0.0254413420118347,4844,FALSE
Pv2.1_02_47592217_A/G,Chr02,47592217,0.0254406304699399,4845,FALSE
Pv2.1_06_20854430_C/T,Chr06,20854430,0.0254387681764783,4846,FALSE
Pv2.1_02_27666886_G/A,Chr02,27666886,0.0254371211093485,4847,FALSE
Pv2.1_02_48416794_AT/A,Chr02,48416794,0.0254368422687872,4848,FALSE
Pv2.1_09_36036569_T/A,Chr09,36036569,0.025436793258574,4849,FALSE
Pv2.1_03_9427487_G/A,Chr03,9427487,0.0254353910683016,4850,FALSE
Pv2.1_04_17454557_C/T,Chr04,17454557,0.0254352801813118,4851,FALSE
Pv2.1_01_1355406_T/G,Chr01,1355406,0.0254351645987012,4852,FALSE
Pv2.1_03_7208959_A/C,Chr03,7208959,0.0254313338626471,4853,FALSE
Pv2.1_10_42164255_A/T,Chr10,42164255,0.0254291159103826,4854,FALSE
Pv2.1_06_30550677_C/T,Chr06,30550677,0.0254288443893005,4855,FALSE
Pv2.1_06_20792774_T/C,Chr06,20792774,0.0254272270966949,4856,FALSE
Pv2.1_02_44714144_T/C,Chr02,44714144,0.0254267648866922,4857,FALSE
Pv2.1_11_1016351_A/T,Chr11,1016351,0.0254263676521798,4858,FALSE
Pv2.1_01_105854_C/T,Chr01,105854,0.0254243890096495,4859,FALSE
Pv2.1_10_6648657_A/T,Chr10,6648657,0.025422934698522,4860,FALSE
Pv2.1_06_18934450_T/C,Chr06,18934450,0.0254225521343501,4861,FALSE
Pv2.1_06_26552979_G/A,Chr06,26552979,0.0254221461632889,4862,FALSE
Pv2.1_06_14037821_A/T,Chr06,14037821,0.0254188873233217,4863,FALSE
Pv2.1_11_50054854_G/A,Chr11,50054854,0.0254173610529778,4864,FALSE
Pv2.1_05_39242027_T/C,Chr05,39242027,0.0254136166646997,4865,FALSE
Pv2.1_06_17352394_G/A,Chr06,17352394,0.025412361077227,4866,FALSE
Pv2.1_03_45753130_T/G,Chr03,45753130,0.0254107947071858,4867,FALSE
Pv2.1_01_2280605_G/A,Chr01,2280605,0.0254090321254972,4868,FALSE
Pv2.1_10_42475118_T/C,Chr10,42475118,0.0254074595873779,4869,FALSE
Pv2.1_07_6697825_A/G,Chr07,6697825,0.0254069436751907,4870,FALSE
Pv2.1_11_53419933_T/A,Chr11,53419933,0.0254067632326063,4871,FALSE
Pv2.1_10_5915432_T/G,Chr10,5915432,0.0254057756122612,4872,FALSE
Pv2.1_10_5915450_T/A,Chr10,5915450,0.0254057756122612,4873,FALSE
Pv2.1_09_14446570_C/T,Chr09,14446570,0.0254021250121572,4874,FALSE
Pv2.1_11_3941081_G/A,Chr11,3941081,0.0253999614481382,4875,FALSE
Pv2.1_07_1018465_G/A,Chr07,1018465,0.025397990013619,4876,FALSE
Pv2.1_11_52978224_C/CA,Chr11,52978224,0.025397613684369,4877,FALSE
Pv2.1_09_36515173_T/C,Chr09,36515173,0.025395411150051,4878,FALSE
Pv2.1_07_9950797_C/T,Chr07,9950797,0.0253922164103835,4879,FALSE
Pv2.1_04_4574867_A/G,Chr04,4574867,0.0253907369608748,4880,FALSE
Pv2.1_03_7674539_G/T,Chr03,7674539,0.0253840556171414,4881,FALSE
Pv2.1_08_53291976_G/C,Chr08,53291976,0.0253791997068098,4882,FALSE
Pv2.1_11_1004565_G/A,Chr11,1004565,0.0253707757654706,4883,FALSE
Pv2.1_09_36709161_C/T,Chr09,36709161,0.0253635147515467,4884,FALSE
Pv2.1_10_2185323_T/G,Chr10,2185323,0.0253622574958072,4885,FALSE
Pv2.1_02_45689627_A/G,Chr02,45689627,0.0253614693361319,4886,FALSE
Pv2.1_07_7517921_T/A,Chr07,7517921,0.0253587968671316,4887,FALSE
Pv2.1_06_24104698_G/C,Chr06,24104698,0.0253587473374615,4888,FALSE
Pv2.1_07_37122998_A/T,Chr07,37122998,0.02535695904972,4889,FALSE
Pv2.1_03_51262962_T/A,Chr03,51262962,0.0253552513144308,4890,FALSE
Pv2.1_08_9096246_G/A,Chr08,9096246,0.0253523801340987,4891,FALSE
Pv2.1_11_983067_T/G,Chr11,983067,0.0253494476015645,4892,FALSE
Pv2.1_06_2196884_C/T,Chr06,2196884,0.0253487736881066,4893,FALSE
Pv2.1_07_9149470_C/A,Chr07,9149470,0.0253470119690267,4894,FALSE
Pv2.1_07_10245517_G/C,Chr07,10245517,0.0253461664000034,4895,FALSE
Pv2.1_07_10245521_A/C,Chr07,10245521,0.0253461664000034,4896,FALSE
Pv2.1_10_42512962_G/A,Chr10,42512962,0.0253426059163542,4897,FALSE
Pv2.1_03_48574883_T/C,Chr03,48574883,0.0253386100789541,4898,FALSE
Pv2.1_06_22373875_T/C,Chr06,22373875,0.0253381959055874,4899,FALSE
Pv2.1_02_34838636_G/C,Chr02,34838636,0.025337224886826,4900,FALSE
Pv2.1_09_37812772_G/A,Chr09,37812772,0.0253341173354547,4901,FALSE
Pv2.1_06_14106874_G/A,Chr06,14106874,0.0253318707895573,4902,FALSE
Pv2.1_07_22229735_G/A,Chr07,22229735,0.0253317332515812,4903,FALSE
Pv2.1_03_8030651_T/TTTA,Chr03,8030651,0.0253306747590027,4904,FALSE
Pv2.1_01_5014123_T/C,Chr01,5014123,0.0253293321527486,4905,FALSE
Pv2.1_02_560123_C/T,Chr02,560123,0.0253274558456171,4906,FALSE
Pv2.1_03_30411816_C/T,Chr03,30411816,0.0253270805959502,4907,FALSE
Pv2.1_11_50263215_T/A,Chr11,50263215,0.0253266424684715,4908,FALSE
Pv2.1_06_21174909_A/T,Chr06,21174909,0.0253259763574896,4909,FALSE
Pv2.1_02_46811040_T/A,Chr02,46811040,0.0253256333166307,4910,FALSE
Pv2.1_09_37563700_A/G,Chr09,37563700,0.0253211655418664,4911,FALSE
Pv2.1_09_12157069_GT/G,Chr09,12157069,0.0253205252433579,4912,FALSE
Pv2.1_09_13933700_T/C,Chr09,13933700,0.0253184668474957,4913,FALSE
Pv2.1_07_8457270_C/T,Chr07,8457270,0.0253180942153959,4914,FALSE
Pv2.1_04_4342387_A/T,Chr04,4342387,0.0253175930545115,4915,FALSE
Pv2.1_07_10378406_G/T,Chr07,10378406,0.0253140530954861,4916,FALSE
Pv2.1_06_6728096_G/A,Chr06,6728096,0.0253057193317794,4917,FALSE
Pv2.1_05_39352097_G/C,Chr05,39352097,0.0253034566834733,4918,FALSE
Pv2.1_04_47099325_A/T,Chr04,47099325,0.0253019925545805,4919,FALSE
Pv2.1_08_43079733_G/A,Chr08,43079733,0.0253001166690847,4920,FALSE
Pv2.1_05_2918551_C/T,Chr05,2918551,0.0252962648546804,4921,FALSE
Pv2.1_08_58386470_T/C,Chr08,58386470,0.0252961915384282,4922,FALSE
Pv2.1_06_19446501_C/G,Chr06,19446501,0.0252942117613584,4923,FALSE
Pv2.1_06_21093562_A/G,Chr06,21093562,0.0252845602473837,4924,FALSE
Pv2.1_06_21093583_A/G,Chr06,21093583,0.0252845602473837,4925,FALSE
Pv2.1_06_15319270_G/A,Chr06,15319270,0.0252824634155058,4926,FALSE
Pv2.1_07_37986067_T/C,Chr07,37986067,0.0252802843449809,4927,FALSE
Pv2.1_02_49587978_CTTA/C,Chr02,49587978,0.0252797449365985,4928,FALSE
Pv2.1_06_21414415_A/T,Chr06,21414415,0.0252786886413716,4929,FALSE
Pv2.1_08_7844093_C/T,Chr08,7844093,0.0252778639433711,4930,FALSE
Pv2.1_09_10496962_T/C,Chr09,10496962,0.0252748533618647,4931,FALSE
Pv2.1_09_37528746_G/A,Chr09,37528746,0.0252718177209643,4932,FALSE
Pv2.1_03_40715299_C/T,Chr03,40715299,0.0252715384553999,4933,FALSE
Pv2.1_02_39973437_A/T,Chr02,39973437,0.0252676177130473,4934,FALSE
Pv2.1_04_41855293_C/T,Chr04,41855293,0.0252660432028047,4935,FALSE
Pv2.1_04_5395370_T/C,Chr04,5395370,0.0252567229775522,4936,FALSE
Pv2.1_10_42966116_T/C,Chr10,42966116,0.02525624031201,4937,FALSE
Pv2.1_08_57682468_G/T,Chr08,57682468,0.025248426520105,4938,FALSE
Pv2.1_07_5637927_A/T,Chr07,5637927,0.0252483817090781,4939,FALSE
Pv2.1_11_982747_G/A,Chr11,982747,0.0252478654428678,4940,FALSE
Pv2.1_08_58384051_C/T,Chr08,58384051,0.0252407078564239,4941,FALSE
Pv2.1_06_20409412_T/A,Chr06,20409412,0.0252386947101946,4942,FALSE
Pv2.1_01_42972011_G/A,Chr01,42972011,0.025235120942166,4943,FALSE
Pv2.1_08_62894959_G/C,Chr08,62894959,0.0252286324629858,4944,FALSE
Pv2.1_06_19335034_A/C,Chr06,19335034,0.0252210709567255,4945,FALSE
Pv2.1_04_42163119_G/A,Chr04,42163119,0.0252203389711427,4946,FALSE
Pv2.1_06_22450330_A/G,Chr06,22450330,0.0252162434998002,4947,FALSE
Pv2.1_02_23139187_A/G,Chr02,23139187,0.0252161785926388,4948,FALSE
Pv2.1_08_53491329_A/G,Chr08,53491329,0.025214730046514,4949,FALSE
Pv2.1_06_9270760_A/T,Chr06,9270760,0.025212719918748,4950,FALSE
Pv2.1_03_2589785_C/G,Chr03,2589785,0.0252088009800162,4951,FALSE
Pv2.1_03_49131472_A/C,Chr03,49131472,0.0252054769667418,4952,FALSE
Pv2.1_01_51065756_A/G,Chr01,51065756,0.0252042863104727,4953,FALSE
Pv2.1_08_61240438_G/A,Chr08,61240438,0.0252003481793173,4954,FALSE
Pv2.1_06_24115862_G/A,Chr06,24115862,0.0251942441905846,4955,FALSE
Pv2.1_01_3365786_G/C,Chr01,3365786,0.0251904883537843,4956,FALSE
Pv2.1_08_62807760_T/G,Chr08,62807760,0.0251904645033099,4957,FALSE
Pv2.1_06_14661470_C/A,Chr06,14661470,0.0251902458953062,4958,FALSE
Pv2.1_06_21245405_C/T,Chr06,21245405,0.0251896136419352,4959,FALSE
Pv2.1_06_21245454_T/G,Chr06,21245454,0.0251896136419352,4960,FALSE
Pv2.1_05_11706427_A/T,Chr05,11706427,0.0251878772841256,4961,FALSE
Pv2.1_08_62327681_C/T,Chr08,62327681,0.0251822215444624,4962,FALSE
Pv2.1_04_9704223_A/T,Chr04,9704223,0.0251820368504085,4963,FALSE
Pv2.1_09_36804866_A/C,Chr09,36804866,0.0251817478139622,4964,FALSE
Pv2.1_03_7189005_C/T,Chr03,7189005,0.0251813754411794,4965,FALSE
Pv2.1_03_7189008_C/A,Chr03,7189008,0.0251813754411794,4966,FALSE
Pv2.1_07_9908293_A/G,Chr07,9908293,0.0251805438731405,4967,FALSE
Pv2.1_02_25542798_A/C,Chr02,25542798,0.0251802456616668,4968,FALSE
Pv2.1_10_42039007_G/T,Chr10,42039007,0.0251764010625775,4969,FALSE
Pv2.1_10_433995_A/T,Chr10,433995,0.0251697828466315,4970,FALSE
Pv2.1_03_1519585_A/G,Chr03,1519585,0.0251649449788882,4971,FALSE
Pv2.1_09_28333626_GA/G,Chr09,28333626,0.0251637997366574,4972,FALSE
Pv2.1_09_29311164_G/A,Chr09,29311164,0.025162841043088,4973,FALSE
Pv2.1_09_36432254_A/G,Chr09,36432254,0.025160220865919,4974,FALSE
Pv2.1_07_38158118_C/A,Chr07,38158118,0.0251595113174545,4975,FALSE
Pv2.1_07_5762009_A/T,Chr07,5762009,0.025158744251597,4976,FALSE
Pv2.1_03_7660442_T/A,Chr03,7660442,0.0251585243523818,4977,FALSE
Pv2.1_03_40856601_G/T,Chr03,40856601,0.0251567263674053,4978,FALSE
Pv2.1_07_594401_T/A,Chr07,594401,0.0251564324088553,4979,FALSE
Pv2.1_08_9707481_T/C,Chr08,9707481,0.0251561133063074,4980,FALSE
Pv2.1_10_4260328_G/C,Chr10,4260328,0.0251552591243698,4981,FALSE
Pv2.1_04_281348_A/G,Chr04,281348,0.0251546145497019,4982,FALSE
Pv2.1_06_21410043_C/CTTATG,Chr06,21410043,0.0251543463595518,4983,FALSE
Pv2.1_11_32258525_T/C,Chr11,32258525,0.0251530492790111,4984,FALSE
Pv2.1_06_21561422_A/C,Chr06,21561422,0.025152573250173,4985,FALSE
Pv2.1_09_36794479_A/G,Chr09,36794479,0.0251509127202834,4986,FALSE
Pv2.1_06_22450036_C/T,Chr06,22450036,0.025150652679911,4987,FALSE
Pv2.1_11_30409019_C/T,Chr11,30409019,0.0251500712979627,4988,FALSE
Pv2.1_11_2713386_A/G,Chr11,2713386,0.0251487313178527,4989,FALSE
Pv2.1_07_9326964_G/T,Chr07,9326964,0.0251481832304323,4990,FALSE
Pv2.1_11_1248789_G/GTTA,Chr11,1248789,0.025146967519222,4991,FALSE
Pv2.1_01_46383217_G/A,Chr01,46383217,0.0251466687561064,4992,FALSE
Pv2.1_06_21370261_G/C,Chr06,21370261,0.0251394499733681,4993,FALSE
Pv2.1_02_47386782_G/A,Chr02,47386782,0.0251382408229532,4994,FALSE
Pv2.1_04_2047832_C/T,Chr04,2047832,0.0251373529489305,4995,FALSE
Pv2.1_08_61858904_T/C,Chr08,61858904,0.0251353697760277,4996,FALSE
Pv2.1_06_25291304_G/C,Chr06,25291304,0.0251351208016697,4997,FALSE
Pv2.1_07_27221914_C/G,Chr07,27221914,0.0251348538011134,4998,FALSE
Pv2.1_05_2918539_T/C,Chr05,2918539,0.0251343829218786,4999,FALSE
Pv2.1_07_21118916_A/G,Chr07,21118916,0.0251324331983591,5000,FALSE
Pv2.1_08_62588879_G/A,Chr08,62588879,0.0251311458224803,5001,FALSE
Pv2.1_02_49625983_C/T,Chr02,49625983,0.0251305140445908,5002,FALSE
Pv2.1_04_12778408_A/T,Chr04,12778408,0.0251304415919367,5003,FALSE
Pv2.1_03_45462955_C/G,Chr03,45462955,0.0251283880011362,5004,FALSE
Pv2.1_07_563124_A/C,Chr07,563124,0.0251226038063379,5005,FALSE
Pv2.1_10_41264862_T/C,Chr10,41264862,0.0251208211711096,5006,FALSE
Pv2.1_02_33254640_T/A,Chr02,33254640,0.0251207420931356,5007,FALSE
Pv2.1_02_33254677_G/T,Chr02,33254677,0.0251207420931356,5008,FALSE
Pv2.1_11_50578922_T/C,Chr11,50578922,0.0251056896331447,5009,FALSE
Pv2.1_05_112799_T/C,Chr05,112799,0.0251007857482755,5010,FALSE
Pv2.1_07_1199636_T/C,Chr07,1199636,0.0251007196244073,5011,FALSE
Pv2.1_06_20904490_T/A,Chr06,20904490,0.0250984132645855,5012,FALSE
Pv2.1_08_61730207_A/T,Chr08,61730207,0.0250945456735407,5013,FALSE
Pv2.1_02_31262665_G/A,Chr02,31262665,0.0250915377080974,5014,FALSE
Pv2.1_01_49443498_A/C,Chr01,49443498,0.0250912522877291,5015,FALSE
Pv2.1_06_25291281_C/T,Chr06,25291281,0.0250887071022046,5016,FALSE
Pv2.1_03_52773454_G/A,Chr03,52773454,0.025087872453776,5017,FALSE
Pv2.1_06_21220322_A/G,Chr06,21220322,0.0250834437000904,5018,FALSE
Pv2.1_07_9337520_T/A,Chr07,9337520,0.0250812180618891,5019,FALSE
Pv2.1_08_3706460_C/T,Chr08,3706460,0.0250809959706686,5020,FALSE
Pv2.1_06_24104639_C/T,Chr06,24104639,0.0250791460883302,5021,FALSE
Pv2.1_01_4066525_G/A,Chr01,4066525,0.0250790852211904,5022,FALSE
Pv2.1_06_24233430_C/A,Chr06,24233430,0.0250744577812951,5023,FALSE
Pv2.1_07_6728411_T/A,Chr07,6728411,0.0250695677516375,5024,FALSE
Pv2.1_04_2413495_C/T,Chr04,2413495,0.0250684683292515,5025,FALSE
Pv2.1_09_36911713_T/G,Chr09,36911713,0.0250680935252658,5026,FALSE
Pv2.1_08_62447286_G/A,Chr08,62447286,0.0250645639094445,5027,FALSE
Pv2.1_09_35927095_G/T,Chr09,35927095,0.0250619567440937,5028,FALSE
Pv2.1_08_62787568_G/C,Chr08,62787568,0.0250607349309879,5029,FALSE
Pv2.1_08_1583365_GGTGA/G,Chr08,1583365,0.0250607302465586,5030,FALSE
Pv2.1_08_58435645_G/C,Chr08,58435645,0.0250602823415727,5031,FALSE
Pv2.1_01_3238337_T/C,Chr01,3238337,0.0250602813315481,5032,FALSE
Pv2.1_07_2506126_C/T,Chr07,2506126,0.0250565224885975,5033,FALSE
Pv2.1_05_1569166_A/G,Chr05,1569166,0.0250535728193251,5034,FALSE
Pv2.1_04_43641332_T/G,Chr04,43641332,0.0250534220637881,5035,FALSE
Pv2.1_01_3198566_T/C,Chr01,3198566,0.0250511419884898,5036,FALSE
Pv2.1_07_133744_C/G,Chr07,133744,0.0250499110528399,5037,FALSE
Pv2.1_05_21533458_T/A,Chr05,21533458,0.0250480237028277,5038,FALSE
Pv2.1_05_37991577_A/G,Chr05,37991577,0.0250477396033517,5039,FALSE
Pv2.1_03_40736314_C/T,Chr03,40736314,0.0250468912445569,5040,FALSE
Pv2.1_11_3970883_AT/A,Chr11,3970883,0.0250460403562802,5041,FALSE
Pv2.1_06_11654088_A/C,Chr06,11654088,0.0250447767204567,5042,FALSE
Pv2.1_06_29634962_G/C,Chr06,29634962,0.0250430809996791,5043,FALSE
Pv2.1_03_49777953_C/A,Chr03,49777953,0.0250407562213018,5044,FALSE
Pv2.1_03_979862_A/G,Chr03,979862,0.0250380540587871,5045,FALSE
Pv2.1_11_42274789_T/A,Chr11,42274789,0.0250335130175787,5046,FALSE
Pv2.1_05_35669274_T/G,Chr05,35669274,0.0250329187666769,5047,FALSE
Pv2.1_07_38655002_T/A,Chr07,38655002,0.0250311444086568,5048,FALSE
Pv2.1_10_31144240_C/A,Chr10,31144240,0.0250305421952959,5049,FALSE
Pv2.1_07_38084141_A/T,Chr07,38084141,0.0250304999819013,5050,FALSE
Pv2.1_08_11728290_G/A,Chr08,11728290,0.0250302902462276,5051,FALSE
Pv2.1_08_62795991_T/G,Chr08,62795991,0.0250152381605409,5052,FALSE
Pv2.1_06_12372431_G/A,Chr06,12372431,0.0250147543099217,5053,FALSE
Pv2.1_04_4914944_T/C,Chr04,4914944,0.025013083674259,5054,FALSE
Pv2.1_02_41768915_C/A,Chr02,41768915,0.025006997046372,5055,FALSE
Pv2.1_06_21012695_T/A,Chr06,21012695,0.0250027749088062,5056,FALSE
Pv2.1_07_3313475_G/A,Chr07,3313475,0.0249969059648527,5057,FALSE
Pv2.1_07_3313494_G/A,Chr07,3313494,0.0249969059648527,5058,FALSE
Pv2.1_11_16483850_G/A,Chr11,16483850,0.0249963189608127,5059,FALSE
Pv2.1_01_51186402_C/A,Chr01,51186402,0.0249905521615603,5060,FALSE
Pv2.1_08_62795999_G/A,Chr08,62795999,0.0249899931789979,5061,FALSE
Pv2.1_05_38217379_A/T,Chr05,38217379,0.0249792991816538,5062,FALSE
Pv2.1_04_41987684_G/A,Chr04,41987684,0.024979219080016,5063,FALSE
Pv2.1_07_36205682_T/C,Chr07,36205682,0.0249776915413236,5064,FALSE
Pv2.1_03_32532209_C/T,Chr03,32532209,0.0249757543293585,5065,FALSE
Pv2.1_02_41815237_G/T,Chr02,41815237,0.0249715648906244,5066,FALSE
Pv2.1_03_10176300_T/A,Chr03,10176300,0.0249695625405391,5067,FALSE
Pv2.1_06_26553047_A/T,Chr06,26553047,0.024968049291056,5068,FALSE
Pv2.1_02_26242552_T/C,Chr02,26242552,0.0249675308811108,5069,FALSE
Pv2.1_10_43544661_G/A,Chr10,43544661,0.0249632452487925,5070,FALSE
Pv2.1_02_29924438_C/T,Chr02,29924438,0.0249628834537536,5071,FALSE
Pv2.1_08_62749995_G/A,Chr08,62749995,0.0249609022612458,5072,FALSE
Pv2.1_08_53469776_C/T,Chr08,53469776,0.0249592086015467,5073,FALSE
Pv2.1_06_20307468_A/G,Chr06,20307468,0.0249546397339921,5074,FALSE
Pv2.1_11_2859330_T/C,Chr11,2859330,0.0249523499555879,5075,FALSE
Pv2.1_03_52508209_G/C,Chr03,52508209,0.0249515537631977,5076,FALSE
Pv2.1_04_528520_T/A,Chr04,528520,0.0249497038684612,5077,FALSE
Pv2.1_03_7189014_T/G,Chr03,7189014,0.0249486843962212,5078,FALSE
Pv2.1_01_1639069_A/C,Chr01,1639069,0.0249480559084501,5079,FALSE
Pv2.1_08_62819005_G/A,Chr08,62819005,0.0249461641275079,5080,FALSE
Pv2.1_05_38841140_T/A,Chr05,38841140,0.0249443773446396,5081,FALSE
Pv2.1_02_2285546_G/A,Chr02,2285546,0.0249434111261149,5082,FALSE
Pv2.1_03_52871666_G/A,Chr03,52871666,0.0249407034181153,5083,FALSE
Pv2.1_02_4016344_C/T,Chr02,4016344,0.0249370518852028,5084,FALSE
Pv2.1_01_2850786_C/T,Chr01,2850786,0.0249363731837491,5085,FALSE
Pv2.1_07_7684221_C/T,Chr07,7684221,0.0249340489898304,5086,FALSE
Pv2.1_11_49342254_C/G,Chr11,49342254,0.0249334529683667,5087,FALSE
Pv2.1_06_10581518_G/C,Chr06,10581518,0.0249331592399136,5088,FALSE
Pv2.1_11_4498511_A/G,Chr11,4498511,0.0249310427366636,5089,FALSE
Pv2.1_05_40628769_A/G,Chr05,40628769,0.0249308525299439,5090,FALSE
Pv2.1_02_28045906_C/A,Chr02,28045906,0.0249293344947019,5091,FALSE
Pv2.1_08_62950750_C/T,Chr08,62950750,0.0249292741879517,5092,FALSE
Pv2.1_04_4574919_T/A,Chr04,4574919,0.024925442334347,5093,FALSE
Pv2.1_06_29955864_G/A,Chr06,29955864,0.0249231662635938,5094,FALSE
Pv2.1_07_7039151_G/A,Chr07,7039151,0.0249197760319517,5095,FALSE
Pv2.1_06_15481164_T/A,Chr06,15481164,0.024919294150954,5096,FALSE
Pv2.1_11_4617934_A/G,Chr11,4617934,0.0249160522472884,5097,FALSE
Pv2.1_04_4561447_T/G,Chr04,4561447,0.0249102301262187,5098,FALSE
Pv2.1_09_29768083_A/G,Chr09,29768083,0.0249100358355281,5099,FALSE
Pv2.1_07_39361182_G/A,Chr07,39361182,0.0249067069748152,5100,FALSE
Pv2.1_06_4809493_C/G,Chr06,4809493,0.0249052988598226,5101,FALSE
Pv2.1_09_37800058_C/T,Chr09,37800058,0.0249049450097529,5102,FALSE
Pv2.1_04_271459_C/T,Chr04,271459,0.024900106176371,5103,FALSE
Pv2.1_08_62890833_A/C,Chr08,62890833,0.0248989663818406,5104,FALSE
Pv2.1_10_5039243_C/G,Chr10,5039243,0.024897416928833,5105,FALSE
Pv2.1_02_33604678_G/C,Chr02,33604678,0.0248966984873675,5106,FALSE
Pv2.1_07_36237616_C/T,Chr07,36237616,0.0248935138748361,5107,FALSE
Pv2.1_07_5516498_G/T,Chr07,5516498,0.0248927367738903,5108,FALSE
Pv2.1_07_3313545_T/C,Chr07,3313545,0.0248893756056172,5109,FALSE
Pv2.1_10_42679072_A/T,Chr10,42679072,0.0248882287493677,5110,FALSE
Pv2.1_07_4755459_A/T,Chr07,4755459,0.0248862744031886,5111,FALSE
Pv2.1_04_146620_A/G,Chr04,146620,0.0248853333089141,5112,FALSE
Pv2.1_03_7675292_T/C,Chr03,7675292,0.0248846207640945,5113,FALSE
Pv2.1_04_47716306_C/T,Chr04,47716306,0.0248842121074246,5114,FALSE
Pv2.1_07_4245047_A/G,Chr07,4245047,0.0248805648660442,5115,FALSE
Pv2.1_07_6784748_C/T,Chr07,6784748,0.0248803145071137,5116,FALSE
Pv2.1_07_6784761_C/G,Chr07,6784761,0.0248803145071137,5117,FALSE
Pv2.1_11_3659010_G/C,Chr11,3659010,0.0248747984128106,5118,FALSE
Pv2.1_03_52855565_A/C,Chr03,52855565,0.0248744863159862,5119,FALSE
Pv2.1_03_11945997_T/C,Chr03,11945997,0.0248744281625388,5120,FALSE
Pv2.1_03_45934687_G/C,Chr03,45934687,0.0248673122294796,5121,FALSE
Pv2.1_10_5915873_A/C,Chr10,5915873,0.0248671233084163,5122,FALSE
Pv2.1_05_3186438_T/C,Chr05,3186438,0.0248637309826019,5123,FALSE
Pv2.1_10_40046111_A/G,Chr10,40046111,0.024862431191873,5124,FALSE
Pv2.1_07_37423937_A/T,Chr07,37423937,0.0248616524344243,5125,FALSE
Pv2.1_08_62139107_C/T,Chr08,62139107,0.0248598845875114,5126,FALSE
Pv2.1_06_3348609_G/A,Chr06,3348609,0.0248586607030044,5127,FALSE
Pv2.1_11_53551647_A/G,Chr11,53551647,0.0248557342277316,5128,FALSE
Pv2.1_06_28593057_C/G,Chr06,28593057,0.024855204217618,5129,FALSE
Pv2.1_08_10296219_C/G,Chr08,10296219,0.0248547480393384,5130,FALSE
Pv2.1_05_255769_T/A,Chr05,255769,0.0248540834810025,5131,FALSE
Pv2.1_03_40906067_A/G,Chr03,40906067,0.0248519359849091,5132,FALSE
Pv2.1_10_42039002_T/C,Chr10,42039002,0.0248506223297813,5133,FALSE
Pv2.1_05_4530880_T/C,Chr05,4530880,0.0248490308229785,5134,FALSE
Pv2.1_01_4620559_C/A,Chr01,4620559,0.0248475716997101,5135,FALSE
Pv2.1_01_51193012_T/A,Chr01,51193012,0.0248473202070798,5136,FALSE
Pv2.1_05_11941974_A/G,Chr05,11941974,0.0248454816128758,5137,FALSE
Pv2.1_08_13361339_A/T,Chr08,13361339,0.0248439241351717,5138,FALSE
Pv2.1_09_29132506_A/G,Chr09,29132506,0.0248434650361613,5139,FALSE
Pv2.1_06_22989520_C/A,Chr06,22989520,0.0248431180574329,5140,FALSE
Pv2.1_06_22989572_G/A,Chr06,22989572,0.0248431180574329,5141,FALSE
Pv2.1_04_7455241_A/T,Chr04,7455241,0.0248422880792032,5142,FALSE
Pv2.1_05_120655_C/T,Chr05,120655,0.0248390228949416,5143,FALSE
Pv2.1_08_1174466_T/C,Chr08,1174466,0.0248387934245042,5144,FALSE
Pv2.1_11_53543510_A/G,Chr11,53543510,0.0248379496713316,5145,FALSE
Pv2.1_10_2346237_A/T,Chr10,2346237,0.0248342299362854,5146,FALSE
Pv2.1_06_21824697_T/C,Chr06,21824697,0.0248282821608394,5147,FALSE
Pv2.1_06_2594536_T/C,Chr06,2594536,0.0248280623288504,5148,FALSE
Pv2.1_03_36395591_C/T,Chr03,36395591,0.024827608552501,5149,FALSE
Pv2.1_02_31490872_T/TAAC,Chr02,31490872,0.0248276009863395,5150,FALSE
Pv2.1_08_44587750_T/A,Chr08,44587750,0.0248266210244124,5151,FALSE
Pv2.1_02_26914440_T/C,Chr02,26914440,0.0248256347208029,5152,FALSE
Pv2.1_07_594452_T/C,Chr07,594452,0.0248253068641278,5153,FALSE
Pv2.1_08_58393612_G/A,Chr08,58393612,0.0248236113427409,5154,FALSE
Pv2.1_11_2078531_A/C,Chr11,2078531,0.0248200254973558,5155,FALSE
Pv2.1_06_18848357_G/A,Chr06,18848357,0.0248196211266905,5156,FALSE
Pv2.1_08_45138182_C/T,Chr08,45138182,0.0248161836536456,5157,FALSE
Pv2.1_07_3644749_G/T,Chr07,3644749,0.0248153391557593,5158,FALSE
Pv2.1_08_58963094_G/C,Chr08,58963094,0.0248134810869307,5159,FALSE
Pv2.1_04_11044472_C/T,Chr04,11044472,0.0248133860514885,5160,FALSE
Pv2.1_03_1303436_T/G,Chr03,1303436,0.0248125559240116,5161,FALSE
Pv2.1_03_2580021_G/C,Chr03,2580021,0.0248107689394765,5162,FALSE
Pv2.1_09_36749309_CA/C,Chr09,36749309,0.0248106913108028,5163,FALSE
Pv2.1_01_143920_G/A,Chr01,143920,0.0248097078690552,5164,FALSE
Pv2.1_08_61034278_G/A,Chr08,61034278,0.0248066838581194,5165,FALSE
Pv2.1_09_14241230_T/C,Chr09,14241230,0.0248057810897802,5166,FALSE
Pv2.1_06_21693622_G/C,Chr06,21693622,0.0248021814871855,5167,FALSE
Pv2.1_06_6730390_A/T,Chr06,6730390,0.0248016475837725,5168,FALSE
Pv2.1_08_6225241_A/T,Chr08,6225241,0.0247994305546921,5169,FALSE
Pv2.1_03_42007067_C/T,Chr03,42007067,0.0247948293612357,5170,FALSE
Pv2.1_09_10457144_AT/A,Chr09,10457144,0.0247948003919314,5171,FALSE
Pv2.1_03_1303451_T/C,Chr03,1303451,0.0247930767062057,5172,FALSE
Pv2.1_08_7027243_T/A,Chr08,7027243,0.0247883353338354,5173,FALSE
Pv2.1_10_4355205_T/C,Chr10,4355205,0.0247837413077514,5174,FALSE
Pv2.1_05_11706426_A/T,Chr05,11706426,0.024783618808724,5175,FALSE
Pv2.1_05_11706428_A/T,Chr05,11706428,0.024783618808724,5176,FALSE
Pv2.1_10_9140803_G/A,Chr10,9140803,0.0247816121163349,5177,FALSE
Pv2.1_08_61885667_T/C,Chr08,61885667,0.0247811400005116,5178,FALSE
Pv2.1_11_254433_T/C,Chr11,254433,0.0247781480250122,5179,FALSE
Pv2.1_09_38133916_T/A,Chr09,38133916,0.0247765548106562,5180,FALSE
Pv2.1_11_2129900_A/C,Chr11,2129900,0.0247756174840053,5181,FALSE
Pv2.1_02_26909822_A/G,Chr02,26909822,0.0247753936956494,5182,FALSE
Pv2.1_08_9926043_A/G,Chr08,9926043,0.0247745302090459,5183,FALSE
Pv2.1_03_45469289_A/T,Chr03,45469289,0.024774083757503,5184,FALSE
Pv2.1_08_62576996_T/C,Chr08,62576996,0.0247708445388275,5185,FALSE
Pv2.1_02_667768_G/A,Chr02,667768,0.0247704873866006,5186,FALSE
Pv2.1_05_39334671_T/G,Chr05,39334671,0.0247680853530872,5187,FALSE
Pv2.1_04_47262289_C/T,Chr04,47262289,0.0247674801447602,5188,FALSE
Pv2.1_09_28252357_C/T,Chr09,28252357,0.0247669412733864,5189,FALSE
Pv2.1_04_3753539_G/T,Chr04,3753539,0.0247624669950937,5190,FALSE
Pv2.1_08_62952451_T/C,Chr08,62952451,0.0247624358907985,5191,FALSE
Pv2.1_08_62952463_T/A,Chr08,62952463,0.0247624358907985,5192,FALSE
Pv2.1_08_62952491_A/G,Chr08,62952491,0.0247624358907985,5193,FALSE
Pv2.1_05_38349808_C/T,Chr05,38349808,0.0247590185262161,5194,FALSE
Pv2.1_05_38349841_C/A,Chr05,38349841,0.0247590185262161,5195,FALSE
Pv2.1_02_48755307_G/A,Chr02,48755307,0.0247569071023106,5196,FALSE
Pv2.1_09_38119558_C/T,Chr09,38119558,0.0247562615509431,5197,FALSE
Pv2.1_11_2101477_C/A,Chr11,2101477,0.0247528152385272,5198,FALSE
Pv2.1_06_16837683_G/A,Chr06,16837683,0.0247513554309147,5199,FALSE
Pv2.1_10_42047025_C/T,Chr10,42047025,0.0247510600112197,5200,FALSE
Pv2.1_02_37592388_C/T,Chr02,37592388,0.0247484067390054,5201,FALSE
Pv2.1_09_12132510_G/A,Chr09,12132510,0.0247460216028435,5202,FALSE
Pv2.1_02_47585811_T/A,Chr02,47585811,0.0247410929587164,5203,FALSE
Pv2.1_02_7480036_T/G,Chr02,7480036,0.0247386747922285,5204,FALSE
Pv2.1_08_58173133_A/G,Chr08,58173133,0.0247360186700658,5205,FALSE
Pv2.1_10_6165993_G/A,Chr10,6165993,0.0247297948388985,5206,FALSE
Pv2.1_04_2032755_A/T,Chr04,2032755,0.0247296182052224,5207,FALSE
Pv2.1_01_51096113_G/T,Chr01,51096113,0.0247285563400164,5208,FALSE
Pv2.1_05_38217202_G/T,Chr05,38217202,0.0247282376403213,5209,FALSE
Pv2.1_08_4386582_G/A,Chr08,4386582,0.0247282207701551,5210,FALSE
Pv2.1_06_16011635_T/G,Chr06,16011635,0.0247263929508712,5211,FALSE
Pv2.1_09_28287061_TG/T,Chr09,28287061,0.0247199197168042,5212,FALSE
Pv2.1_03_6810073_T/C,Chr03,6810073,0.0247180432224341,5213,FALSE
Pv2.1_03_6810073_T/G,Chr03,6810073,0.0247180432224341,5214,FALSE
Pv2.1_08_62710628_T/C,Chr08,62710628,0.0247174733487832,5215,FALSE
Pv2.1_10_5094849_G/A,Chr10,5094849,0.0247156349908257,5216,FALSE
Pv2.1_08_44528183_T/G,Chr08,44528183,0.0247148860262505,5217,FALSE
Pv2.1_05_40676881_G/A,Chr05,40676881,0.0247144755939588,5218,FALSE
Pv2.1_04_2047830_A/T,Chr04,2047830,0.0247116500547246,5219,FALSE
Pv2.1_10_4904307_G/A,Chr10,4904307,0.0247096265367359,5220,FALSE
Pv2.1_04_120028_C/G,Chr04,120028,0.024708556943148,5221,FALSE
Pv2.1_11_3221691_C/T,Chr11,3221691,0.0247079735444986,5222,FALSE
Pv2.1_05_3782153_A/G,Chr05,3782153,0.0247010880568928,5223,FALSE
Pv2.1_03_34376414_G/GCA,Chr03,34376414,0.0247001756097411,5224,FALSE
Pv2.1_10_6165905_T/A,Chr10,6165905,0.0246977496124874,5225,FALSE
Pv2.1_07_28423385_C/G,Chr07,28423385,0.0246968930162539,5226,FALSE
Pv2.1_03_30437086_A/G,Chr03,30437086,0.0246963579124948,5227,FALSE
Pv2.1_07_9684759_G/T,Chr07,9684759,0.0246953273225548,5228,FALSE
Pv2.1_08_62819011_G/A,Chr08,62819011,0.0246929887968692,5229,FALSE
Pv2.1_08_62819016_G/T,Chr08,62819016,0.0246929887968692,5230,FALSE
Pv2.1_08_62882606_T/A,Chr08,62882606,0.024692004935551,5231,FALSE
Pv2.1_11_3135895_C/G,Chr11,3135895,0.0246916172611815,5232,FALSE
Pv2.1_11_252754_A/G,Chr11,252754,0.0246883596889074,5233,FALSE
Pv2.1_06_18211318_G/A,Chr06,18211318,0.0246836176968879,5234,FALSE
Pv2.1_08_62972908_G/A,Chr08,62972908,0.0246825256075232,5235,FALSE
Pv2.1_05_22431400_C/T,Chr05,22431400,0.0246809341934537,5236,FALSE
Pv2.1_07_38158117_T/C,Chr07,38158117,0.0246808373739582,5237,FALSE
Pv2.1_07_1199667_C/G,Chr07,1199667,0.0246748508951011,5238,FALSE
Pv2.1_06_27234603_G/C,Chr06,27234603,0.0246735433872614,5239,FALSE
Pv2.1_03_11673556_A/G,Chr03,11673556,0.024671296692655,5240,FALSE
Pv2.1_02_27981406_A/G,Chr02,27981406,0.0246708493648318,5241,FALSE
Pv2.1_02_27981406_A/T,Chr02,27981406,0.0246708493648318,5242,FALSE
Pv2.1_11_2687316_A/T,Chr11,2687316,0.0246703852479673,5243,FALSE
Pv2.1_04_4561433_A/G,Chr04,4561433,0.0246700364246562,5244,FALSE
Pv2.1_08_62139186_A/G,Chr08,62139186,0.0246698444398525,5245,FALSE
Pv2.1_08_3853188_A/T,Chr08,3853188,0.0246696188124385,5246,FALSE
Pv2.1_06_16795420_ATTTT/A,Chr06,16795420,0.0246684819988579,5247,FALSE
Pv2.1_06_21661959_T/C,Chr06,21661959,0.0246671324204968,5248,FALSE
Pv2.1_07_9181399_A/G,Chr07,9181399,0.0246595263492724,5249,FALSE
Pv2.1_03_2553788_T/C,Chr03,2553788,0.0246587833822609,5250,FALSE
Pv2.1_10_6165998_C/A,Chr10,6165998,0.0246579574973063,5251,FALSE
Pv2.1_07_5762007_C/A,Chr07,5762007,0.0246559559919017,5252,FALSE
Pv2.1_11_1072783_C/T,Chr11,1072783,0.0246551067969882,5253,FALSE
Pv2.1_02_46886395_G/A,Chr02,46886395,0.0246528379020599,5254,FALSE
Pv2.1_02_30842601_G/A,Chr02,30842601,0.0246493409927195,5255,FALSE
Pv2.1_08_62043144_G/A,Chr08,62043144,0.0246452174840823,5256,FALSE
Pv2.1_09_22410521_T/A,Chr09,22410521,0.0246444225298466,5257,FALSE
Pv2.1_08_53167034_T/C,Chr08,53167034,0.0246428219560229,5258,FALSE
Pv2.1_08_62766966_C/T,Chr08,62766966,0.0246401706612418,5259,FALSE
Pv2.1_02_44922057_T/C,Chr02,44922057,0.0246383761928324,5260,FALSE
Pv2.1_09_7738333_G/T,Chr09,7738333,0.0246368808926585,5261,FALSE
Pv2.1_05_37923469_A/T,Chr05,37923469,0.02463629381222,5262,FALSE
Pv2.1_02_12058461_C/T,Chr02,12058461,0.0246359502372964,5263,FALSE
Pv2.1_02_41554132_G/A,Chr02,41554132,0.024633146548632,5264,FALSE
Pv2.1_06_24148847_C/G,Chr06,24148847,0.0246322765024818,5265,FALSE
Pv2.1_06_5174714_G/T,Chr06,5174714,0.0246281146468874,5266,FALSE
Pv2.1_09_13708513_C/A,Chr09,13708513,0.024626007877167,5267,FALSE
Pv2.1_11_51692288_C/T,Chr11,51692288,0.0246251389138683,5268,FALSE
Pv2.1_04_448594_G/A,Chr04,448594,0.0246209974105045,5269,FALSE
Pv2.1_09_23322833_T/C,Chr09,23322833,0.0246178415378155,5270,FALSE
Pv2.1_06_14095184_A/G,Chr06,14095184,0.0246169447937716,5271,FALSE
Pv2.1_08_62279504_C/T,Chr08,62279504,0.0246118328135032,5272,FALSE
Pv2.1_08_59148275_C/T,Chr08,59148275,0.0246087190508777,5273,FALSE
Pv2.1_03_2457267_AT/A,Chr03,2457267,0.0246062202598076,5274,FALSE
Pv2.1_03_49650856_A/T,Chr03,49650856,0.0246052564658719,5275,FALSE
Pv2.1_02_35816666_G/C,Chr02,35816666,0.0246050683937082,5276,FALSE
Pv2.1_06_3348438_A/C,Chr06,3348438,0.024600968231705,5277,FALSE
Pv2.1_03_49696994_G/T,Chr03,49696994,0.0245932940844149,5278,FALSE
Pv2.1_08_3769321_C/G,Chr08,3769321,0.0245909098931243,5279,FALSE
Pv2.1_07_7073551_A/C,Chr07,7073551,0.0245904504242591,5280,FALSE
Pv2.1_02_45728315_G/A,Chr02,45728315,0.0245822384185015,5281,FALSE
Pv2.1_06_19335078_G/T,Chr06,19335078,0.0245807510345228,5282,FALSE
Pv2.1_06_12262060_G/C,Chr06,12262060,0.024579553021554,5283,FALSE
Pv2.1_06_29561784_T/A,Chr06,29561784,0.0245781392176108,5284,FALSE
Pv2.1_06_29561787_G/T,Chr06,29561787,0.0245781392176108,5285,FALSE
Pv2.1_10_43615380_G/A,Chr10,43615380,0.0245776945335834,5286,FALSE
Pv2.1_06_7243658_G/A,Chr06,7243658,0.0245740555684906,5287,FALSE
Pv2.1_10_35209275_T/G,Chr10,35209275,0.0245736394279685,5288,FALSE
Pv2.1_06_19446553_C/G,Chr06,19446553,0.0245732736636577,5289,FALSE
Pv2.1_11_3221693_A/G,Chr11,3221693,0.0245703955475918,5290,FALSE
Pv2.1_06_4567027_C/A,Chr06,4567027,0.0245703365300547,5291,FALSE
Pv2.1_11_4737224_T/G,Chr11,4737224,0.0245684876684336,5292,FALSE
Pv2.1_02_47386767_A/G,Chr02,47386767,0.0245667168400945,5293,FALSE
Pv2.1_06_15481157_T/A,Chr06,15481157,0.0245662101939415,5294,FALSE
Pv2.1_07_5609975_G/C,Chr07,5609975,0.0245631278769354,5295,FALSE
Pv2.1_08_54347236_G/A,Chr08,54347236,0.0245628445304598,5296,FALSE
Pv2.1_08_44623742_A/T,Chr08,44623742,0.024561370751051,5297,FALSE
Pv2.1_03_8119274_A/T,Chr03,8119274,0.0245609875249708,5298,FALSE
Pv2.1_07_28923775_C/T,Chr07,28923775,0.0245606230470599,5299,FALSE
Pv2.1_07_28923789_T/A,Chr07,28923789,0.0245606230470599,5300,FALSE
Pv2.1_08_58337347_A/C,Chr08,58337347,0.0245597140614082,5301,FALSE
Pv2.1_08_53256226_C/T,Chr08,53256226,0.0245584655941604,5302,FALSE
Pv2.1_08_57823541_G/T,Chr08,57823541,0.0245584655941604,5303,FALSE
Pv2.1_05_26209902_C/T,Chr05,26209902,0.0245506596770371,5304,FALSE
Pv2.1_11_47862340_T/C,Chr11,47862340,0.024549020733712,5305,FALSE
Pv2.1_08_13033710_T/A,Chr08,13033710,0.0245459244954742,5306,FALSE
Pv2.1_08_9096251_G/T,Chr08,9096251,0.0245429635945147,5307,FALSE
Pv2.1_03_1069395_C/T,Chr03,1069395,0.0245400605198158,5308,FALSE
Pv2.1_11_2742934_A/C,Chr11,2742934,0.0245392182375093,5309,FALSE
Pv2.1_11_2274504_C/G,Chr11,2274504,0.0245345152056107,5310,FALSE
Pv2.1_10_4755261_C/A,Chr10,4755261,0.0245341298408999,5311,FALSE
Pv2.1_04_120319_C/T,Chr04,120319,0.0245336228479087,5312,FALSE
Pv2.1_06_29498060_T/C,Chr06,29498060,0.0245311575942644,5313,FALSE
Pv2.1_04_7160485_G/C,Chr04,7160485,0.024530750412429,5314,FALSE
Pv2.1_08_360362_C/T,Chr08,360362,0.0245275184951308,5315,FALSE
Pv2.1_08_58795702_A/C,Chr08,58795702,0.0245254832886204,5316,FALSE
Pv2.1_07_39361190_C/G,Chr07,39361190,0.0245246050788364,5317,FALSE
Pv2.1_09_36881583_C/T,Chr09,36881583,0.0245237017043762,5318,FALSE
Pv2.1_08_1817719_T/G,Chr08,1817719,0.0245225618214251,5319,FALSE
Pv2.1_05_39024663_G/T,Chr05,39024663,0.0245198585040844,5320,FALSE
Pv2.1_08_62953251_G/T,Chr08,62953251,0.0245172458149288,5321,FALSE
Pv2.1_08_62939652_A/G,Chr08,62939652,0.0245166823331338,5322,FALSE
Pv2.1_10_5855988_A/G,Chr10,5855988,0.0245095288218429,5323,FALSE
Pv2.1_10_41562110_A/G,Chr10,41562110,0.0245085704474683,5324,FALSE
Pv2.1_11_2596588_G/T,Chr11,2596588,0.0245015636868073,5325,FALSE
Pv2.1_11_53496464_C/A,Chr11,53496464,0.0245010950960705,5326,FALSE
Pv2.1_11_53496487_A/C,Chr11,53496487,0.0245010950960705,5327,FALSE
Pv2.1_06_27807805_C/CT,Chr06,27807805,0.0245001164469443,5328,FALSE
Pv2.1_05_2230537_T/C,Chr05,2230537,0.0244994591763654,5329,FALSE
Pv2.1_02_37586590_G/C,Chr02,37586590,0.0244986363654194,5330,FALSE
Pv2.1_01_2219930_T/C,Chr01,2219930,0.0244981225960603,5331,FALSE
Pv2.1_01_173993_A/G,Chr01,173993,0.024494069788676,5332,FALSE
Pv2.1_01_173994_T/G,Chr01,173994,0.024494069788676,5333,FALSE
Pv2.1_11_3251088_A/T,Chr11,3251088,0.0244933926044988,5334,FALSE
Pv2.1_11_40169395_G/A,Chr11,40169395,0.024491106266693,5335,FALSE
Pv2.1_06_23306084_C/T,Chr06,23306084,0.0244902205636879,5336,FALSE
Pv2.1_10_5856249_T/C,Chr10,5856249,0.024490025240719,5337,FALSE
Pv2.1_02_40029748_A/T,Chr02,40029748,0.0244894127651216,5338,FALSE
Pv2.1_07_41560_G/T,Chr07,41560,0.024481226249407,5339,FALSE
Pv2.1_09_35378005_A/G,Chr09,35378005,0.0244802446666488,5340,FALSE
Pv2.1_07_2579700_C/T,Chr07,2579700,0.0244781235657343,5341,FALSE
Pv2.1_08_58194729_G/C,Chr08,58194729,0.0244778416373355,5342,FALSE
Pv2.1_09_13687641_T/C,Chr09,13687641,0.0244764899384022,5343,FALSE
Pv2.1_03_45934652_G/A,Chr03,45934652,0.0244730574053826,5344,FALSE
Pv2.1_08_61879947_T/C,Chr08,61879947,0.0244716684990411,5345,FALSE
Pv2.1_08_53057939_A/C,Chr08,53057939,0.0244694106337819,5346,FALSE
Pv2.1_02_46886410_T/G,Chr02,46886410,0.0244665895932501,5347,FALSE
Pv2.1_02_27981428_T/C,Chr02,27981428,0.0244660550040932,5348,FALSE
Pv2.1_06_5746901_T/A,Chr06,5746901,0.0244627673094566,5349,FALSE
Pv2.1_08_62807517_C/G,Chr08,62807517,0.0244620840621184,5350,FALSE
Pv2.1_08_9707148_G/C,Chr08,9707148,0.0244619280251044,5351,FALSE
Pv2.1_07_37261237_C/A,Chr07,37261237,0.0244617014089688,5352,FALSE
Pv2.1_07_37261265_T/G,Chr07,37261265,0.0244617014089688,5353,FALSE
Pv2.1_06_25140178_C/A,Chr06,25140178,0.0244604849052048,5354,FALSE
Pv2.1_07_39361049_A/T,Chr07,39361049,0.024457932416706,5355,FALSE
Pv2.1_06_20800770_C/T,Chr06,20800770,0.0244576168500537,5356,FALSE
Pv2.1_11_3218106_G/A,Chr11,3218106,0.0244574716696975,5357,FALSE
Pv2.1_07_180213_T/TA,Chr07,180213,0.0244555741598296,5358,FALSE
Pv2.1_01_2388436_T/G,Chr01,2388436,0.0244541308073991,5359,FALSE
Pv2.1_06_14802151_C/A,Chr06,14802151,0.0244528370257608,5360,FALSE
Pv2.1_02_39921117_TTC/T,Chr02,39921117,0.0244491203410342,5361,FALSE
Pv2.1_07_38830375_T/C,Chr07,38830375,0.0244449162486244,5362,FALSE
Pv2.1_11_49693108_G/C,Chr11,49693108,0.0244448406903466,5363,FALSE
Pv2.1_05_152546_A/C,Chr05,152546,0.0244390327216619,5364,FALSE
Pv2.1_02_1773128_C/T,Chr02,1773128,0.0244376649937328,5365,FALSE
Pv2.1_03_52938066_A/G,Chr03,52938066,0.024437578310379,5366,FALSE
Pv2.1_03_46454785_T/A,Chr03,46454785,0.0244364828439636,5367,FALSE
Pv2.1_06_2925087_G/A,Chr06,2925087,0.0244334980290502,5368,FALSE
Pv2.1_06_21240387_A/G,Chr06,21240387,0.0244307034541436,5369,FALSE
Pv2.1_02_39761154_G/T,Chr02,39761154,0.0244301962714575,5370,FALSE
Pv2.1_02_26914441_T/G,Chr02,26914441,0.0244269457360873,5371,FALSE
Pv2.1_07_6804142_CT/C,Chr07,6804142,0.0244265543886293,5372,FALSE
Pv2.1_05_11216917_C/T,Chr05,11216917,0.0244262524778351,5373,FALSE
Pv2.1_02_44927856_C/A,Chr02,44927856,0.0244253486090176,5374,FALSE
Pv2.1_06_15481190_A/G,Chr06,15481190,0.0244243234560702,5375,FALSE
Pv2.1_08_61642509_T/TAC,Chr08,61642509,0.024422978833464,5376,FALSE
Pv2.1_02_48763417_G/A,Chr02,48763417,0.0244221225537329,5377,FALSE
Pv2.1_02_28045944_G/GCA,Chr02,28045944,0.0244190196810714,5378,FALSE
Pv2.1_08_16271376_T/C,Chr08,16271376,0.0244184861820376,5379,FALSE
Pv2.1_04_3259049_A/G,Chr04,3259049,0.0244094228633132,5380,FALSE
Pv2.1_07_25034_A/G,Chr07,25034,0.0244078829499799,5381,FALSE
Pv2.1_08_52720258_AGTGCAT/A,Chr08,52720258,0.0244054122461366,5382,FALSE
Pv2.1_06_25366038_G/A,Chr06,25366038,0.0244050141124514,5383,FALSE
Pv2.1_07_8393987_T/TG,Chr07,8393987,0.0244043952120849,5384,FALSE
Pv2.1_10_8924958_G/A,Chr10,8924958,0.0244022519279961,5385,FALSE
Pv2.1_07_36965441_T/C,Chr07,36965441,0.0243999357851701,5386,FALSE
Pv2.1_06_22799535_G/A,Chr06,22799535,0.0243977795996737,5387,FALSE
Pv2.1_06_21733105_A/T,Chr06,21733105,0.0243911364603431,5388,FALSE
Pv2.1_07_5544490_G/A,Chr07,5544490,0.024390317131104,5389,FALSE
Pv2.1_09_22408199_G/C,Chr09,22408199,0.0243831400322003,5390,FALSE
Pv2.1_09_22408201_C/A,Chr09,22408201,0.0243831400322003,5391,FALSE
Pv2.1_09_22408205_C/G,Chr09,22408205,0.0243831400322003,5392,FALSE
Pv2.1_11_42274709_TC/T,Chr11,42274709,0.0243831212540639,5393,FALSE
Pv2.1_06_12442212_G/A,Chr06,12442212,0.0243825354293916,5394,FALSE
Pv2.1_10_42515191_T/C,Chr10,42515191,0.0243773117736432,5395,FALSE
Pv2.1_08_62972149_G/A,Chr08,62972149,0.0243759278273812,5396,FALSE
Pv2.1_08_7460595_C/T,Chr08,7460595,0.0243752960278272,5397,FALSE
Pv2.1_02_35464342_TA/T,Chr02,35464342,0.0243751419885947,5398,FALSE
Pv2.1_08_55799931_A/T,Chr08,55799931,0.0243747639459744,5399,FALSE
Pv2.1_07_34042935_T/C,Chr07,34042935,0.0243742236226168,5400,FALSE
Pv2.1_07_36141033_G/C,Chr07,36141033,0.0243731952661439,5401,FALSE
Pv2.1_11_1342945_TA/T,Chr11,1342945,0.0243724292556431,5402,FALSE
Pv2.1_08_62807919_G/A,Chr08,62807919,0.0243711024462034,5403,FALSE
Pv2.1_02_598531_A/T,Chr02,598531,0.0243707661542567,5404,FALSE
Pv2.1_02_46800123_CAG/C,Chr02,46800123,0.0243699571423188,5405,FALSE
Pv2.1_08_62490716_G/T,Chr08,62490716,0.0243686046542075,5406,FALSE
Pv2.1_09_36029451_T/A,Chr09,36029451,0.0243676825860102,5407,FALSE
Pv2.1_02_40132771_CT/C,Chr02,40132771,0.0243662153406312,5408,FALSE
Pv2.1_08_3853187_G/A,Chr08,3853187,0.0243647035620498,5409,FALSE
Pv2.1_04_46887173_G/A,Chr04,46887173,0.0243632509330318,5410,FALSE
Pv2.1_07_5516500_A/T,Chr07,5516500,0.024362954763927,5411,FALSE
Pv2.1_08_1169219_C/T,Chr08,1169219,0.0243598129449305,5412,FALSE
Pv2.1_08_62308094_T/C,Chr08,62308094,0.024358643647207,5413,FALSE
Pv2.1_01_45340086_A/G,Chr01,45340086,0.0243561330449937,5414,FALSE
Pv2.1_02_37058054_G/T,Chr02,37058054,0.0243559501084887,5415,FALSE
Pv2.1_07_32674984_G/A,Chr07,32674984,0.024355879812032,5416,FALSE
Pv2.1_11_2905767_A/G,Chr11,2905767,0.0243557606593727,5417,FALSE
Pv2.1_06_17164712_A/C,Chr06,17164712,0.0243537941583907,5418,FALSE
Pv2.1_11_53498352_T/C,Chr11,53498352,0.0243511164719008,5419,FALSE
Pv2.1_02_27806316_T/C,Chr02,27806316,0.0243494003685605,5420,FALSE
Pv2.1_04_3259082_A/G,Chr04,3259082,0.0243486203940249,5421,FALSE
Pv2.1_11_35622189_C/T,Chr11,35622189,0.024346502979085,5422,FALSE
Pv2.1_04_9996573_TA/T,Chr04,9996573,0.0243454108555774,5423,FALSE
Pv2.1_08_7713787_A/G,Chr08,7713787,0.0243380120153089,5424,FALSE
Pv2.1_04_44730769_C/T,Chr04,44730769,0.024336753287785,5425,FALSE
Pv2.1_11_51229387_T/C,Chr11,51229387,0.0243354254613521,5426,FALSE
Pv2.1_08_9926053_T/C,Chr08,9926053,0.0243349653765805,5427,FALSE
Pv2.1_07_106027_C/T,Chr07,106027,0.0243323521953998,5428,FALSE
Pv2.1_08_8455694_G/T,Chr08,8455694,0.0243306552334213,5429,FALSE
Pv2.1_08_58384036_G/T,Chr08,58384036,0.0243298712369877,5430,FALSE
Pv2.1_08_5167278_T/C,Chr08,5167278,0.0243282564989533,5431,FALSE
Pv2.1_11_50774678_G/A,Chr11,50774678,0.024327843034273,5432,FALSE
Pv2.1_07_39464624_C/CA,Chr07,39464624,0.0243234604483327,5433,FALSE
Pv2.1_05_26819197_G/A,Chr05,26819197,0.0243222822682654,5434,FALSE
Pv2.1_03_53306654_C/G,Chr03,53306654,0.0243193102254327,5435,FALSE
Pv2.1_07_9950848_C/T,Chr07,9950848,0.024314397943443,5436,FALSE
Pv2.1_06_19923733_A/G,Chr06,19923733,0.0243140419070209,5437,FALSE
Pv2.1_04_1322187_A/C,Chr04,1322187,0.0243136971202969,5438,FALSE
Pv2.1_04_1983121_TC/T,Chr04,1983121,0.0243124467454496,5439,FALSE
Pv2.1_11_996703_G/A,Chr11,996703,0.0243091342982993,5440,FALSE
Pv2.1_09_38128506_C/T,Chr09,38128506,0.0243088146509485,5441,FALSE
Pv2.1_08_6225242_A/G,Chr08,6225242,0.0243058768600788,5442,FALSE
Pv2.1_09_37800088_T/C,Chr09,37800088,0.0243025563069641,5443,FALSE
Pv2.1_03_7990817_G/GA,Chr03,7990817,0.0243003178923678,5444,FALSE
Pv2.1_09_38053684_C/T,Chr09,38053684,0.0242992621711609,5445,FALSE
Pv2.1_08_62972268_A/G,Chr08,62972268,0.0242957018960923,5446,FALSE
Pv2.1_08_61034267_G/C,Chr08,61034267,0.0242945648380886,5447,FALSE
Pv2.1_08_7693069_C/CA,Chr08,7693069,0.0242864180979576,5448,FALSE
Pv2.1_05_4551029_T/G,Chr05,4551029,0.0242855424362802,5449,FALSE
Pv2.1_10_40280173_A/T,Chr10,40280173,0.0242848882096896,5450,FALSE
Pv2.1_03_44059493_GT/G,Chr03,44059493,0.0242829003480614,5451,FALSE
Pv2.1_03_8360284_C/T,Chr03,8360284,0.0242811606498736,5452,FALSE
Pv2.1_10_5889866_A/C,Chr10,5889866,0.0242768643410525,5453,FALSE
Pv2.1_02_13946392_G/A,Chr02,13946392,0.0242746059378969,5454,FALSE
Pv2.1_08_29410509_AC/A,Chr08,29410509,0.0242724392470257,5455,FALSE
Pv2.1_08_62961769_A/G,Chr08,62961769,0.0242722197084739,5456,FALSE
Pv2.1_06_27296279_C/A,Chr06,27296279,0.0242701841626962,5457,FALSE
Pv2.1_08_61388539_CT/C,Chr08,61388539,0.024265772913985,5458,FALSE
Pv2.1_09_29983151_A/G,Chr09,29983151,0.0242623682992829,5459,FALSE
Pv2.1_07_1155253_C/T,Chr07,1155253,0.0242622522989158,5460,FALSE
Pv2.1_08_62747847_ATG/A,Chr08,62747847,0.024258813746739,5461,FALSE
Pv2.1_07_8310774_C/T,Chr07,8310774,0.0242577699707955,5462,FALSE
Pv2.1_03_46114663_A/G,Chr03,46114663,0.0242575441425048,5463,FALSE
Pv2.1_08_12895464_C/T,Chr08,12895464,0.0242557481034567,5464,FALSE
Pv2.1_03_11577487_C/T,Chr03,11577487,0.0242547280855536,5465,FALSE
Pv2.1_06_21190489_G/T,Chr06,21190489,0.0242546937483441,5466,FALSE
Pv2.1_08_62046624_C/G,Chr08,62046624,0.0242544167390681,5467,FALSE
Pv2.1_07_9638946_T/G,Chr07,9638946,0.0242536505751185,5468,FALSE
Pv2.1_10_2181634_A/G,Chr10,2181634,0.0242498826642068,5469,FALSE
Pv2.1_02_46663741_A/C,Chr02,46663741,0.0242491199696486,5470,FALSE
Pv2.1_10_1410873_A/G,Chr10,1410873,0.0242454144176785,5471,FALSE
Pv2.1_07_39831660_C/CA,Chr07,39831660,0.0242431791557598,5472,FALSE
Pv2.1_06_21423502_G/A,Chr06,21423502,0.0242413075689751,5473,FALSE
Pv2.1_08_30686856_CAA/C,Chr08,30686856,0.0242400559651701,5474,FALSE
Pv2.1_02_561821_A/G,Chr02,561821,0.0242398527109584,5475,FALSE
Pv2.1_07_8536258_A/G,Chr07,8536258,0.0242371151570833,5476,FALSE
Pv2.1_08_62311063_T/G,Chr08,62311063,0.02423701235019,5477,FALSE
Pv2.1_08_4386572_C/T,Chr08,4386572,0.0242365392261603,5478,FALSE
Pv2.1_06_20852362_C/A,Chr06,20852362,0.0242341916966717,5479,FALSE
Pv2.1_04_43641451_G/A,Chr04,43641451,0.0242333357579816,5480,FALSE
Pv2.1_05_11193430_A/T,Chr05,11193430,0.024233207508729,5481,FALSE
Pv2.1_04_11056968_G/T,Chr04,11056968,0.0242311417747376,5482,FALSE
Pv2.1_05_3186617_C/T,Chr05,3186617,0.0242295851522485,5483,FALSE
Pv2.1_05_39574767_T/G,Chr05,39574767,0.0242286666263296,5484,FALSE
Pv2.1_03_31129960_G/A,Chr03,31129960,0.0242268850309011,5485,FALSE
Pv2.1_11_2341302_G/T,Chr11,2341302,0.0242247740570614,5486,FALSE
Pv2.1_04_4342356_T/A,Chr04,4342356,0.0242232033590786,5487,FALSE
Pv2.1_07_9358886_G/A,Chr07,9358886,0.0242197976138354,5488,FALSE
Pv2.1_09_11255309_T/G,Chr09,11255309,0.0242195406624899,5489,FALSE
Pv2.1_06_20458939_G/A,Chr06,20458939,0.0242182410990774,5490,FALSE
Pv2.1_11_44319450_G/A,Chr11,44319450,0.0242181073803498,5491,FALSE
Pv2.1_09_36804797_C/T,Chr09,36804797,0.0242158890362534,5492,FALSE
Pv2.1_07_1312554_T/G,Chr07,1312554,0.0242146830560364,5493,FALSE
Pv2.1_07_1312569_G/C,Chr07,1312569,0.0242146830560364,5494,FALSE
Pv2.1_01_3451961_C/T,Chr01,3451961,0.0242130661322837,5495,FALSE
Pv2.1_04_47502203_G/A,Chr04,47502203,0.0242101565012223,5496,FALSE
Pv2.1_03_9319129_T/C,Chr03,9319129,0.0242090252882408,5497,FALSE
Pv2.1_09_22045256_C/T,Chr09,22045256,0.0242079710862164,5498,FALSE
Pv2.1_08_63037999_T/C,Chr08,63037999,0.0242051703600441,5499,FALSE
Pv2.1_01_960400_A/G,Chr01,960400,0.0242044317778261,5500,FALSE
Pv2.1_07_9202426_T/A,Chr07,9202426,0.0242041545360592,5501,FALSE
Pv2.1_02_36911416_C/T,Chr02,36911416,0.0241980988766715,5502,FALSE
Pv2.1_09_14962935_G/T,Chr09,14962935,0.024196092301064,5503,FALSE
Pv2.1_01_5016387_A/G,Chr01,5016387,0.024193940086477,5504,FALSE
Pv2.1_07_8715264_T/A,Chr07,8715264,0.0241922935656036,5505,FALSE
Pv2.1_09_38187618_G/C,Chr09,38187618,0.0241919191276923,5506,FALSE
Pv2.1_07_23591815_T/G,Chr07,23591815,0.0241893281597432,5507,FALSE
Pv2.1_09_38118856_T/C,Chr09,38118856,0.0241891025040406,5508,FALSE
Pv2.1_08_3706513_A/C,Chr08,3706513,0.0241887272868504,5509,FALSE
Pv2.1_11_726747_A/T,Chr11,726747,0.0241870841788536,5510,FALSE
Pv2.1_08_59012912_T/C,Chr08,59012912,0.02418574075072,5511,FALSE
Pv2.1_09_38133955_C/A,Chr09,38133955,0.024181307425593,5512,FALSE
Pv2.1_09_35832609_T/A,Chr09,35832609,0.0241795928564534,5513,FALSE
Pv2.1_02_40052531_G/A,Chr02,40052531,0.0241784641914795,5514,FALSE
Pv2.1_08_8339068_T/C,Chr08,8339068,0.0241780208364308,5515,FALSE
Pv2.1_03_2938521_T/C,Chr03,2938521,0.0241773843443425,5516,FALSE
Pv2.1_06_21220149_T/G,Chr06,21220149,0.0241768404548148,5517,FALSE
Pv2.1_04_68979_A/G,Chr04,68979,0.0241741713512851,5518,FALSE
Pv2.1_07_9773095_T/C,Chr07,9773095,0.0241724659264007,5519,FALSE
Pv2.1_07_9773105_A/G,Chr07,9773105,0.0241724659264007,5520,FALSE
Pv2.1_10_42732487_G/C,Chr10,42732487,0.0241692100679529,5521,FALSE
Pv2.1_11_323787_A/G,Chr11,323787,0.0241674292716847,5522,FALSE
Pv2.1_08_62003100_G/A,Chr08,62003100,0.0241669285891404,5523,FALSE
Pv2.1_07_39201998_A/AT,Chr07,39201998,0.024166271435023,5524,FALSE
Pv2.1_01_2218825_A/G,Chr01,2218825,0.0241652690612901,5525,FALSE
Pv2.1_01_105860_G/T,Chr01,105860,0.0241649627600293,5526,FALSE
Pv2.1_08_58418083_T/C,Chr08,58418083,0.0241638853687922,5527,FALSE
Pv2.1_08_62502034_A/T,Chr08,62502034,0.024161192500419,5528,FALSE
Pv2.1_09_22408215_G/T,Chr09,22408215,0.0241604987791422,5529,FALSE
Pv2.1_05_115490_C/T,Chr05,115490,0.024159033753159,5530,FALSE
Pv2.1_01_48430059_C/CT,Chr01,48430059,0.0241589988047588,5531,FALSE
Pv2.1_11_3534986_T/A,Chr11,3534986,0.0241533147472599,5532,FALSE
Pv2.1_11_3535022_G/A,Chr11,3535022,0.0241533147472599,5533,FALSE
Pv2.1_08_52748890_C/T,Chr08,52748890,0.0241517506731799,5534,FALSE
Pv2.1_07_35106008_A/C,Chr07,35106008,0.0241513660867168,5535,FALSE
Pv2.1_07_37261073_C/T,Chr07,37261073,0.0241488977355191,5536,FALSE
Pv2.1_07_39372527_C/T,Chr07,39372527,0.0241394265481092,5537,FALSE
Pv2.1_01_2850955_C/G,Chr01,2850955,0.0241372902080359,5538,FALSE
Pv2.1_06_26660353_A/T,Chr06,26660353,0.0241317765750355,5539,FALSE
Pv2.1_05_1745847_T/G,Chr05,1745847,0.0241221899565445,5540,FALSE
Pv2.1_05_1745857_G/C,Chr05,1745857,0.0241221899565445,5541,FALSE
Pv2.1_03_46646430_T/C,Chr03,46646430,0.0241200486567661,5542,FALSE
Pv2.1_06_20797802_T/C,Chr06,20797802,0.0241185413392246,5543,FALSE
Pv2.1_10_23594812_T/C,Chr10,23594812,0.0241184668071046,5544,FALSE
Pv2.1_03_1279707_A/T,Chr03,1279707,0.0241158318233667,5545,FALSE
Pv2.1_07_38158128_T/G,Chr07,38158128,0.0241143038924174,5546,FALSE
Pv2.1_01_2606615_T/C,Chr01,2606615,0.0241139765083132,5547,FALSE
Pv2.1_08_10772736_G/A,Chr08,10772736,0.0241125848223707,5548,FALSE
Pv2.1_10_39979191_A/G,Chr10,39979191,0.0241125169560372,5549,FALSE
Pv2.1_10_39979197_G/A,Chr10,39979197,0.0241125169560372,5550,FALSE
Pv2.1_09_36050191_A/G,Chr09,36050191,0.0241119050150611,5551,FALSE
Pv2.1_11_2965148_T/G,Chr11,2965148,0.0241117309250472,5552,FALSE
Pv2.1_05_39463457_T/A,Chr05,39463457,0.0241112256654694,5553,FALSE
Pv2.1_05_39463474_A/C,Chr05,39463474,0.0241112256654694,5554,FALSE
Pv2.1_03_49784497_T/C,Chr03,49784497,0.0241103624995263,5555,FALSE
Pv2.1_08_61871039_C/T,Chr08,61871039,0.0241100868596913,5556,FALSE
Pv2.1_05_120710_C/T,Chr05,120710,0.0241099376670566,5557,FALSE
Pv2.1_05_21587979_A/G,Chr05,21587979,0.0241078766780198,5558,FALSE
Pv2.1_08_62295205_A/C,Chr08,62295205,0.02410544701128,5559,FALSE
Pv2.1_09_36446848_A/T,Chr09,36446848,0.0241037062579084,5560,FALSE
Pv2.1_08_43799222_T/C,Chr08,43799222,0.0241012020644424,5561,FALSE
Pv2.1_06_9270739_C/T,Chr06,9270739,0.0240994542308282,5562,FALSE
Pv2.1_03_36698698_A/T,Chr03,36698698,0.0240970095471167,5563,FALSE
Pv2.1_03_36698712_C/G,Chr03,36698712,0.0240970095471167,5564,FALSE
Pv2.1_09_38046395_G/A,Chr09,38046395,0.0240940319876226,5565,FALSE
Pv2.1_09_38046406_A/G,Chr09,38046406,0.0240940319876226,5566,FALSE
Pv2.1_02_46668635_G/GTTA,Chr02,46668635,0.0240937739629157,5567,FALSE
Pv2.1_01_2902046_C/T,Chr01,2902046,0.0240932184533058,5568,FALSE
Pv2.1_02_33254692_A/G,Chr02,33254692,0.0240926448592704,5569,FALSE
Pv2.1_05_40601373_G/A,Chr05,40601373,0.0240897087117582,5570,FALSE
Pv2.1_07_4816014_A/G,Chr07,4816014,0.0240889540497089,5571,FALSE
Pv2.1_07_9685029_T/A,Chr07,9685029,0.0240886030858931,5572,FALSE
Pv2.1_08_6961839_C/G,Chr08,6961839,0.0240882266000861,5573,FALSE
Pv2.1_08_61725416_G/A,Chr08,61725416,0.0240872673094312,5574,FALSE
Pv2.1_11_53496494_T/C,Chr11,53496494,0.0240726558240949,5575,FALSE
Pv2.1_06_1718932_T/C,Chr06,1718932,0.0240721123874161,5576,FALSE
Pv2.1_05_2740243_G/A,Chr05,2740243,0.0240697330217943,5577,FALSE
Pv2.1_04_47497798_G/A,Chr04,47497798,0.0240658413970878,5578,FALSE
Pv2.1_06_19446565_G/A,Chr06,19446565,0.0240655608964824,5579,FALSE
Pv2.1_06_18210954_A/G,Chr06,18210954,0.0240651461775081,5580,FALSE
Pv2.1_03_5378869_T/C,Chr03,5378869,0.0240643434070527,5581,FALSE
Pv2.1_03_5378882_T/C,Chr03,5378882,0.0240643434070527,5582,FALSE
Pv2.1_06_25436273_T/C,Chr06,25436273,0.0240622833603896,5583,FALSE
Pv2.1_06_706657_C/T,Chr06,706657,0.024061839680404,5584,FALSE
Pv2.1_04_20664341_G/A,Chr04,20664341,0.0240614888459225,5585,FALSE
Pv2.1_07_8732238_C/T,Chr07,8732238,0.0240607844552438,5586,FALSE
Pv2.1_11_53497836_T/A,Chr11,53497836,0.024059118548093,5587,FALSE
Pv2.1_06_13861514_T/C,Chr06,13861514,0.0240585704531227,5588,FALSE
Pv2.1_11_6222203_AAATT/A,Chr11,6222203,0.0240514180253495,5589,FALSE
Pv2.1_04_10801742_G/A,Chr04,10801742,0.024051092636391,5590,FALSE
Pv2.1_07_206155_T/C,Chr07,206155,0.0240509823744244,5591,FALSE
Pv2.1_11_30573330_A/T,Chr11,30573330,0.0240509490443044,5592,FALSE
Pv2.1_08_53505802_T/C,Chr08,53505802,0.0240500685928913,5593,FALSE
Pv2.1_10_42752981_C/T,Chr10,42752981,0.0240472333824084,5594,FALSE
Pv2.1_07_6922504_G/A,Chr07,6922504,0.0240422943838108,5595,FALSE
Pv2.1_09_37770584_C/A,Chr09,37770584,0.0240417943503855,5596,FALSE
Pv2.1_08_53759929_T/C,Chr08,53759929,0.0240409252282872,5597,FALSE
Pv2.1_03_49650852_A/T,Chr03,49650852,0.0240401506280836,5598,FALSE
Pv2.1_06_14802142_C/T,Chr06,14802142,0.0240388088666816,5599,FALSE
Pv2.1_03_36404633_A/G,Chr03,36404633,0.024036919921631,5600,FALSE
Pv2.1_02_30436043_G/T,Chr02,30436043,0.0240356592989466,5601,FALSE
Pv2.1_08_62787559_G/A,Chr08,62787559,0.0240344879497916,5602,FALSE
Pv2.1_10_41709538_C/T,Chr10,41709538,0.0240327563253944,5603,FALSE
Pv2.1_10_29195186_A/G,Chr10,29195186,0.0240321232580496,5604,FALSE
Pv2.1_03_7428465_C/T,Chr03,7428465,0.0240309332823729,5605,FALSE
Pv2.1_08_62311058_G/A,Chr08,62311058,0.0240272623385791,5606,FALSE
Pv2.1_07_7075153_AT/A,Chr07,7075153,0.0240256674788748,5607,FALSE
Pv2.1_02_28152569_ACAC/A,Chr02,28152569,0.0240254242173368,5608,FALSE
Pv2.1_08_62440405_A/T,Chr08,62440405,0.0240243688113644,5609,FALSE
Pv2.1_03_30210579_G/A,Chr03,30210579,0.0240242608704655,5610,FALSE
Pv2.1_03_2587738_T/C,Chr03,2587738,0.0240238221404825,5611,FALSE
Pv2.1_11_1423207_A/G,Chr11,1423207,0.0240238034438769,5612,FALSE
Pv2.1_02_45696304_C/G,Chr02,45696304,0.0240216665164414,5613,FALSE
Pv2.1_06_15468953_C/T,Chr06,15468953,0.0240166618786826,5614,FALSE
Pv2.1_06_24465603_T/A,Chr06,24465603,0.0240148400232885,5615,FALSE
Pv2.1_09_36079763_A/G,Chr09,36079763,0.0240130429283165,5616,FALSE
Pv2.1_02_11891545_C/T,Chr02,11891545,0.0240118946892762,5617,FALSE
Pv2.1_07_23125245_C/T,Chr07,23125245,0.0240116938671759,5618,FALSE
Pv2.1_05_11913084_T/C,Chr05,11913084,0.0240103263486065,5619,FALSE
Pv2.1_09_29132437_G/C,Chr09,29132437,0.0240101348044499,5620,FALSE
Pv2.1_09_29132457_G/A,Chr09,29132457,0.0240101348044499,5621,FALSE
Pv2.1_07_7931065_G/A,Chr07,7931065,0.0240047396024878,5622,FALSE
Pv2.1_01_2809000_T/A,Chr01,2809000,0.0240044055562532,5623,FALSE
Pv2.1_04_146665_A/T,Chr04,146665,0.0240035986419205,5624,FALSE
Pv2.1_10_2179989_T/A,Chr10,2179989,0.0240034900230701,5625,FALSE
Pv2.1_10_42485227_CCT/C,Chr10,42485227,0.0240028850548959,5626,FALSE
Pv2.1_10_42485241_G/T,Chr10,42485241,0.0240028850548959,5627,FALSE
Pv2.1_09_36881633_C/T,Chr09,36881633,0.0240022248853431,5628,FALSE
Pv2.1_09_36881642_A/G,Chr09,36881642,0.0240022248853431,5629,FALSE
Pv2.1_09_36881624_C/A,Chr09,36881624,0.0240022248853427,5630,FALSE
Pv2.1_07_4755486_G/A,Chr07,4755486,0.0239948896727964,5631,FALSE
Pv2.1_08_53248753_T/A,Chr08,53248753,0.0239935966065379,5632,FALSE
Pv2.1_08_62930140_A/G,Chr08,62930140,0.0239934742975887,5633,FALSE
Pv2.1_04_45670658_T/A,Chr04,45670658,0.023991608050558,5634,FALSE
Pv2.1_08_58711398_A/G,Chr08,58711398,0.0239914686030289,5635,FALSE
Pv2.1_01_1500802_T/TA,Chr01,1500802,0.0239890927178013,5636,FALSE
Pv2.1_02_25529189_A/G,Chr02,25529189,0.0239879378982857,5637,FALSE
Pv2.1_06_24336469_A/G,Chr06,24336469,0.0239757783076131,5638,FALSE
Pv2.1_03_8119146_G/A,Chr03,8119146,0.0239744402822377,5639,FALSE
Pv2.1_03_8119148_G/A,Chr03,8119148,0.0239744402822377,5640,FALSE
Pv2.1_03_8119152_A/G,Chr03,8119152,0.0239744402822377,5641,FALSE
Pv2.1_07_616817_C/T,Chr07,616817,0.02397430751043,5642,FALSE
Pv2.1_05_38267050_T/C,Chr05,38267050,0.0239725703978237,5643,FALSE
Pv2.1_03_51884967_C/T,Chr03,51884967,0.02397150879513,5644,FALSE
Pv2.1_03_10176290_G/T,Chr03,10176290,0.0239668057730347,5645,FALSE
Pv2.1_03_10176291_T/C,Chr03,10176291,0.0239668057730347,5646,FALSE
Pv2.1_06_20094957_A/T,Chr06,20094957,0.0239665918080925,5647,FALSE
Pv2.1_06_23709011_A/T,Chr06,23709011,0.023966382450531,5648,FALSE
Pv2.1_03_11375323_A/C,Chr03,11375323,0.0239657840280723,5649,FALSE
Pv2.1_11_53419968_G/C,Chr11,53419968,0.0239653253795149,5650,FALSE
Pv2.1_02_24747110_T/G,Chr02,24747110,0.023965048969762,5651,FALSE
Pv2.1_06_17015887_A/T,Chr06,17015887,0.0239612123946893,5652,FALSE
Pv2.1_09_35426841_T/C,Chr09,35426841,0.0239600446808752,5653,FALSE
Pv2.1_03_51848939_G/C,Chr03,51848939,0.0239563483991825,5654,FALSE
Pv2.1_08_1579051_C/A,Chr08,1579051,0.0239548594026489,5655,FALSE
Pv2.1_09_22620829_T/A,Chr09,22620829,0.0239506955847513,5656,FALSE
Pv2.1_08_63018981_T/C,Chr08,63018981,0.0239470195630771,5657,FALSE
Pv2.1_05_3754249_A/G,Chr05,3754249,0.0239456604320796,5658,FALSE
Pv2.1_09_36749300_T/G,Chr09,36749300,0.0239442774639853,5659,FALSE
Pv2.1_10_41562055_A/C,Chr10,41562055,0.0239436972918607,5660,FALSE
Pv2.1_09_28879178_T/G,Chr09,28879178,0.0239436290966246,5661,FALSE
Pv2.1_09_28322890_A/T,Chr09,28322890,0.0239379097808139,5662,FALSE
Pv2.1_01_2062192_T/C,Chr01,2062192,0.0239330829425914,5663,FALSE
Pv2.1_05_7603386_A/T,Chr05,7603386,0.0239315023963953,5664,FALSE
Pv2.1_11_41525381_C/T,Chr11,41525381,0.023931362364924,5665,FALSE
Pv2.1_11_2086865_A/G,Chr11,2086865,0.0239290433045594,5666,FALSE
Pv2.1_08_58418096_G/T,Chr08,58418096,0.0239276572468437,5667,FALSE
Pv2.1_09_36905297_A/T,Chr09,36905297,0.0239273070189761,5668,FALSE
Pv2.1_04_2047843_G/C,Chr04,2047843,0.0239232863023386,5669,FALSE
Pv2.1_08_60329080_G/A,Chr08,60329080,0.0239189424726334,5670,FALSE
Pv2.1_08_62818983_G/A,Chr08,62818983,0.0239150688951031,5671,FALSE
Pv2.1_10_1723865_G/C,Chr10,1723865,0.023910479542339,5672,FALSE
Pv2.1_08_60778919_C/G,Chr08,60778919,0.0239089488724997,5673,FALSE
Pv2.1_04_1970714_G/A,Chr04,1970714,0.0239086938881159,5674,FALSE
Pv2.1_08_62864044_T/A,Chr08,62864044,0.0239046456676797,5675,FALSE
Pv2.1_01_1287186_G/A,Chr01,1287186,0.0239022372015252,5676,FALSE
Pv2.1_06_12444635_A/G,Chr06,12444635,0.0238934588592454,5677,FALSE
Pv2.1_08_8393734_ACAAATT/A,Chr08,8393734,0.0238916815981733,5678,FALSE
Pv2.1_02_46424089_C/CT,Chr02,46424089,0.0238894200621682,5679,FALSE
Pv2.1_06_19446570_T/A,Chr06,19446570,0.0238849978852782,5680,FALSE
Pv2.1_10_42767298_GA/G,Chr10,42767298,0.0238845794012974,5681,FALSE
Pv2.1_03_2587751_G/A,Chr03,2587751,0.0238826527396929,5682,FALSE
Pv2.1_06_17093933_C/T,Chr06,17093933,0.0238805903317951,5683,FALSE
Pv2.1_01_83073_C/A,Chr01,83073,0.0238778351645634,5684,FALSE
Pv2.1_08_61482459_G/C,Chr08,61482459,0.023876911479114,5685,FALSE
Pv2.1_05_26209939_T/C,Chr05,26209939,0.0238738912992171,5686,FALSE
Pv2.1_08_11609526_C/T,Chr08,11609526,0.0238724898514806,5687,FALSE
Pv2.1_04_1576761_T/C,Chr04,1576761,0.0238715399031322,5688,FALSE
Pv2.1_08_62495450_T/C,Chr08,62495450,0.0238709826239223,5689,FALSE
Pv2.1_08_62495466_C/T,Chr08,62495466,0.0238709826239223,5690,FALSE
Pv2.1_07_7517253_C/T,Chr07,7517253,0.0238708044529172,5691,FALSE
Pv2.1_11_53551952_A/G,Chr11,53551952,0.0238704447953304,5692,FALSE
Pv2.1_02_41172748_C/A,Chr02,41172748,0.0238697132997916,5693,FALSE
Pv2.1_06_22428260_G/T,Chr06,22428260,0.0238694356445972,5694,FALSE
Pv2.1_06_20852922_C/T,Chr06,20852922,0.0238683872182683,5695,FALSE
Pv2.1_05_116391_G/T,Chr05,116391,0.0238668322433884,5696,FALSE
Pv2.1_06_7859017_C/T,Chr06,7859017,0.0238632373204677,5697,FALSE
Pv2.1_06_21220328_TA/T,Chr06,21220328,0.0238563448241202,5698,FALSE
Pv2.1_01_45464169_T/C,Chr01,45464169,0.0238512258785102,5699,FALSE
Pv2.1_08_1458626_G/A,Chr08,1458626,0.0238499082118206,5700,FALSE
Pv2.1_10_41265091_T/C,Chr10,41265091,0.0238448373293654,5701,FALSE
Pv2.1_02_33535610_G/A,Chr02,33535610,0.0238421770787758,5702,FALSE
Pv2.1_10_43723915_C/A,Chr10,43723915,0.023840856914735,5703,FALSE
Pv2.1_01_1626766_C/T,Chr01,1626766,0.0238392588104035,5704,FALSE
Pv2.1_06_20634061_C/T,Chr06,20634061,0.0238378839240503,5705,FALSE
Pv2.1_02_30043664_G/A,Chr02,30043664,0.0238372982729711,5706,FALSE
Pv2.1_06_21824772_G/A,Chr06,21824772,0.0238345337216557,5707,FALSE
Pv2.1_06_21824799_T/C,Chr06,21824799,0.0238345337216557,5708,FALSE
Pv2.1_03_45770952_CA/C,Chr03,45770952,0.0238332503860885,5709,FALSE
Pv2.1_02_27129356_G/T,Chr02,27129356,0.0238325010294318,5710,FALSE
Pv2.1_02_46663716_C/A,Chr02,46663716,0.0238324218561337,5711,FALSE
Pv2.1_01_49363155_G/T,Chr01,49363155,0.0238295825501904,5712,FALSE
Pv2.1_06_15481170_A/G,Chr06,15481170,0.0238288913339901,5713,FALSE
Pv2.1_02_26957519_A/T,Chr02,26957519,0.0238204019816854,5714,FALSE
Pv2.1_05_38272179_A/G,Chr05,38272179,0.0238194780833498,5715,FALSE
Pv2.1_01_2809027_G/T,Chr01,2809027,0.0238187717986076,5716,FALSE
Pv2.1_03_43092849_G/C,Chr03,43092849,0.0238183650265658,5717,FALSE
Pv2.1_06_29955828_G/A,Chr06,29955828,0.0238176661287763,5718,FALSE
Pv2.1_02_24775892_T/C,Chr02,24775892,0.0238170929747512,5719,FALSE
Pv2.1_11_924273_T/G,Chr11,924273,0.0238168286104425,5720,FALSE
Pv2.1_04_1317037_C/G,Chr04,1317037,0.0238133697346106,5721,FALSE
Pv2.1_01_3365674_C/G,Chr01,3365674,0.0238112869828595,5722,FALSE
Pv2.1_11_53498318_G/T,Chr11,53498318,0.0238102688075075,5723,FALSE
Pv2.1_11_53498320_A/T,Chr11,53498320,0.0238102688075075,5724,FALSE
Pv2.1_03_7726852_G/A,Chr03,7726852,0.0238099644975938,5725,FALSE
Pv2.1_11_2171674_G/C,Chr11,2171674,0.0238061485862326,5726,FALSE
Pv2.1_06_29498057_A/G,Chr06,29498057,0.0238039274688671,5727,FALSE
Pv2.1_02_36911462_T/C,Chr02,36911462,0.0238015900757782,5728,FALSE
Pv2.1_08_11603324_T/C,Chr08,11603324,0.0238013441867126,5729,FALSE
Pv2.1_11_1322995_C/T,Chr11,1322995,0.0238006152692236,5730,FALSE
Pv2.1_08_5176044_C/G,Chr08,5176044,0.0237965956452753,5731,FALSE
Pv2.1_09_37075872_C/T,Chr09,37075872,0.0237963738363036,5732,FALSE
Pv2.1_07_3274152_C/T,Chr07,3274152,0.0237931688475745,5733,FALSE
Pv2.1_08_7784671_A/T,Chr08,7784671,0.0237928667842304,5734,FALSE
Pv2.1_05_40698206_C/G,Chr05,40698206,0.0237895517846525,5735,FALSE
Pv2.1_08_61081523_A/G,Chr08,61081523,0.0237856244012531,5736,FALSE
Pv2.1_06_7025266_T/C,Chr06,7025266,0.0237838861920219,5737,FALSE
Pv2.1_02_24852681_T/A,Chr02,24852681,0.0237838278841913,5738,FALSE
Pv2.1_07_32176792_A/G,Chr07,32176792,0.0237818189717665,5739,FALSE
Pv2.1_02_34792557_GGAATGTA/G,Chr02,34792557,0.0237791366090772,5740,FALSE
Pv2.1_04_47466650_T/A,Chr04,47466650,0.0237781892670004,5741,FALSE
Pv2.1_11_1210751_C/T,Chr11,1210751,0.0237777307447056,5742,FALSE
Pv2.1_11_1210764_A/T,Chr11,1210764,0.023777667632606,5743,FALSE
Pv2.1_02_26792170_C/T,Chr02,26792170,0.0237754909079326,5744,FALSE
Pv2.1_09_37547676_A/G,Chr09,37547676,0.0237728088369393,5745,FALSE
Pv2.1_10_1805698_A/C,Chr10,1805698,0.0237696723787932,5746,FALSE
Pv2.1_08_62043108_A/T,Chr08,62043108,0.0237684800894935,5747,FALSE
Pv2.1_11_3941019_C/T,Chr11,3941019,0.0237592933297774,5748,FALSE
Pv2.1_07_9651841_A/T,Chr07,9651841,0.0237554673764051,5749,FALSE
Pv2.1_07_1080351_G/A,Chr07,1080351,0.0237550977297905,5750,FALSE
Pv2.1_05_4530987_GA/G,Chr05,4530987,0.0237541530802887,5751,FALSE
Pv2.1_08_63004745_C/G,Chr08,63004745,0.0237529058444399,5752,FALSE
Pv2.1_06_25846023_G/A,Chr06,25846023,0.0237507847810643,5753,FALSE
Pv2.1_06_25436330_T/C,Chr06,25436330,0.0237490573029491,5754,FALSE
Pv2.1_03_51848914_G/T,Chr03,51848914,0.023748032567668,5755,FALSE
Pv2.1_03_51848918_C/G,Chr03,51848918,0.023748032567668,5756,FALSE
Pv2.1_06_3704811_TAGC/T,Chr06,3704811,0.0237475634003279,5757,FALSE
Pv2.1_01_49426121_T/C,Chr01,49426121,0.0237427840575757,5758,FALSE
Pv2.1_08_5441016_G/A,Chr08,5441016,0.0237422466939199,5759,FALSE
Pv2.1_11_2171631_T/C,Chr11,2171631,0.023742058799948,5760,FALSE
Pv2.1_11_2171662_C/A,Chr11,2171662,0.023742058799948,5761,FALSE
Pv2.1_07_8220635_G/A,Chr07,8220635,0.0237335162692571,5762,FALSE
Pv2.1_08_61338127_TC/T,Chr08,61338127,0.023733499439202,5763,FALSE
Pv2.1_08_61639059_C/T,Chr08,61639059,0.0237322424658188,5764,FALSE
Pv2.1_03_1023355_T/C,Chr03,1023355,0.0237309304014763,5765,FALSE
Pv2.1_10_41875922_G/A,Chr10,41875922,0.0237236532707752,5766,FALSE
Pv2.1_06_24281671_C/G,Chr06,24281671,0.0237231096823085,5767,FALSE
Pv2.1_09_22620828_T/G,Chr09,22620828,0.0237222597994031,5768,FALSE
Pv2.1_06_28593025_C/T,Chr06,28593025,0.0237190300490586,5769,FALSE
Pv2.1_03_52773651_C/T,Chr03,52773651,0.023718193435498,5770,FALSE
Pv2.1_07_993143_C/T,Chr07,993143,0.023717889639121,5771,FALSE
Pv2.1_09_21555923_G/T,Chr09,21555923,0.0237159250860763,5772,FALSE
Pv2.1_08_58957841_A/G,Chr08,58957841,0.0237143278315481,5773,FALSE
Pv2.1_05_153532_A/T,Chr05,153532,0.0237142444738625,5774,FALSE
Pv2.1_04_45451439_G/A,Chr04,45451439,0.0237121681160026,5775,FALSE
Pv2.1_09_38191214_C/G,Chr09,38191214,0.0237106467435173,5776,FALSE
Pv2.1_04_46933966_A/G,Chr04,46933966,0.0237091657457946,5777,FALSE
Pv2.1_11_27854721_T/G,Chr11,27854721,0.0237071202498136,5778,FALSE
Pv2.1_08_62803857_C/T,Chr08,62803857,0.0237036815860208,5779,FALSE
Pv2.1_10_6330136_C/A,Chr10,6330136,0.0237035657796083,5780,FALSE
Pv2.1_03_8119260_A/G,Chr03,8119260,0.023703318773892,5781,FALSE
Pv2.1_05_40706653_C/A,Chr05,40706653,0.0236975618659305,5782,FALSE
Pv2.1_08_35316055_A/G,Chr08,35316055,0.0236970761790216,5783,FALSE
Pv2.1_08_6961754_C/T,Chr08,6961754,0.0236954451580553,5784,FALSE
Pv2.1_04_4915848_G/A,Chr04,4915848,0.023695110304105,5785,FALSE
Pv2.1_11_36105380_A/G,Chr11,36105380,0.0236911897789467,5786,FALSE
Pv2.1_05_11942033_C/T,Chr05,11942033,0.0236847730830201,5787,FALSE
Pv2.1_07_1006614_T/C,Chr07,1006614,0.023678699623344,5788,FALSE
Pv2.1_08_16672814_G/A,Chr08,16672814,0.0236783946663173,5789,FALSE
Pv2.1_05_39970176_G/A,Chr05,39970176,0.0236731512378912,5790,FALSE
Pv2.1_08_62872821_T/G,Chr08,62872821,0.023672705194667,5791,FALSE
Pv2.1_02_44976350_T/G,Chr02,44976350,0.0236718660049191,5792,FALSE
Pv2.1_05_420165_T/A,Chr05,420165,0.0236694489926972,5793,FALSE
Pv2.1_06_4385321_G/A,Chr06,4385321,0.0236686467646678,5794,FALSE
Pv2.1_08_62280395_G/A,Chr08,62280395,0.0236662235404501,5795,FALSE
Pv2.1_03_33516620_A/T,Chr03,33516620,0.0236651923916886,5796,FALSE
Pv2.1_01_4925215_G/A,Chr01,4925215,0.0236650228953321,5797,FALSE
Pv2.1_07_8536251_T/G,Chr07,8536251,0.0236644711809904,5798,FALSE
Pv2.1_06_22799529_G/T,Chr06,22799529,0.0236639460081536,5799,FALSE
Pv2.1_07_8497006_C/T,Chr07,8497006,0.0236613686305853,5800,FALSE
Pv2.1_07_8497017_T/C,Chr07,8497017,0.0236613686305853,5801,FALSE
Pv2.1_07_8497025_G/A,Chr07,8497025,0.0236613686305853,5802,FALSE
Pv2.1_01_811372_A/G,Chr01,811372,0.0236609212518761,5803,FALSE
Pv2.1_07_8220573_A/G,Chr07,8220573,0.0236601137184498,5804,FALSE
Pv2.1_01_28683420_A/G,Chr01,28683420,0.0236585122805977,5805,FALSE
Pv2.1_02_2394009_G/C,Chr02,2394009,0.0236578868738442,5806,FALSE
Pv2.1_03_51304817_A/G,Chr03,51304817,0.0236553274367672,5807,FALSE
Pv2.1_08_1709783_CAT/C,Chr08,1709783,0.0236535876540835,5808,FALSE
Pv2.1_11_3094197_G/A,Chr11,3094197,0.0236531070700661,5809,FALSE
Pv2.1_04_3350061_C/T,Chr04,3350061,0.0236530158949626,5810,FALSE
Pv2.1_06_7365022_A/T,Chr06,7365022,0.0236529187063042,5811,FALSE
Pv2.1_08_62939591_T/G,Chr08,62939591,0.0236522216026822,5812,FALSE
Pv2.1_03_42004595_A/T,Chr03,42004595,0.0236441937898126,5813,FALSE
Pv2.1_11_37921678_C/T,Chr11,37921678,0.0236421939583456,5814,FALSE
Pv2.1_09_36526337_C/T,Chr09,36526337,0.0236421678044185,5815,FALSE
Pv2.1_07_10207663_G/C,Chr07,10207663,0.0236416253501472,5816,FALSE
Pv2.1_03_1519557_C/T,Chr03,1519557,0.0236389869943379,5817,FALSE
Pv2.1_06_19550547_G/C,Chr06,19550547,0.0236364306881884,5818,FALSE
Pv2.1_07_32673492_T/C,Chr07,32673492,0.0236352622624847,5819,FALSE
Pv2.1_09_22540037_A/G,Chr09,22540037,0.0236346680030537,5820,FALSE
Pv2.1_09_22540049_A/G,Chr09,22540049,0.0236346680030537,5821,FALSE
Pv2.1_07_28534189_T/TG,Chr07,28534189,0.0236337728839722,5822,FALSE
Pv2.1_08_58446094_T/G,Chr08,58446094,0.0236316148118436,5823,FALSE
Pv2.1_08_58446097_G/A,Chr08,58446097,0.0236316148118436,5824,FALSE
Pv2.1_06_20409850_T/C,Chr06,20409850,0.0236312798714304,5825,FALSE
Pv2.1_08_62939553_G/A,Chr08,62939553,0.02363066458464,5826,FALSE
Pv2.1_08_62939556_A/G,Chr08,62939556,0.02363066458464,5827,FALSE
Pv2.1_08_62939561_G/C,Chr08,62939561,0.02363066458464,5828,FALSE
Pv2.1_10_42515259_T/A,Chr10,42515259,0.0236268479797914,5829,FALSE
Pv2.1_07_38589938_G/A,Chr07,38589938,0.0236263948842144,5830,FALSE
Pv2.1_02_49599153_G/A,Chr02,49599153,0.0236255065456383,5831,FALSE
Pv2.1_06_22235509_T/G,Chr06,22235509,0.0236248884957346,5832,FALSE
Pv2.1_11_3941013_C/A,Chr11,3941013,0.0236214928094523,5833,FALSE
Pv2.1_03_2580158_C/T,Chr03,2580158,0.023620572008233,5834,FALSE
Pv2.1_08_33909819_C/T,Chr08,33909819,0.0236163685103938,5835,FALSE
Pv2.1_09_10485729_T/G,Chr09,10485729,0.0236110344910245,5836,FALSE
Pv2.1_09_37707652_A/C,Chr09,37707652,0.0236095873191831,5837,FALSE
Pv2.1_08_62929880_A/G,Chr08,62929880,0.0236080360490627,5838,FALSE
Pv2.1_08_62929892_A/G,Chr08,62929892,0.0236080360490627,5839,FALSE
Pv2.1_07_37007177_T/A,Chr07,37007177,0.0236073544801458,5840,FALSE
Pv2.1_03_30156694_G/A,Chr03,30156694,0.0236062014657916,5841,FALSE
Pv2.1_03_30641035_G/A,Chr03,30641035,0.0236049787391113,5842,FALSE
Pv2.1_08_45849414_A/T,Chr08,45849414,0.0236041196234806,5843,FALSE
Pv2.1_04_12248591_G/A,Chr04,12248591,0.0236019554825364,5844,FALSE
Pv2.1_09_381397_C/A,Chr09,381397,0.0236016658073792,5845,FALSE
Pv2.1_04_21442173_A/AGT,Chr04,21442173,0.02359895333006,5846,FALSE
Pv2.1_06_21755337_G/A,Chr06,21755337,0.0235987981979902,5847,FALSE
Pv2.1_02_2950397_G/A,Chr02,2950397,0.0235969464576038,5848,FALSE
Pv2.1_07_32675024_C/T,Chr07,32675024,0.0235962086324895,5849,FALSE
Pv2.1_03_11951611_T/C,Chr03,11951611,0.0235959136411501,5850,FALSE
Pv2.1_08_61837968_C/T,Chr08,61837968,0.0235954732081409,5851,FALSE
Pv2.1_06_25436320_A/G,Chr06,25436320,0.023593602334766,5852,FALSE
Pv2.1_09_36710293_C/A,Chr09,36710293,0.0235932396619694,5853,FALSE
Pv2.1_08_59752513_T/C,Chr08,59752513,0.0235856861474479,5854,FALSE
Pv2.1_10_7761944_A/T,Chr10,7761944,0.0235820224074881,5855,FALSE
Pv2.1_11_839680_C/G,Chr11,839680,0.0235811476365835,5856,FALSE
Pv2.1_06_29177400_A/G,Chr06,29177400,0.0235797174774612,5857,FALSE
Pv2.1_07_10107352_G/A,Chr07,10107352,0.0235767067883739,5858,FALSE
Pv2.1_04_4135590_TAG/T,Chr04,4135590,0.0235710211922981,5859,FALSE
Pv2.1_11_1703186_A/G,Chr11,1703186,0.023564126082571,5860,FALSE
Pv2.1_05_38479484_A/G,Chr05,38479484,0.0235637681439873,5861,FALSE
Pv2.1_01_1286978_G/T,Chr01,1286978,0.0235632252407254,5862,FALSE
Pv2.1_06_14106853_A/G,Chr06,14106853,0.0235614119523029,5863,FALSE
Pv2.1_01_2270338_G/C,Chr01,2270338,0.0235613485192889,5864,FALSE
Pv2.1_03_5378859_G/A,Chr03,5378859,0.0235589960676577,5865,FALSE
Pv2.1_08_3922167_T/C,Chr08,3922167,0.0235571094696101,5866,FALSE
Pv2.1_08_7765436_C/T,Chr08,7765436,0.0235529339917071,5867,FALSE
Pv2.1_11_2905785_C/A,Chr11,2905785,0.0235518174251164,5868,FALSE
Pv2.1_08_59846905_G/T,Chr08,59846905,0.0235477802874318,5869,FALSE
Pv2.1_08_58335179_G/A,Chr08,58335179,0.0235471374104139,5870,FALSE
Pv2.1_02_41804397_T/A,Chr02,41804397,0.0235407778981505,5871,FALSE
Pv2.1_01_6429837_G/T,Chr01,6429837,0.0235399605596451,5872,FALSE
Pv2.1_07_35982069_G/T,Chr07,35982069,0.023539079190809,5873,FALSE
Pv2.1_07_7941959_A/G,Chr07,7941959,0.023538335975652,5874,FALSE
Pv2.1_07_7942016_G/T,Chr07,7942016,0.023538335975652,5875,FALSE
Pv2.1_07_4307230_G/T,Chr07,4307230,0.0235378550034682,5876,FALSE
Pv2.1_06_26462719_G/T,Chr06,26462719,0.0235376848303801,5877,FALSE
Pv2.1_06_27995569_A/G,Chr06,27995569,0.0235366261941672,5878,FALSE
Pv2.1_05_4918537_A/T,Chr05,4918537,0.0235353345668004,5879,FALSE
Pv2.1_09_36526374_G/T,Chr09,36526374,0.0235317256914889,5880,FALSE
Pv2.1_08_59885646_G/A,Chr08,59885646,0.023531310929731,5881,FALSE
Pv2.1_11_96581_A/AT,Chr11,96581,0.0235284541063927,5882,FALSE
Pv2.1_06_19549331_C/G,Chr06,19549331,0.0235269820805706,5883,FALSE
Pv2.1_04_2753947_G/T,Chr04,2753947,0.0235266268667425,5884,FALSE
Pv2.1_09_37663791_C/A,Chr09,37663791,0.023525726585802,5885,FALSE
Pv2.1_08_4613338_C/T,Chr08,4613338,0.0235223763699306,5886,FALSE
Pv2.1_08_62807553_G/A,Chr08,62807553,0.0235209642962877,5887,FALSE
Pv2.1_08_62525807_G/A,Chr08,62525807,0.0235193835768404,5888,FALSE
Pv2.1_11_1162237_A/G,Chr11,1162237,0.0235190904623885,5889,FALSE
Pv2.1_02_47669811_G/A,Chr02,47669811,0.0235141400940537,5890,FALSE
Pv2.1_04_11421456_CCA/C,Chr04,11421456,0.0235104515819984,5891,FALSE
Pv2.1_04_11421473_GA/G,Chr04,11421473,0.0235104515819984,5892,FALSE
Pv2.1_07_2549538_A/G,Chr07,2549538,0.023509520650181,5893,FALSE
Pv2.1_08_1795073_T/A,Chr08,1795073,0.0235084077413399,5894,FALSE
Pv2.1_08_1795078_A/T,Chr08,1795078,0.0235084077413399,5895,FALSE
Pv2.1_08_1795095_C/T,Chr08,1795095,0.0235084077413399,5896,FALSE
Pv2.1_06_4385326_A/C,Chr06,4385326,0.0235072952247033,5897,FALSE
Pv2.1_08_61682037_T/C,Chr08,61682037,0.0235063317706357,5898,FALSE
Pv2.1_08_62249197_T/A,Chr08,62249197,0.0235031097891705,5899,FALSE
Pv2.1_04_7512611_A/G,Chr04,7512611,0.0234958682549085,5900,FALSE
Pv2.1_06_25975314_A/G,Chr06,25975314,0.0234917887616604,5901,FALSE
Pv2.1_02_2260048_C/T,Chr02,2260048,0.0234896361193262,5902,FALSE
Pv2.1_10_41983120_G/T,Chr10,41983120,0.0234875680233926,5903,FALSE
Pv2.1_06_21722479_A/AT,Chr06,21722479,0.0234875230747216,5904,FALSE
Pv2.1_10_41088499_A/T,Chr10,41088499,0.0234854216300082,5905,FALSE
Pv2.1_10_5856354_T/G,Chr10,5856354,0.0234840603525419,5906,FALSE
Pv2.1_02_47600682_C/T,Chr02,47600682,0.0234830985080494,5907,FALSE
Pv2.1_03_42007027_G/A,Chr03,42007027,0.0234818857311838,5908,FALSE
Pv2.1_07_993127_C/G,Chr07,993127,0.0234760152858593,5909,FALSE
Pv2.1_11_2171726_G/C,Chr11,2171726,0.0234740075358322,5910,FALSE
Pv2.1_02_2444779_A/T,Chr02,2444779,0.023474002318741,5911,FALSE
Pv2.1_03_45934794_C/T,Chr03,45934794,0.0234684687949094,5912,FALSE
Pv2.1_01_49184299_TC/T,Chr01,49184299,0.0234684270548624,5913,FALSE
Pv2.1_10_39123688_T/G,Chr10,39123688,0.0234683504822577,5914,FALSE
Pv2.1_08_62869026_G/A,Chr08,62869026,0.0234677560635159,5915,FALSE
Pv2.1_08_60363011_A/G,Chr08,60363011,0.0234635243334349,5916,FALSE
Pv2.1_07_4174317_T/G,Chr07,4174317,0.0234605416607687,5917,FALSE
Pv2.1_01_499112_G/T,Chr01,499112,0.0234570036788955,5918,FALSE
Pv2.1_08_58125403_T/G,Chr08,58125403,0.0234565947061811,5919,FALSE
Pv2.1_09_28834820_T/G,Chr09,28834820,0.0234558490729695,5920,FALSE
Pv2.1_06_17406203_G/A,Chr06,17406203,0.0234555211256029,5921,FALSE
Pv2.1_08_61020458_A/G,Chr08,61020458,0.0234532142129682,5922,FALSE
Pv2.1_06_22198178_C/A,Chr06,22198178,0.0234514589936352,5923,FALSE
Pv2.1_03_42010154_A/T,Chr03,42010154,0.0234502346660452,5924,FALSE
Pv2.1_07_8580251_C/T,Chr07,8580251,0.0234501117660302,5925,FALSE
Pv2.1_06_21622820_G/A,Chr06,21622820,0.023449366276993,5926,FALSE
Pv2.1_08_7742734_T/C,Chr08,7742734,0.0234478363358424,5927,FALSE
Pv2.1_08_61897240_A/T,Chr08,61897240,0.0234408491937415,5928,FALSE
Pv2.1_05_38934784_C/A,Chr05,38934784,0.0234401585017472,5929,FALSE
Pv2.1_05_38835406_T/A,Chr05,38835406,0.0234381619953692,5930,FALSE
Pv2.1_08_45849547_G/T,Chr08,45849547,0.0234366785110165,5931,FALSE
Pv2.1_11_96574_A/AT,Chr11,96574,0.0234338869552371,5932,FALSE
Pv2.1_01_13640268_GA/G,Chr01,13640268,0.0234321653373883,5933,FALSE
Pv2.1_02_44916256_C/T,Chr02,44916256,0.0234317587137771,5934,FALSE
Pv2.1_06_6821920_G/A,Chr06,6821920,0.0234309333079183,5935,FALSE
Pv2.1_06_19500610_C/T,Chr06,19500610,0.0234289318932919,5936,FALSE
Pv2.1_06_18830166_T/C,Chr06,18830166,0.0234261180104616,5937,FALSE
Pv2.1_07_38327157_A/G,Chr07,38327157,0.0234253183930373,5938,FALSE
Pv2.1_11_3582638_A/T,Chr11,3582638,0.0234230288303987,5939,FALSE
Pv2.1_01_44927340_G/T,Chr01,44927340,0.0234212483662555,5940,FALSE
Pv2.1_03_42222242_A/C,Chr03,42222242,0.023418238761268,5941,FALSE
Pv2.1_05_40676776_T/C,Chr05,40676776,0.0234162405694738,5942,FALSE
Pv2.1_08_62936090_T/G,Chr08,62936090,0.0234152023542613,5943,FALSE
Pv2.1_07_36785079_G/T,Chr07,36785079,0.023411809332277,5944,FALSE
Pv2.1_03_30108256_C/G,Chr03,30108256,0.0234113948140475,5945,FALSE
Pv2.1_08_282884_A/ACTGG,Chr08,282884,0.0234094182219162,5946,FALSE
Pv2.1_09_36683647_G/C,Chr09,36683647,0.0234092929886773,5947,FALSE
Pv2.1_01_4193711_A/T,Chr01,4193711,0.0234086438412104,5948,FALSE
Pv2.1_08_62426174_C/T,Chr08,62426174,0.0234069485775321,5949,FALSE
Pv2.1_08_62426180_G/T,Chr08,62426180,0.0234069485775321,5950,FALSE
Pv2.1_05_38289945_T/C,Chr05,38289945,0.0234063117225425,5951,FALSE
Pv2.1_08_58194730_T/A,Chr08,58194730,0.0234061768654854,5952,FALSE
Pv2.1_06_5598228_G/A,Chr06,5598228,0.0234040604524428,5953,FALSE
Pv2.1_04_541287_A/C,Chr04,541287,0.0234025564187874,5954,FALSE
Pv2.1_08_2645814_T/G,Chr08,2645814,0.023397173934566,5955,FALSE
Pv2.1_07_10883794_T/C,Chr07,10883794,0.0233899206456885,5956,FALSE
Pv2.1_08_62662586_G/A,Chr08,62662586,0.0233895905013872,5957,FALSE
Pv2.1_07_2549525_G/T,Chr07,2549525,0.023388346116672,5958,FALSE
Pv2.1_02_48688260_T/C,Chr02,48688260,0.0233875966140618,5959,FALSE
Pv2.1_02_48688275_T/A,Chr02,48688275,0.0233875966140618,5960,FALSE
Pv2.1_01_50652444_C/T,Chr01,50652444,0.0233875694515695,5961,FALSE
Pv2.1_10_41198913_C/T,Chr10,41198913,0.0233844530223686,5962,FALSE
Pv2.1_11_2088348_A/C,Chr11,2088348,0.0233842298217315,5963,FALSE
Pv2.1_10_3117625_T/C,Chr10,3117625,0.0233825634265421,5964,FALSE
Pv2.1_01_49062504_C/T,Chr01,49062504,0.0233809484185286,5965,FALSE
Pv2.1_03_36476317_C/G,Chr03,36476317,0.0233808709440289,5966,FALSE
Pv2.1_06_687978_T/C,Chr06,687978,0.0233741069230029,5967,FALSE
Pv2.1_08_62956362_T/C,Chr08,62956362,0.023373550943159,5968,FALSE
Pv2.1_04_55665_T/A,Chr04,55665,0.0233727025016144,5969,FALSE
Pv2.1_07_8497251_T/C,Chr07,8497251,0.0233717021781064,5970,FALSE
Pv2.1_07_8396951_A/G,Chr07,8396951,0.0233701934376298,5971,FALSE
Pv2.1_02_44976354_C/T,Chr02,44976354,0.0233694423766333,5972,FALSE
Pv2.1_10_43984462_T/C,Chr10,43984462,0.0233670708478142,5973,FALSE
Pv2.1_08_7688839_G/T,Chr08,7688839,0.0233658588570616,5974,FALSE
Pv2.1_09_10332339_G/A,Chr09,10332339,0.0233637429049534,5975,FALSE
Pv2.1_03_10176318_A/G,Chr03,10176318,0.023361382866208,5976,FALSE
Pv2.1_07_34462578_A/G,Chr07,34462578,0.0233591438117804,5977,FALSE
Pv2.1_09_37347051_A/AT,Chr09,37347051,0.0233590994298467,5978,FALSE
Pv2.1_01_5757711_C/A,Chr01,5757711,0.0233581741222402,5979,FALSE
Pv2.1_01_49220_G/A,Chr01,49220,0.0233578771276832,5980,FALSE
Pv2.1_07_46154_T/C,Chr07,46154,0.0233551215121324,5981,FALSE
Pv2.1_01_2428883_T/C,Chr01,2428883,0.023354197380614,5982,FALSE
Pv2.1_06_201489_G/A,Chr06,201489,0.0233535646400593,5983,FALSE
Pv2.1_02_28336253_G/A,Chr02,28336253,0.0233535403245164,5984,FALSE
Pv2.1_09_22232269_T/C,Chr09,22232269,0.0233515935330431,5985,FALSE
Pv2.1_01_2646058_A/C,Chr01,2646058,0.0233488496568084,5986,FALSE
Pv2.1_03_52912945_C/T,Chr03,52912945,0.0233487044011316,5987,FALSE
Pv2.1_09_28252271_C/T,Chr09,28252271,0.0233485927087815,5988,FALSE
Pv2.1_10_43810821_C/T,Chr10,43810821,0.0233479612817766,5989,FALSE
Pv2.1_10_43810822_G/A,Chr10,43810822,0.0233479612817762,5990,FALSE
Pv2.1_04_2390505_G/C,Chr04,2390505,0.0233457956322423,5991,FALSE
Pv2.1_06_21812243_T/TA,Chr06,21812243,0.0233447861380496,5992,FALSE
Pv2.1_05_2230380_G/A,Chr05,2230380,0.0233425097683129,5993,FALSE
Pv2.1_08_7027085_A/T,Chr08,7027085,0.0233424667223732,5994,FALSE
Pv2.1_04_2164186_T/G,Chr04,2164186,0.0233417298837515,5995,FALSE
Pv2.1_05_120835_G/A,Chr05,120835,0.0233402910810909,5996,FALSE
Pv2.1_06_26190013_G/A,Chr06,26190013,0.023335245583878,5997,FALSE
Pv2.1_04_2413560_AAC/A,Chr04,2413560,0.0233351343492347,5998,FALSE
Pv2.1_05_38290137_G/T,Chr05,38290137,0.0233337244180243,5999,FALSE
Pv2.1_08_61544850_C/A,Chr08,61544850,0.0233331755164112,6000,FALSE
Pv2.1_06_24465576_T/G,Chr06,24465576,0.0233300074475658,6001,FALSE
Pv2.1_02_31184156_G/A,Chr02,31184156,0.0233289005744828,6002,FALSE
Pv2.1_02_24370816_C/T,Chr02,24370816,0.0233278997421795,6003,FALSE
Pv2.1_08_62661124_G/C,Chr08,62661124,0.0233188693453581,6004,FALSE
Pv2.1_06_24800710_A/T,Chr06,24800710,0.0233160960237764,6005,FALSE
Pv2.1_08_58122322_G/T,Chr08,58122322,0.0233148626683239,6006,FALSE
Pv2.1_05_40628740_G/A,Chr05,40628740,0.0233104339246597,6007,FALSE
Pv2.1_04_1286336_C/T,Chr04,1286336,0.0233071116559307,6008,FALSE
Pv2.1_03_33445725_A/T,Chr03,33445725,0.0233055413620153,6009,FALSE
Pv2.1_05_39352642_T/C,Chr05,39352642,0.0233041471563289,6010,FALSE
Pv2.1_08_58417657_C/G,Chr08,58417657,0.0233018211712679,6011,FALSE
Pv2.1_05_11308375_T/A,Chr05,11308375,0.0233003256506192,6012,FALSE
Pv2.1_08_59869310_C/A,Chr08,59869310,0.0232990564290736,6013,FALSE
Pv2.1_08_23669677_G/A,Chr08,23669677,0.0232968342269491,6014,FALSE
Pv2.1_03_2580041_G/T,Chr03,2580041,0.023294690396797,6015,FALSE
Pv2.1_07_184363_G/A,Chr07,184363,0.0232910517001743,6016,FALSE
Pv2.1_10_23308018_T/C,Chr10,23308018,0.0232894963683976,6017,FALSE
Pv2.1_08_14362521_G/A,Chr08,14362521,0.0232871580817005,6018,FALSE
Pv2.1_09_7727330_C/G,Chr09,7727330,0.0232856681423752,6019,FALSE
Pv2.1_10_4552800_A/T,Chr10,4552800,0.0232790319367959,6020,FALSE
Pv2.1_06_20852387_C/T,Chr06,20852387,0.0232766267128657,6021,FALSE
Pv2.1_05_38217362_G/T,Chr05,38217362,0.0232740850280639,6022,FALSE
Pv2.1_11_50261472_A/G,Chr11,50261472,0.0232733728940526,6023,FALSE
Pv2.1_06_10735472_C/T,Chr06,10735472,0.023272945348328,6024,FALSE
Pv2.1_05_38217229_T/A,Chr05,38217229,0.0232707367836849,6025,FALSE
Pv2.1_02_48315169_C/G,Chr02,48315169,0.0232698856186158,6026,FALSE
Pv2.1_11_2493902_C/CTT,Chr11,2493902,0.023267270445019,6027,FALSE
Pv2.1_11_2393136_C/G,Chr11,2393136,0.0232669978021689,6028,FALSE
Pv2.1_11_2274593_G/A,Chr11,2274593,0.0232666703431867,6029,FALSE
Pv2.1_08_62328085_A/C,Chr08,62328085,0.0232610892858554,6030,FALSE
Pv2.1_10_34861248_G/A,Chr10,34861248,0.0232607835995955,6031,FALSE
Pv2.1_07_3653962_G/T,Chr07,3653962,0.0232591670360485,6032,FALSE
Pv2.1_09_35929658_C/T,Chr09,35929658,0.023254965212633,6033,FALSE
Pv2.1_08_59752547_A/C,Chr08,59752547,0.023252761159108,6034,FALSE
Pv2.1_08_7713840_AT/A,Chr08,7713840,0.0232507817429455,6035,FALSE
Pv2.1_09_37433489_T/A,Chr09,37433489,0.0232501093970856,6036,FALSE
Pv2.1_11_4718960_C/T,Chr11,4718960,0.0232462176499864,6037,FALSE
Pv2.1_07_9261289_A/G,Chr07,9261289,0.0232447793648127,6038,FALSE
Pv2.1_05_39992041_C/T,Chr05,39992041,0.0232432978243606,6039,FALSE
Pv2.1_11_35498585_G/A,Chr11,35498585,0.0232375860077982,6040,FALSE
Pv2.1_06_13194407_A/G,Chr06,13194407,0.0232370679125671,6041,FALSE
Pv2.1_06_24104681_A/G,Chr06,24104681,0.0232362332575979,6042,FALSE
Pv2.1_10_10088766_T/A,Chr10,10088766,0.0232361732059552,6043,FALSE
Pv2.1_05_40739513_G/A,Chr05,40739513,0.023235158594153,6044,FALSE
Pv2.1_06_21220213_C/A,Chr06,21220213,0.0232347751095929,6045,FALSE
Pv2.1_03_2213800_C/A,Chr03,2213800,0.0232339852678787,6046,FALSE
Pv2.1_06_6863560_G/T,Chr06,6863560,0.023233546498465,6047,FALSE
Pv2.1_07_106040_G/A,Chr07,106040,0.0232330611178249,6048,FALSE
Pv2.1_04_8032297_A/AT,Chr04,8032297,0.0232323775677452,6049,FALSE
Pv2.1_03_2915813_C/T,Chr03,2915813,0.0232289605027871,6050,FALSE
Pv2.1_04_1983129_A/C,Chr04,1983129,0.0232277243104746,6051,FALSE
Pv2.1_01_51235800_C/T,Chr01,51235800,0.0232267504280932,6052,FALSE
Pv2.1_11_52435808_C/G,Chr11,52435808,0.0232263187522381,6053,FALSE
Pv2.1_02_47704250_G/A,Chr02,47704250,0.0232194951435987,6054,FALSE
Pv2.1_08_52404428_G/A,Chr08,52404428,0.0232168906535217,6055,FALSE
Pv2.1_03_50415026_G/GT,Chr03,50415026,0.023214522068145,6056,FALSE
Pv2.1_04_2047846_A/C,Chr04,2047846,0.0232139883526776,6057,FALSE
Pv2.1_08_62952451_T/G,Chr08,62952451,0.0232122417817804,6058,FALSE
Pv2.1_07_35754971_G/A,Chr07,35754971,0.023210739667781,6059,FALSE
Pv2.1_02_49597499_A/G,Chr02,49597499,0.0232088903915533,6060,FALSE
Pv2.1_03_1471140_C/T,Chr03,1471140,0.0232084342515062,6061,FALSE
Pv2.1_10_44008583_G/C,Chr10,44008583,0.0232051536381661,6062,FALSE
Pv2.1_07_2664960_C/G,Chr07,2664960,0.0232018239073293,6063,FALSE
Pv2.1_07_7073543_T/TA,Chr07,7073543,0.0232002531856974,6064,FALSE
Pv2.1_06_11457983_A/AT,Chr06,11457983,0.0232001602835794,6065,FALSE
Pv2.1_06_29286138_GGTTG/CTC,Chr06,29286138,0.0231954738118789,6066,FALSE
Pv2.1_06_19500633_A/T,Chr06,19500633,0.023189628452069,6067,FALSE
Pv2.1_06_15479729_A/T,Chr06,15479729,0.0231890831682398,6068,FALSE
Pv2.1_05_120684_G/A,Chr05,120684,0.0231866583487381,6069,FALSE
Pv2.1_08_62807727_G/A,Chr08,62807727,0.0231859446528055,6070,FALSE
Pv2.1_11_50261445_G/A,Chr11,50261445,0.0231850034715211,6071,FALSE
Pv2.1_03_1033615_A/T,Chr03,1033615,0.023183653943736,6072,FALSE
Pv2.1_05_38357004_T/A,Chr05,38357004,0.0231828272863508,6073,FALSE
Pv2.1_04_448591_T/C,Chr04,448591,0.0231820449423963,6074,FALSE
Pv2.1_09_29067483_G/A,Chr09,29067483,0.0231796204412151,6075,FALSE
Pv2.1_02_512788_A/G,Chr02,512788,0.0231777453614401,6076,FALSE
Pv2.1_02_512800_T/C,Chr02,512800,0.0231777453614401,6077,FALSE
Pv2.1_08_60211784_T/A,Chr08,60211784,0.0231719917421933,6078,FALSE
Pv2.1_07_8385928_C/T,Chr07,8385928,0.0231715871102765,6079,FALSE
Pv2.1_03_30210568_T/A,Chr03,30210568,0.0231711515939823,6080,FALSE
Pv2.1_02_35464337_T/C,Chr02,35464337,0.0231695606000324,6081,FALSE
Pv2.1_01_50652466_C/A,Chr01,50652466,0.0231688184761252,6082,FALSE
Pv2.1_09_17650891_C/A,Chr09,17650891,0.0231664747064566,6083,FALSE
Pv2.1_10_37108450_T/C,Chr10,37108450,0.0231653274842274,6084,FALSE
Pv2.1_02_33460725_G/A,Chr02,33460725,0.0231635339063216,6085,FALSE
Pv2.1_02_2953230_G/C,Chr02,2953230,0.0231633934652167,6086,FALSE
Pv2.1_02_39932009_G/A,Chr02,39932009,0.0231620053049344,6087,FALSE
Pv2.1_02_23328719_G/A,Chr02,23328719,0.0231599625697561,6088,FALSE
Pv2.1_02_48544074_A/T,Chr02,48544074,0.0231595391422443,6089,FALSE
Pv2.1_07_7468497_C/T,Chr07,7468497,0.0231571061290619,6090,FALSE
Pv2.1_04_8044054_G/A,Chr04,8044054,0.0231570598401651,6091,FALSE
Pv2.1_11_4652096_G/A,Chr11,4652096,0.0231537807834759,6092,FALSE
Pv2.1_09_38140157_C/G,Chr09,38140157,0.0231529189445245,6093,FALSE
Pv2.1_10_42578211_T/C,Chr10,42578211,0.0231435249116059,6094,FALSE
Pv2.1_07_563368_C/T,Chr07,563368,0.0231411810986284,6095,FALSE
Pv2.1_05_15211384_G/T,Chr05,15211384,0.0231382873160024,6096,FALSE
Pv2.1_08_62863981_G/A,Chr08,62863981,0.0231369031378113,6097,FALSE
Pv2.1_03_555076_C/T,Chr03,555076,0.0231362664875112,6098,FALSE
Pv2.1_11_3658025_AT/A,Chr11,3658025,0.0231324640254718,6099,FALSE
Pv2.1_07_9143776_G/A,Chr07,9143776,0.0231309493939249,6100,FALSE
Pv2.1_07_9261288_A/G,Chr07,9261288,0.023130638061271,6101,FALSE
Pv2.1_06_27603231_G/A,Chr06,27603231,0.0231302831815663,6102,FALSE
Pv2.1_05_38304349_G/C,Chr05,38304349,0.0231302582632789,6103,FALSE
Pv2.1_07_8704809_A/T,Chr07,8704809,0.023128233330592,6104,FALSE
Pv2.1_07_39433002_C/T,Chr07,39433002,0.0231275845777112,6105,FALSE
Pv2.1_05_5091023_C/T,Chr05,5091023,0.0231267197745986,6106,FALSE
Pv2.1_03_2524318_G/A,Chr03,2524318,0.023123216711181,6107,FALSE
Pv2.1_07_10035385_G/A,Chr07,10035385,0.0231101421877811,6108,FALSE
Pv2.1_08_52656361_T/C,Chr08,52656361,0.0231101254347057,6109,FALSE
Pv2.1_08_502146_G/C,Chr08,502146,0.02310835584113,6110,FALSE
Pv2.1_08_62807663_C/T,Chr08,62807663,0.023107255793553,6111,FALSE
Pv2.1_07_3397759_A/C,Chr07,3397759,0.0231008200950438,6112,FALSE
Pv2.1_03_2809281_TC/T,Chr03,2809281,0.0230993547553195,6113,FALSE
Pv2.1_07_8249377_G/T,Chr07,8249377,0.0230993504761798,6114,FALSE
Pv2.1_02_37459296_G/A,Chr02,37459296,0.023099012513085,6115,FALSE
Pv2.1_09_37626369_T/A,Chr09,37626369,0.0230916911410444,6116,FALSE
Pv2.1_08_59674035_C/T,Chr08,59674035,0.0230889483440682,6117,FALSE
Pv2.1_02_16041686_T/C,Chr02,16041686,0.0230877062497696,6118,FALSE
Pv2.1_06_16824333_G/GA,Chr06,16824333,0.0230872583294479,6119,FALSE
Pv2.1_08_60451159_C/T,Chr08,60451159,0.0230870378547983,6120,FALSE
Pv2.1_08_62939610_G/A,Chr08,62939610,0.0230851749277554,6121,FALSE
Pv2.1_07_35511684_C/T,Chr07,35511684,0.0230821323562243,6122,FALSE
Pv2.1_06_19164625_A/G,Chr06,19164625,0.0230780849241219,6123,FALSE
Pv2.1_11_1018779_T/A,Chr11,1018779,0.0230767372366913,6124,FALSE
Pv2.1_08_7844020_TTAAG/T,Chr08,7844020,0.0230763556322708,6125,FALSE
Pv2.1_11_50239941_A/G,Chr11,50239941,0.0230756232681064,6126,FALSE
Pv2.1_07_24833_C/A,Chr07,24833,0.0230712112726437,6127,FALSE
Pv2.1_05_12091498_G/T,Chr05,12091498,0.023068448505525,6128,FALSE
Pv2.1_09_38133889_G/A,Chr09,38133889,0.023066710786162,6129,FALSE
Pv2.1_08_53392607_T/A,Chr08,53392607,0.0230639780444064,6130,FALSE
Pv2.1_02_37363452_G/T,Chr02,37363452,0.0230626225975898,6131,FALSE
Pv2.1_09_36911917_TAAC/T,Chr09,36911917,0.0230603913706005,6132,FALSE
Pv2.1_08_62767040_T/A,Chr08,62767040,0.0230569471119155,6133,FALSE
Pv2.1_05_27718775_A/T,Chr05,27718775,0.0230567182084762,6134,FALSE
Pv2.1_04_47457729_C/T,Chr04,47457729,0.0230565230912538,6135,FALSE
Pv2.1_08_62046627_G/C,Chr08,62046627,0.0230557005298451,6136,FALSE
Pv2.1_03_45016657_G/A,Chr03,45016657,0.0230540928601499,6137,FALSE
Pv2.1_10_4469732_C/T,Chr10,4469732,0.0230532765908289,6138,FALSE
Pv2.1_06_21573591_C/T,Chr06,21573591,0.0230513718554173,6139,FALSE
Pv2.1_04_5757996_G/T,Chr04,5757996,0.0230473038702246,6140,FALSE
Pv2.1_03_1152044_G/T,Chr03,1152044,0.0230440701500214,6141,FALSE
Pv2.1_07_184267_A/G,Chr07,184267,0.0230421648478614,6142,FALSE
Pv2.1_07_32674990_G/A,Chr07,32674990,0.023042158872852,6143,FALSE
Pv2.1_02_44694943_A/G,Chr02,44694943,0.0230414036309794,6144,FALSE
Pv2.1_08_6079240_G/A,Chr08,6079240,0.0230397950691361,6145,FALSE
Pv2.1_06_8362538_G/C,Chr06,8362538,0.0230380306661475,6146,FALSE
Pv2.1_03_45601895_G/A,Chr03,45601895,0.02303701324045,6147,FALSE
Pv2.1_08_38658769_G/T,Chr08,38658769,0.0230298775083551,6148,FALSE
Pv2.1_08_62807916_C/T,Chr08,62807916,0.0230292405704056,6149,FALSE
Pv2.1_09_36794376_G/A,Chr09,36794376,0.0230284237221756,6150,FALSE
Pv2.1_01_5016571_G/A,Chr01,5016571,0.0230265260950171,6151,FALSE
Pv2.1_08_7787645_G/A,Chr08,7787645,0.0230258228649882,6152,FALSE
Pv2.1_04_12122976_A/G,Chr04,12122976,0.0230256974463248,6153,FALSE
Pv2.1_08_62525818_C/A,Chr08,62525818,0.0230249097496578,6154,FALSE
Pv2.1_08_61206771_C/T,Chr08,61206771,0.0230232158190757,6155,FALSE
Pv2.1_10_38147182_A/T,Chr10,38147182,0.0230224163316657,6156,FALSE
Pv2.1_07_7640847_G/A,Chr07,7640847,0.0230179062526434,6157,FALSE
Pv2.1_11_1748135_C/T,Chr11,1748135,0.0230172758121223,6158,FALSE
Pv2.1_09_35630635_C/T,Chr09,35630635,0.0230143229241393,6159,FALSE
Pv2.1_06_4654696_T/C,Chr06,4654696,0.0230129793106721,6160,FALSE
Pv2.1_11_50364168_T/TA,Chr11,50364168,0.0230114808594379,6161,FALSE
Pv2.1_05_3465059_C/T,Chr05,3465059,0.0230070822633532,6162,FALSE
Pv2.1_04_12248411_C/T,Chr04,12248411,0.0230068057794863,6163,FALSE
Pv2.1_10_446769_C/T,Chr10,446769,0.0230059600251988,6164,FALSE
Pv2.1_10_446778_A/G,Chr10,446778,0.0230059600251988,6165,FALSE
Pv2.1_10_4904366_T/A,Chr10,4904366,0.0230017909626934,6166,FALSE
Pv2.1_09_22304249_C/A,Chr09,22304249,0.0229996881846777,6167,FALSE
Pv2.1_02_49600283_G/C,Chr02,49600283,0.022998681272707,6168,FALSE
Pv2.1_08_58992336_G/A,Chr08,58992336,0.0229976089334691,6169,FALSE
Pv2.1_01_167799_C/T,Chr01,167799,0.0229973289575454,6170,FALSE
Pv2.1_04_4560403_G/C,Chr04,4560403,0.0229934518388912,6171,FALSE
Pv2.1_06_20054744_T/A,Chr06,20054744,0.0229933526402082,6172,FALSE
Pv2.1_07_9330329_G/T,Chr07,9330329,0.022993033472035,6173,FALSE
Pv2.1_09_28972599_C/T,Chr09,28972599,0.0229905776321626,6174,FALSE
Pv2.1_08_9633815_T/C,Chr08,9633815,0.0229887708676744,6175,FALSE
Pv2.1_01_2808889_G/A,Chr01,2808889,0.0229884033525778,6176,FALSE
Pv2.1_10_2181655_C/T,Chr10,2181655,0.0229878171427367,6177,FALSE
Pv2.1_06_1920935_T/C,Chr06,1920935,0.0229874600079576,6178,FALSE
Pv2.1_05_18342742_C/T,Chr05,18342742,0.0229818468522001,6179,FALSE
Pv2.1_09_37800109_C/A,Chr09,37800109,0.0229800193589305,6180,FALSE
Pv2.1_02_2767947_A/G,Chr02,2767947,0.0229797489966059,6181,FALSE
Pv2.1_11_3069726_G/A,Chr11,3069726,0.0229772590442789,6182,FALSE
Pv2.1_10_4355176_G/T,Chr10,4355176,0.0229710435646746,6183,FALSE
Pv2.1_10_4355188_A/G,Chr10,4355188,0.0229710435646746,6184,FALSE
Pv2.1_11_51717951_T/C,Chr11,51717951,0.0229675331407928,6185,FALSE
Pv2.1_10_41616825_A/G,Chr10,41616825,0.0229674631026979,6186,FALSE
Pv2.1_08_7893611_T/A,Chr08,7893611,0.0229669750047203,6187,FALSE
Pv2.1_09_35507450_G/A,Chr09,35507450,0.0229663397118731,6188,FALSE
Pv2.1_11_4865335_G/C,Chr11,4865335,0.0229663076122457,6189,FALSE
Pv2.1_01_3365769_G/A,Chr01,3365769,0.0229641483822065,6190,FALSE
Pv2.1_01_3365778_T/C,Chr01,3365778,0.0229641483822065,6191,FALSE
Pv2.1_06_21887730_G/T,Chr06,21887730,0.022962323587576,6192,FALSE
Pv2.1_07_9678793_C/T,Chr07,9678793,0.0229601494780538,6193,FALSE
Pv2.1_06_22262492_A/T,Chr06,22262492,0.0229596954696452,6194,FALSE
Pv2.1_08_59104934_T/A,Chr08,59104934,0.0229545439355436,6195,FALSE
Pv2.1_03_30385614_T/A,Chr03,30385614,0.0229545062758976,6196,FALSE
Pv2.1_01_49760345_A/G,Chr01,49760345,0.0229542567612313,6197,FALSE
Pv2.1_02_35730619_A/G,Chr02,35730619,0.0229508480691525,6198,FALSE
Pv2.1_07_6748605_C/T,Chr07,6748605,0.0229504405182905,6199,FALSE
Pv2.1_09_38191077_G/T,Chr09,38191077,0.0229503406436962,6200,FALSE
Pv2.1_04_47251833_G/GA,Chr04,47251833,0.0229491629212415,6201,FALSE
Pv2.1_08_61869726_G/A,Chr08,61869726,0.0229471342441765,6202,FALSE
Pv2.1_10_43814500_A/G,Chr10,43814500,0.0229467182736753,6203,FALSE
Pv2.1_06_22450346_G/A,Chr06,22450346,0.0229463674992081,6204,FALSE
Pv2.1_11_2133612_G/A,Chr11,2133612,0.0229455936158152,6205,FALSE
Pv2.1_06_20332359_C/T,Chr06,20332359,0.0229423208185846,6206,FALSE
Pv2.1_06_21930092_C/T,Chr06,21930092,0.0229422459338289,6207,FALSE
Pv2.1_09_36873017_C/G,Chr09,36873017,0.0229418053341406,6208,FALSE
Pv2.1_10_43810856_T/C,Chr10,43810856,0.0229406971254456,6209,FALSE
Pv2.1_01_3797668_C/T,Chr01,3797668,0.0229399479029668,6210,FALSE
Pv2.1_05_38217230_G/A,Chr05,38217230,0.0229389634956596,6211,FALSE
Pv2.1_06_21019809_A/T,Chr06,21019809,0.0229389490018876,6212,FALSE
Pv2.1_09_36899380_T/G,Chr09,36899380,0.0229366711850996,6213,FALSE
Pv2.1_05_4480236_T/G,Chr05,4480236,0.0229318572734245,6214,FALSE
Pv2.1_07_7874158_C/T,Chr07,7874158,0.0229282737590242,6215,FALSE
Pv2.1_07_7874198_C/T,Chr07,7874198,0.0229282737590242,6216,FALSE
Pv2.1_09_22620233_C/T,Chr09,22620233,0.022928233215791,6217,FALSE
Pv2.1_10_42575052_C/G,Chr10,42575052,0.0229229443893422,6218,FALSE
Pv2.1_08_61869727_T/C,Chr08,61869727,0.0229193526212428,6219,FALSE
Pv2.1_07_38947370_A/G,Chr07,38947370,0.0229192267840141,6220,FALSE
Pv2.1_02_35475477_T/A,Chr02,35475477,0.0229168458712552,6221,FALSE
Pv2.1_02_41768916_A/C,Chr02,41768916,0.0229157097050412,6222,FALSE
Pv2.1_06_22386057_C/G,Chr06,22386057,0.0229145796266623,6223,FALSE
Pv2.1_07_993162_C/T,Chr07,993162,0.0229124551286439,6224,FALSE
Pv2.1_10_11554952_C/A,Chr10,11554952,0.0229084393930212,6225,FALSE
Pv2.1_10_4355185_A/T,Chr10,4355185,0.0229031393811656,6226,FALSE
Pv2.1_08_62807658_G/C,Chr08,62807658,0.0229022675817907,6227,FALSE
Pv2.1_03_48007296_CAGA/C,Chr03,48007296,0.0228988711746099,6228,FALSE
Pv2.1_11_43146477_C/T,Chr11,43146477,0.0228984201436058,6229,FALSE
Pv2.1_10_38244735_A/G,Chr10,38244735,0.0228978456033331,6230,FALSE
Pv2.1_06_25597614_G/A,Chr06,25597614,0.0228969985748839,6231,FALSE
Pv2.1_05_3755559_T/A,Chr05,3755559,0.022896836717119,6232,FALSE
Pv2.1_11_2171711_T/C,Chr11,2171711,0.0228963145562244,6233,FALSE
Pv2.1_06_26553007_C/A,Chr06,26553007,0.0228932558099277,6234,FALSE
Pv2.1_08_58957905_C/T,Chr08,58957905,0.0228924889635396,6235,FALSE
Pv2.1_08_62327762_A/G,Chr08,62327762,0.0228924270108486,6236,FALSE
Pv2.1_06_23874717_C/T,Chr06,23874717,0.0228871249405844,6237,FALSE
Pv2.1_09_35314293_A/T,Chr09,35314293,0.022886975979957,6238,FALSE
Pv2.1_10_4873302_C/G,Chr10,4873302,0.0228834362167456,6239,FALSE
Pv2.1_03_10973055_C/T,Chr03,10973055,0.0228818402172291,6240,FALSE
Pv2.1_02_41768892_A/C,Chr02,41768892,0.0228799036346374,6241,FALSE
Pv2.1_08_61663103_C/T,Chr08,61663103,0.0228798294151189,6242,FALSE
Pv2.1_08_53236239_T/A,Chr08,53236239,0.0228758665001414,6243,FALSE
Pv2.1_06_17577510_A/G,Chr06,17577510,0.0228758269892566,6244,FALSE
Pv2.1_08_9096205_A/G,Chr08,9096205,0.0228739066355126,6245,FALSE
Pv2.1_09_22307911_A/G,Chr09,22307911,0.0228711400406234,6246,FALSE
Pv2.1_02_43116074_C/T,Chr02,43116074,0.0228651165659644,6247,FALSE
Pv2.1_03_46140179_T/C,Chr03,46140179,0.0228633886399403,6248,FALSE
Pv2.1_02_39814197_A/G,Chr02,39814197,0.0228623551838156,6249,FALSE
Pv2.1_08_33000013_C/T,Chr08,33000013,0.0228585791798457,6250,FALSE
Pv2.1_06_23708976_G/T,Chr06,23708976,0.0228584991053444,6251,FALSE
Pv2.1_06_30927849_C/T,Chr06,30927849,0.0228554129494407,6252,FALSE
Pv2.1_10_31373406_G/A,Chr10,31373406,0.0228540346812522,6253,FALSE
Pv2.1_07_8994967_T/TGGAA,Chr07,8994967,0.0228525342335861,6254,FALSE
Pv2.1_01_992688_G/T,Chr01,992688,0.022852164008405,6255,FALSE
Pv2.1_07_840494_C/T,Chr07,840494,0.0228484079274138,6256,FALSE
Pv2.1_10_41674631_T/A,Chr10,41674631,0.0228471365823895,6257,FALSE
Pv2.1_02_2987344_C/T,Chr02,2987344,0.0228465990620519,6258,FALSE
Pv2.1_04_120125_G/T,Chr04,120125,0.022846059751612,6259,FALSE
Pv2.1_07_34995790_G/A,Chr07,34995790,0.0228448080065542,6260,FALSE
Pv2.1_08_7163528_C/T,Chr08,7163528,0.0228405248169534,6261,FALSE
Pv2.1_06_21693607_C/G,Chr06,21693607,0.0228380044799761,6262,FALSE
Pv2.1_09_38099804_G/A,Chr09,38099804,0.0228379871480242,6263,FALSE
Pv2.1_09_38099818_A/T,Chr09,38099818,0.0228379871480242,6264,FALSE
Pv2.1_06_18802485_C/G,Chr06,18802485,0.022837354738785,6265,FALSE
Pv2.1_08_58600525_A/AT,Chr08,58600525,0.0228370670658347,6266,FALSE
Pv2.1_08_58012956_G/A,Chr08,58012956,0.0228360520545605,6267,FALSE
Pv2.1_08_58012987_G/A,Chr08,58012987,0.0228360520545605,6268,FALSE
Pv2.1_01_2016690_C/G,Chr01,2016690,0.0228360064537494,6269,FALSE
Pv2.1_03_45753146_G/A,Chr03,45753146,0.0228352777126326,6270,FALSE
Pv2.1_03_8784079_C/T,Chr03,8784079,0.0228348939823109,6271,FALSE
Pv2.1_06_24104690_A/G,Chr06,24104690,0.0228319586231169,6272,FALSE
Pv2.1_11_3019532_A/T,Chr11,3019532,0.0228295102293665,6273,FALSE
Pv2.1_09_14645220_G/A,Chr09,14645220,0.0228249379275427,6274,FALSE
Pv2.1_06_26310516_G/A,Chr06,26310516,0.0228248726559057,6275,FALSE
Pv2.1_08_62188128_C/G,Chr08,62188128,0.022822265011063,6276,FALSE
Pv2.1_03_51304791_G/A,Chr03,51304791,0.0228168183982174,6277,FALSE
Pv2.1_10_4906704_A/C,Chr10,4906704,0.0228142037086321,6278,FALSE
Pv2.1_11_2774240_AGAG/A,Chr11,2774240,0.0228128923084761,6279,FALSE
Pv2.1_11_50576274_A/T,Chr11,50576274,0.0228127902120203,6280,FALSE
Pv2.1_08_60448264_T/G,Chr08,60448264,0.0228112918225385,6281,FALSE
Pv2.1_07_36725581_C/A,Chr07,36725581,0.0228079605270386,6282,FALSE
Pv2.1_06_20852830_T/A,Chr06,20852830,0.02280610685317,6283,FALSE
Pv2.1_08_55164969_G/T,Chr08,55164969,0.0228002317621416,6284,FALSE
Pv2.1_08_62490624_C/T,Chr08,62490624,0.0227990445282424,6285,FALSE
Pv2.1_04_12935207_G/A,Chr04,12935207,0.0227979685339053,6286,FALSE
Pv2.1_10_43814482_T/C,Chr10,43814482,0.0227972302426811,6287,FALSE
Pv2.1_03_52865100_T/A,Chr03,52865100,0.0227959257358785,6288,FALSE
Pv2.1_06_29673274_A/G,Chr06,29673274,0.0227931424233856,6289,FALSE
Pv2.1_03_40764864_A/T,Chr03,40764864,0.0227923567736301,6290,FALSE
Pv2.1_10_43187238_T/G,Chr10,43187238,0.0227910401006297,6291,FALSE
Pv2.1_07_36799536_A/T,Chr07,36799536,0.0227890728700899,6292,FALSE
Pv2.1_11_1010422_T/C,Chr11,1010422,0.0227861528088522,6293,FALSE
Pv2.1_08_52971901_G/T,Chr08,52971901,0.0227824681447086,6294,FALSE
Pv2.1_10_38147188_T/C,Chr10,38147188,0.0227823592340659,6295,FALSE
Pv2.1_04_11044436_C/T,Chr04,11044436,0.0227816450984899,6296,FALSE
Pv2.1_09_14394300_G/A,Chr09,14394300,0.022779785537145,6297,FALSE
Pv2.1_08_62899552_A/T,Chr08,62899552,0.022779665300567,6298,FALSE
Pv2.1_02_2739945_G/C,Chr02,2739945,0.0227793306380231,6299,FALSE
Pv2.1_02_2740013_G/A,Chr02,2740013,0.0227793306380231,6300,FALSE
Pv2.1_05_40598747_G/A,Chr05,40598747,0.0227779461680888,6301,FALSE
Pv2.1_08_61885706_C/T,Chr08,61885706,0.022777879656724,6302,FALSE
Pv2.1_11_49259782_G/A,Chr11,49259782,0.0227773112197003,6303,FALSE
Pv2.1_02_46287908_C/G,Chr02,46287908,0.0227753609666381,6304,FALSE
Pv2.1_07_9572089_T/A,Chr07,9572089,0.0227747423479094,6305,FALSE
Pv2.1_07_8497468_T/TG,Chr07,8497468,0.0227738364566039,6306,FALSE
Pv2.1_06_23670624_G/A,Chr06,23670624,0.0227733216659645,6307,FALSE
Pv2.1_07_38481313_A/G,Chr07,38481313,0.0227729971378228,6308,FALSE
Pv2.1_07_38481315_G/A,Chr07,38481315,0.0227729971378228,6309,FALSE
Pv2.1_06_5391843_T/C,Chr06,5391843,0.0227674717301349,6310,FALSE
Pv2.1_05_11993304_G/T,Chr05,11993304,0.0227661000164958,6311,FALSE
Pv2.1_08_62662571_A/G,Chr08,62662571,0.0227575977442034,6312,FALSE
Pv2.1_01_40820470_T/C,Chr01,40820470,0.0227568317898768,6313,FALSE
Pv2.1_07_6675983_C/G,Chr07,6675983,0.0227563810230733,6314,FALSE
Pv2.1_08_59012878_T/C,Chr08,59012878,0.0227532936451875,6315,FALSE
Pv2.1_08_59012879_G/A,Chr08,59012879,0.0227532936451875,6316,FALSE
Pv2.1_07_993121_C/A,Chr07,993121,0.0227527685073232,6317,FALSE
Pv2.1_06_25139321_T/A,Chr06,25139321,0.0227521118232859,6318,FALSE
Pv2.1_06_18822018_A/G,Chr06,18822018,0.0227446132054285,6319,FALSE
Pv2.1_05_38449654_T/A,Chr05,38449654,0.0227440775386194,6320,FALSE
Pv2.1_11_1748358_G/T,Chr11,1748358,0.0227423317963797,6321,FALSE
Pv2.1_08_59125773_G/A,Chr08,59125773,0.022741280696247,6322,FALSE
Pv2.1_08_2905097_T/A,Chr08,2905097,0.0227403636726793,6323,FALSE
Pv2.1_08_61525805_C/T,Chr08,61525805,0.0227358550240573,6324,FALSE
Pv2.1_09_36794464_C/T,Chr09,36794464,0.0227347448384299,6325,FALSE
Pv2.1_11_4617746_T/A,Chr11,4617746,0.0227244175530359,6326,FALSE
Pv2.1_07_9479371_C/G,Chr07,9479371,0.0227207954493451,6327,FALSE
Pv2.1_05_9081184_T/A,Chr05,9081184,0.0227175525140257,6328,FALSE
Pv2.1_05_39471053_G/A,Chr05,39471053,0.0227158890799792,6329,FALSE
Pv2.1_11_1024852_T/C,Chr11,1024852,0.0227151807389876,6330,FALSE
Pv2.1_06_21533243_G/C,Chr06,21533243,0.0227140732481157,6331,FALSE
Pv2.1_08_61639065_A/G,Chr08,61639065,0.0227129724544222,6332,FALSE
Pv2.1_04_1956651_T/C,Chr04,1956651,0.0227103003693236,6333,FALSE
Pv2.1_06_19232987_A/G,Chr06,19232987,0.0227069533503741,6334,FALSE
Pv2.1_10_42578179_G/T,Chr10,42578179,0.0226994456921736,6335,FALSE
Pv2.1_02_44838471_A/C,Chr02,44838471,0.0226953879792848,6336,FALSE
Pv2.1_08_9410030_T/C,Chr08,9410030,0.0226921685865826,6337,FALSE
Pv2.1_02_31207309_C/T,Chr02,31207309,0.0226888296222758,6338,FALSE
Pv2.1_06_25610477_G/A,Chr06,25610477,0.0226868343228133,6339,FALSE
Pv2.1_10_42515121_G/T,Chr10,42515121,0.0226853190393554,6340,FALSE
Pv2.1_07_7837173_C/T,Chr07,7837173,0.0226832684718312,6341,FALSE
Pv2.1_08_61879760_G/C,Chr08,61879760,0.0226827802792551,6342,FALSE
Pv2.1_09_38046050_A/C,Chr09,38046050,0.0226812605907498,6343,FALSE
Pv2.1_05_11785008_A/C,Chr05,11785008,0.0226804140729895,6344,FALSE
Pv2.1_08_62727820_T/TAA,Chr08,62727820,0.0226800552730273,6345,FALSE
Pv2.1_08_62140060_G/A,Chr08,62140060,0.0226799863822156,6346,FALSE
Pv2.1_03_8860832_G/A,Chr03,8860832,0.0226778216949932,6347,FALSE
Pv2.1_01_4179649_G/A,Chr01,4179649,0.022676535000655,6348,FALSE
Pv2.1_04_2030452_G/T,Chr04,2030452,0.0226758005355805,6349,FALSE
Pv2.1_05_38444090_A/G,Chr05,38444090,0.0226748215239767,6350,FALSE
Pv2.1_09_28879184_T/C,Chr09,28879184,0.0226738644991182,6351,FALSE
Pv2.1_04_4083233_A/G,Chr04,4083233,0.0226731814666064,6352,FALSE
Pv2.1_05_17700293_G/T,Chr05,17700293,0.0226725060919502,6353,FALSE
Pv2.1_06_29674782_G/A,Chr06,29674782,0.022671834957142,6354,FALSE
Pv2.1_06_28078852_G/A,Chr06,28078852,0.0226717200603201,6355,FALSE
Pv2.1_09_38120907_T/C,Chr09,38120907,0.0226610922314099,6356,FALSE
Pv2.1_11_49884640_C/T,Chr11,49884640,0.0226580456036807,6357,FALSE
Pv2.1_02_49597508_G/A,Chr02,49597508,0.0226578711747987,6358,FALSE
Pv2.1_02_581031_A/C,Chr02,581031,0.0226563032899558,6359,FALSE
Pv2.1_07_5705257_T/C,Chr07,5705257,0.0226540444431311,6360,FALSE
Pv2.1_08_61825332_A/G,Chr08,61825332,0.0226536119305871,6361,FALSE
Pv2.1_08_61825339_C/G,Chr08,61825339,0.0226536119305871,6362,FALSE
Pv2.1_05_40403040_T/C,Chr05,40403040,0.0226494025204222,6363,FALSE
Pv2.1_04_69055_G/A,Chr04,69055,0.0226481221686616,6364,FALSE
Pv2.1_01_15768348_A/G,Chr01,15768348,0.0226456402957633,6365,FALSE
Pv2.1_01_50650017_C/T,Chr01,50650017,0.0226426076677839,6366,FALSE
Pv2.1_04_46477894_C/T,Chr04,46477894,0.0226423594552982,6367,FALSE
Pv2.1_06_20852832_C/T,Chr06,20852832,0.0226417339699729,6368,FALSE
Pv2.1_03_50415062_A/G,Chr03,50415062,0.0226396695376376,6369,FALSE
Pv2.1_10_42182090_T/C,Chr10,42182090,0.0226388693011415,6370,FALSE
Pv2.1_05_9198309_A/G,Chr05,9198309,0.022638173823827,6371,FALSE
Pv2.1_06_15481195_G/A,Chr06,15481195,0.0226362936914519,6372,FALSE
Pv2.1_03_50391785_T/TTGGTGG,Chr03,50391785,0.0226359549014319,6373,FALSE
Pv2.1_06_18438190_T/C,Chr06,18438190,0.0226356525050475,6374,FALSE
Pv2.1_01_13323695_A/T,Chr01,13323695,0.0226320232524158,6375,FALSE
Pv2.1_09_7677798_T/C,Chr09,7677798,0.0226316355864364,6376,FALSE
Pv2.1_07_7033106_T/A,Chr07,7033106,0.0226279123032502,6377,FALSE
Pv2.1_11_50054929_C/T,Chr11,50054929,0.0226263235868713,6378,FALSE
Pv2.1_03_9713612_T/A,Chr03,9713612,0.0226257660973412,6379,FALSE
Pv2.1_03_11953403_T/A,Chr03,11953403,0.0226254686283434,6380,FALSE
Pv2.1_04_47605546_A/G,Chr04,47605546,0.0226248322460605,6381,FALSE
Pv2.1_03_48151719_G/T,Chr03,48151719,0.0226211724326904,6382,FALSE
Pv2.1_07_36203363_G/A,Chr07,36203363,0.0226200738920759,6383,FALSE
Pv2.1_08_3834214_C/A,Chr08,3834214,0.0226199633099631,6384,FALSE
Pv2.1_04_3207746_G/A,Chr04,3207746,0.0226174161276642,6385,FALSE
Pv2.1_08_62818990_G/C,Chr08,62818990,0.0226172288922952,6386,FALSE
Pv2.1_02_45454883_A/G,Chr02,45454883,0.0226171097827494,6387,FALSE
Pv2.1_11_24587568_A/C,Chr11,24587568,0.0226131631979678,6388,FALSE
Pv2.1_04_432722_A/G,Chr04,432722,0.0226131522574624,6389,FALSE
Pv2.1_07_35524454_C/T,Chr07,35524454,0.0226117457076871,6390,FALSE
Pv2.1_02_48544210_G/A,Chr02,48544210,0.0226102752175472,6391,FALSE
Pv2.1_07_36967602_G/GA,Chr07,36967602,0.0226100199105002,6392,FALSE
Pv2.1_09_22408210_C/T,Chr09,22408210,0.0226084008829974,6393,FALSE
Pv2.1_09_36432695_A/C,Chr09,36432695,0.0226071580453153,6394,FALSE
Pv2.1_04_46477844_T/C,Chr04,46477844,0.0226059161636614,6395,FALSE
Pv2.1_04_46477874_A/T,Chr04,46477874,0.0226059161636614,6396,FALSE
Pv2.1_06_26310553_C/T,Chr06,26310553,0.0226010693146006,6397,FALSE
Pv2.1_07_10116499_A/G,Chr07,10116499,0.0226000832255568,6398,FALSE
Pv2.1_01_51096079_G/A,Chr01,51096079,0.0225996883137372,6399,FALSE
Pv2.1_11_2741759_G/A,Chr11,2741759,0.0225991467063333,6400,FALSE
Pv2.1_05_39970167_G/C,Chr05,39970167,0.0225985468246619,6401,FALSE
Pv2.1_02_44728304_C/A,Chr02,44728304,0.0225979026069649,6402,FALSE
Pv2.1_11_26631995_G/A,Chr11,26631995,0.0225975739847923,6403,FALSE
Pv2.1_02_49605067_A/G,Chr02,49605067,0.02259689960988,6404,FALSE
Pv2.1_08_16263704_G/A,Chr08,16263704,0.022595893593083,6405,FALSE
Pv2.1_02_40032741_G/GA,Chr02,40032741,0.0225943573226601,6406,FALSE
Pv2.1_08_62525883_A/G,Chr08,62525883,0.0225928722553692,6407,FALSE
Pv2.1_08_62525899_T/C,Chr08,62525899,0.0225928722553692,6408,FALSE
Pv2.1_07_1006655_A/T,Chr07,1006655,0.0225887748021796,6409,FALSE
Pv2.1_02_518635_G/T,Chr02,518635,0.0225864019040216,6410,FALSE
Pv2.1_03_2580458_T/A,Chr03,2580458,0.0225854331358928,6411,FALSE
Pv2.1_02_23293649_A/T,Chr02,23293649,0.0225815083590697,6412,FALSE
Pv2.1_03_10297623_G/A,Chr03,10297623,0.0225787639430748,6413,FALSE
Pv2.1_08_59857770_CA/C,Chr08,59857770,0.0225757866998757,6414,FALSE
Pv2.1_08_59857772_T/A,Chr08,59857772,0.0225757866998757,6415,FALSE
Pv2.1_04_42068282_G/A,Chr04,42068282,0.0225754024595619,6416,FALSE
Pv2.1_06_26566515_T/A,Chr06,26566515,0.0225749537172137,6417,FALSE
Pv2.1_08_60714982_A/T,Chr08,60714982,0.0225748324414785,6418,FALSE
Pv2.1_09_38007501_A/G,Chr09,38007501,0.0225730283601258,6419,FALSE
Pv2.1_08_3925649_T/C,Chr08,3925649,0.0225717765177453,6420,FALSE
Pv2.1_08_61901219_T/C,Chr08,61901219,0.0225704896306995,6421,FALSE
Pv2.1_01_2646063_TA/T,Chr01,2646063,0.0225692490996923,6422,FALSE
Pv2.1_02_2189843_C/A,Chr02,2189843,0.0225679080852532,6423,FALSE
Pv2.1_03_8261245_A/G,Chr03,8261245,0.0225647599396126,6424,FALSE
Pv2.1_08_3099589_G/A,Chr08,3099589,0.0225635623497116,6425,FALSE
Pv2.1_02_26946953_G/T,Chr02,26946953,0.0225618020775542,6426,FALSE
Pv2.1_02_40981078_G/A,Chr02,40981078,0.0225597558595245,6427,FALSE
Pv2.1_06_20852329_T/A,Chr06,20852329,0.0225595290510272,6428,FALSE
Pv2.1_08_62782521_A/G,Chr08,62782521,0.0225594386518551,6429,FALSE
Pv2.1_04_47266640_AG/A,Chr04,47266640,0.0225555662922874,6430,FALSE
Pv2.1_07_7640846_T/C,Chr07,7640846,0.0225548584562612,6431,FALSE
Pv2.1_06_14944029_A/C,Chr06,14944029,0.0225543540298103,6432,FALSE
Pv2.1_07_9563090_GT/G,Chr07,9563090,0.0225541347521383,6433,FALSE
Pv2.1_11_51156884_C/A,Chr11,51156884,0.0225511915505017,6434,FALSE
Pv2.1_02_26515090_A/G,Chr02,26515090,0.0225497104433425,6435,FALSE
Pv2.1_09_36899434_G/A,Chr09,36899434,0.0225490946927027,6436,FALSE
Pv2.1_10_23556944_C/T,Chr10,23556944,0.0225437269696869,6437,FALSE
Pv2.1_08_62309974_T/A,Chr08,62309974,0.0225434435358145,6438,FALSE
Pv2.1_08_38905597_G/A,Chr08,38905597,0.0225411537563578,6439,FALSE
Pv2.1_04_12120986_T/G,Chr04,12120986,0.0225397619308687,6440,FALSE
Pv2.1_07_35457311_G/A,Chr07,35457311,0.022538780234763,6441,FALSE
Pv2.1_05_39967124_C/T,Chr05,39967124,0.0225371690397864,6442,FALSE
Pv2.1_11_1616752_T/C,Chr11,1616752,0.022535908833504,6443,FALSE
Pv2.1_06_14619784_G/A,Chr06,14619784,0.0225351200097057,6444,FALSE
Pv2.1_08_60092759_G/A,Chr08,60092759,0.0225345406986692,6445,FALSE
Pv2.1_08_35316078_G/A,Chr08,35316078,0.0225343332521786,6446,FALSE
Pv2.1_03_45612106_C/A,Chr03,45612106,0.022534091985662,6447,FALSE
Pv2.1_02_24402388_C/G,Chr02,24402388,0.0225325995648209,6448,FALSE
Pv2.1_02_47729341_T/C,Chr02,47729341,0.0225273137141122,6449,FALSE
Pv2.1_01_144148_G/T,Chr01,144148,0.022520169216552,6450,FALSE
Pv2.1_05_38443858_T/TTA,Chr05,38443858,0.0225195381126779,6451,FALSE
Pv2.1_07_34260362_G/GT,Chr07,34260362,0.0225177454473027,6452,FALSE
Pv2.1_06_20460373_T/C,Chr06,20460373,0.0225175173215546,6453,FALSE
Pv2.1_07_7893492_AT/A,Chr07,7893492,0.022516906452275,6454,FALSE
Pv2.1_06_25366195_A/G,Chr06,25366195,0.0225167995672591,6455,FALSE
Pv2.1_08_61837991_T/C,Chr08,61837991,0.0225162519805822,6456,FALSE
Pv2.1_08_61837995_A/T,Chr08,61837995,0.0225162519805822,6457,FALSE
Pv2.1_11_47282439_C/A,Chr11,47282439,0.0225142513751933,6458,FALSE
Pv2.1_06_20470834_T/C,Chr06,20470834,0.0225138708254131,6459,FALSE
Pv2.1_11_52352405_A/C,Chr11,52352405,0.022511104778117,6460,FALSE
Pv2.1_09_36043470_A/G,Chr09,36043470,0.0225109426638821,6461,FALSE
Pv2.1_09_36899431_A/T,Chr09,36899431,0.0225102619156781,6462,FALSE
Pv2.1_08_59104971_G/T,Chr08,59104971,0.0225091931393191,6463,FALSE
Pv2.1_06_5985576_A/G,Chr06,5985576,0.0225083645983304,6464,FALSE
Pv2.1_07_8521809_T/C,Chr07,8521809,0.0225083292893231,6465,FALSE
Pv2.1_06_22386051_G/A,Chr06,22386051,0.0225074934620819,6466,FALSE
Pv2.1_06_5598172_T/A,Chr06,5598172,0.0225000025501014,6467,FALSE
Pv2.1_08_62838604_G/A,Chr08,62838604,0.0224997194086676,6468,FALSE
Pv2.1_04_32728_G/A,Chr04,32728,0.022498695511346,6469,FALSE
Pv2.1_02_44838463_C/CTGG,Chr02,44838463,0.0224983103081482,6470,FALSE
Pv2.1_07_37122797_G/A,Chr07,37122797,0.022496074152365,6471,FALSE
Pv2.1_03_52855449_C/A,Chr03,52855449,0.0224956676802743,6472,FALSE
Pv2.1_08_13606163_G/T,Chr08,13606163,0.0224902946953982,6473,FALSE
Pv2.1_02_1556470_T/C,Chr02,1556470,0.0224855812494971,6474,FALSE
Pv2.1_03_1471121_G/A,Chr03,1471121,0.0224855029361115,6475,FALSE
Pv2.1_03_1471121_G/C,Chr03,1471121,0.0224855029361115,6476,FALSE
Pv2.1_03_1471129_A/G,Chr03,1471129,0.0224855029361115,6477,FALSE
Pv2.1_07_10207670_A/T,Chr07,10207670,0.0224811528155717,6478,FALSE
Pv2.1_09_35314379_G/A,Chr09,35314379,0.0224802090288501,6479,FALSE
Pv2.1_11_47321504_T/C,Chr11,47321504,0.0224793782788923,6480,FALSE
Pv2.1_06_21038827_C/T,Chr06,21038827,0.0224789261754874,6481,FALSE
Pv2.1_01_2808818_TC/T,Chr01,2808818,0.0224788947820112,6482,FALSE
Pv2.1_11_2053523_G/A,Chr11,2053523,0.022477929547831,6483,FALSE
Pv2.1_06_19561648_A/G,Chr06,19561648,0.0224761736788186,6484,FALSE
Pv2.1_10_6597909_C/T,Chr10,6597909,0.0224744804017023,6485,FALSE
Pv2.1_05_9081162_C/T,Chr05,9081162,0.022473871974237,6486,FALSE
Pv2.1_02_30842556_G/A,Chr02,30842556,0.0224734612311055,6487,FALSE
Pv2.1_01_6676423_G/T,Chr01,6676423,0.0224723984558608,6488,FALSE
Pv2.1_01_6676449_T/A,Chr01,6676449,0.0224723984558608,6489,FALSE
Pv2.1_01_6676459_C/G,Chr01,6676459,0.0224723984558608,6490,FALSE
Pv2.1_07_37799032_C/A,Chr07,37799032,0.0224705593250119,6491,FALSE
Pv2.1_08_62553191_A/G,Chr08,62553191,0.0224660142395448,6492,FALSE
Pv2.1_03_48616201_T/C,Chr03,48616201,0.0224644958304103,6493,FALSE
Pv2.1_03_9413114_T/A,Chr03,9413114,0.0224629420401703,6494,FALSE
Pv2.1_08_61526015_C/T,Chr08,61526015,0.0224625321758154,6495,FALSE
Pv2.1_09_36794388_G/T,Chr09,36794388,0.0224599455369439,6496,FALSE
Pv2.1_02_45934057_G/T,Chr02,45934057,0.0224591857685352,6497,FALSE
Pv2.1_09_36698316_A/G,Chr09,36698316,0.0224527781724491,6498,FALSE
Pv2.1_09_22620486_A/C,Chr09,22620486,0.0224519646328201,6499,FALSE
Pv2.1_08_62711505_T/TA,Chr08,62711505,0.0224514384944867,6500,FALSE
Pv2.1_05_39317632_C/G,Chr05,39317632,0.022451114098629,6501,FALSE
Pv2.1_09_381403_A/G,Chr09,381403,0.0224509155198058,6502,FALSE
Pv2.1_11_2132642_C/G,Chr11,2132642,0.0224500611472731,6503,FALSE
Pv2.1_01_1009184_G/A,Chr01,1009184,0.0224488755216696,6504,FALSE
Pv2.1_06_26410251_C/T,Chr06,26410251,0.022448581328979,6505,FALSE
Pv2.1_01_5385933_G/A,Chr01,5385933,0.0224484365190256,6506,FALSE
Pv2.1_10_23620592_C/A,Chr10,23620592,0.0224450168403783,6507,FALSE
Pv2.1_10_23620593_A/G,Chr10,23620593,0.0224450168403783,6508,FALSE
Pv2.1_08_53392569_C/CT,Chr08,53392569,0.0224446789698809,6509,FALSE
Pv2.1_08_1819627_G/T,Chr08,1819627,0.0224440146484031,6510,FALSE
Pv2.1_08_1819643_G/A,Chr08,1819643,0.0224440146484031,6511,FALSE
Pv2.1_11_48008332_C/T,Chr11,48008332,0.0224421191256088,6512,FALSE
Pv2.1_06_25366176_T/A,Chr06,25366176,0.0224391512814246,6513,FALSE
Pv2.1_08_62276162_T/C,Chr08,62276162,0.0224357035644127,6514,FALSE
Pv2.1_08_29986004_G/C,Chr08,29986004,0.0224344387045696,6515,FALSE
Pv2.1_08_63038021_T/A,Chr08,63038021,0.0224342060058325,6516,FALSE
Pv2.1_10_43801088_C/G,Chr10,43801088,0.0224324303726307,6517,FALSE
Pv2.1_05_11309148_GA/G,Chr05,11309148,0.0224314257477287,6518,FALSE
Pv2.1_01_18244_A/G,Chr01,18244,0.0224288867805917,6519,FALSE
Pv2.1_07_38863655_A/T,Chr07,38863655,0.0224268354220047,6520,FALSE
Pv2.1_05_11706425_A/T,Chr05,11706425,0.0224239133187734,6521,FALSE
Pv2.1_08_53354322_T/A,Chr08,53354322,0.0224228920072385,6522,FALSE
Pv2.1_10_6588632_A/T,Chr10,6588632,0.0224217042097488,6523,FALSE
Pv2.1_07_485528_A/G,Chr07,485528,0.0224188263216094,6524,FALSE
Pv2.1_04_3255228_T/C,Chr04,3255228,0.0224166344340979,6525,FALSE
Pv2.1_04_47457860_G/A,Chr04,47457860,0.0224151929582237,6526,FALSE
Pv2.1_08_62952477_CT/C,Chr08,62952477,0.0224133576195595,6527,FALSE
Pv2.1_07_4818929_A/C,Chr07,4818929,0.0224120517948947,6528,FALSE
Pv2.1_06_18437480_G/A,Chr06,18437480,0.0224108618235075,6529,FALSE
Pv2.1_11_48008341_G/A,Chr11,48008341,0.0224082106284671,6530,FALSE
Pv2.1_07_8310786_C/A,Chr07,8310786,0.0224047791827271,6531,FALSE
Pv2.1_08_60442787_G/A,Chr08,60442787,0.0224023389564354,6532,FALSE
Pv2.1_01_49271137_T/C,Chr01,49271137,0.0224002543781969,6533,FALSE
Pv2.1_09_36418376_G/A,Chr09,36418376,0.0223981743194583,6534,FALSE
Pv2.1_06_19446416_A/C,Chr06,19446416,0.022397505778931,6535,FALSE
Pv2.1_11_3278137_G/A,Chr11,3278137,0.0223973082201767,6536,FALSE
Pv2.1_07_38947361_C/T,Chr07,38947361,0.0223970423584197,6537,FALSE
Pv2.1_08_9409779_A/G,Chr08,9409779,0.0223938251841442,6538,FALSE
Pv2.1_10_41562078_C/T,Chr10,41562078,0.0223924076306119,6539,FALSE
Pv2.1_11_53497859_A/C,Chr11,53497859,0.0223923722011641,6540,FALSE
Pv2.1_09_14645201_T/C,Chr09,14645201,0.0223914011246853,6541,FALSE
Pv2.1_07_195160_C/T,Chr07,195160,0.0223913224738954,6542,FALSE
Pv2.1_09_36794466_T/C,Chr09,36794466,0.0223908918252875,6543,FALSE
Pv2.1_09_38235007_C/A,Chr09,38235007,0.0223896463526336,6544,FALSE
Pv2.1_01_2309437_T/C,Chr01,2309437,0.0223895760122836,6545,FALSE
Pv2.1_09_15218442_C/G,Chr09,15218442,0.0223872156959279,6546,FALSE
Pv2.1_11_2383232_G/C,Chr11,2383232,0.0223862975475195,6547,FALSE
Pv2.1_08_60362810_A/G,Chr08,60362810,0.0223855041128402,6548,FALSE
Pv2.1_08_62956399_T/C,Chr08,62956399,0.0223835163844859,6549,FALSE
Pv2.1_11_29482759_G/A,Chr11,29482759,0.0223832409181686,6550,FALSE
Pv2.1_09_15231891_T/C,Chr09,15231891,0.0223828842503413,6551,FALSE
Pv2.1_04_45449136_ATC/A,Chr04,45449136,0.0223812601134048,6552,FALSE
Pv2.1_08_8717585_A/T,Chr08,8717585,0.0223785325611745,6553,FALSE
Pv2.1_10_34411953_G/C,Chr10,34411953,0.0223777231702966,6554,FALSE
Pv2.1_09_35517310_G/C,Chr09,35517310,0.0223771424099972,6555,FALSE
Pv2.1_04_45449091_C/T,Chr04,45449091,0.0223742489927394,6556,FALSE
Pv2.1_04_45449130_C/T,Chr04,45449130,0.0223742489927394,6557,FALSE
Pv2.1_11_53551610_ATC/A,Chr11,53551610,0.0223712311644748,6558,FALSE
Pv2.1_01_148035_A/ACTT,Chr01,148035,0.0223698902368397,6559,FALSE
Pv2.1_08_502328_T/C,Chr08,502328,0.0223696753786289,6560,FALSE
Pv2.1_08_502334_A/G,Chr08,502334,0.0223696753786289,6561,FALSE
Pv2.1_03_49597875_A/C,Chr03,49597875,0.0223682827419252,6562,FALSE
Pv2.1_10_1805688_A/G,Chr10,1805688,0.0223666192578751,6563,FALSE
Pv2.1_07_4755242_T/A,Chr07,4755242,0.0223662031594682,6564,FALSE
Pv2.1_11_53489943_C/A,Chr11,53489943,0.022360998018141,6565,FALSE
Pv2.1_06_19125856_G/A,Chr06,19125856,0.022360276495101,6566,FALSE
Pv2.1_02_671695_A/T,Chr02,671695,0.0223601197690511,6567,FALSE
Pv2.1_08_62003605_G/A,Chr08,62003605,0.0223587824741225,6568,FALSE
Pv2.1_08_62838643_A/G,Chr08,62838643,0.0223563202204811,6569,FALSE
Pv2.1_08_3406987_C/T,Chr08,3406987,0.0223554479579495,6570,FALSE
Pv2.1_08_3407003_T/G,Chr08,3407003,0.0223554479579495,6571,FALSE
Pv2.1_07_37007191_A/C,Chr07,37007191,0.0223525754263445,6572,FALSE
Pv2.1_08_8748592_C/T,Chr08,8748592,0.0223501735731193,6573,FALSE
Pv2.1_05_3755595_TA/T,Chr05,3755595,0.0223489904611238,6574,FALSE
Pv2.1_10_42115463_A/T,Chr10,42115463,0.0223439956459601,6575,FALSE
Pv2.1_09_38152439_C/T,Chr09,38152439,0.0223400343355284,6576,FALSE
Pv2.1_08_63004571_C/G,Chr08,63004571,0.0223330132200159,6577,FALSE
Pv2.1_08_63004594_A/G,Chr08,63004594,0.0223330132200159,6578,FALSE
Pv2.1_10_42138889_A/AT,Chr10,42138889,0.0223318157920862,6579,FALSE
Pv2.1_02_46792610_G/C,Chr02,46792610,0.022331249019786,6580,FALSE
Pv2.1_05_27718774_G/T,Chr05,27718774,0.0223303924634699,6581,FALSE
Pv2.1_08_62750033_G/A,Chr08,62750033,0.0223287239499341,6582,FALSE
Pv2.1_11_49286547_T/G,Chr11,49286547,0.0223232351992353,6583,FALSE
Pv2.1_07_7846513_C/T,Chr07,7846513,0.0223184151732689,6584,FALSE
Pv2.1_09_35630541_T/C,Chr09,35630541,0.0223144550855099,6585,FALSE
Pv2.1_07_266543_T/A,Chr07,266543,0.0223136548996199,6586,FALSE
Pv2.1_01_2682134_CT/C,Chr01,2682134,0.0223119816044548,6587,FALSE
Pv2.1_08_58386323_C/T,Chr08,58386323,0.0223099270308986,6588,FALSE
Pv2.1_10_4461933_T/C,Chr10,4461933,0.0223086848579883,6589,FALSE
Pv2.1_08_502282_C/T,Chr08,502282,0.0223068886786622,6590,FALSE
Pv2.1_06_21507376_A/G,Chr06,21507376,0.0223067508801651,6591,FALSE
Pv2.1_08_38855082_A/T,Chr08,38855082,0.0223060726607525,6592,FALSE
Pv2.1_04_11111822_T/A,Chr04,11111822,0.0223020759915831,6593,FALSE
Pv2.1_03_9319368_C/T,Chr03,9319368,0.0223015089194512,6594,FALSE
Pv2.1_03_9319379_A/T,Chr03,9319379,0.0223015089194512,6595,FALSE
Pv2.1_06_16870410_A/T,Chr06,16870410,0.0223008018477291,6596,FALSE
Pv2.1_07_28490207_C/G,Chr07,28490207,0.0222991189515342,6597,FALSE
Pv2.1_07_3320573_A/C,Chr07,3320573,0.0222977434165914,6598,FALSE
Pv2.1_03_2938515_A/G,Chr03,2938515,0.0222949607111316,6599,FALSE
Pv2.1_03_11673466_C/T,Chr03,11673466,0.0222933284251328,6600,FALSE
Pv2.1_11_4533251_G/A,Chr11,4533251,0.0222931175369294,6601,FALSE
Pv2.1_08_61467883_G/C,Chr08,61467883,0.0222926270473689,6602,FALSE
Pv2.1_01_2063881_T/G,Chr01,2063881,0.0222925557149041,6603,FALSE
Pv2.1_03_46149306_A/G,Chr03,46149306,0.0222918057165447,6604,FALSE
Pv2.1_05_40656502_C/T,Chr05,40656502,0.0222917204198496,6605,FALSE
Pv2.1_04_44385343_T/A,Chr04,44385343,0.022289750593723,6606,FALSE
Pv2.1_02_47718228_A/G,Chr02,47718228,0.0222864309126725,6607,FALSE
Pv2.1_08_7910411_T/C,Chr08,7910411,0.0222831044395972,6608,FALSE
Pv2.1_08_62895179_A/T,Chr08,62895179,0.0222807609142781,6609,FALSE
Pv2.1_09_37766314_G/A,Chr09,37766314,0.0222754891580541,6610,FALSE
Pv2.1_08_62782497_A/T,Chr08,62782497,0.0222713958711647,6611,FALSE
Pv2.1_08_9707478_C/T,Chr08,9707478,0.0222711112342067,6612,FALSE
Pv2.1_02_2748831_TACAA/T,Chr02,2748831,0.0222708679633614,6613,FALSE
Pv2.1_07_36785066_C/T,Chr07,36785066,0.0222698352372461,6614,FALSE
Pv2.1_06_19696202_A/T,Chr06,19696202,0.02226944277208,6615,FALSE
Pv2.1_03_33516650_T/A,Chr03,33516650,0.0222689818186081,6616,FALSE
Pv2.1_07_38402603_C/T,Chr07,38402603,0.0222652307093592,6617,FALSE
Pv2.1_07_426943_GCATAG/CCAT,Chr07,426943,0.0222618163997819,6618,FALSE
Pv2.1_07_426950_G/GAGAT,Chr07,426950,0.0222618163997819,6619,FALSE
Pv2.1_09_37431766_A/T,Chr09,37431766,0.0222598200677293,6620,FALSE
Pv2.1_08_7436843_C/G,Chr08,7436843,0.0222597352540319,6621,FALSE
Pv2.1_11_1555488_C/T,Chr11,1555488,0.0222596343438477,6622,FALSE
Pv2.1_06_19125871_C/T,Chr06,19125871,0.0222582196406287,6623,FALSE
Pv2.1_08_57920035_T/C,Chr08,57920035,0.0222565303072471,6624,FALSE
Pv2.1_09_37348847_C/T,Chr09,37348847,0.0222545301028823,6625,FALSE
Pv2.1_07_4464095_A/G,Chr07,4464095,0.0222495380632664,6626,FALSE
Pv2.1_07_35753070_G/A,Chr07,35753070,0.0222488420977331,6627,FALSE
Pv2.1_02_35816819_G/A,Chr02,35816819,0.022248788446829,6628,FALSE
Pv2.1_07_9346625_C/T,Chr07,9346625,0.0222473263237974,6629,FALSE
Pv2.1_06_21554918_G/A,Chr06,21554918,0.0222459792265077,6630,FALSE
Pv2.1_02_47384057_A/T,Chr02,47384057,0.0222457672208636,6631,FALSE
Pv2.1_11_943633_C/G,Chr11,943633,0.0222406675604212,6632,FALSE
Pv2.1_07_9572148_C/A,Chr07,9572148,0.0222370225423019,6633,FALSE
Pv2.1_11_1654268_A/T,Chr11,1654268,0.0222365043486725,6634,FALSE
Pv2.1_06_7668273_T/C,Chr06,7668273,0.0222350091488517,6635,FALSE
Pv2.1_01_1598489_G/A,Chr01,1598489,0.0222324165406649,6636,FALSE
Pv2.1_08_61896112_C/T,Chr08,61896112,0.0222308211460072,6637,FALSE
Pv2.1_08_62869163_G/A,Chr08,62869163,0.0222270636113375,6638,FALSE
Pv2.1_08_61338550_G/A,Chr08,61338550,0.0222267862794023,6639,FALSE
Pv2.1_07_21482051_A/T,Chr07,21482051,0.022226298312483,6640,FALSE
Pv2.1_10_43599413_A/T,Chr10,43599413,0.0222232218195257,6641,FALSE
Pv2.1_08_58795650_A/T,Chr08,58795650,0.0222191475907554,6642,FALSE
Pv2.1_04_47502132_G/A,Chr04,47502132,0.0222161257387992,6643,FALSE
Pv2.1_08_62972889_A/AT,Chr08,62972889,0.0222139110719857,6644,FALSE
Pv2.1_08_16175959_T/A,Chr08,16175959,0.0222087315088677,6645,FALSE
Pv2.1_07_9143916_C/T,Chr07,9143916,0.0222059509836567,6646,FALSE
Pv2.1_07_38388280_T/C,Chr07,38388280,0.0222038839640288,6647,FALSE
Pv2.1_04_42197831_T/C,Chr04,42197831,0.0222029219750199,6648,FALSE
Pv2.1_11_3513543_C/A,Chr11,3513543,0.0222022389189114,6649,FALSE
Pv2.1_11_1088981_TG/A,Chr11,1088981,0.0222022042510575,6650,FALSE
Pv2.1_01_854123_A/G,Chr01,854123,0.0222009713401818,6651,FALSE
Pv2.1_04_139106_C/A,Chr04,139106,0.0222008542777212,6652,FALSE
Pv2.1_05_3186372_T/C,Chr05,3186372,0.0221990408890314,6653,FALSE
Pv2.1_04_46430127_T/G,Chr04,46430127,0.0221976143529425,6654,FALSE
Pv2.1_06_17085341_G/A,Chr06,17085341,0.0221975661270992,6655,FALSE
Pv2.1_05_113061_T/C,Chr05,113061,0.0221959143917529,6656,FALSE
Pv2.1_06_26444453_T/G,Chr06,26444453,0.0221944836672323,6657,FALSE
Pv2.1_06_19095280_G/T,Chr06,19095280,0.0221928682616066,6658,FALSE
Pv2.1_03_41969175_A/C,Chr03,41969175,0.022191569312497,6659,FALSE
Pv2.1_02_44712080_C/G,Chr02,44712080,0.0221912210102304,6660,FALSE
Pv2.1_11_5272264_G/A,Chr11,5272264,0.0221888916617963,6661,FALSE
Pv2.1_11_3170178_G/A,Chr11,3170178,0.0221867628727184,6662,FALSE
Pv2.1_02_47600677_G/A,Chr02,47600677,0.0221861526664595,6663,FALSE
Pv2.1_02_47600680_C/G,Chr02,47600680,0.0221861526664595,6664,FALSE
Pv2.1_02_694730_A/G,Chr02,694730,0.022185588733429,6665,FALSE
Pv2.1_01_50566226_T/A,Chr01,50566226,0.022185225439435,6666,FALSE
Pv2.1_06_21012683_T/A,Chr06,21012683,0.0221850998146884,6667,FALSE
Pv2.1_06_21012687_A/T,Chr06,21012687,0.0221850998146884,6668,FALSE
Pv2.1_03_51081992_T/C,Chr03,51081992,0.0221849484510535,6669,FALSE
Pv2.1_02_26956614_G/A,Chr02,26956614,0.0221848835880651,6670,FALSE
Pv2.1_07_3473998_G/C,Chr07,3473998,0.0221816170210793,6671,FALSE
Pv2.1_10_3492590_T/C,Chr10,3492590,0.022181536203961,6672,FALSE
Pv2.1_07_7076374_C/A,Chr07,7076374,0.0221786984547609,6673,FALSE
Pv2.1_01_4441028_T/G,Chr01,4441028,0.0221753495926462,6674,FALSE
Pv2.1_03_2442924_GCT/G,Chr03,2442924,0.0221742243721819,6675,FALSE
Pv2.1_07_21113555_T/A,Chr07,21113555,0.0221740671847517,6676,FALSE
Pv2.1_10_1064177_C/T,Chr10,1064177,0.0221725306035827,6677,FALSE
Pv2.1_06_28249110_A/C,Chr06,28249110,0.022172369436158,6678,FALSE
Pv2.1_10_43017460_A/G,Chr10,43017460,0.022168560247311,6679,FALSE
Pv2.1_07_10364277_C/A,Chr07,10364277,0.0221657929777384,6680,FALSE
Pv2.1_08_57920034_C/T,Chr08,57920034,0.0221632579697775,6681,FALSE
Pv2.1_07_36965461_C/A,Chr07,36965461,0.0221557901185276,6682,FALSE
Pv2.1_02_46358999_A/G,Chr02,46358999,0.0221492530973859,6683,FALSE
Pv2.1_07_39289776_G/A,Chr07,39289776,0.0221468473994242,6684,FALSE
Pv2.1_04_7272375_G/A,Chr04,7272375,0.0221466191721111,6685,FALSE
Pv2.1_04_7272406_A/T,Chr04,7272406,0.0221466191721111,6686,FALSE
Pv2.1_03_10485523_T/C,Chr03,10485523,0.02214462115389,6687,FALSE
Pv2.1_07_9149472_G/T,Chr07,9149472,0.0221442266766774,6688,FALSE
Pv2.1_04_11357640_C/T,Chr04,11357640,0.0221441696505011,6689,FALSE
Pv2.1_08_62807730_A/C,Chr08,62807730,0.0221416415457796,6690,FALSE
Pv2.1_08_62882659_G/T,Chr08,62882659,0.0221399294976585,6691,FALSE
Pv2.1_08_10689652_C/A,Chr08,10689652,0.0221370066921729,6692,FALSE
Pv2.1_02_24277053_A/T,Chr02,24277053,0.0221356995615647,6693,FALSE
Pv2.1_05_3186406_T/A,Chr05,3186406,0.0221354783503269,6694,FALSE
Pv2.1_05_3186417_G/A,Chr05,3186417,0.0221354783503269,6695,FALSE
Pv2.1_11_2101834_G/C,Chr11,2101834,0.0221322777111976,6696,FALSE
Pv2.1_08_60329746_T/A,Chr08,60329746,0.022127391362293,6697,FALSE
Pv2.1_07_9089478_A/G,Chr07,9089478,0.0221272319085872,6698,FALSE
Pv2.1_02_48699500_T/C,Chr02,48699500,0.0221245139208852,6699,FALSE
Pv2.1_02_13772115_C/A,Chr02,13772115,0.0221232594696938,6700,FALSE
Pv2.1_02_561795_T/G,Chr02,561795,0.0221158710476495,6701,FALSE
Pv2.1_09_14586289_G/A,Chr09,14586289,0.0221116234580458,6702,FALSE
Pv2.1_08_53762864_G/A,Chr08,53762864,0.0221101152044936,6703,FALSE
Pv2.1_10_38393838_C/T,Chr10,38393838,0.022108594845482,6704,FALSE
Pv2.1_06_29841773_G/T,Chr06,29841773,0.0221081487136106,6705,FALSE
Pv2.1_07_7846647_G/A,Chr07,7846647,0.0221079254609715,6706,FALSE
Pv2.1_06_18944254_A/T,Chr06,18944254,0.0221067071327923,6707,FALSE
Pv2.1_01_2319455_C/T,Chr01,2319455,0.0221038973087562,6708,FALSE
Pv2.1_09_14204565_C/A,Chr09,14204565,0.0221033027425479,6709,FALSE
Pv2.1_08_13361263_G/A,Chr08,13361263,0.0221029974373796,6710,FALSE
Pv2.1_11_1210763_A/C,Chr11,1210763,0.0221026255765868,6711,FALSE
Pv2.1_09_38046064_C/T,Chr09,38046064,0.022101620812458,6712,FALSE
Pv2.1_08_28067636_G/C,Chr08,28067636,0.022101232476218,6713,FALSE
Pv2.1_05_11941848_A/G,Chr05,11941848,0.0221011240322957,6714,FALSE
Pv2.1_03_45934621_T/C,Chr03,45934621,0.0221007936673145,6715,FALSE
Pv2.1_03_27654487_C/T,Chr03,27654487,0.0220968793240988,6716,FALSE
Pv2.1_06_15480942_A/T,Chr06,15480942,0.0220948494789175,6717,FALSE
Pv2.1_01_932655_T/A,Chr01,932655,0.0220936060189061,6718,FALSE
Pv2.1_03_40715871_G/T,Chr03,40715871,0.0220930974723981,6719,FALSE
Pv2.1_06_30736506_T/C,Chr06,30736506,0.0220927188810536,6720,FALSE
Pv2.1_04_281300_C/T,Chr04,281300,0.0220919249585476,6721,FALSE
Pv2.1_11_26637835_G/C,Chr11,26637835,0.0220914679225084,6722,FALSE
Pv2.1_11_52844760_A/G,Chr11,52844760,0.0220897239744966,6723,FALSE
Pv2.1_08_19419242_T/G,Chr08,19419242,0.0220897235201871,6724,FALSE
Pv2.1_08_7844177_G/A,Chr08,7844177,0.0220887467742332,6725,FALSE
Pv2.1_07_9624952_C/G,Chr07,9624952,0.0220842404147716,6726,FALSE
Pv2.1_04_541270_T/C,Chr04,541270,0.0220836428293008,6727,FALSE
Pv2.1_11_51718220_C/T,Chr11,51718220,0.0220824994102453,6728,FALSE
Pv2.1_06_22372160_G/T,Chr06,22372160,0.0220819149760496,6729,FALSE
Pv2.1_07_34448064_C/G,Chr07,34448064,0.0220811465574449,6730,FALSE
Pv2.1_05_10208706_G/C,Chr05,10208706,0.0220800430565697,6731,FALSE
Pv2.1_08_62550473_A/G,Chr08,62550473,0.022074913366974,6732,FALSE
Pv2.1_08_62550494_A/T,Chr08,62550494,0.022074913366974,6733,FALSE
Pv2.1_02_39973281_C/A,Chr02,39973281,0.0220721925428458,6734,FALSE
Pv2.1_11_1024876_G/A,Chr11,1024876,0.022065170448915,6735,FALSE
Pv2.1_02_28104049_C/G,Chr02,28104049,0.0220582088044057,6736,FALSE
Pv2.1_06_25276566_T/C,Chr06,25276566,0.0220581928616408,6737,FALSE
Pv2.1_01_61992_A/T,Chr01,61992,0.0220556763035407,6738,FALSE
Pv2.1_10_1698905_C/CAAG,Chr10,1698905,0.0220528345942927,6739,FALSE
Pv2.1_03_7115769_T/C,Chr03,7115769,0.0220521597855523,6740,FALSE
Pv2.1_09_29110977_CA/C,Chr09,29110977,0.0220515003552659,6741,FALSE
Pv2.1_06_29564487_T/G,Chr06,29564487,0.0220487222633663,6742,FALSE
Pv2.1_04_8324966_A/T,Chr04,8324966,0.0220474836502649,6743,FALSE
Pv2.1_02_22754077_CT/C,Chr02,22754077,0.0220463134608186,6744,FALSE
Pv2.1_02_47556093_A/G,Chr02,47556093,0.0220421460050124,6745,FALSE
Pv2.1_07_339053_C/A,Chr07,339053,0.0220374037364,6746,FALSE
Pv2.1_06_22388408_T/C,Chr06,22388408,0.0220366636462428,6747,FALSE
Pv2.1_08_6249398_G/A,Chr08,6249398,0.0220296396926489,6748,FALSE
Pv2.1_09_36029445_C/T,Chr09,36029445,0.0220274516819305,6749,FALSE
Pv2.1_09_36029466_C/T,Chr09,36029466,0.0220274516819305,6750,FALSE
Pv2.1_03_10856252_C/T,Chr03,10856252,0.0220270076667584,6751,FALSE
Pv2.1_05_22431334_C/T,Chr05,22431334,0.0220257424491721,6752,FALSE
Pv2.1_05_2411708_A/G,Chr05,2411708,0.0220248175728259,6753,FALSE
Pv2.1_05_3186397_A/T,Chr05,3186397,0.0220224640243663,6754,FALSE
Pv2.1_05_3186401_C/T,Chr05,3186401,0.0220224640243663,6755,FALSE
Pv2.1_09_14390739_GT/G,Chr09,14390739,0.0220171952997594,6756,FALSE
Pv2.1_03_7115644_C/A,Chr03,7115644,0.0220171110001024,6757,FALSE
Pv2.1_02_45719280_C/T,Chr02,45719280,0.0220168027936687,6758,FALSE
Pv2.1_02_45719292_A/G,Chr02,45719292,0.0220168027936687,6759,FALSE
Pv2.1_10_4352943_C/A,Chr10,4352943,0.0220167071597364,6760,FALSE
Pv2.1_08_62280466_G/C,Chr08,62280466,0.0220162757876436,6761,FALSE
Pv2.1_09_22620819_A/G,Chr09,22620819,0.0220153479985421,6762,FALSE
Pv2.1_11_3066788_T/TTTG,Chr11,3066788,0.0220111597071444,6763,FALSE
Pv2.1_07_9346548_T/G,Chr07,9346548,0.0220096713237066,6764,FALSE
Pv2.1_11_4035173_A/T,Chr11,4035173,0.0220078016651764,6765,FALSE
Pv2.1_04_8073248_G/A,Chr04,8073248,0.0220031835886476,6766,FALSE
Pv2.1_04_119984_TA/T,Chr04,119984,0.0220009180321048,6767,FALSE
Pv2.1_06_28249058_A/G,Chr06,28249058,0.0220007564366731,6768,FALSE
Pv2.1_09_716046_A/G,Chr09,716046,0.022000167442767,6769,FALSE
Pv2.1_03_12212793_C/T,Chr03,12212793,0.0219998407775557,6770,FALSE
Pv2.1_06_21615302_T/C,Chr06,21615302,0.021997723435025,6771,FALSE
Pv2.1_05_26209818_T/C,Chr05,26209818,0.021994320728143,6772,FALSE
Pv2.1_02_33626429_C/T,Chr02,33626429,0.021993051161056,6773,FALSE
Pv2.1_02_46331115_C/T,Chr02,46331115,0.0219918454276629,6774,FALSE
Pv2.1_08_61901101_A/ATT,Chr08,61901101,0.0219908173284873,6775,FALSE
Pv2.1_01_42971854_C/A,Chr01,42971854,0.0219901706557661,6776,FALSE
Pv2.1_05_38268281_C/T,Chr05,38268281,0.021989423018141,6777,FALSE
Pv2.1_03_40751725_G/T,Chr03,40751725,0.0219892456080339,6778,FALSE
Pv2.1_02_33780986_T/G,Chr02,33780986,0.0219890284822628,6779,FALSE
Pv2.1_02_27074009_T/A,Chr02,27074009,0.0219887503173499,6780,FALSE
Pv2.1_04_46204980_G/A,Chr04,46204980,0.0219872450953584,6781,FALSE
Pv2.1_02_43248019_A/C,Chr02,43248019,0.0219848207564146,6782,FALSE
Pv2.1_02_39783365_C/T,Chr02,39783365,0.0219828664063995,6783,FALSE
Pv2.1_05_39416659_T/G,Chr05,39416659,0.0219816752077029,6784,FALSE
Pv2.1_06_26355901_A/C,Chr06,26355901,0.0219809388042576,6785,FALSE
Pv2.1_07_8994936_T/A,Chr07,8994936,0.0219784957121347,6786,FALSE
Pv2.1_07_30281814_C/A,Chr07,30281814,0.0219775242526499,6787,FALSE
Pv2.1_06_22592371_G/T,Chr06,22592371,0.0219764074304063,6788,FALSE
Pv2.1_11_2687326_G/T,Chr11,2687326,0.0219758485270534,6789,FALSE
Pv2.1_03_21623796_C/A,Chr03,21623796,0.0219749375229372,6790,FALSE
Pv2.1_09_37766292_TA/T,Chr09,37766292,0.0219732647518356,6791,FALSE
Pv2.1_08_1709790_C/T,Chr08,1709790,0.0219721794680732,6792,FALSE
Pv2.1_10_6597841_T/G,Chr10,6597841,0.0219659533403909,6793,FALSE
Pv2.1_06_2222964_T/C,Chr06,2222964,0.0219640172164546,6794,FALSE
Pv2.1_02_25955851_AG/A,Chr02,25955851,0.0219614983779337,6795,FALSE
Pv2.1_09_15231884_G/C,Chr09,15231884,0.0219610229667251,6796,FALSE
Pv2.1_08_45507756_TTC/T,Chr08,45507756,0.0219551658069199,6797,FALSE
Pv2.1_11_51042013_T/C,Chr11,51042013,0.0219548631932534,6798,FALSE
Pv2.1_05_21548695_C/T,Chr05,21548695,0.0219535704572191,6799,FALSE
Pv2.1_08_59885601_A/C,Chr08,59885601,0.021952129498759,6800,FALSE
Pv2.1_05_40598752_G/T,Chr05,40598752,0.0219520990827906,6801,FALSE
Pv2.1_02_46858599_T/C,Chr02,46858599,0.0219520474014336,6802,FALSE
Pv2.1_02_37019722_A/G,Chr02,37019722,0.0219481790183167,6803,FALSE
Pv2.1_01_854109_A/G,Chr01,854109,0.0219481146664711,6804,FALSE
Pv2.1_07_35524321_T/C,Chr07,35524321,0.021947370745111,6805,FALSE
Pv2.1_08_61360887_G/C,Chr08,61360887,0.0219435620803803,6806,FALSE
Pv2.1_10_6991681_G/A,Chr10,6991681,0.0219430002618615,6807,FALSE
Pv2.1_07_36767959_G/A,Chr07,36767959,0.0219427236759326,6808,FALSE
Pv2.1_07_9583729_C/G,Chr07,9583729,0.0219397188343402,6809,FALSE
Pv2.1_09_14204564_A/G,Chr09,14204564,0.0219356684755399,6810,FALSE
Pv2.1_03_40764896_A/G,Chr03,40764896,0.0219344120011833,6811,FALSE
Pv2.1_03_9319109_T/A,Chr03,9319109,0.0219300236348028,6812,FALSE
Pv2.1_10_33353384_G/A,Chr10,33353384,0.0219292075284128,6813,FALSE
Pv2.1_01_2809165_T/G,Chr01,2809165,0.0219274070060127,6814,FALSE
Pv2.1_01_2809169_T/C,Chr01,2809169,0.0219274070060127,6815,FALSE
Pv2.1_03_52773398_A/G,Chr03,52773398,0.0219270195657217,6816,FALSE
Pv2.1_11_51790215_G/C,Chr11,51790215,0.0219247675148124,6817,FALSE
Pv2.1_08_16324108_T/C,Chr08,16324108,0.0219247560780738,6818,FALSE
Pv2.1_02_36094867_A/G,Chr02,36094867,0.0219246083418398,6819,FALSE
Pv2.1_02_2618488_G/T,Chr02,2618488,0.0219231087742644,6820,FALSE
Pv2.1_03_2637636_T/G,Chr03,2637636,0.0219205779825478,6821,FALSE
Pv2.1_06_18776526_TTCA/T,Chr06,18776526,0.0219153489030792,6822,FALSE
Pv2.1_07_34547095_C/A,Chr07,34547095,0.0219104419142591,6823,FALSE
Pv2.1_10_2185497_TC/T,Chr10,2185497,0.0219098565812064,6824,FALSE
Pv2.1_07_9526426_G/T,Chr07,9526426,0.0219096181692566,6825,FALSE
Pv2.1_10_7679491_CG/C,Chr10,7679491,0.0219074910933998,6826,FALSE
Pv2.1_04_1509878_G/C,Chr04,1509878,0.0219036391939533,6827,FALSE
Pv2.1_10_3050668_T/A,Chr10,3050668,0.0219016167350965,6828,FALSE
Pv2.1_07_414852_A/C,Chr07,414852,0.0219013266639982,6829,FALSE
Pv2.1_08_62863783_T/C,Chr08,62863783,0.0219008055594112,6830,FALSE
Pv2.1_08_62863789_G/A,Chr08,62863789,0.0219008055594112,6831,FALSE
Pv2.1_10_2921025_G/T,Chr10,2921025,0.0218999499994048,6832,FALSE
Pv2.1_04_528451_T/G,Chr04,528451,0.0218988970989917,6833,FALSE
Pv2.1_08_62869148_T/C,Chr08,62869148,0.0218988882296061,6834,FALSE
Pv2.1_04_1743539_A/C,Chr04,1743539,0.0218956788101727,6835,FALSE
Pv2.1_08_62807838_G/A,Chr08,62807838,0.0218947178451039,6836,FALSE
Pv2.1_03_2504233_A/G,Chr03,2504233,0.021894322529687,6837,FALSE
Pv2.1_07_21053823_A/T,Chr07,21053823,0.0218922198544638,6838,FALSE
Pv2.1_04_522512_A/T,Chr04,522512,0.0218915317969124,6839,FALSE
Pv2.1_06_18802526_C/T,Chr06,18802526,0.0218907459905822,6840,FALSE
Pv2.1_06_20904354_G/A,Chr06,20904354,0.0218907388774379,6841,FALSE
Pv2.1_11_4664980_C/T,Chr11,4664980,0.0218896362867262,6842,FALSE
Pv2.1_08_58337367_T/A,Chr08,58337367,0.0218849448057954,6843,FALSE
Pv2.1_05_37923532_AG/A,Chr05,37923532,0.0218837249878057,6844,FALSE
Pv2.1_07_21348354_T/C,Chr07,21348354,0.0218813378823239,6845,FALSE
Pv2.1_09_36413110_G/GT,Chr09,36413110,0.0218811641266652,6846,FALSE
Pv2.1_06_26760321_A/T,Chr06,26760321,0.0218678499089355,6847,FALSE
Pv2.1_11_53419932_A/T,Chr11,53419932,0.0218678480058379,6848,FALSE
Pv2.1_09_14394288_T/A,Chr09,14394288,0.0218671176128753,6849,FALSE
Pv2.1_01_38725051_G/A,Chr01,38725051,0.0218592691483614,6850,FALSE
Pv2.1_10_1069329_G/T,Chr10,1069329,0.0218587646407014,6851,FALSE
Pv2.1_09_37944957_T/A,Chr09,37944957,0.0218542560807311,6852,FALSE
Pv2.1_08_28426262_AAGC/A,Chr08,28426262,0.0218534300136835,6853,FALSE
Pv2.1_05_2411739_G/T,Chr05,2411739,0.0218520677714298,6854,FALSE
Pv2.1_08_62249194_T/G,Chr08,62249194,0.0218512856479465,6855,FALSE
Pv2.1_07_7517811_A/G,Chr07,7517811,0.021849947016876,6856,FALSE
Pv2.1_01_51281759_A/G,Chr01,51281759,0.021849708070016,6857,FALSE
Pv2.1_03_2901666_A/G,Chr03,2901666,0.0218488164017003,6858,FALSE
Pv2.1_03_2901712_T/A,Chr03,2901712,0.0218488164017003,6859,FALSE
Pv2.1_03_994812_A/G,Chr03,994812,0.0218423659292899,6860,FALSE
Pv2.1_06_281553_A/T,Chr06,281553,0.0218410839684928,6861,FALSE
Pv2.1_09_22585783_A/T,Chr09,22585783,0.0218409485545132,6862,FALSE
Pv2.1_08_62309896_G/A,Chr08,62309896,0.0218391442238564,6863,FALSE
Pv2.1_07_8553071_T/C,Chr07,8553071,0.0218384509105425,6864,FALSE
Pv2.1_06_2580479_T/A,Chr06,2580479,0.0218339773084679,6865,FALSE
Pv2.1_04_46590549_G/A,Chr04,46590549,0.0218327320904534,6866,FALSE
Pv2.1_08_8154451_C/T,Chr08,8154451,0.0218313275207156,6867,FALSE
Pv2.1_05_3464987_C/T,Chr05,3464987,0.0218310872421981,6868,FALSE
Pv2.1_08_6249422_T/A,Chr08,6249422,0.0218296540311078,6869,FALSE
Pv2.1_07_9729418_A/G,Chr07,9729418,0.0218292432312674,6870,FALSE
Pv2.1_11_49064910_A/G,Chr11,49064910,0.0218285191583867,6871,FALSE
Pv2.1_03_2490120_T/C,Chr03,2490120,0.021827442934883,6872,FALSE
Pv2.1_06_21533042_A/C,Chr06,21533042,0.0218232079975387,6873,FALSE
Pv2.1_08_62280382_G/A,Chr08,62280382,0.021819145602259,6874,FALSE
Pv2.1_08_3853020_GA/G,Chr08,3853020,0.0218181468637648,6875,FALSE
Pv2.1_10_40997938_T/A,Chr10,40997938,0.0218181188711482,6876,FALSE
Pv2.1_06_29446425_G/A,Chr06,29446425,0.0218167489635404,6877,FALSE
Pv2.1_11_29949931_G/GA,Chr11,29949931,0.021816594780113,6878,FALSE
Pv2.1_11_2715317_T/G,Chr11,2715317,0.0218157147345739,6879,FALSE
Pv2.1_05_38217491_A/T,Chr05,38217491,0.0218061183520839,6880,FALSE
Pv2.1_05_38217495_A/C,Chr05,38217495,0.0218061183520839,6881,FALSE
Pv2.1_08_59986006_T/C,Chr08,59986006,0.0218056909493911,6882,FALSE
Pv2.1_03_2001942_C/T,Chr03,2001942,0.021800823912649,6883,FALSE
Pv2.1_02_23338212_G/T,Chr02,23338212,0.0217989703484247,6884,FALSE
Pv2.1_08_62205523_A/G,Chr08,62205523,0.0217981916628203,6885,FALSE
Pv2.1_04_39248506_C/T,Chr04,39248506,0.0217949708140961,6886,FALSE
Pv2.1_11_1285709_A/T,Chr11,1285709,0.0217923696403375,6887,FALSE
Pv2.1_06_16933966_T/A,Chr06,16933966,0.0217917336917752,6888,FALSE
Pv2.1_04_47971607_T/A,Chr04,47971607,0.0217902808049861,6889,FALSE
Pv2.1_04_47971607_T/G,Chr04,47971607,0.0217902808049857,6890,FALSE
Pv2.1_06_22428416_A/G,Chr06,22428416,0.0217860778947845,6891,FALSE
Pv2.1_08_13034112_A/T,Chr08,13034112,0.0217843776237117,6892,FALSE
Pv2.1_06_26230344_T/A,Chr06,26230344,0.0217843025671511,6893,FALSE
Pv2.1_11_50774600_A/G,Chr11,50774600,0.0217821437470773,6894,FALSE
Pv2.1_11_3092830_G/A,Chr11,3092830,0.0217818350985395,6895,FALSE
Pv2.1_04_43641252_A/C,Chr04,43641252,0.0217816945373839,6896,FALSE
Pv2.1_06_20409437_C/A,Chr06,20409437,0.0217816632777805,6897,FALSE
Pv2.1_09_22466308_C/T,Chr09,22466308,0.0217802585584654,6898,FALSE
Pv2.1_10_2738070_C/T,Chr10,2738070,0.021777070609724,6899,FALSE
Pv2.1_09_7881866_T/C,Chr09,7881866,0.0217767403811342,6900,FALSE
Pv2.1_08_8424390_A/T,Chr08,8424390,0.0217709274543418,6901,FALSE
Pv2.1_11_51718226_C/T,Chr11,51718226,0.0217683482008253,6902,FALSE
Pv2.1_10_43821527_C/T,Chr10,43821527,0.0217648047841723,6903,FALSE
Pv2.1_04_44461064_T/C,Chr04,44461064,0.0217636693057242,6904,FALSE
Pv2.1_08_62939552_C/T,Chr08,62939552,0.021761494421475,6905,FALSE
Pv2.1_08_58743444_A/ACT,Chr08,58743444,0.0217599066534784,6906,FALSE
Pv2.1_06_21970177_T/C,Chr06,21970177,0.0217582467097701,6907,FALSE
Pv2.1_06_22450185_T/C,Chr06,22450185,0.0217576768874239,6908,FALSE
Pv2.1_08_6964849_G/T,Chr08,6964849,0.0217574706486143,6909,FALSE
Pv2.1_03_48711804_G/T,Chr03,48711804,0.021755926224214,6910,FALSE
Pv2.1_08_61891712_T/G,Chr08,61891712,0.021755588893527,6911,FALSE
Pv2.1_10_1698919_C/T,Chr10,1698919,0.0217538278707092,6912,FALSE
Pv2.1_06_6863586_A/C,Chr06,6863586,0.0217526769958418,6913,FALSE
Pv2.1_07_28343320_C/A,Chr07,28343320,0.0217517347846039,6914,FALSE
Pv2.1_08_61525755_T/C,Chr08,61525755,0.0217509899623423,6915,FALSE
Pv2.1_01_50560480_C/CAA,Chr01,50560480,0.02174867704412,6916,FALSE
Pv2.1_06_18437460_T/G,Chr06,18437460,0.021747533487368,6917,FALSE
Pv2.1_11_53419878_T/G,Chr11,53419878,0.0217469896489515,6918,FALSE
Pv2.1_09_36794452_A/G,Chr09,36794452,0.0217440210137965,6919,FALSE
Pv2.1_04_455752_C/G,Chr04,455752,0.0217438744570373,6920,FALSE
Pv2.1_08_62308095_T/C,Chr08,62308095,0.0217409147110157,6921,FALSE
Pv2.1_05_4550724_A/G,Chr05,4550724,0.0217372436651675,6922,FALSE
Pv2.1_02_34848392_C/A,Chr02,34848392,0.0217324488803508,6923,FALSE
Pv2.1_07_33533023_G/A,Chr07,33533023,0.021730722988524,6924,FALSE
Pv2.1_08_62882623_C/CGAT,Chr08,62882623,0.0217302310421967,6925,FALSE
Pv2.1_07_35801194_G/T,Chr07,35801194,0.0217286692937799,6926,FALSE
Pv2.1_07_3988990_G/A,Chr07,3988990,0.0217269748712363,6927,FALSE
Pv2.1_10_43615359_C/G,Chr10,43615359,0.0217233037263651,6928,FALSE
Pv2.1_03_49777966_G/A,Chr03,49777966,0.021719879023772,6929,FALSE
Pv2.1_05_38323903_G/C,Chr05,38323903,0.0217191121446443,6930,FALSE
Pv2.1_03_984231_A/G,Chr03,984231,0.0217190414874642,6931,FALSE
Pv2.1_10_435389_G/T,Chr10,435389,0.0217174267208926,6932,FALSE
Pv2.1_05_38364745_A/G,Chr05,38364745,0.0217137395958562,6933,FALSE
Pv2.1_11_37353401_T/A,Chr11,37353401,0.0217111358733821,6934,FALSE
Pv2.1_07_37393349_A/G,Chr07,37393349,0.0217109442355943,6935,FALSE
Pv2.1_04_541339_G/A,Chr04,541339,0.0217108123086138,6936,FALSE
Pv2.1_03_2252084_C/T,Chr03,2252084,0.0217103321680914,6937,FALSE
Pv2.1_07_39166109_C/T,Chr07,39166109,0.0217097225671479,6938,FALSE
Pv2.1_06_19549529_A/C,Chr06,19549529,0.0217077718877836,6939,FALSE
Pv2.1_07_39309081_T/C,Chr07,39309081,0.0217071017281527,6940,FALSE
Pv2.1_07_39309096_A/G,Chr07,39309096,0.0217071017281527,6941,FALSE
Pv2.1_05_4964092_A/T,Chr05,4964092,0.0217068243025818,6942,FALSE
Pv2.1_08_62529036_T/C,Chr08,62529036,0.02170671146341,6943,FALSE
Pv2.1_10_1416237_T/C,Chr10,1416237,0.0217036277116693,6944,FALSE
Pv2.1_11_1381898_C/T,Chr11,1381898,0.0217008667568996,6945,FALSE
Pv2.1_11_1381952_C/T,Chr11,1381952,0.0217008667568996,6946,FALSE
Pv2.1_11_50398170_T/C,Chr11,50398170,0.0216987243516606,6947,FALSE
Pv2.1_06_22823153_C/G,Chr06,22823153,0.0216986386739606,6948,FALSE
Pv2.1_03_49707366_A/G,Chr03,49707366,0.0216973916693677,6949,FALSE
Pv2.1_04_2319309_A/C,Chr04,2319309,0.0216965982344792,6950,FALSE
Pv2.1_08_1591798_A/T,Chr08,1591798,0.0216950709994683,6951,FALSE
Pv2.1_11_2077833_G/A,Chr11,2077833,0.0216872414241429,6952,FALSE
Pv2.1_04_46970379_T/A,Chr04,46970379,0.021685571800981,6953,FALSE
Pv2.1_11_2129971_A/C,Chr11,2129971,0.021685408611793,6954,FALSE
Pv2.1_06_20409442_A/C,Chr06,20409442,0.0216826544680457,6955,FALSE
Pv2.1_04_4083245_G/C,Chr04,4083245,0.0216792644335797,6956,FALSE
Pv2.1_06_21414356_A/C,Chr06,21414356,0.0216781273622884,6957,FALSE
Pv2.1_07_133927_G/A,Chr07,133927,0.0216754165955777,6958,FALSE
Pv2.1_05_5470589_C/T,Chr05,5470589,0.0216727310227034,6959,FALSE
Pv2.1_09_29268172_T/G,Chr09,29268172,0.0216714146832278,6960,FALSE
Pv2.1_11_27513853_T/C,Chr11,27513853,0.0216661298292493,6961,FALSE
Pv2.1_02_16040742_T/G,Chr02,16040742,0.0216637258751868,6962,FALSE
Pv2.1_03_41906948_G/C,Chr03,41906948,0.0216624896184694,6963,FALSE
Pv2.1_06_28226319_A/G,Chr06,28226319,0.0216609370016259,6964,FALSE
Pv2.1_10_5819773_C/T,Chr10,5819773,0.0216541435736564,6965,FALSE
Pv2.1_07_8994974_G/A,Chr07,8994974,0.0216540658128546,6966,FALSE
Pv2.1_02_49605184_G/A,Chr02,49605184,0.0216499146072691,6967,FALSE
Pv2.1_11_2972041_C/A,Chr11,2972041,0.0216496941780711,6968,FALSE
Pv2.1_06_15460542_A/C,Chr06,15460542,0.0216495119076128,6969,FALSE
Pv2.1_07_4244883_C/G,Chr07,4244883,0.0216472118673092,6970,FALSE
Pv2.1_06_15606111_T/C,Chr06,15606111,0.0216454388349607,6971,FALSE
Pv2.1_02_48687716_A/G,Chr02,48687716,0.0216454331289286,6972,FALSE
Pv2.1_06_15606132_G/A,Chr06,15606132,0.0216399865298849,6973,FALSE
Pv2.1_09_13933906_AT/A,Chr09,13933906,0.0216374738348173,6974,FALSE
Pv2.1_06_25311746_C/T,Chr06,25311746,0.0216372880551008,6975,FALSE
Pv2.1_08_62550496_A/G,Chr08,62550496,0.0216365881011464,6976,FALSE
Pv2.1_10_16153586_C/T,Chr10,16153586,0.021635899188575,6977,FALSE
Pv2.1_08_62818898_G/A,Chr08,62818898,0.0216290810193329,6978,FALSE
Pv2.1_08_62818909_G/C,Chr08,62818909,0.0216290810193329,6979,FALSE
Pv2.1_08_62863945_A/G,Chr08,62863945,0.0216284763107977,6980,FALSE
Pv2.1_06_462082_T/C,Chr06,462082,0.0216227495739005,6981,FALSE
Pv2.1_11_51322264_C/T,Chr11,51322264,0.0216213449861562,6982,FALSE
Pv2.1_05_9792819_T/C,Chr05,9792819,0.0216206050072638,6983,FALSE
Pv2.1_07_10411467_C/A,Chr07,10411467,0.0216191238193657,6984,FALSE
Pv2.1_06_7787176_G/A,Chr06,7787176,0.0216191132904155,6985,FALSE
Pv2.1_06_19500369_G/A,Chr06,19500369,0.0216149377039945,6986,FALSE
Pv2.1_06_21206820_C/T,Chr06,21206820,0.0216135253549341,6987,FALSE
Pv2.1_02_25955844_A/T,Chr02,25955844,0.02161041855845,6988,FALSE
Pv2.1_01_51305521_GC/G,Chr01,51305521,0.0216092718980141,6989,FALSE
Pv2.1_10_43821494_C/T,Chr10,43821494,0.0216082894933947,6990,FALSE
Pv2.1_07_5526718_G/A,Chr07,5526718,0.0216077221900965,6991,FALSE
Pv2.1_08_9762629_A/C,Chr08,9762629,0.0216066109354416,6992,FALSE
Pv2.1_03_51914835_A/ATGT,Chr03,51914835,0.0216063206439876,6993,FALSE
Pv2.1_05_40743933_T/A,Chr05,40743933,0.0216056802580429,6994,FALSE
Pv2.1_04_7458201_GAC/G,Chr04,7458201,0.0216028984040575,6995,FALSE
Pv2.1_03_10953271_T/C,Chr03,10953271,0.0215981971144843,6996,FALSE
Pv2.1_09_37663153_C/T,Chr09,37663153,0.0215947813531017,6997,FALSE
Pv2.1_05_27718273_T/C,Chr05,27718273,0.0215945960323682,6998,FALSE
Pv2.1_06_23708818_C/G,Chr06,23708818,0.0215943661118985,6999,FALSE
Pv2.1_03_8262415_T/A,Chr03,8262415,0.0215926731869476,7000,FALSE
Pv2.1_02_1650578_C/T,Chr02,1650578,0.0215922026307673,7001,FALSE
Pv2.1_09_36794394_C/A,Chr09,36794394,0.0215871227719862,7002,FALSE
Pv2.1_03_12147912_T/A,Chr03,12147912,0.0215852557825951,7003,FALSE
Pv2.1_10_43028614_T/A,Chr10,43028614,0.0215828686865747,7004,FALSE
Pv2.1_06_24415249_C/G,Chr06,24415249,0.0215804202832963,7005,FALSE
Pv2.1_02_11486304_G/C,Chr02,11486304,0.021574326030954,7006,FALSE
Pv2.1_08_61403168_C/CAA,Chr08,61403168,0.0215726480860501,7007,FALSE
Pv2.1_09_38123441_A/T,Chr09,38123441,0.0215725318699622,7008,FALSE
Pv2.1_08_61326619_T/A,Chr08,61326619,0.0215711217289156,7009,FALSE
Pv2.1_04_44784868_C/T,Chr04,44784868,0.021569864935187,7010,FALSE
Pv2.1_07_9638979_T/A,Chr07,9638979,0.0215692979031377,7011,FALSE
Pv2.1_09_37075625_A/G,Chr09,37075625,0.02156879058965,7012,FALSE
Pv2.1_07_7073493_T/G,Chr07,7073493,0.0215674165604596,7013,FALSE
Pv2.1_11_2101945_T/C,Chr11,2101945,0.0215588767402797,7014,FALSE
Pv2.1_01_35997897_G/A,Chr01,35997897,0.0215563976029776,7015,FALSE
Pv2.1_07_24863_A/G,Chr07,24863,0.0215547396181277,7016,FALSE
Pv2.1_06_26569183_A/C,Chr06,26569183,0.0215543862996754,7017,FALSE
Pv2.1_06_26569192_C/T,Chr06,26569192,0.0215543862996754,7018,FALSE
Pv2.1_03_41819859_T/C,Chr03,41819859,0.0215533209457197,7019,FALSE
Pv2.1_08_62807865_T/C,Chr08,62807865,0.0215531577129697,7020,FALSE
Pv2.1_01_2613467_C/G,Chr01,2613467,0.0215526455188733,7021,FALSE
Pv2.1_02_561946_T/GA,Chr02,561946,0.0215520747974622,7022,FALSE
Pv2.1_06_21224067_T/G,Chr06,21224067,0.0215515493886529,7023,FALSE
Pv2.1_08_7162048_T/C,Chr08,7162048,0.0215513468996846,7024,FALSE
Pv2.1_08_62428145_C/T,Chr08,62428145,0.0215492233559336,7025,FALSE
Pv2.1_05_2804498_A/G,Chr05,2804498,0.021544917626537,7026,FALSE
Pv2.1_04_9704101_C/T,Chr04,9704101,0.021544054629953,7027,FALSE
Pv2.1_06_15620634_C/T,Chr06,15620634,0.0215439566242579,7028,FALSE
Pv2.1_06_15620644_G/T,Chr06,15620644,0.0215439566242579,7029,FALSE
Pv2.1_11_2713470_T/C,Chr11,2713470,0.021542205924665,7030,FALSE
Pv2.1_08_62747938_G/A,Chr08,62747938,0.0215411085834374,7031,FALSE
Pv2.1_10_41198948_G/A,Chr10,41198948,0.0215282576040492,7032,FALSE
Pv2.1_09_19580329_T/C,Chr09,19580329,0.0215259465661148,7033,FALSE
Pv2.1_08_62327672_C/A,Chr08,62327672,0.0215257524001342,7034,FALSE
Pv2.1_02_29708772_A/G,Chr02,29708772,0.0215249654195473,7035,FALSE
Pv2.1_08_62838497_T/A,Chr08,62838497,0.0215178938728346,7036,FALSE
Pv2.1_04_35298720_A/G,Chr04,35298720,0.0215177452005295,7037,FALSE
Pv2.1_04_35298733_A/G,Chr04,35298733,0.0215177452005295,7038,FALSE
Pv2.1_05_3754181_G/A,Chr05,3754181,0.0215174448003279,7039,FALSE
Pv2.1_06_22235814_C/G,Chr06,22235814,0.0215169788720888,7040,FALSE
Pv2.1_07_509286_A/ATAG,Chr07,509286,0.0215126773136847,7041,FALSE
Pv2.1_11_3953875_G/A,Chr11,3953875,0.0215121419739717,7042,FALSE
Pv2.1_01_51322621_T/TGAA,Chr01,51322621,0.0215093528677328,7043,FALSE
Pv2.1_06_21533342_T/C,Chr06,21533342,0.0215058470161744,7044,FALSE
Pv2.1_07_39214710_C/T,Chr07,39214710,0.0215057983680165,7045,FALSE
Pv2.1_08_59203266_T/A,Chr08,59203266,0.0215055144894842,7046,FALSE
Pv2.1_06_25139492_C/A,Chr06,25139492,0.0215046150037894,7047,FALSE
Pv2.1_04_2409449_C/T,Chr04,2409449,0.0215027163226456,7048,FALSE
Pv2.1_08_6229274_T/A,Chr08,6229274,0.0215024808652911,7049,FALSE
Pv2.1_07_10207571_T/G,Chr07,10207571,0.0215019055061738,7050,FALSE
Pv2.1_07_10207609_G/T,Chr07,10207609,0.0215019055061738,7051,FALSE
Pv2.1_01_51167055_A/C,Chr01,51167055,0.0215014457923659,7052,FALSE
Pv2.1_01_6676480_T/A,Chr01,6676480,0.0215013771595838,7053,FALSE
Pv2.1_11_2775768_T/G,Chr11,2775768,0.0215007436827777,7054,FALSE
Pv2.1_03_41799870_G/A,Chr03,41799870,0.0215002972600207,7055,FALSE
Pv2.1_03_41799886_T/A,Chr03,41799886,0.0215002972600207,7056,FALSE
Pv2.1_03_9408101_T/C,Chr03,9408101,0.0214962976991369,7057,FALSE
Pv2.1_06_495389_A/G,Chr06,495389,0.0214956750306357,7058,FALSE
Pv2.1_08_62869160_C/T,Chr08,62869160,0.0214938660968995,7059,FALSE
Pv2.1_07_6662398_G/A,Chr07,6662398,0.0214928786943762,7060,FALSE
Pv2.1_07_32695008_C/G,Chr07,32695008,0.0214913014422189,7061,FALSE
Pv2.1_08_61403016_C/T,Chr08,61403016,0.0214899260518324,7062,FALSE
Pv2.1_09_14060527_AT/A,Chr09,14060527,0.0214875704819768,7063,FALSE
Pv2.1_02_34792851_T/A,Chr02,34792851,0.0214834082789999,7064,FALSE
Pv2.1_06_23057986_A/G,Chr06,23057986,0.0214784293782788,7065,FALSE
Pv2.1_08_62425385_C/T,Chr08,62425385,0.0214750770891987,7066,FALSE
Pv2.1_05_3755591_G/A,Chr05,3755591,0.0214676010582675,7067,FALSE
Pv2.1_07_444014_C/T,Chr07,444014,0.0214659344219927,7068,FALSE
Pv2.1_08_62553056_G/A,Chr08,62553056,0.0214654358138344,7069,FALSE
Pv2.1_07_9355819_C/A,Chr07,9355819,0.0214639269941377,7070,FALSE
Pv2.1_02_2739950_G/A,Chr02,2739950,0.0214631921623849,7071,FALSE
Pv2.1_02_2739950_G/C,Chr02,2739950,0.0214631921623849,7072,FALSE
Pv2.1_07_7640941_G/C,Chr07,7640941,0.0214621451465309,7073,FALSE
Pv2.1_08_61664116_G/A,Chr08,61664116,0.0214581578849886,7074,FALSE
Pv2.1_09_36804490_C/T,Chr09,36804490,0.021455620464228,7075,FALSE
Pv2.1_09_36804491_A/T,Chr09,36804491,0.021455620464228,7076,FALSE
Pv2.1_10_42732517_C/T,Chr10,42732517,0.021454958369632,7077,FALSE
Pv2.1_06_29747912_C/T,Chr06,29747912,0.0214512745828648,7078,FALSE
Pv2.1_11_50063877_A/T,Chr11,50063877,0.021450128484779,7079,FALSE
Pv2.1_06_2372521_G/C,Chr06,2372521,0.0214490596119616,7080,FALSE
Pv2.1_08_62969281_G/T,Chr08,62969281,0.0214484052236292,7081,FALSE
Pv2.1_08_62490738_C/G,Chr08,62490738,0.021448185651272,7082,FALSE
Pv2.1_01_80139_G/A,Chr01,80139,0.0214474078522642,7083,FALSE
Pv2.1_03_45938868_T/G,Chr03,45938868,0.0214467870193698,7084,FALSE
Pv2.1_11_43202951_C/T,Chr11,43202951,0.0214466769499584,7085,FALSE
Pv2.1_08_511532_C/T,Chr08,511532,0.0214464152099838,7086,FALSE
Pv2.1_08_57920024_C/T,Chr08,57920024,0.021446246668261,7087,FALSE
Pv2.1_08_9707066_A/AT,Chr08,9707066,0.0214459376427572,7088,FALSE
Pv2.1_07_4306932_G/A,Chr07,4306932,0.0214446452048089,7089,FALSE
Pv2.1_07_4306935_C/G,Chr07,4306935,0.0214446452048089,7090,FALSE
Pv2.1_07_37122850_ATAAC/A,Chr07,37122850,0.0214440478322078,7091,FALSE
Pv2.1_10_7854156_T/A,Chr10,7854156,0.0214423704656737,7092,FALSE
Pv2.1_03_1471139_A/G,Chr03,1471139,0.0214419017151011,7093,FALSE
Pv2.1_11_3904997_C/G,Chr11,3904997,0.0214415199695814,7094,FALSE
Pv2.1_02_45719006_G/C,Chr02,45719006,0.0214405593932203,7095,FALSE
Pv2.1_11_33507469_G/A,Chr11,33507469,0.021439590317331,7096,FALSE
Pv2.1_02_35730623_T/C,Chr02,35730623,0.021438768592307,7097,FALSE
Pv2.1_11_52609671_A/G,Chr11,52609671,0.0214368183983615,7098,FALSE
Pv2.1_07_21437380_C/A,Chr07,21437380,0.0214339285761769,7099,FALSE
Pv2.1_06_20103900_T/C,Chr06,20103900,0.0214334312628681,7100,FALSE
Pv2.1_06_19335038_C/T,Chr06,19335038,0.0214310674829719,7101,FALSE
Pv2.1_02_44880592_G/GA,Chr02,44880592,0.021430710229561,7102,FALSE
Pv2.1_07_9182709_C/G,Chr07,9182709,0.0214296536873735,7103,FALSE
Pv2.1_10_5821153_T/A,Chr10,5821153,0.0214287717776278,7104,FALSE
Pv2.1_07_9592213_G/A,Chr07,9592213,0.0214255655043893,7105,FALSE
Pv2.1_02_1630174_T/C,Chr02,1630174,0.0214252098160532,7106,FALSE
Pv2.1_08_14737509_T/A,Chr08,14737509,0.0214214524036556,7107,FALSE
Pv2.1_01_1193823_A/G,Chr01,1193823,0.0214209201751987,7108,FALSE
Pv2.1_07_22472437_T/C,Chr07,22472437,0.0214193826114766,7109,FALSE
Pv2.1_04_4560682_G/A,Chr04,4560682,0.0214189587140843,7110,FALSE
Pv2.1_08_62934507_T/G,Chr08,62934507,0.02141762383153,7111,FALSE
Pv2.1_07_8536281_A/T,Chr07,8536281,0.0214154405869871,7112,FALSE
Pv2.1_11_31477434_G/A,Chr11,31477434,0.0214152144097524,7113,FALSE
Pv2.1_10_42187792_A/G,Chr10,42187792,0.0214148902353819,7114,FALSE
Pv2.1_01_51229012_A/T,Chr01,51229012,0.0214134355257856,7115,FALSE
Pv2.1_08_7893831_G/A,Chr08,7893831,0.0214132565553538,7116,FALSE
Pv2.1_10_43597221_G/T,Chr10,43597221,0.0214127918069629,7117,FALSE
Pv2.1_10_43597222_T/C,Chr10,43597222,0.0214127918069629,7118,FALSE
Pv2.1_10_43597222_T/G,Chr10,43597222,0.0214127918069629,7119,FALSE
Pv2.1_03_41092800_T/G,Chr03,41092800,0.0214104690552337,7120,FALSE
Pv2.1_03_42007118_G/A,Chr03,42007118,0.0214062620885613,7121,FALSE
Pv2.1_06_22475334_A/T,Chr06,22475334,0.0214059813246603,7122,FALSE
Pv2.1_10_43984428_T/C,Chr10,43984428,0.0214042101286234,7123,FALSE
Pv2.1_11_29569720_C/A,Chr11,29569720,0.021402312283477,7124,FALSE
Pv2.1_06_29498069_T/C,Chr06,29498069,0.0214018700868319,7125,FALSE
Pv2.1_07_38735026_G/C,Chr07,38735026,0.0214006327786027,7126,FALSE
Pv2.1_07_38735032_A/C,Chr07,38735032,0.0214006327786027,7127,FALSE
Pv2.1_07_38735034_A/G,Chr07,38735034,0.0214006327786027,7128,FALSE
Pv2.1_04_46970354_G/T,Chr04,46970354,0.0214005554891235,7129,FALSE
Pv2.1_05_3756126_C/T,Chr05,3756126,0.0214000472400797,7130,FALSE
Pv2.1_08_8764243_C/T,Chr08,8764243,0.0213995725213021,7131,FALSE
Pv2.1_02_46792713_T/C,Chr02,46792713,0.0213954052869219,7132,FALSE
Pv2.1_03_8784224_T/C,Chr03,8784224,0.0213948249594211,7133,FALSE
Pv2.1_08_62184459_T/A,Chr08,62184459,0.0213931524111359,7134,FALSE
Pv2.1_07_518354_C/T,Chr07,518354,0.0213900997567578,7135,FALSE
Pv2.1_02_47601073_G/A,Chr02,47601073,0.0213897103118565,7136,FALSE
Pv2.1_03_52595070_G/A,Chr03,52595070,0.0213889203373343,7137,FALSE
Pv2.1_11_2596604_T/C,Chr11,2596604,0.021388282701289,7138,FALSE
Pv2.1_08_9707214_T/A,Chr08,9707214,0.0213874693081006,7139,FALSE
Pv2.1_03_11673469_G/A,Chr03,11673469,0.0213873158157201,7140,FALSE
Pv2.1_06_30927857_A/G,Chr06,30927857,0.0213845625372344,7141,FALSE
Pv2.1_01_13640425_A/G,Chr01,13640425,0.021383376395073,7142,FALSE
Pv2.1_11_2238920_C/T,Chr11,2238920,0.0213807419143208,7143,FALSE
Pv2.1_03_51884908_T/G,Chr03,51884908,0.0213806972519182,7144,FALSE
Pv2.1_08_62882610_T/C,Chr08,62882610,0.0213792370156072,7145,FALSE
Pv2.1_08_1578911_G/A,Chr08,1578911,0.0213785526422243,7146,FALSE
Pv2.1_06_25329917_G/A,Chr06,25329917,0.0213777933889183,7147,FALSE
Pv2.1_07_34867512_A/T,Chr07,34867512,0.0213756973650803,7148,FALSE
Pv2.1_01_2062285_A/C,Chr01,2062285,0.0213755367045589,7149,FALSE
Pv2.1_07_37007197_T/A,Chr07,37007197,0.0213753080798447,7150,FALSE
Pv2.1_07_8578553_G/T,Chr07,8578553,0.0213737249776513,7151,FALSE
Pv2.1_08_62501537_G/A,Chr08,62501537,0.0213734749936707,7152,FALSE
Pv2.1_11_45992431_AG/A,Chr11,45992431,0.0213727127847108,7153,FALSE
Pv2.1_07_7145653_C/T,Chr07,7145653,0.0213724562077471,7154,FALSE
Pv2.1_09_29088850_A/T,Chr09,29088850,0.0213701843792227,7155,FALSE
Pv2.1_06_19549786_C/T,Chr06,19549786,0.0213692123503102,7156,FALSE
Pv2.1_10_32118671_C/T,Chr10,32118671,0.0213656292838396,7157,FALSE
Pv2.1_07_9685584_C/T,Chr07,9685584,0.0213651947055911,7158,FALSE
Pv2.1_08_2646956_T/G,Chr08,2646956,0.0213602965788757,7159,FALSE
Pv2.1_04_4083269_A/G,Chr04,4083269,0.0213594494076332,7160,FALSE
Pv2.1_03_40682313_G/A,Chr03,40682313,0.0213565099163655,7161,FALSE
Pv2.1_02_30436238_G/A,Chr02,30436238,0.0213556190281423,7162,FALSE
Pv2.1_06_18830053_A/T,Chr06,18830053,0.0213555074382428,7163,FALSE
Pv2.1_04_45501807_G/C,Chr04,45501807,0.0213504290145545,7164,FALSE
Pv2.1_03_53339443_C/A,Chr03,53339443,0.0213456615752912,7165,FALSE
Pv2.1_01_51186380_G/T,Chr01,51186380,0.0213455931998561,7166,FALSE
Pv2.1_07_9089382_C/T,Chr07,9089382,0.021344281184092,7167,FALSE
Pv2.1_04_4083251_A/G,Chr04,4083251,0.0213442307194311,7168,FALSE
Pv2.1_01_980487_A/G,Chr01,980487,0.021343937196578,7169,FALSE
Pv2.1_03_9408278_G/A,Chr03,9408278,0.0213425327819494,7170,FALSE
Pv2.1_02_9688967_C/T,Chr02,9688967,0.021338397075108,7171,FALSE
Pv2.1_05_39687095_A/G,Chr05,39687095,0.0213375140280951,7172,FALSE
Pv2.1_05_3663374_T/A,Chr05,3663374,0.0213358454524459,7173,FALSE
Pv2.1_06_29458485_T/TA,Chr06,29458485,0.0213335943285404,7174,FALSE
Pv2.1_03_36750911_A/T,Chr03,36750911,0.021332385526962,7175,FALSE
Pv2.1_03_36750911_ATTTTTTT/TTTTTTAA,Chr03,36750911,0.021332385526962,7176,FALSE
Pv2.1_08_62961852_C/T,Chr08,62961852,0.0213281083083863,7177,FALSE
Pv2.1_08_9861950_T/C,Chr08,9861950,0.0213276427715696,7178,FALSE
Pv2.1_08_9861956_G/C,Chr08,9861956,0.0213276427715696,7179,FALSE
Pv2.1_08_9861959_G/A,Chr08,9861959,0.0213276427715696,7180,FALSE
Pv2.1_03_994813_T/G,Chr03,994813,0.0213266694974354,7181,FALSE
Pv2.1_11_50398205_C/G,Chr11,50398205,0.0213260980728212,7182,FALSE
Pv2.1_08_60874306_G/C,Chr08,60874306,0.0213246358238011,7183,FALSE
Pv2.1_04_47227169_G/A,Chr04,47227169,0.0213240929826299,7184,FALSE
Pv2.1_05_4918629_T/G,Chr05,4918629,0.0213231015161428,7185,FALSE
Pv2.1_06_26429684_A/G,Chr06,26429684,0.0213180404654159,7186,FALSE
Pv2.1_09_36431071_C/T,Chr09,36431071,0.0213178718939115,7187,FALSE
Pv2.1_11_45925403_G/A,Chr11,45925403,0.0213178108350904,7188,FALSE
Pv2.1_04_1421105_G/A,Chr04,1421105,0.0213171451153653,7189,FALSE
Pv2.1_07_8691172_A/T,Chr07,8691172,0.0213170153654385,7190,FALSE
Pv2.1_07_35327776_C/G,Chr07,35327776,0.0213146768303512,7191,FALSE
Pv2.1_06_28035016_A/G,Chr06,28035016,0.0213112698740336,7192,FALSE
Pv2.1_11_30316514_G/A,Chr11,30316514,0.0213109658953456,7193,FALSE
Pv2.1_11_30316536_A/C,Chr11,30316536,0.0213109658953456,7194,FALSE
Pv2.1_08_61889725_T/C,Chr08,61889725,0.0213084799299166,7195,FALSE
Pv2.1_08_8156526_AAGT/A,Chr08,8156526,0.0213079339935924,7196,FALSE
Pv2.1_07_36799688_G/T,Chr07,36799688,0.0213066546141447,7197,FALSE
Pv2.1_08_62952692_C/T,Chr08,62952692,0.0213036527666404,7198,FALSE
Pv2.1_09_22620821_G/A,Chr09,22620821,0.0212969227043298,7199,FALSE
Pv2.1_09_36710398_A/C,Chr09,36710398,0.0212968376097487,7200,FALSE
Pv2.1_02_31253130_C/T,Chr02,31253130,0.0212967737120531,7201,FALSE
Pv2.1_06_19553974_A/T,Chr06,19553974,0.0212958513715646,7202,FALSE
Pv2.1_11_50239923_C/A,Chr11,50239923,0.0212942934249498,7203,FALSE
Pv2.1_08_58312871_T/C,Chr08,58312871,0.0212910029902531,7204,FALSE
Pv2.1_10_42038430_C/T,Chr10,42038430,0.0212899517317253,7205,FALSE
Pv2.1_03_2589938_A/G,Chr03,2589938,0.02128560780926,7206,FALSE
Pv2.1_11_50774599_C/G,Chr11,50774599,0.0212855766919642,7207,FALSE
Pv2.1_07_38929310_A/G,Chr07,38929310,0.0212845297029842,7208,FALSE
Pv2.1_07_7432491_A/G,Chr07,7432491,0.0212799680221631,7209,FALSE
Pv2.1_03_41821306_A/G,Chr03,41821306,0.0212794009355664,7210,FALSE
Pv2.1_06_22856566_G/C,Chr06,22856566,0.021274018004231,7211,FALSE
Pv2.1_02_49605133_T/C,Chr02,49605133,0.0212716102382728,7212,FALSE
Pv2.1_04_47227171_T/G,Chr04,47227171,0.0212708030708031,7213,FALSE
Pv2.1_06_4269077_T/C,Chr06,4269077,0.0212689863248783,7214,FALSE
Pv2.1_06_27995561_G/T,Chr06,27995561,0.0212680347624672,7215,FALSE
Pv2.1_08_62961851_G/A,Chr08,62961851,0.0212669563976413,7216,FALSE
Pv2.1_09_35929649_T/C,Chr09,35929649,0.0212564302734979,7217,FALSE
Pv2.1_02_33432539_A/G,Chr02,33432539,0.0212548359839619,7218,FALSE
Pv2.1_07_8220695_G/A,Chr07,8220695,0.0212534911327769,7219,FALSE
Pv2.1_07_8220725_G/A,Chr07,8220725,0.0212534911327769,7220,FALSE
Pv2.1_05_39317659_A/C,Chr05,39317659,0.0212531884736502,7221,FALSE
Pv2.1_08_61361051_A/G,Chr08,61361051,0.0212521615364198,7222,FALSE
Pv2.1_02_2748819_G/A,Chr02,2748819,0.0212520406887431,7223,FALSE
Pv2.1_08_7027098_G/T,Chr08,7027098,0.0212519422058706,7224,FALSE
Pv2.1_11_2862249_C/G,Chr11,2862249,0.0212506563906336,7225,FALSE
Pv2.1_04_46970376_A/G,Chr04,46970376,0.0212482008095729,7226,FALSE
Pv2.1_08_62529301_T/C,Chr08,62529301,0.0212466171341941,7227,FALSE
Pv2.1_05_38449517_A/G,Chr05,38449517,0.0212465350174091,7228,FALSE
Pv2.1_03_41873840_G/T,Chr03,41873840,0.0212462782496399,7229,FALSE
Pv2.1_08_1184821_A/G,Chr08,1184821,0.021241452756537,7230,FALSE
Pv2.1_09_28072612_C/T,Chr09,28072612,0.0212380492643685,7231,FALSE
Pv2.1_06_27759264_T/C,Chr06,27759264,0.0212352222032859,7232,FALSE
Pv2.1_05_38443976_T/C,Chr05,38443976,0.0212331988740724,7233,FALSE
Pv2.1_06_17406241_A/G,Chr06,17406241,0.0212313952061458,7234,FALSE
Pv2.1_05_9116989_A/T,Chr05,9116989,0.0212312519627194,7235,FALSE
Pv2.1_08_62851481_G/A,Chr08,62851481,0.0212307418419027,7236,FALSE
Pv2.1_08_62851490_T/G,Chr08,62851490,0.0212307418419027,7237,FALSE
Pv2.1_07_32262203_C/T,Chr07,32262203,0.0212265939384881,7238,FALSE
Pv2.1_11_3066781_C/T,Chr11,3066781,0.0212258551891331,7239,FALSE
Pv2.1_01_22289716_T/A,Chr01,22289716,0.0212258010738875,7240,FALSE
Pv2.1_08_9129921_A/C,Chr08,9129921,0.021225734234497,7241,FALSE
Pv2.1_01_49184465_TA/T,Chr01,49184465,0.0212253055430569,7242,FALSE
Pv2.1_09_21555967_G/A,Chr09,21555967,0.0212246550015416,7243,FALSE
Pv2.1_07_3326851_C/T,Chr07,3326851,0.0212225431485238,7244,FALSE
Pv2.1_09_36725472_C/T,Chr09,36725472,0.0212176013127197,7245,FALSE
Pv2.1_04_2109655_T/C,Chr04,2109655,0.0212160540389159,7246,FALSE
Pv2.1_04_1564687_T/C,Chr04,1564687,0.0212094246918122,7247,FALSE
Pv2.1_06_19192389_G/C,Chr06,19192389,0.0212067680702575,7248,FALSE
Pv2.1_03_41799896_C/A,Chr03,41799896,0.0212030118974926,7249,FALSE
Pv2.1_08_3853209_T/G,Chr08,3853209,0.0212024695637929,7250,FALSE
Pv2.1_08_3853209_T/C,Chr08,3853209,0.0212024695637925,7251,FALSE
Pv2.1_07_28534158_G/A,Chr07,28534158,0.0212010835709697,7252,FALSE
Pv2.1_04_43641306_T/C,Chr04,43641306,0.0211993753725697,7253,FALSE
Pv2.1_09_35687876_C/T,Chr09,35687876,0.0211989679129396,7254,FALSE
Pv2.1_09_37679666_C/A,Chr09,37679666,0.0211982851408012,7255,FALSE
Pv2.1_06_22428274_G/T,Chr06,22428274,0.0211975757348277,7256,FALSE
Pv2.1_06_22428279_G/A,Chr06,22428279,0.0211975757348277,7257,FALSE
Pv2.1_01_4175841_G/A,Chr01,4175841,0.021194511881629,7258,FALSE
Pv2.1_03_2907113_G/A,Chr03,2907113,0.0211944869123317,7259,FALSE
Pv2.1_09_36526292_T/TA,Chr09,36526292,0.0211884649555669,7260,FALSE
Pv2.1_04_1593371_T/C,Chr04,1593371,0.0211846302867418,7261,FALSE
Pv2.1_02_24746610_C/T,Chr02,24746610,0.021177780313653,7262,FALSE
Pv2.1_02_1630168_A/G,Chr02,1630168,0.0211751818392019,7263,FALSE
Pv2.1_06_65788_A/ACT,Chr06,65788,0.0211740695231493,7264,FALSE
Pv2.1_10_42388158_C/T,Chr10,42388158,0.021171470103508,7265,FALSE
Pv2.1_08_58417841_C/T,Chr08,58417841,0.021170476326942,7266,FALSE
Pv2.1_10_43615377_A/G,Chr10,43615377,0.0211691370218281,7267,FALSE
Pv2.1_07_35436445_A/T,Chr07,35436445,0.0211684310649582,7268,FALSE
Pv2.1_01_1000726_G/T,Chr01,1000726,0.0211677421444154,7269,FALSE
Pv2.1_07_30945502_G/T,Chr07,30945502,0.0211675110706793,7270,FALSE
Pv2.1_08_62824139_C/A,Chr08,62824139,0.0211639453149255,7271,FALSE
Pv2.1_11_50259315_A/T,Chr11,50259315,0.0211627694531114,7272,FALSE
Pv2.1_08_58312797_TA/T,Chr08,58312797,0.0211605695881087,7273,FALSE
Pv2.1_01_4852790_T/TA,Chr01,4852790,0.0211587122528107,7274,FALSE
Pv2.1_10_43597348_G/A,Chr10,43597348,0.0211573466405661,7275,FALSE
Pv2.1_08_17501913_GC/G,Chr08,17501913,0.0211569288493685,7276,FALSE
Pv2.1_08_7377249_C/T,Chr08,7377249,0.021156485177078,7277,FALSE
Pv2.1_09_37075645_CA/C,Chr09,37075645,0.0211468950575804,7278,FALSE
Pv2.1_08_59973157_T/TG,Chr08,59973157,0.0211456949988671,7279,FALSE
Pv2.1_06_28249047_A/G,Chr06,28249047,0.0211454898600625,7280,FALSE
Pv2.1_11_2596573_A/C,Chr11,2596573,0.0211452653233888,7281,FALSE
Pv2.1_04_46189911_A/C,Chr04,46189911,0.0211429192584864,7282,FALSE
Pv2.1_08_61338011_T/A,Chr08,61338011,0.0211414162737906,7283,FALSE
Pv2.1_08_62495780_T/C,Chr08,62495780,0.0211362364996308,7284,FALSE
Pv2.1_08_62495813_A/G,Chr08,62495813,0.0211362364996308,7285,FALSE
Pv2.1_02_2987228_T/C,Chr02,2987228,0.0211347239477786,7286,FALSE
Pv2.1_11_50784452_A/G,Chr11,50784452,0.0211339667943573,7287,FALSE
Pv2.1_08_61185281_C/T,Chr08,61185281,0.0211326040606838,7288,FALSE
Pv2.1_05_21626690_G/C,Chr05,21626690,0.0211317163948483,7289,FALSE
Pv2.1_06_7858990_A/G,Chr06,7858990,0.0211292083766352,7290,FALSE
Pv2.1_07_35106013_G/A,Chr07,35106013,0.0211287202556498,7291,FALSE
Pv2.1_03_51422610_G/A,Chr03,51422610,0.0211266913903421,7292,FALSE
Pv2.1_06_4566991_CA/C,Chr06,4566991,0.0211262220730011,7293,FALSE
Pv2.1_08_62796002_G/C,Chr08,62796002,0.0211255631179759,7294,FALSE
Pv2.1_08_8436028_C/G,Chr08,8436028,0.0211218584983577,7295,FALSE
Pv2.1_06_18583517_G/A,Chr06,18583517,0.021121245817826,7296,FALSE
Pv2.1_07_485561_G/C,Chr07,485561,0.0211210743129406,7297,FALSE
Pv2.1_04_12122962_T/G,Chr04,12122962,0.0211195357626766,7298,FALSE
Pv2.1_02_27564147_C/G,Chr02,27564147,0.0211179424130843,7299,FALSE
Pv2.1_09_14586322_G/A,Chr09,14586322,0.0211166847443804,7300,FALSE
Pv2.1_08_62447393_C/G,Chr08,62447393,0.0211122725089319,7301,FALSE
Pv2.1_04_1919818_C/A,Chr04,1919818,0.0211099108644572,7302,FALSE
Pv2.1_02_45663527_A/G,Chr02,45663527,0.0211091849473286,7303,FALSE
Pv2.1_06_25004053_G/GGAA,Chr06,25004053,0.0211077849078269,7304,FALSE
Pv2.1_07_5523308_C/T,Chr07,5523308,0.021106410587433,7305,FALSE
Pv2.1_07_5523311_A/C,Chr07,5523311,0.021106410587433,7306,FALSE
Pv2.1_07_28402630_T/G,Chr07,28402630,0.0211061349131487,7307,FALSE
Pv2.1_08_59879026_G/T,Chr08,59879026,0.0211059481110514,7308,FALSE
Pv2.1_11_1662086_A/T,Chr11,1662086,0.0211054372814377,7309,FALSE
Pv2.1_03_30202157_T/C,Chr03,30202157,0.021104878610875,7310,FALSE
Pv2.1_06_9560313_A/G,Chr06,9560313,0.021100880430347,7311,FALSE
Pv2.1_09_36418266_T/G,Chr09,36418266,0.0210958007993387,7312,FALSE
Pv2.1_01_1162637_G/C,Chr01,1162637,0.021095734825785,7313,FALSE
Pv2.1_07_39382980_A/T,Chr07,39382980,0.0210953570359518,7314,FALSE
Pv2.1_01_48345328_A/G,Chr01,48345328,0.0210904137040937,7315,FALSE
Pv2.1_04_4574899_G/T,Chr04,4574899,0.0210900223265695,7316,FALSE
Pv2.1_04_4574909_T/G,Chr04,4574909,0.0210900223265695,7317,FALSE
Pv2.1_08_62588703_C/T,Chr08,62588703,0.0210899389417598,7318,FALSE
Pv2.1_10_8924903_T/A,Chr10,8924903,0.0210850960698701,7319,FALSE
Pv2.1_02_27564130_T/C,Chr02,27564130,0.0210839958168276,7320,FALSE
Pv2.1_04_1322101_G/T,Chr04,1322101,0.0210828857632164,7321,FALSE
Pv2.1_08_1169927_C/G,Chr08,1169927,0.0210824933747986,7322,FALSE
Pv2.1_09_15627124_C/T,Chr09,15627124,0.0210792876220332,7323,FALSE
Pv2.1_08_62952366_G/A,Chr08,62952366,0.0210705419731845,7324,FALSE
Pv2.1_07_21494159_G/A,Chr07,21494159,0.0210694489827405,7325,FALSE
Pv2.1_11_47178653_T/C,Chr11,47178653,0.021068659775068,7326,FALSE
Pv2.1_10_43801083_G/C,Chr10,43801083,0.0210685865920621,7327,FALSE
Pv2.1_08_60340289_TAAG/T,Chr08,60340289,0.0210654004625077,7328,FALSE
Pv2.1_08_62490561_A/T,Chr08,62490561,0.0210635119376454,7329,FALSE
Pv2.1_06_21100879_C/G,Chr06,21100879,0.0210626311987507,7330,FALSE
Pv2.1_10_8925013_T/A,Chr10,8925013,0.0210617656832341,7331,FALSE
Pv2.1_08_61885695_T/A,Chr08,61885695,0.0210611153263458,7332,FALSE
Pv2.1_10_40378526_GA/AG,Chr10,40378526,0.0210609207210446,7333,FALSE
Pv2.1_10_40378527_A/G,Chr10,40378527,0.0210609207210446,7334,FALSE
Pv2.1_11_49286754_G/A,Chr11,49286754,0.0210605546082223,7335,FALSE
Pv2.1_10_39735420_G/A,Chr10,39735420,0.0210596023745162,7336,FALSE
Pv2.1_04_4915887_G/A,Chr04,4915887,0.021056380605661,7337,FALSE
Pv2.1_08_57907646_A/C,Chr08,57907646,0.0210541047561064,7338,FALSE
Pv2.1_07_8869309_T/A,Chr07,8869309,0.0210522679851017,7339,FALSE
Pv2.1_10_4681543_CT/C,Chr10,4681543,0.0210514375068067,7340,FALSE
Pv2.1_08_62872813_G/A,Chr08,62872813,0.0210467681860615,7341,FALSE
Pv2.1_10_577108_C/T,Chr10,577108,0.0210443840873165,7342,FALSE
Pv2.1_10_41875901_C/T,Chr10,41875901,0.0210420474045687,7343,FALSE
Pv2.1_01_44927288_ATT/A,Chr01,44927288,0.0210413949371837,7344,FALSE
Pv2.1_08_58384007_A/C,Chr08,58384007,0.0210396582035011,7345,FALSE
Pv2.1_02_13407918_C/CATAGG,Chr02,13407918,0.0210395767936316,7346,FALSE
Pv2.1_11_50483657_C/T,Chr11,50483657,0.0210392676752691,7347,FALSE
Pv2.1_10_38147008_C/A,Chr10,38147008,0.0210380897740019,7348,FALSE
Pv2.1_06_24981054_A/G,Chr06,24981054,0.0210363226127188,7349,FALSE
Pv2.1_04_45292616_G/A,Chr04,45292616,0.0210342677738642,7350,FALSE
Pv2.1_04_432867_C/G,Chr04,432867,0.0210336430222897,7351,FALSE
Pv2.1_11_2862248_G/A,Chr11,2862248,0.0210335165715891,7352,FALSE
Pv2.1_04_11998940_C/A,Chr04,11998940,0.0210332788022969,7353,FALSE
Pv2.1_07_4816002_C/T,Chr07,4816002,0.0210327851218723,7354,FALSE
Pv2.1_11_2859357_A/G,Chr11,2859357,0.0210323223819806,7355,FALSE
Pv2.1_03_16928890_T/C,Chr03,16928890,0.0210307623576664,7356,FALSE
Pv2.1_01_4059630_A/G,Chr01,4059630,0.0210305236592188,7357,FALSE
Pv2.1_08_62956292_C/G,Chr08,62956292,0.0210304016327774,7358,FALSE
Pv2.1_08_62956295_A/G,Chr08,62956295,0.0210304016327774,7359,FALSE
Pv2.1_08_62956296_C/T,Chr08,62956296,0.0210304016327774,7360,FALSE
Pv2.1_09_21454694_T/A,Chr09,21454694,0.0210293379557709,7361,FALSE
Pv2.1_03_52961221_A/G,Chr03,52961221,0.0210253588622868,7362,FALSE
Pv2.1_06_25995408_G/C,Chr06,25995408,0.0210209947132882,7363,FALSE
Pv2.1_09_36872981_C/G,Chr09,36872981,0.0210185099363334,7364,FALSE
Pv2.1_01_6676518_G/C,Chr01,6676518,0.0210159329089414,7365,FALSE
Pv2.1_11_1555431_A/G,Chr11,1555431,0.0210152697262513,7366,FALSE
Pv2.1_03_11992892_C/T,Chr03,11992892,0.0210106963505696,7367,FALSE
Pv2.1_08_1583185_T/C,Chr08,1583185,0.0210072251762856,7368,FALSE
Pv2.1_06_29489844_A/T,Chr06,29489844,0.0210025555509228,7369,FALSE
Pv2.1_08_9057017_T/G,Chr08,9057017,0.0209979072819881,7370,FALSE
Pv2.1_08_62895083_T/A,Chr08,62895083,0.0209977230310479,7371,FALSE
Pv2.1_07_7073495_C/T,Chr07,7073495,0.020989870820642,7372,FALSE
Pv2.1_04_1743713_G/T,Chr04,1743713,0.0209863026062322,7373,FALSE
Pv2.1_05_11913862_T/G,Chr05,11913862,0.0209862477896445,7374,FALSE
Pv2.1_03_11746201_GA/G,Chr03,11746201,0.0209849099564767,7375,FALSE
Pv2.1_10_43597223_T/C,Chr10,43597223,0.0209827916618823,7376,FALSE
Pv2.1_04_2409491_A/G,Chr04,2409491,0.0209820287339779,7377,FALSE
Pv2.1_08_60714873_A/T,Chr08,60714873,0.0209812053508189,7378,FALSE
Pv2.1_04_2413434_C/T,Chr04,2413434,0.0209808298750764,7379,FALSE
Pv2.1_08_7261541_T/C,Chr08,7261541,0.0209794011686029,7380,FALSE
Pv2.1_11_2774419_A/T,Chr11,2774419,0.0209776595672855,7381,FALSE
Pv2.1_07_8259776_T/C,Chr07,8259776,0.0209773508857278,7382,FALSE
Pv2.1_08_11669767_G/A,Chr08,11669767,0.0209730231240921,7383,FALSE
Pv2.1_11_3963748_C/T,Chr11,3963748,0.0209730081229793,7384,FALSE
Pv2.1_03_43599514_G/A,Chr03,43599514,0.0209718293248762,7385,FALSE
Pv2.1_04_42197813_G/A,Chr04,42197813,0.0209711284623211,7386,FALSE
Pv2.1_04_42197845_A/G,Chr04,42197845,0.0209711284623211,7387,FALSE
Pv2.1_08_7334018_A/T,Chr08,7334018,0.0209696544472497,7388,FALSE
Pv2.1_08_62766969_A/G,Chr08,62766969,0.0209685685359977,7389,FALSE
Pv2.1_06_14061698_A/T,Chr06,14061698,0.0209681097868106,7390,FALSE
Pv2.1_08_7027071_G/C,Chr08,7027071,0.0209674615144628,7391,FALSE
Pv2.1_06_7240713_C/T,Chr06,7240713,0.0209668288798639,7392,FALSE
Pv2.1_08_61664077_A/G,Chr08,61664077,0.020966650577074,7393,FALSE
Pv2.1_09_36794481_A/T,Chr09,36794481,0.0209642609074816,7394,FALSE
Pv2.1_06_21970104_A/G,Chr06,21970104,0.0209624579393983,7395,FALSE
Pv2.1_04_1570782_T/C,Chr04,1570782,0.0209561360225767,7396,FALSE
Pv2.1_04_1570794_T/G,Chr04,1570794,0.0209561360225767,7397,FALSE
Pv2.1_04_14521515_G/C,Chr04,14521515,0.0209534346595444,7398,FALSE
Pv2.1_06_20325450_A/T,Chr06,20325450,0.0209533270329016,7399,FALSE
Pv2.1_07_9690162_G/A,Chr07,9690162,0.0209525189612867,7400,FALSE
Pv2.1_07_39799922_G/C,Chr07,39799922,0.0209502052141279,7401,FALSE
Pv2.1_05_5454227_C/A,Chr05,5454227,0.0209497564063046,7402,FALSE
Pv2.1_02_35455350_TACTC/T,Chr02,35455350,0.020942849653665,7403,FALSE
Pv2.1_01_6676525_T/C,Chr01,6676525,0.0209406348410983,7404,FALSE
Pv2.1_02_13604277_A/G,Chr02,13604277,0.0209391114768351,7405,FALSE
Pv2.1_06_30850098_T/C,Chr06,30850098,0.0209386016221829,7406,FALSE
Pv2.1_07_9683217_G/C,Chr07,9683217,0.0209359971235328,7407,FALSE
Pv2.1_02_39973230_G/A,Chr02,39973230,0.0209335745100709,7408,FALSE
Pv2.1_09_37429069_C/T,Chr09,37429069,0.0209333742860895,7409,FALSE
Pv2.1_03_45618561_G/T,Chr03,45618561,0.0209278441464615,7410,FALSE
Pv2.1_03_7263279_A/G,Chr03,7263279,0.020926772391491,7411,FALSE
Pv2.1_03_33385429_G/GC,Chr03,33385429,0.020923770055516,7412,FALSE
Pv2.1_06_18203156_T/C,Chr06,18203156,0.020922958573288,7413,FALSE
Pv2.1_09_14242417_G/A,Chr09,14242417,0.0209227815535593,7414,FALSE
Pv2.1_07_8521368_T/A,Chr07,8521368,0.0209221904439145,7415,FALSE
Pv2.1_02_37748473_G/A,Chr02,37748473,0.0209186129794512,7416,FALSE
Pv2.1_07_4149822_C/T,Chr07,4149822,0.0209166039905311,7417,FALSE
Pv2.1_07_4149823_A/T,Chr07,4149823,0.0209166039905311,7418,FALSE
Pv2.1_07_32331988_G/T,Chr07,32331988,0.0209164593376463,7419,FALSE
Pv2.1_06_20470943_TCTC/T,Chr06,20470943,0.0209163453973611,7420,FALSE
Pv2.1_07_6772359_A/G,Chr07,6772359,0.0209151075004934,7421,FALSE
Pv2.1_07_10391730_A/T,Chr07,10391730,0.0209136797285598,7422,FALSE
Pv2.1_02_23291462_G/A,Chr02,23291462,0.0209136510212318,7423,FALSE
Pv2.1_06_23124299_G/A,Chr06,23124299,0.0209120739434581,7424,FALSE
Pv2.1_08_3611672_G/A,Chr08,3611672,0.0209102422137448,7425,FALSE
Pv2.1_02_34496574_A/T,Chr02,34496574,0.0209080713073355,7426,FALSE
Pv2.1_05_39317656_T/TA,Chr05,39317656,0.0209077132340489,7427,FALSE
Pv2.1_08_62276157_T/G,Chr08,62276157,0.0209066162296736,7428,FALSE
Pv2.1_11_3503291_T/A,Chr11,3503291,0.0209043202673822,7429,FALSE
Pv2.1_08_62898065_C/G,Chr08,62898065,0.0209038956141328,7430,FALSE
Pv2.1_04_11357649_T/C,Chr04,11357649,0.0209029959426701,7431,FALSE
Pv2.1_09_35319172_T/C,Chr09,35319172,0.0209010975685624,7432,FALSE
Pv2.1_05_26097424_G/C,Chr05,26097424,0.0208994566992331,7433,FALSE
Pv2.1_07_7517238_C/T,Chr07,7517238,0.0208993644076627,7434,FALSE
Pv2.1_08_61526066_C/A,Chr08,61526066,0.0208986443736747,7435,FALSE
Pv2.1_05_4480264_C/T,Chr05,4480264,0.0208985093461105,7436,FALSE
Pv2.1_07_3412439_T/A,Chr07,3412439,0.0208967846280741,7437,FALSE
Pv2.1_05_11792657_G/GATC,Chr05,11792657,0.0208943725685105,7438,FALSE
Pv2.1_06_25689506_T/G,Chr06,25689506,0.020892604413985,7439,FALSE
Pv2.1_04_12935259_C/G,Chr04,12935259,0.0208925671118019,7440,FALSE
Pv2.1_06_19323737_G/A,Chr06,19323737,0.020892158408659,7441,FALSE
Pv2.1_04_2205933_T/C,Chr04,2205933,0.0208906848729695,7442,FALSE
Pv2.1_10_4468438_A/G,Chr10,4468438,0.0208881684828581,7443,FALSE
Pv2.1_07_35753131_C/T,Chr07,35753131,0.0208872246632685,7444,FALSE
Pv2.1_05_3462873_A/G,Chr05,3462873,0.0208869123342748,7445,FALSE
Pv2.1_08_60330085_T/C,Chr08,60330085,0.0208861306321086,7446,FALSE
Pv2.1_09_35387889_C/A,Chr09,35387889,0.0208816861281735,7447,FALSE
Pv2.1_11_53452133_C/G,Chr11,53452133,0.0208785486445544,7448,FALSE
Pv2.1_09_14620967_C/A,Chr09,14620967,0.0208753944890616,7449,FALSE
Pv2.1_10_40397561_A/T,Chr10,40397561,0.0208745217641391,7450,FALSE
Pv2.1_09_36508179_C/T,Chr09,36508179,0.020873206526784,7451,FALSE
Pv2.1_06_20958264_C/T,Chr06,20958264,0.0208718434176953,7452,FALSE
Pv2.1_06_4071322_C/T,Chr06,4071322,0.0208714967089669,7453,FALSE
Pv2.1_06_18671571_T/C,Chr06,18671571,0.0208709264108848,7454,FALSE
Pv2.1_06_18671634_A/C,Chr06,18671634,0.0208709264108848,7455,FALSE
Pv2.1_03_52821496_A/C,Chr03,52821496,0.020868404109021,7456,FALSE
Pv2.1_05_2710556_G/C,Chr05,2710556,0.0208652437589101,7457,FALSE
Pv2.1_03_11946073_C/A,Chr03,11946073,0.0208640898446855,7458,FALSE
Pv2.1_01_44927394_C/T,Chr01,44927394,0.0208627556303864,7459,FALSE
Pv2.1_01_44927397_A/C,Chr01,44927397,0.020862755630386,7460,FALSE
Pv2.1_07_4856975_C/T,Chr07,4856975,0.0208613573382492,7461,FALSE
Pv2.1_03_11766088_T/G,Chr03,11766088,0.0208605538462248,7462,FALSE
Pv2.1_07_26686303_T/C,Chr07,26686303,0.0208582121971022,7463,FALSE
Pv2.1_09_14877254_A/T,Chr09,14877254,0.0208569713877806,7464,FALSE
Pv2.1_03_7921629_T/G,Chr03,7921629,0.0208569017222859,7465,FALSE
Pv2.1_11_51020631_A/G,Chr11,51020631,0.0208567382210823,7466,FALSE
Pv2.1_04_450776_G/A,Chr04,450776,0.0208525106414985,7467,FALSE
Pv2.1_02_46811044_AT/A,Chr02,46811044,0.0208497204220115,7468,FALSE
Pv2.1_06_15714797_C/T,Chr06,15714797,0.020847919602041,7469,FALSE
Pv2.1_08_13283327_C/T,Chr08,13283327,0.020845498485591,7470,FALSE
Pv2.1_06_18390979_C/T,Chr06,18390979,0.020845472966053,7471,FALSE
Pv2.1_07_594569_G/A,Chr07,594569,0.0208447430226846,7472,FALSE
Pv2.1_02_2186035_C/A,Chr02,2186035,0.0208446704172323,7473,FALSE
Pv2.1_07_4001130_G/T,Chr07,4001130,0.0208446279228216,7474,FALSE
Pv2.1_06_26429674_G/C,Chr06,26429674,0.0208442968708469,7475,FALSE
Pv2.1_07_4564529_A/T,Chr07,4564529,0.02084345610109,7476,FALSE
Pv2.1_08_6229269_C/G,Chr08,6229269,0.0208429222194537,7477,FALSE
Pv2.1_07_36799820_C/A,Chr07,36799820,0.0208426630781808,7478,FALSE
Pv2.1_11_42824760_G/C,Chr11,42824760,0.0208424236056626,7479,FALSE
Pv2.1_07_7835221_T/G,Chr07,7835221,0.0208413424701139,7480,FALSE
Pv2.1_02_41115818_T/C,Chr02,41115818,0.020839957105721,7481,FALSE
Pv2.1_11_48008296_A/G,Chr11,48008296,0.0208397285740367,7482,FALSE
Pv2.1_01_992793_A/G,Chr01,992793,0.0208396727872202,7483,FALSE
Pv2.1_06_20460368_C/T,Chr06,20460368,0.0208373402765054,7484,FALSE
Pv2.1_06_5988565_C/T,Chr06,5988565,0.0208356284140092,7485,FALSE
Pv2.1_11_3506763_T/C,Chr11,3506763,0.0208338319612587,7486,FALSE
Pv2.1_06_26972440_T/C,Chr06,26972440,0.0208310563962684,7487,FALSE
Pv2.1_02_47726526_T/C,Chr02,47726526,0.0208268112231207,7488,FALSE
Pv2.1_10_44025768_C/T,Chr10,44025768,0.0208248867303311,7489,FALSE
Pv2.1_01_2068264_A/G,Chr01,2068264,0.0208204840226918,7490,FALSE
Pv2.1_06_28609538_T/A,Chr06,28609538,0.0208178581274807,7491,FALSE
Pv2.1_08_61725274_T/C,Chr08,61725274,0.0208159806930119,7492,FALSE
Pv2.1_08_3304866_T/G,Chr08,3304866,0.0208149047768869,7493,FALSE
Pv2.1_04_4643735_G/A,Chr04,4643735,0.0208118351481303,7494,FALSE
Pv2.1_11_28790464_C/T,Chr11,28790464,0.0208112453308602,7495,FALSE
Pv2.1_11_2078539_G/A,Chr11,2078539,0.0208110737668465,7496,FALSE
Pv2.1_08_32843412_G/A,Chr08,32843412,0.0208093916738599,7497,FALSE
Pv2.1_01_51096146_A/T,Chr01,51096146,0.0208070620053449,7498,FALSE
Pv2.1_08_8182234_A/G,Chr08,8182234,0.020805725639538,7499,FALSE
Pv2.1_03_44976984_A/C,Chr03,44976984,0.0208037316574252,7500,FALSE
Pv2.1_03_11733275_G/A,Chr03,11733275,0.0208037262363696,7501,FALSE
Pv2.1_08_5697166_T/A,Chr08,5697166,0.020803329722229,7502,FALSE
Pv2.1_10_4082890_T/A,Chr10,4082890,0.0207993762789536,7503,FALSE
Pv2.1_09_36515834_G/T,Chr09,36515834,0.0207959567731293,7504,FALSE
Pv2.1_09_36515846_T/C,Chr09,36515846,0.0207959567731293,7505,FALSE
Pv2.1_08_392188_G/A,Chr08,392188,0.0207937611917433,7506,FALSE
Pv2.1_02_1904875_TTTCTTC/T,Chr02,1904875,0.0207921856514304,7507,FALSE
Pv2.1_02_3160694_T/A,Chr02,3160694,0.020790912651548,7508,FALSE
Pv2.1_06_21253996_A/T,Chr06,21253996,0.020790378733262,7509,FALSE
Pv2.1_09_22620311_G/T,Chr09,22620311,0.0207885160610113,7510,FALSE
Pv2.1_08_61397426_C/A,Chr08,61397426,0.0207878712789364,7511,FALSE
Pv2.1_03_984236_C/T,Chr03,984236,0.0207875743070947,7512,FALSE
Pv2.1_08_62082912_T/C,Chr08,62082912,0.0207868679228329,7513,FALSE
Pv2.1_03_9408307_C/A,Chr03,9408307,0.0207853443024506,7514,FALSE
Pv2.1_08_6268891_T/G,Chr08,6268891,0.0207852758455491,7515,FALSE
Pv2.1_10_43597229_T/A,Chr10,43597229,0.0207850429266436,7516,FALSE
Pv2.1_03_53030016_A/G,Chr03,53030016,0.0207844342355346,7517,FALSE
Pv2.1_01_5821612_G/A,Chr01,5821612,0.0207822772323958,7518,FALSE
Pv2.1_05_11785046_G/A,Chr05,11785046,0.0207821569719604,7519,FALSE
Pv2.1_01_14660488_G/A,Chr01,14660488,0.0207808867238426,7520,FALSE
Pv2.1_07_1084426_T/C,Chr07,1084426,0.0207807933256796,7521,FALSE
Pv2.1_07_1084441_T/C,Chr07,1084441,0.0207807933256796,7522,FALSE
Pv2.1_11_34204855_A/C,Chr11,34204855,0.0207775385388862,7523,FALSE
Pv2.1_11_3659054_G/T,Chr11,3659054,0.0207702969540629,7524,FALSE
Pv2.1_08_12877513_C/T,Chr08,12877513,0.0207662234241592,7525,FALSE
Pv2.1_08_58122363_G/C,Chr08,58122363,0.0207655581626964,7526,FALSE
Pv2.1_11_47321478_T/C,Chr11,47321478,0.0207650644754818,7527,FALSE
Pv2.1_09_13418470_G/C,Chr09,13418470,0.0207647906747743,7528,FALSE
Pv2.1_02_26946852_G/A,Chr02,26946852,0.0207624712289913,7529,FALSE
Pv2.1_07_37785968_C/T,Chr07,37785968,0.0207608906553056,7530,FALSE
Pv2.1_06_5685896_A/G,Chr06,5685896,0.0207570053522277,7531,FALSE
Pv2.1_03_52594817_G/T,Chr03,52594817,0.0207569548048703,7532,FALSE
Pv2.1_06_20278149_G/A,Chr06,20278149,0.0207556210656339,7533,FALSE
Pv2.1_11_3648213_G/A,Chr11,3648213,0.0207551438943758,7534,FALSE
Pv2.1_08_62838440_T/C,Chr08,62838440,0.0207550581595424,7535,FALSE
Pv2.1_06_21896215_G/A,Chr06,21896215,0.0207538979577855,7536,FALSE
Pv2.1_02_23064663_T/C,Chr02,23064663,0.0207530891346508,7537,FALSE
Pv2.1_10_1416218_T/A,Chr10,1416218,0.0207456912930084,7538,FALSE
Pv2.1_10_40737013_G/A,Chr10,40737013,0.0207453760391241,7539,FALSE
Pv2.1_09_36725484_G/T,Chr09,36725484,0.0207448509178727,7540,FALSE
Pv2.1_04_547383_C/A,Chr04,547383,0.0207395539634008,7541,FALSE
Pv2.1_01_51065864_A/G,Chr01,51065864,0.0207381597792558,7542,FALSE
Pv2.1_06_23405211_C/T,Chr06,23405211,0.0207372975115412,7543,FALSE
Pv2.1_06_18987441_C/A,Chr06,18987441,0.0207371990730683,7544,FALSE
Pv2.1_08_6368266_A/G,Chr08,6368266,0.0207366561168447,7545,FALSE
Pv2.1_08_1583216_C/T,Chr08,1583216,0.0207358575974048,7546,FALSE
Pv2.1_10_42388167_T/A,Chr10,42388167,0.020735394981342,7547,FALSE
Pv2.1_07_7420247_A/G,Chr07,7420247,0.0207345272510548,7548,FALSE
Pv2.1_08_59143079_G/A,Chr08,59143079,0.0207340168450001,7549,FALSE
Pv2.1_08_59143090_T/A,Chr08,59143090,0.0207340168450001,7550,FALSE
Pv2.1_08_59143100_A/C,Chr08,59143100,0.0207340168450001,7551,FALSE
Pv2.1_07_8712610_T/C,Chr07,8712610,0.020733601217978,7552,FALSE
Pv2.1_08_61153483_A/T,Chr08,61153483,0.0207333673062902,7553,FALSE
Pv2.1_09_36912302_A/T,Chr09,36912302,0.0207327780604647,7554,FALSE
Pv2.1_08_9763634_A/G,Chr08,9763634,0.0207313115323822,7555,FALSE
Pv2.1_08_62788369_C/T,Chr08,62788369,0.0207308971096407,7556,FALSE
Pv2.1_04_32722_C/T,Chr04,32722,0.0207240701798117,7557,FALSE
Pv2.1_06_23191362_A/T,Chr06,23191362,0.0207228971879112,7558,FALSE
Pv2.1_01_50754135_C/T,Chr01,50754135,0.0207215723093319,7559,FALSE
Pv2.1_09_36703704_C/T,Chr09,36703704,0.0207204871083175,7560,FALSE
Pv2.1_01_2486783_T/A,Chr01,2486783,0.0207189477650984,7561,FALSE
Pv2.1_03_8261254_T/C,Chr03,8261254,0.0207178423293053,7562,FALSE
Pv2.1_08_62786768_T/G,Chr08,62786768,0.020711278619161,7563,FALSE
Pv2.1_06_29635019_G/A,Chr06,29635019,0.0207095706100988,7564,FALSE
Pv2.1_08_62895184_T/C,Chr08,62895184,0.0207082665981391,7565,FALSE
Pv2.1_08_58599949_A/G,Chr08,58599949,0.0207046164537612,7566,FALSE
Pv2.1_08_58599964_A/C,Chr08,58599964,0.0207046164537612,7567,FALSE
Pv2.1_01_48413968_C/A,Chr01,48413968,0.0207042125995365,7568,FALSE
Pv2.1_07_39289620_G/A,Chr07,39289620,0.0207023614506356,7569,FALSE
Pv2.1_10_4674180_G/A,Chr10,4674180,0.020700521032647,7570,FALSE
Pv2.1_09_22541008_G/A,Chr09,22541008,0.0206998362997459,7571,FALSE
Pv2.1_07_9330336_A/G,Chr07,9330336,0.0206992990876267,7572,FALSE
Pv2.1_07_7692511_CA/C,Chr07,7692511,0.0206972122955733,7573,FALSE
Pv2.1_06_25953766_T/TA,Chr06,25953766,0.0206915080749526,7574,FALSE
Pv2.1_09_36725341_A/T,Chr09,36725341,0.020688223121589,7575,FALSE
Pv2.1_03_1004172_T/A,Chr03,1004172,0.0206824815003017,7576,FALSE
Pv2.1_08_62939708_C/T,Chr08,62939708,0.0206790661087259,7577,FALSE
Pv2.1_08_6368295_T/C,Chr08,6368295,0.0206783487112219,7578,FALSE
Pv2.1_08_6368297_G/A,Chr08,6368297,0.0206783487112219,7579,FALSE
Pv2.1_09_7795356_T/C,Chr09,7795356,0.0206763863485633,7580,FALSE
Pv2.1_03_40571095_C/T,Chr03,40571095,0.0206755273617558,7581,FALSE
Pv2.1_08_60151893_C/T,Chr08,60151893,0.0206740176496036,7582,FALSE
Pv2.1_01_45326475_G/A,Chr01,45326475,0.0206738751369908,7583,FALSE
Pv2.1_07_37288828_G/T,Chr07,37288828,0.020673825557346,7584,FALSE
Pv2.1_02_2462897_T/C,Chr02,2462897,0.0206692746238488,7585,FALSE
Pv2.1_06_19585697_A/G,Chr06,19585697,0.0206670364365542,7586,FALSE
Pv2.1_06_27462778_A/G,Chr06,27462778,0.0206618673969792,7587,FALSE
Pv2.1_08_61525857_CCCG/C,Chr08,61525857,0.0206610494505952,7588,FALSE
Pv2.1_09_36703701_T/C,Chr09,36703701,0.0206607899960947,7589,FALSE
Pv2.1_06_21615329_A/G,Chr06,21615329,0.0206584273155372,7590,FALSE
Pv2.1_07_9068459_G/A,Chr07,9068459,0.0206579451119957,7591,FALSE
Pv2.1_08_58335135_C/T,Chr08,58335135,0.0206537762049464,7592,FALSE
Pv2.1_08_62788363_A/G,Chr08,62788363,0.0206507354513867,7593,FALSE
Pv2.1_08_11683388_C/A,Chr08,11683388,0.0206481371768605,7594,FALSE
Pv2.1_08_60662735_T/A,Chr08,60662735,0.0206459108726573,7595,FALSE
Pv2.1_07_3871396_C/CT,Chr07,3871396,0.0206455217429866,7596,FALSE
Pv2.1_06_29506615_T/C,Chr06,29506615,0.0206443358934703,7597,FALSE
Pv2.1_02_44838448_G/A,Chr02,44838448,0.0206438739829529,7598,FALSE
Pv2.1_06_13102904_T/C,Chr06,13102904,0.0206420222588992,7599,FALSE
Pv2.1_10_9191937_G/A,Chr10,9191937,0.0206379884418531,7600,FALSE
Pv2.1_06_23979822_C/T,Chr06,23979822,0.020637215960059,7601,FALSE
Pv2.1_06_2584531_T/A,Chr06,2584531,0.0206359089851054,7602,FALSE
Pv2.1_07_35648149_G/A,Chr07,35648149,0.020634118992966,7603,FALSE
Pv2.1_03_11144031_C/T,Chr03,11144031,0.0206318701202153,7604,FALSE
Pv2.1_02_46792667_T/C,Chr02,46792667,0.0206314870631514,7605,FALSE
Pv2.1_11_983172_A/T,Chr11,983172,0.0206301339739565,7606,FALSE
Pv2.1_07_8311302_A/G,Chr07,8311302,0.0206245316759239,7607,FALSE
Pv2.1_07_8311304_G/C,Chr07,8311304,0.0206245316759239,7608,FALSE
Pv2.1_07_34891946_T/C,Chr07,34891946,0.020624298578364,7609,FALSE
Pv2.1_06_462085_G/A,Chr06,462085,0.0206239503338961,7610,FALSE
Pv2.1_07_33560301_A/T,Chr07,33560301,0.0206231936811316,7611,FALSE
Pv2.1_07_33560322_A/G,Chr07,33560322,0.0206231936811316,7612,FALSE
Pv2.1_04_2413445_G/A,Chr04,2413445,0.0206223922832471,7613,FALSE
Pv2.1_08_62824091_A/G,Chr08,62824091,0.0206212694866488,7614,FALSE
Pv2.1_09_28879433_T/A,Chr09,28879433,0.0206208220105779,7615,FALSE
Pv2.1_02_694731_A/G,Chr02,694731,0.0206192002730301,7616,FALSE
Pv2.1_02_47665463_C/T,Chr02,47665463,0.0206188731155312,7617,FALSE
Pv2.1_02_13930721_GA/G,Chr02,13930721,0.0206186034665459,7618,FALSE
Pv2.1_09_16552415_C/A,Chr09,16552415,0.0206161735875532,7619,FALSE
Pv2.1_07_35419894_C/T,Chr07,35419894,0.0206161071873661,7620,FALSE
Pv2.1_07_7420093_G/A,Chr07,7420093,0.0206159623902273,7621,FALSE
Pv2.1_04_455754_A/G,Chr04,455754,0.0206061555145149,7622,FALSE
Pv2.1_05_11913867_G/C,Chr05,11913867,0.0206057123201022,7623,FALSE
Pv2.1_04_46314997_C/T,Chr04,46314997,0.020603808560721,7624,FALSE
Pv2.1_04_126341_A/G,Chr04,126341,0.020603501656101,7625,FALSE
Pv2.1_08_9836629_A/G,Chr08,9836629,0.0206032006324697,7626,FALSE
Pv2.1_08_62934678_A/C,Chr08,62934678,0.0206000636712473,7627,FALSE
Pv2.1_08_62961952_G/T,Chr08,62961952,0.0205978562049132,7628,FALSE
Pv2.1_08_1709733_C/G,Chr08,1709733,0.0205956970223666,7629,FALSE
Pv2.1_03_36439738_G/A,Chr03,36439738,0.0205940586701519,7630,FALSE
Pv2.1_08_60557897_C/T,Chr08,60557897,0.0205930478273064,7631,FALSE
Pv2.1_08_60152196_T/C,Chr08,60152196,0.02059286631824,7632,FALSE
Pv2.1_03_51297744_T/C,Chr03,51297744,0.0205925171862411,7633,FALSE
Pv2.1_08_61525694_T/C,Chr08,61525694,0.0205908431486623,7634,FALSE
Pv2.1_09_22535029_A/C,Chr09,22535029,0.0205891726761438,7635,FALSE
Pv2.1_09_14534237_G/A,Chr09,14534237,0.020588052352621,7636,FALSE
Pv2.1_04_1564659_C/T,Chr04,1564659,0.0205875430420446,7637,FALSE
Pv2.1_08_62313824_G/A,Chr08,62313824,0.0205857796052706,7638,FALSE
Pv2.1_11_51790274_T/A,Chr11,51790274,0.0205856709714873,7639,FALSE
Pv2.1_09_36808149_G/T,Chr09,36808149,0.0205807067263706,7640,FALSE
Pv2.1_06_5879484_A/AT,Chr06,5879484,0.0205795120278518,7641,FALSE
Pv2.1_08_9426817_A/T,Chr08,9426817,0.0205781246136088,7642,FALSE
Pv2.1_08_59125856_A/T,Chr08,59125856,0.0205778850213223,7643,FALSE
Pv2.1_09_29132464_G/A,Chr09,29132464,0.0205762666374172,7644,FALSE
Pv2.1_03_11746224_ATAC/A,Chr03,11746224,0.0205733031317923,7645,FALSE
Pv2.1_03_11746225_TACTACTACTACTACT/ACCTACTACTACTACC,Chr03,11746225,0.0205733031317923,7646,FALSE
Pv2.1_07_36785057_G/A,Chr07,36785057,0.0205728022638754,7647,FALSE
Pv2.1_05_36225413_T/C,Chr05,36225413,0.0205722148599361,7648,FALSE
Pv2.1_02_30593668_G/T,Chr02,30593668,0.0205694437800252,7649,FALSE
Pv2.1_04_11272001_A/C,Chr04,11272001,0.0205692511514348,7650,FALSE
Pv2.1_01_1059348_C/T,Chr01,1059348,0.020568598396693,7651,FALSE
Pv2.1_06_26045152_A/T,Chr06,26045152,0.02056788900114,7652,FALSE
Pv2.1_01_1009095_T/A,Chr01,1009095,0.0205672854741166,7653,FALSE
Pv2.1_10_4624868_T/G,Chr10,4624868,0.0205655636791713,7654,FALSE
Pv2.1_08_1819449_T/C,Chr08,1819449,0.0205629489484536,7655,FALSE
Pv2.1_08_12647774_T/C,Chr08,12647774,0.020561497522344,7656,FALSE
Pv2.1_08_62082891_G/C,Chr08,62082891,0.0205610849557751,7657,FALSE
Pv2.1_08_57637580_G/A,Chr08,57637580,0.0205593886345161,7658,FALSE
Pv2.1_04_46430115_A/G,Chr04,46430115,0.0205560705078152,7659,FALSE
Pv2.1_08_55799842_C/A,Chr08,55799842,0.0205557126023379,7660,FALSE
Pv2.1_08_57822791_G/T,Chr08,57822791,0.0205552876986284,7661,FALSE
Pv2.1_06_15480998_G/A,Chr06,15480998,0.0205543241968433,7662,FALSE
Pv2.1_06_7240728_T/G,Chr06,7240728,0.0205536437023319,7663,FALSE
Pv2.1_05_224955_C/G,Chr05,224955,0.0205525720498998,7664,FALSE
Pv2.1_10_4466690_C/T,Chr10,4466690,0.0205515282658197,7665,FALSE
Pv2.1_11_1654274_G/T,Chr11,1654274,0.0205514635761914,7666,FALSE
Pv2.1_07_1084644_C/A,Chr07,1084644,0.0205486564405484,7667,FALSE
Pv2.1_07_1084653_A/G,Chr07,1084653,0.0205486564405484,7668,FALSE
Pv2.1_09_30217402_G/A,Chr09,30217402,0.0205483868892009,7669,FALSE
Pv2.1_07_32234663_C/T,Chr07,32234663,0.0205470900474598,7670,FALSE
Pv2.1_07_23958832_T/C,Chr07,23958832,0.0205430094999923,7671,FALSE
Pv2.1_05_4484860_C/A,Chr05,4484860,0.0205428117458979,7672,FALSE
Pv2.1_02_17928016_A/T,Chr02,17928016,0.0205399456789057,7673,FALSE
Pv2.1_11_3170157_G/C,Chr11,3170157,0.0205388726597526,7674,FALSE
Pv2.1_09_28287292_TG/T,Chr09,28287292,0.020538348971995,7675,FALSE
Pv2.1_03_53314225_TTTTG/T,Chr03,53314225,0.0205380093581766,7676,FALSE
Pv2.1_03_53314229_G/T,Chr03,53314229,0.0205380093581766,7677,FALSE
Pv2.1_09_37560549_G/T,Chr09,37560549,0.0205376726588105,7678,FALSE
Pv2.1_05_2710548_G/A,Chr05,2710548,0.0205348604350371,7679,FALSE
Pv2.1_01_1963017_G/A,Chr01,1963017,0.0205311675633153,7680,FALSE
Pv2.1_01_1963027_C/T,Chr01,1963027,0.0205311675633153,7681,FALSE
Pv2.1_02_13280406_A/T,Chr02,13280406,0.0205301153628765,7682,FALSE
Pv2.1_09_28962287_A/G,Chr09,28962287,0.0205285391998959,7683,FALSE
Pv2.1_06_22373712_C/T,Chr06,22373712,0.0205226917029688,7684,FALSE
Pv2.1_08_60838487_G/C,Chr08,60838487,0.0205213530783448,7685,FALSE
Pv2.1_08_62447378_T/C,Chr08,62447378,0.0205202634842649,7686,FALSE
Pv2.1_01_5848070_A/T,Chr01,5848070,0.0205180081555199,7687,FALSE
Pv2.1_02_49576287_A/G,Chr02,49576287,0.0205174164399535,7688,FALSE
Pv2.1_03_79548_T/A,Chr03,79548,0.020515988115462,7689,FALSE
Pv2.1_09_10480503_A/G,Chr09,10480503,0.0205148272719233,7690,FALSE
Pv2.1_10_7874414_C/T,Chr10,7874414,0.0205130314989095,7691,FALSE
Pv2.1_06_24196039_T/C,Chr06,24196039,0.0205124031334769,7692,FALSE
Pv2.1_07_7835461_C/T,Chr07,7835461,0.0205088698798179,7693,FALSE
Pv2.1_07_7835483_G/T,Chr07,7835483,0.0205088698798179,7694,FALSE
Pv2.1_02_28104001_T/G,Chr02,28104001,0.0205083518792466,7695,FALSE
Pv2.1_01_3363634_G/A,Chr01,3363634,0.0205066085571657,7696,FALSE
Pv2.1_08_62327720_G/A,Chr08,62327720,0.0205065613121471,7697,FALSE
Pv2.1_04_47249832_C/T,Chr04,47249832,0.0205049245110276,7698,FALSE
Pv2.1_08_61663019_A/G,Chr08,61663019,0.0205027688272779,7699,FALSE
Pv2.1_07_39258383_T/G,Chr07,39258383,0.020499737939172,7700,FALSE
Pv2.1_10_40290980_ATATGGC/A,Chr10,40290980,0.0204977333418874,7701,FALSE
Pv2.1_07_35755079_T/G,Chr07,35755079,0.0204960606385658,7702,FALSE
Pv2.1_06_21554891_T/C,Chr06,21554891,0.0204952382070212,7703,FALSE
Pv2.1_02_2942326_C/T,Chr02,2942326,0.0204914451357383,7704,FALSE
Pv2.1_11_47862303_T/C,Chr11,47862303,0.0204912519855882,7705,FALSE
Pv2.1_04_69108_C/T,Chr04,69108,0.0204912454333304,7706,FALSE
Pv2.1_04_68978_G/C,Chr04,68978,0.0204897539171975,7707,FALSE
Pv2.1_11_2282640_A/C,Chr11,2282640,0.0204859943644755,7708,FALSE
Pv2.1_08_60658631_C/A,Chr08,60658631,0.020485364913398,7709,FALSE
Pv2.1_09_22376369_T/A,Chr09,22376369,0.0204846261029727,7710,FALSE
Pv2.1_07_992428_T/A,Chr07,992428,0.0204800379240555,7711,FALSE
Pv2.1_06_24824474_T/C,Chr06,24824474,0.0204797203619425,7712,FALSE
Pv2.1_08_57637452_C/T,Chr08,57637452,0.0204762879596565,7713,FALSE
Pv2.1_07_9346504_A/G,Chr07,9346504,0.0204730264193276,7714,FALSE
Pv2.1_04_2182181_T/C,Chr04,2182181,0.0204723465348753,7715,FALSE
Pv2.1_07_105898_C/A,Chr07,105898,0.0204712354942824,7716,FALSE
Pv2.1_02_3129125_C/T,Chr02,3129125,0.0204675037459094,7717,FALSE
Pv2.1_08_58972991_T/C,Chr08,58972991,0.0204674800152374,7718,FALSE
Pv2.1_07_12739786_G/A,Chr07,12739786,0.0204670694387903,7719,FALSE
Pv2.1_02_44965340_A/T,Chr02,44965340,0.0204664429181176,7720,FALSE
Pv2.1_08_58532467_T/C,Chr08,58532467,0.0204650596566807,7721,FALSE
Pv2.1_08_62661010_G/C,Chr08,62661010,0.020464535916326,7722,FALSE
Pv2.1_04_2319312_A/G,Chr04,2319312,0.0204627192700473,7723,FALSE
Pv2.1_06_22450080_C/G,Chr06,22450080,0.020460338425893,7724,FALSE
Pv2.1_06_22450082_G/C,Chr06,22450082,0.020460338425893,7725,FALSE
Pv2.1_07_7835686_T/C,Chr07,7835686,0.0204598188567062,7726,FALSE
Pv2.1_09_38140082_G/A,Chr09,38140082,0.0204597524419015,7727,FALSE
Pv2.1_11_50261535_C/T,Chr11,50261535,0.0204592400052674,7728,FALSE
Pv2.1_05_7405872_C/G,Chr05,7405872,0.0204590877322302,7729,FALSE
Pv2.1_06_27493230_C/T,Chr06,27493230,0.0204582916353626,7730,FALSE
Pv2.1_10_1790828_A/T,Chr10,1790828,0.0204582354815259,7731,FALSE
Pv2.1_03_41873850_G/T,Chr03,41873850,0.0204571591161082,7732,FALSE
Pv2.1_08_61525779_G/A,Chr08,61525779,0.0204570321409112,7733,FALSE
Pv2.1_11_49326805_C/T,Chr11,49326805,0.0204569792224287,7734,FALSE
Pv2.1_06_29282600_A/C,Chr06,29282600,0.0204566965653967,7735,FALSE
Pv2.1_05_159278_T/G,Chr05,159278,0.0204547532821096,7736,FALSE
Pv2.1_05_159284_C/A,Chr05,159284,0.0204547532821096,7737,FALSE
Pv2.1_06_29455363_A/C,Chr06,29455363,0.0204537665435858,7738,FALSE
Pv2.1_06_1141922_C/T,Chr06,1141922,0.0204530949144455,7739,FALSE
Pv2.1_05_11559884_A/G,Chr05,11559884,0.020452760676811,7740,FALSE
Pv2.1_02_3219573_A/G,Chr02,3219573,0.0204476922942423,7741,FALSE
Pv2.1_03_27654454_G/A,Chr03,27654454,0.0204471372861477,7742,FALSE
Pv2.1_04_1919689_C/T,Chr04,1919689,0.0204455426609758,7743,FALSE
Pv2.1_08_24734506_C/T,Chr08,24734506,0.0204440383322084,7744,FALSE
Pv2.1_06_19584566_C/A,Chr06,19584566,0.0204433491493643,7745,FALSE
Pv2.1_11_3659547_C/T,Chr11,3659547,0.0204427359906312,7746,FALSE
Pv2.1_04_45673322_G/T,Chr04,45673322,0.020438820455734,7747,FALSE
Pv2.1_11_49386062_T/G,Chr11,49386062,0.0204360534394357,7748,FALSE
Pv2.1_05_11993212_G/C,Chr05,11993212,0.0204347312831148,7749,FALSE
Pv2.1_02_30593664_C/A,Chr02,30593664,0.0204336611441915,7750,FALSE
Pv2.1_07_9640350_A/G,Chr07,9640350,0.0204292610063401,7751,FALSE
Pv2.1_06_19550554_G/A,Chr06,19550554,0.0204286974844061,7752,FALSE
Pv2.1_06_19550577_A/G,Chr06,19550577,0.0204286974844061,7753,FALSE
Pv2.1_07_9106034_A/G,Chr07,9106034,0.0204272269662025,7754,FALSE
Pv2.1_02_2367198_G/A,Chr02,2367198,0.0204266859614748,7755,FALSE
Pv2.1_08_59002213_T/C,Chr08,59002213,0.0204251070369068,7756,FALSE
Pv2.1_06_25688047_C/A,Chr06,25688047,0.0204246469925851,7757,FALSE
Pv2.1_07_35749454_G/A,Chr07,35749454,0.0204231189537252,7758,FALSE
Pv2.1_01_2335058_T/C,Chr01,2335058,0.0204177920565698,7759,FALSE
Pv2.1_07_236545_T/C,Chr07,236545,0.0204176112122889,7760,FALSE
Pv2.1_07_34891937_A/G,Chr07,34891937,0.0204174720682064,7761,FALSE
Pv2.1_09_35989929_C/A,Chr09,35989929,0.0204173921379507,7762,FALSE
Pv2.1_06_16267614_T/G,Chr06,16267614,0.0204172580552733,7763,FALSE
Pv2.1_11_50800435_T/A,Chr11,50800435,0.0204124460170632,7764,FALSE
Pv2.1_02_26956641_G/A,Chr02,26956641,0.0204123621530887,7765,FALSE
Pv2.1_02_11064696_A/AT,Chr02,11064696,0.0204094010979787,7766,FALSE
Pv2.1_11_17594472_A/T,Chr11,17594472,0.0204080177632839,7767,FALSE
Pv2.1_07_10207534_T/C,Chr07,10207534,0.0204076870115295,7768,FALSE
Pv2.1_03_43542273_G/A,Chr03,43542273,0.0204065234727406,7769,FALSE
Pv2.1_11_35945932_A/G,Chr11,35945932,0.0204063065879021,7770,FALSE
Pv2.1_11_35945949_A/T,Chr11,35945949,0.0204063065879021,7771,FALSE
Pv2.1_03_10944920_C/A,Chr03,10944920,0.0204062816284996,7772,FALSE
Pv2.1_06_26551879_G/A,Chr06,26551879,0.0204062709300441,7773,FALSE
Pv2.1_06_26551885_A/C,Chr06,26551885,0.0204062709300441,7774,FALSE
Pv2.1_06_26551903_A/G,Chr06,26551903,0.0204062709300441,7775,FALSE
Pv2.1_10_42635908_T/C,Chr10,42635908,0.0204031178979331,7776,FALSE
Pv2.1_09_35616441_C/A,Chr09,35616441,0.0204030523250878,7777,FALSE
Pv2.1_05_38479454_A/T,Chr05,38479454,0.0204024057366117,7778,FALSE
Pv2.1_08_61999071_G/A,Chr08,61999071,0.0204010789295559,7779,FALSE
Pv2.1_04_2279256_A/G,Chr04,2279256,0.0204008495735435,7780,FALSE
Pv2.1_08_1594585_T/C,Chr08,1594585,0.0204007077262989,7781,FALSE
Pv2.1_08_62890870_A/T,Chr08,62890870,0.0203996755300544,7782,FALSE
Pv2.1_08_62577100_A/G,Chr08,62577100,0.0203989585677715,7783,FALSE
Pv2.1_08_60362801_C/T,Chr08,60362801,0.0203987414807747,7784,FALSE
Pv2.1_08_63038000_A/G,Chr08,63038000,0.0203985836527272,7785,FALSE
Pv2.1_07_35375284_G/A,Chr07,35375284,0.0203976778895449,7786,FALSE
Pv2.1_05_4487165_G/A,Chr05,4487165,0.0203968395766196,7787,FALSE
Pv2.1_06_14596209_G/A,Chr06,14596209,0.0203958749378694,7788,FALSE
Pv2.1_08_62934661_C/A,Chr08,62934661,0.0203951846786294,7789,FALSE
Pv2.1_09_14241149_G/A,Chr09,14241149,0.0203943739588266,7790,FALSE
Pv2.1_06_23841467_A/C,Chr06,23841467,0.0203927105722435,7791,FALSE
Pv2.1_11_29457419_A/T,Chr11,29457419,0.0203926850784795,7792,FALSE
Pv2.1_07_10364360_G/C,Chr07,10364360,0.0203900530725667,7793,FALSE
Pv2.1_08_62007803_A/G,Chr08,62007803,0.0203851938205339,7794,FALSE
Pv2.1_02_7650489_A/G,Chr02,7650489,0.0203817712453414,7795,FALSE
Pv2.1_05_36225390_C/A,Chr05,36225390,0.0203816445499916,7796,FALSE
Pv2.1_09_28252973_G/A,Chr09,28252973,0.0203806995081917,7797,FALSE
Pv2.1_06_18368814_T/A,Chr06,18368814,0.0203776482314826,7798,FALSE
Pv2.1_10_42139569_A/G,Chr10,42139569,0.020376675482761,7799,FALSE
Pv2.1_04_1743683_C/T,Chr04,1743683,0.0203765024377702,7800,FALSE
Pv2.1_04_1743707_T/G,Chr04,1743707,0.0203765024377702,7801,FALSE
Pv2.1_11_2078455_A/C,Chr11,2078455,0.0203745322393445,7802,FALSE
Pv2.1_07_3473905_T/C,Chr07,3473905,0.0203740487130379,7803,FALSE
Pv2.1_08_61671591_T/C,Chr08,61671591,0.0203738999504677,7804,FALSE
Pv2.1_03_6718893_T/A,Chr03,6718893,0.0203724333077897,7805,FALSE
Pv2.1_07_9355830_T/C,Chr07,9355830,0.0203720102679972,7806,FALSE
Pv2.1_09_37752756_T/G,Chr09,37752756,0.0203706760693421,7807,FALSE
Pv2.1_03_2472543_T/A,Chr03,2472543,0.0203677384121086,7808,FALSE
Pv2.1_11_2256462_G/T,Chr11,2256462,0.0203623528485575,7809,FALSE
Pv2.1_07_841462_A/C,Chr07,841462,0.0203609876417179,7810,FALSE
Pv2.1_07_841469_C/T,Chr07,841469,0.0203609876417179,7811,FALSE
Pv2.1_11_36105387_AG/A,Chr11,36105387,0.0203601616330982,7812,FALSE
Pv2.1_09_20624750_T/C,Chr09,20624750,0.0203600968250193,7813,FALSE
Pv2.1_08_6368291_T/C,Chr08,6368291,0.0203583610788094,7814,FALSE
Pv2.1_08_58336606_A/C,Chr08,58336606,0.0203521893328746,7815,FALSE
Pv2.1_06_15826658_T/C,Chr06,15826658,0.0203505343082266,7816,FALSE
Pv2.1_07_21557268_T/C,Chr07,21557268,0.0203502189645834,7817,FALSE
Pv2.1_03_10944918_A/G,Chr03,10944918,0.0203488677143389,7818,FALSE
Pv2.1_03_30640468_G/A,Chr03,30640468,0.0203484147333302,7819,FALSE
Pv2.1_01_2525381_C/T,Chr01,2525381,0.0203467253518594,7820,FALSE
Pv2.1_04_1686909_C/T,Chr04,1686909,0.0203458209799692,7821,FALSE
Pv2.1_07_1182132_A/G,Chr07,1182132,0.020345504712322,7822,FALSE
Pv2.1_07_1182141_C/G,Chr07,1182141,0.020345504712322,7823,FALSE
Pv2.1_11_35945994_C/G,Chr11,35945994,0.0203452479200048,7824,FALSE
Pv2.1_06_495353_C/T,Chr06,495353,0.0203419764906756,7825,FALSE
Pv2.1_06_21012777_T/C,Chr06,21012777,0.0203413699014341,7826,FALSE
Pv2.1_08_61825300_G/T,Chr08,61825300,0.0203410193281321,7827,FALSE
Pv2.1_07_4755241_C/G,Chr07,4755241,0.0203408705374701,7828,FALSE
Pv2.1_09_37528191_G/GA,Chr09,37528191,0.0203391630757257,7829,FALSE
Pv2.1_08_58972945_G/T,Chr08,58972945,0.0203390187336687,7830,FALSE
Pv2.1_08_6249410_C/A,Chr08,6249410,0.0203381166423826,7831,FALSE
Pv2.1_07_33523282_TA/T,Chr07,33523282,0.0203363145013924,7832,FALSE
Pv2.1_08_5440374_A/G,Chr08,5440374,0.0203338619725182,7833,FALSE
Pv2.1_08_62440306_A/T,Chr08,62440306,0.0203306144244575,7834,FALSE
Pv2.1_05_36225444_C/T,Chr05,36225444,0.0203302176950015,7835,FALSE
Pv2.1_05_36225416_G/A,Chr05,36225416,0.0203296573159077,7836,FALSE
Pv2.1_08_5097810_ATT/A,Chr08,5097810,0.0203283132779108,7837,FALSE
Pv2.1_07_30463947_A/G,Chr07,30463947,0.0203262858589168,7838,FALSE
Pv2.1_03_49163275_G/C,Chr03,49163275,0.0203255588100411,7839,FALSE
Pv2.1_08_60662790_C/G,Chr08,60662790,0.020320946430409,7840,FALSE
Pv2.1_03_7428318_G/A,Chr03,7428318,0.020319872989579,7841,FALSE
Pv2.1_08_6344811_T/A,Chr08,6344811,0.0203138361737363,7842,FALSE
Pv2.1_06_20054768_T/C,Chr06,20054768,0.0203086454922015,7843,FALSE
Pv2.1_09_38218755_T/C,Chr09,38218755,0.0203069007306333,7844,FALSE
Pv2.1_04_2205922_G/A,Chr04,2205922,0.0203057248572476,7845,FALSE
Pv2.1_08_61904077_G/T,Chr08,61904077,0.0203046837313381,7846,FALSE
Pv2.1_03_51422685_C/A,Chr03,51422685,0.0203027761941073,7847,FALSE
Pv2.1_06_17585830_A/G,Chr06,17585830,0.0202990959413523,7848,FALSE
Pv2.1_02_28214349_G/A,Chr02,28214349,0.0202981516364509,7849,FALSE
Pv2.1_06_22105330_G/A,Chr06,22105330,0.0202938005067819,7850,FALSE
Pv2.1_08_62899516_G/C,Chr08,62899516,0.0202921102394273,7851,FALSE
Pv2.1_01_1105083_G/A,Chr01,1105083,0.0202920613014257,7852,FALSE
Pv2.1_01_1105106_G/A,Chr01,1105106,0.0202920613014257,7853,FALSE
Pv2.1_06_7858972_A/T,Chr06,7858972,0.020291946561434,7854,FALSE
Pv2.1_02_35730599_G/A,Chr02,35730599,0.0202880377139847,7855,FALSE
Pv2.1_06_22701770_T/A,Chr06,22701770,0.0202876403938821,7856,FALSE
Pv2.1_02_26924484_T/C,Chr02,26924484,0.020285155715273,7857,FALSE
Pv2.1_02_35812007_C/T,Chr02,35812007,0.0202832876158494,7858,FALSE
Pv2.1_11_52968750_T/C,Chr11,52968750,0.0202802923310315,7859,FALSE
Pv2.1_10_42277946_G/A,Chr10,42277946,0.020279345179739,7860,FALSE
Pv2.1_04_528454_A/G,Chr04,528454,0.0202771709204663,7861,FALSE
Pv2.1_08_7027070_C/A,Chr08,7027070,0.0202762837737422,7862,FALSE
Pv2.1_10_40936883_T/G,Chr10,40936883,0.0202750475341231,7863,FALSE
Pv2.1_09_37943973_C/T,Chr09,37943973,0.0202680078808184,7864,FALSE
Pv2.1_06_20325470_A/C,Chr06,20325470,0.0202670813889978,7865,FALSE
Pv2.1_04_528507_C/T,Chr04,528507,0.0202649859331703,7866,FALSE
Pv2.1_07_21469735_T/C,Chr07,21469735,0.0202648129867304,7867,FALSE
Pv2.1_08_14244116_G/T,Chr08,14244116,0.020262448518189,7868,FALSE
Pv2.1_08_62447393_C/T,Chr08,62447393,0.0202614316418437,7869,FALSE
Pv2.1_08_59545789_T/C,Chr08,59545789,0.0202609217920244,7870,FALSE
Pv2.1_05_38323883_A/C,Chr05,38323883,0.0202591771873824,7871,FALSE
Pv2.1_02_1584465_A/G,Chr02,1584465,0.0202559663408133,7872,FALSE
Pv2.1_04_47117723_G/C,Chr04,47117723,0.020254211758405,7873,FALSE
Pv2.1_06_23979825_T/A,Chr06,23979825,0.0202509851343646,7874,FALSE
Pv2.1_06_23979831_G/A,Chr06,23979831,0.0202509851343646,7875,FALSE
Pv2.1_07_184255_A/T,Chr07,184255,0.020246594059727,7876,FALSE
Pv2.1_08_3245014_C/A,Chr08,3245014,0.0202432613271148,7877,FALSE
Pv2.1_08_3245014_C/T,Chr08,3245014,0.0202432613271144,7878,FALSE
Pv2.1_07_21096145_G/A,Chr07,21096145,0.0202421952622514,7879,FALSE
Pv2.1_10_41088405_A/T,Chr10,41088405,0.0202407996642497,7880,FALSE
Pv2.1_08_61825334_A/G,Chr08,61825334,0.0202393882310075,7881,FALSE
Pv2.1_03_53066863_C/T,Chr03,53066863,0.0202364397610104,7882,FALSE
Pv2.1_07_38824916_G/A,Chr07,38824916,0.020236432100011,7883,FALSE
Pv2.1_07_7517943_AT/A,Chr07,7517943,0.0202316445976161,7884,FALSE
Pv2.1_02_35455632_T/TA,Chr02,35455632,0.020229228501667,7885,FALSE
Pv2.1_01_49221335_G/A,Chr01,49221335,0.0202276946606759,7886,FALSE
Pv2.1_08_6675807_C/T,Chr08,6675807,0.0202255460651641,7887,FALSE
Pv2.1_10_4082835_A/T,Chr10,4082835,0.0202255356581706,7888,FALSE
Pv2.1_09_36680000_G/T,Chr09,36680000,0.0202240683661983,7889,FALSE
Pv2.1_08_10772014_A/G,Chr08,10772014,0.0202237361090969,7890,FALSE
Pv2.1_10_42638195_GGGT/G,Chr10,42638195,0.0202202969358734,7891,FALSE
Pv2.1_04_1593550_A/T,Chr04,1593550,0.0202199723532344,7892,FALSE
Pv2.1_07_21524316_T/A,Chr07,21524316,0.0202147441513802,7893,FALSE
Pv2.1_03_12162730_G/A,Chr03,12162730,0.0202136547896554,7894,FALSE
Pv2.1_07_1084679_T/A,Chr07,1084679,0.0202132436526137,7895,FALSE
Pv2.1_11_49884370_C/G,Chr11,49884370,0.0202125531156874,7896,FALSE
Pv2.1_10_41922485_C/A,Chr10,41922485,0.0202118327415199,7897,FALSE
Pv2.1_07_9682954_C/T,Chr07,9682954,0.0202113185923909,7898,FALSE
Pv2.1_01_1193820_G/A,Chr01,1193820,0.0202112904601837,7899,FALSE
Pv2.1_08_62787841_C/T,Chr08,62787841,0.0202096881962728,7900,FALSE
Pv2.1_11_47293762_A/T,Chr11,47293762,0.0202085038229667,7901,FALSE
Pv2.1_03_12064180_T/C,Chr03,12064180,0.0202065584022679,7902,FALSE
Pv2.1_08_1169909_T/C,Chr08,1169909,0.0202047173020827,7903,FALSE
Pv2.1_09_36763792_A/C,Chr09,36763792,0.0202045467325633,7904,FALSE
Pv2.1_11_3582589_T/C,Chr11,3582589,0.0202037144622307,7905,FALSE
Pv2.1_08_55799847_C/G,Chr08,55799847,0.0202032886104115,7906,FALSE
Pv2.1_08_62577073_C/A,Chr08,62577073,0.0202029677008087,7907,FALSE
Pv2.1_08_59709930_T/C,Chr08,59709930,0.0202023165171301,7908,FALSE
Pv2.1_06_19235257_C/A,Chr06,19235257,0.0202003404969782,7909,FALSE
Pv2.1_05_38892633_G/A,Chr05,38892633,0.0201988943689724,7910,FALSE
Pv2.1_05_38892640_C/G,Chr05,38892640,0.0201988943689724,7911,FALSE
Pv2.1_06_22045830_A/C,Chr06,22045830,0.0201939147393828,7912,FALSE
Pv2.1_07_216145_C/T,Chr07,216145,0.020193110691106,7913,FALSE
Pv2.1_09_38119406_G/A,Chr09,38119406,0.020189021973239,7914,FALSE
Pv2.1_08_60778927_C/T,Chr08,60778927,0.0201880991239252,7915,FALSE
Pv2.1_08_58170931_G/A,Chr08,58170931,0.0201866612057793,7916,FALSE
Pv2.1_02_25857389_C/CT,Chr02,25857389,0.0201860239026823,7917,FALSE
Pv2.1_03_41877563_TCAATATC/T,Chr03,41877563,0.0201857494985882,7918,FALSE
Pv2.1_04_1593368_G/A,Chr04,1593368,0.0201834712881075,7919,FALSE
Pv2.1_06_19549369_T/A,Chr06,19549369,0.0201830129348521,7920,FALSE
Pv2.1_06_23986850_G/A,Chr06,23986850,0.0201829718242328,7921,FALSE
Pv2.1_05_40035138_T/G,Chr05,40035138,0.0201824974628275,7922,FALSE
Pv2.1_02_44880433_G/A,Chr02,44880433,0.0201811350864021,7923,FALSE
Pv2.1_05_1665506_T/A,Chr05,1665506,0.020178941091507,7924,FALSE
Pv2.1_10_41093441_G/A,Chr10,41093441,0.0201783561363418,7925,FALSE
Pv2.1_04_44741371_C/G,Chr04,44741371,0.0201762029044099,7926,FALSE
Pv2.1_02_7837276_A/G,Chr02,7837276,0.0201737735047995,7927,FALSE
Pv2.1_08_7787606_A/T,Chr08,7787606,0.0201735997980572,7928,FALSE
Pv2.1_06_29408367_C/T,Chr06,29408367,0.0201732123557727,7929,FALSE
Pv2.1_07_21454733_A/C,Chr07,21454733,0.0201731044529088,7930,FALSE
Pv2.1_11_35945999_C/T,Chr11,35945999,0.0201716407509149,7931,FALSE
Pv2.1_07_9684808_T/C,Chr07,9684808,0.0201699946583624,7932,FALSE
Pv2.1_07_9330320_GATT/G,Chr07,9330320,0.0201653240376034,7933,FALSE
Pv2.1_02_49597334_C/T,Chr02,49597334,0.0201628945697405,7934,FALSE
Pv2.1_07_7032957_G/A,Chr07,7032957,0.0201604836560385,7935,FALSE
Pv2.1_11_40964754_A/G,Chr11,40964754,0.0201583561036842,7936,FALSE
Pv2.1_08_61525703_A/G,Chr08,61525703,0.0201570522079537,7937,FALSE
Pv2.1_09_37663764_G/GCT,Chr09,37663764,0.0201566817463399,7938,FALSE
Pv2.1_08_62426283_G/A,Chr08,62426283,0.0201563987240192,7939,FALSE
Pv2.1_08_62426294_C/T,Chr08,62426294,0.0201563987240192,7940,FALSE
Pv2.1_05_35663066_T/C,Chr05,35663066,0.0201561157401358,7941,FALSE
Pv2.1_03_12147791_G/T,Chr03,12147791,0.0201518484388554,7942,FALSE
Pv2.1_02_48755283_C/T,Chr02,48755283,0.0201515000501225,7943,FALSE
Pv2.1_06_21292526_C/T,Chr06,21292526,0.0201514922784831,7944,FALSE
Pv2.1_07_216282_A/G,Chr07,216282,0.020149170784217,7945,FALSE
Pv2.1_08_55265981_T/C,Chr08,55265981,0.0201443954621041,7946,FALSE
Pv2.1_02_40103834_A/G,Chr02,40103834,0.0201433484135514,7947,FALSE
Pv2.1_06_21844515_G/A,Chr06,21844515,0.0201431636563192,7948,FALSE
Pv2.1_08_61153373_A/C,Chr08,61153373,0.0201417542729407,7949,FALSE
Pv2.1_07_9346505_A/G,Chr07,9346505,0.0201392367960902,7950,FALSE
Pv2.1_03_45937818_C/T,Chr03,45937818,0.0201390630259448,7951,FALSE
Pv2.1_08_62895077_T/C,Chr08,62895077,0.0201382312074316,7952,FALSE
Pv2.1_06_19210167_A/T,Chr06,19210167,0.0201359390246232,7953,FALSE
Pv2.1_10_3078507_A/T,Chr10,3078507,0.0201351138792392,7954,FALSE
Pv2.1_07_410231_C/T,Chr07,410231,0.0201344115284674,7955,FALSE
Pv2.1_02_37374593_A/AC,Chr02,37374593,0.0201327312797397,7956,FALSE
Pv2.1_05_37857643_A/G,Chr05,37857643,0.0201314328429332,7957,FALSE
Pv2.1_05_40760898_G/A,Chr05,40760898,0.0201188506571164,7958,FALSE
Pv2.1_06_26255019_T/G,Chr06,26255019,0.0201141759467069,7959,FALSE
Pv2.1_08_14362480_C/A,Chr08,14362480,0.0201123252014739,7960,FALSE
Pv2.1_10_9191951_A/G,Chr10,9191951,0.020104703039312,7961,FALSE
Pv2.1_06_19910820_G/C,Chr06,19910820,0.0201028004068173,7962,FALSE
Pv2.1_08_56917904_C/T,Chr08,56917904,0.0201022689479018,7963,FALSE
Pv2.1_08_61525742_C/T,Chr08,61525742,0.0201017753198798,7964,FALSE
Pv2.1_08_62191533_C/A,Chr08,62191533,0.0200990465907065,7965,FALSE
Pv2.1_04_44385377_T/A,Chr04,44385377,0.020098270424024,7966,FALSE
Pv2.1_05_38527093_G/GCGTTT,Chr05,38527093,0.020098100746166,7967,FALSE
Pv2.1_11_16894892_G/A,Chr11,16894892,0.0200970116808374,7968,FALSE
Pv2.1_04_46177924_T/A,Chr04,46177924,0.0200956830949686,7969,FALSE
Pv2.1_07_6856100_G/A,Chr07,6856100,0.0200955208129612,7970,FALSE
Pv2.1_01_51281726_A/G,Chr01,51281726,0.0200895491545801,7971,FALSE
Pv2.1_07_3673581_A/G,Chr07,3673581,0.02008899514985,7972,FALSE
Pv2.1_08_59870148_C/T,Chr08,59870148,0.0200845303585053,7973,FALSE
Pv2.1_06_21153707_C/T,Chr06,21153707,0.0200830474091873,7974,FALSE
Pv2.1_08_62552967_T/C,Chr08,62552967,0.0200803764588362,7975,FALSE
Pv2.1_08_62552989_G/A,Chr08,62552989,0.0200803764588362,7976,FALSE
Pv2.1_07_8776175_T/A,Chr07,8776175,0.0200763417618708,7977,FALSE
Pv2.1_06_7858966_G/A,Chr06,7858966,0.0200757570443253,7978,FALSE
Pv2.1_05_37857684_G/T,Chr05,37857684,0.0200753012718842,7979,FALSE
Pv2.1_06_12444802_T/G,Chr06,12444802,0.0200725572226736,7980,FALSE
Pv2.1_02_2428989_A/G,Chr02,2428989,0.0200705318514012,7981,FALSE
Pv2.1_04_21411335_T/C,Chr04,21411335,0.0200560146327695,7982,FALSE
Pv2.1_07_35801400_C/A,Chr07,35801400,0.0200554519357947,7983,FALSE
Pv2.1_07_38135009_C/G,Chr07,38135009,0.0200541819266307,7984,FALSE
Pv2.1_06_18407768_A/G,Chr06,18407768,0.0200487660175153,7985,FALSE
Pv2.1_07_1074638_C/A,Chr07,1074638,0.0200462346451769,7986,FALSE
Pv2.1_07_1074641_G/A,Chr07,1074641,0.0200462346451764,7987,FALSE
Pv2.1_11_50437173_C/T,Chr11,50437173,0.0200448068048256,7988,FALSE
Pv2.1_07_35524519_G/A,Chr07,35524519,0.0200445255584878,7989,FALSE
Pv2.1_04_44385346_C/G,Chr04,44385346,0.020043493542854,7990,FALSE
Pv2.1_09_36508032_G/A,Chr09,36508032,0.0200395387174512,7991,FALSE
Pv2.1_08_13808064_G/A,Chr08,13808064,0.020036088976557,7992,FALSE
Pv2.1_03_7921633_G/A,Chr03,7921633,0.0200358097910405,7993,FALSE
Pv2.1_07_6763333_T/C,Chr07,6763333,0.0200329544904592,7994,FALSE
Pv2.1_10_4355051_C/CAAA,Chr10,4355051,0.0200236514516519,7995,FALSE
Pv2.1_02_30788977_C/A,Chr02,30788977,0.020021341277082,7996,FALSE
Pv2.1_10_40998004_T/A,Chr10,40998004,0.0200208167477056,7997,FALSE
Pv2.1_07_7835703_G/T,Chr07,7835703,0.0200205467495489,7998,FALSE
Pv2.1_07_8776155_G/A,Chr07,8776155,0.0200179345792697,7999,FALSE
Pv2.1_07_8497482_G/C,Chr07,8497482,0.0200165479424648,8000,FALSE
Pv2.1_08_9426804_T/C,Chr08,9426804,0.0200136455517663,8001,FALSE
Pv2.1_08_3611939_T/A,Chr08,3611939,0.0200084115827526,8002,FALSE
Pv2.1_11_47315225_G/C,Chr11,47315225,0.020007686096728,8003,FALSE
Pv2.1_07_7076449_G/A,Chr07,7076449,0.0200037725303397,8004,FALSE
Pv2.1_07_7076515_T/C,Chr07,7076515,0.0200037725303397,8005,FALSE
Pv2.1_07_21106057_C/T,Chr07,21106057,0.0200027851936837,8006,FALSE
Pv2.1_06_22128725_G/T,Chr06,22128725,0.0200022266790088,8007,FALSE
Pv2.1_06_22128732_G/A,Chr06,22128732,0.0200022266790088,8008,FALSE
Pv2.1_02_27777704_C/G,Chr02,27777704,0.020000438883744,8009,FALSE
Pv2.1_04_11357646_C/G,Chr04,11357646,0.0199950824488542,8010,FALSE
Pv2.1_06_23233332_C/G,Chr06,23233332,0.0199925452662328,8011,FALSE
Pv2.1_11_3284110_G/A,Chr11,3284110,0.0199920045898256,8012,FALSE
Pv2.1_08_6249427_T/A,Chr08,6249427,0.0199911455517849,8013,FALSE
Pv2.1_05_40623106_G/A,Chr05,40623106,0.0199909118180783,8014,FALSE
Pv2.1_07_9685135_T/C,Chr07,9685135,0.0199884904756193,8015,FALSE
Pv2.1_11_51790268_A/G,Chr11,51790268,0.0199882815988413,8016,FALSE
Pv2.1_08_6268315_G/A,Chr08,6268315,0.0199862374468243,8017,FALSE
Pv2.1_06_6560473_T/C,Chr06,6560473,0.0199856283884983,8018,FALSE
Pv2.1_08_9057023_A/C,Chr08,9057023,0.0199846379241091,8019,FALSE
Pv2.1_08_62054794_C/A,Chr08,62054794,0.0199807893562962,8020,FALSE
Pv2.1_08_62525852_G/A,Chr08,62525852,0.0199791278549943,8021,FALSE
Pv2.1_08_35316072_G/A,Chr08,35316072,0.0199766368435528,8022,FALSE
Pv2.1_02_41172577_A/T,Chr02,41172577,0.019973108505166,8023,FALSE
Pv2.1_05_11913863_G/T,Chr05,11913863,0.0199682155811813,8024,FALSE
Pv2.1_09_36508365_A/C,Chr09,36508365,0.0199651745119853,8025,FALSE
Pv2.1_06_19549666_G/A,Chr06,19549666,0.0199637033091129,8026,FALSE
Pv2.1_05_10675762_T/C,Chr05,10675762,0.0199606218778383,8027,FALSE
Pv2.1_01_51040877_G/C,Chr01,51040877,0.0199601136643386,8028,FALSE
Pv2.1_01_50856709_T/A,Chr01,50856709,0.0199578499779802,8029,FALSE
Pv2.1_07_18363538_T/C,Chr07,18363538,0.0199577267915929,8030,FALSE
Pv2.1_09_36508044_G/A,Chr09,36508044,0.0199571829909559,8031,FALSE
Pv2.1_09_37075604_C/G,Chr09,37075604,0.019956108022094,8032,FALSE
Pv2.1_08_60713377_C/G,Chr08,60713377,0.0199536144887529,8033,FALSE
Pv2.1_01_1287125_T/A,Chr01,1287125,0.0199527108723947,8034,FALSE
Pv2.1_03_53285394_T/C,Chr03,53285394,0.0199509480257194,8035,FALSE
Pv2.1_03_30640664_A/C,Chr03,30640664,0.0199506643341714,8036,FALSE
Pv2.1_10_42550565_T/C,Chr10,42550565,0.0199480334019362,8037,FALSE
Pv2.1_09_37877402_G/C,Chr09,37877402,0.01994445938832,8038,FALSE
Pv2.1_08_62956860_G/A,Chr08,62956860,0.0199413166408946,8039,FALSE
Pv2.1_06_22365845_T/A,Chr06,22365845,0.019940943454829,8040,FALSE
Pv2.1_07_3320567_G/A,Chr07,3320567,0.0199392979845014,8041,FALSE
Pv2.1_11_24853661_A/C,Chr11,24853661,0.0199389064437612,8042,FALSE
Pv2.1_10_4082849_G/A,Chr10,4082849,0.0199376248574654,8043,FALSE
Pv2.1_11_35572005_C/T,Chr11,35572005,0.0199371967434985,8044,FALSE
Pv2.1_11_52984655_A/T,Chr11,52984655,0.0199336319528918,8045,FALSE
Pv2.1_08_62716876_A/G,Chr08,62716876,0.0199329916686866,8046,FALSE
Pv2.1_03_40556457_T/C,Chr03,40556457,0.0199283291999999,8047,FALSE
Pv2.1_03_40556460_T/A,Chr03,40556460,0.0199283291999999,8048,FALSE
Pv2.1_03_33513777_G/A,Chr03,33513777,0.0199274804853067,8049,FALSE
Pv2.1_09_36710456_A/G,Chr09,36710456,0.0199235516005074,8050,FALSE
Pv2.1_08_7261534_T/C,Chr08,7261534,0.0199193435259879,8051,FALSE
Pv2.1_08_62490710_C/T,Chr08,62490710,0.0199179361476802,8052,FALSE
Pv2.1_08_59990695_G/A,Chr08,59990695,0.0199177421112897,8053,FALSE
Pv2.1_02_28046124_T/A,Chr02,28046124,0.0199143554126788,8054,FALSE
Pv2.1_07_9479447_C/T,Chr07,9479447,0.0199091305687951,8055,FALSE
Pv2.1_07_9479478_T/G,Chr07,9479478,0.0199091305687951,8056,FALSE
Pv2.1_06_22265345_G/C,Chr06,22265345,0.0199042045505982,8057,FALSE
Pv2.1_02_12634002_G/A,Chr02,12634002,0.0198937710996905,8058,FALSE
Pv2.1_09_36028436_C/T,Chr09,36028436,0.0198926373913979,8059,FALSE
Pv2.1_06_21220082_A/G,Chr06,21220082,0.0198924712069131,8060,FALSE
Pv2.1_11_3180024_C/T,Chr11,3180024,0.0198904478768265,8061,FALSE
Pv2.1_08_62933964_T/G,Chr08,62933964,0.0198864250454189,8062,FALSE
Pv2.1_06_22249952_T/C,Chr06,22249952,0.0198857692975065,8063,FALSE
Pv2.1_05_4846229_A/C,Chr05,4846229,0.0198853587165182,8064,FALSE
Pv2.1_11_52609654_T/C,Chr11,52609654,0.0198850975871068,8065,FALSE
Pv2.1_02_35420146_G/A,Chr02,35420146,0.019883338243905,8066,FALSE
Pv2.1_07_10364002_G/T,Chr07,10364002,0.0198810493005421,8067,FALSE
Pv2.1_06_23979843_G/A,Chr06,23979843,0.0198809270364375,8068,FALSE
Pv2.1_06_27886310_G/A,Chr06,27886310,0.0198789898053464,8069,FALSE
Pv2.1_05_9638782_A/C,Chr05,9638782,0.0198788881154455,8070,FALSE
Pv2.1_07_9346593_T/C,Chr07,9346593,0.0198783514236327,8071,FALSE
Pv2.1_11_49176622_T/A,Chr11,49176622,0.019878274888562,8072,FALSE
Pv2.1_08_62675141_G/T,Chr08,62675141,0.0198764743603266,8073,FALSE
Pv2.1_08_60472043_G/T,Chr08,60472043,0.0198743910937544,8074,FALSE
Pv2.1_08_20680072_C/T,Chr08,20680072,0.0198735997687214,8075,FALSE
Pv2.1_02_46792652_G/T,Chr02,46792652,0.0198735576477489,8076,FALSE
Pv2.1_03_430574_T/C,Chr03,430574,0.0198691420726647,8077,FALSE
Pv2.1_07_10731863_T/A,Chr07,10731863,0.0198667658953697,8078,FALSE
Pv2.1_07_38813806_A/AT,Chr07,38813806,0.0198655973805364,8079,FALSE
Pv2.1_08_62490756_T/C,Chr08,62490756,0.0198641035793949,8080,FALSE
Pv2.1_05_40754963_T/C,Chr05,40754963,0.019863663647862,8081,FALSE
Pv2.1_09_30051069_A/G,Chr09,30051069,0.0198623313708168,8082,FALSE
Pv2.1_05_152611_C/A,Chr05,152611,0.0198622661805694,8083,FALSE
Pv2.1_07_35524353_G/T,Chr07,35524353,0.0198622379179527,8084,FALSE
Pv2.1_01_51222979_A/C,Chr01,51222979,0.0198577432216234,8085,FALSE
Pv2.1_08_60486027_CA/C,Chr08,60486027,0.0198577213245206,8086,FALSE
Pv2.1_10_33353380_C/G,Chr10,33353380,0.0198556649447017,8087,FALSE
Pv2.1_04_41777436_G/C,Chr04,41777436,0.0198544037901045,8088,FALSE
Pv2.1_04_44964553_T/C,Chr04,44964553,0.0198531825208379,8089,FALSE
Pv2.1_11_50568997_G/T,Chr11,50568997,0.0198514174484559,8090,FALSE
Pv2.1_10_43254544_T/G,Chr10,43254544,0.0198508570708653,8091,FALSE
Pv2.1_06_21218134_G/A,Chr06,21218134,0.0198502994610976,8092,FALSE
Pv2.1_05_3741400_T/C,Chr05,3741400,0.0198502719310021,8093,FALSE
Pv2.1_10_1632979_T/G,Chr10,1632979,0.0198498162576337,8094,FALSE
Pv2.1_08_6700302_G/A,Chr08,6700302,0.0198496747221286,8095,FALSE
Pv2.1_10_6210596_C/T,Chr10,6210596,0.0198493222161833,8096,FALSE
Pv2.1_09_36110829_T/A,Chr09,36110829,0.0198474924438128,8097,FALSE
Pv2.1_03_983900_C/T,Chr03,983900,0.0198441875867812,8098,FALSE
Pv2.1_06_27504160_C/T,Chr06,27504160,0.0198436234355368,8099,FALSE
Pv2.1_08_11668729_C/G,Chr08,11668729,0.0198429668288709,8100,FALSE
Pv2.1_06_21970117_AG/A,Chr06,21970117,0.0198420688423466,8101,FALSE
Pv2.1_07_616793_C/T,Chr07,616793,0.0198415724375534,8102,FALSE
Pv2.1_07_6772625_T/C,Chr07,6772625,0.0198397096096872,8103,FALSE
Pv2.1_08_8044403_G/C,Chr08,8044403,0.0198382597704194,8104,FALSE
Pv2.1_08_3183858_A/C,Chr08,3183858,0.0198323652775874,8105,FALSE
Pv2.1_10_41198837_G/A,Chr10,41198837,0.0198319739612045,8106,FALSE
Pv2.1_08_62778927_C/T,Chr08,62778927,0.0198276791318763,8107,FALSE
Pv2.1_07_39363646_A/G,Chr07,39363646,0.0198269027613271,8108,FALSE
Pv2.1_02_31492795_T/A,Chr02,31492795,0.0198259898930835,8109,FALSE
Pv2.1_07_594367_T/C,Chr07,594367,0.0198208049823045,8110,FALSE
Pv2.1_01_6558743_T/C,Chr01,6558743,0.0198206845372084,8111,FALSE
Pv2.1_01_6558755_A/C,Chr01,6558755,0.0198206845372084,8112,FALSE
Pv2.1_08_60362432_G/A,Chr08,60362432,0.0198187783065578,8113,FALSE
Pv2.1_02_35808786_A/G,Chr02,35808786,0.0198169964325103,8114,FALSE
Pv2.1_07_35633686_C/T,Chr07,35633686,0.0198154713032661,8115,FALSE
Pv2.1_01_445847_C/T,Chr01,445847,0.0198149208558629,8116,FALSE
Pv2.1_01_445857_C/T,Chr01,445857,0.0198149208558629,8117,FALSE
Pv2.1_04_2589640_A/C,Chr04,2589640,0.0198112917910049,8118,FALSE
Pv2.1_07_8389398_C/T,Chr07,8389398,0.019809907023185,8119,FALSE
Pv2.1_06_27100075_A/G,Chr06,27100075,0.0198090643444107,8120,FALSE
Pv2.1_08_61338146_A/G,Chr08,61338146,0.0198077119795261,8121,FALSE
Pv2.1_02_26791801_A/T,Chr02,26791801,0.0198053374800553,8122,FALSE
Pv2.1_08_62956284_T/C,Chr08,62956284,0.0198006684882208,8123,FALSE
Pv2.1_04_522524_C/A,Chr04,522524,0.0197986186293786,8124,FALSE
Pv2.1_03_52871545_A/T,Chr03,52871545,0.0197977575429613,8125,FALSE
Pv2.1_07_7911985_C/T,Chr07,7911985,0.0197975996211803,8126,FALSE
Pv2.1_08_6243690_G/T,Chr08,6243690,0.0197971211930135,8127,FALSE
Pv2.1_08_10298814_A/T,Chr08,10298814,0.0197968892217162,8128,FALSE
Pv2.1_11_49386118_G/T,Chr11,49386118,0.0197966283266151,8129,FALSE
Pv2.1_07_39209277_A/G,Chr07,39209277,0.019796379567885,8130,FALSE
Pv2.1_05_17949150_G/A,Chr05,17949150,0.0197956210258292,8131,FALSE
Pv2.1_10_4052610_A/G,Chr10,4052610,0.0197946567246827,8132,FALSE
Pv2.1_03_6417796_C/A,Chr03,6417796,0.0197923283104418,8133,FALSE
Pv2.1_04_46970353_T/A,Chr04,46970353,0.01979030444393,8134,FALSE
Pv2.1_09_36508065_G/C,Chr09,36508065,0.0197875626791815,8135,FALSE
Pv2.1_07_35524640_T/C,Chr07,35524640,0.0197849973219011,8136,FALSE
Pv2.1_03_50391625_C/T,Chr03,50391625,0.0197844905331155,8137,FALSE
Pv2.1_09_38003541_C/A,Chr09,38003541,0.0197805289300765,8138,FALSE
Pv2.1_08_62895172_A/G,Chr08,62895172,0.0197794267868461,8139,FALSE
Pv2.1_06_18684766_GA/G,Chr06,18684766,0.0197784837010508,8140,FALSE
Pv2.1_09_38152415_G/C,Chr09,38152415,0.0197784833308257,8141,FALSE
Pv2.1_04_7385874_C/T,Chr04,7385874,0.0197749938257461,8142,FALSE
Pv2.1_07_9583635_C/T,Chr07,9583635,0.0197739232537257,8143,FALSE
Pv2.1_09_22533995_G/A,Chr09,22533995,0.0197738985541007,8144,FALSE
Pv2.1_11_25194538_T/A,Chr11,25194538,0.0197724189409199,8145,FALSE
Pv2.1_08_3734001_A/C,Chr08,3734001,0.0197693961423218,8146,FALSE
Pv2.1_08_62536848_G/A,Chr08,62536848,0.0197651378693577,8147,FALSE
Pv2.1_08_62553186_A/G,Chr08,62553186,0.0197649803229449,8148,FALSE
Pv2.1_02_48692537_C/T,Chr02,48692537,0.0197648599865792,8149,FALSE
Pv2.1_06_28034965_C/T,Chr06,28034965,0.0197637450750761,8150,FALSE
Pv2.1_02_23134306_G/A,Chr02,23134306,0.0197616747383007,8151,FALSE
Pv2.1_05_40589818_A/G,Chr05,40589818,0.0197601548695374,8152,FALSE
Pv2.1_07_38557080_T/C,Chr07,38557080,0.0197571509622598,8153,FALSE
Pv2.1_08_59125843_G/C,Chr08,59125843,0.019754845800342,8154,FALSE
Pv2.1_11_3657992_A/G,Chr11,3657992,0.0197480538368477,8155,FALSE
Pv2.1_09_35808422_A/G,Chr09,35808422,0.019744263193628,8156,FALSE
Pv2.1_02_24283713_A/G,Chr02,24283713,0.019743060022213,8157,FALSE
Pv2.1_06_28248937_G/A,Chr06,28248937,0.0197423696325871,8158,FALSE
Pv2.1_01_2503661_A/C,Chr01,2503661,0.0197405576853966,8159,FALSE
Pv2.1_06_1414495_A/G,Chr06,1414495,0.0197354923618427,8160,FALSE
Pv2.1_06_30707602_C/G,Chr06,30707602,0.0197343697890653,8161,FALSE
Pv2.1_11_2282651_G/C,Chr11,2282651,0.0197336760372973,8162,FALSE
Pv2.1_06_26507214_G/A,Chr06,26507214,0.0197335677710306,8163,FALSE
Pv2.1_06_26431648_T/C,Chr06,26431648,0.0197331807785681,8164,FALSE
Pv2.1_06_26431654_G/A,Chr06,26431654,0.0197331807785681,8165,FALSE
Pv2.1_04_47258842_G/T,Chr04,47258842,0.0197326042439583,8166,FALSE
Pv2.1_09_8028890_T/A,Chr09,8028890,0.019731935448589,8167,FALSE
Pv2.1_06_27571579_T/C,Chr06,27571579,0.0197310277839886,8168,FALSE
Pv2.1_06_27571571_A/T,Chr06,27571571,0.0197310277839882,8169,FALSE
Pv2.1_08_62501534_C/G,Chr08,62501534,0.0197306420465795,8170,FALSE
Pv2.1_06_27493220_C/T,Chr06,27493220,0.0197291806237039,8171,FALSE
Pv2.1_07_6969442_T/A,Chr07,6969442,0.0197280622326472,8172,FALSE
Pv2.1_06_18934421_T/A,Chr06,18934421,0.0197279936879475,8173,FALSE
Pv2.1_06_27784093_A/G,Chr06,27784093,0.01972753913837,8174,FALSE
Pv2.1_05_5644525_C/T,Chr05,5644525,0.0197267190293466,8175,FALSE
Pv2.1_07_29142414_A/T,Chr07,29142414,0.0197237828900207,8176,FALSE
Pv2.1_09_25244907_A/T,Chr09,25244907,0.0197190776234906,8177,FALSE
Pv2.1_06_22024190_A/G,Chr06,22024190,0.0197148692861711,8178,FALSE
Pv2.1_04_7385869_A/C,Chr04,7385869,0.0197146413785605,8179,FALSE
Pv2.1_07_35443199_A/T,Chr07,35443199,0.01971157603304,8180,FALSE
Pv2.1_05_21794633_C/T,Chr05,21794633,0.0197101909526278,8181,FALSE
Pv2.1_03_46030491_CTCTC/T,Chr03,46030491,0.0197075419903223,8182,FALSE
Pv2.1_03_46030481_TTC/T,Chr03,46030481,0.0197075419903219,8183,FALSE
Pv2.1_02_49597335_T/A,Chr02,49597335,0.0197047438593936,8184,FALSE
Pv2.1_06_15410171_A/G,Chr06,15410171,0.01970397644003,8185,FALSE
Pv2.1_11_53497093_A/C,Chr11,53497093,0.019700656688415,8186,FALSE
Pv2.1_08_60486037_G/T,Chr08,60486037,0.0196971355521418,8187,FALSE
Pv2.1_08_62767104_C/T,Chr08,62767104,0.0196961496736754,8188,FALSE
Pv2.1_07_35524527_G/T,Chr07,35524527,0.0196952170969649,8189,FALSE
Pv2.1_07_9563231_C/T,Chr07,9563231,0.0196935202099233,8190,FALSE
Pv2.1_05_21533408_A/T,Chr05,21533408,0.0196933063540352,8191,FALSE
Pv2.1_04_47488058_T/G,Chr04,47488058,0.0196915008765282,8192,FALSE
Pv2.1_07_32368034_T/A,Chr07,32368034,0.019691097847466,8193,FALSE
Pv2.1_06_19043013_G/T,Chr06,19043013,0.0196883496184634,8194,FALSE
Pv2.1_06_23874702_G/A,Chr06,23874702,0.019685810418514,8195,FALSE
Pv2.1_04_2589676_A/AC,Chr04,2589676,0.0196853434092867,8196,FALSE
Pv2.1_04_46188693_T/A,Chr04,46188693,0.019685114043245,8197,FALSE
Pv2.1_08_58122400_CAAG/C,Chr08,58122400,0.0196829379519374,8198,FALSE
Pv2.1_11_30663520_C/T,Chr11,30663520,0.0196825383925128,8199,FALSE
Pv2.1_03_12733823_T/G,Chr03,12733823,0.0196793607626322,8200,FALSE
Pv2.1_06_25276428_T/G,Chr06,25276428,0.0196793517398803,8201,FALSE
Pv2.1_06_21533228_C/G,Chr06,21533228,0.0196772137193908,8202,FALSE
Pv2.1_11_47185856_C/T,Chr11,47185856,0.019675237804833,8203,FALSE
Pv2.1_06_14591818_TTTG/T,Chr06,14591818,0.0196740006636897,8204,FALSE
Pv2.1_09_36508137_G/C,Chr09,36508137,0.0196700583401803,8205,FALSE
Pv2.1_08_63004740_T/G,Chr08,63004740,0.0196623146948283,8206,FALSE
Pv2.1_02_35808815_G/A,Chr02,35808815,0.0196613143682258,8207,FALSE
Pv2.1_05_40841287_C/T,Chr05,40841287,0.0196599913510731,8208,FALSE
Pv2.1_09_36508142_G/C,Chr09,36508142,0.0196596880636304,8209,FALSE
Pv2.1_06_17390367_C/G,Chr06,17390367,0.0196586854081922,8210,FALSE
Pv2.1_06_17390382_C/A,Chr06,17390382,0.0196586854081922,8211,FALSE
Pv2.1_07_4840696_G/T,Chr07,4840696,0.0196557859137694,8212,FALSE
Pv2.1_11_1018572_A/G,Chr11,1018572,0.0196555290932161,8213,FALSE
Pv2.1_07_40011075_C/T,Chr07,40011075,0.019655264060694,8214,FALSE
Pv2.1_03_50443318_G/T,Chr03,50443318,0.0196514410935675,8215,FALSE
Pv2.1_07_7557154_A/AATT,Chr07,7557154,0.0196504457823394,8216,FALSE
Pv2.1_10_38147056_C/T,Chr10,38147056,0.0196429156867621,8217,FALSE
Pv2.1_08_9096225_AG/A,Chr08,9096225,0.0196374298441033,8218,FALSE
Pv2.1_05_3463525_CAA/C,Chr05,3463525,0.0196343408429218,8219,FALSE
Pv2.1_06_21220255_T/A,Chr06,21220255,0.0196309352701003,8220,FALSE
Pv2.1_09_12134151_A/T,Chr09,12134151,0.0196308089341843,8221,FALSE
Pv2.1_02_26058340_A/G,Chr02,26058340,0.0196274595412413,8222,FALSE
Pv2.1_08_59635668_A/G,Chr08,59635668,0.0196271308749614,8223,FALSE
Pv2.1_07_5598893_T/G,Chr07,5598893,0.0196242550125456,8224,FALSE
Pv2.1_07_3273843_C/A,Chr07,3273843,0.0196175240659846,8225,FALSE
Pv2.1_11_51020748_C/G,Chr11,51020748,0.0196170930412194,8226,FALSE
Pv2.1_08_61048224_G/A,Chr08,61048224,0.0196170090724301,8227,FALSE
Pv2.1_07_35648159_GC/G,Chr07,35648159,0.0196164516299744,8228,FALSE
Pv2.1_07_21436795_CAG/C,Chr07,21436795,0.0196163588935789,8229,FALSE
Pv2.1_09_37831591_T/G,Chr09,37831591,0.0196149113894815,8230,FALSE
Pv2.1_07_32368025_G/C,Chr07,32368025,0.0196146121652863,8231,FALSE
Pv2.1_03_9249073_A/C,Chr03,9249073,0.0196131363048129,8232,FALSE
Pv2.1_03_1118917_G/A,Chr03,1118917,0.0196130244329318,8233,FALSE
Pv2.1_05_36684178_G/A,Chr05,36684178,0.0196115681595876,8234,FALSE
Pv2.1_08_62939572_T/C,Chr08,62939572,0.0196103283016416,8235,FALSE
Pv2.1_04_1672571_T/G,Chr04,1672571,0.0196100238296126,8236,FALSE
Pv2.1_04_2488967_T/C,Chr04,2488967,0.0196090335073884,8237,FALSE
Pv2.1_07_32233402_C/T,Chr07,32233402,0.0196020096646468,8238,FALSE
Pv2.1_07_28490349_C/T,Chr07,28490349,0.0196014743561013,8239,FALSE
Pv2.1_08_10772048_C/G,Chr08,10772048,0.0196013502426147,8240,FALSE
Pv2.1_03_12162718_T/A,Chr03,12162718,0.0196002599397005,8241,FALSE
Pv2.1_08_59143010_T/A,Chr08,59143010,0.0195992396463711,8242,FALSE
Pv2.1_05_38323876_G/C,Chr05,38323876,0.0195973454408906,8243,FALSE
Pv2.1_04_2033065_C/T,Chr04,2033065,0.0195972586019324,8244,FALSE
Pv2.1_09_36515810_T/C,Chr09,36515810,0.0195915878207518,8245,FALSE
Pv2.1_04_553055_C/T,Chr04,553055,0.0195911678058205,8246,FALSE
Pv2.1_09_35901374_A/G,Chr09,35901374,0.0195886056630745,8247,FALSE
Pv2.1_07_236393_G/A,Chr07,236393,0.0195866748340134,8248,FALSE
Pv2.1_07_4464131_T/C,Chr07,4464131,0.0195844396996545,8249,FALSE
Pv2.1_08_61390994_T/G,Chr08,61390994,0.0195782550717873,8250,FALSE
Pv2.1_08_60390798_C/T,Chr08,60390798,0.0195772003264292,8251,FALSE
Pv2.1_04_2707027_T/A,Chr04,2707027,0.0195771576318995,8252,FALSE
Pv2.1_09_21892309_T/C,Chr09,21892309,0.0195750572958211,8253,FALSE
Pv2.1_03_30653113_G/A,Chr03,30653113,0.019573920293948,8254,FALSE
Pv2.1_06_26559899_C/G,Chr06,26559899,0.0195736971189882,8255,FALSE
Pv2.1_01_507588_T/C,Chr01,507588,0.0195725810222607,8256,FALSE
Pv2.1_09_7675752_G/A,Chr09,7675752,0.019570950335611,8257,FALSE
Pv2.1_07_33523040_A/T,Chr07,33523040,0.019569514927452,8258,FALSE
Pv2.1_09_35426424_T/C,Chr09,35426424,0.0195652094896603,8259,FALSE
Pv2.1_08_7163489_G/GT,Chr08,7163489,0.0195640915928332,8260,FALSE
Pv2.1_11_49367400_G/A,Chr11,49367400,0.0195603386413827,8261,FALSE
Pv2.1_11_49367403_G/A,Chr11,49367403,0.0195603386413827,8262,FALSE
Pv2.1_04_2356656_C/T,Chr04,2356656,0.0195596180534396,8263,FALSE
Pv2.1_06_29635023_C/G,Chr06,29635023,0.0195594439157967,8264,FALSE
Pv2.1_11_1582393_T/C,Chr11,1582393,0.0195585606081443,8265,FALSE
Pv2.1_09_28195868_C/T,Chr09,28195868,0.0195554841861676,8266,FALSE
Pv2.1_08_2450848_A/T,Chr08,2450848,0.0195525075992302,8267,FALSE
Pv2.1_07_30421036_A/AT,Chr07,30421036,0.0195511026887019,8268,FALSE
Pv2.1_08_18834628_A/ATT,Chr08,18834628,0.019549224409745,8269,FALSE
Pv2.1_04_43712442_A/T,Chr04,43712442,0.0195486631823707,8270,FALSE
Pv2.1_05_9252127_A/C,Chr05,9252127,0.0195475459801218,8271,FALSE
Pv2.1_11_53480558_T/A,Chr11,53480558,0.0195446173059595,8272,FALSE
Pv2.1_06_15606355_A/T,Chr06,15606355,0.0195436083819054,8273,FALSE
Pv2.1_08_7154245_C/G,Chr08,7154245,0.0195385292797603,8274,FALSE
Pv2.1_04_45501723_TA/T,Chr04,45501723,0.0195373036809157,8275,FALSE
Pv2.1_11_29791081_G/A,Chr11,29791081,0.0195364199616832,8276,FALSE
Pv2.1_03_52775566_C/T,Chr03,52775566,0.019535393120349,8277,FALSE
Pv2.1_03_52775572_G/A,Chr03,52775572,0.019535393120349,8278,FALSE
Pv2.1_08_61663058_G/A,Chr08,61663058,0.0195349101868336,8279,FALSE
Pv2.1_07_4085873_G/A,Chr07,4085873,0.0195347132122166,8280,FALSE
Pv2.1_05_10771370_A/T,Chr05,10771370,0.0195337073908224,8281,FALSE
Pv2.1_08_60315788_C/A,Chr08,60315788,0.0195323056764609,8282,FALSE
Pv2.1_11_16894977_G/C,Chr11,16894977,0.0195322388165033,8283,FALSE
Pv2.1_02_26529094_C/T,Chr02,26529094,0.0195301569312143,8284,FALSE
Pv2.1_11_2876858_C/A,Chr11,2876858,0.0195287368273878,8285,FALSE
Pv2.1_08_44520398_G/C,Chr08,44520398,0.0195277773110325,8286,FALSE
Pv2.1_11_1706141_A/G,Chr11,1706141,0.0195265965601017,8287,FALSE
Pv2.1_08_58599983_TA/T,Chr08,58599983,0.019526199013868,8288,FALSE
Pv2.1_08_59635669_A/T,Chr08,59635669,0.0195246914983316,8289,FALSE
Pv2.1_07_36785301_C/T,Chr07,36785301,0.0195239065392685,8290,FALSE
Pv2.1_04_44784865_A/T,Chr04,44784865,0.0195202188265422,8291,FALSE
Pv2.1_07_6763355_G/T,Chr07,6763355,0.0195175013719497,8292,FALSE
Pv2.1_08_62934674_A/G,Chr08,62934674,0.0195164702417552,8293,FALSE
Pv2.1_08_3575697_T/C,Chr08,3575697,0.0195157967508428,8294,FALSE
Pv2.1_08_11683315_A/ACT,Chr08,11683315,0.0195147197435954,8295,FALSE
Pv2.1_03_11144097_A/T,Chr03,11144097,0.0195145928093021,8296,FALSE
Pv2.1_02_2404628_G/A,Chr02,2404628,0.0195119290463435,8297,FALSE
Pv2.1_02_2404631_T/G,Chr02,2404631,0.0195119290463435,8298,FALSE
Pv2.1_07_29104362_G/GA,Chr07,29104362,0.0195083743693085,8299,FALSE
Pv2.1_02_8612289_T/G,Chr02,8612289,0.0195025757880973,8300,FALSE
Pv2.1_08_62807241_T/A,Chr08,62807241,0.019501066479275,8301,FALSE
Pv2.1_11_49342236_T/C,Chr11,49342236,0.0194993626096194,8302,FALSE
Pv2.1_07_36807917_A/AT,Chr07,36807917,0.0194992294946053,8303,FALSE
Pv2.1_08_58122423_A/G,Chr08,58122423,0.019494641322285,8304,FALSE
Pv2.1_02_49586258_AGAATGG/A,Chr02,49586258,0.0194943537220644,8305,FALSE
Pv2.1_04_2032971_T/G,Chr04,2032971,0.0194891776583224,8306,FALSE
Pv2.1_07_8412228_G/C,Chr07,8412228,0.0194879392362943,8307,FALSE
Pv2.1_08_3611622_G/A,Chr08,3611622,0.0194867481262544,8308,FALSE
Pv2.1_02_41539672_A/G,Chr02,41539672,0.019485267498057,8309,FALSE
Pv2.1_06_21220083_C/T,Chr06,21220083,0.0194830582860499,8310,FALSE
Pv2.1_03_430573_G/A,Chr03,430573,0.0194808480511117,8311,FALSE
Pv2.1_07_3673584_C/T,Chr07,3673584,0.019480608511163,8312,FALSE
Pv2.1_03_2964550_G/A,Chr03,2964550,0.0194803370570442,8313,FALSE
Pv2.1_01_5821609_A/G,Chr01,5821609,0.0194794829853877,8314,FALSE
Pv2.1_07_10184540_C/G,Chr07,10184540,0.019479255288696,8315,FALSE
Pv2.1_01_1287138_C/A,Chr01,1287138,0.0194789018057979,8316,FALSE
Pv2.1_11_31477331_C/T,Chr11,31477331,0.0194766080835911,8317,FALSE
Pv2.1_08_61338157_C/T,Chr08,61338157,0.0194752425839972,8318,FALSE
Pv2.1_03_12147815_A/G,Chr03,12147815,0.0194721178211377,8319,FALSE
Pv2.1_06_21454445_A/C,Chr06,21454445,0.0194704265579126,8320,FALSE
Pv2.1_05_38076520_CAT/C,Chr05,38076520,0.0194700895642614,8321,FALSE
Pv2.1_05_3583150_G/T,Chr05,3583150,0.0194697495650793,8322,FALSE
Pv2.1_02_540395_C/G,Chr02,540395,0.0194684460008321,8323,FALSE
Pv2.1_08_59278863_C/A,Chr08,59278863,0.0194677993936323,8324,FALSE
Pv2.1_05_261596_G/T,Chr05,261596,0.0194671276749143,8325,FALSE
Pv2.1_07_8689783_A/G,Chr07,8689783,0.0194639738861584,8326,FALSE
Pv2.1_07_563403_G/T,Chr07,563403,0.0194639291938366,8327,FALSE
Pv2.1_09_22376291_T/C,Chr09,22376291,0.0194629183679682,8328,FALSE
Pv2.1_04_46268549_C/A,Chr04,46268549,0.0194607969893417,8329,FALSE
Pv2.1_09_22466401_T/C,Chr09,22466401,0.019459528680982,8330,FALSE
Pv2.1_05_3779488_T/C,Chr05,3779488,0.0194586566714503,8331,FALSE
Pv2.1_03_40099543_GT/G,Chr03,40099543,0.0194579535025832,8332,FALSE
Pv2.1_07_36850029_G/A,Chr07,36850029,0.0194576083126341,8333,FALSE
Pv2.1_03_10945424_T/A,Chr03,10945424,0.0194551430476189,8334,FALSE
Pv2.1_03_50391768_T/C,Chr03,50391768,0.019453477222013,8335,FALSE
Pv2.1_01_41173778_T/G,Chr01,41173778,0.0194514361917508,8336,FALSE
Pv2.1_04_46934173_G/T,Chr04,46934173,0.019451406722808,8337,FALSE
Pv2.1_02_48688684_A/C,Chr02,48688684,0.0194495789045339,8338,FALSE
Pv2.1_07_9326928_G/A,Chr07,9326928,0.0194469257548096,8339,FALSE
Pv2.1_02_33626446_T/A,Chr02,33626446,0.0194455581962791,8340,FALSE
Pv2.1_04_523221_A/T,Chr04,523221,0.019442168465384,8341,FALSE
Pv2.1_06_21229655_T/C,Chr06,21229655,0.0194389231987877,8342,FALSE
Pv2.1_10_8924929_T/C,Chr10,8924929,0.0194333466678431,8343,FALSE
Pv2.1_01_51101375_C/T,Chr01,51101375,0.0194322880851798,8344,FALSE
Pv2.1_03_50412011_A/C,Chr03,50412011,0.0194316796272194,8345,FALSE
Pv2.1_02_49605096_A/G,Chr02,49605096,0.0194316103830592,8346,FALSE
Pv2.1_06_2042632_A/T,Chr06,2042632,0.0194301359883546,8347,FALSE
Pv2.1_06_20054793_A/T,Chr06,20054793,0.0194278994683605,8348,FALSE
Pv2.1_03_11673640_G/A,Chr03,11673640,0.0194275080259141,8349,FALSE
Pv2.1_01_1963018_G/A,Chr01,1963018,0.0194224030593722,8350,FALSE
Pv2.1_06_21637619_T/C,Chr06,21637619,0.0194221629020603,8351,FALSE
Pv2.1_10_446767_T/C,Chr10,446767,0.0194204172324302,8352,FALSE
Pv2.1_03_757795_G/A,Chr03,757795,0.0194196224101884,8353,FALSE
Pv2.1_10_42906616_T/A,Chr10,42906616,0.0194192859374653,8354,FALSE
Pv2.1_07_28381719_T/C,Chr07,28381719,0.0194187701816517,8355,FALSE
Pv2.1_06_22130655_C/G,Chr06,22130655,0.0194150754743645,8356,FALSE
Pv2.1_10_4624743_T/A,Chr10,4624743,0.0194134626452822,8357,FALSE
Pv2.1_08_62638146_G/A,Chr08,62638146,0.0194125708334916,8358,FALSE
Pv2.1_06_24281833_G/T,Chr06,24281833,0.0194115298659545,8359,FALSE
Pv2.1_07_9355796_C/A,Chr07,9355796,0.0194095888686427,8360,FALSE
Pv2.1_02_28076045_A/T,Chr02,28076045,0.0194051065550758,8361,FALSE
Pv2.1_11_50570012_T/G,Chr11,50570012,0.0193982562033881,8362,FALSE
Pv2.1_05_37356033_T/A,Chr05,37356033,0.0193964295162927,8363,FALSE
Pv2.1_08_62529232_TC/A,Chr08,62529232,0.0193846215638862,8364,FALSE
Pv2.1_04_2296593_G/A,Chr04,2296593,0.019381739010218,8365,FALSE
Pv2.1_04_450817_C/G,Chr04,450817,0.0193798277864756,8366,FALSE
Pv2.1_02_11948621_C/T,Chr02,11948621,0.019379491139897,8367,FALSE
Pv2.1_08_62872873_C/T,Chr08,62872873,0.0193760992592442,8368,FALSE
Pv2.1_04_455755_A/G,Chr04,455755,0.0193727414384046,8369,FALSE
Pv2.1_11_29949681_T/C,Chr11,29949681,0.0193639671917243,8370,FALSE
Pv2.1_06_27886210_T/G,Chr06,27886210,0.0193631850357763,8371,FALSE
Pv2.1_05_39837778_A/G,Chr05,39837778,0.0193592253328965,8372,FALSE
Pv2.1_04_46268553_C/G,Chr04,46268553,0.0193584493344936,8373,FALSE
Pv2.1_11_35921351_T/G,Chr11,35921351,0.019357707299771,8374,FALSE
Pv2.1_04_1359571_C/T,Chr04,1359571,0.0193573484943896,8375,FALSE
Pv2.1_06_24799625_G/A,Chr06,24799625,0.0193572315151815,8376,FALSE
Pv2.1_11_47185842_C/T,Chr11,47185842,0.0193561273416085,8377,FALSE
Pv2.1_06_25974122_C/T,Chr06,25974122,0.0193559780653434,8378,FALSE
Pv2.1_03_1033603_G/T,Chr03,1033603,0.0193539418548037,8379,FALSE
Pv2.1_11_3213736_A/T,Chr11,3213736,0.0193530900877898,8380,FALSE
Pv2.1_03_3910007_G/A,Chr03,3910007,0.019349275324839,8381,FALSE
Pv2.1_07_7901600_T/C,Chr07,7901600,0.0193491275793378,8382,FALSE
Pv2.1_06_15622219_A/G,Chr06,15622219,0.0193485364027364,8383,FALSE
Pv2.1_06_15622236_T/A,Chr06,15622236,0.0193485364027364,8384,FALSE
Pv2.1_01_105986_A/T,Chr01,105986,0.0193483349374453,8385,FALSE
Pv2.1_10_41487058_T/C,Chr10,41487058,0.0193468704233428,8386,FALSE
Pv2.1_10_42038264_A/G,Chr10,42038264,0.0193451080364904,8387,FALSE
Pv2.1_06_25845979_C/T,Chr06,25845979,0.0193415870707296,8388,FALSE
Pv2.1_09_36508176_A/G,Chr09,36508176,0.0193413904439983,8389,FALSE
Pv2.1_08_8182262_A/T,Chr08,8182262,0.0193404322450261,8390,FALSE
Pv2.1_07_36641226_T/C,Chr07,36641226,0.0193396297088375,8391,FALSE
Pv2.1_02_30525844_A/T,Chr02,30525844,0.0193380496063353,8392,FALSE
Pv2.1_02_41012169_G/A,Chr02,41012169,0.0193368854173257,8393,FALSE
Pv2.1_06_16037751_G/T,Chr06,16037751,0.0193357198425126,8394,FALSE
Pv2.1_04_1670956_C/T,Chr04,1670956,0.0193349886488234,8395,FALSE
Pv2.1_02_35783288_AT/A,Chr02,35783288,0.0193316533722432,8396,FALSE
Pv2.1_02_30639738_A/G,Chr02,30639738,0.0193292880639957,8397,FALSE
Pv2.1_07_4541646_A/C,Chr07,4541646,0.0193286208200858,8398,FALSE
Pv2.1_10_532351_CTGAGCA/C,Chr10,532351,0.0193279746636144,8399,FALSE
Pv2.1_05_22402842_G/T,Chr05,22402842,0.0193275100222614,8400,FALSE
Pv2.1_07_33523212_A/G,Chr07,33523212,0.0193261792031887,8401,FALSE
Pv2.1_11_47862238_T/C,Chr11,47862238,0.0193252764950569,8402,FALSE
Pv2.1_06_29635240_G/T,Chr06,29635240,0.0193216496504709,8403,FALSE
Pv2.1_04_455752_C/T,Chr04,455752,0.0193189448314688,8404,FALSE
Pv2.1_10_29244169_G/A,Chr10,29244169,0.019318477141665,8405,FALSE
Pv2.1_11_53543831_G/C,Chr11,53543831,0.0193180796203887,8406,FALSE
Pv2.1_02_11930438_A/G,Chr02,11930438,0.0193178615746943,8407,FALSE
Pv2.1_03_53030006_T/A,Chr03,53030006,0.0193178159400587,8408,FALSE
Pv2.1_09_37810707_C/T,Chr09,37810707,0.0193150824684749,8409,FALSE
Pv2.1_05_20149088_C/T,Chr05,20149088,0.019312621673401,8410,FALSE
Pv2.1_08_62191492_A/G,Chr08,62191492,0.0193082096808723,8411,FALSE
Pv2.1_06_18933468_C/A,Chr06,18933468,0.0193008367714205,8412,FALSE
Pv2.1_03_52775577_GT/G,Chr03,52775577,0.0193007477611391,8413,FALSE
Pv2.1_01_49772304_A/G,Chr01,49772304,0.0192952119260301,8414,FALSE
Pv2.1_07_36963748_C/T,Chr07,36963748,0.0192934898366213,8415,FALSE
Pv2.1_08_60363138_C/T,Chr08,60363138,0.0192928665146224,8416,FALSE
Pv2.1_07_5598745_G/T,Chr07,5598745,0.0192922941918172,8417,FALSE
Pv2.1_07_35375277_C/G,Chr07,35375277,0.0192919730098113,8418,FALSE
Pv2.1_05_2710788_A/T,Chr05,2710788,0.0192906206164416,8419,FALSE
Pv2.1_01_787952_C/T,Chr01,787952,0.0192905013345248,8420,FALSE
Pv2.1_05_196940_T/C,Chr05,196940,0.0192899924513554,8421,FALSE
Pv2.1_01_2881513_A/T,Chr01,2881513,0.0192883280054965,8422,FALSE
Pv2.1_08_61885694_C/A,Chr08,61885694,0.0192850707235959,8423,FALSE
Pv2.1_04_46934145_G/A,Chr04,46934145,0.0192846370198319,8424,FALSE
Pv2.1_08_62573386_G/A,Chr08,62573386,0.0192768721532741,8425,FALSE
Pv2.1_02_33446564_C/T,Chr02,33446564,0.0192716689794956,8426,FALSE
Pv2.1_11_51321288_A/G,Chr11,51321288,0.0192708406899738,8427,FALSE
Pv2.1_11_49367368_T/C,Chr11,49367368,0.0192693367929051,8428,FALSE
Pv2.1_11_49367376_C/T,Chr11,49367376,0.0192693367929051,8429,FALSE
Pv2.1_06_28228188_A/C,Chr06,28228188,0.0192685932027445,8430,FALSE
Pv2.1_08_59143096_C/A,Chr08,59143096,0.0192615003150496,8431,FALSE
Pv2.1_02_2403513_T/A,Chr02,2403513,0.0192607429642475,8432,FALSE
Pv2.1_01_49276162_G/A,Chr01,49276162,0.0192598556674213,8433,FALSE
Pv2.1_02_34769400_T/G,Chr02,34769400,0.0192592120412587,8434,FALSE
Pv2.1_04_7272122_G/T,Chr04,7272122,0.0192584299303351,8435,FALSE
Pv2.1_05_2409690_T/C,Chr05,2409690,0.0192578600543536,8436,FALSE
Pv2.1_11_41525281_G/A,Chr11,41525281,0.0192567720452086,8437,FALSE
Pv2.1_09_38027872_A/G,Chr09,38027872,0.0192564918147737,8438,FALSE
Pv2.1_06_17390320_G/GAT,Chr06,17390320,0.0192563306379325,8439,FALSE
Pv2.1_07_36965281_G/A,Chr07,36965281,0.0192538709791457,8440,FALSE
Pv2.1_10_38244735_A/T,Chr10,38244735,0.0192509054857042,8441,FALSE
Pv2.1_08_57087982_C/T,Chr08,57087982,0.01925032333846,8442,FALSE
Pv2.1_07_34822098_G/T,Chr07,34822098,0.0192502726043831,8443,FALSE
Pv2.1_07_3293140_C/A,Chr07,3293140,0.0192502396456313,8444,FALSE
Pv2.1_08_61725379_T/C,Chr08,61725379,0.0192419231295453,8445,FALSE
Pv2.1_07_518375_T/C,Chr07,518375,0.019239560494718,8446,FALSE
Pv2.1_11_51020774_G/A,Chr11,51020774,0.0192360637735547,8447,FALSE
Pv2.1_06_5756997_C/T,Chr06,5756997,0.019232937758324,8448,FALSE
Pv2.1_05_40588613_C/A,Chr05,40588613,0.0192270288896146,8449,FALSE
Pv2.1_02_24283699_A/T,Chr02,24283699,0.019224542692454,8450,FALSE
Pv2.1_02_24283709_T/C,Chr02,24283709,0.019224542692454,8451,FALSE
Pv2.1_09_36919283_T/C,Chr09,36919283,0.0192232220290016,8452,FALSE
Pv2.1_06_27784055_C/G,Chr06,27784055,0.0192216680918751,8453,FALSE
Pv2.1_10_1974600_C/T,Chr10,1974600,0.0192194107277164,8454,FALSE
Pv2.1_04_7718517_A/C,Chr04,7718517,0.019213855059073,8455,FALSE
Pv2.1_09_37663057_C/T,Chr09,37663057,0.019209884328431,8456,FALSE
Pv2.1_07_3427326_C/A,Chr07,3427326,0.0192088524540779,8457,FALSE
Pv2.1_08_61361022_T/A,Chr08,61361022,0.0192085070302714,8458,FALSE
Pv2.1_09_34957791_GGGA/G,Chr09,34957791,0.0192076064826967,8459,FALSE
Pv2.1_02_581241_C/T,Chr02,581241,0.0192075882991851,8460,FALSE
Pv2.1_10_41396776_G/A,Chr10,41396776,0.0192050146433509,8461,FALSE
Pv2.1_11_2383205_C/T,Chr11,2383205,0.0191961517938881,8462,FALSE
Pv2.1_09_36110843_C/G,Chr09,36110843,0.0191922490249818,8463,FALSE
Pv2.1_09_38133859_G/C,Chr09,38133859,0.0191871632263134,8464,FALSE
Pv2.1_09_38133871_G/A,Chr09,38133871,0.0191871632263134,8465,FALSE
Pv2.1_01_2417896_T/C,Chr01,2417896,0.0191869500136308,8466,FALSE
Pv2.1_01_39645498_T/A,Chr01,39645498,0.0191868778760225,8467,FALSE
Pv2.1_04_2304449_C/A,Chr04,2304449,0.0191843372261622,8468,FALSE
Pv2.1_11_990255_G/T,Chr11,990255,0.0191843008450769,8469,FALSE
Pv2.1_07_9530246_G/T,Chr07,9530246,0.0191822055253046,8470,FALSE
Pv2.1_02_47382042_A/G,Chr02,47382042,0.0191796543306944,8471,FALSE
Pv2.1_06_19696194_A/T,Chr06,19696194,0.019178546873472,8472,FALSE
Pv2.1_08_9707202_C/T,Chr08,9707202,0.0191784505397727,8473,FALSE
Pv2.1_08_20680510_G/A,Chr08,20680510,0.0191777401850866,8474,FALSE
Pv2.1_08_5097826_C/A,Chr08,5097826,0.0191707299703618,8475,FALSE
Pv2.1_09_28533035_G/A,Chr09,28533035,0.0191671539335836,8476,FALSE
Pv2.1_02_1521472_T/A,Chr02,1521472,0.0191614986511994,8477,FALSE
Pv2.1_09_37920934_C/T,Chr09,37920934,0.0191604795978595,8478,FALSE
Pv2.1_07_35752969_T/C,Chr07,35752969,0.0191600685263031,8479,FALSE
Pv2.1_07_35753019_A/G,Chr07,35753019,0.0191600685263031,8480,FALSE
Pv2.1_02_12698357_G/A,Chr02,12698357,0.0191580091294767,8481,FALSE
Pv2.1_01_2454516_G/A,Chr01,2454516,0.0191533235372106,8482,FALSE
Pv2.1_08_62146627_C/CA,Chr08,62146627,0.0191496349008009,8483,FALSE
Pv2.1_11_111774_C/T,Chr11,111774,0.0191479772846956,8484,FALSE
Pv2.1_05_9178817_A/T,Chr05,9178817,0.0191462829332156,8485,FALSE
Pv2.1_06_19585424_T/C,Chr06,19585424,0.0191462267370639,8486,FALSE
Pv2.1_04_1903223_A/G,Chr04,1903223,0.0191452344505532,8487,FALSE
Pv2.1_07_8771307_A/G,Chr07,8771307,0.019144090113504,8488,FALSE
Pv2.1_02_48692527_C/G,Chr02,48692527,0.0191401132514435,8489,FALSE
Pv2.1_05_39721317_T/C,Chr05,39721317,0.0191393655994152,8490,FALSE
Pv2.1_02_41527028_G/A,Chr02,41527028,0.0191387992043701,8491,FALSE
Pv2.1_03_53397898_A/G,Chr03,53397898,0.0191374971610712,8492,FALSE
Pv2.1_07_7692546_G/T,Chr07,7692546,0.0191367416737003,8493,FALSE
Pv2.1_10_42019985_A/T,Chr10,42019985,0.0191357693513465,8494,FALSE
Pv2.1_04_45501669_ATG/A,Chr04,45501669,0.0191340254574222,8495,FALSE
Pv2.1_06_22005666_G/T,Chr06,22005666,0.0191325696995457,8496,FALSE
Pv2.1_11_49164953_G/A,Chr11,49164953,0.0191321968575586,8497,FALSE
Pv2.1_07_9149573_T/A,Chr07,9149573,0.0191320274297428,8498,FALSE
Pv2.1_08_1169936_A/C,Chr08,1169936,0.0191292054922125,8499,FALSE
Pv2.1_07_10391333_C/T,Chr07,10391333,0.0191291600442782,8500,FALSE
Pv2.1_06_21016570_G/C,Chr06,21016570,0.0191282618881572,8501,FALSE
Pv2.1_06_23708996_G/A,Chr06,23708996,0.0191265981336688,8502,FALSE
Pv2.1_05_15672563_T/A,Chr05,15672563,0.0191245196242558,8503,FALSE
Pv2.1_09_37739934_A/AGTAT,Chr09,37739934,0.0191230247074294,8504,FALSE
Pv2.1_05_7376222_C/CA,Chr05,7376222,0.0191177258230661,8505,FALSE
Pv2.1_11_29581313_A/G,Chr11,29581313,0.0191165011739827,8506,FALSE
Pv2.1_06_27784226_C/T,Chr06,27784226,0.0191151863011352,8507,FALSE
Pv2.1_06_9270570_A/G,Chr06,9270570,0.0191145692229484,8508,FALSE
Pv2.1_05_4712346_T/C,Chr05,4712346,0.019113580235866,8509,FALSE
Pv2.1_03_53066847_G/T,Chr03,53066847,0.0191106268043635,8510,FALSE
Pv2.1_08_6077040_C/T,Chr08,6077040,0.0191064758598896,8511,FALSE
Pv2.1_02_38638824_T/A,Chr02,38638824,0.0191063165956349,8512,FALSE
Pv2.1_08_45858731_T/C,Chr08,45858731,0.0191058824507624,8513,FALSE
Pv2.1_08_62952686_T/A,Chr08,62952686,0.0190994925527774,8514,FALSE
Pv2.1_07_189067_A/G,Chr07,189067,0.0190986694338857,8515,FALSE
Pv2.1_11_2101513_T/A,Chr11,2101513,0.0190981559907417,8516,FALSE
Pv2.1_07_7640839_A/G,Chr07,7640839,0.0190965521978432,8517,FALSE
Pv2.1_04_41774132_A/T,Chr04,41774132,0.0190941060595629,8518,FALSE
Pv2.1_04_11135614_G/A,Chr04,11135614,0.0190934120341177,8519,FALSE
Pv2.1_02_28089459_CTGGG/C,Chr02,28089459,0.0190905279557096,8520,FALSE
Pv2.1_02_2419239_A/G,Chr02,2419239,0.0190901723050616,8521,FALSE
Pv2.1_08_60363135_G/A,Chr08,60363135,0.0190874058261188,8522,FALSE
Pv2.1_03_2214007_G/A,Chr03,2214007,0.0190860076743604,8523,FALSE
Pv2.1_02_49610055_A/G,Chr02,49610055,0.0190849488881737,8524,FALSE
Pv2.1_01_51325867_A/G,Chr01,51325867,0.0190823908337494,8525,FALSE
Pv2.1_01_51325891_C/G,Chr01,51325891,0.0190823908337494,8526,FALSE
Pv2.1_02_48687928_T/TG,Chr02,48687928,0.0190822769327319,8527,FALSE
Pv2.1_08_9633828_C/T,Chr08,9633828,0.0190748709078163,8528,FALSE
Pv2.1_07_30540898_T/G,Chr07,30540898,0.019073125553704,8529,FALSE
Pv2.1_06_25366360_A/T,Chr06,25366360,0.0190729494152695,8530,FALSE
Pv2.1_04_156688_A/T,Chr04,156688,0.0190721567611996,8531,FALSE
Pv2.1_04_156700_A/G,Chr04,156700,0.0190721567611996,8532,FALSE
Pv2.1_06_15639172_C/T,Chr06,15639172,0.0190694761333683,8533,FALSE
Pv2.1_05_37924583_GT/G,Chr05,37924583,0.0190682949280792,8534,FALSE
Pv2.1_11_3263269_A/G,Chr11,3263269,0.0190682376606599,8535,FALSE
Pv2.1_07_3313655_A/G,Chr07,3313655,0.0190629156039122,8536,FALSE
Pv2.1_07_3313706_C/T,Chr07,3313706,0.0190629156039122,8537,FALSE
Pv2.1_07_38557088_G/A,Chr07,38557088,0.0190628350934094,8538,FALSE
Pv2.1_09_38032426_G/T,Chr09,38032426,0.0190609075294224,8539,FALSE
Pv2.1_06_9560311_C/G,Chr06,9560311,0.0190599985590776,8540,FALSE
Pv2.1_07_36967676_T/TA,Chr07,36967676,0.0190578659191356,8541,FALSE
Pv2.1_02_7838392_C/T,Chr02,7838392,0.0190565689199587,8542,FALSE
Pv2.1_08_62939403_C/G,Chr08,62939403,0.0190553339859085,8543,FALSE
Pv2.1_07_37323591_G/A,Chr07,37323591,0.0190548284601784,8544,FALSE
Pv2.1_02_26529101_C/T,Chr02,26529101,0.0190517234814647,8545,FALSE
Pv2.1_08_10018329_T/C,Chr08,10018329,0.0190503728901228,8546,FALSE
Pv2.1_03_2474503_C/T,Chr03,2474503,0.0190477195732743,8547,FALSE
Pv2.1_01_144112_G/A,Chr01,144112,0.0190459920830675,8548,FALSE
Pv2.1_11_27854765_T/G,Chr11,27854765,0.019044842940271,8549,FALSE
Pv2.1_09_29308803_A/G,Chr09,29308803,0.0190445471743534,8550,FALSE
Pv2.1_10_6210614_C/T,Chr10,6210614,0.0190426497765976,8551,FALSE
Pv2.1_06_22714797_AAG/A,Chr06,22714797,0.0190423616813713,8552,FALSE
Pv2.1_02_47694007_C/T,Chr02,47694007,0.0190362403703777,8553,FALSE
Pv2.1_02_47694011_C/T,Chr02,47694011,0.0190362403703777,8554,FALSE
Pv2.1_02_47694027_G/C,Chr02,47694027,0.0190362403703777,8555,FALSE
Pv2.1_08_62962024_A/G,Chr08,62962024,0.0190343722633664,8556,FALSE
Pv2.1_11_4593447_G/T,Chr11,4593447,0.0190245169368599,8557,FALSE
Pv2.1_05_15211323_C/T,Chr05,15211323,0.0190236606614436,8558,FALSE
Pv2.1_01_2550503_G/T,Chr01,2550503,0.0190226964602669,8559,FALSE
Pv2.1_08_61526003_C/T,Chr08,61526003,0.0190221377808131,8560,FALSE
Pv2.1_05_4503430_C/A,Chr05,4503430,0.0190218904232227,8561,FALSE
Pv2.1_05_39242455_A/T,Chr05,39242455,0.019021156599619,8562,FALSE
Pv2.1_07_9143936_C/T,Chr07,9143936,0.0190122898810055,8563,FALSE
Pv2.1_11_1018597_C/T,Chr11,1018597,0.0190093002692437,8564,FALSE
Pv2.1_02_35687100_T/A,Chr02,35687100,0.0190080512176674,8565,FALSE
Pv2.1_03_11336072_A/G,Chr03,11336072,0.0190075230790718,8566,FALSE
Pv2.1_10_41705394_C/G,Chr10,41705394,0.0190044015993092,8567,FALSE
Pv2.1_08_6676391_C/T,Chr08,6676391,0.0190041339134868,8568,FALSE
Pv2.1_08_6676412_C/A,Chr08,6676412,0.0190041339134868,8569,FALSE
Pv2.1_11_36105435_GT/G,Chr11,36105435,0.0190022868345925,8570,FALSE
Pv2.1_07_9680861_A/T,Chr07,9680861,0.0190010156218792,8571,FALSE
Pv2.1_09_38104869_G/A,Chr09,38104869,0.0190000896855449,8572,FALSE
Pv2.1_02_26791775_C/G,Chr02,26791775,0.0189974697829252,8573,FALSE
Pv2.1_10_40726149_G/C,Chr10,40726149,0.0189949660884623,8574,FALSE
Pv2.1_08_61999210_A/G,Chr08,61999210,0.0189944092465257,8575,FALSE
Pv2.1_07_3293105_G/A,Chr07,3293105,0.0189943261910974,8576,FALSE
Pv2.1_07_426924_G/A,Chr07,426924,0.0189886420996146,8577,FALSE
Pv2.1_04_2087414_A/C,Chr04,2087414,0.0189809832836856,8578,FALSE
Pv2.1_08_62382681_C/T,Chr08,62382681,0.0189805429179959,8579,FALSE
Pv2.1_11_30297864_C/T,Chr11,30297864,0.0189749681764901,8580,FALSE
Pv2.1_08_60247743_G/C,Chr08,60247743,0.0189708614458386,8581,FALSE
Pv2.1_07_32262402_T/C,Chr07,32262402,0.018969358927956,8582,FALSE
Pv2.1_02_33446334_C/G,Chr02,33446334,0.0189678149510062,8583,FALSE
Pv2.1_04_46934164_G/C,Chr04,46934164,0.0189650610521426,8584,FALSE
Pv2.1_06_20660618_A/G,Chr06,20660618,0.0189628016444217,8585,FALSE
Pv2.1_08_8077845_C/T,Chr08,8077845,0.0189621394559447,8586,FALSE
Pv2.1_07_860532_A/C,Chr07,860532,0.0189599720972597,8587,FALSE
Pv2.1_05_37389413_GGT/G,Chr05,37389413,0.0189599404657681,8588,FALSE
Pv2.1_08_61470058_T/C,Chr08,61470058,0.0189573788753181,8589,FALSE
Pv2.1_06_12141119_C/T,Chr06,12141119,0.018957274712434,8590,FALSE
Pv2.1_08_62043105_T/A,Chr08,62043105,0.0189564830447377,8591,FALSE
Pv2.1_08_63019035_C/G,Chr08,63019035,0.0189556959337138,8592,FALSE
Pv2.1_10_4352947_T/C,Chr10,4352947,0.0189553375634959,8593,FALSE
Pv2.1_08_61621891_G/A,Chr08,61621891,0.0189551732986133,8594,FALSE
Pv2.1_08_7787798_G/C,Chr08,7787798,0.0189450823930009,8595,FALSE
Pv2.1_02_7673762_T/G,Chr02,7673762,0.0189446507150151,8596,FALSE
Pv2.1_07_35457032_T/A,Chr07,35457032,0.0189372682799576,8597,FALSE
Pv2.1_11_2662032_AC/A,Chr11,2662032,0.0189363364518194,8598,FALSE
Pv2.1_07_3397698_C/G,Chr07,3397698,0.0189349034015436,8599,FALSE
Pv2.1_08_62660969_G/A,Chr08,62660969,0.0189324221635232,8600,FALSE
Pv2.1_01_50731012_CG/C,Chr01,50731012,0.0189317290333921,8601,FALSE
Pv2.1_01_2417839_A/G,Chr01,2417839,0.0189302261237172,8602,FALSE
Pv2.1_04_3101778_A/G,Chr04,3101778,0.018929272563228,8603,FALSE
Pv2.1_08_62863828_C/T,Chr08,62863828,0.0189289697770452,8604,FALSE
Pv2.1_07_7043391_T/C,Chr07,7043391,0.0189285455703963,8605,FALSE
Pv2.1_07_9678778_A/G,Chr07,9678778,0.018926626245678,8606,FALSE
Pv2.1_08_61397416_G/T,Chr08,61397416,0.0189254073792915,8607,FALSE
Pv2.1_08_62956917_G/A,Chr08,62956917,0.0189251094011733,8608,FALSE
Pv2.1_08_58743417_T/G,Chr08,58743417,0.0189231085173041,8609,FALSE
Pv2.1_08_62957009_T/G,Chr08,62957009,0.0189226131135869,8610,FALSE
Pv2.1_06_1459393_A/G,Chr06,1459393,0.0189214795187493,8611,FALSE
Pv2.1_05_9242756_G/A,Chr05,9242756,0.0189169724002962,8612,FALSE
Pv2.1_06_25343329_A/G,Chr06,25343329,0.0189165226582348,8613,FALSE
Pv2.1_02_24746662_A/T,Chr02,24746662,0.0189157454320372,8614,FALSE
Pv2.1_04_1317960_T/C,Chr04,1317960,0.0189103091755705,8615,FALSE
Pv2.1_09_37663789_G/T,Chr09,37663789,0.0189088287365338,8616,FALSE
Pv2.1_06_15622230_C/T,Chr06,15622230,0.0189087753850603,8617,FALSE
Pv2.1_06_15622235_T/G,Chr06,15622235,0.0189087753850603,8618,FALSE
Pv2.1_07_8521331_C/T,Chr07,8521331,0.0189065052391841,8619,FALSE
Pv2.1_06_17353447_C/T,Chr06,17353447,0.0189014577719533,8620,FALSE
Pv2.1_03_11250924_A/G,Chr03,11250924,0.0189000319793795,8621,FALSE
Pv2.1_03_11250929_C/G,Chr03,11250929,0.0189000319793795,8622,FALSE
Pv2.1_03_11250930_C/G,Chr03,11250930,0.0189000319793795,8623,FALSE
Pv2.1_08_60772866_G/A,Chr08,60772866,0.0188998399588383,8624,FALSE
Pv2.1_07_3265918_A/C,Chr07,3265918,0.0188898314413288,8625,FALSE
Pv2.1_04_46294501_C/A,Chr04,46294501,0.0188898163520226,8626,FALSE
Pv2.1_06_19335009_A/G,Chr06,19335009,0.0188857844148318,8627,FALSE
Pv2.1_08_62582223_G/T,Chr08,62582223,0.0188814152933197,8628,FALSE
Pv2.1_06_15469020_C/T,Chr06,15469020,0.0188807678070986,8629,FALSE
Pv2.1_01_2547899_AT/A,Chr01,2547899,0.0188804789686605,8630,FALSE
Pv2.1_07_36799835_T/C,Chr07,36799835,0.0188802118238351,8631,FALSE
Pv2.1_07_7692583_A/C,Chr07,7692583,0.0188759225502131,8632,FALSE
Pv2.1_08_10164084_CG/C,Chr08,10164084,0.0188753476905958,8633,FALSE
Pv2.1_06_1141908_A/G,Chr06,1141908,0.018874822803038,8634,FALSE
Pv2.1_05_3585898_T/A,Chr05,3585898,0.0188738116650318,8635,FALSE
Pv2.1_08_60658617_C/T,Chr08,60658617,0.0188732698965799,8636,FALSE
Pv2.1_03_2494267_A/G,Chr03,2494267,0.0188695731254191,8637,FALSE
Pv2.1_11_30316616_G/A,Chr11,30316616,0.0188687833325947,8638,FALSE
Pv2.1_05_15211331_T/C,Chr05,15211331,0.018868329417947,8639,FALSE
Pv2.1_05_15211346_T/G,Chr05,15211346,0.018868329417947,8640,FALSE
Pv2.1_01_54667_T/C,Chr01,54667,0.0188670414246159,8641,FALSE
Pv2.1_04_11271937_T/A,Chr04,11271937,0.0188658838461504,8642,FALSE
Pv2.1_02_562076_T/C,Chr02,562076,0.0188644393998163,8643,FALSE
Pv2.1_08_62140043_A/C,Chr08,62140043,0.0188640018039297,8644,FALSE
Pv2.1_07_7911966_C/A,Chr07,7911966,0.0188635556564165,8645,FALSE
Pv2.1_05_39970170_G/A,Chr05,39970170,0.0188635188953499,8646,FALSE
Pv2.1_02_13399810_T/TA,Chr02,13399810,0.0188606205322572,8647,FALSE
Pv2.1_06_25436260_C/CATT,Chr06,25436260,0.0188574234860099,8648,FALSE
Pv2.1_04_46188787_T/C,Chr04,46188787,0.0188558139083317,8649,FALSE
Pv2.1_11_2715743_A/G,Chr11,2715743,0.0188555099668779,8650,FALSE
Pv2.1_07_189094_T/C,Chr07,189094,0.0188543274079152,8651,FALSE
Pv2.1_07_189133_T/C,Chr07,189133,0.0188543274079152,8652,FALSE
Pv2.1_05_40437465_TAC/T,Chr05,40437465,0.0188540878104333,8653,FALSE
Pv2.1_08_62372092_A/G,Chr08,62372092,0.0188515518278218,8654,FALSE
Pv2.1_07_195188_G/T,Chr07,195188,0.0188506450894446,8655,FALSE
Pv2.1_09_35832578_A/AT,Chr09,35832578,0.0188474620370904,8656,FALSE
Pv2.1_09_35990406_A/T,Chr09,35990406,0.0188468536771218,8657,FALSE
Pv2.1_09_35990418_G/C,Chr09,35990418,0.0188468536771218,8658,FALSE
Pv2.1_11_51020568_G/A,Chr11,51020568,0.0188465765953998,8659,FALSE
Pv2.1_02_2942302_G/T,Chr02,2942302,0.0188455504539893,8660,FALSE
Pv2.1_08_58831631_A/G,Chr08,58831631,0.0188436601089168,8661,FALSE
Pv2.1_11_1492700_G/A,Chr11,1492700,0.0188389440135168,8662,FALSE
Pv2.1_06_2930767_A/T,Chr06,2930767,0.0188382193104624,8663,FALSE
Pv2.1_10_4906655_A/T,Chr10,4906655,0.0188348530254077,8664,FALSE
Pv2.1_03_53035457_A/G,Chr03,53035457,0.0188312376705166,8665,FALSE
Pv2.1_08_25363105_C/T,Chr08,25363105,0.0188220412912727,8666,FALSE
Pv2.1_06_29635024_C/T,Chr06,29635024,0.0188167772898611,8667,FALSE
Pv2.1_07_36967549_T/C,Chr07,36967549,0.0188082123413222,8668,FALSE
Pv2.1_04_1903226_A/T,Chr04,1903226,0.0188080316163277,8669,FALSE
Pv2.1_01_2525373_A/G,Chr01,2525373,0.0188051092719528,8670,FALSE
Pv2.1_07_21524331_T/G,Chr07,21524331,0.018805047881469,8671,FALSE
Pv2.1_09_38003385_A/G,Chr09,38003385,0.0188050253368006,8672,FALSE
Pv2.1_09_35388045_G/A,Chr09,35388045,0.0188026318883812,8673,FALSE
Pv2.1_02_30593487_TA/T,Chr02,30593487,0.0188018871012208,8674,FALSE
Pv2.1_07_3673457_A/T,Chr07,3673457,0.018797744281418,8675,FALSE
Pv2.1_07_28490080_C/G,Chr07,28490080,0.0187958220714539,8676,FALSE
Pv2.1_09_38140267_T/A,Chr09,38140267,0.0187952248472807,8677,FALSE
Pv2.1_06_17610141_T/C,Chr06,17610141,0.0187943892018287,8678,FALSE
Pv2.1_06_23593428_G/A,Chr06,23593428,0.0187931877958794,8679,FALSE
Pv2.1_07_1222861_T/C,Chr07,1222861,0.0187902973176231,8680,FALSE
Pv2.1_02_2950361_A/G,Chr02,2950361,0.018789755326345,8681,FALSE
Pv2.1_03_43599589_T/G,Chr03,43599589,0.018788946202704,8682,FALSE
Pv2.1_04_2032983_T/C,Chr04,2032983,0.0187881333346178,8683,FALSE
Pv2.1_03_3700994_A/T,Chr03,3700994,0.0187873140548769,8684,FALSE
Pv2.1_10_2310047_A/T,Chr10,2310047,0.0187790681544624,8685,FALSE
Pv2.1_03_30623856_T/C,Chr03,30623856,0.0187740403857282,8686,FALSE
Pv2.1_08_53136915_T/C,Chr08,53136915,0.018773292701554,8687,FALSE
Pv2.1_06_21812242_A/AT,Chr06,21812242,0.0187692624527402,8688,FALSE
Pv2.1_08_61225507_T/G,Chr08,61225507,0.0187687531205256,8689,FALSE
Pv2.1_09_22362022_A/T,Chr09,22362022,0.0187675938058378,8690,FALSE
Pv2.1_11_51790473_T/C,Chr11,51790473,0.0187659891423282,8691,FALSE
Pv2.1_07_38557122_G/C,Chr07,38557122,0.0187644266861504,8692,FALSE
Pv2.1_09_22620451_C/G,Chr09,22620451,0.0187637363566586,8693,FALSE
Pv2.1_09_36446734_C/G,Chr09,36446734,0.0187632228668191,8694,FALSE
Pv2.1_01_51186439_A/G,Chr01,51186439,0.0187621952426382,8695,FALSE
Pv2.1_01_1286977_C/T,Chr01,1286977,0.0187609546275662,8696,FALSE
Pv2.1_08_62787820_G/C,Chr08,62787820,0.0187594290749145,8697,FALSE
Pv2.1_09_38092921_A/G,Chr09,38092921,0.0187575097991868,8698,FALSE
Pv2.1_06_18368813_T/G,Chr06,18368813,0.0187538769464699,8699,FALSE
Pv2.1_02_26792196_G/A,Chr02,26792196,0.0187521489456364,8700,FALSE
Pv2.1_05_17382289_C/A,Chr05,17382289,0.0187490738745013,8701,FALSE
Pv2.1_11_943624_T/A,Chr11,943624,0.01874792866849,8702,FALSE
Pv2.1_02_12411602_G/A,Chr02,12411602,0.0187466722053413,8703,FALSE
Pv2.1_02_30608506_C/T,Chr02,30608506,0.0187445928425314,8704,FALSE
Pv2.1_07_34891930_C/CAG,Chr07,34891930,0.0187436509560563,8705,FALSE
Pv2.1_01_1218151_T/C,Chr01,1218151,0.0187312319074922,8706,FALSE
Pv2.1_11_2434124_T/G,Chr11,2434124,0.0187271460064853,8707,FALSE
Pv2.1_07_39131183_A/T,Chr07,39131183,0.0187260137922856,8708,FALSE
Pv2.1_06_23415544_A/T,Chr06,23415544,0.0187207289892477,8709,FALSE
Pv2.1_07_7175528_C/A,Chr07,7175528,0.0187190414527345,8710,FALSE
Pv2.1_07_7175536_T/C,Chr07,7175536,0.0187190414527341,8711,FALSE
Pv2.1_05_39973668_A/G,Chr05,39973668,0.0187177232849698,8712,FALSE
Pv2.1_04_2567035_T/G,Chr04,2567035,0.018716547771271,8713,FALSE
Pv2.1_07_36203151_T/G,Chr07,36203151,0.018712936653452,8714,FALSE
Pv2.1_08_60247846_G/A,Chr08,60247846,0.0187117259582088,8715,FALSE
Pv2.1_09_36375828_G/T,Chr09,36375828,0.0187098403208483,8716,FALSE
Pv2.1_07_30155436_T/A,Chr07,30155436,0.0187092952592245,8717,FALSE
Pv2.1_07_9685092_G/A,Chr07,9685092,0.018708303721612,8718,FALSE
Pv2.1_08_59977463_T/C,Chr08,59977463,0.0187069047847288,8719,FALSE
Pv2.1_07_35052936_T/C,Chr07,35052936,0.0187030333252709,8720,FALSE
Pv2.1_03_52715123_C/T,Chr03,52715123,0.0187018259011333,8721,FALSE
Pv2.1_06_24164830_T/C,Chr06,24164830,0.0187014411876056,8722,FALSE
Pv2.1_02_46446456_G/A,Chr02,46446456,0.0187001892080327,8723,FALSE
Pv2.1_01_45318868_C/G,Chr01,45318868,0.0186999193428461,8724,FALSE
Pv2.1_10_2310057_T/A,Chr10,2310057,0.0186971390504098,8725,FALSE
Pv2.1_11_53431717_A/G,Chr11,53431717,0.0186959133182896,8726,FALSE
Pv2.1_03_33351009_CAATA/C,Chr03,33351009,0.0186945126339291,8727,FALSE
Pv2.1_08_60749495_T/C,Chr08,60749495,0.0186939772646619,8728,FALSE
Pv2.1_09_36804723_T/C,Chr09,36804723,0.0186895207234419,8729,FALSE
Pv2.1_06_15403864_A/AT,Chr06,15403864,0.0186821762321512,8730,FALSE
Pv2.1_06_23146773_A/T,Chr06,23146773,0.0186820966775119,8731,FALSE
Pv2.1_02_2186646_TA/T,Chr02,2186646,0.0186805534644119,8732,FALSE
Pv2.1_08_60121254_T/C,Chr08,60121254,0.0186783022842687,8733,FALSE
Pv2.1_08_61526007_T/A,Chr08,61526007,0.0186767373809,8734,FALSE
Pv2.1_09_35693765_T/C,Chr09,35693765,0.0186757904911423,8735,FALSE
Pv2.1_05_21583009_A/G,Chr05,21583009,0.0186748853982044,8736,FALSE
Pv2.1_02_3118981_C/A,Chr02,3118981,0.0186748806479642,8737,FALSE
Pv2.1_01_48413914_TA/T,Chr01,48413914,0.0186741055828219,8738,FALSE
Pv2.1_08_58417812_C/G,Chr08,58417812,0.0186711886026392,8739,FALSE
Pv2.1_10_7761991_T/C,Chr10,7761991,0.018669313563159,8740,FALSE
Pv2.1_06_25021839_G/C,Chr06,25021839,0.0186684300136371,8741,FALSE
Pv2.1_03_53035469_A/T,Chr03,53035469,0.018665373181181,8742,FALSE
Pv2.1_03_53035475_T/C,Chr03,53035475,0.018665373181181,8743,FALSE
Pv2.1_07_32695109_T/C,Chr07,32695109,0.0186607877622009,8744,FALSE
Pv2.1_03_50443314_G/A,Chr03,50443314,0.0186600555275334,8745,FALSE
Pv2.1_08_7643984_T/C,Chr08,7643984,0.0186585164519486,8746,FALSE
Pv2.1_07_410092_T/C,Chr07,410092,0.0186524613635402,8747,FALSE
Pv2.1_02_4180573_C/G,Chr02,4180573,0.0186511352830254,8748,FALSE
Pv2.1_11_46687542_A/G,Chr11,46687542,0.0186493653405244,8749,FALSE
Pv2.1_11_46687555_C/G,Chr11,46687555,0.0186493653405244,8750,FALSE
Pv2.1_06_28022535_C/G,Chr06,28022535,0.0186485854273695,8751,FALSE
Pv2.1_07_4813594_C/T,Chr07,4813594,0.0186478245054187,8752,FALSE
Pv2.1_07_7835747_T/G,Chr07,7835747,0.018647602223715,8753,FALSE
Pv2.1_07_7835748_C/T,Chr07,7835748,0.018647602223715,8754,FALSE
Pv2.1_01_51308596_T/A,Chr01,51308596,0.0186468404372011,8755,FALSE
Pv2.1_09_37750245_G/T,Chr09,37750245,0.0186434223860856,8756,FALSE
Pv2.1_07_7076400_T/TA,Chr07,7076400,0.0186433277266311,8757,FALSE
Pv2.1_08_3925835_T/C,Chr08,3925835,0.0186406061849485,8758,FALSE
Pv2.1_09_37730532_G/T,Chr09,37730532,0.0186399356718896,8759,FALSE
Pv2.1_03_52882924_A/T,Chr03,52882924,0.0186392413127843,8760,FALSE
Pv2.1_04_7718367_C/T,Chr04,7718367,0.0186370072445605,8761,FALSE
Pv2.1_01_49295235_G/T,Chr01,49295235,0.0186369767194328,8762,FALSE
Pv2.1_05_39323299_A/C,Chr05,39323299,0.0186354874288841,8763,FALSE
Pv2.1_08_61408786_G/A,Chr08,61408786,0.0186325344360094,8764,FALSE
Pv2.1_05_38443849_T/A,Chr05,38443849,0.018630810711604,8765,FALSE
Pv2.1_05_38443847_G/C,Chr05,38443847,0.0186263359831624,8766,FALSE
Pv2.1_06_4990010_G/A,Chr06,4990010,0.0186262703184603,8767,FALSE
Pv2.1_06_9560178_G/T,Chr06,9560178,0.0186259317908775,8768,FALSE
Pv2.1_04_11612316_C/T,Chr04,11612316,0.0186245260484204,8769,FALSE
Pv2.1_08_4537463_G/A,Chr08,4537463,0.0186243870054859,8770,FALSE
Pv2.1_11_47215189_A/G,Chr11,47215189,0.018624075441279,8771,FALSE
Pv2.1_08_60378774_C/A,Chr08,60378774,0.0186232265030108,8772,FALSE
Pv2.1_08_60378814_C/T,Chr08,60378814,0.0186232265030108,8773,FALSE
Pv2.1_02_26956262_C/A,Chr02,26956262,0.0186211169790997,8774,FALSE
Pv2.1_07_39566060_T/A,Chr07,39566060,0.0186200582468001,8775,FALSE
Pv2.1_07_39566026_T/C,Chr07,39566026,0.0186200582467997,8776,FALSE
Pv2.1_10_6981680_G/C,Chr10,6981680,0.0186172379928027,8777,FALSE
Pv2.1_06_20325445_T/A,Chr06,20325445,0.0186161669249527,8778,FALSE
Pv2.1_06_20325446_A/T,Chr06,20325446,0.0186161669249527,8779,FALSE
Pv2.1_06_20325447_A/T,Chr06,20325447,0.0186161669249527,8780,FALSE
Pv2.1_08_61388539_C/CT,Chr08,61388539,0.018614655442466,8781,FALSE
Pv2.1_08_62201540_G/C,Chr08,62201540,0.0186144974660687,8782,FALSE
Pv2.1_08_61089153_T/G,Chr08,61089153,0.0186118575670076,8783,FALSE
Pv2.1_11_31096492_C/CA,Chr11,31096492,0.0186091426876773,8784,FALSE
Pv2.1_04_7512703_C/A,Chr04,7512703,0.0186004418737928,8785,FALSE
Pv2.1_08_62573405_T/A,Chr08,62573405,0.0185997395268007,8786,FALSE
Pv2.1_07_9072656_G/C,Chr07,9072656,0.0185989950637868,8787,FALSE
Pv2.1_08_1513158_C/T,Chr08,1513158,0.0185946089800155,8788,FALSE
Pv2.1_06_24328586_C/T,Chr06,24328586,0.0185903928992461,8789,FALSE
Pv2.1_08_62582280_G/A,Chr08,62582280,0.0185890701067244,8790,FALSE
Pv2.1_06_5252203_G/A,Chr06,5252203,0.0185859019970769,8791,FALSE
Pv2.1_09_38235047_C/A,Chr09,38235047,0.0185853571692491,8792,FALSE
Pv2.1_03_11273808_T/A,Chr03,11273808,0.0185821478594841,8793,FALSE
Pv2.1_02_12351151_T/C,Chr02,12351151,0.018581690876263,8794,FALSE
Pv2.1_05_40755140_A/C,Chr05,40755140,0.0185795340070785,8795,FALSE
Pv2.1_07_10364210_C/T,Chr07,10364210,0.01857756336811,8796,FALSE
Pv2.1_07_10364225_C/T,Chr07,10364225,0.01857756336811,8797,FALSE
Pv2.1_08_62201450_C/T,Chr08,62201450,0.0185765568477181,8798,FALSE
Pv2.1_03_6767587_T/A,Chr03,6767587,0.0185760336538805,8799,FALSE
Pv2.1_08_62249226_C/T,Chr08,62249226,0.0185746724004048,8800,FALSE
Pv2.1_07_528511_G/C,Chr07,528511,0.0185722975567577,8801,FALSE
Pv2.1_06_25989197_G/A,Chr06,25989197,0.0185713535151475,8802,FALSE
Pv2.1_08_55799800_C/T,Chr08,55799800,0.0185698301527788,8803,FALSE
Pv2.1_09_13747588_G/A,Chr09,13747588,0.0185695724540724,8804,FALSE
Pv2.1_08_926368_C/T,Chr08,926368,0.0185661997455537,8805,FALSE
Pv2.1_08_60224624_C/G,Chr08,60224624,0.0185568910318876,8806,FALSE
Pv2.1_07_4270086_G/A,Chr07,4270086,0.0185553110576731,8807,FALSE
Pv2.1_11_553861_A/G,Chr11,553861,0.0185550885545078,8808,FALSE
Pv2.1_07_32251095_A/G,Chr07,32251095,0.0185538079879395,8809,FALSE
Pv2.1_02_16044823_G/A,Chr02,16044823,0.0185534053316432,8810,FALSE
Pv2.1_08_62934634_A/T,Chr08,62934634,0.0185516994317778,8811,FALSE
Pv2.1_10_41617017_G/A,Chr10,41617017,0.0185376751212702,8812,FALSE
Pv2.1_09_38150317_T/A,Chr09,38150317,0.0185373012287484,8813,FALSE
Pv2.1_08_55799809_A/T,Chr08,55799809,0.0185368759302156,8814,FALSE
Pv2.1_08_60622749_G/A,Chr08,60622749,0.018535980776496,8815,FALSE
Pv2.1_08_59635369_A/G,Chr08,59635369,0.0185335378588576,8816,FALSE
Pv2.1_04_2166863_C/T,Chr04,2166863,0.0185268508136662,8817,FALSE
Pv2.1_03_41873843_C/T,Chr03,41873843,0.0185266262703641,8818,FALSE
Pv2.1_05_577725_G/T,Chr05,577725,0.0185263088590624,8819,FALSE
Pv2.1_04_1493075_A/G,Chr04,1493075,0.0185247926333982,8820,FALSE
Pv2.1_08_6259800_T/C,Chr08,6259800,0.0185229782690426,8821,FALSE
Pv2.1_11_49286612_C/A,Chr11,49286612,0.018522369113132,8822,FALSE
Pv2.1_05_17903105_T/C,Chr05,17903105,0.0185169593019441,8823,FALSE
Pv2.1_07_32262413_T/G,Chr07,32262413,0.0185160873742154,8824,FALSE
Pv2.1_07_38698464_T/A,Chr07,38698464,0.0185124955273097,8825,FALSE
Pv2.1_03_45786083_A/G,Chr03,45786083,0.0185121173653662,8826,FALSE
Pv2.1_02_27099650_T/C,Chr02,27099650,0.0185119330351942,8827,FALSE
Pv2.1_08_5260864_C/T,Chr08,5260864,0.0185109152040166,8828,FALSE
Pv2.1_07_7912018_G/A,Chr07,7912018,0.0185082899561779,8829,FALSE
Pv2.1_02_26956282_A/T,Chr02,26956282,0.0185069141352359,8830,FALSE
Pv2.1_05_1897457_C/T,Chr05,1897457,0.0185065589877924,8831,FALSE
Pv2.1_03_41873826_C/G,Chr03,41873826,0.0185055827778911,8832,FALSE
Pv2.1_06_23576251_G/C,Chr06,23576251,0.0185021873497759,8833,FALSE
Pv2.1_08_9096229_G/A,Chr08,9096229,0.0185016295848461,8834,FALSE
Pv2.1_06_25989377_T/C,Chr06,25989377,0.0185015046844592,8835,FALSE
Pv2.1_09_37766478_G/C,Chr09,37766478,0.0184961731683573,8836,FALSE
Pv2.1_11_18390200_G/A,Chr11,18390200,0.0184958891055134,8837,FALSE
Pv2.1_03_49163641_A/G,Chr03,49163641,0.0184921122203021,8838,FALSE
Pv2.1_03_53067163_C/A,Chr03,53067163,0.0184891704412653,8839,FALSE
Pv2.1_03_30202307_AT/A,Chr03,30202307,0.0184879667974753,8840,FALSE
Pv2.1_08_5420575_T/C,Chr08,5420575,0.0184876588979854,8841,FALSE
Pv2.1_09_14241218_G/A,Chr09,14241218,0.0184860874690855,8842,FALSE
Pv2.1_03_11673172_C/A,Chr03,11673172,0.0184841921963184,8843,FALSE
Pv2.1_10_42270516_TA/T,Chr10,42270516,0.0184781951893043,8844,FALSE
Pv2.1_07_3265875_G/A,Chr07,3265875,0.0184742190756735,8845,FALSE
Pv2.1_08_9944941_C/A,Chr08,9944941,0.0184704426881179,8846,FALSE
Pv2.1_08_58973024_A/G,Chr08,58973024,0.0184679042198312,8847,FALSE
Pv2.1_08_58973042_C/A,Chr08,58973042,0.0184679042198312,8848,FALSE
Pv2.1_09_37115474_T/C,Chr09,37115474,0.0184654320515709,8849,FALSE
Pv2.1_02_35815641_C/T,Chr02,35815641,0.018464921564973,8850,FALSE
Pv2.1_11_49064926_T/G,Chr11,49064926,0.0184623469166771,8851,FALSE
Pv2.1_03_52715172_T/C,Chr03,52715172,0.0184610593811412,8852,FALSE
Pv2.1_03_49685627_C/T,Chr03,49685627,0.0184541488515393,8853,FALSE
Pv2.1_02_49620503_AT/A,Chr02,49620503,0.018453399808128,8854,FALSE
Pv2.1_11_46592927_C/A,Chr11,46592927,0.018450031273646,8855,FALSE
Pv2.1_06_13089694_T/C,Chr06,13089694,0.0184491558799458,8856,FALSE
Pv2.1_09_381402_A/G,Chr09,381402,0.0184487927873134,8857,FALSE
Pv2.1_02_49565917_TC/T,Chr02,49565917,0.0184475555304022,8858,FALSE
Pv2.1_11_2715311_T/A,Chr11,2715311,0.0184446252911061,8859,FALSE
Pv2.1_01_4620884_C/T,Chr01,4620884,0.0184391784735731,8860,FALSE
Pv2.1_07_24010455_G/A,Chr07,24010455,0.0184380228504311,8861,FALSE
Pv2.1_04_455782_A/G,Chr04,455782,0.0184372959810886,8862,FALSE
Pv2.1_11_35572028_C/G,Chr11,35572028,0.0184359197389297,8863,FALSE
Pv2.1_08_61901244_G/A,Chr08,61901244,0.0184340304482258,8864,FALSE
Pv2.1_08_62953251_G/A,Chr08,62953251,0.0184328564909637,8865,FALSE
Pv2.1_02_27711651_G/A,Chr02,27711651,0.0184323023143107,8866,FALSE
Pv2.1_08_63007118_C/T,Chr08,63007118,0.0184305842509782,8867,FALSE
Pv2.1_11_45615110_A/G,Chr11,45615110,0.0184186419177999,8868,FALSE
Pv2.1_07_32077935_T/C,Chr07,32077935,0.0184179537195313,8869,FALSE
Pv2.1_09_22307868_C/A,Chr09,22307868,0.0184169217137709,8870,FALSE
Pv2.1_04_11421461_C/T,Chr04,11421461,0.0184164312255404,8871,FALSE
Pv2.1_08_44520430_A/C,Chr08,44520430,0.0184156408162859,8872,FALSE
Pv2.1_06_27784108_A/G,Chr06,27784108,0.0184120471327427,8873,FALSE
Pv2.1_11_51916530_A/G,Chr11,51916530,0.0184105786443252,8874,FALSE
Pv2.1_05_40706539_G/T,Chr05,40706539,0.0184048370714787,8875,FALSE
Pv2.1_06_17331576_G/C,Chr06,17331576,0.0184041479218222,8876,FALSE
Pv2.1_05_40457218_G/A,Chr05,40457218,0.0184010807167807,8877,FALSE
Pv2.1_05_38422497_C/T,Chr05,38422497,0.0183996112268106,8878,FALSE
Pv2.1_09_36051915_T/C,Chr09,36051915,0.0183985471129327,8879,FALSE
Pv2.1_11_49492588_T/C,Chr11,49492588,0.0183947424269384,8880,FALSE
Pv2.1_08_61467873_C/G,Chr08,61467873,0.0183936547160184,8881,FALSE
Pv2.1_07_1287995_A/G,Chr07,1287995,0.018393592555972,8882,FALSE
Pv2.1_07_1288011_T/C,Chr07,1288011,0.018393592555972,8883,FALSE
Pv2.1_08_62447305_A/C,Chr08,62447305,0.0183917566210647,8884,FALSE
Pv2.1_04_8044549_A/G,Chr04,8044549,0.0183909309114623,8885,FALSE
Pv2.1_05_11559885_T/C,Chr05,11559885,0.0183892534044507,8886,FALSE
Pv2.1_05_3463491_GC/G,Chr05,3463491,0.0183882146760883,8887,FALSE
Pv2.1_10_2310096_T/G,Chr10,2310096,0.0183880399000946,8888,FALSE
Pv2.1_06_620017_C/A,Chr06,620017,0.0183875688477717,8889,FALSE
Pv2.1_06_18556744_T/C,Chr06,18556744,0.0183804829959269,8890,FALSE
Pv2.1_03_12235539_T/C,Chr03,12235539,0.0183797061868081,8891,FALSE
Pv2.1_04_8044555_A/G,Chr04,8044555,0.0183764726341753,8892,FALSE
Pv2.1_03_50443519_G/GTA,Chr03,50443519,0.0183762063780333,8893,FALSE
Pv2.1_01_49273438_G/A,Chr01,49273438,0.0183746012308115,8894,FALSE
Pv2.1_08_3321180_T/C,Chr08,3321180,0.0183725554503265,8895,FALSE
Pv2.1_08_62589851_G/C,Chr08,62589851,0.0183675917362791,8896,FALSE
Pv2.1_06_23041661_C/T,Chr06,23041661,0.01836658059496,8897,FALSE
Pv2.1_02_7838343_A/T,Chr02,7838343,0.018365970951197,8898,FALSE
Pv2.1_11_49386159_A/G,Chr11,49386159,0.0183651538514487,8899,FALSE
Pv2.1_07_34558570_G/A,Chr07,34558570,0.0183637204224381,8900,FALSE
Pv2.1_07_39886067_C/T,Chr07,39886067,0.0183622037731057,8901,FALSE
Pv2.1_09_14427245_G/A,Chr09,14427245,0.0183574217869911,8902,FALSE
Pv2.1_02_24160487_C/T,Chr02,24160487,0.0183571160071763,8903,FALSE
Pv2.1_08_60316709_T/C,Chr08,60316709,0.0183562408058671,8904,FALSE
Pv2.1_03_40571108_C/A,Chr03,40571108,0.0183533528714066,8905,FALSE
Pv2.1_09_14586265_T/A,Chr09,14586265,0.0183462860352517,8906,FALSE
Pv2.1_11_3220437_C/T,Chr11,3220437,0.0183422749921913,8907,FALSE
Pv2.1_11_2737641_A/C,Chr11,2737641,0.0183419703300149,8908,FALSE
Pv2.1_05_37949318_A/T,Chr05,37949318,0.0183397232679048,8909,FALSE
Pv2.1_01_51209207_G/A,Chr01,51209207,0.0183379406026178,8910,FALSE
Pv2.1_08_62936008_A/C,Chr08,62936008,0.0183374763025403,8911,FALSE
Pv2.1_07_10391308_T/G,Chr07,10391308,0.0183350995556109,8912,FALSE
Pv2.1_04_53909_G/A,Chr04,53909,0.0183328424061338,8913,FALSE
Pv2.1_09_36110821_A/C,Chr09,36110821,0.0183306466718371,8914,FALSE
Pv2.1_01_49085168_C/T,Chr01,49085168,0.0183190745766906,8915,FALSE
Pv2.1_02_35804123_GATAA/G,Chr02,35804123,0.0183155182887766,8916,FALSE
Pv2.1_11_35945927_C/A,Chr11,35945927,0.0183145054639344,8917,FALSE
Pv2.1_07_637988_A/T,Chr07,637988,0.0183131572767592,8918,FALSE
Pv2.1_07_35524531_C/T,Chr07,35524531,0.0183083103479618,8919,FALSE
Pv2.1_08_59766726_AT/A,Chr08,59766726,0.0183038316814796,8920,FALSE
Pv2.1_09_28322918_T/C,Chr09,28322918,0.0183029159821695,8921,FALSE
Pv2.1_06_21088111_G/C,Chr06,21088111,0.0182967052212843,8922,FALSE
Pv2.1_04_3101742_A/G,Chr04,3101742,0.0182926380921753,8923,FALSE
Pv2.1_09_37603620_G/A,Chr09,37603620,0.0182893492741103,8924,FALSE
Pv2.1_09_37603631_A/T,Chr09,37603631,0.0182893492741103,8925,FALSE
Pv2.1_07_7395652_G/C,Chr07,7395652,0.0182876166827755,8926,FALSE
Pv2.1_07_36967535_C/T,Chr07,36967535,0.0182852029054614,8927,FALSE
Pv2.1_03_52879500_C/A,Chr03,52879500,0.0182831831323997,8928,FALSE
Pv2.1_09_14210312_G/A,Chr09,14210312,0.0182795443774153,8929,FALSE
Pv2.1_07_24189368_G/A,Chr07,24189368,0.0182793568967021,8930,FALSE
Pv2.1_07_5483775_T/C,Chr07,5483775,0.0182781619881371,8931,FALSE
Pv2.1_07_4818769_C/T,Chr07,4818769,0.0182773463496329,8932,FALSE
Pv2.1_08_18840395_C/G,Chr08,18840395,0.018277197271547,8933,FALSE
Pv2.1_09_35864013_A/T,Chr09,35864013,0.0182739987431542,8934,FALSE
Pv2.1_09_35864022_G/A,Chr09,35864022,0.0182739987431542,8935,FALSE
Pv2.1_07_188386_T/G,Chr07,188386,0.0182734320028004,8936,FALSE
Pv2.1_08_20680104_A/G,Chr08,20680104,0.0182731257280073,8937,FALSE
Pv2.1_09_14397139_A/G,Chr09,14397139,0.0182716023935883,8938,FALSE
Pv2.1_09_28252769_C/T,Chr09,28252769,0.0182709883863992,8939,FALSE
Pv2.1_08_61901239_A/G,Chr08,61901239,0.0182692481556312,8940,FALSE
Pv2.1_09_38032792_T/C,Chr09,38032792,0.0182654803054763,8941,FALSE
Pv2.1_01_2503629_A/G,Chr01,2503629,0.0182612425747175,8942,FALSE
Pv2.1_07_10035368_G/A,Chr07,10035368,0.0182609681771599,8943,FALSE
Pv2.1_08_61889738_G/C,Chr08,61889738,0.0182608269127797,8944,FALSE
Pv2.1_05_21548656_G/A,Chr05,21548656,0.0182559153169555,8945,FALSE
Pv2.1_08_60583858_C/A,Chr08,60583858,0.018255612377672,8946,FALSE
Pv2.1_06_19125800_C/G,Chr06,19125800,0.018254483585368,8947,FALSE
Pv2.1_02_12698221_A/G,Chr02,12698221,0.0182542084305739,8948,FALSE
Pv2.1_09_14033859_G/A,Chr09,14033859,0.018253733194769,8949,FALSE
Pv2.1_08_10164081_A/G,Chr08,10164081,0.0182527692961982,8950,FALSE
Pv2.1_09_35426313_T/G,Chr09,35426313,0.0182526601494644,8951,FALSE
Pv2.1_08_62526981_A/C,Chr08,62526981,0.0182501934138331,8952,FALSE
Pv2.1_08_60479585_G/C,Chr08,60479585,0.0182494445282573,8953,FALSE
Pv2.1_11_35946088_C/G,Chr11,35946088,0.0182493436091535,8954,FALSE
Pv2.1_03_33564247_T/TG,Chr03,33564247,0.0182485838172122,8955,FALSE
Pv2.1_08_53821585_C/T,Chr08,53821585,0.0182473421092926,8956,FALSE
Pv2.1_08_61639184_T/C,Chr08,61639184,0.0182472558024265,8957,FALSE
Pv2.1_08_61639189_G/A,Chr08,61639189,0.0182472558024265,8958,FALSE
Pv2.1_01_2550500_T/TTTTG,Chr01,2550500,0.0182454174106521,8959,FALSE
Pv2.1_06_30139496_C/T,Chr06,30139496,0.0182437277214911,8960,FALSE
Pv2.1_07_184198_C/T,Chr07,184198,0.0182433409492657,8961,FALSE
Pv2.1_10_1805677_T/C,Chr10,1805677,0.0182386291403516,8962,FALSE
Pv2.1_10_42138751_A/C,Chr10,42138751,0.0182362991898728,8963,FALSE
Pv2.1_09_28596762_A/G,Chr09,28596762,0.0182335610652684,8964,FALSE
Pv2.1_04_2032935_G/T,Chr04,2032935,0.0182328038043278,8965,FALSE
Pv2.1_01_1105092_C/CT,Chr01,1105092,0.0182298875770979,8966,FALSE
Pv2.1_06_22640109_C/T,Chr06,22640109,0.0182274670491114,8967,FALSE
Pv2.1_11_3263485_C/A,Chr11,3263485,0.0182253145718922,8968,FALSE
Pv2.1_04_2047816_G/C,Chr04,2047816,0.0182225491454524,8969,FALSE
Pv2.1_09_36533215_A/T,Chr09,36533215,0.018221889814936,8970,FALSE
Pv2.1_04_46934223_T/C,Chr04,46934223,0.018219560684348,8971,FALSE
Pv2.1_08_61363123_A/G,Chr08,61363123,0.0182178707371388,8972,FALSE
Pv2.1_01_50479159_C/T,Chr01,50479159,0.0182176912375347,8973,FALSE
Pv2.1_08_58732072_C/G,Chr08,58732072,0.0182146557987091,8974,FALSE
Pv2.1_09_35864032_G/C,Chr09,35864032,0.0182145804820681,8975,FALSE
Pv2.1_09_22362035_A/AATG,Chr09,22362035,0.0182140694548565,8976,FALSE
Pv2.1_01_51209200_G/A,Chr01,51209200,0.0182095169594305,8977,FALSE
Pv2.1_04_311722_C/T,Chr04,311722,0.0182076954815646,8978,FALSE
Pv2.1_06_21970147_A/T,Chr06,21970147,0.0182074711857188,8979,FALSE
Pv2.1_05_3578669_G/A,Chr05,3578669,0.0182067907488905,8980,FALSE
Pv2.1_11_29452205_G/A,Chr11,29452205,0.0182057747162623,8981,FALSE
Pv2.1_11_3144388_T/C,Chr11,3144388,0.0182054607109947,8982,FALSE
Pv2.1_11_3144406_T/A,Chr11,3144406,0.0182054607109947,8983,FALSE
Pv2.1_07_34489895_C/T,Chr07,34489895,0.0182049620757185,8984,FALSE
Pv2.1_07_29104517_T/A,Chr07,29104517,0.0181996908700444,8985,FALSE
Pv2.1_05_3670751_C/T,Chr05,3670751,0.0181992771254254,8986,FALSE
Pv2.1_08_3925830_A/T,Chr08,3925830,0.0181989683544459,8987,FALSE
Pv2.1_06_21229568_C/T,Chr06,21229568,0.0181931287351329,8988,FALSE
Pv2.1_05_39637925_G/A,Chr05,39637925,0.0181924423728224,8989,FALSE
Pv2.1_09_37766322_T/G,Chr09,37766322,0.018190881149998,8990,FALSE
Pv2.1_04_3970517_C/T,Chr04,3970517,0.0181903428265731,8991,FALSE
Pv2.1_10_32052897_G/A,Chr10,32052897,0.0181902406732055,8992,FALSE
Pv2.1_08_62936080_C/G,Chr08,62936080,0.0181896922852336,8993,FALSE
Pv2.1_06_4412438_T/C,Chr06,4412438,0.0181892391993443,8994,FALSE
Pv2.1_06_4412456_T/A,Chr06,4412456,0.0181892391993443,8995,FALSE
Pv2.1_03_36379560_C/G,Chr03,36379560,0.0181886809017175,8996,FALSE
Pv2.1_08_61837887_C/T,Chr08,61837887,0.0181874011318279,8997,FALSE
Pv2.1_06_29634991_T/C,Chr06,29634991,0.0181838088723678,8998,FALSE
Pv2.1_11_49898042_G/A,Chr11,49898042,0.0181820443737113,8999,FALSE
Pv2.1_06_19043004_T/C,Chr06,19043004,0.0181798993550757,9000,FALSE
Pv2.1_05_457101_T/A,Chr05,457101,0.0181794956617347,9001,FALSE
Pv2.1_10_6811093_G/A,Chr10,6811093,0.0181779282793588,9002,FALSE
Pv2.1_06_15507416_C/T,Chr06,15507416,0.0181707984459556,9003,FALSE
Pv2.1_04_45663666_A/T,Chr04,45663666,0.0181651303322132,9004,FALSE
Pv2.1_06_23593703_A/T,Chr06,23593703,0.0181630698815494,9005,FALSE
Pv2.1_06_23593715_A/T,Chr06,23593715,0.0181630698815494,9006,FALSE
Pv2.1_11_943592_T/G,Chr11,943592,0.0181615865424263,9007,FALSE
Pv2.1_05_40760902_A/G,Chr05,40760902,0.0181612846474213,9008,FALSE
Pv2.1_04_46176765_A/C,Chr04,46176765,0.0181547666180264,9009,FALSE
Pv2.1_08_58990898_C/A,Chr08,58990898,0.0181536852081385,9010,FALSE
Pv2.1_08_58990898_C/T,Chr08,58990898,0.0181536852081385,9011,FALSE
Pv2.1_06_19235016_A/G,Chr06,19235016,0.0181536796289419,9012,FALSE
Pv2.1_06_19235028_G/A,Chr06,19235028,0.0181536796289419,9013,FALSE
Pv2.1_02_31533623_G/A,Chr02,31533623,0.0181516557676136,9014,FALSE
Pv2.1_05_38443831_A/G,Chr05,38443831,0.0181511875417701,9015,FALSE
Pv2.1_11_2151942_T/C,Chr11,2151942,0.0181504861180475,9016,FALSE
Pv2.1_02_46868334_G/A,Chr02,46868334,0.0181503661311826,9017,FALSE
Pv2.1_06_20165764_G/C,Chr06,20165764,0.0181495714303819,9018,FALSE
Pv2.1_06_27547638_AT/A,Chr06,27547638,0.0181481194285484,9019,FALSE
Pv2.1_07_9688924_C/T,Chr07,9688924,0.0181479171072696,9020,FALSE
Pv2.1_08_9857455_G/A,Chr08,9857455,0.0181464248971954,9021,FALSE
Pv2.1_07_32658494_T/C,Chr07,32658494,0.0181457771579412,9022,FALSE
Pv2.1_10_23955588_G/A,Chr10,23955588,0.0181451345297128,9023,FALSE
Pv2.1_06_14106839_G/T,Chr06,14106839,0.0181426951679926,9024,FALSE
Pv2.1_02_49658677_T/G,Chr02,49658677,0.0181379330252138,9025,FALSE
Pv2.1_08_3430092_C/A,Chr08,3430092,0.0181361985483601,9026,FALSE
Pv2.1_04_45152615_T/A,Chr04,45152615,0.0181361772019377,9027,FALSE
Pv2.1_02_35730642_A/C,Chr02,35730642,0.0181346553242054,9028,FALSE
Pv2.1_01_1598564_C/T,Chr01,1598564,0.0181316487153396,9029,FALSE
Pv2.1_07_6816641_C/T,Chr07,6816641,0.0181244294117544,9030,FALSE
Pv2.1_01_227201_A/G,Chr01,227201,0.0181237472312641,9031,FALSE
Pv2.1_06_30927198_C/A,Chr06,30927198,0.0181216900849472,9032,FALSE
Pv2.1_06_25620469_T/C,Chr06,25620469,0.0181205576186123,9033,FALSE
Pv2.1_07_32695142_G/A,Chr07,32695142,0.0181188205957694,9034,FALSE
Pv2.1_07_35757569_C/T,Chr07,35757569,0.018116879427108,9035,FALSE
Pv2.1_05_11941997_C/T,Chr05,11941997,0.0181144823022077,9036,FALSE
Pv2.1_06_27492852_G/A,Chr06,27492852,0.0181084287652187,9037,FALSE
Pv2.1_11_29025800_T/C,Chr11,29025800,0.0181080436874779,9038,FALSE
Pv2.1_06_18191243_G/A,Chr06,18191243,0.0181075657159688,9039,FALSE
Pv2.1_04_46313738_T/C,Chr04,46313738,0.0181038012635115,9040,FALSE
Pv2.1_08_62170581_A/G,Chr08,62170581,0.0181035877002249,9041,FALSE
Pv2.1_06_24597588_G/A,Chr06,24597588,0.0181003868591478,9042,FALSE
Pv2.1_04_1317093_T/G,Chr04,1317093,0.0181002844719389,9043,FALSE
Pv2.1_08_7163567_C/A,Chr08,7163567,0.0180975504912464,9044,FALSE
Pv2.1_02_43035379_G/T,Chr02,43035379,0.018097078719109,9045,FALSE
Pv2.1_04_2047878_G/A,Chr04,2047878,0.0180949776514536,9046,FALSE
Pv2.1_10_4466782_G/T,Chr10,4466782,0.0180939851593629,9047,FALSE
Pv2.1_03_41818850_G/A,Chr03,41818850,0.0180928704425014,9048,FALSE
Pv2.1_01_174239_A/G,Chr01,174239,0.0180927163123918,9049,FALSE
Pv2.1_07_32351568_T/A,Chr07,32351568,0.0180881074823738,9050,FALSE
Pv2.1_09_36619678_A/T,Chr09,36619678,0.0180856174109372,9051,FALSE
Pv2.1_08_60114964_C/G,Chr08,60114964,0.0180843623543856,9052,FALSE
Pv2.1_08_61526793_T/A,Chr08,61526793,0.0180842147383196,9053,FALSE
Pv2.1_06_24148499_T/A,Chr06,24148499,0.0180813767992709,9054,FALSE
Pv2.1_03_51224450_T/C,Chr03,51224450,0.0180785182568015,9055,FALSE
Pv2.1_08_60451273_A/C,Chr08,60451273,0.0180771627971716,9056,FALSE
Pv2.1_11_31391560_G/T,Chr11,31391560,0.0180738386979487,9057,FALSE
Pv2.1_04_44385212_A/C,Chr04,44385212,0.0180711553777444,9058,FALSE
Pv2.1_04_11936385_G/C,Chr04,11936385,0.0180702591276392,9059,FALSE
Pv2.1_02_30231473_G/GC,Chr02,30231473,0.0180696254446846,9060,FALSE
Pv2.1_07_184258_A/T,Chr07,184258,0.0180671057314603,9061,FALSE
Pv2.1_09_35935516_T/G,Chr09,35935516,0.0180644127828673,9062,FALSE
Pv2.1_08_7163478_C/CA,Chr08,7163478,0.0180626289955455,9063,FALSE
Pv2.1_02_43058401_C/A,Chr02,43058401,0.0180614350820525,9064,FALSE
Pv2.1_05_3670758_A/T,Chr05,3670758,0.0180593234019,9065,FALSE
Pv2.1_06_5822568_T/C,Chr06,5822568,0.0180551231395079,9066,FALSE
Pv2.1_11_3567956_T/C,Chr11,3567956,0.018052015894594,9067,FALSE
Pv2.1_05_40403170_GGATTT/G,Chr05,40403170,0.0180500862231558,9068,FALSE
Pv2.1_08_62807487_C/T,Chr08,62807487,0.0180494460382579,9069,FALSE
Pv2.1_07_8385906_T/A,Chr07,8385906,0.0180493893109275,9070,FALSE
Pv2.1_01_48413962_C/T,Chr01,48413962,0.0180470775877533,9071,FALSE
Pv2.1_08_62588962_T/C,Chr08,62588962,0.0180414499279848,9072,FALSE
Pv2.1_08_55299623_G/A,Chr08,55299623,0.0180396175112643,9073,FALSE
Pv2.1_07_39214075_C/A,Chr07,39214075,0.0180375841036557,9074,FALSE
Pv2.1_08_8650968_A/G,Chr08,8650968,0.018037566618375,9075,FALSE
Pv2.1_11_2097224_A/C,Chr11,2097224,0.0180360465966576,9076,FALSE
Pv2.1_10_42270264_A/T,Chr10,42270264,0.0180353952577339,9077,FALSE
Pv2.1_11_32102900_G/A,Chr11,32102900,0.0180277956956236,9078,FALSE
Pv2.1_02_13946374_C/T,Chr02,13946374,0.0180270297798288,9079,FALSE
Pv2.1_08_3430071_T/C,Chr08,3430071,0.0180237698814012,9080,FALSE
Pv2.1_08_62201528_A/T,Chr08,62201528,0.0180236068678994,9081,FALSE
Pv2.1_05_5655713_C/T,Chr05,5655713,0.0180212027503157,9082,FALSE
Pv2.1_05_38443896_T/A,Chr05,38443896,0.0180202314664757,9083,FALSE
Pv2.1_05_38443926_T/A,Chr05,38443926,0.0180202314664757,9084,FALSE
Pv2.1_08_60340297_A/G,Chr08,60340297,0.0180196386711367,9085,FALSE
Pv2.1_08_62552934_G/A,Chr08,62552934,0.0180179865986787,9086,FALSE
Pv2.1_03_7209090_T/G,Chr03,7209090,0.0180176133770376,9087,FALSE
Pv2.1_09_38119631_C/A,Chr09,38119631,0.0180097475057108,9088,FALSE
Pv2.1_11_5178006_A/T,Chr11,5178006,0.0180095046333069,9089,FALSE
Pv2.1_05_5493862_C/A,Chr05,5493862,0.0180086639073993,9090,FALSE
Pv2.1_06_18802080_A/C,Chr06,18802080,0.0180082539791622,9091,FALSE
Pv2.1_06_18802089_G/A,Chr06,18802089,0.0180082539791622,9092,FALSE
Pv2.1_04_44795245_G/GAA,Chr04,44795245,0.0180079552295136,9093,FALSE
Pv2.1_08_62941390_T/G,Chr08,62941390,0.0180061089743395,9094,FALSE
Pv2.1_08_62851692_T/C,Chr08,62851692,0.0180043994539063,9095,FALSE
Pv2.1_02_44880283_T/G,Chr02,44880283,0.0180037497597985,9096,FALSE
Pv2.1_10_41669337_A/G,Chr10,41669337,0.0179999681286356,9097,FALSE
Pv2.1_10_41669373_A/T,Chr10,41669373,0.0179999681286356,9098,FALSE
Pv2.1_07_7466186_T/C,Chr07,7466186,0.0179978282307944,9099,FALSE
Pv2.1_05_19495069_G/T,Chr05,19495069,0.0179975022888015,9100,FALSE
Pv2.1_10_8110926_A/C,Chr10,8110926,0.0179956636323433,9101,FALSE
Pv2.1_11_47215206_T/C,Chr11,47215206,0.0179931820826624,9102,FALSE
Pv2.1_07_35375286_C/A,Chr07,35375286,0.0179911389250664,9103,FALSE
Pv2.1_01_174145_G/T,Chr01,174145,0.0179907125938312,9104,FALSE
Pv2.1_10_42429609_G/A,Chr10,42429609,0.0179859832909388,9105,FALSE
Pv2.1_01_50650008_C/T,Chr01,50650008,0.0179827103035803,9106,FALSE
Pv2.1_10_7753226_T/A,Chr10,7753226,0.017980395498387,9107,FALSE
Pv2.1_02_35402446_A/C,Chr02,35402446,0.0179792291590051,9108,FALSE
Pv2.1_11_51766343_G/T,Chr11,51766343,0.0179769431600207,9109,FALSE
Pv2.1_11_51766350_A/C,Chr11,51766350,0.0179769431600207,9110,FALSE
Pv2.1_06_21223702_A/T,Chr06,21223702,0.0179750202198488,9111,FALSE
Pv2.1_06_27586908_G/A,Chr06,27586908,0.0179740959914283,9112,FALSE
Pv2.1_07_38698456_G/T,Chr07,38698456,0.0179738143430659,9113,FALSE
Pv2.1_07_38698460_T/A,Chr07,38698460,0.0179738143430659,9114,FALSE
Pv2.1_10_41669244_A/C,Chr10,41669244,0.0179729579348566,9115,FALSE
Pv2.1_02_12058506_C/A,Chr02,12058506,0.0179713479147718,9116,FALSE
Pv2.1_11_52612171_GTA/G,Chr11,52612171,0.0179708069196614,9117,FALSE
Pv2.1_09_28195886_G/T,Chr09,28195886,0.0179705497017322,9118,FALSE
Pv2.1_01_2430614_A/G,Chr01,2430614,0.0179690129248207,9119,FALSE
Pv2.1_07_1080162_A/G,Chr07,1080162,0.01796875925195,9120,FALSE
Pv2.1_05_37924616_T/A,Chr05,37924616,0.0179681056006409,9121,FALSE
Pv2.1_11_3516975_C/T,Chr11,3516975,0.0179629917237882,9122,FALSE
Pv2.1_09_36804710_A/C,Chr09,36804710,0.0179613837439501,9123,FALSE
Pv2.1_09_36804710_A/G,Chr09,36804710,0.0179613837439501,9124,FALSE
Pv2.1_02_3408026_A/G,Chr02,3408026,0.0179609988862022,9125,FALSE
Pv2.1_02_3408082_A/G,Chr02,3408082,0.0179609988862022,9126,FALSE
Pv2.1_09_38123426_T/C,Chr09,38123426,0.0179574636485254,9127,FALSE
Pv2.1_09_38119332_A/C,Chr09,38119332,0.0179568766701848,9128,FALSE
Pv2.1_10_41561643_G/A,Chr10,41561643,0.0179568239969203,9129,FALSE
Pv2.1_08_62936068_G/A,Chr08,62936068,0.0179566345813207,9130,FALSE
Pv2.1_11_27854744_C/T,Chr11,27854744,0.0179559136634624,9131,FALSE
Pv2.1_07_38698478_A/T,Chr07,38698478,0.0179534599949136,9132,FALSE
Pv2.1_05_394590_C/T,Chr05,394590,0.0179513660899757,9133,FALSE
Pv2.1_07_6724977_C/CT,Chr07,6724977,0.0179502731250154,9134,FALSE
Pv2.1_09_37964573_A/G,Chr09,37964573,0.017949021762941,9135,FALSE
Pv2.1_08_61642462_A/G,Chr08,61642462,0.0179488035759761,9136,FALSE
Pv2.1_04_45663712_C/CCTA,Chr04,45663712,0.0179469653031323,9137,FALSE
Pv2.1_08_6676424_A/T,Chr08,6676424,0.0179451114510898,9138,FALSE
Pv2.1_07_21106043_C/G,Chr07,21106043,0.0179420537516042,9139,FALSE
Pv2.1_01_51308654_A/C,Chr01,51308654,0.0179384848726079,9140,FALSE
Pv2.1_05_19669091_T/G,Chr05,19669091,0.0179342753977689,9141,FALSE
Pv2.1_08_8337695_T/C,Chr08,8337695,0.0179322201363714,9142,FALSE
Pv2.1_08_6259758_G/A,Chr08,6259758,0.017929948425027,9143,FALSE
Pv2.1_11_1325182_T/TGGA,Chr11,1325182,0.0179250840968468,9144,FALSE
Pv2.1_08_11528654_T/C,Chr08,11528654,0.0179241152849281,9145,FALSE
Pv2.1_02_34373485_GA/G,Chr02,34373485,0.0179224880705648,9146,FALSE
Pv2.1_07_35701173_A/G,Chr07,35701173,0.0179217781015169,9147,FALSE
Pv2.1_08_62891903_C/T,Chr08,62891903,0.0179187046176028,9148,FALSE
Pv2.1_09_14556261_G/A,Chr09,14556261,0.0179149183157135,9149,FALSE
Pv2.1_09_14556291_T/G,Chr09,14556291,0.0179149183157135,9150,FALSE
Pv2.1_08_7017329_T/A,Chr08,7017329,0.0179146649989481,9151,FALSE
Pv2.1_11_52660405_G/A,Chr11,52660405,0.0179138877816576,9152,FALSE
Pv2.1_01_1628415_T/C,Chr01,1628415,0.0179130768581244,9153,FALSE
Pv2.1_08_60658571_T/C,Chr08,60658571,0.0179069253780768,9154,FALSE
Pv2.1_11_53419926_C/CA,Chr11,53419926,0.0179041573282421,9155,FALSE
Pv2.1_07_729693_G/A,Chr07,729693,0.017901102423493,9156,FALSE
Pv2.1_11_52968726_T/A,Chr11,52968726,0.017899952602439,9157,FALSE
Pv2.1_06_29130696_G/A,Chr06,29130696,0.0178910753360348,9158,FALSE
Pv2.1_11_732025_G/A,Chr11,732025,0.0178867233764342,9159,FALSE
Pv2.1_07_21891993_C/T,Chr07,21891993,0.0178863335399289,9160,FALSE
Pv2.1_01_4620921_G/T,Chr01,4620921,0.0178855672589098,9161,FALSE
Pv2.1_03_53035482_C/G,Chr03,53035482,0.0178790520330407,9162,FALSE
Pv2.1_09_14151413_A/G,Chr09,14151413,0.0178786135025995,9163,FALSE
Pv2.1_11_29949648_C/T,Chr11,29949648,0.017877241103061,9164,FALSE
Pv2.1_08_58795596_T/G,Chr08,58795596,0.0178764359776453,9165,FALSE
Pv2.1_08_58795635_C/T,Chr08,58795635,0.0178764359776453,9166,FALSE
Pv2.1_09_36940983_C/T,Chr09,36940983,0.0178696593216232,9167,FALSE
Pv2.1_07_8776065_T/TG,Chr07,8776065,0.0178679548631973,9168,FALSE
Pv2.1_04_1570810_A/G,Chr04,1570810,0.0178567941123808,9169,FALSE
Pv2.1_06_4695654_A/G,Chr06,4695654,0.0178547357945305,9170,FALSE
Pv2.1_09_37528471_T/G,Chr09,37528471,0.0178534363401188,9171,FALSE
Pv2.1_04_1627767_A/G,Chr04,1627767,0.017850304097355,9172,FALSE
Pv2.1_08_61206705_T/A,Chr08,61206705,0.0178419683755795,9173,FALSE
Pv2.1_04_541489_A/G,Chr04,541489,0.0178411981715105,9174,FALSE
Pv2.1_01_49184450_G/T,Chr01,49184450,0.017840269460232,9175,FALSE
Pv2.1_06_26029158_C/T,Chr06,26029158,0.017838841295994,9176,FALSE
Pv2.1_11_3343230_G/A,Chr11,3343230,0.0178373901757509,9177,FALSE
Pv2.1_08_59752403_A/C,Chr08,59752403,0.0178365150365751,9178,FALSE
Pv2.1_08_45849480_T/A,Chr08,45849480,0.0178307668817479,9179,FALSE
Pv2.1_07_4755422_A/G,Chr07,4755422,0.017827827653436,9180,FALSE
Pv2.1_02_13699755_G/A,Chr02,13699755,0.0178235203229962,9181,FALSE
Pv2.1_10_41562020_A/C,Chr10,41562020,0.0178228266201401,9182,FALSE
Pv2.1_10_41562027_G/T,Chr10,41562027,0.0178228266201401,9183,FALSE
Pv2.1_10_41562033_A/C,Chr10,41562033,0.0178228266201401,9184,FALSE
Pv2.1_11_28131127_T/A,Chr11,28131127,0.017820597913103,9185,FALSE
Pv2.1_02_11302413_G/A,Chr02,11302413,0.0178185333562761,9186,FALSE
Pv2.1_02_23295338_A/G,Chr02,23295338,0.017810006178304,9187,FALSE
Pv2.1_01_174264_A/G,Chr01,174264,0.0178095832303278,9188,FALSE
Pv2.1_07_37971979_A/G,Chr07,37971979,0.017808814219515,9189,FALSE
Pv2.1_11_49164962_C/A,Chr11,49164962,0.0178045707963381,9190,FALSE
Pv2.1_02_35412910_C/T,Chr02,35412910,0.0178028041300342,9191,FALSE
Pv2.1_10_40540184_T/G,Chr10,40540184,0.0178027763090016,9192,FALSE
Pv2.1_11_51020538_C/T,Chr11,51020538,0.0178011564313758,9193,FALSE
Pv2.1_05_37924610_T/C,Chr05,37924610,0.017793789646217,9194,FALSE
Pv2.1_07_33439661_T/C,Chr07,33439661,0.0177915477269037,9195,FALSE
Pv2.1_09_22408274_G/C,Chr09,22408274,0.0177909670463463,9196,FALSE
Pv2.1_06_25140318_G/A,Chr06,25140318,0.0177899607925101,9197,FALSE
Pv2.1_06_17903330_T/A,Chr06,17903330,0.0177898858182628,9198,FALSE
Pv2.1_05_159201_C/G,Chr05,159201,0.0177852482657896,9199,FALSE
Pv2.1_08_18849221_G/T,Chr08,18849221,0.0177852280099335,9200,FALSE
Pv2.1_10_8944066_C/T,Chr10,8944066,0.0177801616134334,9201,FALSE
Pv2.1_10_912198_T/C,Chr10,912198,0.0177796906417211,9202,FALSE
Pv2.1_08_62588782_T/C,Chr08,62588782,0.0177784946560946,9203,FALSE
Pv2.1_06_28228195_T/A,Chr06,28228195,0.0177740043968484,9204,FALSE
Pv2.1_01_2525604_A/G,Chr01,2525604,0.0177738512620662,9205,FALSE
Pv2.1_02_2430461_C/T,Chr02,2430461,0.0177727308042166,9206,FALSE
Pv2.1_03_40764865_G/T,Chr03,40764865,0.0177717563912063,9207,FALSE
Pv2.1_02_584655_T/A,Chr02,584655,0.0177708061404216,9208,FALSE
Pv2.1_06_3879753_A/G,Chr06,3879753,0.017766912134686,9209,FALSE
Pv2.1_11_47282362_G/T,Chr11,47282362,0.0177642100104092,9210,FALSE
Pv2.1_05_38422653_G/C,Chr05,38422653,0.0177638286642177,9211,FALSE
Pv2.1_05_38422672_T/C,Chr05,38422672,0.0177638286642177,9212,FALSE
Pv2.1_05_38422673_A/G,Chr05,38422673,0.0177638286642177,9213,FALSE
Pv2.1_08_9926094_A/G,Chr08,9926094,0.0177619707665717,9214,FALSE
Pv2.1_02_2436468_G/A,Chr02,2436468,0.0177583675453659,9215,FALSE
Pv2.1_02_28089312_C/T,Chr02,28089312,0.0177581160400679,9216,FALSE
Pv2.1_01_49772322_A/C,Chr01,49772322,0.0177536727936567,9217,FALSE
Pv2.1_06_18752100_C/T,Chr06,18752100,0.0177523875355758,9218,FALSE
Pv2.1_05_40443913_T/C,Chr05,40443913,0.0177517503790572,9219,FALSE
Pv2.1_04_44461091_T/G,Chr04,44461091,0.017750780510593,9220,FALSE
Pv2.1_03_51884848_C/A,Chr03,51884848,0.017748746870442,9221,FALSE
Pv2.1_03_51884878_T/C,Chr03,51884878,0.017748746870442,9222,FALSE
Pv2.1_08_58417846_G/A,Chr08,58417846,0.017745574488814,9223,FALSE
Pv2.1_04_448769_C/T,Chr04,448769,0.0177443829842843,9224,FALSE
Pv2.1_07_7557147_C/A,Chr07,7557147,0.0177442324280839,9225,FALSE
Pv2.1_06_27927823_T/A,Chr06,27927823,0.0177438147340032,9226,FALSE
Pv2.1_05_27002707_A/T,Chr05,27002707,0.0177426534049356,9227,FALSE
Pv2.1_04_43712438_C/G,Chr04,43712438,0.0177397187071775,9228,FALSE
Pv2.1_08_60032085_T/C,Chr08,60032085,0.0177377543824755,9229,FALSE
Pv2.1_03_51224452_T/C,Chr03,51224452,0.0177328129444878,9230,FALSE
Pv2.1_11_48373478_A/G,Chr11,48373478,0.0177309584537748,9231,FALSE
Pv2.1_11_28671030_A/G,Chr11,28671030,0.0177306389279419,9232,FALSE
Pv2.1_11_28671069_A/T,Chr11,28671069,0.0177306389279419,9233,FALSE
Pv2.1_02_12351198_A/T,Chr02,12351198,0.0177304643197749,9234,FALSE
Pv2.1_02_30759143_T/A,Chr02,30759143,0.0177299340845298,9235,FALSE
Pv2.1_10_8943767_A/C,Chr10,8943767,0.0177276704414031,9236,FALSE
Pv2.1_08_60362984_T/A,Chr08,60362984,0.0177266591852159,9237,FALSE
Pv2.1_07_28319986_A/C,Chr07,28319986,0.0177265829282924,9238,FALSE
Pv2.1_06_24706754_T/C,Chr06,24706754,0.0177260734716955,9239,FALSE
Pv2.1_09_14755660_A/G,Chr09,14755660,0.0177239284242989,9240,FALSE
Pv2.1_08_61728874_T/A,Chr08,61728874,0.0177227437672181,9241,FALSE
Pv2.1_01_49273459_A/G,Chr01,49273459,0.0177197683361285,9242,FALSE
Pv2.1_11_49883417_C/G,Chr11,49883417,0.0177192184637267,9243,FALSE
Pv2.1_08_34149428_G/T,Chr08,34149428,0.0177149103598868,9244,FALSE
Pv2.1_06_25490397_T/G,Chr06,25490397,0.0177114337157853,9245,FALSE
Pv2.1_08_61837920_T/C,Chr08,61837920,0.0177111955731695,9246,FALSE
Pv2.1_03_10875635_T/C,Chr03,10875635,0.017709297821761,9247,FALSE
Pv2.1_02_12061839_A/G,Chr02,12061839,0.0177088710991495,9248,FALSE
Pv2.1_03_53067274_T/A,Chr03,53067274,0.0177051930231906,9249,FALSE
Pv2.1_07_39291228_C/A,Chr07,39291228,0.0177038305396731,9250,FALSE
Pv2.1_08_58990719_G/GA,Chr08,58990719,0.0177002195105476,9251,FALSE
Pv2.1_07_7076911_TTGA/T,Chr07,7076911,0.01770014945498,9252,FALSE
Pv2.1_01_2270323_CTCGTCCTCTTCCTCG/GTCCTCTTCCTCC,Chr01,2270323,0.0176983455596886,9253,FALSE
Pv2.1_10_20070271_C/T,Chr10,20070271,0.017695407264072,9254,FALSE
Pv2.1_10_20070276_C/T,Chr10,20070276,0.017695407264072,9255,FALSE
Pv2.1_09_37951094_G/C,Chr09,37951094,0.0176947644661944,9256,FALSE
Pv2.1_11_49188550_A/G,Chr11,49188550,0.0176896037432432,9257,FALSE
Pv2.1_04_47230964_G/A,Chr04,47230964,0.0176882450171973,9258,FALSE
Pv2.1_07_35749538_C/T,Chr07,35749538,0.0176882105885472,9259,FALSE
Pv2.1_11_72609_C/T,Chr11,72609,0.0176867527679816,9260,FALSE
Pv2.1_08_52812800_AG/A,Chr08,52812800,0.0176856883233265,9261,FALSE
Pv2.1_09_19578917_C/T,Chr09,19578917,0.0176851995089611,9262,FALSE
Pv2.1_09_19578920_G/A,Chr09,19578920,0.0176851995089611,9263,FALSE
Pv2.1_02_35412376_A/C,Chr02,35412376,0.0176843650858536,9264,FALSE
Pv2.1_06_27715327_G/A,Chr06,27715327,0.0176835536233773,9265,FALSE
Pv2.1_02_30525893_A/G,Chr02,30525893,0.0176811582918486,9266,FALSE
Pv2.1_08_61858781_C/T,Chr08,61858781,0.0176805549288845,9267,FALSE
Pv2.1_03_2465435_T/A,Chr03,2465435,0.0176788971084667,9268,FALSE
Pv2.1_11_49064927_G/A,Chr11,49064927,0.0176776780366383,9269,FALSE
Pv2.1_10_40331777_A/T,Chr10,40331777,0.0176768765024535,9270,FALSE
Pv2.1_01_2733494_T/C,Chr01,2733494,0.0176760685862596,9271,FALSE
Pv2.1_08_62490329_A/C,Chr08,62490329,0.0176722192890058,9272,FALSE
Pv2.1_01_50856667_A/T,Chr01,50856667,0.0176717266656556,9273,FALSE
Pv2.1_05_38284688_C/T,Chr05,38284688,0.0176703914059901,9274,FALSE
Pv2.1_08_61526816_A/T,Chr08,61526816,0.0176655040096612,9275,FALSE
Pv2.1_06_25321400_C/G,Chr06,25321400,0.0176599945330564,9276,FALSE
Pv2.1_08_59635343_T/C,Chr08,59635343,0.0176588820986452,9277,FALSE
Pv2.1_08_62899653_T/C,Chr08,62899653,0.0176580009986949,9278,FALSE
Pv2.1_08_60329878_T/G,Chr08,60329878,0.0176577986885174,9279,FALSE
Pv2.1_08_9419256_G/A,Chr08,9419256,0.0176574222651302,9280,FALSE
Pv2.1_01_42610727_C/A,Chr01,42610727,0.0176569423983466,9281,FALSE
Pv2.1_11_30441055_C/T,Chr11,30441055,0.0176564777038872,9282,FALSE
Pv2.1_06_15409139_C/T,Chr06,15409139,0.0176548276845141,9283,FALSE
Pv2.1_10_3838346_T/C,Chr10,3838346,0.0176544639892824,9284,FALSE
Pv2.1_07_32395922_A/AG,Chr07,32395922,0.0176540241400223,9285,FALSE
Pv2.1_08_58990770_G/C,Chr08,58990770,0.0176538202709633,9286,FALSE
Pv2.1_08_61656772_G/A,Chr08,61656772,0.0176521373437568,9287,FALSE
Pv2.1_04_2182061_G/A,Chr04,2182061,0.0176517406911803,9288,FALSE
Pv2.1_06_9560160_G/A,Chr06,9560160,0.0176505185889093,9289,FALSE
Pv2.1_05_9116840_G/A,Chr05,9116840,0.0176503437377664,9290,FALSE
Pv2.1_06_30732397_G/GAACA,Chr06,30732397,0.0176476651824276,9291,FALSE
Pv2.1_09_22410439_C/T,Chr09,22410439,0.0176476161695653,9292,FALSE
Pv2.1_08_61341521_T/A,Chr08,61341521,0.0176450054944421,9293,FALSE
Pv2.1_07_35749552_T/A,Chr07,35749552,0.0176445186074456,9294,FALSE
Pv2.1_06_20062120_A/T,Chr06,20062120,0.017643945465466,9295,FALSE
Pv2.1_06_30732407_C/G,Chr06,30732407,0.0176385161304231,9296,FALSE
Pv2.1_06_30732409_A/T,Chr06,30732409,0.0176385161304231,9297,FALSE
Pv2.1_06_19585446_C/T,Chr06,19585446,0.0176370581473542,9298,FALSE
Pv2.1_09_14160323_G/GTT,Chr09,14160323,0.0176366836212951,9299,FALSE
Pv2.1_11_1851819_A/T,Chr11,1851819,0.0176343057573543,9300,FALSE
Pv2.1_08_61639236_C/A,Chr08,61639236,0.0176334794492798,9301,FALSE
Pv2.1_07_4818930_A/G,Chr07,4818930,0.0176311743419424,9302,FALSE
Pv2.1_06_7617572_G/A,Chr06,7617572,0.0176288085119309,9303,FALSE
Pv2.1_10_8827026_AG/A,Chr10,8827026,0.0176208763865597,9304,FALSE
Pv2.1_07_36767871_G/A,Chr07,36767871,0.0176205377236611,9305,FALSE
Pv2.1_02_48285635_T/G,Chr02,48285635,0.0176185686327077,9306,FALSE
Pv2.1_06_4809483_C/G,Chr06,4809483,0.0176159233115496,9307,FALSE
Pv2.1_05_464892_A/G,Chr05,464892,0.0176049783068457,9308,FALSE
Pv2.1_04_43712462_T/C,Chr04,43712462,0.0176038997291905,9309,FALSE
Pv2.1_02_13743810_A/G,Chr02,13743810,0.0176031029564423,9310,FALSE
Pv2.1_10_41935101_G/A,Chr10,41935101,0.017602994132135,9311,FALSE
Pv2.1_06_28228205_G/A,Chr06,28228205,0.0175987183176174,9312,FALSE
Pv2.1_08_60362244_C/A,Chr08,60362244,0.0175985237859844,9313,FALSE
Pv2.1_07_30155692_G/A,Chr07,30155692,0.0175977220463395,9314,FALSE
Pv2.1_03_10831928_A/G,Chr03,10831928,0.0175969785158725,9315,FALSE
Pv2.1_06_27493131_A/C,Chr06,27493131,0.0175952158508679,9316,FALSE
Pv2.1_02_36569707_C/T,Chr02,36569707,0.0175942355613428,9317,FALSE
Pv2.1_08_62426150_A/C,Chr08,62426150,0.0175941695368071,9318,FALSE
Pv2.1_06_22799592_C/T,Chr06,22799592,0.0175924844191417,9319,FALSE
Pv2.1_03_44694364_G/T,Chr03,44694364,0.0175916835899455,9320,FALSE
Pv2.1_10_17672330_A/T,Chr10,17672330,0.0175815281714145,9321,FALSE
Pv2.1_08_1483450_C/T,Chr08,1483450,0.0175813949072592,9322,FALSE
Pv2.1_08_60247746_C/T,Chr08,60247746,0.0175811872436635,9323,FALSE
Pv2.1_07_21769222_C/T,Chr07,21769222,0.0175803109245427,9324,FALSE
Pv2.1_05_38873618_A/G,Chr05,38873618,0.0175801994916713,9325,FALSE
Pv2.1_04_1576958_G/A,Chr04,1576958,0.0175794599356593,9326,FALSE
Pv2.1_03_45433860_AT/A,Chr03,45433860,0.0175774236310291,9327,FALSE
Pv2.1_08_3853338_AAAG/A,Chr08,3853338,0.0175744257261008,9328,FALSE
Pv2.1_08_3853341_G/A,Chr08,3853341,0.0175744257261008,9329,FALSE
Pv2.1_01_954801_G/A,Chr01,954801,0.0175724064196108,9330,FALSE
Pv2.1_07_10364318_G/C,Chr07,10364318,0.0175719711238922,9331,FALSE
Pv2.1_10_7762038_T/C,Chr10,7762038,0.0175707556789795,9332,FALSE
Pv2.1_06_21178798_CAAGAAGAGGA/GAAGAAGAGGAAG,Chr06,21178798,0.0175690935338997,9333,FALSE
Pv2.1_07_24189387_A/G,Chr07,24189387,0.0175614690395816,9334,FALSE
Pv2.1_07_24189396_G/A,Chr07,24189396,0.0175614690395816,9335,FALSE
Pv2.1_10_42429627_T/C,Chr10,42429627,0.0175610312422312,9336,FALSE
Pv2.1_08_3430102_C/T,Chr08,3430102,0.0175607895896732,9337,FALSE
Pv2.1_07_9106070_G/C,Chr07,9106070,0.0175606904404995,9338,FALSE
Pv2.1_03_53067259_A/T,Chr03,53067259,0.0175604251819363,9339,FALSE
Pv2.1_08_8337751_C/T,Chr08,8337751,0.0175597064124635,9340,FALSE
Pv2.1_08_60151972_G/A,Chr08,60151972,0.0175587089587665,9341,FALSE
Pv2.1_11_28671068_A/G,Chr11,28671068,0.0175577059703622,9342,FALSE
Pv2.1_08_61639222_G/A,Chr08,61639222,0.0175550544607477,9343,FALSE
Pv2.1_08_56104841_A/G,Chr08,56104841,0.0175545573601799,9344,FALSE
Pv2.1_02_33362222_G/A,Chr02,33362222,0.0175507471784084,9345,FALSE
Pv2.1_05_394582_G/C,Chr05,394582,0.0175502613889491,9346,FALSE
Pv2.1_10_29917949_T/C,Chr10,29917949,0.0175493631802914,9347,FALSE
Pv2.1_07_39413119_C/CAGT,Chr07,39413119,0.01754901340639,9348,FALSE
Pv2.1_07_191185_T/C,Chr07,191185,0.0175402297934735,9349,FALSE
Pv2.1_07_21378878_G/C,Chr07,21378878,0.0175332787623987,9350,FALSE
Pv2.1_10_40540190_A/G,Chr10,40540190,0.0175260986857206,9351,FALSE
Pv2.1_10_41487546_G/A,Chr10,41487546,0.0175259855863326,9352,FALSE
Pv2.1_05_38502472_G/A,Chr05,38502472,0.0175252792550324,9353,FALSE
Pv2.1_08_61225455_CT/C,Chr08,61225455,0.0175198403965933,9354,FALSE
Pv2.1_07_9950722_T/C,Chr07,9950722,0.0175181581069199,9355,FALSE
Pv2.1_07_9950740_A/C,Chr07,9950740,0.0175181581069199,9356,FALSE
Pv2.1_07_39574738_C/T,Chr07,39574738,0.0175179948958539,9357,FALSE
Pv2.1_02_7838346_C/T,Chr02,7838346,0.0175156332784048,9358,FALSE
Pv2.1_02_7838368_G/A,Chr02,7838368,0.0175156332784048,9359,FALSE
Pv2.1_10_44210266_C/T,Chr10,44210266,0.017514666024288,9360,FALSE
Pv2.1_07_9067058_T/C,Chr07,9067058,0.017509690729931,9361,FALSE
Pv2.1_01_51252361_A/T,Chr01,51252361,0.0175089475781207,9362,FALSE
Pv2.1_08_61642577_C/T,Chr08,61642577,0.0175080014749209,9363,FALSE
Pv2.1_08_9765210_C/T,Chr08,9765210,0.0175070304386478,9364,FALSE
Pv2.1_08_60360078_C/T,Chr08,60360078,0.0174998409466149,9365,FALSE
Pv2.1_04_9626833_C/A,Chr04,9626833,0.0174996925051261,9366,FALSE
Pv2.1_07_4149912_A/G,Chr07,4149912,0.0174986124668752,9367,FALSE
Pv2.1_08_14180813_A/G,Chr08,14180813,0.0174983141568585,9368,FALSE
Pv2.1_09_14060500_C/T,Chr09,14060500,0.0174976141035907,9369,FALSE
Pv2.1_08_61639195_G/A,Chr08,61639195,0.0174878889802867,9370,FALSE
Pv2.1_04_41987047_A/T,Chr04,41987047,0.0174837594078285,9371,FALSE
Pv2.1_04_41987049_A/AG,Chr04,41987049,0.0174837594078285,9372,FALSE
Pv2.1_08_62778953_G/C,Chr08,62778953,0.0174826823132834,9373,FALSE
Pv2.1_07_35718583_T/C,Chr07,35718583,0.0174808650794009,9374,FALSE
Pv2.1_08_62807494_C/T,Chr08,62807494,0.0174766913374325,9375,FALSE
Pv2.1_06_26623052_G/A,Chr06,26623052,0.0174733851839357,9376,FALSE
Pv2.1_06_26623073_A/C,Chr06,26623073,0.0174733851839357,9377,FALSE
Pv2.1_07_9181387_A/G,Chr07,9181387,0.0174688791149182,9378,FALSE
Pv2.1_05_3779512_G/A,Chr05,3779512,0.0174671838373879,9379,FALSE
Pv2.1_08_60114922_A/G,Chr08,60114922,0.0174663281962131,9380,FALSE
Pv2.1_08_60329587_A/T,Chr08,60329587,0.0174661564425755,9381,FALSE
Pv2.1_03_34973_C/A,Chr03,34973,0.0174650114196546,9382,FALSE
Pv2.1_08_59202634_G/A,Chr08,59202634,0.017464737632872,9383,FALSE
Pv2.1_08_62501394_G/A,Chr08,62501394,0.0174617388978495,9384,FALSE
Pv2.1_11_19880839_A/G,Chr11,19880839,0.0174615730944754,9385,FALSE
Pv2.1_08_60451117_T/A,Chr08,60451117,0.0174587220780924,9386,FALSE
Pv2.1_07_7516944_G/A,Chr07,7516944,0.0174571188335131,9387,FALSE
Pv2.1_07_7516969_C/T,Chr07,7516969,0.0174571188335131,9388,FALSE
Pv2.1_03_53067297_A/T,Chr03,53067297,0.0174570231676405,9389,FALSE
Pv2.1_08_17018985_T/C,Chr08,17018985,0.0174532969102645,9390,FALSE
Pv2.1_05_4487238_G/T,Chr05,4487238,0.0174530898331202,9391,FALSE
Pv2.1_05_4487242_C/T,Chr05,4487242,0.0174530898331202,9392,FALSE
Pv2.1_02_27129449_A/T,Chr02,27129449,0.0174526241721709,9393,FALSE
Pv2.1_05_40032831_A/T,Chr05,40032831,0.0174517089185358,9394,FALSE
Pv2.1_07_33275351_G/T,Chr07,33275351,0.017445540575836,9395,FALSE
Pv2.1_08_61901010_A/G,Chr08,61901010,0.0174428947017771,9396,FALSE
Pv2.1_07_9624957_C/T,Chr07,9624957,0.0174427119866367,9397,FALSE
Pv2.1_08_62588717_TC/T,Chr08,62588717,0.0174391435256345,9398,FALSE
Pv2.1_08_62007645_T/C,Chr08,62007645,0.0174391267945726,9399,FALSE
Pv2.1_04_44964407_T/C,Chr04,44964407,0.0174350429260177,9400,FALSE
Pv2.1_02_48290482_T/A,Chr02,48290482,0.0174325119467795,9401,FALSE
Pv2.1_10_40346952_G/GAAA,Chr10,40346952,0.0174324581976055,9402,FALSE
Pv2.1_03_8197325_A/C,Chr03,8197325,0.0174314212861542,9403,FALSE
Pv2.1_09_10496926_G/A,Chr09,10496926,0.0174311161373435,9404,FALSE
Pv2.1_02_26942589_G/A,Chr02,26942589,0.0174299099404638,9405,FALSE
Pv2.1_09_37603616_A/C,Chr09,37603616,0.017425339614483,9406,FALSE
Pv2.1_08_62240543_C/T,Chr08,62240543,0.0174252290196426,9407,FALSE
Pv2.1_02_1562168_A/ATT,Chr02,1562168,0.0174212094754993,9408,FALSE
Pv2.1_11_25194559_A/AG,Chr11,25194559,0.0174133946308292,9409,FALSE
Pv2.1_07_35718578_C/T,Chr07,35718578,0.0174102329789347,9410,FALSE
Pv2.1_08_1703734_C/T,Chr08,1703734,0.017406913166151,9411,FALSE
Pv2.1_11_30441010_A/G,Chr11,30441010,0.0174056207317523,9412,FALSE
Pv2.1_11_30441015_C/T,Chr11,30441015,0.0174056207317523,9413,FALSE
Pv2.1_07_35853657_G/A,Chr07,35853657,0.0174044662236437,9414,FALSE
Pv2.1_06_18783178_A/T,Chr06,18783178,0.0174023696727494,9415,FALSE
Pv2.1_09_34957759_T/G,Chr09,34957759,0.0174016922439346,9416,FALSE
Pv2.1_02_23210992_C/A,Chr02,23210992,0.0173989311861265,9417,FALSE
Pv2.1_06_25329881_A/G,Chr06,25329881,0.0173943931719496,9418,FALSE
Pv2.1_07_10182410_A/G,Chr07,10182410,0.0173911802549371,9419,FALSE
Pv2.1_07_10182426_T/C,Chr07,10182426,0.0173911802549371,9420,FALSE
Pv2.1_06_28078985_A/G,Chr06,28078985,0.0173908290247171,9421,FALSE
Pv2.1_08_45851627_T/A,Chr08,45851627,0.0173885869818387,9422,FALSE
Pv2.1_07_9683044_A/T,Chr07,9683044,0.0173867502722356,9423,FALSE
Pv2.1_04_47258974_A/T,Chr04,47258974,0.0173845469011922,9424,FALSE
Pv2.1_11_14261633_T/C,Chr11,14261633,0.0173831003616822,9425,FALSE
Pv2.1_11_1316895_G/A,Chr11,1316895,0.0173812636009201,9426,FALSE
Pv2.1_05_38536722_A/T,Chr05,38536722,0.017374080786146,9427,FALSE
Pv2.1_05_38536728_C/G,Chr05,38536728,0.017374080786146,9428,FALSE
Pv2.1_11_2151978_G/A,Chr11,2151978,0.0173714301807992,9429,FALSE
Pv2.1_07_4150073_T/C,Chr07,4150073,0.0173697013675933,9430,FALSE
Pv2.1_05_5143348_C/CTG,Chr05,5143348,0.0173691880175899,9431,FALSE
Pv2.1_07_33548470_A/T,Chr07,33548470,0.017365001868161,9432,FALSE
Pv2.1_08_59228457_C/T,Chr08,59228457,0.0173645382409946,9433,FALSE
Pv2.1_07_6790240_T/C,Chr07,6790240,0.017364379252089,9434,FALSE
Pv2.1_08_40814853_G/T,Chr08,40814853,0.0173605624935629,9435,FALSE
Pv2.1_10_3435465_T/G,Chr10,3435465,0.0173596453304916,9436,FALSE
Pv2.1_10_3435490_T/G,Chr10,3435490,0.0173596453304916,9437,FALSE
Pv2.1_02_48324858_C/A,Chr02,48324858,0.0173586002539161,9438,FALSE
Pv2.1_04_11057127_A/G,Chr04,11057127,0.017357325285833,9439,FALSE
Pv2.1_06_15469177_T/C,Chr06,15469177,0.0173557522561154,9440,FALSE
Pv2.1_06_15469194_C/A,Chr06,15469194,0.0173557522561154,9441,FALSE
Pv2.1_04_281365_A/C,Chr04,281365,0.0173517666104797,9442,FALSE
Pv2.1_06_22799607_A/T,Chr06,22799607,0.0173482451212146,9443,FALSE
Pv2.1_08_9390325_T/C,Chr08,9390325,0.0173479125746594,9444,FALSE
Pv2.1_06_14330391_A/T,Chr06,14330391,0.0173435403080378,9445,FALSE
Pv2.1_01_49139009_G/C,Chr01,49139009,0.0173423660241054,9446,FALSE
Pv2.1_06_23255364_G/A,Chr06,23255364,0.0173409588725826,9447,FALSE
Pv2.1_08_62490694_C/A,Chr08,62490694,0.0173408928182837,9448,FALSE
Pv2.1_08_60451285_T/C,Chr08,60451285,0.0173369144996567,9449,FALSE
Pv2.1_07_236587_T/G,Chr07,236587,0.0173358526616543,9450,FALSE
Pv2.1_05_3462714_A/G,Chr05,3462714,0.0173351215414406,9451,FALSE
Pv2.1_08_60332704_G/T,Chr08,60332704,0.0173344263341071,9452,FALSE
Pv2.1_08_60622741_A/T,Chr08,60622741,0.0173286952976568,9453,FALSE
Pv2.1_04_2553937_C/G,Chr04,2553937,0.0173278205503413,9454,FALSE
Pv2.1_09_36679967_T/C,Chr09,36679967,0.0173263938156287,9455,FALSE
Pv2.1_04_44805209_A/G,Chr04,44805209,0.0173170176209694,9456,FALSE
Pv2.1_10_33259401_C/A,Chr10,33259401,0.0173168106346626,9457,FALSE
Pv2.1_11_2269570_C/A,Chr11,2269570,0.0173147734265897,9458,FALSE
Pv2.1_11_2269584_A/G,Chr11,2269584,0.0173147734265897,9459,FALSE
Pv2.1_08_43971256_C/T,Chr08,43971256,0.0172995968225509,9460,FALSE
Pv2.1_07_23449421_G/C,Chr07,23449421,0.017296622682164,9461,FALSE
Pv2.1_11_30663510_G/A,Chr11,30663510,0.0172957090706607,9462,FALSE
Pv2.1_03_45936776_G/A,Chr03,45936776,0.0172952680651135,9463,FALSE
Pv2.1_03_45936834_C/G,Chr03,45936834,0.0172952680651135,9464,FALSE
Pv2.1_03_12235532_C/A,Chr03,12235532,0.0172941295454221,9465,FALSE
Pv2.1_08_62237985_TTA/T,Chr08,62237985,0.0172918117732142,9466,FALSE
Pv2.1_11_51908842_T/C,Chr11,51908842,0.0172870467630002,9467,FALSE
Pv2.1_11_50569863_C/G,Chr11,50569863,0.0172862714105841,9468,FALSE
Pv2.1_08_60239339_C/A,Chr08,60239339,0.0172861892524714,9469,FALSE
Pv2.1_07_7043205_G/A,Chr07,7043205,0.0172844756676036,9470,FALSE
Pv2.1_07_7043219_A/C,Chr07,7043219,0.0172844756676036,9471,FALSE
Pv2.1_02_47302389_C/T,Chr02,47302389,0.0172830950628109,9472,FALSE
Pv2.1_10_41082898_T/C,Chr10,41082898,0.0172807280492924,9473,FALSE
Pv2.1_07_54398_T/G,Chr07,54398,0.0172797940450184,9474,FALSE
Pv2.1_11_51766385_G/C,Chr11,51766385,0.0172783262156981,9475,FALSE
Pv2.1_08_1169458_C/T,Chr08,1169458,0.017278324049403,9476,FALSE
Pv2.1_04_47502095_T/C,Chr04,47502095,0.0172754180567543,9477,FALSE
Pv2.1_02_30231456_C/T,Chr02,30231456,0.017274459853919,9478,FALSE
Pv2.1_02_30231467_A/T,Chr02,30231467,0.017274459853919,9479,FALSE
Pv2.1_01_48611840_C/A,Chr01,48611840,0.0172715817966842,9480,FALSE
Pv2.1_06_24064891_G/A,Chr06,24064891,0.0172655165951432,9481,FALSE
Pv2.1_10_41396698_G/A,Chr10,41396698,0.0172653824227615,9482,FALSE
Pv2.1_08_60330106_T/C,Chr08,60330106,0.0172632311184771,9483,FALSE
Pv2.1_06_21294420_A/G,Chr06,21294420,0.0172624561615424,9484,FALSE
Pv2.1_05_3779357_G/A,Chr05,3779357,0.0172622316447084,9485,FALSE
Pv2.1_06_29458206_A/G,Chr06,29458206,0.0172600958056166,9486,FALSE
Pv2.1_01_2016071_C/T,Chr01,2016071,0.0172587947417355,9487,FALSE
Pv2.1_02_12508757_G/A,Chr02,12508757,0.0172534529009889,9488,FALSE
Pv2.1_06_23708647_A/G,Chr06,23708647,0.0172517800781438,9489,FALSE
Pv2.1_08_1591734_TTGT/A,Chr08,1591734,0.0172497757337959,9490,FALSE
Pv2.1_07_35524952_G/C,Chr07,35524952,0.0172495598185787,9491,FALSE
Pv2.1_03_51441940_G/A,Chr03,51441940,0.0172428419588346,9492,FALSE
Pv2.1_08_53271498_A/T,Chr08,53271498,0.0172421107179224,9493,FALSE
Pv2.1_10_4627862_T/G,Chr10,4627862,0.0172396699226405,9494,FALSE
Pv2.1_08_62662634_C/CTCA,Chr08,62662634,0.0172384904399139,9495,FALSE
Pv2.1_08_60562798_C/T,Chr08,60562798,0.017237437020138,9496,FALSE
Pv2.1_08_54384155_T/C,Chr08,54384155,0.0172366253710896,9497,FALSE
Pv2.1_06_19235244_CT/C,Chr06,19235244,0.0172331015579723,9498,FALSE
Pv2.1_09_13933836_G/A,Chr09,13933836,0.0172320450851098,9499,FALSE
Pv2.1_11_2269591_C/A,Chr11,2269591,0.0172307617945568,9500,FALSE
Pv2.1_09_35990383_T/A,Chr09,35990383,0.0172267533487576,9501,FALSE
Pv2.1_11_49883474_G/A,Chr11,49883474,0.0172252609069741,9502,FALSE
Pv2.1_07_9089308_C/G,Chr07,9089308,0.0172241730624032,9503,FALSE
Pv2.1_10_7762012_CCTT/C,Chr10,7762012,0.0172236388640545,9504,FALSE
Pv2.1_08_61525829_C/G,Chr08,61525829,0.0172183987014134,9505,FALSE
Pv2.1_09_35617189_C/T,Chr09,35617189,0.0172182641934793,9506,FALSE
Pv2.1_05_457114_G/T,Chr05,457114,0.0172179014538001,9507,FALSE
Pv2.1_04_7949850_G/A,Chr04,7949850,0.0172115455412065,9508,FALSE
Pv2.1_02_1521612_T/C,Chr02,1521612,0.0172031366462515,9509,FALSE
Pv2.1_07_8397100_A/G,Chr07,8397100,0.0172028363302967,9510,FALSE
Pv2.1_07_8397116_T/A,Chr07,8397116,0.0172028363302967,9511,FALSE
Pv2.1_08_62572970_A/T,Chr08,62572970,0.0172011668705809,9512,FALSE
Pv2.1_08_6809184_C/A,Chr08,6809184,0.0171984172045292,9513,FALSE
Pv2.1_11_1456093_C/G,Chr11,1456093,0.0171975937865998,9514,FALSE
Pv2.1_09_7581285_C/T,Chr09,7581285,0.0171955191494062,9515,FALSE
Pv2.1_06_19626047_T/G,Chr06,19626047,0.0171952759128069,9516,FALSE
Pv2.1_08_61341495_C/T,Chr08,61341495,0.0171942442749082,9517,FALSE
Pv2.1_02_12698288_G/A,Chr02,12698288,0.0171928764642875,9518,FALSE
Pv2.1_07_194840_G/A,Chr07,194840,0.0171909876670955,9519,FALSE
Pv2.1_02_3214721_G/C,Chr02,3214721,0.0171906073577777,9520,FALSE
Pv2.1_09_36110793_T/C,Chr09,36110793,0.0171903236162247,9521,FALSE
Pv2.1_07_3274062_T/C,Chr07,3274062,0.0171866809434968,9522,FALSE
Pv2.1_07_29372879_C/T,Chr07,29372879,0.017184805097977,9523,FALSE
Pv2.1_08_8337721_C/T,Chr08,8337721,0.0171841096859651,9524,FALSE
Pv2.1_09_36912590_T/A,Chr09,36912590,0.0171826393755232,9525,FALSE
Pv2.1_02_16044681_C/T,Chr02,16044681,0.0171770947560725,9526,FALSE
Pv2.1_05_3801778_T/C,Chr05,3801778,0.0171768393112894,9527,FALSE
Pv2.1_07_54390_A/ATG,Chr07,54390,0.0171764576133944,9528,FALSE
Pv2.1_06_18210690_C/CA,Chr06,18210690,0.0171755674294922,9529,FALSE
Pv2.1_08_60714995_A/G,Chr08,60714995,0.0171725065864958,9530,FALSE
Pv2.1_08_9763910_C/T,Chr08,9763910,0.0171707208816549,9531,FALSE
Pv2.1_05_26225564_G/T,Chr05,26225564,0.0171695540765979,9532,FALSE
Pv2.1_02_44880352_C/T,Chr02,44880352,0.0171679429594986,9533,FALSE
Pv2.1_08_12163627_A/G,Chr08,12163627,0.0171640172278744,9534,FALSE
Pv2.1_08_61818126_A/C,Chr08,61818126,0.0171612789165949,9535,FALSE
Pv2.1_08_60451006_G/C,Chr08,60451006,0.0171588343404618,9536,FALSE
Pv2.1_09_38219052_G/A,Chr09,38219052,0.017154604784567,9537,FALSE
Pv2.1_08_59635429_T/A,Chr08,59635429,0.0171497266795364,9538,FALSE
Pv2.1_05_19489841_T/C,Chr05,19489841,0.0171482478683433,9539,FALSE
Pv2.1_01_48413992_AT/A,Chr01,48413992,0.0171450492251122,9540,FALSE
Pv2.1_06_24799768_C/T,Chr06,24799768,0.0171426767100371,9541,FALSE
Pv2.1_05_39317665_A/C,Chr05,39317665,0.0171405145778683,9542,FALSE
Pv2.1_07_35752464_G/T,Chr07,35752464,0.0171393520812844,9543,FALSE
Pv2.1_05_2162542_C/G,Chr05,2162542,0.0171287141912737,9544,FALSE
Pv2.1_06_323108_C/T,Chr06,323108,0.0171260590583113,9545,FALSE
Pv2.1_05_27002706_G/T,Chr05,27002706,0.0171256952169507,9546,FALSE
Pv2.1_01_954818_C/T,Chr01,954818,0.0171221580288874,9547,FALSE
Pv2.1_01_1100329_A/T,Chr01,1100329,0.0171192526936457,9548,FALSE
Pv2.1_11_49186415_A/T,Chr11,49186415,0.0171185460046455,9549,FALSE
Pv2.1_02_17672221_AGT/A,Chr02,17672221,0.0171178326504484,9550,FALSE
Pv2.1_08_269348_T/TC,Chr08,269348,0.0171167075742389,9551,FALSE
Pv2.1_09_37752751_G/A,Chr09,37752751,0.0171146860834845,9552,FALSE
Pv2.1_07_9330514_C/T,Chr07,9330514,0.017112066001344,9553,FALSE
Pv2.1_03_11951618_C/T,Chr03,11951618,0.0171097036520682,9554,FALSE
Pv2.1_01_51408437_T/C,Chr01,51408437,0.0171083011502793,9555,FALSE
Pv2.1_06_19324191_A/G,Chr06,19324191,0.0171057014897662,9556,FALSE
Pv2.1_09_36703845_A/G,Chr09,36703845,0.0171036174025443,9557,FALSE
Pv2.1_05_38502451_T/C,Chr05,38502451,0.017102571308325,9558,FALSE
Pv2.1_04_44460914_A/G,Chr04,44460914,0.0171003010101312,9559,FALSE
Pv2.1_08_62765214_CA/C,Chr08,62765214,0.0170987409613894,9560,FALSE
Pv2.1_07_860878_G/T,Chr07,860878,0.0170983079077298,9561,FALSE
Pv2.1_05_26210039_G/A,Chr05,26210039,0.017097231433163,9562,FALSE
Pv2.1_11_26632035_C/T,Chr11,26632035,0.0170957380010544,9563,FALSE
Pv2.1_09_36619772_T/C,Chr09,36619772,0.0170948996970703,9564,FALSE
Pv2.1_08_62807883_G/A,Chr08,62807883,0.017094046910151,9565,FALSE
Pv2.1_07_7557164_A/AT,Chr07,7557164,0.0170922947160435,9566,FALSE
Pv2.1_06_22475462_G/A,Chr06,22475462,0.0170921977109861,9567,FALSE
Pv2.1_06_24136430_A/G,Chr06,24136430,0.0170878483105055,9568,FALSE
Pv2.1_08_9763973_T/A,Chr08,9763973,0.0170872355596656,9569,FALSE
Pv2.1_07_5516237_CA/C,Chr07,5516237,0.0170863071624789,9570,FALSE
Pv2.1_11_35921290_T/C,Chr11,35921290,0.0170845056242572,9571,FALSE
Pv2.1_11_47283165_C/A,Chr11,47283165,0.017081098228553,9572,FALSE
Pv2.1_11_47283189_A/T,Chr11,47283189,0.017081098228553,9573,FALSE
Pv2.1_01_2283925_A/T,Chr01,2283925,0.017078299860553,9574,FALSE
Pv2.1_10_41922512_C/T,Chr10,41922512,0.0170768201608209,9575,FALSE
Pv2.1_11_51790471_A/G,Chr11,51790471,0.017076813618405,9576,FALSE
Pv2.1_05_464728_G/T,Chr05,464728,0.0170723189072532,9577,FALSE
Pv2.1_03_3887350_G/GA,Chr03,3887350,0.0170694991778855,9578,FALSE
Pv2.1_02_47497382_C/T,Chr02,47497382,0.017068681552086,9579,FALSE
Pv2.1_06_19561790_A/G,Chr06,19561790,0.0170666195697375,9580,FALSE
Pv2.1_04_46188738_C/T,Chr04,46188738,0.0170658349273634,9581,FALSE
Pv2.1_02_12667945_A/T,Chr02,12667945,0.0170642688664082,9582,FALSE
Pv2.1_11_17420118_C/T,Chr11,17420118,0.0170604005287225,9583,FALSE
Pv2.1_10_9190161_T/C,Chr10,9190161,0.0170550114497381,9584,FALSE
Pv2.1_10_9190169_G/A,Chr10,9190169,0.0170550114497381,9585,FALSE
Pv2.1_07_840606_G/C,Chr07,840606,0.0170536298226183,9586,FALSE
Pv2.1_07_5442678_A/G,Chr07,5442678,0.0170530343619295,9587,FALSE
Pv2.1_05_3755739_G/A,Chr05,3755739,0.0170503700855713,9588,FALSE
Pv2.1_05_3755741_A/C,Chr05,3755741,0.0170503700855713,9589,FALSE
Pv2.1_02_27943142_A/C,Chr02,27943142,0.0170489541185472,9590,FALSE
Pv2.1_06_25140282_G/A,Chr06,25140282,0.0170487921058564,9591,FALSE
Pv2.1_11_49188542_C/T,Chr11,49188542,0.0170481548294319,9592,FALSE
Pv2.1_11_49188543_A/T,Chr11,49188543,0.0170481548294319,9593,FALSE
Pv2.1_07_8184519_T/A,Chr07,8184519,0.0170459104625644,9594,FALSE
Pv2.1_06_19617150_C/A,Chr06,19617150,0.0170451935658384,9595,FALSE
Pv2.1_03_2227591_C/T,Chr03,2227591,0.0170431295380147,9596,FALSE
Pv2.1_06_26507162_T/A,Chr06,26507162,0.0170421911932372,9597,FALSE
Pv2.1_02_7673750_A/G,Chr02,7673750,0.0170405422011073,9598,FALSE
Pv2.1_02_33752472_C/A,Chr02,33752472,0.0170390795709379,9599,FALSE
Pv2.1_11_51020565_G/C,Chr11,51020565,0.0170344301365364,9600,FALSE
Pv2.1_11_51020565_G/T,Chr11,51020565,0.0170344301365364,9601,FALSE
Pv2.1_07_32262174_G/A,Chr07,32262174,0.0170340943293392,9602,FALSE
Pv2.1_02_40132813_G/T,Chr02,40132813,0.0170329227819894,9603,FALSE
Pv2.1_02_35815664_G/A,Chr02,35815664,0.0170317415876204,9604,FALSE
Pv2.1_06_27995543_C/A,Chr06,27995543,0.0170310656853259,9605,FALSE
Pv2.1_09_37877390_C/G,Chr09,37877390,0.0170291381412442,9606,FALSE
Pv2.1_01_210297_A/G,Chr01,210297,0.0170288771821583,9607,FALSE
Pv2.1_04_533997_T/C,Chr04,533997,0.0170282568922593,9608,FALSE
Pv2.1_04_44419473_G/T,Chr04,44419473,0.017027169976263,9609,FALSE
Pv2.1_07_39413239_G/C,Chr07,39413239,0.0170263878696266,9610,FALSE
Pv2.1_06_26623069_C/T,Chr06,26623069,0.0170262322092665,9611,FALSE
Pv2.1_08_3430144_G/A,Chr08,3430144,0.0170236331006528,9612,FALSE
Pv2.1_07_35749347_T/C,Chr07,35749347,0.0170218460516902,9613,FALSE
Pv2.1_08_8954932_G/A,Chr08,8954932,0.0170131993734604,9614,FALSE
Pv2.1_07_35085558_C/T,Chr07,35085558,0.0170117179443903,9615,FALSE
Pv2.1_01_51047344_G/A,Chr01,51047344,0.0170113219466441,9616,FALSE
Pv2.1_06_30707560_C/T,Chr06,30707560,0.0170088442596938,9617,FALSE
Pv2.1_01_1034697_A/T,Chr01,1034697,0.0170070894920809,9618,FALSE
Pv2.1_03_1033660_G/A,Chr03,1033660,0.0170018465329198,9619,FALSE
Pv2.1_09_29473943_C/G,Chr09,29473943,0.0170012928737178,9620,FALSE
Pv2.1_07_989173_A/G,Chr07,989173,0.0169995107914271,9621,FALSE
Pv2.1_11_53368384_A/G,Chr11,53368384,0.0169966704203151,9622,FALSE
Pv2.1_07_4174863_G/C,Chr07,4174863,0.0169964327476904,9623,FALSE
Pv2.1_03_31137998_A/C,Chr03,31137998,0.0169962372154293,9624,FALSE
Pv2.1_06_9560176_C/T,Chr06,9560176,0.0169952419956418,9625,FALSE
Pv2.1_08_56216440_T/A,Chr08,56216440,0.0169912097225895,9626,FALSE
Pv2.1_08_9419005_C/T,Chr08,9419005,0.0169872497292944,9627,FALSE
Pv2.1_09_22410418_C/T,Chr09,22410418,0.016987028895068,9628,FALSE
Pv2.1_11_32787_C/T,Chr11,32787,0.0169846481613392,9629,FALSE
Pv2.1_08_7893416_T/C,Chr08,7893416,0.0169834147663925,9630,FALSE
Pv2.1_08_7893441_T/C,Chr08,7893441,0.0169834147663925,9631,FALSE
Pv2.1_06_25329835_A/C,Chr06,25329835,0.0169832098281084,9632,FALSE
Pv2.1_02_44880373_T/C,Chr02,44880373,0.0169819113099816,9633,FALSE
Pv2.1_01_46498251_T/A,Chr01,46498251,0.0169791591506745,9634,FALSE
Pv2.1_01_46498263_T/A,Chr01,46498263,0.0169791591506745,9635,FALSE
Pv2.1_01_2733473_A/C,Chr01,2733473,0.0169706736024695,9636,FALSE
Pv2.1_02_23293664_C/T,Chr02,23293664,0.0169677917192441,9637,FALSE
Pv2.1_04_3202606_T/C,Chr04,3202606,0.016966412725826,9638,FALSE
Pv2.1_06_3340697_C/T,Chr06,3340697,0.0169644481523328,9639,FALSE
Pv2.1_08_6627121_T/C,Chr08,6627121,0.0169635161583228,9640,FALSE
Pv2.1_02_26924903_TCA/T,Chr02,26924903,0.0169606022075008,9641,FALSE
Pv2.1_02_26924906_C/G,Chr02,26924906,0.0169606022075008,9642,FALSE
Pv2.1_07_30346959_G/A,Chr07,30346959,0.0169602470411721,9643,FALSE
Pv2.1_10_1698898_A/T,Chr10,1698898,0.0169600491744122,9644,FALSE
Pv2.1_10_912148_C/A,Chr10,912148,0.0169514251031129,9645,FALSE
Pv2.1_08_61642597_G/A,Chr08,61642597,0.0169485851082012,9646,FALSE
Pv2.1_08_59071292_A/T,Chr08,59071292,0.0169473731731693,9647,FALSE
Pv2.1_07_8184531_G/T,Chr07,8184531,0.0169430872630372,9648,FALSE
Pv2.1_07_37347864_T/G,Chr07,37347864,0.0169418208001373,9649,FALSE
Pv2.1_11_47293128_A/T,Chr11,47293128,0.0169397594445457,9650,FALSE
Pv2.1_08_61240365_C/A,Chr08,61240365,0.0169371802046481,9651,FALSE
Pv2.1_08_20680381_G/A,Chr08,20680381,0.0169348122553532,9652,FALSE
Pv2.1_11_44130275_A/G,Chr11,44130275,0.0169340995691289,9653,FALSE
Pv2.1_11_1851798_T/G,Chr11,1851798,0.0169297445971548,9654,FALSE
Pv2.1_10_43013354_G/A,Chr10,43013354,0.0169260833892224,9655,FALSE
Pv2.1_08_61870999_T/A,Chr08,61870999,0.0169198797388046,9656,FALSE
Pv2.1_06_18391165_G/A,Chr06,18391165,0.016917955025276,9657,FALSE
Pv2.1_06_2590939_C/T,Chr06,2590939,0.0169160769837311,9658,FALSE
Pv2.1_06_22822954_T/C,Chr06,22822954,0.0169108620604077,9659,FALSE
Pv2.1_07_6697793_G/A,Chr07,6697793,0.0169106334479583,9660,FALSE
Pv2.1_02_47383714_A/C,Chr02,47383714,0.0169062845886354,9661,FALSE
Pv2.1_04_271357_T/C,Chr04,271357,0.0169024940017266,9662,FALSE
Pv2.1_11_45292618_T/C,Chr11,45292618,0.0169016946114944,9663,FALSE
Pv2.1_11_45292653_G/T,Chr11,45292653,0.0169016946114944,9664,FALSE
Pv2.1_09_22620536_A/G,Chr09,22620536,0.0169013400368279,9665,FALSE
Pv2.1_08_62428184_G/A,Chr08,62428184,0.0168979506647506,9666,FALSE
Pv2.1_08_62428166_T/G,Chr08,62428166,0.0168979506647502,9667,FALSE
Pv2.1_10_42388276_C/A,Chr10,42388276,0.0168976316755405,9668,FALSE
Pv2.1_04_533994_G/A,Chr04,533994,0.0168935258062968,9669,FALSE
Pv2.1_07_32673723_A/C,Chr07,32673723,0.0168934537707321,9670,FALSE
Pv2.1_07_32673743_A/C,Chr07,32673743,0.0168934537707321,9671,FALSE
Pv2.1_08_61889706_A/G,Chr08,61889706,0.0168920350692399,9672,FALSE
Pv2.1_06_17273161_T/G,Chr06,17273161,0.0168896956593181,9673,FALSE
Pv2.1_07_514891_C/CT,Chr07,514891,0.0168887956188315,9674,FALSE
Pv2.1_11_26637917_G/A,Chr11,26637917,0.0168854517139398,9675,FALSE
Pv2.1_11_49064905_T/TA,Chr11,49064905,0.0168826264124329,9676,FALSE
Pv2.1_02_7857263_A/T,Chr02,7857263,0.016881030383892,9677,FALSE
Pv2.1_08_62851838_A/T,Chr08,62851838,0.0168785629371193,9678,FALSE
Pv2.1_08_62851854_C/T,Chr08,62851854,0.0168785629371193,9679,FALSE
Pv2.1_04_2032929_C/T,Chr04,2032929,0.0168689125755144,9680,FALSE
Pv2.1_09_35990288_C/A,Chr09,35990288,0.0168682752608009,9681,FALSE
Pv2.1_04_46374078_G/C,Chr04,46374078,0.0168667730305025,9682,FALSE
Pv2.1_07_36757988_C/T,Chr07,36757988,0.016860104505612,9683,FALSE
Pv2.1_05_18517178_C/A,Chr05,18517178,0.0168567606016481,9684,FALSE
Pv2.1_07_22229771_G/A,Chr07,22229771,0.0168553607545761,9685,FALSE
Pv2.1_07_34777661_A/T,Chr07,34777661,0.0168527628592301,9686,FALSE
Pv2.1_09_14084902_C/A,Chr09,14084902,0.0168512399547427,9687,FALSE
Pv2.1_11_51020553_T/A,Chr11,51020553,0.0168505045739122,9688,FALSE
Pv2.1_10_8110938_C/A,Chr10,8110938,0.0168501647173018,9689,FALSE
Pv2.1_07_6753484_T/C,Chr07,6753484,0.0168493835276431,9690,FALSE
Pv2.1_10_9919111_T/A,Chr10,9919111,0.0168486017651128,9691,FALSE
Pv2.1_08_60779846_G/A,Chr08,60779846,0.0168478243758345,9692,FALSE
Pv2.1_06_25753620_T/C,Chr06,25753620,0.0168451706981241,9693,FALSE
Pv2.1_11_50483703_C/A,Chr11,50483703,0.0168437157446379,9694,FALSE
Pv2.1_02_27075353_A/T,Chr02,27075353,0.0168430701768787,9695,FALSE
Pv2.1_03_40784352_GCAA/G,Chr03,40784352,0.0168412959959552,9696,FALSE
Pv2.1_06_23255486_T/C,Chr06,23255486,0.0168403596721429,9697,FALSE
Pv2.1_07_34208091_C/T,Chr07,34208091,0.016839339970093,9698,FALSE
Pv2.1_01_49295229_G/A,Chr01,49295229,0.0168381375624564,9699,FALSE
Pv2.1_08_60211786_A/G,Chr08,60211786,0.0168345507785763,9700,FALSE
Pv2.1_08_59637928_G/A,Chr08,59637928,0.0168236099723651,9701,FALSE
Pv2.1_06_23550716_T/A,Chr06,23550716,0.016821476140179,9702,FALSE
Pv2.1_07_9089344_T/C,Chr07,9089344,0.0168181485428613,9703,FALSE
Pv2.1_05_4474088_G/A,Chr05,4474088,0.0168154744571578,9704,FALSE
Pv2.1_08_60336154_C/A,Chr08,60336154,0.016814652380079,9705,FALSE
Pv2.1_08_60336160_C/T,Chr08,60336160,0.016814652380079,9706,FALSE
Pv2.1_07_35752849_T/G,Chr07,35752849,0.016812442200365,9707,FALSE
Pv2.1_02_30842525_A/C,Chr02,30842525,0.016809849493896,9708,FALSE
Pv2.1_08_60542633_A/G,Chr08,60542633,0.0168093139507377,9709,FALSE
Pv2.1_03_43155171_T/C,Chr03,43155171,0.0168053741682317,9710,FALSE
Pv2.1_02_20278841_T/C,Chr02,20278841,0.016804657142925,9711,FALSE
Pv2.1_08_7211281_T/C,Chr08,7211281,0.0167994921042793,9712,FALSE
Pv2.1_06_29286021_T/C,Chr06,29286021,0.0167977875253946,9713,FALSE
Pv2.1_09_36681034_G/C,Chr09,36681034,0.0167948652394347,9714,FALSE
Pv2.1_02_35412350_C/T,Chr02,35412350,0.0167920962579955,9715,FALSE
Pv2.1_11_9434946_C/A,Chr11,9434946,0.0167916540076662,9716,FALSE
Pv2.1_11_30573337_G/C,Chr11,30573337,0.0167887541778398,9717,FALSE
Pv2.1_02_675193_C/T,Chr02,675193,0.0167809620248813,9718,FALSE
Pv2.1_09_13689047_G/A,Chr09,13689047,0.016780335522486,9719,FALSE
Pv2.1_08_62872702_A/G,Chr08,62872702,0.0167762404236695,9720,FALSE
Pv2.1_02_10520084_C/G,Chr02,10520084,0.0167739787880787,9721,FALSE
Pv2.1_02_17750879_T/C,Chr02,17750879,0.0167720408119521,9722,FALSE
Pv2.1_08_59255998_G/T,Chr08,59255998,0.0167670979556402,9723,FALSE
Pv2.1_06_29458170_G/T,Chr06,29458170,0.016765483896994,9724,FALSE
Pv2.1_04_44964231_C/A,Chr04,44964231,0.0167578516863598,9725,FALSE
Pv2.1_04_44964252_A/G,Chr04,44964252,0.0167578516863598,9726,FALSE
Pv2.1_02_45510435_C/A,Chr02,45510435,0.0167553539066221,9727,FALSE
Pv2.1_06_29458203_T/C,Chr06,29458203,0.0167543826889141,9728,FALSE
Pv2.1_07_485585_T/C,Chr07,485585,0.0167527524840532,9729,FALSE
Pv2.1_07_7517320_C/T,Chr07,7517320,0.0167516590271397,9730,FALSE
Pv2.1_01_49221256_C/G,Chr01,49221256,0.0167487635582901,9731,FALSE
Pv2.1_08_59865314_A/G,Chr08,59865314,0.0167461027046691,9732,FALSE
Pv2.1_08_59865315_A/G,Chr08,59865315,0.0167461027046691,9733,FALSE
Pv2.1_07_40010965_A/T,Chr07,40010965,0.0167459646045223,9734,FALSE
Pv2.1_10_40845658_ATG/A,Chr10,40845658,0.0167437403818727,9735,FALSE
Pv2.1_08_61089243_T/C,Chr08,61089243,0.0167430349975475,9736,FALSE
Pv2.1_10_42512372_A/T,Chr10,42512372,0.0167397097773287,9737,FALSE
Pv2.1_03_50398499_G/T,Chr03,50398499,0.0167371448331881,9738,FALSE
Pv2.1_08_4032093_G/A,Chr08,4032093,0.0167329027391379,9739,FALSE
Pv2.1_02_3241486_A/T,Chr02,3241486,0.0167307177406295,9740,FALSE
Pv2.1_04_69132_A/G,Chr04,69132,0.0167281964605008,9741,FALSE
Pv2.1_01_4621002_G/T,Chr01,4621002,0.0167245682638488,9742,FALSE
Pv2.1_06_25231491_C/A,Chr06,25231491,0.0167237620378682,9743,FALSE
Pv2.1_09_22620371_T/C,Chr09,22620371,0.016721826235766,9744,FALSE
Pv2.1_07_10032787_T/A,Chr07,10032787,0.0167173882569474,9745,FALSE
Pv2.1_07_10032832_A/T,Chr07,10032832,0.0167173882569474,9746,FALSE
Pv2.1_07_10032833_C/G,Chr07,10032833,0.0167173882569474,9747,FALSE
Pv2.1_06_30707563_T/C,Chr06,30707563,0.0167148238215926,9748,FALSE
Pv2.1_09_22533961_C/G,Chr09,22533961,0.0167124935309184,9749,FALSE
Pv2.1_06_2197416_A/C,Chr06,2197416,0.016711695971579,9750,FALSE
Pv2.1_06_16629645_T/G,Chr06,16629645,0.0167112271201901,9751,FALSE
Pv2.1_06_21039037_G/A,Chr06,21039037,0.0167082063812183,9752,FALSE
Pv2.1_11_46410431_G/A,Chr11,46410431,0.0167068997234168,9753,FALSE
Pv2.1_07_38149927_T/C,Chr07,38149927,0.0167041774854568,9754,FALSE
Pv2.1_10_41449376_A/G,Chr10,41449376,0.0167024360246573,9755,FALSE
Pv2.1_08_57637552_TAA/T,Chr08,57637552,0.0166989945795657,9756,FALSE
Pv2.1_08_7765323_T/C,Chr08,7765323,0.016698443750196,9757,FALSE
Pv2.1_06_27547567_A/T,Chr06,27547567,0.0166983707162438,9758,FALSE
Pv2.1_02_47491615_A/T,Chr02,47491615,0.0166947614550153,9759,FALSE
Pv2.1_06_29285978_A/G,Chr06,29285978,0.0166942656525961,9760,FALSE
Pv2.1_06_23977851_C/G,Chr06,23977851,0.0166851733910618,9761,FALSE
Pv2.1_02_3902236_T/C,Chr02,3902236,0.016683396327358,9762,FALSE
Pv2.1_01_51343831_G/A,Chr01,51343831,0.0166813234272039,9763,FALSE
Pv2.1_08_61869595_G/T,Chr08,61869595,0.0166808326886354,9764,FALSE
Pv2.1_08_61869596_T/G,Chr08,61869596,0.0166808326886354,9765,FALSE
Pv2.1_11_49186323_A/G,Chr11,49186323,0.0166801212851229,9766,FALSE
Pv2.1_08_19533786_G/A,Chr08,19533786,0.0166781778643799,9767,FALSE
Pv2.1_08_60378831_G/A,Chr08,60378831,0.0166774549642339,9768,FALSE
Pv2.1_05_40755129_T/A,Chr05,40755129,0.0166755148103563,9769,FALSE
Pv2.1_09_37808837_A/AG,Chr09,37808837,0.0166746315055968,9770,FALSE
Pv2.1_08_62046675_CA/C,Chr08,62046675,0.0166716521253152,9771,FALSE
Pv2.1_11_31221061_T/C,Chr11,31221061,0.0166698520579587,9772,FALSE
Pv2.1_08_62007625_G/A,Chr08,62007625,0.0166665588594181,9773,FALSE
Pv2.1_02_19690112_G/T,Chr02,19690112,0.0166660355179573,9774,FALSE
Pv2.1_04_2175384_T/A,Chr04,2175384,0.0166620734494232,9775,FALSE
Pv2.1_04_2175434_C/T,Chr04,2175434,0.0166620734494232,9776,FALSE
Pv2.1_09_10577134_G/C,Chr09,10577134,0.0166597267043316,9777,FALSE
Pv2.1_07_729661_A/C,Chr07,729661,0.0166596107586172,9778,FALSE
Pv2.1_09_19579256_C/T,Chr09,19579256,0.0166592063205173,9779,FALSE
Pv2.1_04_533988_T/A,Chr04,533988,0.0166584055107979,9780,FALSE
Pv2.1_08_61525853_C/T,Chr08,61525853,0.016658326908515,9781,FALSE
Pv2.1_09_36079796_A/G,Chr09,36079796,0.0166559792465795,9782,FALSE
Pv2.1_05_3755904_T/A,Chr05,3755904,0.0166540845736436,9783,FALSE
Pv2.1_03_52993630_C/G,Chr03,52993630,0.0166493684044831,9784,FALSE
Pv2.1_09_29132580_C/A,Chr09,29132580,0.0166486870736806,9785,FALSE
Pv2.1_11_17420100_G/A,Chr11,17420100,0.0166477890802201,9786,FALSE
Pv2.1_07_29104195_G/T,Chr07,29104195,0.0166476122323425,9787,FALSE
Pv2.1_07_33348336_C/T,Chr07,33348336,0.0166456221183546,9788,FALSE
Pv2.1_06_25448918_A/G,Chr06,25448918,0.0166409135416563,9789,FALSE
Pv2.1_09_36865137_C/A,Chr09,36865137,0.0166349529031002,9790,FALSE
Pv2.1_08_60542629_C/T,Chr08,60542629,0.0166335629334422,9791,FALSE
Pv2.1_07_8776072_C/T,Chr07,8776072,0.0166329148015203,9792,FALSE
Pv2.1_02_46858683_G/T,Chr02,46858683,0.0166298238656193,9793,FALSE
Pv2.1_01_2270257_G/A,Chr01,2270257,0.0166261285020779,9794,FALSE
Pv2.1_08_59494428_C/T,Chr08,59494428,0.0166259278006389,9795,FALSE
Pv2.1_08_61360993_G/A,Chr08,61360993,0.0166238559274698,9796,FALSE
Pv2.1_02_26791776_A/C,Chr02,26791776,0.0166238103217466,9797,FALSE
Pv2.1_06_21722288_A/T,Chr06,21722288,0.0166213420210357,9798,FALSE
Pv2.1_09_34962920_A/C,Chr09,34962920,0.0166199523081532,9799,FALSE
Pv2.1_06_18568151_G/C,Chr06,18568151,0.0166129815817389,9800,FALSE
Pv2.1_08_60348341_G/T,Chr08,60348341,0.0166051865389245,9801,FALSE
Pv2.1_06_24195880_G/C,Chr06,24195880,0.0166043648099099,9802,FALSE
Pv2.1_07_8718775_A/G,Chr07,8718775,0.0165966001045774,9803,FALSE
Pv2.1_08_58326709_C/A,Chr08,58326709,0.0165956264065055,9804,FALSE
Pv2.1_08_58326711_A/C,Chr08,58326711,0.0165956264065055,9805,FALSE
Pv2.1_08_62659920_C/T,Chr08,62659920,0.0165951412608854,9806,FALSE
Pv2.1_08_62659927_G/T,Chr08,62659927,0.0165951412608854,9807,FALSE
Pv2.1_08_62659932_T/C,Chr08,62659932,0.0165951412608854,9808,FALSE
Pv2.1_05_3739633_T/A,Chr05,3739633,0.0165940772381297,9809,FALSE
Pv2.1_08_62930048_G/A,Chr08,62930048,0.016592861974515,9810,FALSE
Pv2.1_06_15403309_T/A,Chr06,15403309,0.0165868862075094,9811,FALSE
Pv2.1_10_39731623_C/G,Chr10,39731623,0.0165865614646217,9812,FALSE
Pv2.1_11_40310464_CTT/C,Chr11,40310464,0.0165844393454488,9813,FALSE
Pv2.1_10_44210224_A/G,Chr10,44210224,0.0165816478767882,9814,FALSE
Pv2.1_10_44210260_A/G,Chr10,44210260,0.0165816478767882,9815,FALSE
Pv2.1_01_1000696_C/T,Chr01,1000696,0.0165705841951347,9816,FALSE
Pv2.1_06_27547609_G/A,Chr06,27547609,0.0165682237300384,9817,FALSE
Pv2.1_11_51046800_G/A,Chr11,51046800,0.0165677350961779,9818,FALSE
Pv2.1_06_3852773_G/A,Chr06,3852773,0.0165675296117493,9819,FALSE
Pv2.1_05_153380_TC/T,Chr05,153380,0.0165668863559101,9820,FALSE
Pv2.1_07_28380610_T/G,Chr07,28380610,0.0165647579802157,9821,FALSE
Pv2.1_06_26259338_A/G,Chr06,26259338,0.0165639445824386,9822,FALSE
Pv2.1_11_45921303_C/T,Chr11,45921303,0.0165624624153775,9823,FALSE
Pv2.1_08_59071242_A/C,Chr08,59071242,0.0165592219088495,9824,FALSE
Pv2.1_02_26398701_T/A,Chr02,26398701,0.0165577380430451,9825,FALSE
Pv2.1_02_49604920_G/T,Chr02,49604920,0.0165561473878739,9826,FALSE
Pv2.1_05_464845_A/G,Chr05,464845,0.0165525772417654,9827,FALSE
Pv2.1_11_1456048_A/G,Chr11,1456048,0.016551835747781,9828,FALSE
Pv2.1_11_1456087_C/T,Chr11,1456087,0.0165517491361107,9829,FALSE
Pv2.1_03_42079906_T/C,Chr03,42079906,0.0165508495077482,9830,FALSE
Pv2.1_11_2160018_A/T,Chr11,2160018,0.0165494171072034,9831,FALSE
Pv2.1_06_26029182_C/G,Chr06,26029182,0.016543644953618,9832,FALSE
Pv2.1_08_9419046_A/T,Chr08,9419046,0.0165414762384835,9833,FALSE
Pv2.1_05_3585806_G/A,Chr05,3585806,0.0165406405180786,9834,FALSE
Pv2.1_07_3313509_T/A,Chr07,3313509,0.0165383664286529,9835,FALSE
Pv2.1_07_29104350_A/T,Chr07,29104350,0.0165382588326937,9836,FALSE
Pv2.1_08_59027827_A/G,Chr08,59027827,0.0165368591627537,9837,FALSE
Pv2.1_08_59027829_C/A,Chr08,59027829,0.0165368591627537,9838,FALSE
Pv2.1_07_8275887_TTAG/T,Chr07,8275887,0.016534918398369,9839,FALSE
Pv2.1_05_3739664_T/A,Chr05,3739664,0.0165338864349995,9840,FALSE
Pv2.1_08_12163608_C/T,Chr08,12163608,0.0165331970182914,9841,FALSE
Pv2.1_05_40443863_G/C,Chr05,40443863,0.0165292403959096,9842,FALSE
Pv2.1_05_481057_G/C,Chr05,481057,0.0165247974979801,9843,FALSE
Pv2.1_08_61341555_A/T,Chr08,61341555,0.0165238404028605,9844,FALSE
Pv2.1_04_1645733_G/C,Chr04,1645733,0.0165237404887821,9845,FALSE
Pv2.1_02_45510434_A/G,Chr02,45510434,0.0165209175059422,9846,FALSE
Pv2.1_09_38191080_C/A,Chr09,38191080,0.0165205888091258,9847,FALSE
Pv2.1_08_61844352_G/A,Chr08,61844352,0.016520125935382,9848,FALSE
Pv2.1_05_9214200_T/C,Chr05,9214200,0.0165194915045777,9849,FALSE
Pv2.1_05_40760913_A/G,Chr05,40760913,0.0165171834495772,9850,FALSE
Pv2.1_06_28946869_T/A,Chr06,28946869,0.0165149956407031,9851,FALSE
Pv2.1_04_522425_G/A,Chr04,522425,0.0165122704155589,9852,FALSE
Pv2.1_08_62787637_C/A,Chr08,62787637,0.0165099703827245,9853,FALSE
Pv2.1_11_51020744_G/A,Chr11,51020744,0.0165076933400443,9854,FALSE
Pv2.1_10_43607409_A/C,Chr10,43607409,0.0165067667673973,9855,FALSE
Pv2.1_10_8925153_G/T,Chr10,8925153,0.0165056997685906,9856,FALSE
Pv2.1_08_61206855_A/G,Chr08,61206855,0.016503929084204,9857,FALSE
Pv2.1_07_6963602_G/A,Chr07,6963602,0.0165028217445351,9858,FALSE
Pv2.1_03_51587447_C/T,Chr03,51587447,0.0165015239606392,9859,FALSE
Pv2.1_03_52495251_T/C,Chr03,52495251,0.0165006907313225,9860,FALSE
Pv2.1_04_44784965_T/C,Chr04,44784965,0.0165005351137673,9861,FALSE
Pv2.1_04_44784976_G/A,Chr04,44784976,0.0165005351137673,9862,FALSE
Pv2.1_03_51575497_C/T,Chr03,51575497,0.0164978101468716,9863,FALSE
Pv2.1_02_47491611_A/T,Chr02,47491611,0.0164932688799366,9864,FALSE
Pv2.1_07_35375373_A/G,Chr07,35375373,0.0164923262843928,9865,FALSE
Pv2.1_03_53339294_T/G,Chr03,53339294,0.0164915321870547,9866,FALSE
Pv2.1_04_2176671_G/A,Chr04,2176671,0.016491511746636,9867,FALSE
Pv2.1_06_23977827_T/A,Chr06,23977827,0.0164913930308237,9868,FALSE
Pv2.1_06_25687822_A/T,Chr06,25687822,0.0164899059179016,9869,FALSE
Pv2.1_08_62934505_A/T,Chr08,62934505,0.0164896699952717,9870,FALSE
Pv2.1_05_464695_C/T,Chr05,464695,0.0164894472184365,9871,FALSE
Pv2.1_01_49276084_T/C,Chr01,49276084,0.016488157175508,9872,FALSE
Pv2.1_07_152930_C/T,Chr07,152930,0.0164851389083021,9873,FALSE
Pv2.1_09_37603653_T/A,Chr09,37603653,0.016485009488739,9874,FALSE
Pv2.1_02_2473334_C/T,Chr02,2473334,0.0164843492435245,9875,FALSE
Pv2.1_07_39413112_T/C,Chr07,39413112,0.0164837601496801,9876,FALSE
Pv2.1_07_3274074_G/T,Chr07,3274074,0.0164826410880137,9877,FALSE
Pv2.1_07_35718527_G/A,Chr07,35718527,0.016473381171302,9878,FALSE
Pv2.1_07_9330379_T/C,Chr07,9330379,0.0164701819216524,9879,FALSE
Pv2.1_10_23852859_T/C,Chr10,23852859,0.0164690914199754,9880,FALSE
Pv2.1_10_43507817_C/T,Chr10,43507817,0.016463758401573,9881,FALSE
Pv2.1_06_29458200_T/C,Chr06,29458200,0.0164613095729607,9882,FALSE
Pv2.1_11_2493735_A/T,Chr11,2493735,0.0164605462422598,9883,FALSE
Pv2.1_09_22533951_A/G,Chr09,22533951,0.0164522222953893,9884,FALSE
Pv2.1_10_6495216_G/T,Chr10,6495216,0.0164456861066546,9885,FALSE
Pv2.1_09_10614963_C/T,Chr09,10614963,0.0164419879716524,9886,FALSE
Pv2.1_01_51062842_A/T,Chr01,51062842,0.0164415548921366,9887,FALSE
Pv2.1_01_51062851_A/G,Chr01,51062851,0.0164415548921366,9888,FALSE
Pv2.1_09_14451667_G/TTTT,Chr09,14451667,0.0164410607996675,9889,FALSE
Pv2.1_07_23958890_C/T,Chr07,23958890,0.0164375099494194,9890,FALSE
Pv2.1_08_59931590_C/T,Chr08,59931590,0.0164358998794731,9891,FALSE
Pv2.1_09_37799907_C/T,Chr09,37799907,0.0164350629955043,9892,FALSE
Pv2.1_06_23251082_T/G,Chr06,23251082,0.0164330088597673,9893,FALSE
Pv2.1_09_36526311_C/T,Chr09,36526311,0.016425932623668,9894,FALSE
Pv2.1_02_40132809_C/A,Chr02,40132809,0.0164258530236219,9895,FALSE
Pv2.1_11_32113538_T/C,Chr11,32113538,0.0164197349673714,9896,FALSE
Pv2.1_09_37964585_T/A,Chr09,37964585,0.0164184729312087,9897,FALSE
Pv2.1_01_2283892_G/A,Chr01,2283892,0.0164141891626368,9898,FALSE
Pv2.1_11_30441034_A/C,Chr11,30441034,0.016410634114445,9899,FALSE
Pv2.1_06_19233059_T/C,Chr06,19233059,0.0164079407433024,9900,FALSE
Pv2.1_06_19233079_G/A,Chr06,19233079,0.0164079407433024,9901,FALSE
Pv2.1_01_1966665_C/T,Chr01,1966665,0.0164079110299262,9902,FALSE
Pv2.1_05_394641_T/G,Chr05,394641,0.0164034960787069,9903,FALSE
Pv2.1_07_28378098_T/G,Chr07,28378098,0.0164027875360526,9904,FALSE
Pv2.1_07_4014350_C/T,Chr07,4014350,0.0164017451148428,9905,FALSE
Pv2.1_09_14082844_C/T,Chr09,14082844,0.0163974876224922,9906,FALSE
Pv2.1_06_27886181_G/T,Chr06,27886181,0.0163957404562258,9907,FALSE
Pv2.1_06_24112932_G/A,Chr06,24112932,0.0163949262077341,9908,FALSE
Pv2.1_02_45687461_T/C,Chr02,45687461,0.0163944815248724,9909,FALSE
Pv2.1_02_3084592_T/C,Chr02,3084592,0.0163929116114381,9910,FALSE
Pv2.1_06_25324280_C/T,Chr06,25324280,0.0163893245642743,9911,FALSE
Pv2.1_09_22410778_T/C,Chr09,22410778,0.0163861615326488,9912,FALSE
Pv2.1_07_1970334_G/C,Chr07,1970334,0.016383912299196,9913,FALSE
Pv2.1_08_9931304_A/C,Chr08,9931304,0.0163827936805352,9914,FALSE
Pv2.1_03_12733817_A/T,Chr03,12733817,0.0163826444694672,9915,FALSE
Pv2.1_05_40460713_G/T,Chr05,40460713,0.0163821769087393,9916,FALSE
Pv2.1_02_47302339_C/G,Chr02,47302339,0.0163814469551613,9917,FALSE
Pv2.1_02_25437954_A/G,Chr02,25437954,0.016380030174838,9918,FALSE
Pv2.1_09_14556251_A/G,Chr09,14556251,0.0163792105856015,9919,FALSE
Pv2.1_07_33533080_G/A,Chr07,33533080,0.0163774030150856,9920,FALSE
Pv2.1_08_9763950_G/T,Chr08,9763950,0.016377167238089,9921,FALSE
Pv2.1_10_3834396_T/A,Chr10,3834396,0.016376481492602,9922,FALSE
Pv2.1_04_2395745_T/C,Chr04,2395745,0.0163754643477723,9923,FALSE
Pv2.1_06_24198199_A/C,Chr06,24198199,0.0163744755589286,9924,FALSE
Pv2.1_08_11528577_A/G,Chr08,11528577,0.0163595300433448,9925,FALSE
Pv2.1_08_57579096_A/G,Chr08,57579096,0.0163591311242852,9926,FALSE
Pv2.1_08_6001374_C/T,Chr08,6001374,0.0163581949248286,9927,FALSE
Pv2.1_07_194941_A/T,Chr07,194941,0.016354192322694,9928,FALSE
Pv2.1_05_27002662_T/A,Chr05,27002662,0.0163476039955213,9929,FALSE
Pv2.1_09_37679730_A/T,Chr09,37679730,0.0163461958309163,9930,FALSE
Pv2.1_06_28022575_G/A,Chr06,28022575,0.0163456433806348,9931,FALSE
Pv2.1_11_34070930_C/A,Chr11,34070930,0.0163455681999083,9932,FALSE
Pv2.1_01_49728198_T/G,Chr01,49728198,0.0163450485177212,9933,FALSE
Pv2.1_03_42226387_A/C,Chr03,42226387,0.016343121391424,9934,FALSE
Pv2.1_08_3430170_C/T,Chr08,3430170,0.016340661145557,9935,FALSE
Pv2.1_08_61360885_T/G,Chr08,61360885,0.016339611943692,9936,FALSE
Pv2.1_11_2160014_C/A,Chr11,2160014,0.0163393869289323,9937,FALSE
Pv2.1_08_59634322_G/C,Chr08,59634322,0.0163384546809637,9938,FALSE
Pv2.1_08_60975831_A/G,Chr08,60975831,0.0163377463427201,9939,FALSE
Pv2.1_08_60045691_C/G,Chr08,60045691,0.0163377171718491,9940,FALSE
Pv2.1_11_47185843_T/C,Chr11,47185843,0.0163357236027903,9941,FALSE
Pv2.1_06_19247497_T/C,Chr06,19247497,0.0163350270478349,9942,FALSE
Pv2.1_10_44211585_G/A,Chr10,44211585,0.0163327430802509,9943,FALSE
Pv2.1_08_18829756_G/A,Chr08,18829756,0.0163256149762101,9944,FALSE
Pv2.1_07_4549470_A/AT,Chr07,4549470,0.016322761948365,9945,FALSE
Pv2.1_07_8715186_A/T,Chr07,8715186,0.0163210965906675,9946,FALSE
Pv2.1_11_51766376_T/C,Chr11,51766376,0.0163206046737923,9947,FALSE
Pv2.1_06_27815589_G/T,Chr06,27815589,0.0163202410899341,9948,FALSE
Pv2.1_10_44169457_G/A,Chr10,44169457,0.0163177104550742,9949,FALSE
Pv2.1_06_18392444_A/T,Chr06,18392444,0.0163176003609657,9950,FALSE
Pv2.1_09_38104976_C/T,Chr09,38104976,0.0163172853426143,9951,FALSE
Pv2.1_07_28343336_T/C,Chr07,28343336,0.0163109864317481,9952,FALSE
Pv2.1_02_12667004_G/T,Chr02,12667004,0.0163085408051784,9953,FALSE
Pv2.1_02_12667007_G/T,Chr02,12667007,0.0163085408051784,9954,FALSE
Pv2.1_08_7817227_G/A,Chr08,7817227,0.0163069300452765,9955,FALSE
Pv2.1_08_60982396_C/G,Chr08,60982396,0.0163064832856716,9956,FALSE
Pv2.1_08_60348221_A/T,Chr08,60348221,0.0163004330159993,9957,FALSE
Pv2.1_11_17491636_G/C,Chr11,17491636,0.0162995479177601,9958,FALSE
Pv2.1_06_7000134_C/T,Chr06,7000134,0.0162976403292956,9959,FALSE
Pv2.1_10_4906848_G/C,Chr10,4906848,0.0162963227868094,9960,FALSE
Pv2.1_02_47621609_G/T,Chr02,47621609,0.0162949438224906,9961,FALSE
Pv2.1_05_10771643_T/C,Chr05,10771643,0.0162948671708483,9962,FALSE
Pv2.1_06_3707842_A/G,Chr06,3707842,0.0162947436260565,9963,FALSE
Pv2.1_01_49271006_A/AGGATAT,Chr01,49271006,0.0162900540386497,9964,FALSE
Pv2.1_08_56268545_T/C,Chr08,56268545,0.0162890992009488,9965,FALSE
Pv2.1_08_52812966_T/C,Chr08,52812966,0.0162870915405859,9966,FALSE
Pv2.1_10_41351284_G/A,Chr10,41351284,0.0162854442120421,9967,FALSE
Pv2.1_09_36161378_G/C,Chr09,36161378,0.0162853895479484,9968,FALSE
Pv2.1_03_36379533_A/T,Chr03,36379533,0.0162845204301143,9969,FALSE
Pv2.1_05_465052_C/T,Chr05,465052,0.0162768501439938,9970,FALSE
Pv2.1_09_37752694_G/A,Chr09,37752694,0.0162730171269367,9971,FALSE
Pv2.1_08_9419311_T/C,Chr08,9419311,0.0162675126062162,9972,FALSE
Pv2.1_08_59115611_T/C,Chr08,59115611,0.0162669114679792,9973,FALSE
Pv2.1_08_59931515_A/C,Chr08,59931515,0.0162622801022541,9974,FALSE
Pv2.1_11_473592_A/AT,Chr11,473592,0.0162616663934454,9975,FALSE
Pv2.1_11_32786_T/C,Chr11,32786,0.0162590397827187,9976,FALSE
Pv2.1_06_21220311_C/CA,Chr06,21220311,0.0162577208945387,9977,FALSE
Pv2.1_07_34489870_C/G,Chr07,34489870,0.0162566185832871,9978,FALSE
Pv2.1_03_42944158_A/T,Chr03,42944158,0.0162562873802985,9979,FALSE
Pv2.1_07_28380581_T/A,Chr07,28380581,0.0162530386949955,9980,FALSE
Pv2.1_07_8715179_A/T,Chr07,8715179,0.0162527557259815,9981,FALSE
Pv2.1_02_28046154_G/A,Chr02,28046154,0.0162463422330164,9982,FALSE
Pv2.1_04_8044213_G/A,Chr04,8044213,0.0162428488240622,9983,FALSE
Pv2.1_08_9409833_T/G,Chr08,9409833,0.0162376090103677,9984,FALSE
Pv2.1_11_25671075_C/T,Chr11,25671075,0.0162362350751391,9985,FALSE
Pv2.1_09_36508155_A/C,Chr09,36508155,0.0162344754294907,9986,FALSE
Pv2.1_04_28293_G/A,Chr04,28293,0.0162344405815991,9987,FALSE
Pv2.1_08_60796317_C/A,Chr08,60796317,0.0162310816716493,9988,FALSE
Pv2.1_06_22186002_A/C,Chr06,22186002,0.0162307651020512,9989,FALSE
Pv2.1_08_9129918_A/T,Chr08,9129918,0.0162302687472446,9990,FALSE
Pv2.1_08_61880054_C/G,Chr08,61880054,0.0162290833160355,9991,FALSE
Pv2.1_08_61880063_T/C,Chr08,61880063,0.0162290833160355,9992,FALSE
Pv2.1_02_17399476_T/TG,Chr02,17399476,0.0162282519358974,9993,FALSE
Pv2.1_06_21630931_A/C,Chr06,21630931,0.0162238980931662,9994,FALSE
Pv2.1_09_37221488_T/C,Chr09,37221488,0.016223613748656,9995,FALSE
Pv2.1_03_12728321_A/T,Chr03,12728321,0.0162231805699311,9996,FALSE
Pv2.1_10_1974385_G/C,Chr10,1974385,0.0162213624192789,9997,FALSE
Pv2.1_08_9419261_C/T,Chr08,9419261,0.0162199414015087,9998,FALSE
Pv2.1_09_37879304_A/C,Chr09,37879304,0.0162190077476732,9999,FALSE
Pv2.1_06_24148475_T/A,Chr06,24148475,0.0162187190685157,10000,FALSE
Pv2.1_03_53324978_T/A,Chr03,53324978,0.0162150751864107,10001,FALSE
Pv2.1_07_9089337_A/T,Chr07,9089337,0.0162138098800289,10002,FALSE
Pv2.1_07_9089347_G/C,Chr07,9089347,0.0162138098800289,10003,FALSE
Pv2.1_06_27547599_C/T,Chr06,27547599,0.0162080616143028,10004,FALSE
Pv2.1_03_33350971_G/A,Chr03,33350971,0.0162042941013922,10005,FALSE
Pv2.1_08_59203117_GTT/G,Chr08,59203117,0.016200812964013,10006,FALSE
Pv2.1_11_50397646_T/A,Chr11,50397646,0.0161990920854915,10007,FALSE
Pv2.1_11_30441016_G/A,Chr11,30441016,0.0161896510104658,10008,FALSE
Pv2.1_10_41561580_C/T,Chr10,41561580,0.0161882976385503,10009,FALSE
Pv2.1_06_15112062_A/G,Chr06,15112062,0.016186300021066,10010,FALSE
Pv2.1_01_49277298_G/A,Chr01,49277298,0.0161836936926298,10011,FALSE
Pv2.1_07_29259343_T/G,Chr07,29259343,0.0161832141931497,10012,FALSE
Pv2.1_06_21215236_A/G,Chr06,21215236,0.0161822337813713,10013,FALSE
Pv2.1_07_36203206_G/A,Chr07,36203206,0.0161805122884244,10014,FALSE
Pv2.1_10_44080195_GTGTAA/G,Chr10,44080195,0.0161797501917071,10015,FALSE
Pv2.1_07_6601675_G/A,Chr07,6601675,0.0161794936919488,10016,FALSE
Pv2.1_05_38890782_T/A,Chr05,38890782,0.0161710035665874,10017,FALSE
Pv2.1_05_38890794_A/T,Chr05,38890794,0.0161710035665874,10018,FALSE
Pv2.1_03_45318342_T/G,Chr03,45318342,0.0161708081449459,10019,FALSE
Pv2.1_08_62952292_C/G,Chr08,62952292,0.0161705483847121,10020,FALSE
Pv2.1_08_11444633_C/T,Chr08,11444633,0.0161688017142896,10021,FALSE
Pv2.1_01_51318874_A/G,Chr01,51318874,0.0161684795442349,10022,FALSE
Pv2.1_08_62952100_A/G,Chr08,62952100,0.0161681157472828,10023,FALSE
Pv2.1_04_2356809_G/A,Chr04,2356809,0.0161628735724917,10024,FALSE
Pv2.1_07_36796001_A/G,Chr07,36796001,0.0161604781057418,10025,FALSE
Pv2.1_03_549568_A/G,Chr03,549568,0.0161603050362689,10026,FALSE
Pv2.1_11_1604540_G/A,Chr11,1604540,0.0161584313270922,10027,FALSE
Pv2.1_07_36796008_C/G,Chr07,36796008,0.0161543281715613,10028,FALSE
Pv2.1_04_47249965_G/A,Chr04,47249965,0.0161525224704473,10029,FALSE
Pv2.1_04_47249979_T/C,Chr04,47249979,0.0161525224704473,10030,FALSE
Pv2.1_09_37752803_T/A,Chr09,37752803,0.0161514590996443,10031,FALSE
Pv2.1_07_39131187_T/G,Chr07,39131187,0.0161513335192423,10032,FALSE
Pv2.1_08_59931517_G/A,Chr08,59931517,0.0161506802596065,10033,FALSE
Pv2.1_01_445835_A/C,Chr01,445835,0.0161493612135253,10034,FALSE
Pv2.1_11_50397708_A/T,Chr11,50397708,0.0161432833986694,10035,FALSE
Pv2.1_05_1897414_C/T,Chr05,1897414,0.016141494419732,10036,FALSE
Pv2.1_02_2767930_G/C,Chr02,2767930,0.0161410995130029,10037,FALSE
Pv2.1_09_14645261_C/T,Chr09,14645261,0.0161401049862913,10038,FALSE
Pv2.1_01_48611605_A/T,Chr01,48611605,0.0161396365243789,10039,FALSE
Pv2.1_07_184372_T/A,Chr07,184372,0.0161354305734855,10040,FALSE
Pv2.1_09_7815436_G/T,Chr09,7815436,0.0161332671158143,10041,FALSE
Pv2.1_10_41561556_G/A,Chr10,41561556,0.0161328840695023,10042,FALSE
Pv2.1_03_53066904_TC/T,Chr03,53066904,0.0161308853052384,10043,FALSE
Pv2.1_08_60450991_G/A,Chr08,60450991,0.0161257540108783,10044,FALSE
Pv2.1_08_60362393_A/G,Chr08,60362393,0.016119731968733,10045,FALSE
Pv2.1_11_47185970_C/T,Chr11,47185970,0.0161180587253553,10046,FALSE
Pv2.1_08_10772127_A/T,Chr08,10772127,0.0161142010457724,10047,FALSE
Pv2.1_06_13641605_G/T,Chr06,13641605,0.016112862760683,10048,FALSE
Pv2.1_07_36645454_C/A,Chr07,36645454,0.0161109121050158,10049,FALSE
Pv2.1_07_36645438_A/T,Chr07,36645438,0.0161104643620966,10050,FALSE
Pv2.1_08_62807751_G/A,Chr08,62807751,0.0161103027057257,10051,FALSE
Pv2.1_11_51314323_T/A,Chr11,51314323,0.0161025234154497,10052,FALSE
Pv2.1_08_9861988_G/GA,Chr08,9861988,0.016102239028414,10053,FALSE
Pv2.1_08_60249774_A/G,Chr08,60249774,0.0160996389407821,10054,FALSE
Pv2.1_06_8131138_G/A,Chr06,8131138,0.0160990021034668,10055,FALSE
Pv2.1_09_35520413_G/A,Chr09,35520413,0.0160989513888636,10056,FALSE
Pv2.1_08_61664158_A/T,Chr08,61664158,0.0160982049284799,10057,FALSE
Pv2.1_05_38930156_A/C,Chr05,38930156,0.0160966605168342,10058,FALSE
Pv2.1_11_51046805_C/A,Chr11,51046805,0.0160955819948256,10059,FALSE
Pv2.1_06_28226194_C/G,Chr06,28226194,0.0160929475873863,10060,FALSE
Pv2.1_06_28226219_A/C,Chr06,28226219,0.0160929475873863,10061,FALSE
Pv2.1_08_56216458_C/T,Chr08,56216458,0.0160907795666865,10062,FALSE
Pv2.1_06_18933446_C/A,Chr06,18933446,0.0160870993907958,10063,FALSE
Pv2.1_08_10772273_C/T,Chr08,10772273,0.0160870728801479,10064,FALSE
Pv2.1_06_24103982_C/CA,Chr06,24103982,0.0160846347922488,10065,FALSE
Pv2.1_06_21970118_G/T,Chr06,21970118,0.0160838690287481,10066,FALSE
Pv2.1_08_62007626_A/T,Chr08,62007626,0.0160806937777931,10067,FALSE
Pv2.1_06_18407802_G/T,Chr06,18407802,0.0160805156956942,10068,FALSE
Pv2.1_11_1325179_A/T,Chr11,1325179,0.0160786375507316,10069,FALSE
Pv2.1_08_63019050_T/C,Chr08,63019050,0.0160761133760268,10070,FALSE
Pv2.1_06_21423532_C/T,Chr06,21423532,0.0160726618267599,10071,FALSE
Pv2.1_11_29504397_G/A,Chr11,29504397,0.0160715896799708,10072,FALSE
Pv2.1_02_10519991_C/T,Chr02,10519991,0.0160704799362086,10073,FALSE
Pv2.1_08_14466108_G/T,Chr08,14466108,0.0160699943296323,10074,FALSE
Pv2.1_01_51227097_A/G,Chr01,51227097,0.0160654437330461,10075,FALSE
Pv2.1_04_41394718_G/A,Chr04,41394718,0.0160567054381553,10076,FALSE
Pv2.1_03_30385406_G/A,Chr03,30385406,0.0160518423277964,10077,FALSE
Pv2.1_01_1193855_A/G,Chr01,1193855,0.0160506402178946,10078,FALSE
Pv2.1_10_5344234_T/C,Chr10,5344234,0.0160499196502588,10079,FALSE
Pv2.1_07_33523272_G/T,Chr07,33523272,0.0160473138754811,10080,FALSE
Pv2.1_09_13940749_T/A,Chr09,13940749,0.0160452674932978,10081,FALSE
Pv2.1_01_51308744_T/C,Chr01,51308744,0.0160363564060884,10082,FALSE
Pv2.1_09_36508167_T/C,Chr09,36508167,0.0160339037498347,10083,FALSE
Pv2.1_02_48727339_G/A,Chr02,48727339,0.0160247945032319,10084,FALSE
Pv2.1_02_1584321_A/T,Chr02,1584321,0.016022576725355,10085,FALSE
Pv2.1_02_1584329_T/A,Chr02,1584329,0.016022576725355,10086,FALSE
Pv2.1_10_41562051_T/G,Chr10,41562051,0.0160211131232737,10087,FALSE
Pv2.1_06_19549867_A/G,Chr06,19549867,0.0160160835823273,10088,FALSE
Pv2.1_07_992391_T/C,Chr07,992391,0.0160152863178187,10089,FALSE
Pv2.1_04_1317115_G/T,Chr04,1317115,0.0160094896693566,10090,FALSE
Pv2.1_08_10017911_C/T,Chr08,10017911,0.0160068748215045,10091,FALSE
Pv2.1_11_47178666_C/G,Chr11,47178666,0.0160061868184749,10092,FALSE
Pv2.1_01_46476557_AT/A,Chr01,46476557,0.0160042241879355,10093,FALSE
Pv2.1_01_46476617_T/A,Chr01,46476617,0.0160042241879355,10094,FALSE
Pv2.1_09_35981300_A/G,Chr09,35981300,0.0160030498003581,10095,FALSE
Pv2.1_08_7765371_A/T,Chr08,7765371,0.016002403992109,10096,FALSE
Pv2.1_07_19380447_G/A,Chr07,19380447,0.0160017147538856,10097,FALSE
Pv2.1_06_15482120_G/C,Chr06,15482120,0.0160010278688207,10098,FALSE
Pv2.1_06_28153117_G/A,Chr06,28153117,0.0160008457018117,10099,FALSE
Pv2.1_02_13603725_T/A,Chr02,13603725,0.0160001103263818,10100,FALSE
Pv2.1_08_54033604_A/G,Chr08,54033604,0.0159976376605946,10101,FALSE
Pv2.1_06_21019770_A/G,Chr06,21019770,0.0159971321920636,10102,FALSE
Pv2.1_07_194902_C/G,Chr07,194902,0.0159959886446091,10103,FALSE
Pv2.1_08_61880092_C/T,Chr08,61880092,0.0159950139880984,10104,FALSE
Pv2.1_10_36247251_T/C,Chr10,36247251,0.0159913576304498,10105,FALSE
Pv2.1_08_62952267_A/G,Chr08,62952267,0.0159854523408591,10106,FALSE
Pv2.1_08_20369198_T/C,Chr08,20369198,0.0159812405533781,10107,FALSE
Pv2.1_05_5652470_G/GT,Chr05,5652470,0.0159796120717477,10108,FALSE
Pv2.1_09_38219084_T/G,Chr09,38219084,0.0159738086107337,10109,FALSE
Pv2.1_08_62553178_A/T,Chr08,62553178,0.0159735885870638,10110,FALSE
Pv2.1_03_12181370_TACACA/T,Chr03,12181370,0.0159726831903231,10111,FALSE
Pv2.1_06_28273143_A/C,Chr06,28273143,0.0159722984315014,10112,FALSE
Pv2.1_10_8944065_G/T,Chr10,8944065,0.0159671503844496,10113,FALSE
Pv2.1_01_49221261_C/T,Chr01,49221261,0.0159670528518925,10114,FALSE
Pv2.1_08_60542661_T/G,Chr08,60542661,0.0159635524125403,10115,FALSE
Pv2.1_02_40032600_T/C,Chr02,40032600,0.0159576701910833,10116,FALSE
Pv2.1_08_60726821_C/T,Chr08,60726821,0.0159550558192696,10117,FALSE
Pv2.1_09_35990197_T/C,Chr09,35990197,0.0159544396105766,10118,FALSE
Pv2.1_03_33311932_C/T,Chr03,33311932,0.0159523920791642,10119,FALSE
Pv2.1_08_60683241_C/T,Chr08,60683241,0.0159504943780027,10120,FALSE
Pv2.1_09_38211105_T/A,Chr09,38211105,0.0159499898052839,10121,FALSE
Pv2.1_09_22253822_G/A,Chr09,22253822,0.0159491015354494,10122,FALSE
Pv2.1_08_8451247_G/T,Chr08,8451247,0.0159417061871947,10123,FALSE
Pv2.1_08_60239990_G/A,Chr08,60239990,0.0159382488407194,10124,FALSE
Pv2.1_05_3755562_T/C,Chr05,3755562,0.0159354962101492,10125,FALSE
Pv2.1_08_60479656_C/T,Chr08,60479656,0.015934257193698,10126,FALSE
Pv2.1_02_2404781_C/T,Chr02,2404781,0.0159318765470484,10127,FALSE
Pv2.1_06_18933456_G/A,Chr06,18933456,0.0159298944784236,10128,FALSE
Pv2.1_08_59973175_C/T,Chr08,59973175,0.0159295353947324,10129,FALSE
Pv2.1_08_62767020_G/A,Chr08,62767020,0.0159261107868698,10130,FALSE
Pv2.1_10_44183789_A/C,Chr10,44183789,0.0159214675455694,10131,FALSE
Pv2.1_06_28774138_G/C,Chr06,28774138,0.0159163862516256,10132,FALSE
Pv2.1_06_28774142_G/A,Chr06,28774142,0.0159163862516256,10133,FALSE
Pv2.1_07_9488687_T/A,Chr07,9488687,0.0159125200942882,10134,FALSE
Pv2.1_10_42270358_A/G,Chr10,42270358,0.0159113494176273,10135,FALSE
Pv2.1_07_29259414_A/C,Chr07,29259414,0.0159107220761197,10136,FALSE
Pv2.1_05_38455802_C/T,Chr05,38455802,0.0159095614632592,10137,FALSE
Pv2.1_10_44077499_A/G,Chr10,44077499,0.0159065416045387,10138,FALSE
Pv2.1_06_7000090_G/A,Chr06,7000090,0.015904691030638,10139,FALSE
Pv2.1_02_3408012_C/A,Chr02,3408012,0.0158954200588202,10140,FALSE
Pv2.1_07_36963738_G/A,Chr07,36963738,0.0158893765533081,10141,FALSE
Pv2.1_08_8748648_G/T,Chr08,8748648,0.0158870914678921,10142,FALSE
Pv2.1_08_60472001_T/A,Chr08,60472001,0.0158868093275504,10143,FALSE
Pv2.1_09_22312660_C/G,Chr09,22312660,0.0158848631361681,10144,FALSE
Pv2.1_10_4469675_GTC/G,Chr10,4469675,0.0158829714608526,10145,FALSE
Pv2.1_10_40397482_C/T,Chr10,40397482,0.015881139990177,10146,FALSE
Pv2.1_02_26957428_C/G,Chr02,26957428,0.0158763161849853,10147,FALSE
Pv2.1_01_446205_G/T,Chr01,446205,0.0158748708391463,10148,FALSE
Pv2.1_08_62315116_A/T,Chr08,62315116,0.0158744668907245,10149,FALSE
Pv2.1_10_42635900_C/T,Chr10,42635900,0.0158736165045452,10150,FALSE
Pv2.1_08_1437176_C/A,Chr08,1437176,0.0158731175567786,10151,FALSE
Pv2.1_08_10772305_G/A,Chr08,10772305,0.0158720957443035,10152,FALSE
Pv2.1_08_10772327_A/C,Chr08,10772327,0.0158720957443035,10153,FALSE
Pv2.1_09_7581259_A/G,Chr09,7581259,0.0158671490501785,10154,FALSE
Pv2.1_06_27157000_C/A,Chr06,27157000,0.0158663849050633,10155,FALSE
Pv2.1_08_62537000_C/T,Chr08,62537000,0.0158630456399615,10156,FALSE
Pv2.1_08_60121265_C/T,Chr08,60121265,0.0158628324928269,10157,FALSE
Pv2.1_08_60714843_C/T,Chr08,60714843,0.015861940334279,10158,FALSE
Pv2.1_08_61483147_G/T,Chr08,61483147,0.0158603182112862,10159,FALSE
Pv2.1_08_7941175_A/G,Chr08,7941175,0.0158599227742178,10160,FALSE
Pv2.1_07_34507411_A/G,Chr07,34507411,0.0158521815196879,10161,FALSE
Pv2.1_11_52617212_A/T,Chr11,52617212,0.0158518479438472,10162,FALSE
Pv2.1_09_35889891_G/C,Chr09,35889891,0.0158497713565113,10163,FALSE
Pv2.1_09_35889909_T/C,Chr09,35889909,0.0158497713565113,10164,FALSE
Pv2.1_06_28273144_C/T,Chr06,28273144,0.0158487937069411,10165,FALSE
Pv2.1_01_495817_T/A,Chr01,495817,0.0158483365407687,10166,FALSE
Pv2.1_06_29674691_AATG/A,Chr06,29674691,0.0158475374659712,10167,FALSE
Pv2.1_07_35999580_G/A,Chr07,35999580,0.0158473720600325,10168,FALSE
Pv2.1_07_35999584_G/A,Chr07,35999584,0.0158473720600325,10169,FALSE
Pv2.1_06_19472676_C/T,Chr06,19472676,0.0158453022923171,10170,FALSE
Pv2.1_08_18669162_G/A,Chr08,18669162,0.0158434987429281,10171,FALSE
Pv2.1_03_53030259_C/T,Chr03,53030259,0.0158416867856523,10172,FALSE
Pv2.1_05_8938153_G/A,Chr05,8938153,0.015839852082268,10173,FALSE
Pv2.1_04_42190080_C/T,Chr04,42190080,0.0158378741170657,10174,FALSE
Pv2.1_01_656052_C/G,Chr01,656052,0.0158374365524887,10175,FALSE
Pv2.1_05_37924650_G/A,Chr05,37924650,0.0158349623541718,10176,FALSE
Pv2.1_03_52993624_T/C,Chr03,52993624,0.0158318906938373,10177,FALSE
Pv2.1_09_36079859_A/G,Chr09,36079859,0.0158295975524227,10178,FALSE
Pv2.1_01_6429872_T/C,Chr01,6429872,0.0158209505954381,10179,FALSE
Pv2.1_07_188295_C/CT,Chr07,188295,0.0158207603624274,10180,FALSE
Pv2.1_06_18558717_G/C,Chr06,18558717,0.0158190468238546,10181,FALSE
Pv2.1_11_50397904_A/T,Chr11,50397904,0.0158171418326871,10182,FALSE
Pv2.1_05_11873727_G/C,Chr05,11873727,0.0158133559956477,10183,FALSE
Pv2.1_10_43183512_A/G,Chr10,43183512,0.0158128786098879,10184,FALSE
Pv2.1_08_62537024_T/G,Chr08,62537024,0.0158109956959902,10185,FALSE
Pv2.1_08_62494861_A/G,Chr08,62494861,0.0158101251148022,10186,FALSE
Pv2.1_08_60390864_T/C,Chr08,60390864,0.0158070559513583,10187,FALSE
Pv2.1_08_21158637_A/G,Chr08,21158637,0.015805862399898,10188,FALSE
Pv2.1_07_32673725_T/G,Chr07,32673725,0.0158041645837326,10189,FALSE
Pv2.1_08_62753697_A/G,Chr08,62753697,0.0157981197485504,10190,FALSE
Pv2.1_08_61896163_G/A,Chr08,61896163,0.0157957129840258,10191,FALSE
Pv2.1_11_40310448_A/G,Chr11,40310448,0.0157926968981235,10192,FALSE
Pv2.1_08_60190150_C/T,Chr08,60190150,0.0157872796016449,10193,FALSE
Pv2.1_08_62212438_C/G,Chr08,62212438,0.0157831901062413,10194,FALSE
Pv2.1_08_62943333_C/T,Chr08,62943333,0.0157826592830315,10195,FALSE
Pv2.1_04_42145879_C/T,Chr04,42145879,0.0157823748497146,10196,FALSE
Pv2.1_04_42145913_T/A,Chr04,42145913,0.0157823748497146,10197,FALSE
Pv2.1_04_42145939_C/T,Chr04,42145939,0.0157823748497146,10198,FALSE
Pv2.1_03_10579848_G/A,Chr03,10579848,0.0157787117046975,10199,FALSE
Pv2.1_09_36028485_C/G,Chr09,36028485,0.0157769104278156,10200,FALSE
Pv2.1_07_8220648_T/A,Chr07,8220648,0.0157736925079037,10201,FALSE
Pv2.1_07_7907767_C/T,Chr07,7907767,0.0157677064675021,10202,FALSE
Pv2.1_06_27578663_G/A,Chr06,27578663,0.0157644855046097,10203,FALSE
Pv2.1_06_27578685_A/G,Chr06,27578685,0.0157630225089207,10204,FALSE
Pv2.1_06_27578698_G/A,Chr06,27578698,0.0157630225089207,10205,FALSE
Pv2.1_02_28264383_G/T,Chr02,28264383,0.0157565760288159,10206,FALSE
Pv2.1_05_38268213_T/C,Chr05,38268213,0.01575287622647,10207,FALSE
Pv2.1_11_4662228_T/G,Chr11,4662228,0.0157521085112724,10208,FALSE
Pv2.1_06_24233499_G/A,Chr06,24233499,0.0157511569452993,10209,FALSE
Pv2.1_06_24799614_A/AAT,Chr06,24799614,0.0157471877921984,10210,FALSE
Pv2.1_08_62082062_AT/A,Chr08,62082062,0.0157364639970519,10211,FALSE
Pv2.1_06_15383408_T/A,Chr06,15383408,0.0157361754375369,10212,FALSE
Pv2.1_06_23658507_T/A,Chr06,23658507,0.0157326416624466,10213,FALSE
Pv2.1_08_61337795_C/G,Chr08,61337795,0.0157296148398518,10214,FALSE
Pv2.1_07_39202205_C/G,Chr07,39202205,0.0157259498926945,10215,FALSE
Pv2.1_06_25610633_G/A,Chr06,25610633,0.0157216432851728,10216,FALSE
Pv2.1_11_35921373_G/A,Chr11,35921373,0.0157210027495505,10217,FALSE
Pv2.1_11_51314299_T/A,Chr11,51314299,0.0157172688352287,10218,FALSE
Pv2.1_06_9560173_C/T,Chr06,9560173,0.0157157791423921,10219,FALSE
Pv2.1_06_25448882_C/T,Chr06,25448882,0.0157156007908856,10220,FALSE
Pv2.1_09_37603735_A/G,Chr09,37603735,0.015714976801541,10221,FALSE
Pv2.1_02_3160595_C/T,Chr02,3160595,0.0157093409332045,10222,FALSE
Pv2.1_10_41403878_G/A,Chr10,41403878,0.0157071693337594,10223,FALSE
Pv2.1_08_62727866_G/T,Chr08,62727866,0.0156981882370193,10224,FALSE
Pv2.1_05_459309_C/T,Chr05,459309,0.0156943409170065,10225,FALSE
Pv2.1_02_1584125_C/T,Chr02,1584125,0.0156882967227068,10226,FALSE
Pv2.1_07_34301880_G/C,Chr07,34301880,0.0156853516702151,10227,FALSE
Pv2.1_03_10999792_A/G,Chr03,10999792,0.0156848295714238,10228,FALSE
Pv2.1_11_40959540_G/A,Chr11,40959540,0.0156805349998947,10229,FALSE
Pv2.1_11_2713443_G/A,Chr11,2713443,0.01567616945449,10230,FALSE
Pv2.1_02_35757324_G/A,Chr02,35757324,0.0156663505951347,10231,FALSE
Pv2.1_08_60390738_A/G,Chr08,60390738,0.0156658935340666,10232,FALSE
Pv2.1_11_47409250_A/T,Chr11,47409250,0.0156656956896959,10233,FALSE
Pv2.1_11_49890729_TAGGGCCTCTAATAGGGT/CAGGGCCTCTAATAGGGC,Chr11,49890729,0.0156655487598143,10234,FALSE
Pv2.1_08_60329791_C/T,Chr08,60329791,0.0156649251141943,10235,FALSE
Pv2.1_03_33564201_C/T,Chr03,33564201,0.0156638572896552,10236,FALSE
Pv2.1_01_51155656_C/G,Chr01,51155656,0.0156607197573222,10237,FALSE
Pv2.1_04_448849_T/C,Chr04,448849,0.0156596381925067,10238,FALSE
Pv2.1_05_38455834_A/G,Chr05,38455834,0.0156579253173192,10239,FALSE
Pv2.1_01_51227170_C/T,Chr01,51227170,0.0156577591876639,10240,FALSE
Pv2.1_06_18250035_C/T,Chr06,18250035,0.0156554673292133,10241,FALSE
Pv2.1_08_59990672_G/T,Chr08,59990672,0.0156517620900609,10242,FALSE
Pv2.1_06_5802866_C/T,Chr06,5802866,0.0156502375878715,10243,FALSE
Pv2.1_01_2174080_A/G,Chr01,2174080,0.0156461863778326,10244,FALSE
Pv2.1_06_28228050_C/G,Chr06,28228050,0.0156428997377747,10245,FALSE
Pv2.1_01_1441989_T/A,Chr01,1441989,0.0156420175080418,10246,FALSE
Pv2.1_08_8233488_T/C,Chr08,8233488,0.0156380820188153,10247,FALSE
Pv2.1_06_25448849_A/G,Chr06,25448849,0.0156380204012847,10248,FALSE
Pv2.1_10_41403881_T/G,Chr10,41403881,0.0156359803587529,10249,FALSE
Pv2.1_04_1601678_T/C,Chr04,1601678,0.0156264932344441,10250,FALSE
Pv2.1_10_41001174_C/T,Chr10,41001174,0.0156251014666324,10251,FALSE
Pv2.1_02_12351099_G/A,Chr02,12351099,0.0156219232116599,10252,FALSE
Pv2.1_11_29025890_G/A,Chr11,29025890,0.0156214670282773,10253,FALSE
Pv2.1_03_52645127_C/G,Chr03,52645127,0.0156201325704037,10254,FALSE
Pv2.1_09_22253804_T/G,Chr09,22253804,0.0156180990355979,10255,FALSE
Pv2.1_01_1034649_T/A,Chr01,1034649,0.015616256083903,10256,FALSE
Pv2.1_05_1415902_CT/C,Chr05,1415902,0.0156151835589569,10257,FALSE
Pv2.1_07_10032604_G/A,Chr07,10032604,0.0156112177607817,10258,FALSE
Pv2.1_11_51585134_A/G,Chr11,51585134,0.0156087212347189,10259,FALSE
Pv2.1_06_25448879_G/A,Chr06,25448879,0.0156071632574064,10260,FALSE
Pv2.1_11_28131179_AC/A,Chr11,28131179,0.0156040768987209,10261,FALSE
Pv2.1_07_35749556_AT/A,Chr07,35749556,0.0156025397207928,10262,FALSE
Pv2.1_02_30918540_G/T,Chr02,30918540,0.0156023658113535,10263,FALSE
Pv2.1_10_40968320_A/G,Chr10,40968320,0.0155936528766931,10264,FALSE
Pv2.1_01_49301985_T/C,Chr01,49301985,0.0155930293523165,10265,FALSE
Pv2.1_02_2620399_A/T,Chr02,2620399,0.0155920398997256,10266,FALSE
Pv2.1_06_27815505_A/C,Chr06,27815505,0.0155856668088274,10267,FALSE
Pv2.1_04_8072138_C/T,Chr04,8072138,0.0155822264415906,10268,FALSE
Pv2.1_11_28732375_C/A,Chr11,28732375,0.0155802035203534,10269,FALSE
Pv2.1_11_22670278_C/G,Chr11,22670278,0.0155789354485045,10270,FALSE
Pv2.1_04_44764866_T/A,Chr04,44764866,0.0155717411386824,10271,FALSE
Pv2.1_06_24824243_A/T,Chr06,24824243,0.0155708776590551,10272,FALSE
Pv2.1_04_42068321_G/A,Chr04,42068321,0.0155653882731217,10273,FALSE
Pv2.1_11_50572042_G/C,Chr11,50572042,0.015564374985368,10274,FALSE
Pv2.1_11_50572071_G/A,Chr11,50572071,0.015564374985368,10275,FALSE
Pv2.1_02_38538386_T/G,Chr02,38538386,0.0155604880356792,10276,FALSE
Pv2.1_06_18392471_A/G,Chr06,18392471,0.0155554090228009,10277,FALSE
Pv2.1_02_2234934_C/G,Chr02,2234934,0.0155540888336545,10278,FALSE
Pv2.1_02_2234953_T/G,Chr02,2234953,0.0155540888336545,10279,FALSE
Pv2.1_11_680981_C/T,Chr11,680981,0.0155473684332268,10280,FALSE
Pv2.1_08_62043209_GTT/G,Chr08,62043209,0.0155439553047581,10281,FALSE
Pv2.1_06_27578657_T/C,Chr06,27578657,0.0155424107787829,10282,FALSE
Pv2.1_08_59115644_A/C,Chr08,59115644,0.0155389500208525,10283,FALSE
Pv2.1_06_14913607_C/T,Chr06,14913607,0.0155337396170565,10284,FALSE
Pv2.1_08_61889854_C/T,Chr08,61889854,0.0155270336951401,10285,FALSE
Pv2.1_08_20813277_C/T,Chr08,20813277,0.0155267780287147,10286,FALSE
Pv2.1_06_22262551_C/T,Chr06,22262551,0.0155234064960368,10287,FALSE
Pv2.1_02_26791817_G/C,Chr02,26791817,0.0155146637941415,10288,FALSE
Pv2.1_10_41921603_G/T,Chr10,41921603,0.0155141962602312,10289,FALSE
Pv2.1_04_4896412_C/CATA,Chr04,4896412,0.0155135400080839,10290,FALSE
Pv2.1_07_39434430_G/A,Chr07,39434430,0.0155087459920455,10291,FALSE
Pv2.1_08_14466093_T/A,Chr08,14466093,0.0155086671951095,10292,FALSE
Pv2.1_10_42270330_C/T,Chr10,42270330,0.0155071794778729,10293,FALSE
Pv2.1_07_6920561_C/T,Chr07,6920561,0.0155041119613744,10294,FALSE
Pv2.1_09_31227919_C/T,Chr09,31227919,0.0155011763908615,10295,FALSE
Pv2.1_02_7838252_C/G,Chr02,7838252,0.0155001272103465,10296,FALSE
Pv2.1_02_18001431_T/G,Chr02,18001431,0.0154953408394465,10297,FALSE
Pv2.1_07_33316207_A/G,Chr07,33316207,0.0154890936723815,10298,FALSE
Pv2.1_06_23251052_T/G,Chr06,23251052,0.015483941075531,10299,FALSE
Pv2.1_08_62712377_A/C,Chr08,62712377,0.0154772682696454,10300,FALSE
Pv2.1_02_23066358_A/C,Chr02,23066358,0.015474650095618,10301,FALSE
Pv2.1_08_62637480_G/GCA,Chr08,62637480,0.015471066510929,10302,FALSE
Pv2.1_06_25327578_A/T,Chr06,25327578,0.0154703756193846,10303,FALSE
Pv2.1_06_23708783_G/GAT,Chr06,23708783,0.0154690900591259,10304,FALSE
Pv2.1_07_34552652_C/A,Chr07,34552652,0.0154672748782057,10305,FALSE
Pv2.1_10_44141945_G/A,Chr10,44141945,0.0154629264132673,10306,FALSE
Pv2.1_09_38190682_TT/C,Chr09,38190682,0.0154611981524133,10307,FALSE
Pv2.1_04_1601688_T/A,Chr04,1601688,0.0154609049040402,10308,FALSE
Pv2.1_06_15450531_C/T,Chr06,15450531,0.0154578651881003,10309,FALSE
Pv2.1_08_60451009_A/G,Chr08,60451009,0.0154565618022398,10310,FALSE
Pv2.1_06_28228071_C/T,Chr06,28228071,0.0154541600114033,10311,FALSE
Pv2.1_06_28228078_T/A,Chr06,28228078,0.0154541600114033,10312,FALSE
Pv2.1_06_23251134_TG/T,Chr06,23251134,0.015448511195256,10313,FALSE
Pv2.1_02_27074303_A/G,Chr02,27074303,0.0154434244371884,10314,FALSE
Pv2.1_05_9638634_G/T,Chr05,9638634,0.0154418225236865,10315,FALSE
Pv2.1_11_1555456_C/T,Chr11,1555456,0.0154409509928919,10316,FALSE
Pv2.1_07_28453137_C/T,Chr07,28453137,0.0154407068544886,10317,FALSE
Pv2.1_08_61889717_C/T,Chr08,61889717,0.0154396172629792,10318,FALSE
Pv2.1_09_22312661_T/A,Chr09,22312661,0.015438103890161,10319,FALSE
Pv2.1_09_22312665_G/T,Chr09,22312665,0.015438103890161,10320,FALSE
Pv2.1_09_22312670_G/C,Chr09,22312670,0.015438103890161,10321,FALSE
Pv2.1_08_62749897_C/T,Chr08,62749897,0.0154346307800619,10322,FALSE
Pv2.1_09_35990321_T/C,Chr09,35990321,0.0154326611668179,10323,FALSE
Pv2.1_11_3569262_G/C,Chr11,3569262,0.0154318987106596,10324,FALSE
Pv2.1_11_3569270_G/T,Chr11,3569270,0.0154318987106596,10325,FALSE
Pv2.1_10_5856219_T/G,Chr10,5856219,0.0154303859731062,10326,FALSE
Pv2.1_05_16716372_A/T,Chr05,16716372,0.0154286376641513,10327,FALSE
Pv2.1_07_9330384_C/T,Chr07,9330384,0.0154259297092629,10328,FALSE
Pv2.1_03_52542694_T/A,Chr03,52542694,0.0154259235949779,10329,FALSE
Pv2.1_08_60150102_C/A,Chr08,60150102,0.0154224702193377,10330,FALSE
Pv2.1_10_41044628_C/T,Chr10,41044628,0.015420696967241,10331,FALSE
Pv2.1_01_51178795_C/T,Chr01,51178795,0.0154205641199465,10332,FALSE
Pv2.1_06_65055_C/T,Chr06,65055,0.0154181214863884,10333,FALSE
Pv2.1_07_32137981_C/T,Chr07,32137981,0.0154115424473771,10334,FALSE
Pv2.1_06_27932754_G/A,Chr06,27932754,0.0154108475212205,10335,FALSE
Pv2.1_03_13363770_A/T,Chr03,13363770,0.0154087062596719,10336,FALSE
Pv2.1_08_59637895_A/G,Chr08,59637895,0.0154052230326944,10337,FALSE
Pv2.1_07_36075818_A/G,Chr07,36075818,0.015403020448101,10338,FALSE
Pv2.1_01_49277208_GT/G,Chr01,49277208,0.0154028014999272,10339,FALSE
Pv2.1_04_53825_T/A,Chr04,53825,0.015400612910192,10340,FALSE
Pv2.1_08_61825995_G/C,Chr08,61825995,0.0153997247806248,10341,FALSE
Pv2.1_05_457168_T/A,Chr05,457168,0.0153904087267476,10342,FALSE
Pv2.1_08_62766987_G/A,Chr08,62766987,0.0153901236636407,10343,FALSE
Pv2.1_08_62766996_A/G,Chr08,62766996,0.0153901236636407,10344,FALSE
Pv2.1_04_44805189_A/G,Chr04,44805189,0.0153898583748906,10345,FALSE
Pv2.1_08_60362753_T/G,Chr08,60362753,0.0153858043257435,10346,FALSE
Pv2.1_03_53174967_T/A,Chr03,53174967,0.0153765038713747,10347,FALSE
Pv2.1_08_7163342_A/T,Chr08,7163342,0.0153759500991404,10348,FALSE
Pv2.1_11_49598893_C/T,Chr11,49598893,0.0153756425027924,10349,FALSE
Pv2.1_06_15620454_G/A,Chr06,15620454,0.0153704153973164,10350,FALSE
Pv2.1_02_35804927_G/A,Chr02,35804927,0.0153602014594498,10351,FALSE
Pv2.1_01_992050_T/A,Chr01,992050,0.0153589192034813,10352,FALSE
Pv2.1_02_48290470_T/G,Chr02,48290470,0.0153547746509943,10353,FALSE
Pv2.1_09_37766289_C/A,Chr09,37766289,0.0153503275618454,10354,FALSE
Pv2.1_11_49895859_T/A,Chr11,49895859,0.0153480514648505,10355,FALSE
Pv2.1_07_7597678_T/C,Chr07,7597678,0.0153441875663431,10356,FALSE
Pv2.1_07_39413275_T/C,Chr07,39413275,0.0153438767760976,10357,FALSE
Pv2.1_07_28381695_C/A,Chr07,28381695,0.01534302953212,10358,FALSE
Pv2.1_02_28234007_G/A,Chr02,28234007,0.0153384814153013,10359,FALSE
Pv2.1_06_21554915_A/G,Chr06,21554915,0.015338082399913,10360,FALSE
Pv2.1_08_61264510_T/C,Chr08,61264510,0.0153317693148325,10361,FALSE
Pv2.1_08_60905312_C/T,Chr08,60905312,0.0153292591436887,10362,FALSE
Pv2.1_06_18815410_A/G,Chr06,18815410,0.0153286761950202,10363,FALSE
Pv2.1_07_39812505_G/A,Chr07,39812505,0.0153272770146362,10364,FALSE
Pv2.1_03_42055394_A/G,Chr03,42055394,0.0153236148920701,10365,FALSE
Pv2.1_05_40732011_A/G,Chr05,40732011,0.0153228383198831,10366,FALSE
Pv2.1_08_60190147_C/A,Chr08,60190147,0.0153210077949968,10367,FALSE
Pv2.1_07_10905576_C/T,Chr07,10905576,0.0153199973083105,10368,FALSE
Pv2.1_07_32271980_G/A,Chr07,32271980,0.0153193015247974,10369,FALSE
Pv2.1_02_40032656_G/GA,Chr02,40032656,0.0153170783425449,10370,FALSE
Pv2.1_02_48724543_T/C,Chr02,48724543,0.015315534055413,10371,FALSE
Pv2.1_04_450721_C/T,Chr04,450721,0.0153119081742812,10372,FALSE
Pv2.1_08_60799389_C/G,Chr08,60799389,0.0153104111493025,10373,FALSE
Pv2.1_07_8706438_C/A,Chr07,8706438,0.0153099688602847,10374,FALSE
Pv2.1_09_35426340_G/A,Chr09,35426340,0.015305185565774,10375,FALSE
Pv2.1_08_11498003_A/C,Chr08,11498003,0.0153042960134773,10376,FALSE
Pv2.1_07_4047080_TC/T,Chr07,4047080,0.015300861510771,10377,FALSE
Pv2.1_06_24104011_C/T,Chr06,24104011,0.0153005633290455,10378,FALSE
Pv2.1_06_18778843_C/T,Chr06,18778843,0.0152990847252656,10379,FALSE
Pv2.1_10_43993956_C/T,Chr10,43993956,0.0152956542321672,10380,FALSE
Pv2.1_06_27784364_G/A,Chr06,27784364,0.015292367175785,10381,FALSE
Pv2.1_07_34301846_T/G,Chr07,34301846,0.0152892499379798,10382,FALSE
Pv2.1_01_1499995_G/C,Chr01,1499995,0.0152871734799169,10383,FALSE
Pv2.1_07_594071_A/T,Chr07,594071,0.0152844453938883,10384,FALSE
Pv2.1_06_18802293_C/T,Chr06,18802293,0.0152832463756769,10385,FALSE
Pv2.1_10_41922443_C/T,Chr10,41922443,0.0152813540647649,10386,FALSE
Pv2.1_11_2493798_C/T,Chr11,2493798,0.0152783331288369,10387,FALSE
Pv2.1_07_594227_A/C,Chr07,594227,0.0152719631007057,10388,FALSE
Pv2.1_10_10000214_T/A,Chr10,10000214,0.0152718299090044,10389,FALSE
Pv2.1_10_40936076_G/A,Chr10,40936076,0.0152707507172574,10390,FALSE
Pv2.1_09_36808125_G/A,Chr09,36808125,0.0152695747930602,10391,FALSE
Pv2.1_08_60485983_G/T,Chr08,60485983,0.0152687829971092,10392,FALSE
Pv2.1_11_45292604_A/G,Chr11,45292604,0.0152630997504364,10393,FALSE
Pv2.1_11_45292613_G/A,Chr11,45292613,0.0152630997504364,10394,FALSE
Pv2.1_11_49895882_G/T,Chr11,49895882,0.0152603278884826,10395,FALSE
Pv2.1_11_45615121_T/A,Chr11,45615121,0.0152592535308234,10396,FALSE
Pv2.1_08_60092924_G/T,Chr08,60092924,0.0152559404513402,10397,FALSE
Pv2.1_02_959239_A/G,Chr02,959239,0.0152555859677506,10398,FALSE
Pv2.1_01_703175_G/T,Chr01,703175,0.0152546880115731,10399,FALSE
Pv2.1_02_12698167_C/T,Chr02,12698167,0.0152518189379318,10400,FALSE
Pv2.1_08_59027865_C/T,Chr08,59027865,0.0152513191087085,10401,FALSE
Pv2.1_08_62872716_C/T,Chr08,62872716,0.0152510406216022,10402,FALSE
Pv2.1_10_2738526_G/A,Chr10,2738526,0.0152492460436804,10403,FALSE
Pv2.1_11_49598895_T/C,Chr11,49598895,0.01524798005976,10404,FALSE
Pv2.1_11_32102925_A/C,Chr11,32102925,0.0152425980426485,10405,FALSE
Pv2.1_08_20903545_T/C,Chr08,20903545,0.0152409216496054,10406,FALSE
Pv2.1_08_10772096_T/C,Chr08,10772096,0.0152387805723002,10407,FALSE
Pv2.1_08_10772125_G/T,Chr08,10772125,0.0152387805723002,10408,FALSE
Pv2.1_04_47668963_C/CT,Chr04,47668963,0.0152343288266517,10409,FALSE
Pv2.1_08_3183630_G/A,Chr08,3183630,0.0152319114618624,10410,FALSE
Pv2.1_08_62914631_A/C,Chr08,62914631,0.0152244810892603,10411,FALSE
Pv2.1_11_35499129_A/T,Chr11,35499129,0.0152200843526735,10412,FALSE
Pv2.1_09_36703819_AAAG/A,Chr09,36703819,0.0152054909049872,10413,FALSE
Pv2.1_10_41093417_G/A,Chr10,41093417,0.0152053488922403,10414,FALSE
Pv2.1_06_28493119_C/A,Chr06,28493119,0.0152042159527954,10415,FALSE
Pv2.1_08_563653_C/G,Chr08,563653,0.0152039674013462,10416,FALSE
Pv2.1_02_49597630_T/C,Chr02,49597630,0.0152015098233962,10417,FALSE
Pv2.1_06_7000157_A/G,Chr06,7000157,0.0151992465644732,10418,FALSE
Pv2.1_11_51046826_C/T,Chr11,51046826,0.0151970820805949,10419,FALSE
Pv2.1_08_60480086_G/C,Chr08,60480086,0.0151970091537135,10420,FALSE
Pv2.1_11_47092347_A/T,Chr11,47092347,0.0151930240998546,10421,FALSE
Pv2.1_06_25753616_C/T,Chr06,25753616,0.0151928884125407,10422,FALSE
Pv2.1_06_24706648_T/C,Chr06,24706648,0.0151916197965694,10423,FALSE
Pv2.1_08_62191428_T/C,Chr08,62191428,0.0151849400066402,10424,FALSE
Pv2.1_11_48373581_C/T,Chr11,48373581,0.0151828430379579,10425,FALSE
Pv2.1_11_5176026_T/G,Chr11,5176026,0.0151800887376488,10426,FALSE
Pv2.1_06_1865482_C/T,Chr06,1865482,0.015177016692248,10427,FALSE
Pv2.1_06_19235371_C/T,Chr06,19235371,0.0151750521852199,10428,FALSE
Pv2.1_02_49597678_T/A,Chr02,49597678,0.0151745776512655,10429,FALSE
Pv2.1_08_56226611_C/T,Chr08,56226611,0.0151744582086879,10430,FALSE
Pv2.1_07_33548566_C/T,Chr07,33548566,0.0151738606198371,10431,FALSE
Pv2.1_02_12350987_C/T,Chr02,12350987,0.0151703242031567,10432,FALSE
Pv2.1_07_6920575_G/A,Chr07,6920575,0.0151698873907247,10433,FALSE
Pv2.1_03_922051_C/T,Chr03,922051,0.0151696940015258,10434,FALSE
Pv2.1_06_16896683_A/C,Chr06,16896683,0.0151686014522623,10435,FALSE
Pv2.1_10_43183736_A/G,Chr10,43183736,0.015165953695977,10436,FALSE
Pv2.1_10_2954190_G/A,Chr10,2954190,0.0151634795726783,10437,FALSE
Pv2.1_08_61826038_G/A,Chr08,61826038,0.0151616383795994,10438,FALSE
Pv2.1_07_33275186_C/T,Chr07,33275186,0.0151602719479191,10439,FALSE
Pv2.1_11_29949065_T/C,Chr11,29949065,0.0151593216364745,10440,FALSE
Pv2.1_08_60982387_G/A,Chr08,60982387,0.0151591651011125,10441,FALSE
Pv2.1_08_61526673_T/TTAGA,Chr08,61526673,0.0151554893936399,10442,FALSE
Pv2.1_04_1835757_T/C,Chr04,1835757,0.0151542993386116,10443,FALSE
Pv2.1_06_26695325_G/T,Chr06,26695325,0.0151537496883201,10444,FALSE
Pv2.1_08_7893572_GA/G,Chr08,7893572,0.0151501314264859,10445,FALSE
Pv2.1_08_8748643_A/ATAT,Chr08,8748643,0.0151496083200118,10446,FALSE
Pv2.1_09_20882211_G/T,Chr09,20882211,0.0151380820533991,10447,FALSE
Pv2.1_08_62043174_G/A,Chr08,62043174,0.01513578252138,10448,FALSE
Pv2.1_03_6727174_G/GT,Chr03,6727174,0.0151349595003389,10449,FALSE
Pv2.1_07_35902191_G/T,Chr07,35902191,0.0151317203142227,10450,FALSE
Pv2.1_07_10364336_C/T,Chr07,10364336,0.0151313454728039,10451,FALSE
Pv2.1_10_9922562_A/G,Chr10,9922562,0.015129153496436,10452,FALSE
Pv2.1_07_28996921_G/A,Chr07,28996921,0.0151288192968355,10453,FALSE
Pv2.1_10_41561520_A/G,Chr10,41561520,0.0151271793473011,10454,FALSE
Pv2.1_04_45494611_T/C,Chr04,45494611,0.0151262459340908,10455,FALSE
Pv2.1_02_3254193_C/A,Chr02,3254193,0.015121908800904,10456,FALSE
Pv2.1_11_50684311_T/C,Chr11,50684311,0.0151215156776021,10457,FALSE
Pv2.1_11_52317952_G/T,Chr11,52317952,0.015121185445623,10458,FALSE
Pv2.1_07_729655_C/CAA,Chr07,729655,0.0151200836951899,10459,FALSE
Pv2.1_10_42515262_G/A,Chr10,42515262,0.0151183981134517,10460,FALSE
Pv2.1_10_44184974_T/C,Chr10,44184974,0.0151182321917425,10461,FALSE
Pv2.1_02_2931351_C/A,Chr02,2931351,0.0151169617573044,10462,FALSE
Pv2.1_04_47055226_A/C,Chr04,47055226,0.0151156727507025,10463,FALSE
Pv2.1_04_47055227_A/C,Chr04,47055227,0.0151156727507025,10464,FALSE
Pv2.1_08_61467794_G/A,Chr08,61467794,0.0151130799579793,10465,FALSE
Pv2.1_03_11992774_A/C,Chr03,11992774,0.0151111319146304,10466,FALSE
Pv2.1_07_28383232_A/G,Chr07,28383232,0.0151062993867996,10467,FALSE
Pv2.1_07_28383238_C/G,Chr07,28383238,0.0151062993867996,10468,FALSE
Pv2.1_11_47092376_G/A,Chr11,47092376,0.0151020996439613,10469,FALSE
Pv2.1_08_62240567_C/T,Chr08,62240567,0.0150990157685551,10470,FALSE
Pv2.1_04_77895_TCA/T,Chr04,77895,0.0150965868010839,10471,FALSE
Pv2.1_08_39508715_T/A,Chr08,39508715,0.0150937415771071,10472,FALSE
Pv2.1_08_1715497_T/C,Chr08,1715497,0.0150876585624489,10473,FALSE
Pv2.1_08_62952246_C/T,Chr08,62952246,0.0150869295186742,10474,FALSE
Pv2.1_09_14645273_T/C,Chr09,14645273,0.0150849746787944,10475,FALSE
Pv2.1_10_41406225_T/C,Chr10,41406225,0.0150829149347502,10476,FALSE
Pv2.1_02_22724210_G/C,Chr02,22724210,0.015082857273403,10477,FALSE
Pv2.1_07_32600716_C/T,Chr07,32600716,0.015082432212477,10478,FALSE
Pv2.1_04_8072110_G/A,Chr04,8072110,0.0150772425247983,10479,FALSE
Pv2.1_08_60778352_G/A,Chr08,60778352,0.0150737643744403,10480,FALSE
Pv2.1_02_7762497_A/T,Chr02,7762497,0.0150718962939695,10481,FALSE
Pv2.1_07_1800972_G/T,Chr07,1800972,0.0150702816485868,10482,FALSE
Pv2.1_08_61361074_T/C,Chr08,61361074,0.0150688099496641,10483,FALSE
Pv2.1_03_52994301_GAA/G,Chr03,52994301,0.0150661042351588,10484,FALSE
Pv2.1_10_44067565_T/G,Chr10,44067565,0.0150629584037612,10485,FALSE
Pv2.1_01_51186477_A/C,Chr01,51186477,0.0150607178602313,10486,FALSE
Pv2.1_11_51790484_T/A,Chr11,51790484,0.0150593402997381,10487,FALSE
Pv2.1_04_44964353_A/C,Chr04,44964353,0.0150580720523612,10488,FALSE
Pv2.1_08_61397404_GGAA/G,Chr08,61397404,0.0150552853336077,10489,FALSE
Pv2.1_02_12516938_T/C,Chr02,12516938,0.0150497587064597,10490,FALSE
Pv2.1_11_31223788_T/C,Chr11,31223788,0.0150449238970607,10491,FALSE
Pv2.1_07_9526569_A/T,Chr07,9526569,0.0150423654366953,10492,FALSE
Pv2.1_02_48290465_T/G,Chr02,48290465,0.0150420408018244,10493,FALSE
Pv2.1_06_21019619_ACT/A,Chr06,21019619,0.0150397892784659,10494,FALSE
Pv2.1_07_39360899_A/G,Chr07,39360899,0.0150390872303121,10495,FALSE
Pv2.1_08_62659934_C/T,Chr08,62659934,0.0150389859138338,10496,FALSE
Pv2.1_09_36681022_C/T,Chr09,36681022,0.0150358134839861,10497,FALSE
Pv2.1_08_62146588_T/A,Chr08,62146588,0.0150351698380722,10498,FALSE
Pv2.1_02_33456262_G/T,Chr02,33456262,0.0150294622947467,10499,FALSE
Pv2.1_05_172651_G/C,Chr05,172651,0.0150254149898608,10500,FALSE
Pv2.1_06_17601626_T/C,Chr06,17601626,0.0150248105378594,10501,FALSE
Pv2.1_04_45475442_T/C,Chr04,45475442,0.0150224697989931,10502,FALSE
Pv2.1_08_1715263_T/TC,Chr08,1715263,0.0150223300762726,10503,FALSE
Pv2.1_08_1715280_GA/G,Chr08,1715280,0.0150223300762726,10504,FALSE
Pv2.1_04_448783_A/G,Chr04,448783,0.0150215478344795,10505,FALSE
Pv2.1_03_11281631_T/C,Chr03,11281631,0.0150193313358304,10506,FALSE
Pv2.1_08_61533289_C/T,Chr08,61533289,0.0150169513031337,10507,FALSE
Pv2.1_06_28226266_A/G,Chr06,28226266,0.015016766836712,10508,FALSE
Pv2.1_08_61264384_A/G,Chr08,61264384,0.0150164815319958,10509,FALSE
Pv2.1_04_2395724_G/C,Chr04,2395724,0.0150151651425303,10510,FALSE
Pv2.1_06_25497454_T/A,Chr06,25497454,0.0150143549999178,10511,FALSE
Pv2.1_03_3610047_C/T,Chr03,3610047,0.0149993567420186,10512,FALSE
Pv2.1_08_60726824_C/T,Chr08,60726824,0.0149937791636061,10513,FALSE
Pv2.1_11_2774402_C/T,Chr11,2774402,0.0149889774528615,10514,FALSE
Pv2.1_05_573193_G/A,Chr05,573193,0.0149854149940669,10515,FALSE
Pv2.1_05_573194_A/G,Chr05,573194,0.0149854149940669,10516,FALSE
Pv2.1_02_3242372_T/A,Chr02,3242372,0.0149831213656855,10517,FALSE
Pv2.1_09_31071725_C/A,Chr09,31071725,0.0149824426373244,10518,FALSE
Pv2.1_04_1176616_C/A,Chr04,1176616,0.0149823153225173,10519,FALSE
Pv2.1_03_9408164_G/A,Chr03,9408164,0.0149794516811617,10520,FALSE
Pv2.1_08_61470012_C/T,Chr08,61470012,0.0149760656518922,10521,FALSE
Pv2.1_02_26876871_C/T,Chr02,26876871,0.0149751235781217,10522,FALSE
Pv2.1_06_18250121_A/G,Chr06,18250121,0.0149617567765716,10523,FALSE
Pv2.1_11_25671091_T/C,Chr11,25671091,0.0149584588535885,10524,FALSE
Pv2.1_07_30155745_T/A,Chr07,30155745,0.014957668219389,10525,FALSE
Pv2.1_07_28378245_AG/A,Chr07,28378245,0.0149511522596866,10526,FALSE
Pv2.1_08_61225472_C/G,Chr08,61225472,0.0149510645994142,10527,FALSE
Pv2.1_09_22473212_C/T,Chr09,22473212,0.0149500772132951,10528,FALSE
Pv2.1_06_25689339_A/G,Chr06,25689339,0.0149457970663289,10529,FALSE
Pv2.1_08_61391117_C/A,Chr08,61391117,0.0149450614110234,10530,FALSE
Pv2.1_07_32251056_A/G,Chr07,32251056,0.0149422134836392,10531,FALSE
Pv2.1_03_50415149_G/T,Chr03,50415149,0.014941658658993,10532,FALSE
Pv2.1_06_24936099_T/C,Chr06,24936099,0.0149383992009664,10533,FALSE
Pv2.1_01_2547918_C/T,Chr01,2547918,0.0149375559080509,10534,FALSE
Pv2.1_09_22410603_C/A,Chr09,22410603,0.0149374385044085,10535,FALSE
Pv2.1_08_61360942_G/A,Chr08,61360942,0.0149366297597391,10536,FALSE
Pv2.1_04_450782_C/T,Chr04,450782,0.0149361494203806,10537,FALSE
Pv2.1_03_33350782_A/T,Chr03,33350782,0.0149349229140454,10538,FALSE
Pv2.1_03_44976525_A/G,Chr03,44976525,0.0149302630997505,10539,FALSE
Pv2.1_10_42039045_A/T,Chr10,42039045,0.014929306401398,10540,FALSE
Pv2.1_11_28732358_T/A,Chr11,28732358,0.0149288392651736,10541,FALSE
Pv2.1_01_51186472_G/T,Chr01,51186472,0.014926323894882,10542,FALSE
Pv2.1_06_18368785_TG/T,Chr06,18368785,0.0149259698563631,10543,FALSE
Pv2.1_10_43821584_T/C,Chr10,43821584,0.0149247104189825,10544,FALSE
Pv2.1_11_45925347_G/T,Chr11,45925347,0.014921198086669,10545,FALSE
Pv2.1_08_60150236_T/A,Chr08,60150236,0.0149199578791297,10546,FALSE
Pv2.1_08_61870969_A/T,Chr08,61870969,0.0149063269476093,10547,FALSE
Pv2.1_07_10704382_G/A,Chr07,10704382,0.0149056541874968,10548,FALSE
Pv2.1_10_41264792_T/C,Chr10,41264792,0.0149035134387656,10549,FALSE
Pv2.1_08_62778894_G/GA,Chr08,62778894,0.0149026251209525,10550,FALSE
Pv2.1_08_56137148_A/G,Chr08,56137148,0.0148983120290267,10551,FALSE
Pv2.1_06_2224096_A/T,Chr06,2224096,0.0148981376728887,10552,FALSE
Pv2.1_02_13129778_G/A,Chr02,13129778,0.0148950645750019,10553,FALSE
Pv2.1_03_757735_C/A,Chr03,757735,0.0148945698973191,10554,FALSE
Pv2.1_08_60779834_A/G,Chr08,60779834,0.0148906647532425,10555,FALSE
Pv2.1_05_152562_C/T,Chr05,152562,0.0148885023793293,10556,FALSE
Pv2.1_04_120066_A/C,Chr04,120066,0.014884542836084,10557,FALSE
Pv2.1_07_34489877_T/C,Chr07,34489877,0.0148841160132358,10558,FALSE
Pv2.1_05_39364465_G/A,Chr05,39364465,0.014884014447508,10559,FALSE
Pv2.1_05_39364465_G/C,Chr05,39364465,0.014884014447508,10560,FALSE
Pv2.1_08_58824632_G/A,Chr08,58824632,0.0148806916135857,10561,FALSE
Pv2.1_02_26924487_G/A,Chr02,26924487,0.0148802141111006,10562,FALSE
Pv2.1_01_51209420_T/C,Chr01,51209420,0.0148733048585599,10563,FALSE
Pv2.1_02_26980277_A/G,Chr02,26980277,0.0148727666994755,10564,FALSE
Pv2.1_01_51240730_C/T,Chr01,51240730,0.0148719558564534,10565,FALSE
Pv2.1_02_42363885_G/A,Chr02,42363885,0.0148714029664561,10566,FALSE
Pv2.1_06_25497453_T/G,Chr06,25497453,0.014871221989408,10567,FALSE
Pv2.1_05_5488703_C/T,Chr05,5488703,0.0148686663779487,10568,FALSE
Pv2.1_02_25525713_T/C,Chr02,25525713,0.0148643414251177,10569,FALSE
Pv2.1_02_14908964_T/G,Chr02,14908964,0.0148641710185964,10570,FALSE
Pv2.1_11_1241231_C/A,Chr11,1241231,0.0148605688878343,10571,FALSE
Pv2.1_07_563355_C/G,Chr07,563355,0.0148593553154535,10572,FALSE
Pv2.1_01_49181845_A/G,Chr01,49181845,0.0148588104961394,10573,FALSE
Pv2.1_07_6732660_G/A,Chr07,6732660,0.0148578825720733,10574,FALSE
Pv2.1_09_36808123_G/T,Chr09,36808123,0.0148530703188214,10575,FALSE
Pv2.1_08_7409312_A/G,Chr08,7409312,0.0148529924879046,10576,FALSE
Pv2.1_01_2335185_T/C,Chr01,2335185,0.0148518761574872,10577,FALSE
Pv2.1_08_61048240_T/C,Chr08,61048240,0.014851005414064,10578,FALSE
Pv2.1_10_2954156_A/T,Chr10,2954156,0.0148483433402311,10579,FALSE
Pv2.1_07_33523203_G/A,Chr07,33523203,0.014842057731896,10580,FALSE
Pv2.1_07_39360872_C/A,Chr07,39360872,0.0148353148933325,10581,FALSE
Pv2.1_05_40416644_A/C,Chr05,40416644,0.0148333587885499,10582,FALSE
Pv2.1_02_48724549_C/T,Chr02,48724549,0.0148291740075912,10583,FALSE
Pv2.1_01_50731063_T/A,Chr01,50731063,0.0148289290751178,10584,FALSE
Pv2.1_01_50731064_T/C,Chr01,50731064,0.0148289290751178,10585,FALSE
Pv2.1_07_9089497_GTTGC/TTGT,Chr07,9089497,0.0148287641310194,10586,FALSE
Pv2.1_01_49084989_G/A,Chr01,49084989,0.014826871621004,10587,FALSE
Pv2.1_08_62944838_G/A,Chr08,62944838,0.0148255013143612,10588,FALSE
Pv2.1_11_49883439_T/C,Chr11,49883439,0.0148235087983304,10589,FALSE
Pv2.1_03_43135870_G/A,Chr03,43135870,0.014822988548143,10590,FALSE
Pv2.1_08_62490292_A/C,Chr08,62490292,0.014821817433138,10591,FALSE
Pv2.1_08_61844358_A/C,Chr08,61844358,0.0148200031493677,10592,FALSE
Pv2.1_06_19235187_G/C,Chr06,19235187,0.0148196665056481,10593,FALSE
Pv2.1_06_19235217_G/A,Chr06,19235217,0.0148196665056481,10594,FALSE
Pv2.1_09_37914327_C/G,Chr09,37914327,0.0148195464577396,10595,FALSE
Pv2.1_06_24268790_T/A,Chr06,24268790,0.0148177788900088,10596,FALSE
Pv2.1_01_1966657_A/T,Chr01,1966657,0.0148173403695226,10597,FALSE
Pv2.1_09_20907648_C/T,Chr09,20907648,0.014816017308751,10598,FALSE
Pv2.1_09_28883811_T/G,Chr09,28883811,0.0148146002142631,10599,FALSE
Pv2.1_10_1223801_TTCA/T,Chr10,1223801,0.0148125563447987,10600,FALSE
Pv2.1_10_1223804_A/G,Chr10,1223804,0.0148125563447987,10601,FALSE
Pv2.1_11_45741757_AATT/A,Chr11,45741757,0.0148112830853981,10602,FALSE
Pv2.1_10_7726385_C/T,Chr10,7726385,0.014807048321889,10603,FALSE
Pv2.1_11_31980597_G/A,Chr11,31980597,0.0148037011414659,10604,FALSE
Pv2.1_09_14438623_C/T,Chr09,14438623,0.0147998004084702,10605,FALSE
Pv2.1_01_635496_G/C,Chr01,635496,0.0147993021436728,10606,FALSE
Pv2.1_08_60451060_A/G,Chr08,60451060,0.0147961707669522,10607,FALSE
Pv2.1_04_47686981_C/G,Chr04,47686981,0.014794129223223,10608,FALSE
Pv2.1_01_1108852_C/T,Chr01,1108852,0.0147939951814982,10609,FALSE
Pv2.1_07_32158985_G/A,Chr07,32158985,0.0147912554284817,10610,FALSE
Pv2.1_07_39862128_A/T,Chr07,39862128,0.0147868343695987,10611,FALSE
Pv2.1_10_44182778_T/C,Chr10,44182778,0.0147854016726061,10612,FALSE
Pv2.1_10_44182787_G/T,Chr10,44182787,0.0147854016726061,10613,FALSE
Pv2.1_10_44182792_A/G,Chr10,44182792,0.0147854016726061,10614,FALSE
Pv2.1_10_44182802_C/T,Chr10,44182802,0.0147854016726061,10615,FALSE
Pv2.1_10_749231_A/T,Chr10,749231,0.0147852405775732,10616,FALSE
Pv2.1_01_51155612_C/G,Chr01,51155612,0.0147808282254087,10617,FALSE
Pv2.1_08_61240435_T/A,Chr08,61240435,0.0147804312377504,10618,FALSE
Pv2.1_06_27599685_C/T,Chr06,27599685,0.01477751130126,10619,FALSE
Pv2.1_10_41656724_T/C,Chr10,41656724,0.0147748183239753,10620,FALSE
Pv2.1_10_41656741_T/C,Chr10,41656741,0.0147748183239753,10621,FALSE
Pv2.1_10_41656726_C/T,Chr10,41656726,0.0147748183239749,10622,FALSE
Pv2.1_08_12407241_A/T,Chr08,12407241,0.0147725537383088,10623,FALSE
Pv2.1_04_145449_A/G,Chr04,145449,0.0147667443885111,10624,FALSE
Pv2.1_09_19579861_A/C,Chr09,19579861,0.0147628836245572,10625,FALSE
Pv2.1_01_51343809_G/T,Chr01,51343809,0.01476014683894,10626,FALSE
Pv2.1_11_46411399_T/C,Chr11,46411399,0.0147575961266506,10627,FALSE
Pv2.1_07_33507678_G/A,Chr07,33507678,0.0147570244678086,10628,FALSE
Pv2.1_04_279346_A/C,Chr04,279346,0.0147542459404644,10629,FALSE
Pv2.1_02_26876846_T/C,Chr02,26876846,0.0147428341402662,10630,FALSE
Pv2.1_05_402699_A/G,Chr05,402699,0.0147370126925312,10631,FALSE
Pv2.1_10_8838257_A/G,Chr10,8838257,0.0147341389788767,10632,FALSE
Pv2.1_08_45849481_G/T,Chr08,45849481,0.0147333964102683,10633,FALSE
Pv2.1_02_15241628_A/T,Chr02,15241628,0.0147313304949028,10634,FALSE
Pv2.1_07_10116650_G/T,Chr07,10116650,0.0147295144478861,10635,FALSE
Pv2.1_11_25671072_A/C,Chr11,25671072,0.0147258212468078,10636,FALSE
Pv2.1_07_33240907_C/T,Chr07,33240907,0.0147219969189543,10637,FALSE
Pv2.1_10_42019924_T/A,Chr10,42019924,0.0147185766906168,10638,FALSE
Pv2.1_08_10164112_T/C,Chr08,10164112,0.0147176301428096,10639,FALSE
Pv2.1_09_14106674_A/T,Chr09,14106674,0.014717129664672,10640,FALSE
Pv2.1_08_563606_A/C,Chr08,563606,0.0147165084943444,10641,FALSE
Pv2.1_08_4550882_C/A,Chr08,4550882,0.0147160750598259,10642,FALSE
Pv2.1_09_10603632_T/A,Chr09,10603632,0.0147154428287903,10643,FALSE
Pv2.1_08_61658073_G/C,Chr08,61658073,0.014715232341791,10644,FALSE
Pv2.1_09_29268109_G/A,Chr09,29268109,0.0147130818660766,10645,FALSE
Pv2.1_05_3186346_C/A,Chr05,3186346,0.0147124916257679,10646,FALSE
Pv2.1_06_21274038_A/G,Chr06,21274038,0.0147116108334862,10647,FALSE
Pv2.1_07_34301821_A/G,Chr07,34301821,0.014710847314678,10648,FALSE
Pv2.1_09_36794453_A/G,Chr09,36794453,0.0147098976477147,10649,FALSE
Pv2.1_04_21411251_A/G,Chr04,21411251,0.0147083742785674,10650,FALSE
Pv2.1_02_48736237_G/A,Chr02,48736237,0.014706178983606,10651,FALSE
Pv2.1_08_61885738_G/A,Chr08,61885738,0.0147051739478092,10652,FALSE
Pv2.1_09_36725394_T/C,Chr09,36725394,0.0147029915696142,10653,FALSE
Pv2.1_08_62895158_T/C,Chr08,62895158,0.0147022141045663,10654,FALSE
Pv2.1_11_31548759_G/A,Chr11,31548759,0.0146984322739074,10655,FALSE
Pv2.1_07_39870491_T/A,Chr07,39870491,0.0146932866104206,10656,FALSE
Pv2.1_11_50710116_G/T,Chr11,50710116,0.0146927683132847,10657,FALSE
Pv2.1_11_50710133_C/A,Chr11,50710133,0.0146927683132847,10658,FALSE
Pv2.1_07_35056625_C/T,Chr07,35056625,0.0146900867326094,10659,FALSE
Pv2.1_09_36051750_G/C,Chr09,36051750,0.0146898661106594,10660,FALSE
Pv2.1_10_43796610_T/C,Chr10,43796610,0.0146896466194479,10661,FALSE
Pv2.1_10_2954155_C/T,Chr10,2954155,0.0146879695198563,10662,FALSE
Pv2.1_11_32432886_T/C,Chr11,32432886,0.0146865985356577,10663,FALSE
Pv2.1_02_34887620_G/A,Chr02,34887620,0.0146864866058687,10664,FALSE
Pv2.1_06_26695487_G/A,Chr06,26695487,0.0146863068987519,10665,FALSE
Pv2.1_06_19446543_C/T,Chr06,19446543,0.014685895832462,10666,FALSE
Pv2.1_06_18526216_T/A,Chr06,18526216,0.0146842115491133,10667,FALSE
Pv2.1_07_4047097_TG/T,Chr07,4047097,0.0146832170307576,10668,FALSE
Pv2.1_04_8471863_T/A,Chr04,8471863,0.0146820838367532,10669,FALSE
Pv2.1_06_25753630_C/T,Chr06,25753630,0.0146766429349441,10670,FALSE
Pv2.1_02_2433863_G/A,Chr02,2433863,0.0146736612084397,10671,FALSE
Pv2.1_09_13746675_C/A,Chr09,13746675,0.0146716148281434,10672,FALSE
Pv2.1_08_4550857_A/G,Chr08,4550857,0.0146712357643453,10673,FALSE
Pv2.1_04_7661242_T/A,Chr04,7661242,0.0146646199093539,10674,FALSE
Pv2.1_03_2442970_T/C,Chr03,2442970,0.014661172413418,10675,FALSE
Pv2.1_09_30139583_A/T,Chr09,30139583,0.014658632376082,10676,FALSE
Pv2.1_08_61186578_A/T,Chr08,61186578,0.0146575219094474,10677,FALSE
Pv2.1_11_45478956_C/T,Chr11,45478956,0.0146521214500304,10678,FALSE
Pv2.1_04_3968000_G/A,Chr04,3968000,0.0146456777619495,10679,FALSE
Pv2.1_08_61470080_G/A,Chr08,61470080,0.0146447172088307,10680,FALSE
Pv2.1_04_2032767_A/G,Chr04,2032767,0.0146418123828953,10681,FALSE
Pv2.1_06_26374955_T/C,Chr06,26374955,0.0146409851231559,10682,FALSE
Pv2.1_11_51766170_G/T,Chr11,51766170,0.0146374336750443,10683,FALSE
Pv2.1_01_51186435_TGGGA/T,Chr01,51186435,0.0146364706416353,10684,FALSE
Pv2.1_11_50568846_T/C,Chr11,50568846,0.0146277461875171,10685,FALSE
Pv2.1_11_50568880_G/A,Chr11,50568880,0.0146277461875171,10686,FALSE
Pv2.1_09_14765198_T/C,Chr09,14765198,0.0146238386709534,10687,FALSE
Pv2.1_05_464800_A/G,Chr05,464800,0.0146202965286095,10688,FALSE
Pv2.1_08_62753735_G/T,Chr08,62753735,0.0146185908802305,10689,FALSE
Pv2.1_03_7209051_C/T,Chr03,7209051,0.0146173554701496,10690,FALSE
Pv2.1_08_62490268_C/T,Chr08,62490268,0.014615829320769,10691,FALSE
Pv2.1_03_53397894_C/T,Chr03,53397894,0.0146140400311983,10692,FALSE
Pv2.1_08_62003659_A/G,Chr08,62003659,0.0146130968541316,10693,FALSE
Pv2.1_06_25974347_C/T,Chr06,25974347,0.0146129021354042,10694,FALSE
Pv2.1_08_62753869_C/T,Chr08,62753869,0.014609714978068,10695,FALSE
Pv2.1_08_62279357_A/T,Chr08,62279357,0.0146080007784164,10696,FALSE
Pv2.1_11_17491682_T/A,Chr11,17491682,0.014605179590844,10697,FALSE
Pv2.1_08_60480038_G/T,Chr08,60480038,0.0146016059312384,10698,FALSE
Pv2.1_06_28097869_G/T,Chr06,28097869,0.0145991361001578,10699,FALSE
Pv2.1_06_28097870_A/T,Chr06,28097870,0.0145991361001578,10700,FALSE
Pv2.1_06_28097884_A/G,Chr06,28097884,0.0145991361001578,10701,FALSE
Pv2.1_08_61326803_G/C,Chr08,61326803,0.0145975657299249,10702,FALSE
Pv2.1_06_28207666_C/T,Chr06,28207666,0.0145960961651275,10703,FALSE
Pv2.1_09_36161365_A/T,Chr09,36161365,0.0145949986555158,10704,FALSE
Pv2.1_08_61869608_C/T,Chr08,61869608,0.0145949707877717,10705,FALSE
Pv2.1_09_21865278_A/C,Chr09,21865278,0.0145920595305702,10706,FALSE
Pv2.1_06_4312712_T/C,Chr06,4312712,0.0145904766733524,10707,FALSE
Pv2.1_02_8065313_T/G,Chr02,8065313,0.0145903333480524,10708,FALSE
Pv2.1_11_48385278_C/T,Chr11,48385278,0.0145886935737418,10709,FALSE
Pv2.1_09_14637617_A/G,Chr09,14637617,0.01458511555124,10710,FALSE
Pv2.1_07_8497529_T/G,Chr07,8497529,0.0145807545134233,10711,FALSE
Pv2.1_08_391930_T/A,Chr08,391930,0.0145718911249624,10712,FALSE
Pv2.1_08_62007783_TAG/T,Chr08,62007783,0.0145706852633962,10713,FALSE
Pv2.1_03_11820433_TCTG/T,Chr03,11820433,0.0145704515557528,10714,FALSE
Pv2.1_02_30738330_A/G,Chr02,30738330,0.0145688619316493,10715,FALSE
Pv2.1_06_5692470_G/A,Chr06,5692470,0.0145688158942576,10716,FALSE
Pv2.1_04_47249959_G/C,Chr04,47249959,0.0145682053342426,10717,FALSE
Pv2.1_09_36105535_TG/T,Chr09,36105535,0.0145676493232485,10718,FALSE
Pv2.1_04_1576956_C/T,Chr04,1576956,0.0145618722680334,10719,FALSE
Pv2.1_03_9319577_A/G,Chr03,9319577,0.0145572110258332,10720,FALSE
Pv2.1_07_9072446_C/G,Chr07,9072446,0.0145523185101974,10721,FALSE
Pv2.1_09_28879598_T/C,Chr09,28879598,0.0145431542403429,10722,FALSE
Pv2.1_04_44800593_TA/T,Chr04,44800593,0.0145357117440605,10723,FALSE
Pv2.1_11_3278302_G/A,Chr11,3278302,0.0145343638512734,10724,FALSE
Pv2.1_11_3278304_T/G,Chr11,3278304,0.0145343638512734,10725,FALSE
Pv2.1_11_3278318_T/G,Chr11,3278318,0.0145343638512734,10726,FALSE
Pv2.1_08_57552716_T/A,Chr08,57552716,0.0145335359687508,10727,FALSE
Pv2.1_11_3562965_G/A,Chr11,3562965,0.0145322150343969,10728,FALSE
Pv2.1_08_58990861_T/C,Chr08,58990861,0.0145282886080924,10729,FALSE
Pv2.1_01_49206178_C/T,Chr01,49206178,0.0145276303894448,10730,FALSE
Pv2.1_01_495805_G/T,Chr01,495805,0.0145231299165465,10731,FALSE
Pv2.1_05_10771613_G/A,Chr05,10771613,0.0145226889726771,10732,FALSE
Pv2.1_07_9592148_G/A,Chr07,9592148,0.0145210824817204,10733,FALSE
Pv2.1_07_9592149_A/G,Chr07,9592149,0.0145210824817204,10734,FALSE
Pv2.1_07_9592152_C/T,Chr07,9592152,0.0145210824817204,10735,FALSE
Pv2.1_07_9592165_T/C,Chr07,9592165,0.0145210824817204,10736,FALSE
Pv2.1_07_9592107_A/G,Chr07,9592107,0.0145210824817199,10737,FALSE
Pv2.1_07_8869249_C/T,Chr07,8869249,0.0145194059845037,10738,FALSE
Pv2.1_06_27995424_G/T,Chr06,27995424,0.0145158657802131,10739,FALSE
Pv2.1_01_495797_T/C,Chr01,495797,0.014515747541104,10740,FALSE
Pv2.1_10_43183718_A/G,Chr10,43183718,0.0145150290110712,10741,FALSE
Pv2.1_04_1686917_A/T,Chr04,1686917,0.0145147022189804,10742,FALSE
Pv2.1_06_28228048_A/G,Chr06,28228048,0.0145135916464092,10743,FALSE
Pv2.1_04_11161016_A/G,Chr04,11161016,0.0145133526789416,10744,FALSE
Pv2.1_08_60390753_C/T,Chr08,60390753,0.0145081658980608,10745,FALSE
Pv2.1_08_62952078_T/G,Chr08,62952078,0.0145068189005242,10746,FALSE
Pv2.1_09_14814946_A/T,Chr09,14814946,0.0145068145275147,10747,FALSE
Pv2.1_08_61846415_A/G,Chr08,61846415,0.0145045109115021,10748,FALSE
Pv2.1_11_50576097_T/A,Chr11,50576097,0.0145038314904635,10749,FALSE
Pv2.1_11_50576116_G/C,Chr11,50576116,0.0145038314904635,10750,FALSE
Pv2.1_03_11673373_G/A,Chr03,11673373,0.0145020305498491,10751,FALSE
Pv2.1_08_60779648_T/A,Chr08,60779648,0.0145002895472226,10752,FALSE
Pv2.1_01_1626976_C/T,Chr01,1626976,0.014499885405975,10753,FALSE
Pv2.1_04_46100168_G/A,Chr04,46100168,0.0144960316261096,10754,FALSE
Pv2.1_03_53146798_T/A,Chr03,53146798,0.0144938587830863,10755,FALSE
Pv2.1_05_22406424_A/G,Chr05,22406424,0.014489909253987,10756,FALSE
Pv2.1_08_62533601_A/C,Chr08,62533601,0.0144893482871549,10757,FALSE
Pv2.1_02_23211019_GA/G,Chr02,23211019,0.0144800570491941,10758,FALSE
Pv2.1_08_61360964_G/A,Chr08,61360964,0.0144792753919845,10759,FALSE
Pv2.1_06_19550128_G/A,Chr06,19550128,0.0144765130154783,10760,FALSE
Pv2.1_08_59882091_G/A,Chr08,59882091,0.0144727422054678,10761,FALSE
Pv2.1_03_766003_C/A,Chr03,766003,0.0144710786663058,10762,FALSE
Pv2.1_04_448766_A/T,Chr04,448766,0.0144703577703447,10763,FALSE
Pv2.1_06_24799551_G/A,Chr06,24799551,0.0144662698710967,10764,FALSE
Pv2.1_07_30155755_T/C,Chr07,30155755,0.0144584259130331,10765,FALSE
Pv2.1_08_61391116_T/C,Chr08,61391116,0.014453024967648,10766,FALSE
Pv2.1_05_3190771_T/C,Chr05,3190771,0.0144524178027519,10767,FALSE
Pv2.1_08_60277496_T/G,Chr08,60277496,0.0144471167513474,10768,FALSE
Pv2.1_11_49353013_C/A,Chr11,49353013,0.0144450159304372,10769,FALSE
Pv2.1_07_189064_G/A,Chr07,189064,0.0144361007022273,10770,FALSE
Pv2.1_04_8044258_G/A,Chr04,8044258,0.0144302243973358,10771,FALSE
Pv2.1_05_39472209_G/A,Chr05,39472209,0.0144286462224432,10772,FALSE
Pv2.1_08_62495534_C/T,Chr08,62495534,0.0144282501747264,10773,FALSE
Pv2.1_11_41623915_C/T,Chr11,41623915,0.0144246556497594,10774,FALSE
Pv2.1_01_2851007_G/C,Chr01,2851007,0.014424030557505,10775,FALSE
Pv2.1_11_49883504_G/T,Chr11,49883504,0.0144188273270798,10776,FALSE
Pv2.1_02_38639025_G/A,Chr02,38639025,0.0144185801904175,10777,FALSE
Pv2.1_05_10771422_C/T,Chr05,10771422,0.014411922127108,10778,FALSE
Pv2.1_05_4927180_G/A,Chr05,4927180,0.0144088666913573,10779,FALSE
Pv2.1_08_60360014_G/A,Chr08,60360014,0.0144085272497092,10780,FALSE
Pv2.1_08_59865316_A/G,Chr08,59865316,0.0144023724388465,10781,FALSE
Pv2.1_01_495819_C/T,Chr01,495819,0.0144012562734974,10782,FALSE
Pv2.1_11_48373556_A/AC,Chr11,48373556,0.014399910475281,10783,FALSE
Pv2.1_07_624095_C/T,Chr07,624095,0.0143933812962502,10784,FALSE
Pv2.1_07_10805746_G/GT,Chr07,10805746,0.0143915940737038,10785,FALSE
Pv2.1_06_24880452_C/G,Chr06,24880452,0.0143867256925718,10786,FALSE
Pv2.1_10_44141954_G/A,Chr10,44141954,0.0143819606443798,10787,FALSE
Pv2.1_03_33349789_A/T,Chr03,33349789,0.0143808154796097,10788,FALSE
Pv2.1_07_33663502_G/A,Chr07,33663502,0.0143799046960229,10789,FALSE
Pv2.1_02_12384660_A/G,Chr02,12384660,0.014379482703295,10790,FALSE
Pv2.1_05_464953_G/A,Chr05,464953,0.0143791087654579,10791,FALSE
Pv2.1_08_62838571_C/T,Chr08,62838571,0.0143785926005595,10792,FALSE
Pv2.1_07_36965348_A/G,Chr07,36965348,0.0143696058444602,10793,FALSE
Pv2.1_02_48727456_C/T,Chr02,48727456,0.0143684544018727,10794,FALSE
Pv2.1_07_39862112_T/C,Chr07,39862112,0.0143681305532026,10795,FALSE
Pv2.1_08_61034410_G/T,Chr08,61034410,0.0143573179048171,10796,FALSE
Pv2.1_08_62944873_G/T,Chr08,62944873,0.0143499769434232,10797,FALSE
Pv2.1_08_60008778_C/A,Chr08,60008778,0.0143457615800533,10798,FALSE
Pv2.1_07_7692414_TCA/T,Chr07,7692414,0.0143439683676472,10799,FALSE
Pv2.1_06_19323853_C/G,Chr06,19323853,0.0143438514923742,10800,FALSE
Pv2.1_01_49333536_A/G,Chr01,49333536,0.0143422906096178,10801,FALSE
Pv2.1_08_62007755_G/A,Chr08,62007755,0.0143401377216281,10802,FALSE
Pv2.1_11_33533412_T/C,Chr11,33533412,0.0143381298125269,10803,FALSE
Pv2.1_11_45614717_C/T,Chr11,45614717,0.0143377952485313,10804,FALSE
Pv2.1_07_8311301_T/C,Chr07,8311301,0.0143341037599498,10805,FALSE
Pv2.1_08_60799167_G/A,Chr08,60799167,0.0143331210226259,10806,FALSE
Pv2.1_11_29949573_A/T,Chr11,29949573,0.0143331074905722,10807,FALSE
Pv2.1_05_19966141_T/C,Chr05,19966141,0.0143316612510866,10808,FALSE
Pv2.1_05_39679435_C/G,Chr05,39679435,0.0143311190160347,10809,FALSE
Pv2.1_08_62573117_T/C,Chr08,62573117,0.0143297098400002,10810,FALSE
Pv2.1_05_2712270_T/TA,Chr05,2712270,0.0143250962064085,10811,FALSE
Pv2.1_06_21710200_C/T,Chr06,21710200,0.0143240277728163,10812,FALSE
Pv2.1_11_48385353_T/C,Chr11,48385353,0.0143185116515658,10813,FALSE
Pv2.1_11_47186006_C/T,Chr11,47186006,0.0143132588219572,10814,FALSE
Pv2.1_02_3254056_A/G,Chr02,3254056,0.0143066428936298,10815,FALSE
Pv2.1_04_11405248_T/A,Chr04,11405248,0.0143058230127382,10816,FALSE
Pv2.1_05_172647_T/C,Chr05,172647,0.0143047352403953,10817,FALSE
Pv2.1_11_50437043_A/G,Chr11,50437043,0.0143023633176886,10818,FALSE
Pv2.1_11_3921924_C/T,Chr11,3921924,0.014299491577273,10819,FALSE
Pv2.1_07_21127349_T/C,Chr07,21127349,0.0142890080470832,10820,FALSE
Pv2.1_02_28103824_A/G,Chr02,28103824,0.0142884363147537,10821,FALSE
Pv2.1_04_44916206_A/C,Chr04,44916206,0.0142837302869232,10822,FALSE
Pv2.1_06_18525860_T/C,Chr06,18525860,0.0142777852626597,10823,FALSE
Pv2.1_11_31548757_C/T,Chr11,31548757,0.0142750388261144,10824,FALSE
Pv2.1_11_50483558_TA/T,Chr11,50483558,0.0142739873933095,10825,FALSE
Pv2.1_08_61896126_T/C,Chr08,61896126,0.0142691305500988,10826,FALSE
Pv2.1_09_38190832_A/T,Chr09,38190832,0.0142666400495042,10827,FALSE
Pv2.1_06_18407448_T/A,Chr06,18407448,0.0142648725436425,10828,FALSE
Pv2.1_09_29088800_G/A,Chr09,29088800,0.0142612457715372,10829,FALSE
Pv2.1_06_25801020_C/G,Chr06,25801020,0.0142602245463581,10830,FALSE
Pv2.1_08_61036638_ATAG/A,Chr08,61036638,0.0142595362707327,10831,FALSE
Pv2.1_11_45614736_C/G,Chr11,45614736,0.0142532598772065,10832,FALSE
Pv2.1_06_28228149_T/G,Chr06,28228149,0.0142519982493914,10833,FALSE
Pv2.1_10_41406265_T/C,Chr10,41406265,0.0142517263137618,10834,FALSE
Pv2.1_07_32254705_T/C,Chr07,32254705,0.0142491651514596,10835,FALSE
Pv2.1_03_52882941_A/T,Chr03,52882941,0.0142418083214211,10836,FALSE
Pv2.1_05_172673_T/C,Chr05,172673,0.0142377239736056,10837,FALSE
Pv2.1_11_44249597_G/T,Chr11,44249597,0.0142275223562187,10838,FALSE
Pv2.1_06_25583792_G/A,Chr06,25583792,0.0142254525570609,10839,FALSE
Pv2.1_03_30439417_C/T,Chr03,30439417,0.014225325185885,10840,FALSE
Pv2.1_06_24328505_G/A,Chr06,24328505,0.0142211981568385,10841,FALSE
Pv2.1_08_61408777_T/C,Chr08,61408777,0.0142198382082923,10842,FALSE
Pv2.1_08_60662908_A/G,Chr08,60662908,0.01421245786028,10843,FALSE
Pv2.1_01_41512745_C/T,Chr01,41512745,0.0142116204368654,10844,FALSE
Pv2.1_09_35885452_T/A,Chr09,35885452,0.0142063759720412,10845,FALSE
Pv2.1_10_44077576_A/G,Chr10,44077576,0.0142059454803842,10846,FALSE
Pv2.1_08_57790604_T/TA,Chr08,57790604,0.0141988535117497,10847,FALSE
Pv2.1_06_20165708_G/C,Chr06,20165708,0.0141985367995332,10848,FALSE
Pv2.1_04_2559931_T/A,Chr04,2559931,0.0141982087384678,10849,FALSE
Pv2.1_04_2559934_C/T,Chr04,2559934,0.0141982087384678,10850,FALSE
Pv2.1_04_2559941_A/T,Chr04,2559941,0.0141982087384678,10851,FALSE
Pv2.1_04_2559949_A/G,Chr04,2559949,0.0141982087384678,10852,FALSE
Pv2.1_06_23512177_C/T,Chr06,23512177,0.0141977030597333,10853,FALSE
Pv2.1_11_1026418_A/T,Chr11,1026418,0.01419291279807,10854,FALSE
Pv2.1_11_1026435_T/A,Chr11,1026435,0.01419291279807,10855,FALSE
Pv2.1_11_1026453_G/T,Chr11,1026453,0.01419291279807,10856,FALSE
Pv2.1_10_2918158_C/A,Chr10,2918158,0.0141879126245348,10857,FALSE
Pv2.1_09_14953275_T/C,Chr09,14953275,0.0141803144630295,10858,FALSE
Pv2.1_07_9526586_T/G,Chr07,9526586,0.0141801312497849,10859,FALSE
Pv2.1_08_61402992_T/G,Chr08,61402992,0.0141783554276005,10860,FALSE
Pv2.1_11_1026399_G/T,Chr11,1026399,0.0141776039378572,10861,FALSE
Pv2.1_04_46214672_G/A,Chr04,46214672,0.0141750028397265,10862,FALSE
Pv2.1_06_21887919_T/C,Chr06,21887919,0.0141691374751236,10863,FALSE
Pv2.1_06_21887935_T/A,Chr06,21887935,0.0141691374751236,10864,FALSE
Pv2.1_08_60622743_GT/G,Chr08,60622743,0.0141685055032696,10865,FALSE
Pv2.1_09_29088556_A/T,Chr09,29088556,0.0141619131126078,10866,FALSE
Pv2.1_10_40971991_T/C,Chr10,40971991,0.0141602641909624,10867,FALSE
Pv2.1_06_21220258_T/C,Chr06,21220258,0.0141564773041223,10868,FALSE
Pv2.1_06_28241366_A/G,Chr06,28241366,0.0141559136335143,10869,FALSE
Pv2.1_02_26398721_G/A,Chr02,26398721,0.014153056387578,10870,FALSE
Pv2.1_08_63036279_G/A,Chr08,63036279,0.0141494250415684,10871,FALSE
Pv2.1_03_52882952_A/G,Chr03,52882952,0.0141475745673127,10872,FALSE
Pv2.1_06_25366345_G/T,Chr06,25366345,0.0141475253746988,10873,FALSE
Pv2.1_05_3462684_A/T,Chr05,3462684,0.0141464375400533,10874,FALSE
Pv2.1_06_25203621_G/A,Chr06,25203621,0.0141452894773231,10875,FALSE
Pv2.1_05_2037055_A/G,Chr05,2037055,0.0141444763450327,10876,FALSE
Pv2.1_08_61889857_A/G,Chr08,61889857,0.0141427755391583,10877,FALSE
Pv2.1_07_8715180_A/T,Chr07,8715180,0.0141389370178051,10878,FALSE
Pv2.1_08_60892537_T/G,Chr08,60892537,0.0141387864923903,10879,FALSE
Pv2.1_07_30324313_A/T,Chr07,30324313,0.0141371591508763,10880,FALSE
Pv2.1_09_36051909_T/C,Chr09,36051909,0.0141370676883978,10881,FALSE
Pv2.1_08_62952087_G/T,Chr08,62952087,0.0141367146223308,10882,FALSE
Pv2.1_08_60045747_C/T,Chr08,60045747,0.0141337438187659,10883,FALSE
Pv2.1_10_43607255_A/G,Chr10,43607255,0.0141263931581777,10884,FALSE
Pv2.1_01_49181836_G/C,Chr01,49181836,0.0141212845262819,10885,FALSE
Pv2.1_06_27102752_A/T,Chr06,27102752,0.0141198526578861,10886,FALSE
Pv2.1_06_28041335_G/A,Chr06,28041335,0.0141192669542161,10887,FALSE
Pv2.1_08_60480156_A/T,Chr08,60480156,0.0141153576675679,10888,FALSE
Pv2.1_06_14600359_C/T,Chr06,14600359,0.0141148909664133,10889,FALSE
Pv2.1_04_1317067_C/T,Chr04,1317067,0.0141132910959243,10890,FALSE
Pv2.1_08_62749880_A/G,Chr08,62749880,0.0141132533645081,10891,FALSE
Pv2.1_05_39472304_C/T,Chr05,39472304,0.014112093560239,10892,FALSE
Pv2.1_07_8715194_C/T,Chr07,8715194,0.0141098599392984,10893,FALSE
Pv2.1_08_61729115_T/A,Chr08,61729115,0.0141080101213231,10894,FALSE
Pv2.1_04_47686798_A/G,Chr04,47686798,0.0141076311332031,10895,FALSE
Pv2.1_09_21865226_A/C,Chr09,21865226,0.0141026977268841,10896,FALSE
Pv2.1_08_61185186_A/T,Chr08,61185186,0.0141026813912659,10897,FALSE
Pv2.1_08_62063822_TCCATAA/T,Chr08,62063822,0.0141019243329179,10898,FALSE
Pv2.1_07_33423056_T/C,Chr07,33423056,0.0140948452113223,10899,FALSE
Pv2.1_11_49176609_C/T,Chr11,49176609,0.0140944026303278,10900,FALSE
Pv2.1_07_34546869_A/T,Chr07,34546869,0.0140874405466134,10901,FALSE
Pv2.1_08_63007113_G/T,Chr08,63007113,0.014081202534272,10902,FALSE
Pv2.1_04_1421381_G/T,Chr04,1421381,0.0140810603213524,10903,FALSE
Pv2.1_04_2623804_C/T,Chr04,2623804,0.0140806056372602,10904,FALSE
Pv2.1_02_2256575_A/G,Chr02,2256575,0.014074031126508,10905,FALSE
Pv2.1_03_53066987_C/A,Chr03,53066987,0.014073260173896,10906,FALSE
Pv2.1_11_47215098_A/G,Chr11,47215098,0.0140731791870832,10907,FALSE
Pv2.1_11_47215099_T/A,Chr11,47215099,0.0140731791870832,10908,FALSE
Pv2.1_07_8715180_A/C,Chr07,8715180,0.0140707597368506,10909,FALSE
Pv2.1_06_14661067_G/A,Chr06,14661067,0.0140693454262011,10910,FALSE
Pv2.1_03_34553857_T/G,Chr03,34553857,0.0140661734098968,10911,FALSE
Pv2.1_08_59036101_C/T,Chr08,59036101,0.0140605367636906,10912,FALSE
Pv2.1_11_36028527_T/C,Chr11,36028527,0.0140599847946765,10913,FALSE
Pv2.1_11_51046811_C/CA,Chr11,51046811,0.0140575542783128,10914,FALSE
Pv2.1_08_62375729_C/T,Chr08,62375729,0.0140549593833419,10915,FALSE
Pv2.1_10_44169617_G/A,Chr10,44169617,0.0140545409759265,10916,FALSE
Pv2.1_01_49333513_T/C,Chr01,49333513,0.014052543785736,10917,FALSE
Pv2.1_07_35633762_T/A,Chr07,35633762,0.0140507077139569,10918,FALSE
Pv2.1_07_5388097_G/A,Chr07,5388097,0.0140486312108807,10919,FALSE
Pv2.1_07_189238_T/A,Chr07,189238,0.0140445023496527,10920,FALSE
Pv2.1_07_189262_T/C,Chr07,189262,0.0140445023496527,10921,FALSE
Pv2.1_06_25203656_C/T,Chr06,25203656,0.0140440120255949,10922,FALSE
Pv2.1_06_28242504_C/T,Chr06,28242504,0.0140387351344464,10923,FALSE
Pv2.1_05_40460700_G/A,Chr05,40460700,0.0140354411792809,10924,FALSE
Pv2.1_08_60199642_A/G,Chr08,60199642,0.0140341240976745,10925,FALSE
Pv2.1_11_45614693_A/G,Chr11,45614693,0.0140312115891872,10926,FALSE
Pv2.1_08_59797296_C/T,Chr08,59797296,0.0140273419369645,10927,FALSE
Pv2.1_08_59267985_T/C,Chr08,59267985,0.0140270295610225,10928,FALSE
Pv2.1_01_51175042_T/C,Chr01,51175042,0.0140235946063383,10929,FALSE
Pv2.1_07_32612015_T/A,Chr07,32612015,0.0140218200550453,10930,FALSE
Pv2.1_05_1710032_A/G,Chr05,1710032,0.0140195655986259,10931,FALSE
Pv2.1_06_28228101_C/T,Chr06,28228101,0.0140165856708681,10932,FALSE
Pv2.1_10_41616961_C/T,Chr10,41616961,0.0140121506902489,10933,FALSE
Pv2.1_11_47186015_C/G,Chr11,47186015,0.0140016121861901,10934,FALSE
Pv2.1_06_28242585_T/C,Chr06,28242585,0.0140014717524397,10935,FALSE
Pv2.1_02_27591922_C/T,Chr02,27591922,0.013995001375843,10936,FALSE
Pv2.1_09_28750301_G/C,Chr09,28750301,0.0139936372919389,10937,FALSE
Pv2.1_03_12631139_C/T,Chr03,12631139,0.0139861752125054,10938,FALSE
Pv2.1_10_1971191_T/C,Chr10,1971191,0.0139847138028659,10939,FALSE
Pv2.1_10_1971220_A/G,Chr10,1971220,0.0139847138028659,10940,FALSE
Pv2.1_04_4069905_T/TA,Chr04,4069905,0.0139812251649745,10941,FALSE
Pv2.1_04_4069922_G/A,Chr04,4069922,0.0139812251649745,10942,FALSE
Pv2.1_06_25327615_T/G,Chr06,25327615,0.0139767183882071,10943,FALSE
Pv2.1_01_51166379_T/G,Chr01,51166379,0.0139762058376371,10944,FALSE
Pv2.1_06_19002809_G/T,Chr06,19002809,0.0139713382721847,10945,FALSE
Pv2.1_07_9346592_G/T,Chr07,9346592,0.0139690791399767,10946,FALSE
Pv2.1_03_53146810_T/C,Chr03,53146810,0.0139611722081483,10947,FALSE
Pv2.1_08_45849575_C/G,Chr08,45849575,0.013960955522927,10948,FALSE
Pv2.1_02_25525614_C/T,Chr02,25525614,0.0139604362303771,10949,FALSE
Pv2.1_06_24149179_G/A,Chr06,24149179,0.0139586274861006,10950,FALSE
Pv2.1_05_402774_G/A,Chr05,402774,0.0139490862354887,10951,FALSE
Pv2.1_11_35921313_T/C,Chr11,35921313,0.0139464963819247,10952,FALSE
Pv2.1_11_861456_A/G,Chr11,861456,0.0139455971051685,10953,FALSE
Pv2.1_07_32262347_A/G,Chr07,32262347,0.0139444952225314,10954,FALSE
Pv2.1_08_60480034_G/T,Chr08,60480034,0.0139406556623007,10955,FALSE
Pv2.1_06_18716788_T/C,Chr06,18716788,0.013935921584503,10956,FALSE
Pv2.1_09_38099936_C/A,Chr09,38099936,0.0139341044614203,10957,FALSE
Pv2.1_06_22265219_G/A,Chr06,22265219,0.0139268557322603,10958,FALSE
Pv2.1_08_61479420_G/C,Chr08,61479420,0.0139265223444087,10959,FALSE
Pv2.1_02_13482845_G/C,Chr02,13482845,0.0139191341738751,10960,FALSE
Pv2.1_05_12411458_C/A,Chr05,12411458,0.013916631931036,10961,FALSE
Pv2.1_09_381244_G/A,Chr09,381244,0.0139136478072452,10962,FALSE
Pv2.1_08_61388457_T/C,Chr08,61388457,0.0139106974080949,10963,FALSE
Pv2.1_03_52435535_G/A,Chr03,52435535,0.0139092739664912,10964,FALSE
Pv2.1_06_19589727_A/G,Chr06,19589727,0.0139088301438708,10965,FALSE
Pv2.1_04_8640994_TA/T,Chr04,8640994,0.0139074533326053,10966,FALSE
Pv2.1_03_45105069_C/T,Chr03,45105069,0.0138994511547885,10967,FALSE
Pv2.1_05_40743891_T/C,Chr05,40743891,0.0138955644584153,10968,FALSE
Pv2.1_08_61642524_C/T,Chr08,61642524,0.0138935312844239,10969,FALSE
Pv2.1_09_22410932_CT/C,Chr09,22410932,0.0138925009907926,10970,FALSE
Pv2.1_07_34855054_T/C,Chr07,34855054,0.0138921665931471,10971,FALSE
Pv2.1_06_24149833_A/T,Chr06,24149833,0.0138864640370899,10972,FALSE
Pv2.1_06_27850894_G/A,Chr06,27850894,0.0138863319952582,10973,FALSE
Pv2.1_06_24705182_A/G,Chr06,24705182,0.0138814737651223,10974,FALSE
Pv2.1_06_27435520_G/A,Chr06,27435520,0.0138670540631054,10975,FALSE
Pv2.1_07_32612016_T/C,Chr07,32612016,0.0138659228836584,10976,FALSE
Pv2.1_07_277310_T/C,Chr07,277310,0.0138617197321507,10977,FALSE
Pv2.1_07_9651772_A/T,Chr07,9651772,0.0138593837418677,10978,FALSE
Pv2.1_02_675439_T/G,Chr02,675439,0.0138564152050829,10979,FALSE
Pv2.1_04_46303435_T/A,Chr04,46303435,0.0138563938078908,10980,FALSE
Pv2.1_07_153047_T/A,Chr07,153047,0.0138547811638481,10981,FALSE
Pv2.1_10_2997824_T/A,Chr10,2997824,0.01385412922289,10982,FALSE
Pv2.1_11_49890774_A/G,Chr11,49890774,0.0138521598540073,10983,FALSE
Pv2.1_10_44079935_G/C,Chr10,44079935,0.0138501220423928,10984,FALSE
Pv2.1_01_51193098_C/T,Chr01,51193098,0.0138490609647093,10985,FALSE
Pv2.1_01_51193102_T/G,Chr01,51193102,0.0138490609647093,10986,FALSE
Pv2.1_09_29155830_G/T,Chr09,29155830,0.0138474688754711,10987,FALSE
Pv2.1_08_59994978_G/A,Chr08,59994978,0.0138428708922964,10988,FALSE
Pv2.1_06_19235311_C/T,Chr06,19235311,0.0138428124180221,10989,FALSE
Pv2.1_09_14953268_A/T,Chr09,14953268,0.013842765976837,10990,FALSE
Pv2.1_11_49492573_G/A,Chr11,49492573,0.0138385799325071,10991,FALSE
Pv2.1_06_24981259_A/G,Chr06,24981259,0.0138323291786864,10992,FALSE
Pv2.1_06_24975267_T/G,Chr06,24975267,0.0138269895658802,10993,FALSE
Pv2.1_07_4564617_A/T,Chr07,4564617,0.0138247420432576,10994,FALSE
Pv2.1_01_42273721_T/C,Chr01,42273721,0.0138221911167244,10995,FALSE
Pv2.1_07_34558257_C/T,Chr07,34558257,0.0138214197532074,10996,FALSE
Pv2.1_06_19235210_T/C,Chr06,19235210,0.013820199741243,10997,FALSE
Pv2.1_08_61879986_G/A,Chr08,61879986,0.0138172762845254,10998,FALSE
Pv2.1_08_62787589_A/T,Chr08,62787589,0.013814169957044,10999,FALSE
Pv2.1_09_36681020_A/T,Chr09,36681020,0.0138126554984481,11000,FALSE
Pv2.1_03_44694667_C/A,Chr03,44694667,0.0138085640276096,11001,FALSE
Pv2.1_06_28226256_T/A,Chr06,28226256,0.0138084651464983,11002,FALSE
Pv2.1_09_36161380_C/T,Chr09,36161380,0.0137946484506388,11003,FALSE
Pv2.1_08_60199616_C/T,Chr08,60199616,0.0137885770618396,11004,FALSE
Pv2.1_02_12351065_G/T,Chr02,12351065,0.0137875332382187,11005,FALSE
Pv2.1_09_29273889_C/G,Chr09,29273889,0.0137841239583665,11006,FALSE
Pv2.1_02_14237450_G/A,Chr02,14237450,0.013780910245873,11007,FALSE
Pv2.1_06_14600328_T/C,Chr06,14600328,0.0137801104418327,11008,FALSE
Pv2.1_02_7762713_T/C,Chr02,7762713,0.0137785575323117,11009,FALSE
Pv2.1_06_18684827_C/CA,Chr06,18684827,0.0137753403701892,11010,FALSE
Pv2.1_02_3118254_C/T,Chr02,3118254,0.0137735639250094,11011,FALSE
Pv2.1_09_38119642_A/C,Chr09,38119642,0.0137652781650051,11012,FALSE
Pv2.1_05_40460701_C/A,Chr05,40460701,0.013764139237713,11013,FALSE
Pv2.1_11_5173392_T/C,Chr11,5173392,0.0137613007092279,11014,FALSE
Pv2.1_07_39291223_G/T,Chr07,39291223,0.0137474777164663,11015,FALSE
Pv2.1_02_33626519_G/GAA,Chr02,33626519,0.0137454342501928,11016,FALSE
Pv2.1_01_48823082_C/T,Chr01,48823082,0.0137453195073873,11017,FALSE
Pv2.1_10_44210332_C/T,Chr10,44210332,0.0137446217154764,11018,FALSE
Pv2.1_08_59494560_C/T,Chr08,59494560,0.0137407908187166,11019,FALSE
Pv2.1_06_24975299_G/A,Chr06,24975299,0.0137382981913556,11020,FALSE
Pv2.1_08_3290871_G/A,Chr08,3290871,0.0137343120783653,11021,FALSE
Pv2.1_04_45436212_G/A,Chr04,45436212,0.0137316638519942,11022,FALSE
Pv2.1_04_45436227_T/G,Chr04,45436227,0.0137316638519942,11023,FALSE
Pv2.1_07_33616200_C/A,Chr07,33616200,0.0137298714486751,11024,FALSE
Pv2.1_02_2768067_C/A,Chr02,2768067,0.0137211102418955,11025,FALSE
Pv2.1_09_35055136_A/C,Chr09,35055136,0.0137205267339344,11026,FALSE
Pv2.1_07_39886358_A/G,Chr07,39886358,0.0137200701447457,11027,FALSE
Pv2.1_06_28242582_T/A,Chr06,28242582,0.0137161458911708,11028,FALSE
Pv2.1_08_62767101_A/G,Chr08,62767101,0.0137138205136562,11029,FALSE
Pv2.1_06_24112987_G/A,Chr06,24112987,0.0137127237224131,11030,FALSE
Pv2.1_09_35419643_T/C,Chr09,35419643,0.0137106682319286,11031,FALSE
Pv2.1_08_60479716_T/A,Chr08,60479716,0.0137048768901424,11032,FALSE
Pv2.1_07_1287851_G/GTAC,Chr07,1287851,0.0137039995232575,11033,FALSE
Pv2.1_03_53030538_T/A,Chr03,53030538,0.013700407510008,11034,FALSE
Pv2.1_08_11528512_A/T,Chr08,11528512,0.0136977207585467,11035,FALSE
Pv2.1_07_9346601_G/T,Chr07,9346601,0.0136976517830814,11036,FALSE
Pv2.1_08_57579066_C/G,Chr08,57579066,0.0136960568368334,11037,FALSE
Pv2.1_08_62249297_C/T,Chr08,62249297,0.013691858342237,11038,FALSE
Pv2.1_04_46214589_A/T,Chr04,46214589,0.0136910692242425,11039,FALSE
Pv2.1_04_46214568_T/A,Chr04,46214568,0.013691069224242,11040,FALSE
Pv2.1_11_27965417_T/C,Chr11,27965417,0.0136887203198395,11041,FALSE
Pv2.1_04_44878732_A/G,Chr04,44878732,0.0136790832951421,11042,FALSE
Pv2.1_08_61266660_G/C,Chr08,61266660,0.0136743004295918,11043,FALSE
Pv2.1_08_59683750_T/C,Chr08,59683750,0.0136728302434435,11044,FALSE
Pv2.1_11_52617240_G/C,Chr11,52617240,0.0136643697867322,11045,FALSE
Pv2.1_08_61407900_A/T,Chr08,61407900,0.0136586930930038,11046,FALSE
Pv2.1_04_20120029_A/T,Chr04,20120029,0.0136582303733626,11047,FALSE
Pv2.1_06_24107092_A/G,Chr06,24107092,0.0136507481824295,11048,FALSE
Pv2.1_08_60114952_T/C,Chr08,60114952,0.0136398718256734,11049,FALSE
Pv2.1_08_60451141_A/C,Chr08,60451141,0.0136371466642364,11050,FALSE
Pv2.1_07_36967520_C/T,Chr07,36967520,0.0136247876449103,11051,FALSE
Pv2.1_08_61260211_A/G,Chr08,61260211,0.0136240047760028,11052,FALSE
Pv2.1_11_51585114_G/T,Chr11,51585114,0.0136206959235401,11053,FALSE
Pv2.1_11_51314226_A/G,Chr11,51314226,0.0136125874594226,11054,FALSE
Pv2.1_11_51042254_C/T,Chr11,51042254,0.013612523064491,11055,FALSE
Pv2.1_11_8523740_C/T,Chr11,8523740,0.0136024033220243,11056,FALSE
Pv2.1_03_52708925_T/A,Chr03,52708925,0.0135951382495234,11057,FALSE
Pv2.1_06_27599690_TAAC/T,Chr06,27599690,0.0135818496881095,11058,FALSE
Pv2.1_03_50400341_A/C,Chr03,50400341,0.0135797896274963,11059,FALSE
Pv2.1_08_62426373_G/A,Chr08,62426373,0.0135728210082062,11060,FALSE
Pv2.1_08_9944942_G/T,Chr08,9944942,0.0135725929799011,11061,FALSE
Pv2.1_08_9944943_A/T,Chr08,9944943,0.0135725929799011,11062,FALSE
Pv2.1_06_24297140_C/A,Chr06,24297140,0.0135703944150647,11063,FALSE
Pv2.1_07_9346604_C/A,Chr07,9346604,0.0135674207362348,11064,FALSE
Pv2.1_08_60905346_G/A,Chr08,60905346,0.0135641313517674,11065,FALSE
Pv2.1_11_51766166_G/C,Chr11,51766166,0.0135606524191347,11066,FALSE
Pv2.1_06_25366327_A/G,Chr06,25366327,0.0135557523924486,11067,FALSE
Pv2.1_09_22356582_T/TAAA,Chr09,22356582,0.0135554319195914,11068,FALSE
Pv2.1_09_34998964_A/G,Chr09,34998964,0.0135530324238342,11069,FALSE
Pv2.1_07_39886238_C/T,Chr07,39886238,0.0135519682035965,11070,FALSE
Pv2.1_10_44169570_C/T,Chr10,44169570,0.0135517964744429,11071,FALSE
Pv2.1_04_1571061_A/G,Chr04,1571061,0.013551611378003,11072,FALSE
Pv2.1_07_39812663_C/G,Chr07,39812663,0.0135511714268439,11073,FALSE
Pv2.1_11_45615092_A/C,Chr11,45615092,0.0135488559327617,11074,FALSE
Pv2.1_10_4830096_G/A,Chr10,4830096,0.0135440108829243,11075,FALSE
Pv2.1_11_50569975_T/A,Chr11,50569975,0.0135418258814579,11076,FALSE
Pv2.1_08_61826003_G/C,Chr08,61826003,0.0135417698686546,11077,FALSE
Pv2.1_08_3181860_A/G,Chr08,3181860,0.013537908283876,11078,FALSE
Pv2.1_08_3181864_G/T,Chr08,3181864,0.013537908283876,11079,FALSE
Pv2.1_08_53821543_A/G,Chr08,53821543,0.01353463436108,11080,FALSE
Pv2.1_05_39472188_G/A,Chr05,39472188,0.0135345879133921,11081,FALSE
Pv2.1_09_14438725_G/C,Chr09,14438725,0.0135309064846942,11082,FALSE
Pv2.1_09_14438739_T/G,Chr09,14438739,0.0135309064846942,11083,FALSE
Pv2.1_09_22473196_G/A,Chr09,22473196,0.0135281576716033,11084,FALSE
Pv2.1_03_12460794_C/G,Chr03,12460794,0.0135255830966234,11085,FALSE
Pv2.1_11_44469329_G/A,Chr11,44469329,0.0135216753850673,11086,FALSE
Pv2.1_11_50483513_A/G,Chr11,50483513,0.0135167130885363,11087,FALSE
Pv2.1_07_8882194_A/G,Chr07,8882194,0.0135155844815249,11088,FALSE
Pv2.1_08_60583881_C/T,Chr08,60583881,0.0135154144580856,11089,FALSE
Pv2.1_09_14084796_A/G,Chr09,14084796,0.0135144548225972,11090,FALSE
Pv2.1_04_47116118_C/G,Chr04,47116118,0.0135134298592501,11091,FALSE
Pv2.1_01_49179710_C/T,Chr01,49179710,0.0135088415924001,11092,FALSE
Pv2.1_08_60638710_G/T,Chr08,60638710,0.0134986797291834,11093,FALSE
Pv2.1_06_28241345_C/A,Chr06,28241345,0.0134976345320799,11094,FALSE
Pv2.1_02_35804150_T/G,Chr02,35804150,0.0134972233522812,11095,FALSE
Pv2.1_07_10168600_C/T,Chr07,10168600,0.0134956077072657,11096,FALSE
Pv2.1_02_12350913_T/A,Chr02,12350913,0.0134875261156293,11097,FALSE
Pv2.1_06_28241351_A/C,Chr06,28241351,0.0134861430626057,11098,FALSE
Pv2.1_02_12350969_A/G,Chr02,12350969,0.0134829299391246,11099,FALSE
Pv2.1_03_10999765_G/A,Chr03,10999765,0.0134820710439532,11100,FALSE
Pv2.1_11_50571875_G/C,Chr11,50571875,0.0134795585907326,11101,FALSE
Pv2.1_11_50571895_G/T,Chr11,50571895,0.0134795585907326,11102,FALSE
Pv2.1_02_7731487_A/G,Chr02,7731487,0.0134762352660358,11103,FALSE
Pv2.1_10_9190238_T/G,Chr10,9190238,0.0134726716906783,11104,FALSE
Pv2.1_02_35757307_T/C,Chr02,35757307,0.0134710955910817,11105,FALSE
Pv2.1_03_50400340_G/T,Chr03,50400340,0.0134687872209902,11106,FALSE
Pv2.1_08_19139863_GA/G,Chr08,19139863,0.0134628804577606,11107,FALSE
Pv2.1_08_60360027_G/T,Chr08,60360027,0.0134582248811155,11108,FALSE
Pv2.1_08_62952291_T/C,Chr08,62952291,0.0134581198160304,11109,FALSE
Pv2.1_06_24297148_A/C,Chr06,24297148,0.0134562065863362,11110,FALSE
Pv2.1_01_2272338_A/T,Chr01,2272338,0.0134483550325832,11111,FALSE
Pv2.1_11_45614929_A/G,Chr11,45614929,0.0134365276961836,11112,FALSE
Pv2.1_11_45614960_G/A,Chr11,45614960,0.0134365276961836,11113,FALSE
Pv2.1_06_17606283_A/T,Chr06,17606283,0.0134282321935983,11114,FALSE
Pv2.1_02_12350951_G/A,Chr02,12350951,0.0134256833242166,11115,FALSE
Pv2.1_04_156244_A/T,Chr04,156244,0.0134230477966644,11116,FALSE
Pv2.1_10_1790722_T/TA,Chr10,1790722,0.0134196532342785,11117,FALSE
Pv2.1_09_38191023_C/G,Chr09,38191023,0.0134156822516194,11118,FALSE
Pv2.1_09_36711687_TAAAAAT/ATAAATA,Chr09,36711687,0.0134071623362151,11119,FALSE
Pv2.1_01_51131315_C/G,Chr01,51131315,0.0134058975727447,11120,FALSE
Pv2.1_05_15136474_T/G,Chr05,15136474,0.0134027668120571,11121,FALSE
Pv2.1_01_2308633_T/G,Chr01,2308633,0.013402502680695,11122,FALSE
Pv2.1_10_6495339_G/GT,Chr10,6495339,0.0133968560790039,11123,FALSE
Pv2.1_04_45494567_G/T,Chr04,45494567,0.0133964531805066,11124,FALSE
Pv2.1_11_3535106_C/CA,Chr11,3535106,0.0133915769268458,11125,FALSE
Pv2.1_07_30170546_A/T,Chr07,30170546,0.0133914930495513,11126,FALSE
Pv2.1_07_30170545_T/G,Chr07,30170545,0.0133914930495509,11127,FALSE
Pv2.1_09_36105492_T/A,Chr09,36105492,0.0133899056225388,11128,FALSE
Pv2.1_10_41001356_G/A,Chr10,41001356,0.0133811404590527,11129,FALSE
Pv2.1_06_24297142_G/T,Chr06,24297142,0.0133778934111675,11130,FALSE
Pv2.1_06_25448884_G/A,Chr06,25448884,0.0133776275229027,11131,FALSE
Pv2.1_02_13482748_G/C,Chr02,13482748,0.013372097717729,11132,FALSE
Pv2.1_08_61240480_A/G,Chr08,61240480,0.0133629832842521,11133,FALSE
Pv2.1_07_188377_G/C,Chr07,188377,0.0133581363440811,11134,FALSE
Pv2.1_06_15480806_A/G,Chr06,15480806,0.0133555894694588,11135,FALSE
Pv2.1_06_26356106_T/A,Chr06,26356106,0.0133525052138679,11136,FALSE
Pv2.1_06_21929906_TC/T,Chr06,21929906,0.0133523772865747,11137,FALSE
Pv2.1_11_50710143_G/A,Chr11,50710143,0.013347743753922,11138,FALSE
Pv2.1_11_35777256_G/A,Chr11,35777256,0.0133434227342946,11139,FALSE
Pv2.1_02_12667037_C/T,Chr02,12667037,0.0133372037352615,11140,FALSE
Pv2.1_02_13603743_G/A,Chr02,13603743,0.0133359497519256,11141,FALSE
Pv2.1_02_11977381_CAA/C,Chr02,11977381,0.0133314059604883,11142,FALSE
Pv2.1_06_21403261_AT/A,Chr06,21403261,0.0133298258696253,11143,FALSE
Pv2.1_02_31406571_GA/G,Chr02,31406571,0.01332385514455,11144,FALSE
Pv2.1_08_61260054_T/A,Chr08,61260054,0.0133059580748212,11145,FALSE
Pv2.1_06_24103745_A/G,Chr06,24103745,0.0133050328486433,11146,FALSE
Pv2.1_08_8954900_C/T,Chr08,8954900,0.0133006994474001,11147,FALSE
Pv2.1_08_8954917_G/A,Chr08,8954917,0.0133006994474001,11148,FALSE
Pv2.1_11_44130393_G/A,Chr11,44130393,0.0132965679253587,11149,FALSE
Pv2.1_08_60298237_C/T,Chr08,60298237,0.0132919475526307,11150,FALSE
Pv2.1_07_28996934_T/C,Chr07,28996934,0.0132905423148841,11151,FALSE
Pv2.1_05_4927325_G/A,Chr05,4927325,0.0132902161007258,11152,FALSE
Pv2.1_05_11368198_T/C,Chr05,11368198,0.0132876654989995,11153,FALSE
Pv2.1_06_28022502_A/G,Chr06,28022502,0.0132721551274968,11154,FALSE
Pv2.1_02_30842340_A/G,Chr02,30842340,0.013271695360737,11155,FALSE
Pv2.1_07_32262364_C/A,Chr07,32262364,0.0132620404660702,11156,FALSE
Pv2.1_04_45054078_TA/T,Chr04,45054078,0.0132592701557996,11157,FALSE
Pv2.1_08_6676025_T/A,Chr08,6676025,0.0132579617263895,11158,FALSE
Pv2.1_06_24148515_T/A,Chr06,24148515,0.0132553147370817,11159,FALSE
Pv2.1_04_156195_A/G,Chr04,156195,0.0132531464186174,11160,FALSE
Pv2.1_02_23338026_A/T,Chr02,23338026,0.0132512717415088,11161,FALSE
Pv2.1_01_47052830_T/A,Chr01,47052830,0.0132503955723386,11162,FALSE
Pv2.1_01_47052831_C/A,Chr01,47052831,0.0132503955723386,11163,FALSE
Pv2.1_06_24966059_T/C,Chr06,24966059,0.0132452003643522,11164,FALSE
Pv2.1_10_40961396_A/T,Chr10,40961396,0.013244477710586,11165,FALSE
Pv2.1_06_26054074_C/T,Chr06,26054074,0.0132410599565613,11166,FALSE
Pv2.1_09_17688607_G/C,Chr09,17688607,0.0132365642874897,11167,FALSE
Pv2.1_07_36687466_T/G,Chr07,36687466,0.0132280876286912,11168,FALSE
Pv2.1_10_41396729_C/T,Chr10,41396729,0.0132247968640979,11169,FALSE
Pv2.1_10_26836990_C/G,Chr10,26836990,0.0132232462980713,11170,FALSE
Pv2.1_10_44259254_G/T,Chr10,44259254,0.0132157634799031,11171,FALSE
Pv2.1_08_61663126_TTA/T,Chr08,61663126,0.0132112242599542,11172,FALSE
Pv2.1_03_1302852_G/A,Chr03,1302852,0.0132081270077316,11173,FALSE
Pv2.1_01_49182006_G/T,Chr01,49182006,0.0132076469175826,11174,FALSE
Pv2.1_02_35757498_C/A,Chr02,35757498,0.0132039508745789,11175,FALSE
Pv2.1_01_1108831_G/GGATT,Chr01,1108831,0.0131995560548548,11176,FALSE
Pv2.1_05_38873612_C/T,Chr05,38873612,0.0131955509809694,11177,FALSE
Pv2.1_08_62787658_C/T,Chr08,62787658,0.0131939261770913,11178,FALSE
Pv2.1_11_46082741_C/T,Chr11,46082741,0.0131915954669921,11179,FALSE
Pv2.1_01_49182043_T/G,Chr01,49182043,0.0131900098707334,11180,FALSE
Pv2.1_01_954793_G/A,Chr01,954793,0.0131865221489766,11181,FALSE
Pv2.1_07_23965337_A/G,Chr07,23965337,0.0131806878407197,11182,FALSE
Pv2.1_11_46082709_C/T,Chr11,46082709,0.0131805805036591,11183,FALSE
Pv2.1_11_50571880_T/G,Chr11,50571880,0.0131743019990518,11184,FALSE
Pv2.1_08_9419073_A/G,Chr08,9419073,0.0131730964247359,11185,FALSE
Pv2.1_09_35419712_T/G,Chr09,35419712,0.0131728505985662,11186,FALSE
Pv2.1_08_8077905_A/G,Chr08,8077905,0.0131647004568891,11187,FALSE
Pv2.1_06_19272586_G/T,Chr06,19272586,0.0131631391630807,11188,FALSE
Pv2.1_10_44008550_G/A,Chr10,44008550,0.0131536392655116,11189,FALSE
Pv2.1_09_14184762_T/A,Chr09,14184762,0.0131526778665609,11190,FALSE
Pv2.1_10_4627942_G/C,Chr10,4627942,0.0131432716139477,11191,FALSE
Pv2.1_10_4627960_G/T,Chr10,4627960,0.0131432716139477,11192,FALSE
Pv2.1_10_4628002_T/G,Chr10,4628002,0.0131432716139477,11193,FALSE
Pv2.1_11_51713888_T/C,Chr11,51713888,0.0131314773212834,11194,FALSE
Pv2.1_06_29110935_C/G,Chr06,29110935,0.0131163132173331,11195,FALSE
Pv2.1_01_48430093_T/TTC,Chr01,48430093,0.0131143272314622,11196,FALSE
Pv2.1_04_432820_T/C,Chr04,432820,0.0131125401844923,11197,FALSE
Pv2.1_05_7603186_T/A,Chr05,7603186,0.0131063498551431,11198,FALSE
Pv2.1_11_50569982_T/G,Chr11,50569982,0.0131019170538309,11199,FALSE
Pv2.1_07_35358431_C/A,Chr07,35358431,0.0130869879270623,11200,FALSE
Pv2.1_07_189760_C/A,Chr07,189760,0.0130786016267916,11201,FALSE
Pv2.1_01_50568067_T/C,Chr01,50568067,0.0130768527268974,11202,FALSE
Pv2.1_08_62212381_T/C,Chr08,62212381,0.0130761127658312,11203,FALSE
Pv2.1_03_33349900_A/C,Chr03,33349900,0.0130739792450534,11204,FALSE
Pv2.1_10_9919198_C/G,Chr10,9919198,0.0130644370463298,11205,FALSE
Pv2.1_01_51065672_A/T,Chr01,51065672,0.0130621949395517,11206,FALSE
Pv2.1_08_61479495_C/G,Chr08,61479495,0.0130534028495091,11207,FALSE
Pv2.1_01_51227181_T/A,Chr01,51227181,0.0130533658524166,11208,FALSE
Pv2.1_03_53066812_C/T,Chr03,53066812,0.0130501867499806,11209,FALSE
Pv2.1_08_62661059_A/C,Chr08,62661059,0.0130487447459524,11210,FALSE
Pv2.1_08_62661059_A/G,Chr08,62661059,0.0130487447459524,11211,FALSE
Pv2.1_02_33500106_A/T,Chr02,33500106,0.0130449002975501,11212,FALSE
Pv2.1_03_52663203_A/G,Chr03,52663203,0.013044412632254,11213,FALSE
Pv2.1_08_61450420_G/A,Chr08,61450420,0.0130420639978781,11214,FALSE
Pv2.1_10_9922559_T/G,Chr10,9922559,0.0130372296182046,11215,FALSE
Pv2.1_01_1099099_G/A,Chr01,1099099,0.0130365563377204,11216,FALSE
Pv2.1_06_19939193_T/A,Chr06,19939193,0.0130351445332435,11217,FALSE
Pv2.1_10_4086524_T/C,Chr10,4086524,0.0130309696213855,11218,FALSE
Pv2.1_10_3834525_A/T,Chr10,3834525,0.0130304511935639,11219,FALSE
Pv2.1_10_3834528_G/C,Chr10,3834528,0.0130304511935639,11220,FALSE
Pv2.1_02_45687579_G/A,Chr02,45687579,0.0130254056792909,11221,FALSE
Pv2.1_06_27995416_G/A,Chr06,27995416,0.0130248202297567,11222,FALSE
Pv2.1_08_60779897_C/A,Chr08,60779897,0.0130227513910373,11223,FALSE
Pv2.1_05_16802744_A/G,Chr05,16802744,0.0130178900815991,11224,FALSE
Pv2.1_08_62939608_A/T,Chr08,62939608,0.0130138574402507,11225,FALSE
Pv2.1_07_34041061_TTC/T,Chr07,34041061,0.0130132791390984,11226,FALSE
Pv2.1_07_34041062_TC/T,Chr07,34041062,0.0130132791390984,11227,FALSE
Pv2.1_07_34174352_T/A,Chr07,34174352,0.0130116567041227,11228,FALSE
Pv2.1_01_48613484_G/A,Chr01,48613484,0.0130112984798676,11229,FALSE
Pv2.1_09_21528110_T/C,Chr09,21528110,0.0130044712064485,11230,FALSE
Pv2.1_05_1710036_A/G,Chr05,1710036,0.0130017754099123,11231,FALSE
Pv2.1_08_62537018_T/A,Chr08,62537018,0.0129930897363622,11232,FALSE
Pv2.1_06_25110110_C/CA,Chr06,25110110,0.0129898336997787,11233,FALSE
Pv2.1_06_21414425_C/A,Chr06,21414425,0.0129767263988567,11234,FALSE
Pv2.1_08_62043203_A/C,Chr08,62043203,0.0129751910272216,11235,FALSE
Pv2.1_11_45758417_T/C,Chr11,45758417,0.0129747033535419,11236,FALSE
Pv2.1_08_61728835_C/A,Chr08,61728835,0.0129728818340067,11237,FALSE
Pv2.1_07_8265530_C/A,Chr07,8265530,0.0129711644315695,11238,FALSE
Pv2.1_07_8265548_G/A,Chr07,8265548,0.0129711644315695,11239,FALSE
Pv2.1_07_8265573_A/C,Chr07,8265573,0.0129711644315695,11240,FALSE
Pv2.1_04_1176593_A/T,Chr04,1176593,0.0129664037396404,11241,FALSE
Pv2.1_03_53066928_T/A,Chr03,53066928,0.0129644058841181,11242,FALSE
Pv2.1_08_60360153_T/A,Chr08,60360153,0.0129602485312343,11243,FALSE
Pv2.1_04_4560610_G/A,Chr04,4560610,0.0129588948677255,11244,FALSE
Pv2.1_06_30145125_C/A,Chr06,30145125,0.0129552372103636,11245,FALSE
Pv2.1_10_3834489_A/G,Chr10,3834489,0.0129526761023695,11246,FALSE
Pv2.1_09_13609156_G/A,Chr09,13609156,0.0129500045814668,11247,FALSE
Pv2.1_09_7692183_A/G,Chr09,7692183,0.0129430670360979,11248,FALSE
Pv2.1_03_4655360_G/A,Chr03,4655360,0.0129415952388352,11249,FALSE
Pv2.1_03_12717272_T/C,Chr03,12717272,0.0129396252322174,11250,FALSE
Pv2.1_02_27564313_A/G,Chr02,27564313,0.0129357381045794,11251,FALSE
Pv2.1_02_3423974_T/C,Chr02,3423974,0.0129332350043989,11252,FALSE
Pv2.1_06_16429632_AGCGTCT/A,Chr06,16429632,0.0129318781987786,11253,FALSE
Pv2.1_08_8954922_T/C,Chr08,8954922,0.0129259732177047,11254,FALSE
Pv2.1_10_6400015_T/C,Chr10,6400015,0.0129161174758341,11255,FALSE
Pv2.1_10_42515247_GA/G,Chr10,42515247,0.0129158610282172,11256,FALSE
Pv2.1_07_32573223_T/A,Chr07,32573223,0.0129106615465613,11257,FALSE
Pv2.1_04_42663_T/A,Chr04,42663,0.0128961012649804,11258,FALSE
Pv2.1_11_45756664_AT/A,Chr11,45756664,0.0128960484677072,11259,FALSE
Pv2.1_05_18743872_G/T,Chr05,18743872,0.0128942968743186,11260,FALSE
Pv2.1_07_594323_G/A,Chr07,594323,0.0128937925118318,11261,FALSE
Pv2.1_06_21755103_C/T,Chr06,21755103,0.012892393043566,11262,FALSE
Pv2.1_08_1572515_T/A,Chr08,1572515,0.0128876054002345,11263,FALSE
Pv2.1_05_204358_G/A,Chr05,204358,0.0128800381015823,11264,FALSE
Pv2.1_02_35757325_A/C,Chr02,35757325,0.0128753233441379,11265,FALSE
Pv2.1_07_32262358_A/G,Chr07,32262358,0.0128702376705507,11266,FALSE
Pv2.1_01_1104804_TAG/T,Chr01,1104804,0.0128645181576563,11267,FALSE
Pv2.1_08_60726667_A/C,Chr08,60726667,0.0128628052415545,11268,FALSE
Pv2.1_06_15383362_C/T,Chr06,15383362,0.0128620202183445,11269,FALSE
Pv2.1_11_20607521_T/G,Chr11,20607521,0.0128615858206125,11270,FALSE
Pv2.1_05_39472185_C/T,Chr05,39472185,0.0128602115472667,11271,FALSE
Pv2.1_08_60151907_T/A,Chr08,60151907,0.0128385046951545,11272,FALSE
Pv2.1_10_1072245_G/C,Chr10,1072245,0.0128365335221705,11273,FALSE
Pv2.1_11_45315768_C/A,Chr11,45315768,0.012836169096349,11274,FALSE
Pv2.1_11_46181262_C/T,Chr11,46181262,0.0128253337992787,11275,FALSE
Pv2.1_09_37951081_G/C,Chr09,37951081,0.012819891320548,11276,FALSE
Pv2.1_06_28137926_T/G,Chr06,28137926,0.0128099032890532,11277,FALSE
Pv2.1_08_60658637_C/A,Chr08,60658637,0.0128057851203196,11278,FALSE
Pv2.1_07_39201987_A/T,Chr07,39201987,0.0128040968255871,11279,FALSE
Pv2.1_07_4307259_T/G,Chr07,4307259,0.01280358867968,11280,FALSE
Pv2.1_07_3273920_A/G,Chr07,3273920,0.0128028729029692,11281,FALSE
Pv2.1_07_3273944_C/G,Chr07,3273944,0.0128028729029692,11282,FALSE
Pv2.1_07_36965265_G/T,Chr07,36965265,0.0128008777017419,11283,FALSE
Pv2.1_07_8389391_CT/C,Chr07,8389391,0.0127905011587748,11284,FALSE
Pv2.1_11_35707618_A/G,Chr11,35707618,0.0127862469991027,11285,FALSE
Pv2.1_03_4655359_T/C,Chr03,4655359,0.012779249644566,11286,FALSE
Pv2.1_10_5855941_C/T,Chr10,5855941,0.012775560649557,11287,FALSE
Pv2.1_05_37385988_G/T,Chr05,37385988,0.0127731439640675,11288,FALSE
Pv2.1_09_14814925_C/T,Chr09,14814925,0.0127730744054353,11289,FALSE
Pv2.1_01_45043896_G/A,Chr01,45043896,0.0127635187066919,11290,FALSE
Pv2.1_03_10608249_C/T,Chr03,10608249,0.0127622362398454,11291,FALSE
Pv2.1_08_61408053_C/A,Chr08,61408053,0.0127610238610862,11292,FALSE
Pv2.1_07_30602695_A/G,Chr07,30602695,0.0127580088110912,11293,FALSE
Pv2.1_01_1441903_G/C,Chr01,1441903,0.0127565771861544,11294,FALSE
Pv2.1_06_24103711_G/A,Chr06,24103711,0.012753757599584,11295,FALSE
Pv2.1_06_18783182_T/A,Chr06,18783182,0.0127483979928753,11296,FALSE
Pv2.1_07_23965354_C/A,Chr07,23965354,0.0127416224937731,11297,FALSE
Pv2.1_07_39360902_G/T,Chr07,39360902,0.0127328572190946,11298,FALSE
Pv2.1_03_36241697_C/T,Chr03,36241697,0.0127323591366091,11299,FALSE
Pv2.1_10_38731477_A/G,Chr10,38731477,0.0127311196515159,11300,FALSE
Pv2.1_08_1715437_T/C,Chr08,1715437,0.012724487528331,11301,FALSE
Pv2.1_04_47116088_G/C,Chr04,47116088,0.0127215672773251,11302,FALSE
Pv2.1_04_47116092_G/A,Chr04,47116092,0.0127215672773251,11303,FALSE
Pv2.1_06_24148912_A/G,Chr06,24148912,0.0127195352406311,11304,FALSE
Pv2.1_06_21403686_G/C,Chr06,21403686,0.0127190809052902,11305,FALSE
Pv2.1_03_1471011_G/C,Chr03,1471011,0.0127099052192161,11306,FALSE
Pv2.1_04_41394756_G/T,Chr04,41394756,0.0127013590480445,11307,FALSE
Pv2.1_08_62588935_C/G,Chr08,62588935,0.012699587735383,11308,FALSE
Pv2.1_06_10564823_A/G,Chr06,10564823,0.0126877558885616,11309,FALSE
Pv2.1_09_7640448_G/C,Chr09,7640448,0.0126875605986481,11310,FALSE
Pv2.1_08_60360154_T/A,Chr08,60360154,0.0126829777543622,11311,FALSE
Pv2.1_08_60360158_T/C,Chr08,60360158,0.0126829777543622,11312,FALSE
Pv2.1_08_61266705_A/T,Chr08,61266705,0.0126774654151545,11313,FALSE
Pv2.1_04_4135634_C/A,Chr04,4135634,0.0126642407734314,11314,FALSE
Pv2.1_07_282679_T/C,Chr07,282679,0.012656447884039,11315,FALSE
Pv2.1_06_18684817_A/G,Chr06,18684817,0.0126562064637068,11316,FALSE
Pv2.1_09_36725468_G/T,Chr09,36725468,0.0126540165144053,11317,FALSE
Pv2.1_06_26430786_G/T,Chr06,26430786,0.0126458885151357,11318,FALSE
Pv2.1_06_15403258_C/T,Chr06,15403258,0.0126442692906816,11319,FALSE
Pv2.1_06_18783209_AGAGC/A,Chr06,18783209,0.0126365326582292,11320,FALSE
Pv2.1_02_12455171_C/A,Chr02,12455171,0.0126355601310464,11321,FALSE
Pv2.1_10_44182750_G/A,Chr10,44182750,0.0126320165271658,11322,FALSE
Pv2.1_06_24989398_G/T,Chr06,24989398,0.0126288660594946,11323,FALSE
Pv2.1_04_2032776_G/A,Chr04,2032776,0.0126162211802083,11324,FALSE
Pv2.1_08_62205499_G/T,Chr08,62205499,0.0126152327064655,11325,FALSE
Pv2.1_06_24935991_C/T,Chr06,24935991,0.012614450581053,11326,FALSE
Pv2.1_11_3535115_C/T,Chr11,3535115,0.0126120393503468,11327,FALSE
Pv2.1_09_25494297_A/T,Chr09,25494297,0.012610909964196,11328,FALSE
Pv2.1_06_24103895_A/T,Chr06,24103895,0.0126044105979064,11329,FALSE
Pv2.1_09_36859871_C/A,Chr09,36859871,0.0125929779998821,11330,FALSE
Pv2.1_06_13156139_C/A,Chr06,13156139,0.0125924706295333,11331,FALSE
Pv2.1_03_11733498_C/T,Chr03,11733498,0.0125917312621806,11332,FALSE
Pv2.1_06_18692494_C/T,Chr06,18692494,0.012587479539302,11333,FALSE
Pv2.1_04_2617088_G/A,Chr04,2617088,0.0125860353681246,11334,FALSE
Pv2.1_04_2617102_C/T,Chr04,2617102,0.0125860353681246,11335,FALSE
Pv2.1_04_4238578_C/A,Chr04,4238578,0.0125741442802352,11336,FALSE
Pv2.1_05_40457313_G/A,Chr05,40457313,0.0125644780019805,11337,FALSE
Pv2.1_04_8454022_A/T,Chr04,8454022,0.0125544132482163,11338,FALSE
Pv2.1_11_45615167_G/T,Chr11,45615167,0.0125317304460202,11339,FALSE
Pv2.1_08_59031133_G/T,Chr08,59031133,0.0125315189457451,11340,FALSE
Pv2.1_02_14908952_C/T,Chr02,14908952,0.0125270109106479,11341,FALSE
Pv2.1_06_18741540_G/GT,Chr06,18741540,0.0125261012133202,11342,FALSE
Pv2.1_06_28045860_G/C,Chr06,28045860,0.0125225533812374,11343,FALSE
Pv2.1_03_2006042_TA/T,Chr03,2006042,0.0125075432648019,11344,FALSE
Pv2.1_10_42270382_T/C,Chr10,42270382,0.0125074544244241,11345,FALSE
Pv2.1_04_4135614_C/T,Chr04,4135614,0.0125053375089528,11346,FALSE
Pv2.1_07_32759078_G/A,Chr07,32759078,0.0125031304465413,11347,FALSE
Pv2.1_09_35990132_T/A,Chr09,35990132,0.0125019921870426,11348,FALSE
Pv2.1_06_28022533_T/A,Chr06,28022533,0.0125005771460582,11349,FALSE
Pv2.1_04_47116054_C/G,Chr04,47116054,0.0124928453121207,11350,FALSE
Pv2.1_08_62144658_G/A,Chr08,62144658,0.0124886078462327,11351,FALSE
Pv2.1_04_11184400_C/T,Chr04,11184400,0.0124824210259491,11352,FALSE
Pv2.1_08_7377355_C/A,Chr08,7377355,0.0124667070046356,11353,FALSE
Pv2.1_08_61086398_G/T,Chr08,61086398,0.0124662817781682,11354,FALSE
Pv2.1_08_47350110_C/A,Chr08,47350110,0.0124569736315237,11355,FALSE
Pv2.1_06_28022524_A/G,Chr06,28022524,0.0124560039208639,11356,FALSE
Pv2.1_09_35419692_T/A,Chr09,35419692,0.0124301853278235,11357,FALSE
Pv2.1_09_38119636_C/T,Chr09,38119636,0.0124265129224921,11358,FALSE
Pv2.1_06_14136522_C/G,Chr06,14136522,0.0124231114481868,11359,FALSE
Pv2.1_06_14136524_T/A,Chr06,14136524,0.0124231114481868,11360,FALSE
Pv2.1_07_39812510_C/T,Chr07,39812510,0.0124230530828409,11361,FALSE
Pv2.1_03_1302878_C/T,Chr03,1302878,0.0124220286369505,11362,FALSE
Pv2.1_02_5860032_C/T,Chr02,5860032,0.0124039282907082,11363,FALSE
Pv2.1_05_3755782_A/G,Chr05,3755782,0.0123990948079937,11364,FALSE
Pv2.1_08_61589684_G/A,Chr08,61589684,0.0123901206018133,11365,FALSE
Pv2.1_04_1570832_C/CTTGTAAA,Chr04,1570832,0.0123867519911252,11366,FALSE
Pv2.1_10_2131345_A/G,Chr10,2131345,0.012383228663567,11367,FALSE
Pv2.1_02_38363358_G/A,Chr02,38363358,0.0123831817360154,11368,FALSE
Pv2.1_08_62043159_C/CT,Chr08,62043159,0.0123806170338479,11369,FALSE
Pv2.1_04_8787434_A/T,Chr04,8787434,0.0123802552073045,11370,FALSE
Pv2.1_06_27995415_T/C,Chr06,27995415,0.0123760932116812,11371,FALSE
Pv2.1_07_32673716_T/G,Chr07,32673716,0.0123733582957217,11372,FALSE
Pv2.1_08_56137334_G/T,Chr08,56137334,0.012368006403241,11373,FALSE
Pv2.1_10_43982868_C/A,Chr10,43982868,0.0123647651326344,11374,FALSE
Pv2.1_10_8111011_G/A,Chr10,8111011,0.0123618578703288,11375,FALSE
Pv2.1_08_61589704_G/C,Chr08,61589704,0.0123568116644432,11376,FALSE
Pv2.1_10_38729647_A/G,Chr10,38729647,0.0123536079467321,11377,FALSE
Pv2.1_07_97629_T/A,Chr07,97629,0.0123485852094811,11378,FALSE
Pv2.1_08_10772172_C/T,Chr08,10772172,0.0123433937172361,11379,FALSE
Pv2.1_06_28137927_G/T,Chr06,28137927,0.0123431346171676,11380,FALSE
Pv2.1_11_34990772_C/T,Chr11,34990772,0.0123395191761322,11381,FALSE
Pv2.1_08_8451374_C/G,Chr08,8451374,0.0123372366051373,11382,FALSE
Pv2.1_07_34507476_TA/T,Chr07,34507476,0.0123348246924833,11383,FALSE
Pv2.1_10_556411_C/T,Chr10,556411,0.0123347960125333,11384,FALSE
Pv2.1_07_35718463_A/ATAT,Chr07,35718463,0.0123325404174643,11385,FALSE
Pv2.1_09_38190681_AT/A,Chr09,38190681,0.0123324063396408,11386,FALSE
Pv2.1_04_1421295_A/G,Chr04,1421295,0.0123295420849474,11387,FALSE
Pv2.1_08_8337750_C/T,Chr08,8337750,0.0123202550969612,11388,FALSE
Pv2.1_11_50572072_C/T,Chr11,50572072,0.0123169315538103,11389,FALSE
Pv2.1_04_47655120_G/C,Chr04,47655120,0.0123156725014804,11390,FALSE
Pv2.1_09_36859892_T/A,Chr09,36859892,0.0123153769484685,11391,FALSE
Pv2.1_01_48992_G/T,Chr01,48992,0.0123075556644059,11392,FALSE
Pv2.1_04_4069940_T/C,Chr04,4069940,0.0123029899783029,11393,FALSE
Pv2.1_09_18443083_T/A,Chr09,18443083,0.0122989980102601,11394,FALSE
Pv2.1_04_43943487_T/C,Chr04,43943487,0.0122941820684641,11395,FALSE
Pv2.1_09_10534873_C/T,Chr09,10534873,0.0122839468225324,11396,FALSE
Pv2.1_05_568442_A/G,Chr05,568442,0.0122804817892699,11397,FALSE
Pv2.1_11_50483562_C/A,Chr11,50483562,0.0122721464257154,11398,FALSE
Pv2.1_02_39509441_C/T,Chr02,39509441,0.0122678247997716,11399,FALSE
Pv2.1_02_35757493_T/G,Chr02,35757493,0.0122677250410401,11400,FALSE
Pv2.1_08_62249242_T/C,Chr08,62249242,0.012264914687615,11401,FALSE
Pv2.1_08_62249242_T/A,Chr08,62249242,0.0122649146876146,11402,FALSE
Pv2.1_06_21403664_A/T,Chr06,21403664,0.012252107449453,11403,FALSE
Pv2.1_07_33580187_C/T,Chr07,33580187,0.0122482478868098,11404,FALSE
Pv2.1_01_49179707_G/A,Chr01,49179707,0.0122466231732852,11405,FALSE
Pv2.1_05_16801961_G/A,Chr05,16801961,0.0122388556502102,11406,FALSE
Pv2.1_07_37961499_C/A,Chr07,37961499,0.0122314540845676,11407,FALSE
Pv2.1_07_205955_A/T,Chr07,205955,0.0122266073316757,11408,FALSE
Pv2.1_07_9346642_C/T,Chr07,9346642,0.012225812889771,11409,FALSE
Pv2.1_07_1287837_G/A,Chr07,1287837,0.0122183495848169,11410,FALSE
Pv2.1_08_60360013_A/G,Chr08,60360013,0.0121968898565621,11411,FALSE
Pv2.1_08_62934663_G/A,Chr08,62934663,0.0121901934201487,11412,FALSE
Pv2.1_02_13743981_G/A,Chr02,13743981,0.0121821525766315,11413,FALSE
Pv2.1_04_432733_C/G,Chr04,432733,0.0121818054134821,11414,FALSE
Pv2.1_02_2186172_T/C,Chr02,2186172,0.012172640415697,11415,FALSE
Pv2.1_03_53066801_T/G,Chr03,53066801,0.0121725001951649,11416,FALSE
Pv2.1_07_39870467_G/C,Chr07,39870467,0.0121658475732853,11417,FALSE
Pv2.1_07_32219589_C/G,Chr07,32219589,0.0121604760040501,11418,FALSE
Pv2.1_07_6748526_T/A,Chr07,6748526,0.0121493291332411,11419,FALSE
Pv2.1_03_12460987_A/C,Chr03,12460987,0.0121468935872939,11420,FALSE
Pv2.1_08_8121833_C/T,Chr08,8121833,0.0121456505782689,11421,FALSE
Pv2.1_08_62426366_G/A,Chr08,62426366,0.0121453618938112,11422,FALSE
Pv2.1_03_2006050_T/A,Chr03,2006050,0.0121453163636369,11423,FALSE
Pv2.1_02_22752446_T/A,Chr02,22752446,0.0121320752247933,11424,FALSE
Pv2.1_10_43819232_G/A,Chr10,43819232,0.0121268819318807,11425,FALSE
Pv2.1_11_16509028_C/T,Chr11,16509028,0.0121231614604822,11426,FALSE
Pv2.1_07_39271433_T/A,Chr07,39271433,0.0121161246763135,11427,FALSE
Pv2.1_09_7580835_G/C,Chr09,7580835,0.0121135838848399,11428,FALSE
Pv2.1_10_5889995_T/C,Chr10,5889995,0.0121132385987544,11429,FALSE
Pv2.1_10_5890000_G/A,Chr10,5890000,0.0121132385987544,11430,FALSE
Pv2.1_07_1451431_C/T,Chr07,1451431,0.0121034503796178,11431,FALSE
Pv2.1_05_16616743_A/G,Chr05,16616743,0.0121028099324554,11432,FALSE
Pv2.1_11_45427539_A/G,Chr11,45427539,0.0120963465346469,11433,FALSE
Pv2.1_08_62753875_A/G,Chr08,62753875,0.0120946918920337,11434,FALSE
Pv2.1_08_1594278_T/A,Chr08,1594278,0.0120893692957726,11435,FALSE
Pv2.1_04_41394762_G/T,Chr04,41394762,0.0120882271689866,11436,FALSE
Pv2.1_02_13413209_G/A,Chr02,13413209,0.0120856922040193,11437,FALSE
Pv2.1_04_1835703_G/T,Chr04,1835703,0.0120795012814261,11438,FALSE
Pv2.1_08_62872715_C/T,Chr08,62872715,0.0120782122410534,11439,FALSE
Pv2.1_11_37694111_G/T,Chr11,37694111,0.0120731229035105,11440,FALSE
Pv2.1_07_4150044_A/G,Chr07,4150044,0.0120683200756684,11441,FALSE
Pv2.1_11_111628_G/A,Chr11,111628,0.0120645765906433,11442,FALSE
Pv2.1_11_111665_G/A,Chr11,111665,0.0120645765906433,11443,FALSE
Pv2.1_08_61728966_A/T,Chr08,61728966,0.0120555539385987,11444,FALSE
Pv2.1_08_62550621_G/C,Chr08,62550621,0.0120546066526286,11445,FALSE
Pv2.1_04_4135608_T/C,Chr04,4135608,0.012050025376082,11446,FALSE
Pv2.1_07_840109_T/A,Chr07,840109,0.0120369716848554,11447,FALSE
Pv2.1_11_44120204_G/A,Chr11,44120204,0.012032718417597,11448,FALSE
Pv2.1_01_2524699_T/G,Chr01,2524699,0.0120300113321776,11449,FALSE
Pv2.1_07_21378831_G/C,Chr07,21378831,0.0120272558400871,11450,FALSE
Pv2.1_11_45315747_G/A,Chr11,45315747,0.0120267289139773,11451,FALSE
Pv2.1_02_33626572_A/C,Chr02,33626572,0.0120251647996597,11452,FALSE
Pv2.1_07_34260466_AC/A,Chr07,34260466,0.0120216243050635,11453,FALSE
Pv2.1_11_53567276_A/G,Chr11,53567276,0.0120214156789134,11454,FALSE
Pv2.1_08_63018299_C/T,Chr08,63018299,0.0120183597600105,11455,FALSE
Pv2.1_07_1074747_C/T,Chr07,1074747,0.0120180107391237,11456,FALSE
Pv2.1_02_12698154_T/C,Chr02,12698154,0.0120076083845766,11457,FALSE
Pv2.1_08_61639172_A/T,Chr08,61639172,0.0120021654976572,11458,FALSE
Pv2.1_07_33423000_T/A,Chr07,33423000,0.0120009278383595,11459,FALSE
Pv2.1_08_60472137_G/A,Chr08,60472137,0.0119932003205854,11460,FALSE
Pv2.1_02_14233283_A/G,Chr02,14233283,0.0119905890542174,11461,FALSE
Pv2.1_10_44213711_G/A,Chr10,44213711,0.0119857947322757,11462,FALSE
Pv2.1_01_2851130_T/A,Chr01,2851130,0.0119815787351358,11463,FALSE
Pv2.1_02_15241614_A/T,Chr02,15241614,0.0119762558237184,11464,FALSE
Pv2.1_02_47032178_C/T,Chr02,47032178,0.0119605626222308,11465,FALSE
Pv2.1_07_36785322_C/A,Chr07,36785322,0.0119592190515307,11466,FALSE
Pv2.1_02_12351237_C/T,Chr02,12351237,0.0119571369741696,11467,FALSE
Pv2.1_01_48430315_G/T,Chr01,48430315,0.0119387382097984,11468,FALSE
Pv2.1_07_33382446_C/A,Chr07,33382446,0.011936075650659,11469,FALSE
Pv2.1_06_25619405_T/A,Chr06,25619405,0.0119306938882815,11470,FALSE
Pv2.1_06_24107070_T/C,Chr06,24107070,0.01192928730454,11471,FALSE
Pv2.1_08_61089109_C/T,Chr08,61089109,0.0119273380788103,11472,FALSE
Pv2.1_06_24936165_T/G,Chr06,24936165,0.0119264423809371,11473,FALSE
Pv2.1_08_57579076_C/T,Chr08,57579076,0.0119251307899537,11474,FALSE
Pv2.1_04_7398575_A/G,Chr04,7398575,0.0119188039628972,11475,FALSE
Pv2.1_08_61399184_A/G,Chr08,61399184,0.0119076307321691,11476,FALSE
Pv2.1_08_61399232_C/T,Chr08,61399232,0.0119076307321691,11477,FALSE
Pv2.1_02_3254183_A/T,Chr02,3254183,0.0119061187975249,11478,FALSE
Pv2.1_05_16374480_G/A,Chr05,16374480,0.0119033149114842,11479,FALSE
Pv2.1_11_48756236_C/T,Chr11,48756236,0.0118959079507488,11480,FALSE
Pv2.1_05_11891065_A/G,Chr05,11891065,0.0118948650628989,11481,FALSE
Pv2.1_11_51766569_G/T,Chr11,51766569,0.0118942334293761,11482,FALSE
Pv2.1_06_24107067_A/C,Chr06,24107067,0.0118936594689485,11483,FALSE
Pv2.1_06_4028958_G/A,Chr06,4028958,0.0118923307083643,11484,FALSE
Pv2.1_08_62969292_C/T,Chr08,62969292,0.0118890696747278,11485,FALSE
Pv2.1_08_62969299_G/T,Chr08,62969299,0.0118890696747278,11486,FALSE
Pv2.1_08_62969300_A/G,Chr08,62969300,0.0118890696747278,11487,FALSE
Pv2.1_08_62969309_G/A,Chr08,62969309,0.0118890696747278,11488,FALSE
Pv2.1_05_16313193_T/TTTC,Chr05,16313193,0.0118768256877222,11489,FALSE
Pv2.1_08_11524391_G/A,Chr08,11524391,0.0118516470919667,11490,FALSE
Pv2.1_08_45849625_T/A,Chr08,45849625,0.0118380277612808,11491,FALSE
Pv2.1_08_2864453_T/C,Chr08,2864453,0.0118359804303916,11492,FALSE
Pv2.1_06_25004088_T/C,Chr06,25004088,0.0118338514863359,11493,FALSE
Pv2.1_10_1971196_C/CAT,Chr10,1971196,0.0118332447427423,11494,FALSE
Pv2.1_06_19002691_A/T,Chr06,19002691,0.0118291752918962,11495,FALSE
Pv2.1_08_40814886_G/A,Chr08,40814886,0.0118257868026634,11496,FALSE
Pv2.1_03_51828799_G/A,Chr03,51828799,0.0118017332146492,11497,FALSE
Pv2.1_04_6000452_G/A,Chr04,6000452,0.0117996371121429,11498,FALSE
Pv2.1_08_60744202_C/A,Chr08,60744202,0.0117981199964672,11499,FALSE
Pv2.1_11_49342227_T/A,Chr11,49342227,0.0117912235417594,11500,FALSE
Pv2.1_04_45482225_A/T,Chr04,45482225,0.0117910385151263,11501,FALSE
Pv2.1_10_1453213_C/T,Chr10,1453213,0.0117873796135206,11502,FALSE
Pv2.1_06_19164032_A/G,Chr06,19164032,0.0117802442450463,11503,FALSE
Pv2.1_04_42681_C/T,Chr04,42681,0.0117769193446398,11504,FALSE
Pv2.1_10_3435493_G/A,Chr10,3435493,0.0117768534624632,11505,FALSE
Pv2.1_02_18001454_C/T,Chr02,18001454,0.0117736317903363,11506,FALSE
Pv2.1_06_26045181_A/C,Chr06,26045181,0.0117704910279688,11507,FALSE
Pv2.1_06_18407849_T/C,Chr06,18407849,0.0117641950570953,11508,FALSE
Pv2.1_06_23814641_G/T,Chr06,23814641,0.0117628421819953,11509,FALSE
Pv2.1_08_60485936_C/A,Chr08,60485936,0.0117606092885225,11510,FALSE
Pv2.1_08_60329776_T/C,Chr08,60329776,0.0117585134031759,11511,FALSE
Pv2.1_01_1222221_A/T,Chr01,1222221,0.0117511107346919,11512,FALSE
Pv2.1_11_51522580_C/T,Chr11,51522580,0.0117509848339088,11513,FALSE
Pv2.1_06_18728490_A/T,Chr06,18728490,0.0117485373566519,11514,FALSE
Pv2.1_08_61663108_A/C,Chr08,61663108,0.0117360568121172,11515,FALSE
Pv2.1_10_7794074_T/G,Chr10,7794074,0.0117352900164067,11516,FALSE
Pv2.1_04_45482223_C/T,Chr04,45482223,0.0117267728655155,11517,FALSE
Pv2.1_04_45482233_C/G,Chr04,45482233,0.0117267728655155,11518,FALSE
Pv2.1_02_13541432_T/C,Chr02,13541432,0.0117264257346701,11519,FALSE
Pv2.1_04_506181_T/C,Chr04,506181,0.0117213803995981,11520,FALSE
Pv2.1_05_18739968_A/G,Chr05,18739968,0.0117164289905025,11521,FALSE
Pv2.1_03_10758715_T/G,Chr03,10758715,0.011715950168818,11522,FALSE
Pv2.1_02_12633813_C/T,Chr02,12633813,0.0117149975546704,11523,FALSE
Pv2.1_10_8057951_T/G,Chr10,8057951,0.0117086003372853,11524,FALSE
Pv2.1_04_1743497_T/C,Chr04,1743497,0.0117067609201773,11525,FALSE
Pv2.1_08_45848468_A/T,Chr08,45848468,0.0116926280239942,11526,FALSE
Pv2.1_08_62712445_G/A,Chr08,62712445,0.0116911616527138,11527,FALSE
Pv2.1_04_2617107_T/C,Chr04,2617107,0.0116901659599247,11528,FALSE
Pv2.1_03_53399286_G/A,Chr03,53399286,0.0116852647166419,11529,FALSE
Pv2.1_07_22229733_C/T,Chr07,22229733,0.0116801785218503,11530,FALSE
Pv2.1_11_29949517_A/T,Chr11,29949517,0.0116767451663709,11531,FALSE
Pv2.1_11_26634947_T/A,Chr11,26634947,0.0116605362169637,11532,FALSE
Pv2.1_04_1743529_G/A,Chr04,1743529,0.0116474322939495,11533,FALSE
Pv2.1_09_17429878_C/T,Chr09,17429878,0.0116445080151042,11534,FALSE
Pv2.1_03_12717343_G/A,Chr03,12717343,0.0116411128947957,11535,FALSE
Pv2.1_05_165428_A/C,Chr05,165428,0.0116324810280277,11536,FALSE
Pv2.1_02_12455322_C/G,Chr02,12455322,0.011625920883056,11537,FALSE
Pv2.1_07_8580522_G/T,Chr07,8580522,0.0116232217755128,11538,FALSE
Pv2.1_07_8580562_T/A,Chr07,8580562,0.0116232217755128,11539,FALSE
Pv2.1_08_61729120_G/A,Chr08,61729120,0.0116185443208661,11540,FALSE
Pv2.1_07_36606917_A/G,Chr07,36606917,0.0116147166223475,11541,FALSE
Pv2.1_09_38191020_G/C,Chr09,38191020,0.0116124185847335,11542,FALSE
Pv2.1_08_60114916_G/A,Chr08,60114916,0.0116121501214441,11543,FALSE
Pv2.1_06_17983613_C/T,Chr06,17983613,0.0116087073850628,11544,FALSE
Pv2.1_08_60648356_G/A,Chr08,60648356,0.0116086915613844,11545,FALSE
Pv2.1_08_40814872_G/A,Chr08,40814872,0.0116082434113114,11546,FALSE
Pv2.1_02_3166993_G/A,Chr02,3166993,0.0116034147922428,11547,FALSE
Pv2.1_03_37956480_G/A,Chr03,37956480,0.0115918672549262,11548,FALSE
Pv2.1_08_59797140_T/C,Chr08,59797140,0.0115809796538753,11549,FALSE
Pv2.1_03_729691_G/T,Chr03,729691,0.0115806542200891,11550,FALSE
Pv2.1_06_15480794_T/C,Chr06,15480794,0.0115680184462423,11551,FALSE
Pv2.1_02_2739746_C/CTT,Chr02,2739746,0.0115576989117128,11552,FALSE
Pv2.1_11_45615020_T/A,Chr11,45615020,0.0115562316010251,11553,FALSE
Pv2.1_02_12134095_T/C,Chr02,12134095,0.0115494495496558,11554,FALSE
Pv2.1_11_45756606_C/T,Chr11,45756606,0.0115394294175299,11555,FALSE
Pv2.1_07_33275552_A/G,Chr07,33275552,0.0115343319676939,11556,FALSE
Pv2.1_04_45436183_T/G,Chr04,45436183,0.0115305760592901,11557,FALSE
Pv2.1_04_45436184_T/A,Chr04,45436184,0.0115305760592901,11558,FALSE
Pv2.1_08_60744246_T/G,Chr08,60744246,0.0115275171837803,11559,FALSE
Pv2.1_11_41890233_G/A,Chr11,41890233,0.0115189766791994,11560,FALSE
Pv2.1_02_13736023_C/T,Chr02,13736023,0.0115189385988592,11561,FALSE
Pv2.1_11_44409909_C/G,Chr11,44409909,0.0115137969792789,11562,FALSE
Pv2.1_07_32673643_T/A,Chr07,32673643,0.0115065118767741,11563,FALSE
Pv2.1_03_53076717_G/A,Chr03,53076717,0.0115039576524665,11564,FALSE
Pv2.1_08_57642572_A/G,Chr08,57642572,0.0114985425036553,11565,FALSE
Pv2.1_06_26501722_C/G,Chr06,26501722,0.0114953210488897,11566,FALSE
Pv2.1_06_26501723_G/A,Chr06,26501723,0.0114953210488897,11567,FALSE
Pv2.1_02_36911177_C/G,Chr02,36911177,0.011494364267306,11568,FALSE
Pv2.1_02_36911185_C/G,Chr02,36911185,0.011494364267306,11569,FALSE
Pv2.1_02_36911195_A/G,Chr02,36911195,0.011494364267306,11570,FALSE
Pv2.1_08_10772163_C/A,Chr08,10772163,0.0114943607105262,11571,FALSE
Pv2.1_10_3079142_T/A,Chr10,3079142,0.0114936111043362,11572,FALSE
Pv2.1_05_18743607_A/G,Chr05,18743607,0.0114930542762144,11573,FALSE
Pv2.1_08_61526748_C/T,Chr08,61526748,0.0114885103630176,11574,FALSE
Pv2.1_08_61526753_A/G,Chr08,61526753,0.0114885103630176,11575,FALSE
Pv2.1_04_506308_A/G,Chr04,506308,0.0114821195164958,11576,FALSE
Pv2.1_04_46214759_C/T,Chr04,46214759,0.0114673425267822,11577,FALSE
Pv2.1_03_46217104_C/A,Chr03,46217104,0.0114663253722744,11578,FALSE
Pv2.1_10_4086557_A/G,Chr10,4086557,0.0114573406757534,11579,FALSE
Pv2.1_07_21850174_C/T,Chr07,21850174,0.0114498731017179,11580,FALSE
Pv2.1_02_16489760_G/A,Chr02,16489760,0.0114482720132236,11581,FALSE
Pv2.1_08_61589707_C/G,Chr08,61589707,0.0114354025345795,11582,FALSE
Pv2.1_08_62191464_T/TA,Chr08,62191464,0.0114348962733475,11583,FALSE
Pv2.1_08_60224786_T/G,Chr08,60224786,0.011431165363073,11584,FALSE
Pv2.1_08_10772169_T/C,Chr08,10772169,0.0114267889775213,11585,FALSE
Pv2.1_06_21423519_T/C,Chr06,21423519,0.0114229162983968,11586,FALSE
Pv2.1_04_45494561_T/TTC,Chr04,45494561,0.0113937952000169,11587,FALSE
Pv2.1_08_60448228_G/C,Chr08,60448228,0.011382509023969,11588,FALSE
Pv2.1_08_45849451_A/T,Chr08,45849451,0.0113762424475667,11589,FALSE
Pv2.1_03_53076714_G/A,Chr03,53076714,0.0113720443521528,11590,FALSE
Pv2.1_05_16320493_G/A,Chr05,16320493,0.0113630965164329,11591,FALSE
Pv2.1_07_39214698_C/T,Chr07,39214698,0.0113630125663473,11592,FALSE
Pv2.1_09_29189840_T/C,Chr09,29189840,0.0113580266542437,11593,FALSE
Pv2.1_05_16896849_G/A,Chr05,16896849,0.0113572446657328,11594,FALSE
Pv2.1_10_44213726_A/G,Chr10,44213726,0.0113516708418318,11595,FALSE
Pv2.1_04_46263235_C/G,Chr04,46263235,0.0113407537247561,11596,FALSE
Pv2.1_06_24195964_T/C,Chr06,24195964,0.0113344220963381,11597,FALSE
Pv2.1_11_45756455_T/C,Chr11,45756455,0.011329277818684,11598,FALSE
Pv2.1_05_38892618_C/T,Chr05,38892618,0.0113289383205633,11599,FALSE
Pv2.1_06_28228174_G/A,Chr06,28228174,0.0113197370788374,11600,FALSE
Pv2.1_07_33507715_T/C,Chr07,33507715,0.0113196973375906,11601,FALSE
Pv2.1_08_61338552_C/T,Chr08,61338552,0.0113191753237887,11602,FALSE
Pv2.1_10_4086559_C/G,Chr10,4086559,0.0113171063252775,11603,FALSE
Pv2.1_10_4086560_T/C,Chr10,4086560,0.0113171063252775,11604,FALSE
Pv2.1_10_40845062_A/G,Chr10,40845062,0.0113118383000601,11605,FALSE
Pv2.1_08_45849637_C/G,Chr08,45849637,0.0113075813383672,11606,FALSE
Pv2.1_01_51135747_T/G,Chr01,51135747,0.0113068162964423,11607,FALSE
Pv2.1_06_24107082_A/C,Chr06,24107082,0.0113025586500854,11608,FALSE
Pv2.1_04_47686537_A/G,Chr04,47686537,0.01128587026085,11609,FALSE
Pv2.1_11_41682310_C/T,Chr11,41682310,0.0112853184208612,11610,FALSE
Pv2.1_08_55265202_G/A,Chr08,55265202,0.0112827656439936,11611,FALSE
Pv2.1_08_58825501_T/C,Chr08,58825501,0.0112642615624696,11612,FALSE
Pv2.1_07_6776211_C/T,Chr07,6776211,0.0112529786574189,11613,FALSE
Pv2.1_07_39886221_A/C,Chr07,39886221,0.0112469439858542,11614,FALSE
Pv2.1_02_30842323_T/A,Chr02,30842323,0.0112398682691688,11615,FALSE
Pv2.1_11_44185774_G/C,Chr11,44185774,0.0112369881333718,11616,FALSE
Pv2.1_02_35757509_C/G,Chr02,35757509,0.0112369561311088,11617,FALSE
Pv2.1_05_16313121_C/T,Chr05,16313121,0.0112332367818713,11618,FALSE
Pv2.1_07_28538877_G/C,Chr07,28538877,0.0112246979123873,11619,FALSE
Pv2.1_07_23019504_G/A,Chr07,23019504,0.0112245620259577,11620,FALSE
Pv2.1_06_24989431_G/A,Chr06,24989431,0.0112240304215576,11621,FALSE
Pv2.1_06_23593680_G/A,Chr06,23593680,0.0112157409032712,11622,FALSE
Pv2.1_08_62953286_T/C,Chr08,62953286,0.0112117007728161,11623,FALSE
Pv2.1_09_28714589_C/G,Chr09,28714589,0.0112025834026888,11624,FALSE
Pv2.1_02_3061949_T/A,Chr02,3061949,0.011197334793704,11625,FALSE
Pv2.1_07_6847435_C/T,Chr07,6847435,0.0111889164454313,11626,FALSE
Pv2.1_03_52495419_T/G,Chr03,52495419,0.0111876407915328,11627,FALSE
Pv2.1_05_9115771_G/A,Chr05,9115771,0.0111752599385069,11628,FALSE
Pv2.1_07_7043510_G/T,Chr07,7043510,0.0111734783538262,11629,FALSE
Pv2.1_07_7043517_G/T,Chr07,7043517,0.0111734783538262,11630,FALSE
Pv2.1_02_10511763_A/G,Chr02,10511763,0.0111631626188458,11631,FALSE
Pv2.1_07_38561289_T/C,Chr07,38561289,0.0111608492598481,11632,FALSE
Pv2.1_09_35933479_T/G,Chr09,35933479,0.011149961319286,11633,FALSE
Pv2.1_07_454741_A/G,Chr07,454741,0.0111450240107547,11634,FALSE
Pv2.1_09_35015722_C/A,Chr09,35015722,0.0111371404423704,11635,FALSE
Pv2.1_11_50980660_C/G,Chr11,50980660,0.0111349176387505,11636,FALSE
Pv2.1_02_13743996_C/A,Chr02,13743996,0.0111339318695793,11637,FALSE
Pv2.1_08_6676303_G/T,Chr08,6676303,0.0111158608444213,11638,FALSE
Pv2.1_02_28104050_C/T,Chr02,28104050,0.011099976987536,11639,FALSE
Pv2.1_03_2006121_A/G,Chr03,2006121,0.0110850539322049,11640,FALSE
Pv2.1_08_61225543_T/TTA,Chr08,61225543,0.0110835207271678,11641,FALSE
Pv2.1_08_62838552_G/A,Chr08,62838552,0.0110813346395946,11642,FALSE
Pv2.1_07_39812643_G/A,Chr07,39812643,0.011078822243999,11643,FALSE
Pv2.1_03_36241660_C/T,Chr03,36241660,0.011064402386201,11644,FALSE
Pv2.1_06_28189177_C/G,Chr06,28189177,0.0110622604632229,11645,FALSE
Pv2.1_07_956003_C/G,Chr07,956003,0.0110531904677718,11646,FALSE
Pv2.1_07_28488829_C/A,Chr07,28488829,0.0110506307199691,11647,FALSE
Pv2.1_08_24893695_G/A,Chr08,24893695,0.0110442382512721,11648,FALSE
Pv2.1_07_39816199_A/G,Chr07,39816199,0.0110369151018581,11649,FALSE
Pv2.1_10_3834516_C/T,Chr10,3834516,0.0110205265184078,11650,FALSE
Pv2.1_10_3834526_G/T,Chr10,3834526,0.0110205265184078,11651,FALSE
Pv2.1_04_2031177_C/T,Chr04,2031177,0.0110046857833153,11652,FALSE
Pv2.1_03_53123907_G/C,Chr03,53123907,0.0110027887995749,11653,FALSE
Pv2.1_07_39886207_A/G,Chr07,39886207,0.0110001665098305,11654,FALSE
Pv2.1_09_14034041_T/C,Chr09,14034041,0.0109863980633267,11655,FALSE
Pv2.1_10_5855954_G/GT,Chr10,5855954,0.0109785849369368,11656,FALSE
Pv2.1_08_11524757_G/A,Chr08,11524757,0.010965501927489,11657,FALSE
Pv2.1_07_32368397_T/A,Chr07,32368397,0.0109641213736307,11658,FALSE
Pv2.1_07_3265835_T/A,Chr07,3265835,0.010956274172174,11659,FALSE
Pv2.1_08_61658081_A/T,Chr08,61658081,0.0109557442055248,11660,FALSE
Pv2.1_08_61048245_A/G,Chr08,61048245,0.0109483104276524,11661,FALSE
Pv2.1_05_36225638_T/C,Chr05,36225638,0.0109479236703409,11662,FALSE
Pv2.1_03_12326185_T/A,Chr03,12326185,0.010940632773929,11663,FALSE
Pv2.1_08_60151848_T/C,Chr08,60151848,0.0109346593587172,11664,FALSE
Pv2.1_08_58991666_G/T,Chr08,58991666,0.0109138896344905,11665,FALSE
Pv2.1_08_58991690_T/A,Chr08,58991690,0.0109138896344905,11666,FALSE
Pv2.1_11_50483686_C/A,Chr11,50483686,0.0109078246517145,11667,FALSE
Pv2.1_03_53059251_T/C,Chr03,53059251,0.0109069454349187,11668,FALSE
Pv2.1_08_55202424_A/G,Chr08,55202424,0.0109061494564897,11669,FALSE
Pv2.1_09_35368553_A/G,Chr09,35368553,0.0109028346258908,11670,FALSE
Pv2.1_07_9106073_T/A,Chr07,9106073,0.0109013713604225,11671,FALSE
Pv2.1_07_9106073_T/C,Chr07,9106073,0.0109013713604225,11672,FALSE
Pv2.1_10_9922603_T/TA,Chr10,9922603,0.0108967164900622,11673,FALSE
Pv2.1_08_62821222_T/A,Chr08,62821222,0.0108928902351493,11674,FALSE
Pv2.1_08_62821228_T/C,Chr08,62821228,0.0108928902351493,11675,FALSE
Pv2.1_05_39727709_G/A,Chr05,39727709,0.0108898900031646,11676,FALSE
Pv2.1_11_44139923_T/A,Chr11,44139923,0.0108845462768046,11677,FALSE
Pv2.1_02_12388176_G/A,Chr02,12388176,0.0108636985329453,11678,FALSE
Pv2.1_03_10956066_G/C,Chr03,10956066,0.0108619396544931,11679,FALSE
Pv2.1_03_10956095_C/T,Chr03,10956095,0.0108619396544931,11680,FALSE
Pv2.1_05_21301012_T/C,Chr05,21301012,0.0108347511266049,11681,FALSE
Pv2.1_06_21654685_A/G,Chr06,21654685,0.0108342725204316,11682,FALSE
Pv2.1_06_21654722_C/G,Chr06,21654722,0.0108342725204316,11683,FALSE
Pv2.1_01_48502775_T/C,Chr01,48502775,0.0108310461118344,11684,FALSE
Pv2.1_08_60190173_G/C,Chr08,60190173,0.0108310022847622,11685,FALSE
Pv2.1_08_60190177_A/T,Chr08,60190177,0.0108310022847622,11686,FALSE
Pv2.1_05_7534131_C/T,Chr05,7534131,0.0108231979619284,11687,FALSE
Pv2.1_04_45053900_GGT/G,Chr04,45053900,0.0108175104948343,11688,FALSE
Pv2.1_10_43258605_A/G,Chr10,43258605,0.0108140064185651,11689,FALSE
Pv2.1_10_43496866_C/T,Chr10,43496866,0.010807904264682,11690,FALSE
Pv2.1_10_43496871_G/A,Chr10,43496871,0.010807904264682,11691,FALSE
Pv2.1_01_49179768_A/T,Chr01,49179768,0.0107990296640166,11692,FALSE
Pv2.1_01_2219931_A/C,Chr01,2219931,0.0107988156017487,11693,FALSE
Pv2.1_02_24255537_G/A,Chr02,24255537,0.0107988065192335,11694,FALSE
Pv2.1_03_43551607_C/A,Chr03,43551607,0.0107984379653296,11695,FALSE
Pv2.1_10_39731534_G/A,Chr10,39731534,0.0107980380369308,11696,FALSE
Pv2.1_03_12413087_A/G,Chr03,12413087,0.0107976792806368,11697,FALSE
Pv2.1_10_44213690_C/T,Chr10,44213690,0.0107965180019551,11698,FALSE
Pv2.1_08_63015352_T/A,Chr08,63015352,0.0107932070408183,11699,FALSE
Pv2.1_07_956040_G/A,Chr07,956040,0.0107792764972254,11700,FALSE
Pv2.1_07_956042_G/A,Chr07,956042,0.0107792764972254,11701,FALSE
Pv2.1_08_62689535_A/C,Chr08,62689535,0.010776249997047,11702,FALSE
Pv2.1_08_10772186_C/T,Chr08,10772186,0.0107761194333089,11703,FALSE
Pv2.1_07_9089513_G/T,Chr07,9089513,0.0107759439635271,11704,FALSE
Pv2.1_05_410511_G/A,Chr05,410511,0.0107744331988493,11705,FALSE
Pv2.1_04_1743500_C/A,Chr04,1743500,0.0107632561033317,11706,FALSE
Pv2.1_11_41961505_G/T,Chr11,41961505,0.0107498847487646,11707,FALSE
Pv2.1_02_45307362_A/AT,Chr02,45307362,0.0107466277015194,11708,FALSE
Pv2.1_07_29273404_C/T,Chr07,29273404,0.0107426960921257,11709,FALSE
Pv2.1_04_1742425_T/TC,Chr04,1742425,0.0107297747233215,11710,FALSE
Pv2.1_01_655740_T/C,Chr01,655740,0.0107262543771043,11711,FALSE
Pv2.1_02_7655038_C/G,Chr02,7655038,0.0107239908849079,11712,FALSE
Pv2.1_08_45849607_G/A,Chr08,45849607,0.0107101497039794,11713,FALSE
Pv2.1_08_61526668_G/A,Chr08,61526668,0.0107044926084767,11714,FALSE
Pv2.1_07_32735911_GT/G,Chr07,32735911,0.0107024204552832,11715,FALSE
Pv2.1_05_39727733_G/A,Chr05,39727733,0.010690715853038,11716,FALSE
Pv2.1_09_14538837_T/C,Chr09,14538837,0.0106871025641482,11717,FALSE
Pv2.1_03_12454023_C/T,Chr03,12454023,0.0106757494356655,11718,FALSE
Pv2.1_10_44169560_A/G,Chr10,44169560,0.0106751235041278,11719,FALSE
Pv2.1_08_62838551_T/G,Chr08,62838551,0.0106657087828252,11720,FALSE
Pv2.1_02_25247038_T/A,Chr02,25247038,0.0106617537274327,11721,FALSE
Pv2.1_06_27783986_T/C,Chr06,27783986,0.0106585323836832,11722,FALSE
Pv2.1_04_47244381_G/C,Chr04,47244381,0.0106477104698497,11723,FALSE
Pv2.1_08_61399347_C/T,Chr08,61399347,0.0106453569824558,11724,FALSE
Pv2.1_09_29153506_G/A,Chr09,29153506,0.0106390642196064,11725,FALSE
Pv2.1_08_2450889_G/T,Chr08,2450889,0.0106245061293335,11726,FALSE
Pv2.1_07_34126171_A/T,Chr07,34126171,0.0106242684992139,11727,FALSE
Pv2.1_03_24104558_A/AT,Chr03,24104558,0.0106203211587781,11728,FALSE
Pv2.1_03_11230396_C/T,Chr03,11230396,0.0106063325644516,11729,FALSE
Pv2.1_08_61326711_A/G,Chr08,61326711,0.0106052150889884,11730,FALSE
Pv2.1_07_32368424_A/G,Chr07,32368424,0.0105997740485821,11731,FALSE
Pv2.1_03_1302845_C/A,Chr03,1302845,0.0105957581472738,11732,FALSE
Pv2.1_07_33533211_C/T,Chr07,33533211,0.0105707396832382,11733,FALSE
Pv2.1_11_3276896_C/T,Chr11,3276896,0.0105672390733091,11734,FALSE
Pv2.1_02_13367848_AAC/A,Chr02,13367848,0.0105539427095649,11735,FALSE
Pv2.1_04_2356775_A/G,Chr04,2356775,0.0105507198812651,11736,FALSE
Pv2.1_07_1080321_A/T,Chr07,1080321,0.0105238214484222,11737,FALSE
Pv2.1_10_1072239_C/G,Chr10,1072239,0.0105209919996456,11738,FALSE
Pv2.1_06_19323837_T/TGGGGAC,Chr06,19323837,0.010518004192146,11739,FALSE
Pv2.1_05_466144_T/A,Chr05,466144,0.0105136168814202,11740,FALSE
Pv2.1_05_410548_A/G,Chr05,410548,0.0104816152489349,11741,FALSE
Pv2.1_05_410572_A/C,Chr05,410572,0.0104816152489349,11742,FALSE
Pv2.1_11_45315324_T/C,Chr11,45315324,0.0104732714180904,11743,FALSE
Pv2.1_07_28488847_G/A,Chr07,28488847,0.0104633401867744,11744,FALSE
Pv2.1_06_21945675_C/T,Chr06,21945675,0.0104575257414097,11745,FALSE
Pv2.1_02_2413468_G/T,Chr02,2413468,0.010444630879781,11746,FALSE
Pv2.1_06_18778836_T/A,Chr06,18778836,0.0104399944614948,11747,FALSE
Pv2.1_08_61479264_T/C,Chr08,61479264,0.0104384095615386,11748,FALSE
Pv2.1_11_50559090_T/G,Chr11,50559090,0.0104224792753227,11749,FALSE
Pv2.1_08_61399344_C/T,Chr08,61399344,0.0104202891472029,11750,FALSE
Pv2.1_08_61326840_A/T,Chr08,61326840,0.0104162596808743,11751,FALSE
Pv2.1_07_1001162_T/C,Chr07,1001162,0.010412477557582,11752,FALSE
Pv2.1_02_4339386_A/T,Chr02,4339386,0.0104028962858931,11753,FALSE
Pv2.1_03_42031644_TG/T,Chr03,42031644,0.0103948283789395,11754,FALSE
Pv2.1_08_60247773_G/T,Chr08,60247773,0.0103888459293398,11755,FALSE
Pv2.1_08_62743436_G/GA,Chr08,62743436,0.0103835202412492,11756,FALSE
Pv2.1_08_63018266_G/A,Chr08,63018266,0.0103619413848941,11757,FALSE
Pv2.1_07_30461064_C/T,Chr07,30461064,0.0103607040905604,11758,FALSE
Pv2.1_07_30602679_A/T,Chr07,30602679,0.0103551936441519,11759,FALSE
Pv2.1_04_152406_G/C,Chr04,152406,0.0103501843577036,11760,FALSE
Pv2.1_02_7653237_T/C,Chr02,7653237,0.0103491168164829,11761,FALSE
Pv2.1_08_60247770_A/G,Chr08,60247770,0.0103483066404846,11762,FALSE
Pv2.1_02_11952764_G/T,Chr02,11952764,0.0103460015414427,11763,FALSE
Pv2.1_06_26043408_C/T,Chr06,26043408,0.0103444277629987,11764,FALSE
Pv2.1_10_6682644_C/T,Chr10,6682644,0.0103437807031401,11765,FALSE
Pv2.1_08_60075268_C/A,Chr08,60075268,0.0103429413396152,11766,FALSE
Pv2.1_03_50415129_C/G,Chr03,50415129,0.0103398264678813,11767,FALSE
Pv2.1_02_49620691_T/C,Chr02,49620691,0.0103341680583595,11768,FALSE
Pv2.1_09_34953759_T/A,Chr09,34953759,0.0103142129720148,11769,FALSE
Pv2.1_11_32071620_G/A,Chr11,32071620,0.0103122870925274,11770,FALSE
Pv2.1_10_23837580_C/G,Chr10,23837580,0.0103099561511075,11771,FALSE
Pv2.1_02_2445036_G/C,Chr02,2445036,0.0102873838436017,11772,FALSE
Pv2.1_04_47686639_G/C,Chr04,47686639,0.0102861956667759,11773,FALSE
Pv2.1_04_45975321_G/A,Chr04,45975321,0.0102738635222415,11774,FALSE
Pv2.1_04_45448830_A/G,Chr04,45448830,0.0102690552495233,11775,FALSE
Pv2.1_11_44185805_G/T,Chr11,44185805,0.0102673584555628,11776,FALSE
Pv2.1_07_33445582_A/C,Chr07,33445582,0.0102598473732938,11777,FALSE
Pv2.1_11_44185800_T/C,Chr11,44185800,0.0102574326110352,11778,FALSE
Pv2.1_10_6682637_C/T,Chr10,6682637,0.0102485211288572,11779,FALSE
Pv2.1_10_4355063_TT/A,Chr10,4355063,0.0102407201930386,11780,FALSE
Pv2.1_11_45614834_C/T,Chr11,45614834,0.0102391304246674,11781,FALSE
Pv2.1_06_24233467_T/A,Chr06,24233467,0.0102303322565369,11782,FALSE
Pv2.1_08_62689493_C/T,Chr08,62689493,0.0102285026664815,11783,FALSE
Pv2.1_08_62007633_A/G,Chr08,62007633,0.0102194124324195,11784,FALSE
Pv2.1_01_51022710_T/G,Chr01,51022710,0.0102187014969597,11785,FALSE
Pv2.1_07_21484432_TA/T,Chr07,21484432,0.0102045591318833,11786,FALSE
Pv2.1_02_2413503_A/G,Chr02,2413503,0.0102039063702031,11787,FALSE
Pv2.1_02_3888123_A/ATT,Chr02,3888123,0.0102014464708242,11788,FALSE
Pv2.1_08_61135681_C/T,Chr08,61135681,0.0101898028863006,11789,FALSE
Pv2.1_08_61338206_C/T,Chr08,61338206,0.0101856098809803,11790,FALSE
Pv2.1_09_7410814_T/C,Chr09,7410814,0.0101786320514852,11791,FALSE
Pv2.1_07_28488795_G/A,Chr07,28488795,0.0101786141143805,11792,FALSE
Pv2.1_10_39107360_T/C,Chr10,39107360,0.0101748079777999,11793,FALSE
Pv2.1_07_34301811_T/C,Chr07,34301811,0.0101632154091922,11794,FALSE
Pv2.1_11_44318582_A/G,Chr11,44318582,0.0101571063045145,11795,FALSE
Pv2.1_11_45469615_G/C,Chr11,45469615,0.0101460369466171,11796,FALSE
Pv2.1_07_1080276_T/A,Chr07,1080276,0.010136660648151,11797,FALSE
Pv2.1_07_8184565_C/T,Chr07,8184565,0.010133175134369,11798,FALSE
Pv2.1_08_62906226_G/A,Chr08,62906226,0.010123014437005,11799,FALSE
Pv2.1_08_62906244_G/T,Chr08,62906244,0.010123014437005,11800,FALSE
Pv2.1_08_61825958_C/A,Chr08,61825958,0.0101197491746254,11801,FALSE
Pv2.1_01_43073152_T/A,Chr01,43073152,0.010116829846782,11802,FALSE
Pv2.1_01_39526628_G/T,Chr01,39526628,0.0100912677767959,11803,FALSE
Pv2.1_03_13675805_A/G,Chr03,13675805,0.0100848800172839,11804,FALSE
Pv2.1_07_514917_A/G,Chr07,514917,0.010070365110773,11805,FALSE
Pv2.1_11_49393366_C/A,Chr11,49393366,0.0100668732692135,11806,FALSE
Pv2.1_08_3230227_C/G,Chr08,3230227,0.0100665851766548,11807,FALSE
Pv2.1_11_49889647_G/C,Chr11,49889647,0.0100597106236409,11808,FALSE
Pv2.1_06_27776111_C/T,Chr06,27776111,0.0100536357805132,11809,FALSE
Pv2.1_02_28103805_G/A,Chr02,28103805,0.0100499176754227,11810,FALSE
Pv2.1_01_655717_G/C,Chr01,655717,0.0100180834801034,11811,FALSE
Pv2.1_01_41889927_AT/A,Chr01,41889927,0.0100165807403414,11812,FALSE
Pv2.1_02_46437999_G/C,Chr02,46437999,0.0100164775156539,11813,FALSE
Pv2.1_06_21888120_T/A,Chr06,21888120,0.0100063029157811,11814,FALSE
Pv2.1_08_18668983_C/T,Chr08,18668983,0.00999915448769562,11815,FALSE
Pv2.1_11_3276888_T/A,Chr11,3276888,0.009955396233988,11816,FALSE
Pv2.1_08_60190144_C/T,Chr08,60190144,0.00995532236649765,11817,FALSE
Pv2.1_08_61825918_A/T,Chr08,61825918,0.00992230921837267,11818,FALSE
Pv2.1_11_51766433_A/C,Chr11,51766433,0.0098913740346509,11819,FALSE
Pv2.1_04_46263194_A/C,Chr04,46263194,0.00988262662728445,11820,FALSE
Pv2.1_11_50568681_T/G,Chr11,50568681,0.00987458240372652,11821,FALSE
Pv2.1_11_50568731_C/T,Chr11,50568731,0.00987458240372652,11822,FALSE
Pv2.1_04_7621693_T/C,Chr04,7621693,0.00987332834115806,11823,FALSE
Pv2.1_07_27219854_G/T,Chr07,27219854,0.00986231798009207,11824,FALSE
Pv2.1_03_11230341_G/A,Chr03,11230341,0.00986197555038348,11825,FALSE
Pv2.1_08_28280021_A/G,Chr08,28280021,0.00983308159162588,11826,FALSE
Pv2.1_09_35043592_A/T,Chr09,35043592,0.00982115826827101,11827,FALSE
Pv2.1_02_13635645_TC/T,Chr02,13635645,0.00982098312459723,11828,FALSE
Pv2.1_07_4859567_G/T,Chr07,4859567,0.00979703768181706,11829,FALSE
Pv2.1_02_2445077_A/G,Chr02,2445077,0.00979665486580172,11830,FALSE
Pv2.1_08_3290805_T/G,Chr08,3290805,0.0097913639039775,11831,FALSE
Pv2.1_08_3290811_C/T,Chr08,3290811,0.0097913639039775,11832,FALSE
Pv2.1_07_35055581_T/G,Chr07,35055581,0.00978969435162025,11833,FALSE
Pv2.1_03_50415139_A/T,Chr03,50415139,0.00978313215268578,11834,FALSE
Pv2.1_08_7118206_G/T,Chr08,7118206,0.00976467349738908,11835,FALSE
Pv2.1_11_44185799_A/G,Chr11,44185799,0.00976191928221226,11836,FALSE
Pv2.1_07_32368391_T/G,Chr07,32368391,0.00975804587724527,11837,FALSE
Pv2.1_05_589805_T/C,Chr05,589805,0.0097567515553707,11838,FALSE
Pv2.1_08_61266468_C/T,Chr08,61266468,0.00975298546120529,11839,FALSE
Pv2.1_09_30005199_C/T,Chr09,30005199,0.00973088206440531,11840,FALSE
Pv2.1_01_48502778_T/A,Chr01,48502778,0.00972577588963786,11841,FALSE
Pv2.1_02_12521347_G/A,Chr02,12521347,0.0097129757753267,11842,FALSE
Pv2.1_04_432739_T/A,Chr04,432739,0.00970864261558813,11843,FALSE
Pv2.1_08_59056085_G/A,Chr08,59056085,0.00970427728427037,11844,FALSE
Pv2.1_06_24104036_C/A,Chr06,24104036,0.00969535343104821,11845,FALSE
Pv2.1_06_18684797_A/C,Chr06,18684797,0.00969483881383137,11846,FALSE
Pv2.1_02_16489765_C/G,Chr02,16489765,0.00968948867392649,11847,FALSE
Pv2.1_03_11144176_A/T,Chr03,11144176,0.00968760742153485,11848,FALSE
Pv2.1_06_21281399_G/A,Chr06,21281399,0.00968624997456669,11849,FALSE
Pv2.1_06_21281406_C/T,Chr06,21281406,0.00968624997456669,11850,FALSE
Pv2.1_08_60470363_C/T,Chr08,60470363,0.00967744180547214,11851,FALSE
Pv2.1_07_35055572_G/T,Chr07,35055572,0.00966165973952426,11852,FALSE
Pv2.1_06_24104208_A/C,Chr06,24104208,0.00965565602270191,11853,FALSE
Pv2.1_05_38076792_C/G,Chr05,38076792,0.00965531842311362,11854,FALSE
Pv2.1_08_61266490_T/A,Chr08,61266490,0.00965387106233084,11855,FALSE
Pv2.1_10_42758310_G/A,Chr10,42758310,0.0096486323205327,11856,FALSE
Pv2.1_08_59797242_T/G,Chr08,59797242,0.00964131164905746,11857,FALSE
Pv2.1_08_59797246_A/G,Chr08,59797246,0.00964131164905746,11858,FALSE
Pv2.1_03_11281770_T/A,Chr03,11281770,0.00961085653683424,11859,FALSE
Pv2.1_02_13735938_A/G,Chr02,13735938,0.00960742907169365,11860,FALSE
Pv2.1_10_1974081_A/T,Chr10,1974081,0.00959633132218807,11861,FALSE
Pv2.1_06_18558770_C/G,Chr06,18558770,0.0095948018322991,11862,FALSE
Pv2.1_01_39353381_C/G,Chr01,39353381,0.00957811532497477,11863,FALSE
Pv2.1_08_9135041_A/T,Chr08,9135041,0.00957537672107289,11864,FALSE
Pv2.1_10_2309949_T/C,Chr10,2309949,0.00957378916848617,11865,FALSE
Pv2.1_02_12134286_G/C,Chr02,12134286,0.0095416808725326,11866,FALSE
Pv2.1_07_23019612_G/A,Chr07,23019612,0.00953678512415168,11867,FALSE
Pv2.1_01_48502760_G/C,Chr01,48502760,0.00952605315797994,11868,FALSE
Pv2.1_09_19578995_C/T,Chr09,19578995,0.00951945133201848,11869,FALSE
Pv2.1_02_48833384_G/T,Chr02,48833384,0.00951802695218129,11870,FALSE
Pv2.1_03_12413093_C/T,Chr03,12413093,0.00950581098595604,11871,FALSE
Pv2.1_03_36241652_A/C,Chr03,36241652,0.00950361947103762,11872,FALSE
Pv2.1_03_36241666_G/A,Chr03,36241666,0.00950361947103762,11873,FALSE
Pv2.1_04_78022_G/A,Chr04,78022,0.00947295019445393,11874,FALSE
Pv2.1_01_2850943_G/C,Chr01,2850943,0.00945650309186874,11875,FALSE
Pv2.1_02_42363916_C/G,Chr02,42363916,0.0094435830762376,11876,FALSE
Pv2.1_11_72680_A/C,Chr11,72680,0.00941208928943826,11877,FALSE
Pv2.1_11_72695_T/C,Chr11,72695,0.00941208928943826,11878,FALSE
Pv2.1_11_72700_T/A,Chr11,72700,0.00941208928943826,11879,FALSE
Pv2.1_11_72721_T/C,Chr11,72721,0.00941208928943826,11880,FALSE
Pv2.1_11_51766333_A/G,Chr11,51766333,0.00940963415709284,11881,FALSE
Pv2.1_11_46410534_T/C,Chr11,46410534,0.00939135350434661,11882,FALSE
Pv2.1_03_7094336_G/A,Chr03,7094336,0.00938653340742635,11883,FALSE
Pv2.1_03_7094351_G/A,Chr03,7094351,0.00938653340742635,11884,FALSE
Pv2.1_11_72667_C/T,Chr11,72667,0.00937989904306935,11885,FALSE
Pv2.1_09_17429733_A/G,Chr09,17429733,0.00937549325607856,11886,FALSE
Pv2.1_01_48330632_T/G,Chr01,48330632,0.00934514061509173,11887,FALSE
Pv2.1_10_1974103_A/T,Chr10,1974103,0.00933267968757745,11888,FALSE
Pv2.1_10_1974106_G/C,Chr10,1974106,0.00933267968757745,11889,FALSE
Pv2.1_08_9135057_G/A,Chr08,9135057,0.00932330920628166,11890,FALSE
Pv2.1_08_9135060_C/T,Chr08,9135060,0.00932330920628166,11891,FALSE
Pv2.1_11_53385158_C/T,Chr11,53385158,0.0093155876597395,11892,FALSE
Pv2.1_10_4086418_C/G,Chr10,4086418,0.00931260396665667,11893,FALSE
Pv2.1_03_36241568_G/A,Chr03,36241568,0.0093006414246366,11894,FALSE
Pv2.1_08_60076762_A/C,Chr08,60076762,0.00929896750210357,11895,FALSE
Pv2.1_05_18374748_A/G,Chr05,18374748,0.00929702790458231,11896,FALSE
Pv2.1_06_24706873_G/A,Chr06,24706873,0.00929548991707829,11897,FALSE
Pv2.1_09_29232674_C/T,Chr09,29232674,0.00929280670010435,11898,FALSE
Pv2.1_09_7738507_C/T,Chr09,7738507,0.00929163203831029,11899,FALSE
Pv2.1_08_57704676_A/G,Chr08,57704676,0.00929031647965184,11900,FALSE
Pv2.1_03_11230381_C/A,Chr03,11230381,0.00928599155809762,11901,FALSE
Pv2.1_03_11230394_C/T,Chr03,11230394,0.00928599155809762,11902,FALSE
Pv2.1_03_11230395_G/C,Chr03,11230395,0.00928599155809762,11903,FALSE
Pv2.1_08_59036117_T/C,Chr08,59036117,0.00927918880496614,11904,FALSE
Pv2.1_08_62753698_T/C,Chr08,62753698,0.00927196994371693,11905,FALSE
Pv2.1_11_49492540_G/C,Chr11,49492540,0.00926386834295823,11906,FALSE
Pv2.1_11_46083636_T/C,Chr11,46083636,0.00924239656559722,11907,FALSE
Pv2.1_03_13132854_T/TC,Chr03,13132854,0.00923988884332028,11908,FALSE
Pv2.1_03_53339164_G/A,Chr03,53339164,0.00921903041670413,11909,FALSE
Pv2.1_08_55164971_G/C,Chr08,55164971,0.00920786093021775,11910,FALSE
Pv2.1_01_49085064_C/G,Chr01,49085064,0.00920738326614234,11911,FALSE
Pv2.1_04_1571050_C/T,Chr04,1571050,0.00918668280600921,11912,FALSE
Pv2.1_08_62914224_T/C,Chr08,62914224,0.00918571786026456,11913,FALSE
Pv2.1_07_3320365_T/C,Chr07,3320365,0.00917969987853118,11914,FALSE
Pv2.1_08_59036120_T/C,Chr08,59036120,0.00916994100468749,11915,FALSE
Pv2.1_07_514900_G/A,Chr07,514900,0.00915587912247195,11916,FALSE
Pv2.1_08_45860307_T/C,Chr08,45860307,0.00915408948247665,11917,FALSE
Pv2.1_08_61264537_T/A,Chr08,61264537,0.00915071942615109,11918,FALSE
Pv2.1_04_448848_C/A,Chr04,448848,0.00914226751342007,11919,FALSE
Pv2.1_11_45469533_C/A,Chr11,45469533,0.00914215941024832,11920,FALSE
Pv2.1_08_61470253_C/T,Chr08,61470253,0.00913367206075311,11921,FALSE
Pv2.1_09_14534494_C/T,Chr09,14534494,0.00913309573197552,11922,FALSE
Pv2.1_01_2850942_G/T,Chr01,2850942,0.00910463753814561,11923,FALSE
Pv2.1_03_36241711_C/T,Chr03,36241711,0.00910256249793484,11924,FALSE
Pv2.1_10_42758316_A/G,Chr10,42758316,0.00908740626676563,11925,FALSE
Pv2.1_03_7094324_T/A,Chr03,7094324,0.00908472591121434,11926,FALSE
Pv2.1_02_2473757_A/C,Chr02,2473757,0.00906502576942669,11927,FALSE
Pv2.1_10_2844028_C/A,Chr10,2844028,0.00905950936256339,11928,FALSE
Pv2.1_07_10411349_G/C,Chr07,10411349,0.00905522053826857,11929,FALSE
Pv2.1_01_47028755_A/T,Chr01,47028755,0.00905021309990328,11930,FALSE
Pv2.1_09_36130093_T/C,Chr09,36130093,0.00903000934823783,11931,FALSE
Pv2.1_07_574724_C/T,Chr07,574724,0.00902720222742914,11932,FALSE
Pv2.1_02_11948747_T/C,Chr02,11948747,0.0090262383349673,11933,FALSE
Pv2.1_10_749253_T/C,Chr10,749253,0.00900786293675404,11934,FALSE
Pv2.1_05_40443472_GAA/G,Chr05,40443472,0.00900057138675781,11935,FALSE
Pv2.1_06_33395_G/A,Chr06,33395,0.00898054925031699,11936,FALSE
Pv2.1_11_3276912_G/A,Chr11,3276912,0.00897495624152844,11937,FALSE
Pv2.1_01_51193077_T/C,Chr01,51193077,0.00894674339292934,11938,FALSE
Pv2.1_06_21888128_T/C,Chr06,21888128,0.00893524273619484,11939,FALSE
Pv2.1_11_49492597_A/T,Chr11,49492597,0.00892254725629016,11940,FALSE
Pv2.1_02_1562263_G/A,Chr02,1562263,0.00890992701991689,11941,FALSE
Pv2.1_02_48828579_A/T,Chr02,48828579,0.00890804827679048,11942,FALSE
Pv2.1_08_45849455_T/A,Chr08,45849455,0.00890759440919542,11943,FALSE
Pv2.1_07_35055592_T/C,Chr07,35055592,0.00888535073118302,11944,FALSE
Pv2.1_05_12493234_C/T,Chr05,12493234,0.0088581389136877,11945,FALSE
Pv2.1_08_61656649_T/C,Chr08,61656649,0.00885395238210274,11946,FALSE
Pv2.1_08_61656676_A/G,Chr08,61656676,0.00885395238210274,11947,FALSE
Pv2.1_04_1903306_G/A,Chr04,1903306,0.00882968256857586,11948,FALSE
Pv2.1_08_60442677_C/G,Chr08,60442677,0.0087718596082933,11949,FALSE
Pv2.1_10_40920634_C/G,Chr10,40920634,0.00874311961787955,11950,FALSE
Pv2.1_10_41264805_G/T,Chr10,41264805,0.0087386976295214,11951,FALSE
Pv2.1_02_3415449_A/G,Chr02,3415449,0.00868081959738509,11952,FALSE
Pv2.1_03_52372235_A/G,Chr03,52372235,0.00867153893559891,11953,FALSE
Pv2.1_08_45860301_T/C,Chr08,45860301,0.00866893413003345,11954,FALSE
Pv2.1_11_3345713_G/A,Chr11,3345713,0.00866150520227738,11955,FALSE
Pv2.1_06_19232775_G/T,Chr06,19232775,0.00865775535828961,11956,FALSE
Pv2.1_05_2712357_C/G,Chr05,2712357,0.00863890127961309,11957,FALSE
Pv2.1_08_60180503_T/C,Chr08,60180503,0.00863194055067629,11958,FALSE
Pv2.1_08_59036147_C/A,Chr08,59036147,0.00862648096575125,11959,FALSE
Pv2.1_02_42363840_C/T,Chr02,42363840,0.00861154826767141,11960,FALSE
Pv2.1_02_17749691_A/T,Chr02,17749691,0.00860852225224917,11961,FALSE
Pv2.1_03_7094320_A/G,Chr03,7094320,0.00860706372623721,11962,FALSE
Pv2.1_03_7094321_T/A,Chr03,7094321,0.00860706372623721,11963,FALSE
Pv2.1_07_7395895_T/C,Chr07,7395895,0.00858903935105593,11964,FALSE
Pv2.1_06_19126189_T/C,Chr06,19126189,0.00856670635669454,11965,FALSE
Pv2.1_02_11952761_A/G,Chr02,11952761,0.00851794326918043,11966,FALSE
Pv2.1_08_62753903_A/T,Chr08,62753903,0.00849150404665977,11967,FALSE
Pv2.1_05_16329384_C/T,Chr05,16329384,0.00848239580944243,11968,FALSE
Pv2.1_05_16329394_T/C,Chr05,16329394,0.00848239580944243,11969,FALSE
Pv2.1_10_4468474_A/T,Chr10,4468474,0.00845223751604429,11970,FALSE
Pv2.1_06_24073046_C/G,Chr06,24073046,0.00844432015054641,11971,FALSE
Pv2.1_05_16813182_A/G,Chr05,16813182,0.00841250991367648,11972,FALSE
Pv2.1_04_1903314_G/A,Chr04,1903314,0.00840917802460162,11973,FALSE
Pv2.1_07_34771747_G/C,Chr07,34771747,0.00840377654282642,11974,FALSE
Pv2.1_07_3320364_A/G,Chr07,3320364,0.00838028236107968,11975,FALSE
Pv2.1_04_83056_C/T,Chr04,83056,0.00837336093813867,11976,FALSE
Pv2.1_02_1562308_G/A,Chr02,1562308,0.00837139189983915,11977,FALSE
Pv2.1_02_1562312_G/C,Chr02,1562312,0.00837139189983915,11978,FALSE
Pv2.1_05_10839059_T/A,Chr05,10839059,0.00832923789232698,11979,FALSE
Pv2.1_09_7738479_A/C,Chr09,7738479,0.00831095878588073,11980,FALSE
Pv2.1_10_8925028_T/C,Chr10,8925028,0.00831028800419942,11981,FALSE
Pv2.1_10_8925066_T/A,Chr10,8925066,0.00831028800419942,11982,FALSE
Pv2.1_11_46186692_A/T,Chr11,46186692,0.00830653610729204,11983,FALSE
Pv2.1_10_9922570_A/G,Chr10,9922570,0.00830451052498082,11984,FALSE
Pv2.1_08_9765221_C/T,Chr08,9765221,0.00830073224400962,11985,FALSE
Pv2.1_07_4436373_T/A,Chr07,4436373,0.00828947555195381,11986,FALSE
Pv2.1_09_36130085_T/TAA,Chr09,36130085,0.00828117720187738,11987,FALSE
Pv2.1_06_21218348_T/C,Chr06,21218348,0.00824755380391729,11988,FALSE
Pv2.1_10_4468524_A/C,Chr10,4468524,0.00823870920378234,11989,FALSE
Pv2.1_11_38260056_C/T,Chr11,38260056,0.00822414178502884,11990,FALSE
Pv2.1_03_13121119_T/C,Chr03,13121119,0.00822147536970741,11991,FALSE
Pv2.1_09_7738508_T/G,Chr09,7738508,0.00821481832583038,11992,FALSE
Pv2.1_03_12034857_AAGAGAGAGG/GAGAGAGGGA,Chr03,12034857,0.00820983443599843,11993,FALSE
Pv2.1_03_12034858_AGAGAGAGG/GAGAGAGGGA,Chr03,12034858,0.00820983443599843,11994,FALSE
Pv2.1_02_12941466_C/T,Chr02,12941466,0.00820474215792189,11995,FALSE
Pv2.1_02_12411473_G/A,Chr02,12411473,0.00819778535658422,11996,FALSE
Pv2.1_09_35411806_C/G,Chr09,35411806,0.00818890779922166,11997,FALSE
Pv2.1_11_48706230_T/A,Chr11,48706230,0.00818715581741092,11998,FALSE
Pv2.1_08_14465794_C/T,Chr08,14465794,0.00818641870492654,11999,FALSE
Pv2.1_08_60442708_A/G,Chr08,60442708,0.00816598397006896,12000,FALSE
Pv2.1_07_514888_G/C,Chr07,514888,0.0081277603772616,12001,FALSE
Pv2.1_11_44231047_A/G,Chr11,44231047,0.00809882287552144,12002,FALSE
Pv2.1_02_10021143_C/T,Chr02,10021143,0.00809853065351707,12003,FALSE
Pv2.1_08_61086414_A/T,Chr08,61086414,0.00806194109168201,12004,FALSE
Pv2.1_10_4468526_T/A,Chr10,4468526,0.00805394466022946,12005,FALSE
Pv2.1_10_4468527_A/T,Chr10,4468527,0.00805394466022946,12006,FALSE
Pv2.1_03_12928809_C/T,Chr03,12928809,0.00802248377491432,12007,FALSE
Pv2.1_04_1513740_C/A,Chr04,1513740,0.00801071287834043,12008,FALSE
Pv2.1_08_45851866_G/A,Chr08,45851866,0.00800675116890881,12009,FALSE
Pv2.1_06_9560161_C/A,Chr06,9560161,0.00799353165220973,12010,FALSE
Pv2.1_11_31910390_C/A,Chr11,31910390,0.00797685667567016,12011,FALSE
Pv2.1_05_37851218_TTA/T,Chr05,37851218,0.0079767272955853,12012,FALSE
Pv2.1_11_48706240_G/T,Chr11,48706240,0.00796872049800967,12013,FALSE
Pv2.1_07_9067110_G/T,Chr07,9067110,0.00796336618391624,12014,FALSE
Pv2.1_08_45851869_A/AGCC,Chr08,45851869,0.00796251118402491,12015,FALSE
Pv2.1_08_9130811_C/A,Chr08,9130811,0.00795676144397683,12016,FALSE
Pv2.1_08_61671483_C/T,Chr08,61671483,0.00793186222546805,12017,FALSE
Pv2.1_02_13772036_A/G,Chr02,13772036,0.00792982459639102,12018,FALSE
Pv2.1_02_39509345_G/C,Chr02,39509345,0.00787480173204092,12019,FALSE
Pv2.1_08_59828183_A/C,Chr08,59828183,0.00783988692305115,12020,FALSE
Pv2.1_08_59828184_T/C,Chr08,59828184,0.00783988692305115,12021,FALSE
Pv2.1_08_59828192_T/G,Chr08,59828192,0.00783988692305115,12022,FALSE
Pv2.1_07_32137873_G/A,Chr07,32137873,0.00782388713877058,12023,FALSE
Pv2.1_07_485213_A/C,Chr07,485213,0.00782387896881787,12024,FALSE
Pv2.1_02_11948793_T/A,Chr02,11948793,0.00773403253199101,12025,FALSE
Pv2.1_03_36241739_G/T,Chr03,36241739,0.00770166795136706,12026,FALSE
Pv2.1_04_46263225_G/A,Chr04,46263225,0.00769487503045729,12027,FALSE
Pv2.1_11_3534685_T/A,Chr11,3534685,0.00767089640730312,12028,FALSE
Pv2.1_11_45315675_T/G,Chr11,45315675,0.00765863062014205,12029,FALSE
Pv2.1_10_44140303_C/T,Chr10,44140303,0.00765554616266773,12030,FALSE
Pv2.1_08_45849599_C/T,Chr08,45849599,0.00764439771761882,12031,FALSE
Pv2.1_09_34920976_G/A,Chr09,34920976,0.00763209329707504,12032,FALSE
Pv2.1_03_12727952_G/A,Chr03,12727952,0.00762491385037167,12033,FALSE
Pv2.1_04_46177999_T/C,Chr04,46177999,0.00762485262387136,12034,FALSE
Pv2.1_02_2438680_C/T,Chr02,2438680,0.00759770640967972,12035,FALSE
Pv2.1_02_2438686_C/T,Chr02,2438686,0.00759770640967972,12036,FALSE
Pv2.1_11_51314319_A/G,Chr11,51314319,0.00757391488948178,12037,FALSE
Pv2.1_02_12667063_C/T,Chr02,12667063,0.00754495208828354,12038,FALSE
Pv2.1_03_34556819_G/C,Chr03,34556819,0.00751383858551113,12039,FALSE
Pv2.1_08_62787892_A/T,Chr08,62787892,0.00751272059056696,12040,FALSE
Pv2.1_03_12555614_G/C,Chr03,12555614,0.00745910615187739,12041,FALSE
Pv2.1_08_10772601_A/G,Chr08,10772601,0.00745363542803634,12042,FALSE
Pv2.1_11_31910389_T/A,Chr11,31910389,0.00745335343058695,12043,FALSE
Pv2.1_06_9560164_T/C,Chr06,9560164,0.00744863233642512,12044,FALSE
Pv2.1_01_50295683_TA/T,Chr01,50295683,0.00743024650825497,12045,FALSE
Pv2.1_10_41988722_C/T,Chr10,41988722,0.00742238082978819,12046,FALSE
Pv2.1_03_13132843_C/G,Chr03,13132843,0.0074136202427737,12047,FALSE
Pv2.1_08_9130850_G/C,Chr08,9130850,0.00739995911844771,12048,FALSE
Pv2.1_08_60442712_T/G,Chr08,60442712,0.0073983848342678,12049,FALSE
Pv2.1_07_28996339_C/G,Chr07,28996339,0.0073866580564701,12050,FALSE
Pv2.1_07_28996371_C/T,Chr07,28996371,0.0073866580564701,12051,FALSE
Pv2.1_10_39133520_G/A,Chr10,39133520,0.00738070469654595,12052,FALSE
Pv2.1_10_39133554_T/C,Chr10,39133554,0.00738070469654595,12053,FALSE
Pv2.1_08_61264479_A/G,Chr08,61264479,0.00736966900270097,12054,FALSE
Pv2.1_03_13606792_G/GGGGGTC,Chr03,13606792,0.00736292157283236,12055,FALSE
Pv2.1_08_9765217_G/A,Chr08,9765217,0.0073170256456403,12056,FALSE
Pv2.1_08_9765244_A/G,Chr08,9765244,0.0073170256456403,12057,FALSE
Pv2.1_06_30736667_T/A,Chr06,30736667,0.00728703687212429,12058,FALSE
Pv2.1_01_51187119_G/T,Chr01,51187119,0.00728341985383718,12059,FALSE
Pv2.1_11_41980868_A/G,Chr11,41980868,0.0072456499894642,12060,FALSE
Pv2.1_08_9130821_A/T,Chr08,9130821,0.00723552526698645,12061,FALSE
Pv2.1_08_9130832_G/A,Chr08,9130832,0.00723552526698645,12062,FALSE
Pv2.1_08_9130854_A/G,Chr08,9130854,0.00723552526698645,12063,FALSE
Pv2.1_09_36130051_A/T,Chr09,36130051,0.00723232887913738,12064,FALSE
Pv2.1_04_145855_C/T,Chr04,145855,0.00721011805847693,12065,FALSE
Pv2.1_11_47196410_CA/C,Chr11,47196410,0.00710702509886607,12066,FALSE
Pv2.1_06_14798744_G/C,Chr06,14798744,0.00703081117970461,12067,FALSE
Pv2.1_04_46263230_G/A,Chr04,46263230,0.00703034420552973,12068,FALSE
Pv2.1_02_3427284_A/G,Chr02,3427284,0.00701622893186382,12069,FALSE
Pv2.1_02_3427349_T/C,Chr02,3427349,0.00701622893186382,12070,FALSE
Pv2.1_07_190899_G/A,Chr07,190899,0.00698716222903784,12071,FALSE
Pv2.1_02_48828559_T/C,Chr02,48828559,0.00698392006821225,12072,FALSE
Pv2.1_08_62838550_T/C,Chr08,62838550,0.00689079534690684,12073,FALSE
Pv2.1_02_16489841_T/C,Chr02,16489841,0.00688460552082004,12074,FALSE
Pv2.1_07_9356117_G/A,Chr07,9356117,0.00685220937848019,12075,FALSE
Pv2.1_03_53035542_C/G,Chr03,53035542,0.00683110136178877,12076,FALSE
Pv2.1_03_53035548_T/A,Chr03,53035548,0.00683110136178877,12077,FALSE
Pv2.1_03_53035551_G/A,Chr03,53035551,0.00683110136178877,12078,FALSE
Pv2.1_03_53035558_A/G,Chr03,53035558,0.00683110136178877,12079,FALSE
Pv2.1_11_98123_G/C,Chr11,98123,0.00679007914346697,12080,FALSE
Pv2.1_09_35426225_T/C,Chr09,35426225,0.00676066129099828,12081,FALSE
Pv2.1_11_45292722_TG/T,Chr11,45292722,0.00668250191416409,12082,FALSE
Pv2.1_08_60442713_C/T,Chr08,60442713,0.00666952697778012,12083,FALSE
Pv2.1_10_40783214_A/G,Chr10,40783214,0.00663942941073348,12084,FALSE
Pv2.1_10_9922572_A/G,Chr10,9922572,0.00663689676396784,12085,FALSE
Pv2.1_09_17429804_G/A,Chr09,17429804,0.00658749962981142,12086,FALSE
Pv2.1_08_45849584_A/G,Chr08,45849584,0.00655174379594214,12087,FALSE
Pv2.1_07_34462694_C/G,Chr07,34462694,0.00653778691523321,12088,FALSE
Pv2.1_09_34916281_A/C,Chr09,34916281,0.00653334189287458,12089,FALSE
Pv2.1_08_62007589_C/A,Chr08,62007589,0.00652097485081571,12090,FALSE
Pv2.1_09_23486218_T/G,Chr09,23486218,0.00651751462271211,12091,FALSE
Pv2.1_02_48833387_G/T,Chr02,48833387,0.00646442402519609,12092,FALSE
Pv2.1_04_4197760_C/T,Chr04,4197760,0.00645203189774435,12093,FALSE
Pv2.1_11_47196427_G/A,Chr11,47196427,0.00638802558469553,12094,FALSE
Pv2.1_02_42363877_T/G,Chr02,42363877,0.00629593934691952,12095,FALSE
Pv2.1_06_9560163_T/C,Chr06,9560163,0.006280856354826,12096,FALSE
Pv2.1_07_7598637_T/C,Chr07,7598637,0.00627712552752113,12097,FALSE
Pv2.1_02_48828600_A/C,Chr02,48828600,0.00624250088277911,12098,FALSE
Pv2.1_10_41988727_G/C,Chr10,41988727,0.00617837601299032,12099,FALSE
Pv2.1_10_2857807_C/T,Chr10,2857807,0.00615555144390578,12100,FALSE
Pv2.1_06_14665776_T/A,Chr06,14665776,0.00614806785114919,12101,FALSE
Pv2.1_01_41726790_T/A,Chr01,41726790,0.00613575401925548,12102,FALSE
Pv2.1_09_36130115_T/A,Chr09,36130115,0.00611942162416357,12103,FALSE
Pv2.1_07_28580352_C/A,Chr07,28580352,0.00610418315078798,12104,FALSE
Pv2.1_02_31207285_AT/A,Chr02,31207285,0.00609911796266172,12105,FALSE
Pv2.1_08_60442718_T/C,Chr08,60442718,0.00609402220313182,12106,FALSE
Pv2.1_08_62787592_T/C,Chr08,62787592,0.00604921371806055,12107,FALSE
Pv2.1_08_8078319_A/G,Chr08,8078319,0.00604661350522351,12108,FALSE
Pv2.1_08_8078336_G/A,Chr08,8078336,0.00604661350522351,12109,FALSE
Pv2.1_07_33523382_C/G,Chr07,33523382,0.00600409086857345,12110,FALSE
Pv2.1_02_16489863_A/G,Chr02,16489863,0.00597810566736756,12111,FALSE
Pv2.1_02_48828601_A/T,Chr02,48828601,0.00595934849860402,12112,FALSE
Pv2.1_08_11528064_G/A,Chr08,11528064,0.00591814423789794,12113,FALSE
Pv2.1_11_47196435_T/A,Chr11,47196435,0.00573122756206246,12114,FALSE
Pv2.1_09_37808945_C/T,Chr09,37808945,0.00566187143262198,12115,FALSE
Pv2.1_11_48706139_T/C,Chr11,48706139,0.00556564087590594,12116,FALSE
Pv2.1_09_35426067_T/G,Chr09,35426067,0.00555170156294516,12117,FALSE
Pv2.1_08_62533610_A/G,Chr08,62533610,0.00554684800911298,12118,FALSE
Pv2.1_08_3181840_C/T,Chr08,3181840,0.00547094322686048,12119,FALSE
Pv2.1_03_12613636_A/T,Chr03,12613636,0.00540960266756363,12120,FALSE
Pv2.1_03_12613639_C/G,Chr03,12613639,0.00520902635769671,12121,FALSE
Pv2.1_09_36130082_A/G,Chr09,36130082,0.00506401326662509,12122,FALSE
Pv2.1_08_14465935_C/T,Chr08,14465935,0.00497346605879834,12123,FALSE
Pv2.1_10_6400072_T/G,Chr10,6400072,0.00497346605879834,12124,FALSE
Pv2.1_11_48706252_T/C,Chr11,48706252,0.00493433097485418,12125,FALSE
Pv2.1_01_48604665_A/T,Chr01,48604665,0.00487651470782735,12126,FALSE
Pv2.1_11_45292728_G/T,Chr11,45292728,0.0048119874404664,12127,FALSE
Pv2.1_07_8284897_G/A,Chr07,8284897,0.00461520911935098,12128,FALSE
Pv2.1_07_34447184_T/A,Chr07,34447184,0.00453534536114963,12129,FALSE
Pv2.1_06_14661229_A/G,Chr06,14661229,0.00453483680321254,12130,FALSE
Pv2.1_01_41726687_C/T,Chr01,41726687,0.00446101856688896,12131,FALSE
Pv2.1_04_40460979_T/A,Chr04,40460979,0.00446101856688896,12132,FALSE
Pv2.1_08_3181781_T/G,Chr08,3181781,0.00446101856688896,12133,FALSE
Pv2.1_08_3181799_C/T,Chr08,3181799,0.00446101856688896,12134,FALSE
Pv2.1_01_48541402_G/A,Chr01,48541402,0.00435387038645274,12135,FALSE
Pv2.1_09_35044960_C/T,Chr09,35044960,0.0043530138898582,12136,FALSE
Pv2.1_01_48541397_A/G,Chr01,48541397,0.00432180845683572,12137,FALSE
Pv2.1_02_39483966_G/C,Chr02,39483966,0.00430948224505556,12138,FALSE
Pv2.1_11_48706123_G/A,Chr11,48706123,0.0042074302077193,12139,FALSE
Pv2.1_11_48706128_G/A,Chr11,48706128,0.0042074302077193,12140,FALSE
Pv2.1_11_48706110_G/T,Chr11,48706110,0.00392606110928995,12141,FALSE
Pv2.1_09_35044060_G/A,Chr09,35044060,0.00388195870632302,12142,FALSE
Pv2.1_04_47116313_A/G,Chr04,47116313,0.00379915078721105,12143,FALSE
Pv2.1_09_35044074_TCGACA/T,Chr09,35044074,0.00376131186705564,12144,FALSE
Pv2.1_10_41264850_T/C,Chr10,41264850,0.00348265381395851,12145,FALSE
Pv2.1_01_41726712_G/A,Chr01,41726712,0.00341777069343108,12146,FALSE
Pv2.1_03_36241686_C/T,Chr03,36241686,0.00341777069343108,12147,FALSE
Pv2.1_04_40461083_C/T,Chr04,40461083,0.00341777069343108,12148,FALSE
Pv2.1_04_40461095_G/A,Chr04,40461095,0.00341777069343108,12149,FALSE
Pv2.1_04_40461122_C/G,Chr04,40461122,0.00341777069343108,12150,FALSE
Pv2.1_04_40461133_A/C,Chr04,40461133,0.00341777069343108,12151,FALSE
Pv2.1_04_5494455_T/C,Chr04,5494455,0.00341777069343108,12152,FALSE
Pv2.1_10_720905_G/A,Chr10,720905,0.00323257139391675,12153,FALSE
Pv2.1_01_41726642_A/T,Chr01,41726642,0,12154,FALSE
Pv2.1_01_41726654_A/G,Chr01,41726654,0,12155,FALSE
Pv2.1_01_41726837_C/T,Chr01,41726837,0,12156,FALSE
Pv2.1_01_41726839_T/C,Chr01,41726839,0,12157,FALSE
Pv2.1_01_41726840_G/T,Chr01,41726840,0,12158,FALSE
Pv2.1_01_41726876_G/T,Chr01,41726876,0,12159,FALSE
Pv2.1_01_45992676_A/G,Chr01,45992676,0,12160,FALSE
Pv2.1_01_45992678_T/C,Chr01,45992678,0,12161,FALSE
Pv2.1_01_45992716_A/T,Chr01,45992716,0,12162,FALSE
Pv2.1_01_45992743_A/C,Chr01,45992743,0,12163,FALSE
Pv2.1_01_45992755_A/C,Chr01,45992755,0,12164,FALSE
Pv2.1_01_8366042_A/G,Chr01,8366042,0,12165,FALSE
Pv2.1_01_8366075_G/T,Chr01,8366075,0,12166,FALSE
Pv2.1_02_39467931_A/T,Chr02,39467931,0,12167,FALSE
Pv2.1_02_39468318_A/G,Chr02,39468318,0,12168,FALSE
Pv2.1_02_39468348_A/T,Chr02,39468348,0,12169,FALSE
Pv2.1_02_39483973_G/C,Chr02,39483973,0,12170,FALSE
Pv2.1_02_39483994_G/C,Chr02,39483994,0,12171,FALSE
Pv2.1_02_39484015_G/A,Chr02,39484015,0,12172,FALSE
Pv2.1_02_47032048_G/T,Chr02,47032048,0,12173,FALSE
Pv2.1_02_47032054_A/G,Chr02,47032054,0,12174,FALSE
Pv2.1_02_47032062_T/C,Chr02,47032062,0,12175,FALSE
Pv2.1_02_47032070_C/G,Chr02,47032070,0,12176,FALSE
Pv2.1_02_47032122_C/T,Chr02,47032122,0,12177,FALSE
Pv2.1_03_36241649_C/T,Chr03,36241649,0,12178,FALSE
Pv2.1_03_36241656_C/G,Chr03,36241656,0,12179,FALSE
Pv2.1_04_40461055_G/A,Chr04,40461055,0,12180,FALSE
Pv2.1_04_40490807_A/C,Chr04,40490807,0,12181,FALSE
Pv2.1_04_40490844_C/G,Chr04,40490844,0,12182,FALSE
Pv2.1_04_40490846_A/G,Chr04,40490846,0,12183,FALSE
Pv2.1_04_43299844_CT/C,Chr04,43299844,0,12184,FALSE
Pv2.1_04_43299848_T/C,Chr04,43299848,0,12185,FALSE
Pv2.1_04_43299849_T/C,Chr04,43299849,0,12186,FALSE
Pv2.1_04_43299869_A/T,Chr04,43299869,0,12187,FALSE
Pv2.1_04_43299875_C/T,Chr04,43299875,0,12188,FALSE
Pv2.1_05_38051651_C/A,Chr05,38051651,0,12189,FALSE
Pv2.1_05_38051756_T/C,Chr05,38051756,0,12190,FALSE
Pv2.1_05_38051798_T/C,Chr05,38051798,0,12191,FALSE
Pv2.1_05_38051807_T/A,Chr05,38051807,0,12192,FALSE
Pv2.1_08_14465624_C/A,Chr08,14465624,0,12193,FALSE
Pv2.1_08_14465658_C/T,Chr08,14465658,0,12194,FALSE
Pv2.1_09_14831926_T/G,Chr09,14831926,0,12195,FALSE
Pv2.1_09_14831964_A/T,Chr09,14831964,0,12196,FALSE
Pv2.1_09_14831987_G/A,Chr09,14831987,0,12197,FALSE
Pv2.1_09_17429755_C/G,Chr09,17429755,0,12198,FALSE
Pv2.1_10_38729689_A/G,Chr10,38729689,0,12199,FALSE
Pv2.1_10_44169929_A/G,Chr10,44169929,0,12200,FALSE
Pv2.1_10_44169958_G/A,Chr10,44169958,0,12201,FALSE
Pv2.1_10_44169959_C/A,Chr10,44169959,0,12202,FALSE
Pv2.1_10_6400059_T/A,Chr10,6400059,0,12203,FALSE
