Marker,Chromosome,Position,MI,Rank,Top
Pv2.1_02_47556089_T/A,Chr02,47556089,0.081304872244043,1,TRUE
Pv2.1_06_9270739_C/T,Chr06,9270739,0.0775805286595728,2,TRUE
Pv2.1_02_47053941_G/T,Chr02,47053941,0.0761058408517643,3,TRUE
Pv2.1_02_47621453_C/T,Chr02,47621453,0.0731332298473335,4,TRUE
Pv2.1_02_47384033_C/T,Chr02,47384033,0.0727566902495385,5,TRUE
Pv2.1_01_2981887_C/G,Chr01,2981887,0.0723728492944358,6,TRUE
Pv2.1_06_9270760_A/T,Chr06,9270760,0.0708038559560142,7,TRUE
Pv2.1_05_11785046_G/A,Chr05,11785046,0.068416521709965,8,TRUE
Pv2.1_01_2981934_G/A,Chr01,2981934,0.0681765231566787,9,TRUE
Pv2.1_02_47665463_C/G,Chr02,47665463,0.0673636764539167,10,TRUE
Pv2.1_02_47549250_A/T,Chr02,47549250,0.0666803481682536,11,TRUE
Pv2.1_04_432853_T/C,Chr04,432853,0.0665581244839846,12,TRUE
Pv2.1_07_36710223_TA/T,Chr07,36710223,0.0658589183494134,13,TRUE
Pv2.1_02_47384015_T/C,Chr02,47384015,0.0643346462208405,14,TRUE
Pv2.1_01_2270905_T/C,Chr01,2270905,0.0640568672036364,15,TRUE
Pv2.1_02_47592148_T/C,Chr02,47592148,0.0630029761792428,16,TRUE
Pv2.1_06_20854430_C/T,Chr06,20854430,0.0629229420034521,17,TRUE
Pv2.1_05_39742359_T/A,Chr05,39742359,0.062262051124216,18,TRUE
Pv2.1_02_47381844_G/GTGT,Chr02,47381844,0.061891477239286,19,TRUE
Pv2.1_07_36713275_T/C,Chr07,36713275,0.0613422657755689,20,TRUE
Pv2.1_01_2311010_T/A,Chr01,2311010,0.0608977682616163,21,TRUE
Pv2.1_02_47585811_T/A,Chr02,47585811,0.0606262980074086,22,TRUE
Pv2.1_05_10771370_A/T,Chr05,10771370,0.0600198375857186,23,TRUE
Pv2.1_01_2902027_T/TA,Chr01,2902027,0.0596968057460385,24,TRUE
Pv2.1_02_47600682_C/T,Chr02,47600682,0.0596407982991671,25,TRUE
Pv2.1_06_20852387_C/T,Chr06,20852387,0.0590857436839425,26,TRUE
Pv2.1_04_1322101_G/T,Chr04,1322101,0.0585638095775432,27,TRUE
Pv2.1_06_20852362_C/A,Chr06,20852362,0.058225484812696,28,TRUE
Pv2.1_07_36758114_C/A,Chr07,36758114,0.0580768915836565,29,TRUE
Pv2.1_06_22799592_C/T,Chr06,22799592,0.0577337698378879,30,TRUE
Pv2.1_06_7620142_T/A,Chr06,7620142,0.0575403070513212,31,TRUE
Pv2.1_02_35802951_G/A,Chr02,35802951,0.0573273252240067,32,TRUE
Pv2.1_06_4250030_A/G,Chr06,4250030,0.0573238232954139,33,TRUE
Pv2.1_04_432722_A/G,Chr04,432722,0.0572899382448147,34,TRUE
Pv2.1_04_1322187_A/C,Chr04,1322187,0.0572214189627722,35,TRUE
Pv2.1_06_22799607_A/T,Chr06,22799607,0.0567955578022321,36,TRUE
Pv2.1_06_20077150_G/A,Chr06,20077150,0.0566936697048424,37,TRUE
Pv2.1_06_20852830_T/A,Chr06,20852830,0.056617267314353,38,TRUE
Pv2.1_06_22130655_C/G,Chr06,22130655,0.0566070750616281,39,TRUE
Pv2.1_07_4558170_C/CA,Chr07,4558170,0.0565454723558863,40,TRUE
Pv2.1_06_22235814_C/G,Chr06,22235814,0.056493554158469,41,TRUE
Pv2.1_05_9638782_A/C,Chr05,9638782,0.0561591416902956,42,TRUE
Pv2.1_06_20852832_C/T,Chr06,20852832,0.055968172807181,43,TRUE
Pv2.1_01_2850796_A/T,Chr01,2850796,0.055950088688582,44,TRUE
Pv2.1_05_11448386_A/C,Chr05,11448386,0.0558434313394476,45,TRUE
Pv2.1_05_11216917_C/T,Chr05,11216917,0.0558183736717601,46,TRUE
Pv2.1_06_8347772_T/C,Chr06,8347772,0.055784555141043,47,TRUE
Pv2.1_08_1428731_T/A,Chr08,1428731,0.0554182787528963,48,TRUE
Pv2.1_07_36725753_C/G,Chr07,36725753,0.0553655817361003,49,TRUE
Pv2.1_06_14591818_TTTG/T,Chr06,14591818,0.0551702967414895,50,TRUE
Pv2.1_06_21410043_C/CTTATG,Chr06,21410043,0.055058769479404,51,TRUE
Pv2.1_07_37288861_G/A,Chr07,37288861,0.0550501237850201,52,TRUE
Pv2.1_06_201489_G/A,Chr06,201489,0.0549811619113929,53,TRUE
Pv2.1_06_9270570_A/G,Chr06,9270570,0.0549644884395955,54,TRUE
Pv2.1_06_21220240_A/G,Chr06,21220240,0.0549366171273045,55,TRUE
Pv2.1_01_2981869_AG/A,Chr01,2981869,0.0548859589397783,56,TRUE
Pv2.1_07_36725752_A/G,Chr07,36725752,0.0548005608874749,57,TRUE
Pv2.1_06_21220255_T/A,Chr06,21220255,0.0546965039924201,58,TRUE
Pv2.1_01_2270848_T/C,Chr01,2270848,0.0546294237557001,59,TRUE
Pv2.1_06_21970104_A/G,Chr06,21970104,0.0545000104524496,60,TRUE
Pv2.1_05_12875039_T/G,Chr05,12875039,0.0544809351547286,61,TRUE
Pv2.1_06_8362538_G/C,Chr06,8362538,0.0544476555846196,62,TRUE
Pv2.1_06_4269077_T/C,Chr06,4269077,0.0543081904061125,63,TRUE
Pv2.1_07_9346327_G/A,Chr07,9346327,0.0540653279088463,64,TRUE
Pv2.1_06_4221905_C/T,Chr06,4221905,0.0540478018463357,65,TRUE
Pv2.1_06_20303346_G/A,Chr06,20303346,0.0540293277409485,66,TRUE
Pv2.1_06_22880399_G/C,Chr06,22880399,0.0539292199823209,67,TRUE
Pv2.1_06_4211411_C/T,Chr06,4211411,0.0537306551825059,68,TRUE
Pv2.1_08_17018985_T/C,Chr08,17018985,0.0537267158619108,69,TRUE
Pv2.1_01_3198659_C/T,Chr01,3198659,0.0537038139684487,70,TRUE
Pv2.1_01_2646063_TA/T,Chr01,2646063,0.0534980760122568,71,TRUE
Pv2.1_06_20084850_G/A,Chr06,20084850,0.0534821898253801,72,TRUE
Pv2.1_06_20904515_AT/A,Chr06,20904515,0.0531875990066117,73,TRUE
Pv2.1_06_4211300_G/T,Chr06,4211300,0.0531681889920836,74,TRUE
Pv2.1_06_22794395_C/T,Chr06,22794395,0.0530613143479624,75,TRUE
Pv2.1_06_23255486_T/C,Chr06,23255486,0.0530609895992464,76,TRUE
Pv2.1_01_2270788_G/T,Chr01,2270788,0.0530410038552889,77,TRUE
Pv2.1_06_22856566_G/C,Chr06,22856566,0.053013988938837,78,TRUE
Pv2.1_08_60905312_C/T,Chr08,60905312,0.0529792172178794,79,TRUE
Pv2.1_06_21970117_AG/A,Chr06,21970117,0.0529389053417613,80,TRUE
Pv2.1_04_1903226_A/T,Chr04,1903226,0.0527554601356668,81,TRUE
Pv2.1_08_11683315_A/ACT,Chr08,11683315,0.0526127146545972,82,TRUE
Pv2.1_06_22542184_C/T,Chr06,22542184,0.052591083714383,83,TRUE
Pv2.1_05_12161803_C/G,Chr05,12161803,0.052566496547902,84,TRUE
Pv2.1_05_11496644_C/T,Chr05,11496644,0.0525300089858103,85,TRUE
Pv2.1_06_8361731_A/C,Chr06,8361731,0.0525149390044852,86,TRUE
Pv2.1_02_48290482_T/A,Chr02,48290482,0.0524505542396261,87,TRUE
Pv2.1_06_8608851_C/A,Chr06,8608851,0.0523644970402231,88,TRUE
Pv2.1_06_8608906_T/C,Chr06,8608906,0.0523644970402231,89,TRUE
Pv2.1_01_2311027_A/C,Chr01,2311027,0.052323007371017,90,TRUE
Pv2.1_06_23041661_C/T,Chr06,23041661,0.0523146420466079,91,TRUE
Pv2.1_06_17638773_T/G,Chr06,17638773,0.0522975508179391,92,TRUE
Pv2.1_06_20084745_T/C,Chr06,20084745,0.0522842572421296,93,TRUE
Pv2.1_08_6249422_T/A,Chr08,6249422,0.052197392172602,94,TRUE
Pv2.1_06_21812242_A/AT,Chr06,21812242,0.0520606995880013,95,TRUE
Pv2.1_06_12893226_T/C,Chr06,12893226,0.0519646485257037,96,TRUE
Pv2.1_01_4084849_G/A,Chr01,4084849,0.0518980013477117,97,TRUE
Pv2.1_01_3198652_A/C,Chr01,3198652,0.0518902435045208,98,TRUE
Pv2.1_06_18210954_A/G,Chr06,18210954,0.0518722067005886,99,TRUE
Pv2.1_06_7240689_G/A,Chr06,7240689,0.0518687838268073,100,TRUE
Pv2.1_02_48295300_G/A,Chr02,48295300,0.0518151307506392,101,TRUE
Pv2.1_06_4315526_G/A,Chr06,4315526,0.0517215744815331,102,TRUE
Pv2.1_06_8347645_C/T,Chr06,8347645,0.0516887683072631,103,TRUE
Pv2.1_01_3319761_T/A,Chr01,3319761,0.0516583093355534,104,TRUE
Pv2.1_07_9326967_C/A,Chr07,9326967,0.0516530949720329,105,TRUE
Pv2.1_08_1458581_C/CT,Chr08,1458581,0.0515844071719975,106,TRUE
Pv2.1_06_22794403_G/T,Chr06,22794403,0.051575608481468,107,TRUE
Pv2.1_06_14106677_C/T,Chr06,14106677,0.0515400840171543,108,TRUE
Pv2.1_04_541197_C/T,Chr04,541197,0.0515275892738756,109,TRUE
Pv2.1_05_11308375_T/A,Chr05,11308375,0.0515202533302062,110,TRUE
Pv2.1_06_19046200_C/T,Chr06,19046200,0.0515005934140174,111,TRUE
Pv2.1_06_22839578_A/G,Chr06,22839578,0.0514947587731447,112,TRUE
Pv2.1_06_8347631_G/T,Chr06,8347631,0.0514590527460284,113,TRUE
Pv2.1_06_8347642_G/A,Chr06,8347642,0.0514590527460284,114,TRUE
Pv2.1_07_36688038_A/C,Chr07,36688038,0.0513359660894492,115,TRUE
Pv2.1_06_21220311_C/CA,Chr06,21220311,0.0513201032342163,116,TRUE
Pv2.1_06_17027900_C/T,Chr06,17027900,0.0512572063788057,117,TRUE
Pv2.1_08_6249410_C/A,Chr08,6249410,0.0512492647491518,118,TRUE
Pv2.1_06_8347904_C/T,Chr06,8347904,0.0512356274463168,119,TRUE
Pv2.1_05_12091498_G/T,Chr05,12091498,0.0511609666675952,120,TRUE
Pv2.1_02_47621609_G/T,Chr02,47621609,0.0511182948997799,121,TRUE
Pv2.1_08_1458584_C/T,Chr08,1458584,0.0510862893018804,122,TRUE
Pv2.1_06_22989520_C/A,Chr06,22989520,0.0510826718345481,123,FALSE
Pv2.1_06_22989572_G/A,Chr06,22989572,0.0510826718345481,124,FALSE
Pv2.1_06_4029507_C/T,Chr06,4029507,0.0510360048812797,125,FALSE
Pv2.1_01_2485268_A/G,Chr01,2485268,0.0510304176866341,126,FALSE
Pv2.1_02_47377595_A/G,Chr02,47377595,0.0509589758241931,127,FALSE
Pv2.1_06_21423592_T/C,Chr06,21423592,0.0509518594625229,128,FALSE
Pv2.1_04_1903223_A/G,Chr04,1903223,0.0509223786242954,129,FALSE
Pv2.1_01_3198632_C/G,Chr01,3198632,0.0508705355353558,130,FALSE
Pv2.1_06_17331576_G/C,Chr06,17331576,0.0508208635575982,131,FALSE
Pv2.1_06_4566991_CA/C,Chr06,4566991,0.0508073196014429,132,FALSE
Pv2.1_01_2902046_C/T,Chr01,2902046,0.0507764937927053,133,FALSE
Pv2.1_06_14106961_A/G,Chr06,14106961,0.0507730945200597,134,FALSE
Pv2.1_05_9400534_C/A,Chr05,9400534,0.0506156320137299,135,FALSE
Pv2.1_06_7240679_C/T,Chr06,7240679,0.0506020513883891,136,FALSE
Pv2.1_06_12434702_C/T,Chr06,12434702,0.0505744392189338,137,FALSE
Pv2.1_02_48285635_T/G,Chr02,48285635,0.0505246211228685,138,FALSE
Pv2.1_06_20700138_C/A,Chr06,20700138,0.0505112030562516,139,FALSE
Pv2.1_08_53546_A/G,Chr08,53546,0.0504763017650931,140,FALSE
Pv2.1_06_20061853_T/A,Chr06,20061853,0.0504520100518464,141,FALSE
Pv2.1_06_8988874_A/G,Chr06,8988874,0.0504126125519893,142,FALSE
Pv2.1_06_22428416_A/G,Chr06,22428416,0.0503295306086571,143,FALSE
Pv2.1_06_21722500_A/G,Chr06,21722500,0.0502700763812678,144,FALSE
Pv2.1_06_12925860_T/A,Chr06,12925860,0.0502197832003875,145,FALSE
Pv2.1_05_40817794_T/A,Chr05,40817794,0.0501416147813836,146,FALSE
Pv2.1_07_37261179_C/G,Chr07,37261179,0.0500522480424142,147,FALSE
Pv2.1_01_2062285_A/C,Chr01,2062285,0.0500487629934989,148,FALSE
Pv2.1_06_12925904_A/T,Chr06,12925904,0.050002699463271,149,FALSE
Pv2.1_06_21370315_T/A,Chr06,21370315,0.0499955905948437,150,FALSE
Pv2.1_06_21370321_A/T,Chr06,21370321,0.0499955905948437,151,FALSE
Pv2.1_10_4904366_T/A,Chr10,4904366,0.0499579646808086,152,FALSE
Pv2.1_06_22265345_G/C,Chr06,22265345,0.0499230423390338,153,FALSE
Pv2.1_06_21970147_A/T,Chr06,21970147,0.0499023706573589,154,FALSE
Pv2.1_06_4567027_C/A,Chr06,4567027,0.0498801723186602,155,FALSE
Pv2.1_08_62807663_C/T,Chr08,62807663,0.0498701496006095,156,FALSE
Pv2.1_06_21229568_C/T,Chr06,21229568,0.0498612579272444,157,FALSE
Pv2.1_08_176714_G/T,Chr08,176714,0.049810498433279,158,FALSE
Pv2.1_02_45663527_A/G,Chr02,45663527,0.0497486684451998,159,FALSE
Pv2.1_09_35927073_C/T,Chr09,35927073,0.0497162320015168,160,FALSE
Pv2.1_06_8347850_T/A,Chr06,8347850,0.0496880062193319,161,FALSE
Pv2.1_05_39732392_G/A,Chr05,39732392,0.0496565447275854,162,FALSE
Pv2.1_06_14421791_C/T,Chr06,14421791,0.0496559676230057,163,FALSE
Pv2.1_06_13983165_C/T,Chr06,13983165,0.0496524417767419,164,FALSE
Pv2.1_06_9274933_A/T,Chr06,9274933,0.049651443804795,165,FALSE
Pv2.1_07_9261287_G/A,Chr07,9261287,0.0496423823465091,166,FALSE
Pv2.1_06_21370237_C/T,Chr06,21370237,0.0496419303587254,167,FALSE
Pv2.1_06_21370261_G/C,Chr06,21370261,0.0496419303587254,168,FALSE
Pv2.1_09_36808149_G/T,Chr09,36808149,0.0496167508971226,169,FALSE
Pv2.1_08_60905346_G/A,Chr08,60905346,0.0495676357258517,170,FALSE
Pv2.1_06_4566963_G/A,Chr06,4566963,0.0495599492522545,171,FALSE
Pv2.1_06_21423502_G/A,Chr06,21423502,0.049522186540814,172,FALSE
Pv2.1_06_22475334_A/T,Chr06,22475334,0.0494759206249045,173,FALSE
Pv2.1_06_2925087_G/A,Chr06,2925087,0.0494756202830247,174,FALSE
Pv2.1_06_10711277_A/G,Chr06,10711277,0.0494182040767961,175,FALSE
Pv2.1_06_4477421_G/T,Chr06,4477421,0.0493606532776627,176,FALSE
Pv2.1_06_22450346_G/A,Chr06,22450346,0.0493584806471867,177,FALSE
Pv2.1_01_3198566_T/C,Chr01,3198566,0.0492665887019488,178,FALSE
Pv2.1_08_848295_G/A,Chr08,848295,0.0492407201594949,179,FALSE
Pv2.1_07_36645454_C/A,Chr07,36645454,0.0492244950402916,180,FALSE
Pv2.1_06_20460373_T/C,Chr06,20460373,0.0492019184973582,181,FALSE
Pv2.1_06_519127_A/T,Chr06,519127,0.049175457664262,182,FALSE
Pv2.1_05_11913084_T/C,Chr05,11913084,0.0491259474913321,183,FALSE
Pv2.1_06_21533072_C/T,Chr06,21533072,0.0490811556263897,184,FALSE
Pv2.1_02_47629842_T/C,Chr02,47629842,0.0490481277636761,185,FALSE
Pv2.1_02_48315169_C/G,Chr02,48315169,0.0489966713857872,186,FALSE
Pv2.1_06_22249952_T/C,Chr06,22249952,0.048989494061034,187,FALSE
Pv2.1_06_21423532_C/T,Chr06,21423532,0.0489841324271034,188,FALSE
Pv2.1_05_11873727_G/C,Chr05,11873727,0.0489470337703697,189,FALSE
Pv2.1_06_8938580_G/T,Chr06,8938580,0.0489434054700864,190,FALSE
Pv2.1_01_49273438_G/A,Chr01,49273438,0.0489264282903599,191,FALSE
Pv2.1_06_4332454_A/T,Chr06,4332454,0.0489169909773985,192,FALSE
Pv2.1_05_11941997_C/T,Chr05,11941997,0.0489013288284332,193,FALSE
Pv2.1_07_36688052_T/A,Chr07,36688052,0.0488998261362346,194,FALSE
Pv2.1_01_2850955_C/G,Chr01,2850955,0.0488481731923853,195,FALSE
Pv2.1_06_22989574_A/T,Chr06,22989574,0.048825251642068,196,FALSE
Pv2.1_07_9441645_G/A,Chr07,9441645,0.0488250044276195,197,FALSE
Pv2.1_06_8731186_G/GA,Chr06,8731186,0.0488242767653606,198,FALSE
Pv2.1_06_21423519_T/C,Chr06,21423519,0.0488147589928119,199,FALSE
Pv2.1_06_21220149_T/G,Chr06,21220149,0.048809500299742,200,FALSE
Pv2.1_06_20985774_C/G,Chr06,20985774,0.048806729517441,201,FALSE
Pv2.1_07_4813594_C/T,Chr07,4813594,0.0487910338977282,202,FALSE
Pv2.1_06_9973633_T/C,Chr06,9973633,0.0487502559489808,203,FALSE
Pv2.1_01_2485629_C/A,Chr01,2485629,0.0487273940182789,204,FALSE
Pv2.1_06_9928392_C/A,Chr06,9928392,0.0487069012175394,205,FALSE
Pv2.1_05_11193430_A/T,Chr05,11193430,0.0486407672810931,206,FALSE
Pv2.1_05_1766002_T/G,Chr05,1766002,0.048598899559364,207,FALSE
Pv2.1_06_22823153_C/G,Chr06,22823153,0.0485986515905301,208,FALSE
Pv2.1_06_29673274_A/G,Chr06,29673274,0.0485623131283752,209,FALSE
Pv2.1_06_19125856_G/A,Chr06,19125856,0.0485615829982251,210,FALSE
Pv2.1_07_37261237_C/A,Chr07,37261237,0.0485383013241352,211,FALSE
Pv2.1_07_37261265_T/G,Chr07,37261265,0.0485383013241352,212,FALSE
Pv2.1_06_13069409_G/A,Chr06,13069409,0.0485153984895259,213,FALSE
Pv2.1_06_13069424_A/G,Chr06,13069424,0.0485153984895259,214,FALSE
Pv2.1_03_41128636_A/G,Chr03,41128636,0.0484960772306695,215,FALSE
Pv2.1_06_20852922_C/T,Chr06,20852922,0.048474838899593,216,FALSE
Pv2.1_01_2218825_A/G,Chr01,2218825,0.0484394500654801,217,FALSE
Pv2.1_06_21622820_G/A,Chr06,21622820,0.0484386439178421,218,FALSE
Pv2.1_06_21790299_T/G,Chr06,21790299,0.048413731356399,219,FALSE
Pv2.1_03_48599603_G/A,Chr03,48599603,0.0483843726814381,220,FALSE
Pv2.1_06_22365971_A/C,Chr06,22365971,0.0483344479224921,221,FALSE
Pv2.1_06_8362437_A/T,Chr06,8362437,0.0483126142248831,222,FALSE
Pv2.1_06_22701770_T/A,Chr06,22701770,0.048311475742862,223,FALSE
Pv2.1_06_21601960_G/A,Chr06,21601960,0.0482696561235843,224,FALSE
Pv2.1_06_4635633_T/A,Chr06,4635633,0.0482652525440539,225,FALSE
Pv2.1_01_3221095_C/T,Chr01,3221095,0.0482574351067742,226,FALSE
Pv2.1_01_2485610_T/A,Chr01,2485610,0.0482519902800687,227,FALSE
Pv2.1_06_21824772_G/A,Chr06,21824772,0.0482359789366984,228,FALSE
Pv2.1_06_21824799_T/C,Chr06,21824799,0.0482359789366984,229,FALSE
Pv2.1_06_21294420_A/G,Chr06,21294420,0.0482021019867407,230,FALSE
Pv2.1_06_8347686_A/G,Chr06,8347686,0.0481832063310055,231,FALSE
Pv2.1_06_4654696_T/C,Chr06,4654696,0.0481769998889092,232,FALSE
Pv2.1_07_35718463_A/ATAT,Chr07,35718463,0.0481742659389637,233,FALSE
Pv2.1_06_14106679_T/TA,Chr06,14106679,0.0481440994790856,234,FALSE
Pv2.1_06_8938618_C/G,Chr06,8938618,0.048126709619122,235,FALSE
Pv2.1_06_22799529_G/T,Chr06,22799529,0.0480139210878043,236,FALSE
Pv2.1_06_22799535_G/A,Chr06,22799535,0.0480139210878043,237,FALSE
Pv2.1_05_11785073_G/GA,Chr05,11785073,0.0480118032156507,238,FALSE
Pv2.1_08_1070342_C/T,Chr08,1070342,0.0479784178418683,239,FALSE
Pv2.1_04_2753986_C/G,Chr04,2753986,0.0479728541661419,240,FALSE
Pv2.1_06_21153420_A/T,Chr06,21153420,0.0479545829364767,241,FALSE
Pv2.1_08_1540075_A/T,Chr08,1540075,0.0479506457407637,242,FALSE
Pv2.1_06_4592320_C/G,Chr06,4592320,0.0478993727451953,243,FALSE
Pv2.1_06_4592323_G/C,Chr06,4592323,0.0478993727451953,244,FALSE
Pv2.1_06_4592342_A/G,Chr06,4592342,0.0478993727451953,245,FALSE
Pv2.1_06_4592386_G/A,Chr06,4592386,0.0478993727451953,246,FALSE
Pv2.1_06_19949459_G/GAA,Chr06,19949459,0.0478964956586618,247,FALSE
Pv2.1_06_14106853_A/G,Chr06,14106853,0.0478873400139888,248,FALSE
Pv2.1_01_4588916_G/A,Chr01,4588916,0.0478847235325692,249,FALSE
Pv2.1_06_20165799_G/A,Chr06,20165799,0.0478789410010663,250,FALSE
Pv2.1_06_4071322_C/T,Chr06,4071322,0.0478329360571297,251,FALSE
Pv2.1_08_6243690_G/T,Chr08,6243690,0.0477594072349841,252,FALSE
Pv2.1_07_35701173_A/G,Chr07,35701173,0.0477153586812795,253,FALSE
Pv2.1_06_20460368_C/T,Chr06,20460368,0.047629101040763,254,FALSE
Pv2.1_06_21824703_T/C,Chr06,21824703,0.0476062349219175,255,FALSE
Pv2.1_06_13102808_A/G,Chr06,13102808,0.0476044547693695,256,FALSE
Pv2.1_01_2486592_A/T,Chr01,2486592,0.0475968785965169,257,FALSE
Pv2.1_06_17390320_G/GAT,Chr06,17390320,0.047587007716277,258,FALSE
Pv2.1_06_9560173_C/T,Chr06,9560173,0.047528917972516,259,FALSE
Pv2.1_06_23415544_A/T,Chr06,23415544,0.0474799331686397,260,FALSE
Pv2.1_01_4623526_C/T,Chr01,4623526,0.0474535901009698,261,FALSE
Pv2.1_05_1840074_A/C,Chr05,1840074,0.0473597590260391,262,FALSE
Pv2.1_02_35805536_A/G,Chr02,35805536,0.0473571909440795,263,FALSE
Pv2.1_06_5988506_T/A,Chr06,5988506,0.0472959042593031,264,FALSE
Pv2.1_07_9346456_GAGCC/G,Chr07,9346456,0.0472499474681181,265,FALSE
Pv2.1_06_21220322_A/G,Chr06,21220322,0.0472479808963024,266,FALSE
Pv2.1_06_17390367_C/G,Chr06,17390367,0.0471023217171536,267,FALSE
Pv2.1_06_17390382_C/A,Chr06,17390382,0.0471023217171536,268,FALSE
Pv2.1_08_6953224_C/G,Chr08,6953224,0.0470135695971363,269,FALSE
Pv2.1_06_4446688_T/C,Chr06,4446688,0.046984608912501,270,FALSE
Pv2.1_06_9170941_A/G,Chr06,9170941,0.0469686782609444,271,FALSE
Pv2.1_06_9170952_C/A,Chr06,9170952,0.0469686782609444,272,FALSE
Pv2.1_02_46670296_AT/A,Chr02,46670296,0.0469654997472464,273,FALSE
Pv2.1_05_38840947_T/A,Chr05,38840947,0.0469491930911659,274,FALSE
Pv2.1_04_2304449_C/A,Chr04,2304449,0.0469430673323394,275,FALSE
Pv2.1_06_11512048_C/T,Chr06,11512048,0.0468997381539955,276,FALSE
Pv2.1_06_20852329_T/A,Chr06,20852329,0.0468938356791302,277,FALSE
Pv2.1_06_7859017_C/T,Chr06,7859017,0.0468900680691822,278,FALSE
Pv2.1_06_4476315_G/C,Chr06,4476315,0.0468411538992508,279,FALSE
Pv2.1_01_3057556_T/C,Chr01,3057556,0.0468364141885158,280,FALSE
Pv2.1_06_13102815_C/A,Chr06,13102815,0.0468052631826317,281,FALSE
Pv2.1_07_8457270_C/T,Chr07,8457270,0.0467940577080421,282,FALSE
Pv2.1_06_14106772_C/CATAT,Chr06,14106772,0.0467918837844157,283,FALSE
Pv2.1_08_2905097_T/A,Chr08,2905097,0.0467801476368606,284,FALSE
Pv2.1_01_2454468_A/G,Chr01,2454468,0.0467763063614126,285,FALSE
Pv2.1_05_11913867_G/C,Chr05,11913867,0.0467682761538955,286,FALSE
Pv2.1_06_23233332_C/G,Chr06,23233332,0.0467601513732183,287,FALSE
Pv2.1_01_4588927_G/C,Chr01,4588927,0.0467599715772629,288,FALSE
Pv2.1_08_11602503_G/AT,Chr08,11602503,0.046736297367735,289,FALSE
Pv2.1_05_11941974_A/G,Chr05,11941974,0.0467343664821427,290,FALSE
Pv2.1_06_12434697_G/A,Chr06,12434697,0.0467253503931726,291,FALSE
Pv2.1_08_74312_T/C,Chr08,74312,0.0467129652312925,292,FALSE
Pv2.1_08_61533289_C/T,Chr08,61533289,0.0466876369203524,293,FALSE
Pv2.1_08_10689652_C/A,Chr08,10689652,0.0466592619479465,294,FALSE
Pv2.1_06_19125937_A/G,Chr06,19125937,0.0465720227543685,295,FALSE
Pv2.1_05_20630261_T/C,Chr05,20630261,0.0465354179220148,296,FALSE
Pv2.1_08_176678_CT/C,Chr08,176678,0.0465331316315751,297,FALSE
Pv2.1_06_4446649_G/A,Chr06,4446649,0.0464764495516357,298,FALSE
Pv2.1_06_4592282_A/G,Chr06,4592282,0.0464737340156498,299,FALSE
Pv2.1_06_4592294_T/C,Chr06,4592294,0.0464737340156498,300,FALSE
Pv2.1_05_9081184_T/A,Chr05,9081184,0.0464545358983437,301,FALSE
Pv2.1_06_8938601_A/C,Chr06,8938601,0.0464471642854067,302,FALSE
Pv2.1_06_19994585_A/T,Chr06,19994585,0.0463682099251783,303,FALSE
Pv2.1_06_22592371_G/T,Chr06,22592371,0.0463537318552589,304,FALSE
Pv2.1_08_62003100_G/A,Chr08,62003100,0.0463034806705811,305,FALSE
Pv2.1_08_62082084_T/C,Chr08,62082084,0.0463032471018723,306,FALSE
Pv2.1_07_9261289_A/G,Chr07,9261289,0.046276861386271,307,FALSE
Pv2.1_01_4620559_C/A,Chr01,4620559,0.0462620754601395,308,FALSE
Pv2.1_04_448848_C/A,Chr04,448848,0.0462435107641093,309,FALSE
Pv2.1_02_47498499_G/C,Chr02,47498499,0.0462424335501033,310,FALSE
Pv2.1_05_39637925_G/A,Chr05,39637925,0.0462293851884845,311,FALSE
Pv2.1_08_6024028_G/T,Chr08,6024028,0.0461863096606856,312,FALSE
Pv2.1_08_6249427_T/A,Chr08,6249427,0.0461798504696906,313,FALSE
Pv2.1_06_16809506_A/G,Chr06,16809506,0.0461775222605172,314,FALSE
Pv2.1_06_7365022_A/T,Chr06,7365022,0.046166302304294,315,FALSE
Pv2.1_06_8938592_G/A,Chr06,8938592,0.0461517182938285,316,FALSE
Pv2.1_08_62191428_T/C,Chr08,62191428,0.0461424068994849,317,FALSE
Pv2.1_06_19235278_A/C,Chr06,19235278,0.0461325976400784,318,FALSE
Pv2.1_06_4222107_T/C,Chr06,4222107,0.0460629852292622,319,FALSE
Pv2.1_04_2650353_C/G,Chr04,2650353,0.0460597664486007,320,FALSE
Pv2.1_08_62249197_T/A,Chr08,62249197,0.0460517488061383,321,FALSE
Pv2.1_02_41554132_G/A,Chr02,41554132,0.0460308622639341,322,FALSE
Pv2.1_01_51040877_G/C,Chr01,51040877,0.0459910565695783,323,FALSE
Pv2.1_06_20165708_G/C,Chr06,20165708,0.0459763688794115,324,FALSE
Pv2.1_06_14330348_A/G,Chr06,14330348,0.0459536477519964,325,FALSE
Pv2.1_06_706645_C/T,Chr06,706645,0.0458987418931982,326,FALSE
Pv2.1_01_2646058_A/C,Chr01,2646058,0.0458831062238567,327,FALSE
Pv2.1_02_1904875_TTTCTTC/T,Chr02,1904875,0.0458574938621172,328,FALSE
Pv2.1_08_413360_C/G,Chr08,413360,0.0458434252373174,329,FALSE
Pv2.1_06_21153690_G/T,Chr06,21153690,0.0458358543026791,330,FALSE
Pv2.1_06_19838770_G/T,Chr06,19838770,0.045793956991854,331,FALSE
Pv2.1_06_4592302_G/A,Chr06,4592302,0.04575168506386,332,FALSE
Pv2.1_06_12444635_A/G,Chr06,12444635,0.0457180804801682,333,FALSE
Pv2.1_01_3319846_A/T,Chr01,3319846,0.0457051354262332,334,FALSE
Pv2.1_06_21844515_G/A,Chr06,21844515,0.0456900869796235,335,FALSE
Pv2.1_06_18392471_A/G,Chr06,18392471,0.0456864997436739,336,FALSE
Pv2.1_01_2486783_T/A,Chr01,2486783,0.0456343982106637,337,FALSE
Pv2.1_08_1434783_T/G,Chr08,1434783,0.0456140426825273,338,FALSE
Pv2.1_02_47382453_G/GTAT,Chr02,47382453,0.0456020644820114,339,FALSE
Pv2.1_06_29498060_T/C,Chr06,29498060,0.0455941289533079,340,FALSE
Pv2.1_06_21824697_T/C,Chr06,21824697,0.0455926100881081,341,FALSE
Pv2.1_08_6225242_A/G,Chr08,6225242,0.0455615692547804,342,FALSE
Pv2.1_02_35806984_A/G,Chr02,35806984,0.0455354674295174,343,FALSE
Pv2.1_08_564135_G/A,Chr08,564135,0.0455336085825806,344,FALSE
Pv2.1_06_22640109_C/T,Chr06,22640109,0.0454986519900285,345,FALSE
Pv2.1_05_7405872_C/G,Chr05,7405872,0.0454975981683656,346,FALSE
Pv2.1_06_13814774_C/G,Chr06,13814774,0.0454757434126751,347,FALSE
Pv2.1_02_12384660_A/G,Chr02,12384660,0.0454492815919787,348,FALSE
Pv2.1_07_6847435_C/T,Chr07,6847435,0.0454285044939136,349,FALSE
Pv2.1_06_10893992_C/T,Chr06,10893992,0.0454124015605775,350,FALSE
Pv2.1_06_19874116_G/T,Chr06,19874116,0.0454000280975984,351,FALSE
Pv2.1_06_14570226_A/G,Chr06,14570226,0.0453916389892193,352,FALSE
Pv2.1_09_35832609_T/A,Chr09,35832609,0.0453502761815625,353,FALSE
Pv2.1_03_45934621_T/C,Chr03,45934621,0.0453471445475695,354,FALSE
Pv2.1_08_61844352_G/A,Chr08,61844352,0.0453270195806184,355,FALSE
Pv2.1_06_21314792_T/C,Chr06,21314792,0.0453222509746154,356,FALSE
Pv2.1_06_8889207_T/C,Chr06,8889207,0.0453123544376157,357,FALSE
Pv2.1_06_22385980_C/T,Chr06,22385980,0.0453093385402248,358,FALSE
Pv2.1_07_37218423_A/G,Chr07,37218423,0.0452966489766147,359,FALSE
Pv2.1_08_6249398_G/A,Chr08,6249398,0.0452929579749899,360,FALSE
Pv2.1_08_13808064_G/A,Chr08,13808064,0.0452863958763303,361,FALSE
Pv2.1_08_76419_G/C,Chr08,76419,0.0452852890296867,362,FALSE
Pv2.1_06_29498069_T/C,Chr06,29498069,0.0452538931446997,363,FALSE
Pv2.1_07_10391308_T/G,Chr07,10391308,0.0452331856498418,364,FALSE
Pv2.1_07_10391333_C/T,Chr07,10391333,0.0452331856498418,365,FALSE
Pv2.1_06_14330342_GA/G,Chr06,14330342,0.0452212472309936,366,FALSE
Pv2.1_01_4589062_T/G,Chr01,4589062,0.0452207819333523,367,FALSE
Pv2.1_01_4589091_G/A,Chr01,4589091,0.0452207819333523,368,FALSE
Pv2.1_02_47382540_T/G,Chr02,47382540,0.0452204640373943,369,FALSE
Pv2.1_06_22475462_G/A,Chr06,22475462,0.0451926547005499,370,FALSE
Pv2.1_06_28901570_G/A,Chr06,28901570,0.0451788206319232,371,FALSE
Pv2.1_08_6225241_A/T,Chr08,6225241,0.0451739895253716,372,FALSE
Pv2.1_07_36687610_T/C,Chr07,36687610,0.0451439179432605,373,FALSE
Pv2.1_04_553055_C/T,Chr04,553055,0.0451179106017228,374,FALSE
Pv2.1_07_32673723_A/C,Chr07,32673723,0.0451077641047641,375,FALSE
Pv2.1_07_32673743_A/C,Chr07,32673743,0.0451077641047641,376,FALSE
Pv2.1_06_9560160_G/A,Chr06,9560160,0.045102477280579,377,FALSE
Pv2.1_06_4477535_C/A,Chr06,4477535,0.0450772278121243,378,FALSE
Pv2.1_04_281365_A/T,Chr04,281365,0.0450430345951434,379,FALSE
Pv2.1_01_2851007_G/C,Chr01,2851007,0.0450308781228861,380,FALSE
Pv2.1_06_4312712_T/C,Chr06,4312712,0.0450029725351069,381,FALSE
Pv2.1_06_4126134_G/A,Chr06,4126134,0.0449989062678582,382,FALSE
Pv2.1_01_3200655_G/A,Chr01,3200655,0.0449902020327104,383,FALSE
Pv2.1_06_21622851_A/AG,Chr06,21622851,0.0449840028511801,384,FALSE
Pv2.1_10_40293312_TA/T,Chr10,40293312,0.0449817280145592,385,FALSE
Pv2.1_01_50295683_TA/T,Chr01,50295683,0.0449582925249339,386,FALSE
Pv2.1_08_9861342_T/C,Chr08,9861342,0.0449515326133163,387,FALSE
Pv2.1_06_14421610_C/T,Chr06,14421610,0.0449400947890184,388,FALSE
Pv2.1_08_1540082_G/C,Chr08,1540082,0.0449364651009723,389,FALSE
Pv2.1_06_14095164_A/G,Chr06,14095164,0.0449299961382788,390,FALSE
Pv2.1_06_22794367_T/G,Chr06,22794367,0.0449289872991234,391,FALSE
Pv2.1_06_13849715_A/T,Chr06,13849715,0.0449255275500393,392,FALSE
Pv2.1_08_282962_C/G,Chr08,282962,0.0449194818279985,393,FALSE
Pv2.1_06_19939926_C/T,Chr06,19939926,0.0448939075928423,394,FALSE
Pv2.1_06_19125871_C/T,Chr06,19125871,0.0448808520844151,395,FALSE
Pv2.1_07_7931032_G/A,Chr07,7931032,0.0448791855154607,396,FALSE
Pv2.1_07_10883760_G/A,Chr07,10883760,0.0448685599924623,397,FALSE
Pv2.1_10_42780969_G/A,Chr10,42780969,0.0448520188581805,398,FALSE
Pv2.1_02_41208986_C/T,Chr02,41208986,0.0447833943498503,399,FALSE
Pv2.1_06_21755103_C/T,Chr06,21755103,0.0447695964292389,400,FALSE
Pv2.1_02_26792196_G/A,Chr02,26792196,0.044757625757418,401,FALSE
Pv2.1_06_21896215_G/A,Chr06,21896215,0.044755566849739,402,FALSE
Pv2.1_08_6058493_A/G,Chr08,6058493,0.0447392637113513,403,FALSE
Pv2.1_06_21454445_A/C,Chr06,21454445,0.0446736515892896,404,FALSE
Pv2.1_03_49131358_C/G,Chr03,49131358,0.0446465712433612,405,FALSE
Pv2.1_07_37259064_A/G,Chr07,37259064,0.0446402362401344,406,FALSE
Pv2.1_06_13987775_A/C,Chr06,13987775,0.0446284677989492,407,FALSE
Pv2.1_09_35927095_G/T,Chr09,35927095,0.0446079313862708,408,FALSE
Pv2.1_06_12441892_TTA/T,Chr06,12441892,0.044562431695462,409,FALSE
Pv2.1_02_46287908_C/G,Chr02,46287908,0.0445482775107915,410,FALSE
Pv2.1_06_14317718_A/G,Chr06,14317718,0.044526790770818,411,FALSE
Pv2.1_06_1920935_T/C,Chr06,1920935,0.0445161451239997,412,FALSE
Pv2.1_05_11942033_C/T,Chr05,11942033,0.0445025085524113,413,FALSE
Pv2.1_01_2486637_A/T,Chr01,2486637,0.0444548730237426,414,FALSE
Pv2.1_08_9409833_T/G,Chr08,9409833,0.0444362739659168,415,FALSE
Pv2.1_07_4816014_A/G,Chr07,4816014,0.044414673984194,416,FALSE
Pv2.1_08_61341521_T/A,Chr08,61341521,0.0444106233914154,417,FALSE
Pv2.1_04_448921_C/T,Chr04,448921,0.0443941847680844,418,FALSE
Pv2.1_10_6828865_G/C,Chr10,6828865,0.0443869459479513,419,FALSE
Pv2.1_06_10529173_T/C,Chr06,10529173,0.0443851305201166,420,FALSE
Pv2.1_08_1436182_A/T,Chr08,1436182,0.0443781624337305,421,FALSE
Pv2.1_08_1436192_C/G,Chr08,1436192,0.0443781624337305,422,FALSE
Pv2.1_06_13069644_C/T,Chr06,13069644,0.044371215163499,423,FALSE
Pv2.1_06_21722288_A/T,Chr06,21722288,0.0443534986759868,424,FALSE
Pv2.1_05_11942007_TCA/T,Chr05,11942007,0.0443389174707494,425,FALSE
Pv2.1_06_29498057_A/G,Chr06,29498057,0.0443290715495244,426,FALSE
Pv2.1_06_22634820_A/T,Chr06,22634820,0.0442780437247627,427,FALSE
Pv2.1_08_6315640_G/A,Chr08,6315640,0.0442732696960233,428,FALSE
Pv2.1_06_13641659_A/C,Chr06,13641659,0.0442582563110521,429,FALSE
Pv2.1_06_13641670_T/G,Chr06,13641670,0.0442582563110521,430,FALSE
Pv2.1_06_13014858_C/T,Chr06,13014858,0.044246255320568,431,FALSE
Pv2.1_08_61692784_C/T,Chr08,61692784,0.0442421062501914,432,FALSE
Pv2.1_06_21174909_A/T,Chr06,21174909,0.0442159769013908,433,FALSE
Pv2.1_10_40540184_T/G,Chr10,40540184,0.0442144617204328,434,FALSE
Pv2.1_07_32673725_T/G,Chr07,32673725,0.0442076786121461,435,FALSE
Pv2.1_08_61260211_A/G,Chr08,61260211,0.0441888504912442,436,FALSE
Pv2.1_05_11309200_T/A,Chr05,11309200,0.0441847586684538,437,FALSE
Pv2.1_07_9261288_A/G,Chr07,9261288,0.0441796311177285,438,FALSE
Pv2.1_06_21823120_G/A,Chr06,21823120,0.0441776367254323,439,FALSE
Pv2.1_05_1969443_G/A,Chr05,1969443,0.0441720533488992,440,FALSE
Pv2.1_11_4712676_TATTTA/T,Chr11,4712676,0.0441552176047635,441,FALSE
Pv2.1_05_11913863_G/T,Chr05,11913863,0.0441526081147505,442,FALSE
Pv2.1_02_46811017_G/A,Chr02,46811017,0.044141258210443,443,FALSE
Pv2.1_08_2965577_T/C,Chr08,2965577,0.0441313664771426,444,FALSE
Pv2.1_06_29674782_G/A,Chr06,29674782,0.0441285908447324,445,FALSE
Pv2.1_06_21012777_T/C,Chr06,21012777,0.0441215303988862,446,FALSE
Pv2.1_08_2996206_C/T,Chr08,2996206,0.044101506982611,447,FALSE
Pv2.1_06_4385321_G/A,Chr06,4385321,0.0440969556104678,448,FALSE
Pv2.1_07_37259087_G/A,Chr07,37259087,0.0440863526134923,449,FALSE
Pv2.1_01_4013117_A/G,Chr01,4013117,0.044061036779758,450,FALSE
Pv2.1_04_2047830_A/T,Chr04,2047830,0.0440284639406139,451,FALSE
Pv2.1_06_19126075_G/A,Chr06,19126075,0.0440275454549783,452,FALSE
Pv2.1_08_438294_C/G,Chr08,438294,0.0440035597227979,453,FALSE
Pv2.1_11_9434946_C/A,Chr11,9434946,0.0439929707083868,454,FALSE
Pv2.1_08_953714_G/A,Chr08,953714,0.0439791489508288,455,FALSE
Pv2.1_06_20400849_A/C,Chr06,20400849,0.0439707935767908,456,FALSE
Pv2.1_10_6828898_A/T,Chr10,6828898,0.0439435638865624,457,FALSE
Pv2.1_06_22388408_T/C,Chr06,22388408,0.0439252363945446,458,FALSE
Pv2.1_05_11913862_T/G,Chr05,11913862,0.0439198035609598,459,FALSE
Pv2.1_03_46077301_A/G,Chr03,46077301,0.0439178982490067,460,FALSE
Pv2.1_06_17406203_G/A,Chr06,17406203,0.0439141866041606,461,FALSE
Pv2.1_08_4867370_G/T,Chr08,4867370,0.043889979642163,462,FALSE
Pv2.1_06_14802151_C/A,Chr06,14802151,0.0438800420115255,463,FALSE
Pv2.1_08_16662140_G/T,Chr08,16662140,0.0438455494679388,464,FALSE
Pv2.1_08_6268891_T/G,Chr08,6268891,0.0438328106850969,465,FALSE
Pv2.1_06_18250035_C/T,Chr06,18250035,0.0438278984761387,466,FALSE
Pv2.1_06_24268790_T/A,Chr06,24268790,0.0438164532312277,467,FALSE
Pv2.1_06_3348609_G/A,Chr06,3348609,0.0437997719193541,468,FALSE
Pv2.1_07_37419953_G/A,Chr07,37419953,0.0437805849250941,469,FALSE
Pv2.1_07_37419956_A/G,Chr07,37419956,0.0437805849250941,470,FALSE
Pv2.1_06_11458023_C/G,Chr06,11458023,0.0437714409669865,471,FALSE
Pv2.1_06_18391165_G/A,Chr06,18391165,0.0437653908474589,472,FALSE
Pv2.1_05_38934784_C/A,Chr05,38934784,0.0437512349836902,473,FALSE
Pv2.1_06_22822954_T/C,Chr06,22822954,0.0437432829009636,474,FALSE
Pv2.1_05_1963027_A/C,Chr05,1963027,0.0437357532210259,475,FALSE
Pv2.1_05_38782885_A/G,Chr05,38782885,0.0436679228754624,476,FALSE
Pv2.1_05_38782886_G/C,Chr05,38782886,0.0436679228754624,477,FALSE
Pv2.1_08_3086030_G/C,Chr08,3086030,0.0436570527530313,478,FALSE
Pv2.1_08_62188592_G/A,Chr08,62188592,0.0436473181012147,479,FALSE
Pv2.1_08_1388159_A/G,Chr08,1388159,0.0436444319671176,480,FALSE
Pv2.1_06_22386057_C/G,Chr06,22386057,0.0436271443802116,481,FALSE
Pv2.1_07_34448064_C/G,Chr07,34448064,0.0436212843583315,482,FALSE
Pv2.1_07_35754971_G/A,Chr07,35754971,0.0436157047499122,483,FALSE
Pv2.1_06_21823102_A/G,Chr06,21823102,0.0436109603176704,484,FALSE
Pv2.1_06_18392444_A/T,Chr06,18392444,0.0435960165112621,485,FALSE
Pv2.1_05_15136474_T/G,Chr05,15136474,0.043583790876041,486,FALSE
Pv2.1_06_30927857_A/G,Chr06,30927857,0.0435746903185805,487,FALSE
Pv2.1_09_36130116_G/A,Chr09,36130116,0.0435569792272617,488,FALSE
Pv2.1_05_38782919_G/A,Chr05,38782919,0.0435348625621375,489,FALSE
Pv2.1_07_10116499_A/G,Chr07,10116499,0.0434722537323919,490,FALSE
Pv2.1_06_20660618_A/G,Chr06,20660618,0.0434396431623929,491,FALSE
Pv2.1_06_19553974_A/T,Chr06,19553974,0.0434349710189021,492,FALSE
Pv2.1_06_13814695_A/G,Chr06,13814695,0.0433969392885358,493,FALSE
Pv2.1_09_1453320_G/A,Chr09,1453320,0.0433759082219778,494,FALSE
Pv2.1_06_22365845_T/A,Chr06,22365845,0.0433754083223805,495,FALSE
Pv2.1_06_21693622_G/C,Chr06,21693622,0.0433318953118373,496,FALSE
Pv2.1_06_29674691_AATG/A,Chr06,29674691,0.0432800403106999,497,FALSE
Pv2.1_08_1540023_CAAG/C,Chr08,1540023,0.0432725172300787,498,FALSE
Pv2.1_08_1540025_AGAG/A,Chr08,1540025,0.0432725172300787,499,FALSE
Pv2.1_06_14973060_T/C,Chr06,14973060,0.0432564981607335,500,FALSE
Pv2.1_05_38527093_G/GCGTTT,Chr05,38527093,0.0432559602267251,501,FALSE
Pv2.1_01_2016071_C/T,Chr01,2016071,0.0432556445931684,502,FALSE
Pv2.1_08_5989274_G/A,Chr08,5989274,0.0432498117960662,503,FALSE
Pv2.1_06_13994102_T/C,Chr06,13994102,0.0432391039572373,504,FALSE
Pv2.1_06_20792774_T/C,Chr06,20792774,0.0432350540791364,505,FALSE
Pv2.1_05_11309148_GA/G,Chr05,11309148,0.0432347481469546,506,FALSE
Pv2.1_09_22045256_C/T,Chr09,22045256,0.0432076084098352,507,FALSE
Pv2.1_11_49064927_G/A,Chr11,49064927,0.0432055696493752,508,FALSE
Pv2.1_06_12424097_A/C,Chr06,12424097,0.0431883139314357,509,FALSE
Pv2.1_08_1044466_C/T,Chr08,1044466,0.043182260844421,510,FALSE
Pv2.1_06_15777862_G/A,Chr06,15777862,0.0431798962024952,511,FALSE
Pv2.1_08_60362393_A/G,Chr08,60362393,0.0431787428102162,512,FALSE
Pv2.1_08_62279315_T/G,Chr08,62279315,0.043169305575633,513,FALSE
Pv2.1_07_37393321_G/T,Chr07,37393321,0.0431493130257778,514,FALSE
Pv2.1_08_53474848_C/G,Chr08,53474848,0.0431444685355995,515,FALSE
Pv2.1_06_19561790_A/G,Chr06,19561790,0.0431411084676423,516,FALSE
Pv2.1_06_3345744_A/G,Chr06,3345744,0.0431365256004401,517,FALSE
Pv2.1_01_2682164_G/T,Chr01,2682164,0.0431349693113074,518,FALSE
Pv2.1_06_12444378_G/A,Chr06,12444378,0.043133215566292,519,FALSE
Pv2.1_06_12444446_C/T,Chr06,12444446,0.043133215566292,520,FALSE
Pv2.1_06_19550128_G/A,Chr06,19550128,0.043118623854717,521,FALSE
Pv2.1_01_4610568_A/C,Chr01,4610568,0.0431135017032265,522,FALSE
Pv2.1_07_35524531_C/T,Chr07,35524531,0.0431084129381367,523,FALSE
Pv2.1_08_62956917_G/A,Chr08,62956917,0.0431019684982674,524,FALSE
Pv2.1_05_11792657_G/GATC,Chr05,11792657,0.0430848365436187,525,FALSE
Pv2.1_06_21012623_A/T,Chr06,21012623,0.043077332134104,526,FALSE
Pv2.1_06_21012657_G/A,Chr06,21012657,0.043077332134104,527,FALSE
Pv2.1_09_15231884_G/C,Chr09,15231884,0.0430665738357696,528,FALSE
Pv2.1_01_16468596_T/TA,Chr01,16468596,0.0430657416776885,529,FALSE
Pv2.1_01_51433823_G/A,Chr01,51433823,0.0430348011719537,530,FALSE
Pv2.1_06_17406241_A/G,Chr06,17406241,0.0430069821384245,531,FALSE
Pv2.1_03_40181429_T/C,Chr03,40181429,0.0430067405389374,532,FALSE
Pv2.1_08_16245951_AC/A,Chr08,16245951,0.0430059559581162,533,FALSE
Pv2.1_06_19923733_A/G,Chr06,19923733,0.0429422767539074,534,FALSE
Pv2.1_05_38993890_A/C,Chr05,38993890,0.0429418179938654,535,FALSE
Pv2.1_06_4476111_A/C,Chr06,4476111,0.0429190809853144,536,FALSE
Pv2.1_08_62936008_A/C,Chr08,62936008,0.0428521054270457,537,FALSE
Pv2.1_06_20904323_C/T,Chr06,20904323,0.0428502133220388,538,FALSE
Pv2.1_06_19233045_T/G,Chr06,19233045,0.0428408113965482,539,FALSE
Pv2.1_01_51155612_C/G,Chr01,51155612,0.0428269946498108,540,FALSE
Pv2.1_01_4737559_C/T,Chr01,4737559,0.0428209657567225,541,FALSE
Pv2.1_07_36963748_C/T,Chr07,36963748,0.0428209021742636,542,FALSE
Pv2.1_05_11785008_A/C,Chr05,11785008,0.042817828669782,543,FALSE
Pv2.1_06_495389_A/G,Chr06,495389,0.0428126130397604,544,FALSE
Pv2.1_08_61844358_A/C,Chr08,61844358,0.042781436026921,545,FALSE
Pv2.1_03_40784433_G/T,Chr03,40784433,0.0427587122032036,546,FALSE
Pv2.1_08_13606163_G/T,Chr08,13606163,0.042755347073399,547,FALSE
Pv2.1_08_413337_C/G,Chr08,413337,0.0427157534313349,548,FALSE
Pv2.1_06_29477408_A/G,Chr06,29477408,0.0427021717217486,549,FALSE
Pv2.1_07_36687466_T/G,Chr07,36687466,0.0427006493769619,550,FALSE
Pv2.1_09_8028890_T/A,Chr09,8028890,0.0426979683616597,551,FALSE
Pv2.1_06_19994786_A/C,Chr06,19994786,0.0426788813228702,552,FALSE
Pv2.1_06_22428260_G/T,Chr06,22428260,0.042658989870175,553,FALSE
Pv2.1_06_13102904_T/C,Chr06,13102904,0.0426445086570761,554,FALSE
Pv2.1_01_4013075_T/G,Chr01,4013075,0.0426339007266447,555,FALSE
Pv2.1_02_46663780_C/A,Chr02,46663780,0.0426105438410778,556,FALSE
Pv2.1_08_62661010_G/C,Chr08,62661010,0.0426091991101925,557,FALSE
Pv2.1_08_640209_G/A,Chr08,640209,0.0426085467104573,558,FALSE
Pv2.1_07_37261331_C/T,Chr07,37261331,0.0425747889330226,559,FALSE
Pv2.1_06_19335078_G/T,Chr06,19335078,0.0425577165123103,560,FALSE
Pv2.1_06_11506738_T/C,Chr06,11506738,0.0425562113284617,561,FALSE
Pv2.1_06_19095280_G/T,Chr06,19095280,0.0425317560144638,562,FALSE
Pv2.1_08_60315788_C/A,Chr08,60315788,0.0425177125184302,563,FALSE
Pv2.1_06_18904400_A/C,Chr06,18904400,0.042493618350512,564,FALSE
Pv2.1_05_38959179_A/G,Chr05,38959179,0.0424832245314764,565,FALSE
Pv2.1_08_6960092_T/A,Chr08,6960092,0.0424698241283155,566,FALSE
Pv2.1_01_3307025_A/C,Chr01,3307025,0.0424610850070981,567,FALSE
Pv2.1_07_9182744_C/A,Chr07,9182744,0.0424584830760115,568,FALSE
Pv2.1_07_35358431_C/A,Chr07,35358431,0.0424573636350214,569,FALSE
Pv2.1_06_20400872_T/G,Chr06,20400872,0.0424565734678151,570,FALSE
Pv2.1_03_49162933_T/C,Chr03,49162933,0.0424344993089445,571,FALSE
Pv2.1_11_49064926_T/G,Chr11,49064926,0.0424241951884379,572,FALSE
Pv2.1_01_3132226_GT/G,Chr01,3132226,0.0424217411179773,573,FALSE
Pv2.1_08_740594_T/C,Chr08,740594,0.0424157236620157,574,FALSE
Pv2.1_10_42233829_A/T,Chr10,42233829,0.0423958122854855,575,FALSE
Pv2.1_05_11368198_T/C,Chr05,11368198,0.0423946565246101,576,FALSE
Pv2.1_01_3286736_G/A,Chr01,3286736,0.0423906133261718,577,FALSE
Pv2.1_06_19974659_T/C,Chr06,19974659,0.0423813844142256,578,FALSE
Pv2.1_06_10948058_G/C,Chr06,10948058,0.0423710557611199,579,FALSE
Pv2.1_06_11654058_A/G,Chr06,11654058,0.0423537185154426,580,FALSE
Pv2.1_05_1705592_T/A,Chr05,1705592,0.0423246775513606,581,FALSE
Pv2.1_01_2218874_C/A,Chr01,2218874,0.0423048639648584,582,FALSE
Pv2.1_06_22386051_G/A,Chr06,22386051,0.0422884969592388,583,FALSE
Pv2.1_08_62872813_G/A,Chr08,62872813,0.0422873116528471,584,FALSE
Pv2.1_07_9068459_G/A,Chr07,9068459,0.0422872264239103,585,FALSE
Pv2.1_06_23874717_C/T,Chr06,23874717,0.0422818081501233,586,FALSE
Pv2.1_10_40539977_G/A,Chr10,40539977,0.0422706588588828,587,FALSE
Pv2.1_05_9252187_T/TACAG,Chr05,9252187,0.0422705753057691,588,FALSE
Pv2.1_11_49259797_G/C,Chr11,49259797,0.0422633901341563,589,FALSE
Pv2.1_06_22265219_G/A,Chr06,22265219,0.0422567272506176,590,FALSE
Pv2.1_07_36785322_C/A,Chr07,36785322,0.0422245608280929,591,FALSE
Pv2.1_10_5855988_A/G,Chr10,5855988,0.0422184924563451,592,FALSE
Pv2.1_11_17491636_G/C,Chr11,17491636,0.0421865046357692,593,FALSE
Pv2.1_11_45615121_T/A,Chr11,45615121,0.0421753011722403,594,FALSE
Pv2.1_04_42663_T/A,Chr04,42663,0.0421611602701306,595,FALSE
Pv2.1_08_1449387_A/C,Chr08,1449387,0.0421580613336441,596,FALSE
Pv2.1_08_1545125_T/A,Chr08,1545125,0.0420615660636381,597,FALSE
Pv2.1_06_10947943_T/A,Chr06,10947943,0.0420438616773131,598,FALSE
Pv2.1_07_5442890_C/A,Chr07,5442890,0.0420307922872158,599,FALSE
Pv2.1_07_5442926_A/G,Chr07,5442926,0.0420307922872158,600,FALSE
Pv2.1_08_61388539_C/CT,Chr08,61388539,0.0420259765043149,601,FALSE
Pv2.1_01_3365619_G/A,Chr01,3365619,0.0420162293745499,602,FALSE
Pv2.1_06_20030760_T/A,Chr06,20030760,0.0420144978267998,603,FALSE
Pv2.1_01_49276084_T/C,Chr01,49276084,0.0420084852581404,604,FALSE
Pv2.1_06_20400911_T/C,Chr06,20400911,0.0419809181132602,605,FALSE
Pv2.1_06_21573591_C/T,Chr06,21573591,0.0419594465820028,606,FALSE
Pv2.1_01_49271137_T/C,Chr01,49271137,0.0419475590116485,607,FALSE
Pv2.1_06_281553_A/T,Chr06,281553,0.041891331030353,608,FALSE
Pv2.1_11_1851819_A/T,Chr11,1851819,0.0418847354997958,609,FALSE
Pv2.1_06_18568151_G/C,Chr06,18568151,0.041880009071531,610,FALSE
Pv2.1_10_6827137_A/T,Chr10,6827137,0.0418651102585881,611,FALSE
Pv2.1_03_49163641_A/G,Chr03,49163641,0.0418375322164888,612,FALSE
Pv2.1_07_36965281_G/A,Chr07,36965281,0.0418170342837856,613,FALSE
Pv2.1_06_8347837_C/T,Chr06,8347837,0.0418061224656001,614,FALSE
Pv2.1_06_16823680_G/A,Chr06,16823680,0.0417630023337958,615,FALSE
Pv2.1_06_16823693_A/G,Chr06,16823693,0.0417630023337958,616,FALSE
Pv2.1_06_29506631_C/G,Chr06,29506631,0.0417581140887395,617,FALSE
Pv2.1_01_3221623_T/C,Chr01,3221623,0.0417355300543067,618,FALSE
Pv2.1_01_3221626_C/G,Chr01,3221626,0.0417355300543067,619,FALSE
Pv2.1_06_29564487_T/G,Chr06,29564487,0.0417135132242548,620,FALSE
Pv2.1_06_16795420_ATTTT/A,Chr06,16795420,0.0416845763963987,621,FALSE
Pv2.1_01_2850942_G/T,Chr01,2850942,0.0416754018733716,622,FALSE
Pv2.1_06_21003477_C/A,Chr06,21003477,0.0416689888044792,623,FALSE
Pv2.1_08_391162_G/A,Chr08,391162,0.0416673740736822,624,FALSE
Pv2.1_01_51343809_G/T,Chr01,51343809,0.0416650465905826,625,FALSE
Pv2.1_01_4613507_T/G,Chr01,4613507,0.0416607852308841,626,FALSE
Pv2.1_06_13990972_A/G,Chr06,13990972,0.041659276568637,627,FALSE
Pv2.1_02_41527028_G/A,Chr02,41527028,0.0416499731720075,628,FALSE
Pv2.1_06_5746901_T/A,Chr06,5746901,0.0416411875151277,629,FALSE
Pv2.1_09_36161378_G/C,Chr09,36161378,0.0416398843209707,630,FALSE
Pv2.1_08_62890870_A/T,Chr08,62890870,0.041635846022634,631,FALSE
Pv2.1_01_3057634_T/C,Chr01,3057634,0.0416237912652466,632,FALSE
Pv2.1_06_19561648_A/G,Chr06,19561648,0.0416173603067525,633,FALSE
Pv2.1_06_14107022_G/A,Chr06,14107022,0.0416147014401846,634,FALSE
Pv2.1_06_14106812_C/T,Chr06,14106812,0.0416096745022418,635,FALSE
Pv2.1_06_14944029_A/C,Chr06,14944029,0.0416072133838044,636,FALSE
Pv2.1_08_62766909_G/A,Chr08,62766909,0.0415815742468006,637,FALSE
Pv2.1_08_2965553_A/G,Chr08,2965553,0.0415753948259021,638,FALSE
Pv2.1_08_61388515_A/G,Chr08,61388515,0.0415630817656192,639,FALSE
Pv2.1_05_3670751_C/T,Chr05,3670751,0.0415301315408523,640,FALSE
Pv2.1_05_3670758_A/T,Chr05,3670758,0.0415301315408523,641,FALSE
Pv2.1_10_40495286_C/G,Chr10,40495286,0.0415058436513061,642,FALSE
Pv2.1_08_8717585_A/T,Chr08,8717585,0.0415022302280415,643,FALSE
Pv2.1_02_35542765_A/G,Chr02,35542765,0.0414980551018025,644,FALSE
Pv2.1_06_14619784_G/A,Chr06,14619784,0.0414877276781889,645,FALSE
Pv2.1_07_8259833_G/A,Chr07,8259833,0.0414819773510389,646,FALSE
Pv2.1_08_1108992_A/G,Chr08,1108992,0.0414789140622309,647,FALSE
Pv2.1_05_38988744_A/G,Chr05,38988744,0.0414489342320645,648,FALSE
Pv2.1_06_14025967_C/T,Chr06,14025967,0.0414477256057362,649,FALSE
Pv2.1_06_2372521_G/C,Chr06,2372521,0.0414419920308595,650,FALSE
Pv2.1_05_2216081_T/C,Chr05,2216081,0.0414170482424758,651,FALSE
Pv2.1_08_17415553_G/A,Chr08,17415553,0.041406250447058,652,FALSE
Pv2.1_10_4352943_C/A,Chr10,4352943,0.0413974645316757,653,FALSE
Pv2.1_08_61525742_C/T,Chr08,61525742,0.0413749089332871,654,FALSE
Pv2.1_05_11891065_A/G,Chr05,11891065,0.0413705605597801,655,FALSE
Pv2.1_07_8603655_G/A,Chr07,8603655,0.0413545601734073,656,FALSE
Pv2.1_04_46887331_A/G,Chr04,46887331,0.0413465532794732,657,FALSE
Pv2.1_07_35524527_G/T,Chr07,35524527,0.0413379230892055,658,FALSE
Pv2.1_06_21019809_A/T,Chr06,21019809,0.0413053706256452,659,FALSE
Pv2.1_07_35863956_C/A,Chr07,35863956,0.0413046629270784,660,FALSE
Pv2.1_04_541480_A/G,Chr04,541480,0.0412810904166347,661,FALSE
Pv2.1_08_62899713_G/T,Chr08,62899713,0.0412753626549343,662,FALSE
Pv2.1_06_25140178_C/A,Chr06,25140178,0.0412654216381623,663,FALSE
Pv2.1_04_528520_T/A,Chr04,528520,0.0412430396428003,664,FALSE
Pv2.1_08_6960113_A/T,Chr08,6960113,0.0412343475892212,665,FALSE
Pv2.1_07_37015562_C/T,Chr07,37015562,0.04122616819238,666,FALSE
Pv2.1_08_61885738_G/A,Chr08,61885738,0.0412105804882135,667,FALSE
Pv2.1_04_1317120_T/A,Chr04,1317120,0.0412031337802712,668,FALSE
Pv2.1_01_4306849_T/A,Chr01,4306849,0.0411967047011581,669,FALSE
Pv2.1_06_12441924_GT/G,Chr06,12441924,0.0411890513083435,670,FALSE
Pv2.1_06_20213076_TG/T,Chr06,20213076,0.0411880807496048,671,FALSE
Pv2.1_06_21220062_A/G,Chr06,21220062,0.0411796877930777,672,FALSE
Pv2.1_08_61642637_G/C,Chr08,61642637,0.0411713485787755,673,FALSE
Pv2.1_07_9950848_C/T,Chr07,9950848,0.0411682762892078,674,FALSE
Pv2.1_05_38993946_T/C,Chr05,38993946,0.0411573736132183,675,FALSE
Pv2.1_06_14106648_T/G,Chr06,14106648,0.041148148092311,676,FALSE
Pv2.1_06_30927198_C/A,Chr06,30927198,0.0411404546963361,677,FALSE
Pv2.1_08_9707312_C/A,Chr08,9707312,0.0411397534675801,678,FALSE
Pv2.1_06_2042632_A/T,Chr06,2042632,0.0411388240185109,679,FALSE
Pv2.1_01_17718413_AAG/A,Chr01,17718413,0.0411367592004246,680,FALSE
Pv2.1_02_46663741_A/C,Chr02,46663741,0.0411361131391974,681,FALSE
Pv2.1_06_14330391_A/T,Chr06,14330391,0.04111747405365,682,FALSE
Pv2.1_06_19974644_C/T,Chr06,19974644,0.0411143903325799,683,FALSE
Pv2.1_05_38993950_A/G,Chr05,38993950,0.041104091020669,684,FALSE
Pv2.1_06_20700095_T/C,Chr06,20700095,0.0410916533067285,685,FALSE
Pv2.1_07_9149472_G/T,Chr07,9149472,0.0410849928332908,686,FALSE
Pv2.1_01_50731063_T/A,Chr01,50731063,0.0410648682085109,687,FALSE
Pv2.1_01_50731064_T/C,Chr01,50731064,0.0410648682085109,688,FALSE
Pv2.1_06_22642354_G/A,Chr06,22642354,0.041063281031998,689,FALSE
Pv2.1_08_84467_T/A,Chr08,84467,0.0410543301460851,690,FALSE
Pv2.1_07_7671795_T/A,Chr07,7671795,0.0410348735268871,691,FALSE
Pv2.1_11_50980685_C/T,Chr11,50980685,0.0410316000837798,692,FALSE
Pv2.1_03_49131514_T/G,Chr03,49131514,0.0410306775204776,693,FALSE
Pv2.1_07_37046781_G/A,Chr07,37046781,0.0410288152302987,694,FALSE
Pv2.1_05_20624755_A/T,Chr05,20624755,0.0410209441086256,695,FALSE
Pv2.1_08_62950772_C/CTAT,Chr08,62950772,0.0410166870766338,696,FALSE
Pv2.1_08_61206723_C/T,Chr08,61206723,0.0410122752285398,697,FALSE
Pv2.1_06_12442273_A/ATT,Chr06,12442273,0.0409988532479244,698,FALSE
Pv2.1_06_14812954_C/T,Chr06,14812954,0.0409702188177956,699,FALSE
Pv2.1_01_17164005_A/G,Chr01,17164005,0.0409565798317413,700,FALSE
Pv2.1_08_62046644_G/A,Chr08,62046644,0.0409508415292401,701,FALSE
Pv2.1_04_1970714_G/A,Chr04,1970714,0.0409293485915501,702,FALSE
Pv2.1_06_14106628_G/C,Chr06,14106628,0.0409094914749892,703,FALSE
Pv2.1_01_2280605_G/A,Chr01,2280605,0.0409052918990409,704,FALSE
Pv2.1_02_47246214_T/A,Chr02,47246214,0.0408984807047599,705,FALSE
Pv2.1_06_22373875_T/C,Chr06,22373875,0.0408954059228934,706,FALSE
Pv2.1_01_51281759_A/G,Chr01,51281759,0.0408486574628046,707,FALSE
Pv2.1_01_51322621_T/TGAA,Chr01,51322621,0.0408486574628046,708,FALSE
Pv2.1_07_8521331_C/T,Chr07,8521331,0.0408379847026166,709,FALSE
Pv2.1_08_61682023_G/A,Chr08,61682023,0.0408305025401594,710,FALSE
Pv2.1_08_61682035_C/G,Chr08,61682035,0.0408305025401594,711,FALSE
Pv2.1_06_19589727_A/G,Chr06,19589727,0.0408240104867761,712,FALSE
Pv2.1_08_6961839_C/G,Chr08,6961839,0.0408211046880949,713,FALSE
Pv2.1_11_51167332_C/T,Chr11,51167332,0.0408140149948162,714,FALSE
Pv2.1_04_3102056_T/A,Chr04,3102056,0.040812210833145,715,FALSE
Pv2.1_08_1068709_G/A,Chr08,1068709,0.0408024379439826,716,FALSE
Pv2.1_08_6953268_CA/C,Chr08,6953268,0.0407991737870788,717,FALSE
Pv2.1_06_19472676_C/T,Chr06,19472676,0.0407960591706904,718,FALSE
Pv2.1_02_45718952_T/C,Chr02,45718952,0.0407949591679997,719,FALSE
Pv2.1_01_51166379_T/G,Chr01,51166379,0.0407936172220746,720,FALSE
Pv2.1_06_29563336_G/C,Chr06,29563336,0.0407880455363818,721,FALSE
Pv2.1_02_48416815_G/T,Chr02,48416815,0.0407191949932462,722,FALSE
Pv2.1_01_50652466_C/A,Chr01,50652466,0.0407142766058355,723,FALSE
Pv2.1_06_14107038_T/C,Chr06,14107038,0.0407112781974619,724,FALSE
Pv2.1_08_11669767_G/A,Chr08,11669767,0.0406952060816761,725,FALSE
Pv2.1_06_21970177_T/C,Chr06,21970177,0.0406944953191131,726,FALSE
Pv2.1_07_35524454_C/T,Chr07,35524454,0.0406921766429655,727,FALSE
Pv2.1_03_52870366_A/C,Chr03,52870366,0.0406842491642454,728,FALSE
Pv2.1_01_2486578_T/C,Chr01,2486578,0.0406545419739373,729,FALSE
Pv2.1_07_9638979_T/A,Chr07,9638979,0.0406405340374092,730,FALSE
Pv2.1_08_1044520_A/G,Chr08,1044520,0.0406372419751166,731,FALSE
Pv2.1_06_14802142_C/T,Chr06,14802142,0.0406321764345661,732,FALSE
Pv2.1_06_15080463_C/A,Chr06,15080463,0.0406173631435642,733,FALSE
Pv2.1_06_15080466_A/G,Chr06,15080466,0.0406173631435642,734,FALSE
Pv2.1_05_39407869_A/C,Chr05,39407869,0.0405967584484532,735,FALSE
Pv2.1_05_39407872_C/G,Chr05,39407872,0.0405967584484532,736,FALSE
Pv2.1_10_7249927_A/T,Chr10,7249927,0.0405959680630685,737,FALSE
Pv2.1_07_37486715_T/C,Chr07,37486715,0.0405923650949336,738,FALSE
Pv2.1_08_62950730_T/C,Chr08,62950730,0.0405848414595296,739,FALSE
Pv2.1_06_21174852_AAACATT/CAACATC,Chr06,21174852,0.0405555066129528,740,FALSE
Pv2.1_11_2101513_T/A,Chr11,2101513,0.0405496903933109,741,FALSE
Pv2.1_08_58435713_T/A,Chr08,58435713,0.0405388911357036,742,FALSE
Pv2.1_04_450817_C/G,Chr04,450817,0.0405351235114164,743,FALSE
Pv2.1_06_4214386_T/G,Chr06,4214386,0.0405322271529749,744,FALSE
Pv2.1_06_7240713_C/T,Chr06,7240713,0.0405263402045506,745,FALSE
Pv2.1_03_39274973_T/C,Chr03,39274973,0.0405155945885709,746,FALSE
Pv2.1_06_19031497_CCTCA/C,Chr06,19031497,0.0405084422823654,747,FALSE
Pv2.1_06_15752205_C/A,Chr06,15752205,0.0405024770201541,748,FALSE
Pv2.1_07_37046772_C/T,Chr07,37046772,0.0404822026622775,749,FALSE
Pv2.1_08_61869595_G/T,Chr08,61869595,0.0404710084884732,750,FALSE
Pv2.1_08_61869596_T/G,Chr08,61869596,0.0404710084884732,751,FALSE
Pv2.1_06_20994247_G/A,Chr06,20994247,0.0404585795475572,752,FALSE
Pv2.1_05_1290130_T/C,Chr05,1290130,0.0404574729200249,753,FALSE
Pv2.1_08_9707525_C/T,Chr08,9707525,0.0404511878984337,754,FALSE
Pv2.1_02_46773942_T/A,Chr02,46773942,0.0404390468428235,755,FALSE
Pv2.1_06_19549666_G/A,Chr06,19549666,0.0404281202929484,756,FALSE
Pv2.1_04_541287_A/C,Chr04,541287,0.0404259168377878,757,FALSE
Pv2.1_01_32284273_A/AC,Chr01,32284273,0.0404065763717991,758,FALSE
Pv2.1_02_35816819_G/A,Chr02,35816819,0.0404060532886894,759,FALSE
Pv2.1_10_6597841_T/G,Chr10,6597841,0.0404035848465512,760,FALSE
Pv2.1_10_6597909_C/T,Chr10,6597909,0.0404035848465512,761,FALSE
Pv2.1_06_12437736_G/A,Chr06,12437736,0.0404034769873589,762,FALSE
Pv2.1_11_50574195_G/A,Chr11,50574195,0.0404032026993875,763,FALSE
Pv2.1_01_49295235_G/T,Chr01,49295235,0.0404027235569595,764,FALSE
Pv2.1_03_46079384_T/C,Chr03,46079384,0.0403892440951807,765,FALSE
Pv2.1_03_46158969_A/G,Chr03,46158969,0.0403854262108201,766,FALSE
Pv2.1_06_30927849_C/T,Chr06,30927849,0.0403816699364699,767,FALSE
Pv2.1_04_46887173_G/A,Chr04,46887173,0.0403810427570255,768,FALSE
Pv2.1_06_20985894_G/A,Chr06,20985894,0.0403763883093502,769,FALSE
Pv2.1_07_37015634_AGTG/A,Chr07,37015634,0.0403742922394601,770,FALSE
Pv2.1_08_62869026_G/A,Chr08,62869026,0.0403710021221588,771,FALSE
Pv2.1_03_39634587_G/A,Chr03,39634587,0.0403631147150412,772,FALSE
Pv2.1_05_9178817_A/T,Chr05,9178817,0.0403497564554671,773,FALSE
Pv2.1_10_42409138_C/G,Chr10,42409138,0.040343490964406,774,FALSE
Pv2.1_06_14973166_C/T,Chr06,14973166,0.0403430354184606,775,FALSE
Pv2.1_06_14965076_A/C,Chr06,14965076,0.0403396081456808,776,FALSE
Pv2.1_08_62890833_A/C,Chr08,62890833,0.0403214516122414,777,FALSE
Pv2.1_06_19164522_C/A,Chr06,19164522,0.0403187735673658,778,FALSE
Pv2.1_05_39968030_C/A,Chr05,39968030,0.0403054950000303,779,FALSE
Pv2.1_06_20662447_G/A,Chr06,20662447,0.0402987397848866,780,FALSE
Pv2.1_08_2907111_T/C,Chr08,2907111,0.0402970505878595,781,FALSE
Pv2.1_11_96574_A/AT,Chr11,96574,0.0402959118971524,782,FALSE
Pv2.1_08_61526066_C/A,Chr08,61526066,0.0402904128392296,783,FALSE
Pv2.1_08_61825995_G/C,Chr08,61825995,0.0402782456867534,784,FALSE
Pv2.1_08_59635343_T/C,Chr08,59635343,0.0402473193887363,785,FALSE
Pv2.1_08_59635369_A/G,Chr08,59635369,0.0402473193887363,786,FALSE
Pv2.1_07_35511684_C/T,Chr07,35511684,0.0402432544144378,787,FALSE
Pv2.1_08_61880054_C/G,Chr08,61880054,0.0402390868160101,788,FALSE
Pv2.1_08_61880063_T/C,Chr08,61880063,0.0402390868160101,789,FALSE
Pv2.1_06_20062120_A/T,Chr06,20062120,0.040214444448619,790,FALSE
Pv2.1_07_9309946_T/A,Chr07,9309946,0.0402139700131001,791,FALSE
Pv2.1_01_51227170_C/T,Chr01,51227170,0.040212524519498,792,FALSE
Pv2.1_08_60451060_A/G,Chr08,60451060,0.0402020785591839,793,FALSE
Pv2.1_02_46663716_C/A,Chr02,46663716,0.0401901248869474,794,FALSE
Pv2.1_05_38988776_A/C,Chr05,38988776,0.0401873878166708,795,FALSE
Pv2.1_08_62894950_C/A,Chr08,62894950,0.0401857884439987,796,FALSE
Pv2.1_08_61664061_A/T,Chr08,61664061,0.0401693105945786,797,FALSE
Pv2.1_06_24103982_C/CA,Chr06,24103982,0.0401606930835974,798,FALSE
Pv2.1_07_35648149_G/A,Chr07,35648149,0.0401577969854259,799,FALSE
Pv2.1_07_5598893_T/G,Chr07,5598893,0.0401450606784199,800,FALSE
Pv2.1_08_61642603_G/A,Chr08,61642603,0.0401392077045681,801,FALSE
Pv2.1_06_16433962_T/C,Chr06,16433962,0.0401369160398546,802,FALSE
Pv2.1_08_702106_G/T,Chr08,702106,0.0401346947102454,803,FALSE
Pv2.1_09_36110843_C/G,Chr09,36110843,0.0401280282457415,804,FALSE
Pv2.1_07_6950843_G/A,Chr07,6950843,0.0401258179292103,805,FALSE
Pv2.1_06_19130494_C/T,Chr06,19130494,0.0400921680430955,806,FALSE
Pv2.1_01_2851130_T/A,Chr01,2851130,0.0400817493334835,807,FALSE
Pv2.1_05_1745847_T/G,Chr05,1745847,0.0400633695379313,808,FALSE
Pv2.1_05_1745857_G/C,Chr05,1745857,0.0400633695379313,809,FALSE
Pv2.1_02_48416794_AT/A,Chr02,48416794,0.0400600908191349,810,FALSE
Pv2.1_06_19584566_C/A,Chr06,19584566,0.0400595525953631,811,FALSE
Pv2.1_08_60390798_C/T,Chr08,60390798,0.040048533799129,812,FALSE
Pv2.1_04_3975303_T/G,Chr04,3975303,0.0400478705091758,813,FALSE
Pv2.1_07_35056625_C/T,Chr07,35056625,0.0400395828167861,814,FALSE
Pv2.1_08_61879985_A/T,Chr08,61879985,0.0400315290490827,815,FALSE
Pv2.1_08_6368291_T/C,Chr08,6368291,0.0400147251727754,816,FALSE
Pv2.1_08_5167203_T/C,Chr08,5167203,0.0399900164376956,817,FALSE
Pv2.1_07_10184652_T/A,Chr07,10184652,0.0399864493603235,818,FALSE
Pv2.1_06_23874692_T/A,Chr06,23874692,0.039977750705436,819,FALSE
Pv2.1_05_40460700_G/A,Chr05,40460700,0.0399553609144427,820,FALSE
Pv2.1_05_40460701_C/A,Chr05,40460701,0.0399553609144427,821,FALSE
Pv2.1_06_2222964_T/C,Chr06,2222964,0.0399549171766069,822,FALSE
Pv2.1_09_15231891_T/C,Chr09,15231891,0.039954848990913,823,FALSE
Pv2.1_08_61206771_C/T,Chr08,61206771,0.0399416162544757,824,FALSE
Pv2.1_09_7795356_T/C,Chr09,7795356,0.0399384697190572,825,FALSE
Pv2.1_06_18701584_T/C,Chr06,18701584,0.0399366705351549,826,FALSE
Pv2.1_11_45615092_A/C,Chr11,45615092,0.0399343014114346,827,FALSE
Pv2.1_01_4423037_A/C,Chr01,4423037,0.0399341163894924,828,FALSE
Pv2.1_03_37134044_A/G,Chr03,37134044,0.0399239656845634,829,FALSE
Pv2.1_02_41208995_A/C,Chr02,41208995,0.0399141121586211,830,FALSE
Pv2.1_07_37288583_G/A,Chr07,37288583,0.039913907590615,831,FALSE
Pv2.1_04_541270_T/C,Chr04,541270,0.0399048008446377,832,FALSE
Pv2.1_08_1251864_G/A,Chr08,1251864,0.0399013814030358,833,FALSE
Pv2.1_08_1281952_A/T,Chr08,1281952,0.0398907274480473,834,FALSE
Pv2.1_08_1281953_A/C,Chr08,1281953,0.0398907274480473,835,FALSE
Pv2.1_07_8497482_G/C,Chr07,8497482,0.039886826224512,836,FALSE
Pv2.1_07_8497529_T/G,Chr07,8497529,0.039886826224512,837,FALSE
Pv2.1_07_35524519_G/A,Chr07,35524519,0.0398641201381365,838,FALSE
Pv2.1_02_13413209_G/A,Chr02,13413209,0.0398458756844486,839,FALSE
Pv2.1_10_8107127_T/A,Chr10,8107127,0.0398319437890411,840,FALSE
Pv2.1_08_18834628_A/ATT,Chr08,18834628,0.0398273742690445,841,FALSE
Pv2.1_02_46358999_A/G,Chr02,46358999,0.0398269197399603,842,FALSE
Pv2.1_01_2068264_A/G,Chr01,2068264,0.0398201481952087,843,FALSE
Pv2.1_07_35753070_G/A,Chr07,35753070,0.0398052027799585,844,FALSE
Pv2.1_08_60451141_A/C,Chr08,60451141,0.0397956942643796,845,FALSE
Pv2.1_06_21824679_C/G,Chr06,21824679,0.0397824099147575,846,FALSE
Pv2.1_07_3874339_C/T,Chr07,3874339,0.0397755950368177,847,FALSE
Pv2.1_06_65788_A/ACT,Chr06,65788,0.0397695744142204,848,FALSE
Pv2.1_08_3925649_T/C,Chr08,3925649,0.0397457797963328,849,FALSE
Pv2.1_08_113116_C/G,Chr08,113116,0.0397413376004452,850,FALSE
Pv2.1_07_30155755_T/C,Chr07,30155755,0.0397137496583588,851,FALSE
Pv2.1_07_9479371_C/G,Chr07,9479371,0.0397107087819366,852,FALSE
Pv2.1_05_38502451_T/C,Chr05,38502451,0.0397093379805087,853,FALSE
Pv2.1_01_2219930_T/C,Chr01,2219930,0.0397041055404954,854,FALSE
Pv2.1_08_752162_G/A,Chr08,752162,0.0397014111064125,855,FALSE
Pv2.1_08_927187_C/T,Chr08,927187,0.0396982108679715,856,FALSE
Pv2.1_05_11993304_G/T,Chr05,11993304,0.0396887954293756,857,FALSE
Pv2.1_02_48682281_T/C,Chr02,48682281,0.0396876043173737,858,FALSE
Pv2.1_04_3970517_C/T,Chr04,3970517,0.0396772831573795,859,FALSE
Pv2.1_06_11199681_C/A,Chr06,11199681,0.0396748181995887,860,FALSE
Pv2.1_05_1991610_A/T,Chr05,1991610,0.0396710713284341,861,FALSE
Pv2.1_11_323787_A/G,Chr11,323787,0.0396577106375378,862,FALSE
Pv2.1_08_557094_A/G,Chr08,557094,0.0396515948493628,863,FALSE
Pv2.1_01_4852802_T/A,Chr01,4852802,0.0396503831794517,864,FALSE
Pv2.1_05_4820428_T/C,Chr05,4820428,0.0396319685331212,865,FALSE
Pv2.1_01_2062060_T/G,Chr01,2062060,0.0396313710215868,866,FALSE
Pv2.1_03_46074945_C/A,Chr03,46074945,0.0396173050628099,867,FALSE
Pv2.1_01_49273459_A/G,Chr01,49273459,0.0395931578569262,868,FALSE
Pv2.1_06_21615302_T/C,Chr06,21615302,0.0395850463923471,869,FALSE
Pv2.1_10_10088766_T/A,Chr10,10088766,0.0395808885862281,870,FALSE
Pv2.1_07_10378406_G/T,Chr07,10378406,0.0395688511873953,871,FALSE
Pv2.1_08_360279_A/G,Chr08,360279,0.0395671478783286,872,FALSE
Pv2.1_07_7798421_C/T,Chr07,7798421,0.0395615850650297,873,FALSE
Pv2.1_02_47386767_A/G,Chr02,47386767,0.0395582570025952,874,FALSE
Pv2.1_05_39970170_G/A,Chr05,39970170,0.0395581511223289,875,FALSE
Pv2.1_04_1286336_C/T,Chr04,1286336,0.0395309360247671,876,FALSE
Pv2.1_06_21615329_A/G,Chr06,21615329,0.03952985805343,877,FALSE
Pv2.1_07_35633686_C/T,Chr07,35633686,0.0395202597493936,878,FALSE
Pv2.1_06_23576251_G/C,Chr06,23576251,0.0395088432940045,879,FALSE
Pv2.1_08_4386705_T/C,Chr08,4386705,0.0395067311968775,880,FALSE
Pv2.1_07_8220573_A/G,Chr07,8220573,0.0395046965642161,881,FALSE
Pv2.1_10_6806942_G/T,Chr10,6806942,0.039498892599326,882,FALSE
Pv2.1_05_1289873_C/CTTG,Chr05,1289873,0.0394988810752333,883,FALSE
Pv2.1_06_18115024_T/A,Chr06,18115024,0.0394975353755238,884,FALSE
Pv2.1_09_36698205_AT/A,Chr09,36698205,0.0394938706893595,885,FALSE
Pv2.1_06_21299916_A/G,Chr06,21299916,0.0394917718521008,886,FALSE
Pv2.1_06_21299926_G/A,Chr06,21299926,0.0394917718521008,887,FALSE
Pv2.1_06_17273155_C/T,Chr06,17273155,0.0394894756122079,888,FALSE
Pv2.1_04_46887307_C/T,Chr04,46887307,0.0394866426512213,889,FALSE
Pv2.1_06_13559190_A/T,Chr06,13559190,0.0394652986388722,890,FALSE
Pv2.1_03_37517966_T/C,Chr03,37517966,0.0394595561946365,891,FALSE
Pv2.1_03_50415062_A/G,Chr03,50415062,0.0394535258208149,892,FALSE
Pv2.1_07_37475122_G/A,Chr07,37475122,0.0394496061699612,893,FALSE
Pv2.1_07_35419894_C/T,Chr07,35419894,0.0394404364156662,894,FALSE
Pv2.1_04_5420566_C/A,Chr04,5420566,0.0394334891722052,895,FALSE
Pv2.1_08_84247_C/T,Chr08,84247,0.0394323751948886,896,FALSE
Pv2.1_05_38993498_T/A,Chr05,38993498,0.0394246196232326,897,FALSE
Pv2.1_07_8771143_G/A,Chr07,8771143,0.0394199904740717,898,FALSE
Pv2.1_10_5821180_A/C,Chr10,5821180,0.0394038146993596,899,FALSE
Pv2.1_06_16011635_T/G,Chr06,16011635,0.0393925529265609,900,FALSE
Pv2.1_08_617812_A/G,Chr08,617812,0.0393907532133948,901,FALSE
Pv2.1_08_617842_C/T,Chr08,617842,0.0393907532133948,902,FALSE
Pv2.1_08_617845_T/C,Chr08,617845,0.0393907532133948,903,FALSE
Pv2.1_03_45934652_G/A,Chr03,45934652,0.0393708034218108,904,FALSE
Pv2.1_08_166000_C/G,Chr08,166000,0.0393686319057163,905,FALSE
Pv2.1_08_166026_T/C,Chr08,166026,0.0393686319057163,906,FALSE
Pv2.1_03_45934687_G/C,Chr03,45934687,0.0393580404997151,907,FALSE
Pv2.1_07_9346504_A/G,Chr07,9346504,0.0393552502926857,908,FALSE
Pv2.1_08_61639059_C/T,Chr08,61639059,0.0393494140664639,909,FALSE
Pv2.1_01_2850943_G/C,Chr01,2850943,0.0393472751394048,910,FALSE
Pv2.1_08_62895179_A/T,Chr08,62895179,0.0393427375969031,911,FALSE
Pv2.1_06_20103959_T/C,Chr06,20103959,0.039334479395889,912,FALSE
Pv2.1_07_9309955_A/T,Chr07,9309955,0.0393274636125232,913,FALSE
Pv2.1_08_61663030_C/A,Chr08,61663030,0.0393104783476601,914,FALSE
Pv2.1_08_62082062_AT/A,Chr08,62082062,0.0392932060338449,915,FALSE
Pv2.1_10_40346959_T/A,Chr10,40346959,0.0392818126751742,916,FALSE
Pv2.1_04_1564510_C/T,Chr04,1564510,0.0392771086116466,917,FALSE
Pv2.1_10_6881026_G/T,Chr10,6881026,0.0392745822485656,918,FALSE
Pv2.1_07_36757988_C/T,Chr07,36757988,0.0392682024559168,919,FALSE
Pv2.1_04_100983_A/T,Chr04,100983,0.0392552379349089,920,FALSE
Pv2.1_08_62490329_A/C,Chr08,62490329,0.0392492248921807,921,FALSE
Pv2.1_02_47386782_G/A,Chr02,47386782,0.0392365420507295,922,FALSE
Pv2.1_01_4013087_A/G,Chr01,4013087,0.0392168000044668,923,FALSE
Pv2.1_01_2016690_C/G,Chr01,2016690,0.0392139530412567,924,FALSE
Pv2.1_05_39407914_G/T,Chr05,39407914,0.0392117894356545,925,FALSE
Pv2.1_08_9459790_A/G,Chr08,9459790,0.0392016461759592,926,FALSE
Pv2.1_07_36687480_G/T,Chr07,36687480,0.0391951707307099,927,FALSE
Pv2.1_11_49259782_G/A,Chr11,49259782,0.0391931712843374,928,FALSE
Pv2.1_10_40346832_C/A,Chr10,40346832,0.0391870039917257,929,FALSE
Pv2.1_01_51308744_T/C,Chr01,51308744,0.0391766209739153,930,FALSE
Pv2.1_08_61639195_G/A,Chr08,61639195,0.0391731636159962,931,FALSE
Pv2.1_08_854492_G/C,Chr08,854492,0.0391726640240049,932,FALSE
Pv2.1_03_49131424_T/G,Chr03,49131424,0.039159734843238,933,FALSE
Pv2.1_08_62863981_G/A,Chr08,62863981,0.0391430416333303,934,FALSE
Pv2.1_11_2133612_G/A,Chr11,2133612,0.0391370736724133,935,FALSE
Pv2.1_02_46424089_C/CT,Chr02,46424089,0.0391366221353362,936,FALSE
Pv2.1_09_36937823_T/C,Chr09,36937823,0.0391002051509686,937,FALSE
Pv2.1_06_20332359_C/T,Chr06,20332359,0.0390894284143206,938,FALSE
Pv2.1_11_1248579_G/A,Chr11,1248579,0.0390885652791306,939,FALSE
Pv2.1_11_1248596_A/T,Chr11,1248596,0.0390885652791306,940,FALSE
Pv2.1_07_36687423_A/C,Chr07,36687423,0.0390579355358471,941,FALSE
Pv2.1_06_19965318_T/C,Chr06,19965318,0.0390555363827452,942,FALSE
Pv2.1_06_17353447_C/T,Chr06,17353447,0.0390548802861841,943,FALSE
Pv2.1_01_49363070_A/T,Chr01,49363070,0.0390383029957011,944,FALSE
Pv2.1_07_7073495_C/T,Chr07,7073495,0.039029317272012,945,FALSE
Pv2.1_07_37323879_G/T,Chr07,37323879,0.0390189335695412,946,FALSE
Pv2.1_05_38947228_A/G,Chr05,38947228,0.0390181552976698,947,FALSE
Pv2.1_09_37348847_C/T,Chr09,37348847,0.0390128352684145,948,FALSE
Pv2.1_08_927166_G/A,Chr08,927166,0.0390103868227167,949,FALSE
Pv2.1_07_10412633_C/T,Chr07,10412633,0.0389974219134572,950,FALSE
Pv2.1_08_269394_CTT/C,Chr08,269394,0.0389961594822106,951,FALSE
Pv2.1_01_51193077_T/C,Chr01,51193077,0.0389959740999513,952,FALSE
Pv2.1_03_37392212_C/T,Chr03,37392212,0.0389932574961622,953,FALSE
Pv2.1_02_3129125_C/T,Chr02,3129125,0.0389932451979105,954,FALSE
Pv2.1_08_1239660_G/A,Chr08,1239660,0.0389751820178761,955,FALSE
Pv2.1_08_62382676_C/T,Chr08,62382676,0.0389708779019338,956,FALSE
Pv2.1_08_3706302_A/ATAT,Chr08,3706302,0.0389547609885081,957,FALSE
Pv2.1_06_22839440_T/C,Chr06,22839440,0.038948417654165,958,FALSE
Pv2.1_01_5016480_G/T,Chr01,5016480,0.0389470608840248,959,FALSE
Pv2.1_08_62043144_G/A,Chr08,62043144,0.0389453557948833,960,FALSE
Pv2.1_07_10364277_C/A,Chr07,10364277,0.0389403017039056,961,FALSE
Pv2.1_07_35753131_C/T,Chr07,35753131,0.0389380276040878,962,FALSE
Pv2.1_03_51372397_C/T,Chr03,51372397,0.0389309438439081,963,FALSE
Pv2.1_04_1564552_C/G,Chr04,1564552,0.0389306341539575,964,FALSE
Pv2.1_08_1458570_C/T,Chr08,1458570,0.0389175604413268,965,FALSE
Pv2.1_08_6368295_T/C,Chr08,6368295,0.0389174073153997,966,FALSE
Pv2.1_08_6368297_G/A,Chr08,6368297,0.0389174073153997,967,FALSE
Pv2.1_01_51325867_A/G,Chr01,51325867,0.0389149014061103,968,FALSE
Pv2.1_01_51325891_C/G,Chr01,51325891,0.0389149014061103,969,FALSE
Pv2.1_11_49064910_A/G,Chr11,49064910,0.0389116590213572,970,FALSE
Pv2.1_02_26946852_G/A,Chr02,26946852,0.0389029691956035,971,FALSE
Pv2.1_08_1249809_C/T,Chr08,1249809,0.0388930508382548,972,FALSE
Pv2.1_05_9242756_G/A,Chr05,9242756,0.0388820437799677,973,FALSE
Pv2.1_05_1301204_A/G,Chr05,1301204,0.0388690798899924,974,FALSE
Pv2.1_08_1530814_T/C,Chr08,1530814,0.0388637615218919,975,FALSE
Pv2.1_07_3673581_A/G,Chr07,3673581,0.0388587043563029,976,FALSE
Pv2.1_04_1317037_C/G,Chr04,1317037,0.03884648287909,977,FALSE
Pv2.1_08_61341555_A/T,Chr08,61341555,0.0388435291726017,978,FALSE
Pv2.1_08_854528_C/A,Chr08,854528,0.0388383493755158,979,FALSE
Pv2.1_08_854529_A/T,Chr08,854529,0.0388383493755158,980,FALSE
Pv2.1_07_35524640_T/C,Chr07,35524640,0.0388266464937255,981,FALSE
Pv2.1_06_24104698_G/C,Chr06,24104698,0.0388228323347595,982,FALSE
Pv2.1_02_46668560_C/T,Chr02,46668560,0.0388198666131605,983,FALSE
Pv2.1_01_5016503_A/G,Chr01,5016503,0.0388068621186886,984,FALSE
Pv2.1_07_36965348_A/G,Chr07,36965348,0.0387951663367763,985,FALSE
Pv2.1_08_5462518_G/A,Chr08,5462518,0.03877025667233,986,FALSE
Pv2.1_08_62382681_C/T,Chr08,62382681,0.0387564219988392,987,FALSE
Pv2.1_08_3706315_A/C,Chr08,3706315,0.0387528561246384,988,FALSE
Pv2.1_02_48692527_C/G,Chr02,48692527,0.0387486484637414,989,FALSE
Pv2.1_07_10032787_T/A,Chr07,10032787,0.0387399881445192,990,FALSE
Pv2.1_07_10032832_A/T,Chr07,10032832,0.0387399881445192,991,FALSE
Pv2.1_07_10032833_C/G,Chr07,10032833,0.0387399881445192,992,FALSE
Pv2.1_08_9707066_A/AT,Chr08,9707066,0.0387363578338249,993,FALSE
Pv2.1_06_15071338_T/C,Chr06,15071338,0.038732493196973,994,FALSE
Pv2.1_05_2357252_G/A,Chr05,2357252,0.0387075324983264,995,FALSE
Pv2.1_07_9592213_G/A,Chr07,9592213,0.0387065731207121,996,FALSE
Pv2.1_07_9651601_C/A,Chr07,9651601,0.0387065731207121,997,FALSE
Pv2.1_08_6368266_A/G,Chr08,6368266,0.0387060203612926,998,FALSE
Pv2.1_01_32705283_C/T,Chr01,32705283,0.0387000214716036,999,FALSE
Pv2.1_02_46836759_G/T,Chr02,46836759,0.0386910678719041,1000,FALSE
Pv2.1_05_39687013_C/T,Chr05,39687013,0.0386742791403356,1001,FALSE
Pv2.1_08_121133_G/A,Chr08,121133,0.038661749729394,1002,FALSE
Pv2.1_11_50574191_G/C,Chr11,50574191,0.0386299018953098,1003,FALSE
Pv2.1_03_50400340_G/T,Chr03,50400340,0.0386260221446926,1004,FALSE
Pv2.1_01_4818724_T/C,Chr01,4818724,0.0386255688053199,1005,FALSE
Pv2.1_08_475578_C/T,Chr08,475578,0.0386047469762882,1006,FALSE
Pv2.1_03_50400341_A/C,Chr03,50400341,0.038600110958098,1007,FALSE
Pv2.1_08_62309974_T/A,Chr08,62309974,0.038599772483864,1008,FALSE
Pv2.1_07_35457311_G/A,Chr07,35457311,0.0385751810732939,1009,FALSE
Pv2.1_08_1046183_T/A,Chr08,1046183,0.0385629005271251,1010,FALSE
Pv2.1_07_3273843_C/A,Chr07,3273843,0.0385596348124309,1011,FALSE
Pv2.1_06_22372160_G/T,Chr06,22372160,0.0385354740836608,1012,FALSE
Pv2.1_06_21533342_T/C,Chr06,21533342,0.0385127781707051,1013,FALSE
Pv2.1_02_48290465_T/G,Chr02,48290465,0.0385109716297398,1014,FALSE
Pv2.1_04_2032985_G/T,Chr04,2032985,0.038506073331666,1015,FALSE
Pv2.1_07_30281814_C/A,Chr07,30281814,0.0384999314875931,1016,FALSE
Pv2.1_06_21414356_A/C,Chr06,21414356,0.038487423603665,1017,FALSE
Pv2.1_02_12411473_G/A,Chr02,12411473,0.0384784889254526,1018,FALSE
Pv2.1_11_45614929_A/G,Chr11,45614929,0.0384781901552138,1019,FALSE
Pv2.1_11_45614960_G/A,Chr11,45614960,0.0384781901552134,1020,FALSE
Pv2.1_05_39721317_T/C,Chr05,39721317,0.0384755214239836,1021,FALSE
Pv2.1_02_46696702_G/A,Chr02,46696702,0.0384699388969101,1022,FALSE
Pv2.1_01_51076758_C/T,Chr01,51076758,0.0384502701363494,1023,FALSE
Pv2.1_03_46079394_C/G,Chr03,46079394,0.0384469049185605,1024,FALSE
Pv2.1_01_144148_G/T,Chr01,144148,0.0384407248925025,1025,FALSE
Pv2.1_07_37410190_A/G,Chr07,37410190,0.0384260958549341,1026,FALSE
Pv2.1_06_16810182_G/C,Chr06,16810182,0.0384245139783137,1027,FALSE
Pv2.1_07_35718578_C/T,Chr07,35718578,0.0384159064352918,1028,FALSE
Pv2.1_06_15842423_T/A,Chr06,15842423,0.0384008959666327,1029,FALSE
Pv2.1_07_7033106_T/A,Chr07,7033106,0.0383949870020448,1030,FALSE
Pv2.1_05_38289945_T/C,Chr05,38289945,0.0383875018267443,1031,FALSE
Pv2.1_06_19727679_T/A,Chr06,19727679,0.0383850522423161,1032,FALSE
Pv2.1_09_37452431_A/C,Chr09,37452431,0.0383824478068386,1033,FALSE
Pv2.1_07_36965441_T/C,Chr07,36965441,0.0383686298448462,1034,FALSE
Pv2.1_01_4819429_A/G,Chr01,4819429,0.0383653993256643,1035,FALSE
Pv2.1_08_564149_T/C,Chr08,564149,0.0383588591044886,1036,FALSE
Pv2.1_07_32331988_G/T,Chr07,32331988,0.0383489473806584,1037,FALSE
Pv2.1_01_3333904_T/C,Chr01,3333904,0.0383478481530104,1038,FALSE
Pv2.1_03_263048_T/A,Chr03,263048,0.0383476668902061,1039,FALSE
Pv2.1_08_882262_A/G,Chr08,882262,0.0383448502573271,1040,FALSE
Pv2.1_08_751694_G/C,Chr08,751694,0.0383390189960213,1041,FALSE
Pv2.1_10_5856354_T/G,Chr10,5856354,0.0383317412074025,1042,FALSE
Pv2.1_09_37721770_A/G,Chr09,37721770,0.0383214821688234,1043,FALSE
Pv2.1_08_172805_T/A,Chr08,172805,0.0383192657606388,1044,FALSE
Pv2.1_08_172807_G/C,Chr08,172807,0.0383192657606388,1045,FALSE
Pv2.1_08_172810_C/T,Chr08,172810,0.0383192657606388,1046,FALSE
Pv2.1_08_172850_G/A,Chr08,172850,0.0383192657606388,1047,FALSE
Pv2.1_09_36808099_G/A,Chr09,36808099,0.0383181364438965,1048,FALSE
Pv2.1_08_45507756_TTC/T,Chr08,45507756,0.0383085326601194,1049,FALSE
Pv2.1_05_38831954_G/A,Chr05,38831954,0.0383013038899342,1050,FALSE
Pv2.1_05_38289932_A/G,Chr05,38289932,0.0382938659415761,1051,FALSE
Pv2.1_06_21592572_T/A,Chr06,21592572,0.0382908729753622,1052,FALSE
Pv2.1_08_6861510_G/A,Chr08,6861510,0.0382884278156226,1053,FALSE
Pv2.1_10_44008583_G/C,Chr10,44008583,0.038283744614398,1054,FALSE
Pv2.1_07_35524353_G/T,Chr07,35524353,0.0382825665300119,1055,FALSE
Pv2.1_07_6675988_GA/G,Chr07,6675988,0.0382792573324502,1056,FALSE
Pv2.1_06_30941612_C/T,Chr06,30941612,0.038277210872856,1057,FALSE
Pv2.1_10_3078982_G/T,Chr10,3078982,0.0382683787935942,1058,FALSE
Pv2.1_02_45687579_G/A,Chr02,45687579,0.0382679048684533,1059,FALSE
Pv2.1_06_18556744_T/C,Chr06,18556744,0.0382670182309575,1060,FALSE
Pv2.1_05_9116989_A/T,Chr05,9116989,0.0382477043714267,1061,FALSE
Pv2.1_10_3078995_C/T,Chr10,3078995,0.0382433017174186,1062,FALSE
Pv2.1_08_1265161_G/A,Chr08,1265161,0.0382408082985033,1063,FALSE
Pv2.1_06_20409850_T/C,Chr06,20409850,0.0382359748758923,1064,FALSE
Pv2.1_02_12508757_G/A,Chr02,12508757,0.0382238996689175,1065,FALSE
Pv2.1_08_113043_T/TGA,Chr08,113043,0.0382164508661127,1066,FALSE
Pv2.1_06_13641605_G/T,Chr06,13641605,0.0382001356195922,1067,FALSE
Pv2.1_06_21220083_C/T,Chr06,21220083,0.0381940799006637,1068,FALSE
Pv2.1_04_2753947_G/T,Chr04,2753947,0.0381831901539043,1069,FALSE
Pv2.1_06_23670624_G/A,Chr06,23670624,0.0381593600120915,1070,FALSE
Pv2.1_01_4060019_G/T,Chr01,4060019,0.0381590387452548,1071,FALSE
Pv2.1_06_19585446_C/T,Chr06,19585446,0.0381576817656941,1072,FALSE
Pv2.1_07_8496872_C/T,Chr07,8496872,0.0381526941616497,1073,FALSE
Pv2.1_07_8496874_A/G,Chr07,8496874,0.0381526941616497,1074,FALSE
Pv2.1_07_8496875_G/C,Chr07,8496875,0.0381526941616497,1075,FALSE
Pv2.1_08_2736543_A/G,Chr08,2736543,0.0381201629398795,1076,FALSE
Pv2.1_10_42578179_G/T,Chr10,42578179,0.0381185663556805,1077,FALSE
Pv2.1_08_61020458_A/G,Chr08,61020458,0.0381138861235901,1078,FALSE
Pv2.1_06_23593715_A/T,Chr06,23593715,0.038108750699279,1079,FALSE
Pv2.1_03_11281631_T/C,Chr03,11281631,0.0380914513469937,1080,FALSE
Pv2.1_08_1124012_C/A,Chr08,1124012,0.038087342403049,1081,FALSE
Pv2.1_07_8259811_T/G,Chr07,8259811,0.0380798287036988,1082,FALSE
Pv2.1_07_7039151_G/A,Chr07,7039151,0.0380743657689391,1083,FALSE
Pv2.1_05_39721323_G/A,Chr05,39721323,0.0380740965181325,1084,FALSE
Pv2.1_11_8523740_C/T,Chr11,8523740,0.038058886190711,1085,FALSE
Pv2.1_08_5443018_G/C,Chr08,5443018,0.0380522755532935,1086,FALSE
Pv2.1_01_17425664_C/T,Chr01,17425664,0.0380490326984857,1087,FALSE
Pv2.1_01_4066465_T/C,Chr01,4066465,0.0380469988281877,1088,FALSE
Pv2.1_06_19964740_C/CA,Chr06,19964740,0.0380362720925866,1089,FALSE
Pv2.1_08_5255879_T/C,Chr08,5255879,0.0380347192289472,1090,FALSE
Pv2.1_08_3853187_G/A,Chr08,3853187,0.0380239753225564,1091,FALSE
Pv2.1_06_19500633_A/T,Chr06,19500633,0.0380157571111792,1092,FALSE
Pv2.1_03_46230082_C/A,Chr03,46230082,0.0380040812874678,1093,FALSE
Pv2.1_11_44249597_G/T,Chr11,44249597,0.0379927398091766,1094,FALSE
Pv2.1_05_2222112_C/T,Chr05,2222112,0.0379890990870817,1095,FALSE
Pv2.1_07_7517320_C/T,Chr07,7517320,0.0379882334263448,1096,FALSE
Pv2.1_10_3834516_C/T,Chr10,3834516,0.0379853841472713,1097,FALSE
Pv2.1_10_3834526_G/T,Chr10,3834526,0.0379853841472713,1098,FALSE
Pv2.1_10_3834528_G/C,Chr10,3834528,0.0379853841472713,1099,FALSE
Pv2.1_09_36161380_C/T,Chr09,36161380,0.0379811440438287,1100,FALSE
Pv2.1_07_7073493_T/G,Chr07,7073493,0.0379735912416712,1101,FALSE
Pv2.1_11_47185842_C/T,Chr11,47185842,0.0379721923243954,1102,FALSE
Pv2.1_07_37288828_G/T,Chr07,37288828,0.0379667755559625,1103,FALSE
Pv2.1_09_35901374_A/G,Chr09,35901374,0.0379634165373415,1104,FALSE
Pv2.1_08_1530821_T/C,Chr08,1530821,0.0379587949100082,1105,FALSE
Pv2.1_08_282946_T/A,Chr08,282946,0.0379545303223852,1106,FALSE
Pv2.1_03_45937818_C/T,Chr03,45937818,0.0379444586763231,1107,FALSE
Pv2.1_09_36936247_G/T,Chr09,36936247,0.0379410415975148,1108,FALSE
Pv2.1_04_1982974_G/C,Chr04,1982974,0.0379397618266477,1109,FALSE
Pv2.1_09_10882643_G/T,Chr09,10882643,0.0379390969839202,1110,FALSE
Pv2.1_04_528507_C/T,Chr04,528507,0.0379297436549093,1111,FALSE
Pv2.1_02_37393636_A/G,Chr02,37393636,0.0379289210907494,1112,FALSE
Pv2.1_06_22186002_A/C,Chr06,22186002,0.037921832723784,1113,FALSE
Pv2.1_08_62795991_T/G,Chr08,62795991,0.0379199079978734,1114,FALSE
Pv2.1_08_2905184_G/C,Chr08,2905184,0.037915009999542,1115,FALSE
Pv2.1_08_4032168_G/C,Chr08,4032168,0.0379036573445828,1116,FALSE
Pv2.1_08_61034278_G/A,Chr08,61034278,0.037890075963853,1117,FALSE
Pv2.1_08_60363011_A/G,Chr08,60363011,0.0378874613048108,1118,FALSE
Pv2.1_08_62588935_C/G,Chr08,62588935,0.0378691464355239,1119,FALSE
Pv2.1_03_27654487_C/T,Chr03,27654487,0.037859284288341,1120,FALSE
Pv2.1_06_24975123_T/G,Chr06,24975123,0.0378561572237643,1121,FALSE
Pv2.1_09_36919283_T/C,Chr09,36919283,0.0378470777257736,1122,FALSE
Pv2.1_08_12895121_T/G,Chr08,12895121,0.0378407153372011,1123,FALSE
Pv2.1_06_16512092_A/AC,Chr06,16512092,0.0378384677985704,1124,FALSE
Pv2.1_01_51178795_C/T,Chr01,51178795,0.0378278584843921,1125,FALSE
Pv2.1_07_37601038_T/C,Chr07,37601038,0.0378211137755877,1126,FALSE
Pv2.1_08_62818990_G/C,Chr08,62818990,0.0378166045936101,1127,FALSE
Pv2.1_08_62819005_G/A,Chr08,62819005,0.0378166045936101,1128,FALSE
Pv2.1_08_62819011_G/A,Chr08,62819011,0.0378166045936101,1129,FALSE
Pv2.1_08_62819016_G/T,Chr08,62819016,0.0378166045936101,1130,FALSE
Pv2.1_06_21178798_CAAGAAGAGGA/GAAGAAGAGGAAG,Chr06,21178798,0.0378073839961974,1131,FALSE
Pv2.1_04_46214672_G/A,Chr04,46214672,0.0378020333894575,1132,FALSE
Pv2.1_11_50364168_T/TA,Chr11,50364168,0.0377957450307243,1133,FALSE
Pv2.1_06_21292526_C/T,Chr06,21292526,0.0377925445054257,1134,FALSE
Pv2.1_06_20279036_A/C,Chr06,20279036,0.0377911149093459,1135,FALSE
Pv2.1_06_20279043_C/T,Chr06,20279043,0.0377911149093459,1136,FALSE
Pv2.1_06_18211032_T/A,Chr06,18211032,0.0377893250475414,1137,FALSE
Pv2.1_07_10207571_T/G,Chr07,10207571,0.0377732519203486,1138,FALSE
Pv2.1_07_10207609_G/T,Chr07,10207609,0.0377732519203486,1139,FALSE
Pv2.1_09_35990406_A/T,Chr09,35990406,0.0377684754276491,1140,FALSE
Pv2.1_09_35990418_G/C,Chr09,35990418,0.0377684754276491,1141,FALSE
Pv2.1_07_19380447_G/A,Chr07,19380447,0.0377573863602789,1142,FALSE
Pv2.1_05_1301144_G/A,Chr05,1301144,0.0377517163824748,1143,FALSE
Pv2.1_06_19323737_G/A,Chr06,19323737,0.0377502702558377,1144,FALSE
Pv2.1_07_4755486_G/A,Chr07,4755486,0.0377456651002364,1145,FALSE
Pv2.1_07_36710947_C/T,Chr07,36710947,0.0377454773058985,1146,FALSE
Pv2.1_06_21710200_C/T,Chr06,21710200,0.0377450811667281,1147,FALSE
Pv2.1_11_51790473_T/C,Chr11,51790473,0.0377412468393783,1148,FALSE
Pv2.1_06_13559192_CAT/C,Chr06,13559192,0.0377229242970549,1149,FALSE
Pv2.1_07_37600300_G/A,Chr07,37600300,0.0377205807519361,1150,FALSE
Pv2.1_07_8054697_T/A,Chr07,8054697,0.0377158667396436,1151,FALSE
Pv2.1_04_50980_T/A,Chr04,50980,0.0377155783419028,1152,FALSE
Pv2.1_09_36936220_T/G,Chr09,36936220,0.037710039407294,1153,FALSE
Pv2.1_08_61361074_T/C,Chr08,61361074,0.0377085050964183,1154,FALSE
Pv2.1_07_37323849_C/A,Chr07,37323849,0.0377060402912233,1155,FALSE
Pv2.1_05_39687201_A/G,Chr05,39687201,0.0377021969437634,1156,FALSE
Pv2.1_01_50652444_C/T,Chr01,50652444,0.0376959978813534,1157,FALSE
Pv2.1_08_62188632_G/A,Chr08,62188632,0.0376904589062006,1158,FALSE
Pv2.1_10_1971196_C/CAT,Chr10,1971196,0.0376848663157068,1159,FALSE
Pv2.1_07_3988990_G/A,Chr07,3988990,0.0376746530683851,1160,FALSE
Pv2.1_11_46592927_C/A,Chr11,46592927,0.0376692210327732,1161,FALSE
Pv2.1_07_28969220_C/T,Chr07,28969220,0.0376638655912771,1162,FALSE
Pv2.1_02_2403513_T/A,Chr02,2403513,0.0376620887263797,1163,FALSE
Pv2.1_11_53132480_T/G,Chr11,53132480,0.0376615233619422,1164,FALSE
Pv2.1_08_3086176_T/A,Chr08,3086176,0.0376496664437176,1165,FALSE
Pv2.1_02_37363379_C/G,Chr02,37363379,0.0376400476854299,1166,FALSE
Pv2.1_09_38053751_G/A,Chr09,38053751,0.0376352823848576,1167,FALSE
Pv2.1_07_7835533_T/C,Chr07,7835533,0.0376316176386879,1168,FALSE
Pv2.1_01_51222979_A/C,Chr01,51222979,0.03762471516393,1169,FALSE
Pv2.1_07_35524952_G/C,Chr07,35524952,0.0376199542040836,1170,FALSE
Pv2.1_03_2553782_C/T,Chr03,2553782,0.0376195264346144,1171,FALSE
Pv2.1_09_36912141_A/G,Chr09,36912141,0.0376132517417118,1172,FALSE
Pv2.1_08_62588717_TC/T,Chr08,62588717,0.0376113435093011,1173,FALSE
Pv2.1_06_21220082_A/G,Chr06,21220082,0.0376016356729862,1174,FALSE
Pv2.1_10_5843816_T/C,Chr10,5843816,0.0375980030042298,1175,FALSE
Pv2.1_06_16654233_T/C,Chr06,16654233,0.0375849584249814,1176,FALSE
Pv2.1_06_16311940_C/G,Chr06,16311940,0.0375769360990139,1177,FALSE
Pv2.1_07_5442407_T/G,Chr07,5442407,0.0375760971765402,1178,FALSE
Pv2.1_06_138005_T/C,Chr06,138005,0.037571430285007,1179,FALSE
Pv2.1_08_3711894_C/T,Chr08,3711894,0.0375682735901171,1180,FALSE
Pv2.1_04_2356809_G/A,Chr04,2356809,0.037567702767356,1181,FALSE
Pv2.1_03_7264241_A/C,Chr03,7264241,0.0375583987008228,1182,FALSE
Pv2.1_04_46979264_T/G,Chr04,46979264,0.0375532923275159,1183,FALSE
Pv2.1_11_1248601_A/T,Chr11,1248601,0.0375430290011343,1184,FALSE
Pv2.1_06_28898246_G/A,Chr06,28898246,0.0375309448938439,1185,FALSE
Pv2.1_06_21299887_G/A,Chr06,21299887,0.0375255621027084,1186,FALSE
Pv2.1_06_21299917_T/G,Chr06,21299917,0.0375255621027084,1187,FALSE
Pv2.1_08_433147_T/A,Chr08,433147,0.0375186502234994,1188,FALSE
Pv2.1_06_19617150_C/A,Chr06,19617150,0.0375083711358388,1189,FALSE
Pv2.1_08_693201_G/A,Chr08,693201,0.0375007469867099,1190,FALSE
Pv2.1_05_4447902_G/C,Chr05,4447902,0.037490270999978,1191,FALSE
Pv2.1_06_18203156_T/C,Chr06,18203156,0.0374865328988525,1192,FALSE
Pv2.1_08_1169319_C/T,Chr08,1169319,0.037484660596955,1193,FALSE
Pv2.1_08_1169320_A/G,Chr08,1169320,0.037484660596955,1194,FALSE
Pv2.1_08_61397404_GGAA/G,Chr08,61397404,0.0374833408823316,1195,FALSE
Pv2.1_07_37486726_T/C,Chr07,37486726,0.0374829956868381,1196,FALSE
Pv2.1_08_62807916_C/T,Chr08,62807916,0.0374818986577439,1197,FALSE
Pv2.1_01_23472440_G/A,Chr01,23472440,0.0374758177052033,1198,FALSE
Pv2.1_08_1526344_A/C,Chr08,1526344,0.0374738618031936,1199,FALSE
Pv2.1_08_62824066_C/T,Chr08,62824066,0.037473729347544,1200,FALSE
Pv2.1_01_37812049_A/AT,Chr01,37812049,0.0374568279738483,1201,FALSE
Pv2.1_07_6748526_T/A,Chr07,6748526,0.0374507443726446,1202,FALSE
Pv2.1_08_693252_C/T,Chr08,693252,0.0374498613220933,1203,FALSE
Pv2.1_08_9395705_A/T,Chr08,9395705,0.03744626067623,1204,FALSE
Pv2.1_06_15611534_C/A,Chr06,15611534,0.0374453818087521,1205,FALSE
Pv2.1_03_48271260_G/C,Chr03,48271260,0.0374298311670467,1206,FALSE
Pv2.1_07_9563114_T/C,Chr07,9563114,0.0374268610535675,1207,FALSE
Pv2.1_02_12698221_A/G,Chr02,12698221,0.0374227679198436,1208,FALSE
Pv2.1_07_9488687_T/A,Chr07,9488687,0.0374199871235543,1209,FALSE
Pv2.1_02_48692537_C/T,Chr02,48692537,0.0374153544992861,1210,FALSE
Pv2.1_06_19500610_C/T,Chr06,19500610,0.0374139084876823,1211,FALSE
Pv2.1_01_4175841_G/A,Chr01,4175841,0.037409970869704,1212,FALSE
Pv2.1_06_21084885_T/G,Chr06,21084885,0.0374031114598288,1213,FALSE
Pv2.1_08_60277482_C/T,Chr08,60277482,0.0373916447563496,1214,FALSE
Pv2.1_06_13861514_T/C,Chr06,13861514,0.0373716113893061,1215,FALSE
Pv2.1_09_37200928_G/A,Chr09,37200928,0.037368178675274,1216,FALSE
Pv2.1_04_1627767_A/G,Chr04,1627767,0.0373668107705276,1217,FALSE
Pv2.1_07_35524321_T/C,Chr07,35524321,0.0373591307967023,1218,FALSE
Pv2.1_09_37056479_C/T,Chr09,37056479,0.037358926888321,1219,FALSE
Pv2.1_06_21414415_A/T,Chr06,21414415,0.0373581978504776,1220,FALSE
Pv2.1_01_51047344_G/A,Chr01,51047344,0.0373551639780176,1221,FALSE
Pv2.1_06_7787176_G/A,Chr06,7787176,0.0373494378122423,1222,FALSE
Pv2.1_08_59645_A/T,Chr08,59645,0.037345685317431,1223,FALSE
Pv2.1_06_18407510_C/A,Chr06,18407510,0.0373146347303406,1224,FALSE
Pv2.1_02_48290470_T/G,Chr02,48290470,0.0373132416832771,1225,FALSE
Pv2.1_07_9683217_G/C,Chr07,9683217,0.0373122483020962,1226,FALSE
Pv2.1_05_39164041_A/T,Chr05,39164041,0.0373097962591489,1227,FALSE
Pv2.1_02_2950397_G/A,Chr02,2950397,0.0373067187255618,1228,FALSE
Pv2.1_08_9633815_T/C,Chr08,9633815,0.0373042059009876,1229,FALSE
Pv2.1_06_15464508_T/C,Chr06,15464508,0.037296594756226,1230,FALSE
Pv2.1_06_19192389_G/C,Chr06,19192389,0.0372715820260856,1231,FALSE
Pv2.1_06_23255364_G/A,Chr06,23255364,0.0372676880414469,1232,FALSE
Pv2.1_07_7846647_G/A,Chr07,7846647,0.0372614378595655,1233,FALSE
Pv2.1_04_45154281_G/A,Chr04,45154281,0.0372506839488924,1234,FALSE
Pv2.1_06_16423520_A/ACAC,Chr06,16423520,0.0372494462356485,1235,FALSE
Pv2.1_08_61730207_A/T,Chr08,61730207,0.0372487252187237,1236,FALSE
Pv2.1_08_62786750_G/T,Chr08,62786750,0.0372483550309517,1237,FALSE
Pv2.1_08_62786755_A/G,Chr08,62786755,0.0372483550309517,1238,FALSE
Pv2.1_08_61681984_T/C,Chr08,61681984,0.0372446518017013,1239,FALSE
Pv2.1_07_10107352_G/A,Chr07,10107352,0.0372427356570886,1240,FALSE
Pv2.1_07_9950797_C/T,Chr07,9950797,0.0372427356570886,1241,FALSE
Pv2.1_05_36684178_G/A,Chr05,36684178,0.037240532676373,1242,FALSE
Pv2.1_06_22105330_G/A,Chr06,22105330,0.037240090692364,1243,FALSE
Pv2.1_08_61470058_T/C,Chr08,61470058,0.0372367920525289,1244,FALSE
Pv2.1_08_1153863_T/C,Chr08,1153863,0.0372352207115716,1245,FALSE
Pv2.1_03_39534490_C/T,Chr03,39534490,0.0372336943289784,1246,FALSE
Pv2.1_08_5462499_A/G,Chr08,5462499,0.037227197128455,1247,FALSE
Pv2.1_08_4386582_G/A,Chr08,4386582,0.0372226562214961,1248,FALSE
Pv2.1_03_46149483_G/A,Chr03,46149483,0.0372174509510268,1249,FALSE
Pv2.1_01_4818751_G/A,Chr01,4818751,0.037206667356533,1250,FALSE
Pv2.1_06_19272586_G/T,Chr06,19272586,0.0371976701149057,1251,FALSE
Pv2.1_07_9326964_G/T,Chr07,9326964,0.0371963365620904,1252,FALSE
Pv2.1_05_39562423_A/T,Chr05,39562423,0.0371813876155453,1253,FALSE
Pv2.1_08_62308094_T/C,Chr08,62308094,0.0371808077870184,1254,FALSE
Pv2.1_08_53292186_G/C,Chr08,53292186,0.0371807656325482,1255,FALSE
Pv2.1_02_2186035_C/A,Chr02,2186035,0.0371796308276724,1256,FALSE
Pv2.1_01_3221523_C/T,Chr01,3221523,0.0371783708147722,1257,FALSE
Pv2.1_03_51140861_G/A,Chr03,51140861,0.0371741185027181,1258,FALSE
Pv2.1_09_37495909_A/G,Chr09,37495909,0.0371650042014386,1259,FALSE
Pv2.1_11_44185799_A/G,Chr11,44185799,0.0371566837582114,1260,FALSE
Pv2.1_01_40706125_A/T,Chr01,40706125,0.0371533828054256,1261,FALSE
Pv2.1_01_4852835_A/C,Chr01,4852835,0.0371519684713459,1262,FALSE
Pv2.1_06_495048_T/C,Chr06,495048,0.0371500371159019,1263,FALSE
Pv2.1_05_11368089_A/T,Chr05,11368089,0.0371464257314877,1264,FALSE
Pv2.1_08_62043108_A/T,Chr08,62043108,0.0371454549053425,1265,FALSE
Pv2.1_02_45510434_A/G,Chr02,45510434,0.0371451188898195,1266,FALSE
Pv2.1_07_36965461_C/A,Chr07,36965461,0.0371358542911913,1267,FALSE
Pv2.1_07_37481648_G/A,Chr07,37481648,0.0371352778546856,1268,FALSE
Pv2.1_02_44880592_G/GA,Chr02,44880592,0.0371333565844241,1269,FALSE
Pv2.1_06_21614119_A/G,Chr06,21614119,0.0371329851837414,1270,FALSE
Pv2.1_07_3397759_A/C,Chr07,3397759,0.0371318125937283,1271,FALSE
Pv2.1_11_2101477_C/A,Chr11,2101477,0.0371188037418366,1272,FALSE
Pv2.1_08_121114_C/G,Chr08,121114,0.037115388158051,1273,FALSE
Pv2.1_08_121138_G/A,Chr08,121138,0.037115388158051,1274,FALSE
Pv2.1_06_18731307_T/TAA,Chr06,18731307,0.0371130596701121,1275,FALSE
Pv2.1_02_13482845_G/C,Chr02,13482845,0.0371129968648534,1276,FALSE
Pv2.1_06_18830167_A/G,Chr06,18830167,0.0371062265643669,1277,FALSE
Pv2.1_08_62807919_G/A,Chr08,62807919,0.0370940099880142,1278,FALSE
Pv2.1_08_61467873_C/G,Chr08,61467873,0.0370851169331221,1279,FALSE
Pv2.1_06_15951855_T/C,Chr06,15951855,0.0370757031902835,1280,FALSE
Pv2.1_08_3756362_T/C,Chr08,3756362,0.0370728418606712,1281,FALSE
Pv2.1_08_61206855_A/G,Chr08,61206855,0.0370673834792052,1282,FALSE
Pv2.1_08_30563104_A/G,Chr08,30563104,0.0370616502262053,1283,FALSE
Pv2.1_06_16837683_G/A,Chr06,16837683,0.0370614608521382,1284,FALSE
Pv2.1_02_48763416_T/A,Chr02,48763416,0.0370428551129214,1285,FALSE
Pv2.1_07_9685584_C/T,Chr07,9685584,0.0370394659952469,1286,FALSE
Pv2.1_11_96581_A/AT,Chr11,96581,0.037032080424984,1287,FALSE
Pv2.1_03_49622455_C/G,Chr03,49622455,0.0370274576627114,1288,FALSE
Pv2.1_06_19964809_G/A,Chr06,19964809,0.0370171103902361,1289,FALSE
Pv2.1_06_15570427_T/G,Chr06,15570427,0.037016085063974,1290,FALSE
Pv2.1_06_18568208_A/G,Chr06,18568208,0.0370074752664631,1291,FALSE
Pv2.1_03_40366538_C/T,Chr03,40366538,0.0370049798205683,1292,FALSE
Pv2.1_05_2234784_T/A,Chr05,2234784,0.0369928927311549,1293,FALSE
Pv2.1_07_9479447_C/T,Chr07,9479447,0.0369841694804651,1294,FALSE
Pv2.1_07_9479478_T/G,Chr07,9479478,0.0369841694804651,1295,FALSE
Pv2.1_03_49696941_T/A,Chr03,49696941,0.0369745844386911,1296,FALSE
Pv2.1_08_1483488_TC/T,Chr08,1483488,0.0369706554019378,1297,FALSE
Pv2.1_07_8265530_C/A,Chr07,8265530,0.0369679205902731,1298,FALSE
Pv2.1_07_8265548_G/A,Chr07,8265548,0.0369679205902731,1299,FALSE
Pv2.1_07_8265573_A/C,Chr07,8265573,0.0369679205902731,1300,FALSE
Pv2.1_09_36161365_A/T,Chr09,36161365,0.0369647242955224,1301,FALSE
Pv2.1_01_34507194_G/A,Chr01,34507194,0.0369647129261765,1302,FALSE
Pv2.1_02_44970420_CAT/C,Chr02,44970420,0.0369617166213407,1303,FALSE
Pv2.1_02_46670291_A/C,Chr02,46670291,0.0369504784382864,1304,FALSE
Pv2.1_01_3494385_A/T,Chr01,3494385,0.036945914407851,1305,FALSE
Pv2.1_08_61904077_G/T,Chr08,61904077,0.0369432885202472,1306,FALSE
Pv2.1_05_39551803_T/G,Chr05,39551803,0.0369251662448376,1307,FALSE
Pv2.1_07_1451431_C/T,Chr07,1451431,0.0369165464074257,1308,FALSE
Pv2.1_07_37475098_C/A,Chr07,37475098,0.03691515834619,1309,FALSE
Pv2.1_06_21218134_G/A,Chr06,21218134,0.0369149639451418,1310,FALSE
Pv2.1_06_16863273_T/A,Chr06,16863273,0.0369123205451705,1311,FALSE
Pv2.1_07_35715464_A/G,Chr07,35715464,0.036910996828404,1312,FALSE
Pv2.1_01_51343831_G/A,Chr01,51343831,0.0369108930366653,1313,FALSE
Pv2.1_06_23405211_C/T,Chr06,23405211,0.0368960097328452,1314,FALSE
Pv2.1_06_9560176_C/T,Chr06,9560176,0.0368938164036265,1315,FALSE
Pv2.1_04_2047846_A/C,Chr04,2047846,0.0368826565802252,1316,FALSE
Pv2.1_07_9296369_C/G,Chr07,9296369,0.0368791090840657,1317,FALSE
Pv2.1_07_9296369_C/T,Chr07,9296369,0.0368791090840652,1318,FALSE
Pv2.1_02_44922099_G/T,Chr02,44922099,0.0368775403366444,1319,FALSE
Pv2.1_06_19335034_A/C,Chr06,19335034,0.0368772094355632,1320,FALSE
Pv2.1_07_38407953_A/G,Chr07,38407953,0.0368764208070163,1321,FALSE
Pv2.1_07_38407974_A/G,Chr07,38407974,0.0368764208070163,1322,FALSE
Pv2.1_07_38407984_G/C,Chr07,38407984,0.0368764208070163,1323,FALSE
Pv2.1_09_37257817_A/G,Chr09,37257817,0.0368645295291126,1324,FALSE
Pv2.1_10_40377461_A/G,Chr10,40377461,0.0368633761026462,1325,FALSE
Pv2.1_06_22262492_A/T,Chr06,22262492,0.0368540243967903,1326,FALSE
Pv2.1_06_17606283_A/T,Chr06,17606283,0.0368534924355801,1327,FALSE
Pv2.1_07_4466720_G/T,Chr07,4466720,0.036850740197464,1328,FALSE
Pv2.1_08_939802_T/A,Chr08,939802,0.0368472684658583,1329,FALSE
Pv2.1_08_939803_C/A,Chr08,939803,0.0368472684658583,1330,FALSE
Pv2.1_08_61858928_T/C,Chr08,61858928,0.0368299752958983,1331,FALSE
Pv2.1_08_61467883_G/C,Chr08,61467883,0.0368278234587343,1332,FALSE
Pv2.1_05_40628769_A/G,Chr05,40628769,0.0368251735380922,1333,FALSE
Pv2.1_06_23306084_C/T,Chr06,23306084,0.0368209554776349,1334,FALSE
Pv2.1_05_11311444_AAG/CAA,Chr05,11311444,0.0368191886122333,1335,FALSE
Pv2.1_06_23593703_A/T,Chr06,23593703,0.0368149232721273,1336,FALSE
Pv2.1_07_36796038_G/C,Chr07,36796038,0.0368127949519788,1337,FALSE
Pv2.1_10_4086524_T/C,Chr10,4086524,0.0368106362898359,1338,FALSE
Pv2.1_06_13831784_A/AT,Chr06,13831784,0.0367994985687208,1339,FALSE
Pv2.1_01_5016417_A/T,Chr01,5016417,0.0367841817957553,1340,FALSE
Pv2.1_08_61725416_G/A,Chr08,61725416,0.0367759471393323,1341,FALSE
Pv2.1_05_11706427_A/T,Chr05,11706427,0.0367679104056173,1342,FALSE
Pv2.1_07_6697812_AT/A,Chr07,6697812,0.0367502456231055,1343,FALSE
Pv2.1_08_4386572_C/T,Chr08,4386572,0.0367500280902622,1344,FALSE
Pv2.1_09_37528191_G/GA,Chr09,37528191,0.0367465264063407,1345,FALSE
Pv2.1_01_2881513_A/T,Chr01,2881513,0.0367437207876136,1346,FALSE
Pv2.1_07_10411392_G/A,Chr07,10411392,0.0367429036362386,1347,FALSE
Pv2.1_07_10411409_A/G,Chr07,10411409,0.0367429036362386,1348,FALSE
Pv2.1_07_35327776_C/G,Chr07,35327776,0.0367274078705662,1349,FALSE
Pv2.1_06_17273125_A/T,Chr06,17273125,0.0367238434868074,1350,FALSE
Pv2.1_06_18113179_T/C,Chr06,18113179,0.0367201061018805,1351,FALSE
Pv2.1_05_1992298_C/T,Chr05,1992298,0.036718696024999,1352,FALSE
Pv2.1_02_47357021_C/T,Chr02,47357021,0.036717643706178,1353,FALSE
Pv2.1_07_3653962_G/T,Chr07,3653962,0.0367153617576044,1354,FALSE
Pv2.1_02_3118981_C/A,Chr02,3118981,0.0367149373732296,1355,FALSE
Pv2.1_04_68978_G/C,Chr04,68978,0.0367131060552128,1356,FALSE
Pv2.1_01_3451961_C/T,Chr01,3451961,0.0367118504482087,1357,FALSE
Pv2.1_06_21533243_G/C,Chr06,21533243,0.0367059815690349,1358,FALSE
Pv2.1_01_51235800_C/T,Chr01,51235800,0.0366977564053319,1359,FALSE
Pv2.1_05_38959183_C/T,Chr05,38959183,0.0366871549199557,1360,FALSE
Pv2.1_01_4818691_C/T,Chr01,4818691,0.0366836714041034,1361,FALSE
Pv2.1_06_17610141_T/C,Chr06,17610141,0.0366672512293511,1362,FALSE
Pv2.1_03_39815956_T/G,Chr03,39815956,0.0366658681688721,1363,FALSE
Pv2.1_04_3102065_C/G,Chr04,3102065,0.0366584347727255,1364,FALSE
Pv2.1_07_6950738_G/C,Chr07,6950738,0.0366555930510515,1365,FALSE
Pv2.1_07_6950740_A/G,Chr07,6950740,0.0366555930510515,1366,FALSE
Pv2.1_07_6950743_G/A,Chr07,6950743,0.0366555930510515,1367,FALSE
Pv2.1_08_706796_G/A,Chr08,706796,0.0366480559651836,1368,FALSE
Pv2.1_06_18558717_G/C,Chr06,18558717,0.0366465428029801,1369,FALSE
Pv2.1_04_2032983_T/C,Chr04,2032983,0.0366455273960176,1370,FALSE
Pv2.1_06_21153707_C/T,Chr06,21153707,0.0366446457319789,1371,FALSE
Pv2.1_05_38959223_A/T,Chr05,38959223,0.0366430136047251,1372,FALSE
Pv2.1_10_6682644_C/T,Chr10,6682644,0.0366419225917469,1373,FALSE
Pv2.1_09_13655184_C/G,Chr09,13655184,0.0366365402752158,1374,FALSE
Pv2.1_09_37257799_G/A,Chr09,37257799,0.036634619042168,1375,FALSE
Pv2.1_02_41115818_T/C,Chr02,41115818,0.0366078502017522,1376,FALSE
Pv2.1_07_32673492_T/C,Chr07,32673492,0.036606901703633,1377,FALSE
Pv2.1_01_51193098_C/T,Chr01,51193098,0.0366067324371473,1378,FALSE
Pv2.1_01_51193102_T/G,Chr01,51193102,0.0366067324371473,1379,FALSE
Pv2.1_10_42792016_G/T,Chr10,42792016,0.0365962290031541,1380,FALSE
Pv2.1_06_22450330_A/G,Chr06,22450330,0.0365940618890082,1381,FALSE
Pv2.1_06_18250121_A/G,Chr06,18250121,0.0365936626450525,1382,FALSE
Pv2.1_06_5985576_A/G,Chr06,5985576,0.0365934549897999,1383,FALSE
Pv2.1_08_62869148_T/C,Chr08,62869148,0.0365912303207518,1384,FALSE
Pv2.1_01_2733473_A/C,Chr01,2733473,0.0365839788648255,1385,FALSE
Pv2.1_01_4737536_A/C,Chr01,4737536,0.0365827450322032,1386,FALSE
Pv2.1_06_13861419_C/T,Chr06,13861419,0.0365815794338449,1387,FALSE
Pv2.1_08_62895172_A/G,Chr08,62895172,0.0365786444510183,1388,FALSE
Pv2.1_11_2132642_C/G,Chr11,2132642,0.0365759969411994,1389,FALSE
Pv2.1_03_6417796_C/A,Chr03,6417796,0.0365661824455765,1390,FALSE
Pv2.1_02_41012169_G/A,Chr02,41012169,0.0365578543359488,1391,FALSE
Pv2.1_06_8724644_A/G,Chr06,8724644,0.0365408423279665,1392,FALSE
Pv2.1_05_39562403_A/AT,Chr05,39562403,0.0365386640437628,1393,FALSE
Pv2.1_02_47364316_TATC/T,Chr02,47364316,0.0365367447663041,1394,FALSE
Pv2.1_06_2197416_A/C,Chr06,2197416,0.0365365613686315,1395,FALSE
Pv2.1_07_8392706_C/T,Chr07,8392706,0.0365289974228848,1396,FALSE
Pv2.1_07_8392714_T/A,Chr07,8392714,0.0365289974228848,1397,FALSE
Pv2.1_07_3673584_C/T,Chr07,3673584,0.0365288758059057,1398,FALSE
Pv2.1_06_16416741_A/T,Chr06,16416741,0.0365177813983268,1399,FALSE
Pv2.1_10_3834489_A/G,Chr10,3834489,0.0365123545716175,1400,FALSE
Pv2.1_08_62807865_T/C,Chr08,62807865,0.0364936628887063,1401,FALSE
Pv2.1_07_10184567_T/A,Chr07,10184567,0.0364931035949496,1402,FALSE
Pv2.1_07_9563090_GT/G,Chr07,9563090,0.0364931035949496,1403,FALSE
Pv2.1_07_9638946_T/G,Chr07,9638946,0.0364931035949496,1404,FALSE
Pv2.1_01_3672021_G/T,Chr01,3672021,0.0364920969667328,1405,FALSE
Pv2.1_09_36079796_A/G,Chr09,36079796,0.0364871601018946,1406,FALSE
Pv2.1_07_37767237_G/T,Chr07,37767237,0.0364870912725892,1407,FALSE
Pv2.1_03_49131472_A/C,Chr03,49131472,0.0364866722384578,1408,FALSE
Pv2.1_10_40726149_G/C,Chr10,40726149,0.0364850730518658,1409,FALSE
Pv2.1_08_62851481_G/A,Chr08,62851481,0.0364716023456841,1410,FALSE
Pv2.1_08_62851490_T/G,Chr08,62851490,0.0364716023456841,1411,FALSE
Pv2.1_07_37410309_T/A,Chr07,37410309,0.0364710898050253,1412,FALSE
Pv2.1_02_41183418_T/C,Chr02,41183418,0.0364678198424762,1413,FALSE
Pv2.1_11_50800435_T/A,Chr11,50800435,0.0364645609646881,1414,FALSE
Pv2.1_08_61225455_CT/C,Chr08,61225455,0.0364637355703996,1415,FALSE
Pv2.1_06_458126_T/C,Chr06,458126,0.0364622277246345,1416,FALSE
Pv2.1_04_22568_G/T,Chr04,22568,0.0364617517695152,1417,FALSE
Pv2.1_10_39394662_T/C,Chr10,39394662,0.0364582008721084,1418,FALSE
Pv2.1_08_61240435_T/A,Chr08,61240435,0.0364538434141979,1419,FALSE
Pv2.1_10_42550565_T/C,Chr10,42550565,0.0364525934311502,1420,FALSE
Pv2.1_06_30732397_G/GAACA,Chr06,30732397,0.0364485847865081,1421,FALSE
Pv2.1_07_8310790_G/A,Chr07,8310790,0.0364366001807004,1422,FALSE
Pv2.1_07_9683044_A/T,Chr07,9683044,0.0364366001807004,1423,FALSE
Pv2.1_07_10116650_G/T,Chr07,10116650,0.0364352285387617,1424,FALSE
Pv2.1_01_49271006_A/AGGATAT,Chr01,49271006,0.0364322368067067,1425,FALSE
Pv2.1_02_38513277_A/AT,Chr02,38513277,0.0364273226324103,1426,FALSE
Pv2.1_08_5260930_C/T,Chr08,5260930,0.0364202446332946,1427,FALSE
Pv2.1_09_36533141_T/A,Chr09,36533141,0.0364164091697208,1428,FALSE
Pv2.1_08_61663103_C/T,Chr08,61663103,0.0364146024164174,1429,FALSE
Pv2.1_11_111774_C/T,Chr11,111774,0.036409004736579,1430,FALSE
Pv2.1_02_35804150_T/G,Chr02,35804150,0.0364088980337729,1431,FALSE
Pv2.1_01_5016197_C/CAAG,Chr01,5016197,0.0363985215792986,1432,FALSE
Pv2.1_02_3241486_A/T,Chr02,3241486,0.0363969017366368,1433,FALSE
Pv2.1_07_34547095_C/A,Chr07,34547095,0.0363857156667691,1434,FALSE
Pv2.1_03_7427529_C/T,Chr03,7427529,0.0363708542035957,1435,FALSE
Pv2.1_06_18097143_C/T,Chr06,18097143,0.0363702529723704,1436,FALSE
Pv2.1_06_11458033_C/G,Chr06,11458033,0.0363688361839598,1437,FALSE
Pv2.1_08_199104_C/T,Chr08,199104,0.0363674278137296,1438,FALSE
Pv2.1_05_2230537_T/C,Chr05,2230537,0.0363544693521471,1439,FALSE
Pv2.1_10_42512962_G/A,Chr10,42512962,0.0363541916228929,1440,FALSE
Pv2.1_07_5387112_T/A,Chr07,5387112,0.0363477500422,1441,FALSE
Pv2.1_11_2171711_T/C,Chr11,2171711,0.0363421605840575,1442,FALSE
Pv2.1_04_2279256_A/G,Chr04,2279256,0.0363142052476375,1443,FALSE
Pv2.1_05_39687095_A/G,Chr05,39687095,0.0363133711403911,1444,FALSE
Pv2.1_04_1593550_A/T,Chr04,1593550,0.0363125164053417,1445,FALSE
Pv2.1_06_13831762_T/G,Chr06,13831762,0.0363110374595834,1446,FALSE
Pv2.1_08_148957_G/A,Chr08,148957,0.0363025214781825,1447,FALSE
Pv2.1_08_148989_T/C,Chr08,148989,0.0363025214781825,1448,FALSE
Pv2.1_08_148996_G/A,Chr08,148996,0.0363025214781825,1449,FALSE
Pv2.1_08_149002_T/G,Chr08,149002,0.0363025214781825,1450,FALSE
Pv2.1_08_149003_T/A,Chr08,149003,0.0363025214781825,1451,FALSE
Pv2.1_07_37677554_C/G,Chr07,37677554,0.0362960844755249,1452,FALSE
Pv2.1_03_7263279_A/G,Chr03,7263279,0.0362897887914646,1453,FALSE
Pv2.1_04_3957279_C/G,Chr04,3957279,0.0362894694504927,1454,FALSE
Pv2.1_04_3957280_T/A,Chr04,3957280,0.0362894694504927,1455,FALSE
Pv2.1_04_3957297_G/T,Chr04,3957297,0.0362894694504927,1456,FALSE
Pv2.1_08_60329746_T/A,Chr08,60329746,0.0362882395736275,1457,FALSE
Pv2.1_10_42186103_T/C,Chr10,42186103,0.0362846737628115,1458,FALSE
Pv2.1_07_7931072_G/T,Chr07,7931072,0.0362734069341113,1459,FALSE
Pv2.1_07_8689714_G/A,Chr07,8689714,0.0362734069341113,1460,FALSE
Pv2.1_02_47384057_A/T,Chr02,47384057,0.0362568758923261,1461,FALSE
Pv2.1_06_16433711_T/C,Chr06,16433711,0.0362521453081111,1462,FALSE
Pv2.1_11_1851798_T/G,Chr11,1851798,0.0362489358074205,1463,FALSE
Pv2.1_08_58446162_A/T,Chr08,58446162,0.0362471403972342,1464,FALSE
Pv2.1_07_4755459_A/T,Chr07,4755459,0.0362460983963366,1465,FALSE
Pv2.1_09_22312661_T/A,Chr09,22312661,0.0362459211917985,1466,FALSE
Pv2.1_09_22312665_G/T,Chr09,22312665,0.0362459211917985,1467,FALSE
Pv2.1_09_22312670_G/C,Chr09,22312670,0.0362459211917985,1468,FALSE
Pv2.1_06_18507833_T/C,Chr06,18507833,0.0362441929103627,1469,FALSE
Pv2.1_01_51308654_A/C,Chr01,51308654,0.0362427035791026,1470,FALSE
Pv2.1_08_62787430_G/A,Chr08,62787430,0.0362345152043218,1471,FALSE
Pv2.1_07_454500_A/G,Chr07,454500,0.0362278096051254,1472,FALSE
Pv2.1_10_5041020_T/A,Chr10,5041020,0.0362270080111471,1473,FALSE
Pv2.1_07_9773095_T/C,Chr07,9773095,0.0362268265145356,1474,FALSE
Pv2.1_07_9773105_A/G,Chr07,9773105,0.0362268265145356,1475,FALSE
Pv2.1_01_4240065_A/G,Chr01,4240065,0.0362263183132145,1476,FALSE
Pv2.1_03_42027488_A/T,Chr03,42027488,0.0362237455410113,1477,FALSE
Pv2.1_04_2047816_G/C,Chr04,2047816,0.0362190894256145,1478,FALSE
Pv2.1_07_9624952_C/G,Chr07,9624952,0.036211837227611,1479,FALSE
Pv2.1_04_455754_A/G,Chr04,455754,0.036208276570747,1480,FALSE
Pv2.1_01_51281726_A/G,Chr01,51281726,0.0362004212781524,1481,FALSE
Pv2.1_10_40290980_ATATGGC/A,Chr10,40290980,0.0361928310505251,1482,FALSE
Pv2.1_10_3834525_A/T,Chr10,3834525,0.0361870321631463,1483,FALSE
Pv2.1_11_47185856_C/T,Chr11,47185856,0.0361841342049689,1484,FALSE
Pv2.1_06_22714797_AAG/A,Chr06,22714797,0.0361788789305604,1485,FALSE
Pv2.1_06_21533228_C/G,Chr06,21533228,0.0361766425536083,1486,FALSE
Pv2.1_01_143920_G/A,Chr01,143920,0.0361702518197347,1487,FALSE
Pv2.1_08_61870999_T/A,Chr08,61870999,0.0361692375726701,1488,FALSE
Pv2.1_11_2171631_T/C,Chr11,2171631,0.036168127061877,1489,FALSE
Pv2.1_11_2171662_C/A,Chr11,2171662,0.036168127061877,1490,FALSE
Pv2.1_08_61671504_T/C,Chr08,61671504,0.036164724994427,1491,FALSE
Pv2.1_06_25021839_G/C,Chr06,25021839,0.0361500625236157,1492,FALSE
Pv2.1_08_1372476_A/G,Chr08,1372476,0.0361446792378874,1493,FALSE
Pv2.1_09_36784726_A/G,Chr09,36784726,0.0361429825600288,1494,FALSE
Pv2.1_06_15913495_AGAC/A,Chr06,15913495,0.0361414091780103,1495,FALSE
Pv2.1_07_8771144_A/C,Chr07,8771144,0.0361245445856331,1496,FALSE
Pv2.1_08_45849481_G/T,Chr08,45849481,0.0361134571992241,1497,FALSE
Pv2.1_07_35757569_C/T,Chr07,35757569,0.03610895608923,1498,FALSE
Pv2.1_08_60442649_C/T,Chr08,60442649,0.0361086758310547,1499,FALSE
Pv2.1_08_62824154_C/T,Chr08,62824154,0.0361060195517604,1500,FALSE
Pv2.1_07_3313475_G/A,Chr07,3313475,0.0361041084831024,1501,FALSE
Pv2.1_07_3313494_G/A,Chr07,3313494,0.036104108483102,1502,FALSE
Pv2.1_09_37495948_C/T,Chr09,37495948,0.0361028949046918,1503,FALSE
Pv2.1_08_53057939_A/C,Chr08,53057939,0.0360975321077461,1504,FALSE
Pv2.1_06_9560178_G/T,Chr06,9560178,0.0360974620566141,1505,FALSE
Pv2.1_09_35832578_A/AT,Chr09,35832578,0.0360974253899649,1506,FALSE
Pv2.1_08_114379_C/G,Chr08,114379,0.0360891532577909,1507,FALSE
Pv2.1_06_3340697_C/T,Chr06,3340697,0.0360858767847376,1508,FALSE
Pv2.1_04_455752_C/T,Chr04,455752,0.0360857320350489,1509,FALSE
Pv2.1_06_30941684_T/C,Chr06,30941684,0.0360826338070384,1510,FALSE
Pv2.1_06_16312013_C/A,Chr06,16312013,0.0360797516901639,1511,FALSE
Pv2.1_07_8691135_T/C,Chr07,8691135,0.0360677291501599,1512,FALSE
Pv2.1_04_4560928_G/A,Chr04,4560928,0.0360596890823239,1513,FALSE
Pv2.1_06_18115044_G/T,Chr06,18115044,0.0360476942740564,1514,FALSE
Pv2.1_06_18115048_A/T,Chr06,18115048,0.0360476942740564,1515,FALSE
Pv2.1_06_18115056_G/A,Chr06,18115056,0.0360476942740564,1516,FALSE
Pv2.1_08_61502280_T/A,Chr08,61502280,0.0360321863634461,1517,FALSE
Pv2.1_07_8497468_T/TG,Chr07,8497468,0.0360300738477029,1518,FALSE
Pv2.1_07_36713200_A/G,Chr07,36713200,0.03602419893368,1519,FALSE
Pv2.1_03_32701069_T/TG,Chr03,32701069,0.0360227900114154,1520,FALSE
Pv2.1_04_1956651_T/C,Chr04,1956651,0.036020790341305,1521,FALSE
Pv2.1_05_40443913_T/C,Chr05,40443913,0.0360129885746074,1522,FALSE
Pv2.1_06_24233499_G/A,Chr06,24233499,0.0360063345715513,1523,FALSE
Pv2.1_01_51062842_A/T,Chr01,51062842,0.0360059616349568,1524,FALSE
Pv2.1_01_51062851_A/G,Chr01,51062851,0.0360059616349568,1525,FALSE
Pv2.1_07_454491_C/G,Chr07,454491,0.0360010375509643,1526,FALSE
Pv2.1_07_10207663_G/C,Chr07,10207663,0.0359983120180245,1527,FALSE
Pv2.1_02_37203091_G/A,Chr02,37203091,0.0359923646347045,1528,FALSE
Pv2.1_06_15076699_C/A,Chr06,15076699,0.0359900852580641,1529,FALSE
Pv2.1_07_9441525_G/A,Chr07,9441525,0.0359799233379281,1530,FALSE
Pv2.1_07_9680861_A/T,Chr07,9680861,0.0359799233379281,1531,FALSE
Pv2.1_08_5260936_T/C,Chr08,5260936,0.035978176743884,1532,FALSE
Pv2.1_08_1278308_A/G,Chr08,1278308,0.0359650735822559,1533,FALSE
Pv2.1_10_4468438_A/G,Chr10,4468438,0.0359618617272033,1534,FALSE
Pv2.1_08_62818983_G/A,Chr08,62818983,0.0359581240882108,1535,FALSE
Pv2.1_08_61879951_A/C,Chr08,61879951,0.0359575752601478,1536,FALSE
Pv2.1_07_8310786_C/A,Chr07,8310786,0.0359526400429604,1537,FALSE
Pv2.1_05_1992220_A/C,Chr05,1992220,0.0359519888996687,1538,FALSE
Pv2.1_08_62934507_T/G,Chr08,62934507,0.0359517322174536,1539,FALSE
Pv2.1_05_10675762_T/C,Chr05,10675762,0.0359361400020819,1540,FALSE
Pv2.1_04_455752_C/G,Chr04,455752,0.0359342885126557,1541,FALSE
Pv2.1_11_2258751_G/A,Chr11,2258751,0.0359338501973796,1542,FALSE
Pv2.1_09_36670556_C/G,Chr09,36670556,0.0359333042405319,1543,FALSE
Pv2.1_07_9651831_G/C,Chr07,9651831,0.0359296869161048,1544,FALSE
Pv2.1_03_27654473_C/CT,Chr03,27654473,0.0359294773105794,1545,FALSE
Pv2.1_06_4385326_A/C,Chr06,4385326,0.0359217210788985,1546,FALSE
Pv2.1_03_52775566_C/T,Chr03,52775566,0.0359177025931197,1547,FALSE
Pv2.1_03_52775572_G/A,Chr03,52775572,0.0359177025931197,1548,FALSE
Pv2.1_10_4086557_A/G,Chr10,4086557,0.035908959034884,1549,FALSE
Pv2.1_10_4086559_C/G,Chr10,4086559,0.035908959034884,1550,FALSE
Pv2.1_10_4086560_T/C,Chr10,4086560,0.035908959034884,1551,FALSE
Pv2.1_07_37600249_A/T,Chr07,37600249,0.0359002953325964,1552,FALSE
Pv2.1_07_7874158_C/T,Chr07,7874158,0.0358957989308024,1553,FALSE
Pv2.1_07_7874198_C/T,Chr07,7874198,0.0358957989308024,1554,FALSE
Pv2.1_05_38808759_T/C,Chr05,38808759,0.0358925894939377,1555,FALSE
Pv2.1_04_1576956_C/T,Chr04,1576956,0.0358910423623913,1556,FALSE
Pv2.1_08_1287712_T/C,Chr08,1287712,0.0358864199473836,1557,FALSE
Pv2.1_08_5441050_G/GT,Chr08,5441050,0.0358769169672728,1558,FALSE
Pv2.1_10_5041042_GA/G,Chr10,5041042,0.0358731819863918,1559,FALSE
Pv2.1_10_3050668_T/A,Chr10,3050668,0.0358729258331283,1560,FALSE
Pv2.1_09_37230503_A/G,Chr09,37230503,0.0358654517490988,1561,FALSE
Pv2.1_09_37230504_A/G,Chr09,37230504,0.0358654517490988,1562,FALSE
Pv2.1_09_37230516_C/T,Chr09,37230516,0.0358654517490988,1563,FALSE
Pv2.1_08_9714470_C/A,Chr08,9714470,0.0358592810245639,1564,FALSE
Pv2.1_09_37348767_T/C,Chr09,37348767,0.0358347534126038,1565,FALSE
Pv2.1_09_22307848_T/TATAA,Chr09,22307848,0.0358342778493852,1566,FALSE
Pv2.1_01_12576500_C/T,Chr01,12576500,0.0358312437903798,1567,FALSE
Pv2.1_08_62936068_G/A,Chr08,62936068,0.0358309103679968,1568,FALSE
Pv2.1_10_42650620_AC/A,Chr10,42650620,0.0358216291209512,1569,FALSE
Pv2.1_08_61663019_A/G,Chr08,61663019,0.0358158411561429,1570,FALSE
Pv2.1_10_43984462_T/C,Chr10,43984462,0.0358157518201878,1571,FALSE
Pv2.1_01_12576284_T/C,Chr01,12576284,0.0358139028043158,1572,FALSE
Pv2.1_07_6753484_T/C,Chr07,6753484,0.0358132752218081,1573,FALSE
Pv2.1_08_75271_G/T,Chr08,75271,0.0358121085854242,1574,FALSE
Pv2.1_06_20202657_T/C,Chr06,20202657,0.03580577161854,1575,FALSE
Pv2.1_10_42602234_G/A,Chr10,42602234,0.0358054675137649,1576,FALSE
Pv2.1_04_1421318_G/A,Chr04,1421318,0.0357941937133508,1577,FALSE
Pv2.1_07_35749347_T/C,Chr07,35749347,0.035790485055748,1578,FALSE
Pv2.1_06_24465603_T/A,Chr06,24465603,0.0357885687571717,1579,FALSE
Pv2.1_07_8536236_G/A,Chr07,8536236,0.0357820040500707,1580,FALSE
Pv2.1_07_9684808_T/C,Chr07,9684808,0.0357820040500707,1581,FALSE
Pv2.1_10_6648657_A/T,Chr10,6648657,0.0357699599121051,1582,FALSE
Pv2.1_11_51714110_G/C,Chr11,51714110,0.0357585886704843,1583,FALSE
Pv2.1_07_35085558_C/T,Chr07,35085558,0.0357514854105956,1584,FALSE
Pv2.1_06_15844939_A/G,Chr06,15844939,0.0357508839815952,1585,FALSE
Pv2.1_11_45615020_T/A,Chr11,45615020,0.0357482134510039,1586,FALSE
Pv2.1_07_8249347_C/T,Chr07,8249347,0.0357457187698214,1587,FALSE
Pv2.1_07_8249354_C/T,Chr07,8249354,0.0357457187698214,1588,FALSE
Pv2.1_07_37424042_G/A,Chr07,37424042,0.0357353413060659,1589,FALSE
Pv2.1_07_37424049_A/T,Chr07,37424049,0.0357353413060659,1590,FALSE
Pv2.1_07_37424061_A/T,Chr07,37424061,0.0357353413060659,1591,FALSE
Pv2.1_08_1265170_T/A,Chr08,1265170,0.0357288680769323,1592,FALSE
Pv2.1_02_44880352_C/T,Chr02,44880352,0.0357249768034045,1593,FALSE
Pv2.1_08_60076762_A/C,Chr08,60076762,0.0357180817999998,1594,FALSE
Pv2.1_11_3170319_T/G,Chr11,3170319,0.035711529556079,1595,FALSE
Pv2.1_03_45752917_C/T,Chr03,45752917,0.0357101622354539,1596,FALSE
Pv2.1_04_46177985_C/G,Chr04,46177985,0.0356997455407013,1597,FALSE
Pv2.1_07_4001130_G/T,Chr07,4001130,0.0356933279886289,1598,FALSE
Pv2.1_08_61525779_G/A,Chr08,61525779,0.0356931065858963,1599,FALSE
Pv2.1_06_18741540_G/GT,Chr06,18741540,0.0356914486167232,1600,FALSE
Pv2.1_07_10704382_G/A,Chr07,10704382,0.0356875098392773,1601,FALSE
Pv2.1_09_37352774_C/T,Chr09,37352774,0.0356807991213857,1602,FALSE
Pv2.1_01_51135747_T/G,Chr01,51135747,0.0356801496559944,1603,FALSE
Pv2.1_08_62891903_C/T,Chr08,62891903,0.0356776747412084,1604,FALSE
Pv2.1_06_27995543_C/A,Chr06,27995543,0.0356751885030255,1605,FALSE
Pv2.1_07_37462257_A/G,Chr07,37462257,0.0356711093599995,1606,FALSE
Pv2.1_03_45996524_A/G,Chr03,45996524,0.0356691010183541,1607,FALSE
Pv2.1_10_42791961_T/C,Chr10,42791961,0.0356680851752595,1608,FALSE
Pv2.1_07_37941171_C/A,Chr07,37941171,0.0356503523418459,1609,FALSE
Pv2.1_08_63036279_G/A,Chr08,63036279,0.0356498913018353,1610,FALSE
Pv2.1_08_1381635_T/G,Chr08,1381635,0.0356465439450608,1611,FALSE
Pv2.1_08_3002567_C/T,Chr08,3002567,0.0356462821091266,1612,FALSE
Pv2.1_03_46136378_AT/A,Chr03,46136378,0.0356425011005137,1613,FALSE
Pv2.1_11_46186692_A/T,Chr11,46186692,0.0356384461522801,1614,FALSE
Pv2.1_03_39819948_G/A,Chr03,39819948,0.0356372851712861,1615,FALSE
Pv2.1_08_225246_G/A,Chr08,225246,0.0356352075009396,1616,FALSE
Pv2.1_05_38443976_T/C,Chr05,38443976,0.0356340485947624,1617,FALSE
Pv2.1_01_12044381_G/A,Chr01,12044381,0.0356274670535544,1618,FALSE
Pv2.1_08_62766884_G/T,Chr08,62766884,0.0356266702459966,1619,FALSE
Pv2.1_06_21423624_G/A,Chr06,21423624,0.0356246924182257,1620,FALSE
Pv2.1_08_3810020_T/A,Chr08,3810020,0.0356135520557297,1621,FALSE
Pv2.1_07_10411467_C/A,Chr07,10411467,0.0356131452475088,1622,FALSE
Pv2.1_07_5523308_C/T,Chr07,5523308,0.035608355527506,1623,FALSE
Pv2.1_07_5523311_A/C,Chr07,5523311,0.035608355527506,1624,FALSE
Pv2.1_08_62807760_T/G,Chr08,62807760,0.0356052612814777,1625,FALSE
Pv2.1_07_36688071_C/T,Chr07,36688071,0.0356030660879614,1626,FALSE
Pv2.1_10_5821153_T/A,Chr10,5821153,0.0355802866241146,1627,FALSE
Pv2.1_05_40706653_C/A,Chr05,40706653,0.0355795053788341,1628,FALSE
Pv2.1_06_14887355_C/T,Chr06,14887355,0.0355781770882806,1629,FALSE
Pv2.1_03_41092676_G/C,Chr03,41092676,0.0355765527928456,1630,FALSE
Pv2.1_03_51304817_A/G,Chr03,51304817,0.0355710437915397,1631,FALSE
Pv2.1_01_4066390_C/G,Chr01,4066390,0.0355702227129666,1632,FALSE
Pv2.1_01_49333536_A/G,Chr01,49333536,0.0355674928324805,1633,FALSE
Pv2.1_01_51040700_C/A,Chr01,51040700,0.0355661902048423,1634,FALSE
Pv2.1_02_45510435_C/A,Chr02,45510435,0.0355628057248034,1635,FALSE
Pv2.1_08_1501751_C/A,Chr08,1501751,0.0355541372924812,1636,FALSE
Pv2.1_06_20852352_G/C,Chr06,20852352,0.0355399740394229,1637,FALSE
Pv2.1_08_1234711_C/T,Chr08,1234711,0.0355352060025123,1638,FALSE
Pv2.1_11_45427539_A/G,Chr11,45427539,0.0355317855817732,1639,FALSE
Pv2.1_06_17585830_A/G,Chr06,17585830,0.0355284985043558,1640,FALSE
Pv2.1_06_2035657_G/C,Chr06,2035657,0.035527340616953,1641,FALSE
Pv2.1_06_2127915_A/G,Chr06,2127915,0.035514570086292,1642,FALSE
Pv2.1_01_49301985_T/C,Chr01,49301985,0.0355133462334849,1643,FALSE
Pv2.1_07_8691172_A/T,Chr07,8691172,0.0354946618693974,1644,FALSE
Pv2.1_03_9110000_C/G,Chr03,9110000,0.0354872805889048,1645,FALSE
Pv2.1_06_16837698_C/G,Chr06,16837698,0.0354871511229629,1646,FALSE
Pv2.1_03_50391768_T/C,Chr03,50391768,0.035477515409998,1647,FALSE
Pv2.1_11_2859330_T/C,Chr11,2859330,0.0354746826229944,1648,FALSE
Pv2.1_06_24465576_T/G,Chr06,24465576,0.0354667550374503,1649,FALSE
Pv2.1_08_62807553_G/A,Chr08,62807553,0.0354611347012503,1650,FALSE
Pv2.1_01_51408437_T/C,Chr01,51408437,0.0354605570906741,1651,FALSE
Pv2.1_08_2736595_T/G,Chr08,2736595,0.03545254163609,1652,FALSE
Pv2.1_07_8553071_T/C,Chr07,8553071,0.0354476333823519,1653,FALSE
Pv2.1_10_6648625_GGAT/G,Chr10,6648625,0.0354469824194652,1654,FALSE
Pv2.1_02_2186646_TA/T,Chr02,2186646,0.0354459441596138,1655,FALSE
Pv2.1_08_62898036_A/T,Chr08,62898036,0.0354446376117452,1656,FALSE
Pv2.1_06_21218348_T/C,Chr06,21218348,0.0354438660022733,1657,FALSE
Pv2.1_09_36526337_C/T,Chr09,36526337,0.0354427743656212,1658,FALSE
Pv2.1_06_17015887_A/T,Chr06,17015887,0.0354422533509422,1659,FALSE
Pv2.1_08_16175959_T/A,Chr08,16175959,0.0354388729037738,1660,FALSE
Pv2.1_07_37599957_T/C,Chr07,37599957,0.0354361885869494,1661,FALSE
Pv2.1_03_2213800_C/A,Chr03,2213800,0.0354333869324233,1662,FALSE
Pv2.1_03_51292249_T/C,Chr03,51292249,0.0354329885194589,1663,FALSE
Pv2.1_02_49597678_T/A,Chr02,49597678,0.035430687545186,1664,FALSE
Pv2.1_06_13089694_T/C,Chr06,13089694,0.0354259741389127,1665,FALSE
Pv2.1_08_3086119_G/A,Chr08,3086119,0.0354255652975439,1666,FALSE
Pv2.1_07_39464624_C/CA,Chr07,39464624,0.0354254690658973,1667,FALSE
Pv2.1_08_7693069_C/CA,Chr08,7693069,0.035424033801891,1668,FALSE
Pv2.1_07_4014505_A/G,Chr07,4014505,0.035423235650327,1669,FALSE
Pv2.1_01_51101375_C/T,Chr01,51101375,0.0354227526589299,1670,FALSE
Pv2.1_08_62894959_G/C,Chr08,62894959,0.0354199387098912,1671,FALSE
Pv2.1_08_62872716_C/T,Chr08,62872716,0.0354137789330693,1672,FALSE
Pv2.1_07_3408957_A/T,Chr07,3408957,0.0354097066254271,1673,FALSE
Pv2.1_08_53392607_T/A,Chr08,53392607,0.0354078797970177,1674,FALSE
Pv2.1_05_39125277_T/C,Chr05,39125277,0.035407834627275,1675,FALSE
Pv2.1_02_47382042_A/G,Chr02,47382042,0.0354011853430167,1676,FALSE
Pv2.1_04_47236887_G/A,Chr04,47236887,0.0354000413323008,1677,FALSE
Pv2.1_08_61589726_A/G,Chr08,61589726,0.0353957563799394,1678,FALSE
Pv2.1_01_38725051_G/A,Chr01,38725051,0.0353901878788379,1679,FALSE
Pv2.1_11_3661727_T/G,Chr11,3661727,0.0353886273797346,1680,FALSE
Pv2.1_08_62495450_T/C,Chr08,62495450,0.035386863521691,1681,FALSE
Pv2.1_08_62495466_C/T,Chr08,62495466,0.035386863521691,1682,FALSE
Pv2.1_07_39382980_A/T,Chr07,39382980,0.0353780611066967,1683,FALSE
Pv2.1_11_51537316_T/C,Chr11,51537316,0.0353761463392059,1684,FALSE
Pv2.1_07_35055592_T/C,Chr07,35055592,0.0353753100368275,1685,FALSE
Pv2.1_08_61153373_A/C,Chr08,61153373,0.0353678152264525,1686,FALSE
Pv2.1_08_58446149_G/T,Chr08,58446149,0.0353601984596477,1687,FALSE
Pv2.1_08_58446184_A/G,Chr08,58446184,0.0353601984596477,1688,FALSE
Pv2.1_09_5792923_AG/A,Chr09,5792923,0.0353471540701209,1689,FALSE
Pv2.1_03_37263979_C/T,Chr03,37263979,0.0353467038374946,1690,FALSE
Pv2.1_03_32236316_C/T,Chr03,32236316,0.0353363996690326,1691,FALSE
Pv2.1_07_9563231_C/T,Chr07,9563231,0.0353275077108677,1692,FALSE
Pv2.1_07_9355830_T/C,Chr07,9355830,0.0353217742316203,1693,FALSE
Pv2.1_07_9950722_T/C,Chr07,9950722,0.0353212085977268,1694,FALSE
Pv2.1_07_9950740_A/C,Chr07,9950740,0.0353212085977268,1695,FALSE
Pv2.1_07_10182410_A/G,Chr07,10182410,0.0353208537370118,1696,FALSE
Pv2.1_07_10182426_T/C,Chr07,10182426,0.0353208537370118,1697,FALSE
Pv2.1_06_19334906_G/GAGAAGC,Chr06,19334906,0.0353198178592038,1698,FALSE
Pv2.1_07_37410316_T/C,Chr07,37410316,0.0353191105318684,1699,FALSE
Pv2.1_04_523221_A/T,Chr04,523221,0.0353165709939804,1700,FALSE
Pv2.1_08_396819_A/C,Chr08,396819,0.0353138268086104,1701,FALSE
Pv2.1_08_3810039_C/G,Chr08,3810039,0.0353056642491256,1702,FALSE
Pv2.1_07_36731936_G/T,Chr07,36731936,0.0353027230637402,1703,FALSE
Pv2.1_08_62327672_C/T,Chr08,62327672,0.035295851015722,1704,FALSE
Pv2.1_06_15567804_G/A,Chr06,15567804,0.0352852945041522,1705,FALSE
Pv2.1_01_4441028_T/G,Chr01,4441028,0.0352817465644,1706,FALSE
Pv2.1_10_42575052_C/G,Chr10,42575052,0.0352803678366951,1707,FALSE
Pv2.1_08_980034_A/C,Chr08,980034,0.0352792731005436,1708,FALSE
Pv2.1_08_1251015_A/G,Chr08,1251015,0.0352779828290122,1709,FALSE
Pv2.1_05_16896849_G/A,Chr05,16896849,0.035276145520887,1710,FALSE
Pv2.1_02_13635645_TC/T,Chr02,13635645,0.0352732384248546,1711,FALSE
Pv2.1_08_773306_T/C,Chr08,773306,0.0352709449768027,1712,FALSE
Pv2.1_08_773315_T/C,Chr08,773315,0.0352709449768027,1713,FALSE
Pv2.1_08_773336_A/G,Chr08,773336,0.0352709449768027,1714,FALSE
Pv2.1_08_62043174_G/A,Chr08,62043174,0.035263626123899,1715,FALSE
Pv2.1_07_35457032_T/A,Chr07,35457032,0.0352628029982562,1716,FALSE
Pv2.1_08_62311063_T/G,Chr08,62311063,0.03526122278496,1717,FALSE
Pv2.1_06_15826658_T/C,Chr06,15826658,0.0352546195896633,1718,FALSE
Pv2.1_04_83056_C/T,Chr04,83056,0.0352519208187232,1719,FALSE
Pv2.1_05_5174471_A/C,Chr05,5174471,0.0352483299905928,1720,FALSE
Pv2.1_08_61225472_C/G,Chr08,61225472,0.0352360538189944,1721,FALSE
Pv2.1_10_5916932_C/T,Chr10,5916932,0.0352353295531285,1722,FALSE
Pv2.1_07_36967431_C/T,Chr07,36967431,0.0352323562333932,1723,FALSE
Pv2.1_06_24104681_A/G,Chr06,24104681,0.0352320410466249,1724,FALSE
Pv2.1_06_24104690_A/G,Chr06,24104690,0.0352320410466249,1725,FALSE
Pv2.1_01_2308633_T/G,Chr01,2308633,0.0352277684310258,1726,FALSE
Pv2.1_09_35630823_A/G,Chr09,35630823,0.0352254141820385,1727,FALSE
Pv2.1_02_27074009_T/A,Chr02,27074009,0.0352251949181421,1728,FALSE
Pv2.1_01_172001_G/A,Chr01,172001,0.0352225631291137,1729,FALSE
Pv2.1_08_61135681_C/T,Chr08,61135681,0.0352195718503867,1730,FALSE
Pv2.1_06_19158211_C/T,Chr06,19158211,0.0352153846530316,1731,FALSE
Pv2.1_06_19158214_A/G,Chr06,19158214,0.0352153846530316,1732,FALSE
Pv2.1_08_1251153_A/C,Chr08,1251153,0.0352141383981905,1733,FALSE
Pv2.1_10_40378526_GA/AG,Chr10,40378526,0.0352104082174751,1734,FALSE
Pv2.1_10_40378527_A/G,Chr10,40378527,0.0352104082174751,1735,FALSE
Pv2.1_08_1465742_A/G,Chr08,1465742,0.0352094919855048,1736,FALSE
Pv2.1_09_36029445_C/T,Chr09,36029445,0.0352059159995077,1737,FALSE
Pv2.1_09_36029466_C/T,Chr09,36029466,0.0352059159995077,1738,FALSE
Pv2.1_08_61818126_A/C,Chr08,61818126,0.0352001078940303,1739,FALSE
Pv2.1_08_62869022_C/T,Chr08,62869022,0.0351926141099055,1740,FALSE
Pv2.1_10_43187238_T/G,Chr10,43187238,0.0351883266972179,1741,FALSE
Pv2.1_09_36619772_T/C,Chr09,36619772,0.0351867271865429,1742,FALSE
Pv2.1_07_36905904_G/A,Chr07,36905904,0.0351823919517291,1743,FALSE
Pv2.1_08_62447286_G/A,Chr08,62447286,0.0351820894688375,1744,FALSE
Pv2.1_06_24281833_G/T,Chr06,24281833,0.0351817240014909,1745,FALSE
Pv2.1_08_8748592_C/T,Chr08,8748592,0.0351795271421604,1746,FALSE
Pv2.1_03_7675292_T/C,Chr03,7675292,0.0351785232221866,1747,FALSE
Pv2.1_01_5596858_G/A,Chr01,5596858,0.0351774402518941,1748,FALSE
Pv2.1_08_1158979_G/T,Chr08,1158979,0.035175406891033,1749,FALSE
Pv2.1_07_7075094_T/TG,Chr07,7075094,0.0351691405258272,1750,FALSE
Pv2.1_04_1686917_A/T,Chr04,1686917,0.0351588842582,1751,FALSE
Pv2.1_10_43984428_T/C,Chr10,43984428,0.0351588104427125,1752,FALSE
Pv2.1_05_40706539_G/T,Chr05,40706539,0.0351581809185104,1753,FALSE
Pv2.1_08_62749880_A/G,Chr08,62749880,0.035152199220041,1754,FALSE
Pv2.1_08_62749897_C/T,Chr08,62749897,0.035152199220041,1755,FALSE
Pv2.1_06_7668273_T/C,Chr06,7668273,0.0351505573217552,1756,FALSE
Pv2.1_07_37393349_A/G,Chr07,37393349,0.0351503647110936,1757,FALSE
Pv2.1_08_58711652_C/A,Chr08,58711652,0.0351360222570434,1758,FALSE
Pv2.1_08_53390753_G/A,Chr08,53390753,0.0351319692709247,1759,FALSE
Pv2.1_11_50568846_T/C,Chr11,50568846,0.0351255441825402,1760,FALSE
Pv2.1_11_50568880_G/A,Chr11,50568880,0.0351255441825402,1761,FALSE
Pv2.1_08_61185281_C/T,Chr08,61185281,0.0351248239783177,1762,FALSE
Pv2.1_04_541489_A/G,Chr04,541489,0.0351236188172308,1763,FALSE
Pv2.1_10_16153586_C/T,Chr10,16153586,0.0351125865600292,1764,FALSE
Pv2.1_03_48151719_G/T,Chr03,48151719,0.0351100009169087,1765,FALSE
Pv2.1_08_58336606_A/C,Chr08,58336606,0.035103439666333,1766,FALSE
Pv2.1_03_52855449_C/A,Chr03,52855449,0.0351002249021519,1767,FALSE
Pv2.1_02_28076045_A/T,Chr02,28076045,0.0350967933040072,1768,FALSE
Pv2.1_07_6772359_A/G,Chr07,6772359,0.0350939617254396,1769,FALSE
Pv2.1_09_36843906_T/C,Chr09,36843906,0.035093612233259,1770,FALSE
Pv2.1_04_279331_A/G,Chr04,279331,0.0350892654963464,1771,FALSE
Pv2.1_08_62495780_T/C,Chr08,62495780,0.035086789755622,1772,FALSE
Pv2.1_08_62495813_A/G,Chr08,62495813,0.035086789755622,1773,FALSE
Pv2.1_08_62311014_C/CT,Chr08,62311014,0.0350802502409389,1774,FALSE
Pv2.1_08_1001543_G/T,Chr08,1001543,0.0350722754831732,1775,FALSE
Pv2.1_09_37626728_G/C,Chr09,37626728,0.0350652387611752,1776,FALSE
Pv2.1_02_2247406_G/A,Chr02,2247406,0.035061268952127,1777,FALSE
Pv2.1_05_39574596_G/A,Chr05,39574596,0.035055637187277,1778,FALSE
Pv2.1_07_8457276_A/G,Chr07,8457276,0.035053324368751,1779,FALSE
Pv2.1_08_4547222_AAT/A,Chr08,4547222,0.0350533197449918,1780,FALSE
Pv2.1_08_62279504_C/T,Chr08,62279504,0.035051271204058,1781,FALSE
Pv2.1_01_49277208_GT/G,Chr01,49277208,0.0350478146635331,1782,FALSE
Pv2.1_07_10207670_A/T,Chr07,10207670,0.035046719440079,1783,FALSE
Pv2.1_07_10207678_T/C,Chr07,10207678,0.035046719440079,1784,FALSE
Pv2.1_11_2171674_G/C,Chr11,2171674,0.0350452788517304,1785,FALSE
Pv2.1_02_3242372_T/A,Chr02,3242372,0.0350414483250967,1786,FALSE
Pv2.1_03_49696995_A/G,Chr03,49696995,0.0350365866365339,1787,FALSE
Pv2.1_10_6682637_C/T,Chr10,6682637,0.0350338620213337,1788,FALSE
Pv2.1_07_37050767_C/G,Chr07,37050767,0.0350332078232798,1789,FALSE
Pv2.1_07_9572089_T/A,Chr07,9572089,0.035031701184284,1790,FALSE
Pv2.1_07_9684759_G/T,Chr07,9684759,0.035031701184284,1791,FALSE
Pv2.1_08_6076860_G/A,Chr08,6076860,0.03503132338074,1792,FALSE
Pv2.1_05_2918539_T/C,Chr05,2918539,0.0350283407077012,1793,FALSE
Pv2.1_06_29458170_G/T,Chr06,29458170,0.0350203919591094,1794,FALSE
Pv2.1_06_16000236_A/T,Chr06,16000236,0.0350186803997343,1795,FALSE
Pv2.1_11_44185800_T/C,Chr11,44185800,0.0350165211793883,1796,FALSE
Pv2.1_09_22312660_C/G,Chr09,22312660,0.0350153246287741,1797,FALSE
Pv2.1_07_37600915_T/A,Chr07,37600915,0.0350085371221587,1798,FALSE
Pv2.1_07_34546869_A/T,Chr07,34546869,0.0350058763612307,1799,FALSE
Pv2.1_06_12262114_G/A,Chr06,12262114,0.034994267196284,1800,FALSE
Pv2.1_06_25436260_C/CATT,Chr06,25436260,0.034990655660371,1801,FALSE
Pv2.1_06_462082_T/C,Chr06,462082,0.0349872476081989,1802,FALSE
Pv2.1_08_62711505_T/TA,Chr08,62711505,0.0349834966299034,1803,FALSE
Pv2.1_01_2388436_T/G,Chr01,2388436,0.0349805410558783,1804,FALSE
Pv2.1_05_37594239_A/C,Chr05,37594239,0.034980407389571,1805,FALSE
Pv2.1_09_37495917_C/G,Chr09,37495917,0.0349707644718928,1806,FALSE
Pv2.1_05_38443933_T/C,Chr05,38443933,0.034967906117144,1807,FALSE
Pv2.1_07_37599952_T/A,Chr07,37599952,0.0349668819026743,1808,FALSE
Pv2.1_06_20904354_G/A,Chr06,20904354,0.0349657986605929,1809,FALSE
Pv2.1_04_3350058_C/G,Chr04,3350058,0.0349578562578663,1810,FALSE
Pv2.1_04_1672519_C/G,Chr04,1672519,0.0349554602756408,1811,FALSE
Pv2.1_07_4047205_A/C,Chr07,4047205,0.0349531461771884,1812,FALSE
Pv2.1_07_8882194_A/G,Chr07,8882194,0.034949338822245,1813,FALSE
Pv2.1_08_62552949_A/G,Chr08,62552949,0.0349476856729374,1814,FALSE
Pv2.1_01_5016430_A/T,Chr01,5016430,0.034939109258282,1815,FALSE
Pv2.1_07_8521809_T/C,Chr07,8521809,0.034938295797053,1816,FALSE
Pv2.1_08_58386373_T/A,Chr08,58386373,0.0349382928506468,1817,FALSE
Pv2.1_06_5598228_G/A,Chr06,5598228,0.034933235891156,1818,FALSE
Pv2.1_05_11993212_G/C,Chr05,11993212,0.0349322552047027,1819,FALSE
Pv2.1_08_61240480_A/G,Chr08,61240480,0.0349313203567951,1820,FALSE
Pv2.1_11_4455707_T/C,Chr11,4455707,0.0349278056974693,1821,FALSE
Pv2.1_01_147928_C/T,Chr01,147928,0.0349172539722455,1822,FALSE
Pv2.1_06_22198282_A/G,Chr06,22198282,0.0349080879273225,1823,FALSE
Pv2.1_11_3921607_T/C,Chr11,3921607,0.034906799011087,1824,FALSE
Pv2.1_03_46140179_T/C,Chr03,46140179,0.0349035602032139,1825,FALSE
Pv2.1_10_2185323_T/G,Chr10,2185323,0.0349018365581841,1826,FALSE
Pv2.1_08_3912807_GA/G,Chr08,3912807,0.0348994978375035,1827,FALSE
Pv2.1_07_30945502_G/T,Chr07,30945502,0.0348994304918975,1828,FALSE
Pv2.1_09_37135482_C/T,Chr09,37135482,0.0348810473786303,1829,FALSE
Pv2.1_09_37135497_T/C,Chr09,37135497,0.0348810473786303,1830,FALSE
Pv2.1_06_19550547_G/C,Chr06,19550547,0.034880747035241,1831,FALSE
Pv2.1_09_36050245_G/A,Chr09,36050245,0.0348769445126278,1832,FALSE
Pv2.1_07_37393459_G/A,Chr07,37393459,0.034872897823651,1833,FALSE
Pv2.1_06_24104692_G/A,Chr06,24104692,0.0348672120213367,1834,FALSE
Pv2.1_03_53239207_T/C,Chr03,53239207,0.0348570106463963,1835,FALSE
Pv2.1_07_3397698_C/G,Chr07,3397698,0.0348543596428486,1836,FALSE
Pv2.1_07_6697825_A/G,Chr07,6697825,0.0348540826969237,1837,FALSE
Pv2.1_09_36843904_A/G,Chr09,36843904,0.0348529470686541,1838,FALSE
Pv2.1_02_48763417_G/A,Chr02,48763417,0.0348504061103441,1839,FALSE
Pv2.1_09_612990_T/A,Chr09,612990,0.034849291361152,1840,FALSE
Pv2.1_07_7692583_A/C,Chr07,7692583,0.0348472915397884,1841,FALSE
Pv2.1_09_36110829_T/A,Chr09,36110829,0.0348468252549674,1842,FALSE
Pv2.1_08_3853188_A/T,Chr08,3853188,0.0348437895779461,1843,FALSE
Pv2.1_10_3834396_T/A,Chr10,3834396,0.0348370979941088,1844,FALSE
Pv2.1_04_1359571_C/T,Chr04,1359571,0.0348243162245185,1845,FALSE
Pv2.1_07_10364336_C/T,Chr07,10364336,0.0348191810511742,1846,FALSE
Pv2.1_07_9651841_A/T,Chr07,9651841,0.0348191810511742,1847,FALSE
Pv2.1_07_9682954_C/T,Chr07,9682954,0.0348191810511742,1848,FALSE
Pv2.1_07_9690162_G/A,Chr07,9690162,0.0348191810511742,1849,FALSE
Pv2.1_08_6961754_C/T,Chr08,6961754,0.0348168001229707,1850,FALSE
Pv2.1_08_75427_T/C,Chr08,75427,0.0348127636061082,1851,FALSE
Pv2.1_01_51065672_A/T,Chr01,51065672,0.0348122314364976,1852,FALSE
Pv2.1_06_25687822_A/T,Chr06,25687822,0.0347910939983001,1853,FALSE
Pv2.1_05_40598752_G/T,Chr05,40598752,0.0347890197830232,1854,FALSE
Pv2.1_09_36431071_C/T,Chr09,36431071,0.0347867370578157,1855,FALSE
Pv2.1_08_58172996_T/A,Chr08,58172996,0.0347791698454385,1856,FALSE
Pv2.1_08_62082085_T/A,Chr08,62082085,0.0347780636307764,1857,FALSE
Pv2.1_02_41172577_A/T,Chr02,41172577,0.0347756886564623,1858,FALSE
Pv2.1_08_9707256_G/C,Chr08,9707256,0.0347740757470971,1859,FALSE
Pv2.1_09_36711810_G/A,Chr09,36711810,0.034773369194316,1860,FALSE
Pv2.1_07_36205682_T/C,Chr07,36205682,0.0347702644094272,1861,FALSE
Pv2.1_08_4561250_A/C,Chr08,4561250,0.0347686163982264,1862,FALSE
Pv2.1_08_1159066_G/A,Chr08,1159066,0.0347680423945658,1863,FALSE
Pv2.1_08_6960173_G/T,Chr08,6960173,0.0347672638446128,1864,FALSE
Pv2.1_05_39161200_C/T,Chr05,39161200,0.0347645446098719,1865,FALSE
Pv2.1_10_42602250_C/T,Chr10,42602250,0.0347554205076377,1866,FALSE
Pv2.1_04_3102111_A/T,Chr04,3102111,0.0347524845521834,1867,FALSE
Pv2.1_06_15112062_A/G,Chr06,15112062,0.0347518607166437,1868,FALSE
Pv2.1_07_9620012_C/T,Chr07,9620012,0.0347496950785677,1869,FALSE
Pv2.1_06_18438190_T/C,Chr06,18438190,0.0347471364823164,1870,FALSE
Pv2.1_09_36563777_T/C,Chr09,36563777,0.0347284446787435,1871,FALSE
Pv2.1_01_51065864_A/G,Chr01,51065864,0.0347236482098929,1872,FALSE
Pv2.1_05_3190771_T/C,Chr05,3190771,0.0347230900050097,1873,FALSE
Pv2.1_05_1969723_A/T,Chr05,1969723,0.0347230685154147,1874,FALSE
Pv2.1_08_10772048_C/G,Chr08,10772048,0.0347226155581941,1875,FALSE
Pv2.1_11_3778716_T/A,Chr11,3778716,0.0347222722111504,1876,FALSE
Pv2.1_08_3961849_T/C,Chr08,3961849,0.0347190387553935,1877,FALSE
Pv2.1_05_4970389_G/A,Chr05,4970389,0.0347148281882173,1878,FALSE
Pv2.1_08_62895077_T/C,Chr08,62895077,0.034708375171876,1879,FALSE
Pv2.1_08_61361022_T/A,Chr08,61361022,0.0347061756718921,1880,FALSE
Pv2.1_05_39343977_G/T,Chr05,39343977,0.0346966600247169,1881,FALSE
Pv2.1_05_11706426_A/T,Chr05,11706426,0.0346913411770404,1882,FALSE
Pv2.1_05_11706428_A/T,Chr05,11706428,0.0346913411770404,1883,FALSE
Pv2.1_07_36905971_C/A,Chr07,36905971,0.0346823084778669,1884,FALSE
Pv2.1_07_36905972_G/T,Chr07,36905972,0.0346823084778669,1885,FALSE
Pv2.1_10_42839581_G/A,Chr10,42839581,0.0346810476162727,1886,FALSE
Pv2.1_08_202816_A/T,Chr08,202816,0.0346738703151495,1887,FALSE
Pv2.1_08_61885695_T/A,Chr08,61885695,0.0346703530154482,1888,FALSE
Pv2.1_07_34558257_C/T,Chr07,34558257,0.0346644846571813,1889,FALSE
Pv2.1_07_10168600_C/T,Chr07,10168600,0.0346623008731917,1890,FALSE
Pv2.1_08_825593_C/A,Chr08,825593,0.0346554145055302,1891,FALSE
Pv2.1_06_16433699_T/C,Chr06,16433699,0.0346541817967916,1892,FALSE
Pv2.1_06_16433737_G/A,Chr06,16433737,0.0346541817967916,1893,FALSE
Pv2.1_01_13452168_G/A,Chr01,13452168,0.0346529856736115,1894,FALSE
Pv2.1_07_7043337_C/T,Chr07,7043337,0.0346517944733864,1895,FALSE
Pv2.1_07_7714727_C/CT,Chr07,7714727,0.0346517944733864,1896,FALSE
Pv2.1_07_7714732_C/T,Chr07,7714732,0.0346517944733864,1897,FALSE
Pv2.1_07_3892744_T/C,Chr07,3892744,0.0346439952607418,1898,FALSE
Pv2.1_08_61391116_T/C,Chr08,61391116,0.0346416599052888,1899,FALSE
Pv2.1_10_9140803_G/A,Chr10,9140803,0.0346389965882441,1900,FALSE
Pv2.1_03_52862734_T/C,Chr03,52862734,0.0346386097479994,1901,FALSE
Pv2.1_05_3801778_T/C,Chr05,3801778,0.0346380776069726,1902,FALSE
Pv2.1_08_62046624_C/G,Chr08,62046624,0.0346364851673635,1903,FALSE
Pv2.1_02_48324858_C/A,Chr02,48324858,0.0346347862627714,1904,FALSE
Pv2.1_02_48755307_G/A,Chr02,48755307,0.0346340599043242,1905,FALSE
Pv2.1_07_35718527_G/A,Chr07,35718527,0.0346330328980828,1906,FALSE
Pv2.1_07_35718583_T/C,Chr07,35718583,0.0346330328980828,1907,FALSE
Pv2.1_06_22964829_A/T,Chr06,22964829,0.0346273209004955,1908,FALSE
Pv2.1_07_4037173_A/G,Chr07,4037173,0.0346270109977511,1909,FALSE
Pv2.1_11_49064905_T/TA,Chr11,49064905,0.0346213362286933,1910,FALSE
Pv2.1_02_3219573_A/G,Chr02,3219573,0.0346205872636678,1911,FALSE
Pv2.1_06_24824474_T/C,Chr06,24824474,0.0346182440070972,1912,FALSE
Pv2.1_08_62863921_G/A,Chr08,62863921,0.0346151813935949,1913,FALSE
Pv2.1_04_3102046_AC/A,Chr04,3102046,0.0346132334588014,1914,FALSE
Pv2.1_01_51308596_T/A,Chr01,51308596,0.0346076263899557,1915,FALSE
Pv2.1_01_4175876_A/T,Chr01,4175876,0.034596089881537,1916,FALSE
Pv2.1_08_61150514_C/G,Chr08,61150514,0.0345853346061706,1917,FALSE
Pv2.1_04_1672568_G/T,Chr04,1672568,0.0345840840265792,1918,FALSE
Pv2.1_08_261577_T/A,Chr08,261577,0.0345751768948683,1919,FALSE
Pv2.1_08_716274_C/G,Chr08,716274,0.0345730794536832,1920,FALSE
Pv2.1_06_22198178_C/A,Chr06,22198178,0.0345688148698335,1921,FALSE
Pv2.1_04_1570782_T/C,Chr04,1570782,0.0345672096268546,1922,FALSE
Pv2.1_04_1570794_T/G,Chr04,1570794,0.0345672096268546,1923,FALSE
Pv2.1_07_37572999_G/C,Chr07,37572999,0.0345602577634532,1924,FALSE
Pv2.1_04_271459_C/T,Chr04,271459,0.034558101876117,1925,FALSE
Pv2.1_08_1437524_C/T,Chr08,1437524,0.0345538477826257,1926,FALSE
Pv2.1_08_59148308_T/A,Chr08,59148308,0.0345530919214681,1927,FALSE
Pv2.1_08_52840426_A/G,Chr08,52840426,0.0345526905933169,1928,FALSE
Pv2.1_06_16933966_T/A,Chr06,16933966,0.0345500592416417,1929,FALSE
Pv2.1_08_61671505_G/T,Chr08,61671505,0.0345454245824808,1930,FALSE
Pv2.1_03_1168762_T/C,Chr03,1168762,0.0345393580246594,1931,FALSE
Pv2.1_06_5879484_A/AT,Chr06,5879484,0.0345258216782347,1932,FALSE
Pv2.1_05_2899571_G/A,Chr05,2899571,0.0345107956369164,1933,FALSE
Pv2.1_08_706773_CAT/C,Chr08,706773,0.0345102651000779,1934,FALSE
Pv2.1_01_2319455_C/T,Chr01,2319455,0.0344993187157407,1935,FALSE
Pv2.1_06_22989725_G/A,Chr06,22989725,0.0344986529718598,1936,FALSE
Pv2.1_11_3661673_C/T,Chr11,3661673,0.0344923660352174,1937,FALSE
Pv2.1_09_37473736_A/G,Chr09,37473736,0.0344896655000202,1938,FALSE
Pv2.1_07_10364318_G/C,Chr07,10364318,0.0344894432513421,1939,FALSE
Pv2.1_08_274567_C/T,Chr08,274567,0.0344864171553141,1940,FALSE
Pv2.1_06_16805445_T/G,Chr06,16805445,0.0344852489385268,1941,FALSE
Pv2.1_07_7420247_A/G,Chr07,7420247,0.0344795759084953,1942,FALSE
Pv2.1_07_7684221_C/T,Chr07,7684221,0.0344789721442917,1943,FALSE
Pv2.1_07_7835221_T/G,Chr07,7835221,0.0344789721442917,1944,FALSE
Pv2.1_07_8689783_A/G,Chr07,8689783,0.0344789721442917,1945,FALSE
Pv2.1_04_455755_A/G,Chr04,455755,0.0344627785941536,1946,FALSE
Pv2.1_09_36028485_C/G,Chr09,36028485,0.0344502892507887,1947,FALSE
Pv2.1_10_42233804_C/A,Chr10,42233804,0.0344457919983929,1948,FALSE
Pv2.1_10_42233807_G/A,Chr10,42233807,0.0344457919983929,1949,FALSE
Pv2.1_06_14600328_T/C,Chr06,14600328,0.0344420543485278,1950,FALSE
Pv2.1_06_14600359_C/T,Chr06,14600359,0.0344420543485278,1951,FALSE
Pv2.1_01_2733494_T/C,Chr01,2733494,0.0344378637476122,1952,FALSE
Pv2.1_03_2629089_A/G,Chr03,2629089,0.0344362950394292,1953,FALSE
Pv2.1_06_20866831_G/T,Chr06,20866831,0.0344345278343807,1954,FALSE
Pv2.1_07_9858146_A/G,Chr07,9858146,0.034432602192163,1955,FALSE
Pv2.1_07_37268329_A/G,Chr07,37268329,0.0344323737664181,1956,FALSE
Pv2.1_08_6077040_C/T,Chr08,6077040,0.0344323655959871,1957,FALSE
Pv2.1_08_61825958_C/A,Chr08,61825958,0.0344301894972077,1958,FALSE
Pv2.1_08_4613329_G/A,Chr08,4613329,0.0344277164098257,1959,FALSE
Pv2.1_04_448849_T/C,Chr04,448849,0.0344274803005185,1960,FALSE
Pv2.1_01_50650017_C/T,Chr01,50650017,0.0344243039352743,1961,FALSE
Pv2.1_10_4355205_T/C,Chr10,4355205,0.0344208463962188,1962,FALSE
Pv2.1_11_1320234_A/G,Chr11,1320234,0.034418302151122,1963,FALSE
Pv2.1_04_170293_C/T,Chr04,170293,0.0344174417870224,1964,FALSE
Pv2.1_10_42047025_C/T,Chr10,42047025,0.0344145891644905,1965,FALSE
Pv2.1_09_37234361_A/G,Chr09,37234361,0.0344135556399627,1966,FALSE
Pv2.1_09_37352672_C/A,Chr09,37352672,0.0344135556399627,1967,FALSE
Pv2.1_09_37352840_G/A,Chr09,37352840,0.0344135556399627,1968,FALSE
Pv2.1_07_8392674_G/C,Chr07,8392674,0.0344065793013706,1969,FALSE
Pv2.1_01_49760345_A/G,Chr01,49760345,0.034401483610786,1970,FALSE
Pv2.1_08_17212648_C/T,Chr08,17212648,0.0343990159751542,1971,FALSE
Pv2.1_11_50980595_A/T,Chr11,50980595,0.0343975891881305,1972,FALSE
Pv2.1_08_714808_A/T,Chr08,714808,0.0343946953353549,1973,FALSE
Pv2.1_02_45454883_A/G,Chr02,45454883,0.0343935794006933,1974,FALSE
Pv2.1_05_38502472_G/A,Chr05,38502472,0.0343910822132125,1975,FALSE
Pv2.1_08_62950750_C/T,Chr08,62950750,0.0343875238639497,1976,FALSE
Pv2.1_09_37369657_A/G,Chr09,37369657,0.0343844138816558,1977,FALSE
Pv2.1_07_9678778_A/G,Chr07,9678778,0.0343809504548873,1978,FALSE
Pv2.1_07_9678793_C/T,Chr07,9678793,0.0343809504548873,1979,FALSE
Pv2.1_08_5697166_T/A,Chr08,5697166,0.0343776982091257,1980,FALSE
Pv2.1_09_36430981_C/T,Chr09,36430981,0.0343731402057905,1981,FALSE
Pv2.1_07_7692546_G/T,Chr07,7692546,0.0343715375156264,1982,FALSE
Pv2.1_07_8220635_G/A,Chr07,8220635,0.0343715375156264,1983,FALSE
Pv2.1_07_8220695_G/A,Chr07,8220695,0.0343715375156264,1984,FALSE
Pv2.1_07_8220725_G/A,Chr07,8220725,0.0343715375156264,1985,FALSE
Pv2.1_08_247070_G/A,Chr08,247070,0.0343692045633217,1986,FALSE
Pv2.1_09_595325_A/G,Chr09,595325,0.034368323740229,1987,FALSE
Pv2.1_06_15913537_G/T,Chr06,15913537,0.0343609719662714,1988,FALSE
Pv2.1_05_26819197_G/A,Chr05,26819197,0.0343569274649722,1989,FALSE
Pv2.1_05_39724716_T/A,Chr05,39724716,0.0343526955172742,1990,FALSE
Pv2.1_06_19939193_T/A,Chr06,19939193,0.0343523721530845,1991,FALSE
Pv2.1_06_5391843_T/C,Chr06,5391843,0.0343494871984924,1992,FALSE
Pv2.1_07_7557164_A/AT,Chr07,7557164,0.0343470349906054,1993,FALSE
Pv2.1_10_3050708_T/C,Chr10,3050708,0.0343454038939073,1994,FALSE
Pv2.1_04_2030452_G/T,Chr04,2030452,0.0343428691452505,1995,FALSE
Pv2.1_02_46886410_T/G,Chr02,46886410,0.0343409224629854,1996,FALSE
Pv2.1_09_37099942_G/A,Chr09,37099942,0.0343382669195802,1997,FALSE
Pv2.1_07_8496926_A/G,Chr07,8496926,0.0343363313799268,1998,FALSE
Pv2.1_08_62838518_A/G,Chr08,62838518,0.0343352124866803,1999,FALSE
Pv2.1_03_50412011_A/C,Chr03,50412011,0.0343272366760092,2000,FALSE
Pv2.1_07_37480970_A/C,Chr07,37480970,0.0343221521071126,2001,FALSE
Pv2.1_09_37501463_C/T,Chr09,37501463,0.0343183037112951,2002,FALSE
Pv2.1_02_13129778_G/A,Chr02,13129778,0.0343155903310382,2003,FALSE
Pv2.1_11_44185805_G/T,Chr11,44185805,0.0343006721284005,2004,FALSE
Pv2.1_06_4809471_C/T,Chr06,4809471,0.0342978190648697,2005,FALSE
Pv2.1_08_62502034_A/T,Chr08,62502034,0.0342941726676194,2006,FALSE
Pv2.1_07_5442678_A/G,Chr07,5442678,0.0342905341053799,2007,FALSE
Pv2.1_07_431979_C/T,Chr07,431979,0.0342899417887623,2008,FALSE
Pv2.1_08_60329080_G/A,Chr08,60329080,0.0342892036961797,2009,FALSE
Pv2.1_07_36688074_T/A,Chr07,36688074,0.034279137012887,2010,FALSE
Pv2.1_02_2768067_C/A,Chr02,2768067,0.0342715307665449,2011,FALSE
Pv2.1_06_15319223_A/G,Chr06,15319223,0.0342706924904546,2012,FALSE
Pv2.1_11_30409019_C/T,Chr11,30409019,0.0342668674705426,2013,FALSE
Pv2.1_06_16237341_A/G,Chr06,16237341,0.0342653601104956,2014,FALSE
Pv2.1_08_825409_C/T,Chr08,825409,0.0342645038172029,2015,FALSE
Pv2.1_08_825421_G/C,Chr08,825421,0.0342645038172029,2016,FALSE
Pv2.1_08_53491329_A/G,Chr08,53491329,0.0342568341364058,2017,FALSE
Pv2.1_02_2953230_G/C,Chr02,2953230,0.0342453419040929,2018,FALSE
Pv2.1_06_12262110_A/C,Chr06,12262110,0.0342444634621133,2019,FALSE
Pv2.1_03_45921649_G/A,Chr03,45921649,0.0342443800968777,2020,FALSE
Pv2.1_03_7208973_G/A,Chr03,7208973,0.0342403470232178,2021,FALSE
Pv2.1_10_333894_T/C,Chr10,333894,0.0342398921659055,2022,FALSE
Pv2.1_07_4174926_A/G,Chr07,4174926,0.0342394688828542,2023,FALSE
Pv2.1_08_11668729_C/G,Chr08,11668729,0.0342360107926663,2024,FALSE
Pv2.1_06_16805624_G/A,Chr06,16805624,0.0342347585028482,2025,FALSE
Pv2.1_07_6920561_C/T,Chr07,6920561,0.0342294877446512,2026,FALSE
Pv2.1_07_6920575_G/A,Chr07,6920575,0.0342294877446512,2027,FALSE
Pv2.1_05_10771643_T/C,Chr05,10771643,0.0342187980670512,2028,FALSE
Pv2.1_04_68979_A/G,Chr04,68979,0.0342158519101674,2029,FALSE
Pv2.1_09_36794394_C/A,Chr09,36794394,0.0342144563480353,2030,FALSE
Pv2.1_06_18593992_C/T,Chr06,18593992,0.0342136521627041,2031,FALSE
Pv2.1_11_1463408_A/G,Chr11,1463408,0.0342057180296043,2032,FALSE
Pv2.1_08_580844_C/T,Chr08,580844,0.0342054935998402,2033,FALSE
Pv2.1_07_33560301_A/T,Chr07,33560301,0.0342035994637544,2034,FALSE
Pv2.1_07_33560322_A/G,Chr07,33560322,0.0342035994637544,2035,FALSE
Pv2.1_08_53255664_A/C,Chr08,53255664,0.0342032581910359,2036,FALSE
Pv2.1_04_9996573_TA/T,Chr04,9996573,0.0341923217299049,2037,FALSE
Pv2.1_11_3691564_T/C,Chr11,3691564,0.0341906145971729,2038,FALSE
Pv2.1_09_36563607_A/G,Chr09,36563607,0.0341875361620509,2039,FALSE
Pv2.1_06_15403258_C/T,Chr06,15403258,0.0341868786660537,2040,FALSE
Pv2.1_02_48755210_C/G,Chr02,48755210,0.0341813410732721,2041,FALSE
Pv2.1_03_3018826_C/T,Chr03,3018826,0.0341793585586725,2042,FALSE
Pv2.1_06_22848864_A/ATGTT,Chr06,22848864,0.0341696791896995,2043,FALSE
Pv2.1_04_156688_A/T,Chr04,156688,0.0341604419848283,2044,FALSE
Pv2.1_04_156700_A/G,Chr04,156700,0.0341604419848283,2045,FALSE
Pv2.1_07_4477994_A/C,Chr07,4477994,0.0341589102774771,2046,FALSE
Pv2.1_07_8393987_T/TG,Chr07,8393987,0.0341574068016817,2047,FALSE
Pv2.1_02_37686642_G/A,Chr02,37686642,0.0341560558852088,2048,FALSE
Pv2.1_07_37475158_T/C,Chr07,37475158,0.0341541098176426,2049,FALSE
Pv2.1_05_35663066_T/C,Chr05,35663066,0.034152677920178,2050,FALSE
Pv2.1_08_62767040_T/A,Chr08,62767040,0.0341501764667385,2051,FALSE
Pv2.1_04_1672570_T/C,Chr04,1672570,0.0341359885891883,2052,FALSE
Pv2.1_05_3670797_G/T,Chr05,3670797,0.0341338135520264,2053,FALSE
Pv2.1_08_84623_G/A,Chr08,84623,0.0341324850642861,2054,FALSE
Pv2.1_08_61825918_A/T,Chr08,61825918,0.0341222786876236,2055,FALSE
Pv2.1_01_51065756_A/G,Chr01,51065756,0.034121163469544,2056,FALSE
Pv2.1_09_37826414_C/T,Chr09,37826414,0.0341210158787897,2057,FALSE
Pv2.1_09_37826436_A/G,Chr09,37826436,0.0341210158787897,2058,FALSE
Pv2.1_08_564157_T/C,Chr08,564157,0.0341190874830684,2059,FALSE
Pv2.1_10_4627862_T/G,Chr10,4627862,0.0341177472105598,2060,FALSE
Pv2.1_02_2473334_C/T,Chr02,2473334,0.0341071619529099,2061,FALSE
Pv2.1_05_11706425_A/T,Chr05,11706425,0.0341049007443259,2062,FALSE
Pv2.1_02_27129356_G/T,Chr02,27129356,0.0340988983826733,2063,FALSE
Pv2.1_11_45615110_A/G,Chr11,45615110,0.0340966306667423,2064,FALSE
Pv2.1_07_36725581_C/A,Chr07,36725581,0.0340938789640797,2065,FALSE
Pv2.1_06_20841490_A/G,Chr06,20841490,0.0340930160151682,2066,FALSE
Pv2.1_07_3889590_G/C,Chr07,3889590,0.0340907083534412,2067,FALSE
Pv2.1_07_3889613_G/A,Chr07,3889613,0.0340907083534412,2068,FALSE
Pv2.1_11_41980868_A/G,Chr11,41980868,0.0340870605981047,2069,FALSE
Pv2.1_04_46214759_C/T,Chr04,46214759,0.0340848772125577,2070,FALSE
Pv2.1_08_61879947_T/C,Chr08,61879947,0.0340821721578792,2071,FALSE
Pv2.1_08_6344811_T/A,Chr08,6344811,0.0340768982691726,2072,FALSE
Pv2.1_07_9355796_C/A,Chr07,9355796,0.0340765132511645,2073,FALSE
Pv2.1_07_8396951_A/G,Chr07,8396951,0.0340751619914306,2074,FALSE
Pv2.1_07_10035385_G/A,Chr07,10035385,0.0340707755550507,2075,FALSE
Pv2.1_11_50261535_C/T,Chr11,50261535,0.0340673770554432,2076,FALSE
Pv2.1_01_51240730_C/T,Chr01,51240730,0.0340621643260519,2077,FALSE
Pv2.1_02_49597630_T/C,Chr02,49597630,0.0340621249062099,2078,FALSE
Pv2.1_08_1003619_T/G,Chr08,1003619,0.0340592570058611,2079,FALSE
Pv2.1_07_9624957_C/T,Chr07,9624957,0.0340577128997008,2080,FALSE
Pv2.1_08_62957009_T/G,Chr08,62957009,0.0340570759260888,2081,FALSE
Pv2.1_07_7599343_T/C,Chr07,7599343,0.0340499534252063,2082,FALSE
Pv2.1_08_61858781_C/T,Chr08,61858781,0.034044740515172,2083,FALSE
Pv2.1_06_24073046_C/G,Chr06,24073046,0.0340421864843203,2084,FALSE
Pv2.1_10_42164255_A/T,Chr10,42164255,0.0340351138448791,2085,FALSE
Pv2.1_07_8715186_A/T,Chr07,8715186,0.0340324031043751,2086,FALSE
Pv2.1_07_10391730_A/T,Chr07,10391730,0.0340321637489356,2087,FALSE
Pv2.1_07_454532_GGA/G,Chr07,454532,0.0340293772350311,2088,FALSE
Pv2.1_06_20904490_T/A,Chr06,20904490,0.0340269016339057,2089,FALSE
Pv2.1_04_1570810_A/G,Chr04,1570810,0.0340260479962771,2090,FALSE
Pv2.1_02_1773128_C/T,Chr02,1773128,0.0340172395569667,2091,FALSE
Pv2.1_10_42569969_C/T,Chr10,42569969,0.0340102840099137,2092,FALSE
Pv2.1_10_42569974_G/A,Chr10,42569974,0.0340102840099137,2093,FALSE
Pv2.1_07_7931065_G/A,Chr07,7931065,0.034005081563981,2094,FALSE
Pv2.1_07_9685092_G/A,Chr07,9685092,0.034005081563981,2095,FALSE
Pv2.1_07_9685135_T/C,Chr07,9685135,0.034005081563981,2096,FALSE
Pv2.1_07_36785057_G/A,Chr07,36785057,0.0340045401855473,2097,FALSE
Pv2.1_08_33228607_T/A,Chr08,33228607,0.0340030762930303,2098,FALSE
Pv2.1_07_36838509_C/T,Chr07,36838509,0.0339965833731424,2099,FALSE
Pv2.1_04_45122550_T/A,Chr04,45122550,0.033994882469,2100,FALSE
Pv2.1_08_62863919_T/A,Chr08,62863919,0.033989184646273,2101,FALSE
Pv2.1_04_547377_C/T,Chr04,547377,0.0339858518558827,2102,FALSE
Pv2.1_01_4852913_C/G,Chr01,4852913,0.0339827415329341,2103,FALSE
Pv2.1_08_11603324_T/C,Chr08,11603324,0.033982008765872,2104,FALSE
Pv2.1_05_1897414_C/T,Chr05,1897414,0.0339805424585604,2105,FALSE
Pv2.1_11_51893757_T/C,Chr11,51893757,0.0339805408331206,2106,FALSE
Pv2.1_04_46189911_A/C,Chr04,46189911,0.0339756299195804,2107,FALSE
Pv2.1_06_27995561_G/T,Chr06,27995561,0.0339673912784799,2108,FALSE
Pv2.1_03_52773454_G/A,Chr03,52773454,0.0339668034047786,2109,FALSE
Pv2.1_04_44825791_C/T,Chr04,44825791,0.0339575603792954,2110,FALSE
Pv2.1_07_37050744_T/A,Chr07,37050744,0.0339552091588411,2111,FALSE
Pv2.1_03_2541127_A/C,Chr03,2541127,0.0339507222682052,2112,FALSE
Pv2.1_08_62936090_T/G,Chr08,62936090,0.0339490331662353,2113,FALSE
Pv2.1_07_8275887_TTAG/T,Chr07,8275887,0.0339488883769117,2114,FALSE
Pv2.1_06_17934290_A/G,Chr06,17934290,0.0339473378009232,2115,FALSE
Pv2.1_10_3079077_G/A,Chr10,3079077,0.0339428188901403,2116,FALSE
Pv2.1_05_38934573_A/G,Chr05,38934573,0.0339369332444539,2117,FALSE
Pv2.1_03_48271296_A/G,Chr03,48271296,0.0339350134391485,2118,FALSE
Pv2.1_08_61639065_A/G,Chr08,61639065,0.0339269967299618,2119,FALSE
Pv2.1_08_62969281_G/T,Chr08,62969281,0.033925327517113,2120,FALSE
Pv2.1_05_1569166_A/G,Chr05,1569166,0.0339236985343572,2121,FALSE
Pv2.1_05_38357004_T/A,Chr05,38357004,0.033920177586114,2122,FALSE
Pv2.1_02_35783288_AT/A,Chr02,35783288,0.0339180810218749,2123,FALSE
Pv2.1_05_40460713_G/T,Chr05,40460713,0.0339093299792133,2124,FALSE
Pv2.1_08_61664077_A/G,Chr08,61664077,0.0339040937717061,2125,FALSE
Pv2.1_06_29571876_C/T,Chr06,29571876,0.0339026766869082,2126,FALSE
Pv2.1_06_29571878_C/A,Chr06,29571878,0.0339026766869082,2127,FALSE
Pv2.1_02_12134286_G/C,Chr02,12134286,0.0339008440518493,2128,FALSE
Pv2.1_07_38836940_G/C,Chr07,38836940,0.033900481224812,2129,FALSE
Pv2.1_04_53909_G/A,Chr04,53909,0.0338942274242506,2130,FALSE
Pv2.1_07_28538877_G/C,Chr07,28538877,0.0338922134821305,2131,FALSE
Pv2.1_03_984105_G/T,Chr03,984105,0.0338921185695651,2132,FALSE
Pv2.1_07_8220353_C/G,Chr07,8220353,0.0338858601685144,2133,FALSE
Pv2.1_08_62447378_T/C,Chr08,62447378,0.0338855287492041,2134,FALSE
Pv2.1_05_40032831_A/T,Chr05,40032831,0.0338852253822437,2135,FALSE
Pv2.1_08_62327843_G/A,Chr08,62327843,0.0338818492612196,2136,FALSE
Pv2.1_07_10391225_A/T,Chr07,10391225,0.0338792819282108,2137,FALSE
Pv2.1_09_36784662_G/A,Chr09,36784662,0.0338707569749182,2138,FALSE
Pv2.1_07_8744285_G/A,Chr07,8744285,0.0338691077007036,2139,FALSE
Pv2.1_06_17348970_C/CT,Chr06,17348970,0.0338681136461076,2140,FALSE
Pv2.1_02_2027272_C/A,Chr02,2027272,0.0338671483773529,2141,FALSE
Pv2.1_01_4852790_T/TA,Chr01,4852790,0.0338666950163073,2142,FALSE
Pv2.1_11_44130275_A/G,Chr11,44130275,0.0338665177988262,2143,FALSE
Pv2.1_07_7671753_A/T,Chr07,7671753,0.0338658391491,2144,FALSE
Pv2.1_09_14446570_C/T,Chr09,14446570,0.0338628960626219,2145,FALSE
Pv2.1_11_2151978_G/A,Chr11,2151978,0.0338617824000527,2146,FALSE
Pv2.1_01_13119616_C/T,Chr01,13119616,0.0338550688136836,2147,FALSE
Pv2.1_07_426943_GCATAG/CCAT,Chr07,426943,0.0338509845507509,2148,FALSE
Pv2.1_07_426950_G/GAGAT,Chr07,426950,0.0338509845507509,2149,FALSE
Pv2.1_09_37770641_T/A,Chr09,37770641,0.0338499674701964,2150,FALSE
Pv2.1_06_18193096_C/T,Chr06,18193096,0.0338371822446502,2151,FALSE
Pv2.1_03_45938868_T/G,Chr03,45938868,0.0338364964523898,2152,FALSE
Pv2.1_06_16510137_A/C,Chr06,16510137,0.0338347940348172,2153,FALSE
Pv2.1_07_37573115_CTG/C,Chr07,37573115,0.0338328731725674,2154,FALSE
Pv2.1_07_4292421_G/C,Chr07,4292421,0.0338316388668956,2155,FALSE
Pv2.1_06_18115149_G/A,Chr06,18115149,0.0338292832721749,2156,FALSE
Pv2.1_07_36796001_A/G,Chr07,36796001,0.0338279475450949,2157,FALSE
Pv2.1_09_36919598_G/C,Chr09,36919598,0.0338276733891871,2158,FALSE
Pv2.1_07_9651772_A/T,Chr07,9651772,0.0338260616719932,2159,FALSE
Pv2.1_05_39323251_C/A,Chr05,39323251,0.0338259917337194,2160,FALSE
Pv2.1_10_295145_A/T,Chr10,295145,0.0338241002152926,2161,FALSE
Pv2.1_08_62327762_A/G,Chr08,62327762,0.0338232204702855,2162,FALSE
Pv2.1_08_10772014_A/G,Chr08,10772014,0.0338215664493071,2163,FALSE
Pv2.1_06_22265290_G/T,Chr06,22265290,0.0338203752056807,2164,FALSE
Pv2.1_07_36733099_G/T,Chr07,36733099,0.0338185013481169,2165,FALSE
Pv2.1_07_9785037_G/A,Chr07,9785037,0.0338151301301362,2166,FALSE
Pv2.1_08_10507273_A/G,Chr08,10507273,0.0338126199792184,2167,FALSE
Pv2.1_05_3670778_C/T,Chr05,3670778,0.0338086795858072,2168,FALSE
Pv2.1_08_61360887_G/C,Chr08,61360887,0.0338026335917707,2169,FALSE
Pv2.1_03_2314739_T/C,Chr03,2314739,0.0338020407503299,2170,FALSE
Pv2.1_09_7727330_C/G,Chr09,7727330,0.033799976092761,2171,FALSE
Pv2.1_01_43559618_T/C,Chr01,43559618,0.0337979833963962,2172,FALSE
Pv2.1_02_44869701_T/C,Chr02,44869701,0.0337967871015947,2173,FALSE
Pv2.1_11_2086640_C/A,Chr11,2086640,0.0337946137873755,2174,FALSE
Pv2.1_11_30441055_C/T,Chr11,30441055,0.0337939471404618,2175,FALSE
Pv2.1_11_2713443_G/A,Chr11,2713443,0.0337889975288501,2176,FALSE
Pv2.1_08_3961852_A/C,Chr08,3961852,0.0337889821552064,2177,FALSE
Pv2.1_08_321376_A/G,Chr08,321376,0.0337833197895314,2178,FALSE
Pv2.1_08_321398_C/T,Chr08,321398,0.0337833197895314,2179,FALSE
Pv2.1_08_59973157_T/TG,Chr08,59973157,0.0337782488164251,2180,FALSE
Pv2.1_05_40676881_G/A,Chr05,40676881,0.0337737809627017,2181,FALSE
Pv2.1_11_41623915_C/T,Chr11,41623915,0.033772420854203,2182,FALSE
Pv2.1_05_40628740_G/A,Chr05,40628740,0.0337679028936075,2183,FALSE
Pv2.1_05_2918551_C/T,Chr05,2918551,0.0337622833116993,2184,FALSE
Pv2.1_08_62007755_G/A,Chr08,62007755,0.0337616831696446,2185,FALSE
Pv2.1_08_61825332_A/G,Chr08,61825332,0.0337615059874512,2186,FALSE
Pv2.1_08_61825339_C/G,Chr08,61825339,0.0337615059874512,2187,FALSE
Pv2.1_03_52862673_C/A,Chr03,52862673,0.0337609277012363,2188,FALSE
Pv2.1_03_52862697_A/T,Chr03,52862697,0.0337609277012363,2189,FALSE
Pv2.1_07_6763333_T/C,Chr07,6763333,0.0337596075587614,2190,FALSE
Pv2.1_07_8385928_C/T,Chr07,8385928,0.0337596075587614,2191,FALSE
Pv2.1_08_61361051_A/G,Chr08,61361051,0.0337557282481593,2192,FALSE
Pv2.1_03_2580041_G/T,Chr03,2580041,0.0337455927908841,2193,FALSE
Pv2.1_03_49162962_C/A,Chr03,49162962,0.0337441619184569,2194,FALSE
Pv2.1_08_62972908_G/A,Chr08,62972908,0.0337428717601935,2195,FALSE
Pv2.1_06_25140282_G/A,Chr06,25140282,0.0337384677557009,2196,FALSE
Pv2.1_06_25140318_G/A,Chr06,25140318,0.0337384677557004,2197,FALSE
Pv2.1_07_8521386_C/A,Chr07,8521386,0.0337376393998241,2198,FALSE
Pv2.1_07_9309928_T/C,Chr07,9309928,0.0337376393998241,2199,FALSE
Pv2.1_10_4052610_A/G,Chr10,4052610,0.0337353865618533,2200,FALSE
Pv2.1_06_28846674_T/C,Chr06,28846674,0.0337332406230684,2201,FALSE
Pv2.1_03_46030465_C/T,Chr03,46030465,0.0337269841765226,2202,FALSE
Pv2.1_07_7682887_C/T,Chr07,7682887,0.0337240207611877,2203,FALSE
Pv2.1_02_35455732_C/CAAAT,Chr02,35455732,0.033723286851941,2204,FALSE
Pv2.1_07_7557169_T/C,Chr07,7557169,0.0337211752261282,2205,FALSE
Pv2.1_09_37127909_T/C,Chr09,37127909,0.0337198351989652,2206,FALSE
Pv2.1_09_37122523_C/T,Chr09,37122523,0.033709799486755,2207,FALSE
Pv2.1_09_37122538_G/T,Chr09,37122538,0.033709799486755,2208,FALSE
Pv2.1_04_47251833_G/GA,Chr04,47251833,0.0337039735558933,2209,FALSE
Pv2.1_08_62711513_T/A,Chr08,62711513,0.0337022450908244,2210,FALSE
Pv2.1_01_51131315_C/G,Chr01,51131315,0.033690948609681,2211,FALSE
Pv2.1_09_37431766_A/T,Chr09,37431766,0.033685597519443,2212,FALSE
Pv2.1_06_16824333_G/GA,Chr06,16824333,0.0336836933100164,2213,FALSE
Pv2.1_02_37687204_T/C,Chr02,37687204,0.0336799361968945,2214,FALSE
Pv2.1_08_58393612_G/A,Chr08,58393612,0.0336793240541997,2215,FALSE
Pv2.1_03_49131325_G/C,Chr03,49131325,0.0336732838192058,2216,FALSE
Pv2.1_08_61525755_T/C,Chr08,61525755,0.0336723047690533,2217,FALSE
Pv2.1_08_62934505_A/T,Chr08,62934505,0.0336688563999226,2218,FALSE
Pv2.1_06_30732407_C/G,Chr06,30732407,0.0336620230442852,2219,FALSE
Pv2.1_06_30732409_A/T,Chr06,30732409,0.0336620230442852,2220,FALSE
Pv2.1_07_8715179_A/T,Chr07,8715179,0.0336616357315265,2221,FALSE
Pv2.1_07_38093839_A/T,Chr07,38093839,0.0336611790662129,2222,FALSE
Pv2.1_08_61621891_G/A,Chr08,61621891,0.0336600501068447,2223,FALSE
Pv2.1_06_30850098_T/C,Chr06,30850098,0.0336550718107587,2224,FALSE
Pv2.1_03_39061112_G/C,Chr03,39061112,0.0336475281871897,2225,FALSE
Pv2.1_07_4014554_T/G,Chr07,4014554,0.0336439135493922,2226,FALSE
Pv2.1_08_84361_A/G,Chr08,84361,0.0336327926611886,2227,FALSE
Pv2.1_05_1387573_A/ATG,Chr05,1387573,0.0336319365077178,2228,FALSE
Pv2.1_08_62295205_A/C,Chr08,62295205,0.0336294571278946,2229,FALSE
Pv2.1_07_7837173_C/T,Chr07,7837173,0.0336270761444766,2230,FALSE
Pv2.1_02_38488280_T/C,Chr02,38488280,0.0336190405691399,2231,FALSE
Pv2.1_09_37828746_C/G,Chr09,37828746,0.0336176208225214,2232,FALSE
Pv2.1_06_21554918_G/A,Chr06,21554918,0.0336169805792332,2233,FALSE
Pv2.1_11_4737083_A/G,Chr11,4737083,0.0336075844277675,2234,FALSE
Pv2.1_02_37577805_T/G,Chr02,37577805,0.0335986737179526,2235,FALSE
Pv2.1_07_9729418_A/G,Chr07,9729418,0.0335974800894734,2236,FALSE
Pv2.1_11_47186006_C/T,Chr11,47186006,0.0335941374161726,2237,FALSE
Pv2.1_03_50415149_G/T,Chr03,50415149,0.0335929902315817,2238,FALSE
Pv2.1_07_37122652_T/A,Chr07,37122652,0.0335929859127142,2239,FALSE
Pv2.1_07_37122664_A/G,Chr07,37122664,0.0335929859127142,2240,FALSE
Pv2.1_07_10184540_C/G,Chr07,10184540,0.0335926150006434,2241,FALSE
Pv2.1_07_9688924_C/T,Chr07,9688924,0.0335892602015782,2242,FALSE
Pv2.1_01_3723948_T/C,Chr01,3723948,0.0335824088496426,2243,FALSE
Pv2.1_08_61525703_A/G,Chr08,61525703,0.0335803298376467,2244,FALSE
Pv2.1_07_431912_G/T,Chr07,431912,0.033548863832336,2245,FALSE
Pv2.1_06_24064891_G/A,Chr06,24064891,0.0335487743088128,2246,FALSE
Pv2.1_03_40458162_A/C,Chr03,40458162,0.0335454340784405,2247,FALSE
Pv2.1_08_60092741_A/G,Chr08,60092741,0.0335453606363183,2248,FALSE
Pv2.1_06_25728407_A/C,Chr06,25728407,0.033537167160246,2249,FALSE
Pv2.1_05_39724720_A/G,Chr05,39724720,0.0335267803979629,2250,FALSE
Pv2.1_08_55164969_G/T,Chr08,55164969,0.0335229030722104,2251,FALSE
Pv2.1_10_42570017_G/A,Chr10,42570017,0.0335219238185016,2252,FALSE
Pv2.1_03_48012699_A/C,Chr03,48012699,0.0335201824268183,2253,FALSE
Pv2.1_03_41877563_TCAATATC/T,Chr03,41877563,0.0335192229033749,2254,FALSE
Pv2.1_07_7692511_CA/C,Chr07,7692511,0.0335140461793695,2255,FALSE
Pv2.1_07_8412228_G/C,Chr07,8412228,0.0335140461793695,2256,FALSE
Pv2.1_05_40698206_C/G,Chr05,40698206,0.0335126197577469,2257,FALSE
Pv2.1_07_38407897_A/T,Chr07,38407897,0.0335110034859003,2258,FALSE
Pv2.1_08_980009_T/C,Chr08,980009,0.0335075952132895,2259,FALSE
Pv2.1_06_12262137_T/C,Chr06,12262137,0.0335027924224685,2260,FALSE
Pv2.1_08_62767104_C/T,Chr08,62767104,0.033496235800202,2261,FALSE
Pv2.1_08_1388168_C/T,Chr08,1388168,0.0334913516292774,2262,FALSE
Pv2.1_07_36771905_A/T,Chr07,36771905,0.0334902142854432,2263,FALSE
Pv2.1_07_36771927_A/C,Chr07,36771927,0.0334902142854432,2264,FALSE
Pv2.1_07_36771930_G/T,Chr07,36771930,0.0334902142854432,2265,FALSE
Pv2.1_07_36771944_G/A,Chr07,36771944,0.0334902142854432,2266,FALSE
Pv2.1_09_35808422_A/G,Chr09,35808422,0.0334812527066588,2267,FALSE
Pv2.1_11_1456132_T/G,Chr11,1456132,0.0334773929180621,2268,FALSE
Pv2.1_07_9563124_C/G,Chr07,9563124,0.0334764354996611,2269,FALSE
Pv2.1_05_2806153_G/A,Chr05,2806153,0.0334762906971355,2270,FALSE
Pv2.1_08_53260836_C/G,Chr08,53260836,0.0334720552101895,2271,FALSE
Pv2.1_02_2462897_T/C,Chr02,2462897,0.033467409919512,2272,FALSE
Pv2.1_07_8771307_A/G,Chr07,8771307,0.0334630233847095,2273,FALSE
Pv2.1_04_3975264_C/T,Chr04,3975264,0.0334600022341198,2274,FALSE
Pv2.1_04_3975271_C/G,Chr04,3975271,0.0334600022341198,2275,FALSE
Pv2.1_04_46188787_T/C,Chr04,46188787,0.0334564456900996,2276,FALSE
Pv2.1_08_62447393_C/T,Chr08,62447393,0.033454429059574,2277,FALSE
Pv2.1_03_50391785_T/TTGGTGG,Chr03,50391785,0.0334521469152573,2278,FALSE
Pv2.1_07_30540898_T/G,Chr07,30540898,0.03345056973756,2279,FALSE
Pv2.1_07_36645329_T/A,Chr07,36645329,0.0334397927824237,2280,FALSE
Pv2.1_08_53260879_A/T,Chr08,53260879,0.0334293502788787,2281,FALSE
Pv2.1_06_18437460_T/G,Chr06,18437460,0.033428953534858,2282,FALSE
Pv2.1_08_62280382_G/A,Chr08,62280382,0.0334283966444628,2283,FALSE
Pv2.1_07_37088166_C/T,Chr07,37088166,0.0334267402110617,2284,FALSE
Pv2.1_01_4721880_T/C,Chr01,4721880,0.0334249062067342,2285,FALSE
Pv2.1_08_59104934_T/A,Chr08,59104934,0.0334247842885134,2286,FALSE
Pv2.1_03_27654454_G/A,Chr03,27654454,0.0334223297985257,2287,FALSE
Pv2.1_11_50263215_T/A,Chr11,50263215,0.0334126389651792,2288,FALSE
Pv2.1_08_62327666_T/G,Chr08,62327666,0.0334100668109363,2289,FALSE
Pv2.1_06_17027693_T/C,Chr06,17027693,0.0334083592725811,2290,FALSE
Pv2.1_03_43644939_T/C,Chr03,43644939,0.0334073905549319,2291,FALSE
Pv2.1_08_61391117_C/A,Chr08,61391117,0.0334006674352776,2292,FALSE
Pv2.1_09_36413110_G/GT,Chr09,36413110,0.0334004139976503,2293,FALSE
Pv2.1_01_51227181_T/A,Chr01,51227181,0.0333953516052352,2294,FALSE
Pv2.1_11_4737084_G/A,Chr11,4737084,0.033391196544251,2295,FALSE
Pv2.1_06_22085546_C/T,Chr06,22085546,0.0333908579256708,2296,FALSE
Pv2.1_05_4927180_G/A,Chr05,4927180,0.0333888914821396,2297,FALSE
Pv2.1_10_6657704_C/A,Chr10,6657704,0.0333883052229735,2298,FALSE
Pv2.1_04_120319_C/T,Chr04,120319,0.0333829950922655,2299,FALSE
Pv2.1_07_4014553_G/T,Chr07,4014553,0.0333789892665264,2300,FALSE
Pv2.1_05_2409889_C/A,Chr05,2409889,0.0333758919350142,2301,FALSE
Pv2.1_04_152406_G/C,Chr04,152406,0.0333753120399902,2302,FALSE
Pv2.1_08_62956292_C/G,Chr08,62956292,0.0333687487940062,2303,FALSE
Pv2.1_08_62956295_A/G,Chr08,62956295,0.0333687487940062,2304,FALSE
Pv2.1_08_62956296_C/T,Chr08,62956296,0.0333687487940062,2305,FALSE
Pv2.1_02_45657363_A/G,Chr02,45657363,0.0333659638560913,2306,FALSE
Pv2.1_07_4174867_A/C,Chr07,4174867,0.0333631442053082,2307,FALSE
Pv2.1_08_62788369_C/T,Chr08,62788369,0.0333600100062692,2308,FALSE
Pv2.1_08_60714873_A/T,Chr08,60714873,0.0333593179605121,2309,FALSE
Pv2.1_07_10364360_G/C,Chr07,10364360,0.0333561646796592,2310,FALSE
Pv2.1_07_7073551_A/C,Chr07,7073551,0.0333561646796592,2311,FALSE
Pv2.1_07_8869309_T/A,Chr07,8869309,0.033348988276094,2312,FALSE
Pv2.1_07_7835461_C/T,Chr07,7835461,0.0333479407067299,2313,FALSE
Pv2.1_07_7835483_G/T,Chr07,7835483,0.0333479407067299,2314,FALSE
Pv2.1_09_37528386_C/CA,Chr09,37528386,0.0333477311998607,2315,FALSE
Pv2.1_08_62872702_A/G,Chr08,62872702,0.0333427012784417,2316,FALSE
Pv2.1_08_9088383_A/T,Chr08,9088383,0.0333425571660544,2317,FALSE
Pv2.1_02_47727100_C/T,Chr02,47727100,0.033341944746466,2318,FALSE
Pv2.1_03_51262919_T/A,Chr03,51262919,0.0333400873297967,2319,FALSE
Pv2.1_07_8311301_T/C,Chr07,8311301,0.0333400717312609,2320,FALSE
Pv2.1_07_38018719_C/T,Chr07,38018719,0.0333396889846007,2321,FALSE
Pv2.1_07_6734412_A/G,Chr07,6734412,0.0333319812094519,2322,FALSE
Pv2.1_03_51262894_T/C,Chr03,51262894,0.033327254440656,2323,FALSE
Pv2.1_06_15071503_C/T,Chr06,15071503,0.0333271311963892,2324,FALSE
Pv2.1_07_4078896_G/T,Chr07,4078896,0.0333165072292188,2325,FALSE
Pv2.1_06_19626047_T/G,Chr06,19626047,0.0333124905354065,2326,FALSE
Pv2.1_08_62851462_C/G,Chr08,62851462,0.0333119459823306,2327,FALSE
Pv2.1_08_9763715_C/G,Chr08,9763715,0.0333078174015782,2328,FALSE
Pv2.1_09_36508179_C/T,Chr09,36508179,0.0333052487317609,2329,FALSE
Pv2.1_07_4037188_T/C,Chr07,4037188,0.0333040758585557,2330,FALSE
Pv2.1_02_35455667_CA/C,Chr02,35455667,0.0333031066809264,2331,FALSE
Pv2.1_03_34469565_C/A,Chr03,34469565,0.0332981532322352,2332,FALSE
Pv2.1_10_42622734_G/A,Chr10,42622734,0.0332950235116889,2333,FALSE
Pv2.1_10_42495061_T/A,Chr10,42495061,0.0332938560688478,2334,FALSE
Pv2.1_07_37088160_C/G,Chr07,37088160,0.0332866341832947,2335,FALSE
Pv2.1_04_4560460_T/C,Chr04,4560460,0.0332849441125598,2336,FALSE
Pv2.1_06_15753810_T/G,Chr06,15753810,0.0332735261243253,2337,FALSE
Pv2.1_08_62309896_G/A,Chr08,62309896,0.03327189465735,2338,FALSE
Pv2.1_05_7376222_C/CA,Chr05,7376222,0.0332713751822147,2339,FALSE
Pv2.1_07_444048_A/G,Chr07,444048,0.0332690598386662,2340,FALSE
Pv2.1_07_7682826_C/T,Chr07,7682826,0.033258597606995,2341,FALSE
Pv2.1_06_17348973_G/T,Chr06,17348973,0.0332564299224405,2342,FALSE
Pv2.1_08_871986_T/A,Chr08,871986,0.0332478888451151,2343,FALSE
Pv2.1_06_12262125_C/T,Chr06,12262125,0.0332388349657107,2344,FALSE
Pv2.1_01_51187119_G/T,Chr01,51187119,0.0332370307027929,2345,FALSE
Pv2.1_08_62447305_A/C,Chr08,62447305,0.0332338553871887,2346,FALSE
Pv2.1_09_36679069_G/A,Chr09,36679069,0.0332332245165721,2347,FALSE
Pv2.1_09_36508065_G/C,Chr09,36508065,0.0332320120317844,2348,FALSE
Pv2.1_04_5499018_T/C,Chr04,5499018,0.0332261966818272,2349,FALSE
Pv2.1_02_671695_A/T,Chr02,671695,0.0332255858469619,2350,FALSE
Pv2.1_11_1703180_TC/T,Chr11,1703180,0.0332252917297442,2351,FALSE
Pv2.1_08_60362984_T/A,Chr08,60362984,0.0332230274150831,2352,FALSE
Pv2.1_06_19990583_A/G,Chr06,19990583,0.0332146679127709,2353,FALSE
Pv2.1_02_27129449_A/T,Chr02,27129449,0.0332122732670932,2354,FALSE
Pv2.1_08_61360942_G/A,Chr08,61360942,0.0332113240585938,2355,FALSE
Pv2.1_07_8457216_G/C,Chr07,8457216,0.0332099811730808,2356,FALSE
Pv2.1_08_5545427_C/G,Chr08,5545427,0.0332089896983536,2357,FALSE
Pv2.1_08_85682_G/A,Chr08,85682,0.033205330786406,2358,FALSE
Pv2.1_08_61360885_T/G,Chr08,61360885,0.0332048019780418,2359,FALSE
Pv2.1_06_29458200_T/C,Chr06,29458200,0.0331950372246492,2360,FALSE
Pv2.1_06_29458206_A/G,Chr06,29458206,0.0331950372246492,2361,FALSE
Pv2.1_11_53132527_G/C,Chr11,53132527,0.0331944489667495,2362,FALSE
Pv2.1_04_120174_T/C,Chr04,120174,0.0331818316461918,2363,FALSE
Pv2.1_05_39973668_A/G,Chr05,39973668,0.0331774695942877,2364,FALSE
Pv2.1_11_3094197_G/A,Chr11,3094197,0.03317309653906,2365,FALSE
Pv2.1_04_120036_G/T,Chr04,120036,0.0331694466632819,2366,FALSE
Pv2.1_08_62838643_A/G,Chr08,62838643,0.0331652014382025,2367,FALSE
Pv2.1_07_8497251_T/C,Chr07,8497251,0.0331651268480995,2368,FALSE
Pv2.1_08_61526748_C/T,Chr08,61526748,0.0331633978066841,2369,FALSE
Pv2.1_08_61526753_A/G,Chr08,61526753,0.0331633978066841,2370,FALSE
Pv2.1_04_4135590_TAG/T,Chr04,4135590,0.0331621549314409,2371,FALSE
Pv2.1_08_61844238_G/A,Chr08,61844238,0.0331535821769586,2372,FALSE
Pv2.1_08_5429950_CA/C,Chr08,5429950,0.0331524685932729,2373,FALSE
Pv2.1_08_11524391_G/A,Chr08,11524391,0.0331522559526585,2374,FALSE
Pv2.1_07_36785079_G/T,Chr07,36785079,0.0331466174076578,2375,FALSE
Pv2.1_06_20958293_C/G,Chr06,20958293,0.0331458719131819,2376,FALSE
Pv2.1_06_20958294_T/G,Chr06,20958294,0.0331458719131819,2377,FALSE
Pv2.1_03_41124942_A/C,Chr03,41124942,0.033141877530654,2378,FALSE
Pv2.1_03_41124954_C/G,Chr03,41124954,0.033141877530654,2379,FALSE
Pv2.1_11_1411758_A/T,Chr11,1411758,0.0331411358270666,2380,FALSE
Pv2.1_07_7911966_C/A,Chr07,7911966,0.0331390212052707,2381,FALSE
Pv2.1_08_62939608_A/T,Chr08,62939608,0.0331387856639598,2382,FALSE
Pv2.1_08_62428166_T/G,Chr08,62428166,0.0331386974552723,2383,FALSE
Pv2.1_08_62428184_G/A,Chr08,62428184,0.0331386974552723,2384,FALSE
Pv2.1_11_53132150_T/C,Chr11,53132150,0.0331375484221788,2385,FALSE
Pv2.1_02_13736023_C/T,Chr02,13736023,0.0331332376671338,2386,FALSE
Pv2.1_08_9426823_G/A,Chr08,9426823,0.0331296721717038,2387,FALSE
Pv2.1_08_3245014_C/A,Chr08,3245014,0.0331286147218237,2388,FALSE
Pv2.1_08_3245014_C/T,Chr08,3245014,0.0331286147218237,2389,FALSE
Pv2.1_06_18192653_G/A,Chr06,18192653,0.0331252308722183,2390,FALSE
Pv2.1_08_61889717_C/T,Chr08,61889717,0.0331244461028946,2391,FALSE
Pv2.1_09_37135581_A/T,Chr09,37135581,0.0331131410163987,2392,FALSE
Pv2.1_07_9106070_G/C,Chr07,9106070,0.033107613877243,2393,FALSE
Pv2.1_06_12262060_G/C,Chr06,12262060,0.0331041994062398,2394,FALSE
Pv2.1_09_37473748_A/T,Chr09,37473748,0.0330992770531018,2395,FALSE
Pv2.1_09_36963966_C/A,Chr09,36963966,0.0330984509897698,2396,FALSE
Pv2.1_08_1381678_A/G,Chr08,1381678,0.0330977127018377,2397,FALSE
Pv2.1_06_28946869_T/A,Chr06,28946869,0.0330936065608256,2398,FALSE
Pv2.1_08_7893611_T/A,Chr08,7893611,0.0330879818715015,2399,FALSE
Pv2.1_07_37202942_C/T,Chr07,37202942,0.0330855007799826,2400,FALSE
Pv2.1_07_37261344_A/AG,Chr07,37261344,0.0330855007799826,2401,FALSE
Pv2.1_07_35648159_GC/G,Chr07,35648159,0.033079430515075,2402,FALSE
Pv2.1_03_51575497_C/T,Chr03,51575497,0.0330765526942689,2403,FALSE
Pv2.1_11_47186015_C/G,Chr11,47186015,0.0330746818161218,2404,FALSE
Pv2.1_07_35749556_AT/A,Chr07,35749556,0.0330655400486473,2405,FALSE
Pv2.1_02_41539672_A/G,Chr02,41539672,0.0330637356172598,2406,FALSE
Pv2.1_11_2084280_T/C,Chr11,2084280,0.0330610552561392,2407,FALSE
Pv2.1_07_7930984_T/C,Chr07,7930984,0.0330606946364855,2408,FALSE
Pv2.1_09_37473865_C/G,Chr09,37473865,0.0330605096231338,2409,FALSE
Pv2.1_08_62950826_G/A,Chr08,62950826,0.0330592191320922,2410,FALSE
Pv2.1_08_62950860_C/T,Chr08,62950860,0.0330592191320922,2411,FALSE
Pv2.1_08_62950863_A/G,Chr08,62950863,0.0330592191320922,2412,FALSE
Pv2.1_08_4613338_C/T,Chr08,4613338,0.0330585746825189,2413,FALSE
Pv2.1_07_7912018_G/A,Chr07,7912018,0.0330583655711707,2414,FALSE
Pv2.1_06_18210801_G/A,Chr06,18210801,0.0330534533076339,2415,FALSE
Pv2.1_07_35443199_A/T,Chr07,35443199,0.0330524164325676,2416,FALSE
Pv2.1_10_4355188_A/G,Chr10,4355188,0.0330485614065967,2417,FALSE
Pv2.1_05_9081162_C/T,Chr05,9081162,0.0330475030999007,2418,FALSE
Pv2.1_03_51848855_G/T,Chr03,51848855,0.0330415605565513,2419,FALSE
Pv2.1_10_42569913_T/A,Chr10,42569913,0.0330412559291702,2420,FALSE
Pv2.1_07_7516944_G/A,Chr07,7516944,0.0330396174418688,2421,FALSE
Pv2.1_07_7516969_C/T,Chr07,7516969,0.0330396174418688,2422,FALSE
Pv2.1_08_16100010_T/C,Chr08,16100010,0.0330260536552061,2423,FALSE
Pv2.1_08_60092924_G/T,Chr08,60092924,0.0330235382464594,2424,FALSE
Pv2.1_07_7175528_C/A,Chr07,7175528,0.0330230672251948,2425,FALSE
Pv2.1_07_7941959_A/G,Chr07,7941959,0.0330230672251948,2426,FALSE
Pv2.1_07_7175536_T/C,Chr07,7175536,0.0330230672251943,2427,FALSE
Pv2.1_07_7942016_G/T,Chr07,7942016,0.0330230672251943,2428,FALSE
Pv2.1_07_6697793_G/A,Chr07,6697793,0.0330218640375848,2429,FALSE
Pv2.1_02_35804123_GATAA/G,Chr02,35804123,0.0330216824813996,2430,FALSE
Pv2.1_01_49277298_G/A,Chr01,49277298,0.0330190769961427,2431,FALSE
Pv2.1_06_20385797_A/C,Chr06,20385797,0.0330187279590963,2432,FALSE
Pv2.1_11_32786_T/C,Chr11,32786,0.0330184792383914,2433,FALSE
Pv2.1_08_53362243_T/C,Chr08,53362243,0.033011327666387,2434,FALSE
Pv2.1_08_17501962_C/T,Chr08,17501962,0.0330093961222224,2435,FALSE
Pv2.1_06_13831920_G/A,Chr06,13831920,0.0330081815409864,2436,FALSE
Pv2.1_08_61241819_T/G,Chr08,61241819,0.0330047196396093,2437,FALSE
Pv2.1_08_61664158_A/T,Chr08,61664158,0.0330023680243183,2438,FALSE
Pv2.1_08_62711462_G/C,Chr08,62711462,0.0330003297991635,2439,FALSE
Pv2.1_08_62311058_G/A,Chr08,62311058,0.032996803453643,2440,FALSE
Pv2.1_02_25635590_G/GT,Chr02,25635590,0.0329925912790352,2441,FALSE
Pv2.1_11_1322990_T/C,Chr11,1322990,0.0329919145979867,2442,FALSE
Pv2.1_08_60662908_A/G,Chr08,60662908,0.0329855701063035,2443,FALSE
Pv2.1_06_25846023_G/A,Chr06,25846023,0.0329810606040057,2444,FALSE
Pv2.1_01_1598564_C/T,Chr01,1598564,0.0329802508546555,2445,FALSE
Pv2.1_06_18408012_G/C,Chr06,18408012,0.0329787632724523,2446,FALSE
Pv2.1_08_62795999_G/A,Chr08,62795999,0.0329734767023111,2447,FALSE
Pv2.1_08_4032186_G/T,Chr08,4032186,0.0329620808792068,2448,FALSE
Pv2.1_03_46114642_T/C,Chr03,46114642,0.0329599948991559,2449,FALSE
Pv2.1_09_36847578_T/C,Chr09,36847578,0.0329591180441025,2450,FALSE
Pv2.1_08_59202634_G/A,Chr08,59202634,0.0329552164497615,2451,FALSE
Pv2.1_11_2077833_G/A,Chr11,2077833,0.0329481723731027,2452,FALSE
Pv2.1_10_2738526_G/A,Chr10,2738526,0.0329346629768597,2453,FALSE
Pv2.1_06_14661470_C/A,Chr06,14661470,0.0329327993852946,2454,FALSE
Pv2.1_10_42233789_T/C,Chr10,42233789,0.0329320442921301,2455,FALSE
Pv2.1_11_29949931_G/GA,Chr11,29949931,0.0329292767893934,2456,FALSE
Pv2.1_06_448507_G/A,Chr06,448507,0.0329248181862067,2457,FALSE
Pv2.1_06_5174714_G/T,Chr06,5174714,0.0329241678700618,2458,FALSE
Pv2.1_09_37799959_T/C,Chr09,37799959,0.0329241217880334,2459,FALSE
Pv2.1_07_38018740_T/G,Chr07,38018740,0.0329237265635278,2460,FALSE
Pv2.1_07_35633762_T/A,Chr07,35633762,0.032922966335859,2461,FALSE
Pv2.1_05_39992041_C/T,Chr05,39992041,0.0329217327250695,2462,FALSE
Pv2.1_08_1501530_A/T,Chr08,1501530,0.0329215341757703,2463,FALSE
Pv2.1_07_38135326_T/C,Chr07,38135326,0.0329211487201317,2464,FALSE
Pv2.1_11_51233730_C/G,Chr11,51233730,0.032916873572518,2465,FALSE
Pv2.1_08_9419256_G/A,Chr08,9419256,0.0329160600780014,2466,FALSE
Pv2.1_11_5178006_A/T,Chr11,5178006,0.0329108602582449,2467,FALSE
Pv2.1_09_7738339_T/A,Chr09,7738339,0.0329106327115887,2468,FALSE
Pv2.1_01_49333513_T/C,Chr01,49333513,0.0329078700216661,2469,FALSE
Pv2.1_11_46083636_T/C,Chr11,46083636,0.0329070692687523,2470,FALSE
Pv2.1_08_57637452_C/T,Chr08,57637452,0.0329040893224368,2471,FALSE
Pv2.1_08_62184459_T/A,Chr08,62184459,0.0329006038242414,2472,FALSE
Pv2.1_07_10245606_G/A,Chr07,10245606,0.0328958438386207,2473,FALSE
Pv2.1_04_448594_G/A,Chr04,448594,0.0328937387812656,2474,FALSE
Pv2.1_07_7073543_T/TA,Chr07,7073543,0.0328923742960732,2475,FALSE
Pv2.1_08_1449403_G/A,Chr08,1449403,0.0328904978923941,2476,FALSE
Pv2.1_08_9096225_AG/A,Chr08,9096225,0.0328897107317956,2477,FALSE
Pv2.1_08_62588962_T/C,Chr08,62588962,0.0328877908835148,2478,FALSE
Pv2.1_09_14241230_T/C,Chr09,14241230,0.0328867411904765,2479,FALSE
Pv2.1_08_58384007_A/C,Chr08,58384007,0.0328826591982385,2480,FALSE
Pv2.1_08_58795650_A/T,Chr08,58795650,0.0328788781566152,2481,FALSE
Pv2.1_10_4355176_G/T,Chr10,4355176,0.0328782902678673,2482,FALSE
Pv2.1_07_4174317_T/G,Chr07,4174317,0.0328697495338863,2483,FALSE
Pv2.1_01_3163894_G/A,Chr01,3163894,0.0328662937720723,2484,FALSE
Pv2.1_09_14427245_G/A,Chr09,14427245,0.0328640723824507,2485,FALSE
Pv2.1_09_36881777_C/T,Chr09,36881777,0.0328626867514057,2486,FALSE
Pv2.1_02_26792170_C/T,Chr02,26792170,0.0328620337478696,2487,FALSE
Pv2.1_08_1001427_T/C,Chr08,1001427,0.0328604571072706,2488,FALSE
Pv2.1_01_4066525_G/A,Chr01,4066525,0.0328590914009226,2489,FALSE
Pv2.1_07_9309952_A/T,Chr07,9309952,0.032855680647407,2490,FALSE
Pv2.1_07_9309996_C/T,Chr07,9309996,0.032855680647407,2491,FALSE
Pv2.1_07_8706438_C/A,Chr07,8706438,0.0328515928521971,2492,FALSE
Pv2.1_05_38443858_T/TTA,Chr05,38443858,0.0328510155872506,2493,FALSE
Pv2.1_07_7640839_A/G,Chr07,7640839,0.0328486240726571,2494,FALSE
Pv2.1_11_51314323_T/A,Chr11,51314323,0.0328285393243597,2495,FALSE
Pv2.1_11_45315768_C/A,Chr11,45315768,0.0328245951016224,2496,FALSE
Pv2.1_09_36873017_C/G,Chr09,36873017,0.0328232560129194,2497,FALSE
Pv2.1_09_37739859_TA/T,Chr09,37739859,0.0328126333047534,2498,FALSE
Pv2.1_07_8311302_A/G,Chr07,8311302,0.0328094010061903,2499,FALSE
Pv2.1_07_8311304_G/C,Chr07,8311304,0.0328094010061903,2500,FALSE
Pv2.1_02_26914440_T/C,Chr02,26914440,0.0328050226249581,2501,FALSE
Pv2.1_02_26914441_T/G,Chr02,26914441,0.0328050226249581,2502,FALSE
Pv2.1_11_2698646_C/T,Chr11,2698646,0.0328041186353221,2503,FALSE
Pv2.1_02_598531_A/T,Chr02,598531,0.0328009020649387,2504,FALSE
Pv2.1_08_58173133_A/G,Chr08,58173133,0.0328004108107214,2505,FALSE
Pv2.1_07_7683011_G/A,Chr07,7683011,0.0328002450869938,2506,FALSE
Pv2.1_07_36641226_T/C,Chr07,36641226,0.0327996568741487,2507,FALSE
Pv2.1_08_45849599_C/T,Chr08,45849599,0.0327959512391089,2508,FALSE
Pv2.1_09_35990383_T/A,Chr09,35990383,0.0327895053094913,2509,FALSE
Pv2.1_04_45494611_T/C,Chr04,45494611,0.0327879769774664,2510,FALSE
Pv2.1_07_34558570_G/A,Chr07,34558570,0.0327829998399198,2511,FALSE
Pv2.1_02_48755216_T/A,Chr02,48755216,0.0327777840575236,2512,FALSE
Pv2.1_05_39334625_T/A,Chr05,39334625,0.0327648784977095,2513,FALSE
Pv2.1_08_62891935_A/C,Chr08,62891935,0.0327639925874168,2514,FALSE
Pv2.1_07_35841130_C/T,Chr07,35841130,0.0327625805669158,2515,FALSE
Pv2.1_10_4459324_C/T,Chr10,4459324,0.0327606188656246,2516,FALSE
Pv2.1_08_247636_T/C,Chr08,247636,0.0327591930467017,2517,FALSE
Pv2.1_08_58125403_T/G,Chr08,58125403,0.0327580940074368,2518,FALSE
Pv2.1_06_21554891_T/C,Chr06,21554891,0.0327572270148688,2519,FALSE
Pv2.1_09_36533224_T/C,Chr09,36533224,0.0327544727475431,2520,FALSE
Pv2.1_08_61671591_T/C,Chr08,61671591,0.0327501256787142,2521,FALSE
Pv2.1_02_25542798_A/C,Chr02,25542798,0.0327485517859105,2522,FALSE
Pv2.1_08_62838604_G/A,Chr08,62838604,0.032744803433296,2523,FALSE
Pv2.1_08_62786768_T/G,Chr08,62786768,0.0327396715548329,2524,FALSE
Pv2.1_08_62782521_A/G,Chr08,62782521,0.0327369830235531,2525,FALSE
Pv2.1_09_36899282_T/C,Chr09,36899282,0.032733570198765,2526,FALSE
Pv2.1_09_36899297_C/T,Chr09,36899297,0.032733570198765,2527,FALSE
Pv2.1_07_36731811_C/G,Chr07,36731811,0.0327322373111456,2528,FALSE
Pv2.1_08_14351353_G/A,Chr08,14351353,0.0327283836210652,2529,FALSE
Pv2.1_09_37528471_T/G,Chr09,37528471,0.0327230478044953,2530,FALSE
Pv2.1_06_1141908_A/G,Chr06,1141908,0.0327227602287241,2531,FALSE
Pv2.1_11_3963874_G/T,Chr11,3963874,0.0327220056814443,2532,FALSE
Pv2.1_08_62782488_G/A,Chr08,62782488,0.0327194098214485,2533,FALSE
Pv2.1_06_15752295_G/A,Chr06,15752295,0.0327181618339534,2534,FALSE
Pv2.1_08_5440995_A/AT,Chr08,5440995,0.032717416313671,2535,FALSE
Pv2.1_11_42824778_C/G,Chr11,42824778,0.0327099218187836,2536,FALSE
Pv2.1_04_69132_A/G,Chr04,69132,0.0327082523160054,2537,FALSE
Pv2.1_07_36967549_T/C,Chr07,36967549,0.0327049414224549,2538,FALSE
Pv2.1_10_10088742_A/G,Chr10,10088742,0.0326958297355708,2539,FALSE
Pv2.1_06_25995408_G/C,Chr06,25995408,0.0326859093205369,2540,FALSE
Pv2.1_09_38053741_A/G,Chr09,38053741,0.0326813456237987,2541,FALSE
Pv2.1_11_45925347_G/T,Chr11,45925347,0.0326791546814111,2542,FALSE
Pv2.1_07_9346499_C/T,Chr07,9346499,0.0326747866002193,2543,FALSE
Pv2.1_08_62003659_A/G,Chr08,62003659,0.0326696499760022,2544,FALSE
Pv2.1_07_7039188_G/A,Chr07,7039188,0.0326688755456006,2545,FALSE
Pv2.1_07_7073621_G/C,Chr07,7073621,0.0326688755456006,2546,FALSE
Pv2.1_07_9296450_G/A,Chr07,9296450,0.0326688755456006,2547,FALSE
Pv2.1_07_8732238_C/T,Chr07,8732238,0.0326642531455801,2548,FALSE
Pv2.1_05_39368909_C/A,Chr05,39368909,0.0326639208107422,2549,FALSE
Pv2.1_03_33445725_A/T,Chr03,33445725,0.032663571269786,2550,FALSE
Pv2.1_02_675193_C/T,Chr02,675193,0.0326580927825435,2551,FALSE
Pv2.1_08_62529206_T/C,Chr08,62529206,0.0326554993241701,2552,FALSE
Pv2.1_08_7163342_A/T,Chr08,7163342,0.0326481552403006,2553,FALSE
Pv2.1_10_42569910_C/T,Chr10,42569910,0.0326450961921028,2554,FALSE
Pv2.1_07_8715180_A/C,Chr07,8715180,0.0326397139728485,2555,FALSE
Pv2.1_08_60451006_G/C,Chr08,60451006,0.0326378331696255,2556,FALSE
Pv2.1_07_4101329_C/T,Chr07,4101329,0.0326308011064764,2557,FALSE
Pv2.1_09_37663021_C/T,Chr09,37663021,0.0326304067728573,2558,FALSE
Pv2.1_02_38513296_A/G,Chr02,38513296,0.032629196394264,2559,FALSE
Pv2.1_07_9143936_C/T,Chr07,9143936,0.0326280549735727,2560,FALSE
Pv2.1_08_53685436_C/T,Chr08,53685436,0.0326239263063619,2561,FALSE
Pv2.1_08_1228267_T/G,Chr08,1228267,0.0326208512099071,2562,FALSE
Pv2.1_07_34552652_C/A,Chr07,34552652,0.0326207554496549,2563,FALSE
Pv2.1_08_59104971_G/T,Chr08,59104971,0.0326140669720316,2564,FALSE
Pv2.1_01_51172342_T/A,Chr01,51172342,0.0326126982594914,2565,FALSE
Pv2.1_07_6784748_C/T,Chr07,6784748,0.0326120684340143,2566,FALSE
Pv2.1_07_6784761_C/G,Chr07,6784761,0.0326120684340143,2567,FALSE
Pv2.1_03_46149546_A/C,Chr03,46149546,0.0326092158624371,2568,FALSE
Pv2.1_07_8578553_G/T,Chr07,8578553,0.0326083344401713,2569,FALSE
Pv2.1_07_9685212_G/C,Chr07,9685212,0.0326083344401713,2570,FALSE
Pv2.1_07_9685213_C/A,Chr07,9685213,0.0326083344401713,2571,FALSE
Pv2.1_08_61885694_C/A,Chr08,61885694,0.032605553207405,2572,FALSE
Pv2.1_04_23952_G/A,Chr04,23952,0.032604260818847,2573,FALSE
Pv2.1_06_18684766_GA/G,Chr06,18684766,0.0326018414659357,2574,FALSE
Pv2.1_06_25329835_A/C,Chr06,25329835,0.0325921096046926,2575,FALSE
Pv2.1_06_21107613_A/G,Chr06,21107613,0.0325854205513267,2576,FALSE
Pv2.1_05_9198309_A/G,Chr05,9198309,0.0325795767981072,2577,FALSE
Pv2.1_08_61390994_T/G,Chr08,61390994,0.032575221628746,2578,FALSE
Pv2.1_11_3135903_A/G,Chr11,3135903,0.0325720950463704,2579,FALSE
Pv2.1_08_61264384_A/G,Chr08,61264384,0.0325686986415557,2580,FALSE
Pv2.1_09_36963957_T/G,Chr09,36963957,0.0325684686592331,2581,FALSE
Pv2.1_07_37011854_G/T,Chr07,37011854,0.0325677593290372,2582,FALSE
Pv2.1_08_9096229_G/A,Chr08,9096229,0.0325633834902255,2583,FALSE
Pv2.1_09_37808809_GT/G,Chr09,37808809,0.0325612506567765,2584,FALSE
Pv2.1_06_18192759_A/C,Chr06,18192759,0.0325597803525213,2585,FALSE
Pv2.1_05_4930107_C/T,Chr05,4930107,0.0325583256912534,2586,FALSE
Pv2.1_10_42515158_C/T,Chr10,42515158,0.0325424580346563,2587,FALSE
Pv2.1_05_1961428_C/A,Chr05,1961428,0.0325397684140558,2588,FALSE
Pv2.1_06_18368814_T/A,Chr06,18368814,0.0325384473603756,2589,FALSE
Pv2.1_09_37760823_A/C,Chr09,37760823,0.032529802794572,2590,FALSE
Pv2.1_10_4624868_T/G,Chr10,4624868,0.0325294495541439,2591,FALSE
Pv2.1_03_48548517_C/T,Chr03,48548517,0.0325264672847383,2592,FALSE
Pv2.1_07_1084426_T/C,Chr07,1084426,0.0325241841429986,2593,FALSE
Pv2.1_07_1084441_T/C,Chr07,1084441,0.0325241841429986,2594,FALSE
Pv2.1_07_7683370_T/A,Chr07,7683370,0.0325241052149581,2595,FALSE
Pv2.1_07_38150024_GAA/G,Chr07,38150024,0.0325225940463483,2596,FALSE
Pv2.1_07_38150034_A/T,Chr07,38150034,0.0325225940463483,2597,FALSE
Pv2.1_09_37510515_A/C,Chr09,37510515,0.0325220234706758,2598,FALSE
Pv2.1_08_206477_C/T,Chr08,206477,0.0325215057970611,2599,FALSE
Pv2.1_06_13831901_A/T,Chr06,13831901,0.032521239346329,2600,FALSE
Pv2.1_08_62249297_C/T,Chr08,62249297,0.0325124023232313,2601,FALSE
Pv2.1_07_37122805_A/G,Chr07,37122805,0.0325110704394844,2602,FALSE
Pv2.1_10_42475118_T/C,Chr10,42475118,0.0325082231449736,2603,FALSE
Pv2.1_08_638112_A/G,Chr08,638112,0.0325041407636242,2604,FALSE
Pv2.1_07_5544490_G/A,Chr07,5544490,0.0324912084210149,2605,FALSE
Pv2.1_04_46855441_G/A,Chr04,46855441,0.0324873803590071,2606,FALSE
Pv2.1_04_42681_C/T,Chr04,42681,0.0324759528444698,2607,FALSE
Pv2.1_05_3186438_T/C,Chr05,3186438,0.0324753982879979,2608,FALSE
Pv2.1_08_62328044_T/G,Chr08,62328044,0.0324745599388505,2609,FALSE
Pv2.1_03_994863_A/G,Chr03,994863,0.0324744213464006,2610,FALSE
Pv2.1_04_3399867_C/T,Chr04,3399867,0.0324729772948968,2611,FALSE
Pv2.1_07_7692414_TCA/T,Chr07,7692414,0.0324651967194702,2612,FALSE
Pv2.1_05_2726558_G/T,Chr05,2726558,0.0324639350351568,2613,FALSE
Pv2.1_05_2726570_T/C,Chr05,2726570,0.0324639350351568,2614,FALSE
Pv2.1_08_61642597_G/A,Chr08,61642597,0.0324613598315149,2615,FALSE
Pv2.1_11_2876858_C/A,Chr11,2876858,0.0324569141805893,2616,FALSE
Pv2.1_04_448591_T/C,Chr04,448591,0.0324563398085269,2617,FALSE
Pv2.1_11_44185774_G/C,Chr11,44185774,0.0324548203041131,2618,FALSE
Pv2.1_06_15410171_A/G,Chr06,15410171,0.0324489074335057,2619,FALSE
Pv2.1_07_5526718_G/A,Chr07,5526718,0.0324393045063878,2620,FALSE
Pv2.1_03_8119260_A/G,Chr03,8119260,0.0324380252561358,2621,FALSE
Pv2.1_10_6811093_G/A,Chr10,6811093,0.0324267564629612,2622,FALSE
Pv2.1_07_4755476_A/G,Chr07,4755476,0.0324259847998389,2623,FALSE
Pv2.1_07_4755483_G/C,Chr07,4755483,0.0324259847998389,2624,FALSE
Pv2.1_07_36710028_G/A,Chr07,36710028,0.0324255046898041,2625,FALSE
Pv2.1_08_62276162_T/C,Chr08,62276162,0.0324248432453245,2626,FALSE
Pv2.1_07_9479276_GT/G,Chr07,9479276,0.0324240048348434,2627,FALSE
Pv2.1_08_13483516_G/A,Chr08,13483516,0.0324214302593466,2628,FALSE
Pv2.1_07_6732660_G/A,Chr07,6732660,0.0324200154632015,2629,FALSE
Pv2.1_09_37547676_A/G,Chr09,37547676,0.0324171353201255,2630,FALSE
Pv2.1_10_42578211_T/C,Chr10,42578211,0.0324161840963826,2631,FALSE
Pv2.1_03_48012798_T/C,Chr03,48012798,0.0324049794301384,2632,FALSE
Pv2.1_09_36966773_A/T,Chr09,36966773,0.0324038396198443,2633,FALSE
Pv2.1_10_8827026_AG/A,Chr10,8827026,0.0324000974499281,2634,FALSE
Pv2.1_04_120223_C/G,Chr04,120223,0.032397308240534,2635,FALSE
Pv2.1_09_38128506_C/T,Chr09,38128506,0.0323967354338834,2636,FALSE
Pv2.1_06_24800710_A/T,Chr06,24800710,0.0323950864645268,2637,FALSE
Pv2.1_02_46446456_G/A,Chr02,46446456,0.0323933578380888,2638,FALSE
Pv2.1_08_62895184_T/C,Chr08,62895184,0.0323909727066507,2639,FALSE
Pv2.1_08_62788348_G/A,Chr08,62788348,0.0323909646231604,2640,FALSE
Pv2.1_07_3889727_C/A,Chr07,3889727,0.0323908436668354,2641,FALSE
Pv2.1_11_3169932_C/T,Chr11,3169932,0.0323846109042525,2642,FALSE
Pv2.1_03_51074526_C/AATT,Chr03,51074526,0.0323806297734888,2643,FALSE
Pv2.1_05_172651_G/C,Chr05,172651,0.0323771685409664,2644,FALSE
Pv2.1_07_5388097_G/A,Chr07,5388097,0.0323770579452907,2645,FALSE
Pv2.1_11_35498585_G/A,Chr11,35498585,0.032371534948044,2646,FALSE
Pv2.1_01_1484959_G/C,Chr01,1484959,0.0323706280684251,2647,FALSE
Pv2.1_06_20103900_T/C,Chr06,20103900,0.0323648946902537,2648,FALSE
Pv2.1_01_5335920_T/C,Chr01,5335920,0.0323580600422897,2649,FALSE
Pv2.1_05_39349951_T/A,Chr05,39349951,0.0323557441672273,2650,FALSE
Pv2.1_07_7912076_C/T,Chr07,7912076,0.0323525289578259,2651,FALSE
Pv2.1_08_62139776_G/A,Chr08,62139776,0.0323522032224566,2652,FALSE
Pv2.1_09_37770663_A/T,Chr09,37770663,0.0323461889185186,2653,FALSE
Pv2.1_07_7075153_AT/A,Chr07,7075153,0.0323457592521446,2654,FALSE
Pv2.1_07_8385906_T/A,Chr07,8385906,0.0323447035800131,2655,FALSE
Pv2.1_08_62659934_C/T,Chr08,62659934,0.0323429045524195,2656,FALSE
Pv2.1_08_61999210_A/G,Chr08,61999210,0.0323424595983353,2657,FALSE
Pv2.1_07_10731863_T/A,Chr07,10731863,0.0323414576386019,2658,FALSE
Pv2.1_08_4551092_T/G,Chr08,4551092,0.0323344597478923,2659,FALSE
Pv2.1_02_26515090_A/G,Chr02,26515090,0.0323336666412244,2660,FALSE
Pv2.1_07_7076374_C/A,Chr07,7076374,0.0323330033296343,2661,FALSE
Pv2.1_10_4461933_T/C,Chr10,4461933,0.0323262991879938,2662,FALSE
Pv2.1_06_15606111_T/C,Chr06,15606111,0.0323214515284511,2663,FALSE
Pv2.1_08_62249194_T/G,Chr08,62249194,0.03232079624701,2664,FALSE
Pv2.1_09_36508044_G/A,Chr09,36508044,0.0323198316863129,2665,FALSE
Pv2.1_09_36872981_C/G,Chr09,36872981,0.0323198316863129,2666,FALSE
Pv2.1_01_3930337_G/A,Chr01,3930337,0.0323181634059164,2667,FALSE
Pv2.1_08_57823554_GT/G,Chr08,57823554,0.0323177390638496,2668,FALSE
Pv2.1_08_12163627_A/G,Chr08,12163627,0.0323174988346087,2669,FALSE
Pv2.1_06_18086489_A/G,Chr06,18086489,0.0323093916968968,2670,FALSE
Pv2.1_08_62327665_C/G,Chr08,62327665,0.0323086762442912,2671,FALSE
Pv2.1_06_20165705_G/A,Chr06,20165705,0.0323027881191469,2672,FALSE
Pv2.1_08_62501537_G/A,Chr08,62501537,0.0322970830438867,2673,FALSE
Pv2.1_11_1322960_A/C,Chr11,1322960,0.0322957264643202,2674,FALSE
Pv2.1_07_35375373_A/G,Chr07,35375373,0.0322931675513787,2675,FALSE
Pv2.1_11_1325182_T/TGGA,Chr11,1325182,0.0322927578365153,2676,FALSE
Pv2.1_08_5441047_G/C,Chr08,5441047,0.0322887709083739,2677,FALSE
Pv2.1_08_5441076_T/A,Chr08,5441076,0.0322887709083739,2678,FALSE
Pv2.1_07_9326928_G/A,Chr07,9326928,0.0322884268887873,2679,FALSE
Pv2.1_06_24936099_T/C,Chr06,24936099,0.0322849210841407,2680,FALSE
Pv2.1_03_42033866_C/T,Chr03,42033866,0.0322809485804356,2681,FALSE
Pv2.1_07_7145653_C/T,Chr07,7145653,0.032274355898128,2682,FALSE
Pv2.1_08_5441016_G/A,Chr08,5441016,0.0322691916906841,2683,FALSE
Pv2.1_09_13419461_A/T,Chr09,13419461,0.0322685290765787,2684,FALSE
Pv2.1_07_8389398_C/T,Chr07,8389398,0.0322681615121949,2685,FALSE
Pv2.1_08_59545789_T/C,Chr08,59545789,0.0322677022318967,2686,FALSE
Pv2.1_11_49176622_T/A,Chr11,49176622,0.0322667151585838,2687,FALSE
Pv2.1_09_37528232_C/CA,Chr09,37528232,0.032265925863709,2688,FALSE
Pv2.1_07_9149573_T/A,Chr07,9149573,0.0322616663878175,2689,FALSE
Pv2.1_06_6863586_A/C,Chr06,6863586,0.0322607274013205,2690,FALSE
Pv2.1_07_8496801_C/CTA,Chr07,8496801,0.0322587533275573,2691,FALSE
Pv2.1_08_17501913_GC/G,Chr08,17501913,0.0322525902463582,2692,FALSE
Pv2.1_07_32675024_C/T,Chr07,32675024,0.0322513665950903,2693,FALSE
Pv2.1_06_17242703_T/A,Chr06,17242703,0.0322358631714907,2694,FALSE
Pv2.1_08_61526816_A/T,Chr08,61526816,0.0322294299266006,2695,FALSE
Pv2.1_08_62782470_T/C,Chr08,62782470,0.0322291384748481,2696,FALSE
Pv2.1_09_13689155_G/A,Chr09,13689155,0.0322250952525636,2697,FALSE
Pv2.1_11_50397904_A/T,Chr11,50397904,0.0322212758875127,2698,FALSE
Pv2.1_03_48574883_T/C,Chr03,48574883,0.0322199185594561,2699,FALSE
Pv2.1_08_9426817_A/T,Chr08,9426817,0.0322170266132189,2700,FALSE
Pv2.1_07_37412037_T/A,Chr07,37412037,0.0322166591463318,2701,FALSE
Pv2.1_08_16323897_A/G,Chr08,16323897,0.0322137644547036,2702,FALSE
Pv2.1_05_39325999_C/T,Chr05,39325999,0.032210769814542,2703,FALSE
Pv2.1_07_32695142_G/A,Chr07,32695142,0.032210129497579,2704,FALSE
Pv2.1_03_48575539_T/G,Chr03,48575539,0.0322062907726122,2705,FALSE
Pv2.1_08_61896163_G/A,Chr08,61896163,0.032203429006529,2706,FALSE
Pv2.1_08_19419242_T/G,Chr08,19419242,0.032201943446339,2707,FALSE
Pv2.1_09_37115498_C/G,Chr09,37115498,0.0321974834894578,2708,FALSE
Pv2.1_09_37115520_C/A,Chr09,37115520,0.0321974834894578,2709,FALSE
Pv2.1_05_3317385_T/C,Chr05,3317385,0.0321928259193647,2710,FALSE
Pv2.1_03_46646430_T/C,Chr03,46646430,0.0321922791415132,2711,FALSE
Pv2.1_04_21442173_A/AGT,Chr04,21442173,0.0321906416699487,2712,FALSE
Pv2.1_08_752046_T/G,Chr08,752046,0.0321901823148854,2713,FALSE
Pv2.1_08_752096_A/G,Chr08,752096,0.0321901823148854,2714,FALSE
Pv2.1_07_37767224_G/C,Chr07,37767224,0.0321894019350877,2715,FALSE
Pv2.1_08_3912827_A/G,Chr08,3912827,0.032182867272565,2716,FALSE
Pv2.1_09_36873003_C/CTG,Chr09,36873003,0.0321823793527436,2717,FALSE
Pv2.1_07_4078793_C/T,Chr07,4078793,0.0321741498451438,2718,FALSE
Pv2.1_07_8497167_T/G,Chr07,8497167,0.0321736147355698,2719,FALSE
Pv2.1_09_37056540_C/CA,Chr09,37056540,0.0321713120207856,2720,FALSE
Pv2.1_07_8479517_G/A,Chr07,8479517,0.0321663514464587,2721,FALSE
Pv2.1_03_45925934_C/G,Chr03,45925934,0.0321642441264371,2722,FALSE
Pv2.1_07_35755079_T/G,Chr07,35755079,0.032163276698681,2723,FALSE
Pv2.1_11_1703186_A/G,Chr11,1703186,0.0321627228078265,2724,FALSE
Pv2.1_08_5697232_G/A,Chr08,5697232,0.0321622343521151,2725,FALSE
Pv2.1_08_53323068_A/G,Chr08,53323068,0.0321618410299829,2726,FALSE
Pv2.1_06_12442413_G/A,Chr06,12442413,0.0321372009507916,2727,FALSE
Pv2.1_07_7517454_G/A,Chr07,7517454,0.0321320041922988,2728,FALSE
Pv2.1_01_144112_G/A,Chr01,144112,0.0321313149622364,2729,FALSE
Pv2.1_07_12739786_G/A,Chr07,12739786,0.0321258626702279,2730,FALSE
Pv2.1_06_17085341_G/A,Chr06,17085341,0.0321258590071056,2731,FALSE
Pv2.1_11_51156884_C/A,Chr11,51156884,0.0321144160442208,2732,FALSE
Pv2.1_03_51849309_T/C,Chr03,51849309,0.032108462800768,2733,FALSE
Pv2.1_06_2041848_A/T,Chr06,2041848,0.032108278032335,2734,FALSE
Pv2.1_07_36850020_G/A,Chr07,36850020,0.0320986981579443,2735,FALSE
Pv2.1_10_42465992_G/C,Chr10,42465992,0.032095855063778,2736,FALSE
Pv2.1_02_46811040_T/A,Chr02,46811040,0.0320896815031895,2737,FALSE
Pv2.1_03_32241406_T/A,Chr03,32241406,0.0320892874460235,2738,FALSE
Pv2.1_07_5609975_G/C,Chr07,5609975,0.0320805663203303,2739,FALSE
Pv2.1_05_16801961_G/A,Chr05,16801961,0.0320734795450202,2740,FALSE
Pv2.1_10_4355185_A/T,Chr10,4355185,0.0320728750460235,2741,FALSE
Pv2.1_04_152546_G/C,Chr04,152546,0.0320696356348669,2742,FALSE
Pv2.1_05_3186617_C/T,Chr05,3186617,0.0320599250498108,2743,FALSE
Pv2.1_07_7911985_C/T,Chr07,7911985,0.0320524018566331,2744,FALSE
Pv2.1_06_25436320_A/G,Chr06,25436320,0.0320501903653723,2745,FALSE
Pv2.1_08_61682037_T/C,Chr08,61682037,0.0320393920692923,2746,FALSE
Pv2.1_07_10883794_T/C,Chr07,10883794,0.0320382262555694,2747,FALSE
Pv2.1_09_14151390_T/A,Chr09,14151390,0.0320335182285461,2748,FALSE
Pv2.1_07_9296439_T/A,Chr07,9296439,0.032026383363732,2749,FALSE
Pv2.1_07_9296447_G/A,Chr07,9296447,0.032026383363732,2750,FALSE
Pv2.1_04_44659974_A/G,Chr04,44659974,0.032024308899687,2751,FALSE
Pv2.1_09_36508137_G/C,Chr09,36508137,0.0320227265923414,2752,FALSE
Pv2.1_09_36508142_G/C,Chr09,36508142,0.0320227265923414,2753,FALSE
Pv2.1_11_45741757_AATT/A,Chr11,45741757,0.0320202232647282,2754,FALSE
Pv2.1_06_14661067_G/A,Chr06,14661067,0.0320139754393614,2755,FALSE
Pv2.1_09_36808191_A/G,Chr09,36808191,0.0320115821244134,2756,FALSE
Pv2.1_07_5554034_C/CATT,Chr07,5554034,0.0320094225739842,2757,FALSE
Pv2.1_08_58386470_T/C,Chr08,58386470,0.0320086471146746,2758,FALSE
Pv2.1_05_1897457_C/T,Chr05,1897457,0.0320021478093233,2759,FALSE
Pv2.1_03_40366597_T/C,Chr03,40366597,0.0319991194397944,2760,FALSE
Pv2.1_06_21888203_G/A,Chr06,21888203,0.0319962848771245,2761,FALSE
Pv2.1_05_2835308_C/T,Chr05,2835308,0.0319954787158578,2762,FALSE
Pv2.1_03_52775577_GT/G,Chr03,52775577,0.0319946008080536,2763,FALSE
Pv2.1_08_61664116_G/A,Chr08,61664116,0.0319934681942602,2764,FALSE
Pv2.1_08_62872821_T/G,Chr08,62872821,0.0319925975690838,2765,FALSE
Pv2.1_08_196266_G/A,Chr08,196266,0.0319896535142483,2766,FALSE
Pv2.1_07_8536251_T/G,Chr07,8536251,0.0319848172075781,2767,FALSE
Pv2.1_07_8536258_A/G,Chr07,8536258,0.0319848172075781,2768,FALSE
Pv2.1_07_8536281_A/T,Chr07,8536281,0.0319848172075781,2769,FALSE
Pv2.1_05_2409839_C/T,Chr05,2409839,0.0319841221284074,2770,FALSE
Pv2.1_05_2409868_A/G,Chr05,2409868,0.0319841221284074,2771,FALSE
Pv2.1_08_62787559_G/A,Chr08,62787559,0.0319825374680329,2772,FALSE
Pv2.1_11_51717951_T/C,Chr11,51717951,0.0319818818867614,2773,FALSE
Pv2.1_08_14362505_G/C,Chr08,14362505,0.0319770333140847,2774,FALSE
Pv2.1_10_41709538_C/T,Chr10,41709538,0.0319726514697369,2775,FALSE
Pv2.1_02_45687461_T/C,Chr02,45687461,0.0319716094111073,2776,FALSE
Pv2.1_01_4006399_C/T,Chr01,4006399,0.0319712197786357,2777,FALSE
Pv2.1_08_58957841_A/G,Chr08,58957841,0.0319704867595321,2778,FALSE
Pv2.1_08_58957905_C/T,Chr08,58957905,0.0319704867595321,2779,FALSE
Pv2.1_08_40338155_C/A,Chr08,40338155,0.0319584532401418,2780,FALSE
Pv2.1_10_749253_T/C,Chr10,749253,0.0319513921461923,2781,FALSE
Pv2.1_07_8054700_A/T,Chr07,8054700,0.0319494895846493,2782,FALSE
Pv2.1_07_8412247_C/G,Chr07,8412247,0.0319494895846493,2783,FALSE
Pv2.1_07_8456578_C/G,Chr07,8456578,0.0319491403764105,2784,FALSE
Pv2.1_11_47185843_T/C,Chr11,47185843,0.0319475657064947,2785,FALSE
Pv2.1_02_2444779_A/T,Chr02,2444779,0.0319472667013168,2786,FALSE
Pv2.1_08_29376980_T/C,Chr08,29376980,0.0319377179191656,2787,FALSE
Pv2.1_08_19419258_C/T,Chr08,19419258,0.0319346957566866,2788,FALSE
Pv2.1_02_2987344_C/T,Chr02,2987344,0.0319341902755017,2789,FALSE
Pv2.1_04_1593169_A/T,Chr04,1593169,0.0319302882710866,2790,FALSE
Pv2.1_06_16510150_G/A,Chr06,16510150,0.0319250254160721,2791,FALSE
Pv2.1_02_48699500_T/C,Chr02,48699500,0.0319191224825519,2792,FALSE
Pv2.1_03_51587447_C/T,Chr03,51587447,0.0319160054615004,2793,FALSE
Pv2.1_07_6788700_C/A,Chr07,6788700,0.0319136818513353,2794,FALSE
Pv2.1_06_15639172_C/T,Chr06,15639172,0.0319089329832898,2795,FALSE
Pv2.1_01_3306828_A/T,Chr01,3306828,0.0319061550481199,2796,FALSE
Pv2.1_05_35358203_C/A,Chr05,35358203,0.0318975685343315,2797,FALSE
Pv2.1_09_36937824_C/A,Chr09,36937824,0.0318970832886802,2798,FALSE
Pv2.1_07_9572148_C/A,Chr07,9572148,0.0318856976453201,2799,FALSE
Pv2.1_06_24328586_C/T,Chr06,24328586,0.0318845294375327,2800,FALSE
Pv2.1_09_37730532_G/T,Chr09,37730532,0.0318775166372829,2801,FALSE
Pv2.1_07_4078784_G/C,Chr07,4078784,0.0318769395325917,2802,FALSE
Pv2.1_06_6560473_T/C,Chr06,6560473,0.0318706271748539,2803,FALSE
Pv2.1_11_1582393_T/C,Chr11,1582393,0.0318677605112101,2804,FALSE
Pv2.1_04_506181_T/C,Chr04,506181,0.0318649400086337,2805,FALSE
Pv2.1_06_16642829_A/C,Chr06,16642829,0.0318477959899122,2806,FALSE
Pv2.1_06_23251082_T/G,Chr06,23251082,0.031840448128416,2807,FALSE
Pv2.1_04_45154302_T/C,Chr04,45154302,0.031834951317681,2808,FALSE
Pv2.1_02_44694943_A/G,Chr02,44694943,0.0318299151589669,2809,FALSE
Pv2.1_02_45207339_C/T,Chr02,45207339,0.0318297332672493,2810,FALSE
Pv2.1_08_7261503_C/A,Chr08,7261503,0.0318296081925586,2811,FALSE
Pv2.1_07_3892782_C/A,Chr07,3892782,0.0318265513151954,2812,FALSE
Pv2.1_02_41172606_C/CAT,Chr02,41172606,0.0318251485540966,2813,FALSE
Pv2.1_07_7835747_T/G,Chr07,7835747,0.0318226928259366,2814,FALSE
Pv2.1_07_7835748_C/T,Chr07,7835748,0.0318226928259366,2815,FALSE
Pv2.1_01_14694391_T/G,Chr01,14694391,0.0318195171630364,2816,FALSE
Pv2.1_08_62782497_A/T,Chr08,62782497,0.0318143582312604,2817,FALSE
Pv2.1_06_3348438_A/C,Chr06,3348438,0.0318138695338837,2818,FALSE
Pv2.1_07_6816890_G/A,Chr07,6816890,0.031812403444651,2819,FALSE
Pv2.1_07_7076400_T/TA,Chr07,7076400,0.031812403444651,2820,FALSE
Pv2.1_07_8521368_T/A,Chr07,8521368,0.031812403444651,2821,FALSE
Pv2.1_07_7683308_C/G,Chr07,7683308,0.0318109237529116,2822,FALSE
Pv2.1_03_46030481_TTC/T,Chr03,46030481,0.031809325371881,2823,FALSE
Pv2.1_03_46030491_CTCTC/T,Chr03,46030491,0.031809325371881,2824,FALSE
Pv2.1_04_5395414_T/C,Chr04,5395414,0.0318078137470135,2825,FALSE
Pv2.1_07_36646485_A/G,Chr07,36646485,0.0318077830833197,2826,FALSE
Pv2.1_06_18210812_C/T,Chr06,18210812,0.0318071850699933,2827,FALSE
Pv2.1_09_36874733_A/G,Chr09,36874733,0.0318052072404331,2828,FALSE
Pv2.1_09_36872903_T/C,Chr09,36872903,0.0318009096623144,2829,FALSE
Pv2.1_06_19549571_G/A,Chr06,19549571,0.0317970274218635,2830,FALSE
Pv2.1_01_51022710_T/G,Chr01,51022710,0.031790359656974,2831,FALSE
Pv2.1_06_14136479_A/G,Chr06,14136479,0.0317865497761032,2832,FALSE
Pv2.1_08_60362432_G/A,Chr08,60362432,0.0317827968232987,2833,FALSE
Pv2.1_08_59857774_C/T,Chr08,59857774,0.0317794735759565,2834,FALSE
Pv2.1_08_59882082_C/T,Chr08,59882082,0.0317794735759565,2835,FALSE
Pv2.1_08_1170047_T/A,Chr08,1170047,0.0317777422461756,2836,FALSE
Pv2.1_10_43687279_T/C,Chr10,43687279,0.0317763701578797,2837,FALSE
Pv2.1_08_57823541_G/T,Chr08,57823541,0.0317756849080033,2838,FALSE
Pv2.1_08_61656772_G/A,Chr08,61656772,0.0317743428559396,2839,FALSE
Pv2.1_01_11769838_A/G,Chr01,11769838,0.0317733126042854,2840,FALSE
Pv2.1_08_62372092_A/G,Chr08,62372092,0.0317710541801355,2841,FALSE
Pv2.1_06_29747912_C/T,Chr06,29747912,0.0317704018009439,2842,FALSE
Pv2.1_08_63007113_G/T,Chr08,63007113,0.0317680131972455,2843,FALSE
Pv2.1_06_24597588_G/A,Chr06,24597588,0.031767490974024,2844,FALSE
Pv2.1_05_11559884_A/G,Chr05,11559884,0.0317533821155052,2845,FALSE
Pv2.1_07_35914751_T/A,Chr07,35914751,0.0317530129372337,2846,FALSE
Pv2.1_07_35914760_A/G,Chr07,35914760,0.0317530129372337,2847,FALSE
Pv2.1_08_61479495_C/G,Chr08,61479495,0.031741555944814,2848,FALSE
Pv2.1_08_14362541_A/G,Chr08,14362541,0.0317413412579617,2849,FALSE
Pv2.1_03_50415129_C/G,Chr03,50415129,0.0317409501431212,2850,FALSE
Pv2.1_08_12658015_G/C,Chr08,12658015,0.0317325679689304,2851,FALSE
Pv2.1_03_2579990_T/G,Chr03,2579990,0.0317312800894101,2852,FALSE
Pv2.1_03_2580011_G/C,Chr03,2580011,0.0317312800894101,2853,FALSE
Pv2.1_08_53390778_T/A,Chr08,53390778,0.0317279303766851,2854,FALSE
Pv2.1_11_1465967_A/C,Chr11,1465967,0.0317270125389264,2855,FALSE
Pv2.1_08_58194709_G/C,Chr08,58194709,0.0317261892325078,2856,FALSE
Pv2.1_03_13606792_G/GGGGGTC,Chr03,13606792,0.0317063364287371,2857,FALSE
Pv2.1_09_36874686_C/T,Chr09,36874686,0.0317061985419818,2858,FALSE
Pv2.1_06_18050064_T/C,Chr06,18050064,0.0317013462426727,2859,FALSE
Pv2.1_08_12895464_C/T,Chr08,12895464,0.0316991287744526,2860,FALSE
Pv2.1_09_35743339_G/A,Chr09,35743339,0.0316988979525354,2861,FALSE
Pv2.1_07_9182627_C/T,Chr07,9182627,0.0316962302233441,2862,FALSE
Pv2.1_05_39470871_C/G,Chr05,39470871,0.0316910119438161,2863,FALSE
Pv2.1_01_51167055_A/C,Chr01,51167055,0.0316878390007513,2864,FALSE
Pv2.1_09_14394288_T/A,Chr09,14394288,0.0316862127164814,2865,FALSE
Pv2.1_03_52821496_A/C,Chr03,52821496,0.0316833062107231,2866,FALSE
Pv2.1_07_30421036_A/AT,Chr07,30421036,0.0316822390653488,2867,FALSE
Pv2.1_09_37563837_G/C,Chr09,37563837,0.0316805898621082,2868,FALSE
Pv2.1_08_968638_TC/T,Chr08,968638,0.0316794109622904,2869,FALSE
Pv2.1_07_36696395_C/A,Chr07,36696395,0.0316778126799031,2870,FALSE
Pv2.1_06_4990010_G/A,Chr06,4990010,0.0316776748256409,2871,FALSE
Pv2.1_08_1003478_T/C,Chr08,1003478,0.0316750624824715,2872,FALSE
Pv2.1_08_6079240_G/A,Chr08,6079240,0.0316736268563687,2873,FALSE
Pv2.1_07_8870187_T/A,Chr07,8870187,0.0316711490156654,2874,FALSE
Pv2.1_09_37236480_C/A,Chr09,37236480,0.0316681458097041,2875,FALSE
Pv2.1_02_2987228_T/C,Chr02,2987228,0.0316599680745862,2876,FALSE
Pv2.1_01_4193711_A/T,Chr01,4193711,0.0316595198211842,2877,FALSE
Pv2.1_03_30108256_C/G,Chr03,30108256,0.0316593068159565,2878,FALSE
Pv2.1_08_61470012_C/T,Chr08,61470012,0.0316542117469174,2879,FALSE
Pv2.1_05_8938153_G/A,Chr05,8938153,0.0316533114793653,2880,FALSE
Pv2.1_10_9192007_G/A,Chr10,9192007,0.0316528220646073,2881,FALSE
Pv2.1_08_59203266_T/A,Chr08,59203266,0.0316526618127617,2882,FALSE
Pv2.1_08_360100_T/C,Chr08,360100,0.0316523969840716,2883,FALSE
Pv2.1_08_61896126_T/C,Chr08,61896126,0.0316465243351249,2884,FALSE
Pv2.1_02_46437999_G/C,Chr02,46437999,0.0316433072260174,2885,FALSE
Pv2.1_08_62588782_T/C,Chr08,62588782,0.0316412766823522,2886,FALSE
Pv2.1_08_61525829_C/G,Chr08,61525829,0.0316384284344138,2887,FALSE
Pv2.1_06_29493865_T/C,Chr06,29493865,0.0316372406944336,2888,FALSE
Pv2.1_11_3722458_C/CCT,Chr11,3722458,0.0316328535056654,2889,FALSE
Pv2.1_08_61470080_G/A,Chr08,61470080,0.0316284789926735,2890,FALSE
Pv2.1_10_42792076_A/G,Chr10,42792076,0.0316261801904223,2891,FALSE
Pv2.1_09_37663057_C/T,Chr09,37663057,0.0316253993966491,2892,FALSE
Pv2.1_11_2084293_G/T,Chr11,2084293,0.0316225746448136,2893,FALSE
Pv2.1_09_13419593_T/C,Chr09,13419593,0.0316218927937593,2894,FALSE
Pv2.1_09_36936346_C/A,Chr09,36936346,0.0316154394779282,2895,FALSE
Pv2.1_06_14913607_C/T,Chr06,14913607,0.0316150597749449,2896,FALSE
Pv2.1_08_61240426_C/T,Chr08,61240426,0.0316142720983965,2897,FALSE
Pv2.1_06_15779074_T/G,Chr06,15779074,0.0316106984570972,2898,FALSE
Pv2.1_08_62191464_T/TA,Chr08,62191464,0.0316100405366351,2899,FALSE
Pv2.1_07_9592107_A/G,Chr07,9592107,0.0316068271978498,2900,FALSE
Pv2.1_07_9592165_T/C,Chr07,9592165,0.0316068271978498,2901,FALSE
Pv2.1_09_36794388_G/T,Chr09,36794388,0.0316048154127988,2902,FALSE
Pv2.1_07_6732475_G/A,Chr07,6732475,0.0316000427769221,2903,FALSE
Pv2.1_08_62824091_A/G,Chr08,62824091,0.031598783775733,2904,FALSE
Pv2.1_06_3852773_G/A,Chr06,3852773,0.03159782725769,2905,FALSE
Pv2.1_06_13848787_A/C,Chr06,13848787,0.031589118527406,2906,FALSE
Pv2.1_07_36796008_C/G,Chr07,36796008,0.0315865059954117,2907,FALSE
Pv2.1_10_2738070_C/T,Chr10,2738070,0.0315863562471241,2908,FALSE
Pv2.1_08_1437504_A/C,Chr08,1437504,0.0315810097865294,2909,FALSE
Pv2.1_02_47384270_T/A,Chr02,47384270,0.0315770007852403,2910,FALSE
Pv2.1_02_47384296_C/T,Chr02,47384296,0.0315770007852403,2911,FALSE
Pv2.1_03_48574835_T/A,Chr03,48574835,0.0315749648822941,2912,FALSE
Pv2.1_03_37349591_T/C,Chr03,37349591,0.0315732297779197,2913,FALSE
Pv2.1_11_4838928_T/A,Chr11,4838928,0.0315713506006579,2914,FALSE
Pv2.1_08_14663401_A/G,Chr08,14663401,0.0315686834731959,2915,FALSE
Pv2.1_06_5692470_G/A,Chr06,5692470,0.0315522722013495,2916,FALSE
Pv2.1_04_2707027_T/A,Chr04,2707027,0.0315494592826653,2917,FALSE
Pv2.1_06_20760677_G/T,Chr06,20760677,0.0315492587539481,2918,FALSE
Pv2.1_07_36711230_T/C,Chr07,36711230,0.0315466425258641,2919,FALSE
Pv2.1_07_7466186_T/C,Chr07,7466186,0.0315442744413361,2920,FALSE
Pv2.1_04_1686909_C/T,Chr04,1686909,0.0315410247749979,2921,FALSE
Pv2.1_09_36051915_T/C,Chr09,36051915,0.0315345583787137,2922,FALSE
Pv2.1_07_7517921_T/A,Chr07,7517921,0.0315337460707497,2923,FALSE
Pv2.1_09_37348717_A/T,Chr09,37348717,0.0315317377116502,2924,FALSE
Pv2.1_09_37348718_A/G,Chr09,37348718,0.0315317377116502,2925,FALSE
Pv2.1_11_6222203_AAATT/A,Chr11,6222203,0.0315278463159916,2926,FALSE
Pv2.1_04_5395410_C/T,Chr04,5395410,0.0315232499315568,2927,FALSE
Pv2.1_11_1748135_C/T,Chr11,1748135,0.0315219333008434,2928,FALSE
Pv2.1_06_25291281_C/T,Chr06,25291281,0.0315214008746447,2929,FALSE
Pv2.1_06_25448918_A/G,Chr06,25448918,0.031518650657095,2930,FALSE
Pv2.1_08_4032093_G/A,Chr08,4032093,0.0315174039492545,2931,FALSE
Pv2.1_07_8249377_G/T,Chr07,8249377,0.0315147587742586,2932,FALSE
Pv2.1_07_35106008_A/C,Chr07,35106008,0.0315136455179061,2933,FALSE
Pv2.1_08_62573117_T/C,Chr08,62573117,0.0315065577922042,2934,FALSE
Pv2.1_09_7881866_T/C,Chr09,7881866,0.0315056800268065,2935,FALSE
Pv2.1_08_59143096_C/A,Chr08,59143096,0.0315049571362067,2936,FALSE
Pv2.1_03_42004595_A/T,Chr03,42004595,0.0314993177272473,2937,FALSE
Pv2.1_08_62043159_C/CT,Chr08,62043159,0.0314960536371833,2938,FALSE
Pv2.1_07_37259067_AAT/A,Chr07,37259067,0.0314909357990523,2939,FALSE
Pv2.1_08_6229274_T/A,Chr08,6229274,0.0314892713656669,2940,FALSE
Pv2.1_11_2086842_T/A,Chr11,2086842,0.0314838998044307,2941,FALSE
Pv2.1_04_541339_G/A,Chr04,541339,0.0314761385779581,2942,FALSE
Pv2.1_07_37942203_T/G,Chr07,37942203,0.0314761072413732,2943,FALSE
Pv2.1_04_47686981_C/G,Chr04,47686981,0.0314737703416643,2944,FALSE
Pv2.1_03_2580021_G/C,Chr03,2580021,0.0314649740106727,2945,FALSE
Pv2.1_03_8261245_A/G,Chr03,8261245,0.0314623903030222,2946,FALSE
Pv2.1_07_9089382_C/T,Chr07,9089382,0.0314592464126116,2947,FALSE
Pv2.1_02_13541432_T/C,Chr02,13541432,0.0314558459026273,2948,FALSE
Pv2.1_10_44025768_C/T,Chr10,44025768,0.0314482468811281,2949,FALSE
Pv2.1_09_36843844_A/G,Chr09,36843844,0.0314344006252632,2950,FALSE
Pv2.1_09_36843847_A/T,Chr09,36843847,0.0314344006252632,2951,FALSE
Pv2.1_09_36808188_G/A,Chr09,36808188,0.0314343700841664,2952,FALSE
Pv2.1_08_62891907_A/G,Chr08,62891907,0.0314338689278997,2953,FALSE
Pv2.1_09_38133916_T/A,Chr09,38133916,0.0314334365979416,2954,FALSE
Pv2.1_09_38133955_C/A,Chr09,38133955,0.0314334365979416,2955,FALSE
Pv2.1_01_11311784_C/A,Chr01,11311784,0.0314312418463301,2956,FALSE
Pv2.1_03_36241707_A/G,Chr03,36241707,0.0314295850746649,2957,FALSE
Pv2.1_09_37473814_C/T,Chr09,37473814,0.0314289194802484,2958,FALSE
Pv2.1_09_37826369_A/C,Chr09,37826369,0.0314260707758005,2959,FALSE
Pv2.1_05_39325966_A/G,Chr05,39325966,0.031420164932634,2960,FALSE
Pv2.1_02_13946374_C/T,Chr02,13946374,0.0314174707610526,2961,FALSE
Pv2.1_01_51175042_T/C,Chr01,51175042,0.0314074894678198,2962,FALSE
Pv2.1_11_1456174_A/G,Chr11,1456174,0.0314071768301978,2963,FALSE
Pv2.1_07_9089337_A/T,Chr07,9089337,0.0314049733511341,2964,FALSE
Pv2.1_07_9089347_G/C,Chr07,9089347,0.0314049733511341,2965,FALSE
Pv2.1_07_35752464_G/T,Chr07,35752464,0.0314048892513643,2966,FALSE
Pv2.1_01_5336905_T/A,Chr01,5336905,0.0313949888888629,2967,FALSE
Pv2.1_07_35753019_A/G,Chr07,35753019,0.0313873710819212,2968,FALSE
Pv2.1_07_37122850_ATAAC/A,Chr07,37122850,0.0313828352044077,2969,FALSE
Pv2.1_04_46855413_C/G,Chr04,46855413,0.0313803886743829,2970,FALSE
Pv2.1_05_4480264_C/T,Chr05,4480264,0.0313795066517022,2971,FALSE
Pv2.1_03_49707345_G/C,Chr03,49707345,0.0313791960961805,2972,FALSE
Pv2.1_08_282884_A/ACTGG,Chr08,282884,0.031378277672399,2973,FALSE
Pv2.1_09_11400890_C/T,Chr09,11400890,0.031377440926077,2974,FALSE
Pv2.1_06_9560164_T/C,Chr06,9560164,0.0313764283107649,2975,FALSE
Pv2.1_09_37825193_T/C,Chr09,37825193,0.0313687948138388,2976,FALSE
Pv2.1_02_2404781_C/T,Chr02,2404781,0.0313656469480552,2977,FALSE
Pv2.1_05_172673_T/C,Chr05,172673,0.0313609165925772,2978,FALSE
Pv2.1_08_53256163_G/A,Chr08,53256163,0.0313590618088702,2979,FALSE
Pv2.1_10_5671276_G/A,Chr10,5671276,0.0313589460217596,2980,FALSE
Pv2.1_06_11413594_G/A,Chr06,11413594,0.0313580429921139,2981,FALSE
Pv2.1_06_21206820_C/T,Chr06,21206820,0.0313517108906738,2982,FALSE
Pv2.1_06_19002691_A/T,Chr06,19002691,0.0313493111655512,2983,FALSE
Pv2.1_07_4149822_C/T,Chr07,4149822,0.0313393324144249,2984,FALSE
Pv2.1_07_4149823_A/T,Chr07,4149823,0.0313393324144249,2985,FALSE
Pv2.1_11_49326805_C/T,Chr11,49326805,0.031337951994864,2986,FALSE
Pv2.1_09_22362035_A/AATG,Chr09,22362035,0.0313362066694212,2987,FALSE
Pv2.1_06_23251134_TG/T,Chr06,23251134,0.0313359751253746,2988,FALSE
Pv2.1_06_24233467_T/A,Chr06,24233467,0.0313309272337268,2989,FALSE
Pv2.1_08_62863828_C/T,Chr08,62863828,0.0313307503702651,2990,FALSE
Pv2.1_07_7517253_C/T,Chr07,7517253,0.0313293996390338,2991,FALSE
Pv2.1_09_36843842_T/A,Chr09,36843842,0.0313290201081857,2992,FALSE
Pv2.1_07_10245517_G/C,Chr07,10245517,0.0313225199652369,2993,FALSE
Pv2.1_07_10245521_A/C,Chr07,10245521,0.0313225199652369,2994,FALSE
Pv2.1_07_9591956_C/T,Chr07,9591956,0.0313225199652369,2995,FALSE
Pv2.1_09_36859871_C/A,Chr09,36859871,0.0313194892105488,2996,FALSE
Pv2.1_03_2227591_C/T,Chr03,2227591,0.0313141011111608,2997,FALSE
Pv2.1_07_3313545_T/C,Chr07,3313545,0.03131239684053,2998,FALSE
Pv2.1_08_52812800_AG/A,Chr08,52812800,0.0313053110645085,2999,FALSE
Pv2.1_07_4001241_G/A,Chr07,4001241,0.0313015680048125,3000,FALSE
Pv2.1_11_44409909_C/G,Chr11,44409909,0.0313007822928504,3001,FALSE
Pv2.1_04_45482225_A/T,Chr04,45482225,0.0312989113245608,3002,FALSE
Pv2.1_08_7211489_G/A,Chr08,7211489,0.0312946614409553,3003,FALSE
Pv2.1_07_4174294_C/T,Chr07,4174294,0.0312875136841462,3004,FALSE
Pv2.1_06_29458203_T/C,Chr06,29458203,0.031285244935499,3005,FALSE
Pv2.1_08_55202424_A/G,Chr08,55202424,0.0312753566101072,3006,FALSE
Pv2.1_03_51384839_C/A,Chr03,51384839,0.0312751653809458,3007,FALSE
Pv2.1_03_51384839_CACCA/AACCG,Chr03,51384839,0.0312751653809458,3008,FALSE
Pv2.1_08_59203117_GTT/G,Chr08,59203117,0.0312705598143728,3009,FALSE
Pv2.1_11_32432886_T/C,Chr11,32432886,0.0312702143774506,3010,FALSE
Pv2.1_05_40760913_A/G,Chr05,40760913,0.0312697989978532,3011,FALSE
Pv2.1_06_18368785_TG/T,Chr06,18368785,0.0312681489694282,3012,FALSE
Pv2.1_07_7032957_G/A,Chr07,7032957,0.0312670600592884,3013,FALSE
Pv2.1_07_6676000_GC/G,Chr07,6676000,0.0312663186209115,3014,FALSE
Pv2.1_02_3408012_C/A,Chr02,3408012,0.0312659794174497,3015,FALSE
Pv2.1_08_55851685_T/A,Chr08,55851685,0.031260269818207,3016,FALSE
Pv2.1_08_61728874_T/A,Chr08,61728874,0.0312568268839888,3017,FALSE
Pv2.1_07_7065471_G/A,Chr07,7065471,0.0312514616782842,3018,FALSE
Pv2.1_07_8310774_C/T,Chr07,8310774,0.0312514616782842,3019,FALSE
Pv2.1_06_9151965_G/T,Chr06,9151965,0.031248703582603,3020,FALSE
Pv2.1_10_11554952_C/A,Chr10,11554952,0.0312477059380698,3021,FALSE
Pv2.1_04_47668963_C/CT,Chr04,47668963,0.031245200243311,3022,FALSE
Pv2.1_07_6784648_A/T,Chr07,6784648,0.031244999684338,3023,FALSE
Pv2.1_02_40981078_G/A,Chr02,40981078,0.0312436660486903,3024,FALSE
Pv2.1_08_62788363_A/G,Chr08,62788363,0.0312422503697647,3025,FALSE
Pv2.1_07_4755241_C/G,Chr07,4755241,0.0312394134414431,3026,FALSE
Pv2.1_05_11559885_T/C,Chr05,11559885,0.0312372570977062,3027,FALSE
Pv2.1_07_9149470_C/A,Chr07,9149470,0.0312358694857742,3028,FALSE
Pv2.1_05_2245772_A/T,Chr05,2245772,0.0312342152869118,3029,FALSE
Pv2.1_07_10364210_C/T,Chr07,10364210,0.0312324193413995,3030,FALSE
Pv2.1_07_10364225_C/T,Chr07,10364225,0.0312324193413995,3031,FALSE
Pv2.1_01_50479159_C/T,Chr01,50479159,0.0312314892137024,3032,FALSE
Pv2.1_04_46590549_G/A,Chr04,46590549,0.0312283532198787,3033,FALSE
Pv2.1_08_59125773_G/A,Chr08,59125773,0.0312254012754827,3034,FALSE
Pv2.1_08_61525694_T/C,Chr08,61525694,0.0312225532054189,3035,FALSE
Pv2.1_08_62934661_C/A,Chr08,62934661,0.0312197053480547,3036,FALSE
Pv2.1_03_52855565_A/C,Chr03,52855565,0.0312181371135956,3037,FALSE
Pv2.1_03_52855613_C/T,Chr03,52855613,0.0312181371135956,3038,FALSE
Pv2.1_03_52855630_A/G,Chr03,52855630,0.0312181371135956,3039,FALSE
Pv2.1_08_62311090_C/A,Chr08,62311090,0.0312177200262118,3040,FALSE
Pv2.1_09_36670592_G/T,Chr09,36670592,0.0312174323097318,3041,FALSE
Pv2.1_09_36670615_C/G,Chr09,36670615,0.0312174323097318,3042,FALSE
Pv2.1_02_667768_G/A,Chr02,667768,0.0312156585316044,3043,FALSE
Pv2.1_04_3957821_CT/C,Chr04,3957821,0.0312138002180684,3044,FALSE
Pv2.1_09_37431954_A/G,Chr09,37431954,0.0312127290821271,3045,FALSE
Pv2.1_08_58337313_T/C,Chr08,58337313,0.0312111094740501,3046,FALSE
Pv2.1_10_43902389_T/A,Chr10,43902389,0.0312107938292137,3047,FALSE
Pv2.1_10_43902393_G/A,Chr10,43902393,0.0312107938292137,3048,FALSE
Pv2.1_08_872422_G/A,Chr08,872422,0.0312042761690652,3049,FALSE
Pv2.1_08_62869163_G/A,Chr08,62869163,0.0312016369328911,3050,FALSE
Pv2.1_07_8865828_A/C,Chr07,8865828,0.0312005063144758,3051,FALSE
Pv2.1_02_26128994_T/C,Chr02,26128994,0.0311994961190725,3052,FALSE
Pv2.1_08_61642462_A/G,Chr08,61642462,0.0311972163183394,3053,FALSE
Pv2.1_05_39721627_C/T,Chr05,39721627,0.0311960285304309,3054,FALSE
Pv2.1_07_8306410_C/T,Chr07,8306410,0.0311958877677263,3055,FALSE
Pv2.1_06_2580479_T/A,Chr06,2580479,0.0311945913181213,3056,FALSE
Pv2.1_03_45519720_C/T,Chr03,45519720,0.031192594441058,3057,FALSE
Pv2.1_05_39970203_A/G,Chr05,39970203,0.031191489058072,3058,FALSE
Pv2.1_08_62796002_G/C,Chr08,62796002,0.0311902837459122,3059,FALSE
Pv2.1_08_61879760_G/C,Chr08,61879760,0.0311901645883297,3060,FALSE
Pv2.1_08_53354235_T/A,Chr08,53354235,0.0311837324758262,3061,FALSE
Pv2.1_04_46263194_A/C,Chr04,46263194,0.031179408598847,3062,FALSE
Pv2.1_08_51592946_C/T,Chr08,51592946,0.0311787564366122,3063,FALSE
Pv2.1_04_1743529_G/A,Chr04,1743529,0.0311751048400861,3064,FALSE
Pv2.1_08_14362480_C/A,Chr08,14362480,0.0311671888626042,3065,FALSE
Pv2.1_07_3889669_AAT/A,Chr07,3889669,0.0311634499462166,3066,FALSE
Pv2.1_08_62490710_C/T,Chr08,62490710,0.03116126036443,3067,FALSE
Pv2.1_07_9346860_A/C,Chr07,9346860,0.0311597407928037,3068,FALSE
Pv2.1_05_39024721_A/G,Chr05,39024721,0.0311522639738628,3069,FALSE
Pv2.1_07_37412324_TCAA/T,Chr07,37412324,0.0311449932743462,3070,FALSE
Pv2.1_11_47315225_G/C,Chr11,47315225,0.031142336062667,3071,FALSE
Pv2.1_01_655740_T/C,Chr01,655740,0.0311394474890596,3072,FALSE
Pv2.1_10_5821255_C/T,Chr10,5821255,0.0311392185510271,3073,FALSE
Pv2.1_08_9096205_A/G,Chr08,9096205,0.0311391474603964,3074,FALSE
Pv2.1_01_3370784_C/A,Chr01,3370784,0.0311361610156347,3075,FALSE
Pv2.1_08_1070249_C/G,Chr08,1070249,0.0311359917297902,3076,FALSE
Pv2.1_08_1070252_T/C,Chr08,1070252,0.0311359917297902,3077,FALSE
Pv2.1_04_45177678_A/C,Chr04,45177678,0.0311336454468205,3078,FALSE
Pv2.1_09_35989929_C/A,Chr09,35989929,0.0311305738490622,3079,FALSE
Pv2.1_11_45758417_T/C,Chr11,45758417,0.0311303143953059,3080,FALSE
Pv2.1_10_2997347_A/G,Chr10,2997347,0.0311301518832026,3081,FALSE
Pv2.1_08_13361381_G/A,Chr08,13361381,0.0311238322826113,3082,FALSE
Pv2.1_10_2968032_A/C,Chr10,2968032,0.0311206946861917,3083,FALSE
Pv2.1_01_50650008_C/T,Chr01,50650008,0.0311200869164185,3084,FALSE
Pv2.1_08_249702_G/A,Chr08,249702,0.0311057540145967,3085,FALSE
Pv2.1_02_2620399_A/T,Chr02,2620399,0.031102980563785,3086,FALSE
Pv2.1_08_3853209_T/C,Chr08,3853209,0.031101460807379,3087,FALSE
Pv2.1_08_3853209_T/G,Chr08,3853209,0.031101460807379,3088,FALSE
Pv2.1_04_7272416_A/T,Chr04,7272416,0.0310988762332118,3089,FALSE
Pv2.1_08_59228457_C/T,Chr08,59228457,0.03109841764662,3090,FALSE
Pv2.1_09_37452335_C/A,Chr09,37452335,0.0310971057683354,3091,FALSE
Pv2.1_09_36703701_T/C,Chr09,36703701,0.0310960430159901,3092,FALSE
Pv2.1_02_2749606_A/G,Chr02,2749606,0.0310956483854947,3093,FALSE
Pv2.1_07_36645438_A/T,Chr07,36645438,0.0310923317066636,3094,FALSE
Pv2.1_07_36076505_C/G,Chr07,36076505,0.0310891090569982,3095,FALSE
Pv2.1_07_7835686_T/C,Chr07,7835686,0.0310870800846277,3096,FALSE
Pv2.1_03_8261254_T/C,Chr03,8261254,0.0310841969925169,3097,FALSE
Pv2.1_01_51318889_C/A,Chr01,51318889,0.0310815216085167,3098,FALSE
Pv2.1_01_2781225_C/T,Chr01,2781225,0.0310799288062107,3099,FALSE
Pv2.1_10_3078507_A/T,Chr10,3078507,0.031079508327629,3100,FALSE
Pv2.1_04_156244_A/T,Chr04,156244,0.0310718861043515,3101,FALSE
Pv2.1_07_36710096_G/A,Chr07,36710096,0.0310692960621362,3102,FALSE
Pv2.1_08_58795596_T/G,Chr08,58795596,0.0310649360987374,3103,FALSE
Pv2.1_08_58795635_C/T,Chr08,58795635,0.0310649360987374,3104,FALSE
Pv2.1_07_8776072_C/T,Chr07,8776072,0.0310638305964743,3105,FALSE
Pv2.1_02_13280406_A/T,Chr02,13280406,0.0310580128138174,3106,FALSE
Pv2.1_03_45934794_C/T,Chr03,45934794,0.0310575382212583,3107,FALSE
Pv2.1_06_29489844_A/T,Chr06,29489844,0.0310540001647652,3108,FALSE
Pv2.1_10_42534933_G/A,Chr10,42534933,0.0310527818069941,3109,FALSE
Pv2.1_05_39326050_C/T,Chr05,39326050,0.0310476445370336,3110,FALSE
Pv2.1_06_18210735_C/T,Chr06,18210735,0.031045781214277,3111,FALSE
Pv2.1_08_5420507_A/C,Chr08,5420507,0.0310454644572658,3112,FALSE
Pv2.1_06_7858990_A/G,Chr06,7858990,0.0310452010272675,3113,FALSE
Pv2.1_08_58711392_T/C,Chr08,58711392,0.0310412185780318,3114,FALSE
Pv2.1_08_16102250_G/A,Chr08,16102250,0.0310341043759066,3115,FALSE
Pv2.1_07_9330379_T/C,Chr07,9330379,0.031033971518017,3116,FALSE
Pv2.1_07_1218101_C/A,Chr07,1218101,0.0310331970013933,3117,FALSE
Pv2.1_09_37760859_G/C,Chr09,37760859,0.0310314441352917,3118,FALSE
Pv2.1_07_10207534_T/C,Chr07,10207534,0.0310227007434478,3119,FALSE
Pv2.1_08_61048245_A/G,Chr08,61048245,0.0310218315623039,3120,FALSE
Pv2.1_08_1251858_A/G,Chr08,1251858,0.0310152307776379,3121,FALSE
Pv2.1_08_1169219_C/T,Chr08,1169219,0.0310118015895937,3122,FALSE
Pv2.1_06_29177456_AT/A,Chr06,29177456,0.0310097365224999,3123,FALSE
Pv2.1_03_45469289_A/T,Chr03,45469289,0.0310028305755519,3124,FALSE
Pv2.1_09_36029451_T/A,Chr09,36029451,0.0310018608727183,3125,FALSE
Pv2.1_01_2283925_A/T,Chr01,2283925,0.0309995557532687,3126,FALSE
Pv2.1_09_36028436_C/T,Chr09,36028436,0.0309990561057871,3127,FALSE
Pv2.1_05_40739513_G/A,Chr05,40739513,0.0309965073001122,3128,FALSE
Pv2.1_02_24283699_A/T,Chr02,24283699,0.0309944539420948,3129,FALSE
Pv2.1_02_24283709_T/C,Chr02,24283709,0.0309944539420948,3130,FALSE
Pv2.1_02_2942326_C/T,Chr02,2942326,0.0309915797350984,3131,FALSE
Pv2.1_02_27075353_A/T,Chr02,27075353,0.0309898202033416,3132,FALSE
Pv2.1_02_44728304_C/A,Chr02,44728304,0.0309826042316823,3133,FALSE
Pv2.1_09_36703704_C/T,Chr09,36703704,0.0309800002872191,3134,FALSE
Pv2.1_08_751861_C/G,Chr08,751861,0.0309729232268734,3135,FALSE
Pv2.1_10_4674130_G/A,Chr10,4674130,0.0309711267037818,3136,FALSE
Pv2.1_08_21996084_G/T,Chr08,21996084,0.0309656043812816,3137,FALSE
Pv2.1_09_38046298_C/T,Chr09,38046298,0.0309655683432766,3138,FALSE
Pv2.1_08_825444_T/A,Chr08,825444,0.030963917549764,3139,FALSE
Pv2.1_06_24195964_T/C,Chr06,24195964,0.0309618409729806,3140,FALSE
Pv2.1_08_62490756_T/C,Chr08,62490756,0.0309605524026022,3141,FALSE
Pv2.1_07_9143916_C/T,Chr07,9143916,0.0309596318452834,3142,FALSE
Pv2.1_03_50398499_G/T,Chr03,50398499,0.0309566205360157,3143,FALSE
Pv2.1_08_62007783_TAG/T,Chr08,62007783,0.0309441427232402,3144,FALSE
Pv2.1_06_4028958_G/A,Chr06,4028958,0.0309413893742905,3145,FALSE
Pv2.1_08_9426804_T/C,Chr08,9426804,0.0309402112217447,3146,FALSE
Pv2.1_06_24136430_A/G,Chr06,24136430,0.0309400849120625,3147,FALSE
Pv2.1_11_1322979_C/A,Chr11,1322979,0.0309397029091199,3148,FALSE
Pv2.1_07_36785216_T/C,Chr07,36785216,0.0309382819055974,3149,FALSE
Pv2.1_08_59143010_T/A,Chr08,59143010,0.030937974575584,3150,FALSE
Pv2.1_02_46670197_T/A,Chr02,46670197,0.0309378213347786,3151,FALSE
Pv2.1_03_49163275_G/C,Chr03,49163275,0.0309361836487563,3152,FALSE
Pv2.1_07_36785066_C/T,Chr07,36785066,0.030934997730359,3153,FALSE
Pv2.1_10_1790722_T/TA,Chr10,1790722,0.0309294414767058,3154,FALSE
Pv2.1_11_3066788_T/TTTG,Chr11,3066788,0.0309238476817075,3155,FALSE
Pv2.1_08_121095_T/C,Chr08,121095,0.0309232515662781,3156,FALSE
Pv2.1_11_51522580_C/T,Chr11,51522580,0.0309230417397282,3157,FALSE
Pv2.1_06_25974347_C/T,Chr06,25974347,0.0309201005682147,3158,FALSE
Pv2.1_07_6732493_T/C,Chr07,6732493,0.0309186641852852,3159,FALSE
Pv2.1_07_6732503_T/A,Chr07,6732503,0.0309186641852852,3160,FALSE
Pv2.1_08_9707148_G/C,Chr08,9707148,0.0309158401283645,3161,FALSE
Pv2.1_06_20164115_G/T,Chr06,20164115,0.0309110215032535,3162,FALSE
Pv2.1_09_7738333_G/T,Chr09,7738333,0.0309090136005459,3163,FALSE
Pv2.1_09_36919599_C/G,Chr09,36919599,0.0309035694648001,3164,FALSE
Pv2.1_08_62851718_G/T,Chr08,62851718,0.0308997794119166,3165,FALSE
Pv2.1_08_58684346_T/C,Chr08,58684346,0.0308955330390792,3166,FALSE
Pv2.1_07_7043205_G/A,Chr07,7043205,0.0308943242101036,3167,FALSE
Pv2.1_07_7043219_A/C,Chr07,7043219,0.0308943242101036,3168,FALSE
Pv2.1_08_62882606_T/A,Chr08,62882606,0.0308906304277907,3169,FALSE
Pv2.1_08_62170288_T/G,Chr08,62170288,0.0308880743330735,3170,FALSE
Pv2.1_09_36043470_A/G,Chr09,36043470,0.0308857786653203,3171,FALSE
Pv2.1_07_9729319_A/G,Chr07,9729319,0.0308794801800891,3172,FALSE
Pv2.1_08_60239990_G/A,Chr08,60239990,0.0308738783412363,3173,FALSE
Pv2.1_08_14351389_A/C,Chr08,14351389,0.0308725156941545,3174,FALSE
Pv2.1_05_40457218_G/A,Chr05,40457218,0.0308640299002136,3175,FALSE
Pv2.1_07_9685029_T/A,Chr07,9685029,0.0308598061799152,3176,FALSE
Pv2.1_02_35812007_C/T,Chr02,35812007,0.0308583136381793,3177,FALSE
Pv2.1_07_7835703_G/T,Chr07,7835703,0.0308573500420217,3178,FALSE
Pv2.1_07_8869249_C/T,Chr07,8869249,0.0308573500420217,3179,FALSE
Pv2.1_08_84117_C/A,Chr08,84117,0.0308538218653069,3180,FALSE
Pv2.1_03_6767587_T/A,Chr03,6767587,0.0308522151360582,3181,FALSE
Pv2.1_04_46214568_T/A,Chr04,46214568,0.0308521082981339,3182,FALSE
Pv2.1_04_46214589_A/T,Chr04,46214589,0.0308521082981339,3183,FALSE
Pv2.1_07_33663502_G/A,Chr07,33663502,0.0308512862483323,3184,FALSE
Pv2.1_08_882188_C/T,Chr08,882188,0.0308494723433235,3185,FALSE
Pv2.1_08_9707542_C/T,Chr08,9707542,0.0308431930588506,3186,FALSE
Pv2.1_08_14362552_G/A,Chr08,14362552,0.0308430646240092,3187,FALSE
Pv2.1_09_38095044_A/G,Chr09,38095044,0.030841141715392,3188,FALSE
Pv2.1_11_34990772_C/T,Chr11,34990772,0.0308391458812025,3189,FALSE
Pv2.1_03_52773651_C/T,Chr03,52773651,0.0308374437158521,3190,FALSE
Pv2.1_06_2372402_C/T,Chr06,2372402,0.030837175376409,3191,FALSE
Pv2.1_05_1301261_A/G,Chr05,1301261,0.0308364478404641,3192,FALSE
Pv2.1_06_19031397_G/GAAC,Chr06,19031397,0.030833030555586,3193,FALSE
Pv2.1_11_50774599_C/G,Chr11,50774599,0.0308133483617987,3194,FALSE
Pv2.1_01_655717_G/C,Chr01,655717,0.0308108795426536,3195,FALSE
Pv2.1_06_17577510_A/G,Chr06,17577510,0.0308080555969386,3196,FALSE
Pv2.1_05_39323027_G/A,Chr05,39323027,0.0308057238800377,3197,FALSE
Pv2.1_07_5705257_T/C,Chr07,5705257,0.0308054679319345,3198,FALSE
Pv2.1_08_62249242_T/A,Chr08,62249242,0.030804181854958,3199,FALSE
Pv2.1_08_62249242_T/C,Chr08,62249242,0.030804181854958,3200,FALSE
Pv2.1_10_41044628_C/T,Chr10,41044628,0.0308039913796954,3201,FALSE
Pv2.1_09_36794376_G/A,Chr09,36794376,0.0308039745800661,3202,FALSE
Pv2.1_02_12698167_C/T,Chr02,12698167,0.0307990002033631,3203,FALSE
Pv2.1_03_42226387_A/C,Chr03,42226387,0.0307965024616368,3204,FALSE
Pv2.1_07_34867512_A/T,Chr07,34867512,0.0307951651736409,3205,FALSE
Pv2.1_07_7468497_C/T,Chr07,7468497,0.0307928306126279,3206,FALSE
Pv2.1_07_9583729_C/G,Chr07,9583729,0.0307928306126279,3207,FALSE
Pv2.1_08_62533610_A/G,Chr08,62533610,0.0307880115893346,3208,FALSE
Pv2.1_08_53474378_T/G,Chr08,53474378,0.0307867400090434,3209,FALSE
Pv2.1_09_36808125_G/A,Chr09,36808125,0.0307798285119962,3210,FALSE
Pv2.1_09_36711687_TAAAAAT/ATAAATA,Chr09,36711687,0.0307790124294249,3211,FALSE
Pv2.1_10_43902383_T/G,Chr10,43902383,0.0307771874548948,3212,FALSE
Pv2.1_06_26559899_C/G,Chr06,26559899,0.0307757479881685,3213,FALSE
Pv2.1_11_51790268_A/G,Chr11,51790268,0.0307720166835193,3214,FALSE
Pv2.1_08_62930140_A/G,Chr08,62930140,0.0307718043521454,3215,FALSE
Pv2.1_03_46030832_C/T,Chr03,46030832,0.0307687035888993,3216,FALSE
Pv2.1_08_62934678_A/C,Chr08,62934678,0.0307684655382183,3217,FALSE
Pv2.1_02_45728315_G/A,Chr02,45728315,0.0307659007696381,3218,FALSE
Pv2.1_08_62661059_A/C,Chr08,62661059,0.0307614551148534,3219,FALSE
Pv2.1_08_62661059_A/G,Chr08,62661059,0.0307614551148534,3220,FALSE
Pv2.1_11_45315747_G/A,Chr11,45315747,0.030760603967507,3221,FALSE
Pv2.1_08_712412_T/G,Chr08,712412,0.0307593338585517,3222,FALSE
Pv2.1_08_712429_G/C,Chr08,712429,0.0307593338585517,3223,FALSE
Pv2.1_01_2430614_A/G,Chr01,2430614,0.0307584193322739,3224,FALSE
Pv2.1_08_14737509_T/A,Chr08,14737509,0.0307550748164225,3225,FALSE
Pv2.1_10_5915450_T/A,Chr10,5915450,0.030753122680208,3226,FALSE
Pv2.1_03_33612055_G/A,Chr03,33612055,0.0307507672494229,3227,FALSE
Pv2.1_02_45689627_A/G,Chr02,45689627,0.0307503705633896,3228,FALSE
Pv2.1_07_32673716_T/G,Chr07,32673716,0.0307500083505001,3229,FALSE
Pv2.1_07_35999580_G/A,Chr07,35999580,0.0307491675826994,3230,FALSE
Pv2.1_07_35999584_G/A,Chr07,35999584,0.0307491675826994,3231,FALSE
Pv2.1_11_3120300_A/T,Chr11,3120300,0.0307480474122146,3232,FALSE
Pv2.1_06_18848357_G/A,Chr06,18848357,0.0307461275753651,3233,FALSE
Pv2.1_05_39323299_A/C,Chr05,39323299,0.0307459872077485,3234,FALSE
Pv2.1_01_49363155_G/T,Chr01,49363155,0.0307421076778742,3235,FALSE
Pv2.1_05_10208706_G/C,Chr05,10208706,0.0307389771531845,3236,FALSE
Pv2.1_08_1091953_T/C,Chr08,1091953,0.0307377411082732,3237,FALSE
Pv2.1_09_36712584_T/A,Chr09,36712584,0.030737478063382,3238,FALSE
Pv2.1_08_62280395_G/A,Chr08,62280395,0.0307352114192576,3239,FALSE
Pv2.1_03_45618561_G/T,Chr03,45618561,0.0307343979123185,3240,FALSE
Pv2.1_10_31142357_A/C,Chr10,31142357,0.0307331699873865,3241,FALSE
Pv2.1_08_61240438_G/A,Chr08,61240438,0.030730662083517,3242,FALSE
Pv2.1_03_7990817_G/GA,Chr03,7990817,0.0307275337785762,3243,FALSE
Pv2.1_03_42222242_A/C,Chr03,42222242,0.0307217517708809,3244,FALSE
Pv2.1_02_46668635_G/GTTA,Chr02,46668635,0.0307196714012221,3245,FALSE
Pv2.1_11_1517769_A/G,Chr11,1517769,0.0307191477722224,3246,FALSE
Pv2.1_08_9836629_A/G,Chr08,9836629,0.0307148422045178,3247,FALSE
Pv2.1_10_43599413_A/T,Chr10,43599413,0.0307133094902836,3248,FALSE
Pv2.1_07_9592148_G/A,Chr07,9592148,0.0307114984297474,3249,FALSE
Pv2.1_07_9592149_A/G,Chr07,9592149,0.0307114984297474,3250,FALSE
Pv2.1_07_9592152_C/T,Chr07,9592152,0.0307114984297474,3251,FALSE
Pv2.1_10_3192045_T/C,Chr10,3192045,0.0307095499896519,3252,FALSE
Pv2.1_03_41507484_GC/G,Chr03,41507484,0.0306979416655002,3253,FALSE
Pv2.1_03_19501_T/A,Chr03,19501,0.0306971122687836,3254,FALSE
Pv2.1_03_42079906_T/C,Chr03,42079906,0.0306877067578446,3255,FALSE
Pv2.1_03_45481054_G/A,Chr03,45481054,0.0306860565639546,3256,FALSE
Pv2.1_01_49418616_T/A,Chr01,49418616,0.0306846032479831,3257,FALSE
Pv2.1_03_48660626_T/A,Chr03,48660626,0.0306813870581149,3258,FALSE
Pv2.1_07_10035368_G/A,Chr07,10035368,0.0306744731280144,3259,FALSE
Pv2.1_03_43933787_T/C,Chr03,43933787,0.0306717351101984,3260,FALSE
Pv2.1_08_21996177_G/A,Chr08,21996177,0.0306716315744815,3261,FALSE
Pv2.1_11_51046805_C/A,Chr11,51046805,0.0306707628043399,3262,FALSE
Pv2.1_09_37770584_C/A,Chr09,37770584,0.0306696730755163,3263,FALSE
Pv2.1_07_37288523_C/T,Chr07,37288523,0.0306689807200669,3264,FALSE
Pv2.1_05_38268281_C/T,Chr05,38268281,0.0306686284558695,3265,FALSE
Pv2.1_11_50398170_T/C,Chr11,50398170,0.0306677236273818,3266,FALSE
Pv2.1_09_37473829_C/T,Chr09,37473829,0.0306647024431039,3267,FALSE
Pv2.1_02_35831950_ATTG/A,Chr02,35831950,0.0306620403729432,3268,FALSE
Pv2.1_02_35831952_TGTA/T,Chr02,35831952,0.0306620403729432,3269,FALSE
Pv2.1_06_15622219_A/G,Chr06,15622219,0.0306618050696739,3270,FALSE
Pv2.1_06_15622236_T/A,Chr06,15622236,0.0306618050696739,3271,FALSE
Pv2.1_09_36050191_A/G,Chr09,36050191,0.0306579623110297,3272,FALSE
Pv2.1_05_261596_G/T,Chr05,261596,0.0306574173555112,3273,FALSE
Pv2.1_10_2181655_C/T,Chr10,2181655,0.0306507922453236,3274,FALSE
Pv2.1_02_36888078_A/T,Chr02,36888078,0.0306444237780359,3275,FALSE
Pv2.1_01_12044504_G/A,Chr01,12044504,0.0306432128655345,3276,FALSE
Pv2.1_01_3797668_C/T,Chr01,3797668,0.0306420993997509,3277,FALSE
Pv2.1_11_2084298_T/C,Chr11,2084298,0.0306394189655927,3278,FALSE
Pv2.1_10_42429580_G/A,Chr10,42429580,0.0306383380128414,3279,FALSE
Pv2.1_09_37879204_A/AC,Chr09,37879204,0.0306379388191664,3280,FALSE
Pv2.1_08_61837968_C/T,Chr08,61837968,0.0306341926403415,3281,FALSE
Pv2.1_08_61837991_T/C,Chr08,61837991,0.0306341926403415,3282,FALSE
Pv2.1_08_61837995_A/T,Chr08,61837995,0.0306341926403415,3283,FALSE
Pv2.1_01_2808805_T/G,Chr01,2808805,0.0306339174709436,3284,FALSE
Pv2.1_10_2309949_T/C,Chr10,2309949,0.0306300027557342,3285,FALSE
Pv2.1_07_8673097_C/T,Chr07,8673097,0.030624665278105,3286,FALSE
Pv2.1_06_26410251_C/T,Chr06,26410251,0.030618982903404,3287,FALSE
Pv2.1_08_165964_A/T,Chr08,165964,0.0306094602764602,3288,FALSE
Pv2.1_09_35981306_G/A,Chr09,35981306,0.0306089175646416,3289,FALSE
Pv2.1_07_4319261_A/G,Chr07,4319261,0.0306075420759826,3290,FALSE
Pv2.1_09_36843819_T/TC,Chr09,36843819,0.0306056224310707,3291,FALSE
Pv2.1_08_62495789_C/G,Chr08,62495789,0.0306054231404844,3292,FALSE
Pv2.1_10_6981680_G/C,Chr10,6981680,0.0306023708556977,3293,FALSE
Pv2.1_07_36967535_C/T,Chr07,36967535,0.0306012687743253,3294,FALSE
Pv2.1_08_199244_G/T,Chr08,199244,0.03059862803884,3295,FALSE
Pv2.1_08_814846_T/A,Chr08,814846,0.0305952365533848,3296,FALSE
Pv2.1_11_51100459_G/T,Chr11,51100459,0.0305946918361415,3297,FALSE
Pv2.1_04_46934133_A/AT,Chr04,46934133,0.0305920244339899,3298,FALSE
Pv2.1_09_37770599_A/G,Chr09,37770599,0.0305912490653317,3299,FALSE
Pv2.1_09_37770610_T/C,Chr09,37770610,0.0305912490653317,3300,FALSE
Pv2.1_08_62447393_C/G,Chr08,62447393,0.0305907564674479,3301,FALSE
Pv2.1_01_11555592_C/A,Chr01,11555592,0.0305894674569274,3302,FALSE
Pv2.1_08_61846415_A/G,Chr08,61846415,0.0305815725075873,3303,FALSE
Pv2.1_08_62426174_C/T,Chr08,62426174,0.0305773790466874,3304,FALSE
Pv2.1_08_62426180_G/T,Chr08,62426180,0.0305773790466874,3305,FALSE
Pv2.1_06_17352394_G/A,Chr06,17352394,0.0305743233960607,3306,FALSE
Pv2.1_11_3129590_T/C,Chr11,3129590,0.0305734710562717,3307,FALSE
Pv2.1_01_4620884_C/T,Chr01,4620884,0.0305723350134826,3308,FALSE
Pv2.1_03_8030551_C/G,Chr03,8030551,0.0305698154161309,3309,FALSE
Pv2.1_07_36731750_T/C,Chr07,36731750,0.0305651638254951,3310,FALSE
Pv2.1_11_2900070_G/A,Chr11,2900070,0.0305636114558578,3311,FALSE
Pv2.1_06_20958264_C/T,Chr06,20958264,0.030560464371685,3312,FALSE
Pv2.1_07_7043391_T/C,Chr07,7043391,0.0305588553957112,3313,FALSE
Pv2.1_06_4868966_T/A,Chr06,4868966,0.0305581934987123,3314,FALSE
Pv2.1_07_30346959_G/A,Chr07,30346959,0.0305577712851073,3315,FALSE
Pv2.1_04_46855297_G/T,Chr04,46855297,0.0305554095394154,3316,FALSE
Pv2.1_06_18193069_G/A,Chr06,18193069,0.0305472063870056,3317,FALSE
Pv2.1_07_7395895_T/C,Chr07,7395895,0.03054219428931,3318,FALSE
Pv2.1_01_3494275_G/A,Chr01,3494275,0.0305420491430697,3319,FALSE
Pv2.1_07_37085250_T/C,Chr07,37085250,0.030537054253243,3320,FALSE
Pv2.1_10_4086418_C/G,Chr10,4086418,0.0305355925995832,3321,FALSE
Pv2.1_07_28968582_T/C,Chr07,28968582,0.0305343483275022,3322,FALSE
Pv2.1_08_61260054_T/A,Chr08,61260054,0.0305322986892094,3323,FALSE
Pv2.1_02_46792713_T/C,Chr02,46792713,0.0305295448019662,3324,FALSE
Pv2.1_11_4830052_T/C,Chr11,4830052,0.0305284923078162,3325,FALSE
Pv2.1_07_3871362_AGT/A,Chr07,3871362,0.0305284649831257,3326,FALSE
Pv2.1_08_54347236_G/A,Chr08,54347236,0.0305269088410127,3327,FALSE
Pv2.1_05_4480236_T/G,Chr05,4480236,0.0305266046048627,3328,FALSE
Pv2.1_11_2086865_A/G,Chr11,2086865,0.0305259214053746,3329,FALSE
Pv2.1_11_1276300_G/C,Chr11,1276300,0.0305163002923727,3330,FALSE
Pv2.1_06_21215236_A/G,Chr06,21215236,0.0305149217406879,3331,FALSE
Pv2.1_06_11458046_A/G,Chr06,11458046,0.0305124466013957,3332,FALSE
Pv2.1_08_3922102_TA/T,Chr08,3922102,0.030512394414048,3333,FALSE
Pv2.1_07_38407937_G/C,Chr07,38407937,0.030506281016919,3334,FALSE
Pv2.1_08_502185_C/G,Chr08,502185,0.0305057235369191,3335,FALSE
Pv2.1_06_18558770_C/G,Chr06,18558770,0.0305054391196125,3336,FALSE
Pv2.1_08_792885_T/C,Chr08,792885,0.0305026147924736,3337,FALSE
Pv2.1_11_4521740_A/T,Chr11,4521740,0.030500271867993,3338,FALSE
Pv2.1_11_49164962_C/A,Chr11,49164962,0.0304944128428817,3339,FALSE
Pv2.1_07_37087794_G/A,Chr07,37087794,0.0304934701137993,3340,FALSE
Pv2.1_07_8715264_T/A,Chr07,8715264,0.0304912648116171,3341,FALSE
Pv2.1_04_46176755_T/C,Chr04,46176755,0.0304889128497359,3342,FALSE
Pv2.1_10_42565129_A/T,Chr10,42565129,0.0304876992013754,3343,FALSE
Pv2.1_06_20471224_G/A,Chr06,20471224,0.030487681772875,3344,FALSE
Pv2.1_08_62276163_T/C,Chr08,62276163,0.0304873862159996,3345,FALSE
Pv2.1_10_42685104_C/A,Chr10,42685104,0.0304862442771956,3346,FALSE
Pv2.1_08_61526673_T/TTAGA,Chr08,61526673,0.0304844429766189,3347,FALSE
Pv2.1_10_42638195_GGGT/G,Chr10,42638195,0.0304827736324578,3348,FALSE
Pv2.1_03_7921899_A/T,Chr03,7921899,0.0304819121067177,3349,FALSE
Pv2.1_11_51790274_T/A,Chr11,51790274,0.0304734438395702,3350,FALSE
Pv2.1_02_48724549_C/T,Chr02,48724549,0.0304685506628295,3351,FALSE
Pv2.1_07_7076911_TTGA/T,Chr07,7076911,0.0304648995445289,3352,FALSE
Pv2.1_07_4517877_A/T,Chr07,4517877,0.0304632351960836,3353,FALSE
Pv2.1_08_61338157_C/T,Chr08,61338157,0.0304595703473858,3354,FALSE
Pv2.1_11_1248874_T/A,Chr11,1248874,0.0304567381539096,3355,FALSE
Pv2.1_01_4925215_G/A,Chr01,4925215,0.0304544840482581,3356,FALSE
Pv2.1_08_53222973_C/T,Chr08,53222973,0.0304495451011873,3357,FALSE
Pv2.1_08_63018981_T/C,Chr08,63018981,0.0304487099846735,3358,FALSE
Pv2.1_07_37602022_T/C,Chr07,37602022,0.0304484684743782,3359,FALSE
Pv2.1_05_2232603_C/T,Chr05,2232603,0.0304467281247951,3360,FALSE
Pv2.1_04_47425754_T/C,Chr04,47425754,0.0304451312445044,3361,FALSE
Pv2.1_04_5499027_T/A,Chr04,5499027,0.0304378135662975,3362,FALSE
Pv2.1_07_35511743_A/C,Chr07,35511743,0.0304353232342165,3363,FALSE
Pv2.1_03_49707333_A/T,Chr03,49707333,0.030431173184895,3364,FALSE
Pv2.1_07_36967602_G/GA,Chr07,36967602,0.0304307548313965,3365,FALSE
Pv2.1_03_7849386_G/A,Chr03,7849386,0.0304301778401928,3366,FALSE
Pv2.1_11_30441010_A/G,Chr11,30441010,0.0304272462794875,3367,FALSE
Pv2.1_11_30441015_C/T,Chr11,30441015,0.0304272462794875,3368,FALSE
Pv2.1_04_5418616_C/A,Chr04,5418616,0.0304269128255301,3369,FALSE
Pv2.1_04_32728_G/A,Chr04,32728,0.0304229357337213,3370,FALSE
Pv2.1_07_509375_T/C,Chr07,509375,0.0304210724514284,3371,FALSE
Pv2.1_07_509407_C/G,Chr07,509407,0.0304210724514284,3372,FALSE
Pv2.1_07_509408_A/T,Chr07,509408,0.0304210724514284,3373,FALSE
Pv2.1_07_509409_C/G,Chr07,509409,0.0304210724514284,3374,FALSE
Pv2.1_08_55799800_C/T,Chr08,55799800,0.0304175248054328,3375,FALSE
Pv2.1_08_247209_G/A,Chr08,247209,0.0304172518853942,3376,FALSE
Pv2.1_07_38407932_A/T,Chr07,38407932,0.0304163620966853,3377,FALSE
Pv2.1_08_59857770_CA/C,Chr08,59857770,0.0304160030383476,3378,FALSE
Pv2.1_08_59857772_T/A,Chr08,59857772,0.0304160030383476,3379,FALSE
Pv2.1_10_42486937_A/G,Chr10,42486937,0.0304125125994643,3380,FALSE
Pv2.1_06_16629645_T/G,Chr06,16629645,0.0304106571717013,3381,FALSE
Pv2.1_08_60779897_C/A,Chr08,60779897,0.0304100642205052,3382,FALSE
Pv2.1_08_62529036_T/C,Chr08,62529036,0.0304096665618858,3383,FALSE
Pv2.1_09_38218572_A/G,Chr09,38218572,0.0304061578741153,3384,FALSE
Pv2.1_08_848952_A/T,Chr08,848952,0.0303979742436225,3385,FALSE
Pv2.1_06_25139344_C/T,Chr06,25139344,0.0303978289793498,3386,FALSE
Pv2.1_02_43539172_TG/T,Chr02,43539172,0.0303889774552335,3387,FALSE
Pv2.1_08_58684334_TCTC/T,Chr08,58684334,0.030387455147197,3388,FALSE
Pv2.1_08_62082620_G/A,Chr08,62082620,0.0303857114535431,3389,FALSE
Pv2.1_08_1465732_AT/A,Chr08,1465732,0.0303850398135155,3390,FALSE
Pv2.1_03_9427487_G/A,Chr03,9427487,0.0303833602806938,3391,FALSE
Pv2.1_11_51916455_C/T,Chr11,51916455,0.0303808789485189,3392,FALSE
Pv2.1_05_38950586_T/C,Chr05,38950586,0.030380096222415,3393,FALSE
Pv2.1_03_12727952_G/A,Chr03,12727952,0.0303760946256806,3394,FALSE
Pv2.1_07_32674984_G/A,Chr07,32674984,0.0303749380099605,3395,FALSE
Pv2.1_11_2151942_T/C,Chr11,2151942,0.0303725241074857,3396,FALSE
Pv2.1_11_1703975_C/G,Chr11,1703975,0.0303684670386875,3397,FALSE
Pv2.1_11_52413178_G/A,Chr11,52413178,0.0303673570518517,3398,FALSE
Pv2.1_08_61338146_A/G,Chr08,61338146,0.0303662968412901,3399,FALSE
Pv2.1_11_36616523_T/A,Chr11,36616523,0.0303650275120075,3400,FALSE
Pv2.1_08_9419073_A/G,Chr08,9419073,0.0303621820787234,3401,FALSE
Pv2.1_06_29571909_A/G,Chr06,29571909,0.0303559172938943,3402,FALSE
Pv2.1_08_9057023_A/C,Chr08,9057023,0.0303484022124754,3403,FALSE
Pv2.1_06_15752780_C/T,Chr06,15752780,0.0303470065589697,3404,FALSE
Pv2.1_08_58435645_G/C,Chr08,58435645,0.0303462131548451,3405,FALSE
Pv2.1_10_42159446_A/G,Chr10,42159446,0.0303436675443951,3406,FALSE
Pv2.1_08_63004774_T/C,Chr08,63004774,0.0303419576762636,3407,FALSE
Pv2.1_06_25311746_C/T,Chr06,25311746,0.0303380402370816,3408,FALSE
Pv2.1_06_28493119_C/A,Chr06,28493119,0.0303361724771771,3409,FALSE
Pv2.1_07_4085874_T/A,Chr07,4085874,0.0303331830386604,3410,FALSE
Pv2.1_09_37812772_G/A,Chr09,37812772,0.0303286456707532,3411,FALSE
Pv2.1_09_36679039_G/C,Chr09,36679039,0.0303281409176339,3412,FALSE
Pv2.1_09_36679039_G/T,Chr09,36679039,0.0303281409176339,3413,FALSE
Pv2.1_03_45959290_T/C,Chr03,45959290,0.0303270059446499,3414,FALSE
Pv2.1_11_32787_C/T,Chr11,32787,0.0303264802780516,3415,FALSE
Pv2.1_08_8451374_C/G,Chr08,8451374,0.0303237996743539,3416,FALSE
Pv2.1_11_2101945_T/C,Chr11,2101945,0.0303210115247459,3417,FALSE
Pv2.1_03_8650231_CATT/C,Chr03,8650231,0.0303203918814514,3418,FALSE
Pv2.1_08_58129429_G/T,Chr08,58129429,0.0303188660693325,3419,FALSE
Pv2.1_08_58532467_T/C,Chr08,58532467,0.0303169835937185,3420,FALSE
Pv2.1_01_4818783_T/C,Chr01,4818783,0.0303167513592446,3421,FALSE
Pv2.1_11_1654274_G/T,Chr11,1654274,0.0303155192549482,3422,FALSE
Pv2.1_09_36911740_A/T,Chr09,36911740,0.030314190969599,3423,FALSE
Pv2.1_08_15268141_G/A,Chr08,15268141,0.0303109101452428,3424,FALSE
Pv2.1_11_3069718_A/G,Chr11,3069718,0.0303034075786384,3425,FALSE
Pv2.1_11_3069726_G/A,Chr11,3069726,0.0303034075786384,3426,FALSE
Pv2.1_08_62710628_T/C,Chr08,62710628,0.0302978504432851,3427,FALSE
Pv2.1_03_41124776_G/A,Chr03,41124776,0.0302930419940255,3428,FALSE
Pv2.1_08_60838487_G/C,Chr08,60838487,0.0302913303926857,3429,FALSE
Pv2.1_08_61526007_T/A,Chr08,61526007,0.0302872755364283,3430,FALSE
Pv2.1_08_61879986_G/A,Chr08,61879986,0.0302837993039251,3431,FALSE
Pv2.1_03_186235_A/T,Chr03,186235,0.030273173489062,3432,FALSE
Pv2.1_11_50066956_C/G,Chr11,50066956,0.030273098335956,3433,FALSE
Pv2.1_11_50066960_T/A,Chr11,50066960,0.030273098335956,3434,FALSE
Pv2.1_11_50066966_T/C,Chr11,50066966,0.030273098335956,3435,FALSE
Pv2.1_06_18407376_T/C,Chr06,18407376,0.030269506640082,3436,FALSE
Pv2.1_08_12538688_G/C,Chr08,12538688,0.0302660329205642,3437,FALSE
Pv2.1_01_35998040_C/A,Chr01,35998040,0.0302636143933728,3438,FALSE
Pv2.1_06_23550716_T/A,Chr06,23550716,0.0302628362265489,3439,FALSE
Pv2.1_01_3723813_C/T,Chr01,3723813,0.0302585766760908,3440,FALSE
Pv2.1_10_4674180_G/A,Chr10,4674180,0.0302578323577132,3441,FALSE
Pv2.1_03_50391625_C/T,Chr03,50391625,0.0302548057729575,3442,FALSE
Pv2.1_08_62249226_C/T,Chr08,62249226,0.0302485894765456,3443,FALSE
Pv2.1_06_29177400_A/G,Chr06,29177400,0.0302480576023516,3444,FALSE
Pv2.1_11_53132471_A/T,Chr11,53132471,0.030247385798222,3445,FALSE
Pv2.1_08_63038021_T/A,Chr08,63038021,0.0302446182544793,3446,FALSE
Pv2.1_04_4561467_C/T,Chr04,4561467,0.030243452034588,3447,FALSE
Pv2.1_06_18405954_T/G,Chr06,18405954,0.030241587061123,3448,FALSE
Pv2.1_08_61639236_C/A,Chr08,61639236,0.0302385580201676,3449,FALSE
Pv2.1_07_6748605_C/T,Chr07,6748605,0.0302368225100995,3450,FALSE
Pv2.1_08_4551490_A/G,Chr08,4551490,0.0302365585927742,3451,FALSE
Pv2.1_07_33316207_A/G,Chr07,33316207,0.0302311030585525,3452,FALSE
Pv2.1_03_7921543_A/C,Chr03,7921543,0.0302307180942867,3453,FALSE
Pv2.1_01_50754135_C/T,Chr01,50754135,0.0302298233357261,3454,FALSE
Pv2.1_06_14943967_T/A,Chr06,14943967,0.0302245586805503,3455,FALSE
Pv2.1_06_14943979_T/A,Chr06,14943979,0.0302245586805503,3456,FALSE
Pv2.1_06_14943990_C/T,Chr06,14943990,0.0302245586805503,3457,FALSE
Pv2.1_06_14944003_C/T,Chr06,14944003,0.0302245586805503,3458,FALSE
Pv2.1_02_44922057_T/C,Chr02,44922057,0.0302244682620443,3459,FALSE
Pv2.1_03_46217104_C/A,Chr03,46217104,0.030222625435429,3460,FALSE
Pv2.1_07_4558241_T/C,Chr07,4558241,0.0302225289289697,3461,FALSE
Pv2.1_10_40997938_T/A,Chr10,40997938,0.0302169477762346,3462,FALSE
Pv2.1_11_4588910_C/A,Chr11,4588910,0.0302154595009108,3463,FALSE
Pv2.1_09_36891586_C/T,Chr09,36891586,0.0302149560899037,3464,FALSE
Pv2.1_07_7517238_C/T,Chr07,7517238,0.0302140508675683,3465,FALSE
Pv2.1_01_15329470_G/C,Chr01,15329470,0.0302129932932624,3466,FALSE
Pv2.1_11_3921640_G/A,Chr11,3921640,0.0302121690769424,3467,FALSE
Pv2.1_03_52450801_G/A,Chr03,52450801,0.030210490710564,3468,FALSE
Pv2.1_03_52450827_C/T,Chr03,52450827,0.030210490710564,3469,FALSE
Pv2.1_05_38835406_T/A,Chr05,38835406,0.0302078810635789,3470,FALSE
Pv2.1_02_37844861_A/T,Chr02,37844861,0.0302064572555634,3471,FALSE
Pv2.1_09_37495287_A/T,Chr09,37495287,0.0301963644769274,3472,FALSE
Pv2.1_06_19235187_G/C,Chr06,19235187,0.0301962651871461,3473,FALSE
Pv2.1_06_19235217_G/A,Chr06,19235217,0.0301962651871461,3474,FALSE
Pv2.1_09_37452311_G/T,Chr09,37452311,0.030195217055061,3475,FALSE
Pv2.1_09_37452314_G/A,Chr09,37452314,0.030195217055061,3476,FALSE
Pv2.1_09_37452347_G/A,Chr09,37452347,0.030195217055061,3477,FALSE
Pv2.1_09_36899316_C/T,Chr09,36899316,0.030193425750856,3478,FALSE
Pv2.1_08_53256226_C/T,Chr08,53256226,0.0301896520750775,3479,FALSE
Pv2.1_08_58194729_G/C,Chr08,58194729,0.0301896520750775,3480,FALSE
Pv2.1_08_58285732_C/T,Chr08,58285732,0.0301896520750775,3481,FALSE
Pv2.1_09_38027872_A/G,Chr09,38027872,0.030185189085584,3482,FALSE
Pv2.1_11_3732794_C/T,Chr11,3732794,0.0301851236118527,3483,FALSE
Pv2.1_04_4560433_G/A,Chr04,4560433,0.0301759665122892,3484,FALSE
Pv2.1_08_18829756_G/A,Chr08,18829756,0.0301689866040493,3485,FALSE
Pv2.1_03_48274998_G/T,Chr03,48274998,0.0301686330267019,3486,FALSE
Pv2.1_09_36911713_T/G,Chr09,36911713,0.0301682304770634,3487,FALSE
Pv2.1_03_52541115_CT/C,Chr03,52541115,0.0301652313846117,3488,FALSE
Pv2.1_07_38250885_C/T,Chr07,38250885,0.0301601269628518,3489,FALSE
Pv2.1_04_271396_C/T,Chr04,271396,0.0301557396051653,3490,FALSE
Pv2.1_01_5757711_C/A,Chr01,5757711,0.0301548271328538,3491,FALSE
Pv2.1_06_19585424_T/C,Chr06,19585424,0.0301454118293383,3492,FALSE
Pv2.1_08_9714568_C/T,Chr08,9714568,0.0301413260587378,3493,FALSE
Pv2.1_05_39024663_G/T,Chr05,39024663,0.0301368540475222,3494,FALSE
Pv2.1_05_1710032_A/G,Chr05,1710032,0.0301342986957938,3495,FALSE
Pv2.1_02_24283713_A/G,Chr02,24283713,0.0301294381655968,3496,FALSE
Pv2.1_06_12444802_T/G,Chr06,12444802,0.0301256947990383,3497,FALSE
Pv2.1_10_38132295_A/G,Chr10,38132295,0.0301252237678744,3498,FALSE
Pv2.1_11_5177837_C/A,Chr11,5177837,0.0301233717771661,3499,FALSE
Pv2.1_10_6330064_G/C,Chr10,6330064,0.030121741110853,3500,FALSE
Pv2.1_02_3254056_A/G,Chr02,3254056,0.0301217000444556,3501,FALSE
Pv2.1_10_42550827_T/C,Chr10,42550827,0.0301189104064661,3502,FALSE
Pv2.1_08_61360993_G/A,Chr08,61360993,0.0301170703669857,3503,FALSE
Pv2.1_09_37810707_C/T,Chr09,37810707,0.0301158924893978,3504,FALSE
Pv2.1_06_18407317_G/A,Chr06,18407317,0.0301134440557966,3505,FALSE
Pv2.1_02_35687100_T/A,Chr02,35687100,0.0301129056291511,3506,FALSE
Pv2.1_08_13033710_T/A,Chr08,13033710,0.0301128149291618,3507,FALSE
Pv2.1_02_38488361_A/T,Chr02,38488361,0.0301094100768697,3508,FALSE
Pv2.1_09_36808123_G/T,Chr09,36808123,0.0301071940462503,3509,FALSE
Pv2.1_08_61901268_T/C,Chr08,61901268,0.0300988492489203,3510,FALSE
Pv2.1_07_36963738_G/A,Chr07,36963738,0.0300968226533107,3511,FALSE
Pv2.1_07_7846513_C/T,Chr07,7846513,0.0300966710406887,3512,FALSE
Pv2.1_07_7846543_A/G,Chr07,7846543,0.0300966710406887,3513,FALSE
Pv2.1_01_50901873_A/C,Chr01,50901873,0.0300962571530956,3514,FALSE
Pv2.1_11_52413236_A/G,Chr11,52413236,0.0300942503763402,3515,FALSE
Pv2.1_08_16674311_G/A,Chr08,16674311,0.0300848713067108,3516,FALSE
Pv2.1_07_8397100_A/G,Chr07,8397100,0.0300841726268954,3517,FALSE
Pv2.1_07_8397116_T/A,Chr07,8397116,0.0300841726268954,3518,FALSE
Pv2.1_08_62944873_G/T,Chr08,62944873,0.0300770497442611,3519,FALSE
Pv2.1_06_18407345_T/C,Chr06,18407345,0.0300704094944098,3520,FALSE
Pv2.1_05_39721734_T/C,Chr05,39721734,0.0300665234179034,3521,FALSE
Pv2.1_07_9530246_G/T,Chr07,9530246,0.0300643809020555,3522,FALSE
Pv2.1_11_50239923_C/A,Chr11,50239923,0.0300608440574064,3523,FALSE
Pv2.1_03_50443314_G/A,Chr03,50443314,0.0300599430093036,3524,FALSE
Pv2.1_03_50443318_G/T,Chr03,50443318,0.0300599430093036,3525,FALSE
Pv2.1_07_38021578_A/AG,Chr07,38021578,0.0300589506607998,3526,FALSE
Pv2.1_04_45526919_A/T,Chr04,45526919,0.0300551004883989,3527,FALSE
Pv2.1_04_1421105_G/A,Chr04,1421105,0.0300545545689501,3528,FALSE
Pv2.1_02_28152717_T/C,Chr02,28152717,0.0300516510150537,3529,FALSE
Pv2.1_07_4130844_T/C,Chr07,4130844,0.0300496064589924,3530,FALSE
Pv2.1_08_61034267_G/C,Chr08,61034267,0.0300493626026421,3531,FALSE
Pv2.1_04_156195_A/G,Chr04,156195,0.0300471877188544,3532,FALSE
Pv2.1_08_61186578_A/T,Chr08,61186578,0.0300390932423325,3533,FALSE
Pv2.1_08_12163608_C/T,Chr08,12163608,0.0300297523516497,3534,FALSE
Pv2.1_11_51020529_G/A,Chr11,51020529,0.0300291476078605,3535,FALSE
Pv2.1_08_61642577_C/T,Chr08,61642577,0.0300232366251847,3536,FALSE
Pv2.1_08_61525853_C/T,Chr08,61525853,0.0300214552605751,3537,FALSE
Pv2.1_03_48574842_C/T,Chr03,48574842,0.0300161970643602,3538,FALSE
Pv2.1_01_2613467_C/G,Chr01,2613467,0.0300158543808773,3539,FALSE
Pv2.1_03_36700584_G/T,Chr03,36700584,0.0300146788322895,3540,FALSE
Pv2.1_03_8860832_G/A,Chr03,8860832,0.0300097224665885,3541,FALSE
Pv2.1_10_42550813_G/T,Chr10,42550813,0.0300058219133916,3542,FALSE
Pv2.1_08_63004740_T/G,Chr08,63004740,0.0300037381157927,3543,FALSE
Pv2.1_09_22307868_C/A,Chr09,22307868,0.0300011306195427,3544,FALSE
Pv2.1_08_10772273_C/T,Chr08,10772273,0.0299928455100504,3545,FALSE
Pv2.1_08_10772305_G/A,Chr08,10772305,0.0299928455100504,3546,FALSE
Pv2.1_08_10772327_A/C,Chr08,10772327,0.0299928455100504,3547,FALSE
Pv2.1_10_577108_C/T,Chr10,577108,0.0299883222590078,3548,FALSE
Pv2.1_02_2285546_G/A,Chr02,2285546,0.0299882705981003,3549,FALSE
Pv2.1_07_6784504_T/C,Chr07,6784504,0.0299881179907526,3550,FALSE
Pv2.1_11_52413193_C/T,Chr11,52413193,0.0299844168560304,3551,FALSE
Pv2.1_11_2171726_G/C,Chr11,2171726,0.0299768131928637,3552,FALSE
Pv2.1_07_4085857_C/A,Chr07,4085857,0.0299744831039637,3553,FALSE
Pv2.1_08_10772127_A/T,Chr08,10772127,0.0299714286332997,3554,FALSE
Pv2.1_01_3527870_G/C,Chr01,3527870,0.0299700881598906,3555,FALSE
Pv2.1_02_2453664_T/C,Chr02,2453664,0.029970073571687,3556,FALSE
Pv2.1_07_6763355_G/T,Chr07,6763355,0.0299679851587107,3557,FALSE
Pv2.1_08_16674362_T/C,Chr08,16674362,0.029967871308044,3558,FALSE
Pv2.1_02_37592388_C/T,Chr02,37592388,0.0299626627578453,3559,FALSE
Pv2.1_08_360315_G/A,Chr08,360315,0.0299621598316455,3560,FALSE
Pv2.1_03_40945589_C/T,Chr03,40945589,0.0299585530432784,3561,FALSE
Pv2.1_08_58992336_G/A,Chr08,58992336,0.0299561441789287,3562,FALSE
Pv2.1_08_59031134_A/C,Chr08,59031134,0.0299561441789287,3563,FALSE
Pv2.1_09_37964585_T/A,Chr09,37964585,0.0299558439318903,3564,FALSE
Pv2.1_10_42486871_A/G,Chr10,42486871,0.0299545261834089,3565,FALSE
Pv2.1_08_53323067_C/T,Chr08,53323067,0.0299508748683959,3566,FALSE
Pv2.1_06_18404011_C/T,Chr06,18404011,0.029950072977043,3567,FALSE
Pv2.1_08_61526015_C/T,Chr08,61526015,0.02994963845659,3568,FALSE
Pv2.1_09_7581259_A/G,Chr09,7581259,0.029947128518792,3569,FALSE
Pv2.1_11_51692414_T/C,Chr11,51692414,0.0299450084321813,3570,FALSE
Pv2.1_08_62550473_A/G,Chr08,62550473,0.0299444879852779,3571,FALSE
Pv2.1_08_62550494_A/T,Chr08,62550494,0.0299444879852779,3572,FALSE
Pv2.1_04_45177589_T/C,Chr04,45177589,0.0299438945302768,3573,FALSE
Pv2.1_02_46858599_T/C,Chr02,46858599,0.0299434722880654,3574,FALSE
Pv2.1_10_4260328_G/C,Chr10,4260328,0.0299412415392135,3575,FALSE
Pv2.1_08_9861950_T/C,Chr08,9861950,0.0299383134514701,3576,FALSE
Pv2.1_08_9861956_G/C,Chr08,9861956,0.0299383134514701,3577,FALSE
Pv2.1_08_9861959_G/A,Chr08,9861959,0.0299383134514701,3578,FALSE
Pv2.1_02_26129027_A/G,Chr02,26129027,0.0299327629017925,3579,FALSE
Pv2.1_11_51156816_C/T,Chr11,51156816,0.0299297529757534,3580,FALSE
Pv2.1_08_61388539_CT/C,Chr08,61388539,0.0299243087676455,3581,FALSE
Pv2.1_11_46181262_C/T,Chr11,46181262,0.0299220984961566,3582,FALSE
Pv2.1_09_36130085_T/TAA,Chr09,36130085,0.029919011669012,3583,FALSE
Pv2.1_08_60340289_TAAG/T,Chr08,60340289,0.0299164801750433,3584,FALSE
Pv2.1_09_38095041_G/C,Chr09,38095041,0.0299156026941461,3585,FALSE
Pv2.1_04_3101778_A/G,Chr04,3101778,0.0299123367929579,3586,FALSE
Pv2.1_10_42138889_A/AT,Chr10,42138889,0.0299067067677949,3587,FALSE
Pv2.1_09_37808813_T/A,Chr09,37808813,0.0299001601900786,3588,FALSE
Pv2.1_10_43902359_C/G,Chr10,43902359,0.0298898157290965,3589,FALSE
Pv2.1_06_7858972_A/T,Chr06,7858972,0.0298878729076932,3590,FALSE
Pv2.1_11_50774678_G/A,Chr11,50774678,0.0298867875550881,3591,FALSE
Pv2.1_06_706657_C/T,Chr06,706657,0.0298833483033789,3592,FALSE
Pv2.1_03_45934831_G/A,Chr03,45934831,0.0298820848189441,3593,FALSE
Pv2.1_08_61642509_T/TAC,Chr08,61642509,0.0298811873956644,3594,FALSE
Pv2.1_08_7163528_C/T,Chr08,7163528,0.0298808740444332,3595,FALSE
Pv2.1_07_36037230_C/T,Chr07,36037230,0.0298785760290849,3596,FALSE
Pv2.1_10_2185548_G/A,Chr10,2185548,0.0298766778912194,3597,FALSE
Pv2.1_01_2781264_A/T,Chr01,2781264,0.0298730363360349,3598,FALSE
Pv2.1_01_2781268_T/C,Chr01,2781268,0.0298730363360349,3599,FALSE
Pv2.1_08_58413425_G/T,Chr08,58413425,0.0298727170566262,3600,FALSE
Pv2.1_08_4720623_G/A,Chr08,4720623,0.0298697577111087,3601,FALSE
Pv2.1_01_2485552_T/A,Chr01,2485552,0.0298687236488102,3602,FALSE
Pv2.1_08_9707464_C/A,Chr08,9707464,0.0298686332026117,3603,FALSE
Pv2.1_09_14962935_G/T,Chr09,14962935,0.0298657517002838,3604,FALSE
Pv2.1_08_58991678_G/A,Chr08,58991678,0.0298639419170463,3605,FALSE
Pv2.1_06_22450036_C/T,Chr06,22450036,0.0298602846569693,3606,FALSE
Pv2.1_06_22450037_A/C,Chr06,22450037,0.0298602846569693,3607,FALSE
Pv2.1_08_5176044_C/G,Chr08,5176044,0.029860101176828,3608,FALSE
Pv2.1_08_58384051_C/T,Chr08,58384051,0.0298576671604933,3609,FALSE
Pv2.1_10_6330136_C/A,Chr10,6330136,0.0298535659290531,3610,FALSE
Pv2.1_05_16616743_A/G,Chr05,16616743,0.0298477998424063,3611,FALSE
Pv2.1_08_60045691_C/G,Chr08,60045691,0.0298319377698366,3612,FALSE
Pv2.1_07_36785089_G/T,Chr07,36785089,0.0298288616666484,3613,FALSE
Pv2.1_02_44880373_T/C,Chr02,44880373,0.0298284261092716,3614,FALSE
Pv2.1_02_26956262_C/A,Chr02,26956262,0.0298265651946141,3615,FALSE
Pv2.1_02_26956282_A/T,Chr02,26956282,0.0298265651946141,3616,FALSE
Pv2.1_09_36446734_C/G,Chr09,36446734,0.0298261375787039,3617,FALSE
Pv2.1_10_4830096_G/A,Chr10,4830096,0.0298256652565443,3618,FALSE
Pv2.1_08_62063822_TCCATAA/T,Chr08,62063822,0.0298256515771969,3619,FALSE
Pv2.1_08_4385056_T/C,Chr08,4385056,0.029824272814007,3620,FALSE
Pv2.1_10_2181634_A/G,Chr10,2181634,0.0298139274304501,3621,FALSE
Pv2.1_08_62952451_T/C,Chr08,62952451,0.0298104568095288,3622,FALSE
Pv2.1_08_62952463_T/A,Chr08,62952463,0.0298104568095288,3623,FALSE
Pv2.1_08_62952491_A/G,Chr08,62952491,0.0298104568095288,3624,FALSE
Pv2.1_03_46114663_A/G,Chr03,46114663,0.029802377861341,3625,FALSE
Pv2.1_09_35989997_T/G,Chr09,35989997,0.0298019933182037,3626,FALSE
Pv2.1_05_26209902_C/T,Chr05,26209902,0.0297930061721541,3627,FALSE
Pv2.1_04_44730847_T/C,Chr04,44730847,0.0297884394740802,3628,FALSE
Pv2.1_09_36725368_A/G,Chr09,36725368,0.0297838658192195,3629,FALSE
Pv2.1_04_2047843_G/C,Chr04,2047843,0.0297809373234559,3630,FALSE
Pv2.1_08_59931517_G/A,Chr08,59931517,0.0297759059945921,3631,FALSE
Pv2.1_09_38133889_G/A,Chr09,38133889,0.0297729200373604,3632,FALSE
Pv2.1_08_6229269_C/G,Chr08,6229269,0.0297703555913205,3633,FALSE
Pv2.1_05_141526_CCA/C,Chr05,141526,0.029757849165295,3634,FALSE
Pv2.1_08_60451009_A/G,Chr08,60451009,0.0297515195301519,3635,FALSE
Pv2.1_06_462085_G/A,Chr06,462085,0.0297508935581718,3636,FALSE
Pv2.1_03_30156694_G/A,Chr03,30156694,0.0297500932109256,3637,FALSE
Pv2.1_03_2580458_T/A,Chr03,2580458,0.0297467226584343,3638,FALSE
Pv2.1_07_36623820_T/C,Chr07,36623820,0.0297403648437755,3639,FALSE
Pv2.1_04_18614009_G/T,Chr04,18614009,0.0297388664674352,3640,FALSE
Pv2.1_03_994869_G/A,Chr03,994869,0.029738793683173,3641,FALSE
Pv2.1_06_18368813_T/G,Chr06,18368813,0.0297359644560751,3642,FALSE
Pv2.1_07_3673539_A/G,Chr07,3673539,0.0297285147091162,3643,FALSE
Pv2.1_02_46818830_G/A,Chr02,46818830,0.0297270449694462,3644,FALSE
Pv2.1_07_8580251_C/T,Chr07,8580251,0.0297238732450116,3645,FALSE
Pv2.1_06_28967150_C/T,Chr06,28967150,0.0297217252658468,3646,FALSE
Pv2.1_06_18390979_C/T,Chr06,18390979,0.0297209923553794,3647,FALSE
Pv2.1_03_45925926_G/T,Chr03,45925926,0.0297188839387323,3648,FALSE
Pv2.1_10_5855830_G/A,Chr10,5855830,0.0297127233188412,3649,FALSE
Pv2.1_06_15620634_C/T,Chr06,15620634,0.0297101378965485,3650,FALSE
Pv2.1_06_15620644_G/T,Chr06,15620644,0.0297101378965485,3651,FALSE
Pv2.1_08_62447459_C/T,Chr08,62447459,0.0297097179692702,3652,FALSE
Pv2.1_08_62824139_C/A,Chr08,62824139,0.0297082871245435,3653,FALSE
Pv2.1_08_10018329_T/C,Chr08,10018329,0.0297076836447299,3654,FALSE
Pv2.1_11_50259315_A/T,Chr11,50259315,0.0297055738885978,3655,FALSE
Pv2.1_08_53222934_T/G,Chr08,53222934,0.0297041584658988,3656,FALSE
Pv2.1_08_53222974_T/C,Chr08,53222974,0.0297041584658988,3657,FALSE
Pv2.1_02_26946953_G/T,Chr02,26946953,0.0297003601870083,3658,FALSE
Pv2.1_08_1391689_T/C,Chr08,1391689,0.0296974062526676,3659,FALSE
Pv2.1_02_2428989_A/G,Chr02,2428989,0.0296972316713608,3660,FALSE
Pv2.1_03_40764864_A/T,Chr03,40764864,0.0296916633201354,3661,FALSE
Pv2.1_08_59752513_T/C,Chr08,59752513,0.0296883565908948,3662,FALSE
Pv2.1_04_3218283_T/A,Chr04,3218283,0.0296830935165429,3663,FALSE
Pv2.1_09_37383715_G/A,Chr09,37383715,0.0296807430206441,3664,FALSE
Pv2.1_08_61658073_G/C,Chr08,61658073,0.0296806651421733,3665,FALSE
Pv2.1_02_25166797_G/A,Chr02,25166797,0.0296744667399187,3666,FALSE
Pv2.1_08_62952291_T/C,Chr08,62952291,0.0296736210734978,3667,FALSE
Pv2.1_01_4084943_T/C,Chr01,4084943,0.0296718449377895,3668,FALSE
Pv2.1_09_38133871_G/A,Chr09,38133871,0.0296708515641746,3669,FALSE
Pv2.1_08_3706460_C/T,Chr08,3706460,0.0296658547433055,3670,FALSE
Pv2.1_06_21970118_G/T,Chr06,21970118,0.0296655121514098,3671,FALSE
Pv2.1_03_49696848_G/A,Chr03,49696848,0.0296642765448478,3672,FALSE
Pv2.1_11_1325179_A/T,Chr11,1325179,0.0296641010026764,3673,FALSE
Pv2.1_08_61338127_TC/T,Chr08,61338127,0.0296604183731657,3674,FALSE
Pv2.1_08_56137148_A/G,Chr08,56137148,0.029660144282976,3675,FALSE
Pv2.1_07_36731802_TGCTC/T,Chr07,36731802,0.029654117332413,3676,FALSE
Pv2.1_11_51042044_T/C,Chr11,51042044,0.029653227189145,3677,FALSE
Pv2.1_09_22410521_T/A,Chr09,22410521,0.0296531148294186,3678,FALSE
Pv2.1_04_4561425_C/T,Chr04,4561425,0.0296512595995737,3679,FALSE
Pv2.1_11_45615167_G/T,Chr11,45615167,0.029649314143672,3680,FALSE
Pv2.1_06_20409763_C/G,Chr06,20409763,0.0296486255053754,3681,FALSE
Pv2.1_08_54059393_A/T,Chr08,54059393,0.0296474353726528,3682,FALSE
Pv2.1_07_37941160_C/A,Chr07,37941160,0.0296434138964816,3683,FALSE
Pv2.1_07_37941187_A/G,Chr07,37941187,0.0296434138964816,3684,FALSE
Pv2.1_03_8784224_T/C,Chr03,8784224,0.029641415121441,3685,FALSE
Pv2.1_11_1524736_T/G,Chr11,1524736,0.0296401371376844,3686,FALSE
Pv2.1_08_6268315_G/A,Chr08,6268315,0.0296391995841216,3687,FALSE
Pv2.1_01_5342249_T/C,Chr01,5342249,0.0296387358836361,3688,FALSE
Pv2.1_07_35436445_A/T,Chr07,35436445,0.0296368100116569,3689,FALSE
Pv2.1_04_522512_A/T,Chr04,522512,0.0296298429425406,3690,FALSE
Pv2.1_08_58194730_T/A,Chr08,58194730,0.0296260635130814,3691,FALSE
Pv2.1_07_9583635_C/T,Chr07,9583635,0.0296245246053992,3692,FALSE
Pv2.1_02_2436468_G/A,Chr02,2436468,0.0296240945235882,3693,FALSE
Pv2.1_08_59752547_A/C,Chr08,59752547,0.0296238741099799,3694,FALSE
Pv2.1_10_2346237_A/T,Chr10,2346237,0.029623291363567,3695,FALSE
Pv2.1_11_2114455_A/T,Chr11,2114455,0.0296193376771012,3696,FALSE
Pv2.1_11_2114503_A/C,Chr11,2114503,0.0296193376771012,3697,FALSE
Pv2.1_08_62276137_G/C,Chr08,62276137,0.0296154225437739,3698,FALSE
Pv2.1_03_50415139_A/T,Chr03,50415139,0.0296142299515667,3699,FALSE
Pv2.1_06_24799625_G/A,Chr06,24799625,0.0296136222011221,3700,FALSE
Pv2.1_06_9560311_C/G,Chr06,9560311,0.0296133096947373,3701,FALSE
Pv2.1_07_35841161_C/A,Chr07,35841161,0.0296127234408923,3702,FALSE
Pv2.1_03_39817327_A/AT,Chr03,39817327,0.0296072922601467,3703,FALSE
Pv2.1_02_12698288_G/A,Chr02,12698288,0.02960462338672,3704,FALSE
Pv2.1_04_46430115_A/G,Chr04,46430115,0.0296041200617045,3705,FALSE
Pv2.1_08_58072029_T/A,Chr08,58072029,0.0296008265195566,3706,FALSE
Pv2.1_08_60152196_T/C,Chr08,60152196,0.0295999433887193,3707,FALSE
Pv2.1_08_62956284_T/C,Chr08,62956284,0.0295991010607746,3708,FALSE
Pv2.1_02_48688260_T/C,Chr02,48688260,0.0295948674316504,3709,FALSE
Pv2.1_02_48688275_T/A,Chr02,48688275,0.0295948674316504,3710,FALSE
Pv2.1_07_36141033_G/C,Chr07,36141033,0.0295942178749602,3711,FALSE
Pv2.1_05_39317004_A/T,Chr05,39317004,0.0295941551734211,3712,FALSE
Pv2.1_01_5342110_G/C,Chr01,5342110,0.0295937512291959,3713,FALSE
Pv2.1_07_4325164_A/G,Chr07,4325164,0.0295931010240649,3714,FALSE
Pv2.1_06_20797802_T/C,Chr06,20797802,0.0295930511010707,3715,FALSE
Pv2.1_03_39121420_T/C,Chr03,39121420,0.0295916207572198,3716,FALSE
Pv2.1_07_34208091_C/T,Chr07,34208091,0.0295893034038301,3717,FALSE
Pv2.1_08_9707214_T/A,Chr08,9707214,0.0295873221660514,3718,FALSE
Pv2.1_04_2047832_C/T,Chr04,2047832,0.0295862222092937,3719,FALSE
Pv2.1_08_57682468_G/T,Chr08,57682468,0.0295804065488694,3720,FALSE
Pv2.1_07_35752969_T/C,Chr07,35752969,0.0295793137751832,3721,FALSE
Pv2.1_06_18728490_A/T,Chr06,18728490,0.0295721073493569,3722,FALSE
Pv2.1_08_58539064_T/C,Chr08,58539064,0.0295670572113811,3723,FALSE
Pv2.1_08_58539067_G/C,Chr08,58539067,0.0295670572113811,3724,FALSE
Pv2.1_08_11689315_T/G,Chr08,11689315,0.0295666509345316,3725,FALSE
Pv2.1_07_3320364_A/G,Chr07,3320364,0.0295663395137789,3726,FALSE
Pv2.1_07_3320365_T/C,Chr07,3320365,0.0295663395137789,3727,FALSE
Pv2.1_06_20800770_C/T,Chr06,20800770,0.0295639657458526,3728,FALSE
Pv2.1_06_16799718_G/T,Chr06,16799718,0.0295619603885235,3729,FALSE
Pv2.1_02_35420146_G/A,Chr02,35420146,0.0295615557498588,3730,FALSE
Pv2.1_07_34777661_A/T,Chr07,34777661,0.0295606421822243,3731,FALSE
Pv2.1_02_41768892_A/C,Chr02,41768892,0.0295606270373083,3732,FALSE
Pv2.1_05_38974385_T/C,Chr05,38974385,0.029559058024458,3733,FALSE
Pv2.1_11_4888893_A/G,Chr11,4888893,0.0295584229746408,3734,FALSE
Pv2.1_04_69055_G/A,Chr04,69055,0.0295527349374942,3735,FALSE
Pv2.1_02_694730_A/G,Chr02,694730,0.0295508732300624,3736,FALSE
Pv2.1_02_694731_A/G,Chr02,694731,0.0295508732300624,3737,FALSE
Pv2.1_10_9190161_T/C,Chr10,9190161,0.0295507603125667,3738,FALSE
Pv2.1_10_9190169_G/A,Chr10,9190169,0.0295507603125667,3739,FALSE
Pv2.1_08_58417657_C/G,Chr08,58417657,0.0295488969771216,3740,FALSE
Pv2.1_03_48742397_G/A,Chr03,48742397,0.0295488119395451,3741,FALSE
Pv2.1_08_61483147_G/T,Chr08,61483147,0.0295470584383892,3742,FALSE
Pv2.1_01_5342252_A/G,Chr01,5342252,0.0295466721572977,3743,FALSE
Pv2.1_01_5342270_G/T,Chr01,5342270,0.0295466721572977,3744,FALSE
Pv2.1_01_5342302_T/A,Chr01,5342302,0.0295466721572977,3745,FALSE
Pv2.1_03_36395591_C/T,Chr03,36395591,0.0295446233971624,3746,FALSE
Pv2.1_02_25196963_A/G,Chr02,25196963,0.0295442562650141,3747,FALSE
Pv2.1_06_13814780_G/A,Chr06,13814780,0.0295420437002472,3748,FALSE
Pv2.1_09_38118772_C/G,Chr09,38118772,0.0295410891021102,3749,FALSE
Pv2.1_08_62939652_A/G,Chr08,62939652,0.0295395544489594,3750,FALSE
Pv2.1_11_45478956_C/T,Chr11,45478956,0.0295393140905049,3751,FALSE
Pv2.1_11_50054900_C/T,Chr11,50054900,0.0295385095684826,3752,FALSE
Pv2.1_02_48828601_A/T,Chr02,48828601,0.0295351173995582,3753,FALSE
Pv2.1_08_62146588_T/A,Chr08,62146588,0.0295332803563197,3754,FALSE
Pv2.1_08_1251720_A/G,Chr08,1251720,0.0295327675596631,3755,FALSE
Pv2.1_04_45482223_C/T,Chr04,45482223,0.0295132739150148,3756,FALSE
Pv2.1_04_45482233_C/G,Chr04,45482233,0.0295132739150148,3757,FALSE
Pv2.1_09_36431023_C/T,Chr09,36431023,0.0295123503851329,3758,FALSE
Pv2.1_05_1710036_A/G,Chr05,1710036,0.0295034897546653,3759,FALSE
Pv2.1_04_47078771_G/C,Chr04,47078771,0.0294938966508287,3760,FALSE
Pv2.1_07_36785301_C/T,Chr07,36785301,0.0294900250002446,3761,FALSE
Pv2.1_10_42159496_G/C,Chr10,42159496,0.0294813447304736,3762,FALSE
Pv2.1_10_42159501_A/G,Chr10,42159501,0.0294813447304736,3763,FALSE
Pv2.1_06_15403864_A/AT,Chr06,15403864,0.0294800730666931,3764,FALSE
Pv2.1_10_5915432_T/G,Chr10,5915432,0.0294780322734169,3765,FALSE
Pv2.1_01_49426121_T/C,Chr01,49426121,0.0294756920662578,3766,FALSE
Pv2.1_08_60778919_C/G,Chr08,60778919,0.0294692774591661,3767,FALSE
Pv2.1_02_41172748_C/A,Chr02,41172748,0.0294690296199671,3768,FALSE
Pv2.1_08_58446094_T/G,Chr08,58446094,0.0294685506170262,3769,FALSE
Pv2.1_08_58446097_G/A,Chr08,58446097,0.0294685506170262,3770,FALSE
Pv2.1_08_61266660_G/C,Chr08,61266660,0.029468007201237,3771,FALSE
Pv2.1_11_25194559_A/AG,Chr11,25194559,0.0294670969734678,3772,FALSE
Pv2.1_06_28593025_C/T,Chr06,28593025,0.029464603118369,3773,FALSE
Pv2.1_06_29506615_T/C,Chr06,29506615,0.0294631005286625,3774,FALSE
Pv2.1_11_45614693_A/G,Chr11,45614693,0.0294612696706924,3775,FALSE
Pv2.1_11_45614717_C/T,Chr11,45614717,0.0294612696706924,3776,FALSE
Pv2.1_05_39970176_G/A,Chr05,39970176,0.0294609073120413,3777,FALSE
Pv2.1_10_38244735_A/G,Chr10,38244735,0.0294603626133418,3778,FALSE
Pv2.1_02_37686604_C/A,Chr02,37686604,0.0294575065030607,3779,FALSE
Pv2.1_07_4517856_C/T,Chr07,4517856,0.0294540836211277,3780,FALSE
Pv2.1_02_13946392_G/A,Chr02,13946392,0.029453952300202,3781,FALSE
Pv2.1_06_25490397_T/G,Chr06,25490397,0.029452009718574,3782,FALSE
Pv2.1_10_42558107_A/G,Chr10,42558107,0.0294513250558355,3783,FALSE
Pv2.1_04_5419806_A/C,Chr04,5419806,0.0294498367513683,3784,FALSE
Pv2.1_11_1210751_C/T,Chr11,1210751,0.0294470952702297,3785,FALSE
Pv2.1_11_1210763_A/C,Chr11,1210763,0.0294470952702297,3786,FALSE
Pv2.1_03_39810079_C/A,Chr03,39810079,0.0294419970988029,3787,FALSE
Pv2.1_03_37392235_C/G,Chr03,37392235,0.0294396200408218,3788,FALSE
Pv2.1_09_33778690_G/A,Chr09,33778690,0.0294359331733203,3789,FALSE
Pv2.1_05_39470840_C/T,Chr05,39470840,0.0294349558875702,3790,FALSE
Pv2.1_06_20470943_TCTC/T,Chr06,20470943,0.0294313162864315,3791,FALSE
Pv2.1_11_1248848_T/C,Chr11,1248848,0.0294205864602679,3792,FALSE
Pv2.1_11_2078539_G/A,Chr11,2078539,0.0294192515792662,3793,FALSE
Pv2.1_04_35718665_G/A,Chr04,35718665,0.0294179421262211,3794,FALSE
Pv2.1_01_2270323_CTCGTCCTCTTCCTCG/GTCCTCTTCCTCC,Chr01,2270323,0.0294173150175938,3795,FALSE
Pv2.1_10_2997824_T/A,Chr10,2997824,0.0294144158248741,3796,FALSE
Pv2.1_11_1456087_C/T,Chr11,1456087,0.0294132885954364,3797,FALSE
Pv2.1_11_1456093_C/G,Chr11,1456093,0.0294132885954364,3798,FALSE
Pv2.1_09_37799859_G/T,Chr09,37799859,0.0294112015370698,3799,FALSE
Pv2.1_05_38272179_A/G,Chr05,38272179,0.0294096787348752,3800,FALSE
Pv2.1_07_4517796_T/C,Chr07,4517796,0.0294096298801909,3801,FALSE
Pv2.1_08_2645814_T/G,Chr08,2645814,0.0294090466328276,3802,FALSE
Pv2.1_11_2088348_A/C,Chr11,2088348,0.0294062396616721,3803,FALSE
Pv2.1_01_51336757_T/C,Chr01,51336757,0.0294056975560091,3804,FALSE
Pv2.1_10_3254213_T/C,Chr10,3254213,0.0294033267736684,3805,FALSE
Pv2.1_08_1391758_G/A,Chr08,1391758,0.0294023349924895,3806,FALSE
Pv2.1_03_40764896_A/G,Chr03,40764896,0.029402277528416,3807,FALSE
Pv2.1_08_364413_A/G,Chr08,364413,0.0293972664906486,3808,FALSE
Pv2.1_07_7432549_A/G,Chr07,7432549,0.0293970581031084,3809,FALSE
Pv2.1_05_39967124_C/T,Chr05,39967124,0.0293965411259003,3810,FALSE
Pv2.1_08_1003616_G/T,Chr08,1003616,0.0293952475519177,3811,FALSE
Pv2.1_11_50578922_T/C,Chr11,50578922,0.0293932431762394,3812,FALSE
Pv2.1_09_31227919_C/T,Chr09,31227919,0.0293930121146162,3813,FALSE
Pv2.1_05_1289840_T/C,Chr05,1289840,0.029383588242974,3814,FALSE
Pv2.1_06_16429632_AGCGTCT/A,Chr06,16429632,0.0293805282551984,3815,FALSE
Pv2.1_08_62573522_A/G,Chr08,62573522,0.0293746527118599,3816,FALSE
Pv2.1_10_42753062_G/C,Chr10,42753062,0.0293692542285622,3817,FALSE
Pv2.1_02_44838471_A/C,Chr02,44838471,0.0293679641652975,3818,FALSE
Pv2.1_08_9419261_C/T,Chr08,9419261,0.0293658247276705,3819,FALSE
Pv2.1_01_4721853_G/A,Chr01,4721853,0.029365211221676,3820,FALSE
Pv2.1_11_2129900_A/C,Chr11,2129900,0.0293633875319643,3821,FALSE
Pv2.1_08_62144658_G/A,Chr08,62144658,0.029361715201242,3822,FALSE
Pv2.1_11_52413259_C/A,Chr11,52413259,0.0293615251640853,3823,FALSE
Pv2.1_08_52971901_G/T,Chr08,52971901,0.0293608318746101,3824,FALSE
Pv2.1_03_45601895_G/A,Chr03,45601895,0.0293605868698075,3825,FALSE
Pv2.1_11_51322264_C/T,Chr11,51322264,0.0293564565804147,3826,FALSE
Pv2.1_09_36808185_A/T,Chr09,36808185,0.0293553258382162,3827,FALSE
Pv2.1_07_4552326_T/G,Chr07,4552326,0.0293534877226542,3828,FALSE
Pv2.1_03_7726852_G/A,Chr03,7726852,0.0293514439308895,3829,FALSE
Pv2.1_02_26957519_A/T,Chr02,26957519,0.029350814860547,3830,FALSE
Pv2.1_11_45614736_C/G,Chr11,45614736,0.0293491680876778,3831,FALSE
Pv2.1_04_47654276_A/T,Chr04,47654276,0.0293453027173118,3832,FALSE
Pv2.1_04_47654314_T/C,Chr04,47654314,0.0293453027173118,3833,FALSE
Pv2.1_07_4116674_G/T,Chr07,4116674,0.0293446244235369,3834,FALSE
Pv2.1_09_35981300_A/G,Chr09,35981300,0.0293438083367796,3835,FALSE
Pv2.1_10_8924903_T/A,Chr10,8924903,0.0293417753721497,3836,FALSE
Pv2.1_10_8924929_T/C,Chr10,8924929,0.0293417753721497,3837,FALSE
Pv2.1_04_7272479_C/T,Chr04,7272479,0.0293411389510347,3838,FALSE
Pv2.1_02_48828600_A/C,Chr02,48828600,0.029338127557442,3839,FALSE
Pv2.1_07_9089478_A/G,Chr07,9089478,0.0293374287786579,3840,FALSE
Pv2.1_03_48856487_C/T,Chr03,48856487,0.0293272438882304,3841,FALSE
Pv2.1_03_8119274_A/T,Chr03,8119274,0.0293266651249353,3842,FALSE
Pv2.1_11_50054854_G/A,Chr11,50054854,0.0293257640362627,3843,FALSE
Pv2.1_05_3186397_A/T,Chr05,3186397,0.0293250549170607,3844,FALSE
Pv2.1_05_3186401_C/T,Chr05,3186401,0.0293250549170607,3845,FALSE
Pv2.1_05_3186406_T/A,Chr05,3186406,0.0293250549170607,3846,FALSE
Pv2.1_05_3186417_G/A,Chr05,3186417,0.0293250549170607,3847,FALSE
Pv2.1_10_5889866_A/C,Chr10,5889866,0.0293223215261582,3848,FALSE
Pv2.1_08_59637928_G/A,Chr08,59637928,0.0293151501787623,3849,FALSE
Pv2.1_08_58557172_C/T,Chr08,58557172,0.0293140755241739,3850,FALSE
Pv2.1_07_8220648_T/A,Chr07,8220648,0.0293137711284763,3851,FALSE
Pv2.1_01_49445667_T/G,Chr01,49445667,0.0293109854210005,3852,FALSE
Pv2.1_01_3363634_G/A,Chr01,3363634,0.0293088750132973,3853,FALSE
Pv2.1_11_49342227_T/A,Chr11,49342227,0.0293067306565451,3854,FALSE
Pv2.1_02_35815641_C/T,Chr02,35815641,0.0293060720836342,3855,FALSE
Pv2.1_11_50559090_T/G,Chr11,50559090,0.0293060089399542,3856,FALSE
Pv2.1_09_37739934_A/AGTAT,Chr09,37739934,0.0293009319254978,3857,FALSE
Pv2.1_10_4355051_C/CAAA,Chr10,4355051,0.029294034531643,3858,FALSE
Pv2.1_11_50261445_G/A,Chr11,50261445,0.0292939668964389,3859,FALSE
Pv2.1_07_7043510_G/T,Chr07,7043510,0.0292924251113904,3860,FALSE
Pv2.1_07_7043517_G/T,Chr07,7043517,0.0292924251113904,3861,FALSE
Pv2.1_03_52542694_T/A,Chr03,52542694,0.0292924165453217,3862,FALSE
Pv2.1_07_30155745_T/A,Chr07,30155745,0.0292894394528869,3863,FALSE
Pv2.1_05_3464987_C/T,Chr05,3464987,0.0292894167199069,3864,FALSE
Pv2.1_09_37828782_T/G,Chr09,37828782,0.0292893636121852,3865,FALSE
Pv2.1_09_36412888_T/C,Chr09,36412888,0.0292801661526192,3866,FALSE
Pv2.1_08_61885667_T/C,Chr08,61885667,0.0292760927361995,3867,FALSE
Pv2.1_02_13699755_G/A,Chr02,13699755,0.02927256535843,3868,FALSE
Pv2.1_09_38133859_G/C,Chr09,38133859,0.0292720565181006,3869,FALSE
Pv2.1_07_36799536_A/T,Chr07,36799536,0.0292699508972252,3870,FALSE
Pv2.1_06_24148856_C/T,Chr06,24148856,0.0292693863860083,3871,FALSE
Pv2.1_02_38749006_C/T,Chr02,38749006,0.0292684183904157,3872,FALSE
Pv2.1_05_40457313_G/A,Chr05,40457313,0.0292675578761199,3873,FALSE
Pv2.1_08_61240365_C/A,Chr08,61240365,0.0292654344111978,3874,FALSE
Pv2.1_02_12351237_C/T,Chr02,12351237,0.0292646328987485,3875,FALSE
Pv2.1_06_19031376_G/T,Chr06,19031376,0.0292634965733223,3876,FALSE
Pv2.1_08_59846905_G/T,Chr08,59846905,0.0292626069814586,3877,FALSE
Pv2.1_09_36941090_C/T,Chr09,36941090,0.0292507098794794,3878,FALSE
Pv2.1_07_8259776_T/C,Chr07,8259776,0.0292506446593146,3879,FALSE
Pv2.1_05_296937_T/A,Chr05,296937,0.0292481274912824,3880,FALSE
Pv2.1_06_21533042_A/C,Chr06,21533042,0.0292478308745032,3881,FALSE
Pv2.1_08_1251855_T/G,Chr08,1251855,0.029246832142614,3882,FALSE
Pv2.1_09_37493291_C/G,Chr09,37493291,0.0292462242600635,3883,FALSE
Pv2.1_09_37493319_A/G,Chr09,37493319,0.0292462242600635,3884,FALSE
Pv2.1_08_60330085_T/C,Chr08,60330085,0.0292458642700382,3885,FALSE
Pv2.1_02_2950361_A/G,Chr02,2950361,0.0292436797014521,3886,FALSE
Pv2.1_08_62906550_A/T,Chr08,62906550,0.0292383412937971,3887,FALSE
Pv2.1_08_63037999_T/C,Chr08,63037999,0.0292383412937971,3888,FALSE
Pv2.1_08_63038000_A/G,Chr08,63038000,0.0292383412937971,3889,FALSE
Pv2.1_07_163158_A/C,Chr07,163158,0.02923681705163,3890,FALSE
Pv2.1_10_42515191_T/C,Chr10,42515191,0.0292335797843806,3891,FALSE
Pv2.1_08_61338550_G/A,Chr08,61338550,0.0292314945982732,3892,FALSE
Pv2.1_01_51186380_G/T,Chr01,51186380,0.0292308988943018,3893,FALSE
Pv2.1_02_48682269_G/A,Chr02,48682269,0.029229539473159,3894,FALSE
Pv2.1_06_23709011_A/T,Chr06,23709011,0.0292136490197725,3895,FALSE
Pv2.1_09_37075872_C/T,Chr09,37075872,0.029212841578687,3896,FALSE
Pv2.1_07_37087845_C/T,Chr07,37087845,0.0292093351585776,3897,FALSE
Pv2.1_06_26224527_C/T,Chr06,26224527,0.0292070538319975,3898,FALSE
Pv2.1_08_62637480_G/GCA,Chr08,62637480,0.0292035031097964,3899,FALSE
Pv2.1_10_2131345_A/G,Chr10,2131345,0.0291917302542335,3900,FALSE
Pv2.1_07_7835187_G/A,Chr07,7835187,0.0291905938714381,3901,FALSE
Pv2.1_10_42638116_C/CTT,Chr10,42638116,0.0291862260835303,3902,FALSE
Pv2.1_03_51096189_G/T,Chr03,51096189,0.0291842901628838,3903,FALSE
Pv2.1_06_5598108_C/G,Chr06,5598108,0.0291842768170345,3904,FALSE
Pv2.1_11_1603845_TTCTC/T,Chr11,1603845,0.0291822738483152,3905,FALSE
Pv2.1_08_53354298_G/T,Chr08,53354298,0.0291802880046332,3906,FALSE
Pv2.1_08_20813277_C/T,Chr08,20813277,0.0291793581073434,3907,FALSE
Pv2.1_08_647299_A/C,Chr08,647299,0.0291758759219603,3908,FALSE
Pv2.1_09_36865205_GT/G,Chr09,36865205,0.0291736228105322,3909,FALSE
Pv2.1_04_46100168_G/A,Chr04,46100168,0.0291680187578027,3910,FALSE
Pv2.1_08_53354241_T/C,Chr08,53354241,0.0291615222096153,3911,FALSE
Pv2.1_08_53354252_G/T,Chr08,53354252,0.0291615222096153,3912,FALSE
Pv2.1_04_46178153_A/G,Chr04,46178153,0.0291605530476091,3913,FALSE
Pv2.1_08_61264510_T/C,Chr08,61264510,0.0291595526057247,3914,FALSE
Pv2.1_03_12717272_T/C,Chr03,12717272,0.0291593093787439,3915,FALSE
Pv2.1_07_39361092_G/A,Chr07,39361092,0.0291591935865041,3916,FALSE
Pv2.1_06_25291304_G/C,Chr06,25291304,0.0291562215913754,3917,FALSE
Pv2.1_09_36698192_C/G,Chr09,36698192,0.0291557548324706,3918,FALSE
Pv2.1_09_36698211_T/C,Chr09,36698211,0.0291557548324706,3919,FALSE
Pv2.1_05_3186372_T/C,Chr05,3186372,0.0291554272192687,3920,FALSE
Pv2.1_06_18437425_G/A,Chr06,18437425,0.0291553345059068,3921,FALSE
Pv2.1_07_9296340_C/T,Chr07,9296340,0.0291477997775593,3922,FALSE
Pv2.1_07_37990869_G/A,Chr07,37990869,0.0291465460620097,3923,FALSE
Pv2.1_08_5697175_G/T,Chr08,5697175,0.0291458558993494,3924,FALSE
Pv2.1_04_4560283_A/G,Chr04,4560283,0.0291457702650217,3925,FALSE
Pv2.1_08_62440306_A/T,Chr08,62440306,0.0291453276482101,3926,FALSE
Pv2.1_06_5174848_T/A,Chr06,5174848,0.0291442295664424,3927,FALSE
Pv2.1_09_38118799_T/G,Chr09,38118799,0.0291425312203826,3928,FALSE
Pv2.1_09_38118800_C/A,Chr09,38118800,0.0291425312203826,3929,FALSE
Pv2.1_09_38118815_C/G,Chr09,38118815,0.0291425312203826,3930,FALSE
Pv2.1_08_60329791_C/T,Chr08,60329791,0.0291421809881252,3931,FALSE
Pv2.1_06_20385815_A/C,Chr06,20385815,0.0291402329022903,3932,FALSE
Pv2.1_01_15329383_C/A,Chr01,15329383,0.0291361642072179,3933,FALSE
Pv2.1_09_22408274_G/C,Chr09,22408274,0.0291348834397125,3934,FALSE
Pv2.1_08_62751731_A/AAAT,Chr08,62751731,0.0291328224404426,3935,FALSE
Pv2.1_01_13959125_T/A,Chr01,13959125,0.0291276785614425,3936,FALSE
Pv2.1_07_4101463_G/A,Chr07,4101463,0.0291255568759001,3937,FALSE
Pv2.1_02_3084592_T/C,Chr02,3084592,0.0291245063683303,3938,FALSE
Pv2.1_06_25583792_G/A,Chr06,25583792,0.0291183572733833,3939,FALSE
Pv2.1_07_8776065_T/TG,Chr07,8776065,0.029116768911384,3940,FALSE
Pv2.1_08_12625065_A/T,Chr08,12625065,0.0291134489634608,3941,FALSE
Pv2.1_09_36418266_T/G,Chr09,36418266,0.0291039921869007,3942,FALSE
Pv2.1_05_9214200_T/C,Chr05,9214200,0.0291031337484937,3943,FALSE
Pv2.1_08_62428145_C/T,Chr08,62428145,0.0290967661723043,3944,FALSE
Pv2.1_09_25244907_A/T,Chr09,25244907,0.0290957817715789,3945,FALSE
Pv2.1_08_9763973_T/A,Chr08,9763973,0.0290949695079958,3946,FALSE
Pv2.1_02_585616_T/C,Chr02,585616,0.0290949074749598,3947,FALSE
Pv2.1_08_12407241_A/T,Chr08,12407241,0.0290935117809052,3948,FALSE
Pv2.1_07_5471809_A/T,Chr07,5471809,0.0290912681275572,3949,FALSE
Pv2.1_06_25597614_G/A,Chr06,25597614,0.0290809831190497,3950,FALSE
Pv2.1_07_30324313_A/T,Chr07,30324313,0.029080173558774,3951,FALSE
Pv2.1_08_55799809_A/T,Chr08,55799809,0.0290782856309137,3952,FALSE
Pv2.1_02_35455749_G/T,Chr02,35455749,0.0290779537224228,3953,FALSE
Pv2.1_05_38479484_A/G,Chr05,38479484,0.0290749019756591,3954,FALSE
Pv2.1_09_36941056_G/T,Chr09,36941056,0.0290741972010831,3955,FALSE
Pv2.1_03_45802185_T/C,Chr03,45802185,0.0290717617983471,3956,FALSE
Pv2.1_08_53255444_T/G,Chr08,53255444,0.0290712182812301,3957,FALSE
Pv2.1_08_176536_C/T,Chr08,176536,0.0290681739376288,3958,FALSE
Pv2.1_05_39604065_T/A,Chr05,39604065,0.0290673035330462,3959,FALSE
Pv2.1_08_7118206_G/T,Chr08,7118206,0.0290620455285775,3960,FALSE
Pv2.1_06_5598172_T/A,Chr06,5598172,0.0290617430552977,3961,FALSE
Pv2.1_08_46869369_G/C,Chr08,46869369,0.0290590515270357,3962,FALSE
Pv2.1_08_62188128_C/G,Chr08,62188128,0.0290563643813426,3963,FALSE
Pv2.1_03_32241300_G/A,Chr03,32241300,0.0290542698846403,3964,FALSE
Pv2.1_08_53236850_T/C,Chr08,53236850,0.029053702756122,3965,FALSE
Pv2.1_06_24196039_T/C,Chr06,24196039,0.0290520866931572,3966,FALSE
Pv2.1_08_1416696_G/A,Chr08,1416696,0.0290483430096038,3967,FALSE
Pv2.1_03_37349594_T/A,Chr03,37349594,0.0290468129579593,3968,FALSE
Pv2.1_05_39349932_A/G,Chr05,39349932,0.0290454511636975,3969,FALSE
Pv2.1_08_58963094_G/C,Chr08,58963094,0.0290453728765097,3970,FALSE
Pv2.1_10_4753654_C/T,Chr10,4753654,0.0290436817635067,3971,FALSE
Pv2.1_06_7025578_C/T,Chr06,7025578,0.0290434593591504,3972,FALSE
Pv2.1_04_2030577_G/T,Chr04,2030577,0.029037771515493,3973,FALSE
Pv2.1_11_2129971_A/C,Chr11,2129971,0.0290314896645398,3974,FALSE
Pv2.1_08_61725274_T/C,Chr08,61725274,0.0290290235489028,3975,FALSE
Pv2.1_05_39421478_A/G,Chr05,39421478,0.0290252519643044,3976,FALSE
Pv2.1_07_4037250_C/A,Chr07,4037250,0.029022746804968,3977,FALSE
Pv2.1_06_15622230_C/T,Chr06,15622230,0.0290218112062561,3978,FALSE
Pv2.1_06_15622235_T/G,Chr06,15622235,0.0290218112062561,3979,FALSE
Pv2.1_04_11612316_C/T,Chr04,11612316,0.0290174957604767,3980,FALSE
Pv2.1_03_53066904_TC/T,Chr03,53066904,0.029013428613148,3981,FALSE
Pv2.1_08_10170999_A/T,Chr08,10170999,0.0290081616866664,3982,FALSE
Pv2.1_11_2714973_G/A,Chr11,2714973,0.0290051972575958,3983,FALSE
Pv2.1_09_36680376_G/A,Chr09,36680376,0.0289969290455656,3984,FALSE
Pv2.1_07_30602695_A/G,Chr07,30602695,0.0289952481555842,3985,FALSE
Pv2.1_11_47092347_A/T,Chr11,47092347,0.0289941687714657,3986,FALSE
Pv2.1_08_62689535_A/C,Chr08,62689535,0.0289921356047755,3987,FALSE
Pv2.1_08_1003484_CT/C,Chr08,1003484,0.0289908569036301,3988,FALSE
Pv2.1_11_1616752_T/C,Chr11,1616752,0.0289881781314119,3989,FALSE
Pv2.1_04_5419754_A/G,Chr04,5419754,0.0289801235562206,3990,FALSE
Pv2.1_08_58384036_G/T,Chr08,58384036,0.0289795537748181,3991,FALSE
Pv2.1_03_45752892_A/G,Chr03,45752892,0.0289793172712223,3992,FALSE
Pv2.1_08_62573386_G/A,Chr08,62573386,0.0289778195328734,3993,FALSE
Pv2.1_11_3806092_C/T,Chr11,3806092,0.0289724946228271,3994,FALSE
Pv2.1_08_62525818_C/A,Chr08,62525818,0.0289690171132784,3995,FALSE
Pv2.1_08_60562798_C/T,Chr08,60562798,0.0289689966559266,3996,FALSE
Pv2.1_04_47230964_G/A,Chr04,47230964,0.0289615115160178,3997,FALSE
Pv2.1_10_42270381_T/C,Chr10,42270381,0.0289418377752555,3998,FALSE
Pv2.1_07_4755242_T/A,Chr07,4755242,0.0289377743317973,3999,FALSE
Pv2.1_11_497625_C/G,Chr11,497625,0.0289322282677285,4000,FALSE
Pv2.1_05_40598747_G/A,Chr05,40598747,0.0289318291517429,4001,FALSE
Pv2.1_04_450782_C/T,Chr04,450782,0.0289294737059085,4002,FALSE
Pv2.1_07_35752849_T/G,Chr07,35752849,0.0289275457331661,4003,FALSE
Pv2.1_03_49131328_G/A,Chr03,49131328,0.0289272796203726,4004,FALSE
Pv2.1_11_1604540_G/A,Chr11,1604540,0.0289269853613448,4005,FALSE
Pv2.1_11_3953875_G/A,Chr11,3953875,0.0289241486523753,4006,FALSE
Pv2.1_01_2781237_T/C,Chr01,2781237,0.0289188353948733,4007,FALSE
Pv2.1_02_43035379_G/T,Chr02,43035379,0.0289161887270777,4008,FALSE
Pv2.1_05_38892567_C/A,Chr05,38892567,0.0289118356262632,4009,FALSE
Pv2.1_01_50560480_C/CAA,Chr01,50560480,0.0289113186411809,4010,FALSE
Pv2.1_07_8284897_G/A,Chr07,8284897,0.028907704464789,4011,FALSE
Pv2.1_08_60749495_T/C,Chr08,60749495,0.0289003639422081,4012,FALSE
Pv2.1_11_1248864_A/G,Chr11,1248864,0.0288953971255443,4013,FALSE
Pv2.1_03_42007067_C/T,Chr03,42007067,0.0288877796227407,4014,FALSE
Pv2.1_03_51848914_G/T,Chr03,51848914,0.0288866090012263,4015,FALSE
Pv2.1_05_9638634_G/T,Chr05,9638634,0.0288806422372003,4016,FALSE
Pv2.1_07_10032604_G/A,Chr07,10032604,0.0288804512631002,4017,FALSE
Pv2.1_07_9908293_A/G,Chr07,9908293,0.0288771318294909,4018,FALSE
Pv2.1_04_3964124_T/G,Chr04,3964124,0.0288771102903396,4019,FALSE
Pv2.1_04_3964125_A/G,Chr04,3964125,0.0288771102903396,4020,FALSE
Pv2.1_04_3964169_C/T,Chr04,3964169,0.0288771102903396,4021,FALSE
Pv2.1_11_44120204_G/A,Chr11,44120204,0.0288750820757988,4022,FALSE
Pv2.1_11_3081079_T/G,Chr11,3081079,0.0288747684598527,4023,FALSE
Pv2.1_09_38003770_T/A,Chr09,38003770,0.0288706711067812,4024,FALSE
Pv2.1_10_4755336_G/T,Chr10,4755336,0.0288695620202857,4025,FALSE
Pv2.1_02_26956641_G/A,Chr02,26956641,0.0288688290496579,4026,FALSE
Pv2.1_06_22856508_T/A,Chr06,22856508,0.0288557157372309,4027,FALSE
Pv2.1_08_59027827_A/G,Chr08,59027827,0.0288503024746163,4028,FALSE
Pv2.1_08_59027829_C/A,Chr08,59027829,0.0288503024746163,4029,FALSE
Pv2.1_05_38444090_A/G,Chr05,38444090,0.0288500084631709,4030,FALSE
Pv2.1_04_286440_C/T,Chr04,286440,0.0288481331406887,4031,FALSE
Pv2.1_07_36623841_G/C,Chr07,36623841,0.0288443030359069,4032,FALSE
Pv2.1_08_63004745_C/G,Chr08,63004745,0.0288392453896544,4033,FALSE
Pv2.1_07_4323541_T/G,Chr07,4323541,0.0288388644770339,4034,FALSE
Pv2.1_05_22431334_C/T,Chr05,22431334,0.0288388515979539,4035,FALSE
Pv2.1_08_59931515_A/C,Chr08,59931515,0.0288344182560127,4036,FALSE
Pv2.1_07_9124014_T/A,Chr07,9124014,0.0288322664059328,4037,FALSE
Pv2.1_09_36881691_G/A,Chr09,36881691,0.0288274487239661,4038,FALSE
Pv2.1_04_522524_C/A,Chr04,522524,0.0288232455500053,4039,FALSE
Pv2.1_11_49186323_A/G,Chr11,49186323,0.028815976820868,4040,FALSE
Pv2.1_09_22533995_G/A,Chr09,22533995,0.0288158390732325,4041,FALSE
Pv2.1_05_1665506_T/A,Chr05,1665506,0.028815464143316,4042,FALSE
Pv2.1_02_3160595_C/T,Chr02,3160595,0.0288132414836841,4043,FALSE
Pv2.1_01_2063881_T/G,Chr01,2063881,0.0288093189123928,4044,FALSE
Pv2.1_06_24799551_G/A,Chr06,24799551,0.0288086154438725,4045,FALSE
Pv2.1_09_37831591_T/G,Chr09,37831591,0.0288038234380736,4046,FALSE
Pv2.1_08_58335135_C/T,Chr08,58335135,0.0288026311233653,4047,FALSE
Pv2.1_08_58335179_G/A,Chr08,58335179,0.0288026311233653,4048,FALSE
Pv2.1_01_2606615_T/C,Chr01,2606615,0.028799174399242,4049,FALSE
Pv2.1_06_24281671_C/G,Chr06,24281671,0.0287942658021185,4050,FALSE
Pv2.1_08_334325_A/G,Chr08,334325,0.0287937474026148,4051,FALSE
Pv2.1_06_6730390_A/T,Chr06,6730390,0.0287800303459482,4052,FALSE
Pv2.1_01_2547899_AT/A,Chr01,2547899,0.0287790892626401,4053,FALSE
Pv2.1_11_27513853_T/C,Chr11,27513853,0.0287787066734744,4054,FALSE
Pv2.1_06_21403664_A/T,Chr06,21403664,0.0287779234247125,4055,FALSE
Pv2.1_04_11272001_A/C,Chr04,11272001,0.0287764651981255,4056,FALSE
Pv2.1_07_34447184_T/A,Chr07,34447184,0.0287741998409441,4057,FALSE
Pv2.1_08_59709789_A/G,Chr08,59709789,0.0287720047178541,4058,FALSE
Pv2.1_05_4487165_G/A,Chr05,4487165,0.0287682981553536,4059,FALSE
Pv2.1_06_20208341_G/T,Chr06,20208341,0.0287651978161434,4060,FALSE
Pv2.1_06_15606355_A/T,Chr06,15606355,0.0287637029768448,4061,FALSE
Pv2.1_08_62552967_T/C,Chr08,62552967,0.0287612943143003,4062,FALSE
Pv2.1_08_62552989_G/A,Chr08,62552989,0.0287612943143003,4063,FALSE
Pv2.1_09_2047670_GCTT/G,Chr09,2047670,0.0287563606045755,4064,FALSE
Pv2.1_06_13194407_A/G,Chr06,13194407,0.0287557606561495,4065,FALSE
Pv2.1_03_30437086_A/G,Chr03,30437086,0.0287510358583738,4066,FALSE
Pv2.1_02_30608506_C/T,Chr02,30608506,0.028750383857008,4067,FALSE
Pv2.1_11_1210764_A/T,Chr11,1210764,0.0287418776848227,4068,FALSE
Pv2.1_09_13418470_G/C,Chr09,13418470,0.0287402362547438,4069,FALSE
Pv2.1_09_36865164_T/A,Chr09,36865164,0.028740217182444,4070,FALSE
Pv2.1_09_36865185_T/G,Chr09,36865185,0.028740217182444,4071,FALSE
Pv2.1_09_36865197_G/T,Chr09,36865197,0.028740217182444,4072,FALSE
Pv2.1_07_36906609_C/T,Chr07,36906609,0.0287358265523494,4073,FALSE
Pv2.1_08_62550496_A/G,Chr08,62550496,0.0287347367862436,4074,FALSE
Pv2.1_07_38830177_A/G,Chr07,38830177,0.0287342356716822,4075,FALSE
Pv2.1_08_364416_G/A,Chr08,364416,0.0287342091091656,4076,FALSE
Pv2.1_07_9640350_A/G,Chr07,9640350,0.0287335096929646,4077,FALSE
Pv2.1_07_8776155_G/A,Chr07,8776155,0.0287333773494209,4078,FALSE
Pv2.1_10_42038996_C/T,Chr10,42038996,0.0287315868370088,4079,FALSE
Pv2.1_09_37662990_A/T,Chr09,37662990,0.0287288956298437,4080,FALSE
Pv2.1_07_4078595_C/T,Chr07,4078595,0.0287278131049633,4081,FALSE
Pv2.1_07_4078596_C/T,Chr07,4078596,0.0287278131049633,4082,FALSE
Pv2.1_08_60151893_C/T,Chr08,60151893,0.0287273954693017,4083,FALSE
Pv2.1_06_5598071_G/T,Chr06,5598071,0.0287270281180039,4084,FALSE
Pv2.1_06_5598072_A/T,Chr06,5598072,0.0287270281180039,4085,FALSE
Pv2.1_06_16642675_C/T,Chr06,16642675,0.028726103341858,4086,FALSE
Pv2.1_01_50731012_CG/C,Chr01,50731012,0.0287249237333445,4087,FALSE
Pv2.1_05_39463258_C/G,Chr05,39463258,0.0287128129808374,4088,FALSE
Pv2.1_03_48574784_A/G,Chr03,48574784,0.0287124784902892,4089,FALSE
Pv2.1_03_45936776_G/A,Chr03,45936776,0.0287103822998098,4090,FALSE
Pv2.1_03_45936834_C/G,Chr03,45936834,0.0287103822998098,4091,FALSE
Pv2.1_07_30602679_A/T,Chr07,30602679,0.0287048213335761,4092,FALSE
Pv2.1_09_37216968_T/A,Chr09,37216968,0.0286996789113783,4093,FALSE
Pv2.1_08_62869160_C/T,Chr08,62869160,0.0286967729802754,4094,FALSE
Pv2.1_08_53137031_A/G,Chr08,53137031,0.0286950617437594,4095,FALSE
Pv2.1_08_60796317_C/A,Chr08,60796317,0.0286950147965293,4096,FALSE
Pv2.1_06_15779272_T/C,Chr06,15779272,0.0286922051452869,4097,FALSE
Pv2.1_08_61656649_T/C,Chr08,61656649,0.0286895498563391,4098,FALSE
Pv2.1_08_61656676_A/G,Chr08,61656676,0.0286895498563391,4099,FALSE
Pv2.1_08_58972991_T/C,Chr08,58972991,0.028688899161406,4100,FALSE
Pv2.1_11_1518951_A/G,Chr11,1518951,0.0286840381006099,4101,FALSE
Pv2.1_03_40282353_G/A,Chr03,40282353,0.0286797217589854,4102,FALSE
Pv2.1_06_18405995_C/A,Chr06,18405995,0.0286792621272651,4103,FALSE
Pv2.1_04_5419770_T/C,Chr04,5419770,0.0286786872618339,4104,FALSE
Pv2.1_09_36728888_C/T,Chr09,36728888,0.0286739786597323,4105,FALSE
Pv2.1_01_4059630_A/G,Chr01,4059630,0.0286727149937174,4106,FALSE
Pv2.1_08_60874306_G/C,Chr08,60874306,0.0286723593923037,4107,FALSE
Pv2.1_04_46071152_T/C,Chr04,46071152,0.0286693581996418,4108,FALSE
Pv2.1_06_23979855_C/T,Chr06,23979855,0.0286675424621761,4109,FALSE
Pv2.1_07_37122797_G/A,Chr07,37122797,0.028665636294404,4110,FALSE
Pv2.1_03_51074681_A/T,Chr03,51074681,0.0286635912525721,4111,FALSE
Pv2.1_04_547389_T/A,Chr04,547389,0.0286633789258337,4112,FALSE
Pv2.1_08_63018266_G/A,Chr08,63018266,0.0286583756275252,4113,FALSE
Pv2.1_10_43183736_A/G,Chr10,43183736,0.0286468730411817,4114,FALSE
Pv2.1_03_39413739_T/A,Chr03,39413739,0.0286423956705066,4115,FALSE
Pv2.1_07_9908242_G/A,Chr07,9908242,0.0286378006988408,4116,FALSE
Pv2.1_07_9908260_A/G,Chr07,9908260,0.0286378006988408,4117,FALSE
Pv2.1_04_27704649_G/A,Chr04,27704649,0.0286285086580791,4118,FALSE
Pv2.1_08_59637895_A/G,Chr08,59637895,0.0286274561795192,4119,FALSE
Pv2.1_11_51020748_C/G,Chr11,51020748,0.0286270355091234,4120,FALSE
Pv2.1_06_26259338_A/G,Chr06,26259338,0.0286227900523999,4121,FALSE
Pv2.1_08_53248753_T/A,Chr08,53248753,0.028621909135194,4122,FALSE
Pv2.1_08_10772096_T/C,Chr08,10772096,0.0286212136206268,4123,FALSE
Pv2.1_08_10772125_G/T,Chr08,10772125,0.0286212136206268,4124,FALSE
Pv2.1_09_36725341_A/T,Chr09,36725341,0.028616085629829,4125,FALSE
Pv2.1_05_39421491_C/T,Chr05,39421491,0.028614984698669,4126,FALSE
Pv2.1_11_50239941_A/G,Chr11,50239941,0.0286115528976429,4127,FALSE
Pv2.1_03_51422610_G/A,Chr03,51422610,0.0286100511044829,4128,FALSE
Pv2.1_08_61589707_C/G,Chr08,61589707,0.0286070277969479,4129,FALSE
Pv2.1_01_4188315_A/T,Chr01,4188315,0.0286043401291205,4130,FALSE
Pv2.1_05_39317390_A/T,Chr05,39317390,0.0286034825999888,4131,FALSE
Pv2.1_09_36036569_T/A,Chr09,36036569,0.0286033105943444,4132,FALSE
Pv2.1_09_35990321_T/C,Chr09,35990321,0.0285986642288902,4133,FALSE
Pv2.1_05_39416649_T/TTCA,Chr05,39416649,0.0285947826257722,4134,FALSE
Pv2.1_10_42533835_T/G,Chr10,42533835,0.028592891805256,4135,FALSE
Pv2.1_10_42061493_T/G,Chr10,42061493,0.0285879067376791,4136,FALSE
Pv2.1_07_36256467_T/A,Chr07,36256467,0.0285858689489324,4137,FALSE
Pv2.1_06_7243658_G/A,Chr06,7243658,0.0285841713582995,4138,FALSE
Pv2.1_04_46177924_T/A,Chr04,46177924,0.0285814710621195,4139,FALSE
Pv2.1_10_42672185_T/C,Chr10,42672185,0.0285808189227392,4140,FALSE
Pv2.1_09_273870_G/T,Chr09,273870,0.0285786995234072,4141,FALSE
Pv2.1_11_1248669_A/C,Chr11,1248669,0.0285773613913762,4142,FALSE
Pv2.1_11_1248671_G/A,Chr11,1248671,0.0285773613913762,4143,FALSE
Pv2.1_06_20210659_A/G,Chr06,20210659,0.0285762784649619,4144,FALSE
Pv2.1_08_59635668_A/G,Chr08,59635668,0.0285744411559516,4145,FALSE
Pv2.1_07_36967520_C/T,Chr07,36967520,0.0285704627184504,4146,FALSE
Pv2.1_08_7844020_TTAAG/T,Chr08,7844020,0.0285701440305606,4147,FALSE
Pv2.1_10_1453213_C/T,Chr10,1453213,0.0285701270326721,4148,FALSE
Pv2.1_10_5671228_C/T,Chr10,5671228,0.0285674201951998,4149,FALSE
Pv2.1_08_61326619_T/A,Chr08,61326619,0.028564828787446,4150,FALSE
Pv2.1_10_8924958_G/A,Chr10,8924958,0.0285630166543935,4151,FALSE
Pv2.1_08_9700299_T/C,Chr08,9700299,0.0285612820796484,4152,FALSE
Pv2.1_11_1300221_A/G,Chr11,1300221,0.0285611639584378,4153,FALSE
Pv2.1_08_58312797_TA/T,Chr08,58312797,0.0285531722799615,4154,FALSE
Pv2.1_06_19994933_G/A,Chr06,19994933,0.0285456867968286,4155,FALSE
Pv2.1_09_12132510_G/A,Chr09,12132510,0.028545254700449,4156,FALSE
Pv2.1_07_3558177_C/T,Chr07,3558177,0.0285343672920098,4157,FALSE
Pv2.1_11_468466_A/T,Chr11,468466,0.0285269551522536,4158,FALSE
Pv2.1_06_22262551_C/T,Chr06,22262551,0.0285268579509519,4159,FALSE
Pv2.1_05_38479454_A/T,Chr05,38479454,0.0285243099960892,4160,FALSE
Pv2.1_09_38187674_T/C,Chr09,38187674,0.0285228344384514,4161,FALSE
Pv2.1_03_52773398_A/G,Chr03,52773398,0.0285127270908943,4162,FALSE
Pv2.1_09_38235007_C/A,Chr09,38235007,0.0285119599950021,4163,FALSE
Pv2.1_03_984231_A/G,Chr03,984231,0.0285106773067421,4164,FALSE
Pv2.1_02_2987296_C/T,Chr02,2987296,0.0285096848021609,4165,FALSE
Pv2.1_06_20054793_A/T,Chr06,20054793,0.0285032862846579,4166,FALSE
Pv2.1_02_39932009_G/A,Chr02,39932009,0.0285032339042131,4167,FALSE
Pv2.1_08_9926071_A/T,Chr08,9926071,0.0284985625044722,4168,FALSE
Pv2.1_08_7261534_T/C,Chr08,7261534,0.0284974652219461,4169,FALSE
Pv2.1_07_8497006_C/T,Chr07,8497006,0.0284963267596288,4170,FALSE
Pv2.1_07_8497017_T/C,Chr07,8497017,0.0284963267596288,4171,FALSE
Pv2.1_07_8497025_G/A,Chr07,8497025,0.0284963267596288,4172,FALSE
Pv2.1_02_25634190_C/T,Chr02,25634190,0.0284963222854171,4173,FALSE
Pv2.1_08_640145_G/T,Chr08,640145,0.0284955916915854,4174,FALSE
Pv2.1_08_3834214_C/A,Chr08,3834214,0.0284936064739525,4175,FALSE
Pv2.1_11_49898042_G/A,Chr11,49898042,0.028492871065505,4176,FALSE
Pv2.1_08_53212596_T/C,Chr08,53212596,0.0284889291681241,4177,FALSE
Pv2.1_01_174145_G/T,Chr01,174145,0.0284883170850581,4178,FALSE
Pv2.1_06_22215009_T/C,Chr06,22215009,0.0284870081266542,4179,FALSE
Pv2.1_06_15469020_C/T,Chr06,15469020,0.0284837291654281,4180,FALSE
Pv2.1_06_9560161_C/A,Chr06,9560161,0.0284821191045972,4181,FALSE
Pv2.1_04_1835596_AAGAT/A,Chr04,1835596,0.0284806171916969,4182,FALSE
Pv2.1_03_48530784_G/A,Chr03,48530784,0.0284804864443027,4183,FALSE
Pv2.1_08_58129424_A/T,Chr08,58129424,0.0284786227004559,4184,FALSE
Pv2.1_09_36432695_A/C,Chr09,36432695,0.02847013041902,4185,FALSE
Pv2.1_08_60583858_C/A,Chr08,60583858,0.0284673819382331,4186,FALSE
Pv2.1_09_22585783_A/T,Chr09,22585783,0.0284667464051518,4187,FALSE
Pv2.1_08_58337367_T/A,Chr08,58337367,0.0284630833760171,4188,FALSE
Pv2.1_08_40444941_C/T,Chr08,40444941,0.0284618571551945,4189,FALSE
Pv2.1_08_60008778_C/A,Chr08,60008778,0.0284596830918322,4190,FALSE
Pv2.1_07_36967676_T/TA,Chr07,36967676,0.028452384910449,4191,FALSE
Pv2.1_07_9346604_C/A,Chr07,9346604,0.0284517916488007,4192,FALSE
Pv2.1_04_3101742_A/G,Chr04,3101742,0.0284469771586262,4193,FALSE
Pv2.1_08_1817719_T/G,Chr08,1817719,0.0284450396101841,4194,FALSE
Pv2.1_08_32637172_G/A,Chr08,32637172,0.0284413922197122,4195,FALSE
Pv2.1_04_47078792_A/T,Chr04,47078792,0.0284397157938887,4196,FALSE
Pv2.1_02_44838448_G/A,Chr02,44838448,0.0284388826220767,4197,FALSE
Pv2.1_08_58973024_A/G,Chr08,58973024,0.0284383677117503,4198,FALSE
Pv2.1_08_58973042_C/A,Chr08,58973042,0.0284383677117503,4199,FALSE
Pv2.1_05_39412197_C/A,Chr05,39412197,0.0284319215560518,4200,FALSE
Pv2.1_07_4552272_G/A,Chr07,4552272,0.0284309508343168,4201,FALSE
Pv2.1_08_176582_G/T,Chr08,176582,0.0284301338326531,4202,FALSE
Pv2.1_01_11350361_A/T,Chr01,11350361,0.0284289438232168,4203,FALSE
Pv2.1_07_9346593_T/C,Chr07,9346593,0.0284282459671137,4204,FALSE
Pv2.1_03_42007118_G/A,Chr03,42007118,0.0284262704090876,4205,FALSE
Pv2.1_06_10735472_C/T,Chr06,10735472,0.0284241183967868,4206,FALSE
Pv2.1_05_39338204_A/C,Chr05,39338204,0.0284193011521721,4207,FALSE
Pv2.1_07_9181387_A/G,Chr07,9181387,0.0284157116924333,4208,FALSE
Pv2.1_02_26129030_C/T,Chr02,26129030,0.0284154410434407,4209,FALSE
Pv2.1_09_36943591_G/T,Chr09,36943591,0.0284151048094565,4210,FALSE
Pv2.1_07_1197126_A/T,Chr07,1197126,0.0284142083662164,4211,FALSE
Pv2.1_07_7597678_T/C,Chr07,7597678,0.0284135344083998,4212,FALSE
Pv2.1_09_37452374_A/G,Chr09,37452374,0.0284133977387144,4213,FALSE
Pv2.1_07_37223321_T/TA,Chr07,37223321,0.0284125522658125,4214,FALSE
Pv2.1_07_32735911_GT/G,Chr07,32735911,0.0284058377514156,4215,FALSE
Pv2.1_09_37799845_A/T,Chr09,37799845,0.028403484666558,4216,FALSE
Pv2.1_03_39534453_T/A,Chr03,39534453,0.0284003805562136,4217,FALSE
Pv2.1_03_39534455_C/T,Chr03,39534455,0.0284003805562136,4218,FALSE
Pv2.1_03_39534461_C/T,Chr03,39534461,0.0284003805562136,4219,FALSE
Pv2.1_02_27698578_T/A,Chr02,27698578,0.0283994400028336,4220,FALSE
Pv2.1_06_19235210_T/C,Chr06,19235210,0.028399390818636,4221,FALSE
Pv2.1_07_37123672_A/G,Chr07,37123672,0.0283967162189569,4222,FALSE
Pv2.1_08_59752403_A/C,Chr08,59752403,0.0283963498245283,4223,FALSE
Pv2.1_10_4469675_GTC/G,Chr10,4469675,0.0283955834202527,4224,FALSE
Pv2.1_01_17423994_C/T,Chr01,17423994,0.0283917857772265,4225,FALSE
Pv2.1_03_48728987_T/C,Chr03,48728987,0.0283915182538039,4226,FALSE
Pv2.1_04_14521515_G/C,Chr04,14521515,0.028389124477552,4227,FALSE
Pv2.1_07_37986067_T/C,Chr07,37986067,0.0283861079458538,4228,FALSE
Pv2.1_03_51848918_C/G,Chr03,51848918,0.0283755610116128,4229,FALSE
Pv2.1_08_804506_TCA/T,Chr08,804506,0.0283724384276578,4230,FALSE
Pv2.1_07_4014346_A/G,Chr07,4014346,0.0283700653478798,4231,FALSE
Pv2.1_07_28976509_T/C,Chr07,28976509,0.0283699352663773,4232,FALSE
Pv2.1_04_1743539_A/C,Chr04,1743539,0.0283672100863037,4233,FALSE
Pv2.1_09_36130115_T/A,Chr09,36130115,0.0283661374434057,4234,FALSE
Pv2.1_08_17501964_C/A,Chr08,17501964,0.0283648760757553,4235,FALSE
Pv2.1_08_17501970_C/T,Chr08,17501970,0.0283648760757553,4236,FALSE
Pv2.1_06_23874702_G/A,Chr06,23874702,0.0283625588799059,4237,FALSE
Pv2.1_09_22620536_A/G,Chr09,22620536,0.0283614276019466,4238,FALSE
Pv2.1_06_28609538_T/A,Chr06,28609538,0.0283612293288105,4239,FALSE
Pv2.1_11_3700685_C/A,Chr11,3700685,0.0283609948039207,4240,FALSE
Pv2.1_04_2617088_G/A,Chr04,2617088,0.0283557533997252,4241,FALSE
Pv2.1_04_2617102_C/T,Chr04,2617102,0.0283557533997252,4242,FALSE
Pv2.1_04_2617107_T/C,Chr04,2617107,0.0283557533997252,4243,FALSE
Pv2.1_11_1276317_A/G,Chr11,1276317,0.0283533386812715,4244,FALSE
Pv2.1_05_39317422_C/A,Chr05,39317422,0.0283511355136254,4245,FALSE
Pv2.1_06_17164712_A/C,Chr06,17164712,0.0283503428006133,4246,FALSE
Pv2.1_06_19210167_A/T,Chr06,19210167,0.0283456222029899,4247,FALSE
Pv2.1_08_53469776_C/T,Chr08,53469776,0.0283451059922628,4248,FALSE
Pv2.1_08_58142733_T/C,Chr08,58142733,0.0283451059922628,4249,FALSE
Pv2.1_08_58142749_A/G,Chr08,58142749,0.0283451059922628,4250,FALSE
Pv2.1_04_1955755_T/TCAC,Chr04,1955755,0.0283438476411497,4251,FALSE
Pv2.1_02_48724543_T/C,Chr02,48724543,0.0283404122163415,4252,FALSE
Pv2.1_01_51155656_C/G,Chr01,51155656,0.0283355191427241,4253,FALSE
Pv2.1_05_4508056_A/T,Chr05,4508056,0.0283353163512738,4254,FALSE
Pv2.1_02_2739746_C/CTT,Chr02,2739746,0.0283324657191013,4255,FALSE
Pv2.1_08_60224683_G/C,Chr08,60224683,0.0283311519701943,4256,FALSE
Pv2.1_01_210297_A/G,Chr01,210297,0.0283295258003404,4257,FALSE
Pv2.1_03_8119146_G/A,Chr03,8119146,0.028324630217079,4258,FALSE
Pv2.1_03_8119148_G/A,Chr03,8119148,0.028324630217079,4259,FALSE
Pv2.1_03_8119152_A/G,Chr03,8119152,0.028324630217079,4260,FALSE
Pv2.1_06_18210690_C/CA,Chr06,18210690,0.0283241910283074,4261,FALSE
Pv2.1_11_3092830_G/A,Chr11,3092830,0.0283180615892347,4262,FALSE
Pv2.1_05_2155250_G/C,Chr05,2155250,0.0283118076111428,4263,FALSE
Pv2.1_08_58711398_A/G,Chr08,58711398,0.0283090585690058,4264,FALSE
Pv2.1_08_62146627_C/CA,Chr08,62146627,0.0283081518091555,4265,FALSE
Pv2.1_02_47556093_A/G,Chr02,47556093,0.0283070712857856,4266,FALSE
Pv2.1_06_1718932_T/C,Chr06,1718932,0.0283056880900268,4267,FALSE
Pv2.1_06_4809493_C/G,Chr06,4809493,0.0283047419740581,4268,FALSE
Pv2.1_02_2767930_G/C,Chr02,2767930,0.0283043999099193,4269,FALSE
Pv2.1_03_1023320_C/T,Chr03,1023320,0.0283026941504079,4270,FALSE
Pv2.1_07_39361182_G/A,Chr07,39361182,0.0283007197465563,4271,FALSE
Pv2.1_07_39361100_C/G,Chr07,39361100,0.0282949407832582,4272,FALSE
Pv2.1_07_9355819_C/A,Chr07,9355819,0.0282885985892332,4273,FALSE
Pv2.1_08_10164084_CG/C,Chr08,10164084,0.0282865797175256,4274,FALSE
Pv2.1_05_2740179_T/A,Chr05,2740179,0.0282824770989314,4275,FALSE
Pv2.1_03_32701064_C/T,Chr03,32701064,0.0282771918215916,4276,FALSE
Pv2.1_02_3254183_A/T,Chr02,3254183,0.0282711205322834,4277,FALSE
Pv2.1_02_3254193_C/A,Chr02,3254193,0.0282711205322834,4278,FALSE
Pv2.1_05_38284688_C/T,Chr05,38284688,0.0282683782244848,4279,FALSE
Pv2.1_09_37528746_G/A,Chr09,37528746,0.0282683568530437,4280,FALSE
Pv2.1_04_45177713_A/G,Chr04,45177713,0.0282673407500078,4281,FALSE
Pv2.1_08_9763634_A/G,Chr08,9763634,0.0282671845738922,4282,FALSE
Pv2.1_04_32722_C/T,Chr04,32722,0.0282649077049229,4283,FALSE
Pv2.1_09_36110821_A/C,Chr09,36110821,0.028264275290784,4284,FALSE
Pv2.1_06_5174716_A/T,Chr06,5174716,0.0282640818383544,4285,FALSE
Pv2.1_04_126341_A/G,Chr04,126341,0.0282632501306797,4286,FALSE
Pv2.1_08_9763950_G/T,Chr08,9763950,0.028259426467268,4287,FALSE
Pv2.1_07_37292903_C/T,Chr07,37292903,0.0282570477816844,4288,FALSE
Pv2.1_03_44059493_GT/G,Chr03,44059493,0.0282450821607934,4289,FALSE
Pv2.1_02_3408026_A/G,Chr02,3408026,0.0282423118421513,4290,FALSE
Pv2.1_02_3408082_A/G,Chr02,3408082,0.0282423118421513,4291,FALSE
Pv2.1_11_44469329_G/A,Chr11,44469329,0.0282384192419651,4292,FALSE
Pv2.1_01_13548120_C/T,Chr01,13548120,0.0282337778823978,4293,FALSE
Pv2.1_09_37663153_C/T,Chr09,37663153,0.0282306503499661,4294,FALSE
Pv2.1_06_15403309_T/A,Chr06,15403309,0.0282234769163985,4295,FALSE
Pv2.1_08_53326247_A/T,Chr08,53326247,0.0282225342299927,4296,FALSE
Pv2.1_11_2078531_A/C,Chr11,2078531,0.0282188861501465,4297,FALSE
Pv2.1_03_12728321_A/T,Chr03,12728321,0.0282170529763812,4298,FALSE
Pv2.1_08_1823540_G/C,Chr08,1823540,0.028211224576113,4299,FALSE
Pv2.1_02_12941466_C/T,Chr02,12941466,0.0282017007543027,4300,FALSE
Pv2.1_06_29635240_G/T,Chr06,29635240,0.0282015807154483,4301,FALSE
Pv2.1_09_36508032_G/A,Chr09,36508032,0.0282008893155727,4302,FALSE
Pv2.1_03_37464617_T/A,Chr03,37464617,0.0281956601225213,4303,FALSE
Pv2.1_11_1519523_T/A,Chr11,1519523,0.0281948367409846,4304,FALSE
Pv2.1_08_41879636_TGG/T,Chr08,41879636,0.0281899587971854,4305,FALSE
Pv2.1_08_804599_A/G,Chr08,804599,0.0281892173145519,4306,FALSE
Pv2.1_06_3707842_A/G,Chr06,3707842,0.0281867401995983,4307,FALSE
Pv2.1_04_78022_G/A,Chr04,78022,0.0281853016846991,4308,FALSE
Pv2.1_09_36936255_A/G,Chr09,36936255,0.0281839297155706,4309,FALSE
Pv2.1_07_5762007_C/A,Chr07,5762007,0.0281808824137784,4310,FALSE
Pv2.1_10_41264792_T/C,Chr10,41264792,0.0281726377560454,4311,FALSE
Pv2.1_06_25139492_C/A,Chr06,25139492,0.0281684272422642,4312,FALSE
Pv2.1_06_29635019_G/A,Chr06,29635019,0.0281645548432432,4313,FALSE
Pv2.1_06_29635023_C/G,Chr06,29635023,0.0281645548432432,4314,FALSE
Pv2.1_06_29635024_C/T,Chr06,29635024,0.0281645548432432,4315,FALSE
Pv2.1_07_38093875_G/A,Chr07,38093875,0.0281631664991897,4316,FALSE
Pv2.1_03_48711804_G/T,Chr03,48711804,0.0281627222808849,4317,FALSE
Pv2.1_01_51135669_T/A,Chr01,51135669,0.0281617672901886,4318,FALSE
Pv2.1_06_2224168_T/C,Chr06,2224168,0.0281603852769381,4319,FALSE
Pv2.1_04_46477844_T/C,Chr04,46477844,0.0281597140971974,4320,FALSE
Pv2.1_04_46477874_A/T,Chr04,46477874,0.0281597140971974,4321,FALSE
Pv2.1_04_46477914_A/G,Chr04,46477914,0.028159714097197,4322,FALSE
Pv2.1_09_36526374_G/T,Chr09,36526374,0.0281578026910991,4323,FALSE
Pv2.1_08_62969292_C/T,Chr08,62969292,0.028154919869491,4324,FALSE
Pv2.1_08_62969299_G/T,Chr08,62969299,0.028154919869491,4325,FALSE
Pv2.1_08_62969300_A/G,Chr08,62969300,0.028154919869491,4326,FALSE
Pv2.1_08_62969309_G/A,Chr08,62969309,0.028154919869491,4327,FALSE
Pv2.1_07_4856975_C/T,Chr07,4856975,0.0281527002435693,4328,FALSE
Pv2.1_05_27561420_T/G,Chr05,27561420,0.0281522888799839,4329,FALSE
Pv2.1_08_60557897_C/T,Chr08,60557897,0.028147462834978,4330,FALSE
Pv2.1_09_38191077_G/T,Chr09,38191077,0.0281381866998536,4331,FALSE
Pv2.1_03_42010154_A/T,Chr03,42010154,0.0281378526238059,4332,FALSE
Pv2.1_08_59148275_C/T,Chr08,59148275,0.0281371582582457,4333,FALSE
Pv2.1_05_39574781_T/G,Chr05,39574781,0.0281340919723099,4334,FALSE
Pv2.1_05_39574815_A/G,Chr05,39574815,0.0281340919723099,4335,FALSE
Pv2.1_02_35464304_G/A,Chr02,35464304,0.0281322553901981,4336,FALSE
Pv2.1_05_3186346_C/A,Chr05,3186346,0.0281317474245633,4337,FALSE
Pv2.1_08_53292348_T/C,Chr08,53292348,0.028128064580065,4338,FALSE
Pv2.1_02_36132557_A/T,Chr02,36132557,0.0281242073514898,4339,FALSE
Pv2.1_07_9182709_C/G,Chr07,9182709,0.0281223456683342,4340,FALSE
Pv2.1_08_61663058_G/A,Chr08,61663058,0.0281221547550836,4341,FALSE
Pv2.1_04_42600_A/G,Chr04,42600,0.0281216494862049,4342,FALSE
Pv2.1_01_2809000_T/A,Chr01,2809000,0.0281170587371169,4343,FALSE
Pv2.1_01_2809027_G/T,Chr01,2809027,0.0281170587371169,4344,FALSE
Pv2.1_06_20852247_A/G,Chr06,20852247,0.028114239676039,4345,FALSE
Pv2.1_08_58600525_A/AT,Chr08,58600525,0.0281116737893958,4346,FALSE
Pv2.1_09_36749309_CA/C,Chr09,36749309,0.0281101553708019,4347,FALSE
Pv2.1_08_53505802_T/C,Chr08,53505802,0.0281095399668017,4348,FALSE
Pv2.1_11_41682310_C/T,Chr11,41682310,0.0281028286228771,4349,FALSE
Pv2.1_04_11421360_G/C,Chr04,11421360,0.028102281822409,4350,FALSE
Pv2.1_03_46595419_G/A,Chr03,46595419,0.0280972728233726,4351,FALSE
Pv2.1_07_36203363_G/A,Chr07,36203363,0.0280957788227187,4352,FALSE
Pv2.1_10_2185497_TC/T,Chr10,2185497,0.0280912005475416,4353,FALSE
Pv2.1_06_21945675_C/T,Chr06,21945675,0.0280905046577673,4354,FALSE
Pv2.1_06_24297148_A/C,Chr06,24297148,0.0280869188953909,4355,FALSE
Pv2.1_08_62869118_A/C,Chr08,62869118,0.0280864651225361,4356,FALSE
Pv2.1_07_3557956_A/T,Chr07,3557956,0.0280806267825553,4357,FALSE
Pv2.1_08_62212381_T/C,Chr08,62212381,0.0280796778061783,4358,FALSE
Pv2.1_02_12633813_C/T,Chr02,12633813,0.0280786315054526,4359,FALSE
Pv2.1_08_60336154_C/A,Chr08,60336154,0.0280781952657421,4360,FALSE
Pv2.1_08_60336160_C/T,Chr08,60336160,0.0280781952657421,4361,FALSE
Pv2.1_06_5685896_A/G,Chr06,5685896,0.0280780554138365,4362,FALSE
Pv2.1_03_42007027_G/A,Chr03,42007027,0.0280763282099432,4363,FALSE
Pv2.1_04_1959781_C/T,Chr04,1959781,0.0280756555957979,4364,FALSE
Pv2.1_08_1228929_C/T,Chr08,1228929,0.0280740484702329,4365,FALSE
Pv2.1_03_48616201_T/C,Chr03,48616201,0.0280701149681533,4366,FALSE
Pv2.1_04_271462_T/C,Chr04,271462,0.0280696878471645,4367,FALSE
Pv2.1_04_55583_T/A,Chr04,55583,0.0280662021028122,4368,FALSE
Pv2.1_08_61089109_C/T,Chr08,61089109,0.0280637517459392,4369,FALSE
Pv2.1_08_62807241_T/A,Chr08,62807241,0.0280604447511599,4370,FALSE
Pv2.1_07_37512964_T/A,Chr07,37512964,0.0280585113890215,4371,FALSE
Pv2.1_11_2097224_A/C,Chr11,2097224,0.0280572578306804,4372,FALSE
Pv2.1_03_37126504_A/G,Chr03,37126504,0.0280542952529479,4373,FALSE
Pv2.1_03_41819859_T/C,Chr03,41819859,0.0280492167487965,4374,FALSE
Pv2.1_03_7660298_G/A,Chr03,7660298,0.0280450293593368,4375,FALSE
Pv2.1_08_53354322_T/A,Chr08,53354322,0.0280412678176503,4376,FALSE
Pv2.1_09_36432254_A/G,Chr09,36432254,0.0280390231980459,4377,FALSE
Pv2.1_11_33533412_T/C,Chr11,33533412,0.0280375739591046,4378,FALSE
Pv2.1_06_25327578_A/T,Chr06,25327578,0.0280372979459749,4379,FALSE
Pv2.1_08_7261541_T/C,Chr08,7261541,0.0280262388536103,4380,FALSE
Pv2.1_05_10771422_C/T,Chr05,10771422,0.0280213459060859,4381,FALSE
Pv2.1_07_36141150_A/G,Chr07,36141150,0.0280193043035082,4382,FALSE
Pv2.1_04_2032767_A/G,Chr04,2032767,0.0280166017203345,4383,FALSE
Pv2.1_02_12351151_T/C,Chr02,12351151,0.0280159491427519,4384,FALSE
Pv2.1_11_50571875_G/C,Chr11,50571875,0.0280128140887803,4385,FALSE
Pv2.1_11_50571880_T/G,Chr11,50571880,0.0280128140887803,4386,FALSE
Pv2.1_11_50571895_G/T,Chr11,50571895,0.0280128140887803,4387,FALSE
Pv2.1_09_22533951_A/G,Chr09,22533951,0.0280082069989058,4388,FALSE
Pv2.1_09_22533961_C/G,Chr09,22533961,0.0280082069989058,4389,FALSE
Pv2.1_11_51916477_A/C,Chr11,51916477,0.0280064053417615,4390,FALSE
Pv2.1_04_45526928_C/T,Chr04,45526928,0.0280040212318582,4391,FALSE
Pv2.1_05_38930156_A/C,Chr05,38930156,0.0280037211990276,4392,FALSE
Pv2.1_10_4466690_C/T,Chr10,4466690,0.0280007601144807,4393,FALSE
Pv2.1_09_36710434_A/G,Chr09,36710434,0.0279985125775615,4394,FALSE
Pv2.1_11_3135882_A/G,Chr11,3135882,0.0279900502362107,4395,FALSE
Pv2.1_04_46176765_A/C,Chr04,46176765,0.0279899095773333,4396,FALSE
Pv2.1_07_36785324_A/G,Chr07,36785324,0.0279846256399163,4397,FALSE
Pv2.1_08_62953251_G/A,Chr08,62953251,0.0279843282411236,4398,FALSE
Pv2.1_08_60799167_G/A,Chr08,60799167,0.027983782186169,4399,FALSE
Pv2.1_07_7907767_C/T,Chr07,7907767,0.0279826439634574,4400,FALSE
Pv2.1_04_2032971_T/G,Chr04,2032971,0.0279779645905625,4401,FALSE
Pv2.1_06_21403686_G/C,Chr06,21403686,0.0279779407476326,4402,FALSE
Pv2.1_03_8030517_G/A,Chr03,8030517,0.0279726770086546,4403,FALSE
Pv2.1_03_51848939_G/C,Chr03,51848939,0.0279716008854307,4404,FALSE
Pv2.1_01_49295229_G/A,Chr01,49295229,0.0279712543902133,4405,FALSE
Pv2.1_02_44922072_CAT/C,Chr02,44922072,0.027968314916599,4406,FALSE
Pv2.1_06_15480806_A/G,Chr06,15480806,0.0279650682158943,4407,FALSE
Pv2.1_11_51718220_C/T,Chr11,51718220,0.0279631534825437,4408,FALSE
Pv2.1_05_9252127_A/C,Chr05,9252127,0.027959065193119,4409,FALSE
Pv2.1_08_5167278_T/C,Chr08,5167278,0.0279555489635843,4410,FALSE
Pv2.1_04_4238529_C/T,Chr04,4238529,0.0279542999178393,4411,FALSE
Pv2.1_10_5856219_T/G,Chr10,5856219,0.0279511619971595,4412,FALSE
Pv2.1_06_12372418_A/G,Chr06,12372418,0.0279506317363167,4413,FALSE
Pv2.1_06_24110510_A/T,Chr06,24110510,0.0279471756457168,4414,FALSE
Pv2.1_02_35491670_AC/A,Chr02,35491670,0.0279461229879026,4415,FALSE
Pv2.1_06_24966059_T/C,Chr06,24966059,0.0279458316213992,4416,FALSE
Pv2.1_11_3066781_C/T,Chr11,3066781,0.0279433898137853,4417,FALSE
Pv2.1_11_43202951_C/T,Chr11,43202951,0.0279406650021259,4418,FALSE
Pv2.1_08_60892537_T/G,Chr08,60892537,0.0279402919122287,4419,FALSE
Pv2.1_07_5762009_A/T,Chr07,5762009,0.0279382596129616,4420,FALSE
Pv2.1_02_43405930_C/T,Chr02,43405930,0.0279368312778647,4421,FALSE
Pv2.1_08_62043203_A/C,Chr08,62043203,0.027936807952218,4422,FALSE
Pv2.1_08_62936074_G/A,Chr08,62936074,0.0279282568701373,4423,FALSE
Pv2.1_05_18739968_A/G,Chr05,18739968,0.0279257165747278,4424,FALSE
Pv2.1_08_59931590_C/T,Chr08,59931590,0.0279254757190781,4425,FALSE
Pv2.1_11_50090488_G/T,Chr11,50090488,0.0279239643980218,4426,FALSE
Pv2.1_02_25190354_C/T,Chr02,25190354,0.027922586059717,4427,FALSE
Pv2.1_06_25324280_C/T,Chr06,25324280,0.027911891381657,4428,FALSE
Pv2.1_08_1003629_A/C,Chr08,1003629,0.0279100782190711,4429,FALSE
Pv2.1_06_19335009_A/G,Chr06,19335009,0.0279057515399952,4430,FALSE
Pv2.1_09_38187618_G/C,Chr09,38187618,0.0279022315381212,4431,FALSE
Pv2.1_10_42159391_T/G,Chr10,42159391,0.0278949560498232,4432,FALSE
Pv2.1_08_59635669_A/T,Chr08,59635669,0.0278945768345387,4433,FALSE
Pv2.1_02_7673762_T/G,Chr02,7673762,0.0278931448649398,4434,FALSE
Pv2.1_07_3326851_C/T,Chr07,3326851,0.0278907191253257,4435,FALSE
Pv2.1_02_42510083_T/C,Chr02,42510083,0.0278899532797925,4436,FALSE
Pv2.1_01_2682134_CT/C,Chr01,2682134,0.0278877213181992,4437,FALSE
Pv2.1_06_7240728_T/G,Chr06,7240728,0.0278867776249747,4438,FALSE
Pv2.1_06_25004088_T/C,Chr06,25004088,0.0278835223581457,4439,FALSE
Pv2.1_06_11654088_A/C,Chr06,11654088,0.0278811702574173,4440,FALSE
Pv2.1_06_21229655_T/C,Chr06,21229655,0.0278807271225672,4441,FALSE
Pv2.1_06_20210673_G/C,Chr06,20210673,0.0278793309657326,4442,FALSE
Pv2.1_08_62933964_T/G,Chr08,62933964,0.0278725411196366,4443,FALSE
Pv2.1_06_26054074_C/T,Chr06,26054074,0.0278687913012781,4444,FALSE
Pv2.1_06_20385799_A/G,Chr06,20385799,0.027859003175537,4445,FALSE
Pv2.1_04_46880127_T/C,Chr04,46880127,0.0278590002048551,4446,FALSE
Pv2.1_08_3099589_G/A,Chr08,3099589,0.0278549093820937,4447,FALSE
Pv2.1_06_24297140_C/A,Chr06,24297140,0.0278469766081999,4448,FALSE
Pv2.1_01_4953538_C/A,Chr01,4953538,0.0278466197205303,4449,FALSE
Pv2.1_11_1218378_A/C,Chr11,1218378,0.0278397933675283,4450,FALSE
Pv2.1_06_16892241_C/T,Chr06,16892241,0.0278394102679358,4451,FALSE
Pv2.1_08_9707202_C/T,Chr08,9707202,0.0278388794882449,4452,FALSE
Pv2.1_08_61642524_C/T,Chr08,61642524,0.0278384125131246,4453,FALSE
Pv2.1_07_33423000_T/A,Chr07,33423000,0.0278370309730622,4454,FALSE
Pv2.1_08_61338552_C/T,Chr08,61338552,0.0278359928456524,4455,FALSE
Pv2.1_10_42792027_T/TA,Chr10,42792027,0.0278354293375078,4456,FALSE
Pv2.1_08_12658042_A/AC,Chr08,12658042,0.0278326380218155,4457,FALSE
Pv2.1_06_3704811_TAGC/T,Chr06,3704811,0.0278310138010633,4458,FALSE
Pv2.1_08_3925835_T/C,Chr08,3925835,0.0278248487686446,4459,FALSE
Pv2.1_05_39338203_A/T,Chr05,39338203,0.0278196191533082,4460,FALSE
Pv2.1_08_62952686_T/A,Chr08,62952686,0.027817143576788,4461,FALSE
Pv2.1_08_62589851_G/C,Chr08,62589851,0.0278146486064834,4462,FALSE
Pv2.1_01_2808889_G/A,Chr01,2808889,0.0278142868437148,4463,FALSE
Pv2.1_10_4466782_G/T,Chr10,4466782,0.0278118068203352,4464,FALSE
Pv2.1_02_4339386_A/T,Chr02,4339386,0.0278102596152849,4465,FALSE
Pv2.1_08_62139096_C/G,Chr08,62139096,0.0278102253223813,4466,FALSE
Pv2.1_08_364151_C/A,Chr08,364151,0.0278060294017886,4467,FALSE
Pv2.1_10_42650632_A/C,Chr10,42650632,0.0278013332553044,4468,FALSE
Pv2.1_02_12516938_T/C,Chr02,12516938,0.0277982506918471,4469,FALSE
Pv2.1_07_8994974_G/A,Chr07,8994974,0.0277973353521781,4470,FALSE
Pv2.1_04_150354_T/G,Chr04,150354,0.0277942378851619,4471,FALSE
Pv2.1_04_150355_A/T,Chr04,150355,0.0277942378851619,4472,FALSE
Pv2.1_09_36515173_T/C,Chr09,36515173,0.0277903053584958,4473,FALSE
Pv2.1_07_9346625_C/T,Chr07,9346625,0.0277889096898467,4474,FALSE
Pv2.1_02_29662210_T/C,Chr02,29662210,0.0277841115868944,4475,FALSE
Pv2.1_06_17983613_C/T,Chr06,17983613,0.0277840731981591,4476,FALSE
Pv2.1_03_40295454_T/G,Chr03,40295454,0.0277780198775299,4477,FALSE
Pv2.1_10_43013354_G/A,Chr10,43013354,0.0277723280860815,4478,FALSE
Pv2.1_07_37122998_A/T,Chr07,37122998,0.0277675839178575,4479,FALSE
Pv2.1_02_22724210_G/C,Chr02,22724210,0.0277661599367409,4480,FALSE
Pv2.1_04_2032776_G/A,Chr04,2032776,0.0277574310825042,4481,FALSE
Pv2.1_06_24103711_G/A,Chr06,24103711,0.0277543890769847,4482,FALSE
Pv2.1_06_2127876_G/A,Chr06,2127876,0.0277538190382232,4483,FALSE
Pv2.1_02_30519420_T/TTA,Chr02,30519420,0.0277520811539382,4484,FALSE
Pv2.1_02_12698154_T/C,Chr02,12698154,0.0277459134031695,4485,FALSE
Pv2.1_06_7025266_T/C,Chr06,7025266,0.027744137306656,4486,FALSE
Pv2.1_07_37261073_C/T,Chr07,37261073,0.0277422935577989,4487,FALSE
Pv2.1_01_2173999_T/C,Chr01,2173999,0.0277281721081191,4488,FALSE
Pv2.1_10_42516653_A/C,Chr10,42516653,0.0277236626494597,4489,FALSE
Pv2.1_06_18716788_T/C,Chr06,18716788,0.0277225942788442,4490,FALSE
Pv2.1_07_6790240_T/C,Chr07,6790240,0.0277224038335602,4491,FALSE
Pv2.1_10_4755284_A/C,Chr10,4755284,0.027720927116869,4492,FALSE
Pv2.1_08_1174466_T/C,Chr08,1174466,0.0277195569282829,4493,FALSE
Pv2.1_11_50784452_A/G,Chr11,50784452,0.0277182614168927,4494,FALSE
Pv2.1_02_37424241_T/G,Chr02,37424241,0.0277173321574518,4495,FALSE
Pv2.1_03_48263537_G/A,Chr03,48263537,0.0277165760469034,4496,FALSE
Pv2.1_06_26250824_A/G,Chr06,26250824,0.0277123137018354,4497,FALSE
Pv2.1_06_25327615_T/G,Chr06,25327615,0.0277056106053633,4498,FALSE
Pv2.1_04_28143741_CTT/C,Chr04,28143741,0.0277050107286962,4499,FALSE
Pv2.1_04_45152904_C/A,Chr04,45152904,0.0277040428141331,4500,FALSE
Pv2.1_09_38046395_G/A,Chr09,38046395,0.0277034035347259,4501,FALSE
Pv2.1_09_38046406_A/G,Chr09,38046406,0.0277034035347259,4502,FALSE
Pv2.1_10_4355063_TT/A,Chr10,4355063,0.027702635355106,4503,FALSE
Pv2.1_10_42578186_A/T,Chr10,42578186,0.0276995398971476,4504,FALSE
Pv2.1_11_38173049_G/GT,Chr11,38173049,0.0276956204453289,4505,FALSE
Pv2.1_08_59071242_A/C,Chr08,59071242,0.0276938492948129,4506,FALSE
Pv2.1_02_48828579_A/T,Chr02,48828579,0.0276909257521876,4507,FALSE
Pv2.1_05_4930059_T/A,Chr05,4930059,0.0276865726776991,4508,FALSE
Pv2.1_09_37528086_G/A,Chr09,37528086,0.0276846359037783,4509,FALSE
Pv2.1_09_37528103_C/T,Chr09,37528103,0.0276846359037783,4510,FALSE
Pv2.1_09_7738507_C/T,Chr09,7738507,0.0276792292595256,4511,FALSE
Pv2.1_08_62553178_A/T,Chr08,62553178,0.0276766231937637,4512,FALSE
Pv2.1_06_25687968_A/T,Chr06,25687968,0.0276760563080813,4513,FALSE
Pv2.1_10_42485227_CCT/C,Chr10,42485227,0.0276748695767433,4514,FALSE
Pv2.1_10_42485241_G/T,Chr10,42485241,0.0276748695767433,4515,FALSE
Pv2.1_09_36684701_G/A,Chr09,36684701,0.0276741204943431,4516,FALSE
Pv2.1_09_36974239_G/T,Chr09,36974239,0.027672187439697,4517,FALSE
Pv2.1_08_59683750_T/C,Chr08,59683750,0.0276708208439396,4518,FALSE
Pv2.1_08_7027243_T/A,Chr08,7027243,0.027669985738612,4519,FALSE
Pv2.1_02_24747110_T/G,Chr02,24747110,0.0276695341068391,4520,FALSE
Pv2.1_09_36130093_T/C,Chr09,36130093,0.0276675761861278,4521,FALSE
Pv2.1_03_48575585_G/A,Chr03,48575585,0.0276659326741093,4522,FALSE
Pv2.1_11_2956818_A/T,Chr11,2956818,0.0276652437267422,4523,FALSE
Pv2.1_09_38118817_C/T,Chr09,38118817,0.0276631837225683,4524,FALSE
Pv2.1_11_53132474_C/T,Chr11,53132474,0.0276579462025977,4525,FALSE
Pv2.1_08_1823539_T/A,Chr08,1823539,0.0276566540609822,4526,FALSE
Pv2.1_08_62140043_A/C,Chr08,62140043,0.0276558280777857,4527,FALSE
Pv2.1_08_636046_A/G,Chr08,636046,0.0276553583200729,4528,FALSE
Pv2.1_08_636052_A/AAC,Chr08,636052,0.0276553583200729,4529,FALSE
Pv2.1_03_37464606_A/C,Chr03,37464606,0.0276534208182735,4530,FALSE
Pv2.1_09_37099903_G/C,Chr09,37099903,0.0276532539046226,4531,FALSE
Pv2.1_07_4816002_C/T,Chr07,4816002,0.0276489672678566,4532,FALSE
Pv2.1_10_3363518_C/A,Chr10,3363518,0.0276460496456736,4533,FALSE
Pv2.1_07_9346509_G/T,Chr07,9346509,0.0276427451072583,4534,FALSE
Pv2.1_04_46430127_T/G,Chr04,46430127,0.0276402915126628,4535,FALSE
Pv2.1_11_3128915_C/T,Chr11,3128915,0.027637475666471,4536,FALSE
Pv2.1_07_39361190_C/G,Chr07,39361190,0.0276356667891493,4537,FALSE
Pv2.1_10_6165998_C/A,Chr10,6165998,0.0276349127226885,4538,FALSE
Pv2.1_08_59278863_C/A,Chr08,59278863,0.027628138393363,4539,FALSE
Pv2.1_08_45858731_T/C,Chr08,45858731,0.0276269606456365,4540,FALSE
Pv2.1_09_36881669_T/G,Chr09,36881669,0.0276265291244711,4541,FALSE
Pv2.1_08_62661124_G/C,Chr08,62661124,0.0276242862616787,4542,FALSE
Pv2.1_10_2179989_T/A,Chr10,2179989,0.0276228954376849,4543,FALSE
Pv2.1_04_47811446_G/C,Chr04,47811446,0.027613438388054,4544,FALSE
Pv2.1_09_381386_A/T,Chr09,381386,0.027606621416373,4545,FALSE
Pv2.1_11_3066809_G/T,Chr11,3066809,0.0276041033247565,4546,FALSE
Pv2.1_10_42515121_G/T,Chr10,42515121,0.0276023093832705,4547,FALSE
Pv2.1_08_59012878_T/C,Chr08,59012878,0.0275960430895612,4548,FALSE
Pv2.1_08_59012879_G/A,Chr08,59012879,0.0275960430895612,4549,FALSE
Pv2.1_08_59012912_T/C,Chr08,59012912,0.0275960430895608,4550,FALSE
Pv2.1_08_62747938_G/A,Chr08,62747938,0.0275923567414411,4551,FALSE
Pv2.1_01_2062192_T/C,Chr01,2062192,0.0275920487591717,4552,FALSE
Pv2.1_02_28132776_G/C,Chr02,28132776,0.0275889570265959,4553,FALSE
Pv2.1_06_12235682_C/A,Chr06,12235682,0.0275879146586084,4554,FALSE
Pv2.1_02_13482748_G/C,Chr02,13482748,0.0275868220151256,4555,FALSE
Pv2.1_01_2808975_A/G,Chr01,2808975,0.0275858881518114,4556,FALSE
Pv2.1_09_381382_C/T,Chr09,381382,0.0275858304550516,4557,FALSE
Pv2.1_08_62807517_C/G,Chr08,62807517,0.0275855440726001,4558,FALSE
Pv2.1_08_29862636_C/A,Chr08,29862636,0.027585414643938,4559,FALSE
Pv2.1_05_39574762_A/G,Chr05,39574762,0.0275851272358447,4560,FALSE
Pv2.1_08_53234486_G/A,Chr08,53234486,0.0275832014397559,4561,FALSE
Pv2.1_04_5650017_TG/T,Chr04,5650017,0.0275790887251954,4562,FALSE
Pv2.1_02_30410344_T/G,Chr02,30410344,0.0275788989635126,4563,FALSE
Pv2.1_09_38053684_C/T,Chr09,38053684,0.0275775971237739,4564,FALSE
Pv2.1_08_63004571_C/G,Chr08,63004571,0.0275726381787922,4565,FALSE
Pv2.1_08_63004594_A/G,Chr08,63004594,0.0275726381787922,4566,FALSE
Pv2.1_08_62821222_T/A,Chr08,62821222,0.0275724663514834,4567,FALSE
Pv2.1_08_62821228_T/C,Chr08,62821228,0.0275724663514834,4568,FALSE
Pv2.1_10_42182090_T/C,Chr10,42182090,0.0275715654318551,4569,FALSE
Pv2.1_11_1524897_A/G,Chr11,1524897,0.0275702961678701,4570,FALSE
Pv2.1_08_61526003_C/T,Chr08,61526003,0.0275683066648282,4571,FALSE
Pv2.1_09_7738479_A/C,Chr09,7738479,0.0275666835510799,4572,FALSE
Pv2.1_09_7738508_T/G,Chr09,7738508,0.0275666835510799,4573,FALSE
Pv2.1_11_51046826_C/T,Chr11,51046826,0.0275649289055639,4574,FALSE
Pv2.1_06_24297142_G/T,Chr06,24297142,0.0275639875821265,4575,FALSE
Pv2.1_06_19585697_A/G,Chr06,19585697,0.0275623985929094,4576,FALSE
Pv2.1_09_36079859_A/G,Chr09,36079859,0.0275614386114915,4577,FALSE
Pv2.1_04_45206100_A/T,Chr04,45206100,0.0275598136109245,4578,FALSE
Pv2.1_07_4323937_C/CTTG,Chr07,4323937,0.0275593617296348,4579,FALSE
Pv2.1_08_28379451_C/T,Chr08,28379451,0.0275572065402123,4580,FALSE
Pv2.1_03_984236_C/T,Chr03,984236,0.0275557402406261,4581,FALSE
Pv2.1_08_61153483_A/T,Chr08,61153483,0.0275552980839091,4582,FALSE
Pv2.1_08_9707443_C/A,Chr08,9707443,0.0275540091513253,4583,FALSE
Pv2.1_07_34041061_TTC/T,Chr07,34041061,0.0275489250689489,4584,FALSE
Pv2.1_07_34041062_TC/T,Chr07,34041062,0.0275489250689489,4585,FALSE
Pv2.1_01_5342093_C/G,Chr01,5342093,0.0275477710334493,4586,FALSE
Pv2.1_01_5342124_G/A,Chr01,5342124,0.0275477710334493,4587,FALSE
Pv2.1_09_36794453_A/G,Chr09,36794453,0.0275466359009355,4588,FALSE
Pv2.1_07_4089206_C/A,Chr07,4089206,0.0275441256780442,4589,FALSE
Pv2.1_09_22362022_A/T,Chr09,22362022,0.0275389552630947,4590,FALSE
Pv2.1_03_994812_A/G,Chr03,994812,0.0275365631890017,4591,FALSE
Pv2.1_08_61544850_C/A,Chr08,61544850,0.0275364706129149,4592,FALSE
Pv2.1_11_51314226_A/G,Chr11,51314226,0.0275320002576649,4593,FALSE
Pv2.1_08_5440374_A/G,Chr08,5440374,0.0275298134235289,4594,FALSE
Pv2.1_06_25989197_G/A,Chr06,25989197,0.0275264949405036,4595,FALSE
Pv2.1_11_3128991_A/T,Chr11,3128991,0.0275255316213952,4596,FALSE
Pv2.1_04_43712438_C/G,Chr04,43712438,0.0275236161259018,4597,FALSE
Pv2.1_04_279346_A/C,Chr04,279346,0.0275228276121773,4598,FALSE
Pv2.1_02_46792667_T/C,Chr02,46792667,0.0275225459435826,4599,FALSE
Pv2.1_02_45116135_A/T,Chr02,45116135,0.027513478760524,4600,FALSE
Pv2.1_08_62753697_A/G,Chr08,62753697,0.0275133306193132,4601,FALSE
Pv2.1_08_62753735_G/T,Chr08,62753735,0.0275133306193132,4602,FALSE
Pv2.1_05_35669274_T/G,Chr05,35669274,0.0275089711070953,4603,FALSE
Pv2.1_07_28968710_C/A,Chr07,28968710,0.0275089476072203,4604,FALSE
Pv2.1_08_1169936_A/C,Chr08,1169936,0.0275086303708534,4605,FALSE
Pv2.1_02_48688684_A/C,Chr02,48688684,0.0275076624934734,4606,FALSE
Pv2.1_09_36508176_A/G,Chr09,36508176,0.0275075677420356,4607,FALSE
Pv2.1_09_36859892_T/A,Chr09,36859892,0.0275008688811975,4608,FALSE
Pv2.1_06_6863560_G/T,Chr06,6863560,0.0274993387228606,4609,FALSE
Pv2.1_08_4537463_G/A,Chr08,4537463,0.0274985876340765,4610,FALSE
Pv2.1_11_3567956_T/C,Chr11,3567956,0.0274948168902487,4611,FALSE
Pv2.1_07_37412294_A/T,Chr07,37412294,0.027493680604878,4612,FALSE
Pv2.1_06_27995569_A/G,Chr06,27995569,0.0274906264344779,4613,FALSE
Pv2.1_04_150375_T/C,Chr04,150375,0.0274882376067644,4614,FALSE
Pv2.1_07_39356252_T/C,Chr07,39356252,0.0274833752557764,4615,FALSE
Pv2.1_08_13008341_T/A,Chr08,13008341,0.027482798841719,4616,FALSE
Pv2.1_07_33548470_A/T,Chr07,33548470,0.0274827554846504,4617,FALSE
Pv2.1_09_36679109_T/G,Chr09,36679109,0.0274808306642673,4618,FALSE
Pv2.1_08_62490694_C/A,Chr08,62490694,0.027480210264057,4619,FALSE
Pv2.1_01_3365671_A/C,Chr01,3365671,0.0274796065377636,4620,FALSE
Pv2.1_01_3365674_C/G,Chr01,3365674,0.0274796065377636,4621,FALSE
Pv2.1_08_61658081_A/T,Chr08,61658081,0.0274768255146514,4622,FALSE
Pv2.1_08_62553186_A/G,Chr08,62553186,0.0274757193320476,4623,FALSE
Pv2.1_08_62553191_A/G,Chr08,62553191,0.0274757193320476,4624,FALSE
Pv2.1_08_11728290_G/A,Chr08,11728290,0.027474815328969,4625,FALSE
Pv2.1_05_18743607_A/G,Chr05,18743607,0.0274745699331884,4626,FALSE
Pv2.1_11_3128989_A/T,Chr11,3128989,0.0274723552230918,4627,FALSE
Pv2.1_09_38003385_A/G,Chr09,38003385,0.0274720309728527,4628,FALSE
Pv2.1_01_3764657_G/A,Chr01,3764657,0.0274716372522494,4629,FALSE
Pv2.1_02_39783365_C/T,Chr02,39783365,0.0274684297327941,4630,FALSE
Pv2.1_09_25494297_A/T,Chr09,25494297,0.0274654739015228,4631,FALSE
Pv2.1_11_3019532_A/T,Chr11,3019532,0.0274641448725257,4632,FALSE
Pv2.1_01_22289716_T/A,Chr01,22289716,0.0274618868175049,4633,FALSE
Pv2.1_08_60211786_A/G,Chr08,60211786,0.0274546316252411,4634,FALSE
Pv2.1_01_51095934_A/T,Chr01,51095934,0.027454426435205,4635,FALSE
Pv2.1_07_3485285_A/G,Chr07,3485285,0.0274512067959583,4636,FALSE
Pv2.1_07_10364002_G/T,Chr07,10364002,0.0274471396401967,4637,FALSE
Pv2.1_08_1526274_T/C,Chr08,1526274,0.0274450908283614,4638,FALSE
Pv2.1_03_1471139_A/G,Chr03,1471139,0.0274437180525968,4639,FALSE
Pv2.1_11_49286754_G/A,Chr11,49286754,0.0274420064382603,4640,FALSE
Pv2.1_11_2053523_G/A,Chr11,2053523,0.0274384701236046,4641,FALSE
Pv2.1_11_51718226_C/T,Chr11,51718226,0.0274381525362513,4642,FALSE
Pv2.1_09_37603729_T/C,Chr09,37603729,0.027438009244054,4643,FALSE
Pv2.1_09_37603748_C/T,Chr09,37603748,0.027438009244054,4644,FALSE
Pv2.1_04_3350061_C/T,Chr04,3350061,0.0274317492674148,4645,FALSE
Pv2.1_01_49418619_G/A,Chr01,49418619,0.0274316973538533,4646,FALSE
Pv2.1_06_22563828_G/T,Chr06,22563828,0.0274292573356858,4647,FALSE
Pv2.1_05_2230380_G/A,Chr05,2230380,0.0274269011968475,4648,FALSE
Pv2.1_03_9184247_C/T,Chr03,9184247,0.0274249932360746,4649,FALSE
Pv2.1_08_62375729_C/T,Chr08,62375729,0.0274213789455091,4650,FALSE
Pv2.1_06_18778843_C/T,Chr06,18778843,0.0274174861496115,4651,FALSE
Pv2.1_02_35464342_TA/T,Chr02,35464342,0.0274170420287816,4652,FALSE
Pv2.1_07_4089221_A/C,Chr07,4089221,0.0274158865638734,4653,FALSE
Pv2.1_08_61889706_A/G,Chr08,61889706,0.0274154095468795,4654,FALSE
Pv2.1_08_61889738_G/C,Chr08,61889738,0.0274154095468795,4655,FALSE
Pv2.1_03_40295463_A/G,Chr03,40295463,0.0274147084569925,4656,FALSE
Pv2.1_11_52435864_A/G,Chr11,52435864,0.0274118232369101,4657,FALSE
Pv2.1_08_58962978_G/T,Chr08,58962978,0.0274099858896997,4658,FALSE
Pv2.1_11_50063877_A/T,Chr11,50063877,0.0274092415086264,4659,FALSE
Pv2.1_09_36749300_T/G,Chr09,36749300,0.0274070958455126,4660,FALSE
Pv2.1_02_25634032_A/G,Chr02,25634032,0.0274043426820896,4661,FALSE
Pv2.1_02_25634047_C/A,Chr02,25634047,0.0274043426820896,4662,FALSE
Pv2.1_04_47537633_A/C,Chr04,47537633,0.0274042634451313,4663,FALSE
Pv2.1_04_46100256_C/A,Chr04,46100256,0.0274041962001044,4664,FALSE
Pv2.1_01_3363408_A/ATATAG,Chr01,3363408,0.0274040010759444,4665,FALSE
Pv2.1_06_19561750_T/C,Chr06,19561750,0.0274034849512916,4666,FALSE
Pv2.1_07_37423937_A/T,Chr07,37423937,0.0274029527878472,4667,FALSE
Pv2.1_05_16716372_A/T,Chr05,16716372,0.0273982956414245,4668,FALSE
Pv2.1_02_47497382_C/T,Chr02,47497382,0.0273934927007993,4669,FALSE
Pv2.1_04_47457729_C/T,Chr04,47457729,0.0273895714859114,4670,FALSE
Pv2.1_11_3970883_AT/A,Chr11,3970883,0.0273885779348655,4671,FALSE
Pv2.1_08_62140060_G/A,Chr08,62140060,0.0273870571562243,4672,FALSE
Pv2.1_11_2341302_G/T,Chr11,2341302,0.0273866973987262,4673,FALSE
Pv2.1_02_46886395_G/A,Chr02,46886395,0.0273864263353105,4674,FALSE
Pv2.1_02_47491615_A/T,Chr02,47491615,0.0273842989781556,4675,FALSE
Pv2.1_09_35885526_C/T,Chr09,35885526,0.0273797764134565,4676,FALSE
Pv2.1_08_13405063_G/GAAA,Chr08,13405063,0.0273795945685706,4677,FALSE
Pv2.1_03_51285164_C/G,Chr03,51285164,0.0273776289827792,4678,FALSE
Pv2.1_04_47050629_T/A,Chr04,47050629,0.0273764404118615,4679,FALSE
Pv2.1_05_40443863_G/C,Chr05,40443863,0.0273754079876039,4680,FALSE
Pv2.1_08_59869310_C/A,Chr08,59869310,0.0273696829020222,4681,FALSE
Pv2.1_08_62525807_G/A,Chr08,62525807,0.0273676002668566,4682,FALSE
Pv2.1_09_37800109_C/A,Chr09,37800109,0.0273667020340338,4683,FALSE
Pv2.1_04_47266640_AG/A,Chr04,47266640,0.0273610693931388,4684,FALSE
Pv2.1_01_17258898_C/T,Chr01,17258898,0.0273578486971124,4685,FALSE
Pv2.1_09_36130051_A/T,Chr09,36130051,0.0273571569743809,4686,FALSE
Pv2.1_10_40280173_A/T,Chr10,40280173,0.0273571231008969,4687,FALSE
Pv2.1_05_2230176_G/A,Chr05,2230176,0.0273551508929617,4688,FALSE
Pv2.1_08_62426283_G/A,Chr08,62426283,0.0273532848373579,4689,FALSE
Pv2.1_08_62426294_C/T,Chr08,62426294,0.0273532848373579,4690,FALSE
Pv2.1_06_1459393_A/G,Chr06,1459393,0.0273514682162324,4691,FALSE
Pv2.1_04_43712442_A/T,Chr04,43712442,0.0273488866071911,4692,FALSE
Pv2.1_06_20400902_A/G,Chr06,20400902,0.0273440077586411,4693,FALSE
Pv2.1_06_20400903_A/G,Chr06,20400903,0.0273440077586411,4694,FALSE
Pv2.1_06_2590939_C/T,Chr06,2590939,0.0273377471967762,4695,FALSE
Pv2.1_03_53067163_C/A,Chr03,53067163,0.027334816514351,4696,FALSE
Pv2.1_06_20529344_C/T,Chr06,20529344,0.0273324194741065,4697,FALSE
Pv2.1_02_41782716_C/G,Chr02,41782716,0.0273298326357447,4698,FALSE
Pv2.1_07_10712903_G/A,Chr07,10712903,0.0273284887516594,4699,FALSE
Pv2.1_06_13156139_C/A,Chr06,13156139,0.0273274924637406,4700,FALSE
Pv2.1_06_24241246_A/G,Chr06,24241246,0.0273264951321957,4701,FALSE
Pv2.1_03_52508209_G/C,Chr03,52508209,0.027326050021113,4702,FALSE
Pv2.1_08_61897240_A/T,Chr08,61897240,0.0273258911849372,4703,FALSE
Pv2.1_08_59752411_G/A,Chr08,59752411,0.0273234980017127,4704,FALSE
Pv2.1_06_21403261_AT/A,Chr06,21403261,0.0273206862401434,4705,FALSE
Pv2.1_01_11294786_C/T,Chr01,11294786,0.0273199276714187,4706,FALSE
Pv2.1_06_19235371_C/T,Chr06,19235371,0.0273189786561554,4707,FALSE
Pv2.1_05_16320493_G/A,Chr05,16320493,0.0273184361786312,4708,FALSE
Pv2.1_03_49696719_C/A,Chr03,49696719,0.0273181595663519,4709,FALSE
Pv2.1_01_17258919_G/A,Chr01,17258919,0.0273168696689652,4710,FALSE
Pv2.1_07_9181399_A/G,Chr07,9181399,0.0273161204191079,4711,FALSE
Pv2.1_04_1959772_G/C,Chr04,1959772,0.0273151309179078,4712,FALSE
Pv2.1_07_37259006_G/C,Chr07,37259006,0.0273105547645791,4713,FALSE
Pv2.1_06_26029182_C/G,Chr06,26029182,0.0273039045874079,4714,FALSE
Pv2.1_09_38109264_T/A,Chr09,38109264,0.0273032668287008,4715,FALSE
Pv2.1_08_62582280_G/A,Chr08,62582280,0.0273011690664013,4716,FALSE
Pv2.1_08_62778953_G/C,Chr08,62778953,0.0273011690664013,4717,FALSE
Pv2.1_07_841462_A/C,Chr07,841462,0.0272996275006947,4718,FALSE
Pv2.1_07_841469_C/T,Chr07,841469,0.0272996275006947,4719,FALSE
Pv2.1_11_4845912_G/A,Chr11,4845912,0.0272974400116786,4720,FALSE
Pv2.1_08_52656361_T/C,Chr08,52656361,0.0272966023313619,4721,FALSE
Pv2.1_04_46855310_A/C,Chr04,46855310,0.0272945842813552,4722,FALSE
Pv2.1_04_455782_A/G,Chr04,455782,0.0272942027309302,4723,FALSE
Pv2.1_09_37563700_A/G,Chr09,37563700,0.027290355021925,4724,FALSE
Pv2.1_06_24415249_C/G,Chr06,24415249,0.027289680157959,4725,FALSE
Pv2.1_03_30202157_T/C,Chr03,30202157,0.0272866892166803,4726,FALSE
Pv2.1_06_15469177_T/C,Chr06,15469177,0.0272776518838103,4727,FALSE
Pv2.1_06_15469194_C/A,Chr06,15469194,0.0272776518838103,4728,FALSE
Pv2.1_06_24336469_A/G,Chr06,24336469,0.0272706249063726,4729,FALSE
Pv2.1_11_45292604_A/G,Chr11,45292604,0.0272659876270147,4730,FALSE
Pv2.1_11_45292613_G/A,Chr11,45292613,0.0272659876270147,4731,FALSE
Pv2.1_11_45292618_T/C,Chr11,45292618,0.0272659876270147,4732,FALSE
Pv2.1_11_45292653_G/T,Chr11,45292653,0.0272659876270147,4733,FALSE
Pv2.1_07_38971209_A/G,Chr07,38971209,0.0272629975522842,4734,FALSE
Pv2.1_04_1564659_C/T,Chr04,1564659,0.0272620113579913,4735,FALSE
Pv2.1_10_3363519_T/A,Chr10,3363519,0.0272595847764539,4736,FALSE
Pv2.1_06_20409442_A/C,Chr06,20409442,0.0272578011807858,4737,FALSE
Pv2.1_05_2409812_T/C,Chr05,2409812,0.0272559811288473,4738,FALSE
Pv2.1_03_922051_C/T,Chr03,922051,0.0272482503644698,4739,FALSE
Pv2.1_07_34507411_A/G,Chr07,34507411,0.0272480346912856,4740,FALSE
Pv2.1_05_26209818_T/C,Chr05,26209818,0.027245173395372,4741,FALSE
Pv2.1_02_41768916_A/C,Chr02,41768916,0.0272441381380393,4742,FALSE
Pv2.1_03_51304791_G/A,Chr03,51304791,0.0272434152376904,4743,FALSE
Pv2.1_08_1437622_A/G,Chr08,1437622,0.0272433744343972,4744,FALSE
Pv2.1_08_53386776_G/T,Chr08,53386776,0.027236893971097,4745,FALSE
Pv2.1_11_51714100_A/G,Chr11,51714100,0.0272315389859594,4746,FALSE
Pv2.1_07_9143853_C/T,Chr07,9143853,0.0272314668526423,4747,FALSE
Pv2.1_04_46188693_T/A,Chr04,46188693,0.0272310164725997,4748,FALSE
Pv2.1_03_42055394_A/G,Chr03,42055394,0.02722937371311,4749,FALSE
Pv2.1_02_48828559_T/C,Chr02,48828559,0.027228488235524,4750,FALSE
Pv2.1_03_45612106_C/A,Chr03,45612106,0.0272264128218094,4751,FALSE
Pv2.1_08_36119581_A/G,Chr08,36119581,0.0272171004268409,4752,FALSE
Pv2.1_04_120066_A/C,Chr04,120066,0.0272156868816285,4753,FALSE
Pv2.1_11_5272264_G/A,Chr11,5272264,0.0272101510104625,4754,FALSE
Pv2.1_04_28293_G/A,Chr04,28293,0.0272097889617093,4755,FALSE
Pv2.1_09_36710293_C/A,Chr09,36710293,0.0272063576967376,4756,FALSE
Pv2.1_11_3170157_G/C,Chr11,3170157,0.0272062091669199,4757,FALSE
Pv2.1_11_3170178_G/A,Chr11,3170178,0.0272062091669199,4758,FALSE
Pv2.1_03_45039763_C/T,Chr03,45039763,0.0272055795709818,4759,FALSE
Pv2.1_07_6816641_C/T,Chr07,6816641,0.0272027220769848,4760,FALSE
Pv2.1_04_45494561_T/TTC,Chr04,45494561,0.0271904505081024,4761,FALSE
Pv2.1_04_47259047_G/A,Chr04,47259047,0.0271903279133618,4762,FALSE
Pv2.1_04_47259094_A/T,Chr04,47259094,0.0271903279133618,4763,FALSE
Pv2.1_01_13548222_C/T,Chr01,13548222,0.027188913832775,4764,FALSE
Pv2.1_09_36710251_A/C,Chr09,36710251,0.0271862457648866,4765,FALSE
Pv2.1_09_36710258_C/T,Chr09,36710258,0.0271862457648866,4766,FALSE
Pv2.1_09_36710266_G/T,Chr09,36710266,0.0271862457648866,4767,FALSE
Pv2.1_09_36710290_C/T,Chr09,36710290,0.0271862457648866,4768,FALSE
Pv2.1_08_62007803_A/G,Chr08,62007803,0.0271855052050252,4769,FALSE
Pv2.1_04_47655120_G/C,Chr04,47655120,0.0271837444737018,4770,FALSE
Pv2.1_08_60330106_T/C,Chr08,60330106,0.0271829524326468,4771,FALSE
Pv2.1_08_62043209_GTT/G,Chr08,62043209,0.0271812383699377,4772,FALSE
Pv2.1_09_38191214_C/G,Chr09,38191214,0.0271784508375852,4773,FALSE
Pv2.1_10_5819773_C/T,Chr10,5819773,0.027173687862585,4774,FALSE
Pv2.1_10_4052674_A/C,Chr10,4052674,0.0271720891094081,4775,FALSE
Pv2.1_11_2956764_C/T,Chr11,2956764,0.0271638678098798,4776,FALSE
Pv2.1_01_1286978_G/T,Chr01,1286978,0.027161342364503,4777,FALSE
Pv2.1_07_7420093_G/A,Chr07,7420093,0.0271589789475959,4778,FALSE
Pv2.1_07_21469735_T/C,Chr07,21469735,0.0271588560306215,4779,FALSE
Pv2.1_08_59255998_G/T,Chr08,59255998,0.0271580245095007,4780,FALSE
Pv2.1_10_42550535_C/T,Chr10,42550535,0.0271578731799851,4781,FALSE
Pv2.1_10_42550577_A/G,Chr10,42550577,0.0271578731799851,4782,FALSE
Pv2.1_03_945209_A/AT,Chr03,945209,0.0271558605160158,4783,FALSE
Pv2.1_08_24407588_A/AC,Chr08,24407588,0.0271541613127484,4784,FALSE
Pv2.1_10_43183718_A/G,Chr10,43183718,0.0271501081699492,4785,FALSE
Pv2.1_07_6724977_C/CT,Chr07,6724977,0.0271484681958758,4786,FALSE
Pv2.1_08_58557154_A/G,Chr08,58557154,0.0271461227687242,4787,FALSE
Pv2.1_08_58557124_G/T,Chr08,58557124,0.0271461227687237,4788,FALSE
Pv2.1_08_58557154_A/C,Chr08,58557154,0.0271461227687237,4789,FALSE
Pv2.1_08_58743417_T/G,Chr08,58743417,0.0271461227687237,4790,FALSE
Pv2.1_08_58795702_A/C,Chr08,58795702,0.0271461227687237,4791,FALSE
Pv2.1_11_51020538_C/T,Chr11,51020538,0.0271430837877866,4792,FALSE
Pv2.1_11_51020553_T/A,Chr11,51020553,0.0271430837877866,4793,FALSE
Pv2.1_08_62767020_G/A,Chr08,62767020,0.0271417062034511,4794,FALSE
Pv2.1_06_21812243_T/TA,Chr06,21812243,0.0271409257823261,4795,FALSE
Pv2.1_04_46876625_A/T,Chr04,46876625,0.0271385414601948,4796,FALSE
Pv2.1_10_42270389_C/A,Chr10,42270389,0.0271365902452398,4797,FALSE
Pv2.1_08_3769321_C/G,Chr08,3769321,0.0271324915472877,4798,FALSE
Pv2.1_01_4818789_C/T,Chr01,4818789,0.0271308658555336,4799,FALSE
Pv2.1_07_3427353_G/A,Chr07,3427353,0.0271277564118693,4800,FALSE
Pv2.1_05_18517178_C/A,Chr05,18517178,0.0271268044149759,4801,FALSE
Pv2.1_08_62447555_G/A,Chr08,62447555,0.0271254661761926,4802,FALSE
Pv2.1_10_3192290_T/C,Chr10,3192290,0.0271211808546519,4803,FALSE
Pv2.1_03_3887350_G/GA,Chr03,3887350,0.0271198885894766,4804,FALSE
Pv2.1_11_35945999_C/T,Chr11,35945999,0.0271161744816744,4805,FALSE
Pv2.1_08_59071292_A/T,Chr08,59071292,0.0271159433987602,4806,FALSE
Pv2.1_01_43005687_A/T,Chr01,43005687,0.0271147323875169,4807,FALSE
Pv2.1_08_59036101_C/T,Chr08,59036101,0.0271124878956388,4808,FALSE
Pv2.1_10_42638180_G/GGA,Chr10,42638180,0.02710738839022,4809,FALSE
Pv2.1_04_46477894_C/T,Chr04,46477894,0.0270979760096295,4810,FALSE
Pv2.1_08_60714843_C/T,Chr08,60714843,0.0270934082846979,4811,FALSE
Pv2.1_04_1903244_A/G,Chr04,1903244,0.0270922872015045,4812,FALSE
Pv2.1_09_37825150_C/G,Chr09,37825150,0.0270880205557331,4813,FALSE
Pv2.1_08_57866522_G/T,Chr08,57866522,0.0270875843650535,4814,FALSE
Pv2.1_08_57866533_G/C,Chr08,57866533,0.0270875843650535,4815,FALSE
Pv2.1_08_57866571_C/T,Chr08,57866571,0.0270875843650535,4816,FALSE
Pv2.1_08_60378774_C/A,Chr08,60378774,0.0270855418108611,4817,FALSE
Pv2.1_08_60378814_C/T,Chr08,60378814,0.0270855418108611,4818,FALSE
Pv2.1_06_23708996_G/A,Chr06,23708996,0.0270780057835678,4819,FALSE
Pv2.1_11_32102925_A/C,Chr11,32102925,0.0270676898015942,4820,FALSE
Pv2.1_09_11255309_T/G,Chr09,11255309,0.0270676179715421,4821,FALSE
Pv2.1_06_2594536_T/C,Chr06,2594536,0.027064440278878,4822,FALSE
Pv2.1_08_62952692_C/T,Chr08,62952692,0.0270635063575586,4823,FALSE
Pv2.1_03_994813_T/G,Chr03,994813,0.0270588035952355,4824,FALSE
Pv2.1_08_62201528_A/T,Chr08,62201528,0.0270555674119168,4825,FALSE
Pv2.1_05_39352097_G/C,Chr05,39352097,0.0270550396140092,4826,FALSE
Pv2.1_07_30170545_T/G,Chr07,30170545,0.0270540419076242,4827,FALSE
Pv2.1_07_30170546_A/T,Chr07,30170546,0.0270540419076242,4828,FALSE
Pv2.1_08_3106373_C/A,Chr08,3106373,0.0270432585222573,4829,FALSE
Pv2.1_02_27669970_G/T,Chr02,27669970,0.0270402172553901,4830,FALSE
Pv2.1_05_39574767_T/G,Chr05,39574767,0.0270379347595018,4831,FALSE
Pv2.1_01_5342090_C/T,Chr01,5342090,0.0270332072299961,4832,FALSE
Pv2.1_09_36892908_C/A,Chr09,36892908,0.0270302667943652,4833,FALSE
Pv2.1_08_62191492_A/G,Chr08,62191492,0.0270299048835119,4834,FALSE
Pv2.1_08_61901101_A/ATT,Chr08,61901101,0.0270281281296461,4835,FALSE
Pv2.1_11_50437173_C/T,Chr11,50437173,0.0270234087549248,4836,FALSE
Pv2.1_07_32695109_T/C,Chr07,32695109,0.0270227560099348,4837,FALSE
Pv2.1_08_38281416_A/G,Chr08,38281416,0.0270193373420975,4838,FALSE
Pv2.1_10_446769_C/T,Chr10,446769,0.027010276455389,4839,FALSE
Pv2.1_10_446778_A/G,Chr10,446778,0.027010276455389,4840,FALSE
Pv2.1_08_62936080_C/G,Chr08,62936080,0.0270092343911283,4841,FALSE
Pv2.1_02_35455260_G/T,Chr02,35455260,0.0270077806213713,4842,FALSE
Pv2.1_08_5492259_A/G,Chr08,5492259,0.0270039908011124,4843,FALSE
Pv2.1_09_38118856_T/C,Chr09,38118856,0.027003322633901,4844,FALSE
Pv2.1_03_1471140_C/T,Chr03,1471140,0.0269986056616469,4845,FALSE
Pv2.1_11_45756455_T/C,Chr11,45756455,0.0269983043234552,4846,FALSE
Pv2.1_11_49367376_C/T,Chr11,49367376,0.0269909899836143,4847,FALSE
Pv2.1_06_323108_C/T,Chr06,323108,0.0269898386244973,4848,FALSE
Pv2.1_02_38668971_T/A,Chr02,38668971,0.0269835518363721,4849,FALSE
Pv2.1_09_22232269_T/C,Chr09,22232269,0.0269819722118712,4850,FALSE
Pv2.1_04_45532669_C/A,Chr04,45532669,0.0269786475027054,4851,FALSE
Pv2.1_06_24115858_T/G,Chr06,24115858,0.0269782987023115,4852,FALSE
Pv2.1_02_25634092_A/G,Chr02,25634092,0.0269764014783314,4853,FALSE
Pv2.1_03_32241466_G/A,Chr03,32241466,0.0269750494905945,4854,FALSE
Pv2.1_01_13640633_G/A,Chr01,13640633,0.0269749518746174,4855,FALSE
Pv2.1_06_65055_C/T,Chr06,65055,0.0269736300184604,4856,FALSE
Pv2.1_01_51135759_A/G,Chr01,51135759,0.0269723762083034,4857,FALSE
Pv2.1_04_47259074_G/A,Chr04,47259074,0.0269695735626883,4858,FALSE
Pv2.1_03_1302878_C/T,Chr03,1302878,0.0269684835160664,4859,FALSE
Pv2.1_07_22229733_C/T,Chr07,22229733,0.0269673722836918,4860,FALSE
Pv2.1_08_7787645_G/A,Chr08,7787645,0.0269668598035824,4861,FALSE
Pv2.1_03_51140123_T/A,Chr03,51140123,0.0269645027696757,4862,FALSE
Pv2.1_01_51193012_T/A,Chr01,51193012,0.0269623256641416,4863,FALSE
Pv2.1_04_32737_C/T,Chr04,32737,0.0269558197446376,4864,FALSE
Pv2.1_06_26276242_C/A,Chr06,26276242,0.0269554999557213,4865,FALSE
Pv2.1_07_37123453_T/A,Chr07,37123453,0.026954211933953,4866,FALSE
Pv2.1_08_1391701_G/C,Chr08,1391701,0.0269536131418819,4867,FALSE
Pv2.1_08_62139107_C/T,Chr08,62139107,0.0269521512774999,4868,FALSE
Pv2.1_10_435389_G/T,Chr10,435389,0.0269478747723935,4869,FALSE
Pv2.1_07_37473347_C/G,Chr07,37473347,0.0269459308600282,4870,FALSE
Pv2.1_06_21561422_A/C,Chr06,21561422,0.0269450323329212,4871,FALSE
Pv2.1_11_2687191_C/T,Chr11,2687191,0.0269408575648398,4872,FALSE
Pv2.1_08_9861320_C/T,Chr08,9861320,0.0269400092277765,4873,FALSE
Pv2.1_03_1004172_T/A,Chr03,1004172,0.0269393953492019,4874,FALSE
Pv2.1_01_1108831_G/GGATT,Chr01,1108831,0.0269392800689632,4875,FALSE
Pv2.1_02_39969892_A/G,Chr02,39969892,0.0269384744958607,4876,FALSE
Pv2.1_06_12372431_G/A,Chr06,12372431,0.026936642298891,4877,FALSE
Pv2.1_11_50261472_A/G,Chr11,50261472,0.0269364554230327,4878,FALSE
Pv2.1_04_47078767_G/T,Chr04,47078767,0.026929918894107,4879,FALSE
Pv2.1_01_13452159_A/G,Chr01,13452159,0.0269294801554767,4880,FALSE
Pv2.1_01_3764660_A/T,Chr01,3764660,0.0269293336429142,4881,FALSE
Pv2.1_08_60390738_A/G,Chr08,60390738,0.0269272591025747,4882,FALSE
Pv2.1_09_36899380_T/G,Chr09,36899380,0.0269269980220548,4883,FALSE
Pv2.1_07_34891937_A/G,Chr07,34891937,0.026921727968571,4884,FALSE
Pv2.1_08_16271376_T/C,Chr08,16271376,0.0269210874515662,4885,FALSE
Pv2.1_11_49188542_C/T,Chr11,49188542,0.0269168264641304,4886,FALSE
Pv2.1_11_49188543_A/T,Chr11,49188543,0.0269168264641304,4887,FALSE
Pv2.1_07_24189368_G/A,Chr07,24189368,0.0269143946579402,4888,FALSE
Pv2.1_07_24189387_A/G,Chr07,24189387,0.0269143946579402,4889,FALSE
Pv2.1_07_24189396_G/A,Chr07,24189396,0.0269143946579402,4890,FALSE
Pv2.1_07_3313509_T/A,Chr07,3313509,0.0269092082488798,4891,FALSE
Pv2.1_06_13814747_T/C,Chr06,13814747,0.0269065235449757,4892,FALSE
Pv2.1_03_1166130_A/G,Chr03,1166130,0.0269006720162821,4893,FALSE
Pv2.1_08_3922167_T/C,Chr08,3922167,0.0268978410619609,4894,FALSE
Pv2.1_10_37211750_G/A,Chr10,37211750,0.0268962412179898,4895,FALSE
Pv2.1_03_1302852_G/A,Chr03,1302852,0.0268959197638949,4896,FALSE
Pv2.1_09_38119406_G/A,Chr09,38119406,0.0268935905921777,4897,FALSE
Pv2.1_09_36446848_A/T,Chr09,36446848,0.0268931794455924,4898,FALSE
Pv2.1_02_35815664_G/A,Chr02,35815664,0.0268931629042712,4899,FALSE
Pv2.1_09_38120967_A/G,Chr09,38120967,0.0268919051076417,4900,FALSE
Pv2.1_11_2377822_T/A,Chr11,2377822,0.0268908263141094,4901,FALSE
Pv2.1_08_8764243_C/T,Chr08,8764243,0.0268907599403754,4902,FALSE
Pv2.1_02_48727339_G/A,Chr02,48727339,0.0268892473167912,4903,FALSE
Pv2.1_07_38778044_A/G,Chr07,38778044,0.0268873144376802,4904,FALSE
Pv2.1_03_117709_C/A,Chr03,117709,0.026886958913809,4905,FALSE
Pv2.1_04_46886999_T/G,Chr04,46886999,0.0268861748830842,4906,FALSE
Pv2.1_09_37626369_T/A,Chr09,37626369,0.026883617421924,4907,FALSE
Pv2.1_08_17399898_T/G,Chr08,17399898,0.0268807074879138,4908,FALSE
Pv2.1_06_25203621_G/A,Chr06,25203621,0.0268799781253755,4909,FALSE
Pv2.1_02_26909822_A/G,Chr02,26909822,0.0268780078214821,4910,FALSE
Pv2.1_07_37007177_T/A,Chr07,37007177,0.0268772614699024,4911,FALSE
Pv2.1_08_12426780_C/T,Chr08,12426780,0.0268767583600718,4912,FALSE
Pv2.1_11_2956789_CT/C,Chr11,2956789,0.0268764430551611,4913,FALSE
Pv2.1_09_13687641_T/C,Chr09,13687641,0.0268744960002891,4914,FALSE
Pv2.1_01_72790_C/T,Chr01,72790,0.0268733921043078,4915,FALSE
Pv2.1_04_1421295_A/G,Chr04,1421295,0.0268725060626607,4916,FALSE
Pv2.1_08_58129431_G/T,Chr08,58129431,0.026871514487786,4917,FALSE
Pv2.1_08_58129442_T/A,Chr08,58129442,0.026871514487786,4918,FALSE
Pv2.1_08_60982387_G/A,Chr08,60982387,0.026871514487786,4919,FALSE
Pv2.1_08_60982396_C/G,Chr08,60982396,0.026871514487786,4920,FALSE
Pv2.1_10_31356679_C/T,Chr10,31356679,0.0268713006629335,4921,FALSE
Pv2.1_07_4818929_A/C,Chr07,4818929,0.0268709372494009,4922,FALSE
Pv2.1_03_774784_A/C,Chr03,774784,0.0268621316079845,4923,FALSE
Pv2.1_04_46855302_A/AC,Chr04,46855302,0.026862003833422,4924,FALSE
Pv2.1_11_4865335_G/C,Chr11,4865335,0.0268573450722656,4925,FALSE
Pv2.1_11_3750143_T/C,Chr11,3750143,0.0268572952604602,4926,FALSE
Pv2.1_03_112102_T/G,Chr03,112102,0.0268538018835223,4927,FALSE
Pv2.1_08_60362810_A/G,Chr08,60362810,0.0268490142070572,4928,FALSE
Pv2.1_01_825869_A/G,Chr01,825869,0.0268446758796808,4929,FALSE
Pv2.1_08_62961952_G/T,Chr08,62961952,0.0268406507162879,4930,FALSE
Pv2.1_02_43248019_A/C,Chr02,43248019,0.0268383113638002,4931,FALSE
Pv2.1_01_2283892_G/A,Chr01,2283892,0.0268377870893999,4932,FALSE
Pv2.1_06_26566515_T/A,Chr06,26566515,0.0268334198469815,4933,FALSE
Pv2.1_01_45464169_T/C,Chr01,45464169,0.0268331901523209,4934,FALSE
Pv2.1_07_36203151_T/G,Chr07,36203151,0.0268280259350053,4935,FALSE
Pv2.1_03_40736319_T/C,Chr03,40736319,0.0268272308254507,4936,FALSE
Pv2.1_07_9356117_G/A,Chr07,9356117,0.0268271404221041,4937,FALSE
Pv2.1_11_53298456_T/G,Chr11,53298456,0.0268258391158676,4938,FALSE
Pv2.1_06_28035016_A/G,Chr06,28035016,0.0268253369311955,4939,FALSE
Pv2.1_06_25276428_T/G,Chr06,25276428,0.0268236349619664,4940,FALSE
Pv2.1_11_50397646_T/A,Chr11,50397646,0.0268231164142279,4941,FALSE
Pv2.1_06_19323853_C/G,Chr06,19323853,0.026820801697502,4942,FALSE
Pv2.1_11_49367368_T/C,Chr11,49367368,0.0268140441065898,4943,FALSE
Pv2.1_01_826203_C/G,Chr01,826203,0.026811428399939,4944,FALSE
Pv2.1_08_62689493_C/T,Chr08,62689493,0.0268097112757117,4945,FALSE
Pv2.1_02_24160487_C/T,Chr02,24160487,0.0268072498522893,4946,FALSE
Pv2.1_04_1576761_T/C,Chr04,1576761,0.0268072225906462,4947,FALSE
Pv2.1_08_269348_T/TC,Chr08,269348,0.026806059020176,4948,FALSE
Pv2.1_08_62582223_G/T,Chr08,62582223,0.0268009106915934,4949,FALSE
Pv2.1_06_24989398_G/T,Chr06,24989398,0.0268009073178601,4950,FALSE
Pv2.1_08_6809184_C/A,Chr08,6809184,0.026800896977496,4951,FALSE
Pv2.1_06_21206826_A/T,Chr06,21206826,0.0267935749106338,4952,FALSE
Pv2.1_07_32600716_C/T,Chr07,32600716,0.026789583426523,4953,FALSE
Pv2.1_09_35990288_C/A,Chr09,35990288,0.0267873755376229,4954,FALSE
Pv2.1_03_30437140_T/A,Chr03,30437140,0.026787054816658,4955,FALSE
Pv2.1_04_47050584_ATT/A,Chr04,47050584,0.0267870072786796,4956,FALSE
Pv2.1_04_47050587_T/C,Chr04,47050587,0.0267870072786796,4957,FALSE
Pv2.1_11_4616391_T/C,Chr11,4616391,0.0267773843234127,4958,FALSE
Pv2.1_11_49286547_T/G,Chr11,49286547,0.0267767071056442,4959,FALSE
Pv2.1_05_39339045_A/T,Chr05,39339045,0.0267760067102953,4960,FALSE
Pv2.1_08_12991653_T/C,Chr08,12991653,0.0267756786362283,4961,FALSE
Pv2.1_04_3202606_T/C,Chr04,3202606,0.0267691128669432,4962,FALSE
Pv2.1_08_9057017_T/G,Chr08,9057017,0.0267641744449763,4963,FALSE
Pv2.1_03_50443519_G/GTA,Chr03,50443519,0.0267622331551847,4964,FALSE
Pv2.1_10_42138751_A/C,Chr10,42138751,0.0267598940204712,4965,FALSE
Pv2.1_08_62327853_G/T,Chr08,62327853,0.0267597112952642,4966,FALSE
Pv2.1_06_18934450_T/C,Chr06,18934450,0.0267587241281371,4967,FALSE
Pv2.1_06_15606132_G/A,Chr06,15606132,0.0267541202346218,4968,FALSE
Pv2.1_09_38053892_CA/C,Chr09,38053892,0.0267490386864284,4969,FALSE
Pv2.1_08_7027234_T/C,Chr08,7027234,0.0267487677649996,4970,FALSE
Pv2.1_03_39369984_C/A,Chr03,39369984,0.0267484681169115,4971,FALSE
Pv2.1_08_7713787_A/G,Chr08,7713787,0.0267467619415922,4972,FALSE
Pv2.1_09_36619678_A/T,Chr09,36619678,0.0267434510774298,4973,FALSE
Pv2.1_09_36526432_T/C,Chr09,36526432,0.0267410851784642,4974,FALSE
Pv2.1_02_12411602_G/A,Chr02,12411602,0.0267389019534869,4975,FALSE
Pv2.1_02_7762497_A/T,Chr02,7762497,0.0267354437182896,4976,FALSE
Pv2.1_10_42270382_T/C,Chr10,42270382,0.0267343107131133,4977,FALSE
Pv2.1_08_53236239_T/A,Chr08,53236239,0.0267342942007836,4978,FALSE
Pv2.1_05_40404351_C/G,Chr05,40404351,0.0267315852025645,4979,FALSE
Pv2.1_09_36683647_G/C,Chr09,36683647,0.026730134079243,4980,FALSE
Pv2.1_08_61838052_A/G,Chr08,61838052,0.026727702664382,4981,FALSE
Pv2.1_04_432867_C/G,Chr04,432867,0.0267273754281372,4982,FALSE
Pv2.1_08_58337347_A/C,Chr08,58337347,0.026725514981802,4983,FALSE
Pv2.1_08_58337353_C/A,Chr08,58337353,0.026725514981802,4984,FALSE
Pv2.1_03_53285394_T/C,Chr03,53285394,0.0267244918091563,4985,FALSE
Pv2.1_02_1630087_A/C,Chr02,1630087,0.0267237371220626,4986,FALSE
Pv2.1_08_12046226_G/A,Chr08,12046226,0.0267232731044209,4987,FALSE
Pv2.1_02_3058666_G/GA,Chr02,3058666,0.026721178332612,4988,FALSE
Pv2.1_03_1069395_C/T,Chr03,1069395,0.0267201740976217,4989,FALSE
Pv2.1_07_8184519_T/A,Chr07,8184519,0.0267195797204569,4990,FALSE
Pv2.1_07_8184531_G/T,Chr07,8184531,0.0267195797204569,4991,FALSE
Pv2.1_02_25525614_C/T,Chr02,25525614,0.0267192536507235,4992,FALSE
Pv2.1_06_27995415_T/C,Chr06,27995415,0.0267088725295834,4993,FALSE
Pv2.1_06_27995416_G/A,Chr06,27995416,0.0267088725295834,4994,FALSE
Pv2.1_09_22410439_C/T,Chr09,22410439,0.0267072879619663,4995,FALSE
Pv2.1_11_670771_A/G,Chr11,670771,0.0267066466901413,4996,FALSE
Pv2.1_07_7640941_G/C,Chr07,7640941,0.0266998969183683,4997,FALSE
Pv2.1_09_36709161_C/T,Chr09,36709161,0.0266977732165334,4998,FALSE
Pv2.1_09_37800058_C/T,Chr09,37800058,0.0266967405957259,4999,FALSE
Pv2.1_11_1755972_G/A,Chr11,1755972,0.0266946687694167,5000,FALSE
Pv2.1_10_8925013_T/A,Chr10,8925013,0.0266931178228562,5001,FALSE
Pv2.1_03_51849370_C/T,Chr03,51849370,0.0266896259275411,5002,FALSE
Pv2.1_08_60340297_A/G,Chr08,60340297,0.0266885208060583,5003,FALSE
Pv2.1_11_49386118_G/T,Chr11,49386118,0.0266880812335524,5004,FALSE
Pv2.1_02_27727002_C/T,Chr02,27727002,0.0266853218374554,5005,FALSE
Pv2.1_08_1709783_CAT/C,Chr08,1709783,0.026684732885772,5006,FALSE
Pv2.1_02_3423974_T/C,Chr02,3423974,0.0266739980734054,5007,FALSE
Pv2.1_11_1787379_C/G,Chr11,1787379,0.0266735888915255,5008,FALSE
Pv2.1_08_9096246_G/A,Chr08,9096246,0.0266733028172101,5009,FALSE
Pv2.1_07_36767959_G/A,Chr07,36767959,0.0266697598051278,5010,FALSE
Pv2.1_04_26569796_C/T,Chr04,26569796,0.0266682066994206,5011,FALSE
Pv2.1_08_62787568_G/C,Chr08,62787568,0.0266670593321767,5012,FALSE
Pv2.1_09_36881697_A/T,Chr09,36881697,0.0266664770710912,5013,FALSE
Pv2.1_06_22428274_G/T,Chr06,22428274,0.0266635167070373,5014,FALSE
Pv2.1_06_22428279_G/A,Chr06,22428279,0.0266635167070373,5015,FALSE
Pv2.1_03_2989321_T/A,Chr03,2989321,0.026652943699272,5016,FALSE
Pv2.1_08_7377249_C/T,Chr08,7377249,0.0266493482658468,5017,FALSE
Pv2.1_05_38323883_A/C,Chr05,38323883,0.0266490978337952,5018,FALSE
Pv2.1_03_53306654_C/G,Chr03,53306654,0.0266482853608183,5019,FALSE
Pv2.1_04_5665780_G/T,Chr04,5665780,0.0266481808117667,5020,FALSE
Pv2.1_07_34822098_G/T,Chr07,34822098,0.0266446906782214,5021,FALSE
Pv2.1_02_41768915_C/A,Chr02,41768915,0.0266446141085277,5022,FALSE
Pv2.1_07_6601675_G/A,Chr07,6601675,0.0266289444366108,5023,FALSE
Pv2.1_08_59990695_G/A,Chr08,59990695,0.0266287918668784,5024,FALSE
Pv2.1_06_24706873_G/A,Chr06,24706873,0.0266266136474425,5025,FALSE
Pv2.1_08_61871039_C/T,Chr08,61871039,0.0266251647341234,5026,FALSE
Pv2.1_09_390941_G/T,Chr09,390941,0.026622534563165,5027,FALSE
Pv2.1_03_36395482_A/G,Chr03,36395482,0.026622520289302,5028,FALSE
Pv2.1_03_36395510_C/T,Chr03,36395510,0.026622520289302,5029,FALSE
Pv2.1_04_432739_T/A,Chr04,432739,0.0266222031913586,5030,FALSE
Pv2.1_05_2804498_A/G,Chr05,2804498,0.0266217979922674,5031,FALSE
Pv2.1_06_29286138_GGTTG/CTC,Chr06,29286138,0.0266211282325601,5032,FALSE
Pv2.1_08_32480921_C/G,Chr08,32480921,0.0266202550676797,5033,FALSE
Pv2.1_06_18778836_T/A,Chr06,18778836,0.0266192749829202,5034,FALSE
Pv2.1_06_17601626_T/C,Chr06,17601626,0.0266191408524521,5035,FALSE
Pv2.1_03_7263043_C/A,Chr03,7263043,0.026614181623871,5036,FALSE
Pv2.1_08_7162048_T/C,Chr08,7162048,0.0266116936505667,5037,FALSE
Pv2.1_02_26876871_C/T,Chr02,26876871,0.0266116035808914,5038,FALSE
Pv2.1_08_57823536_C/CA,Chr08,57823536,0.0266099966350986,5039,FALSE
Pv2.1_03_2524325_C/T,Chr03,2524325,0.0266093699121459,5040,FALSE
Pv2.1_11_2158557_A/G,Chr11,2158557,0.0266065379755425,5041,FALSE
Pv2.1_08_11596712_G/A,Chr08,11596712,0.0266029000416346,5042,FALSE
Pv2.1_11_51020568_G/A,Chr11,51020568,0.0265971650968955,5043,FALSE
Pv2.1_11_377777_C/G,Chr11,377777,0.026594207810084,5044,FALSE
Pv2.1_11_3778674_G/C,Chr11,3778674,0.0265902902414434,5045,FALSE
Pv2.1_11_3778687_T/G,Chr11,3778687,0.0265902902414434,5046,FALSE
Pv2.1_05_37389413_GGT/G,Chr05,37389413,0.0265870680643188,5047,FALSE
Pv2.1_01_14981879_T/G,Chr01,14981879,0.02658425208329,5048,FALSE
Pv2.1_08_7027070_C/A,Chr08,7027070,0.0265841421146069,5049,FALSE
Pv2.1_08_7027085_A/T,Chr08,7027085,0.0265841421146069,5050,FALSE
Pv2.1_06_29634991_T/C,Chr06,29634991,0.0265825899322985,5051,FALSE
Pv2.1_08_10298814_A/T,Chr08,10298814,0.0265822626701517,5052,FALSE
Pv2.1_03_32236330_C/A,Chr03,32236330,0.0265815478670404,5053,FALSE
Pv2.1_08_53212632_A/T,Chr08,53212632,0.026579780185354,5054,FALSE
Pv2.1_07_4201514_AT/A,Chr07,4201514,0.0265778888803254,5055,FALSE
Pv2.1_08_62490738_C/G,Chr08,62490738,0.0265776750507967,5056,FALSE
Pv2.1_09_38032792_T/C,Chr09,38032792,0.0265772031054303,5057,FALSE
Pv2.1_09_36967199_G/C,Chr09,36967199,0.0265767445734015,5058,FALSE
Pv2.1_09_36940983_C/T,Chr09,36940983,0.0265749610371944,5059,FALSE
Pv2.1_09_36905297_A/T,Chr09,36905297,0.0265697364758792,5060,FALSE
Pv2.1_03_990270_A/T,Chr03,990270,0.0265683894516675,5061,FALSE
Pv2.1_11_2715045_C/T,Chr11,2715045,0.0265645707030635,5062,FALSE
Pv2.1_02_44880283_T/G,Chr02,44880283,0.0265644124841353,5063,FALSE
Pv2.1_08_59494428_C/T,Chr08,59494428,0.0265623631803686,5064,FALSE
Pv2.1_09_36881624_C/A,Chr09,36881624,0.0265620525609851,5065,FALSE
Pv2.1_09_36881633_C/T,Chr09,36881633,0.0265620525609851,5066,FALSE
Pv2.1_09_36881642_A/G,Chr09,36881642,0.0265620525609851,5067,FALSE
Pv2.1_05_4712346_T/C,Chr05,4712346,0.0265607612815719,5068,FALSE
Pv2.1_09_37739833_C/T,Chr09,37739833,0.0265571602352264,5069,FALSE
Pv2.1_02_44970458_T/A,Chr02,44970458,0.0265537574615027,5070,FALSE
Pv2.1_02_44970486_T/C,Chr02,44970486,0.0265537574615027,5071,FALSE
Pv2.1_02_49610055_A/G,Chr02,49610055,0.0265525900951502,5072,FALSE
Pv2.1_10_42732517_C/T,Chr10,42732517,0.0265453304126853,5073,FALSE
Pv2.1_10_42753125_A/G,Chr10,42753125,0.026543000502802,5074,FALSE
Pv2.1_01_16655932_A/T,Chr01,16655932,0.0265422886382605,5075,FALSE
Pv2.1_11_49367400_G/A,Chr11,49367400,0.0265415458735232,5076,FALSE
Pv2.1_11_49367403_G/A,Chr11,49367403,0.0265415458735232,5077,FALSE
Pv2.1_03_979882_T/G,Chr03,979882,0.0265394187071086,5078,FALSE
Pv2.1_01_2808818_TC/T,Chr01,2808818,0.0265389614333835,5079,FALSE
Pv2.1_08_7163567_C/A,Chr08,7163567,0.0265353562641746,5080,FALSE
Pv2.1_03_53314225_TTTTG/T,Chr03,53314225,0.0265333089803006,5081,FALSE
Pv2.1_03_53314229_G/T,Chr03,53314229,0.0265333089803006,5082,FALSE
Pv2.1_08_1572305_T/C,Chr08,1572305,0.0265247412277034,5083,FALSE
Pv2.1_01_703175_G/T,Chr01,703175,0.0265212083297408,5084,FALSE
Pv2.1_03_39503278_G/GT,Chr03,39503278,0.0265197898696941,5085,FALSE
Pv2.1_08_62972889_A/AT,Chr08,62972889,0.02651680632452,5086,FALSE
Pv2.1_09_13689167_C/T,Chr09,13689167,0.0265115188245946,5087,FALSE
Pv2.1_02_1584321_A/T,Chr02,1584321,0.0265101847395255,5088,FALSE
Pv2.1_02_1584329_T/A,Chr02,1584329,0.0265101847395255,5089,FALSE
Pv2.1_08_13283482_G/A,Chr08,13283482,0.0265060410763551,5090,FALSE
Pv2.1_09_36698316_A/G,Chr09,36698316,0.0265057808944489,5091,FALSE
Pv2.1_07_38207868_G/A,Chr07,38207868,0.0265049102615902,5092,FALSE
Pv2.1_08_484792_G/T,Chr08,484792,0.0265047990712626,5093,FALSE
Pv2.1_08_484794_A/G,Chr08,484794,0.0265047990712626,5094,FALSE
Pv2.1_07_23965354_C/A,Chr07,23965354,0.0265036844180382,5095,FALSE
Pv2.1_08_61826003_G/C,Chr08,61826003,0.0265035837972953,5096,FALSE
Pv2.1_11_2393136_C/G,Chr11,2393136,0.0264971729456258,5097,FALSE
Pv2.1_08_62525883_A/G,Chr08,62525883,0.026496662433336,5098,FALSE
Pv2.1_08_62525899_T/C,Chr08,62525899,0.026496662433336,5099,FALSE
Pv2.1_02_35730642_A/C,Chr02,35730642,0.0264964105527854,5100,FALSE
Pv2.1_03_45773966_T/A,Chr03,45773966,0.0264955574420473,5101,FALSE
Pv2.1_09_38120994_C/G,Chr09,38120994,0.0264952738611077,5102,FALSE
Pv2.1_07_5691355_C/T,Chr07,5691355,0.02649354167953,5103,FALSE
Pv2.1_09_20907648_C/T,Chr09,20907648,0.026492048782492,5104,FALSE
Pv2.1_08_62003605_G/A,Chr08,62003605,0.0264835588930685,5105,FALSE
Pv2.1_11_30573337_G/C,Chr11,30573337,0.0264829070007395,5106,FALSE
Pv2.1_08_59973175_C/T,Chr08,59973175,0.0264804566097645,5107,FALSE
Pv2.1_07_4078616_T/C,Chr07,4078616,0.0264759085971487,5108,FALSE
Pv2.1_08_62796027_C/G,Chr08,62796027,0.0264743148557209,5109,FALSE
Pv2.1_11_49492588_T/C,Chr11,49492588,0.0264740720972596,5110,FALSE
Pv2.1_07_206133_T/C,Chr07,206133,0.0264711633812853,5111,FALSE
Pv2.1_11_50710133_C/A,Chr11,50710133,0.0264709133567935,5112,FALSE
Pv2.1_07_8776175_T/A,Chr07,8776175,0.0264708989950235,5113,FALSE
Pv2.1_08_62375804_A/G,Chr08,62375804,0.0264706864298989,5114,FALSE
Pv2.1_06_24233545_G/A,Chr06,24233545,0.0264696589098179,5115,FALSE
Pv2.1_08_62950744_G/T,Chr08,62950744,0.0264654253046444,5116,FALSE
Pv2.1_10_42515259_T/A,Chr10,42515259,0.0264648880791514,5117,FALSE
Pv2.1_09_36794464_C/T,Chr09,36794464,0.0264636236552085,5118,FALSE
Pv2.1_09_36794466_T/C,Chr09,36794466,0.0264636236552085,5119,FALSE
Pv2.1_03_37170461_T/G,Chr03,37170461,0.026461367838317,5120,FALSE
Pv2.1_02_25525850_C/A,Chr02,25525850,0.026448215695972,5121,FALSE
Pv2.1_08_49964_C/T,Chr08,49964,0.0264474691701473,5122,FALSE
Pv2.1_08_62939552_C/T,Chr08,62939552,0.0264458289867058,5123,FALSE
Pv2.1_08_59036120_T/C,Chr08,59036120,0.0264456326638758,5124,FALSE
Pv2.1_06_19661268_A/TT,Chr06,19661268,0.026442584372361,5125,FALSE
Pv2.1_09_12943174_C/T,Chr09,12943174,0.026439209094177,5126,FALSE
Pv2.1_10_29766207_A/G,Chr10,29766207,0.0264389569661025,5127,FALSE
Pv2.1_10_29766207_A/T,Chr10,29766207,0.0264389569661025,5128,FALSE
Pv2.1_11_1248789_G/GTTA,Chr11,1248789,0.0264376746133843,5129,FALSE
Pv2.1_07_28532637_T/C,Chr07,28532637,0.0264326126576533,5130,FALSE
Pv2.1_04_4560463_G/A,Chr04,4560463,0.0264308662984361,5131,FALSE
Pv2.1_03_52912945_C/T,Chr03,52912945,0.0264298124192433,5132,FALSE
Pv2.1_11_51020774_G/A,Chr11,51020774,0.0264280286657046,5133,FALSE
Pv2.1_08_60075268_C/A,Chr08,60075268,0.0264247957958474,5134,FALSE
Pv2.1_10_5819323_T/C,Chr10,5819323,0.0264246889677269,5135,FALSE
Pv2.1_08_55799842_C/A,Chr08,55799842,0.0264231644692607,5136,FALSE
Pv2.1_08_61639172_A/T,Chr08,61639172,0.0264224441928613,5137,FALSE
Pv2.1_08_16249345_T/C,Chr08,16249345,0.0264212583027508,5138,FALSE
Pv2.1_04_45292616_G/A,Chr04,45292616,0.0264174892953437,5139,FALSE
Pv2.1_08_58962971_C/T,Chr08,58962971,0.0264171425817588,5140,FALSE
Pv2.1_07_37007191_A/C,Chr07,37007191,0.026413712927134,5141,FALSE
Pv2.1_07_37122774_C/T,Chr07,37122774,0.0264130812180219,5142,FALSE
Pv2.1_06_24148475_T/A,Chr06,24148475,0.02641299348686,5143,FALSE
Pv2.1_07_35982069_G/T,Chr07,35982069,0.02640788913408,5144,FALSE
Pv2.1_04_45177610_C/T,Chr04,45177610,0.026407057085128,5145,FALSE
Pv2.1_10_5915873_A/C,Chr10,5915873,0.0264058135167673,5146,FALSE
Pv2.1_06_26551903_A/G,Chr06,26551903,0.0264042235481492,5147,FALSE
Pv2.1_08_10772736_G/A,Chr08,10772736,0.0264025256289044,5148,FALSE
Pv2.1_09_7581285_C/T,Chr09,7581285,0.0264012820560979,5149,FALSE
Pv2.1_06_24975299_G/A,Chr06,24975299,0.0264009776504688,5150,FALSE
Pv2.1_03_51315909_G/A,Chr03,51315909,0.0263977789509942,5151,FALSE
Pv2.1_07_39361133_T/G,Chr07,39361133,0.0263976089905058,5152,FALSE
Pv2.1_07_39361133_T/A,Chr07,39361133,0.0263976089905054,5153,FALSE
Pv2.1_10_40998004_T/A,Chr10,40998004,0.0263958796579806,5154,FALSE
Pv2.1_08_1154068_A/C,Chr08,1154068,0.0263949059961472,5155,FALSE
Pv2.1_08_38281430_C/A,Chr08,38281430,0.0263931469873322,5156,FALSE
Pv2.1_11_1411716_T/A,Chr11,1411716,0.0263854050614483,5157,FALSE
Pv2.1_03_7263055_T/C,Chr03,7263055,0.0263847494560849,5158,FALSE
Pv2.1_01_51305521_GC/G,Chr01,51305521,0.026383079268764,5159,FALSE
Pv2.1_11_25671072_A/C,Chr11,25671072,0.026382574097493,5160,FALSE
Pv2.1_09_38152420_G/A,Chr09,38152420,0.0263806253627883,5161,FALSE
Pv2.1_09_38152444_C/A,Chr09,38152444,0.0263806253627883,5162,FALSE
Pv2.1_11_497809_C/T,Chr11,497809,0.0263793221335318,5163,FALSE
Pv2.1_03_12413093_C/T,Chr03,12413093,0.0263791009393093,5164,FALSE
Pv2.1_08_7334018_A/T,Chr08,7334018,0.026373739279614,5165,FALSE
Pv2.1_08_62939610_G/A,Chr08,62939610,0.0263706970098592,5166,FALSE
Pv2.1_05_2410217_G/A,Chr05,2410217,0.0263705129971497,5167,FALSE
Pv2.1_10_33259401_C/A,Chr10,33259401,0.0263624132064075,5168,FALSE
Pv2.1_03_979845_G/C,Chr03,979845,0.0263619225808118,5169,FALSE
Pv2.1_08_60332704_G/T,Chr08,60332704,0.0263577743770567,5170,FALSE
Pv2.1_07_38402603_C/T,Chr07,38402603,0.0263573866692877,5171,FALSE
Pv2.1_08_62529301_T/C,Chr08,62529301,0.0263536540313827,5172,FALSE
Pv2.1_07_9330572_TC/T,Chr07,9330572,0.0263514705710026,5173,FALSE
Pv2.1_08_55799931_A/T,Chr08,55799931,0.0263462448518936,5174,FALSE
Pv2.1_08_62863783_T/C,Chr08,62863783,0.0263446134872947,5175,FALSE
Pv2.1_08_62863789_G/A,Chr08,62863789,0.0263446134872947,5176,FALSE
Pv2.1_03_6718893_T/A,Chr03,6718893,0.0263443957105789,5177,FALSE
Pv2.1_09_36881583_C/T,Chr09,36881583,0.0263429485428746,5178,FALSE
Pv2.1_08_60348218_G/A,Chr08,60348218,0.0263429195128193,5179,FALSE
Pv2.1_08_62139973_G/A,Chr08,62139973,0.0263424781781509,5180,FALSE
Pv2.1_06_14107036_C/G,Chr06,14107036,0.0263417026357438,5181,FALSE
Pv2.1_07_4857083_C/A,Chr07,4857083,0.0263403829342885,5182,FALSE
Pv2.1_08_62525852_G/A,Chr08,62525852,0.0263287022707099,5183,FALSE
Pv2.1_11_50576274_A/T,Chr11,50576274,0.0263250015023933,5184,FALSE
Pv2.1_04_46294501_C/A,Chr04,46294501,0.0263240437787702,5185,FALSE
Pv2.1_04_46719047_A/T,Chr04,46719047,0.0263233055861356,5186,FALSE
Pv2.1_08_58386323_C/T,Chr08,58386323,0.0263231414479441,5187,FALSE
Pv2.1_09_36710456_A/G,Chr09,36710456,0.0263134732377441,5188,FALSE
Pv2.1_09_36794479_A/G,Chr09,36794479,0.0263126627847257,5189,FALSE
Pv2.1_09_37750245_G/T,Chr09,37750245,0.026310054561058,5190,FALSE
Pv2.1_08_59143079_G/A,Chr08,59143079,0.0263062149747517,5191,FALSE
Pv2.1_08_59143090_T/A,Chr08,59143090,0.0263062149747517,5192,FALSE
Pv2.1_08_59143100_A/C,Chr08,59143100,0.0263062149747517,5193,FALSE
Pv2.1_01_2547918_C/T,Chr01,2547918,0.0263019890620431,5194,FALSE
Pv2.1_11_3135894_A/G,Chr11,3135894,0.0263005302456314,5195,FALSE
Pv2.1_02_44880444_G/T,Chr02,44880444,0.0262967742393658,5196,FALSE
Pv2.1_08_62898065_C/G,Chr08,62898065,0.0262955761998929,5197,FALSE
Pv2.1_09_37076994_G/T,Chr09,37076994,0.0262867151556505,5198,FALSE
Pv2.1_11_45315324_T/C,Chr11,45315324,0.0262861863745156,5199,FALSE
Pv2.1_04_47258974_A/T,Chr04,47258974,0.0262841522904784,5200,FALSE
Pv2.1_11_2956906_C/T,Chr11,2956906,0.0262835978001035,5201,FALSE
Pv2.1_08_62863945_A/G,Chr08,62863945,0.026283463248443,5202,FALSE
Pv2.1_08_62952477_CT/C,Chr08,62952477,0.0262834565614765,5203,FALSE
Pv2.1_01_51209342_A/T,Chr01,51209342,0.0262820796972121,5204,FALSE
Pv2.1_08_52656357_CT/C,Chr08,52656357,0.0262815980239171,5205,FALSE
Pv2.1_09_22408210_C/T,Chr09,22408210,0.0262801956218217,5206,FALSE
Pv2.1_09_29132464_G/A,Chr09,29132464,0.0262713401024937,5207,FALSE
Pv2.1_05_2710692_G/T,Chr05,2710692,0.0262709331721478,5208,FALSE
Pv2.1_06_19974686_A/G,Chr06,19974686,0.0262674910460894,5209,FALSE
Pv2.1_03_33513777_G/A,Chr03,33513777,0.0262660115938793,5210,FALSE
Pv2.1_09_35933479_T/G,Chr09,35933479,0.0262627266290529,5211,FALSE
Pv2.1_10_43597348_G/A,Chr10,43597348,0.0262505903586603,5212,FALSE
Pv2.1_11_1519411_G/C,Chr11,1519411,0.0262492890041202,5213,FALSE
Pv2.1_08_62851838_A/T,Chr08,62851838,0.0262458614078147,5214,FALSE
Pv2.1_08_62851854_C/T,Chr08,62851854,0.0262458614078147,5215,FALSE
Pv2.1_08_53645608_A/G,Chr08,53645608,0.0262455286491026,5216,FALSE
Pv2.1_05_40601373_G/A,Chr05,40601373,0.0262443910871091,5217,FALSE
Pv2.1_06_24164830_T/C,Chr06,24164830,0.0262439164574042,5218,FALSE
Pv2.1_08_54004960_C/T,Chr08,54004960,0.0262411614639912,5219,FALSE
Pv2.1_05_38323903_G/C,Chr05,38323903,0.026236103025135,5220,FALSE
Pv2.1_07_33523382_C/G,Chr07,33523382,0.02623548605027,5221,FALSE
Pv2.1_08_62327672_C/A,Chr08,62327672,0.0262335136948035,5222,FALSE
Pv2.1_08_62328085_A/C,Chr08,62328085,0.0262335136948035,5223,FALSE
Pv2.1_06_26023338_GA/G,Chr06,26023338,0.0262320289321618,5224,FALSE
Pv2.1_02_47600677_G/A,Chr02,47600677,0.0262267542450054,5225,FALSE
Pv2.1_02_47600680_C/G,Chr02,47600680,0.026226754245005,5226,FALSE
Pv2.1_02_47704012_ACG/A,Chr02,47704012,0.0262264520491886,5227,FALSE
Pv2.1_08_9707481_T/C,Chr08,9707481,0.026222737809368,5228,FALSE
Pv2.1_08_60442708_A/G,Chr08,60442708,0.0262203752346077,5229,FALSE
Pv2.1_08_60329776_T/C,Chr08,60329776,0.0262136969189584,5230,FALSE
Pv2.1_03_33513773_G/GTATCTT,Chr03,33513773,0.0262126640242402,5231,FALSE
Pv2.1_05_298542_C/T,Chr05,298542,0.0262116027141506,5232,FALSE
Pv2.1_08_1589810_C/T,Chr08,1589810,0.026210130300214,5233,FALSE
Pv2.1_11_44318632_T/C,Chr11,44318632,0.0262082314250338,5234,FALSE
Pv2.1_04_41895594_A/T,Chr04,41895594,0.0262061200172457,5235,FALSE
Pv2.1_04_522425_G/A,Chr04,522425,0.0262055244801425,5236,FALSE
Pv2.1_08_1227011_G/A,Chr08,1227011,0.0262039450265581,5237,FALSE
Pv2.1_08_1227007_C/G,Chr08,1227007,0.0262039450265577,5238,FALSE
Pv2.1_08_3258880_G/A,Chr08,3258880,0.0262030195817125,5239,FALSE
Pv2.1_08_3258882_A/C,Chr08,3258882,0.0262030195817125,5240,FALSE
Pv2.1_08_62851692_T/C,Chr08,62851692,0.026202546162156,5241,FALSE
Pv2.1_07_38830495_G/C,Chr07,38830495,0.0261987634590013,5242,FALSE
Pv2.1_11_33507469_G/A,Chr11,33507469,0.0261976193901718,5243,FALSE
Pv2.1_08_1092119_A/T,Chr08,1092119,0.026192977807912,5244,FALSE
Pv2.1_08_62201540_G/C,Chr08,62201540,0.0261924444322164,5245,FALSE
Pv2.1_03_51082_A/C,Chr03,51082,0.0261891119640243,5246,FALSE
Pv2.1_08_62749995_G/A,Chr08,62749995,0.0261866131445236,5247,FALSE
Pv2.1_08_7027098_G/T,Chr08,7027098,0.0261852592128422,5248,FALSE
Pv2.1_06_29506709_G/T,Chr06,29506709,0.0261791173191002,5249,FALSE
Pv2.1_10_41001356_G/A,Chr10,41001356,0.0261767515877436,5250,FALSE
Pv2.1_06_23593680_G/A,Chr06,23593680,0.0261735146615374,5251,FALSE
Pv2.1_06_20409852_A/G,Chr06,20409852,0.0261723329666848,5252,FALSE
Pv2.1_09_35885452_T/A,Chr09,35885452,0.0261721566441047,5253,FALSE
Pv2.1_07_35749454_G/A,Chr07,35749454,0.0261699397899213,5254,FALSE
Pv2.1_08_36119551_T/C,Chr08,36119551,0.0261694622532009,5255,FALSE
Pv2.1_07_168032_A/G,Chr07,168032,0.0261669151505823,5256,FALSE
Pv2.1_09_38119631_C/A,Chr09,38119631,0.026166028589576,5257,FALSE
Pv2.1_06_7000157_A/G,Chr06,7000157,0.0261635378616414,5258,FALSE
Pv2.1_07_180213_T/TA,Chr07,180213,0.026163504692704,5259,FALSE
Pv2.1_06_24148499_T/A,Chr06,24148499,0.0261594846556328,5260,FALSE
Pv2.1_08_62818898_G/A,Chr08,62818898,0.0261593511332339,5261,FALSE
Pv2.1_08_62818909_G/C,Chr08,62818909,0.0261593511332339,5262,FALSE
Pv2.1_02_3166993_G/A,Chr02,3166993,0.0261582477451601,5263,FALSE
Pv2.1_06_24233430_C/A,Chr06,24233430,0.0261484455390004,5264,FALSE
Pv2.1_02_26242519_T/C,Chr02,26242519,0.026147814217325,5265,FALSE
Pv2.1_06_24981259_A/G,Chr06,24981259,0.026141667504914,5266,FALSE
Pv2.1_01_12576963_C/T,Chr01,12576963,0.0261396177172735,5267,FALSE
Pv2.1_03_45786083_A/G,Chr03,45786083,0.0261389610425771,5268,FALSE
Pv2.1_03_48815629_A/T,Chr03,48815629,0.0261387197321534,5269,FALSE
Pv2.1_11_3733694_C/T,Chr11,3733694,0.0261374641205876,5270,FALSE
Pv2.1_03_8030651_T/TTTA,Chr03,8030651,0.026135142216368,5271,FALSE
Pv2.1_08_62490710_C/A,Chr08,62490710,0.0261322910056947,5272,FALSE
Pv2.1_04_3932557_A/T,Chr04,3932557,0.0261273648286888,5273,FALSE
Pv2.1_07_4840696_G/T,Chr07,4840696,0.0261230111710695,5274,FALSE
Pv2.1_03_36825415_GT/A,Chr03,36825415,0.0261222391425848,5275,FALSE
Pv2.1_04_47171748_A/C,Chr04,47171748,0.0261220525582591,5276,FALSE
Pv2.1_09_37546723_C/G,Chr09,37546723,0.0261205984128647,5277,FALSE
Pv2.1_06_16870410_A/T,Chr06,16870410,0.0261159238059712,5278,FALSE
Pv2.1_06_26190038_C/T,Chr06,26190038,0.0261134541586259,5279,FALSE
Pv2.1_08_62750033_G/A,Chr08,62750033,0.0261105803995885,5280,FALSE
Pv2.1_01_14131002_T/C,Chr01,14131002,0.0261079383337162,5281,FALSE
Pv2.1_03_9319129_T/C,Chr03,9319129,0.0261054129197515,5282,FALSE
Pv2.1_11_996703_G/A,Chr11,996703,0.0261000775066727,5283,FALSE
Pv2.1_02_27632163_G/C,Chr02,27632163,0.0260986993286036,5284,FALSE
Pv2.1_03_1519585_A/G,Chr03,1519585,0.0260983267629635,5285,FALSE
Pv2.1_06_15383408_T/A,Chr06,15383408,0.0260969445050154,5286,FALSE
Pv2.1_07_38385796_G/A,Chr07,38385796,0.0260951113633205,5287,FALSE
Pv2.1_08_1034079_G/A,Chr08,1034079,0.0260940808288699,5288,FALSE
Pv2.1_04_5757996_G/T,Chr04,5757996,0.0260940476662115,5289,FALSE
Pv2.1_11_2905767_A/G,Chr11,2905767,0.0260934279091325,5290,FALSE
Pv2.1_08_59494560_C/T,Chr08,59494560,0.0260931514659468,5291,FALSE
Pv2.1_03_1471121_G/A,Chr03,1471121,0.0260923575026055,5292,FALSE
Pv2.1_03_1471121_G/C,Chr03,1471121,0.0260923575026055,5293,FALSE
Pv2.1_03_1471129_A/G,Chr03,1471129,0.0260923575026055,5294,FALSE
Pv2.1_08_59635429_T/A,Chr08,59635429,0.0260909519843162,5295,FALSE
Pv2.1_02_26242552_T/C,Chr02,26242552,0.0260878174671624,5296,FALSE
Pv2.1_02_45696304_C/G,Chr02,45696304,0.0260871669304832,5297,FALSE
Pv2.1_07_3274152_C/T,Chr07,3274152,0.0260871647169574,5298,FALSE
Pv2.1_08_62807838_G/A,Chr08,62807838,0.0260865185224821,5299,FALSE
Pv2.1_01_2525373_A/G,Chr01,2525373,0.0260858225289087,5300,FALSE
Pv2.1_02_2767947_A/G,Chr02,2767947,0.0260855625246839,5301,FALSE
Pv2.1_06_17903330_T/A,Chr06,17903330,0.0260852874705879,5302,FALSE
Pv2.1_04_145855_C/T,Chr04,145855,0.0260845209165352,5303,FALSE
Pv2.1_09_36608781_GT/G,Chr09,36608781,0.026084509754547,5304,FALSE
Pv2.1_10_42732487_G/C,Chr10,42732487,0.0260828967297906,5305,FALSE
Pv2.1_05_38323876_G/C,Chr05,38323876,0.0260766318242505,5306,FALSE
Pv2.1_08_702053_G/A,Chr08,702053,0.0260753482618759,5307,FALSE
Pv2.1_09_7677798_T/C,Chr09,7677798,0.0260735769686953,5308,FALSE
Pv2.1_02_12351065_G/T,Chr02,12351065,0.0260735121939018,5309,FALSE
Pv2.1_07_7517943_AT/A,Chr07,7517943,0.0260723542380208,5310,FALSE
Pv2.1_10_532351_CTGAGCA/C,Chr10,532351,0.0260712762712116,5311,FALSE
Pv2.1_02_26242507_T/C,Chr02,26242507,0.0260703676926211,5312,FALSE
Pv2.1_09_36710398_A/C,Chr09,36710398,0.0260588305743918,5313,FALSE
Pv2.1_09_36649722_A/G,Chr09,36649722,0.0260573341738977,5314,FALSE
Pv2.1_07_38830465_C/A,Chr07,38830465,0.0260566248583505,5315,FALSE
Pv2.1_02_12350913_T/A,Chr02,12350913,0.0260557380449571,5316,FALSE
Pv2.1_06_18752100_C/T,Chr06,18752100,0.0260516339635748,5317,FALSE
Pv2.1_07_33275351_G/T,Chr07,33275351,0.0260502514970811,5318,FALSE
Pv2.1_02_16489863_A/G,Chr02,16489863,0.0260492878127252,5319,FALSE
Pv2.1_06_18437480_G/A,Chr06,18437480,0.0260489195244436,5320,FALSE
Pv2.1_01_83073_C/A,Chr01,83073,0.0260476271915904,5321,FALSE
Pv2.1_08_60648356_G/A,Chr08,60648356,0.0260466110790341,5322,FALSE
Pv2.1_02_12698357_G/A,Chr02,12698357,0.0260442464163111,5323,FALSE
Pv2.1_05_38304349_G/C,Chr05,38304349,0.0260439540190158,5324,FALSE
Pv2.1_02_38513137_TTGC/T,Chr02,38513137,0.0260437909832789,5325,FALSE
Pv2.1_04_1571061_A/G,Chr04,1571061,0.0260435145738644,5326,FALSE
Pv2.1_08_53167034_T/C,Chr08,53167034,0.0260392239823855,5327,FALSE
Pv2.1_04_450776_G/A,Chr04,450776,0.026031986160505,5328,FALSE
Pv2.1_07_33548566_C/T,Chr07,33548566,0.0260304664275304,5329,FALSE
Pv2.1_08_62327720_G/A,Chr08,62327720,0.026030130219791,5330,FALSE
Pv2.1_07_38388280_T/C,Chr07,38388280,0.0260232258870743,5331,FALSE
Pv2.1_03_43551592_T/A,Chr03,43551592,0.0260169019615977,5332,FALSE
Pv2.1_04_28238627_C/A,Chr04,28238627,0.0260162837406375,5333,FALSE
Pv2.1_08_61838065_T/C,Chr08,61838065,0.0260160442592063,5334,FALSE
Pv2.1_08_60362753_T/G,Chr08,60362753,0.0260153258799485,5335,FALSE
Pv2.1_03_31873786_G/T,Chr03,31873786,0.0260140756845693,5336,FALSE
Pv2.1_11_29581313_A/G,Chr11,29581313,0.0260103962487177,5337,FALSE
Pv2.1_04_1317115_G/T,Chr04,1317115,0.0260075215500888,5338,FALSE
Pv2.1_08_62007645_T/C,Chr08,62007645,0.0260074846805871,5339,FALSE
Pv2.1_08_240013_A/T,Chr08,240013,0.0260044530881447,5340,FALSE
Pv2.1_03_9413114_T/A,Chr03,9413114,0.0259949109700366,5341,FALSE
Pv2.1_08_60451117_T/A,Chr08,60451117,0.0259895228167464,5342,FALSE
Pv2.1_04_1317093_T/G,Chr04,1317093,0.0259858668089419,5343,FALSE
Pv2.1_02_27981403_T/C,Chr02,27981403,0.0259849176883926,5344,FALSE
Pv2.1_06_2584531_T/A,Chr06,2584531,0.0259837352700698,5345,FALSE
Pv2.1_01_2270338_G/C,Chr01,2270338,0.0259816689689201,5346,FALSE
Pv2.1_09_28287133_G/T,Chr09,28287133,0.025981600192623,5347,FALSE
Pv2.1_07_37760067_A/G,Chr07,37760067,0.0259813585720292,5348,FALSE
Pv2.1_11_4664980_C/T,Chr11,4664980,0.0259799887564074,5349,FALSE
Pv2.1_02_12667945_A/T,Chr02,12667945,0.0259792860267156,5350,FALSE
Pv2.1_04_46303435_T/A,Chr04,46303435,0.0259792231406748,5351,FALSE
Pv2.1_08_53212635_C/T,Chr08,53212635,0.0259761208067637,5352,FALSE
Pv2.1_07_8771357_AT/A,Chr07,8771357,0.0259721347084163,5353,FALSE
Pv2.1_05_39334671_T/G,Chr05,39334671,0.0259707599380739,5354,FALSE
Pv2.1_08_43968341_G/C,Chr08,43968341,0.0259694548988834,5355,FALSE
Pv2.1_11_35945927_C/A,Chr11,35945927,0.0259677066835602,5356,FALSE
Pv2.1_04_120125_G/T,Chr04,120125,0.0259660813283467,5357,FALSE
Pv2.1_01_49276162_G/A,Chr01,49276162,0.0259641780132265,5358,FALSE
Pv2.1_05_40403040_T/C,Chr05,40403040,0.0259626862051703,5359,FALSE
Pv2.1_04_46719221_C/A,Chr04,46719221,0.0259621524593419,5360,FALSE
Pv2.1_04_46719221_C/G,Chr04,46719221,0.0259621524593419,5361,FALSE
Pv2.1_04_45526976_T/C,Chr04,45526976,0.0259561658282452,5362,FALSE
Pv2.1_08_47669914_G/C,Chr08,47669914,0.0259558477286941,5363,FALSE
Pv2.1_06_24975267_T/G,Chr06,24975267,0.0259547302659007,5364,FALSE
Pv2.1_08_62778927_C/T,Chr08,62778927,0.0259499156239711,5365,FALSE
Pv2.1_02_2430461_C/T,Chr02,2430461,0.0259459713646502,5366,FALSE
Pv2.1_07_6963602_G/A,Chr07,6963602,0.0259420535515718,5367,FALSE
Pv2.1_03_1214564_T/A,Chr03,1214564,0.0259383430490798,5368,FALSE
Pv2.1_02_27981406_A/G,Chr02,27981406,0.025937877844902,5369,FALSE
Pv2.1_02_27981406_A/T,Chr02,27981406,0.025937877844902,5370,FALSE
Pv2.1_08_62939591_T/G,Chr08,62939591,0.025937621663525,5371,FALSE
Pv2.1_03_1165983_T/G,Chr03,1165983,0.0259313323287924,5372,FALSE
Pv2.1_07_4755232_A/G,Chr07,4755232,0.0259296043349728,5373,FALSE
Pv2.1_03_48575546_GTCT/G,Chr03,48575546,0.0259276600388434,5374,FALSE
Pv2.1_08_12846565_A/T,Chr08,12846565,0.0259274804318559,5375,FALSE
Pv2.1_09_38099804_G/A,Chr09,38099804,0.025927372152347,5376,FALSE
Pv2.1_09_38099818_A/T,Chr09,38099818,0.025927372152347,5377,FALSE
Pv2.1_03_34376414_G/GCA,Chr03,34376414,0.0259273374025959,5378,FALSE
Pv2.1_07_36203206_G/A,Chr07,36203206,0.0259234049912309,5379,FALSE
Pv2.1_05_9131151_G/T,Chr05,9131151,0.0259231665675981,5380,FALSE
Pv2.1_08_53392569_C/CT,Chr08,53392569,0.025921042908883,5381,FALSE
Pv2.1_04_2030555_A/G,Chr04,2030555,0.0259201953882928,5382,FALSE
Pv2.1_06_26190013_G/A,Chr06,26190013,0.0259171771329232,5383,FALSE
Pv2.1_07_514891_C/CT,Chr07,514891,0.0259163312355675,5384,FALSE
Pv2.1_10_5856249_T/C,Chr10,5856249,0.0259158585098862,5385,FALSE
Pv2.1_11_50576097_T/A,Chr11,50576097,0.0259149860890369,5386,FALSE
Pv2.1_11_50576116_G/C,Chr11,50576116,0.0259149860890369,5387,FALSE
Pv2.1_02_12455322_C/G,Chr02,12455322,0.0259135457893609,5388,FALSE
Pv2.1_07_87466_GA/G,Chr07,87466,0.0259125746141926,5389,FALSE
Pv2.1_08_20369198_T/C,Chr08,20369198,0.0259119155253118,5390,FALSE
Pv2.1_08_21158637_A/G,Chr08,21158637,0.0259119155253118,5391,FALSE
Pv2.1_04_46882108_A/T,Chr04,46882108,0.0259080109221896,5392,FALSE
Pv2.1_06_21003413_G/A,Chr06,21003413,0.0259049188500473,5393,FALSE
Pv2.1_08_60378831_G/A,Chr08,60378831,0.0259013192655715,5394,FALSE
Pv2.1_08_62929904_A/G,Chr08,62929904,0.0259003999135152,5395,FALSE
Pv2.1_03_32241301_T/A,Chr03,32241301,0.0258967061010789,5396,FALSE
Pv2.1_04_47099345_G/C,Chr04,47099345,0.0258947323218059,5397,FALSE
Pv2.1_07_37087581_A/G,Chr07,37087581,0.0258912488202028,5398,FALSE
Pv2.1_07_34891946_T/C,Chr07,34891946,0.0258864412524957,5399,FALSE
Pv2.1_08_61086398_G/T,Chr08,61086398,0.0258835996801188,5400,FALSE
Pv2.1_06_20459038_C/G,Chr06,20459038,0.0258827158524375,5401,FALSE
Pv2.1_09_37546760_AT/A,Chr09,37546760,0.02588057502382,5402,FALSE
Pv2.1_10_4624743_T/A,Chr10,4624743,0.0258803656777213,5403,FALSE
Pv2.1_06_22373712_C/T,Chr06,22373712,0.0258775098367487,5404,FALSE
Pv2.1_06_21292475_C/G,Chr06,21292475,0.0258734931631763,5405,FALSE
Pv2.1_09_37603730_G/A,Chr09,37603730,0.0258727569291426,5406,FALSE
Pv2.1_03_36404545_A/G,Chr03,36404545,0.0258711811613175,5407,FALSE
Pv2.1_08_8618659_A/T,Chr08,8618659,0.0258612050853286,5408,FALSE
Pv2.1_06_18558751_C/T,Chr06,18558751,0.0258610931575376,5409,FALSE
Pv2.1_04_7281637_C/T,Chr04,7281637,0.0258588903955395,5410,FALSE
Pv2.1_08_62311025_T/A,Chr08,62311025,0.0258551472694877,5411,FALSE
Pv2.1_02_26876846_T/C,Chr02,26876846,0.0258525999634229,5412,FALSE
Pv2.1_08_53136915_T/C,Chr08,53136915,0.0258511537447252,5413,FALSE
Pv2.1_06_26462719_G/T,Chr06,26462719,0.0258462006849749,5414,FALSE
Pv2.1_08_58599983_TA/T,Chr08,58599983,0.0258426908173703,5415,FALSE
Pv2.1_08_58972945_G/T,Chr08,58972945,0.0258380386482258,5416,FALSE
Pv2.1_02_25525713_T/C,Chr02,25525713,0.0258340690480052,5417,FALSE
Pv2.1_11_4718960_C/T,Chr11,4718960,0.0258310026777977,5418,FALSE
Pv2.1_02_41970764_C/T,Chr02,41970764,0.0258296871331787,5419,FALSE
Pv2.1_08_23680954_A/G,Chr08,23680954,0.0258278696242891,5420,FALSE
Pv2.1_04_145449_A/G,Chr04,145449,0.02582720224681,5421,FALSE
Pv2.1_04_7512611_A/G,Chr04,7512611,0.0258209790095378,5422,FALSE
Pv2.1_11_51046800_G/A,Chr11,51046800,0.0258196131326383,5423,FALSE
Pv2.1_03_11458328_G/A,Chr03,11458328,0.0258186197943924,5424,FALSE
Pv2.1_10_33353380_C/G,Chr10,33353380,0.0258118801421223,5425,FALSE
Pv2.1_10_33353384_G/A,Chr10,33353384,0.0258118801421223,5426,FALSE
Pv2.1_03_984162_G/A,Chr03,984162,0.0258107190661274,5427,FALSE
Pv2.1_11_2078455_A/C,Chr11,2078455,0.0258081520778064,5428,FALSE
Pv2.1_02_45719280_C/T,Chr02,45719280,0.0258063745112045,5429,FALSE
Pv2.1_02_45719292_A/G,Chr02,45719292,0.0258063745112045,5430,FALSE
Pv2.1_08_7765371_A/T,Chr08,7765371,0.0258045424028897,5431,FALSE
Pv2.1_07_8994967_T/TGGAA,Chr07,8994967,0.0258035669009793,5432,FALSE
Pv2.1_03_2580158_C/T,Chr03,2580158,0.0258031016403626,5433,FALSE
Pv2.1_08_62767101_A/G,Chr08,62767101,0.0258014518988761,5434,FALSE
Pv2.1_08_60390753_C/T,Chr08,60390753,0.0258008927756026,5435,FALSE
Pv2.1_07_4323931_A/G,Chr07,4323931,0.0257987665075019,5436,FALSE
Pv2.1_02_37395982_A/G,Chr02,37395982,0.0257967070182015,5437,FALSE
Pv2.1_02_2473174_G/A,Chr02,2473174,0.0257956053652699,5438,FALSE
Pv2.1_11_47321504_T/C,Chr11,47321504,0.0257944276784401,5439,FALSE
Pv2.1_05_40841287_C/T,Chr05,40841287,0.0257924649617967,5440,FALSE
Pv2.1_03_51304691_T/C,Chr03,51304691,0.0257922819747445,5441,FALSE
Pv2.1_09_14438623_C/T,Chr09,14438623,0.0257876610921088,5442,FALSE
Pv2.1_08_19533786_G/A,Chr08,19533786,0.0257841740365978,5443,FALSE
Pv2.1_06_24104639_C/T,Chr06,24104639,0.0257798583625264,5444,FALSE
Pv2.1_08_62327681_C/T,Chr08,62327681,0.0257798346216118,5445,FALSE
Pv2.1_08_62280466_G/C,Chr08,62280466,0.0257780596050772,5446,FALSE
Pv2.1_10_44067565_T/G,Chr10,44067565,0.0257754354639901,5447,FALSE
Pv2.1_02_2394009_G/C,Chr02,2394009,0.0257721908564696,5448,FALSE
Pv2.1_04_28238635_C/T,Chr04,28238635,0.02576980849858,5449,FALSE
Pv2.1_07_35055572_G/T,Chr07,35055572,0.0257668799725117,5450,FALSE
Pv2.1_03_45802317_C/T,Chr03,45802317,0.0257629586106436,5451,FALSE
Pv2.1_03_40108650_A/AT,Chr03,40108650,0.0257604084853749,5452,FALSE
Pv2.1_06_23057986_A/G,Chr06,23057986,0.0257597879677367,5453,FALSE
Pv2.1_03_52855458_A/AT,Chr03,52855458,0.0257572192039333,5454,FALSE
Pv2.1_09_37546952_C/CT,Chr09,37546952,0.0257537069828286,5455,FALSE
Pv2.1_11_50774600_A/G,Chr11,50774600,0.0257534142946168,5456,FALSE
Pv2.1_09_29473943_C/G,Chr09,29473943,0.025745743897355,5457,FALSE
Pv2.1_06_25497453_T/G,Chr06,25497453,0.0257451328659046,5458,FALSE
Pv2.1_02_8065313_T/G,Chr02,8065313,0.0257424808082383,5459,FALSE
Pv2.1_08_61341495_C/T,Chr08,61341495,0.0257386988110357,5460,FALSE
Pv2.1_08_60247846_G/A,Chr08,60247846,0.0257371809845024,5461,FALSE
Pv2.1_01_49403848_G/C,Chr01,49403848,0.0257345613841355,5462,FALSE
Pv2.1_08_58743393_A/G,Chr08,58743393,0.0257317988925081,5463,FALSE
Pv2.1_11_1201202_C/G,Chr11,1201202,0.0257286890801227,5464,FALSE
Pv2.1_11_1456183_A/T,Chr11,1456183,0.0257232267161038,5465,FALSE
Pv2.1_04_4625953_G/A,Chr04,4625953,0.0257226408969258,5466,FALSE
Pv2.1_08_60316709_T/C,Chr08,60316709,0.0257198481351613,5467,FALSE
Pv2.1_08_52720258_AGTGCAT/A,Chr08,52720258,0.0257113467081562,5468,FALSE
Pv2.1_08_60224780_G/A,Chr08,60224780,0.0257102811436254,5469,FALSE
Pv2.1_08_59115611_T/C,Chr08,59115611,0.0257090518985081,5470,FALSE
Pv2.1_06_20307468_A/G,Chr06,20307468,0.025706369590166,5471,FALSE
Pv2.1_02_1584465_A/G,Chr02,1584465,0.0256949843519689,5472,FALSE
Pv2.1_08_8156526_AAGT/A,Chr08,8156526,0.0256910972270839,5473,FALSE
Pv2.1_07_7557147_C/A,Chr07,7557147,0.0256877821089487,5474,FALSE
Pv2.1_01_2173980_T/G,Chr01,2173980,0.0256839330759431,5475,FALSE
Pv2.1_08_62490678_T/A,Chr08,62490678,0.0256824799917932,5476,FALSE
Pv2.1_09_36881696_C/T,Chr09,36881696,0.0256809775341362,5477,FALSE
Pv2.1_08_60239339_C/A,Chr08,60239339,0.0256802612018778,5478,FALSE
Pv2.1_07_9346592_G/T,Chr07,9346592,0.025675875273885,5479,FALSE
Pv2.1_03_107304_T/C,Chr03,107304,0.0256754104741006,5480,FALSE
Pv2.1_08_62934634_A/T,Chr08,62934634,0.025670168864389,5481,FALSE
Pv2.1_09_14451667_G/TTTT,Chr09,14451667,0.0256698558944288,5482,FALSE
Pv2.1_06_15383362_C/T,Chr06,15383362,0.0256687433181089,5483,FALSE
Pv2.1_02_47665463_C/T,Chr02,47665463,0.0256682028458273,5484,FALSE
Pv2.1_08_60486027_CA/C,Chr08,60486027,0.0256662473982785,5485,FALSE
Pv2.1_03_1153933_A/AT,Chr03,1153933,0.0256639082914139,5486,FALSE
Pv2.1_08_60150236_T/A,Chr08,60150236,0.0256607730195428,5487,FALSE
Pv2.1_09_38140082_G/A,Chr09,38140082,0.0256602275017084,5488,FALSE
Pv2.1_08_62791258_C/T,Chr08,62791258,0.0256558885878757,5489,FALSE
Pv2.1_08_18668983_C/T,Chr08,18668983,0.0256551208639486,5490,FALSE
Pv2.1_08_946243_C/T,Chr08,946243,0.0256486032270216,5491,FALSE
Pv2.1_05_2411750_T/A,Chr05,2411750,0.0256466563591617,5492,FALSE
Pv2.1_08_62311046_T/TG,Chr08,62311046,0.0256459836830141,5493,FALSE
Pv2.1_06_19125800_C/G,Chr06,19125800,0.0256437352505521,5494,FALSE
Pv2.1_08_60151972_G/A,Chr08,60151972,0.0256433053542624,5495,FALSE
Pv2.1_05_3576043_A/G,Chr05,3576043,0.0256426762576045,5496,FALSE
Pv2.1_08_3711986_G/A,Chr08,3711986,0.0256365681900812,5497,FALSE
Pv2.1_06_24115862_G/A,Chr06,24115862,0.0256352797455501,5498,FALSE
Pv2.1_07_33533023_G/A,Chr07,33533023,0.0256348325855669,5499,FALSE
Pv2.1_08_57239846_G/A,Chr08,57239846,0.0256333587605253,5500,FALSE
Pv2.1_05_26210039_G/A,Chr05,26210039,0.0256331891364154,5501,FALSE
Pv2.1_08_62956860_G/A,Chr08,62956860,0.0256319510572314,5502,FALSE
Pv2.1_04_45673322_G/T,Chr04,45673322,0.0256283222296458,5503,FALSE
Pv2.1_10_432186_A/G,Chr10,432186,0.0256257690478785,5504,FALSE
Pv2.1_05_38290170_T/C,Chr05,38290170,0.0256247443541957,5505,FALSE
Pv2.1_07_33616200_C/A,Chr07,33616200,0.0256208933129432,5506,FALSE
Pv2.1_08_52748890_C/T,Chr08,52748890,0.0256172046823311,5507,FALSE
Pv2.1_10_446767_T/C,Chr10,446767,0.0256117583860331,5508,FALSE
Pv2.1_08_926341_C/A,Chr08,926341,0.0256115422480865,5509,FALSE
Pv2.1_11_2742934_A/C,Chr11,2742934,0.0256070310920364,5510,FALSE
Pv2.1_04_77895_TCA/T,Chr04,77895,0.0256048223538818,5511,FALSE
Pv2.1_10_1971191_T/C,Chr10,1971191,0.02560466883557,5512,FALSE
Pv2.1_10_1971220_A/G,Chr10,1971220,0.02560466883557,5513,FALSE
Pv2.1_04_47176239_C/T,Chr04,47176239,0.0256027597619464,5514,FALSE
Pv2.1_02_35464337_T/C,Chr02,35464337,0.0256020309862142,5515,FALSE
Pv2.1_03_12733817_A/T,Chr03,12733817,0.0256006009937488,5516,FALSE
Pv2.1_03_12733823_T/G,Chr03,12733823,0.0256006009937488,5517,FALSE
Pv2.1_08_8764162_G/A,Chr08,8764162,0.0255963817526004,5518,FALSE
Pv2.1_09_38140267_T/A,Chr09,38140267,0.0255943019265636,5519,FALSE
Pv2.1_11_2158502_T/A,Chr11,2158502,0.0255924531057286,5520,FALSE
Pv2.1_11_2158517_CTT/C,Chr11,2158517,0.0255924531057286,5521,FALSE
Pv2.1_10_2581917_T/C,Chr10,2581917,0.0255924432623145,5522,FALSE
Pv2.1_04_46498040_A/G,Chr04,46498040,0.0255910539037849,5523,FALSE
Pv2.1_07_33423056_T/C,Chr07,33423056,0.0255878882403824,5524,FALSE
Pv2.1_03_7674539_G/T,Chr03,7674539,0.0255861963711728,5525,FALSE
Pv2.1_03_45722495_AT/A,Chr03,45722495,0.0255760125115527,5526,FALSE
Pv2.1_09_36725394_T/C,Chr09,36725394,0.0255730567067602,5527,FALSE
Pv2.1_08_31483394_C/G,Chr08,31483394,0.0255720850172723,5528,FALSE
Pv2.1_06_25974122_C/T,Chr06,25974122,0.0255702640408098,5529,FALSE
Pv2.1_04_46727477_C/G,Chr04,46727477,0.0255693775449881,5530,FALSE
Pv2.1_05_38443847_G/C,Chr05,38443847,0.0255682048413721,5531,FALSE
Pv2.1_04_1588984_T/A,Chr04,1588984,0.0255636870604112,5532,FALSE
Pv2.1_09_36698329_G/T,Chr09,36698329,0.0255631571890005,5533,FALSE
Pv2.1_05_40437465_TAC/T,Chr05,40437465,0.0255624736120197,5534,FALSE
Pv2.1_11_4521912_G/C,Chr11,4521912,0.0255577264566234,5535,FALSE
Pv2.1_03_51297886_C/A,Chr03,51297886,0.0255556022471022,5536,FALSE
Pv2.1_11_51020565_G/C,Chr11,51020565,0.0255492651097238,5537,FALSE
Pv2.1_11_51020565_G/T,Chr11,51020565,0.0255492651097238,5538,FALSE
Pv2.1_11_5173392_T/C,Chr11,5173392,0.025542276431413,5539,FALSE
Pv2.1_11_35499129_A/T,Chr11,35499129,0.0255406389546184,5540,FALSE
Pv2.1_08_62743436_G/GA,Chr08,62743436,0.0255374375559376,5541,FALSE
Pv2.1_07_32658494_T/C,Chr07,32658494,0.0255362720546719,5542,FALSE
Pv2.1_06_18776526_TTCA/T,Chr06,18776526,0.0255357193909478,5543,FALSE
Pv2.1_01_2428883_T/C,Chr01,2428883,0.0255344741758141,5544,FALSE
Pv2.1_05_2410278_G/A,Chr05,2410278,0.025533142395973,5545,FALSE
Pv2.1_09_21892309_T/C,Chr09,21892309,0.0255328692408701,5546,FALSE
Pv2.1_08_62501394_G/A,Chr08,62501394,0.0255320144837778,5547,FALSE
Pv2.1_03_36404533_C/A,Chr03,36404533,0.0255283463546574,5548,FALSE
Pv2.1_03_36404543_C/G,Chr03,36404543,0.0255283463546574,5549,FALSE
Pv2.1_03_36404551_G/T,Chr03,36404551,0.0255283463546574,5550,FALSE
Pv2.1_07_36710880_C/T,Chr07,36710880,0.0255228081505474,5551,FALSE
Pv2.1_09_15627124_C/T,Chr09,15627124,0.0255226250169711,5552,FALSE
Pv2.1_02_48755283_C/T,Chr02,48755283,0.0255176849644903,5553,FALSE
Pv2.1_04_46934138_A/G,Chr04,46934138,0.0255158927128702,5554,FALSE
Pv2.1_01_51209200_G/A,Chr01,51209200,0.0255152647048362,5555,FALSE
Pv2.1_01_51209207_G/A,Chr01,51209207,0.0255152647048362,5556,FALSE
Pv2.1_08_62382666_T/G,Chr08,62382666,0.0255130275965789,5557,FALSE
Pv2.1_06_26551879_G/A,Chr06,26551879,0.0255127641253119,5558,FALSE
Pv2.1_06_26551885_A/C,Chr06,26551885,0.0255127641253115,5559,FALSE
Pv2.1_09_37546990_A/ACT,Chr09,37546990,0.0255113550054733,5560,FALSE
Pv2.1_04_281348_A/G,Chr04,281348,0.0255102213564959,5561,FALSE
Pv2.1_09_36763792_A/C,Chr09,36763792,0.0255102061940131,5562,FALSE
Pv2.1_03_7115769_T/C,Chr03,7115769,0.0255056720444644,5563,FALSE
Pv2.1_02_25188147_C/T,Chr02,25188147,0.0255030512165835,5564,FALSE
Pv2.1_03_1471011_G/C,Chr03,1471011,0.0254957702955392,5565,FALSE
Pv2.1_02_26398701_T/A,Chr02,26398701,0.0254933715448802,5566,FALSE
Pv2.1_03_41969175_A/C,Chr03,41969175,0.0254930720297644,5567,FALSE
Pv2.1_09_12172152_T/C,Chr09,12172152,0.0254878252751096,5568,FALSE
Pv2.1_07_38135445_C/A,Chr07,38135445,0.0254829221592559,5569,FALSE
Pv2.1_03_46149306_A/G,Chr03,46149306,0.0254829209268412,5570,FALSE
Pv2.1_08_60778352_G/A,Chr08,60778352,0.0254824936773117,5571,FALSE
Pv2.1_06_27017801_T/C,Chr06,27017801,0.0254796016499879,5572,FALSE
Pv2.1_08_321379_AC/A,Chr08,321379,0.0254714180637583,5573,FALSE
Pv2.1_11_3144364_T/C,Chr11,3144364,0.025467122107619,5574,FALSE
Pv2.1_06_21281399_G/A,Chr06,21281399,0.025466273409851,5575,FALSE
Pv2.1_06_21281406_C/T,Chr06,21281406,0.025466273409851,5576,FALSE
Pv2.1_08_62807883_G/A,Chr08,62807883,0.0254657679721486,5577,FALSE
Pv2.1_01_51178707_A/G,Chr01,51178707,0.0254655312991683,5578,FALSE
Pv2.1_09_36912065_G/A,Chr09,36912065,0.0254559662063945,5579,FALSE
Pv2.1_02_12351099_G/A,Chr02,12351099,0.0254558220750654,5580,FALSE
Pv2.1_02_3214721_G/C,Chr02,3214721,0.0254539017076603,5581,FALSE
Pv2.1_06_20959251_T/G,Chr06,20959251,0.0254522040097842,5582,FALSE
Pv2.1_02_27981435_CA/C,Chr02,27981435,0.0254493111927019,5583,FALSE
Pv2.1_06_26029158_C/T,Chr06,26029158,0.0254483616054473,5584,FALSE
Pv2.1_11_4672887_C/T,Chr11,4672887,0.0254471067447812,5585,FALSE
Pv2.1_07_563390_G/A,Chr07,563390,0.0254462466955219,5586,FALSE
Pv2.1_10_4469732_C/T,Chr10,4469732,0.025445762687907,5587,FALSE
Pv2.1_02_44976350_T/G,Chr02,44976350,0.0254450638205013,5588,FALSE
Pv2.1_08_3954161_T/G,Chr08,3954161,0.025442406999769,5589,FALSE
Pv2.1_09_37075604_C/G,Chr09,37075604,0.0254364535998159,5590,FALSE
Pv2.1_09_37075625_A/G,Chr09,37075625,0.0254364535998159,5591,FALSE
Pv2.1_03_40514034_A/C,Chr03,40514034,0.0254349463189842,5592,FALSE
Pv2.1_01_16655949_C/A,Chr01,16655949,0.0254308482384928,5593,FALSE
Pv2.1_05_2710556_G/C,Chr05,2710556,0.0254283205190529,5594,FALSE
Pv2.1_02_27806316_T/C,Chr02,27806316,0.0254282540601776,5595,FALSE
Pv2.1_11_497943_T/TTCC,Chr11,497943,0.0254269489746766,5596,FALSE
Pv2.1_02_12350951_G/A,Chr02,12350951,0.025426760726607,5597,FALSE
Pv2.1_02_12350969_A/G,Chr02,12350969,0.025426760726607,5598,FALSE
Pv2.1_07_509286_A/ATAG,Chr07,509286,0.0254264551619903,5599,FALSE
Pv2.1_01_50568067_T/C,Chr01,50568067,0.0254263328434821,5600,FALSE
Pv2.1_03_53397894_C/T,Chr03,53397894,0.0254250741399313,5601,FALSE
Pv2.1_01_45326475_G/A,Chr01,45326475,0.0254249432215676,5602,FALSE
Pv2.1_09_22620371_T/C,Chr09,22620371,0.0254236219595247,5603,FALSE
Pv2.1_08_7027071_G/C,Chr08,7027071,0.025420910603589,5604,FALSE
Pv2.1_11_3032616_A/T,Chr11,3032616,0.0254200037803312,5605,FALSE
Pv2.1_08_16323977_A/G,Chr08,16323977,0.0254195304892395,5606,FALSE
Pv2.1_03_221665_C/A,Chr03,221665,0.0254180514589963,5607,FALSE
Pv2.1_11_42788311_A/T,Chr11,42788311,0.0254161088525398,5608,FALSE
Pv2.1_01_1162637_G/C,Chr01,1162637,0.0254160186587828,5609,FALSE
Pv2.1_07_33523212_A/G,Chr07,33523212,0.0254151371736486,5610,FALSE
Pv2.1_06_28097869_G/T,Chr06,28097869,0.0254144454725185,5611,FALSE
Pv2.1_06_28097870_A/T,Chr06,28097870,0.0254144454725185,5612,FALSE
Pv2.1_06_28097884_A/G,Chr06,28097884,0.0254144454725185,5613,FALSE
Pv2.1_06_5822568_T/C,Chr06,5822568,0.0254097048605799,5614,FALSE
Pv2.1_07_485528_A/G,Chr07,485528,0.0254088487984712,5615,FALSE
Pv2.1_03_11248788_C/T,Chr03,11248788,0.0254072251807651,5616,FALSE
Pv2.1_10_41487058_T/C,Chr10,41487058,0.0254056175786532,5617,FALSE
Pv2.1_06_20278149_G/A,Chr06,20278149,0.0254049457574599,5618,FALSE
Pv2.1_09_36679967_T/C,Chr09,36679967,0.0254035947099549,5619,FALSE
Pv2.1_09_36680000_G/T,Chr09,36680000,0.0254035947099549,5620,FALSE
Pv2.1_04_46204980_G/A,Chr04,46204980,0.0253994166308016,5621,FALSE
Pv2.1_11_4544721_G/A,Chr11,4544721,0.0253980247443431,5622,FALSE
Pv2.1_07_37087602_G/A,Chr07,37087602,0.0253953056128839,5623,FALSE
Pv2.1_04_1493075_A/G,Chr04,1493075,0.0253922373508586,5624,FALSE
Pv2.1_08_60363135_G/A,Chr08,60363135,0.0253918369538586,5625,FALSE
Pv2.1_08_60363138_C/T,Chr08,60363138,0.0253918369538586,5626,FALSE
Pv2.1_08_62007625_G/A,Chr08,62007625,0.0253916669464358,5627,FALSE
Pv2.1_10_5855941_C/T,Chr10,5855941,0.0253911824273803,5628,FALSE
Pv2.1_08_59036078_T/C,Chr08,59036078,0.0253893723537986,5629,FALSE
Pv2.1_08_62490716_G/T,Chr08,62490716,0.0253869286413835,5630,FALSE
Pv2.1_08_62425385_C/T,Chr08,62425385,0.025386383047532,5631,FALSE
Pv2.1_08_62660969_G/A,Chr08,62660969,0.025386383047532,5632,FALSE
Pv2.1_08_60092945_G/A,Chr08,60092945,0.0253847530317275,5633,FALSE
Pv2.1_06_19235016_A/G,Chr06,19235016,0.0253845487517479,5634,FALSE
Pv2.1_06_19235028_G/A,Chr06,19235028,0.0253845487517479,5635,FALSE
Pv2.1_06_21038827_C/T,Chr06,21038827,0.0253835492515022,5636,FALSE
Pv2.1_03_13675805_A/G,Chr03,13675805,0.025371568763239,5637,FALSE
Pv2.1_09_36865137_C/A,Chr09,36865137,0.025371216845369,5638,FALSE
Pv2.1_04_1742422_G/A,Chr04,1742422,0.0253677380031951,5639,FALSE
Pv2.1_04_1742425_T/TC,Chr04,1742425,0.0253677380031951,5640,FALSE
Pv2.1_01_14793553_T/A,Chr01,14793553,0.0253669576408178,5641,FALSE
Pv2.1_02_27592702_A/T,Chr02,27592702,0.0253646836873114,5642,FALSE
Pv2.1_07_39831660_C/CA,Chr07,39831660,0.0253644733818672,5643,FALSE
Pv2.1_03_32778266_C/T,Chr03,32778266,0.0253640870392871,5644,FALSE
Pv2.1_07_35055581_T/G,Chr07,35055581,0.0253628921905742,5645,FALSE
Pv2.1_07_23019516_G/A,Chr07,23019516,0.0253627669338794,5646,FALSE
Pv2.1_08_59036117_T/C,Chr08,59036117,0.0253610789249512,5647,FALSE
Pv2.1_07_34489870_C/G,Chr07,34489870,0.0253578207232184,5648,FALSE
Pv2.1_02_25166715_C/A,Chr02,25166715,0.0253559655788971,5649,FALSE
Pv2.1_08_16674251_G/A,Chr08,16674251,0.0253550526201591,5650,FALSE
Pv2.1_03_49650852_A/T,Chr03,49650852,0.0253548287107521,5651,FALSE
Pv2.1_11_1509333_T/C,Chr11,1509333,0.0253541965124136,5652,FALSE
Pv2.1_09_36843776_C/A,Chr09,36843776,0.02535155026098,5653,FALSE
Pv2.1_08_10164112_T/C,Chr08,10164112,0.0253500994973401,5654,FALSE
Pv2.1_07_4202529_T/A,Chr07,4202529,0.0253499895116613,5655,FALSE
Pv2.1_02_2404628_G/A,Chr02,2404628,0.025348051288677,5656,FALSE
Pv2.1_02_2404631_T/G,Chr02,2404631,0.025348051288677,5657,FALSE
Pv2.1_04_46176787_G/A,Chr04,46176787,0.0253478772317943,5658,FALSE
Pv2.1_08_6961979_T/A,Chr08,6961979,0.0253460460348172,5659,FALSE
Pv2.1_04_1835757_T/C,Chr04,1835757,0.0253387080323391,5660,FALSE
Pv2.1_02_26956614_G/A,Chr02,26956614,0.0253386519687613,5661,FALSE
Pv2.1_02_27684272_G/T,Chr02,27684272,0.0253368509187832,5662,FALSE
Pv2.1_05_38346402_C/T,Chr05,38346402,0.0253362976624989,5663,FALSE
Pv2.1_07_840606_G/C,Chr07,840606,0.0253350787207283,5664,FALSE
Pv2.1_06_14095184_A/G,Chr06,14095184,0.0253342421643179,5665,FALSE
Pv2.1_08_62807494_C/T,Chr08,62807494,0.0253295447231676,5666,FALSE
Pv2.1_03_48007296_CAGA/C,Chr03,48007296,0.0253271434334255,5667,FALSE
Pv2.1_08_7154245_C/G,Chr08,7154245,0.0253266287814302,5668,FALSE
Pv2.1_08_62495534_C/T,Chr08,62495534,0.0253256301209928,5669,FALSE
Pv2.1_04_44800593_TA/T,Chr04,44800593,0.025324492478489,5670,FALSE
Pv2.1_04_47087107_C/T,Chr04,47087107,0.0253244488502142,5671,FALSE
Pv2.1_07_36037224_CA/C,Chr07,36037224,0.0253238538144931,5672,FALSE
Pv2.1_08_62787820_G/C,Chr08,62787820,0.025315948946977,5673,FALSE
Pv2.1_08_62787841_C/T,Chr08,62787841,0.025315948946977,5674,FALSE
Pv2.1_06_19696202_A/T,Chr06,19696202,0.025314111750983,5675,FALSE
Pv2.1_08_62553056_G/A,Chr08,62553056,0.0253140987397318,5676,FALSE
Pv2.1_08_62961852_C/T,Chr08,62961852,0.0253140987397318,5677,FALSE
Pv2.1_08_62576996_T/C,Chr08,62576996,0.0253129448729719,5678,FALSE
Pv2.1_08_814888_A/G,Chr08,814888,0.025304119283549,5679,FALSE
Pv2.1_11_4652164_A/G,Chr11,4652164,0.0253032064433052,5680,FALSE
Pv2.1_06_27234603_G/C,Chr06,27234603,0.0253000762140001,5681,FALSE
Pv2.1_11_29504397_G/A,Chr11,29504397,0.0252982932995485,5682,FALSE
Pv2.1_02_2367198_G/A,Chr02,2367198,0.0252974936690555,5683,FALSE
Pv2.1_09_36526292_T/TA,Chr09,36526292,0.0252906287607777,5684,FALSE
Pv2.1_06_21888128_T/C,Chr06,21888128,0.0252902996615267,5685,FALSE
Pv2.1_07_38553215_T/A,Chr07,38553215,0.0252869618051674,5686,FALSE
Pv2.1_08_62374740_C/A,Chr08,62374740,0.0252844976115174,5687,FALSE
Pv2.1_04_45054078_TA/T,Chr04,45054078,0.0252832056910712,5688,FALSE
Pv2.1_10_31180336_T/A,Chr10,31180336,0.0252788519068599,5689,FALSE
Pv2.1_08_1578710_G/A,Chr08,1578710,0.0252785882404312,5690,FALSE
Pv2.1_08_502286_T/G,Chr08,502286,0.0252754582943684,5691,FALSE
Pv2.1_05_38386093_C/T,Chr05,38386093,0.0252750842547638,5692,FALSE
Pv2.1_07_7901600_T/C,Chr07,7901600,0.0252726975193842,5693,FALSE
Pv2.1_01_4818952_T/C,Chr01,4818952,0.0252699824753386,5694,FALSE
Pv2.1_01_105854_C/T,Chr01,105854,0.0252695146004487,5695,FALSE
Pv2.1_01_49403830_G/A,Chr01,49403830,0.0252663900716286,5696,FALSE
Pv2.1_08_7027222_C/T,Chr08,7027222,0.0252650811184054,5697,FALSE
Pv2.1_06_24880452_C/G,Chr06,24880452,0.0252626717315283,5698,FALSE
Pv2.1_01_2335185_T/C,Chr01,2335185,0.0252614486008933,5699,FALSE
Pv2.1_09_13687701_T/A,Chr09,13687701,0.0252611453788365,5700,FALSE
Pv2.1_02_38523054_A/G,Chr02,38523054,0.0252599898880268,5701,FALSE
Pv2.1_08_62906581_G/A,Chr08,62906581,0.0252575526224117,5702,FALSE
Pv2.1_06_15481195_G/A,Chr06,15481195,0.0252572789374477,5703,FALSE
Pv2.1_06_15319270_G/A,Chr06,15319270,0.0252572678232772,5704,FALSE
Pv2.1_11_1248762_A/C,Chr11,1248762,0.0252511169408844,5705,FALSE
Pv2.1_11_1248767_A/G,Chr11,1248767,0.0252511169408844,5706,FALSE
Pv2.1_03_41873850_G/T,Chr03,41873850,0.0252468636927365,5707,FALSE
Pv2.1_01_51186402_C/A,Chr01,51186402,0.0252448812502508,5708,FALSE
Pv2.1_11_49342236_T/C,Chr11,49342236,0.025244610778874,5709,FALSE
Pv2.1_08_62941435_T/C,Chr08,62941435,0.0252445864723812,5710,FALSE
Pv2.1_08_62941484_T/G,Chr08,62941484,0.0252445864723812,5711,FALSE
Pv2.1_11_1654268_A/T,Chr11,1654268,0.0252421370174369,5712,FALSE
Pv2.1_08_14244116_G/T,Chr08,14244116,0.0252414603116082,5713,FALSE
Pv2.1_08_61225507_T/G,Chr08,61225507,0.0252387735560036,5714,FALSE
Pv2.1_06_1414495_A/G,Chr06,1414495,0.0252333251909986,5715,FALSE
Pv2.1_03_7428318_G/A,Chr03,7428318,0.0252293198751876,5716,FALSE
Pv2.1_08_564298_A/G,Chr08,564298,0.0252277539139367,5717,FALSE
Pv2.1_02_44838463_C/CTGG,Chr02,44838463,0.0252261737988952,5718,FALSE
Pv2.1_08_62899653_T/C,Chr08,62899653,0.0252247193996373,5719,FALSE
Pv2.1_03_9249073_A/C,Chr03,9249073,0.0252224195906701,5720,FALSE
Pv2.1_08_8764100_A/G,Chr08,8764100,0.0252219591577667,5721,FALSE
Pv2.1_03_52871545_A/T,Chr03,52871545,0.0252190863177137,5722,FALSE
Pv2.1_03_53066863_C/T,Chr03,53066863,0.0252186033284589,5723,FALSE
Pv2.1_04_41777672_T/G,Chr04,41777672,0.0252179962687471,5724,FALSE
Pv2.1_08_62440405_A/T,Chr08,62440405,0.0252069879989842,5725,FALSE
Pv2.1_03_53123907_G/C,Chr03,53123907,0.0252042291008583,5726,FALSE
Pv2.1_02_26398721_G/A,Chr02,26398721,0.025201056199152,5727,FALSE
Pv2.1_04_47716306_C/T,Chr04,47716306,0.0251998157920705,5728,FALSE
Pv2.1_06_19874160_T/A,Chr06,19874160,0.0251991418207922,5729,FALSE
Pv2.1_08_1578911_G/A,Chr08,1578911,0.0251983390116708,5730,FALSE
Pv2.1_08_9129921_A/C,Chr08,9129921,0.025197759750351,5731,FALSE
Pv2.1_10_9191937_G/A,Chr10,9191937,0.0251928123587741,5732,FALSE
Pv2.1_10_9191951_A/G,Chr10,9191951,0.0251928123587741,5733,FALSE
Pv2.1_06_25753616_C/T,Chr06,25753616,0.0251911481420803,5734,FALSE
Pv2.1_03_32702363_T/A,Chr03,32702363,0.0251903690242434,5735,FALSE
Pv2.1_06_25203656_C/T,Chr06,25203656,0.0251872747067128,5736,FALSE
Pv2.1_11_49353013_C/A,Chr11,49353013,0.0251842626301633,5737,FALSE
Pv2.1_02_49586258_AGAATGG/A,Chr02,49586258,0.0251805419446005,5738,FALSE
Pv2.1_06_28549799_C/G,Chr06,28549799,0.0251804390185586,5739,FALSE
Pv2.1_08_62550621_G/C,Chr08,62550621,0.0251769342050499,5740,FALSE
Pv2.1_06_5252203_G/A,Chr06,5252203,0.0251768949734497,5741,FALSE
Pv2.1_03_37392267_C/T,Chr03,37392267,0.0251762385536845,5742,FALSE
Pv2.1_01_1286977_C/T,Chr01,1286977,0.0251757061234055,5743,FALSE
Pv2.1_10_43017460_A/G,Chr10,43017460,0.025173805326645,5744,FALSE
Pv2.1_04_46805321_G/A,Chr04,46805321,0.0251737092071958,5745,FALSE
Pv2.1_08_45849414_A/T,Chr08,45849414,0.0251730552978091,5746,FALSE
Pv2.1_04_46571349_T/C,Chr04,46571349,0.0251721650445584,5747,FALSE
Pv2.1_02_37058201_C/T,Chr02,37058201,0.0251710278270436,5748,FALSE
Pv2.1_02_27544393_A/G,Chr02,27544393,0.0251669435933808,5749,FALSE
Pv2.1_10_42270330_C/T,Chr10,42270330,0.0251666845152663,5750,FALSE
Pv2.1_08_62863891_A/G,Chr08,62863891,0.0251641867474115,5751,FALSE
Pv2.1_04_47099390_A/T,Chr04,47099390,0.0251585683195468,5752,FALSE
Pv2.1_11_3694931_G/T,Chr11,3694931,0.025157162985959,5753,FALSE
Pv2.1_04_2032929_C/T,Chr04,2032929,0.0251564815175893,5754,FALSE
Pv2.1_04_2032935_G/T,Chr04,2032935,0.0251564815175893,5755,FALSE
Pv2.1_11_51229387_T/C,Chr11,51229387,0.0251547071059361,5756,FALSE
Pv2.1_05_2409690_T/C,Chr05,2409690,0.0251528134875492,5757,FALSE
Pv2.1_07_5483775_T/C,Chr07,5483775,0.0251507928884429,5758,FALSE
Pv2.1_07_3273920_A/G,Chr07,3273920,0.0251505871463675,5759,FALSE
Pv2.1_04_2356775_A/G,Chr04,2356775,0.0251491118229592,5760,FALSE
Pv2.1_02_48763312_T/C,Chr02,48763312,0.0251422839538957,5761,FALSE
Pv2.1_11_1411710_G/A,Chr11,1411710,0.0251416333440115,5762,FALSE
Pv2.1_02_46800123_CAG/C,Chr02,46800123,0.0251395458116463,5763,FALSE
Pv2.1_04_1835703_G/T,Chr04,1835703,0.0251341354661618,5764,FALSE
Pv2.1_08_59990672_G/T,Chr08,59990672,0.0251288489413968,5765,FALSE
Pv2.1_04_1317067_C/T,Chr04,1317067,0.0251219209942342,5766,FALSE
Pv2.1_09_37707652_A/C,Chr09,37707652,0.0251210859253619,5767,FALSE
Pv2.1_08_9419311_T/C,Chr08,9419311,0.0251183158773212,5768,FALSE
Pv2.1_08_9931304_A/C,Chr08,9931304,0.0251178349512604,5769,FALSE
Pv2.1_08_53821585_C/T,Chr08,53821585,0.0251168419594552,5770,FALSE
Pv2.1_04_53780_C/A,Chr04,53780,0.025114163342868,5771,FALSE
Pv2.1_11_52545333_T/A,Chr11,52545333,0.0251100312996462,5772,FALSE
Pv2.1_08_62952292_C/G,Chr08,62952292,0.0251094132731291,5773,FALSE
Pv2.1_05_39245666_A/G,Chr05,39245666,0.0251087250537032,5774,FALSE
Pv2.1_03_36439738_G/A,Chr03,36439738,0.0251057487551578,5775,FALSE
Pv2.1_07_37007197_T/A,Chr07,37007197,0.0251041962357172,5776,FALSE
Pv2.1_06_4412438_T/C,Chr06,4412438,0.025102610827461,5777,FALSE
Pv2.1_06_4412456_T/A,Chr06,4412456,0.025102610827461,5778,FALSE
Pv2.1_08_61999071_G/A,Chr08,61999071,0.0250978815605807,5779,FALSE
Pv2.1_07_38056016_G/C,Chr07,38056016,0.0250963615224418,5780,FALSE
Pv2.1_11_49884640_C/T,Chr11,49884640,0.0250921517385994,5781,FALSE
Pv2.1_02_39969900_C/A,Chr02,39969900,0.0250904878690301,5782,FALSE
Pv2.1_08_60799389_C/G,Chr08,60799389,0.0250879521528087,5783,FALSE
Pv2.1_08_62447483_C/G,Chr08,62447483,0.0250866755273873,5784,FALSE
Pv2.1_08_62863949_C/T,Chr08,62863949,0.0250866569278974,5785,FALSE
Pv2.1_07_4292373_C/A,Chr07,4292373,0.0250864727616666,5786,FALSE
Pv2.1_08_60045747_C/T,Chr08,60045747,0.0250857755009619,5787,FALSE
Pv2.1_04_7150263_T/A,Chr04,7150263,0.0250787543361706,5788,FALSE
Pv2.1_06_14106834_G/A,Chr06,14106834,0.0250761117522211,5789,FALSE
Pv2.1_06_21887730_G/T,Chr06,21887730,0.0250739317870279,5790,FALSE
Pv2.1_09_30051069_A/G,Chr09,30051069,0.025073023818333,5791,FALSE
Pv2.1_01_2309437_T/C,Chr01,2309437,0.0250657573614257,5792,FALSE
Pv2.1_02_3061949_T/A,Chr02,3061949,0.0250576975012549,5793,FALSE
Pv2.1_06_24148515_T/A,Chr06,24148515,0.0250548360004879,5794,FALSE
Pv2.1_08_60121265_C/T,Chr08,60121265,0.0250525000015562,5795,FALSE
Pv2.1_06_19002809_G/T,Chr06,19002809,0.0250480395925301,5796,FALSE
Pv2.1_06_29177530_C/A,Chr06,29177530,0.0250474650370496,5797,FALSE
Pv2.1_04_47248921_T/C,Chr04,47248921,0.0250473535599443,5798,FALSE
Pv2.1_08_23669677_G/A,Chr08,23669677,0.0250453079561352,5799,FALSE
Pv2.1_04_46876608_TATC/T,Chr04,46876608,0.0250451315843558,5800,FALSE
Pv2.1_06_26023332_C/G,Chr06,26023332,0.0250451295396621,5801,FALSE
Pv2.1_01_49728198_T/G,Chr01,49728198,0.0250439069593726,5802,FALSE
Pv2.1_09_36912302_A/T,Chr09,36912302,0.0250422961431367,5803,FALSE
Pv2.1_03_51526086_C/A,Chr03,51526086,0.0250387202753792,5804,FALSE
Pv2.1_06_14037821_A/T,Chr06,14037821,0.0250383616300058,5805,FALSE
Pv2.1_11_2101834_G/C,Chr11,2101834,0.0250380703445945,5806,FALSE
Pv2.1_07_23019514_G/A,Chr07,23019514,0.0250361754347566,5807,FALSE
Pv2.1_02_41815237_G/T,Chr02,41815237,0.0250341693344325,5808,FALSE
Pv2.1_07_4564529_A/T,Chr07,4564529,0.0250307586558609,5809,FALSE
Pv2.1_10_6165905_T/A,Chr10,6165905,0.0250279002676028,5810,FALSE
Pv2.1_04_12206418_G/A,Chr04,12206418,0.0250278168453697,5811,FALSE
Pv2.1_06_13814818_G/C,Chr06,13814818,0.0250273745621175,5812,FALSE
Pv2.1_08_62501534_C/G,Chr08,62501534,0.0250270090774412,5813,FALSE
Pv2.1_10_42635900_C/T,Chr10,42635900,0.0250231193304091,5814,FALSE
Pv2.1_08_3925830_A/T,Chr08,3925830,0.0250226230980344,5815,FALSE
Pv2.1_03_2989291_C/G,Chr03,2989291,0.0250203780608889,5816,FALSE
Pv2.1_07_9067110_G/T,Chr07,9067110,0.025020297747921,5817,FALSE
Pv2.1_05_38455802_C/T,Chr05,38455802,0.0250161047439508,5818,FALSE
Pv2.1_05_38455834_A/G,Chr05,38455834,0.0250161047439508,5819,FALSE
Pv2.1_08_60778927_C/T,Chr08,60778927,0.0250102692065326,5820,FALSE
Pv2.1_02_1556470_T/C,Chr02,1556470,0.025009107301154,5821,FALSE
Pv2.1_07_32219589_C/G,Chr07,32219589,0.0250082527959243,5822,FALSE
Pv2.1_11_3970837_A/T,Chr11,3970837,0.0250076922251079,5823,FALSE
Pv2.1_11_1703617_T/C,Chr11,1703617,0.0250070539480167,5824,FALSE
Pv2.1_11_50397708_A/T,Chr11,50397708,0.0250042628624474,5825,FALSE
Pv2.1_10_3078640_G/A,Chr10,3078640,0.0249974030215352,5826,FALSE
Pv2.1_06_21930092_C/T,Chr06,21930092,0.0249969516655342,5827,FALSE
Pv2.1_08_26940183_A/T,Chr08,26940183,0.0249955402426538,5828,FALSE
Pv2.1_11_34070930_C/A,Chr11,34070930,0.0249897440769633,5829,FALSE
Pv2.1_11_1072756_A/G,Chr11,1072756,0.0249895397088089,5830,FALSE
Pv2.1_07_36037265_AC/A,Chr07,36037265,0.0249831848390887,5831,FALSE
Pv2.1_09_36418376_G/A,Chr09,36418376,0.0249785454792657,5832,FALSE
Pv2.1_02_29166974_T/C,Chr02,29166974,0.0249782320316601,5833,FALSE
Pv2.1_03_51224450_T/C,Chr03,51224450,0.0249778503217697,5834,FALSE
Pv2.1_03_51224452_T/C,Chr03,51224452,0.0249778503217697,5835,FALSE
Pv2.1_07_38178671_C/G,Chr07,38178671,0.0249739794975237,5836,FALSE
Pv2.1_02_35808786_A/G,Chr02,35808786,0.0249710653605257,5837,FALSE
Pv2.1_08_62939553_G/A,Chr08,62939553,0.0249679223706729,5838,FALSE
Pv2.1_08_62939556_A/G,Chr08,62939556,0.0249679223706729,5839,FALSE
Pv2.1_08_62939561_G/C,Chr08,62939561,0.0249679223706729,5840,FALSE
Pv2.1_04_46188738_C/T,Chr04,46188738,0.0249675314423952,5841,FALSE
Pv2.1_11_3951074_A/C,Chr11,3951074,0.024965824137039,5842,FALSE
Pv2.1_06_15622292_A/T,Chr06,15622292,0.0249654190041411,5843,FALSE
Pv2.1_03_41092800_T/G,Chr03,41092800,0.0249650981385061,5844,FALSE
Pv2.1_08_60450991_G/A,Chr08,60450991,0.0249628650931153,5845,FALSE
Pv2.1_04_2553937_C/G,Chr04,2553937,0.024961356866668,5846,FALSE
Pv2.1_04_46177949_C/A,Chr04,46177949,0.0249527871916317,5847,FALSE
Pv2.1_06_2930764_G/T,Chr06,2930764,0.0249506085275932,5848,FALSE
Pv2.1_09_28252357_C/T,Chr09,28252357,0.0249474421559626,5849,FALSE
Pv2.1_07_23019525_G/A,Chr07,23019525,0.0249453207647781,5850,FALSE
Pv2.1_07_23019536_T/C,Chr07,23019536,0.0249453207647781,5851,FALSE
Pv2.1_06_20332340_C/A,Chr06,20332340,0.0249442361427565,5852,FALSE
Pv2.1_10_1974600_C/T,Chr10,1974600,0.0249442263189064,5853,FALSE
Pv2.1_02_12351198_A/T,Chr02,12351198,0.0249427472179105,5854,FALSE
Pv2.1_07_1800972_G/T,Chr07,1800972,0.024939015670939,5855,FALSE
Pv2.1_08_2646956_T/G,Chr08,2646956,0.0249379111507051,5856,FALSE
Pv2.1_04_4560988_C/G,Chr04,4560988,0.0249373230068852,5857,FALSE
Pv2.1_04_21034049_C/T,Chr04,21034049,0.0249357804138,5858,FALSE
Pv2.1_10_34411953_G/C,Chr10,34411953,0.0249330853392862,5859,FALSE
Pv2.1_06_28228071_C/T,Chr06,28228071,0.0249325444854964,5860,FALSE
Pv2.1_06_28228078_T/A,Chr06,28228078,0.0249325444854964,5861,FALSE
Pv2.1_07_30155692_G/A,Chr07,30155692,0.0249304209701928,5862,FALSE
Pv2.1_08_62961851_G/A,Chr08,62961851,0.024930154940785,5863,FALSE
Pv2.1_04_7385869_A/C,Chr04,7385869,0.0249266320949224,5864,FALSE
Pv2.1_03_1023355_T/C,Chr03,1023355,0.0249250434229653,5865,FALSE
Pv2.1_02_35730623_T/C,Chr02,35730623,0.0249233162237288,5866,FALSE
Pv2.1_08_63019035_C/G,Chr08,63019035,0.0249214778954565,5867,FALSE
Pv2.1_09_28252271_C/T,Chr09,28252271,0.0249195191660179,5868,FALSE
Pv2.1_02_36062145_T/A,Chr02,36062145,0.0249188263915858,5869,FALSE
Pv2.1_08_62046627_G/C,Chr08,62046627,0.024918352302564,5870,FALSE
Pv2.1_01_4953570_C/G,Chr01,4953570,0.0249180296285667,5871,FALSE
Pv2.1_02_35808815_G/A,Chr02,35808815,0.0249173704841463,5872,FALSE
Pv2.1_08_60360013_A/G,Chr08,60360013,0.0249138998315375,5873,FALSE
Pv2.1_08_62972149_G/A,Chr08,62972149,0.0249128040896003,5874,FALSE
Pv2.1_11_526893_C/G,Chr11,526893,0.0249105998772454,5875,FALSE
Pv2.1_08_7688813_T/G,Chr08,7688813,0.024907676214136,5876,FALSE
Pv2.1_04_31763_CCT/C,Chr04,31763,0.0249055329106174,5877,FALSE
Pv2.1_02_33626429_C/T,Chr02,33626429,0.024903069487173,5878,FALSE
Pv2.1_03_34376850_G/A,Chr03,34376850,0.0249027060589397,5879,FALSE
Pv2.1_11_45292728_G/T,Chr11,45292728,0.0249023228502021,5880,FALSE
Pv2.1_08_9765172_G/C,Chr08,9765172,0.0248980427054475,5881,FALSE
Pv2.1_08_62426366_G/A,Chr08,62426366,0.0248934018621578,5882,FALSE
Pv2.1_08_62426373_G/A,Chr08,62426373,0.0248934018621578,5883,FALSE
Pv2.1_04_7160485_G/C,Chr04,7160485,0.0248926351081735,5884,FALSE
Pv2.1_09_37951094_G/C,Chr09,37951094,0.0248719238330857,5885,FALSE
Pv2.1_04_4914944_T/C,Chr04,4914944,0.0248706938053069,5886,FALSE
Pv2.1_09_6574488_G/A,Chr09,6574488,0.0248702186538958,5887,FALSE
Pv2.1_08_58732072_C/G,Chr08,58732072,0.0248695115893183,5888,FALSE
Pv2.1_10_1410873_A/G,Chr10,1410873,0.0248684164417194,5889,FALSE
Pv2.1_07_36965265_G/T,Chr07,36965265,0.0248683810259207,5890,FALSE
Pv2.1_04_46177956_T/A,Chr04,46177956,0.0248639035069935,5891,FALSE
Pv2.1_08_9707478_C/T,Chr08,9707478,0.0248638693947165,5892,FALSE
Pv2.1_11_17594472_A/T,Chr11,17594472,0.0248634955905986,5893,FALSE
Pv2.1_06_17273161_T/G,Chr06,17273161,0.0248584658160644,5894,FALSE
Pv2.1_03_7263031_A/C,Chr03,7263031,0.0248530926776049,5895,FALSE
Pv2.1_09_36526597_G/GA,Chr09,36526597,0.0248506713293448,5896,FALSE
Pv2.1_09_36526613_T/C,Chr09,36526613,0.0248506713293448,5897,FALSE
Pv2.1_03_33564247_T/TG,Chr03,33564247,0.0248504450215701,5898,FALSE
Pv2.1_06_24112812_T/C,Chr06,24112812,0.024849908732782,5899,FALSE
Pv2.1_08_391947_A/T,Chr08,391947,0.0248498702986057,5900,FALSE
Pv2.1_04_46178137_G/A,Chr04,46178137,0.0248495781136726,5901,FALSE
Pv2.1_02_23295338_A/G,Chr02,23295338,0.0248462662178555,5902,FALSE
Pv2.1_06_21755337_G/A,Chr06,21755337,0.0248452131480152,5903,FALSE
Pv2.1_05_16313121_C/T,Chr05,16313121,0.0248435380608729,5904,FALSE
Pv2.1_08_14362521_G/A,Chr08,14362521,0.0248430077323638,5905,FALSE
Pv2.1_06_15481164_T/A,Chr06,15481164,0.0248417472859237,5906,FALSE
Pv2.1_02_35730599_G/A,Chr02,35730599,0.0248375117288648,5907,FALSE
Pv2.1_02_45354764_G/A,Chr02,45354764,0.0248360792783378,5908,FALSE
Pv2.1_06_19696044_A/T,Chr06,19696044,0.0248360462277408,5909,FALSE
Pv2.1_07_36237616_C/T,Chr07,36237616,0.024834920454706,5910,FALSE
Pv2.1_07_1175424_G/C,Chr07,1175424,0.0248337635371008,5911,FALSE
Pv2.1_11_52974568_G/A,Chr11,52974568,0.0248327492167739,5912,FALSE
Pv2.1_08_9390325_T/C,Chr08,9390325,0.0248324776384083,5913,FALSE
Pv2.1_07_8284884_T/C,Chr07,8284884,0.0248322268588188,5914,FALSE
Pv2.1_03_46454785_T/A,Chr03,46454785,0.0248283087936523,5915,FALSE
Pv2.1_08_117391_C/T,Chr08,117391,0.0248267656196171,5916,FALSE
Pv2.1_02_2100798_C/G,Chr02,2100798,0.0248227120200761,5917,FALSE
Pv2.1_08_61525857_CCCG/C,Chr08,61525857,0.0248203401268974,5918,FALSE
Pv2.1_02_27711651_G/A,Chr02,27711651,0.0248166969219259,5919,FALSE
Pv2.1_04_4135634_C/A,Chr04,4135634,0.0248114459924822,5920,FALSE
Pv2.1_02_31207285_AT/A,Chr02,31207285,0.0248110824306753,5921,FALSE
Pv2.1_09_14760122_G/A,Chr09,14760122,0.0248106667077384,5922,FALSE
Pv2.1_09_22376291_T/C,Chr09,22376291,0.0248065250786054,5923,FALSE
Pv2.1_05_38349808_C/T,Chr05,38349808,0.0248048741674309,5924,FALSE
Pv2.1_05_38349841_C/A,Chr05,38349841,0.0248048741674309,5925,FALSE
Pv2.1_03_33564201_C/T,Chr03,33564201,0.0248035007548584,5926,FALSE
Pv2.1_11_3971026_C/CA,Chr11,3971026,0.0248033136721748,5927,FALSE
Pv2.1_07_4149912_A/G,Chr07,4149912,0.0247997013242509,5928,FALSE
Pv2.1_11_32113538_T/C,Chr11,32113538,0.0247987784363093,5929,FALSE
Pv2.1_03_9319379_A/T,Chr03,9319379,0.0247983637663807,5930,FALSE
Pv2.1_10_8110938_C/A,Chr10,8110938,0.0247875498186274,5931,FALSE
Pv2.1_06_15481170_A/G,Chr06,15481170,0.0247838789953834,5932,FALSE
Pv2.1_02_41804397_T/A,Chr02,41804397,0.0247830646722043,5933,FALSE
Pv2.1_08_4551529_C/A,Chr08,4551529,0.0247802292530652,5934,FALSE
Pv2.1_08_4551549_G/C,Chr08,4551549,0.0247802292530652,5935,FALSE
Pv2.1_10_42038430_C/T,Chr10,42038430,0.0247766556442248,5936,FALSE
Pv2.1_02_44714144_T/C,Chr02,44714144,0.0247754557463509,5937,FALSE
Pv2.1_06_25276566_T/C,Chr06,25276566,0.0247725999384558,5938,FALSE
Pv2.1_08_61901219_T/C,Chr08,61901219,0.0247711034625353,5939,FALSE
Pv2.1_06_29828140_A/G,Chr06,29828140,0.0247708236049227,5940,FALSE
Pv2.1_01_51209420_T/C,Chr01,51209420,0.0247632271643106,5941,FALSE
Pv2.1_09_37560347_C/T,Chr09,37560347,0.0247627125206313,5942,FALSE
Pv2.1_11_50570012_T/G,Chr11,50570012,0.0247600490353639,5943,FALSE
Pv2.1_08_59634322_G/C,Chr08,59634322,0.0247573142812909,5944,FALSE
Pv2.1_07_206144_T/G,Chr07,206144,0.0247571451059088,5945,FALSE
Pv2.1_03_41906948_G/C,Chr03,41906948,0.0247536633030285,5946,FALSE
Pv2.1_10_4681543_CT/C,Chr10,4681543,0.0247511243883025,5947,FALSE
Pv2.1_11_3750125_A/G,Chr11,3750125,0.0247501313318512,5948,FALSE
Pv2.1_02_675439_T/G,Chr02,675439,0.0247460013175793,5949,FALSE
Pv2.1_04_4561429_A/G,Chr04,4561429,0.0247455707187578,5950,FALSE
Pv2.1_06_18684797_A/C,Chr06,18684797,0.0247431933632623,5951,FALSE
Pv2.1_10_2997848_G/A,Chr10,2997848,0.0247421440634916,5952,FALSE
Pv2.1_01_45318868_C/G,Chr01,45318868,0.0247418827833434,5953,FALSE
Pv2.1_02_12521347_G/A,Chr02,12521347,0.0247317634190356,5954,FALSE
Pv2.1_08_62447545_G/T,Chr08,62447545,0.0247283176834947,5955,FALSE
Pv2.1_06_26255019_T/G,Chr06,26255019,0.0247279059031,5956,FALSE
Pv2.1_04_523179_C/T,Chr04,523179,0.0247271296707576,5957,FALSE
Pv2.1_06_24257243_T/A,Chr06,24257243,0.0247237236406006,5958,FALSE
Pv2.1_06_24148847_C/G,Chr06,24148847,0.0247193228937075,5959,FALSE
Pv2.1_03_1303175_T/C,Chr03,1303175,0.02471811347929,5960,FALSE
Pv2.1_04_7385874_C/T,Chr04,7385874,0.0247173965942316,5961,FALSE
Pv2.1_05_40760898_G/A,Chr05,40760898,0.024716507373705,5962,FALSE
Pv2.1_02_35730619_A/G,Chr02,35730619,0.0247165018050879,5963,FALSE
Pv2.1_06_14107036_C/T,Chr06,14107036,0.0247108529337226,5964,FALSE
Pv2.1_03_2553914_C/T,Chr03,2553914,0.0247064026867356,5965,FALSE
Pv2.1_06_14318553_C/G,Chr06,14318553,0.0247043564820642,5966,FALSE
Pv2.1_07_33275552_A/G,Chr07,33275552,0.0247038253708558,5967,FALSE
Pv2.1_08_62929907_C/T,Chr08,62929907,0.0247034524270862,5968,FALSE
Pv2.1_02_16489841_T/C,Chr02,16489841,0.0246980462456321,5969,FALSE
Pv2.1_04_39248506_C/T,Chr04,39248506,0.0246972548051492,5970,FALSE
Pv2.1_11_51726927_T/G,Chr11,51726927,0.0246967284549551,5971,FALSE
Pv2.1_01_2503629_A/G,Chr01,2503629,0.024694129835293,5972,FALSE
Pv2.1_09_38092921_A/G,Chr09,38092921,0.0246867132617483,5973,FALSE
Pv2.1_01_1628415_T/C,Chr01,1628415,0.0246864600830539,5974,FALSE
Pv2.1_08_1235388_C/T,Chr08,1235388,0.0246844242121567,5975,FALSE
Pv2.1_07_38080651_A/G,Chr07,38080651,0.0246836317443084,5976,FALSE
Pv2.1_07_38018734_A/G,Chr07,38018734,0.0246833120468803,5977,FALSE
Pv2.1_04_1317960_T/C,Chr04,1317960,0.0246816954887876,5978,FALSE
Pv2.1_07_28996934_T/C,Chr07,28996934,0.0246792586131996,5979,FALSE
Pv2.1_07_509237_A/G,Chr07,509237,0.0246774533459706,5980,FALSE
Pv2.1_08_54384155_T/C,Chr08,54384155,0.0246766529272477,5981,FALSE
Pv2.1_08_57552716_T/A,Chr08,57552716,0.0246735119814834,5982,FALSE
Pv2.1_06_1414619_T/C,Chr06,1414619,0.0246713334979343,5983,FALSE
Pv2.1_03_39684351_C/G,Chr03,39684351,0.0246713206813651,5984,FALSE
Pv2.1_06_31021425_T/C,Chr06,31021425,0.0246664573639359,5985,FALSE
Pv2.1_08_43861879_A/C,Chr08,43861879,0.0246655204592807,5986,FALSE
Pv2.1_08_11444633_C/T,Chr08,11444633,0.0246609852997106,5987,FALSE
Pv2.1_07_7893492_AT/A,Chr07,7893492,0.0246599936388314,5988,FALSE
Pv2.1_10_4755261_C/A,Chr10,4755261,0.0246573336790128,5989,FALSE
Pv2.1_08_61399184_A/G,Chr08,61399184,0.0246544216722597,5990,FALSE
Pv2.1_08_61399232_C/T,Chr08,61399232,0.0246544216722597,5991,FALSE
Pv2.1_10_40331777_A/T,Chr10,40331777,0.0246526710923316,5992,FALSE
Pv2.1_06_15481157_T/A,Chr06,15481157,0.0246497458622779,5993,FALSE
Pv2.1_05_40588613_C/A,Chr05,40588613,0.0246495098054966,5994,FALSE
Pv2.1_04_46178137_G/T,Chr04,46178137,0.0246424405845289,5995,FALSE
Pv2.1_07_9346601_G/T,Chr07,9346601,0.0246423021314905,5996,FALSE
Pv2.1_10_6400015_T/C,Chr10,6400015,0.0246410688176004,5997,FALSE
Pv2.1_02_45688876_A/ATGCTCT,Chr02,45688876,0.0246395759195694,5998,FALSE
Pv2.1_08_59674035_C/T,Chr08,59674035,0.0246382373741296,5999,FALSE
Pv2.1_02_30436043_G/T,Chr02,30436043,0.02463504712735,6000,FALSE
Pv2.1_08_59865316_A/G,Chr08,59865316,0.024633783001542,6001,FALSE
Pv2.1_11_1297520_G/A,Chr11,1297520,0.024631556758357,6002,FALSE
Pv2.1_08_7291164_A/C,Chr08,7291164,0.0246310407034249,6003,FALSE
Pv2.1_05_40598703_C/G,Chr05,40598703,0.0246308157052031,6004,FALSE
Pv2.1_10_3838346_T/C,Chr10,3838346,0.0246307758052247,6005,FALSE
Pv2.1_06_26552979_G/A,Chr06,26552979,0.0246269052328283,6006,FALSE
Pv2.1_08_57920034_C/T,Chr08,57920034,0.0246265930145024,6007,FALSE
Pv2.1_08_62280499_G/A,Chr08,62280499,0.0246251606882968,6008,FALSE
Pv2.1_08_58170931_G/A,Chr08,58170931,0.0246230239198786,6009,FALSE
Pv2.1_08_61663126_TTA/T,Chr08,61663126,0.0246218117240193,6010,FALSE
Pv2.1_02_33626446_T/A,Chr02,33626446,0.0246207357643189,6011,FALSE
Pv2.1_02_16044681_C/T,Chr02,16044681,0.0246192078260949,6012,FALSE
Pv2.1_07_7598637_T/C,Chr07,7598637,0.0246191771959059,6013,FALSE
Pv2.1_01_3238337_T/C,Chr01,3238337,0.0246190007507794,6014,FALSE
Pv2.1_07_33275186_C/T,Chr07,33275186,0.02461717406366,6015,FALSE
Pv2.1_04_1743683_C/T,Chr04,1743683,0.0246168140477865,6016,FALSE
Pv2.1_04_1743707_T/G,Chr04,1743707,0.0246168140477865,6017,FALSE
Pv2.1_08_58824632_G/A,Chr08,58824632,0.0246129781189124,6018,FALSE
Pv2.1_01_2809165_T/G,Chr01,2809165,0.0246100590977787,6019,FALSE
Pv2.1_01_2809169_T/C,Chr01,2809169,0.0246100590977787,6020,FALSE
Pv2.1_02_27666886_G/A,Chr02,27666886,0.0246052661278031,6021,FALSE
Pv2.1_02_39814197_A/G,Chr02,39814197,0.0246052444152998,6022,FALSE
Pv2.1_03_51109671_T/A,Chr03,51109671,0.024604188568047,6023,FALSE
Pv2.1_03_49650856_A/T,Chr03,49650856,0.0245965098947591,6024,FALSE
Pv2.1_02_29140681_C/T,Chr02,29140681,0.0245963074007469,6025,FALSE
Pv2.1_01_4953452_G/A,Chr01,4953452,0.0245926524303353,6026,FALSE
Pv2.1_11_51046811_C/CA,Chr11,51046811,0.0245886936758541,6027,FALSE
Pv2.1_03_13132854_T/TC,Chr03,13132854,0.0245825545335219,6028,FALSE
Pv2.1_02_12058506_C/A,Chr02,12058506,0.0245794258221448,6029,FALSE
Pv2.1_10_30949470_G/C,Chr10,30949470,0.0245788855289595,6030,FALSE
Pv2.1_01_105860_G/T,Chr01,105860,0.024577586157168,6031,FALSE
Pv2.1_08_57637552_TAA/T,Chr08,57637552,0.0245768719024722,6032,FALSE
Pv2.1_08_62807487_C/T,Chr08,62807487,0.024573956059057,6033,FALSE
Pv2.1_09_34998964_A/G,Chr09,34998964,0.0245738914176887,6034,FALSE
Pv2.1_02_25190312_T/C,Chr02,25190312,0.0245712272329071,6035,FALSE
Pv2.1_08_60277496_T/G,Chr08,60277496,0.0245675651850914,6036,FALSE
Pv2.1_02_49600283_G/C,Chr02,49600283,0.0245667264177616,6037,FALSE
Pv2.1_05_38364745_A/G,Chr05,38364745,0.0245630982755269,6038,FALSE
Pv2.1_06_9560163_T/C,Chr06,9560163,0.0245629426309426,6039,FALSE
Pv2.1_03_52871721_C/A,Chr03,52871721,0.0245629289233116,6040,FALSE
Pv2.1_11_51585114_G/T,Chr11,51585114,0.0245619983878269,6041,FALSE
Pv2.1_08_7910411_T/C,Chr08,7910411,0.0245618786128121,6042,FALSE
Pv2.1_05_17903105_T/C,Chr05,17903105,0.0245601412813627,6043,FALSE
Pv2.1_03_40736314_C/T,Chr03,40736314,0.0245523184860854,6044,FALSE
Pv2.1_07_38944918_C/T,Chr07,38944918,0.0245520201427651,6045,FALSE
Pv2.1_08_60472001_T/A,Chr08,60472001,0.0245489496617419,6046,FALSE
Pv2.1_06_23658507_T/A,Chr06,23658507,0.0245487754885279,6047,FALSE
Pv2.1_08_53653321_G/A,Chr08,53653321,0.0245478013945286,6048,FALSE
Pv2.1_06_25753620_T/C,Chr06,25753620,0.0245465409849084,6049,FALSE
Pv2.1_03_12235532_C/A,Chr03,12235532,0.0245450505593996,6050,FALSE
Pv2.1_03_7908214_T/G,Chr03,7908214,0.02454333227772,6051,FALSE
Pv2.1_03_33385429_G/GC,Chr03,33385429,0.0245421930952015,6052,FALSE
Pv2.1_01_2173987_T/C,Chr01,2173987,0.0245376559657835,6053,FALSE
Pv2.1_06_28022502_A/G,Chr06,28022502,0.0245356874767131,6054,FALSE
Pv2.1_04_7512703_C/A,Chr04,7512703,0.0245349412597724,6055,FALSE
Pv2.1_08_13361339_A/T,Chr08,13361339,0.0245338475336907,6056,FALSE
Pv2.1_03_33548123_G/A,Chr03,33548123,0.0245316842022216,6057,FALSE
Pv2.1_08_62426150_A/C,Chr08,62426150,0.0245299756266255,6058,FALSE
Pv2.1_06_26660353_A/T,Chr06,26660353,0.0245264938689078,6059,FALSE
Pv2.1_10_42533845_A/G,Chr10,42533845,0.0245253286324143,6060,FALSE
Pv2.1_04_45177588_A/G,Chr04,45177588,0.0245251845793715,6061,FALSE
Pv2.1_09_7675752_G/A,Chr09,7675752,0.0245247305840657,6062,FALSE
Pv2.1_06_15481190_A/G,Chr06,15481190,0.0245244339010027,6063,FALSE
Pv2.1_08_62588879_G/A,Chr08,62588879,0.0245231243514588,6064,FALSE
Pv2.1_07_4549470_A/AT,Chr07,4549470,0.0245219332677356,6065,FALSE
Pv2.1_10_42949914_T/C,Chr10,42949914,0.024521644280822,6066,FALSE
Pv2.1_07_40017631_T/A,Chr07,40017631,0.024521149443868,6067,FALSE
Pv2.1_11_49286612_C/A,Chr11,49286612,0.024510803132741,6068,FALSE
Pv2.1_10_42752981_C/T,Chr10,42752981,0.0245094249796427,6069,FALSE
Pv2.1_04_3207746_G/A,Chr04,3207746,0.0245048066425215,6070,FALSE
Pv2.1_10_43254544_T/G,Chr10,43254544,0.0245034986488171,6071,FALSE
Pv2.1_08_59994978_G/A,Chr08,59994978,0.0245024071378799,6072,FALSE
Pv2.1_03_52993624_T/C,Chr03,52993624,0.0245012951380081,6073,FALSE
Pv2.1_06_20303361_A/G,Chr06,20303361,0.0245001842859058,6074,FALSE
Pv2.1_08_62898034_T/C,Chr08,62898034,0.0244984850143037,6075,FALSE
Pv2.1_02_44728354_C/T,Chr02,44728354,0.0244953239474772,6076,FALSE
Pv2.1_05_40443472_GAA/G,Chr05,40443472,0.0244893941535072,6077,FALSE
Pv2.1_06_19617245_C/G,Chr06,19617245,0.0244889967069661,6078,FALSE
Pv2.1_07_3568765_G/A,Chr07,3568765,0.0244876826852805,6079,FALSE
Pv2.1_07_37986611_G/GGTT,Chr07,37986611,0.0244829893274736,6080,FALSE
Pv2.1_03_36439511_T/C,Chr03,36439511,0.0244822136019449,6081,FALSE
Pv2.1_03_36439512_T/C,Chr03,36439512,0.0244822136019449,6082,FALSE
Pv2.1_03_45722483_T/G,Chr03,45722483,0.0244818577716153,6083,FALSE
Pv2.1_06_28593057_C/G,Chr06,28593057,0.0244746250521857,6084,FALSE
Pv2.1_07_9106073_T/A,Chr07,9106073,0.0244738578375463,6085,FALSE
Pv2.1_07_9106073_T/C,Chr07,9106073,0.0244738578375463,6086,FALSE
Pv2.1_07_37259093_TGAA/T,Chr07,37259093,0.0244722891503755,6087,FALSE
Pv2.1_11_49164953_G/A,Chr11,49164953,0.0244693099979139,6088,FALSE
Pv2.1_08_59870148_C/T,Chr08,59870148,0.0244690975088271,6089,FALSE
Pv2.1_08_60683241_C/T,Chr08,60683241,0.0244676385328826,6090,FALSE
Pv2.1_05_172647_T/C,Chr05,172647,0.0244673568808831,6091,FALSE
Pv2.1_09_14586265_T/A,Chr09,14586265,0.0244637675608463,6092,FALSE
Pv2.1_08_58416460_A/C,Chr08,58416460,0.0244620873768473,6093,FALSE
Pv2.1_11_47282439_C/A,Chr11,47282439,0.0244611315492631,6094,FALSE
Pv2.1_08_62662634_C/CTCA,Chr08,62662634,0.0244571756188217,6095,FALSE
Pv2.1_10_41875901_C/T,Chr10,41875901,0.0244560374442933,6096,FALSE
Pv2.1_01_2454516_G/A,Chr01,2454516,0.0244530274910035,6097,FALSE
Pv2.1_01_5016387_A/G,Chr01,5016387,0.0244520553159742,6098,FALSE
Pv2.1_09_22620233_C/T,Chr09,22620233,0.0244476826163984,6099,FALSE
Pv2.1_03_7921530_T/TG,Chr03,7921530,0.0244455217137505,6100,FALSE
Pv2.1_03_41873826_C/G,Chr03,41873826,0.0244442108595475,6101,FALSE
Pv2.1_07_9106034_A/G,Chr07,9106034,0.024441356429918,6102,FALSE
Pv2.1_10_26836990_C/G,Chr10,26836990,0.0244357062009786,6103,FALSE
Pv2.1_11_1581563_A/C,Chr11,1581563,0.0244335550709391,6104,FALSE
Pv2.1_06_25366327_A/G,Chr06,25366327,0.0244312805439435,6105,FALSE
Pv2.1_11_3951041_AC/A,Chr11,3951041,0.0244234378394945,6106,FALSE
Pv2.1_08_53645509_C/T,Chr08,53645509,0.0244209681739838,6107,FALSE
Pv2.1_04_2032755_A/T,Chr04,2032755,0.0244156342746358,6108,FALSE
Pv2.1_10_44025101_A/T,Chr10,44025101,0.0244144506217494,6109,FALSE
Pv2.1_03_53076714_G/A,Chr03,53076714,0.0244118509031335,6110,FALSE
Pv2.1_07_4000940_G/A,Chr07,4000940,0.0244088311797968,6111,FALSE
Pv2.1_08_7893675_G/A,Chr08,7893675,0.0244078399214569,6112,FALSE
Pv2.1_08_1589850_G/T,Chr08,1589850,0.0244070755107466,6113,FALSE
Pv2.1_08_1589851_A/C,Chr08,1589851,0.0244070755107466,6114,FALSE
Pv2.1_08_61885706_C/T,Chr08,61885706,0.0243973360723189,6115,FALSE
Pv2.1_11_50066878_G/A,Chr11,50066878,0.0243945313889418,6116,FALSE
Pv2.1_11_50066881_T/G,Chr11,50066881,0.0243945313889418,6117,FALSE
Pv2.1_11_50066851_G/A,Chr11,50066851,0.0243935133845015,6118,FALSE
Pv2.1_08_62787589_A/T,Chr08,62787589,0.0243932803282538,6119,FALSE
Pv2.1_08_1154235_C/T,Chr08,1154235,0.0243882169223735,6120,FALSE
Pv2.1_10_749231_A/T,Chr10,749231,0.0243864624472461,6121,FALSE
Pv2.1_06_20187993_C/G,Chr06,20187993,0.0243839105250703,6122,FALSE
Pv2.1_08_58743444_A/ACT,Chr08,58743444,0.0243683967948041,6123,FALSE
Pv2.1_11_45756606_C/T,Chr11,45756606,0.0243670943940972,6124,FALSE
Pv2.1_05_2710548_G/A,Chr05,2710548,0.0243664082291426,6125,FALSE
Pv2.1_03_12235539_T/C,Chr03,12235539,0.0243656256523037,6126,FALSE
Pv2.1_09_13681364_G/A,Chr09,13681364,0.0243628759057684,6127,FALSE
Pv2.1_03_52595070_G/A,Chr03,52595070,0.024361414869472,6128,FALSE
Pv2.1_11_24587568_A/C,Chr11,24587568,0.0243594208271807,6129,FALSE
Pv2.1_01_3548935_A/T,Chr01,3548935,0.0243534199775111,6130,FALSE
Pv2.1_06_21403266_C/T,Chr06,21403266,0.0243480582645694,6131,FALSE
Pv2.1_03_398184_G/A,Chr03,398184,0.0243414715743868,6132,FALSE
Pv2.1_07_38565726_A/G,Chr07,38565726,0.0243385931859654,6133,FALSE
Pv2.1_11_561851_T/C,Chr11,561851,0.0243371009206177,6134,FALSE
Pv2.1_02_3058674_A/G,Chr02,3058674,0.0243370550896107,6135,FALSE
Pv2.1_05_38290137_G/T,Chr05,38290137,0.0243348013088411,6136,FALSE
Pv2.1_04_281300_C/T,Chr04,281300,0.024329606229113,6137,FALSE
Pv2.1_01_789281_G/A,Chr01,789281,0.0243277969942262,6138,FALSE
Pv2.1_02_20278841_T/C,Chr02,20278841,0.0243252785091515,6139,FALSE
Pv2.1_05_38383800_T/C,Chr05,38383800,0.0243197584511159,6140,FALSE
Pv2.1_07_3427326_C/A,Chr07,3427326,0.0243181851063472,6141,FALSE
Pv2.1_07_38824964_A/G,Chr07,38824964,0.02431478375295,6142,FALSE
Pv2.1_02_3415449_A/G,Chr02,3415449,0.0243140582850026,6143,FALSE
Pv2.1_08_61388457_T/C,Chr08,61388457,0.024312894116691,6144,FALSE
Pv2.1_07_21113633_T/C,Chr07,21113633,0.0243118677206349,6145,FALSE
Pv2.1_09_36703845_A/G,Chr09,36703845,0.0243115327268906,6146,FALSE
Pv2.1_09_23486218_T/G,Chr09,23486218,0.0243098607845798,6147,FALSE
Pv2.1_07_3273944_C/G,Chr07,3273944,0.0243086694115724,6148,FALSE
Pv2.1_08_62899552_A/T,Chr08,62899552,0.0243056165241362,6149,FALSE
Pv2.1_10_37108450_T/C,Chr10,37108450,0.0242993440555015,6150,FALSE
Pv2.1_08_60662735_T/A,Chr08,60662735,0.0242971989341556,6151,FALSE
Pv2.1_08_60662790_C/G,Chr08,60662790,0.0242971989341556,6152,FALSE
Pv2.1_09_29011977_A/G,Chr09,29011977,0.0242950066364163,6153,FALSE
Pv2.1_11_2775768_T/G,Chr11,2775768,0.0242874158407309,6154,FALSE
Pv2.1_01_61992_A/T,Chr01,61992,0.0242868429860597,6155,FALSE
Pv2.1_03_7263081_A/G,Chr03,7263081,0.0242802366020247,6156,FALSE
Pv2.1_07_35375284_G/A,Chr07,35375284,0.024268876876322,6157,FALSE
Pv2.1_11_3135895_C/G,Chr11,3135895,0.024264526157431,6158,FALSE
Pv2.1_09_13688994_T/C,Chr09,13688994,0.0242641066248899,6159,FALSE
Pv2.1_09_13688996_T/C,Chr09,13688996,0.0242641066248899,6160,FALSE
Pv2.1_07_4464095_A/G,Chr07,4464095,0.0242584406885036,6161,FALSE
Pv2.1_08_62589899_G/A,Chr08,62589899,0.0242527747688261,6162,FALSE
Pv2.1_09_1850403_T/A,Chr09,1850403,0.0242502446196236,6163,FALSE
Pv2.1_03_31135833_T/A,Chr03,31135833,0.0242494835079721,6164,FALSE
Pv2.1_05_7376171_C/T,Chr05,7376171,0.0242397606943863,6165,FALSE
Pv2.1_04_45663712_C/CCTA,Chr04,45663712,0.0242370283801208,6166,FALSE
Pv2.1_07_485561_G/C,Chr07,485561,0.0242359313467002,6167,FALSE
Pv2.1_02_27981428_T/C,Chr02,27981428,0.0242323445830479,6168,FALSE
Pv2.1_08_62490561_A/T,Chr08,62490561,0.0242263296610314,6169,FALSE
Pv2.1_10_39735420_G/A,Chr10,39735420,0.0242248919899559,6170,FALSE
Pv2.1_07_4131233_T/C,Chr07,4131233,0.0242197248397638,6171,FALSE
Pv2.1_05_132278_A/G,Chr05,132278,0.0242183976326906,6172,FALSE
Pv2.1_05_132287_G/A,Chr05,132287,0.0242183976326906,6173,FALSE
Pv2.1_09_22473196_G/A,Chr09,22473196,0.0242179294225577,6174,FALSE
Pv2.1_02_35484149_A/T,Chr02,35484149,0.0242138792418367,6175,FALSE
Pv2.1_07_37961499_C/A,Chr07,37961499,0.0242134949655126,6176,FALSE
Pv2.1_07_4074549_G/T,Chr07,4074549,0.0242117116228586,6177,FALSE
Pv2.1_06_687978_T/C,Chr06,687978,0.0242089320007572,6178,FALSE
Pv2.1_04_45663666_A/T,Chr04,45663666,0.0242049598523648,6179,FALSE
Pv2.1_09_22620486_A/C,Chr09,22620486,0.0242022540215485,6180,FALSE
Pv2.1_08_60470363_C/T,Chr08,60470363,0.0241984751419011,6181,FALSE
Pv2.1_08_58599964_A/C,Chr08,58599964,0.0241965557777055,6182,FALSE
Pv2.1_11_1162192_A/C,Chr11,1162192,0.0241964161498354,6183,FALSE
Pv2.1_08_9410030_T/C,Chr08,9410030,0.024194165687808,6184,FALSE
Pv2.1_07_27221914_C/G,Chr07,27221914,0.0241929167582309,6185,FALSE
Pv2.1_11_36105496_C/A,Chr11,36105496,0.0241889807113012,6186,FALSE
Pv2.1_11_36105541_G/A,Chr11,36105541,0.0241889807113012,6187,FALSE
Pv2.1_09_22466308_C/T,Chr09,22466308,0.0241874576945533,6188,FALSE
Pv2.1_08_60348341_G/T,Chr08,60348341,0.0241837149681641,6189,FALSE
Pv2.1_03_32702510_C/T,Chr03,32702510,0.0241765526940299,6190,FALSE
Pv2.1_06_20443240_A/G,Chr06,20443240,0.024163823711703,6191,FALSE
Pv2.1_04_1593371_T/C,Chr04,1593371,0.0241627162746929,6192,FALSE
Pv2.1_11_49890774_A/G,Chr11,49890774,0.0241589428304891,6193,FALSE
Pv2.1_08_62552973_A/T,Chr08,62552973,0.0241585404740499,6194,FALSE
Pv2.1_09_36911917_TAAC/T,Chr09,36911917,0.0241546828430614,6195,FALSE
Pv2.1_06_28226194_C/G,Chr06,28226194,0.0241509461177047,6196,FALSE
Pv2.1_06_28226219_A/C,Chr06,28226219,0.0241509461177047,6197,FALSE
Pv2.1_01_42971854_C/A,Chr01,42971854,0.0241450234812901,6198,FALSE
Pv2.1_08_60390864_T/C,Chr08,60390864,0.0241441198426733,6199,FALSE
Pv2.1_08_58321322_AT/A,Chr08,58321322,0.024140714562674,6200,FALSE
Pv2.1_03_1033615_A/T,Chr03,1033615,0.0241368386858385,6201,FALSE
Pv2.1_07_29259343_T/G,Chr07,29259343,0.0241302732292614,6202,FALSE
Pv2.1_09_36515810_T/C,Chr09,36515810,0.0241296768369166,6203,FALSE
Pv2.1_09_36515834_G/T,Chr09,36515834,0.0241296768369166,6204,FALSE
Pv2.1_09_36515846_T/C,Chr09,36515846,0.0241296768369166,6205,FALSE
Pv2.1_02_35804927_G/A,Chr02,35804927,0.0241245529538974,6206,FALSE
Pv2.1_08_8455694_G/T,Chr08,8455694,0.0241242590729889,6207,FALSE
Pv2.1_01_13119618_T/C,Chr01,13119618,0.0241230227510192,6208,FALSE
Pv2.1_02_26980277_A/G,Chr02,26980277,0.0241215737528191,6209,FALSE
Pv2.1_08_59115644_A/C,Chr08,59115644,0.0241215556246828,6210,FALSE
Pv2.1_08_391909_T/C,Chr08,391909,0.0241203235411129,6211,FALSE
Pv2.1_08_391944_G/T,Chr08,391944,0.0241203235411129,6212,FALSE
Pv2.1_08_62588703_C/T,Chr08,62588703,0.0241194045435367,6213,FALSE
Pv2.1_03_8784079_C/T,Chr03,8784079,0.0241188440744748,6214,FALSE
Pv2.1_08_61479264_T/C,Chr08,61479264,0.0241163781189777,6215,FALSE
Pv2.1_11_1662086_A/T,Chr11,1662086,0.0241153886726044,6216,FALSE
Pv2.1_04_12536063_C/T,Chr04,12536063,0.0241139233040211,6217,FALSE
Pv2.1_06_26507214_G/A,Chr06,26507214,0.0241125876220671,6218,FALSE
Pv2.1_11_4544865_G/A,Chr11,4544865,0.0241106842225687,6219,FALSE
Pv2.1_04_45948088_G/C,Chr04,45948088,0.0241046235055431,6220,FALSE
Pv2.1_04_3259082_A/G,Chr04,3259082,0.0241037093318468,6221,FALSE
Pv2.1_08_61869608_C/T,Chr08,61869608,0.0240984093750036,6222,FALSE
Pv2.1_10_42644312_G/A,Chr10,42644312,0.0240968961594135,6223,FALSE
Pv2.1_01_49772304_A/G,Chr01,49772304,0.0240936633542304,6224,FALSE
Pv2.1_09_16552415_C/A,Chr09,16552415,0.0240926996188362,6225,FALSE
Pv2.1_04_7661242_T/A,Chr04,7661242,0.0240897691539868,6226,FALSE
Pv2.1_02_1521472_T/A,Chr02,1521472,0.0240881691242452,6227,FALSE
Pv2.1_08_1169927_C/G,Chr08,1169927,0.0240859631138766,6228,FALSE
Pv2.1_08_52701916_G/A,Chr08,52701916,0.0240841640822387,6229,FALSE
Pv2.1_03_7428162_G/A,Chr03,7428162,0.0240839978147229,6230,FALSE
Pv2.1_08_62139186_A/G,Chr08,62139186,0.024081371913419,6231,FALSE
Pv2.1_11_3949471_CAT/C,Chr11,3949471,0.0240788641643883,6232,FALSE
Pv2.1_09_22376369_T/A,Chr09,22376369,0.0240775932628461,6233,FALSE
Pv2.1_08_640204_G/A,Chr08,640204,0.0240713311320033,6234,FALSE
Pv2.1_09_38046050_A/C,Chr09,38046050,0.0240703944768819,6235,FALSE
Pv2.1_03_41821306_A/G,Chr03,41821306,0.0240659548235369,6236,FALSE
Pv2.1_07_39831657_C/T,Chr07,39831657,0.0240647050237577,6237,FALSE
Pv2.1_03_52635930_G/A,Chr03,52635930,0.0240642228000896,6238,FALSE
Pv2.1_07_36799688_G/T,Chr07,36799688,0.0240631574778729,6239,FALSE
Pv2.1_03_37426587_G/A,Chr03,37426587,0.0240631357910082,6240,FALSE
Pv2.1_06_18086487_T/C,Chr06,18086487,0.0240606588872452,6241,FALSE
Pv2.1_11_53419926_C/CA,Chr11,53419926,0.0240602325746289,6242,FALSE
Pv2.1_08_62313824_G/A,Chr08,62313824,0.0240528850741932,6243,FALSE
Pv2.1_04_45436164_G/C,Chr04,45436164,0.024052197174401,6244,FALSE
Pv2.1_07_39569881_C/T,Chr07,39569881,0.0240457302890809,6245,FALSE
Pv2.1_08_62956362_T/C,Chr08,62956362,0.0240455689903154,6246,FALSE
Pv2.1_08_61901239_A/G,Chr08,61901239,0.0240455211874209,6247,FALSE
Pv2.1_11_53497567_A/G,Chr11,53497567,0.0240367111327995,6248,FALSE
Pv2.1_11_3970860_G/A,Chr11,3970860,0.0240358867431203,6249,FALSE
Pv2.1_07_4014372_C/T,Chr07,4014372,0.0240325708614231,6250,FALSE
Pv2.1_06_24936165_T/G,Chr06,24936165,0.0240323628196064,6251,FALSE
Pv2.1_07_9346642_C/T,Chr07,9346642,0.0240321657190434,6252,FALSE
Pv2.1_09_37603616_A/C,Chr09,37603616,0.0240288976826957,6253,FALSE
Pv2.1_09_37603620_G/A,Chr09,37603620,0.0240288976826957,6254,FALSE
Pv2.1_09_37603631_A/T,Chr09,37603631,0.0240288976826957,6255,FALSE
Pv2.1_02_27544389_G/A,Chr02,27544389,0.0240271772497604,6256,FALSE
Pv2.1_03_45753146_G/A,Chr03,45753146,0.0240205343564131,6257,FALSE
Pv2.1_03_36476317_C/G,Chr03,36476317,0.0240174967676734,6258,FALSE
Pv2.1_03_812336_A/G,Chr03,812336,0.0240174108805986,6259,FALSE
Pv2.1_07_22229735_G/A,Chr07,22229735,0.0240117024025639,6260,FALSE
Pv2.1_02_44838686_A/G,Chr02,44838686,0.0240091253115136,6261,FALSE
Pv2.1_02_44838711_C/A,Chr02,44838711,0.0240091253115136,6262,FALSE
Pv2.1_09_36725468_G/T,Chr09,36725468,0.0240088602414046,6263,FALSE
Pv2.1_08_26469337_T/C,Chr08,26469337,0.0240081646555601,6264,FALSE
Pv2.1_08_62007626_A/T,Chr08,62007626,0.0240043300675774,6265,FALSE
Pv2.1_08_62495513_C/T,Chr08,62495513,0.0240042723550844,6266,FALSE
Pv2.1_02_2100795_C/G,Chr02,2100795,0.024003731388698,6267,FALSE
Pv2.1_06_5756997_C/T,Chr06,5756997,0.0239985189163514,6268,FALSE
Pv2.1_08_59865314_A/G,Chr08,59865314,0.0239944380631609,6269,FALSE
Pv2.1_08_59865315_A/G,Chr08,59865315,0.0239944380631609,6270,FALSE
Pv2.1_10_43544661_G/A,Chr10,43544661,0.0239885041918604,6271,FALSE
Pv2.1_06_28228050_C/G,Chr06,28228050,0.0239882215628406,6272,FALSE
Pv2.1_06_18934421_T/A,Chr06,18934421,0.0239873277778799,6273,FALSE
Pv2.1_05_39970167_G/C,Chr05,39970167,0.0239812403111044,6274,FALSE
Pv2.1_07_40011075_C/T,Chr07,40011075,0.0239770394516521,6275,FALSE
Pv2.1_06_25497454_T/A,Chr06,25497454,0.023976855731132,6276,FALSE
Pv2.1_04_506308_A/G,Chr04,506308,0.0239764281359034,6277,FALSE
Pv2.1_05_11941848_A/G,Chr05,11941848,0.0239761305965462,6278,FALSE
Pv2.1_04_533994_G/A,Chr04,533994,0.0239747414670162,6279,FALSE
Pv2.1_06_19910820_G/C,Chr06,19910820,0.0239719889733698,6280,FALSE
Pv2.1_07_37986239_A/T,Chr07,37986239,0.0239691575748138,6281,FALSE
Pv2.1_04_46934145_G/A,Chr04,46934145,0.0239682378319435,6282,FALSE
Pv2.1_08_62972835_G/C,Chr08,62972835,0.0239658847496833,6283,FALSE
Pv2.1_03_53030006_T/A,Chr03,53030006,0.0239653443376984,6284,FALSE
Pv2.1_03_53030016_A/G,Chr03,53030016,0.0239653443376984,6285,FALSE
Pv2.1_11_47185970_C/T,Chr11,47185970,0.0239651492104032,6286,FALSE
Pv2.1_09_29983151_A/G,Chr09,29983151,0.0239507913296171,6287,FALSE
Pv2.1_09_35520413_G/A,Chr09,35520413,0.0239470696516468,6288,FALSE
Pv2.1_02_33626519_G/GAA,Chr02,33626519,0.0239453444409334,6289,FALSE
Pv2.1_11_2742876_C/G,Chr11,2742876,0.0239438292533647,6290,FALSE
Pv2.1_08_60360078_C/T,Chr08,60360078,0.0239396388787223,6291,FALSE
Pv2.1_09_381397_C/A,Chr09,381397,0.0239381034300754,6292,FALSE
Pv2.1_01_4953598_T/A,Chr01,4953598,0.0239310764588869,6293,FALSE
Pv2.1_06_28041335_G/A,Chr06,28041335,0.0239295495427454,6294,FALSE
Pv2.1_08_58599828_A/G,Chr08,58599828,0.0239287989361348,6295,FALSE
Pv2.1_02_27701263_C/T,Chr02,27701263,0.0239261646579707,6296,FALSE
Pv2.1_08_59709930_T/C,Chr08,59709930,0.0239251824266762,6297,FALSE
Pv2.1_08_61870969_A/T,Chr08,61870969,0.0239219249984379,6298,FALSE
Pv2.1_03_40356597_A/G,Chr03,40356597,0.0239215700383282,6299,FALSE
Pv2.1_07_860878_G/T,Chr07,860878,0.0239190325883421,6300,FALSE
Pv2.1_02_27740307_C/T,Chr02,27740307,0.0239176123984715,6301,FALSE
Pv2.1_06_28228195_T/A,Chr06,28228195,0.0239174520353833,6302,FALSE
Pv2.1_03_39275065_A/G,Chr03,39275065,0.023915449758392,6303,FALSE
Pv2.1_07_4859699_A/G,Chr07,4859699,0.0239140920543433,6304,FALSE
Pv2.1_08_1465798_GAGC/G,Chr08,1465798,0.0239105083236524,6305,FALSE
Pv2.1_10_42635908_T/C,Chr10,42635908,0.0239086607184382,6306,FALSE
Pv2.1_02_1895484_T/A,Chr02,1895484,0.0239058415389333,6307,FALSE
Pv2.1_11_38370604_A/G,Chr11,38370604,0.0239035437814263,6308,FALSE
Pv2.1_09_37990915_T/G,Chr09,37990915,0.0238990905115055,6309,FALSE
Pv2.1_06_33395_G/A,Chr06,33395,0.0238984414741852,6310,FALSE
Pv2.1_05_9375094_C/A,Chr05,9375094,0.0238956510789849,6311,FALSE
Pv2.1_10_40936883_T/G,Chr10,40936883,0.0238925991939629,6312,FALSE
Pv2.1_11_19880839_A/G,Chr11,19880839,0.0238911831364144,6313,FALSE
Pv2.1_08_9926053_T/C,Chr08,9926053,0.0238838872799261,6314,FALSE
Pv2.1_10_42187792_A/G,Chr10,42187792,0.0238810849390476,6315,FALSE
Pv2.1_08_57920035_T/C,Chr08,57920035,0.023880012738787,6316,FALSE
Pv2.1_03_7209051_C/T,Chr03,7209051,0.0238771973584253,6317,FALSE
Pv2.1_01_5757649_A/G,Chr01,5757649,0.0238695051139883,6318,FALSE
Pv2.1_08_62972268_A/G,Chr08,62972268,0.0238674712866911,6319,FALSE
Pv2.1_01_16859559_A/T,Chr01,16859559,0.023864272354051,6320,FALSE
Pv2.1_06_12424121_C/G,Chr06,12424121,0.0238619536097824,6321,FALSE
Pv2.1_08_61826038_G/A,Chr08,61826038,0.0238619434420517,6322,FALSE
Pv2.1_03_32742923_C/CCA,Chr03,32742923,0.0238561609233461,6323,FALSE
Pv2.1_11_1872412_A/G,Chr11,1872412,0.0238525617690271,6324,FALSE
Pv2.1_08_16674248_A/G,Chr08,16674248,0.0238518022771377,6325,FALSE
Pv2.1_09_22304249_C/A,Chr09,22304249,0.0238511841055149,6326,FALSE
Pv2.1_03_2214007_G/A,Chr03,2214007,0.0238458076291725,6327,FALSE
Pv2.1_04_46934152_T/C,Chr04,46934152,0.0238426557848777,6328,FALSE
Pv2.1_07_9337520_T/A,Chr07,9337520,0.0238424295894042,6329,FALSE
Pv2.1_08_56137334_G/T,Chr08,56137334,0.0238402798166892,6330,FALSE
Pv2.1_08_62573337_T/G,Chr08,62573337,0.023838792257993,6331,FALSE
Pv2.1_06_26553047_A/T,Chr06,26553047,0.0238383975929239,6332,FALSE
Pv2.1_04_45088513_C/T,Chr04,45088513,0.0238379074430415,6333,FALSE
Pv2.1_11_1193265_A/T,Chr11,1193265,0.0238377757960131,6334,FALSE
Pv2.1_07_39289620_G/A,Chr07,39289620,0.023837585040833,6335,FALSE
Pv2.1_09_37560549_G/T,Chr09,37560549,0.0238372241299341,6336,FALSE
Pv2.1_02_25634058_C/A,Chr02,25634058,0.0238361521685748,6337,FALSE
Pv2.1_07_563368_C/T,Chr07,563368,0.0238347424631593,6338,FALSE
Pv2.1_07_39574705_C/G,Chr07,39574705,0.0238319041204118,6339,FALSE
Pv2.1_03_45753118_T/A,Chr03,45753118,0.023829033353123,6340,FALSE
Pv2.1_03_48880137_C/T,Chr03,48880137,0.0238274563499217,6341,FALSE
Pv2.1_10_42014584_A/C,Chr10,42014584,0.023824359997767,6342,FALSE
Pv2.1_02_40106863_A/T,Chr02,40106863,0.0238207693943888,6343,FALSE
Pv2.1_11_403580_T/C,Chr11,403580,0.023817580014958,6344,FALSE
Pv2.1_11_4533251_G/A,Chr11,4533251,0.0238162416052363,6345,FALSE
Pv2.1_08_58326709_C/A,Chr08,58326709,0.0238155186576665,6346,FALSE
Pv2.1_08_58326711_A/C,Chr08,58326711,0.0238155186576665,6347,FALSE
Pv2.1_06_29931754_C/T,Chr06,29931754,0.0238106133843892,6348,FALSE
Pv2.1_11_29949065_T/C,Chr11,29949065,0.0237981425958389,6349,FALSE
Pv2.1_11_1076474_C/A,Chr11,1076474,0.0237973797252686,6350,FALSE
Pv2.1_03_32711245_G/T,Chr03,32711245,0.0237943731732657,6351,FALSE
Pv2.1_11_1703170_G/A,Chr11,1703170,0.0237885569755494,6352,FALSE
Pv2.1_05_27620809_G/C,Chr05,27620809,0.0237862740795789,6353,FALSE
Pv2.1_06_24112932_G/A,Chr06,24112932,0.023786133489518,6354,FALSE
Pv2.1_07_37323654_C/A,Chr07,37323654,0.0237838672889215,6355,FALSE
Pv2.1_01_49403886_G/A,Chr01,49403886,0.0237816584445865,6356,FALSE
Pv2.1_06_20210658_C/T,Chr06,20210658,0.0237781979877463,6357,FALSE
Pv2.1_03_52708925_T/A,Chr03,52708925,0.0237781168666911,6358,FALSE
Pv2.1_07_594329_A/G,Chr07,594329,0.0237773995970776,6359,FALSE
Pv2.1_08_62939708_C/T,Chr08,62939708,0.0237772822004043,6360,FALSE
Pv2.1_08_62961769_A/G,Chr08,62961769,0.0237761975173489,6361,FALSE
Pv2.1_06_12235624_C/A,Chr06,12235624,0.0237754989169661,6362,FALSE
Pv2.1_09_22620311_G/T,Chr09,22620311,0.0237726817721895,6363,FALSE
Pv2.1_07_3412439_T/A,Chr07,3412439,0.0237723493047999,6364,FALSE
Pv2.1_03_36335789_C/G,Chr03,36335789,0.0237682719744252,6365,FALSE
Pv2.1_11_53537554_T/C,Chr11,53537554,0.0237647596313679,6366,FALSE
Pv2.1_05_255769_T/A,Chr05,255769,0.0237643932971374,6367,FALSE
Pv2.1_08_60249774_A/G,Chr08,60249774,0.023763651523963,6368,FALSE
Pv2.1_02_29058579_A/T,Chr02,29058579,0.02375697964575,6369,FALSE
Pv2.1_02_29058599_C/A,Chr02,29058599,0.02375697964575,6370,FALSE
Pv2.1_02_2260048_C/T,Chr02,2260048,0.0237550226514456,6371,FALSE
Pv2.1_03_36404484_A/T,Chr03,36404484,0.0237518596097654,6372,FALSE
Pv2.1_03_45433860_AT/A,Chr03,45433860,0.0237508110084956,6373,FALSE
Pv2.1_11_50710116_G/T,Chr11,50710116,0.0237459283585277,6374,FALSE
Pv2.1_05_39247654_G/T,Chr05,39247654,0.0237455674390263,6375,FALSE
Pv2.1_06_22450185_T/C,Chr06,22450185,0.0237441453646108,6376,FALSE
Pv2.1_05_39325981_G/A,Chr05,39325981,0.0237439487104467,6377,FALSE
Pv2.1_10_42780490_T/C,Chr10,42780490,0.0237426967350434,6378,FALSE
Pv2.1_10_42780493_T/G,Chr10,42780493,0.0237426967350434,6379,FALSE
Pv2.1_11_30441016_G/A,Chr11,30441016,0.0237422662826945,6380,FALSE
Pv2.1_02_28214349_G/A,Chr02,28214349,0.0237357735348884,6381,FALSE
Pv2.1_07_3473998_G/C,Chr07,3473998,0.0237351271584374,6382,FALSE
Pv2.1_08_62766987_G/A,Chr08,62766987,0.0237296789344685,6383,FALSE
Pv2.1_08_62766996_A/G,Chr08,62766996,0.0237296789344685,6384,FALSE
Pv2.1_04_450721_C/T,Chr04,450721,0.0237282606242033,6385,FALSE
Pv2.1_05_40035138_T/G,Chr05,40035138,0.0237270967645449,6386,FALSE
Pv2.1_09_37752694_G/A,Chr09,37752694,0.0237264277648563,6387,FALSE
Pv2.1_03_979862_A/G,Chr03,979862,0.0237257886434401,6388,FALSE
Pv2.1_02_42196261_G/A,Chr02,42196261,0.0237246544629302,6389,FALSE
Pv2.1_11_50398205_C/G,Chr11,50398205,0.0237238292216033,6390,FALSE
Pv2.1_09_37603653_T/A,Chr09,37603653,0.0237196588495996,6391,FALSE
Pv2.1_02_38513200_T/C,Chr02,38513200,0.0237154101387289,6392,FALSE
Pv2.1_11_49186415_A/T,Chr11,49186415,0.0237119142674427,6393,FALSE
Pv2.1_04_46727431_G/T,Chr04,46727431,0.0237112297956603,6394,FALSE
Pv2.1_04_46727432_A/G,Chr04,46727432,0.0237112297956603,6395,FALSE
Pv2.1_03_1519557_C/T,Chr03,1519557,0.0237107971076842,6396,FALSE
Pv2.1_06_24799614_A/AAT,Chr06,24799614,0.0237091317412141,6397,FALSE
Pv2.1_08_9129918_A/T,Chr08,9129918,0.0237075350125675,6398,FALSE
Pv2.1_03_37404759_C/T,Chr03,37404759,0.0237067914438462,6399,FALSE
Pv2.1_09_36725472_C/T,Chr09,36725472,0.0237051856844803,6400,FALSE
Pv2.1_04_12237186_C/T,Chr04,12237186,0.0237050218409922,6401,FALSE
Pv2.1_08_58990724_A/AT,Chr08,58990724,0.0237018714233033,6402,FALSE
Pv2.1_11_1411758_A/G,Chr11,1411758,0.0237015211686433,6403,FALSE
Pv2.1_06_20959266_A/T,Chr06,20959266,0.0236994183032704,6404,FALSE
Pv2.1_06_13814793_C/T,Chr06,13814793,0.0236990902326855,6405,FALSE
Pv2.1_11_1276636_T/C,Chr11,1276636,0.023698058134384,6406,FALSE
Pv2.1_11_50054929_C/T,Chr11,50054929,0.0236966161682717,6407,FALSE
Pv2.1_07_36083960_A/C,Chr07,36083960,0.0236960184344115,6408,FALSE
Pv2.1_11_1316891_T/A,Chr11,1316891,0.0236940179024576,6409,FALSE
Pv2.1_01_12576395_G/A,Chr01,12576395,0.0236893668755602,6410,FALSE
Pv2.1_11_50569863_C/G,Chr11,50569863,0.0236882466603636,6411,FALSE
Pv2.1_03_41818850_G/A,Chr03,41818850,0.0236858879367539,6412,FALSE
Pv2.1_08_11941618_G/A,Chr08,11941618,0.0236844588744698,6413,FALSE
Pv2.1_10_29244169_G/A,Chr10,29244169,0.0236821758784189,6414,FALSE
Pv2.1_11_47092376_G/A,Chr11,47092376,0.0236814394800455,6415,FALSE
Pv2.1_02_561868_T/C,Chr02,561868,0.023681339318895,6416,FALSE
Pv2.1_02_561872_C/T,Chr02,561872,0.023681339318895,6417,FALSE
Pv2.1_06_19589629_A/G,Chr06,19589629,0.0236774850096375,6418,FALSE
Pv2.1_01_49772322_A/C,Chr01,49772322,0.0236749312129789,6419,FALSE
Pv2.1_08_1169909_T/C,Chr08,1169909,0.0236709819310104,6420,FALSE
Pv2.1_01_4621002_G/T,Chr01,4621002,0.0236693931452203,6421,FALSE
Pv2.1_05_283589_TC/T,Chr05,283589,0.0236690893990081,6422,FALSE
Pv2.1_06_23593428_G/A,Chr06,23593428,0.0236687338838535,6423,FALSE
Pv2.1_11_53467779_A/ACT,Chr11,53467779,0.0236670667943897,6424,FALSE
Pv2.1_03_1302845_C/A,Chr03,1302845,0.0236619323794924,6425,FALSE
Pv2.1_06_19232987_A/G,Chr06,19232987,0.0236587073623156,6426,FALSE
Pv2.1_08_55834599_A/G,Chr08,55834599,0.0236580980461181,6427,FALSE
Pv2.1_08_13606982_G/A,Chr08,13606982,0.0236563959068667,6428,FALSE
Pv2.1_08_36590928_T/C,Chr08,36590928,0.02365543732741,6429,FALSE
Pv2.1_06_29893946_T/C,Chr06,29893946,0.0236491738112101,6430,FALSE
Pv2.1_06_29893946_T/CATC,Chr06,29893946,0.0236491738112097,6431,FALSE
Pv2.1_11_17491682_T/A,Chr11,17491682,0.0236477564693161,6432,FALSE
Pv2.1_03_41873840_G/T,Chr03,41873840,0.0236428117044514,6433,FALSE
Pv2.1_11_943624_T/A,Chr11,943624,0.0236418959939089,6434,FALSE
Pv2.1_10_4468474_A/T,Chr10,4468474,0.0236415434256454,6435,FALSE
Pv2.1_06_20660581_G/T,Chr06,20660581,0.0236403858227723,6436,FALSE
Pv2.1_11_31391560_G/T,Chr11,31391560,0.0236386760089724,6437,FALSE
Pv2.1_11_49883474_G/A,Chr11,49883474,0.0236384950324777,6438,FALSE
Pv2.1_03_548733_C/G,Chr03,548733,0.0236378916590376,6439,FALSE
Pv2.1_11_2596588_G/T,Chr11,2596588,0.0236363892722919,6440,FALSE
Pv2.1_02_42196260_A/G,Chr02,42196260,0.0236277070218267,6441,FALSE
Pv2.1_02_27727283_G/A,Chr02,27727283,0.0236203959580692,6442,FALSE
Pv2.1_07_36799820_C/A,Chr07,36799820,0.0236179732608535,6443,FALSE
Pv2.1_06_25139321_T/A,Chr06,25139321,0.0236128866542114,6444,FALSE
Pv2.1_11_3778787_C/T,Chr11,3778787,0.0236124622205183,6445,FALSE
Pv2.1_03_30652231_G/A,Chr03,30652231,0.0236119160758572,6446,FALSE
Pv2.1_01_5001324_C/A,Chr01,5001324,0.0236064671373941,6447,FALSE
Pv2.1_06_25619405_T/A,Chr06,25619405,0.0236057967141412,6448,FALSE
Pv2.1_04_43637434_C/T,Chr04,43637434,0.0236035675558153,6449,FALSE
Pv2.1_11_50050465_TATGC/T,Chr11,50050465,0.0236016832816368,6450,FALSE
Pv2.1_08_58991666_G/T,Chr08,58991666,0.0236000395753093,6451,FALSE
Pv2.1_08_58991690_T/A,Chr08,58991690,0.0236000395753093,6452,FALSE
Pv2.1_07_1155253_C/T,Chr07,1155253,0.0235966141425958,6453,FALSE
Pv2.1_07_37986095_T/A,Chr07,37986095,0.0235963096151579,6454,FALSE
Pv2.1_08_59036147_C/A,Chr08,59036147,0.0235946652827828,6455,FALSE
Pv2.1_03_52994301_GAA/G,Chr03,52994301,0.0235946266151696,6456,FALSE
Pv2.1_08_61360964_G/A,Chr08,61360964,0.0235937049613018,6457,FALSE
Pv2.1_06_2224096_A/T,Chr06,2224096,0.023593459828664,6458,FALSE
Pv2.1_01_2503661_A/C,Chr01,2503661,0.0235917149298617,6459,FALSE
Pv2.1_06_23708647_A/G,Chr06,23708647,0.0235916847872963,6460,FALSE
Pv2.1_07_24934_T/A,Chr07,24934,0.0235912809850514,6461,FALSE
Pv2.1_07_8994936_T/A,Chr07,8994936,0.0235896218713281,6462,FALSE
Pv2.1_08_61089153_T/G,Chr08,61089153,0.0235868266711234,6463,FALSE
Pv2.1_07_37412171_C/T,Chr07,37412171,0.0235863743557663,6464,FALSE
Pv2.1_02_29708036_T/C,Chr02,29708036,0.0235835495673866,6465,FALSE
Pv2.1_06_25329917_G/A,Chr06,25329917,0.0235827512471216,6466,FALSE
Pv2.1_08_62212400_G/A,Chr08,62212400,0.0235806295744543,6467,FALSE
Pv2.1_06_24706754_T/C,Chr06,24706754,0.0235801918770324,6468,FALSE
Pv2.1_08_62803857_C/T,Chr08,62803857,0.023579500486425,6469,FALSE
Pv2.1_06_17983645_C/G,Chr06,17983645,0.0235745512457499,6470,FALSE
Pv2.1_08_502328_T/C,Chr08,502328,0.0235705434518465,6471,FALSE
Pv2.1_08_502334_A/G,Chr08,502334,0.0235705434518465,6472,FALSE
Pv2.1_10_5094849_G/A,Chr10,5094849,0.0235651815578866,6473,FALSE
Pv2.1_05_39352642_T/C,Chr05,39352642,0.0235647369266845,6474,FALSE
Pv2.1_07_3871373_G/T,Chr07,3871373,0.023559857971784,6475,FALSE
Pv2.1_09_29088556_A/T,Chr09,29088556,0.023558686866084,6476,FALSE
Pv2.1_05_38217230_G/A,Chr05,38217230,0.0235549726493893,6477,FALSE
Pv2.1_06_1865482_C/T,Chr06,1865482,0.0235539252479629,6478,FALSE
Pv2.1_08_58122400_CAAG/C,Chr08,58122400,0.0235499256978251,6479,FALSE
Pv2.1_04_1564687_T/C,Chr04,1564687,0.0235455578491708,6480,FALSE
Pv2.1_06_15480794_T/C,Chr06,15480794,0.0235407407855583,6481,FALSE
Pv2.1_01_43027263_A/G,Chr01,43027263,0.0235402007724028,6482,FALSE
Pv2.1_11_53496486_A/T,Chr11,53496486,0.0235394356215113,6483,FALSE
Pv2.1_04_46268549_C/A,Chr04,46268549,0.0235391192425904,6484,FALSE
Pv2.1_01_4068387_A/G,Chr01,4068387,0.0235381501358773,6485,FALSE
Pv2.1_11_2905701_G/A,Chr11,2905701,0.023537212521036,6486,FALSE
Pv2.1_03_36501868_A/G,Chr03,36501868,0.023537207869039,6487,FALSE
Pv2.1_08_56216458_C/T,Chr08,56216458,0.0235367980708228,6488,FALSE
Pv2.1_08_62315116_A/T,Chr08,62315116,0.0235353351794054,6489,FALSE
Pv2.1_02_38513125_T/C,Chr02,38513125,0.0235348694321029,6490,FALSE
Pv2.1_04_4561447_T/G,Chr04,4561447,0.0235339354701165,6491,FALSE
Pv2.1_01_51087175_G/A,Chr01,51087175,0.0235330901591748,6492,FALSE
Pv2.1_03_8262415_T/A,Chr03,8262415,0.0235320563920669,6493,FALSE
Pv2.1_08_62212450_C/T,Chr08,62212450,0.0235255633250726,6494,FALSE
Pv2.1_08_59267985_T/C,Chr08,59267985,0.0235231427001508,6495,FALSE
Pv2.1_03_2494112_A/G,Chr03,2494112,0.0235218838208411,6496,FALSE
Pv2.1_03_2494141_G/A,Chr03,2494141,0.0235218838208411,6497,FALSE
Pv2.1_02_37459296_G/A,Chr02,37459296,0.0235194794563958,6498,FALSE
Pv2.1_09_12105339_G/A,Chr09,12105339,0.023519434928243,6499,FALSE
Pv2.1_07_35375286_C/A,Chr07,35375286,0.023517960774349,6500,FALSE
Pv2.1_02_13772036_A/G,Chr02,13772036,0.023516616822679,6501,FALSE
Pv2.1_08_60362244_C/A,Chr08,60362244,0.0235164994494785,6502,FALSE
Pv2.1_06_20409437_C/A,Chr06,20409437,0.0235149673541031,6503,FALSE
Pv2.1_03_2524318_G/A,Chr03,2524318,0.0235144911505492,6504,FALSE
Pv2.1_07_509239_G/A,Chr07,509239,0.0235097960224837,6505,FALSE
Pv2.1_06_30736667_T/A,Chr06,30736667,0.0235048820434378,6506,FALSE
Pv2.1_11_45756664_AT/A,Chr11,45756664,0.0234991057023288,6507,FALSE
Pv2.1_05_2806023_TA/T,Chr05,2806023,0.0234984706946628,6508,FALSE
Pv2.1_01_17718538_GTAT/G,Chr01,17718538,0.0234929883055499,6509,FALSE
Pv2.1_05_16329384_C/T,Chr05,16329384,0.0234920432462098,6510,FALSE
Pv2.1_05_16329394_T/C,Chr05,16329394,0.0234920432462098,6511,FALSE
Pv2.1_09_36935704_G/T,Chr09,36935704,0.0234908435926133,6512,FALSE
Pv2.1_07_36807917_A/AT,Chr07,36807917,0.023489471368408,6513,FALSE
Pv2.1_01_49184285_G/A,Chr01,49184285,0.0234892062230663,6514,FALSE
Pv2.1_07_18363538_T/C,Chr07,18363538,0.0234877294227145,6515,FALSE
Pv2.1_03_12413087_A/G,Chr03,12413087,0.0234875008364424,6516,FALSE
Pv2.1_08_9926043_A/G,Chr08,9926043,0.0234870982769868,6517,FALSE
Pv2.1_06_11457983_A/AT,Chr06,11457983,0.0234857029145901,6518,FALSE
Pv2.1_09_24299400_A/G,Chr09,24299400,0.0234840608365583,6519,FALSE
Pv2.1_04_12206662_A/T,Chr04,12206662,0.023482772289916,6520,FALSE
Pv2.1_06_17625898_TCCG/T,Chr06,17625898,0.0234808338791606,6521,FALSE
Pv2.1_06_137935_G/A,Chr06,137935,0.0234791080197381,6522,FALSE
Pv2.1_01_495817_T/A,Chr01,495817,0.0234769243027677,6523,FALSE
Pv2.1_07_54398_T/G,Chr07,54398,0.0234748916891996,6524,FALSE
Pv2.1_11_52841809_A/T,Chr11,52841809,0.0234738151015721,6525,FALSE
Pv2.1_08_57790604_T/TA,Chr08,57790604,0.0234717884815034,6526,FALSE
Pv2.1_02_29644000_C/T,Chr02,29644000,0.0234611781216048,6527,FALSE
Pv2.1_01_50768348_C/G,Chr01,50768348,0.0234609588259476,6528,FALSE
Pv2.1_01_932655_T/A,Chr01,932655,0.0234606246003852,6529,FALSE
Pv2.1_08_1535110_G/T,Chr08,1535110,0.0234593808615706,6530,FALSE
Pv2.1_08_10164081_A/G,Chr08,10164081,0.0234558278780259,6531,FALSE
Pv2.1_11_51766147_G/A,Chr11,51766147,0.023449670827739,6532,FALSE
Pv2.1_03_31676169_A/G,Chr03,31676169,0.023444293947497,6533,FALSE
Pv2.1_08_8154442_T/C,Chr08,8154442,0.0234414879305458,6534,FALSE
Pv2.1_06_28228188_A/C,Chr06,28228188,0.0234414780467076,6535,FALSE
Pv2.1_08_433191_C/G,Chr08,433191,0.0234412639347608,6536,FALSE
Pv2.1_03_33567440_C/T,Chr03,33567440,0.0234403757895318,6537,FALSE
Pv2.1_03_33567442_G/A,Chr03,33567442,0.0234403757895318,6538,FALSE
Pv2.1_03_33567465_A/C,Chr03,33567465,0.0234403757895318,6539,FALSE
Pv2.1_09_22473212_C/T,Chr09,22473212,0.0234392184950756,6540,FALSE
Pv2.1_08_61663108_A/C,Chr08,61663108,0.0234388579834013,6541,FALSE
Pv2.1_02_25542880_C/A,Chr02,25542880,0.0234386380646381,6542,FALSE
Pv2.1_10_556411_C/T,Chr10,556411,0.0234364566996539,6543,FALSE
Pv2.1_02_48727456_C/T,Chr02,48727456,0.023428127024371,6544,FALSE
Pv2.1_08_58831631_A/G,Chr08,58831631,0.0234280034455177,6545,FALSE
Pv2.1_09_36794481_A/T,Chr09,36794481,0.0234257917812286,6546,FALSE
Pv2.1_02_47491611_A/T,Chr02,47491611,0.0234218408921221,6547,FALSE
Pv2.1_01_80139_G/A,Chr01,80139,0.0234206986773828,6548,FALSE
Pv2.1_02_35402446_A/C,Chr02,35402446,0.0234205339107239,6549,FALSE
Pv2.1_03_34553857_T/G,Chr03,34553857,0.0234183332064264,6550,FALSE
Pv2.1_02_47592217_A/G,Chr02,47592217,0.0234159214259533,6551,FALSE
Pv2.1_03_51422685_C/A,Chr03,51422685,0.0234156716510858,6552,FALSE
Pv2.1_04_46268553_C/G,Chr04,46268553,0.0234153518712659,6553,FALSE
Pv2.1_08_62662586_G/A,Chr08,62662586,0.0234137974722417,6554,FALSE
Pv2.1_04_46314997_C/T,Chr04,46314997,0.0234134626299567,6555,FALSE
Pv2.1_05_40760902_A/G,Chr05,40760902,0.0234133650257053,6556,FALSE
Pv2.1_11_2713400_AAGTAG/GTATAC,Chr11,2713400,0.0234131560593038,6557,FALSE
Pv2.1_05_2710788_A/T,Chr05,2710788,0.0234105178436241,6558,FALSE
Pv2.1_07_35801400_C/A,Chr07,35801400,0.0234064855266158,6559,FALSE
Pv2.1_08_62952246_C/T,Chr08,62952246,0.0234056104052147,6560,FALSE
Pv2.1_02_24785738_G/T,Chr02,24785738,0.0233912213114254,6561,FALSE
Pv2.1_04_47176023_C/T,Chr04,47176023,0.0233835210057283,6562,FALSE
Pv2.1_06_25004053_G/GGAA,Chr06,25004053,0.023383348491588,6563,FALSE
Pv2.1_08_9409779_A/G,Chr08,9409779,0.0233800859630096,6564,FALSE
Pv2.1_09_14586289_G/A,Chr09,14586289,0.0233752877942983,6565,FALSE
Pv2.1_06_26507162_T/A,Chr06,26507162,0.0233750474637366,6566,FALSE
Pv2.1_06_18684817_A/G,Chr06,18684817,0.0233748583494511,6567,FALSE
Pv2.1_04_46127076_C/G,Chr04,46127076,0.0233729265720601,6568,FALSE
Pv2.1_11_51233788_G/A,Chr11,51233788,0.0233725385018504,6569,FALSE
Pv2.1_08_62201450_C/T,Chr08,62201450,0.0233705338804566,6570,FALSE
Pv2.1_10_41403881_T/G,Chr10,41403881,0.0233689383698268,6571,FALSE
Pv2.1_08_43494469_G/A,Chr08,43494469,0.0233654514219839,6572,FALSE
Pv2.1_03_52635917_C/T,Chr03,52635917,0.0233642274833548,6573,FALSE
Pv2.1_02_13735938_A/G,Chr02,13735938,0.0233637019087989,6574,FALSE
Pv2.1_11_53242939_G/T,Chr11,53242939,0.0233591860948765,6575,FALSE
Pv2.1_03_53397898_A/G,Chr03,53397898,0.0233559801056233,6576,FALSE
Pv2.1_07_28534158_G/A,Chr07,28534158,0.0233533253753362,6577,FALSE
Pv2.1_04_47096060_G/C,Chr04,47096060,0.0233506594215158,6578,FALSE
Pv2.1_08_3734001_A/C,Chr08,3734001,0.0233494484592249,6579,FALSE
Pv2.1_11_2713470_T/C,Chr11,2713470,0.0233476900687171,6580,FALSE
Pv2.1_07_8184565_C/T,Chr07,8184565,0.0233452322790928,6581,FALSE
Pv2.1_02_30842556_G/A,Chr02,30842556,0.0233418656368318,6582,FALSE
Pv2.1_04_45663390_A/G,Chr04,45663390,0.0233358020194423,6583,FALSE
Pv2.1_03_37033684_A/T,Chr03,37033684,0.0233326642462841,6584,FALSE
Pv2.1_08_61264537_T/A,Chr08,61264537,0.0233326017290931,6585,FALSE
Pv2.1_07_37473665_C/G,Chr07,37473665,0.0233324388199727,6586,FALSE
Pv2.1_07_37473684_A/G,Chr07,37473684,0.0233324388199727,6587,FALSE
Pv2.1_06_26553007_C/A,Chr06,26553007,0.0233317027774911,6588,FALSE
Pv2.1_07_38454142_A/T,Chr07,38454142,0.0233288010575632,6589,FALSE
Pv2.1_05_573320_T/C,Chr05,573320,0.023328084963425,6590,FALSE
Pv2.1_07_37323591_G/A,Chr07,37323591,0.0233272044205304,6591,FALSE
Pv2.1_03_36438808_C/G,Chr03,36438808,0.0233247943474448,6592,FALSE
Pv2.1_06_15714797_C/T,Chr06,15714797,0.023324466917181,6593,FALSE
Pv2.1_09_37766478_G/C,Chr09,37766478,0.0233243196543254,6594,FALSE
Pv2.1_03_36802393_T/G,Chr03,36802393,0.0233213699029049,6595,FALSE
Pv2.1_03_36802397_A/G,Chr03,36802397,0.0233213699029049,6596,FALSE
Pv2.1_06_18684827_C/CA,Chr06,18684827,0.0233192857549867,6597,FALSE
Pv2.1_06_25343329_A/G,Chr06,25343329,0.0233188464975829,6598,FALSE
Pv2.1_02_504284_A/G,Chr02,504284,0.0233155574292017,6599,FALSE
Pv2.1_08_1795073_T/A,Chr08,1795073,0.0233148585786558,6600,FALSE
Pv2.1_08_1795078_A/T,Chr08,1795078,0.0233148585786558,6601,FALSE
Pv2.1_08_1795095_C/T,Chr08,1795095,0.0233148585786558,6602,FALSE
Pv2.1_04_3259049_A/G,Chr04,3259049,0.0233133230332636,6603,FALSE
Pv2.1_11_3778786_G/A,Chr11,3778786,0.0233125295874319,6604,FALSE
Pv2.1_11_53487705_A/T,Chr11,53487705,0.0233104335478274,6605,FALSE
Pv2.1_07_38732399_G/A,Chr07,38732399,0.0233103782319892,6606,FALSE
Pv2.1_04_1743713_G/T,Chr04,1743713,0.0233094894763592,6607,FALSE
Pv2.1_02_7480036_T/G,Chr02,7480036,0.0233091066201743,6608,FALSE
Pv2.1_07_32233402_C/T,Chr07,32233402,0.0233076903151233,6609,FALSE
Pv2.1_03_53076717_G/A,Chr03,53076717,0.0232920841142441,6610,FALSE
Pv2.1_01_655826_A/T,Chr01,655826,0.0232908492408455,6611,FALSE
Pv2.1_02_35757509_C/G,Chr02,35757509,0.0232888691057362,6612,FALSE
Pv2.1_06_19549369_T/A,Chr06,19549369,0.0232866415419157,6613,FALSE
Pv2.1_08_16672814_G/A,Chr08,16672814,0.0232845610381749,6614,FALSE
Pv2.1_01_11238110_A/T,Chr01,11238110,0.0232839481627178,6615,FALSE
Pv2.1_04_45501113_A/G,Chr04,45501113,0.0232794673662529,6616,FALSE
Pv2.1_09_38119332_A/C,Chr09,38119332,0.0232786269930765,6617,FALSE
Pv2.1_11_51916530_A/G,Chr11,51916530,0.0232781172656544,6618,FALSE
Pv2.1_11_3170050_A/G,Chr11,3170050,0.0232747647850471,6619,FALSE
Pv2.1_09_37626799_G/A,Chr09,37626799,0.0232743589806983,6620,FALSE
Pv2.1_04_46970354_G/T,Chr04,46970354,0.0232734203991347,6621,FALSE
Pv2.1_04_46263230_G/A,Chr04,46263230,0.0232672353032162,6622,FALSE
Pv2.1_11_49188550_A/G,Chr11,49188550,0.0232625686670089,6623,FALSE
Pv2.1_06_15480998_G/A,Chr06,15480998,0.0232591582854549,6624,FALSE
Pv2.1_02_2419239_A/G,Chr02,2419239,0.0232584651230767,6625,FALSE
Pv2.1_09_29155830_G/T,Chr09,29155830,0.0232546371288649,6626,FALSE
Pv2.1_05_38267050_T/C,Chr05,38267050,0.0232527691810898,6627,FALSE
Pv2.1_06_25321400_C/G,Chr06,25321400,0.0232467802553016,6628,FALSE
Pv2.1_04_45501095_G/A,Chr04,45501095,0.0232431826486748,6629,FALSE
Pv2.1_04_45501102_C/T,Chr04,45501102,0.0232431826486748,6630,FALSE
Pv2.1_06_22235509_T/G,Chr06,22235509,0.0232360374024392,6631,FALSE
Pv2.1_11_2238786_G/A,Chr11,2238786,0.0232353806387238,6632,FALSE
Pv2.1_11_50568997_G/T,Chr11,50568997,0.023233660688621,6633,FALSE
Pv2.1_08_6964849_G/T,Chr08,6964849,0.0232334349987844,6634,FALSE
Pv2.1_08_40196029_A/T,Chr08,40196029,0.0232334225048514,6635,FALSE
Pv2.1_09_36375828_G/T,Chr09,36375828,0.0232304990282417,6636,FALSE
Pv2.1_08_62191462_T/A,Chr08,62191462,0.0232279761560337,6637,FALSE
Pv2.1_07_39360872_C/A,Chr07,39360872,0.0232270827480927,6638,FALSE
Pv2.1_04_47099325_A/T,Chr04,47099325,0.0232269377438521,6639,FALSE
Pv2.1_03_39816807_G/T,Chr03,39816807,0.0232258587303464,6640,FALSE
Pv2.1_01_3860732_G/T,Chr01,3860732,0.0232253766365811,6641,FALSE
Pv2.1_08_28067636_G/C,Chr08,28067636,0.023223937694187,6642,FALSE
Pv2.1_08_18849221_G/T,Chr08,18849221,0.0232224944740556,6643,FALSE
Pv2.1_08_20680072_C/T,Chr08,20680072,0.0232205315370138,6644,FALSE
Pv2.1_02_44976354_C/T,Chr02,44976354,0.0232185597821259,6645,FALSE
Pv2.1_03_39633196_T/C,Chr03,39633196,0.0232165873583514,6646,FALSE
Pv2.1_07_23843179_A/T,Chr07,23843179,0.0232160998682778,6647,FALSE
Pv2.1_09_7640448_G/C,Chr09,7640448,0.0232099179451852,6648,FALSE
Pv2.1_11_47283165_C/A,Chr11,47283165,0.023209113742642,6649,FALSE
Pv2.1_11_47283189_A/T,Chr11,47283189,0.023209113742642,6650,FALSE
Pv2.1_11_1748358_G/T,Chr11,1748358,0.0232079362383431,6651,FALSE
Pv2.1_08_62934674_A/G,Chr08,62934674,0.0232076487068773,6652,FALSE
Pv2.1_09_29768083_A/G,Chr09,29768083,0.0232070863691978,6653,FALSE
Pv2.1_04_46933966_A/G,Chr04,46933966,0.023206940625125,6654,FALSE
Pv2.1_02_40052531_G/A,Chr02,40052531,0.0232061123106981,6655,FALSE
Pv2.1_07_3320567_G/A,Chr07,3320567,0.0232057439643172,6656,FALSE
Pv2.1_07_3320573_A/C,Chr07,3320573,0.0232057439643172,6657,FALSE
Pv2.1_11_2383232_G/C,Chr11,2383232,0.023201851289433,6658,FALSE
Pv2.1_07_29273404_C/T,Chr07,29273404,0.0231998845783235,6659,FALSE
Pv2.1_06_495353_C/T,Chr06,495353,0.0231972614205476,6660,FALSE
Pv2.1_02_37937714_AG/A,Chr02,37937714,0.023196253593107,6661,FALSE
Pv2.1_08_1819627_G/T,Chr08,1819627,0.0231879895588172,6662,FALSE
Pv2.1_08_1819643_G/A,Chr08,1819643,0.0231879895588172,6663,FALSE
Pv2.1_02_3118254_C/T,Chr02,3118254,0.0231834483023476,6664,FALSE
Pv2.1_04_7458201_GAC/G,Chr04,7458201,0.023181935316773,6665,FALSE
Pv2.1_01_12576431_A/C,Chr01,12576431,0.0231778777817486,6666,FALSE
Pv2.1_04_35298720_A/G,Chr04,35298720,0.0231754301542368,6667,FALSE
Pv2.1_04_35298733_A/G,Chr04,35298733,0.0231754301542368,6668,FALSE
Pv2.1_08_62872873_C/T,Chr08,62872873,0.0231739820502845,6669,FALSE
Pv2.1_06_30972672_C/G,Chr06,30972672,0.023173124967844,6670,FALSE
Pv2.1_11_29949681_T/C,Chr11,29949681,0.0231725241797927,6671,FALSE
Pv2.1_07_4550256_G/A,Chr07,4550256,0.0231696771457073,6672,FALSE
Pv2.1_02_46792610_G/C,Chr02,46792610,0.023161077984386,6673,FALSE
Pv2.1_02_35289457_C/T,Chr02,35289457,0.0231583222345848,6674,FALSE
Pv2.1_11_1076475_G/A,Chr11,1076475,0.0231578695213082,6675,FALSE
Pv2.1_06_6730289_C/T,Chr06,6730289,0.0231542374820735,6676,FALSE
Pv2.1_06_6730320_G/T,Chr06,6730320,0.0231542374820735,6677,FALSE
Pv2.1_08_59879026_G/T,Chr08,59879026,0.0231525296053712,6678,FALSE
Pv2.1_08_8121833_C/T,Chr08,8121833,0.0231517124817109,6679,FALSE
Pv2.1_02_561946_T/GA,Chr02,561946,0.0231474137696641,6680,FALSE
Pv2.1_02_48755405_T/C,Chr02,48755405,0.0231432529030506,6681,FALSE
Pv2.1_02_48755406_A/C,Chr02,48755406,0.0231432529030506,6682,FALSE
Pv2.1_07_4819001_A/G,Chr07,4819001,0.0231429216535872,6683,FALSE
Pv2.1_07_4819007_A/C,Chr07,4819007,0.0231429216535872,6684,FALSE
Pv2.1_07_32674990_G/A,Chr07,32674990,0.0231424714016497,6685,FALSE
Pv2.1_01_2547858_G/A,Chr01,2547858,0.0231334534103107,6686,FALSE
Pv2.1_08_37668781_G/C,Chr08,37668781,0.0231328105738777,6687,FALSE
Pv2.1_08_60114964_C/G,Chr08,60114964,0.0231298422160222,6688,FALSE
Pv2.1_09_37626794_T/C,Chr09,37626794,0.0231200452886431,6689,FALSE
Pv2.1_06_24112987_G/A,Chr06,24112987,0.0231198665237815,6690,FALSE
Pv2.1_11_47282362_G/T,Chr11,47282362,0.0231165015966663,6691,FALSE
Pv2.1_08_55799847_C/G,Chr08,55799847,0.0231123523673422,6692,FALSE
Pv2.1_04_44964553_T/C,Chr04,44964553,0.0231065848683834,6693,FALSE
Pv2.1_07_4859741_A/G,Chr07,4859741,0.0231035091672203,6694,FALSE
Pv2.1_01_51305490_T/A,Chr01,51305490,0.0230938422617917,6695,FALSE
Pv2.1_05_457168_T/A,Chr05,457168,0.02309211301829,6696,FALSE
Pv2.1_08_59125856_A/T,Chr08,59125856,0.0230882405798796,6697,FALSE
Pv2.1_06_28228205_G/A,Chr06,28228205,0.0230865478112072,6698,FALSE
Pv2.1_06_28228174_G/A,Chr06,28228174,0.0230852522987584,6699,FALSE
Pv2.1_01_14470201_G/A,Chr01,14470201,0.0230839901039519,6700,FALSE
Pv2.1_06_20529443_G/C,Chr06,20529443,0.0230833288456696,6701,FALSE
Pv2.1_02_26924487_G/A,Chr02,26924487,0.0230831433156902,6702,FALSE
Pv2.1_04_46263225_G/A,Chr04,46263225,0.0230829385474918,6703,FALSE
Pv2.1_07_37785968_C/T,Chr07,37785968,0.0230773089790737,6704,FALSE
Pv2.1_11_53418590_T/A,Chr11,53418590,0.0230772178785417,6705,FALSE
Pv2.1_11_53418601_C/T,Chr11,53418601,0.0230772178785417,6706,FALSE
Pv2.1_11_53418612_G/A,Chr11,53418612,0.0230772178785417,6707,FALSE
Pv2.1_11_53418617_T/G,Chr11,53418617,0.0230772178785417,6708,FALSE
Pv2.1_06_26310553_C/T,Chr06,26310553,0.0230752099020353,6709,FALSE
Pv2.1_06_24799768_C/T,Chr06,24799768,0.0230735997046119,6710,FALSE
Pv2.1_07_23019635_T/C,Chr07,23019635,0.0230729803470267,6711,FALSE
Pv2.1_06_28228048_A/G,Chr06,28228048,0.0230683477723921,6712,FALSE
Pv2.1_06_26250840_T/C,Chr06,26250840,0.0230680653145048,6713,FALSE
Pv2.1_08_46904150_G/T,Chr08,46904150,0.0230672280199857,6714,FALSE
Pv2.1_07_34301880_G/C,Chr07,34301880,0.0230614154056341,6715,FALSE
Pv2.1_11_1258741_C/A,Chr11,1258741,0.0230568300723206,6716,FALSE
Pv2.1_01_51074408_T/A,Chr01,51074408,0.023055695984147,6717,FALSE
Pv2.1_03_7209090_T/G,Chr03,7209090,0.0230549252289922,6718,FALSE
Pv2.1_02_24370816_C/T,Chr02,24370816,0.0230532866636497,6719,FALSE
Pv2.1_10_8925153_G/T,Chr10,8925153,0.0230515699590503,6720,FALSE
Pv2.1_08_9762629_A/C,Chr08,9762629,0.0230510348398507,6721,FALSE
Pv2.1_02_44689991_T/C,Chr02,44689991,0.0230495036212348,6722,FALSE
Pv2.1_08_53291976_G/C,Chr08,53291976,0.0230425856335654,6723,FALSE
Pv2.1_08_47833774_A/T,Chr08,47833774,0.0230414952771465,6724,FALSE
Pv2.1_07_518354_C/T,Chr07,518354,0.0230404059926292,6725,FALSE
Pv2.1_09_28287292_TG/T,Chr09,28287292,0.0230338407154602,6726,FALSE
Pv2.1_07_2506126_C/T,Chr07,2506126,0.0230312575987868,6727,FALSE
Pv2.1_02_29470119_GTT/G,Chr02,29470119,0.0230310927857733,6728,FALSE
Pv2.1_02_35455274_G/C,Chr02,35455274,0.0230304638970003,6729,FALSE
Pv2.1_03_45753137_T/A,Chr03,45753137,0.0230257905919724,6730,FALSE
Pv2.1_07_35375277_C/G,Chr07,35375277,0.0230252634361716,6731,FALSE
Pv2.1_05_40754963_T/C,Chr05,40754963,0.0230252208174067,6732,FALSE
Pv2.1_11_1748243_G/T,Chr11,1748243,0.0230218774831297,6733,FALSE
Pv2.1_07_528622_T/C,Chr07,528622,0.0230192939881464,6734,FALSE
Pv2.1_07_38140988_AAAGAGG/A,Chr07,38140988,0.0230164775542123,6735,FALSE
Pv2.1_08_58990719_G/GA,Chr08,58990719,0.0230150282610739,6736,FALSE
Pv2.1_06_21016570_G/C,Chr06,21016570,0.0230118393555783,6737,FALSE
Pv2.1_08_7163489_G/GT,Chr08,7163489,0.0230109077217127,6738,FALSE
Pv2.1_01_49450024_A/G,Chr01,49450024,0.023006648659929,6739,FALSE
Pv2.1_10_42780526_T/C,Chr10,42780526,0.0230062627380208,6740,FALSE
Pv2.1_10_42780532_C/T,Chr10,42780532,0.0230062627380208,6741,FALSE
Pv2.1_06_23191362_A/T,Chr06,23191362,0.0230056228355866,6742,FALSE
Pv2.1_06_31022627_C/G,Chr06,31022627,0.0229998892889398,6743,FALSE
Pv2.1_11_49883439_T/C,Chr11,49883439,0.0229998455548879,6744,FALSE
Pv2.1_06_27784055_C/G,Chr06,27784055,0.022995825987246,6745,FALSE
Pv2.1_08_62864044_T/A,Chr08,62864044,0.0229928708652887,6746,FALSE
Pv2.1_08_41088444_G/A,Chr08,41088444,0.0229914174408106,6747,FALSE
Pv2.1_08_62778894_G/GA,Chr08,62778894,0.02298887958748,6748,FALSE
Pv2.1_06_20400947_T/A,Chr06,20400947,0.022987133701045,6749,FALSE
Pv2.1_06_20400959_T/A,Chr06,20400959,0.022987133701045,6750,FALSE
Pv2.1_08_8954932_G/A,Chr08,8954932,0.0229864530196973,6751,FALSE
Pv2.1_02_2942302_G/T,Chr02,2942302,0.0229848816823059,6752,FALSE
Pv2.1_04_523183_A/G,Chr04,523183,0.0229830464487311,6753,FALSE
Pv2.1_08_61338011_T/A,Chr08,61338011,0.022981758740205,6754,FALSE
Pv2.1_02_25809014_T/C,Chr02,25809014,0.0229812509718443,6755,FALSE
Pv2.1_10_23620592_C/A,Chr10,23620592,0.0229793837493011,6756,FALSE
Pv2.1_10_23620593_A/G,Chr10,23620593,0.0229793837493011,6757,FALSE
Pv2.1_09_1850045_A/C,Chr09,1850045,0.0229785819449582,6758,FALSE
Pv2.1_08_1579051_C/A,Chr08,1579051,0.0229783871776852,6759,FALSE
Pv2.1_07_2698011_T/C,Chr07,2698011,0.0229776205318881,6760,FALSE
Pv2.1_11_943633_C/G,Chr11,943633,0.0229775989574477,6761,FALSE
Pv2.1_08_7765323_T/C,Chr08,7765323,0.0229756893861488,6762,FALSE
Pv2.1_08_59766726_AT/A,Chr08,59766726,0.0229746858798059,6763,FALSE
Pv2.1_02_44881098_C/T,Chr02,44881098,0.0229741645628176,6764,FALSE
Pv2.1_08_60114922_A/G,Chr08,60114922,0.0229739298480287,6765,FALSE
Pv2.1_06_18407768_A/G,Chr06,18407768,0.0229679102704794,6766,FALSE
Pv2.1_08_39885485_A/G,Chr08,39885485,0.022961737028278,6767,FALSE
Pv2.1_08_61482459_G/C,Chr08,61482459,0.0229610856775317,6768,FALSE
Pv2.1_04_44461091_T/G,Chr04,44461091,0.022960863184641,6769,FALSE
Pv2.1_02_48687928_T/TG,Chr02,48687928,0.0229513928609615,6770,FALSE
Pv2.1_06_25610633_G/A,Chr06,25610633,0.0229502850538488,6771,FALSE
Pv2.1_06_29014978_T/C,Chr06,29014978,0.0229484464480279,6772,FALSE
Pv2.1_03_555076_C/T,Chr03,555076,0.0229474304729602,6773,FALSE
Pv2.1_01_13058024_T/C,Chr01,13058024,0.0229456321773101,6774,FALSE
Pv2.1_08_57822791_G/T,Chr08,57822791,0.0229368838186179,6775,FALSE
Pv2.1_05_38217229_T/A,Chr05,38217229,0.0229367176906563,6776,FALSE
Pv2.1_10_31144240_C/A,Chr10,31144240,0.0229340578618964,6777,FALSE
Pv2.1_03_11673373_G/A,Chr03,11673373,0.0229313759022265,6778,FALSE
Pv2.1_08_8457044_C/T,Chr08,8457044,0.0229289859247634,6779,FALSE
Pv2.1_06_24981054_A/G,Chr06,24981054,0.0229251930684757,6780,FALSE
Pv2.1_03_867145_T/C,Chr03,867145,0.0229245101565216,6781,FALSE
Pv2.1_06_7000134_C/T,Chr06,7000134,0.0229223415919848,6782,FALSE
Pv2.1_08_62536848_G/A,Chr08,62536848,0.0229186157117893,6783,FALSE
Pv2.1_11_3778761_G/A,Chr11,3778761,0.0229182840765172,6784,FALSE
Pv2.1_06_24705182_A/G,Chr06,24705182,0.0229088179939549,6785,FALSE
Pv2.1_06_29053268_T/A,Chr06,29053268,0.0229044708275867,6786,FALSE
Pv2.1_04_11057127_A/G,Chr04,11057127,0.0229020166772314,6787,FALSE
Pv2.1_06_27850894_G/A,Chr06,27850894,0.0228980827501597,6788,FALSE
Pv2.1_11_48008296_A/G,Chr11,48008296,0.0228952851263204,6789,FALSE
Pv2.1_08_61858904_T/C,Chr08,61858904,0.0228939313761627,6790,FALSE
Pv2.1_04_46934173_G/T,Chr04,46934173,0.022892342429564,6791,FALSE
Pv2.1_07_594071_A/T,Chr07,594071,0.0228878197741396,6792,FALSE
Pv2.1_08_9707106_TAC/T,Chr08,9707106,0.0228859692296646,6793,FALSE
Pv2.1_08_564310_G/A,Chr08,564310,0.02288386551125,6794,FALSE
Pv2.1_08_62953251_G/T,Chr08,62953251,0.0228795124754586,6795,FALSE
Pv2.1_11_50678412_T/C,Chr11,50678412,0.0228761576320418,6796,FALSE
Pv2.1_09_14394300_G/A,Chr09,14394300,0.0228726038065767,6797,FALSE
Pv2.1_02_561795_T/G,Chr02,561795,0.0228688686408747,6798,FALSE
Pv2.1_04_120028_C/G,Chr04,120028,0.0228652105721774,6799,FALSE
Pv2.1_01_3363415_C/A,Chr01,3363415,0.0228633633641415,6800,FALSE
Pv2.1_11_49492573_G/A,Chr11,49492573,0.0228628478585167,6801,FALSE
Pv2.1_11_47178653_T/C,Chr11,47178653,0.0228590971566822,6802,FALSE
Pv2.1_08_1001436_T/C,Chr08,1001436,0.0228584051596452,6803,FALSE
Pv2.1_04_47457791_C/T,Chr04,47457791,0.0228546857177174,6804,FALSE
Pv2.1_05_39533190_T/A,Chr05,39533190,0.0228537752231057,6805,FALSE
Pv2.1_11_468367_G/A,Chr11,468367,0.022853354118447,6806,FALSE
Pv2.1_08_60583881_C/T,Chr08,60583881,0.0228487463162197,6807,FALSE
Pv2.1_04_21411251_A/G,Chr04,21411251,0.0228416886978646,6808,FALSE
Pv2.1_09_35990132_T/A,Chr09,35990132,0.0228413773453142,6809,FALSE
Pv2.1_07_36771224_T/A,Chr07,36771224,0.0228334439976274,6810,FALSE
Pv2.1_04_46718431_CT/C,Chr04,46718431,0.0228303650077741,6811,FALSE
Pv2.1_08_9857455_G/A,Chr08,9857455,0.0228289897311136,6812,FALSE
Pv2.1_07_39413119_C/CAGT,Chr07,39413119,0.0228266219736906,6813,FALSE
Pv2.1_08_5097675_T/TA,Chr08,5097675,0.0228265283342526,6814,FALSE
Pv2.1_08_5097717_G/T,Chr08,5097717,0.0228265283342526,6815,FALSE
Pv2.1_08_12877513_C/T,Chr08,12877513,0.0228250769584153,6816,FALSE
Pv2.1_11_1872204_C/T,Chr11,1872204,0.0228250516029873,6817,FALSE
Pv2.1_08_58417647_A/G,Chr08,58417647,0.0228235935993983,6818,FALSE
Pv2.1_11_2737641_A/C,Chr11,2737641,0.0228221065424061,6819,FALSE
Pv2.1_02_2256575_A/G,Chr02,2256575,0.0228200135948362,6820,FALSE
Pv2.1_08_53271552_T/C,Chr08,53271552,0.0228156313376764,6821,FALSE
Pv2.1_07_4859732_A/G,Chr07,4859732,0.0228145090888976,6822,FALSE
Pv2.1_10_42215707_C/G,Chr10,42215707,0.0228097438344048,6823,FALSE
Pv2.1_08_62939567_A/G,Chr08,62939567,0.0228061093953404,6824,FALSE
Pv2.1_02_12455171_C/A,Chr02,12455171,0.0228020758077854,6825,FALSE
Pv2.1_08_7844044_C/G,Chr08,7844044,0.0228002196400405,6826,FALSE
Pv2.1_11_3278302_G/A,Chr11,3278302,0.0227975946335821,6827,FALSE
Pv2.1_11_3278304_T/G,Chr11,3278304,0.0227975946335821,6828,FALSE
Pv2.1_11_3278318_T/G,Chr11,3278318,0.0227975946335821,6829,FALSE
Pv2.1_01_495805_G/T,Chr01,495805,0.0227935411910098,6830,FALSE
Pv2.1_06_26569183_A/C,Chr06,26569183,0.0227907306712019,6831,FALSE
Pv2.1_02_35757493_T/G,Chr02,35757493,0.0227881386315882,6832,FALSE
Pv2.1_09_36418053_A/C,Chr09,36418053,0.022786907363173,6833,FALSE
Pv2.1_11_49883504_G/T,Chr11,49883504,0.0227820620026336,6834,FALSE
Pv2.1_06_7557333_A/T,Chr06,7557333,0.0227814538662794,6835,FALSE
Pv2.1_08_8339068_T/C,Chr08,8339068,0.0227809413967717,6836,FALSE
Pv2.1_11_48008332_C/T,Chr11,48008332,0.0227805299339625,6837,FALSE
Pv2.1_10_4082835_A/T,Chr10,4082835,0.0227803295157987,6838,FALSE
Pv2.1_05_2293503_A/G,Chr05,2293503,0.0227779266251416,6839,FALSE
Pv2.1_10_40968320_A/G,Chr10,40968320,0.0227771240307066,6840,FALSE
Pv2.1_04_4561449_T/C,Chr04,4561449,0.0227770042997997,6841,FALSE
Pv2.1_02_49658677_T/G,Chr02,49658677,0.0227725175583795,6842,FALSE
Pv2.1_11_1456048_A/G,Chr11,1456048,0.0227724181316411,6843,FALSE
Pv2.1_06_28137926_T/G,Chr06,28137926,0.0227708935487176,6844,FALSE
Pv2.1_11_49375888_A/G,Chr11,49375888,0.0227688102423036,6845,FALSE
Pv2.1_02_30759143_T/A,Chr02,30759143,0.0227675061215349,6846,FALSE
Pv2.1_08_7291185_A/G,Chr08,7291185,0.0227670350457241,6847,FALSE
Pv2.1_05_39416638_T/C,Chr05,39416638,0.0227665114100564,6848,FALSE
Pv2.1_06_15618268_C/T,Chr06,15618268,0.0227650096240857,6849,FALSE
Pv2.1_04_46313738_T/C,Chr04,46313738,0.0227602554593758,6850,FALSE
Pv2.1_11_49883417_C/G,Chr11,49883417,0.0227587717637041,6851,FALSE
Pv2.1_07_23965337_A/G,Chr07,23965337,0.0227585325961375,6852,FALSE
Pv2.1_09_14242417_G/A,Chr09,14242417,0.0227551782239877,6853,FALSE
Pv2.1_04_47099393_T/A,Chr04,47099393,0.022751407150396,6854,FALSE
Pv2.1_08_62308095_T/C,Chr08,62308095,0.0227511976301842,6855,FALSE
Pv2.1_11_31221061_T/C,Chr11,31221061,0.0227506868137728,6856,FALSE
Pv2.1_07_1475319_G/A,Chr07,1475319,0.0227498116114231,6857,FALSE
Pv2.1_08_58122322_G/T,Chr08,58122322,0.0227480611877202,6858,FALSE
Pv2.1_10_4906655_A/T,Chr10,4906655,0.0227479727606545,6859,FALSE
Pv2.1_07_32735847_C/T,Chr07,32735847,0.0227479077625756,6860,FALSE
Pv2.1_07_34174352_T/A,Chr07,34174352,0.0227460123537115,6861,FALSE
Pv2.1_08_5420575_T/C,Chr08,5420575,0.0227448711071019,6862,FALSE
Pv2.1_09_7580835_G/C,Chr09,7580835,0.0227373255262755,6863,FALSE
Pv2.1_07_7640847_G/A,Chr07,7640847,0.0227335210031323,6864,FALSE
Pv2.1_11_49342254_C/G,Chr11,49342254,0.0227333933750638,6865,FALSE
Pv2.1_06_1141922_C/T,Chr06,1141922,0.0227313855756472,6866,FALSE
Pv2.1_10_1072245_G/C,Chr10,1072245,0.0227311600587252,6867,FALSE
Pv2.1_10_40397761_G/A,Chr10,40397761,0.0227300739705529,6868,FALSE
Pv2.1_03_21623796_C/A,Chr03,21623796,0.022726282203402,6869,FALSE
Pv2.1_06_27784093_A/G,Chr06,27784093,0.0227238602401423,6870,FALSE
Pv2.1_06_27784108_A/G,Chr06,27784108,0.0227238602401423,6871,FALSE
Pv2.1_08_61891712_T/G,Chr08,61891712,0.0227222153014326,6872,FALSE
Pv2.1_02_35388971_A/G,Chr02,35388971,0.0227215791548416,6873,FALSE
Pv2.1_07_7640846_T/C,Chr07,7640846,0.0227177425261331,6874,FALSE
Pv2.1_08_53645644_T/A,Chr08,53645644,0.0227144911277923,6875,FALSE
Pv2.1_01_39645498_T/A,Chr01,39645498,0.0227143926664808,6876,FALSE
Pv2.1_03_52993630_C/G,Chr03,52993630,0.0227099426083508,6877,FALSE
Pv2.1_08_7787666_T/G,Chr08,7787666,0.0227096149784853,6878,FALSE
Pv2.1_04_7272375_G/A,Chr04,7272375,0.0227091004986035,6879,FALSE
Pv2.1_04_7272406_A/T,Chr04,7272406,0.0227091004986035,6880,FALSE
Pv2.1_07_34891930_C/CAG,Chr07,34891930,0.0227065566256104,6881,FALSE
Pv2.1_02_37687148_A/T,Chr02,37687148,0.0227019193935187,6882,FALSE
Pv2.1_10_41082898_T/C,Chr10,41082898,0.0227015292790118,6883,FALSE
Pv2.1_03_30640468_G/A,Chr03,30640468,0.0226976514792443,6884,FALSE
Pv2.1_11_44322425_A/G,Chr11,44322425,0.022695051978415,6885,FALSE
Pv2.1_11_1193195_A/G,Chr11,1193195,0.0226915904756715,6886,FALSE
Pv2.1_04_533997_T/C,Chr04,533997,0.0226906977079389,6887,FALSE
Pv2.1_01_51252361_A/T,Chr01,51252361,0.0226888082474517,6888,FALSE
Pv2.1_10_42512372_A/T,Chr10,42512372,0.0226877062810167,6889,FALSE
Pv2.1_11_17420100_G/A,Chr11,17420100,0.0226845884985241,6890,FALSE
Pv2.1_08_1458626_G/A,Chr08,1458626,0.0226828285144594,6891,FALSE
Pv2.1_03_36404474_G/A,Chr03,36404474,0.022681655961331,6892,FALSE
Pv2.1_05_2806014_T/A,Chr05,2806014,0.0226814343487098,6893,FALSE
Pv2.1_05_40676776_T/C,Chr05,40676776,0.0226800293875367,6894,FALSE
Pv2.1_03_53066847_G/T,Chr03,53066847,0.0226749237114445,6895,FALSE
Pv2.1_02_26924484_T/C,Chr02,26924484,0.0226741545358395,6896,FALSE
Pv2.1_08_46748386_A/G,Chr08,46748386,0.0226677875605281,6897,FALSE
Pv2.1_09_22410846_C/A,Chr09,22410846,0.0226663023863272,6898,FALSE
Pv2.1_08_58417841_C/T,Chr08,58417841,0.022664700598134,6899,FALSE
Pv2.1_08_1001464_A/G,Chr08,1001464,0.0226621535673166,6900,FALSE
Pv2.1_09_14204564_A/G,Chr09,14204564,0.0226612286629613,6901,FALSE
Pv2.1_09_14204565_C/A,Chr09,14204565,0.0226612286629613,6902,FALSE
Pv2.1_01_11441607_A/T,Chr01,11441607,0.0226587634792894,6903,FALSE
Pv2.1_01_11441608_A/C,Chr01,11441608,0.0226587634792894,6904,FALSE
Pv2.1_08_58990770_G/C,Chr08,58990770,0.0226567015413965,6905,FALSE
Pv2.1_01_2417896_T/C,Chr01,2417896,0.0226562376369679,6906,FALSE
Pv2.1_04_47087052_C/G,Chr04,47087052,0.0226555945706322,6907,FALSE
Pv2.1_07_4140687_G/A,Chr07,4140687,0.0226521026136011,6908,FALSE
Pv2.1_03_36534875_C/T,Chr03,36534875,0.0226517362308427,6909,FALSE
Pv2.1_06_23251052_T/G,Chr06,23251052,0.022646496429271,6910,FALSE
Pv2.1_06_26303305_A/T,Chr06,26303305,0.0226436347791887,6911,FALSE
Pv2.1_07_36799835_T/C,Chr07,36799835,0.0226435415659041,6912,FALSE
Pv2.1_02_28134684_G/A,Chr02,28134684,0.0226410962963288,6913,FALSE
Pv2.1_09_35929649_T/C,Chr09,35929649,0.0226406406156143,6914,FALSE
Pv2.1_10_42551866_A/T,Chr10,42551866,0.0226403992508595,6915,FALSE
Pv2.1_11_50568681_T/G,Chr11,50568681,0.0226403149553156,6916,FALSE
Pv2.1_11_50568731_C/T,Chr11,50568731,0.0226403149553156,6917,FALSE
Pv2.1_03_32584536_A/T,Chr03,32584536,0.0226385778136176,6918,FALSE
Pv2.1_02_29058663_C/T,Chr02,29058663,0.0226370611285618,6919,FALSE
Pv2.1_03_41799896_C/A,Chr03,41799896,0.0226351920110046,6920,FALSE
Pv2.1_04_46970379_T/A,Chr04,46970379,0.0226351685442081,6921,FALSE
Pv2.1_06_26310516_G/A,Chr06,26310516,0.0226322032233757,6922,FALSE
Pv2.1_01_11238077_T/A,Chr01,11238077,0.0226298404688849,6923,FALSE
Pv2.1_07_594227_A/C,Chr07,594227,0.0226292463258897,6924,FALSE
Pv2.1_09_36891636_T/C,Chr09,36891636,0.0226287602086832,6925,FALSE
Pv2.1_09_36508365_A/C,Chr09,36508365,0.0226283294488963,6926,FALSE
Pv2.1_02_40103834_A/G,Chr02,40103834,0.0226227607682215,6927,FALSE
Pv2.1_04_12122976_A/G,Chr04,12122976,0.022622389406068,6928,FALSE
Pv2.1_02_44927856_C/A,Chr02,44927856,0.0226198189376654,6929,FALSE
Pv2.1_05_196940_T/C,Chr05,196940,0.0226195489925081,6930,FALSE
Pv2.1_08_53762864_G/A,Chr08,53762864,0.0226183829065514,6931,FALSE
Pv2.1_07_21494159_G/A,Chr07,21494159,0.0226177399168654,6932,FALSE
Pv2.1_08_61034410_G/T,Chr08,61034410,0.0226159653280149,6933,FALSE
Pv2.1_06_21693607_C/G,Chr06,21693607,0.0226159373471031,6934,FALSE
Pv2.1_02_30525893_A/G,Chr02,30525893,0.0226143520804687,6935,FALSE
Pv2.1_02_46858683_G/T,Chr02,46858683,0.022611934646894,6936,FALSE
Pv2.1_11_51537406_T/C,Chr11,51537406,0.0226087478473769,6937,FALSE
Pv2.1_02_27740229_T/A,Chr02,27740229,0.022607219244168,6938,FALSE
Pv2.1_04_4644049_CAA/C,Chr04,4644049,0.0226069796298853,6939,FALSE
Pv2.1_11_47293762_A/T,Chr11,47293762,0.0226067081648602,6940,FALSE
Pv2.1_04_3753539_G/T,Chr04,3753539,0.022603479026722,6941,FALSE
Pv2.1_06_19550320_A/G,Chr06,19550320,0.0225995398024317,6942,FALSE
Pv2.1_05_38536722_A/T,Chr05,38536722,0.0225916225228318,6943,FALSE
Pv2.1_05_38536728_C/G,Chr05,38536728,0.0225916225228318,6944,FALSE
Pv2.1_06_21929906_TC/T,Chr06,21929906,0.0225885646200159,6945,FALSE
Pv2.1_02_7837276_A/G,Chr02,7837276,0.0225880257398496,6946,FALSE
Pv2.1_03_51263398_A/T,Chr03,51263398,0.0225863538976716,6947,FALSE
Pv2.1_07_3673457_A/T,Chr07,3673457,0.022586334378834,6948,FALSE
Pv2.1_08_53759929_T/C,Chr08,53759929,0.0225850621110686,6949,FALSE
Pv2.1_02_24738138_C/A,Chr02,24738138,0.0225812639030041,6950,FALSE
Pv2.1_02_24738147_A/T,Chr02,24738147,0.0225812639030041,6951,FALSE
Pv2.1_07_39291223_G/T,Chr07,39291223,0.0225756287987493,6952,FALSE
Pv2.1_06_6728096_G/A,Chr06,6728096,0.0225728856419143,6953,FALSE
Pv2.1_08_34594911_A/G,Chr08,34594911,0.0225711480600346,6954,FALSE
Pv2.1_07_4464131_T/C,Chr07,4464131,0.0225695484933386,6955,FALSE
Pv2.1_02_2186684_G/A,Chr02,2186684,0.0225648558409497,6956,FALSE
Pv2.1_01_42972011_G/A,Chr01,42972011,0.0225643008908563,6957,FALSE
Pv2.1_10_1805677_T/C,Chr10,1805677,0.022563526365988,6958,FALSE
Pv2.1_07_993121_C/A,Chr07,993121,0.0225607838303668,6959,FALSE
Pv2.1_03_9319368_C/T,Chr03,9319368,0.0225562248546356,6960,FALSE
Pv2.1_03_41873843_C/T,Chr03,41873843,0.0225541005870018,6961,FALSE
Pv2.1_10_42836731_T/A,Chr10,42836731,0.0225522415254602,6962,FALSE
Pv2.1_01_2272338_A/T,Chr01,2272338,0.0225507541991283,6963,FALSE
Pv2.1_02_27116915_G/T,Chr02,27116915,0.0225495411280954,6964,FALSE
Pv2.1_06_20470810_G/A,Chr06,20470810,0.0225484160739566,6965,FALSE
Pv2.1_04_46970376_A/G,Chr04,46970376,0.0225446986977813,6966,FALSE
Pv2.1_04_1743497_T/C,Chr04,1743497,0.0225434248434717,6967,FALSE
Pv2.1_02_45307362_A/AT,Chr02,45307362,0.0225390702683255,6968,FALSE
Pv2.1_03_36404633_A/G,Chr03,36404633,0.0225377814482561,6969,FALSE
Pv2.1_08_62675141_G/T,Chr08,62675141,0.0225357353530606,6970,FALSE
Pv2.1_02_45719006_G/C,Chr02,45719006,0.0225350885182212,6971,FALSE
Pv2.1_06_24989431_G/A,Chr06,24989431,0.02252896022783,6972,FALSE
Pv2.1_08_6627121_T/C,Chr08,6627121,0.0225288031904145,6973,FALSE
Pv2.1_11_1787442_C/A,Chr11,1787442,0.0225260150123412,6974,FALSE
Pv2.1_03_53324978_T/A,Chr03,53324978,0.02252600491417,6975,FALSE
Pv2.1_07_39363646_A/G,Chr07,39363646,0.0225212565822108,6976,FALSE
Pv2.1_08_62588876_T/C,Chr08,62588876,0.022520840664892,6977,FALSE
Pv2.1_08_62899516_G/C,Chr08,62899516,0.022520840664892,6978,FALSE
Pv2.1_08_61838100_A/G,Chr08,61838100,0.0225197833733075,6979,FALSE
Pv2.1_05_457101_T/A,Chr05,457101,0.022517741813469,6980,FALSE
Pv2.1_07_4047080_TC/T,Chr07,4047080,0.0225167462148019,6981,FALSE
Pv2.1_01_13173239_C/T,Chr01,13173239,0.0225162385811215,6982,FALSE
Pv2.1_07_6856100_G/A,Chr07,6856100,0.0225137020581272,6983,FALSE
Pv2.1_08_7787153_G/A,Chr08,7787153,0.022511268067166,6984,FALSE
Pv2.1_10_41403878_G/A,Chr10,41403878,0.0225084093227204,6985,FALSE
Pv2.1_08_8182262_A/T,Chr08,8182262,0.0225083796884276,6986,FALSE
Pv2.1_11_4543809_T/A,Chr11,4543809,0.0225070816940436,6987,FALSE
Pv2.1_09_37964573_A/G,Chr09,37964573,0.0225056971018498,6988,FALSE
Pv2.1_04_4561473_T/C,Chr04,4561473,0.0225053430591373,6989,FALSE
Pv2.1_07_21096145_G/A,Chr07,21096145,0.0225049340597114,6990,FALSE
Pv2.1_03_36438964_A/G,Chr03,36438964,0.0225039641968436,6991,FALSE
Pv2.1_09_17650891_C/A,Chr09,17650891,0.0225032995641534,6992,FALSE
Pv2.1_02_38579748_T/A,Chr02,38579748,0.0225009796336435,6993,FALSE
Pv2.1_06_18934602_A/G,Chr06,18934602,0.0224961062929747,6994,FALSE
Pv2.1_01_4852889_AG/A,Chr01,4852889,0.0224948913205494,6995,FALSE
Pv2.1_07_9199053_G/T,Chr07,9199053,0.0224946352196818,6996,FALSE
Pv2.1_07_9199088_C/T,Chr07,9199088,0.0224946352196818,6997,FALSE
Pv2.1_07_34489895_C/T,Chr07,34489895,0.022489289043818,6998,FALSE
Pv2.1_06_25366038_G/A,Chr06,25366038,0.0224891110856862,6999,FALSE
Pv2.1_01_14470220_T/A,Chr01,14470220,0.0224885997643534,7000,FALSE
Pv2.1_04_47535999_C/T,Chr04,47535999,0.0224859304920848,7001,FALSE
Pv2.1_02_1630157_A/C,Chr02,1630157,0.0224850177560376,7002,FALSE
Pv2.1_02_37586590_G/C,Chr02,37586590,0.0224834362125805,7003,FALSE
Pv2.1_04_4135608_T/C,Chr04,4135608,0.0224823018400704,7004,FALSE
Pv2.1_04_4135614_C/T,Chr04,4135614,0.0224823018400704,7005,FALSE
Pv2.1_06_24706648_T/C,Chr06,24706648,0.0224794734502072,7006,FALSE
Pv2.1_07_414852_A/C,Chr07,414852,0.0224774687349134,7007,FALSE
Pv2.1_11_111628_G/A,Chr11,111628,0.0224743544060777,7008,FALSE
Pv2.1_11_111665_G/A,Chr11,111665,0.0224743544060777,7009,FALSE
Pv2.1_08_2864453_T/C,Chr08,2864453,0.0224740949439428,7010,FALSE
Pv2.1_08_59986006_T/C,Chr08,59986006,0.0224712680018753,7011,FALSE
Pv2.1_11_4527405_C/G,Chr11,4527405,0.0224708618029972,7012,FALSE
Pv2.1_08_53271498_A/T,Chr08,53271498,0.0224696119670433,7013,FALSE
Pv2.1_07_860532_A/C,Chr07,860532,0.0224694375659937,7014,FALSE
Pv2.1_11_3904997_C/G,Chr11,3904997,0.0224666744071786,7015,FALSE
Pv2.1_08_484735_C/T,Chr08,484735,0.022466252376633,7016,FALSE
Pv2.1_08_1483637_T/A,Chr08,1483637,0.0224654068284065,7017,FALSE
Pv2.1_10_23594812_T/C,Chr10,23594812,0.0224636839909729,7018,FALSE
Pv2.1_11_47215098_A/G,Chr11,47215098,0.0224631364694545,7019,FALSE
Pv2.1_11_47215099_T/A,Chr11,47215099,0.0224631364694545,7020,FALSE
Pv2.1_05_40416644_A/C,Chr05,40416644,0.0224630613326324,7021,FALSE
Pv2.1_05_39416659_T/G,Chr05,39416659,0.0224627576648295,7022,FALSE
Pv2.1_07_5637927_A/T,Chr07,5637927,0.0224620534750977,7023,FALSE
Pv2.1_08_3231274_A/G,Chr08,3231274,0.0224611995706239,7024,FALSE
Pv2.1_06_31021176_A/G,Chr06,31021176,0.0224589273728526,7025,FALSE
Pv2.1_10_40346952_G/GAAA,Chr10,40346952,0.0224582215595213,7026,FALSE
Pv2.1_07_29104350_A/T,Chr07,29104350,0.0224526805404977,7027,FALSE
Pv2.1_10_1064177_C/T,Chr10,1064177,0.0224526122821445,7028,FALSE
Pv2.1_09_35387889_C/A,Chr09,35387889,0.0224501049708059,7029,FALSE
Pv2.1_03_41091762_A/T,Chr03,41091762,0.0224492553620239,7030,FALSE
Pv2.1_01_43317055_G/C,Chr01,43317055,0.0224480158299465,7031,FALSE
Pv2.1_03_7921629_T/G,Chr03,7921629,0.0224405539058337,7032,FALSE
Pv2.1_03_7921633_G/A,Chr03,7921633,0.0224405539058337,7033,FALSE
Pv2.1_01_2525376_A/G,Chr01,2525376,0.0224391472315202,7034,FALSE
Pv2.1_05_152562_C/T,Chr05,152562,0.0224313617368943,7035,FALSE
Pv2.1_07_35106013_G/A,Chr07,35106013,0.0224276314701157,7036,FALSE
Pv2.1_08_3853020_GA/G,Chr08,3853020,0.022426840008162,7037,FALSE
Pv2.1_02_46858411_A/G,Chr02,46858411,0.0224267883131444,7038,FALSE
Pv2.1_04_45501122_A/G,Chr04,45501122,0.022426408651862,7039,FALSE
Pv2.1_09_38211094_A/T,Chr09,38211094,0.0224210031555838,7040,FALSE
Pv2.1_08_62939572_T/C,Chr08,62939572,0.0224176414020496,7041,FALSE
Pv2.1_11_53503953_AT/A,Chr11,53503953,0.0224154781461117,7042,FALSE
Pv2.1_11_45925403_G/A,Chr11,45925403,0.0224109167431132,7043,FALSE
Pv2.1_08_62766966_C/T,Chr08,62766966,0.022407970386717,7044,FALSE
Pv2.1_04_4915088_G/A,Chr04,4915088,0.0224018657674083,7045,FALSE
Pv2.1_08_62895183_C/G,Chr08,62895183,0.0224014390093856,7046,FALSE
Pv2.1_02_43116074_C/T,Chr02,43116074,0.0224006338389167,7047,FALSE
Pv2.1_07_4292446_T/G,Chr07,4292446,0.0223999847626555,7048,FALSE
Pv2.1_04_4342387_A/T,Chr04,4342387,0.0223982390759065,7049,FALSE
Pv2.1_11_51537322_C/T,Chr11,51537322,0.0223978856844274,7050,FALSE
Pv2.1_11_51537325_C/T,Chr11,51537325,0.0223978856844274,7051,FALSE
Pv2.1_04_41774132_A/T,Chr04,41774132,0.0223975293867036,7052,FALSE
Pv2.1_08_57579066_C/G,Chr08,57579066,0.022394122119489,7053,FALSE
Pv2.1_11_53132369_G/A,Chr11,53132369,0.0223926676707564,7054,FALSE
Pv2.1_11_51020631_A/G,Chr11,51020631,0.0223913410642926,7055,FALSE
Pv2.1_08_62573405_T/A,Chr08,62573405,0.0223871954295749,7056,FALSE
Pv2.1_08_62753869_C/T,Chr08,62753869,0.0223858793242977,7057,FALSE
Pv2.1_01_1220807_G/C,Chr01,1220807,0.0223829348807394,7058,FALSE
Pv2.1_02_16044823_G/A,Chr02,16044823,0.0223822489110721,7059,FALSE
Pv2.1_03_52495251_T/C,Chr03,52495251,0.0223813823631702,7060,FALSE
Pv2.1_08_43799073_G/A,Chr08,43799073,0.0223790802825006,7061,FALSE
Pv2.1_02_561874_A/T,Chr02,561874,0.0223776206817559,7062,FALSE
Pv2.1_06_18407802_G/T,Chr06,18407802,0.0223748173397329,7063,FALSE
Pv2.1_01_43071734_G/C,Chr01,43071734,0.0223742391669823,7064,FALSE
Pv2.1_07_32695008_C/G,Chr07,32695008,0.0223733700819988,7065,FALSE
Pv2.1_05_116367_A/C,Chr05,116367,0.0223713733926076,7066,FALSE
Pv2.1_07_4201607_C/A,Chr07,4201607,0.0223710453158419,7067,FALSE
Pv2.1_01_2524699_T/G,Chr01,2524699,0.0223688457989977,7068,FALSE
Pv2.1_07_30155436_T/A,Chr07,30155436,0.0223686604002955,7069,FALSE
Pv2.1_07_38402586_G/A,Chr07,38402586,0.0223671197883384,7070,FALSE
Pv2.1_08_1434660_G/T,Chr08,1434660,0.0223667191994945,7071,FALSE
Pv2.1_03_30385406_G/A,Chr03,30385406,0.0223655844468822,7072,FALSE
Pv2.1_01_51325736_A/G,Chr01,51325736,0.0223643973152683,7073,FALSE
Pv2.1_01_51325758_A/T,Chr01,51325758,0.0223643973152683,7074,FALSE
Pv2.1_01_51325761_G/A,Chr01,51325761,0.0223643973152683,7075,FALSE
Pv2.1_09_35630541_T/C,Chr09,35630541,0.0223638500783108,7076,FALSE
Pv2.1_11_46411399_T/C,Chr11,46411399,0.0223630806727106,7077,FALSE
Pv2.1_03_52871666_G/A,Chr03,52871666,0.0223562035382878,7078,FALSE
Pv2.1_09_36725484_G/T,Chr09,36725484,0.0223560630324169,7079,FALSE
Pv2.1_01_13065330_A/C,Chr01,13065330,0.0223484420581173,7080,FALSE
Pv2.1_09_20726742_C/T,Chr09,20726742,0.022342949426764,7081,FALSE
Pv2.1_05_38449654_T/A,Chr05,38449654,0.022342316211037,7082,FALSE
Pv2.1_04_47258842_G/T,Chr04,47258842,0.0223411305176868,7083,FALSE
Pv2.1_06_19617150_C/T,Chr06,19617150,0.0223381438108361,7084,FALSE
Pv2.1_03_430574_T/C,Chr03,430574,0.0223377231197066,7085,FALSE
Pv2.1_11_50684245_C/T,Chr11,50684245,0.0223347254894133,7086,FALSE
Pv2.1_09_384107_G/A,Chr09,384107,0.0223342696948969,7087,FALSE
Pv2.1_11_2596604_T/C,Chr11,2596604,0.0223340250445983,7088,FALSE
Pv2.1_04_43712462_T/C,Chr04,43712462,0.0223330597027989,7089,FALSE
Pv2.1_04_2033065_C/T,Chr04,2033065,0.0223315555457222,7090,FALSE
Pv2.1_02_49620691_T/C,Chr02,49620691,0.0223305351098686,7091,FALSE
Pv2.1_11_726747_A/T,Chr11,726747,0.0223287694000609,7092,FALSE
Pv2.1_10_8110926_A/C,Chr10,8110926,0.0223274249025178,7093,FALSE
Pv2.1_04_46299033_G/A,Chr04,46299033,0.0223270341610209,7094,FALSE
Pv2.1_11_44398147_G/A,Chr11,44398147,0.0223265941476005,7095,FALSE
Pv2.1_01_1441989_T/A,Chr01,1441989,0.0223261367905572,7096,FALSE
Pv2.1_08_9410002_A/G,Chr08,9410002,0.0223251206253359,7097,FALSE
Pv2.1_11_3129051_C/T,Chr11,3129051,0.0223247313857931,7098,FALSE
Pv2.1_09_28596762_A/G,Chr09,28596762,0.0223234323563641,7099,FALSE
Pv2.1_06_26043408_C/T,Chr06,26043408,0.022322319921654,7100,FALSE
Pv2.1_06_19629387_G/C,Chr06,19629387,0.022322180790832,7101,FALSE
Pv2.1_06_19629389_T/G,Chr06,19629389,0.022322180790832,7102,FALSE
Pv2.1_04_45531170_G/A,Chr04,45531170,0.0223189660994656,7103,FALSE
Pv2.1_03_39370266_C/T,Chr03,39370266,0.0223175225622225,7104,FALSE
Pv2.1_02_28355923_C/G,Chr02,28355923,0.0223153641786435,7105,FALSE
Pv2.1_09_38235047_C/A,Chr09,38235047,0.0223138025690117,7106,FALSE
Pv2.1_10_42515247_GA/G,Chr10,42515247,0.0223131796779974,7107,FALSE
Pv2.1_02_12350987_C/T,Chr02,12350987,0.0223131095995255,7108,FALSE
Pv2.1_08_62237985_TTA/T,Chr08,62237985,0.0223126774827711,7109,FALSE
Pv2.1_03_7208959_A/C,Chr03,7208959,0.0223116134008974,7110,FALSE
Pv2.1_07_29142414_A/T,Chr07,29142414,0.0223113728989728,7111,FALSE
Pv2.1_08_45528175_T/C,Chr08,45528175,0.0223082670460455,7112,FALSE
Pv2.1_11_3044175_C/T,Chr11,3044175,0.022307690517116,7113,FALSE
Pv2.1_05_39913324_G/T,Chr05,39913324,0.0223037140919145,7114,FALSE
Pv2.1_09_29132506_A/G,Chr09,29132506,0.0222990893858452,7115,FALSE
Pv2.1_10_41705394_C/G,Chr10,41705394,0.0222928485756437,7116,FALSE
Pv2.1_07_1881204_C/T,Chr07,1881204,0.022292018574718,7117,FALSE
Pv2.1_11_30573330_A/T,Chr11,30573330,0.0222911614035941,7118,FALSE
Pv2.1_06_25366195_A/G,Chr06,25366195,0.0222895123792304,7119,FALSE
Pv2.1_04_12122962_T/G,Chr04,12122962,0.0222879172711119,7120,FALSE
Pv2.1_04_1576958_G/A,Chr04,1576958,0.0222842047401697,7121,FALSE
Pv2.1_08_61450420_G/A,Chr08,61450420,0.0222838455727898,7122,FALSE
Pv2.1_03_37349237_G/T,Chr03,37349237,0.0222808808751016,7123,FALSE
Pv2.1_02_25187939_C/T,Chr02,25187939,0.022280068211963,7124,FALSE
Pv2.1_02_25187988_T/A,Chr02,25187988,0.022280068211963,7125,FALSE
Pv2.1_04_47556133_G/T,Chr04,47556133,0.0222798430332127,7126,FALSE
Pv2.1_02_23288656_C/G,Chr02,23288656,0.0222791872911188,7127,FALSE
Pv2.1_06_25753630_C/T,Chr06,25753630,0.0222784758145314,7128,FALSE
Pv2.1_01_12616540_T/G,Chr01,12616540,0.0222779019557091,7129,FALSE
Pv2.1_09_38119636_C/T,Chr09,38119636,0.0222775899633625,7130,FALSE
Pv2.1_03_11945944_G/GGA,Chr03,11945944,0.0222691808786375,7131,FALSE
Pv2.1_07_4818769_C/T,Chr07,4818769,0.0222681028800897,7132,FALSE
Pv2.1_07_37122770_T/G,Chr07,37122770,0.0222668664779944,7133,FALSE
Pv2.1_11_52612019_T/C,Chr11,52612019,0.0222650388712426,7134,FALSE
Pv2.1_09_34957759_T/G,Chr09,34957759,0.0222636347819849,7135,FALSE
Pv2.1_07_28532714_T/G,Chr07,28532714,0.0222620220545942,7136,FALSE
Pv2.1_02_35475477_T/A,Chr02,35475477,0.0222566787573903,7137,FALSE
Pv2.1_11_47293128_A/T,Chr11,47293128,0.0222561034959017,7138,FALSE
Pv2.1_01_2335058_T/C,Chr01,2335058,0.0222523695886387,7139,FALSE
Pv2.1_06_21093562_A/G,Chr06,21093562,0.0222502580679409,7140,FALSE
Pv2.1_06_21093583_A/G,Chr06,21093583,0.0222502580679409,7141,FALSE
Pv2.1_03_9408164_G/A,Chr03,9408164,0.0222496463118107,7142,FALSE
Pv2.1_06_25366360_A/T,Chr06,25366360,0.0222471565941142,7143,FALSE
Pv2.1_06_28226256_T/A,Chr06,28226256,0.0222465658957969,7144,FALSE
Pv2.1_03_31676148_A/G,Chr03,31676148,0.022243866676015,7145,FALSE
Pv2.1_08_62895083_T/A,Chr08,62895083,0.022242993197823,7146,FALSE
Pv2.1_05_5652470_G/GT,Chr05,5652470,0.0222425104493165,7147,FALSE
Pv2.1_08_1703734_C/T,Chr08,1703734,0.0222380231579224,7148,FALSE
Pv2.1_08_62895194_C/T,Chr08,62895194,0.0222373916642962,7149,FALSE
Pv2.1_03_7189008_C/A,Chr03,7189008,0.0222322684162681,7150,FALSE
Pv2.1_03_7189014_T/G,Chr03,7189014,0.0222322684162681,7151,FALSE
Pv2.1_03_7189005_C/T,Chr03,7189005,0.0222322684162677,7152,FALSE
Pv2.1_04_46540397_C/T,Chr04,46540397,0.0222322332161848,7153,FALSE
Pv2.1_10_3117625_T/C,Chr10,3117625,0.0222294293624463,7154,FALSE
Pv2.1_07_39309158_G/A,Chr07,39309158,0.0222283408820139,7155,FALSE
Pv2.1_07_4047097_TG/T,Chr07,4047097,0.0222266207764905,7156,FALSE
Pv2.1_03_36700500_G/A,Chr03,36700500,0.0222255677614585,7157,FALSE
Pv2.1_08_9932710_C/T,Chr08,9932710,0.0222151050166515,7158,FALSE
Pv2.1_06_21637619_T/C,Chr06,21637619,0.0222125506301838,7159,FALSE
Pv2.1_08_14362540_C/T,Chr08,14362540,0.0222124822378014,7160,FALSE
Pv2.1_10_1072239_C/G,Chr10,1072239,0.022210111921368,7161,FALSE
Pv2.1_06_15480942_A/T,Chr06,15480942,0.0222099310558166,7162,FALSE
Pv2.1_01_51087161_A/G,Chr01,51087161,0.0222098483471611,7163,FALSE
Pv2.1_01_51087166_G/T,Chr01,51087166,0.0222098483471611,7164,FALSE
Pv2.1_11_3661715_A/G,Chr11,3661715,0.0222098332037901,7165,FALSE
Pv2.1_03_47350937_A/G,Chr03,47350937,0.0222066191753494,7166,FALSE
Pv2.1_06_5988565_C/T,Chr06,5988565,0.0222041426702209,7167,FALSE
Pv2.1_11_49492597_A/T,Chr11,49492597,0.0222018733397507,7168,FALSE
Pv2.1_11_2687326_G/T,Chr11,2687326,0.0222011649951033,7169,FALSE
Pv2.1_06_20010344_C/A,Chr06,20010344,0.0222009638698668,7170,FALSE
Pv2.1_09_14586676_G/A,Chr09,14586676,0.0221996940438811,7171,FALSE
Pv2.1_09_36079763_A/G,Chr09,36079763,0.022198299935793,7172,FALSE
Pv2.1_08_8456016_C/T,Chr08,8456016,0.0221981529046125,7173,FALSE
Pv2.1_07_4307259_T/G,Chr07,4307259,0.022197484572521,7174,FALSE
Pv2.1_03_812217_T/C,Chr03,812217,0.0221893729403546,7175,FALSE
Pv2.1_03_7115644_C/A,Chr03,7115644,0.022186726667301,7176,FALSE
Pv2.1_03_49696994_G/T,Chr03,49696994,0.0221859084320859,7177,FALSE
Pv2.1_10_4627942_G/C,Chr10,4627942,0.0221851109794011,7178,FALSE
Pv2.1_10_4627960_G/T,Chr10,4627960,0.0221851109794011,7179,FALSE
Pv2.1_10_4628002_T/G,Chr10,4628002,0.0221851109794011,7180,FALSE
Pv2.1_06_28242504_C/T,Chr06,28242504,0.0221822716217259,7181,FALSE
Pv2.1_10_1452297_CAT/C,Chr10,1452297,0.0221808104580048,7182,FALSE
Pv2.1_02_12633756_G/A,Chr02,12633756,0.0221783401833178,7183,FALSE
Pv2.1_08_38658769_G/T,Chr08,38658769,0.0221762036598983,7184,FALSE
Pv2.1_06_20360964_G/A,Chr06,20360964,0.0221752667084116,7185,FALSE
Pv2.1_08_62753698_T/C,Chr08,62753698,0.0221718475369679,7186,FALSE
Pv2.1_08_16263704_G/A,Chr08,16263704,0.0221708127495655,7187,FALSE
Pv2.1_01_43071539_A/G,Chr01,43071539,0.0221699554274366,7188,FALSE
Pv2.1_03_12631139_C/T,Chr03,12631139,0.0221697235951366,7189,FALSE
Pv2.1_10_7761991_T/C,Chr10,7761991,0.0221685794499273,7190,FALSE
Pv2.1_06_18783182_T/A,Chr06,18783182,0.0221680287403894,7191,FALSE
Pv2.1_02_13743981_G/A,Chr02,13743981,0.0221670808512076,7192,FALSE
Pv2.1_02_13743996_C/A,Chr02,13743996,0.0221670808512076,7193,FALSE
Pv2.1_08_9931388_C/T,Chr08,9931388,0.0221650336287142,7194,FALSE
Pv2.1_10_1805698_A/C,Chr10,1805698,0.0221612745112845,7195,FALSE
Pv2.1_08_57920024_C/T,Chr08,57920024,0.0221568704103134,7196,FALSE
Pv2.1_10_1805688_A/G,Chr10,1805688,0.0221533810449719,7197,FALSE
Pv2.1_05_5493862_C/A,Chr05,5493862,0.0221529041765982,7198,FALSE
Pv2.1_05_12493234_C/T,Chr05,12493234,0.0221514015721707,7199,FALSE
Pv2.1_08_60726821_C/T,Chr08,60726821,0.0221497245632278,7200,FALSE
Pv2.1_02_11930438_A/G,Chr02,11930438,0.0221480341004612,7201,FALSE
Pv2.1_10_41845732_C/A,Chr10,41845732,0.0221479719576316,7202,FALSE
Pv2.1_11_30441034_A/C,Chr11,30441034,0.0221467259956318,7203,FALSE
Pv2.1_07_32368424_A/G,Chr07,32368424,0.0221451301098856,7204,FALSE
Pv2.1_04_46298929_G/C,Chr04,46298929,0.0221447291738901,7205,FALSE
Pv2.1_08_62191533_C/A,Chr08,62191533,0.0221436397862136,7206,FALSE
Pv2.1_07_993143_C/T,Chr07,993143,0.0221426406857446,7207,FALSE
Pv2.1_03_1303451_T/C,Chr03,1303451,0.0221420779103232,7208,FALSE
Pv2.1_05_39727709_G/A,Chr05,39727709,0.022141703985247,7209,FALSE
Pv2.1_01_13323695_A/T,Chr01,13323695,0.0221392153144504,7210,FALSE
Pv2.1_11_2493735_A/T,Chr11,2493735,0.0221391694405799,7211,FALSE
Pv2.1_07_163220_A/G,Chr07,163220,0.0221365931711706,7212,FALSE
Pv2.1_07_4306932_G/A,Chr07,4306932,0.0221351822492775,7213,FALSE
Pv2.1_07_4306935_C/G,Chr07,4306935,0.0221351822492775,7214,FALSE
Pv2.1_06_24195880_G/C,Chr06,24195880,0.0221284857427451,7215,FALSE
Pv2.1_09_28195886_G/T,Chr09,28195886,0.022126785338068,7216,FALSE
Pv2.1_04_3928995_A/ATT,Chr04,3928995,0.0221257776121151,7217,FALSE
Pv2.1_03_9408101_T/C,Chr03,9408101,0.0221233567265537,7218,FALSE
Pv2.1_10_1415232_A/T,Chr10,1415232,0.0221229386885446,7219,FALSE
Pv2.1_02_25187951_T/G,Chr02,25187951,0.0221200430900046,7220,FALSE
Pv2.1_11_50684251_C/T,Chr11,50684251,0.0221184439481332,7221,FALSE
Pv2.1_02_15241614_A/T,Chr02,15241614,0.0221174450604433,7222,FALSE
Pv2.1_08_62276157_T/G,Chr08,62276157,0.0221134087342953,7223,FALSE
Pv2.1_08_61337719_G/T,Chr08,61337719,0.0221114379526965,7224,FALSE
Pv2.1_05_39338042_G/A,Chr05,39338042,0.0221106121916241,7225,FALSE
Pv2.1_04_46100169_T/C,Chr04,46100169,0.0221103679564036,7226,FALSE
Pv2.1_08_3231720_T/G,Chr08,3231720,0.0221100843016302,7227,FALSE
Pv2.1_08_20903545_T/C,Chr08,20903545,0.0221099915285823,7228,FALSE
Pv2.1_03_42941600_A/T,Chr03,42941600,0.0221077368161655,7229,FALSE
Pv2.1_08_61835835_A/C,Chr08,61835835,0.0221069587246427,7230,FALSE
Pv2.1_07_35052936_T/C,Chr07,35052936,0.0221040248423003,7231,FALSE
Pv2.1_01_2270257_G/A,Chr01,2270257,0.0221035494451747,7232,FALSE
Pv2.1_06_26501722_C/G,Chr06,26501722,0.0221021438063853,7233,FALSE
Pv2.1_06_26501723_G/A,Chr06,26501723,0.0221021438063853,7234,FALSE
Pv2.1_07_21348354_T/C,Chr07,21348354,0.0221002253620299,7235,FALSE
Pv2.1_03_2490186_G/T,Chr03,2490186,0.0220985114328744,7236,FALSE
Pv2.1_10_1415233_A/T,Chr10,1415233,0.0220972020270165,7237,FALSE
Pv2.1_03_983900_C/T,Chr03,983900,0.0220950603851073,7238,FALSE
Pv2.1_10_1698905_C/CAAG,Chr10,1698905,0.0220948055459127,7239,FALSE
Pv2.1_09_38140157_C/G,Chr09,38140157,0.0220929258280909,7240,FALSE
Pv2.1_11_98123_G/C,Chr11,98123,0.0220851695202864,7241,FALSE
Pv2.1_11_34204855_A/C,Chr11,34204855,0.0220840725123819,7242,FALSE
Pv2.1_04_448783_A/G,Chr04,448783,0.0220836109075284,7243,FALSE
Pv2.1_04_46934164_G/C,Chr04,46934164,0.0220829375655232,7244,FALSE
Pv2.1_01_1963018_G/A,Chr01,1963018,0.0220806508726543,7245,FALSE
Pv2.1_09_37752756_T/G,Chr09,37752756,0.0220768889855245,7246,FALSE
Pv2.1_04_4471410_A/T,Chr04,4471410,0.0220760212736453,7247,FALSE
Pv2.1_06_26045152_A/T,Chr06,26045152,0.0220714056019276,7248,FALSE
Pv2.1_08_62494861_A/G,Chr08,62494861,0.0220686392245195,7249,FALSE
Pv2.1_06_21224199_C/A,Chr06,21224199,0.0220664278954903,7250,FALSE
Pv2.1_08_334340_A/C,Chr08,334340,0.0220652793622937,7251,FALSE
Pv2.1_09_28962287_A/G,Chr09,28962287,0.0220636935972389,7252,FALSE
Pv2.1_01_6523837_G/C,Chr01,6523837,0.0220577003095195,7253,FALSE
Pv2.1_01_6523841_C/T,Chr01,6523841,0.0220577003095195,7254,FALSE
Pv2.1_01_6523866_G/A,Chr01,6523866,0.0220577003095195,7255,FALSE
Pv2.1_09_14438725_G/C,Chr09,14438725,0.0220569573754084,7256,FALSE
Pv2.1_09_14438739_T/G,Chr09,14438739,0.0220569573754084,7257,FALSE
Pv2.1_03_51917265_G/T,Chr03,51917265,0.0220559058966621,7258,FALSE
Pv2.1_08_7844177_G/A,Chr08,7844177,0.0220544564113627,7259,FALSE
Pv2.1_03_13132843_C/G,Chr03,13132843,0.0220498204145043,7260,FALSE
Pv2.1_06_25110110_C/CA,Chr06,25110110,0.0220498040104324,7261,FALSE
Pv2.1_03_994445_T/A,Chr03,994445,0.0220484125623051,7262,FALSE
Pv2.1_10_44077576_A/G,Chr10,44077576,0.0220483588342324,7263,FALSE
Pv2.1_09_13559644_C/G,Chr09,13559644,0.0220460758044885,7264,FALSE
Pv2.1_09_36681034_G/C,Chr09,36681034,0.0220436641748956,7265,FALSE
Pv2.1_11_48008341_G/A,Chr11,48008341,0.0220431017114882,7266,FALSE
Pv2.1_04_44764866_T/A,Chr04,44764866,0.022039718616139,7267,FALSE
Pv2.1_02_1650578_C/T,Chr02,1650578,0.022029798420633,7268,FALSE
Pv2.1_11_3941013_C/A,Chr11,3941013,0.022028771966252,7269,FALSE
Pv2.1_09_38119642_A/C,Chr09,38119642,0.0220277470924275,7270,FALSE
Pv2.1_10_41875922_G/A,Chr10,41875922,0.022024127363184,7271,FALSE
Pv2.1_10_37189699_G/A,Chr10,37189699,0.0220226362916369,7272,FALSE
Pv2.1_07_4089233_T/A,Chr07,4089233,0.0220205379197869,7273,FALSE
Pv2.1_08_53821543_A/G,Chr08,53821543,0.0220191541419239,7274,FALSE
Pv2.1_06_19696059_T/C,Chr06,19696059,0.0220178110945772,7275,FALSE
Pv2.1_03_53067259_A/T,Chr03,53067259,0.0220104631946874,7276,FALSE
Pv2.1_06_23708783_G/GAT,Chr06,23708783,0.0220084647718584,7277,FALSE
Pv2.1_08_62537000_C/T,Chr08,62537000,0.022006756069918,7278,FALSE
Pv2.1_09_13933906_AT/A,Chr09,13933906,0.0220059303225928,7279,FALSE
Pv2.1_02_28079416_T/C,Chr02,28079416,0.0220025614231947,7280,FALSE
Pv2.1_03_11746201_GA/G,Chr03,11746201,0.0220017087894484,7281,FALSE
Pv2.1_11_51042013_T/C,Chr11,51042013,0.0220009876932914,7282,FALSE
Pv2.1_08_59031133_G/T,Chr08,59031133,0.0219963762875928,7283,FALSE
Pv2.1_11_51718340_T/C,Chr11,51718340,0.0219960491336777,7284,FALSE
Pv2.1_03_45753129_G/C,Chr03,45753129,0.0219901824886066,7285,FALSE
Pv2.1_04_45436183_T/G,Chr04,45436183,0.0219895318119177,7286,FALSE
Pv2.1_04_45436184_T/A,Chr04,45436184,0.0219895318119177,7287,FALSE
Pv2.1_02_44545141_C/T,Chr02,44545141,0.0219894418596542,7288,FALSE
Pv2.1_05_394582_G/C,Chr05,394582,0.0219874109881912,7289,FALSE
Pv2.1_08_7765381_T/C,Chr08,7765381,0.0219837201566722,7290,FALSE
Pv2.1_04_47249077_T/C,Chr04,47249077,0.0219821977395362,7291,FALSE
Pv2.1_01_43027224_A/T,Chr01,43027224,0.021980248623755,7292,FALSE
Pv2.1_07_8389391_CT/C,Chr07,8389391,0.0219769722735901,7293,FALSE
Pv2.1_06_26569192_C/T,Chr06,26569192,0.0219750757933173,7294,FALSE
Pv2.1_09_22620451_C/G,Chr09,22620451,0.0219739846057854,7295,FALSE
Pv2.1_06_20935974_G/T,Chr06,20935974,0.0219728148916705,7296,FALSE
Pv2.1_02_28089312_C/T,Chr02,28089312,0.0219647954904132,7297,FALSE
Pv2.1_03_8650340_C/T,Chr03,8650340,0.0219575923187261,7298,FALSE
Pv2.1_06_28022535_C/G,Chr06,28022535,0.0219546174239547,7299,FALSE
Pv2.1_01_49184299_TC/T,Chr01,49184299,0.0219543199337924,7300,FALSE
Pv2.1_06_20453002_A/G,Chr06,20453002,0.0219532879310891,7301,FALSE
Pv2.1_03_53035469_A/T,Chr03,53035469,0.0219511023679297,7302,FALSE
Pv2.1_03_53035475_T/C,Chr03,53035475,0.0219511023679297,7303,FALSE
Pv2.1_03_53035482_C/G,Chr03,53035482,0.0219511023679297,7304,FALSE
Pv2.1_11_53507063_T/C,Chr11,53507063,0.021948117948237,7305,FALSE
Pv2.1_03_1269409_T/G,Chr03,1269409,0.0219441357079457,7306,FALSE
Pv2.1_04_1743500_C/A,Chr04,1743500,0.0219441078976939,7307,FALSE
Pv2.1_11_3919987_T/C,Chr11,3919987,0.0219422612069362,7308,FALSE
Pv2.1_06_21733105_A/T,Chr06,21733105,0.0219410956573558,7309,FALSE
Pv2.1_08_33000013_C/T,Chr08,33000013,0.0219402307908303,7310,FALSE
Pv2.1_01_37766581_A/G,Chr01,37766581,0.0219372782933815,7311,FALSE
Pv2.1_07_2641402_T/A,Chr07,2641402,0.021932602130851,7312,FALSE
Pv2.1_07_9089497_GTTGC/TTGT,Chr07,9089497,0.0219317031320387,7313,FALSE
Pv2.1_03_49777953_C/A,Chr03,49777953,0.0219293870470625,7314,FALSE
Pv2.1_10_3015744_C/T,Chr10,3015744,0.021928923663828,7315,FALSE
Pv2.1_07_38557122_G/C,Chr07,38557122,0.0219245792440912,7316,FALSE
Pv2.1_06_28248937_G/A,Chr06,28248937,0.0219245788121007,7317,FALSE
Pv2.1_05_38386200_C/T,Chr05,38386200,0.0219244394501543,7318,FALSE
Pv2.1_11_47178666_C/G,Chr11,47178666,0.02192054187441,7319,FALSE
Pv2.1_03_46518929_C/G,Chr03,46518929,0.0219203303403428,7320,FALSE
Pv2.1_03_12034857_AAGAGAGAGG/GAGAGAGGGA,Chr03,12034857,0.0219202951033601,7321,FALSE
Pv2.1_03_12034858_AGAGAGAGG/GAGAGAGGGA,Chr03,12034858,0.0219202951033601,7322,FALSE
Pv2.1_06_21615437_G/A,Chr06,21615437,0.0219167055532847,7323,FALSE
Pv2.1_11_2687316_A/T,Chr11,2687316,0.0219164359142372,7324,FALSE
Pv2.1_02_19690112_G/T,Chr02,19690112,0.0219136993558879,7325,FALSE
Pv2.1_11_4544903_T/C,Chr11,4544903,0.0219131050534624,7326,FALSE
Pv2.1_07_32262174_G/A,Chr07,32262174,0.0219092831493706,7327,FALSE
Pv2.1_08_58417812_C/G,Chr08,58417812,0.0219090652555529,7328,FALSE
Pv2.1_11_36028527_T/C,Chr11,36028527,0.0219077902257654,7329,FALSE
Pv2.1_08_35342587_A/T,Chr08,35342587,0.0219062081109209,7330,FALSE
Pv2.1_01_50566226_T/A,Chr01,50566226,0.0219024878524472,7331,FALSE
Pv2.1_11_52609671_A/G,Chr11,52609671,0.0219007321869449,7332,FALSE
Pv2.1_08_59056085_G/A,Chr08,59056085,0.0218975323344059,7333,FALSE
Pv2.1_02_43325172_G/C,Chr02,43325172,0.0218962144287995,7334,FALSE
Pv2.1_01_148035_A/ACTT,Chr01,148035,0.0218928896036692,7335,FALSE
Pv2.1_07_163192_C/T,Chr07,163192,0.0218890934513283,7336,FALSE
Pv2.1_03_31136003_T/C,Chr03,31136003,0.0218884020586301,7337,FALSE
Pv2.1_02_39814335_T/A,Chr02,39814335,0.0218831711954262,7338,FALSE
Pv2.1_05_573193_G/A,Chr05,573193,0.0218716286874541,7339,FALSE
Pv2.1_05_573194_A/G,Chr05,573194,0.0218716286874541,7340,FALSE
Pv2.1_08_10921730_C/T,Chr08,10921730,0.0218636122913285,7341,FALSE
Pv2.1_08_3706513_A/C,Chr08,3706513,0.0218620290515017,7342,FALSE
Pv2.1_07_32137873_G/A,Chr07,32137873,0.0218615062639023,7343,FALSE
Pv2.1_04_12248411_C/T,Chr04,12248411,0.0218609465198023,7344,FALSE
Pv2.1_07_34301821_A/G,Chr07,34301821,0.0218589727282472,7345,FALSE
Pv2.1_08_6700302_G/A,Chr08,6700302,0.0218557568017723,7346,FALSE
Pv2.1_07_28945244_G/A,Chr07,28945244,0.0218539750573736,7347,FALSE
Pv2.1_03_30451417_G/A,Chr03,30451417,0.021852169419935,7348,FALSE
Pv2.1_06_5756952_T/C,Chr06,5756952,0.0218520160799627,7349,FALSE
Pv2.1_06_3879753_A/G,Chr06,3879753,0.0218498595345711,7350,FALSE
Pv2.1_11_1322995_C/T,Chr11,1322995,0.021848608784393,7351,FALSE
Pv2.1_08_502355_G/C,Chr08,502355,0.0218480770141518,7352,FALSE
Pv2.1_11_1162182_A/C,Chr11,1162182,0.0218480752951509,7353,FALSE
Pv2.1_08_59125843_G/C,Chr08,59125843,0.0218479321945524,7354,FALSE
Pv2.1_03_1118917_G/A,Chr03,1118917,0.021846299057489,7355,FALSE
Pv2.1_03_32532209_C/T,Chr03,32532209,0.0218459243566151,7356,FALSE
Pv2.1_06_26695487_G/A,Chr06,26695487,0.0218429019962989,7357,FALSE
Pv2.1_10_4468524_A/C,Chr10,4468524,0.0218413197825456,7358,FALSE
Pv2.1_09_37115474_T/C,Chr09,37115474,0.021835068990975,7359,FALSE
Pv2.1_11_40169395_G/A,Chr11,40169395,0.0218341453445881,7360,FALSE
Pv2.1_06_16896683_A/C,Chr06,16896683,0.0218334468469377,7361,FALSE
Pv2.1_04_311722_C/T,Chr04,311722,0.021833107610012,7362,FALSE
Pv2.1_07_594367_T/C,Chr07,594367,0.0218295785984264,7363,FALSE
Pv2.1_03_45770960_CT/C,Chr03,45770960,0.021822083333396,7364,FALSE
Pv2.1_07_32612015_T/A,Chr07,32612015,0.0218216048357984,7365,FALSE
Pv2.1_11_470189_C/T,Chr11,470189,0.0218204978841543,7366,FALSE
Pv2.1_08_7893572_GA/G,Chr08,7893572,0.0218197535496039,7367,FALSE
Pv2.1_06_20377991_A/G,Chr06,20377991,0.0218185589002622,7368,FALSE
Pv2.1_04_16567840_G/A,Chr04,16567840,0.0218185024811794,7369,FALSE
Pv2.1_11_3941019_C/T,Chr11,3941019,0.0218162930709216,7370,FALSE
Pv2.1_07_32262203_C/T,Chr07,32262203,0.0218106951311876,7371,FALSE
Pv2.1_11_2774419_A/T,Chr11,2774419,0.0218067761888343,7372,FALSE
Pv2.1_11_4719098_A/T,Chr11,4719098,0.0218044605739061,7373,FALSE
Pv2.1_11_1285964_G/A,Chr11,1285964,0.0218011908186213,7374,FALSE
Pv2.1_07_563403_G/T,Chr07,563403,0.0218005419782634,7375,FALSE
Pv2.1_11_1872187_AC/TCA,Chr11,1872187,0.0218003341887738,7376,FALSE
Pv2.1_07_38736324_A/G,Chr07,38736324,0.0217968364017116,7377,FALSE
Pv2.1_08_44047335_T/A,Chr08,44047335,0.0217942504646915,7378,FALSE
Pv2.1_09_12172325_A/T,Chr09,12172325,0.0217868117467095,7379,FALSE
Pv2.1_02_2462930_G/T,Chr02,2462930,0.0217839448011903,7380,FALSE
Pv2.1_04_4560682_G/A,Chr04,4560682,0.0217820085560496,7381,FALSE
Pv2.1_10_43507817_C/T,Chr10,43507817,0.0217814472193716,7382,FALSE
Pv2.1_08_62712445_G/A,Chr08,62712445,0.0217788569473134,7383,FALSE
Pv2.1_08_1308142_G/A,Chr08,1308142,0.0217780638909986,7384,FALSE
Pv2.1_11_51020744_G/A,Chr11,51020744,0.0217778323546236,7385,FALSE
Pv2.1_10_4082849_G/A,Chr10,4082849,0.0217755829352635,7386,FALSE
Pv2.1_02_38579762_C/T,Chr02,38579762,0.0217749742131748,7387,FALSE
Pv2.1_06_21888120_T/A,Chr06,21888120,0.0217738315592961,7388,FALSE
Pv2.1_07_3644749_G/T,Chr07,3644749,0.0217730945018495,7389,FALSE
Pv2.1_02_17672221_AGT/A,Chr02,17672221,0.0217722422383977,7390,FALSE
Pv2.1_03_53035457_A/G,Chr03,53035457,0.0217718210897386,7391,FALSE
Pv2.1_08_18892986_C/G,Chr08,18892986,0.0217649924202954,7392,FALSE
Pv2.1_01_1626976_C/T,Chr01,1626976,0.0217613982147222,7393,FALSE
Pv2.1_08_3231652_G/T,Chr08,3231652,0.0217607603458441,7394,FALSE
Pv2.1_09_36905289_C/A,Chr09,36905289,0.0217574328569778,7395,FALSE
Pv2.1_09_35426424_T/C,Chr09,35426424,0.0217569271291262,7396,FALSE
Pv2.1_08_40196726_A/G,Chr08,40196726,0.0217534711027514,7397,FALSE
Pv2.1_08_47670662_T/A,Chr08,47670662,0.0217526409785096,7398,FALSE
Pv2.1_11_3129050_C/T,Chr11,3129050,0.0217512890788028,7399,FALSE
Pv2.1_08_62490624_C/T,Chr08,62490624,0.0217462748077861,7400,FALSE
Pv2.1_06_25989377_T/C,Chr06,25989377,0.021743898207649,7401,FALSE
Pv2.1_11_468356_T/C,Chr11,468356,0.0217408506985004,7402,FALSE
Pv2.1_03_42031644_TG/T,Chr03,42031644,0.0217387804424716,7403,FALSE
Pv2.1_08_61403016_C/T,Chr08,61403016,0.0217353560059288,7404,FALSE
Pv2.1_10_41922443_C/T,Chr10,41922443,0.021732559726138,7405,FALSE
Pv2.1_04_45501891_G/C,Chr04,45501891,0.0217309699718609,7406,FALSE
Pv2.1_10_42515262_G/A,Chr10,42515262,0.021727610620252,7407,FALSE
Pv2.1_03_2490178_C/A,Chr03,2490178,0.0217271846130038,7408,FALSE
Pv2.1_06_19589964_A/T,Chr06,19589964,0.0217240410134734,7409,FALSE
Pv2.1_01_14227492_T/C,Chr01,14227492,0.0217235682275563,7410,FALSE
Pv2.1_08_61858906_G/A,Chr08,61858906,0.0217183716256901,7411,FALSE
Pv2.1_07_3358918_A/T,Chr07,3358918,0.0217171853650497,7412,FALSE
Pv2.1_11_49492540_G/C,Chr11,49492540,0.0217156115041668,7413,FALSE
Pv2.1_08_62807727_G/A,Chr08,62807727,0.0217124626389582,7414,FALSE
Pv2.1_02_25840397_G/A,Chr02,25840397,0.0217110653622532,7415,FALSE
Pv2.1_06_19335038_C/T,Chr06,19335038,0.0217076448359759,7416,FALSE
Pv2.1_10_40971991_T/C,Chr10,40971991,0.021698055325321,7417,FALSE
Pv2.1_02_39814232_C/T,Chr02,39814232,0.0216955944932953,7418,FALSE
Pv2.1_03_31137998_A/C,Chr03,31137998,0.0216888698005593,7419,FALSE
Pv2.1_06_30139496_C/T,Chr06,30139496,0.0216860451925167,7420,FALSE
Pv2.1_08_62952078_T/G,Chr08,62952078,0.021685489533728,7421,FALSE
Pv2.1_11_52611068_C/T,Chr11,52611068,0.021685286025281,7422,FALSE
Pv2.1_11_52611068_C/G,Chr11,52611068,0.0216852860252805,7423,FALSE
Pv2.1_05_38290191_C/G,Chr05,38290191,0.0216850047501413,7424,FALSE
Pv2.1_06_28207666_C/T,Chr06,28207666,0.0216841144488722,7425,FALSE
Pv2.1_01_18094625_G/A,Chr01,18094625,0.0216815913990223,7426,FALSE
Pv2.1_11_2708281_C/T,Chr11,2708281,0.0216809579490347,7427,FALSE
Pv2.1_11_53496487_A/C,Chr11,53496487,0.0216807383488087,7428,FALSE
Pv2.1_11_3778752_G/T,Chr11,3778752,0.0216803876987446,7429,FALSE
Pv2.1_09_14397139_A/G,Chr09,14397139,0.0216795281368527,7430,FALSE
Pv2.1_02_24785706_T/C,Chr02,24785706,0.021677408372808,7431,FALSE
Pv2.1_11_943592_T/G,Chr11,943592,0.021673089835164,7432,FALSE
Pv2.1_09_38046064_C/T,Chr09,38046064,0.021672563184032,7433,FALSE
Pv2.1_02_46811044_AT/A,Chr02,46811044,0.0216687371796045,7434,FALSE
Pv2.1_07_3265875_G/A,Chr07,3265875,0.0216526874513607,7435,FALSE
Pv2.1_03_36404644_T/G,Chr03,36404644,0.0216463713575203,7436,FALSE
Pv2.1_10_1416818_T/G,Chr10,1416818,0.0216371664084574,7437,FALSE
Pv2.1_06_21634159_A/T,Chr06,21634159,0.0216371478945088,7438,FALSE
Pv2.1_05_4551029_T/G,Chr05,4551029,0.0216351384637696,7439,FALSE
Pv2.1_03_8746487_G/T,Chr03,8746487,0.0216341745303872,7440,FALSE
Pv2.1_07_3664089_A/C,Chr07,3664089,0.0216337895776215,7441,FALSE
Pv2.1_06_30972261_C/G,Chr06,30972261,0.0216335190918389,7442,FALSE
Pv2.1_08_33621113_A/G,Chr08,33621113,0.0216312782495081,7443,FALSE
Pv2.1_07_29259414_A/C,Chr07,29259414,0.0216309141534587,7444,FALSE
Pv2.1_11_36105387_AG/A,Chr11,36105387,0.0216301844306996,7445,FALSE
Pv2.1_11_36105435_GT/G,Chr11,36105435,0.0216301844306996,7446,FALSE
Pv2.1_08_61889725_T/C,Chr08,61889725,0.0216243866549743,7447,FALSE
Pv2.1_03_51125098_C/A,Chr03,51125098,0.0216243166084298,7448,FALSE
Pv2.1_08_57579076_C/T,Chr08,57579076,0.021618907654763,7449,FALSE
Pv2.1_06_27807805_C/CTT,Chr06,27807805,0.0216153057316713,7450,FALSE
Pv2.1_07_30463947_A/G,Chr07,30463947,0.0216142122106611,7451,FALSE
Pv2.1_08_60448267_A/G,Chr08,60448267,0.0216141422647351,7452,FALSE
Pv2.1_11_3044204_C/G,Chr11,3044204,0.0216124865139835,7453,FALSE
Pv2.1_08_62766969_A/G,Chr08,62766969,0.0216028795845715,7454,FALSE
Pv2.1_11_49889647_G/C,Chr11,49889647,0.021602510395466,7455,FALSE
Pv2.1_04_10801742_G/A,Chr04,10801742,0.0216001773430659,7456,FALSE
Pv2.1_10_32052897_G/A,Chr10,32052897,0.0215994925653709,7457,FALSE
Pv2.1_08_7729815_T/A,Chr08,7729815,0.0215991883384987,7458,FALSE
Pv2.1_05_39317171_A/G,Chr05,39317171,0.021598969801746,7459,FALSE
Pv2.1_11_53562118_C/G,Chr11,53562118,0.0215973875049005,7460,FALSE
Pv2.1_09_36526311_C/T,Chr09,36526311,0.0215929063533511,7461,FALSE
Pv2.1_11_2965263_T/A,Chr11,2965263,0.0215905564168888,7462,FALSE
Pv2.1_11_4652202_C/G,Chr11,4652202,0.0215894242508119,7463,FALSE
Pv2.1_08_60362801_C/T,Chr08,60362801,0.0215852566344514,7464,FALSE
Pv2.1_09_14184762_T/A,Chr09,14184762,0.0215849491927744,7465,FALSE
Pv2.1_09_35929658_C/T,Chr09,35929658,0.0215818841397306,7466,FALSE
Pv2.1_06_19731319_A/T,Chr06,19731319,0.0215799524546636,7467,FALSE
Pv2.1_06_19629383_T/G,Chr06,19629383,0.0215740435457614,7468,FALSE
Pv2.1_06_19629390_A/T,Chr06,19629390,0.0215740435457614,7469,FALSE
Pv2.1_04_44964231_C/A,Chr04,44964231,0.0215733294373219,7470,FALSE
Pv2.1_04_44964252_A/G,Chr04,44964252,0.0215733294373219,7471,FALSE
Pv2.1_11_52773849_GA/G,Chr11,52773849,0.0215713733310232,7472,FALSE
Pv2.1_08_60622743_GT/G,Chr08,60622743,0.0215702019761901,7473,FALSE
Pv2.1_03_53066801_T/G,Chr03,53066801,0.0215602244375837,7474,FALSE
Pv2.1_08_58990861_T/C,Chr08,58990861,0.0215590379537747,7475,FALSE
Pv2.1_10_41198913_C/T,Chr10,41198913,0.0215550877957971,7476,FALSE
Pv2.1_10_42752905_G/C,Chr10,42752905,0.0215532862586687,7477,FALSE
Pv2.1_06_22005666_G/T,Chr06,22005666,0.0215524902770521,7478,FALSE
Pv2.1_11_4543977_C/G,Chr11,4543977,0.0215498622834081,7479,FALSE
Pv2.1_07_32694993_C/G,Chr07,32694993,0.0215478298924801,7480,FALSE
Pv2.1_01_51318874_A/G,Chr01,51318874,0.0215477736685719,7481,FALSE
Pv2.1_03_37059484_T/C,Chr03,37059484,0.0215434412305187,7482,FALSE
Pv2.1_04_45531258_A/T,Chr04,45531258,0.0215426585444241,7483,FALSE
Pv2.1_09_28252769_C/T,Chr09,28252769,0.0215420105692195,7484,FALSE
Pv2.1_10_41406265_T/C,Chr10,41406265,0.0215403897621567,7485,FALSE
Pv2.1_07_29104362_G/GA,Chr07,29104362,0.0215348427342295,7486,FALSE
Pv2.1_10_40397773_C/T,Chr10,40397773,0.0215338299726588,7487,FALSE
Pv2.1_09_36899270_C/T,Chr09,36899270,0.0215322245313918,7488,FALSE
Pv2.1_08_59674045_A/G,Chr08,59674045,0.0215283392270571,7489,FALSE
Pv2.1_03_36395453_C/G,Chr03,36395453,0.0215242357047969,7490,FALSE
Pv2.1_02_46331115_C/T,Chr02,46331115,0.0215239829957561,7491,FALSE
Pv2.1_08_5435026_G/T,Chr08,5435026,0.021523712841756,7492,FALSE
Pv2.1_07_528511_G/C,Chr07,528511,0.0215227644801761,7493,FALSE
Pv2.1_02_11952764_G/T,Chr02,11952764,0.0215162213804496,7494,FALSE
Pv2.1_08_1583216_C/T,Chr08,1583216,0.021513664317923,7495,FALSE
Pv2.1_08_60744202_C/A,Chr08,60744202,0.0215119467629412,7496,FALSE
Pv2.1_08_60744246_T/G,Chr08,60744246,0.0215119467629412,7497,FALSE
Pv2.1_06_30736506_T/C,Chr06,30736506,0.0215087439059656,7498,FALSE
Pv2.1_07_36850029_G/A,Chr07,36850029,0.0215058948328264,7499,FALSE
Pv2.1_07_9067058_T/C,Chr07,9067058,0.0215041624301455,7500,FALSE
Pv2.1_09_37879304_A/C,Chr09,37879304,0.021502598617575,7501,FALSE
Pv2.1_06_26250851_T/C,Chr06,26250851,0.0215025741021959,7502,FALSE
Pv2.1_02_28079417_C/A,Chr02,28079417,0.0214982664029177,7503,FALSE
Pv2.1_04_47262289_C/T,Chr04,47262289,0.0214982174168905,7504,FALSE
Pv2.1_02_14233283_A/G,Chr02,14233283,0.02149774115929,7505,FALSE
Pv2.1_07_8712610_T/C,Chr07,8712610,0.021497344855629,7506,FALSE
Pv2.1_08_45585423_A/T,Chr08,45585423,0.021493414434778,7507,FALSE
Pv2.1_08_259452_A/G,Chr08,259452,0.0214915299405547,7508,FALSE
Pv2.1_08_259452_A/T,Chr08,259452,0.0214915299405547,7509,FALSE
Pv2.1_04_27744616_G/A,Chr04,27744616,0.0214912996156231,7510,FALSE
Pv2.1_09_36681020_A/T,Chr09,36681020,0.0214912720476756,7511,FALSE
Pv2.1_08_62537024_T/G,Chr08,62537024,0.0214871278590292,7512,FALSE
Pv2.1_11_53467728_G/A,Chr11,53467728,0.0214860015149636,7513,FALSE
Pv2.1_07_6728411_T/A,Chr07,6728411,0.0214856815348177,7514,FALSE
Pv2.1_08_1184821_A/G,Chr08,1184821,0.0214839384264485,7515,FALSE
Pv2.1_03_7921761_C/T,Chr03,7921761,0.0214830445772729,7516,FALSE
Pv2.1_05_26097424_G/C,Chr05,26097424,0.021482378531013,7517,FALSE
Pv2.1_02_47729341_T/C,Chr02,47729341,0.0214823015888479,7518,FALSE
Pv2.1_11_468394_A/C,Chr11,468394,0.0214808680802334,7519,FALSE
Pv2.1_07_33523040_A/T,Chr07,33523040,0.0214806731842048,7520,FALSE
Pv2.1_05_2804320_G/A,Chr05,2804320,0.0214805608040143,7521,FALSE
Pv2.1_11_52611050_T/C,Chr11,52611050,0.0214681872983373,7522,FALSE
Pv2.1_06_18211318_G/A,Chr06,18211318,0.0214660817083914,7523,FALSE
Pv2.1_07_38481313_A/G,Chr07,38481313,0.0214593397736205,7524,FALSE
Pv2.1_07_38481315_G/A,Chr07,38481315,0.0214593397736205,7525,FALSE
Pv2.1_04_4083245_G/C,Chr04,4083245,0.02145875493584,7526,FALSE
Pv2.1_03_9319109_T/A,Chr03,9319109,0.0214584446618287,7527,FALSE
Pv2.1_03_9319138_A/G,Chr03,9319138,0.0214584446618287,7528,FALSE
Pv2.1_07_23019668_A/G,Chr07,23019668,0.0214521607550968,7529,FALSE
Pv2.1_04_47605546_A/G,Chr04,47605546,0.0214489490609293,7530,FALSE
Pv2.1_03_1033660_G/A,Chr03,1033660,0.0214487630793725,7531,FALSE
Pv2.1_11_45469615_G/C,Chr11,45469615,0.0214448726242029,7532,FALSE
Pv2.1_05_17759062_C/G,Chr05,17759062,0.0214446869370026,7533,FALSE
Pv2.1_10_6495339_G/GT,Chr10,6495339,0.0214437811472021,7534,FALSE
Pv2.1_03_1269394_A/T,Chr03,1269394,0.0214434953291511,7535,FALSE
Pv2.1_03_12460987_A/C,Chr03,12460987,0.0214418479069209,7536,FALSE
Pv2.1_05_394590_C/T,Chr05,394590,0.0214411931201983,7537,FALSE
Pv2.1_02_17750879_T/C,Chr02,17750879,0.0214402393478634,7538,FALSE
Pv2.1_06_17577393_C/T,Chr06,17577393,0.0214396961834238,7539,FALSE
Pv2.1_09_29067483_G/A,Chr09,29067483,0.0214359592737576,7540,FALSE
Pv2.1_05_40755129_T/A,Chr05,40755129,0.0214348837926939,7541,FALSE
Pv2.1_04_43641332_T/G,Chr04,43641332,0.0214322307858299,7542,FALSE
Pv2.1_10_24039083_C/G,Chr10,24039083,0.021429258752204,7543,FALSE
Pv2.1_05_5091023_C/T,Chr05,5091023,0.0214254491957213,7544,FALSE
Pv2.1_10_42047246_G/A,Chr10,42047246,0.0214253697444819,7545,FALSE
Pv2.1_02_26791817_G/C,Chr02,26791817,0.0214241253276528,7546,FALSE
Pv2.1_08_7729784_T/A,Chr08,7729784,0.0214241184304913,7547,FALSE
Pv2.1_09_36681022_C/T,Chr09,36681022,0.0214235616769818,7548,FALSE
Pv2.1_08_52404428_G/A,Chr08,52404428,0.0214226242488706,7549,FALSE
Pv2.1_04_47839687_G/A,Chr04,47839687,0.02142254611352,7550,FALSE
Pv2.1_09_28195868_C/T,Chr09,28195868,0.0214221185690073,7551,FALSE
Pv2.1_11_51321289_T/C,Chr11,51321289,0.0214152100552636,7552,FALSE
Pv2.1_09_36105535_TG/T,Chr09,36105535,0.0214151592795209,7553,FALSE
Pv2.1_08_62309944_C/G,Chr08,62309944,0.0214149596236632,7554,FALSE
Pv2.1_07_33240907_C/T,Chr07,33240907,0.0214093324542635,7555,FALSE
Pv2.1_09_28533035_G/A,Chr09,28533035,0.0214051308708538,7556,FALSE
Pv2.1_08_18669162_G/A,Chr08,18669162,0.021401913376188,7557,FALSE
Pv2.1_08_11498003_A/C,Chr08,11498003,0.0214014652093883,7558,FALSE
Pv2.1_06_26569089_A/G,Chr06,26569089,0.021399444943401,7559,FALSE
Pv2.1_06_26569129_T/A,Chr06,26569129,0.021399444943401,7560,FALSE
Pv2.1_07_816822_C/A,Chr07,816822,0.0213984213235934,7561,FALSE
Pv2.1_10_42388158_C/T,Chr10,42388158,0.0213968521081545,7562,FALSE
Pv2.1_07_36767871_G/A,Chr07,36767871,0.0213900818519024,7563,FALSE
Pv2.1_07_9330384_C/T,Chr07,9330384,0.0213874275955153,7564,FALSE
Pv2.1_07_38557080_T/C,Chr07,38557080,0.0213830339150074,7565,FALSE
Pv2.1_07_38557088_G/A,Chr07,38557088,0.0213830339150074,7566,FALSE
Pv2.1_03_2809281_TC/T,Chr03,2809281,0.0213824255247776,7567,FALSE
Pv2.1_07_1312554_T/G,Chr07,1312554,0.0213817049374732,7568,FALSE
Pv2.1_07_1312569_G/C,Chr07,1312569,0.0213817049374732,7569,FALSE
Pv2.1_11_50710143_G/A,Chr11,50710143,0.0213811081610102,7570,FALSE
Pv2.1_08_170455_A/T,Chr08,170455,0.0213780431855182,7571,FALSE
Pv2.1_03_52495419_T/G,Chr03,52495419,0.0213731776828956,7572,FALSE
Pv2.1_07_4150073_T/C,Chr07,4150073,0.0213729155345104,7573,FALSE
Pv2.1_06_18671571_T/C,Chr06,18671571,0.0213693957686596,7574,FALSE
Pv2.1_06_18671634_A/C,Chr06,18671634,0.0213693957686596,7575,FALSE
Pv2.1_08_3231347_C/A,Chr08,3231347,0.0213673663271243,7576,FALSE
Pv2.1_07_38056131_C/A,Chr07,38056131,0.0213647913431125,7577,FALSE
Pv2.1_05_2806301_T/C,Chr05,2806301,0.0213647057676734,7578,FALSE
Pv2.1_06_23986850_G/A,Chr06,23986850,0.0213612494194697,7579,FALSE
Pv2.1_02_35757307_T/C,Chr02,35757307,0.0213605524515459,7580,FALSE
Pv2.1_10_42270358_A/G,Chr10,42270358,0.0213592954594874,7581,FALSE
Pv2.1_03_33548159_G/A,Chr03,33548159,0.0213555227871649,7582,FALSE
Pv2.1_07_32254705_T/C,Chr07,32254705,0.021349373566582,7583,FALSE
Pv2.1_03_33311932_C/T,Chr03,33311932,0.0213490950316486,7584,FALSE
Pv2.1_05_4550963_G/A,Chr05,4550963,0.0213488639829285,7585,FALSE
Pv2.1_02_25437954_A/G,Chr02,25437954,0.0213419698266861,7586,FALSE
Pv2.1_04_45475442_T/C,Chr04,45475442,0.0213408208194728,7587,FALSE
Pv2.1_01_2525381_C/T,Chr01,2525381,0.0213344263737896,7588,FALSE
Pv2.1_06_19549867_A/G,Chr06,19549867,0.0213334430517871,7589,FALSE
Pv2.1_07_216145_C/T,Chr07,216145,0.0213331939326111,7590,FALSE
Pv2.1_08_60622741_A/T,Chr08,60622741,0.0213326779209764,7591,FALSE
Pv2.1_01_1220813_GT/G,Chr01,1220813,0.0213318505826532,7592,FALSE
Pv2.1_06_30972429_C/T,Chr06,30972429,0.0213312475677037,7593,FALSE
Pv2.1_07_993127_C/G,Chr07,993127,0.021331066455935,7594,FALSE
Pv2.1_08_62956399_T/C,Chr08,62956399,0.0213303202328561,7595,FALSE
Pv2.1_08_9096251_G/T,Chr08,9096251,0.021326930977402,7596,FALSE
Pv2.1_06_25366176_T/A,Chr06,25366176,0.0213267437409024,7597,FALSE
Pv2.1_06_26429674_G/C,Chr06,26429674,0.0213243446817519,7598,FALSE
Pv2.1_06_26429684_A/G,Chr06,26429684,0.0213243446817519,7599,FALSE
Pv2.1_02_10511763_A/G,Chr02,10511763,0.0213183953554972,7600,FALSE
Pv2.1_03_33533735_T/C,Chr03,33533735,0.0213099420074188,7601,FALSE
Pv2.1_02_35757324_G/A,Chr02,35757324,0.021307654085108,7602,FALSE
Pv2.1_01_38135566_TC/G,Chr01,38135566,0.0213068866693362,7603,FALSE
Pv2.1_04_46589934_G/A,Chr04,46589934,0.0213018068085895,7604,FALSE
Pv2.1_02_35455603_G/A,Chr02,35455603,0.0213010407637988,7605,FALSE
Pv2.1_08_60542629_C/T,Chr08,60542629,0.021297143289897,7606,FALSE
Pv2.1_06_30972390_C/T,Chr06,30972390,0.0212961385250403,7607,FALSE
Pv2.1_03_51297744_T/C,Chr03,51297744,0.0212950629582647,7608,FALSE
Pv2.1_10_1790828_A/T,Chr10,1790828,0.0212923837304104,7609,FALSE
Pv2.1_06_16267614_T/G,Chr06,16267614,0.0212914220536522,7610,FALSE
Pv2.1_05_38290018_T/G,Chr05,38290018,0.0212902090184062,7611,FALSE
Pv2.1_07_2664960_C/G,Chr07,2664960,0.0212863076872059,7612,FALSE
Pv2.1_04_2109655_T/C,Chr04,2109655,0.0212845823762713,7613,FALSE
Pv2.1_08_62787658_C/T,Chr08,62787658,0.0212836950991435,7614,FALSE
Pv2.1_03_49779898_C/T,Chr03,49779898,0.0212832407396752,7615,FALSE
Pv2.1_02_15241628_A/T,Chr02,15241628,0.0212819624018872,7616,FALSE
Pv2.1_08_19367690_T/C,Chr08,19367690,0.0212774696631897,7617,FALSE
Pv2.1_02_28152569_ACAC/A,Chr02,28152569,0.0212766032085741,7618,FALSE
Pv2.1_09_28879184_T/C,Chr09,28879184,0.0212737805927077,7619,FALSE
Pv2.1_07_4000981_T/C,Chr07,4000981,0.0212706396241389,7620,FALSE
Pv2.1_03_1303436_T/G,Chr03,1303436,0.0212704143424758,7621,FALSE
Pv2.1_08_62882659_G/T,Chr08,62882659,0.0212684940091892,7622,FALSE
Pv2.1_07_28343320_C/A,Chr07,28343320,0.0212684053180525,7623,FALSE
Pv2.1_03_45770952_CA/C,Chr03,45770952,0.0212668656511283,7624,FALSE
Pv2.1_05_27718273_T/C,Chr05,27718273,0.0212653608254052,7625,FALSE
Pv2.1_08_60485936_C/A,Chr08,60485936,0.0212648876021753,7626,FALSE
Pv2.1_07_7076449_G/A,Chr07,7076449,0.0212599877325008,7627,FALSE
Pv2.1_07_7076515_T/C,Chr07,7076515,0.0212599877325008,7628,FALSE
Pv2.1_05_464728_G/T,Chr05,464728,0.0212575578456939,7629,FALSE
Pv2.1_08_20680104_A/G,Chr08,20680104,0.0212575066804255,7630,FALSE
Pv2.1_01_495819_C/T,Chr01,495819,0.0212558791709476,7631,FALSE
Pv2.1_01_495797_T/C,Chr01,495797,0.0212535501125708,7632,FALSE
Pv2.1_08_58122363_G/C,Chr08,58122363,0.0212527683154011,7633,FALSE
Pv2.1_02_38513019_T/G,Chr02,38513019,0.0212527214156446,7634,FALSE
Pv2.1_04_12120986_T/G,Chr04,12120986,0.0212501112149952,7635,FALSE
Pv2.1_04_4561433_A/G,Chr04,4561433,0.0212483758883599,7636,FALSE
Pv2.1_10_41616825_A/G,Chr10,41616825,0.0212482175778379,7637,FALSE
Pv2.1_11_17420118_C/T,Chr11,17420118,0.0212475024657683,7638,FALSE
Pv2.1_07_35749538_C/T,Chr07,35749538,0.0212438950244294,7639,FALSE
Pv2.1_07_35749552_T/A,Chr07,35749552,0.0212438950244294,7640,FALSE
Pv2.1_08_1545149_TGAA/T,Chr08,1545149,0.02124219122391,7641,FALSE
Pv2.1_02_24259556_G/A,Chr02,24259556,0.0212416704538074,7642,FALSE
Pv2.1_11_53496494_T/C,Chr11,53496494,0.0212395295898267,7643,FALSE
Pv2.1_04_47262288_A/T,Chr04,47262288,0.0212376934005674,7644,FALSE
Pv2.1_11_52975503_T/A,Chr11,52975503,0.0212375697919756,7645,FALSE
Pv2.1_11_44231047_A/G,Chr11,44231047,0.0212258377812806,7646,FALSE
Pv2.1_07_39434430_G/A,Chr07,39434430,0.0212232435269035,7647,FALSE
Pv2.1_07_32612016_T/C,Chr07,32612016,0.0212230503178628,7648,FALSE
Pv2.1_04_42549821_G/A,Chr04,42549821,0.0212205452065088,7649,FALSE
Pv2.1_07_32262347_A/G,Chr07,32262347,0.0212161696352391,7650,FALSE
Pv2.1_08_8650968_A/G,Chr08,8650968,0.021215159660946,7651,FALSE
Pv2.1_07_992428_T/A,Chr07,992428,0.0212129136166279,7652,FALSE
Pv2.1_06_6730309_C/A,Chr06,6730309,0.0212122354601894,7653,FALSE
Pv2.1_08_1001432_T/C,Chr08,1001432,0.0212103010191411,7654,FALSE
Pv2.1_06_29446425_G/A,Chr06,29446425,0.0212062953369485,7655,FALSE
Pv2.1_07_993162_C/T,Chr07,993162,0.0212044953078325,7656,FALSE
Pv2.1_08_53638146_G/A,Chr08,53638146,0.0211999458484491,7657,FALSE
Pv2.1_03_11270744_G/A,Chr03,11270744,0.0211973359174902,7658,FALSE
Pv2.1_11_30316514_G/A,Chr11,30316514,0.0211972153480255,7659,FALSE
Pv2.1_11_30316536_A/C,Chr11,30316536,0.0211972153480255,7660,FALSE
Pv2.1_11_35622189_C/T,Chr11,35622189,0.0211892371907014,7661,FALSE
Pv2.1_01_51096146_A/T,Chr01,51096146,0.021188475447993,7662,FALSE
Pv2.1_09_22541008_G/A,Chr09,22541008,0.0211825418372045,7663,FALSE
Pv2.1_02_26957428_C/G,Chr02,26957428,0.0211824953170225,7664,FALSE
Pv2.1_10_42139569_A/G,Chr10,42139569,0.0211780593198294,7665,FALSE
Pv2.1_08_1591734_TTGT/A,Chr08,1591734,0.0211776653309546,7666,FALSE
Pv2.1_03_53306845_T/C,Chr03,53306845,0.0211775557118923,7667,FALSE
Pv2.1_02_26529094_C/T,Chr02,26529094,0.0211774175699526,7668,FALSE
Pv2.1_02_28264692_GTC/G,Chr02,28264692,0.021175380020646,7669,FALSE
Pv2.1_11_35921373_G/A,Chr11,35921373,0.0211730236164498,7670,FALSE
Pv2.1_06_25620469_T/C,Chr06,25620469,0.0211681979753378,7671,FALSE
Pv2.1_07_28996921_G/A,Chr07,28996921,0.0211654736930638,7672,FALSE
Pv2.1_02_35412376_A/C,Chr02,35412376,0.0211647773634707,7673,FALSE
Pv2.1_11_51314299_T/A,Chr11,51314299,0.0211626982707083,7674,FALSE
Pv2.1_02_9688967_C/T,Chr02,9688967,0.0211616601767757,7675,FALSE
Pv2.1_10_43982868_C/A,Chr10,43982868,0.0211570603780595,7676,FALSE
Pv2.1_05_112799_T/C,Chr05,112799,0.0211525687423291,7677,FALSE
Pv2.1_04_46188262_A/G,Chr04,46188262,0.0211495300083149,7678,FALSE
Pv2.1_01_1963017_G/A,Chr01,1963017,0.0211372248709623,7679,FALSE
Pv2.1_07_32262358_A/G,Chr07,32262358,0.0211367982503576,7680,FALSE
Pv2.1_05_39242027_T/C,Chr05,39242027,0.0211345035135642,7681,FALSE
Pv2.1_09_35864013_A/T,Chr09,35864013,0.0211324866488738,7682,FALSE
Pv2.1_09_35864022_G/A,Chr09,35864022,0.0211324866488738,7683,FALSE
Pv2.1_06_15462980_T/A,Chr06,15462980,0.021129350395733,7684,FALSE
Pv2.1_04_47654443_G/A,Chr04,47654443,0.0211253811431691,7685,FALSE
Pv2.1_11_25671091_T/C,Chr11,25671091,0.0211198032310769,7686,FALSE
Pv2.1_07_33445582_A/C,Chr07,33445582,0.0211192257538055,7687,FALSE
Pv2.1_03_7660442_T/A,Chr03,7660442,0.0211184898112622,7688,FALSE
Pv2.1_06_18783178_A/T,Chr06,18783178,0.0211181960400815,7689,FALSE
Pv2.1_05_39247683_C/G,Chr05,39247683,0.0211173965782798,7690,FALSE
Pv2.1_04_46846375_C/T,Chr04,46846375,0.0211171186077963,7691,FALSE
Pv2.1_04_46846379_A/G,Chr04,46846379,0.0211171186077963,7692,FALSE
Pv2.1_11_3019596_T/G,Chr11,3019596,0.0211113348625278,7693,FALSE
Pv2.1_01_6523653_GA/G,Chr01,6523653,0.0211042455974653,7694,FALSE
Pv2.1_01_6523702_CT/C,Chr01,6523702,0.0211042455974653,7695,FALSE
Pv2.1_06_28273143_A/C,Chr06,28273143,0.0211021473466224,7696,FALSE
Pv2.1_06_28273144_C/T,Chr06,28273144,0.0211021473466224,7697,FALSE
Pv2.1_11_1305825_G/T,Chr11,1305825,0.0211013888428444,7698,FALSE
Pv2.1_03_8650348_A/T,Chr03,8650348,0.0211013367179973,7699,FALSE
Pv2.1_08_61408777_T/C,Chr08,61408777,0.0211002852466855,7700,FALSE
Pv2.1_09_1334478_C/T,Chr09,1334478,0.0210962653636479,7701,FALSE
Pv2.1_03_40784412_G/A,Chr03,40784412,0.0210933690782738,7702,FALSE
Pv2.1_03_30210548_T/A,Chr03,30210548,0.0210933110415752,7703,FALSE
Pv2.1_10_7761944_A/T,Chr10,7761944,0.0210871860128523,7704,FALSE
Pv2.1_09_29132437_G/C,Chr09,29132437,0.0210867315101497,7705,FALSE
Pv2.1_09_29132457_G/A,Chr09,29132457,0.0210867315101497,7706,FALSE
Pv2.1_05_39024458_G/C,Chr05,39024458,0.0210865921701586,7707,FALSE
Pv2.1_05_2728540_G/GTTAT,Chr05,2728540,0.0210822125218391,7708,FALSE
Pv2.1_06_21765977_T/G,Chr06,21765977,0.0210785684035826,7709,FALSE
Pv2.1_08_45851627_T/A,Chr08,45851627,0.0210775069666438,7710,FALSE
Pv2.1_05_21587979_A/G,Chr05,21587979,0.0210762927491586,7711,FALSE
Pv2.1_04_1176616_C/A,Chr04,1176616,0.02107507483319,7712,FALSE
Pv2.1_07_21127349_T/C,Chr07,21127349,0.0210745095103286,7713,FALSE
Pv2.1_05_120655_C/T,Chr05,120655,0.021073423699407,7714,FALSE
Pv2.1_04_44878732_A/G,Chr04,44878732,0.0210717601909645,7715,FALSE
Pv2.1_10_557293_C/T,Chr10,557293,0.0210714770245199,7716,FALSE
Pv2.1_05_2806237_T/C,Chr05,2806237,0.0210606612789568,7717,FALSE
Pv2.1_02_2389798_C/T,Chr02,2389798,0.0210568880513877,7718,FALSE
Pv2.1_04_41217091_T/TGGTG,Chr04,41217091,0.0210531813792834,7719,FALSE
Pv2.1_06_29446206_A/G,Chr06,29446206,0.0210507601414482,7720,FALSE
Pv2.1_10_2918158_C/A,Chr10,2918158,0.0210493978775475,7721,FALSE
Pv2.1_07_29104195_G/T,Chr07,29104195,0.0210468156888677,7722,FALSE
Pv2.1_08_62929880_A/G,Chr08,62929880,0.0210408607668944,7723,FALSE
Pv2.1_08_62929892_A/G,Chr08,62929892,0.0210408607668944,7724,FALSE
Pv2.1_10_42544416_A/C,Chr10,42544416,0.0210391158994336,7725,FALSE
Pv2.1_10_42544451_A/G,Chr10,42544451,0.0210391158994336,7726,FALSE
Pv2.1_09_28972599_C/T,Chr09,28972599,0.0210382094482231,7727,FALSE
Pv2.1_03_39684240_T/C,Chr03,39684240,0.0210324599135845,7728,FALSE
Pv2.1_11_53551531_TA/T,Chr11,53551531,0.0210302572063901,7729,FALSE
Pv2.1_04_45501869_T/C,Chr04,45501869,0.0210267385101588,7730,FALSE
Pv2.1_05_18342742_C/T,Chr05,18342742,0.0210253319636671,7731,FALSE
Pv2.1_06_24148912_A/G,Chr06,24148912,0.0210248920820031,7732,FALSE
Pv2.1_09_22410418_C/T,Chr09,22410418,0.0210233381515614,7733,FALSE
Pv2.1_11_2053477_G/A,Chr11,2053477,0.0210217890084099,7734,FALSE
Pv2.1_03_2907113_G/A,Chr03,2907113,0.0210214645432152,7735,FALSE
Pv2.1_01_39526628_G/T,Chr01,39526628,0.0210196459955156,7736,FALSE
Pv2.1_06_25436273_T/C,Chr06,25436273,0.0210181778900704,7737,FALSE
Pv2.1_06_25436330_T/C,Chr06,25436330,0.0210181778900704,7738,FALSE
Pv2.1_02_39970077_C/G,Chr02,39970077,0.0210147327552397,7739,FALSE
Pv2.1_08_26539180_C/T,Chr08,26539180,0.0210135976682571,7740,FALSE
Pv2.1_07_39291228_C/A,Chr07,39291228,0.0210134086008908,7741,FALSE
Pv2.1_03_8360284_C/T,Chr03,8360284,0.0210123605913708,7742,FALSE
Pv2.1_10_42039002_T/C,Chr10,42039002,0.0210104039842309,7743,FALSE
Pv2.1_09_36563827_T/C,Chr09,36563827,0.0210100074218755,7744,FALSE
Pv2.1_01_17265165_G/A,Chr01,17265165,0.0210070675259333,7745,FALSE
Pv2.1_09_30217402_G/A,Chr09,30217402,0.0210044484869858,7746,FALSE
Pv2.1_08_20680381_G/A,Chr08,20680381,0.0209990200646648,7747,FALSE
Pv2.1_06_26431648_T/C,Chr06,26431648,0.0209955303219243,7748,FALSE
Pv2.1_06_26431654_G/A,Chr06,26431654,0.0209955303219243,7749,FALSE
Pv2.1_09_37075645_CA/C,Chr09,37075645,0.0209930304236279,7750,FALSE
Pv2.1_03_10176318_A/G,Chr03,10176318,0.0209929578407033,7751,FALSE
Pv2.1_11_53562151_C/T,Chr11,53562151,0.0209912817965292,7752,FALSE
Pv2.1_03_53067274_T/A,Chr03,53067274,0.0209901777406545,7753,FALSE
Pv2.1_04_47116313_A/G,Chr04,47116313,0.0209900685574542,7754,FALSE
Pv2.1_11_49890729_TAGGGCCTCTAATAGGGT/CAGGGCCTCTAATAGGGC,Chr11,49890729,0.0209890290706327,7755,FALSE
Pv2.1_08_62952087_G/T,Chr08,62952087,0.0209885901842468,7756,FALSE
Pv2.1_03_43625645_T/C,Chr03,43625645,0.0209865119880015,7757,FALSE
Pv2.1_10_1416218_T/A,Chr10,1416218,0.0209841937285438,7758,FALSE
Pv2.1_07_38698478_A/T,Chr07,38698478,0.0209836656932576,7759,FALSE
Pv2.1_08_60726824_C/T,Chr08,60726824,0.0209821881085164,7760,FALSE
Pv2.1_03_6838427_C/T,Chr03,6838427,0.0209781912266549,7761,FALSE
Pv2.1_03_2587738_T/C,Chr03,2587738,0.0209761567220501,7762,FALSE
Pv2.1_02_30075123_A/C,Chr02,30075123,0.0209749143996927,7763,FALSE
Pv2.1_05_120684_G/A,Chr05,120684,0.0209722707259443,7764,FALSE
Pv2.1_01_5848070_A/T,Chr01,5848070,0.0209710983511324,7765,FALSE
Pv2.1_04_46263235_C/G,Chr04,46263235,0.0209709206892446,7766,FALSE
Pv2.1_07_39574738_C/T,Chr07,39574738,0.0209699844339788,7767,FALSE
Pv2.1_05_464695_C/T,Chr05,464695,0.0209639971983746,7768,FALSE
Pv2.1_11_51692288_C/T,Chr11,51692288,0.020962787675102,7769,FALSE
Pv2.1_09_381403_A/G,Chr09,381403,0.0209587771127158,7770,FALSE
Pv2.1_06_19235257_C/A,Chr06,19235257,0.0209580130254721,7771,FALSE
Pv2.1_11_470416_C/T,Chr11,470416,0.0209572813180188,7772,FALSE
Pv2.1_11_2493902_C/CTT,Chr11,2493902,0.0209516680872701,7773,FALSE
Pv2.1_01_1105083_G/A,Chr01,1105083,0.0209506668848602,7774,FALSE
Pv2.1_01_1105106_G/A,Chr01,1105106,0.0209506668848602,7775,FALSE
Pv2.1_04_1670956_C/T,Chr04,1670956,0.0209460269979833,7776,FALSE
Pv2.1_05_15211384_G/T,Chr05,15211384,0.0209400688965795,7777,FALSE
Pv2.1_08_9683469_A/G,Chr08,9683469,0.0209323614160604,7778,FALSE
Pv2.1_03_43599514_G/A,Chr03,43599514,0.0209295923164352,7779,FALSE
Pv2.1_01_28683420_A/G,Chr01,28683420,0.0209287358485089,7780,FALSE
Pv2.1_08_59027865_C/T,Chr08,59027865,0.0209282039153109,7781,FALSE
Pv2.1_06_20995246_C/T,Chr06,20995246,0.0209231243787524,7782,FALSE
Pv2.1_03_13363770_A/T,Chr03,13363770,0.0209214576494521,7783,FALSE
Pv2.1_01_167799_C/T,Chr01,167799,0.0209204112615606,7784,FALSE
Pv2.1_11_2965148_T/G,Chr11,2965148,0.0209174350997396,7785,FALSE
Pv2.1_04_47839558_A/G,Chr04,47839558,0.0209155755517365,7786,FALSE
Pv2.1_04_46589904_G/C,Chr04,46589904,0.0209143603963913,7787,FALSE
Pv2.1_08_30248423_T/A,Chr08,30248423,0.0209103751803057,7788,FALSE
Pv2.1_02_39814212_A/G,Chr02,39814212,0.0209098556069098,7789,FALSE
Pv2.1_01_49220_G/A,Chr01,49220,0.0209053580958765,7790,FALSE
Pv2.1_08_28370798_A/G,Chr08,28370798,0.0209001864330358,7791,FALSE
Pv2.1_06_25610477_G/A,Chr06,25610477,0.0208994976856882,7792,FALSE
Pv2.1_01_656052_C/G,Chr01,656052,0.0208836513811312,7793,FALSE
Pv2.1_08_60348221_A/T,Chr08,60348221,0.0208816353096042,7794,FALSE
Pv2.1_03_51263429_A/G,Chr03,51263429,0.0208803167669624,7795,FALSE
Pv2.1_03_51263429_A/T,Chr03,51263429,0.0208803167669624,7796,FALSE
Pv2.1_11_2383205_C/T,Chr11,2383205,0.0208762960961817,7797,FALSE
Pv2.1_07_39372527_C/T,Chr07,39372527,0.0208707118211087,7798,FALSE
Pv2.1_03_7921786_C/A,Chr03,7921786,0.0208693827652273,7799,FALSE
Pv2.1_03_30411816_C/T,Chr03,30411816,0.0208644435556935,7800,FALSE
Pv2.1_11_51314319_A/G,Chr11,51314319,0.0208590911577011,7801,FALSE
Pv2.1_09_784605_G/A,Chr09,784605,0.0208584359592958,7802,FALSE
Pv2.1_06_18783209_AGAGC/A,Chr06,18783209,0.020858425862416,7803,FALSE
Pv2.1_04_46703285_T/C,Chr04,46703285,0.0208527106377585,7804,FALSE
Pv2.1_08_55265202_G/A,Chr08,55265202,0.0208461287124981,7805,FALSE
Pv2.1_08_58532333_C/T,Chr08,58532333,0.0208334310064298,7806,FALSE
Pv2.1_08_502282_C/T,Chr08,502282,0.0208308385912566,7807,FALSE
Pv2.1_11_2905785_C/A,Chr11,2905785,0.020830051226993,7808,FALSE
Pv2.1_03_52715123_C/T,Chr03,52715123,0.0208299841987745,7809,FALSE
Pv2.1_08_45849547_G/T,Chr08,45849547,0.0208261721025829,7810,FALSE
Pv2.1_07_4244883_C/G,Chr07,4244883,0.020824626956796,7811,FALSE
Pv2.1_04_2047878_G/A,Chr04,2047878,0.0208241853949529,7812,FALSE
Pv2.1_07_39413112_T/C,Chr07,39413112,0.0208238383707391,7813,FALSE
Pv2.1_11_1786206_A/G,Chr11,1786206,0.0208236446220722,7814,FALSE
Pv2.1_07_36075818_A/G,Chr07,36075818,0.02082319176762,7815,FALSE
Pv2.1_11_24853661_A/C,Chr11,24853661,0.0208176523156762,7816,FALSE
Pv2.1_04_46686691_T/G,Chr04,46686691,0.0208172641276687,7817,FALSE
Pv2.1_05_132233_A/T,Chr05,132233,0.0208158050196672,7818,FALSE
Pv2.1_08_52214429_C/G,Chr08,52214429,0.0208154797206332,7819,FALSE
Pv2.1_03_7428465_C/T,Chr03,7428465,0.0208127309584398,7820,FALSE
Pv2.1_07_33523272_G/T,Chr07,33523272,0.0208094507732723,7821,FALSE
Pv2.1_07_189760_C/A,Chr07,189760,0.020807891446804,7822,FALSE
Pv2.1_08_24209483_G/A,Chr08,24209483,0.0208070210025029,7823,FALSE
Pv2.1_10_31356617_C/T,Chr10,31356617,0.0208050608518691,7824,FALSE
Pv2.1_07_28923775_C/T,Chr07,28923775,0.0207978819600316,7825,FALSE
Pv2.1_07_28923789_T/A,Chr07,28923789,0.0207978819600316,7826,FALSE
Pv2.1_03_30385614_T/A,Chr03,30385614,0.0207936917648937,7827,FALSE
Pv2.1_11_3503357_C/G,Chr11,3503357,0.0207923695954251,7828,FALSE
Pv2.1_11_50572042_G/C,Chr11,50572042,0.0207911986226961,7829,FALSE
Pv2.1_11_50572071_G/A,Chr11,50572071,0.0207911986226961,7830,FALSE
Pv2.1_11_50572072_C/T,Chr11,50572072,0.0207911986226961,7831,FALSE
Pv2.1_11_1026326_CACA/C,Chr11,1026326,0.0207905475496131,7832,FALSE
Pv2.1_03_48007285_T/A,Chr03,48007285,0.0207904778448405,7833,FALSE
Pv2.1_11_470211_C/G,Chr11,470211,0.020790304330875,7834,FALSE
Pv2.1_02_39973437_A/T,Chr02,39973437,0.020788473754112,7835,FALSE
Pv2.1_03_1033603_G/T,Chr03,1033603,0.0207882360041216,7836,FALSE
Pv2.1_01_51074463_G/A,Chr01,51074463,0.020787810681866,7837,FALSE
Pv2.1_03_41534701_C/A,Chr03,41534701,0.0207846418758999,7838,FALSE
Pv2.1_08_58524540_A/T,Chr08,58524540,0.0207751786086559,7839,FALSE
Pv2.1_06_20054744_T/A,Chr06,20054744,0.0207709134626159,7840,FALSE
Pv2.1_06_20054768_T/C,Chr06,20054768,0.0207709134626159,7841,FALSE
Pv2.1_07_35989956_A/T,Chr07,35989956,0.0207695090000977,7842,FALSE
Pv2.1_11_28229547_C/T,Chr11,28229547,0.020768274985818,7843,FALSE
Pv2.1_04_46751703_G/A,Chr04,46751703,0.0207676748522596,7844,FALSE
Pv2.1_05_21583009_A/G,Chr05,21583009,0.0207658819427676,7845,FALSE
Pv2.1_05_152546_A/C,Chr05,152546,0.0207654584939676,7846,FALSE
Pv2.1_02_11977381_CAA/C,Chr02,11977381,0.0207616680716995,7847,FALSE
Pv2.1_04_4083233_A/G,Chr04,4083233,0.0207602635528614,7848,FALSE
Pv2.1_03_8686005_T/G,Chr03,8686005,0.0207549237524982,7849,FALSE
Pv2.1_11_52978224_C/CA,Chr11,52978224,0.0207547330164961,7850,FALSE
Pv2.1_07_194902_C/G,Chr07,194902,0.0207540514622013,7851,FALSE
Pv2.1_08_61397416_G/T,Chr08,61397416,0.0207515148219639,7852,FALSE
Pv2.1_04_4342356_T/A,Chr04,4342356,0.020749997563219,7853,FALSE
Pv2.1_11_53519092_C/G,Chr11,53519092,0.0207470702558794,7854,FALSE
Pv2.1_10_30316792_G/A,Chr10,30316792,0.020746967363527,7855,FALSE
Pv2.1_07_217454_C/G,Chr07,217454,0.0207381174021566,7856,FALSE
Pv2.1_03_2587751_G/A,Chr03,2587751,0.0207365701630513,7857,FALSE
Pv2.1_07_37087818_A/G,Chr07,37087818,0.0207358067267331,7858,FALSE
Pv2.1_04_46934223_T/C,Chr04,46934223,0.0207334952489031,7859,FALSE
Pv2.1_06_26972440_T/C,Chr06,26972440,0.0207311715227174,7860,FALSE
Pv2.1_09_36051909_T/C,Chr09,36051909,0.0207298631232011,7861,FALSE
Pv2.1_06_28249058_A/G,Chr06,28249058,0.0207249507966765,7862,FALSE
Pv2.1_03_51304757_A/G,Chr03,51304757,0.0207195912589269,7863,FALSE
Pv2.1_07_4755422_A/G,Chr07,4755422,0.0207104087734118,7864,FALSE
Pv2.1_04_43943487_T/C,Chr04,43943487,0.0207092470381629,7865,FALSE
Pv2.1_11_2282640_A/C,Chr11,2282640,0.0207083562137012,7866,FALSE
Pv2.1_10_38134409_T/C,Chr10,38134409,0.0207025488803043,7867,FALSE
Pv2.1_10_38134411_A/G,Chr10,38134411,0.0207025488803043,7868,FALSE
Pv2.1_04_9704223_A/T,Chr04,9704223,0.0207021200448034,7869,FALSE
Pv2.1_11_42274709_TC/T,Chr11,42274709,0.0207015353909288,7870,FALSE
Pv2.1_01_4722031_C/T,Chr01,4722031,0.0207013465751507,7871,FALSE
Pv2.1_03_30657369_T/C,Chr03,30657369,0.0206992230925671,7872,FALSE
Pv2.1_06_28137927_G/T,Chr06,28137927,0.0206944911010765,7873,FALSE
Pv2.1_03_34449810_T/A,Chr03,34449810,0.0206917926094059,7874,FALSE
Pv2.1_07_7395652_G/C,Chr07,7395652,0.0206859239110058,7875,FALSE
Pv2.1_02_2101008_C/G,Chr02,2101008,0.0206855359355922,7876,FALSE
Pv2.1_03_37349204_T/C,Chr03,37349204,0.0206848683038841,7877,FALSE
Pv2.1_04_45088492_G/A,Chr04,45088492,0.020682125587733,7878,FALSE
Pv2.1_08_59977463_T/C,Chr08,59977463,0.0206745069465151,7879,FALSE
Pv2.1_02_11948747_T/C,Chr02,11948747,0.0206716614734628,7880,FALSE
Pv2.1_07_26686264_T/G,Chr07,26686264,0.0206714897207818,7881,FALSE
Pv2.1_02_36953147_G/C,Chr02,36953147,0.0206679560574159,7882,FALSE
Pv2.1_08_61825334_A/G,Chr08,61825334,0.0206675167645987,7883,FALSE
Pv2.1_01_13173202_A/G,Chr01,13173202,0.0206587418908137,7884,FALSE
Pv2.1_04_46846356_A/T,Chr04,46846356,0.0206579685772557,7885,FALSE
Pv2.1_04_46846387_A/T,Chr04,46846387,0.0206579685772557,7886,FALSE
Pv2.1_03_33350971_G/A,Chr03,33350971,0.0206574887389777,7887,FALSE
Pv2.1_11_31096492_C/CA,Chr11,31096492,0.0206514554218069,7888,FALSE
Pv2.1_09_37669029_C/A,Chr09,37669029,0.0206496995495451,7889,FALSE
Pv2.1_11_1834002_A/C,Chr11,1834002,0.0206494255069849,7890,FALSE
Pv2.1_01_50878660_T/C,Chr01,50878660,0.020647542964098,7891,FALSE
Pv2.1_08_62895181_T/C,Chr08,62895181,0.0206467583066172,7892,FALSE
Pv2.1_06_24149833_A/T,Chr06,24149833,0.0206453785272829,7893,FALSE
Pv2.1_03_53067297_A/T,Chr03,53067297,0.0206426888625573,7894,FALSE
Pv2.1_03_12570599_G/A,Chr03,12570599,0.0206394113256176,7895,FALSE
Pv2.1_08_60542633_A/G,Chr08,60542633,0.0206384153740582,7896,FALSE
Pv2.1_03_33533775_C/G,Chr03,33533775,0.0206325950737774,7897,FALSE
Pv2.1_08_61408786_G/A,Chr08,61408786,0.0206317206716098,7898,FALSE
Pv2.1_04_46972936_G/T,Chr04,46972936,0.0206257539836101,7899,FALSE
Pv2.1_07_38021595_A/G,Chr07,38021595,0.0206242913809795,7900,FALSE
Pv2.1_02_2748819_G/A,Chr02,2748819,0.02062389773238,7901,FALSE
Pv2.1_05_39317659_A/C,Chr05,39317659,0.0206234262623028,7902,FALSE
Pv2.1_03_1302821_C/A,Chr03,1302821,0.0206214602535475,7903,FALSE
Pv2.1_02_36094867_A/G,Chr02,36094867,0.0206212831846662,7904,FALSE
Pv2.1_08_60211784_T/A,Chr08,60211784,0.0206204162341446,7905,FALSE
Pv2.1_10_42039007_G/T,Chr10,42039007,0.0206182486820503,7906,FALSE
Pv2.1_08_62662571_A/G,Chr08,62662571,0.0206180282880268,7907,FALSE
Pv2.1_11_31477331_C/T,Chr11,31477331,0.0206175149469074,7908,FALSE
Pv2.1_11_29791081_G/A,Chr11,29791081,0.0206166997072947,7909,FALSE
Pv2.1_11_29949698_A/C,Chr11,29949698,0.0206162231121083,7910,FALSE
Pv2.1_11_41583208_TA/T,Chr11,41583208,0.0206141171217071,7911,FALSE
Pv2.1_01_18244_A/G,Chr01,18244,0.0206124776203742,7912,FALSE
Pv2.1_03_33564054_A/G,Chr03,33564054,0.0205944493336427,7913,FALSE
Pv2.1_10_1223801_TTCA/T,Chr10,1223801,0.0205889841450073,7914,FALSE
Pv2.1_10_1223804_A/G,Chr10,1223804,0.0205889841450073,7915,FALSE
Pv2.1_03_3108276_G/T,Chr03,3108276,0.0205873526809954,7916,FALSE
Pv2.1_02_560123_C/T,Chr02,560123,0.0205841381334473,7917,FALSE
Pv2.1_07_616817_C/T,Chr07,616817,0.0205822349086007,7918,FALSE
Pv2.1_10_34861248_G/A,Chr10,34861248,0.0205815110435865,7919,FALSE
Pv2.1_08_502487_C/G,Chr08,502487,0.0205806168521998,7920,FALSE
Pv2.1_10_43590338_C/G,Chr10,43590338,0.0205788014065149,7921,FALSE
Pv2.1_08_55265981_T/C,Chr08,55265981,0.0205737406730973,7922,FALSE
Pv2.1_08_43861921_A/G,Chr08,43861921,0.0205734288511712,7923,FALSE
Pv2.1_11_2965118_C/A,Chr11,2965118,0.0205727155226669,7924,FALSE
Pv2.1_03_51026_T/TCATAA,Chr03,51026,0.0205709640565717,7925,FALSE
Pv2.1_07_38135009_C/G,Chr07,38135009,0.0205688144020382,7926,FALSE
Pv2.1_08_53653299_G/C,Chr08,53653299,0.0205620835383185,7927,FALSE
Pv2.1_06_20391587_C/T,Chr06,20391587,0.0205619860806694,7928,FALSE
Pv2.1_01_49443498_A/C,Chr01,49443498,0.0205611184389016,7929,FALSE
Pv2.1_11_2930527_A/T,Chr11,2930527,0.0205554208280452,7930,FALSE
Pv2.1_09_33372809_G/GA,Chr09,33372809,0.0205525318670428,7931,FALSE
Pv2.1_06_20165255_T/A,Chr06,20165255,0.0205525192350766,7932,FALSE
Pv2.1_07_3573565_G/A,Chr07,3573565,0.0205494010388438,7933,FALSE
Pv2.1_03_6838440_A/C,Chr03,6838440,0.0205492903018865,7934,FALSE
Pv2.1_08_61036638_ATAG/A,Chr08,61036638,0.0205472697366886,7935,FALSE
Pv2.1_04_44741371_C/G,Chr04,44741371,0.0205467279121283,7936,FALSE
Pv2.1_07_21217814_C/T,Chr07,21217814,0.0205462302966195,7937,FALSE
Pv2.1_05_420165_T/A,Chr05,420165,0.0205417584335965,7938,FALSE
Pv2.1_05_120826_G/C,Chr05,120826,0.0205414284066006,7939,FALSE
Pv2.1_11_51713888_T/C,Chr11,51713888,0.0205411497049899,7940,FALSE
Pv2.1_03_52645127_C/G,Chr03,52645127,0.0205367110083787,7941,FALSE
Pv2.1_07_28378245_AG/A,Chr07,28378245,0.0205341638310879,7942,FALSE
Pv2.1_09_14241149_G/A,Chr09,14241149,0.0205338366583145,7943,FALSE
Pv2.1_09_14390739_GT/G,Chr09,14390739,0.0205310301138995,7944,FALSE
Pv2.1_03_41799870_G/A,Chr03,41799870,0.0205298583554128,7945,FALSE
Pv2.1_03_41799886_T/A,Chr03,41799886,0.0205298583554128,7946,FALSE
Pv2.1_06_20736000_C/G,Chr06,20736000,0.0205292074131371,7947,FALSE
Pv2.1_09_36130082_A/G,Chr09,36130082,0.0205284914887414,7948,FALSE
Pv2.1_10_3079142_T/A,Chr10,3079142,0.0205264220290666,7949,FALSE
Pv2.1_03_36774136_G/A,Chr03,36774136,0.0205253347949697,7950,FALSE
Pv2.1_11_3657992_A/G,Chr11,3657992,0.0205235151267762,7951,FALSE
Pv2.1_11_2493798_C/T,Chr11,2493798,0.0205231952134053,7952,FALSE
Pv2.1_11_35921351_T/G,Chr11,35921351,0.0205216474888186,7953,FALSE
Pv2.1_02_26924903_TCA/T,Chr02,26924903,0.0205153310224362,7954,FALSE
Pv2.1_02_26924906_C/G,Chr02,26924906,0.0205153310224362,7955,FALSE
Pv2.1_04_4560760_G/A,Chr04,4560760,0.0205151949343576,7956,FALSE
Pv2.1_10_1701516_AC/A,Chr10,1701516,0.0205148673135569,7957,FALSE
Pv2.1_03_32696024_G/A,Chr03,32696024,0.0205106766442027,7958,FALSE
Pv2.1_09_36051750_G/C,Chr09,36051750,0.0205065805949545,7959,FALSE
Pv2.1_10_6588632_A/T,Chr10,6588632,0.0205062273799257,7960,FALSE
Pv2.1_02_1521612_T/C,Chr02,1521612,0.020505803671973,7961,FALSE
Pv2.1_04_46188253_C/T,Chr04,46188253,0.0205036968326757,7962,FALSE
Pv2.1_09_14556251_A/G,Chr09,14556251,0.0205034490640608,7963,FALSE
Pv2.1_05_37991577_A/G,Chr05,37991577,0.0205029205876275,7964,FALSE
Pv2.1_11_45921303_C/T,Chr11,45921303,0.0204986082760601,7965,FALSE
Pv2.1_08_13283327_C/T,Chr08,13283327,0.0204976962921961,7966,FALSE
Pv2.1_03_983901_T/C,Chr03,983901,0.02049566011822,7967,FALSE
Pv2.1_09_35939032_T/C,Chr09,35939032,0.020493323938477,7968,FALSE
Pv2.1_04_46970353_T/A,Chr04,46970353,0.0204922803413714,7969,FALSE
Pv2.1_08_60224624_C/G,Chr08,60224624,0.0204908908954056,7970,FALSE
Pv2.1_02_44916256_C/T,Chr02,44916256,0.0204831279742774,7971,FALSE
Pv2.1_11_4035173_A/T,Chr11,4035173,0.0204809687110354,7972,FALSE
Pv2.1_04_4643735_G/A,Chr04,4643735,0.0204800494464581,7973,FALSE
Pv2.1_04_11357646_C/G,Chr04,11357646,0.0204761480877282,7974,FALSE
Pv2.1_06_20094957_A/T,Chr06,20094957,0.020474863508912,7975,FALSE
Pv2.1_02_37732747_C/T,Chr02,37732747,0.0204615203216809,7976,FALSE
Pv2.1_08_60542661_T/G,Chr08,60542661,0.0204565236000325,7977,FALSE
Pv2.1_03_53066812_C/T,Chr03,53066812,0.0204562272528954,7978,FALSE
Pv2.1_06_28249110_A/C,Chr06,28249110,0.0204551773943904,7979,FALSE
Pv2.1_08_1435081_T/A,Chr08,1435081,0.0204551175880132,7980,FALSE
Pv2.1_07_21217783_A/G,Chr07,21217783,0.020453870576453,7981,FALSE
Pv2.1_11_47215206_T/C,Chr11,47215206,0.0204523467671578,7982,FALSE
Pv2.1_08_45849584_A/G,Chr08,45849584,0.0204517609536325,7983,FALSE
Pv2.1_04_45663366_T/C,Chr04,45663366,0.0204514484486125,7984,FALSE
Pv2.1_07_1074638_C/A,Chr07,1074638,0.0204500185226189,7985,FALSE
Pv2.1_07_1074641_G/A,Chr07,1074641,0.0204500185226189,7986,FALSE
Pv2.1_11_1423207_A/G,Chr11,1423207,0.0204483582749906,7987,FALSE
Pv2.1_04_45509404_G/T,Chr04,45509404,0.0204475222878862,7988,FALSE
Pv2.1_08_58417937_G/A,Chr08,58417937,0.0204470284571272,7989,FALSE
Pv2.1_03_12454023_C/T,Chr03,12454023,0.0204468220074361,7990,FALSE
Pv2.1_07_7557154_A/AATT,Chr07,7557154,0.0204467782021287,7991,FALSE
Pv2.1_09_37429069_C/T,Chr09,37429069,0.0204446360225949,7992,FALSE
Pv2.1_11_51522638_C/G,Chr11,51522638,0.0204432654953379,7993,FALSE
Pv2.1_07_3573602_A/G,Chr07,3573602,0.020441582271479,7994,FALSE
Pv2.1_03_40514094_T/C,Chr03,40514094,0.0204406763752507,7995,FALSE
Pv2.1_06_28241351_A/C,Chr06,28241351,0.0204365197666108,7996,FALSE
Pv2.1_08_61825300_G/T,Chr08,61825300,0.0204337803119712,7997,FALSE
Pv2.1_01_42273721_T/C,Chr01,42273721,0.020431070480508,7998,FALSE
Pv2.1_08_62526981_A/C,Chr08,62526981,0.0204304304085752,7999,FALSE
Pv2.1_02_30074999_T/C,Chr02,30074999,0.0204252754215011,8000,FALSE
Pv2.1_02_30075023_G/C,Chr02,30075023,0.0204252754215011,8001,FALSE
Pv2.1_11_52609610_T/A,Chr11,52609610,0.020422867546583,8002,FALSE
Pv2.1_08_9765210_C/T,Chr08,9765210,0.0204178275176292,8003,FALSE
Pv2.1_07_21089004_A/G,Chr07,21089004,0.0204164282829993,8004,FALSE
Pv2.1_04_45501669_ATG/A,Chr04,45501669,0.0204099466712959,8005,FALSE
Pv2.1_03_33567570_G/A,Chr03,33567570,0.0204060336773546,8006,FALSE
Pv2.1_11_44130393_G/A,Chr11,44130393,0.0204057831602675,8007,FALSE
Pv2.1_11_44467513_T/C,Chr11,44467513,0.020404679069383,8008,FALSE
Pv2.1_11_44467528_C/G,Chr11,44467528,0.020404679069383,8009,FALSE
Pv2.1_02_28079401_C/T,Chr02,28079401,0.020404653465449,8010,FALSE
Pv2.1_04_44460914_A/G,Chr04,44460914,0.0204045819953187,8011,FALSE
Pv2.1_11_53452133_C/G,Chr11,53452133,0.0203999490894895,8012,FALSE
Pv2.1_02_1630168_A/G,Chr02,1630168,0.0203996343877595,8013,FALSE
Pv2.1_01_445835_A/C,Chr01,445835,0.0203985961420807,8014,FALSE
Pv2.1_11_52289458_G/A,Chr11,52289458,0.020396100495407,8015,FALSE
Pv2.1_04_7398575_A/G,Chr04,7398575,0.020391713775552,8016,FALSE
Pv2.1_11_4662228_T/G,Chr11,4662228,0.0203913499759412,8017,FALSE
Pv2.1_08_1169458_C/T,Chr08,1169458,0.020387078876186,8018,FALSE
Pv2.1_08_8954900_C/T,Chr08,8954900,0.0203852116096357,8019,FALSE
Pv2.1_08_8954917_G/A,Chr08,8954917,0.0203852116096357,8020,FALSE
Pv2.1_11_1173870_A/G,Chr11,1173870,0.0203842806504007,8021,FALSE
Pv2.1_03_10297623_G/A,Chr03,10297623,0.0203796442467241,8022,FALSE
Pv2.1_08_1239661_C/T,Chr08,1239661,0.0203753862459961,8023,FALSE
Pv2.1_01_1598489_G/A,Chr01,1598489,0.0203753039736698,8024,FALSE
Pv2.1_03_45753130_T/G,Chr03,45753130,0.0203723502159137,8025,FALSE
Pv2.1_03_53030538_T/A,Chr03,53030538,0.0203711601214209,8026,FALSE
Pv2.1_08_62533601_A/C,Chr08,62533601,0.0203697552440829,8027,FALSE
Pv2.1_07_1278410_G/A,Chr07,1278410,0.0203682751844809,8028,FALSE
Pv2.1_10_41449376_A/G,Chr10,41449376,0.0203603130190784,8029,FALSE
Pv2.1_02_28104049_C/G,Chr02,28104049,0.0203598904425295,8030,FALSE
Pv2.1_07_26686256_A/G,Chr07,26686256,0.0203579129910119,8031,FALSE
Pv2.1_08_58173773_A/G,Chr08,58173773,0.0203514772111335,8032,FALSE
Pv2.1_07_9202426_T/A,Chr07,9202426,0.0203504759923803,8033,FALSE
Pv2.1_09_30005199_C/T,Chr09,30005199,0.0203483037012502,8034,FALSE
Pv2.1_03_10944918_A/G,Chr03,10944918,0.0203466353371087,8035,FALSE
Pv2.1_10_42844904_T/C,Chr10,42844904,0.0203460462331164,8036,FALSE
Pv2.1_03_53059251_T/C,Chr03,53059251,0.0203417787952596,8037,FALSE
Pv2.1_02_11491538_C/T,Chr02,11491538,0.020338101653175,8038,FALSE
Pv2.1_06_20381347_T/C,Chr06,20381347,0.0203362904182569,8039,FALSE
Pv2.1_09_14160323_G/GTT,Chr09,14160323,0.0203345168079085,8040,FALSE
Pv2.1_11_27854721_T/G,Chr11,27854721,0.020333517665061,8041,FALSE
Pv2.1_07_97888_A/T,Chr07,97888,0.0203334899295462,8042,FALSE
Pv2.1_09_35864032_G/C,Chr09,35864032,0.0203314068976366,8043,FALSE
Pv2.1_11_30663520_C/T,Chr11,30663520,0.0203241441440896,8044,FALSE
Pv2.1_02_28629788_G/A,Chr02,28629788,0.0203235369385082,8045,FALSE
Pv2.1_09_38150317_T/A,Chr09,38150317,0.0203217408355698,8046,FALSE
Pv2.1_11_50684311_T/C,Chr11,50684311,0.0203186814390595,8047,FALSE
Pv2.1_10_43607255_A/G,Chr10,43607255,0.0203169236179912,8048,FALSE
Pv2.1_11_29025890_G/A,Chr11,29025890,0.0203137618516687,8049,FALSE
Pv2.1_06_24103745_A/G,Chr06,24103745,0.0203133372507001,8050,FALSE
Pv2.1_03_53233747_G/GTAACA,Chr03,53233747,0.0203081136686043,8051,FALSE
Pv2.1_06_27932754_G/A,Chr06,27932754,0.0203080333457537,8052,FALSE
Pv2.1_07_32262364_C/A,Chr07,32262364,0.0203077313349844,8053,FALSE
Pv2.1_08_259476_T/C,Chr08,259476,0.0203061080891049,8054,FALSE
Pv2.1_08_259494_T/C,Chr08,259494,0.0203061080891049,8055,FALSE
Pv2.1_08_259498_T/A,Chr08,259498,0.0203061080891049,8056,FALSE
Pv2.1_08_259499_G/T,Chr08,259499,0.0203061080891049,8057,FALSE
Pv2.1_09_14210312_G/A,Chr09,14210312,0.0203041961113359,8058,FALSE
Pv2.1_02_28210156_T/G,Chr02,28210156,0.020300752703891,8059,FALSE
Pv2.1_08_7844106_C/A,Chr08,7844106,0.020296135641833,8060,FALSE
Pv2.1_08_1117034_G/A,Chr08,1117034,0.0202932273786574,8061,FALSE
Pv2.1_02_35099319_G/C,Chr02,35099319,0.0202920228784436,8062,FALSE
Pv2.1_05_40755140_A/C,Chr05,40755140,0.0202901246218246,8063,FALSE
Pv2.1_06_20391484_G/T,Chr06,20391484,0.0202883765621125,8064,FALSE
Pv2.1_07_3774509_T/C,Chr07,3774509,0.0202859468476144,8065,FALSE
Pv2.1_03_45462955_C/G,Chr03,45462955,0.0202859444407668,8066,FALSE
Pv2.1_06_26322692_A/G,Chr06,26322692,0.020282199636247,8067,FALSE
Pv2.1_06_25231491_C/A,Chr06,25231491,0.0202816539191475,8068,FALSE
Pv2.1_11_2774240_AGAG/A,Chr11,2774240,0.020281628914725,8069,FALSE
Pv2.1_02_30842525_A/C,Chr02,30842525,0.0202808847096714,8070,FALSE
Pv2.1_02_29140746_A/T,Chr02,29140746,0.0202793399918377,8071,FALSE
Pv2.1_11_52611030_T/C,Chr11,52611030,0.020277675297347,8072,FALSE
Pv2.1_10_43396658_T/C,Chr10,43396658,0.020277025397645,8073,FALSE
Pv2.1_07_23019664_C/T,Chr07,23019664,0.0202729575370446,8074,FALSE
Pv2.1_05_26209939_T/C,Chr05,26209939,0.0202720071913363,8075,FALSE
Pv2.1_08_699112_G/C,Chr08,699112,0.0202709948005215,8076,FALSE
Pv2.1_08_58312871_T/C,Chr08,58312871,0.0202702292961603,8077,FALSE
Pv2.1_04_11357640_C/T,Chr04,11357640,0.0202687028283588,8078,FALSE
Pv2.1_04_46374129_C/G,Chr04,46374129,0.0202639877414219,8079,FALSE
Pv2.1_08_61901010_A/G,Chr08,61901010,0.0202601041880275,8080,FALSE
Pv2.1_09_14241218_G/A,Chr09,14241218,0.0202568246755992,8081,FALSE
Pv2.1_07_77762_C/G,Chr07,77762,0.0202559977275829,8082,FALSE
Pv2.1_08_11683388_C/A,Chr08,11683388,0.0202558354262576,8083,FALSE
Pv2.1_11_53496464_C/A,Chr11,53496464,0.0202548654207448,8084,FALSE
Pv2.1_04_22623628_A/G,Chr04,22623628,0.0202546832984494,8085,FALSE
Pv2.1_11_1072822_T/C,Chr11,1072822,0.0202542923743279,8086,FALSE
Pv2.1_01_51186472_G/T,Chr01,51186472,0.0202506047666535,8087,FALSE
Pv2.1_03_10944920_C/A,Chr03,10944920,0.0202502756319234,8088,FALSE
Pv2.1_07_1601893_C/G,Chr07,1601893,0.0202470010948863,8089,FALSE
Pv2.1_08_6675807_C/T,Chr08,6675807,0.0202459327893059,8090,FALSE
Pv2.1_03_52879500_C/A,Chr03,52879500,0.0202441217169587,8091,FALSE
Pv2.1_08_62375861_T/C,Chr08,62375861,0.0202410589547277,8092,FALSE
Pv2.1_11_41890233_G/A,Chr11,41890233,0.0202394898725928,8093,FALSE
Pv2.1_02_44599098_A/AT,Chr02,44599098,0.020235642745952,8094,FALSE
Pv2.1_08_7460548_T/A,Chr08,7460548,0.020235372515224,8095,FALSE
Pv2.1_05_5655713_C/T,Chr05,5655713,0.0202349773524104,8096,FALSE
Pv2.1_07_28923819_A/T,Chr07,28923819,0.0202348864470663,8097,FALSE
Pv2.1_08_3853341_G/A,Chr08,3853341,0.0202347422191305,8098,FALSE
Pv2.1_08_3853338_AAAG/A,Chr08,3853338,0.02023474221913,8099,FALSE
Pv2.1_08_60329587_A/T,Chr08,60329587,0.0202276627929709,8100,FALSE
Pv2.1_07_1222861_T/C,Chr07,1222861,0.0202274623803227,8101,FALSE
Pv2.1_06_19629401_G/T,Chr06,19629401,0.0202272012622076,8102,FALSE
Pv2.1_05_3465059_C/T,Chr05,3465059,0.020225799330218,8103,FALSE
Pv2.1_07_25823_A/G,Chr07,25823,0.0202209596537544,8104,FALSE
Pv2.1_07_25829_T/A,Chr07,25829,0.0202209596537544,8105,FALSE
Pv2.1_11_48385278_C/T,Chr11,48385278,0.0202199104998106,8106,FALSE
Pv2.1_07_1274512_G/A,Chr07,1274512,0.0202158406418942,8107,FALSE
Pv2.1_03_30202307_AT/A,Chr03,30202307,0.0202150000371351,8108,FALSE
Pv2.1_11_50483686_C/A,Chr11,50483686,0.0202113276429947,8109,FALSE
Pv2.1_02_44712080_C/G,Chr02,44712080,0.0202058378694208,8110,FALSE
Pv2.1_11_967244_T/A,Chr11,967244,0.0202054140281858,8111,FALSE
Pv2.1_08_3231792_T/C,Chr08,3231792,0.0202047080083747,8112,FALSE
Pv2.1_07_6595169_G/C,Chr07,6595169,0.0202030015757644,8113,FALSE
Pv2.1_02_2189843_C/A,Chr02,2189843,0.0202014133191435,8114,FALSE
Pv2.1_11_1381993_T/G,Chr11,1381993,0.0201999461553775,8115,FALSE
Pv2.1_07_574724_C/T,Chr07,574724,0.020197799118415,8116,FALSE
Pv2.1_02_39921117_TTC/T,Chr02,39921117,0.0201912135733826,8117,FALSE
Pv2.1_05_39473174_C/A,Chr05,39473174,0.0201908064967538,8118,FALSE
Pv2.1_07_33439661_T/C,Chr07,33439661,0.0201894712159039,8119,FALSE
Pv2.1_08_45528259_C/T,Chr08,45528259,0.0201888742444862,8120,FALSE
Pv2.1_02_45163226_A/G,Chr02,45163226,0.0201880412373598,8121,FALSE
Pv2.1_05_5470589_C/T,Chr05,5470589,0.020186713266551,8122,FALSE
Pv2.1_02_36931542_G/A,Chr02,36931542,0.0201826351497245,8123,FALSE
Pv2.1_04_45750285_T/C,Chr04,45750285,0.0201753806042153,8124,FALSE
Pv2.1_03_33351009_CAATA/C,Chr03,33351009,0.0201710552260113,8125,FALSE
Pv2.1_08_62046675_CA/C,Chr08,62046675,0.0201643927091659,8126,FALSE
Pv2.1_10_433995_A/T,Chr10,433995,0.0201636415122093,8127,FALSE
Pv2.1_08_62914631_A/C,Chr08,62914631,0.0201632070004552,8128,FALSE
Pv2.1_02_3160694_T/A,Chr02,3160694,0.0201573840110352,8129,FALSE
Pv2.1_05_39472304_C/T,Chr05,39472304,0.0201570788753727,8130,FALSE
Pv2.1_04_44385343_T/A,Chr04,44385343,0.0201566938115416,8131,FALSE
Pv2.1_09_36794452_A/G,Chr09,36794452,0.0201564404356134,8132,FALSE
Pv2.1_07_152930_C/T,Chr07,152930,0.0201558719064994,8133,FALSE
Pv2.1_08_8451247_G/T,Chr08,8451247,0.0201547908120991,8134,FALSE
Pv2.1_02_2927075_G/A,Chr02,2927075,0.0201482031103848,8135,FALSE
Pv2.1_03_11945997_T/C,Chr03,11945997,0.0201467444546495,8136,FALSE
Pv2.1_04_11379818_A/T,Chr04,11379818,0.0201467182698982,8137,FALSE
Pv2.1_10_41617017_G/A,Chr10,41617017,0.0201438806523417,8138,FALSE
Pv2.1_07_518375_T/C,Chr07,518375,0.0201433828446929,8139,FALSE
Pv2.1_04_46062715_G/A,Chr04,46062715,0.020140645446133,8140,FALSE
Pv2.1_11_2160014_C/A,Chr11,2160014,0.0201365894505461,8141,FALSE
Pv2.1_11_2160018_A/T,Chr11,2160018,0.0201365894505461,8142,FALSE
Pv2.1_06_17169118_A/G,Chr06,17169118,0.0201350884549321,8143,FALSE
Pv2.1_06_20852238_C/AT,Chr06,20852238,0.0201347107787777,8144,FALSE
Pv2.1_03_52663203_A/G,Chr03,52663203,0.020128948480056,8145,FALSE
Pv2.1_03_2964456_C/G,Chr03,2964456,0.020127751435707,8146,FALSE
Pv2.1_11_48385353_T/C,Chr11,48385353,0.0201273523906407,8147,FALSE
Pv2.1_07_4859567_G/T,Chr07,4859567,0.0201272244101172,8148,FALSE
Pv2.1_08_4550857_A/G,Chr08,4550857,0.0201185705320217,8149,FALSE
Pv2.1_08_4550882_C/A,Chr08,4550882,0.0201185705320217,8150,FALSE
Pv2.1_08_1277996_A/AT,Chr08,1277996,0.0201183441699917,8151,FALSE
Pv2.1_06_26760321_A/T,Chr06,26760321,0.0201182149777481,8152,FALSE
Pv2.1_02_2325366_A/C,Chr02,2325366,0.0201178176782761,8153,FALSE
Pv2.1_02_2325374_C/T,Chr02,2325374,0.0201178176782761,8154,FALSE
Pv2.1_06_24935991_C/T,Chr06,24935991,0.0201154361472518,8155,FALSE
Pv2.1_10_9190238_T/G,Chr10,9190238,0.0201153595031585,8156,FALSE
Pv2.1_04_1919689_C/T,Chr04,1919689,0.0201143163023172,8157,FALSE
Pv2.1_08_61896112_C/T,Chr08,61896112,0.0201122178624655,8158,FALSE
Pv2.1_07_37025817_G/A,Chr07,37025817,0.0201119311969586,8159,FALSE
Pv2.1_02_44880433_G/A,Chr02,44880433,0.0201119268652459,8160,FALSE
Pv2.1_11_27854765_T/G,Chr11,27854765,0.0201074337656681,8161,FALSE
Pv2.1_07_39209277_A/G,Chr07,39209277,0.0200992971874716,8162,FALSE
Pv2.1_06_18542181_G/A,Chr06,18542181,0.0200968788561169,8163,FALSE
Pv2.1_11_2965054_A/G,Chr11,2965054,0.0200953214037325,8164,FALSE
Pv2.1_06_28228101_C/T,Chr06,28228101,0.0200921793463094,8165,FALSE
Pv2.1_11_1566263_CTTT/C,Chr11,1566263,0.0200913695132563,8166,FALSE
Pv2.1_06_25329881_A/G,Chr06,25329881,0.0200814937079712,8167,FALSE
Pv2.1_10_23308018_T/C,Chr10,23308018,0.0200814914975007,8168,FALSE
Pv2.1_02_12634002_G/A,Chr02,12634002,0.0200767275994638,8169,FALSE
Pv2.1_04_47249965_G/A,Chr04,47249965,0.0200753184591029,8170,FALSE
Pv2.1_04_47249979_T/C,Chr04,47249979,0.0200753184591029,8171,FALSE
Pv2.1_04_7455241_A/T,Chr04,7455241,0.0200728921988902,8172,FALSE
Pv2.1_07_28490080_C/G,Chr07,28490080,0.0200718514354952,8173,FALSE
Pv2.1_07_133744_C/G,Chr07,133744,0.0200638752617368,8174,FALSE
Pv2.1_06_27807805_C/CT,Chr06,27807805,0.0200636520752537,8175,FALSE
Pv2.1_04_11405390_G/A,Chr04,11405390,0.0200555588068858,8176,FALSE
Pv2.1_09_33725561_C/CA,Chr09,33725561,0.020053690756586,8177,FALSE
Pv2.1_07_38080563_G/A,Chr07,38080563,0.0200523748720545,8178,FALSE
Pv2.1_03_44694364_G/T,Chr03,44694364,0.0200523301528484,8179,FALSE
Pv2.1_02_29470170_C/G,Chr02,29470170,0.0200477508911816,8180,FALSE
Pv2.1_07_32395922_A/AG,Chr07,32395922,0.0200428193261368,8181,FALSE
Pv2.1_09_37877390_C/G,Chr09,37877390,0.020042077531655,8182,FALSE
Pv2.1_06_29885882_G/T,Chr06,29885882,0.0200358321633849,8183,FALSE
Pv2.1_07_594569_G/A,Chr07,594569,0.0200342345392639,8184,FALSE
Pv2.1_02_35757498_C/A,Chr02,35757498,0.0200322668425095,8185,FALSE
Pv2.1_08_42076552_A/C,Chr08,42076552,0.0200302649878683,8186,FALSE
Pv2.1_11_2741759_G/A,Chr11,2741759,0.0200257470803527,8187,FALSE
Pv2.1_06_28228149_T/G,Chr06,28228149,0.020023808174737,8188,FALSE
Pv2.1_08_14180813_A/G,Chr08,14180813,0.0200231648504756,8189,FALSE
Pv2.1_11_3750266_CAAT/C,Chr11,3750266,0.02001926701704,8190,FALSE
Pv2.1_03_53066987_C/A,Chr03,53066987,0.0200186592225839,8191,FALSE
Pv2.1_07_9330514_C/T,Chr07,9330514,0.0200138338156441,8192,FALSE
Pv2.1_02_24861842_A/C,Chr02,24861842,0.0200109104493249,8193,FALSE
Pv2.1_08_61729120_G/A,Chr08,61729120,0.0200074642713499,8194,FALSE
Pv2.1_08_46904030_G/A,Chr08,46904030,0.0200046920479076,8195,FALSE
Pv2.1_06_21630866_T/C,Chr06,21630866,0.0200031259620981,8196,FALSE
Pv2.1_08_48439938_T/G,Chr08,48439938,0.01999727889784,8197,FALSE
Pv2.1_11_4737224_T/G,Chr11,4737224,0.0199970805440715,8198,FALSE
Pv2.1_10_43814500_A/G,Chr10,43814500,0.019995967825563,8199,FALSE
Pv2.1_11_25671075_C/T,Chr11,25671075,0.0199952034427278,8200,FALSE
Pv2.1_09_7692183_A/G,Chr09,7692183,0.0199919992404665,8201,FALSE
Pv2.1_08_392188_G/A,Chr08,392188,0.0199903272089514,8202,FALSE
Pv2.1_09_14645201_T/C,Chr09,14645201,0.0199895528885747,8203,FALSE
Pv2.1_01_11091921_C/G,Chr01,11091921,0.0199894534893295,8204,FALSE
Pv2.1_08_8954922_T/C,Chr08,8954922,0.0199886168675887,8205,FALSE
Pv2.1_10_41198837_G/A,Chr10,41198837,0.0199882999589356,8206,FALSE
Pv2.1_11_51370818_T/G,Chr11,51370818,0.0199844483865284,8207,FALSE
Pv2.1_02_27679056_C/T,Chr02,27679056,0.0199819967383439,8208,FALSE
Pv2.1_06_29841773_G/T,Chr06,29841773,0.0199815885765213,8209,FALSE
Pv2.1_06_19549331_C/G,Chr06,19549331,0.0199809069473864,8210,FALSE
Pv2.1_08_511601_G/A,Chr08,511601,0.0199766139283257,8211,FALSE
Pv2.1_08_60180503_T/C,Chr08,60180503,0.0199721661986221,8212,FALSE
Pv2.1_02_2413503_A/G,Chr02,2413503,0.0199683945122624,8213,FALSE
Pv2.1_03_449806_C/T,Chr03,449806,0.0199674888445034,8214,FALSE
Pv2.1_06_20094605_G/C,Chr06,20094605,0.0199666534145915,8215,FALSE
Pv2.1_11_25194538_T/A,Chr11,25194538,0.0199656143950686,8216,FALSE
Pv2.1_10_29244219_A/G,Chr10,29244219,0.0199644037417994,8217,FALSE
Pv2.1_08_58532342_GA/G,Chr08,58532342,0.0199614337955478,8218,FALSE
Pv2.1_09_37766292_TA/T,Chr09,37766292,0.0199577876556103,8219,FALSE
Pv2.1_08_563606_A/C,Chr08,563606,0.0199575441111666,8220,FALSE
Pv2.1_02_27981704_A/G,Chr02,27981704,0.0199573247774429,8221,FALSE
Pv2.1_07_616793_C/T,Chr07,616793,0.019956526189755,8222,FALSE
Pv2.1_08_48431183_T/A,Chr08,48431183,0.0199561800239665,8223,FALSE
Pv2.1_02_48696480_A/G,Chr02,48696480,0.019953055758021,8224,FALSE
Pv2.1_08_9633828_C/T,Chr08,9633828,0.0199517269551324,8225,FALSE
Pv2.1_03_1146510_C/A,Chr03,1146510,0.0199512112540061,8226,FALSE
Pv2.1_03_40775039_C/T,Chr03,40775039,0.0199503428210766,8227,FALSE
Pv2.1_02_35409619_A/T,Chr02,35409619,0.019948814660256,8228,FALSE
Pv2.1_07_38895055_GC/G,Chr07,38895055,0.0199457800507559,8229,FALSE
Pv2.1_08_60032085_T/C,Chr08,60032085,0.0199454329517961,8230,FALSE
Pv2.1_11_561853_T/C,Chr11,561853,0.0199451689467396,8231,FALSE
Pv2.1_09_38190832_A/T,Chr09,38190832,0.0199428074863799,8232,FALSE
Pv2.1_03_9319577_A/G,Chr03,9319577,0.0199364459716938,8233,FALSE
Pv2.1_10_8111011_G/A,Chr10,8111011,0.0199357828231554,8234,FALSE
Pv2.1_11_35572005_C/T,Chr11,35572005,0.0199352197142613,8235,FALSE
Pv2.1_11_2810540_C/G,Chr11,2810540,0.0199344747498995,8236,FALSE
Pv2.1_07_28423385_C/G,Chr07,28423385,0.0199320829093685,8237,FALSE
Pv2.1_11_1090995_A/G,Chr11,1090995,0.0199310590922033,8238,FALSE
Pv2.1_10_41088499_A/T,Chr10,41088499,0.0199289626671728,8239,FALSE
Pv2.1_05_22402842_G/T,Chr05,22402842,0.0199285148337203,8240,FALSE
Pv2.1_05_153380_TC/T,Chr05,153380,0.0199269450087454,8241,FALSE
Pv2.1_08_38658163_C/T,Chr08,38658163,0.0199205436553003,8242,FALSE
Pv2.1_05_3585898_T/A,Chr05,3585898,0.0199173915694333,8243,FALSE
Pv2.1_05_40739603_G/A,Chr05,40739603,0.0199169691091168,8244,FALSE
Pv2.1_09_28750301_G/C,Chr09,28750301,0.0199138674499153,8245,FALSE
Pv2.1_04_45663352_C/T,Chr04,45663352,0.0199129672083211,8246,FALSE
Pv2.1_02_49625983_C/T,Chr02,49625983,0.0199108188627766,8247,FALSE
Pv2.1_08_60211652_A/T,Chr08,60211652,0.0199100191490134,8248,FALSE
Pv2.1_04_45501871_A/C,Chr04,45501871,0.0199090746648016,8249,FALSE
Pv2.1_03_34376454_T/A,Chr03,34376454,0.0199048201704648,8250,FALSE
Pv2.1_04_11357649_T/C,Chr04,11357649,0.0199042102170948,8251,FALSE
Pv2.1_11_51718036_T/A,Chr11,51718036,0.0198988659779928,8252,FALSE
Pv2.1_11_53000861_A/G,Chr11,53000861,0.0198982389849491,8253,FALSE
Pv2.1_06_24328505_G/A,Chr06,24328505,0.0198970717281832,8254,FALSE
Pv2.1_06_26230344_T/A,Chr06,26230344,0.0198963721351948,8255,FALSE
Pv2.1_07_8580273_G/T,Chr07,8580273,0.0198960699748985,8256,FALSE
Pv2.1_07_8580289_T/C,Chr07,8580289,0.0198960699748985,8257,FALSE
Pv2.1_08_60658617_C/T,Chr08,60658617,0.0198883212725685,8258,FALSE
Pv2.1_06_27493131_A/C,Chr06,27493131,0.0198878149595676,8259,FALSE
Pv2.1_02_1895797_C/T,Chr02,1895797,0.0198811488640014,8260,FALSE
Pv2.1_02_13603725_T/A,Chr02,13603725,0.0198799116293031,8261,FALSE
Pv2.1_08_62872715_C/T,Chr08,62872715,0.0198766925539329,8262,FALSE
Pv2.1_02_14908964_T/G,Chr02,14908964,0.0198758248566149,8263,FALSE
Pv2.1_06_20208233_A/T,Chr06,20208233,0.0198744380627649,8264,FALSE
Pv2.1_09_14645220_G/A,Chr09,14645220,0.0198742254739113,8265,FALSE
Pv2.1_06_18933446_C/A,Chr06,18933446,0.0198716875935476,8266,FALSE
Pv2.1_04_44385346_C/G,Chr04,44385346,0.0198704591348307,8267,FALSE
Pv2.1_04_47249959_G/C,Chr04,47249959,0.0198681738065227,8268,FALSE
Pv2.1_08_45849607_G/A,Chr08,45849607,0.0198662355228798,8269,FALSE
Pv2.1_07_5598745_G/T,Chr07,5598745,0.0198659562720933,8270,FALSE
Pv2.1_03_10176300_T/A,Chr03,10176300,0.0198638008203758,8271,FALSE
Pv2.1_08_57822645_G/C,Chr08,57822645,0.019863790503555,8272,FALSE
Pv2.1_03_11953403_T/A,Chr03,11953403,0.0198632141812705,8273,FALSE
Pv2.1_11_53295163_T/G,Chr11,53295163,0.0198607570070743,8274,FALSE
Pv2.1_06_20380325_C/T,Chr06,20380325,0.0198563339262248,8275,FALSE
Pv2.1_11_44409920_T/C,Chr11,44409920,0.0198551730098533,8276,FALSE
Pv2.1_09_15218442_C/G,Chr09,15218442,0.0198496502412304,8277,FALSE
Pv2.1_02_49604920_G/T,Chr02,49604920,0.0198487556743525,8278,FALSE
Pv2.1_06_17093933_C/T,Chr06,17093933,0.0198474333807495,8279,FALSE
Pv2.1_07_33523203_G/A,Chr07,33523203,0.0198465942933543,8280,FALSE
Pv2.1_11_891366_C/T,Chr11,891366,0.0198458441055251,8281,FALSE
Pv2.1_05_39245791_A/G,Chr05,39245791,0.0198448995892346,8282,FALSE
Pv2.1_11_48373478_A/G,Chr11,48373478,0.019844531565453,8283,FALSE
Pv2.1_07_236587_T/G,Chr07,236587,0.0198420173370444,8284,FALSE
Pv2.1_03_45016657_G/A,Chr03,45016657,0.019838697042506,8285,FALSE
Pv2.1_10_42551868_G/A,Chr10,42551868,0.0198355613175956,8286,FALSE
Pv2.1_11_49873113_A/T,Chr11,49873113,0.0198345166421143,8287,FALSE
Pv2.1_01_6523690_A/G,Chr01,6523690,0.0198344119331773,8288,FALSE
Pv2.1_07_21557268_T/C,Chr07,21557268,0.01983194360289,8289,FALSE
Pv2.1_10_4873302_C/G,Chr10,4873302,0.0198311914424645,8290,FALSE
Pv2.1_08_7460595_C/T,Chr08,7460595,0.0198309788370539,8291,FALSE
Pv2.1_11_52830258_T/A,Chr11,52830258,0.0198289590331568,8292,FALSE
Pv2.1_04_45494624_T/G,Chr04,45494624,0.0198277880295388,8293,FALSE
Pv2.1_09_21865226_A/C,Chr09,21865226,0.0198257483977735,8294,FALSE
Pv2.1_09_21865278_A/C,Chr09,21865278,0.0198257483977735,8295,FALSE
Pv2.1_08_7784623_G/C,Chr08,7784623,0.0198212446420545,8296,FALSE
Pv2.1_02_27679064_A/G,Chr02,27679064,0.0198197918564778,8297,FALSE
Pv2.1_02_28264383_G/T,Chr02,28264383,0.0198170412331389,8298,FALSE
Pv2.1_03_10944895_A/T,Chr03,10944895,0.0198140412983592,8299,FALSE
Pv2.1_07_22472437_T/C,Chr07,22472437,0.0198087615721727,8300,FALSE
Pv2.1_01_2850786_C/T,Chr01,2850786,0.0198081440747595,8301,FALSE
Pv2.1_11_4498511_A/G,Chr11,4498511,0.0198077063184638,8302,FALSE
Pv2.1_09_22408199_G/C,Chr09,22408199,0.0198060444853883,8303,FALSE
Pv2.1_09_22408201_C/A,Chr09,22408201,0.0198060444853883,8304,FALSE
Pv2.1_09_22408205_C/G,Chr09,22408205,0.0198060444853883,8305,FALSE
Pv2.1_09_22408215_G/T,Chr09,22408215,0.0198060444853883,8306,FALSE
Pv2.1_08_7017329_T/A,Chr08,7017329,0.0198045739590551,8307,FALSE
Pv2.1_02_26070581_A/G,Chr02,26070581,0.0198031361523148,8308,FALSE
Pv2.1_10_2310057_T/A,Chr10,2310057,0.019802462232807,8309,FALSE
Pv2.1_10_2310096_T/G,Chr10,2310096,0.019802462232807,8310,FALSE
Pv2.1_02_30380020_G/C,Chr02,30380020,0.0197982447373617,8311,FALSE
Pv2.1_02_35455267_T/TTTG,Chr02,35455267,0.0197967712510563,8312,FALSE
Pv2.1_10_35209275_T/G,Chr10,35209275,0.0197947838281656,8313,FALSE
Pv2.1_04_45663514_G/C,Chr04,45663514,0.0197942909334037,8314,FALSE
Pv2.1_08_43129632_C/A,Chr08,43129632,0.0197941636530787,8315,FALSE
Pv2.1_05_3463491_GC/G,Chr05,3463491,0.0197908968369096,8316,FALSE
Pv2.1_08_19533742_C/T,Chr08,19533742,0.0197870390679773,8317,FALSE
Pv2.1_11_1285893_A/T,Chr11,1285893,0.0197857523917007,8318,FALSE
Pv2.1_11_1285930_C/G,Chr11,1285930,0.0197857523917007,8319,FALSE
Pv2.1_07_5772640_G/C,Chr07,5772640,0.0197856195381187,8320,FALSE
Pv2.1_02_29213245_G/C,Chr02,29213245,0.0197810940314698,8321,FALSE
Pv2.1_11_27854744_C/T,Chr11,27854744,0.0197807254378199,8322,FALSE
Pv2.1_11_16483850_G/A,Chr11,16483850,0.0197803801783283,8323,FALSE
Pv2.1_11_2859357_A/G,Chr11,2859357,0.0197763705145819,8324,FALSE
Pv2.1_09_13689047_G/A,Chr09,13689047,0.0197744014455852,8325,FALSE
Pv2.1_09_36804710_A/C,Chr09,36804710,0.0197742775187311,8326,FALSE
Pv2.1_09_36804710_A/G,Chr09,36804710,0.0197742775187311,8327,FALSE
Pv2.1_07_729693_G/A,Chr07,729693,0.0197719324570294,8328,FALSE
Pv2.1_06_18933468_C/A,Chr06,18933468,0.0197711770238977,8329,FALSE
Pv2.1_03_13121119_T/C,Chr03,13121119,0.0197709796536869,8330,FALSE
Pv2.1_06_30972450_C/G,Chr06,30972450,0.0197665736859296,8331,FALSE
Pv2.1_05_39317665_A/C,Chr05,39317665,0.0197656480810462,8332,FALSE
Pv2.1_02_30436238_G/A,Chr02,30436238,0.0197643307628255,8333,FALSE
Pv2.1_08_7844093_C/T,Chr08,7844093,0.019760623927247,8334,FALSE
Pv2.1_03_37464971_G/T,Chr03,37464971,0.0197567101683571,8335,FALSE
Pv2.1_05_4846229_A/C,Chr05,4846229,0.0197557548668197,8336,FALSE
Pv2.1_09_36804490_C/T,Chr09,36804490,0.019755699980073,8337,FALSE
Pv2.1_09_36804491_A/T,Chr09,36804491,0.019755699980073,8338,FALSE
Pv2.1_01_6401137_T/C,Chr01,6401137,0.0197540181900022,8339,FALSE
Pv2.1_06_31022598_G/C,Chr06,31022598,0.0197519023271471,8340,FALSE
Pv2.1_11_996706_G/A,Chr11,996706,0.0197512420973913,8341,FALSE
Pv2.1_09_22410932_CT/C,Chr09,22410932,0.0197490627935051,8342,FALSE
Pv2.1_01_13124249_C/A,Chr01,13124249,0.0197443067856993,8343,FALSE
Pv2.1_04_46299025_C/T,Chr04,46299025,0.0197441243158054,8344,FALSE
Pv2.1_05_37923654_C/T,Chr05,37923654,0.0197369913366061,8345,FALSE
Pv2.1_01_45340086_A/G,Chr01,45340086,0.0197369507681895,8346,FALSE
Pv2.1_02_2618488_G/T,Chr02,2618488,0.0197368235759114,8347,FALSE
Pv2.1_03_812391_T/G,Chr03,812391,0.0197365578283764,8348,FALSE
Pv2.1_05_4927325_G/A,Chr05,4927325,0.0197349411515226,8349,FALSE
Pv2.1_07_34260466_AC/A,Chr07,34260466,0.0197349343214759,8350,FALSE
Pv2.1_02_2389818_G/C,Chr02,2389818,0.0197313553010683,8351,FALSE
Pv2.1_10_41935101_G/A,Chr10,41935101,0.0197266815990851,8352,FALSE
Pv2.1_08_58014419_T/C,Chr08,58014419,0.0197261111743048,8353,FALSE
Pv2.1_08_60479716_T/A,Chr08,60479716,0.0197209978808406,8354,FALSE
Pv2.1_07_1500951_T/A,Chr07,1500951,0.0197182334056278,8355,FALSE
Pv2.1_04_448766_A/T,Chr04,448766,0.0197084549356186,8356,FALSE
Pv2.1_09_38032426_G/T,Chr09,38032426,0.0197056022356148,8357,FALSE
Pv2.1_07_32271980_G/A,Chr07,32271980,0.0197035865726014,8358,FALSE
Pv2.1_09_37603735_A/G,Chr09,37603735,0.0197033053818889,8359,FALSE
Pv2.1_01_49179707_G/A,Chr01,49179707,0.0197021185742248,8360,FALSE
Pv2.1_02_33626572_A/C,Chr02,33626572,0.0196988620374903,8361,FALSE
Pv2.1_08_52656401_C/T,Chr08,52656401,0.0196955475234013,8362,FALSE
Pv2.1_08_706882_A/G,Chr08,706882,0.0196942115064802,8363,FALSE
Pv2.1_08_706890_G/T,Chr08,706890,0.0196942115064802,8364,FALSE
Pv2.1_06_21220328_TA/T,Chr06,21220328,0.0196941962684187,8365,FALSE
Pv2.1_11_48373556_A/AC,Chr11,48373556,0.0196924720937828,8366,FALSE
Pv2.1_11_49429211_T/C,Chr11,49429211,0.0196914402378638,8367,FALSE
Pv2.1_10_41561520_A/G,Chr10,41561520,0.0196899619175608,8368,FALSE
Pv2.1_10_41561556_G/A,Chr10,41561556,0.0196899619175608,8369,FALSE
Pv2.1_10_6210596_C/T,Chr10,6210596,0.0196889770713837,8370,FALSE
Pv2.1_04_3450835_A/T,Chr04,3450835,0.0196887151770784,8371,FALSE
Pv2.1_10_42047211_C/T,Chr10,42047211,0.0196860411318314,8372,FALSE
Pv2.1_11_4617934_A/G,Chr11,4617934,0.0196828763529564,8373,FALSE
Pv2.1_08_1819449_T/C,Chr08,1819449,0.0196821416551698,8374,FALSE
Pv2.1_08_61728835_C/A,Chr08,61728835,0.0196812866697837,8375,FALSE
Pv2.1_08_12647774_T/C,Chr08,12647774,0.0196797583724551,8376,FALSE
Pv2.1_01_43071701_T/A,Chr01,43071701,0.0196751173646206,8377,FALSE
Pv2.1_08_60451273_A/C,Chr08,60451273,0.0196726071528133,8378,FALSE
Pv2.1_05_39727733_G/A,Chr05,39727733,0.0196713772859485,8379,FALSE
Pv2.1_01_1287138_C/A,Chr01,1287138,0.0196683302169554,8380,FALSE
Pv2.1_08_1583365_GGTGA/G,Chr08,1583365,0.0196666034356743,8381,FALSE
Pv2.1_02_27981749_G/A,Chr02,27981749,0.0196648200262901,8382,FALSE
Pv2.1_01_655831_G/A,Chr01,655831,0.0196640899264504,8383,FALSE
Pv2.1_02_35412350_C/T,Chr02,35412350,0.0196619070555921,8384,FALSE
Pv2.1_08_6676426_TC/T,Chr08,6676426,0.0196591575260339,8385,FALSE
Pv2.1_03_31129960_G/A,Chr03,31129960,0.0196556820488052,8386,FALSE
Pv2.1_06_9560313_A/G,Chr06,9560313,0.019653646708218,8387,FALSE
Pv2.1_02_44515332_G/A,Chr02,44515332,0.0196501848814616,8388,FALSE
Pv2.1_04_43635258_C/T,Chr04,43635258,0.0196480691823351,8389,FALSE
Pv2.1_08_60442787_G/A,Chr08,60442787,0.0196469403645136,8390,FALSE
Pv2.1_11_2956882_T/C,Chr11,2956882,0.019646050058781,8391,FALSE
Pv2.1_06_20634061_C/T,Chr06,20634061,0.019644654643292,8392,FALSE
Pv2.1_06_18944254_A/T,Chr06,18944254,0.0196423393964955,8393,FALSE
Pv2.1_07_4014350_C/T,Chr07,4014350,0.0196416366334988,8394,FALSE
Pv2.1_04_44916206_A/C,Chr04,44916206,0.0196391111798326,8395,FALSE
Pv2.1_03_36338275_C/A,Chr03,36338275,0.0196366900868563,8396,FALSE
Pv2.1_07_28343336_T/C,Chr07,28343336,0.0196319035391483,8397,FALSE
Pv2.1_11_30316616_G/A,Chr11,30316616,0.0196318443169856,8398,FALSE
Pv2.1_09_29308803_A/G,Chr09,29308803,0.0196275327713029,8399,FALSE
Pv2.1_09_19578995_C/T,Chr09,19578995,0.0196270749676661,8400,FALSE
Pv2.1_07_9143776_G/A,Chr07,9143776,0.019619457208194,8401,FALSE
Pv2.1_11_3535106_C/CA,Chr11,3535106,0.0196155153972977,8402,FALSE
Pv2.1_04_44805189_A/G,Chr04,44805189,0.0196152364646132,8403,FALSE
Pv2.1_04_44805209_A/G,Chr04,44805209,0.0196152364646132,8404,FALSE
Pv2.1_11_32071620_G/A,Chr11,32071620,0.0196133314016951,8405,FALSE
Pv2.1_02_27116932_T/A,Chr02,27116932,0.0196111124663378,8406,FALSE
Pv2.1_09_37799844_A/T,Chr09,37799844,0.0196101342741342,8407,FALSE
Pv2.1_04_448769_C/T,Chr04,448769,0.0196090721705424,8408,FALSE
Pv2.1_08_6676391_C/T,Chr08,6676391,0.0196073627789612,8409,FALSE
Pv2.1_07_39801825_G/A,Chr07,39801825,0.019607064535915,8410,FALSE
Pv2.1_05_22406424_A/G,Chr05,22406424,0.0196045587394171,8411,FALSE
Pv2.1_06_25338801_G/A,Chr06,25338801,0.0196038925313777,8412,FALSE
Pv2.1_07_3265918_A/C,Chr07,3265918,0.0196028409685565,8413,FALSE
Pv2.1_07_38021576_G/T,Chr07,38021576,0.0195991560169486,8414,FALSE
Pv2.1_07_1263979_CA/C,Chr07,1263979,0.0195952875029932,8415,FALSE
Pv2.1_05_394641_T/G,Chr05,394641,0.0195926778704707,8416,FALSE
Pv2.1_02_22971334_C/A,Chr02,22971334,0.0195877509808708,8417,FALSE
Pv2.1_07_33523282_TA/T,Chr07,33523282,0.0195866067782973,8418,FALSE
Pv2.1_06_28189177_C/G,Chr06,28189177,0.0195857198461189,8419,FALSE
Pv2.1_08_13361119_A/G,Chr08,13361119,0.0195855670188698,8420,FALSE
Pv2.1_11_29949573_A/T,Chr11,29949573,0.0195814230966596,8421,FALSE
Pv2.1_02_11948793_T/A,Chr02,11948793,0.0195808071779036,8422,FALSE
Pv2.1_06_20380304_C/G,Chr06,20380304,0.0195799312593867,8423,FALSE
Pv2.1_06_29294313_A/T,Chr06,29294313,0.0195795463352568,8424,FALSE
Pv2.1_11_31223788_T/C,Chr11,31223788,0.0195785189887596,8425,FALSE
Pv2.1_04_41740043_C/CT,Chr04,41740043,0.0195773410023734,8426,FALSE
Pv2.1_02_49597335_T/A,Chr02,49597335,0.0195693254341114,8427,FALSE
Pv2.1_07_21891993_C/T,Chr07,21891993,0.0195664803615427,8428,FALSE
Pv2.1_03_8197325_A/C,Chr03,8197325,0.0195645669625608,8429,FALSE
Pv2.1_11_5202088_G/GAT,Chr11,5202088,0.0195627887434391,8430,FALSE
Pv2.1_03_10831928_A/G,Chr03,10831928,0.0195620232186213,8431,FALSE
Pv2.1_06_14106839_G/T,Chr06,14106839,0.0195614726016751,8432,FALSE
Pv2.1_09_37951081_G/C,Chr09,37951081,0.0195561361416967,8433,FALSE
Pv2.1_08_6001374_C/T,Chr08,6001374,0.0195559741425799,8434,FALSE
Pv2.1_02_44584261_T/C,Chr02,44584261,0.0195555433907613,8435,FALSE
Pv2.1_05_5644525_C/T,Chr05,5644525,0.0195535836658478,8436,FALSE
Pv2.1_08_7910252_C/G,Chr08,7910252,0.0195528286351516,8437,FALSE
Pv2.1_11_44319450_G/A,Chr11,44319450,0.0195519783005604,8438,FALSE
Pv2.1_07_1074371_T/A,Chr07,1074371,0.019551222826439,8439,FALSE
Pv2.1_10_1416237_T/C,Chr10,1416237,0.0195480872324683,8440,FALSE
Pv2.1_09_14151413_A/G,Chr09,14151413,0.0195443093251417,8441,FALSE
Pv2.1_01_10141794_C/A,Chr01,10141794,0.0195371907849777,8442,FALSE
Pv2.1_07_410092_T/C,Chr07,410092,0.0195365316768239,8443,FALSE
Pv2.1_03_36379533_A/T,Chr03,36379533,0.0195356419147856,8444,FALSE
Pv2.1_10_41480212_C/T,Chr10,41480212,0.0195256117937195,8445,FALSE
Pv2.1_03_526330_T/C,Chr03,526330,0.0195177555931556,8446,FALSE
Pv2.1_09_13687583_C/T,Chr09,13687583,0.019517265707564,8447,FALSE
Pv2.1_08_62882623_C/CGAT,Chr08,62882623,0.0195171553629199,8448,FALSE
Pv2.1_01_45464124_C/G,Chr01,45464124,0.0195154980594223,8449,FALSE
Pv2.1_03_2631624_T/C,Chr03,2631624,0.0195125425452849,8450,FALSE
Pv2.1_09_36804723_T/C,Chr09,36804723,0.0195106549130561,8451,FALSE
Pv2.1_11_45292722_TG/T,Chr11,45292722,0.0195105764448678,8452,FALSE
Pv2.1_10_8099574_C/T,Chr10,8099574,0.0195105116475571,8453,FALSE
Pv2.1_06_20165764_G/C,Chr06,20165764,0.0195081251916704,8454,FALSE
Pv2.1_06_14596209_G/A,Chr06,14596209,0.019507718091329,8455,FALSE
Pv2.1_03_39413718_G/A,Chr03,39413718,0.0195059004177738,8456,FALSE
Pv2.1_04_11271937_T/A,Chr04,11271937,0.0195011870969251,8457,FALSE
Pv2.1_05_39463457_T/A,Chr05,39463457,0.0195005353586915,8458,FALSE
Pv2.1_05_39463474_A/C,Chr05,39463474,0.0195005353586915,8459,FALSE
Pv2.1_06_25366345_G/T,Chr06,25366345,0.0195004653122535,8460,FALSE
Pv2.1_04_5494500_G/A,Chr04,5494500,0.0194992914985299,8461,FALSE
Pv2.1_09_37752663_G/T,Chr09,37752663,0.0194943682658084,8462,FALSE
Pv2.1_07_3604417_G/T,Chr07,3604417,0.01949205608362,8463,FALSE
Pv2.1_07_3604437_T/G,Chr07,3604437,0.01949205608362,8464,FALSE
Pv2.1_11_51790471_A/G,Chr11,51790471,0.019490897169578,8465,FALSE
Pv2.1_04_45663952_T/G,Chr04,45663952,0.0194906875997773,8466,FALSE
Pv2.1_06_21794400_A/G,Chr06,21794400,0.0194872186378889,8467,FALSE
Pv2.1_08_60472043_G/T,Chr08,60472043,0.0194868534246919,8468,FALSE
Pv2.1_05_2734489_C/T,Chr05,2734489,0.0194867057476724,8469,FALSE
Pv2.1_11_2258614_G/C,Chr11,2258614,0.0194859650969308,8470,FALSE
Pv2.1_11_2258616_G/T,Chr11,2258616,0.0194859650969308,8471,FALSE
Pv2.1_11_53298322_G/A,Chr11,53298322,0.0194831443397696,8472,FALSE
Pv2.1_07_815109_C/A,Chr07,815109,0.0194813075250453,8473,FALSE
Pv2.1_10_42047225_C/T,Chr10,42047225,0.0194812594776952,8474,FALSE
Pv2.1_10_42047236_G/A,Chr10,42047236,0.0194812594776952,8475,FALSE
Pv2.1_09_35426313_T/G,Chr09,35426313,0.0194797708858867,8476,FALSE
Pv2.1_07_34462694_C/G,Chr07,34462694,0.0194782975594969,8477,FALSE
Pv2.1_01_10634328_T/A,Chr01,10634328,0.0194781263856481,8478,FALSE
Pv2.1_09_38190681_AT/A,Chr09,38190681,0.0194753176236926,8479,FALSE
Pv2.1_04_45451439_G/A,Chr04,45451439,0.0194717892909022,8480,FALSE
Pv2.1_11_29949648_C/T,Chr11,29949648,0.0194717350978681,8481,FALSE
Pv2.1_04_11111822_T/A,Chr04,11111822,0.0194708445683824,8482,FALSE
Pv2.1_07_6675983_C/G,Chr07,6675983,0.0194670957929044,8483,FALSE
Pv2.1_08_57637580_G/A,Chr08,57637580,0.0194658737282651,8484,FALSE
Pv2.1_05_7603386_A/T,Chr05,7603386,0.019463993957439,8485,FALSE
Pv2.1_07_39862128_A/T,Chr07,39862128,0.0194601607869545,8486,FALSE
Pv2.1_05_36225416_G/A,Chr05,36225416,0.0194597781756274,8487,FALSE
Pv2.1_05_36225444_C/T,Chr05,36225444,0.0194597781756274,8488,FALSE
Pv2.1_04_11161016_A/G,Chr04,11161016,0.0194583227398906,8489,FALSE
Pv2.1_02_46868334_G/A,Chr02,46868334,0.0194536225729318,8490,FALSE
Pv2.1_02_23134330_G/A,Chr02,23134330,0.0194491619044364,8491,FALSE
Pv2.1_01_54667_T/C,Chr01,54667,0.0194485889636828,8492,FALSE
Pv2.1_10_1411206_A/T,Chr10,1411206,0.0194483322015149,8493,FALSE
Pv2.1_01_51096113_G/T,Chr01,51096113,0.0194465572226314,8494,FALSE
Pv2.1_10_41198948_G/A,Chr10,41198948,0.0194462969993898,8495,FALSE
Pv2.1_08_1239637_T/A,Chr08,1239637,0.0194421048342588,8496,FALSE
Pv2.1_09_38219052_G/A,Chr09,38219052,0.0194419031652751,8497,FALSE
Pv2.1_08_52214475_G/C,Chr08,52214475,0.0194390907503572,8498,FALSE
Pv2.1_11_3437306_A/C,Chr11,3437306,0.0194367397209998,8499,FALSE
Pv2.1_01_49179710_C/T,Chr01,49179710,0.0194366131109871,8500,FALSE
Pv2.1_02_26791775_C/G,Chr02,26791775,0.0194350372620113,8501,FALSE
Pv2.1_11_31477434_G/A,Chr11,31477434,0.0194350029478465,8502,FALSE
Pv2.1_06_26488627_C/A,Chr06,26488627,0.0194296605980795,8503,FALSE
Pv2.1_08_62939403_C/G,Chr08,62939403,0.0194289382904911,8504,FALSE
Pv2.1_07_38207141_GAA/G,Chr07,38207141,0.0194288037737511,8505,FALSE
Pv2.1_07_729661_A/C,Chr07,729661,0.019427812816065,8506,FALSE
Pv2.1_08_59885601_A/C,Chr08,59885601,0.01942607633754,8507,FALSE
Pv2.1_03_40856601_G/T,Chr03,40856601,0.0194253447544379,8508,FALSE
Pv2.1_03_10608249_C/T,Chr03,10608249,0.0194224456624257,8509,FALSE
Pv2.1_05_3533483_G/A,Chr05,3533483,0.019421428356849,8510,FALSE
Pv2.1_11_50980660_C/G,Chr11,50980660,0.0194210027962196,8511,FALSE
Pv2.1_06_4863898_T/A,Chr06,4863898,0.0194204425007394,8512,FALSE
Pv2.1_05_40623106_G/A,Chr05,40623106,0.019418921100538,8513,FALSE
Pv2.1_08_62279357_A/T,Chr08,62279357,0.019418674947929,8514,FALSE
Pv2.1_08_60772866_G/A,Chr08,60772866,0.0194180793246295,8515,FALSE
Pv2.1_02_27591922_C/T,Chr02,27591922,0.0194178658350226,8516,FALSE
Pv2.1_03_2589938_A/G,Chr03,2589938,0.0194170805790175,8517,FALSE
Pv2.1_01_50856617_T/C,Chr01,50856617,0.0194170199770674,8518,FALSE
Pv2.1_07_4116712_G/A,Chr07,4116712,0.0194154860430995,8519,FALSE
Pv2.1_06_15620454_G/A,Chr06,15620454,0.0194152933902609,8520,FALSE
Pv2.1_03_52594817_G/T,Chr03,52594817,0.0194149157816428,8521,FALSE
Pv2.1_02_7673750_A/G,Chr02,7673750,0.0194144192066359,8522,FALSE
Pv2.1_02_13930721_GA/G,Chr02,13930721,0.0194101225066743,8523,FALSE
Pv2.1_10_3492590_T/C,Chr10,3492590,0.0194098232837869,8524,FALSE
Pv2.1_11_32258525_T/C,Chr11,32258525,0.0194094479398816,8525,FALSE
Pv2.1_02_2748831_TACAA/T,Chr02,2748831,0.0194089280668219,8526,FALSE
Pv2.1_06_26623069_C/T,Chr06,26623069,0.0194048622761187,8527,FALSE
Pv2.1_04_4560940_C/G,Chr04,4560940,0.0193984266639364,8528,FALSE
Pv2.1_07_23591815_T/G,Chr07,23591815,0.0193970470564908,8529,FALSE
Pv2.1_01_51186477_A/C,Chr01,51186477,0.0193961176771245,8530,FALSE
Pv2.1_11_4839613_C/T,Chr11,4839613,0.0193958146368982,8531,FALSE
Pv2.1_03_11273808_T/A,Chr03,11273808,0.0193919576352473,8532,FALSE
Pv2.1_02_26791776_A/C,Chr02,26791776,0.0193913178557379,8533,FALSE
Pv2.1_10_43376035_T/C,Chr10,43376035,0.0193910589063577,8534,FALSE
Pv2.1_07_3274062_T/C,Chr07,3274062,0.0193891644894899,8535,FALSE
Pv2.1_11_50483558_TA/T,Chr11,50483558,0.0193890216074148,8536,FALSE
Pv2.1_02_36853901_G/A,Chr02,36853901,0.0193876729052929,8537,FALSE
Pv2.1_11_3949979_A/T,Chr11,3949979,0.0193865660342247,8538,FALSE
Pv2.1_05_3533477_G/A,Chr05,3533477,0.0193825120817124,8539,FALSE
Pv2.1_07_37347864_T/G,Chr07,37347864,0.0193735779600259,8540,FALSE
Pv2.1_11_50569975_T/A,Chr11,50569975,0.0193719079849215,8541,FALSE
Pv2.1_01_2547800_G/A,Chr01,2547800,0.0193676029153371,8542,FALSE
Pv2.1_08_25347968_A/G,Chr08,25347968,0.0193675659034134,8543,FALSE
Pv2.1_03_11746224_ATAC/A,Chr03,11746224,0.0193660128912048,8544,FALSE
Pv2.1_03_11746225_TACTACTACTACTACT/ACCTACTACTACTACC,Chr03,11746225,0.0193660128912048,8545,FALSE
Pv2.1_04_9704101_C/T,Chr04,9704101,0.0193646493410031,8546,FALSE
Pv2.1_07_1018465_G/A,Chr07,1018465,0.0193610369396047,8547,FALSE
Pv2.1_07_1074333_C/CT,Chr07,1074333,0.0193610369396047,8548,FALSE
Pv2.1_11_49386062_T/G,Chr11,49386062,0.0193601842598081,8549,FALSE
Pv2.1_02_28152691_G/A,Chr02,28152691,0.0193583811942695,8550,FALSE
Pv2.1_08_7941216_C/T,Chr08,7941216,0.0193579575193117,8551,FALSE
Pv2.1_03_39816172_A/T,Chr03,39816172,0.0193539893085046,8552,FALSE
Pv2.1_06_27886310_G/A,Chr06,27886310,0.0193502651594555,8553,FALSE
Pv2.1_01_173994_T/G,Chr01,173994,0.019349890295504,8554,FALSE
Pv2.1_01_173993_A/G,Chr01,173993,0.0193498902955036,8555,FALSE
Pv2.1_09_13933890_G/A,Chr09,13933890,0.0193479208618306,8556,FALSE
Pv2.1_09_14755660_A/G,Chr09,14755660,0.0193464242730785,8557,FALSE
Pv2.1_09_22620828_T/G,Chr09,22620828,0.0193427994968243,8558,FALSE
Pv2.1_09_22620829_T/A,Chr09,22620829,0.0193364798525675,8559,FALSE
Pv2.1_04_47502110_A/G,Chr04,47502110,0.0193361172290696,8560,FALSE
Pv2.1_05_27002706_G/T,Chr05,27002706,0.0193339175040843,8561,FALSE
Pv2.1_05_27002707_A/T,Chr05,27002707,0.0193339175040843,8562,FALSE
Pv2.1_07_54390_A/ATG,Chr07,54390,0.0193310021867856,8563,FALSE
Pv2.1_08_11609526_C/T,Chr08,11609526,0.0193256031721893,8564,FALSE
Pv2.1_06_24103895_A/T,Chr06,24103895,0.0193248976636209,8565,FALSE
Pv2.1_02_29924438_C/T,Chr02,29924438,0.0193247028993309,8566,FALSE
Pv2.1_07_260832_G/T,Chr07,260832,0.0193233601232796,8567,FALSE
Pv2.1_01_14868068_A/G,Chr01,14868068,0.0193224292576466,8568,FALSE
Pv2.1_05_40403170_GGATTT/G,Chr05,40403170,0.0193206654984106,8569,FALSE
Pv2.1_08_60092759_G/A,Chr08,60092759,0.0193169005644416,8570,FALSE
Pv2.1_09_22620819_A/G,Chr09,22620819,0.0193148963975363,8571,FALSE
Pv2.1_06_25338815_T/A,Chr06,25338815,0.0193134057640001,8572,FALSE
Pv2.1_02_37748473_G/A,Chr02,37748473,0.0193117645075214,8573,FALSE
Pv2.1_07_32251056_A/G,Chr07,32251056,0.019311606309238,8574,FALSE
Pv2.1_01_13548191_G/A,Chr01,13548191,0.0193072894641588,8575,FALSE
Pv2.1_02_13603743_G/A,Chr02,13603743,0.0193065966629966,8576,FALSE
Pv2.1_08_60451159_C/T,Chr08,60451159,0.0193034590328631,8577,FALSE
Pv2.1_05_531396_C/A,Chr05,531396,0.0193029243869698,8578,FALSE
Pv2.1_08_32843412_G/A,Chr08,32843412,0.0192972197576853,8579,FALSE
Pv2.1_02_39973332_A/G,Chr02,39973332,0.0192931719910221,8580,FALSE
Pv2.1_01_4953325_G/A,Chr01,4953325,0.0192931505404146,8581,FALSE
Pv2.1_08_58417846_G/A,Chr08,58417846,0.0192903531567699,8582,FALSE
Pv2.1_07_6804142_CT/C,Chr07,6804142,0.0192893422643676,8583,FALSE
Pv2.1_01_17718463_G/T,Chr01,17718463,0.0192887873575756,8584,FALSE
Pv2.1_02_47726526_T/C,Chr02,47726526,0.019287787280879,8585,FALSE
Pv2.1_08_54033604_A/G,Chr08,54033604,0.019285712912684,8586,FALSE
Pv2.1_11_2270072_G/T,Chr11,2270072,0.0192826108780779,8587,FALSE
Pv2.1_05_4484860_C/A,Chr05,4484860,0.0192816291395781,8588,FALSE
Pv2.1_11_3949972_A/G,Chr11,3949972,0.0192815076958111,8589,FALSE
Pv2.1_03_430573_G/A,Chr03,430573,0.0192792025437174,8590,FALSE
Pv2.1_01_51135690_G/C,Chr01,51135690,0.0192760719301508,8591,FALSE
Pv2.1_04_44730769_C/T,Chr04,44730769,0.0192755623715764,8592,FALSE
Pv2.1_05_457114_G/T,Chr05,457114,0.0192748376440908,8593,FALSE
Pv2.1_07_4307230_G/T,Chr07,4307230,0.0192746822736969,8594,FALSE
Pv2.1_01_2192049_A/T,Chr01,2192049,0.0192729656368531,8595,FALSE
Pv2.1_08_24415424_C/CAG,Chr08,24415424,0.0192710805167144,8596,FALSE
Pv2.1_10_41561643_G/A,Chr10,41561643,0.0192686554631254,8597,FALSE
Pv2.1_07_35801194_G/T,Chr07,35801194,0.0192686166678011,8598,FALSE
Pv2.1_02_480130_G/A,Chr02,480130,0.0192684371284257,8599,FALSE
Pv2.1_07_97948_G/C,Chr07,97948,0.0192651338367815,8600,FALSE
Pv2.1_07_38986900_G/A,Chr07,38986900,0.0192641691716959,8601,FALSE
Pv2.1_05_17700293_G/T,Chr05,17700293,0.0192639596564597,8602,FALSE
Pv2.1_01_2525604_A/G,Chr01,2525604,0.0192624919499145,8603,FALSE
Pv2.1_07_266543_T/A,Chr07,266543,0.0192615014285042,8604,FALSE
Pv2.1_01_1100329_A/T,Chr01,1100329,0.0192614666546804,8605,FALSE
Pv2.1_02_14908952_C/T,Chr02,14908952,0.0192591616836384,8606,FALSE
Pv2.1_05_2740243_G/A,Chr05,2740243,0.0192557515289984,8607,FALSE
Pv2.1_08_18840395_C/G,Chr08,18840395,0.0192541604449499,8608,FALSE
Pv2.1_03_77712_T/A,Chr03,77712,0.0192531491408041,8609,FALSE
Pv2.1_09_22466401_T/C,Chr09,22466401,0.0192443846954853,8610,FALSE
Pv2.1_10_38731477_A/G,Chr10,38731477,0.0192440390113431,8611,FALSE
Pv2.1_07_38038554_T/C,Chr07,38038554,0.0192423437197351,8612,FALSE
Pv2.1_07_4150044_A/G,Chr07,4150044,0.0192352493024641,8613,FALSE
Pv2.1_04_4342353_T/C,Chr04,4342353,0.0192335896022353,8614,FALSE
Pv2.1_04_11056968_G/T,Chr04,11056968,0.019231842515393,8615,FALSE
Pv2.1_06_28153117_G/A,Chr06,28153117,0.0192277205655018,8616,FALSE
Pv2.1_08_555099_T/A,Chr08,555099,0.0192239154567235,8617,FALSE
Pv2.1_07_729655_C/CAA,Chr07,729655,0.0192222272736871,8618,FALSE
Pv2.1_08_62807730_A/C,Chr08,62807730,0.0192214078888666,8619,FALSE
Pv2.1_11_3963748_C/T,Chr11,3963748,0.0192200584279929,8620,FALSE
Pv2.1_03_3700411_GAGCAAC/G,Chr03,3700411,0.019216269274823,8621,FALSE
Pv2.1_08_8233488_T/C,Chr08,8233488,0.0192108628692935,8622,FALSE
Pv2.1_02_2445036_G/C,Chr02,2445036,0.0192099992458563,8623,FALSE
Pv2.1_02_2445077_A/G,Chr02,2445077,0.0192099992458563,8624,FALSE
Pv2.1_10_3015761_G/T,Chr10,3015761,0.0192073145843246,8625,FALSE
Pv2.1_10_42836762_T/G,Chr10,42836762,0.0192057767088709,8626,FALSE
Pv2.1_08_1572515_T/A,Chr08,1572515,0.0192038283280711,8627,FALSE
Pv2.1_02_49565917_TC/T,Chr02,49565917,0.0191967817046304,8628,FALSE
Pv2.1_07_39566060_T/A,Chr07,39566060,0.0191932813113294,8629,FALSE
Pv2.1_03_12555614_G/C,Chr03,12555614,0.0191902262328734,8630,FALSE
Pv2.1_02_48736237_G/A,Chr02,48736237,0.0191892601798798,8631,FALSE
Pv2.1_10_42277946_G/A,Chr10,42277946,0.0191883349004525,8632,FALSE
Pv2.1_08_58990898_C/A,Chr08,58990898,0.0191791925550708,8633,FALSE
Pv2.1_08_58990898_C/T,Chr08,58990898,0.0191791925550708,8634,FALSE
Pv2.1_11_22670278_C/G,Chr11,22670278,0.0191753447090037,8635,FALSE
Pv2.1_03_42944158_A/T,Chr03,42944158,0.0191748307888604,8636,FALSE
Pv2.1_03_430593_C/T,Chr03,430593,0.0191741433120058,8637,FALSE
Pv2.1_04_47087177_T/C,Chr04,47087177,0.0191738826693828,8638,FALSE
Pv2.1_01_41889927_AT/A,Chr01,41889927,0.019166816421941,8639,FALSE
Pv2.1_08_58012956_G/A,Chr08,58012956,0.0191639145620748,8640,FALSE
Pv2.1_08_58012987_G/A,Chr08,58012987,0.0191639145620748,8641,FALSE
Pv2.1_07_425424_A/T,Chr07,425424,0.0191590969983628,8642,FALSE
Pv2.1_06_29458485_T/TA,Chr06,29458485,0.0191572412453747,8643,FALSE
Pv2.1_07_33533080_G/A,Chr07,33533080,0.0191565897633783,8644,FALSE
Pv2.1_03_2587625_A/T,Chr03,2587625,0.0191555345716319,8645,FALSE
Pv2.1_03_547672_C/G,Chr03,547672,0.0191523667365123,8646,FALSE
Pv2.1_07_38135418_A/G,Chr07,38135418,0.0191522025761075,8647,FALSE
Pv2.1_07_631046_C/A,Chr07,631046,0.0191520011769013,8648,FALSE
Pv2.1_01_42449486_C/A,Chr01,42449486,0.0191512340648061,8649,FALSE
Pv2.1_02_37058054_G/T,Chr02,37058054,0.0191475246687407,8650,FALSE
Pv2.1_07_133868_C/A,Chr07,133868,0.0191460359927711,8651,FALSE
Pv2.1_03_526317_T/C,Chr03,526317,0.0191424792591928,8652,FALSE
Pv2.1_11_45614834_C/T,Chr11,45614834,0.0191394814519494,8653,FALSE
Pv2.1_04_1919818_C/A,Chr04,1919818,0.0191367181725433,8654,FALSE
Pv2.1_07_23958832_T/C,Chr07,23958832,0.0191336681314231,8655,FALSE
Pv2.1_08_61397426_C/A,Chr08,61397426,0.0191332388679855,8656,FALSE
Pv2.1_09_36912590_T/A,Chr09,36912590,0.0191307854773055,8657,FALSE
Pv2.1_05_4487238_G/T,Chr05,4487238,0.0191272648461633,8658,FALSE
Pv2.1_05_4487242_C/T,Chr05,4487242,0.0191272648461633,8659,FALSE
Pv2.1_10_43028614_T/A,Chr10,43028614,0.0191269873276401,8660,FALSE
Pv2.1_08_56104841_A/G,Chr08,56104841,0.0191200264282259,8661,FALSE
Pv2.1_06_30145125_C/A,Chr06,30145125,0.0191172967280444,8662,FALSE
Pv2.1_03_36338345_C/T,Chr03,36338345,0.019114589658801,8663,FALSE
Pv2.1_08_62838550_T/C,Chr08,62838550,0.0191133004011155,8664,FALSE
Pv2.1_02_28238364_C/T,Chr02,28238364,0.0191119719908324,8665,FALSE
Pv2.1_06_8131138_G/A,Chr06,8131138,0.0191050499834433,8666,FALSE
Pv2.1_02_44599153_T/A,Chr02,44599153,0.0191032827452462,8667,FALSE
Pv2.1_01_43071761_T/C,Chr01,43071761,0.0190948614640272,8668,FALSE
Pv2.1_07_4130821_T/C,Chr07,4130821,0.0190941164162002,8669,FALSE
Pv2.1_11_2258625_A/G,Chr11,2258625,0.019091261741218,8670,FALSE
Pv2.1_02_49605133_T/C,Chr02,49605133,0.0190901933324263,8671,FALSE
Pv2.1_09_28826779_C/A,Chr09,28826779,0.0190852076317571,8672,FALSE
Pv2.1_09_28879598_T/C,Chr09,28879598,0.019082395663562,8673,FALSE
Pv2.1_02_2413468_G/T,Chr02,2413468,0.0190790536123178,8674,FALSE
Pv2.1_01_6732090_A/ACCT,Chr01,6732090,0.0190778633420283,8675,FALSE
Pv2.1_02_7838343_A/T,Chr02,7838343,0.0190777995157307,8676,FALSE
Pv2.1_03_430616_C/T,Chr03,430616,0.0190763267830563,8677,FALSE
Pv2.1_08_60714982_A/T,Chr08,60714982,0.0190685582503458,8678,FALSE
Pv2.1_06_15566509_G/C,Chr06,15566509,0.019068429869169,8679,FALSE
Pv2.1_10_43376077_C/A,Chr10,43376077,0.0190667536657809,8680,FALSE
Pv2.1_04_146620_A/G,Chr04,146620,0.0190651157165256,8681,FALSE
Pv2.1_06_18407849_T/C,Chr06,18407849,0.0190648749455047,8682,FALSE
Pv2.1_06_26623052_G/A,Chr06,26623052,0.0190648138161529,8683,FALSE
Pv2.1_06_26623073_A/C,Chr06,26623073,0.0190648138161529,8684,FALSE
Pv2.1_11_51908842_T/C,Chr11,51908842,0.0190647622821478,8685,FALSE
Pv2.1_07_36696358_G/A,Chr07,36696358,0.0190632377789814,8686,FALSE
Pv2.1_11_50483562_C/A,Chr11,50483562,0.0190619084525343,8687,FALSE
Pv2.1_06_28241366_A/G,Chr06,28241366,0.0190609051230219,8688,FALSE
Pv2.1_07_35902191_G/T,Chr07,35902191,0.0190589867549358,8689,FALSE
Pv2.1_03_52865100_T/A,Chr03,52865100,0.0190583291492556,8690,FALSE
Pv2.1_06_28226319_A/G,Chr06,28226319,0.0190580600712265,8691,FALSE
Pv2.1_01_2174080_A/G,Chr01,2174080,0.0190565504527007,8692,FALSE
Pv2.1_07_1016179_G/C,Chr07,1016179,0.01905643867735,8693,FALSE
Pv2.1_04_45975321_G/A,Chr04,45975321,0.0190557525634536,8694,FALSE
Pv2.1_08_1435128_G/T,Chr08,1435128,0.0190525935222756,8695,FALSE
Pv2.1_05_39564087_T/C,Chr05,39564087,0.0190495071886767,8696,FALSE
Pv2.1_04_47227169_G/A,Chr04,47227169,0.019047439587546,8697,FALSE
Pv2.1_08_62188136_A/G,Chr08,62188136,0.0190458356337624,8698,FALSE
Pv2.1_08_62188149_A/G,Chr08,62188149,0.0190458356337624,8699,FALSE
Pv2.1_04_533988_T/A,Chr04,533988,0.0190431565258287,8700,FALSE
Pv2.1_04_22011675_G/T,Chr04,22011675,0.0190418891229909,8701,FALSE
Pv2.1_02_518646_C/T,Chr02,518646,0.0190413347456384,8702,FALSE
Pv2.1_02_518649_T/C,Chr02,518649,0.0190413347456384,8703,FALSE
Pv2.1_10_42780613_C/T,Chr10,42780613,0.0190406880635354,8704,FALSE
Pv2.1_07_3313655_A/G,Chr07,3313655,0.0190405798597713,8705,FALSE
Pv2.1_07_3313706_C/T,Chr07,3313706,0.0190405798597713,8706,FALSE
Pv2.1_07_28534189_T/TG,Chr07,28534189,0.0190370078050739,8707,FALSE
Pv2.1_10_43183512_A/G,Chr10,43183512,0.0190288062307973,8708,FALSE
Pv2.1_06_25448879_G/A,Chr06,25448879,0.0190263001476447,8709,FALSE
Pv2.1_08_59885646_G/A,Chr08,59885646,0.0190252654906358,8710,FALSE
Pv2.1_02_48545931_T/C,Chr02,48545931,0.019024222670994,8711,FALSE
Pv2.1_07_9326886_G/A,Chr07,9326886,0.0190199606936528,8712,FALSE
Pv2.1_08_30382506_C/T,Chr08,30382506,0.0190182549569289,8713,FALSE
Pv2.1_09_10497049_T/TTCA,Chr09,10497049,0.0190149828508601,8714,FALSE
Pv2.1_03_2915813_C/T,Chr03,2915813,0.0190121003607753,8715,FALSE
Pv2.1_08_62941326_T/C,Chr08,62941326,0.0190084726709197,8716,FALSE
Pv2.1_04_45053900_GGT/G,Chr04,45053900,0.0190079189713996,8717,FALSE
Pv2.1_02_13367848_AAC/A,Chr02,13367848,0.0190064743206544,8718,FALSE
Pv2.1_11_29949147_T/C,Chr11,29949147,0.0190043480233335,8719,FALSE
Pv2.1_11_924273_T/G,Chr11,924273,0.0189997403892113,8720,FALSE
Pv2.1_08_6676412_C/A,Chr08,6676412,0.0189989699076589,8721,FALSE
Pv2.1_08_61685123_A/T,Chr08,61685123,0.0189977393079031,8722,FALSE
Pv2.1_02_47302339_C/G,Chr02,47302339,0.0189959423173356,8723,FALSE
Pv2.1_03_1152044_G/T,Chr03,1152044,0.0189956461999952,8724,FALSE
Pv2.1_11_1562093_G/A,Chr11,1562093,0.0189909978250729,8725,FALSE
Pv2.1_10_40634105_C/T,Chr10,40634105,0.0189852912533923,8726,FALSE
Pv2.1_01_10145279_A/G,Chr01,10145279,0.0189848678350817,8727,FALSE
Pv2.1_07_39289776_G/A,Chr07,39289776,0.0189793338853654,8728,FALSE
Pv2.1_01_1105092_C/CT,Chr01,1105092,0.0189764115344215,8729,FALSE
Pv2.1_05_37924650_G/A,Chr05,37924650,0.0189751313784661,8730,FALSE
Pv2.1_08_16673099_T/C,Chr08,16673099,0.0189741165829633,8731,FALSE
Pv2.1_06_19002812_G/A,Chr06,19002812,0.0189735039018548,8732,FALSE
Pv2.1_11_2930615_A/G,Chr11,2930615,0.0189723143927214,8733,FALSE
Pv2.1_07_33348336_C/T,Chr07,33348336,0.0189706077279324,8734,FALSE
Pv2.1_08_60329878_T/G,Chr08,60329878,0.0189705126403354,8735,FALSE
Pv2.1_08_3231791_G/C,Chr08,3231791,0.0189673981952554,8736,FALSE
Pv2.1_02_11891545_C/T,Chr02,11891545,0.0189660103320461,8737,FALSE
Pv2.1_10_41264862_T/C,Chr10,41264862,0.0189652328964618,8738,FALSE
Pv2.1_06_25448882_C/T,Chr06,25448882,0.0189650471802372,8739,FALSE
Pv2.1_11_45992431_AG/A,Chr11,45992431,0.0189643276528839,8740,FALSE
Pv2.1_08_23156196_G/A,Chr08,23156196,0.0189589475492782,8741,FALSE
Pv2.1_08_62941390_T/G,Chr08,62941390,0.0189576271783456,8742,FALSE
Pv2.1_08_43861930_T/C,Chr08,43861930,0.0189571198897389,8743,FALSE
Pv2.1_01_6502326_C/CA,Chr01,6502326,0.0189557103016016,8744,FALSE
Pv2.1_01_5474208_C/T,Chr01,5474208,0.0189549686821393,8745,FALSE
Pv2.1_09_33318782_A/AAAG,Chr09,33318782,0.0189546055095593,8746,FALSE
Pv2.1_10_24098799_A/G,Chr10,24098799,0.0189536777877546,8747,FALSE
Pv2.1_02_35816666_G/C,Chr02,35816666,0.0189477234696689,8748,FALSE
Pv2.1_07_28580352_C/A,Chr07,28580352,0.0189463722486942,8749,FALSE
Pv2.1_08_10772172_C/T,Chr08,10772172,0.0189452302982787,8750,FALSE
Pv2.1_05_36225390_C/A,Chr05,36225390,0.0189439692101745,8751,FALSE
Pv2.1_05_36225413_T/C,Chr05,36225413,0.0189439692101745,8752,FALSE
Pv2.1_04_9626833_C/A,Chr04,9626833,0.0189425376351586,8753,FALSE
Pv2.1_08_34491233_A/C,Chr08,34491233,0.0189400777003921,8754,FALSE
Pv2.1_04_7949850_G/A,Chr04,7949850,0.0189390186984975,8755,FALSE
Pv2.1_07_34260362_G/GT,Chr07,34260362,0.018933086791995,8756,FALSE
Pv2.1_03_36378802_A/G,Chr03,36378802,0.0189314112308319,8757,FALSE
Pv2.1_06_19549529_A/C,Chr06,19549529,0.0189266560914079,8758,FALSE
Pv2.1_04_45524057_C/T,Chr04,45524057,0.018924185529464,8759,FALSE
Pv2.1_10_41561580_C/T,Chr10,41561580,0.0189233784400837,8760,FALSE
Pv2.1_05_39562662_G/A,Chr05,39562662,0.0189223966034526,8761,FALSE
Pv2.1_04_4915887_G/A,Chr04,4915887,0.0189214290888415,8762,FALSE
Pv2.1_01_5385933_G/A,Chr01,5385933,0.0189179942575932,8763,FALSE
Pv2.1_06_25448884_G/A,Chr06,25448884,0.0189170118189526,8764,FALSE
Pv2.1_06_21359438_C/T,Chr06,21359438,0.0189126354810498,8765,FALSE
Pv2.1_05_402774_G/A,Chr05,402774,0.0189113659575204,8766,FALSE
Pv2.1_11_44318582_A/G,Chr11,44318582,0.0189071241555734,8767,FALSE
Pv2.1_02_49587954_C/T,Chr02,49587954,0.0189047855568489,8768,FALSE
Pv2.1_11_52611026_A/G,Chr11,52611026,0.0189044784210042,8769,FALSE
Pv2.1_01_51074418_C/T,Chr01,51074418,0.0188996235943013,8770,FALSE
Pv2.1_08_60360153_T/A,Chr08,60360153,0.0188975161814198,8771,FALSE
Pv2.1_08_60360154_T/A,Chr08,60360154,0.0188975161814198,8772,FALSE
Pv2.1_08_60360158_T/C,Chr08,60360158,0.0188975161814198,8773,FALSE
Pv2.1_03_45906_C/T,Chr03,45906,0.0188866069996698,8774,FALSE
Pv2.1_04_8072138_C/T,Chr04,8072138,0.0188842979343091,8775,FALSE
Pv2.1_11_4544442_A/G,Chr11,4544442,0.0188807674215923,8776,FALSE
Pv2.1_08_61671483_C/T,Chr08,61671483,0.0188789836988099,8777,FALSE
Pv2.1_11_53369410_A/C,Chr11,53369410,0.0188769286046777,8778,FALSE
Pv2.1_06_18192830_A/T,Chr06,18192830,0.0188744745827352,8779,FALSE
Pv2.1_02_28336253_G/A,Chr02,28336253,0.018874472198652,8780,FALSE
Pv2.1_02_23288558_T/A,Chr02,23288558,0.0188744420697553,8781,FALSE
Pv2.1_02_35455632_T/TA,Chr02,35455632,0.0188585085226052,8782,FALSE
Pv2.1_01_4952318_A/T,Chr01,4952318,0.0188504624523631,8783,FALSE
Pv2.1_06_24149179_G/A,Chr06,24149179,0.0188483747740489,8784,FALSE
Pv2.1_01_46498415_T/G,Chr01,46498415,0.0188408206195065,8785,FALSE
Pv2.1_09_12158180_G/A,Chr09,12158180,0.0188405198251971,8786,FALSE
Pv2.1_08_62212438_C/G,Chr08,62212438,0.0188369430939588,8787,FALSE
Pv2.1_01_35997897_G/A,Chr01,35997897,0.0188354789411154,8788,FALSE
Pv2.1_06_14042574_A/G,Chr06,14042574,0.0188315103520562,8789,FALSE
Pv2.1_04_10801613_G/A,Chr04,10801613,0.0188287796240201,8790,FALSE
Pv2.1_02_1562168_A/ATT,Chr02,1562168,0.018828710613628,8791,FALSE
Pv2.1_03_12261097_G/A,Chr03,12261097,0.0188286360764796,8792,FALSE
Pv2.1_02_37614378_A/T,Chr02,37614378,0.0188263052068796,8793,FALSE
Pv2.1_09_22410778_T/C,Chr09,22410778,0.0188232982057812,8794,FALSE
Pv2.1_01_1963027_C/T,Chr01,1963027,0.0188226501632665,8795,FALSE
Pv2.1_08_60485983_G/T,Chr08,60485983,0.0188224358888238,8796,FALSE
Pv2.1_11_4521983_C/T,Chr11,4521983,0.0188217463843472,8797,FALSE
Pv2.1_03_2580128_G/A,Chr03,2580128,0.0188212382329422,8798,FALSE
Pv2.1_05_39317632_C/G,Chr05,39317632,0.0188180904701798,8799,FALSE
Pv2.1_09_34957791_GGGA/G,Chr09,34957791,0.0188158354829873,8800,FALSE
Pv2.1_02_49597334_C/T,Chr02,49597334,0.0188150553630275,8801,FALSE
Pv2.1_03_45753078_C/T,Chr03,45753078,0.0188144578733009,8802,FALSE
Pv2.1_08_53665748_C/T,Chr08,53665748,0.018813801149808,8803,FALSE
Pv2.1_05_1415902_CT/C,Chr05,1415902,0.0188133700889441,8804,FALSE
Pv2.1_11_1382000_C/A,Chr11,1382000,0.0188114055880244,8805,FALSE
Pv2.1_05_4918253_T/A,Chr05,4918253,0.0188099799366093,8806,FALSE
Pv2.1_06_12141119_C/T,Chr06,12141119,0.0188080446736461,8807,FALSE
Pv2.1_11_51692228_ATGT/A,Chr11,51692228,0.0188056488996469,8808,FALSE
Pv2.1_10_42429609_G/A,Chr10,42429609,0.0188040675090089,8809,FALSE
Pv2.1_10_42429627_T/C,Chr10,42429627,0.0188040675090089,8810,FALSE
Pv2.1_02_30011596_T/G,Chr02,30011596,0.0188031991231119,8811,FALSE
Pv2.1_11_53107257_T/C,Chr11,53107257,0.0188031738757641,8812,FALSE
Pv2.1_11_53107260_C/T,Chr11,53107260,0.0188031738757641,8813,FALSE
Pv2.1_08_63018299_C/T,Chr08,63018299,0.0187968177125857,8814,FALSE
Pv2.1_08_62753875_A/G,Chr08,62753875,0.018794640237576,8815,FALSE
Pv2.1_07_39214698_C/T,Chr07,39214698,0.0187945698746042,8816,FALSE
Pv2.1_08_7729680_G/A,Chr08,7729680,0.0187941934831688,8817,FALSE
Pv2.1_10_6165332_G/C,Chr10,6165332,0.0187933808343326,8818,FALSE
Pv2.1_02_7655038_C/G,Chr02,7655038,0.0187922481332916,8819,FALSE
Pv2.1_04_47117723_G/C,Chr04,47117723,0.018791275479642,8820,FALSE
Pv2.1_06_28097688_A/G,Chr06,28097688,0.0187905601435769,8821,FALSE
Pv2.1_02_28037789_A/G,Chr02,28037789,0.0187846457917771,8822,FALSE
Pv2.1_07_61264_C/A,Chr07,61264,0.018783928058772,8823,FALSE
Pv2.1_01_3370933_A/T,Chr01,3370933,0.0187833199944731,8824,FALSE
Pv2.1_07_39360899_A/G,Chr07,39360899,0.0187797940583208,8825,FALSE
Pv2.1_05_27002662_T/A,Chr05,27002662,0.0187791404738276,8826,FALSE
Pv2.1_09_38235040_G/T,Chr09,38235040,0.0187764296779762,8827,FALSE
Pv2.1_11_50569982_T/G,Chr11,50569982,0.0187743071145787,8828,FALSE
Pv2.1_08_60360014_G/A,Chr08,60360014,0.0187724595576366,8829,FALSE
Pv2.1_04_45494567_G/T,Chr04,45494567,0.0187718159726091,8830,FALSE
Pv2.1_01_929956_C/A,Chr01,929956,0.0187712593317624,8831,FALSE
Pv2.1_10_41487546_G/A,Chr10,41487546,0.0187704257733636,8832,FALSE
Pv2.1_08_60779846_G/A,Chr08,60779846,0.0187698941282775,8833,FALSE
Pv2.1_11_51692447_T/C,Chr11,51692447,0.0187687852272886,8834,FALSE
Pv2.1_03_10176290_G/T,Chr03,10176290,0.0187683041157314,8835,FALSE
Pv2.1_03_10176291_T/C,Chr03,10176291,0.0187683041157314,8836,FALSE
Pv2.1_11_53133746_C/T,Chr11,53133746,0.0187633182382227,8837,FALSE
Pv2.1_04_45670658_T/A,Chr04,45670658,0.0187621716450934,8838,FALSE
Pv2.1_08_62957026_T/C,Chr08,62957026,0.0187620390356291,8839,FALSE
Pv2.1_08_61089243_T/C,Chr08,61089243,0.0187605814964504,8840,FALSE
Pv2.1_06_25448849_A/G,Chr06,25448849,0.018755800614803,8841,FALSE
Pv2.1_02_40029752_G/T,Chr02,40029752,0.0187525926033008,8842,FALSE
Pv2.1_01_960400_A/G,Chr01,960400,0.0187502750501176,8843,FALSE
Pv2.1_04_46995371_CA/C,Chr04,46995371,0.0187477486712861,8844,FALSE
Pv2.1_05_16313193_T/TTTC,Chr05,16313193,0.0187470521437301,8845,FALSE
Pv2.1_07_6676002_C/A,Chr07,6676002,0.0187466870452111,8846,FALSE
Pv2.1_09_22540037_A/G,Chr09,22540037,0.0187430656529557,8847,FALSE
Pv2.1_09_22540049_A/G,Chr09,22540049,0.0187430656529557,8848,FALSE
Pv2.1_04_4560535_G/A,Chr04,4560535,0.0187416806450189,8849,FALSE
Pv2.1_10_2310047_A/T,Chr10,2310047,0.0187377455584867,8850,FALSE
Pv2.1_11_31477371_C/A,Chr11,31477371,0.0187360501521572,8851,FALSE
Pv2.1_09_7815436_G/T,Chr09,7815436,0.0187325981123476,8852,FALSE
Pv2.1_10_6210614_C/T,Chr10,6210614,0.0187313284986619,8853,FALSE
Pv2.1_10_17672330_A/T,Chr10,17672330,0.0187179894466549,8854,FALSE
Pv2.1_03_53030259_C/T,Chr03,53030259,0.0187140498553795,8855,FALSE
Pv2.1_02_38587849_C/G,Chr02,38587849,0.018711745973913,8856,FALSE
Pv2.1_08_9390776_A/T,Chr08,9390776,0.018709115156847,8857,FALSE
Pv2.1_02_44546905_C/T,Chr02,44546905,0.0187064280661819,8858,FALSE
Pv2.1_04_14160107_A/T,Chr04,14160107,0.0187053692662844,8859,FALSE
Pv2.1_01_11547743_A/C,Chr01,11547743,0.0187025302796284,8860,FALSE
Pv2.1_11_2596573_A/C,Chr11,2596573,0.0187019983819994,8861,FALSE
Pv2.1_10_2921025_G/T,Chr10,2921025,0.0187019478801651,8862,FALSE
Pv2.1_07_28402630_T/G,Chr07,28402630,0.0186988017387475,8863,FALSE
Pv2.1_08_62838551_T/G,Chr08,62838551,0.0186984612242598,8864,FALSE
Pv2.1_08_62838552_G/A,Chr08,62838552,0.0186984612242598,8865,FALSE
Pv2.1_05_120835_G/A,Chr05,120835,0.018696665364454,8866,FALSE
Pv2.1_04_41777236_T/C,Chr04,41777236,0.0186963789577925,8867,FALSE
Pv2.1_06_15752293_G/T,Chr06,15752293,0.0186950542228272,8868,FALSE
Pv2.1_06_15752294_C/T,Chr06,15752294,0.0186950542228272,8869,FALSE
Pv2.1_09_14586028_T/C,Chr09,14586028,0.0186946676924062,8870,FALSE
Pv2.1_08_5097810_ATT/A,Chr08,5097810,0.0186938141457005,8871,FALSE
Pv2.1_08_5097826_C/A,Chr08,5097826,0.0186938141457005,8872,FALSE
Pv2.1_11_52413183_T/G,Chr11,52413183,0.0186936760139704,8873,FALSE
Pv2.1_01_51096079_G/A,Chr01,51096079,0.0186905887833384,8874,FALSE
Pv2.1_01_49182006_G/T,Chr01,49182006,0.0186902235695339,8875,FALSE
Pv2.1_01_49182043_T/G,Chr01,49182043,0.0186902235695339,8876,FALSE
Pv2.1_04_146665_A/T,Chr04,146665,0.0186899697488943,8877,FALSE
Pv2.1_04_2319309_A/C,Chr04,2319309,0.0186884458770882,8878,FALSE
Pv2.1_08_20680510_G/A,Chr08,20680510,0.018687984070437,8879,FALSE
Pv2.1_03_49777966_G/A,Chr03,49777966,0.0186814539140476,8880,FALSE
Pv2.1_08_42101540_A/C,Chr08,42101540,0.0186781365068742,8881,FALSE
Pv2.1_11_49598895_T/C,Chr11,49598895,0.0186758152610014,8882,FALSE
Pv2.1_07_21378878_G/C,Chr07,21378878,0.0186747196558632,8883,FALSE
Pv2.1_06_28242582_T/A,Chr06,28242582,0.0186717552402262,8884,FALSE
Pv2.1_10_41562110_A/G,Chr10,41562110,0.0186689858165399,8885,FALSE
Pv2.1_11_52318151_A/G,Chr11,52318151,0.0186689528344774,8886,FALSE
Pv2.1_02_28134513_C/T,Chr02,28134513,0.0186682585731908,8887,FALSE
Pv2.1_05_7603186_T/A,Chr05,7603186,0.0186675210542093,8888,FALSE
Pv2.1_07_30461064_C/T,Chr07,30461064,0.0186654030574802,8889,FALSE
Pv2.1_03_12212793_C/T,Chr03,12212793,0.0186634229094036,8890,FALSE
Pv2.1_09_23322833_T/C,Chr09,23322833,0.0186628504861073,8891,FALSE
Pv2.1_10_42767298_GA/G,Chr10,42767298,0.0186586164181017,8892,FALSE
Pv2.1_08_1709733_C/G,Chr08,1709733,0.0186564510588809,8893,FALSE
Pv2.1_07_26595583_G/A,Chr07,26595583,0.0186504607522444,8894,FALSE
Pv2.1_11_967227_T/C,Chr11,967227,0.0186499413507111,8895,FALSE
Pv2.1_03_11992774_A/C,Chr03,11992774,0.0186498667446551,8896,FALSE
Pv2.1_07_6732578_T/C,Chr07,6732578,0.0186479587648529,8897,FALSE
Pv2.1_03_10875635_T/C,Chr03,10875635,0.0186448795467458,8898,FALSE
Pv2.1_08_43130117_G/T,Chr08,43130117,0.0186401251879045,8899,FALSE
Pv2.1_04_47686798_A/G,Chr04,47686798,0.0186400661904114,8900,FALSE
Pv2.1_06_15409139_C/T,Chr06,15409139,0.0186344464791861,8901,FALSE
Pv2.1_11_51322320_C/T,Chr11,51322320,0.0186296525901764,8902,FALSE
Pv2.1_03_8860025_A/T,Chr03,8860025,0.0186289295853701,8903,FALSE
Pv2.1_11_50437043_A/G,Chr11,50437043,0.0186285103910664,8904,FALSE
Pv2.1_08_27345378_G/T,Chr08,27345378,0.0186274114135374,8905,FALSE
Pv2.1_08_62787592_T/C,Chr08,62787592,0.0186259077869457,8906,FALSE
Pv2.1_03_2006121_A/G,Chr03,2006121,0.0186258901421108,8907,FALSE
Pv2.1_08_555135_A/T,Chr08,555135,0.0186245826652245,8908,FALSE
Pv2.1_03_430695_T/A,Chr03,430695,0.0186221894819827,8909,FALSE
Pv2.1_01_1441903_G/C,Chr01,1441903,0.0186221330230723,8910,FALSE
Pv2.1_02_26791801_A/T,Chr02,26791801,0.0186195391118567,8911,FALSE
Pv2.1_04_4915848_G/A,Chr04,4915848,0.0186183737021381,8912,FALSE
Pv2.1_02_44545144_A/T,Chr02,44545144,0.018618173554259,8913,FALSE
Pv2.1_05_40656502_C/T,Chr05,40656502,0.0186161908425637,8914,FALSE
Pv2.1_03_812357_A/G,Chr03,812357,0.0186151495305111,8915,FALSE
Pv2.1_08_511532_C/T,Chr08,511532,0.018609732348958,8916,FALSE
Pv2.1_11_3921569_C/A,Chr11,3921569,0.0186065621134857,8917,FALSE
Pv2.1_08_7211281_T/C,Chr08,7211281,0.0186050444148851,8918,FALSE
Pv2.1_06_28241345_C/A,Chr06,28241345,0.018602815469412,8919,FALSE
Pv2.1_10_42700811_A/AATTT,Chr10,42700811,0.0186022460701079,8920,FALSE
Pv2.1_02_26070636_G/C,Chr02,26070636,0.0186017904951914,8921,FALSE
Pv2.1_08_61399344_C/T,Chr08,61399344,0.0186000684608221,8922,FALSE
Pv2.1_08_61399347_C/T,Chr08,61399347,0.0186000684608221,8923,FALSE
Pv2.1_11_51713937_T/A,Chr11,51713937,0.018596599809642,8924,FALSE
Pv2.1_04_55665_T/A,Chr04,55665,0.0185965473357688,8925,FALSE
Pv2.1_08_61589704_G/C,Chr08,61589704,0.0185911249747193,8926,FALSE
Pv2.1_11_917446_G/A,Chr11,917446,0.0185844296509474,8927,FALSE
Pv2.1_04_11998940_C/A,Chr04,11998940,0.0185823113438603,8928,FALSE
Pv2.1_06_18933456_G/A,Chr06,18933456,0.0185819127720923,8929,FALSE
Pv2.1_11_2097825_G/A,Chr11,2097825,0.0185810544848386,8930,FALSE
Pv2.1_02_23139187_A/G,Chr02,23139187,0.0185792600591146,8931,FALSE
Pv2.1_05_16802744_A/G,Chr05,16802744,0.018571454930735,8932,FALSE
Pv2.1_07_39271433_T/A,Chr07,39271433,0.0185660917365027,8933,FALSE
Pv2.1_08_475629_A/G,Chr08,475629,0.0185626480630239,8934,FALSE
Pv2.1_01_929939_T/A,Chr01,929939,0.0185606062562131,8935,FALSE
Pv2.1_02_25529189_A/G,Chr02,25529189,0.0185591074003657,8936,FALSE
Pv2.1_11_52750051_T/C,Chr11,52750051,0.0185590620216241,8937,FALSE
Pv2.1_03_16928890_T/C,Chr03,16928890,0.0185589571129534,8938,FALSE
Pv2.1_04_5361794_T/G,Chr04,5361794,0.0185565541420192,8939,FALSE
Pv2.1_08_62838571_C/T,Chr08,62838571,0.0185543530108929,8940,FALSE
Pv2.1_07_38986995_C/G,Chr07,38986995,0.0185542740763247,8941,FALSE
Pv2.1_07_38987037_A/G,Chr07,38987037,0.0185542740763247,8942,FALSE
Pv2.1_01_1287186_G/A,Chr01,1287186,0.0185525106176203,8943,FALSE
Pv2.1_08_62961643_T/G,Chr08,62961643,0.0185497338678085,8944,FALSE
Pv2.1_06_28045860_G/C,Chr06,28045860,0.0185467613965833,8945,FALSE
Pv2.1_07_34509509_C/G,Chr07,34509509,0.0185434174007266,8946,FALSE
Pv2.1_06_26045181_A/C,Chr06,26045181,0.0185418328561169,8947,FALSE
Pv2.1_06_19549786_C/T,Chr06,19549786,0.0185403315565997,8948,FALSE
Pv2.1_08_61363123_A/G,Chr08,61363123,0.018539371759791,8949,FALSE
Pv2.1_10_41674631_T/A,Chr10,41674631,0.0185276301235136,8950,FALSE
Pv2.1_03_40775067_T/C,Chr03,40775067,0.0185266140380764,8951,FALSE
Pv2.1_01_10634933_T/A,Chr01,10634933,0.0185260941044501,8952,FALSE
Pv2.1_08_62577249_G/A,Chr08,62577249,0.0185247820513572,8953,FALSE
Pv2.1_02_45934057_G/T,Chr02,45934057,0.0185221060421812,8954,FALSE
Pv2.1_06_15450531_C/T,Chr06,15450531,0.0185123651072057,8955,FALSE
Pv2.1_11_5176026_T/G,Chr11,5176026,0.0185103681212673,8956,FALSE
Pv2.1_08_62490292_A/C,Chr08,62490292,0.0185079602941642,8957,FALSE
Pv2.1_03_10956066_G/C,Chr03,10956066,0.0185071558362959,8958,FALSE
Pv2.1_03_10956095_C/T,Chr03,10956095,0.0185071558362959,8959,FALSE
Pv2.1_06_20208259_T/C,Chr06,20208259,0.0185060487092952,8960,FALSE
Pv2.1_01_17178369_CAT/C,Chr01,17178369,0.0185035586855151,8961,FALSE
Pv2.1_11_49884370_C/G,Chr11,49884370,0.0185030564105166,8962,FALSE
Pv2.1_08_13886112_C/A,Chr08,13886112,0.0184997523989923,8963,FALSE
Pv2.1_06_28226266_A/G,Chr06,28226266,0.0184952956646427,8964,FALSE
Pv2.1_11_28671030_A/G,Chr11,28671030,0.0184936021457807,8965,FALSE
Pv2.1_11_28671068_A/G,Chr11,28671068,0.0184936021457807,8966,FALSE
Pv2.1_11_52612142_A/G,Chr11,52612142,0.0184896431501551,8967,FALSE
Pv2.1_10_41669337_A/G,Chr10,41669337,0.0184885663446832,8968,FALSE
Pv2.1_08_7643984_T/C,Chr08,7643984,0.0184884720309895,8969,FALSE
Pv2.1_10_42111382_G/C,Chr10,42111382,0.0184770089901409,8970,FALSE
Pv2.1_10_42111390_A/G,Chr10,42111390,0.0184770089901409,8971,FALSE
Pv2.1_05_459309_C/T,Chr05,459309,0.0184741522646017,8972,FALSE
Pv2.1_07_33580187_C/T,Chr07,33580187,0.0184723406172469,8973,FALSE
Pv2.1_11_51790215_G/C,Chr11,51790215,0.0184683772376424,8974,FALSE
Pv2.1_06_19235244_CT/C,Chr06,19235244,0.0184672942644917,8975,FALSE
Pv2.1_11_52612183_A/C,Chr11,52612183,0.018467099752749,8976,FALSE
Pv2.1_06_14798744_G/C,Chr06,14798744,0.0184655098400657,8977,FALSE
Pv2.1_11_52617212_A/T,Chr11,52617212,0.0184648234872831,8978,FALSE
Pv2.1_11_37353401_T/A,Chr11,37353401,0.0184641730658393,8979,FALSE
Pv2.1_11_4544408_A/T,Chr11,4544408,0.018461961381897,8980,FALSE
Pv2.1_06_30550677_C/T,Chr06,30550677,0.0184601145034859,8981,FALSE
Pv2.1_11_53567276_A/G,Chr11,53567276,0.018454775757407,8982,FALSE
Pv2.1_06_22024190_A/G,Chr06,22024190,0.0184504783232398,8983,FALSE
Pv2.1_11_53368384_A/G,Chr11,53368384,0.0184492736942969,8984,FALSE
Pv2.1_10_42716407_G/C,Chr10,42716407,0.0184483442444652,8985,FALSE
Pv2.1_04_46589913_G/T,Chr04,46589913,0.0184429912822384,8986,FALSE
Pv2.1_06_14665742_C/T,Chr06,14665742,0.0184364941086335,8987,FALSE
Pv2.1_04_41740002_G/T,Chr04,41740002,0.018432432433511,8988,FALSE
Pv2.1_02_3427284_A/G,Chr02,3427284,0.0184308052047037,8989,FALSE
Pv2.1_02_3427349_T/C,Chr02,3427349,0.0184308052047037,8990,FALSE
Pv2.1_07_34301846_T/G,Chr07,34301846,0.0184288130353449,8991,FALSE
Pv2.1_02_12667004_G/T,Chr02,12667004,0.0184282841734444,8992,FALSE
Pv2.1_02_12667007_G/T,Chr02,12667007,0.0184282841734444,8993,FALSE
Pv2.1_09_38194772_T/C,Chr09,38194772,0.0184247944169562,8994,FALSE
Pv2.1_02_29349128_G/T,Chr02,29349128,0.0184170170971432,8995,FALSE
Pv2.1_01_227201_A/G,Chr01,227201,0.0184111916530152,8996,FALSE
Pv2.1_03_13333171_C/T,Chr03,13333171,0.0184089227463558,8997,FALSE
Pv2.1_09_34962920_A/C,Chr09,34962920,0.0184022570974078,8998,FALSE
Pv2.1_05_152611_C/A,Chr05,152611,0.0184013354029617,8999,FALSE
Pv2.1_06_7422869_C/T,Chr06,7422869,0.0184006591297621,9000,FALSE
Pv2.1_09_36784716_A/C,Chr09,36784716,0.018396352614209,9001,FALSE
Pv2.1_01_2550503_G/T,Chr01,2550503,0.0183960938439371,9002,FALSE
Pv2.1_05_38862081_T/G,Chr05,38862081,0.0183958337698713,9003,FALSE
Pv2.1_07_4174863_G/C,Chr07,4174863,0.0183954530424777,9004,FALSE
Pv2.1_10_1974106_G/C,Chr10,1974106,0.0183953892838868,9005,FALSE
Pv2.1_10_1974103_A/T,Chr10,1974103,0.0183953892838864,9006,FALSE
Pv2.1_08_41879746_T/A,Chr08,41879746,0.0183946878681951,9007,FALSE
Pv2.1_05_19807494_C/CTG,Chr05,19807494,0.0183913661926405,9008,FALSE
Pv2.1_11_52983724_C/A,Chr11,52983724,0.0183902288058215,9009,FALSE
Pv2.1_10_43814482_T/C,Chr10,43814482,0.0183879906844151,9010,FALSE
Pv2.1_06_26695325_G/T,Chr06,26695325,0.0183852243746347,9011,FALSE
Pv2.1_10_42288027_G/A,Chr10,42288027,0.0183822231385937,9012,FALSE
Pv2.1_07_38038524_C/T,Chr07,38038524,0.0183817482973736,9013,FALSE
Pv2.1_11_770965_T/A,Chr11,770965,0.0183794262697194,9014,FALSE
Pv2.1_01_105986_A/T,Chr01,105986,0.0183780902740107,9015,FALSE
Pv2.1_04_47227171_T/G,Chr04,47227171,0.0183774309271159,9016,FALSE
Pv2.1_02_38363358_G/A,Chr02,38363358,0.0183757066140484,9017,FALSE
Pv2.1_06_18191243_G/A,Chr06,18191243,0.0183742901904225,9018,FALSE
Pv2.1_03_77635_G/C,Chr03,77635,0.01836725950711,9019,FALSE
Pv2.1_07_6662398_G/A,Chr07,6662398,0.0183670039813046,9020,FALSE
Pv2.1_05_2837472_T/A,Chr05,2837472,0.0183619244803479,9021,FALSE
Pv2.1_09_35368553_A/G,Chr09,35368553,0.018360684276705,9022,FALSE
Pv2.1_02_28595345_G/A,Chr02,28595345,0.0183564544175585,9023,FALSE
Pv2.1_10_39979191_A/G,Chr10,39979191,0.0183561787119366,9024,FALSE
Pv2.1_11_35921313_T/C,Chr11,35921313,0.0183552881881766,9025,FALSE
Pv2.1_09_37679730_A/T,Chr09,37679730,0.0183548332960175,9026,FALSE
Pv2.1_04_2395724_G/C,Chr04,2395724,0.0183536251641958,9027,FALSE
Pv2.1_08_1184823_G/T,Chr08,1184823,0.0183479366056956,9028,FALSE
Pv2.1_08_1513158_C/T,Chr08,1513158,0.018346882460567,9029,FALSE
Pv2.1_08_12619147_C/T,Chr08,12619147,0.0183449124370503,9030,FALSE
Pv2.1_08_45849480_T/A,Chr08,45849480,0.018342688253759,9031,FALSE
Pv2.1_11_35921290_T/C,Chr11,35921290,0.0183417929964014,9032,FALSE
Pv2.1_01_5772612_A/T,Chr01,5772612,0.0183414513782485,9033,FALSE
Pv2.1_04_47078710_C/T,Chr04,47078710,0.0183395511299311,9034,FALSE
Pv2.1_11_49693108_G/C,Chr11,49693108,0.0183354913603355,9035,FALSE
Pv2.1_07_184363_G/A,Chr07,184363,0.0183295763304612,9036,FALSE
Pv2.1_10_43046919_T/C,Chr10,43046919,0.0183238416876037,9037,FALSE
Pv2.1_07_39413275_T/C,Chr07,39413275,0.0183176833345446,9038,FALSE
Pv2.1_09_10485729_T/G,Chr09,10485729,0.0183145640567952,9039,FALSE
Pv2.1_03_31130060_T/C,Chr03,31130060,0.0183141394890751,9040,FALSE
Pv2.1_05_38443896_T/A,Chr05,38443896,0.0183136343838974,9041,FALSE
Pv2.1_05_38443926_T/A,Chr05,38443926,0.0183136343838974,9042,FALSE
Pv2.1_02_38538386_T/G,Chr02,38538386,0.0183114321814313,9043,FALSE
Pv2.1_04_8072110_G/A,Chr04,8072110,0.0183087448285786,9044,FALSE
Pv2.1_02_27669970_G/A,Chr02,27669970,0.0183072972938989,9045,FALSE
Pv2.1_02_17399476_T/TG,Chr02,17399476,0.0183067567564805,9046,FALSE
Pv2.1_02_33604678_G/C,Chr02,33604678,0.0183067344457735,9047,FALSE
Pv2.1_08_63015352_T/A,Chr08,63015352,0.0183055719908301,9048,FALSE
Pv2.1_04_2087414_A/C,Chr04,2087414,0.0183032150296687,9049,FALSE
Pv2.1_03_2442970_T/C,Chr03,2442970,0.0183015709790193,9050,FALSE
Pv2.1_08_47257153_C/T,Chr08,47257153,0.0182987577180267,9051,FALSE
Pv2.1_08_9763910_C/T,Chr08,9763910,0.0182926308065539,9052,FALSE
Pv2.1_07_40005075_A/T,Chr07,40005075,0.0182909510012701,9053,FALSE
Pv2.1_10_40845658_ATG/A,Chr10,40845658,0.0182903567367014,9054,FALSE
Pv2.1_05_37923624_C/G,Chr05,37923624,0.0182901174259946,9055,FALSE
Pv2.1_08_33909819_C/T,Chr08,33909819,0.0182893027628772,9056,FALSE
Pv2.1_11_49895859_T/A,Chr11,49895859,0.0182864334355313,9057,FALSE
Pv2.1_01_6195989_T/A,Chr01,6195989,0.0182838553445053,9058,FALSE
Pv2.1_03_30640846_GGAGAGGGAAGG/AGAGAGAGAAGA,Chr03,30640846,0.0182833702604404,9059,FALSE
Pv2.1_02_28091969_C/G,Chr02,28091969,0.0182831750409487,9060,FALSE
Pv2.1_10_38147182_A/T,Chr10,38147182,0.0182826375983858,9061,FALSE
Pv2.1_07_34126171_A/T,Chr07,34126171,0.018282565465551,9062,FALSE
Pv2.1_04_47502132_G/A,Chr04,47502132,0.0182821659496466,9063,FALSE
Pv2.1_01_10141767_G/A,Chr01,10141767,0.0182820354015538,9064,FALSE
Pv2.1_09_37943973_C/T,Chr09,37943973,0.0182783798031192,9065,FALSE
Pv2.1_09_36105492_T/A,Chr09,36105492,0.0182777520935065,9066,FALSE
Pv2.1_08_63007118_C/T,Chr08,63007118,0.0182775062567604,9067,FALSE
Pv2.1_01_11196400_G/C,Chr01,11196400,0.018276231781563,9068,FALSE
Pv2.1_08_9926094_A/G,Chr08,9926094,0.0182696444868724,9069,FALSE
Pv2.1_02_37363452_G/T,Chr02,37363452,0.0182693223528121,9070,FALSE
Pv2.1_06_2196884_C/T,Chr06,2196884,0.0182673742359198,9071,FALSE
Pv2.1_03_43599589_T/G,Chr03,43599589,0.0182667651174824,9072,FALSE
Pv2.1_08_48646099_A/G,Chr08,48646099,0.0182643577527659,9073,FALSE
Pv2.1_11_35572028_C/G,Chr11,35572028,0.0182587302107384,9074,FALSE
Pv2.1_04_47502203_G/A,Chr04,47502203,0.0182519433167303,9075,FALSE
Pv2.1_11_3263269_A/G,Chr11,3263269,0.0182514776638802,9076,FALSE
Pv2.1_07_6772625_T/C,Chr07,6772625,0.0182507504663163,9077,FALSE
Pv2.1_10_43396649_T/G,Chr10,43396649,0.0182414129306805,9078,FALSE
Pv2.1_10_43396664_T/G,Chr10,43396664,0.0182414129306805,9079,FALSE
Pv2.1_02_27944120_C/T,Chr02,27944120,0.0182383164536213,9080,FALSE
Pv2.1_02_30788977_C/A,Chr02,30788977,0.0182379844222274,9081,FALSE
Pv2.1_10_44077499_A/G,Chr10,44077499,0.0182366839335253,9082,FALSE
Pv2.1_01_11547712_A/T,Chr01,11547712,0.0182359763795961,9083,FALSE
Pv2.1_03_33384221_C/T,Chr03,33384221,0.0182316514089318,9084,FALSE
Pv2.1_11_29025800_T/C,Chr11,29025800,0.0182298119835584,9085,FALSE
Pv2.1_08_1583185_T/C,Chr08,1583185,0.0182256564056988,9086,FALSE
Pv2.1_11_4617778_A/T,Chr11,4617778,0.0182243777281959,9087,FALSE
Pv2.1_06_23977827_T/A,Chr06,23977827,0.0182228133093165,9088,FALSE
Pv2.1_05_2411708_A/G,Chr05,2411708,0.0182226719123806,9089,FALSE
Pv2.1_04_45977613_T/C,Chr04,45977613,0.0182085278021944,9090,FALSE
Pv2.1_11_2850497_G/T,Chr11,2850497,0.0182020614721785,9091,FALSE
Pv2.1_04_41777623_G/A,Chr04,41777623,0.018198436734143,9092,FALSE
Pv2.1_06_18815410_A/G,Chr06,18815410,0.0181982515990851,9093,FALSE
Pv2.1_03_30653113_G/A,Chr03,30653113,0.018197307887565,9094,FALSE
Pv2.1_10_1974081_A/T,Chr10,1974081,0.0181936955500097,9095,FALSE
Pv2.1_11_35945949_A/T,Chr11,35945949,0.0181925158916707,9096,FALSE
Pv2.1_11_35945994_C/G,Chr11,35945994,0.0181925158916707,9097,FALSE
Pv2.1_02_11952761_A/G,Chr02,11952761,0.0181923439374918,9098,FALSE
Pv2.1_09_14637617_A/G,Chr09,14637617,0.0181913745599265,9099,FALSE
Pv2.1_08_60451285_T/C,Chr08,60451285,0.0181889910150708,9100,FALSE
Pv2.1_02_49599153_G/A,Chr02,49599153,0.0181870516671614,9101,FALSE
Pv2.1_02_22754077_CT/C,Chr02,22754077,0.0181822274152417,9102,FALSE
Pv2.1_04_8032297_A/AT,Chr04,8032297,0.0181807793072895,9103,FALSE
Pv2.1_04_53825_T/A,Chr04,53825,0.0181792975111144,9104,FALSE
Pv2.1_06_25689506_T/G,Chr06,25689506,0.0181776095199382,9105,FALSE
Pv2.1_02_23064663_T/C,Chr02,23064663,0.0181732874639913,9106,FALSE
Pv2.1_02_30593664_C/A,Chr02,30593664,0.0181726180351096,9107,FALSE
Pv2.1_08_61869727_T/C,Chr08,61869727,0.0181675341074148,9108,FALSE
Pv2.1_08_61837920_T/C,Chr08,61837920,0.018165178005535,9109,FALSE
Pv2.1_07_28383238_C/G,Chr07,28383238,0.0181643868568089,9110,FALSE
Pv2.1_02_2931351_C/A,Chr02,2931351,0.0181643436060774,9111,FALSE
Pv2.1_11_53519259_A/C,Chr11,53519259,0.0181603108868482,9112,FALSE
Pv2.1_08_555101_T/C,Chr08,555101,0.0181568777131882,9113,FALSE
Pv2.1_11_35777256_G/A,Chr11,35777256,0.018153761358656,9114,FALSE
Pv2.1_11_30297864_C/T,Chr11,30297864,0.0181533762981219,9115,FALSE
Pv2.1_08_61589684_G/A,Chr08,61589684,0.0181526106827947,9116,FALSE
Pv2.1_02_30593668_G/T,Chr02,30593668,0.018151707791719,9117,FALSE
Pv2.1_11_52352405_A/C,Chr11,52352405,0.0181507213499437,9118,FALSE
Pv2.1_08_61837887_C/T,Chr08,61837887,0.0181504087885105,9119,FALSE
Pv2.1_09_29088850_A/T,Chr09,29088850,0.0181457410619785,9120,FALSE
Pv2.1_11_2713386_A/G,Chr11,2713386,0.0181423052963599,9121,FALSE
Pv2.1_03_51081992_T/C,Chr03,51081992,0.0181409823056868,9122,FALSE
Pv2.1_10_43903211_T/C,Chr10,43903211,0.0181396192815355,9123,FALSE
Pv2.1_04_44784965_T/C,Chr04,44784965,0.0181380067204087,9124,FALSE
Pv2.1_04_44784976_G/A,Chr04,44784976,0.0181380067204087,9125,FALSE
Pv2.1_08_62577073_C/A,Chr08,62577073,0.0181359904441414,9126,FALSE
Pv2.1_11_52311558_T/G,Chr11,52311558,0.0181338336213353,9127,FALSE
Pv2.1_04_45436212_G/A,Chr04,45436212,0.0181288563499993,9128,FALSE
Pv2.1_04_45436227_T/G,Chr04,45436227,0.0181288563499993,9129,FALSE
Pv2.1_09_37752751_G/A,Chr09,37752751,0.0181288493880794,9130,FALSE
Pv2.1_01_42610727_C/A,Chr01,42610727,0.0181285117412577,9131,FALSE
Pv2.1_07_38007492_T/A,Chr07,38007492,0.0181190058760494,9132,FALSE
Pv2.1_07_1248803_A/G,Chr07,1248803,0.0181184330734339,9133,FALSE
Pv2.1_07_9526569_A/T,Chr07,9526569,0.0181109414848248,9134,FALSE
Pv2.1_04_8787434_A/T,Chr04,8787434,0.0181094782217106,9135,FALSE
Pv2.1_11_967329_T/C,Chr11,967329,0.0181080599170458,9136,FALSE
Pv2.1_04_10915712_A/T,Chr04,10915712,0.0181079001016027,9137,FALSE
Pv2.1_07_426924_G/A,Chr07,426924,0.0181036981961578,9138,FALSE
Pv2.1_10_42836744_G/T,Chr10,42836744,0.0181000663683637,9139,FALSE
Pv2.1_11_51028094_C/T,Chr11,51028094,0.0180989297882888,9140,FALSE
Pv2.1_08_23507785_C/T,Chr08,23507785,0.0180964623108273,9141,FALSE
Pv2.1_11_49895882_G/T,Chr11,49895882,0.018094802616857,9142,FALSE
Pv2.1_03_11951618_C/T,Chr03,11951618,0.0180922958833318,9143,FALSE
Pv2.1_11_35945932_A/G,Chr11,35945932,0.0180909518841945,9144,FALSE
Pv2.1_09_22620821_G/A,Chr09,22620821,0.0180895409632669,9145,FALSE
Pv2.1_08_7409312_A/G,Chr08,7409312,0.0180891285221443,9146,FALSE
Pv2.1_01_445847_C/T,Chr01,445847,0.018084910511631,9147,FALSE
Pv2.1_01_445857_C/T,Chr01,445857,0.018084910511631,9148,FALSE
Pv2.1_01_3737813_G/GA,Chr01,3737813,0.0180836007770466,9149,FALSE
Pv2.1_01_4953481_A/G,Chr01,4953481,0.0180834331598172,9150,FALSE
Pv2.1_08_699095_G/C,Chr08,699095,0.018082804441768,9151,FALSE
Pv2.1_06_2930767_A/T,Chr06,2930767,0.018082324733228,9152,FALSE
Pv2.1_10_38418353_C/A,Chr10,38418353,0.018080385851051,9153,FALSE
Pv2.1_10_1974385_G/C,Chr10,1974385,0.018079389096612,9154,FALSE
Pv2.1_07_34489877_T/C,Chr07,34489877,0.0180793443807397,9155,FALSE
Pv2.1_11_49176609_C/T,Chr11,49176609,0.0180790847410846,9156,FALSE
Pv2.1_08_43079733_G/A,Chr08,43079733,0.0180783895638248,9157,FALSE
Pv2.1_02_28238631_G/A,Chr02,28238631,0.0180726342070328,9158,FALSE
Pv2.1_02_17749691_A/T,Chr02,17749691,0.0180721568834552,9159,FALSE
Pv2.1_11_28671069_A/T,Chr11,28671069,0.0180677935854803,9160,FALSE
Pv2.1_02_26070650_A/G,Chr02,26070650,0.0180641909241741,9161,FALSE
Pv2.1_08_61729115_T/A,Chr08,61729115,0.0180604802597957,9162,FALSE
Pv2.1_10_43993956_C/T,Chr10,43993956,0.0180568833265937,9163,FALSE
Pv2.1_11_50483657_C/T,Chr11,50483657,0.0180494371155007,9164,FALSE
Pv2.1_03_11673561_G/T,Chr03,11673561,0.0180469597021222,9165,FALSE
Pv2.1_08_9944941_C/A,Chr08,9944941,0.0180455608170607,9166,FALSE
Pv2.1_08_7436801_G/T,Chr08,7436801,0.0180447515960616,9167,FALSE
Pv2.1_07_1513783_G/T,Chr07,1513783,0.0180437126969113,9168,FALSE
Pv2.1_03_30657438_T/C,Chr03,30657438,0.0180420473629015,9169,FALSE
Pv2.1_08_48646370_A/T,Chr08,48646370,0.0180374538757384,9170,FALSE
Pv2.1_01_2219931_A/C,Chr01,2219931,0.0180374236921663,9171,FALSE
Pv2.1_11_940129_T/C,Chr11,940129,0.018035844000786,9172,FALSE
Pv2.1_11_940132_C/T,Chr11,940132,0.018035844000786,9173,FALSE
Pv2.1_02_39973281_C/A,Chr02,39973281,0.0180356879549923,9174,FALSE
Pv2.1_02_7838368_G/A,Chr02,7838368,0.0180330414112677,9175,FALSE
Pv2.1_07_54250_A/G,Chr07,54250,0.0180327069262494,9176,FALSE
Pv2.1_07_1231683_T/C,Chr07,1231683,0.0180325665501209,9177,FALSE
Pv2.1_03_11336072_A/G,Chr03,11336072,0.0180294867671291,9178,FALSE
Pv2.1_10_1069329_G/T,Chr10,1069329,0.0180262532690585,9179,FALSE
Pv2.1_04_45501730_A/G,Chr04,45501730,0.0180258853053803,9180,FALSE
Pv2.1_03_33516650_T/A,Chr03,33516650,0.0180242627014504,9181,FALSE
Pv2.1_04_6000452_G/A,Chr04,6000452,0.0180183807043735,9182,FALSE
Pv2.1_10_42569903_T/A,Chr10,42569903,0.018018326635115,9183,FALSE
Pv2.1_10_42569908_A/C,Chr10,42569908,0.018018326635115,9184,FALSE
Pv2.1_10_42569939_C/T,Chr10,42569939,0.018018326635115,9185,FALSE
Pv2.1_02_30231456_C/T,Chr02,30231456,0.0180154065351617,9186,FALSE
Pv2.1_02_30231467_A/T,Chr02,30231467,0.0180154065351617,9187,FALSE
Pv2.1_02_30231473_G/GC,Chr02,30231473,0.0180154065351617,9188,FALSE
Pv2.1_11_46082709_C/T,Chr11,46082709,0.0180146404137496,9189,FALSE
Pv2.1_11_46082741_C/T,Chr11,46082741,0.0180146404137496,9190,FALSE
Pv2.1_03_30641035_G/A,Chr03,30641035,0.0180115060232167,9191,FALSE
Pv2.1_08_59797242_T/G,Chr08,59797242,0.0180053249806931,9192,FALSE
Pv2.1_08_59797246_A/G,Chr08,59797246,0.0180053249806931,9193,FALSE
Pv2.1_08_59797296_C/T,Chr08,59797296,0.0180053249806931,9194,FALSE
Pv2.1_11_3568065_A/G,Chr11,3568065,0.0180025827570711,9195,FALSE
Pv2.1_08_6259758_G/A,Chr08,6259758,0.0179997721951346,9196,FALSE
Pv2.1_11_2774402_C/T,Chr11,2774402,0.0179971807967125,9197,FALSE
Pv2.1_04_43641451_G/A,Chr04,43641451,0.017996573589333,9198,FALSE
Pv2.1_01_49206178_C/T,Chr01,49206178,0.0179938570333062,9199,FALSE
Pv2.1_05_37924583_GT/G,Chr05,37924583,0.0179920564089211,9200,FALSE
Pv2.1_07_32368391_T/G,Chr07,32368391,0.0179898124371669,9201,FALSE
Pv2.1_03_12613639_C/G,Chr03,12613639,0.0179891929552016,9202,FALSE
Pv2.1_03_34377205_G/A,Chr03,34377205,0.0179873985374388,9203,FALSE
Pv2.1_10_1453073_A/T,Chr10,1453073,0.0179850657356697,9204,FALSE
Pv2.1_05_37356033_T/A,Chr05,37356033,0.0179772504654983,9205,FALSE
Pv2.1_04_46303573_T/C,Chr04,46303573,0.0179752584673811,9206,FALSE
Pv2.1_07_21769282_T/C,Chr07,21769282,0.0179706453390711,9207,FALSE
Pv2.1_11_49598893_C/T,Chr11,49598893,0.0179685343183849,9208,FALSE
Pv2.1_01_5385998_T/TG,Chr01,5385998,0.0179672020092112,9209,FALSE
Pv2.1_04_2030484_A/T,Chr04,2030484,0.0179641697379633,9210,FALSE
Pv2.1_08_1239643_A/G,Chr08,1239643,0.0179627073528046,9211,FALSE
Pv2.1_08_61869726_G/A,Chr08,61869726,0.0179607264546053,9212,FALSE
Pv2.1_07_194840_G/A,Chr07,194840,0.017960548223849,9213,FALSE
Pv2.1_04_46975156_A/T,Chr04,46975156,0.017958553387448,9214,FALSE
Pv2.1_03_40906067_A/G,Chr03,40906067,0.0179585252379733,9215,FALSE
Pv2.1_01_2550500_T/TTTTG,Chr01,2550500,0.017956329956148,9216,FALSE
Pv2.1_05_39325956_T/C,Chr05,39325956,0.0179525550299742,9217,FALSE
Pv2.1_10_44182750_G/A,Chr10,44182750,0.0179518084254462,9218,FALSE
Pv2.1_08_47354287_G/A,Chr08,47354287,0.0179479576585049,9219,FALSE
Pv2.1_08_36436150_T/C,Chr08,36436150,0.0179394910363277,9220,FALSE
Pv2.1_11_53430622_C/T,Chr11,53430622,0.0179378015989022,9221,FALSE
Pv2.1_08_53638194_A/C,Chr08,53638194,0.0179375967712909,9222,FALSE
Pv2.1_08_44520430_A/C,Chr08,44520430,0.0179364995852822,9223,FALSE
Pv2.1_05_19966141_T/C,Chr05,19966141,0.0179342641412474,9224,FALSE
Pv2.1_02_7857263_A/T,Chr02,7857263,0.0179334798486717,9225,FALSE
Pv2.1_07_21113555_T/A,Chr07,21113555,0.0179323944561696,9226,FALSE
Pv2.1_04_4342472_C/T,Chr04,4342472,0.0179312719201339,9227,FALSE
Pv2.1_06_15479741_G/A,Chr06,15479741,0.0179310709660987,9228,FALSE
Pv2.1_07_39886238_C/T,Chr07,39886238,0.0179309149099458,9229,FALSE
Pv2.1_07_10805746_G/GT,Chr07,10805746,0.0179296797324535,9230,FALSE
Pv2.1_07_10905576_C/T,Chr07,10905576,0.0179269145929779,9231,FALSE
Pv2.1_05_39317656_T/TA,Chr05,39317656,0.0179190431587184,9232,FALSE
Pv2.1_07_1218084_A/T,Chr07,1218084,0.0179172581327265,9233,FALSE
Pv2.1_11_53379190_G/C,Chr11,53379190,0.0179170425713044,9234,FALSE
Pv2.1_02_34887620_G/A,Chr02,34887620,0.017914464116406,9235,FALSE
Pv2.1_07_34771747_G/C,Chr07,34771747,0.0179092837563362,9236,FALSE
Pv2.1_05_20149088_C/T,Chr05,20149088,0.017906205169794,9237,FALSE
Pv2.1_07_28319986_A/C,Chr07,28319986,0.0179053712599719,9238,FALSE
Pv2.1_01_41173778_T/G,Chr01,41173778,0.0179046524952415,9239,FALSE
Pv2.1_05_3754277_C/T,Chr05,3754277,0.0178917994252297,9240,FALSE
Pv2.1_11_52289441_C/T,Chr11,52289441,0.0178911707807896,9241,FALSE
Pv2.1_11_52973823_T/A,Chr11,52973823,0.0178911707807896,9242,FALSE
Pv2.1_11_819142_G/T,Chr11,819142,0.0178890912271044,9243,FALSE
Pv2.1_03_1279707_A/T,Chr03,1279707,0.017888091870141,9244,FALSE
Pv2.1_06_25953766_T/TA,Chr06,25953766,0.0178852070636339,9245,FALSE
Pv2.1_01_17166342_G/A,Chr01,17166342,0.0178831911105002,9246,FALSE
Pv2.1_08_60151907_T/A,Chr08,60151907,0.0178820410599831,9247,FALSE
Pv2.1_11_2258894_A/T,Chr11,2258894,0.017881966521895,9248,FALSE
Pv2.1_10_4468526_T/A,Chr10,4468526,0.017880761143759,9249,FALSE
Pv2.1_10_4468527_A/T,Chr10,4468527,0.017880761143759,9250,FALSE
Pv2.1_05_39551686_C/T,Chr05,39551686,0.0178790895712284,9251,FALSE
Pv2.1_03_51441940_G/A,Chr03,51441940,0.0178680134337492,9252,FALSE
Pv2.1_02_36142718_T/C,Chr02,36142718,0.0178652816615421,9253,FALSE
Pv2.1_10_42780240_C/CTA,Chr10,42780240,0.0178643148386612,9254,FALSE
Pv2.1_01_5016571_G/A,Chr01,5016571,0.0178629287386274,9255,FALSE
Pv2.1_05_37857643_A/G,Chr05,37857643,0.017862198877169,9256,FALSE
Pv2.1_11_41525281_G/A,Chr11,41525281,0.0178605923162647,9257,FALSE
Pv2.1_11_2662032_AC/A,Chr11,2662032,0.0178563494209718,9258,FALSE
Pv2.1_01_2417839_A/G,Chr01,2417839,0.0178559465914336,9259,FALSE
Pv2.1_05_2037055_A/G,Chr05,2037055,0.0178551483876048,9260,FALSE
Pv2.1_08_62490268_C/T,Chr08,62490268,0.0178513091791519,9261,FALSE
Pv2.1_07_39566026_T/C,Chr07,39566026,0.0178476190192653,9262,FALSE
Pv2.1_11_2715317_T/G,Chr11,2715317,0.0178444642898592,9263,FALSE
Pv2.1_04_11421456_CCA/C,Chr04,11421456,0.0178386646761659,9264,FALSE
Pv2.1_04_11421473_GA/G,Chr04,11421473,0.0178386646761659,9265,FALSE
Pv2.1_07_32759078_G/A,Chr07,32759078,0.0178370364122378,9266,FALSE
Pv2.1_08_52153350_T/C,Chr08,52153350,0.0178366949426203,9267,FALSE
Pv2.1_08_7163478_C/CA,Chr08,7163478,0.0178342789461112,9268,FALSE
Pv2.1_03_52715172_T/C,Chr03,52715172,0.0178325080938966,9269,FALSE
Pv2.1_05_36225638_T/C,Chr05,36225638,0.0178321211287353,9270,FALSE
Pv2.1_11_42824760_G/C,Chr11,42824760,0.0178284679460328,9271,FALSE
Pv2.1_02_30639738_A/G,Chr02,30639738,0.0178274851354296,9272,FALSE
Pv2.1_11_1547189_C/T,Chr11,1547189,0.017821187267776,9273,FALSE
Pv2.1_03_44349980_C/T,Chr03,44349980,0.0178207365779857,9274,FALSE
Pv2.1_07_38987107_A/C,Chr07,38987107,0.0178192433394062,9275,FALSE
Pv2.1_07_38987108_G/A,Chr07,38987108,0.0178192433394062,9276,FALSE
Pv2.1_10_41669373_A/T,Chr10,41669373,0.0178190282109343,9277,FALSE
Pv2.1_06_26444453_T/G,Chr06,26444453,0.0178148337740192,9278,FALSE
Pv2.1_07_24833_C/A,Chr07,24833,0.0178137829582057,9279,FALSE
Pv2.1_01_14234458_C/T,Chr01,14234458,0.0178118888934677,9280,FALSE
Pv2.1_08_563738_C/T,Chr08,563738,0.0178094599731935,9281,FALSE
Pv2.1_03_53339294_T/G,Chr03,53339294,0.0178081185501044,9282,FALSE
Pv2.1_07_1080276_T/A,Chr07,1080276,0.0178073323264663,9283,FALSE
Pv2.1_04_47502095_T/C,Chr04,47502095,0.0177979984574632,9284,FALSE
Pv2.1_02_23328719_G/A,Chr02,23328719,0.0177964322736384,9285,FALSE
Pv2.1_08_2450848_A/T,Chr08,2450848,0.0177909980621833,9286,FALSE
Pv2.1_08_60480034_G/T,Chr08,60480034,0.0177904152121604,9287,FALSE
Pv2.1_03_228901_C/T,Chr03,228901,0.0177854214059421,9288,FALSE
Pv2.1_11_2282148_G/T,Chr11,2282148,0.0177849817751765,9289,FALSE
Pv2.1_04_46999977_C/G,Chr04,46999977,0.0177772420173108,9290,FALSE
Pv2.1_07_21118916_A/G,Chr07,21118916,0.0177675785628133,9291,FALSE
Pv2.1_09_35990197_T/C,Chr09,35990197,0.0177658031712573,9292,FALSE
Pv2.1_02_40029748_A/T,Chr02,40029748,0.0177644451403784,9293,FALSE
Pv2.1_02_16489765_C/G,Chr02,16489765,0.0177598130888126,9294,FALSE
Pv2.1_09_28252973_G/A,Chr09,28252973,0.01775827533727,9295,FALSE
Pv2.1_07_1148853_T/C,Chr07,1148853,0.0177576633237426,9296,FALSE
Pv2.1_11_29949517_A/T,Chr11,29949517,0.0177571307155331,9297,FALSE
Pv2.1_05_10839059_T/A,Chr05,10839059,0.0177568060510165,9298,FALSE
Pv2.1_04_47840035_G/C,Chr04,47840035,0.0177482253330412,9299,FALSE
Pv2.1_07_1513960_A/T,Chr07,1513960,0.0177467674036631,9300,FALSE
Pv2.1_07_33382446_C/A,Chr07,33382446,0.0177448577077866,9301,FALSE
Pv2.1_07_32368034_T/A,Chr07,32368034,0.0177409087754139,9302,FALSE
Pv2.1_03_2490120_T/C,Chr03,2490120,0.0177408816946731,9303,FALSE
Pv2.1_07_1232050_C/T,Chr07,1232050,0.0177390568901514,9304,FALSE
Pv2.1_01_49062504_C/T,Chr01,49062504,0.0177383886024209,9305,FALSE
Pv2.1_03_430945_T/C,Chr03,430945,0.0177383228998056,9306,FALSE
Pv2.1_02_28045944_G/GCA,Chr02,28045944,0.017737444234093,9307,FALSE
Pv2.1_04_44795245_G/GAA,Chr04,44795245,0.017734545014144,9308,FALSE
Pv2.1_07_7853714_C/T,Chr07,7853714,0.0177328075183412,9309,FALSE
Pv2.1_01_40820470_T/C,Chr01,40820470,0.0177327852739086,9310,FALSE
Pv2.1_08_32152445_G/A,Chr08,32152445,0.0177290431283019,9311,FALSE
Pv2.1_11_1554634_G/C,Chr11,1554634,0.0177281675642984,9312,FALSE
Pv2.1_08_475641_G/A,Chr08,475641,0.0177267781149655,9313,FALSE
Pv2.1_06_19164032_A/G,Chr06,19164032,0.017723848600312,9314,FALSE
Pv2.1_02_35757325_A/C,Chr02,35757325,0.0177224901902417,9315,FALSE
Pv2.1_10_39979197_G/A,Chr10,39979197,0.0177208642117614,9316,FALSE
Pv2.1_10_39979238_G/A,Chr10,39979238,0.0177195781310071,9317,FALSE
Pv2.1_02_28104001_T/G,Chr02,28104001,0.0177162206814128,9318,FALSE
Pv2.1_04_528451_T/G,Chr04,528451,0.0177105972645792,9319,FALSE
Pv2.1_08_7941122_G/A,Chr08,7941122,0.0177099307945081,9320,FALSE
Pv2.1_07_38052929_C/A,Chr07,38052929,0.017708723700542,9321,FALSE
Pv2.1_09_35935516_T/G,Chr09,35935516,0.0177047353417512,9322,FALSE
Pv2.1_10_9922603_T/TA,Chr10,9922603,0.0177034828057439,9323,FALSE
Pv2.1_01_1099099_G/A,Chr01,1099099,0.0177019322832601,9324,FALSE
Pv2.1_10_40961396_A/T,Chr10,40961396,0.0177009350960469,9325,FALSE
Pv2.1_06_19235311_C/T,Chr06,19235311,0.0177003234466677,9326,FALSE
Pv2.1_09_31071725_C/A,Chr09,31071725,0.0177000929566251,9327,FALSE
Pv2.1_04_2623804_C/T,Chr04,2623804,0.0176945631409957,9328,FALSE
Pv2.1_08_62043105_T/A,Chr08,62043105,0.0176907918348332,9329,FALSE
Pv2.1_08_6676025_T/A,Chr08,6676025,0.0176900484392695,9330,FALSE
Pv2.1_11_53379179_G/A,Chr11,53379179,0.0176826440681253,9331,FALSE
Pv2.1_05_38890782_T/A,Chr05,38890782,0.0176810768605407,9332,FALSE
Pv2.1_05_38890794_A/T,Chr05,38890794,0.0176810768605407,9333,FALSE
Pv2.1_06_22128725_G/T,Chr06,22128725,0.0176802111685905,9334,FALSE
Pv2.1_06_22128732_G/A,Chr06,22128732,0.0176802111685905,9335,FALSE
Pv2.1_11_52754358_G/C,Chr11,52754358,0.0176774913651001,9336,FALSE
Pv2.1_11_52754398_G/T,Chr11,52754398,0.0176774913651001,9337,FALSE
Pv2.1_04_47466650_T/A,Chr04,47466650,0.0176702839396259,9338,FALSE
Pv2.1_08_60726667_A/C,Chr08,60726667,0.0176699356680361,9339,FALSE
Pv2.1_02_12388176_G/A,Chr02,12388176,0.0176694298000792,9340,FALSE
Pv2.1_06_20409412_T/A,Chr06,20409412,0.0176667826501551,9341,FALSE
Pv2.1_08_11528512_A/T,Chr08,11528512,0.0176665852742577,9342,FALSE
Pv2.1_06_22023974_A/G,Chr06,22023974,0.0176664851339403,9343,FALSE
Pv2.1_08_60114916_G/A,Chr08,60114916,0.0176627698887009,9344,FALSE
Pv2.1_08_62906226_G/A,Chr08,62906226,0.0176613853248382,9345,FALSE
Pv2.1_08_62906244_G/T,Chr08,62906244,0.0176613853248382,9346,FALSE
Pv2.1_08_47106442_G/T,Chr08,47106442,0.0176536005386523,9347,FALSE
Pv2.1_02_48687716_A/G,Chr02,48687716,0.0176534402413067,9348,FALSE
Pv2.1_09_12105403_A/G,Chr09,12105403,0.0176514642306795,9349,FALSE
Pv2.1_11_1566252_G/A,Chr11,1566252,0.0176505066112083,9350,FALSE
Pv2.1_09_14106674_A/T,Chr09,14106674,0.0176499837230693,9351,FALSE
Pv2.1_07_33507678_G/A,Chr07,33507678,0.0176486447199933,9352,FALSE
Pv2.1_04_47078690_A/G,Chr04,47078690,0.0176471635686184,9353,FALSE
Pv2.1_10_40540202_G/A,Chr10,40540202,0.0176461563800006,9354,FALSE
Pv2.1_08_7784671_A/T,Chr08,7784671,0.0176458084884206,9355,FALSE
Pv2.1_07_32368025_G/C,Chr07,32368025,0.0176436405601921,9356,FALSE
Pv2.1_02_7601387_G/T,Chr02,7601387,0.0176428404439832,9357,FALSE
Pv2.1_01_4179649_G/A,Chr01,4179649,0.0176360871588002,9358,FALSE
Pv2.1_03_51898030_G/A,Chr03,51898030,0.017631793911757,9359,FALSE
Pv2.1_05_37857684_G/T,Chr05,37857684,0.0176271959083478,9360,FALSE
Pv2.1_08_60199616_C/T,Chr08,60199616,0.0176268045252699,9361,FALSE
Pv2.1_08_57642572_A/G,Chr08,57642572,0.0176261944738316,9362,FALSE
Pv2.1_02_31490872_T/TAAC,Chr02,31490872,0.0176260201543141,9363,FALSE
Pv2.1_06_20660569_GATTAGGTTTTAG/ATTAGGTTTTTAT,Chr06,20660569,0.017625227939829,9364,FALSE
Pv2.1_10_42216049_G/A,Chr10,42216049,0.0176249161292983,9365,FALSE
Pv2.1_07_3516812_T/C,Chr07,3516812,0.0176214537802601,9366,FALSE
Pv2.1_02_38638824_T/A,Chr02,38638824,0.0176210193736748,9367,FALSE
Pv2.1_01_1287125_T/A,Chr01,1287125,0.0176202415743494,9368,FALSE
Pv2.1_01_10639884_G/A,Chr01,10639884,0.0176191725290842,9369,FALSE
Pv2.1_09_35426841_T/C,Chr09,35426841,0.017615842764676,9370,FALSE
Pv2.1_07_39870467_G/C,Chr07,39870467,0.0176153771254954,9371,FALSE
Pv2.1_06_23708659_A/T,Chr06,23708659,0.0176100154618561,9372,FALSE
Pv2.1_06_23708662_C/G,Chr06,23708662,0.0176100154618561,9373,FALSE
Pv2.1_06_15482120_G/C,Chr06,15482120,0.0176094556239437,9374,FALSE
Pv2.1_02_40132809_C/A,Chr02,40132809,0.017608256917256,9375,FALSE
Pv2.1_02_40132813_G/T,Chr02,40132813,0.017608256917256,9376,FALSE
Pv2.1_08_60360027_G/T,Chr08,60360027,0.0176080031279557,9377,FALSE
Pv2.1_04_46279607_C/T,Chr04,46279607,0.0176076804102872,9378,FALSE
Pv2.1_08_360792_G/A,Chr08,360792,0.0176067290521602,9379,FALSE
Pv2.1_09_36508167_T/C,Chr09,36508167,0.0176028844438147,9380,FALSE
Pv2.1_07_38079928_T/C,Chr07,38079928,0.0176008553000595,9381,FALSE
Pv2.1_11_3568419_T/C,Chr11,3568419,0.0175951757037245,9382,FALSE
Pv2.1_07_8580522_G/T,Chr07,8580522,0.0175843419795845,9383,FALSE
Pv2.1_07_8580562_T/A,Chr07,8580562,0.0175843419795845,9384,FALSE
Pv2.1_10_7762012_CCTT/C,Chr10,7762012,0.0175828637505315,9385,FALSE
Pv2.1_09_612946_A/C,Chr09,612946,0.017573139505862,9386,FALSE
Pv2.1_09_36508155_A/C,Chr09,36508155,0.0175695363868984,9387,FALSE
Pv2.1_11_47215189_A/G,Chr11,47215189,0.0175683076706359,9388,FALSE
Pv2.1_10_1724920_A/T,Chr10,1724920,0.0175668125243753,9389,FALSE
Pv2.1_08_62962024_A/G,Chr08,62962024,0.0175656047738628,9390,FALSE
Pv2.1_04_11044436_C/T,Chr04,11044436,0.0175644878041465,9391,FALSE
Pv2.1_05_5454227_C/A,Chr05,5454227,0.0175632900352145,9392,FALSE
Pv2.1_11_53430609_T/C,Chr11,53430609,0.0175620736767899,9393,FALSE
Pv2.1_07_1006655_A/T,Chr07,1006655,0.0175618574047918,9394,FALSE
Pv2.1_11_51322282_G/C,Chr11,51322282,0.0175616566216856,9395,FALSE
Pv2.1_05_2411739_G/T,Chr05,2411739,0.0175599562919784,9396,FALSE
Pv2.1_01_5619923_A/G,Chr01,5619923,0.0175594475243215,9397,FALSE
Pv2.1_07_1970334_G/C,Chr07,1970334,0.0175545087875699,9398,FALSE
Pv2.1_06_25975314_A/G,Chr06,25975314,0.0175499351290584,9399,FALSE
Pv2.1_10_42270264_A/T,Chr10,42270264,0.0175489471976089,9400,FALSE
Pv2.1_10_43299750_A/G,Chr10,43299750,0.017547168634481,9401,FALSE
Pv2.1_03_77577_A/G,Chr03,77577,0.0175439528254437,9402,FALSE
Pv2.1_02_40132771_CT/C,Chr02,40132771,0.0175400062123261,9403,FALSE
Pv2.1_11_1372170_A/T,Chr11,1372170,0.0175356401732598,9404,FALSE
Pv2.1_09_37752803_T/A,Chr09,37752803,0.0175337251547436,9405,FALSE
Pv2.1_08_49744077_T/G,Chr08,49744077,0.0175335993247847,9406,FALSE
Pv2.1_10_42388167_T/A,Chr10,42388167,0.0175323323146444,9407,FALSE
Pv2.1_07_37964172_C/A,Chr07,37964172,0.0175320791386033,9408,FALSE
Pv2.1_08_27115121_C/T,Chr08,27115121,0.0175318053486668,9409,FALSE
Pv2.1_11_52617240_G/C,Chr11,52617240,0.0175317373966628,9410,FALSE
Pv2.1_01_6502178_T/A,Chr01,6502178,0.0175284278340393,9411,FALSE
Pv2.1_11_53519236_C/A,Chr11,53519236,0.0175284165236276,9412,FALSE
Pv2.1_11_29482759_G/A,Chr11,29482759,0.0175272276973719,9413,FALSE
Pv2.1_03_1279790_ATGGCCGT/TG,Chr03,1279790,0.0175234950368295,9414,FALSE
Pv2.1_07_10905729_A/T,Chr07,10905729,0.0175163939212402,9415,FALSE
Pv2.1_02_49587978_CTTA/C,Chr02,49587978,0.0175142584814472,9416,FALSE
Pv2.1_08_62577100_A/G,Chr08,62577100,0.017514030432662,9417,FALSE
Pv2.1_10_41669244_A/C,Chr10,41669244,0.0175137908063285,9418,FALSE
Pv2.1_11_51042254_C/T,Chr11,51042254,0.0175116725299489,9419,FALSE
Pv2.1_06_29408367_C/T,Chr06,29408367,0.0175069982985989,9420,FALSE
Pv2.1_08_48959732_A/T,Chr08,48959732,0.0175068948520929,9421,FALSE
Pv2.1_01_51229012_A/T,Chr01,51229012,0.017503233322306,9422,FALSE
Pv2.1_07_616775_A/T,Chr07,616775,0.0175020276986881,9423,FALSE
Pv2.1_11_53295199_C/T,Chr11,53295199,0.0175020074985293,9424,FALSE
Pv2.1_06_25688047_C/A,Chr06,25688047,0.0174992292785729,9425,FALSE
Pv2.1_03_10579848_G/A,Chr03,10579848,0.0174972198032748,9426,FALSE
Pv2.1_11_38370466_G/T,Chr11,38370466,0.0174930593115299,9427,FALSE
Pv2.1_08_62572970_A/T,Chr08,62572970,0.0174893996519052,9428,FALSE
Pv2.1_07_4174942_A/T,Chr07,4174942,0.0174821569612167,9429,FALSE
Pv2.1_03_40784352_GCAA/G,Chr03,40784352,0.0174815924721838,9430,FALSE
Pv2.1_05_2728465_T/C,Chr05,2728465,0.0174778585550546,9431,FALSE
Pv2.1_01_5832858_C/T,Chr01,5832858,0.0174772024776133,9432,FALSE
Pv2.1_10_42038264_A/G,Chr10,42038264,0.0174766815878629,9433,FALSE
Pv2.1_02_1562263_G/A,Chr02,1562263,0.0174760403491367,9434,FALSE
Pv2.1_07_191185_T/C,Chr07,191185,0.0174760164814827,9435,FALSE
Pv2.1_08_60114952_T/C,Chr08,60114952,0.0174736618504516,9436,FALSE
Pv2.1_08_24985762_G/A,Chr08,24985762,0.0174705231277219,9437,FALSE
Pv2.1_03_11144031_C/T,Chr03,11144031,0.0174701214330506,9438,FALSE
Pv2.1_03_36241660_C/T,Chr03,36241660,0.0174697622700748,9439,FALSE
Pv2.1_07_37964173_T/G,Chr07,37964173,0.017469598457422,9440,FALSE
Pv2.1_03_36379560_C/G,Chr03,36379560,0.0174672990147351,9441,FALSE
Pv2.1_01_49084989_G/A,Chr01,49084989,0.0174666523902696,9442,FALSE
Pv2.1_04_47055225_A/C,Chr04,47055225,0.017465286333155,9443,FALSE
Pv2.1_03_36241652_A/C,Chr03,36241652,0.0174645791942689,9444,FALSE
Pv2.1_03_36241666_G/A,Chr03,36241666,0.0174645791942689,9445,FALSE
Pv2.1_03_30439417_C/T,Chr03,30439417,0.0174625759026892,9446,FALSE
Pv2.1_05_39242455_A/T,Chr05,39242455,0.0174584792232171,9447,FALSE
Pv2.1_07_38986937_C/T,Chr07,38986937,0.0174576554686317,9448,FALSE
Pv2.1_07_38986938_C/T,Chr07,38986938,0.0174576554686317,9449,FALSE
Pv2.1_07_38986950_A/G,Chr07,38986950,0.0174576554686317,9450,FALSE
Pv2.1_03_53399286_G/A,Chr03,53399286,0.0174555739095572,9451,FALSE
Pv2.1_09_28287061_TG/T,Chr09,28287061,0.0174534457082229,9452,FALSE
Pv2.1_06_22024028_A/T,Chr06,22024028,0.01744882858066,9453,FALSE
Pv2.1_01_51172479_AT/A,Chr01,51172479,0.0174425654984431,9454,FALSE
Pv2.1_07_37961682_C/T,Chr07,37961682,0.0174418207135183,9455,FALSE
Pv2.1_09_14082844_C/T,Chr09,14082844,0.0174407568253718,9456,FALSE
Pv2.1_01_12633485_T/A,Chr01,12633485,0.0174392439232496,9457,FALSE
Pv2.1_05_17949150_G/A,Chr05,17949150,0.0174388926200972,9458,FALSE
Pv2.1_03_49707366_A/G,Chr03,49707366,0.0174388321636441,9459,FALSE
Pv2.1_03_10856252_C/T,Chr03,10856252,0.0174370570858864,9460,FALSE
Pv2.1_08_62240567_C/T,Chr08,62240567,0.0174364786003869,9461,FALSE
Pv2.1_02_26529101_C/T,Chr02,26529101,0.0174352898431787,9462,FALSE
Pv2.1_08_10296219_C/G,Chr08,10296219,0.0174335955482241,9463,FALSE
Pv2.1_07_194941_A/T,Chr07,194941,0.0174324492431905,9464,FALSE
Pv2.1_03_12072360_AG/A,Chr03,12072360,0.0174321288915533,9465,FALSE
Pv2.1_10_44183789_A/C,Chr10,44183789,0.0174188308555046,9466,FALSE
Pv2.1_05_3779512_G/A,Chr05,3779512,0.0174172696482913,9467,FALSE
Pv2.1_04_20664341_G/A,Chr04,20664341,0.0174120918655931,9468,FALSE
Pv2.1_04_45501831_A/G,Chr04,45501831,0.0174118488184574,9469,FALSE
Pv2.1_07_39413239_G/C,Chr07,39413239,0.0174049218907006,9470,FALSE
Pv2.1_11_1241231_C/A,Chr11,1241231,0.0174045646686616,9471,FALSE
Pv2.1_08_62838440_T/C,Chr08,62838440,0.017403726270389,9472,FALSE
Pv2.1_06_14899130_A/T,Chr06,14899130,0.0174021007988889,9473,FALSE
Pv2.1_10_7874414_C/T,Chr10,7874414,0.0173988093392992,9474,FALSE
Pv2.1_03_526288_G/T,Chr03,526288,0.0173984854947693,9475,FALSE
Pv2.1_09_12157069_GT/G,Chr09,12157069,0.0173982952007052,9476,FALSE
Pv2.1_08_62662645_C/T,Chr08,62662645,0.0173976063389167,9477,FALSE
Pv2.1_10_43046870_C/T,Chr10,43046870,0.0173923600352484,9478,FALSE
Pv2.1_08_1709790_C/T,Chr08,1709790,0.0173880898842249,9479,FALSE
Pv2.1_08_6259800_T/C,Chr08,6259800,0.0173847854320734,9480,FALSE
Pv2.1_03_11144097_A/T,Chr03,11144097,0.017376066699915,9481,FALSE
Pv2.1_11_939459_A/G,Chr11,939459,0.0173742110288257,9482,FALSE
Pv2.1_05_15211331_T/C,Chr05,15211331,0.0173720195576341,9483,FALSE
Pv2.1_05_15211346_T/G,Chr05,15211346,0.0173720195576341,9484,FALSE
Pv2.1_09_37766289_C/A,Chr09,37766289,0.0173717205524491,9485,FALSE
Pv2.1_05_37923532_AG/A,Chr05,37923532,0.0173682695533013,9486,FALSE
Pv2.1_02_29642536_G/C,Chr02,29642536,0.0173622440449153,9487,FALSE
Pv2.1_05_402699_A/G,Chr05,402699,0.0173582917533848,9488,FALSE
Pv2.1_11_2258890_G/A,Chr11,2258890,0.017353304893887,9489,FALSE
Pv2.1_10_23556944_C/T,Chr10,23556944,0.0173532959224971,9490,FALSE
Pv2.1_10_44213690_C/T,Chr10,44213690,0.0173525735101459,9491,FALSE
Pv2.1_10_44213711_G/A,Chr10,44213711,0.0173525735101459,9492,FALSE
Pv2.1_01_38604395_C/A,Chr01,38604395,0.0173513125761433,9493,FALSE
Pv2.1_10_41921603_G/T,Chr10,41921603,0.01735105068959,9494,FALSE
Pv2.1_02_585569_G/A,Chr02,585569,0.0173435329482752,9495,FALSE
Pv2.1_11_533352_A/C,Chr11,533352,0.0173431055277313,9496,FALSE
Pv2.1_11_533371_A/G,Chr11,533371,0.0173431055277313,9497,FALSE
Pv2.1_01_38604403_C/G,Chr01,38604403,0.0173389657235759,9498,FALSE
Pv2.1_02_27564147_C/G,Chr02,27564147,0.0173347654055194,9499,FALSE
Pv2.1_11_47321478_T/C,Chr11,47321478,0.0173331925333726,9500,FALSE
Pv2.1_01_6502156_C/A,Chr01,6502156,0.0173313236754735,9501,FALSE
Pv2.1_01_6502160_G/A,Chr01,6502160,0.0173313236754735,9502,FALSE
Pv2.1_01_6502176_A/T,Chr01,6502176,0.0173313236754735,9503,FALSE
Pv2.1_11_3659487_T/G,Chr11,3659487,0.0173274208046137,9504,FALSE
Pv2.1_01_10600077_T/A,Chr01,10600077,0.0173251295828614,9505,FALSE
Pv2.1_10_40936076_G/A,Chr10,40936076,0.0173214947782823,9506,FALSE
Pv2.1_06_22024007_T/C,Chr06,22024007,0.0173194753628603,9507,FALSE
Pv2.1_08_60658571_T/C,Chr08,60658571,0.0173152826523744,9508,FALSE
Pv2.1_02_28037823_T/A,Chr02,28037823,0.0173082791118664,9509,FALSE
Pv2.1_06_21507376_A/G,Chr06,21507376,0.0172974605155516,9510,FALSE
Pv2.1_09_17688607_G/C,Chr09,17688607,0.0172973304522781,9511,FALSE
Pv2.1_05_39024626_T/G,Chr05,39024626,0.0172967187223154,9512,FALSE
Pv2.1_05_39024636_A/G,Chr05,39024636,0.0172967187223154,9513,FALSE
Pv2.1_11_1581602_C/G,Chr11,1581602,0.017295233695001,9514,FALSE
Pv2.1_09_29110977_CA/C,Chr09,29110977,0.0172940209095724,9515,FALSE
Pv2.1_10_43396539_A/T,Chr10,43396539,0.0172933659791203,9516,FALSE
Pv2.1_07_32137981_C/T,Chr07,32137981,0.0172910924375658,9517,FALSE
Pv2.1_05_18743872_G/T,Chr05,18743872,0.0172905855391843,9518,FALSE
Pv2.1_05_464845_A/G,Chr05,464845,0.0172891772655088,9519,FALSE
Pv2.1_06_29955828_G/A,Chr06,29955828,0.0172855019010569,9520,FALSE
Pv2.1_06_29955864_G/A,Chr06,29955864,0.0172855019010569,9521,FALSE
Pv2.1_03_2631639_AT/A,Chr03,2631639,0.0172769834974487,9522,FALSE
Pv2.1_11_44467465_A/G,Chr11,44467465,0.0172720695717912,9523,FALSE
Pv2.1_04_8044054_G/A,Chr04,8044054,0.0172663559894852,9524,FALSE
Pv2.1_10_31373406_G/A,Chr10,31373406,0.0172564732530267,9525,FALSE
Pv2.1_03_12181370_TACACA/T,Chr03,12181370,0.0172554960654758,9526,FALSE
Pv2.1_04_41834664_G/A,Chr04,41834664,0.017253163447343,9527,FALSE
Pv2.1_07_32262413_T/G,Chr07,32262413,0.0172531431291247,9528,FALSE
Pv2.1_01_51227097_A/G,Chr01,51227097,0.0172519994120997,9529,FALSE
Pv2.1_08_1817734_A/G,Chr08,1817734,0.0172470402590239,9530,FALSE
Pv2.1_02_30075097_G/T,Chr02,30075097,0.017246713755525,9531,FALSE
Pv2.1_08_325326_T/C,Chr08,325326,0.0172436245643364,9532,FALSE
Pv2.1_03_10945424_T/A,Chr03,10945424,0.0172433048857661,9533,FALSE
Pv2.1_07_989173_A/G,Chr07,989173,0.0172429469399624,9534,FALSE
Pv2.1_11_38260056_C/T,Chr11,38260056,0.0172424397484923,9535,FALSE
Pv2.1_04_12248591_G/A,Chr04,12248591,0.0172387269684373,9536,FALSE
Pv2.1_06_29561784_T/A,Chr06,29561784,0.0172377440954521,9537,FALSE
Pv2.1_06_29561787_G/T,Chr06,29561787,0.0172377440954521,9538,FALSE
Pv2.1_11_46410534_T/C,Chr11,46410534,0.0172344845363739,9539,FALSE
Pv2.1_10_5039243_C/G,Chr10,5039243,0.0172325182371162,9540,FALSE
Pv2.1_04_43652538_T/A,Chr04,43652538,0.0172291642758586,9541,FALSE
Pv2.1_06_21722479_A/AT,Chr06,21722479,0.0172269103134242,9542,FALSE
Pv2.1_06_27100075_A/G,Chr06,27100075,0.017225805068311,9543,FALSE
Pv2.1_11_2282096_C/G,Chr11,2282096,0.0172240962583872,9544,FALSE
Pv2.1_01_17178415_GA/G,Chr01,17178415,0.0172237602774943,9545,FALSE
Pv2.1_11_16894892_G/A,Chr11,16894892,0.0172210939784119,9546,FALSE
Pv2.1_11_53440949_T/C,Chr11,53440949,0.0172150999892362,9547,FALSE
Pv2.1_04_4083251_A/G,Chr04,4083251,0.017214199378059,9548,FALSE
Pv2.1_04_4083269_A/G,Chr04,4083269,0.017214199378059,9549,FALSE
Pv2.1_07_1006614_T/C,Chr07,1006614,0.0172135523401002,9550,FALSE
Pv2.1_02_25857389_C/CT,Chr02,25857389,0.0172123807870523,9551,FALSE
Pv2.1_09_22312872_G/T,Chr09,22312872,0.017212126932808,9552,FALSE
Pv2.1_09_22312880_G/A,Chr09,22312880,0.017212126932808,9553,FALSE
Pv2.1_07_34260344_A/G,Chr07,34260344,0.0172069757601161,9554,FALSE
Pv2.1_07_34260345_T/A,Chr07,34260345,0.0172069757601161,9555,FALSE
Pv2.1_05_37924610_T/C,Chr05,37924610,0.0172064697281078,9556,FALSE
Pv2.1_05_37924616_T/A,Chr05,37924616,0.0172064697281078,9557,FALSE
Pv2.1_10_43597221_G/T,Chr10,43597221,0.0172034516013366,9558,FALSE
Pv2.1_10_43597222_T/C,Chr10,43597222,0.0172034516013366,9559,FALSE
Pv2.1_10_43597222_T/G,Chr10,43597222,0.0172034516013366,9560,FALSE
Pv2.1_10_43597223_T/C,Chr10,43597223,0.0172034516013366,9561,FALSE
Pv2.1_06_24198199_A/C,Chr06,24198199,0.017200647788628,9562,FALSE
Pv2.1_11_3568035_T/C,Chr11,3568035,0.0171893419365592,9563,FALSE
Pv2.1_09_36110793_T/C,Chr09,36110793,0.0171891337988219,9564,FALSE
Pv2.1_03_40682313_G/A,Chr03,40682313,0.0171888713089832,9565,FALSE
Pv2.1_09_28826727_T/A,Chr09,28826727,0.017186282446632,9566,FALSE
Pv2.1_09_14645261_C/T,Chr09,14645261,0.0171833387088545,9567,FALSE
Pv2.1_03_12460794_C/G,Chr03,12460794,0.0171818785376283,9568,FALSE
Pv2.1_08_61185186_A/T,Chr08,61185186,0.0171773626903886,9569,FALSE
Pv2.1_05_3755595_TA/T,Chr05,3755595,0.0171704890694082,9570,FALSE
Pv2.1_04_1593324_C/A,Chr04,1593324,0.0171700921113835,9571,FALSE
Pv2.1_04_432733_C/G,Chr04,432733,0.0171632793219247,9572,FALSE
Pv2.1_08_44044821_G/A,Chr08,44044821,0.0171606415034935,9573,FALSE
Pv2.1_02_36426866_TGG/T,Chr02,36426866,0.0171595401421061,9574,FALSE
Pv2.1_04_8044549_A/G,Chr04,8044549,0.0171594119341698,9575,FALSE
Pv2.1_04_8044555_A/G,Chr04,8044555,0.0171594119341698,9576,FALSE
Pv2.1_10_44210224_A/G,Chr10,44210224,0.0171582825636651,9577,FALSE
Pv2.1_10_44210260_A/G,Chr10,44210260,0.0171582825636651,9578,FALSE
Pv2.1_10_44210266_C/T,Chr10,44210266,0.0171582825636651,9579,FALSE
Pv2.1_02_40032741_G/GA,Chr02,40032741,0.0171542718417341,9580,FALSE
Pv2.1_09_381402_A/G,Chr09,381402,0.0171516976276851,9581,FALSE
Pv2.1_03_53339443_C/A,Chr03,53339443,0.0171515186509845,9582,FALSE
Pv2.1_02_28238340_G/A,Chr02,28238340,0.0171505665723619,9583,FALSE
Pv2.1_02_28238343_C/T,Chr02,28238343,0.0171505665723619,9584,FALSE
Pv2.1_03_52882924_A/T,Chr03,52882924,0.017146368962528,9585,FALSE
Pv2.1_11_3659492_G/A,Chr11,3659492,0.0171458019721249,9586,FALSE
Pv2.1_07_1232004_T/A,Chr07,1232004,0.0171457873890715,9587,FALSE
Pv2.1_03_11946073_C/A,Chr03,11946073,0.0171449034193056,9588,FALSE
Pv2.1_04_44419473_G/T,Chr04,44419473,0.0171399169586164,9589,FALSE
Pv2.1_05_464800_A/G,Chr05,464800,0.0171334384306099,9590,FALSE
Pv2.1_02_27943161_C/T,Chr02,27943161,0.0171327536356043,9591,FALSE
Pv2.1_08_62727866_G/T,Chr08,62727866,0.0171233700381039,9592,FALSE
Pv2.1_02_27099650_T/C,Chr02,27099650,0.0171225763555505,9593,FALSE
Pv2.1_08_9056637_C/G,Chr08,9056637,0.0171213660189915,9594,FALSE
Pv2.1_02_35455350_TACTC/T,Chr02,35455350,0.0171200202795267,9595,FALSE
Pv2.1_02_1630174_T/C,Chr02,1630174,0.0171199658169696,9596,FALSE
Pv2.1_06_21012825_T/G,Chr06,21012825,0.0171169824067272,9597,FALSE
Pv2.1_07_840494_C/T,Chr07,840494,0.0171143826510063,9598,FALSE
Pv2.1_10_4352947_T/C,Chr10,4352947,0.0171142919431189,9599,FALSE
Pv2.1_02_2433863_G/A,Chr02,2433863,0.0171135672309712,9600,FALSE
Pv2.1_04_2395745_T/C,Chr04,2395745,0.017111004039652,9601,FALSE
Pv2.1_09_14534237_G/A,Chr09,14534237,0.0171096687747125,9602,FALSE
Pv2.1_03_11766088_T/G,Chr03,11766088,0.0171068624207686,9603,FALSE
Pv2.1_09_36899422_G/A,Chr09,36899422,0.0171038567810258,9604,FALSE
Pv2.1_07_26686303_T/C,Chr07,26686303,0.017097478227091,9605,FALSE
Pv2.1_07_563124_A/C,Chr07,563124,0.0170962063383393,9606,FALSE
Pv2.1_09_38191020_G/C,Chr09,38191020,0.017080345306586,9607,FALSE
Pv2.1_07_8718775_A/G,Chr07,8718775,0.0170779369392515,9608,FALSE
Pv2.1_07_28383232_A/G,Chr07,28383232,0.017076693598685,9609,FALSE
Pv2.1_05_37360947_C/A,Chr05,37360947,0.0170757847561949,9610,FALSE
Pv2.1_11_1076551_G/GA,Chr11,1076551,0.0170715903169874,9611,FALSE
Pv2.1_09_37920934_C/T,Chr09,37920934,0.0170662749230259,9612,FALSE
Pv2.1_11_52609842_A/T,Chr11,52609842,0.0170631383946498,9613,FALSE
Pv2.1_07_24863_A/G,Chr07,24863,0.0170629222551408,9614,FALSE
Pv2.1_08_24415399_G/C,Chr08,24415399,0.0170601637638095,9615,FALSE
Pv2.1_09_22410603_C/A,Chr09,22410603,0.0170568867935397,9616,FALSE
Pv2.1_03_49784497_T/C,Chr03,49784497,0.017056736981937,9617,FALSE
Pv2.1_08_55531814_G/C,Chr08,55531814,0.0170561122982553,9618,FALSE
Pv2.1_06_20470834_T/C,Chr06,20470834,0.0170527388630886,9619,FALSE
Pv2.1_01_14660435_A/T,Chr01,14660435,0.0170487711422704,9620,FALSE
Pv2.1_01_11547744_A/C,Chr01,11547744,0.0170452458235291,9621,FALSE
Pv2.1_03_12717343_G/A,Chr03,12717343,0.0170448306025732,9622,FALSE
Pv2.1_05_198938_G/A,Chr05,198938,0.017044433687857,9623,FALSE
Pv2.1_07_956003_C/G,Chr07,956003,0.0170436990537701,9624,FALSE
Pv2.1_04_41855345_A/G,Chr04,41855345,0.0170396594838858,9625,FALSE
Pv2.1_04_41855347_G/A,Chr04,41855347,0.0170396594838858,9626,FALSE
Pv2.1_11_3658025_AT/A,Chr11,3658025,0.0170387188059902,9627,FALSE
Pv2.1_07_21053823_A/T,Chr07,21053823,0.0170386299251746,9628,FALSE
Pv2.1_07_38018795_T/C,Chr07,38018795,0.0170338849619278,9629,FALSE
Pv2.1_11_48706110_G/T,Chr11,48706110,0.0170297895554392,9630,FALSE
Pv2.1_11_48706123_G/A,Chr11,48706123,0.0170297895554392,9631,FALSE
Pv2.1_11_48706128_G/A,Chr11,48706128,0.0170297895554392,9632,FALSE
Pv2.1_02_13772115_C/A,Chr02,13772115,0.0170288493806088,9633,FALSE
Pv2.1_09_35314379_G/A,Chr09,35314379,0.0170283890444152,9634,FALSE
Pv2.1_07_38698464_T/A,Chr07,38698464,0.017022891245289,9635,FALSE
Pv2.1_04_528454_A/G,Chr04,528454,0.0170225684896366,9636,FALSE
Pv2.1_03_430706_T/C,Chr03,430706,0.0170191612933905,9637,FALSE
Pv2.1_11_1159179_T/G,Chr11,1159179,0.0170172960326087,9638,FALSE
Pv2.1_10_44213726_A/G,Chr10,44213726,0.0170163701939607,9639,FALSE
Pv2.1_08_60472137_G/A,Chr08,60472137,0.0170156235466523,9640,FALSE
Pv2.1_08_57579096_A/G,Chr08,57579096,0.0170095898789762,9641,FALSE
Pv2.1_11_43735894_T/A,Chr11,43735894,0.0170082602783785,9642,FALSE
Pv2.1_10_23120816_T/A,Chr10,23120816,0.0170046286925918,9643,FALSE
Pv2.1_03_52882952_A/G,Chr03,52882952,0.0170023668296251,9644,FALSE
Pv2.1_08_45849625_T/A,Chr08,45849625,0.0170008636830192,9645,FALSE
Pv2.1_02_39973230_G/A,Chr02,39973230,0.0169954410744615,9646,FALSE
Pv2.1_02_2486310_T/A,Chr02,2486310,0.0169905094498697,9647,FALSE
Pv2.1_06_21887919_T/C,Chr06,21887919,0.0169763873921349,9648,FALSE
Pv2.1_06_21887935_T/A,Chr06,21887935,0.0169763873921349,9649,FALSE
Pv2.1_08_62807751_G/A,Chr08,62807751,0.0169755924788606,9650,FALSE
Pv2.1_08_60448228_G/C,Chr08,60448228,0.0169740732509345,9651,FALSE
Pv2.1_02_49605067_A/G,Chr02,49605067,0.0169731782731306,9652,FALSE
Pv2.1_04_44964407_T/C,Chr04,44964407,0.0169713835176428,9653,FALSE
Pv2.1_09_28322890_A/T,Chr09,28322890,0.0169689307827352,9654,FALSE
Pv2.1_11_2715311_T/A,Chr11,2715311,0.0169619195305635,9655,FALSE
Pv2.1_07_35999661_G/A,Chr07,35999661,0.0169617308609884,9656,FALSE
Pv2.1_10_42222453_T/C,Chr10,42222453,0.0169610051905238,9657,FALSE
Pv2.1_01_5619921_A/G,Chr01,5619921,0.0169607705118859,9658,FALSE
Pv2.1_08_1591798_A/T,Chr08,1591798,0.0169572387937884,9659,FALSE
Pv2.1_03_39816185_G/A,Chr03,39816185,0.016955658474024,9660,FALSE
Pv2.1_08_61728966_A/T,Chr08,61728966,0.016954512360575,9661,FALSE
Pv2.1_05_39245531_T/A,Chr05,39245531,0.0169523541463499,9662,FALSE
Pv2.1_07_26686285_T/C,Chr07,26686285,0.0169477213571105,9663,FALSE
Pv2.1_04_47686639_G/C,Chr04,47686639,0.0169467024838923,9664,FALSE
Pv2.1_05_19489841_T/C,Chr05,19489841,0.0169418835013877,9665,FALSE
Pv2.1_10_42019924_T/A,Chr10,42019924,0.0169418321241888,9666,FALSE
Pv2.1_04_281365_A/C,Chr04,281365,0.0169383233852636,9667,FALSE
Pv2.1_08_60638710_G/T,Chr08,60638710,0.0169300725372414,9668,FALSE
Pv2.1_01_4620921_G/T,Chr01,4620921,0.0169299382184773,9669,FALSE
Pv2.1_10_42222536_T/G,Chr10,42222536,0.0169181192815069,9670,FALSE
Pv2.1_07_410231_C/T,Chr07,410231,0.0169129500861218,9671,FALSE
Pv2.1_08_10017911_C/T,Chr08,10017911,0.0169088230680603,9672,FALSE
Pv2.1_07_188377_G/C,Chr07,188377,0.0169048752372629,9673,FALSE
Pv2.1_03_12147815_A/G,Chr03,12147815,0.0169020050478768,9674,FALSE
Pv2.1_07_9526586_T/G,Chr07,9526586,0.0169018877061671,9675,FALSE
Pv2.1_09_29268172_T/G,Chr09,29268172,0.0169013597927998,9676,FALSE
Pv2.1_02_27943191_T/A,Chr02,27943191,0.0168990618018832,9677,FALSE
Pv2.1_02_48546771_A/T,Chr02,48546771,0.0168965566556945,9678,FALSE
Pv2.1_02_28045906_C/A,Chr02,28045906,0.0168965388771869,9679,FALSE
Pv2.1_07_38080341_A/G,Chr07,38080341,0.0168915015036406,9680,FALSE
Pv2.1_03_6996051_T/A,Chr03,6996051,0.0168911677700088,9681,FALSE
Pv2.1_06_25845979_C/T,Chr06,25845979,0.0168905990540007,9682,FALSE
Pv2.1_08_53638209_T/C,Chr08,53638209,0.0168783408488435,9683,FALSE
Pv2.1_08_53638218_G/A,Chr08,53638218,0.0168783408488435,9684,FALSE
Pv2.1_05_39574626_G/T,Chr05,39574626,0.0168761395114867,9685,FALSE
Pv2.1_01_11582772_T/C,Chr01,11582772,0.0168740741128999,9686,FALSE
Pv2.1_06_22450080_C/G,Chr06,22450080,0.0168620229787542,9687,FALSE
Pv2.1_06_22450082_G/C,Chr06,22450082,0.0168620229787542,9688,FALSE
Pv2.1_03_11673640_G/A,Chr03,11673640,0.0168602932932744,9689,FALSE
Pv2.1_11_26637835_G/C,Chr11,26637835,0.0168594182435213,9690,FALSE
Pv2.1_07_277310_T/C,Chr07,277310,0.0168591611938904,9691,FALSE
Pv2.1_04_5200352_G/A,Chr04,5200352,0.0168582552805576,9692,FALSE
Pv2.1_04_5200357_C/T,Chr04,5200357,0.0168582552805576,9693,FALSE
Pv2.1_11_2282156_C/A,Chr11,2282156,0.0168567187299211,9694,FALSE
Pv2.1_11_2282171_C/G,Chr11,2282171,0.0168567187299211,9695,FALSE
Pv2.1_08_47574779_GA/G,Chr08,47574779,0.0168561180219817,9696,FALSE
Pv2.1_08_60448264_T/G,Chr08,60448264,0.0168558314769243,9697,FALSE
Pv2.1_05_3779357_G/A,Chr05,3779357,0.0168536917207041,9698,FALSE
Pv2.1_10_43597229_T/A,Chr10,43597229,0.0168496454730303,9699,FALSE
Pv2.1_04_5494455_T/C,Chr04,5494455,0.0168481926293027,9700,FALSE
Pv2.1_03_549568_A/G,Chr03,549568,0.0168444494115043,9701,FALSE
Pv2.1_08_30382500_A/T,Chr08,30382500,0.016843811580495,9702,FALSE
Pv2.1_08_61264479_A/G,Chr08,61264479,0.016842192081596,9703,FALSE
Pv2.1_07_61267_G/C,Chr07,61267,0.0168413236197433,9704,FALSE
Pv2.1_09_38099936_C/A,Chr09,38099936,0.0168342511588149,9705,FALSE
Pv2.1_11_1492700_G/A,Chr11,1492700,0.0168316646165532,9706,FALSE
Pv2.1_02_30842340_A/G,Chr02,30842340,0.0168316097928694,9707,FALSE
Pv2.1_04_432820_T/C,Chr04,432820,0.0168300148034626,9708,FALSE
Pv2.1_03_6810073_T/C,Chr03,6810073,0.0168261677907027,9709,FALSE
Pv2.1_03_6810073_T/G,Chr03,6810073,0.0168261677907027,9710,FALSE
Pv2.1_03_51828799_G/A,Chr03,51828799,0.0168248321083482,9711,FALSE
Pv2.1_05_465052_C/T,Chr05,465052,0.0168232897254024,9712,FALSE
Pv2.1_04_7718517_A/C,Chr04,7718517,0.0168228639691055,9713,FALSE
Pv2.1_04_45663274_C/T,Chr04,45663274,0.0168226327778491,9714,FALSE
Pv2.1_11_51028080_T/C,Chr11,51028080,0.016821678265003,9715,FALSE
Pv2.1_10_42229156_C/T,Chr10,42229156,0.0168215689624489,9716,FALSE
Pv2.1_07_425700_A/G,Chr07,425700,0.0168197542451285,9717,FALSE
Pv2.1_03_12147791_G/T,Chr03,12147791,0.0168183277440006,9718,FALSE
Pv2.1_08_45848468_A/T,Chr08,45848468,0.0168171162025357,9719,FALSE
Pv2.1_09_30139583_A/T,Chr09,30139583,0.0168149067210628,9720,FALSE
Pv2.1_02_39761154_G/T,Chr02,39761154,0.0168121531235692,9721,FALSE
Pv2.1_03_40715871_G/T,Chr03,40715871,0.0168105295561785,9722,FALSE
Pv2.1_08_62765214_CA/C,Chr08,62765214,0.0168100136062006,9723,FALSE
Pv2.1_08_62327623_T/C,Chr08,62327623,0.0168077709171994,9724,FALSE
Pv2.1_04_47457860_G/A,Chr04,47457860,0.0168074886963314,9725,FALSE
Pv2.1_05_39837778_A/G,Chr05,39837778,0.0168071386538653,9726,FALSE
Pv2.1_03_1269307_T/G,Chr03,1269307,0.0168069253757932,9727,FALSE
Pv2.1_11_42274789_T/A,Chr11,42274789,0.016806320585308,9728,FALSE
Pv2.1_10_38147188_T/C,Chr10,38147188,0.016805217893757,9729,FALSE
Pv2.1_02_28324161_C/G,Chr02,28324161,0.0168052076488054,9730,FALSE
Pv2.1_08_5260879_C/T,Chr08,5260879,0.016801612522011,9731,FALSE
Pv2.1_02_44965340_A/T,Chr02,44965340,0.0167997299332896,9732,FALSE
Pv2.1_06_27815505_A/C,Chr06,27815505,0.0167994122255362,9733,FALSE
Pv2.1_08_9130752_A/G,Chr08,9130752,0.016798696383221,9734,FALSE
Pv2.1_07_33507715_T/C,Chr07,33507715,0.0167914653353818,9735,FALSE
Pv2.1_08_16324108_T/C,Chr08,16324108,0.016788444320647,9736,FALSE
Pv2.1_11_53267269_GTGT/G,Chr11,53267269,0.0167869966152638,9737,FALSE
Pv2.1_03_6727174_G/GT,Chr03,6727174,0.0167828601452387,9738,FALSE
Pv2.1_05_464892_A/G,Chr05,464892,0.0167818872509997,9739,FALSE
Pv2.1_02_49620503_AT/A,Chr02,49620503,0.0167760381564968,9740,FALSE
Pv2.1_09_37679666_C/A,Chr09,37679666,0.0167744180716736,9741,FALSE
Pv2.1_05_38449517_A/G,Chr05,38449517,0.0167740654147757,9742,FALSE
Pv2.1_03_11281770_T/A,Chr03,11281770,0.0167739433691643,9743,FALSE
Pv2.1_02_23210992_C/A,Chr02,23210992,0.0167734426544786,9744,FALSE
Pv2.1_02_10520084_C/G,Chr02,10520084,0.0167717087776471,9745,FALSE
Pv2.1_11_28732375_C/A,Chr11,28732375,0.016770666805034,9746,FALSE
Pv2.1_08_7787606_A/T,Chr08,7787606,0.0167703297747406,9747,FALSE
Pv2.1_07_34301811_T/C,Chr07,34301811,0.0167701483146678,9748,FALSE
Pv2.1_09_38119558_C/T,Chr09,38119558,0.0167609307381844,9749,FALSE
Pv2.1_04_62655_T/G,Chr04,62655,0.0167601938937532,9750,FALSE
Pv2.1_09_35630635_C/T,Chr09,35630635,0.0167597547422975,9751,FALSE
Pv2.1_05_38217362_G/T,Chr05,38217362,0.0167558224932867,9752,FALSE
Pv2.1_11_45469533_C/A,Chr11,45469533,0.0167547833995556,9753,FALSE
Pv2.1_08_44009528_A/T,Chr08,44009528,0.016748767738445,9754,FALSE
Pv2.1_01_507588_T/C,Chr01,507588,0.0167477766753175,9755,FALSE
Pv2.1_06_19446553_C/G,Chr06,19446553,0.0167471002465809,9756,FALSE
Pv2.1_06_19446585_G/T,Chr06,19446585,0.0167471002465809,9757,FALSE
Pv2.1_03_44665922_GAC/G,Chr03,44665922,0.0167436410379316,9758,FALSE
Pv2.1_07_46154_T/C,Chr07,46154,0.016729355509713,9759,FALSE
Pv2.1_08_3181860_A/G,Chr08,3181860,0.0167268923452406,9760,FALSE
Pv2.1_08_3181864_G/T,Chr08,3181864,0.0167268923452406,9761,FALSE
Pv2.1_08_3181875_C/T,Chr08,3181875,0.0167186165783946,9762,FALSE
Pv2.1_05_38217379_A/T,Chr05,38217379,0.0167184438027204,9763,FALSE
Pv2.1_06_27577674_T/C,Chr06,27577674,0.0167168136698432,9764,FALSE
Pv2.1_05_39245716_G/A,Chr05,39245716,0.0167120265905596,9765,FALSE
Pv2.1_05_116391_G/T,Chr05,116391,0.0167109221654105,9766,FALSE
Pv2.1_11_52317952_G/T,Chr11,52317952,0.0167099009470326,9767,FALSE
Pv2.1_09_14060527_AT/A,Chr09,14060527,0.0167071912591443,9768,FALSE
Pv2.1_02_2186172_T/C,Chr02,2186172,0.0167039097866462,9769,FALSE
Pv2.1_04_4560403_G/C,Chr04,4560403,0.0167024642658329,9770,FALSE
Pv2.1_06_19545484_G/A,Chr06,19545484,0.0166974371278061,9771,FALSE
Pv2.1_09_22356489_G/C,Chr09,22356489,0.0166971701150418,9772,FALSE
Pv2.1_06_14665776_T/A,Chr06,14665776,0.0166895277420349,9773,FALSE
Pv2.1_01_4901354_A/G,Chr01,4901354,0.0166851150001319,9774,FALSE
Pv2.1_07_34042935_T/C,Chr07,34042935,0.0166819340664715,9775,FALSE
Pv2.1_11_1072783_C/T,Chr11,1072783,0.0166780399567532,9776,FALSE
Pv2.1_11_943593_C/G,Chr11,943593,0.0166779280394258,9777,FALSE
Pv2.1_04_9626721_C/CT,Chr04,9626721,0.0166779127601999,9778,FALSE
Pv2.1_06_24135032_G/A,Chr06,24135032,0.0166744384779589,9779,FALSE
Pv2.1_11_2274593_G/A,Chr11,2274593,0.016673864024225,9780,FALSE
Pv2.1_08_28379877_G/A,Chr08,28379877,0.0166725817375895,9781,FALSE
Pv2.1_07_444014_C/T,Chr07,444014,0.0166720823903446,9782,FALSE
Pv2.1_07_23125245_C/T,Chr07,23125245,0.0166645469444493,9783,FALSE
Pv2.1_08_563653_C/G,Chr08,563653,0.0166613442646097,9784,FALSE
Pv2.1_09_29132580_C/A,Chr09,29132580,0.0166595599669854,9785,FALSE
Pv2.1_01_11582787_T/A,Chr01,11582787,0.0166501149928315,9786,FALSE
Pv2.1_02_47032178_C/T,Chr02,47032178,0.0166493746227743,9787,FALSE
Pv2.1_11_2978818_G/A,Chr11,2978818,0.0166481363050672,9788,FALSE
Pv2.1_09_36899431_A/T,Chr09,36899431,0.0166475786081568,9789,FALSE
Pv2.1_11_1706224_T/C,Chr11,1706224,0.0166447266895693,9790,FALSE
Pv2.1_02_27564130_T/C,Chr02,27564130,0.0166356098530924,9791,FALSE
Pv2.1_11_462273_T/C,Chr11,462273,0.0166338398957109,9792,FALSE
Pv2.1_09_14556261_G/A,Chr09,14556261,0.0166335341054333,9793,FALSE
Pv2.1_09_14556291_T/G,Chr09,14556291,0.0166335341054333,9794,FALSE
Pv2.1_03_40556457_T/C,Chr03,40556457,0.0166326061413824,9795,FALSE
Pv2.1_07_36606917_A/G,Chr07,36606917,0.0166311139918758,9796,FALSE
Pv2.1_06_28078985_A/G,Chr06,28078985,0.0166310033141879,9797,FALSE
Pv2.1_03_2580077_G/A,Chr03,2580077,0.0166236050170809,9798,FALSE
Pv2.1_07_32234663_C/T,Chr07,32234663,0.0166192185531227,9799,FALSE
Pv2.1_08_61467794_G/A,Chr08,61467794,0.0166119264675855,9800,FALSE
Pv2.1_03_729691_G/T,Chr03,729691,0.0166100503187736,9801,FALSE
Pv2.1_11_4617746_T/A,Chr11,4617746,0.0166019606394694,9802,FALSE
Pv2.1_05_38217202_G/T,Chr05,38217202,0.0165940500740289,9803,FALSE
Pv2.1_06_28249047_A/G,Chr06,28249047,0.0165880377601702,9804,FALSE
Pv2.1_01_1639069_A/C,Chr01,1639069,0.0165801984725822,9805,FALSE
Pv2.1_01_1499995_G/C,Chr01,1499995,0.0165773191810055,9806,FALSE
Pv2.1_10_41562078_C/T,Chr10,41562078,0.0165721211242515,9807,FALSE
Pv2.1_11_35707618_A/G,Chr11,35707618,0.016572073954539,9808,FALSE
Pv2.1_04_1176593_A/T,Chr04,1176593,0.0165711287900523,9809,FALSE
Pv2.1_03_2504233_A/G,Chr03,2504233,0.0165702114325628,9810,FALSE
Pv2.1_02_38669097_A/T,Chr02,38669097,0.0165669304679632,9811,FALSE
Pv2.1_07_39862112_T/C,Chr07,39862112,0.0165627277503853,9812,FALSE
Pv2.1_06_620017_C/A,Chr06,620017,0.0165572942608065,9813,FALSE
Pv2.1_07_35999687_CAA/C,Chr07,35999687,0.0165566901182808,9814,FALSE
Pv2.1_05_4918629_T/G,Chr05,4918629,0.0165534215179197,9815,FALSE
Pv2.1_03_7264192_T/C,Chr03,7264192,0.0165525972402163,9816,FALSE
Pv2.1_08_60658562_T/C,Chr08,60658562,0.016551267832476,9817,FALSE
Pv2.1_05_3585806_G/A,Chr05,3585806,0.0165499432464942,9818,FALSE
Pv2.1_03_2494267_A/G,Chr03,2494267,0.0165432884807704,9819,FALSE
Pv2.1_07_7438435_C/T,Chr07,7438435,0.0165378355792223,9820,FALSE
Pv2.1_06_19446565_G/A,Chr06,19446565,0.0165377620646834,9821,FALSE
Pv2.1_02_27564313_A/G,Chr02,27564313,0.0165352818111444,9822,FALSE
Pv2.1_08_8337695_T/C,Chr08,8337695,0.0165352063310107,9823,FALSE
Pv2.1_03_912961_A/T,Chr03,912961,0.0165323485967903,9824,FALSE
Pv2.1_09_28333626_GA/G,Chr09,28333626,0.0165319290638619,9825,FALSE
Pv2.1_04_1670996_G/GA,Chr04,1670996,0.0165313696740226,9826,FALSE
Pv2.1_07_21436795_CAG/C,Chr07,21436795,0.0165309539090055,9827,FALSE
Pv2.1_08_63019050_T/C,Chr08,63019050,0.016530430994901,9828,FALSE
Pv2.1_07_4245047_A/G,Chr07,4245047,0.0165287913585739,9829,FALSE
Pv2.1_03_40784409_T/C,Chr03,40784409,0.0165248235568809,9830,FALSE
Pv2.1_07_3473905_T/C,Chr07,3473905,0.0165227143287812,9831,FALSE
Pv2.1_08_31134610_T/G,Chr08,31134610,0.016515630645431,9832,FALSE
Pv2.1_10_32118671_C/T,Chr10,32118671,0.0165141485024867,9833,FALSE
Pv2.1_01_17178273_A/G,Chr01,17178273,0.0165096555387416,9834,FALSE
Pv2.1_04_39257426_GAC/G,Chr04,39257426,0.016507745169454,9835,FALSE
Pv2.1_03_49696839_A/G,Chr03,49696839,0.0165047392359687,9836,FALSE
Pv2.1_08_62552934_G/A,Chr08,62552934,0.0165015762333947,9837,FALSE
Pv2.1_04_45449136_ATC/A,Chr04,45449136,0.0165012582782462,9838,FALSE
Pv2.1_05_3779488_T/C,Chr05,3779488,0.0164995303190247,9839,FALSE
Pv2.1_10_43821494_C/T,Chr10,43821494,0.0164985754822795,9840,FALSE
Pv2.1_11_53497093_A/C,Chr11,53497093,0.0164968134037959,9841,FALSE
Pv2.1_05_121066_C/T,Chr05,121066,0.0164930029543884,9842,FALSE
Pv2.1_11_53543510_A/G,Chr11,53543510,0.0164924683138632,9843,FALSE
Pv2.1_02_35113528_GT/G,Chr02,35113528,0.0164890726594944,9844,FALSE
Pv2.1_02_23338212_G/T,Chr02,23338212,0.0164860119236119,9845,FALSE
Pv2.1_06_21661924_T/G,Chr06,21661924,0.0164851461267737,9846,FALSE
Pv2.1_04_45448830_A/G,Chr04,45448830,0.0164849375238383,9847,FALSE
Pv2.1_07_32573223_T/A,Chr07,32573223,0.0164836736346867,9848,FALSE
Pv2.1_04_1983129_A/C,Chr04,1983129,0.0164795446570789,9849,FALSE
Pv2.1_03_24104558_A/AT,Chr03,24104558,0.0164764279802956,9850,FALSE
Pv2.1_01_929990_C/T,Chr01,929990,0.016473485698481,9851,FALSE
Pv2.1_07_38813806_A/AT,Chr07,38813806,0.0164630788505842,9852,FALSE
Pv2.1_03_10888291_T/C,Chr03,10888291,0.0164615749933854,9853,FALSE
Pv2.1_10_38247286_G/T,Chr10,38247286,0.0164600676823019,9854,FALSE
Pv2.1_08_44387322_C/G,Chr08,44387322,0.0164546220773549,9855,FALSE
Pv2.1_11_533267_T/C,Chr11,533267,0.0164525730652989,9856,FALSE
Pv2.1_03_115331_A/G,Chr03,115331,0.0164517535469426,9857,FALSE
Pv2.1_03_115333_A/T,Chr03,115333,0.0164517535469426,9858,FALSE
Pv2.1_11_1173941_T/G,Chr11,1173941,0.016451350180068,9859,FALSE
Pv2.1_01_49221261_C/T,Chr01,49221261,0.0164496757848802,9860,FALSE
Pv2.1_11_1342945_TA/T,Chr11,1342945,0.016448160895489,9861,FALSE
Pv2.1_04_7718367_C/T,Chr04,7718367,0.016446840437812,9862,FALSE
Pv2.1_07_39360902_G/T,Chr07,39360902,0.0164423755505054,9863,FALSE
Pv2.1_11_53242979_G/C,Chr11,53242979,0.0164422710085752,9864,FALSE
Pv2.1_06_28242585_T/C,Chr06,28242585,0.0164422384142893,9865,FALSE
Pv2.1_02_27074303_A/G,Chr02,27074303,0.0164413277125006,9866,FALSE
Pv2.1_07_38947370_A/G,Chr07,38947370,0.0164404363951145,9867,FALSE
Pv2.1_01_6558305_T/C,Chr01,6558305,0.0164302658305426,9868,FALSE
Pv2.1_04_44964353_A/C,Chr04,44964353,0.0164293031923974,9869,FALSE
Pv2.1_11_1555431_A/G,Chr11,1555431,0.0164263442081865,9870,FALSE
Pv2.1_10_36247251_T/C,Chr10,36247251,0.0164236563885565,9871,FALSE
Pv2.1_07_29104517_T/A,Chr07,29104517,0.016422981041964,9872,FALSE
Pv2.1_08_11524757_G/A,Chr08,11524757,0.016421903387116,9873,FALSE
Pv2.1_10_2960232_T/A,Chr10,2960232,0.0164212910553871,9874,FALSE
Pv2.1_01_5816071_G/C,Chr01,5816071,0.0164170538112582,9875,FALSE
Pv2.1_04_1645733_G/C,Chr04,1645733,0.0164160073441679,9876,FALSE
Pv2.1_11_46687542_A/G,Chr11,46687542,0.0164152130765785,9877,FALSE
Pv2.1_11_46687555_C/G,Chr11,46687555,0.0164152130765785,9878,FALSE
Pv2.1_06_29282600_A/C,Chr06,29282600,0.0164129171181209,9879,FALSE
Pv2.1_10_40046111_A/G,Chr10,40046111,0.016412061098714,9880,FALSE
Pv2.1_04_47249832_C/T,Chr04,47249832,0.0164102716730916,9881,FALSE
Pv2.1_01_5016498_T/C,Chr01,5016498,0.0164101969195718,9882,FALSE
Pv2.1_08_7334157_A/C,Chr08,7334157,0.0164082900725799,9883,FALSE
Pv2.1_07_4116527_G/A,Chr07,4116527,0.0164052333755533,9884,FALSE
Pv2.1_01_1355406_T/G,Chr01,1355406,0.0164023430343541,9885,FALSE
Pv2.1_08_13361263_G/A,Chr08,13361263,0.0164018768927203,9886,FALSE
Pv2.1_02_30178715_C/G,Chr02,30178715,0.0164013021916563,9887,FALSE
Pv2.1_06_19606307_C/T,Chr06,19606307,0.0163973807890807,9888,FALSE
Pv2.1_04_15954922_G/GA,Chr04,15954922,0.0163963713722484,9889,FALSE
Pv2.1_08_60779834_A/G,Chr08,60779834,0.0163928792458359,9890,FALSE
Pv2.1_04_47488058_T/G,Chr04,47488058,0.0163902839916452,9891,FALSE
Pv2.1_01_48992_G/T,Chr01,48992,0.0163883642515561,9892,FALSE
Pv2.1_07_34462578_A/G,Chr07,34462578,0.0163877154933587,9893,FALSE
Pv2.1_03_2964550_G/A,Chr03,2964550,0.0163870176402181,9894,FALSE
Pv2.1_10_6495216_G/T,Chr10,6495216,0.0163849254086124,9895,FALSE
Pv2.1_08_40814853_G/T,Chr08,40814853,0.0163836362250844,9896,FALSE
Pv2.1_06_23977851_C/G,Chr06,23977851,0.0163765906383846,9897,FALSE
Pv2.1_05_3782153_A/G,Chr05,3782153,0.0163700750126976,9898,FALSE
Pv2.1_09_12105394_T/A,Chr09,12105394,0.016369873515381,9899,FALSE
Pv2.1_10_43597215_T/G,Chr10,43597215,0.0163669005012608,9900,FALSE
Pv2.1_08_61081490_G/A,Chr08,61081490,0.0163636468008601,9901,FALSE
Pv2.1_03_52435535_G/A,Chr03,52435535,0.0163620783814245,9902,FALSE
Pv2.1_04_69108_C/T,Chr04,69108,0.0163580249267636,9903,FALSE
Pv2.1_11_29457419_A/T,Chr11,29457419,0.0163552502761268,9904,FALSE
Pv2.1_06_20458939_G/A,Chr06,20458939,0.0163535420734116,9905,FALSE
Pv2.1_02_37374593_A/AC,Chr02,37374593,0.0163522761186821,9906,FALSE
Pv2.1_11_533232_C/T,Chr11,533232,0.0163502416612666,9907,FALSE
Pv2.1_06_23512177_C/T,Chr06,23512177,0.016349448643314,9908,FALSE
Pv2.1_05_37381604_T/A,Chr05,37381604,0.0163426015947294,9909,FALSE
Pv2.1_09_36804866_A/C,Chr09,36804866,0.0163424423240235,9910,FALSE
Pv2.1_07_3274074_G/T,Chr07,3274074,0.0163416650228094,9911,FALSE
Pv2.1_06_29952252_A/G,Chr06,29952252,0.0163400452728455,9912,FALSE
Pv2.1_10_36446806_C/G,Chr10,36446806,0.0163398842442417,9913,FALSE
Pv2.1_01_46498330_T/G,Chr01,46498330,0.0163355841481323,9914,FALSE
Pv2.1_08_61889854_C/T,Chr08,61889854,0.0163310396776555,9915,FALSE
Pv2.1_07_40010965_A/T,Chr07,40010965,0.0163224071202328,9916,FALSE
Pv2.1_03_10953271_T/C,Chr03,10953271,0.0163223454917354,9917,FALSE
Pv2.1_02_518635_G/T,Chr02,518635,0.0163176691942999,9918,FALSE
Pv2.1_08_502146_G/C,Chr08,502146,0.0163148008262817,9919,FALSE
Pv2.1_07_1080351_G/A,Chr07,1080351,0.0163100006660875,9920,FALSE
Pv2.1_08_61639184_T/C,Chr08,61639184,0.0163033089340843,9921,FALSE
Pv2.1_08_61639189_G/A,Chr08,61639189,0.0163033089340843,9922,FALSE
Pv2.1_08_7787798_G/C,Chr08,7787798,0.0163018938639006,9923,FALSE
Pv2.1_03_43551607_C/A,Chr03,43551607,0.0163013047246516,9924,FALSE
Pv2.1_08_60247743_G/C,Chr08,60247743,0.0162918071165588,9925,FALSE
Pv2.1_09_22356582_T/TAAA,Chr09,22356582,0.0162893831891937,9926,FALSE
Pv2.1_05_5470591_G/A,Chr05,5470591,0.016288407035264,9927,FALSE
Pv2.1_11_28732358_T/A,Chr11,28732358,0.0162881204687517,9928,FALSE
Pv2.1_04_2319312_A/G,Chr04,2319312,0.0162874156697068,9929,FALSE
Pv2.1_07_1307998_T/A,Chr07,1307998,0.0162831001878305,9930,FALSE
Pv2.1_07_1491651_C/G,Chr07,1491651,0.0162816075424268,9931,FALSE
Pv2.1_08_1001435_C/A,Chr08,1001435,0.0162800087782142,9932,FALSE
Pv2.1_07_38698456_G/T,Chr07,38698456,0.0162787637159627,9933,FALSE
Pv2.1_07_38698460_T/A,Chr07,38698460,0.0162787637159627,9934,FALSE
Pv2.1_01_10575352_T/A,Chr01,10575352,0.0162772517600507,9935,FALSE
Pv2.1_05_40743933_T/A,Chr05,40743933,0.0162736350780546,9936,FALSE
Pv2.1_10_43723957_C/T,Chr10,43723957,0.016262102538279,9937,FALSE
Pv2.1_10_43723960_T/C,Chr10,43723960,0.016262102538279,9938,FALSE
Pv2.1_09_38123426_T/C,Chr09,38123426,0.0162584426338044,9939,FALSE
Pv2.1_07_32262402_T/C,Chr07,32262402,0.0162581186546316,9940,FALSE
Pv2.1_06_23719056_T/C,Chr06,23719056,0.0162574672588049,9941,FALSE
Pv2.1_04_139106_C/A,Chr04,139106,0.0162558803119301,9942,FALSE
Pv2.1_10_44169457_G/A,Chr10,44169457,0.0162526995450016,9943,FALSE
Pv2.1_01_980487_A/G,Chr01,980487,0.0162511546632196,9944,FALSE
Pv2.1_11_3657969_A/G,Chr11,3657969,0.0162503738213244,9945,FALSE
Pv2.1_04_47971607_T/A,Chr04,47971607,0.016250277052507,9946,FALSE
Pv2.1_04_47971607_T/G,Chr04,47971607,0.016250277052507,9947,FALSE
Pv2.1_10_43957442_C/A,Chr10,43957442,0.016248391206545,9948,FALSE
Pv2.1_10_43957442_C/T,Chr10,43957442,0.016248391206545,9949,FALSE
Pv2.1_10_8925028_T/C,Chr10,8925028,0.0162439521771143,9950,FALSE
Pv2.1_10_8925066_T/A,Chr10,8925066,0.0162439521771143,9951,FALSE
Pv2.1_02_1895565_C/T,Chr02,1895565,0.0162431351426857,9952,FALSE
Pv2.1_10_40392342_A/AC,Chr10,40392342,0.0162427531129503,9953,FALSE
Pv2.1_05_22431400_C/T,Chr05,22431400,0.0162425646462987,9954,FALSE
Pv2.1_07_22613465_T/C,Chr07,22613465,0.0162408597316697,9955,FALSE
Pv2.1_10_43187237_A/T,Chr10,43187237,0.016238786066733,9956,FALSE
Pv2.1_01_14477578_G/A,Chr01,14477578,0.0162327392482866,9957,FALSE
Pv2.1_07_9330320_GATT/G,Chr07,9330320,0.0162306094362927,9958,FALSE
Pv2.1_04_11044472_C/T,Chr04,11044472,0.0162293986467503,9959,FALSE
Pv2.1_09_36784735_G/C,Chr09,36784735,0.0162253824520833,9960,FALSE
Pv2.1_03_51015_A/G,Chr03,51015,0.0162234078931451,9961,FALSE
Pv2.1_06_20714399_AGG/A,Chr06,20714399,0.0162230165004584,9962,FALSE
Pv2.1_11_53132564_C/T,Chr11,53132564,0.0162219076610843,9963,FALSE
Pv2.1_09_29088800_G/A,Chr09,29088800,0.0162138261770703,9964,FALSE
Pv2.1_05_38841140_T/A,Chr05,38841140,0.0162118790015171,9965,FALSE
Pv2.1_11_53132600_G/A,Chr11,53132600,0.0162058876290696,9966,FALSE
Pv2.1_06_19446570_T/A,Chr06,19446570,0.016187886395393,9967,FALSE
Pv2.1_01_49221256_C/G,Chr01,49221256,0.0161850163900761,9968,FALSE
Pv2.1_02_1562308_G/A,Chr02,1562308,0.0161777784676036,9969,FALSE
Pv2.1_02_1562312_G/C,Chr02,1562312,0.0161777784676036,9970,FALSE
Pv2.1_09_38190682_TT/C,Chr09,38190682,0.0161768363481429,9971,FALSE
Pv2.1_09_35015722_C/A,Chr09,35015722,0.0161739907739666,9972,FALSE
Pv2.1_07_39131187_T/G,Chr07,39131187,0.0161735419493434,9973,FALSE
Pv2.1_08_62082912_T/C,Chr08,62082912,0.0161700886071312,9974,FALSE
Pv2.1_06_29286021_T/C,Chr06,29286021,0.0161674814663209,9975,FALSE
Pv2.1_07_1475573_A/G,Chr07,1475573,0.0161669211098237,9976,FALSE
Pv2.1_01_811372_A/G,Chr01,811372,0.016164919845604,9977,FALSE
Pv2.1_05_7534310_G/T,Chr05,7534310,0.0161619316580595,9978,FALSE
Pv2.1_05_27718774_G/T,Chr05,27718774,0.0161606250238928,9979,FALSE
Pv2.1_08_62952366_G/A,Chr08,62952366,0.0161524494227732,9980,FALSE
Pv2.1_07_1601526_C/T,Chr07,1601526,0.0161504208729517,9981,FALSE
Pv2.1_10_42288013_A/C,Chr10,42288013,0.0161471448760842,9982,FALSE
Pv2.1_11_1555456_C/T,Chr11,1555456,0.0161462735952855,9983,FALSE
Pv2.1_06_19446416_A/C,Chr06,19446416,0.0161447586260532,9984,FALSE
Pv2.1_02_959239_A/G,Chr02,959239,0.0161434792229489,9985,FALSE
Pv2.1_10_4082890_T/A,Chr10,4082890,0.0161394012281293,9986,FALSE
Pv2.1_08_11528577_A/G,Chr08,11528577,0.0161289080979512,9987,FALSE
Pv2.1_01_10575152_A/T,Chr01,10575152,0.0161280261688725,9988,FALSE
Pv2.1_08_7893416_T/C,Chr08,7893416,0.0161273582308659,9989,FALSE
Pv2.1_08_7893441_T/C,Chr08,7893441,0.0161273582308659,9990,FALSE
Pv2.1_08_59885585_T/C,Chr08,59885585,0.0161249559791932,9991,FALSE
Pv2.1_01_174264_A/G,Chr01,174264,0.0161247530893651,9992,FALSE
Pv2.1_03_43135870_G/A,Chr03,43135870,0.0161219929015988,9993,FALSE
Pv2.1_09_13933836_G/A,Chr09,13933836,0.016121230687999,9994,FALSE
Pv2.1_08_7435268_A/T,Chr08,7435268,0.0161209112335134,9995,FALSE
Pv2.1_08_61526673_T/A,Chr08,61526673,0.0161196325359643,9996,FALSE
Pv2.1_03_40556460_T/A,Chr03,40556460,0.0161167040532808,9997,FALSE
Pv2.1_09_20624750_T/C,Chr09,20624750,0.01611103079318,9998,FALSE
Pv2.1_02_30525844_A/T,Chr02,30525844,0.0161082953099099,9999,FALSE
Pv2.1_06_21240387_A/G,Chr06,21240387,0.0161032740689882,10000,FALSE
Pv2.1_01_6607453_C/T,Chr01,6607453,0.0161022526013541,10001,FALSE
Pv2.1_08_60199642_A/G,Chr08,60199642,0.0161013429219756,10002,FALSE
Pv2.1_07_189238_T/A,Chr07,189238,0.0161011271605847,10003,FALSE
Pv2.1_07_189262_T/C,Chr07,189262,0.0161011271605847,10004,FALSE
Pv2.1_08_60151848_T/C,Chr08,60151848,0.0160994401747523,10005,FALSE
Pv2.1_06_27783986_T/C,Chr06,27783986,0.0160951762184447,10006,FALSE
Pv2.1_08_61225543_T/TTA,Chr08,61225543,0.016094247360555,10007,FALSE
Pv2.1_02_47669811_G/A,Chr02,47669811,0.0160920521145265,10008,FALSE
Pv2.1_11_48706139_T/C,Chr11,48706139,0.0160902678409505,10009,FALSE
Pv2.1_02_10519991_C/T,Chr02,10519991,0.0160837251898203,10010,FALSE
Pv2.1_05_3755561_C/G,Chr05,3755561,0.0160833412176755,10011,FALSE
Pv2.1_06_23841467_A/C,Chr06,23841467,0.0160809398914736,10012,FALSE
Pv2.1_08_61880092_C/T,Chr08,61880092,0.0160802572660708,10013,FALSE
Pv2.1_06_19352843_C/T,Chr06,19352843,0.0160789610960941,10014,FALSE
Pv2.1_07_38158117_T/C,Chr07,38158117,0.0160644133927783,10015,FALSE
Pv2.1_07_38158118_C/A,Chr07,38158118,0.0160644133927783,10016,FALSE
Pv2.1_09_34953759_T/A,Chr09,34953759,0.0160583228539024,10017,FALSE
Pv2.1_03_34973_C/A,Chr03,34973,0.0160544903293336,10018,FALSE
Pv2.1_11_52435808_C/G,Chr11,52435808,0.0160446275055879,10019,FALSE
Pv2.1_07_22229771_G/A,Chr07,22229771,0.0160376733646945,10020,FALSE
Pv2.1_08_8424390_A/T,Chr08,8424390,0.0160354615555725,10021,FALSE
Pv2.1_01_6411663_T/C,Chr01,6411663,0.0160303493810798,10022,FALSE
Pv2.1_04_45465388_T/C,Chr04,45465388,0.0160300058229317,10023,FALSE
Pv2.1_11_1285742_T/G,Chr11,1285742,0.0160293927215727,10024,FALSE
Pv2.1_08_62952451_T/G,Chr08,62952451,0.0160279362649143,10025,FALSE
Pv2.1_01_6487806_G/A,Chr01,6487806,0.0160260221485036,10026,FALSE
Pv2.1_08_57907646_A/C,Chr08,57907646,0.0160249184104364,10027,FALSE
Pv2.1_03_6996038_A/G,Chr03,6996038,0.016024203344545,10028,FALSE
Pv2.1_08_62490321_A/AT,Chr08,62490321,0.0160241379010606,10029,FALSE
Pv2.1_07_28380610_T/G,Chr07,28380610,0.0160237372199323,10030,FALSE
Pv2.1_09_14877254_A/T,Chr09,14877254,0.0160098191192928,10031,FALSE
Pv2.1_11_2269591_C/A,Chr11,2269591,0.0160081230162556,10032,FALSE
Pv2.1_07_105898_C/A,Chr07,105898,0.0160053536030529,10033,FALSE
Pv2.1_01_4999810_G/A,Chr01,4999810,0.0160038289137172,10034,FALSE
Pv2.1_07_21437380_C/A,Chr07,21437380,0.0160036981940652,10035,FALSE
Pv2.1_05_3755559_T/A,Chr05,3755559,0.0160024846599418,10036,FALSE
Pv2.1_05_3755591_G/A,Chr05,3755591,0.0160024846599418,10037,FALSE
Pv2.1_02_12058461_C/T,Chr02,12058461,0.0160020346503065,10038,FALSE
Pv2.1_10_43366970_C/T,Chr10,43366970,0.0160015632803181,10039,FALSE
Pv2.1_03_43155171_T/C,Chr03,43155171,0.015998918998211,10040,FALSE
Pv2.1_03_10999792_A/G,Chr03,10999792,0.0159962712252133,10041,FALSE
Pv2.1_10_2775925_T/A,Chr10,2775925,0.0159943788505772,10042,FALSE
Pv2.1_08_61337795_C/G,Chr08,61337795,0.0159931226237333,10043,FALSE
Pv2.1_07_3478657_G/T,Chr07,3478657,0.0159895781390782,10044,FALSE
Pv2.1_08_62747847_ATG/A,Chr08,62747847,0.0159887153786591,10045,FALSE
Pv2.1_01_10634303_T/A,Chr01,10634303,0.0159873303389579,10046,FALSE
Pv2.1_01_499112_G/T,Chr01,499112,0.0159807045564184,10047,FALSE
Pv2.1_04_1593368_G/A,Chr04,1593368,0.0159797345155548,10048,FALSE
Pv2.1_09_38152439_C/T,Chr09,38152439,0.0159757372877554,10049,FALSE
Pv2.1_07_1175563_T/C,Chr07,1175563,0.0159690930686645,10050,FALSE
Pv2.1_03_53339164_G/A,Chr03,53339164,0.0159602245269301,10051,FALSE
Pv2.1_07_39870491_T/A,Chr07,39870491,0.0159601746127924,10052,FALSE
Pv2.1_08_7893831_G/A,Chr08,7893831,0.0159595133191313,10053,FALSE
Pv2.1_06_19550554_G/A,Chr06,19550554,0.0159580913053343,10054,FALSE
Pv2.1_06_19550577_A/G,Chr06,19550577,0.0159580913053343,10055,FALSE
Pv2.1_09_38104869_G/A,Chr09,38104869,0.0159550543397686,10056,FALSE
Pv2.1_10_32086566_G/A,Chr10,32086566,0.0159549753152333,10057,FALSE
Pv2.1_07_4541646_A/C,Chr07,4541646,0.0159501996441418,10058,FALSE
Pv2.1_06_19331694_G/T,Chr06,19331694,0.0159499755377275,10059,FALSE
Pv2.1_04_1570832_C/CTTGTAAA,Chr04,1570832,0.0159492041023279,10060,FALSE
Pv2.1_11_1163865_A/G,Chr11,1163865,0.0159489603028837,10061,FALSE
Pv2.1_02_44546936_C/G,Chr02,44546936,0.0159477016283649,10062,FALSE
Pv2.1_09_35043592_A/T,Chr09,35043592,0.0159469086720732,10063,FALSE
Pv2.1_04_11405248_T/A,Chr04,11405248,0.0159468201548014,10064,FALSE
Pv2.1_03_12613636_A/T,Chr03,12613636,0.0159465809076655,10065,FALSE
Pv2.1_06_27886210_T/G,Chr06,27886210,0.0159462293426693,10066,FALSE
Pv2.1_07_206149_C/A,Chr07,206149,0.0159458468104718,10067,FALSE
Pv2.1_08_60975831_A/G,Chr08,60975831,0.0159447521211904,10068,FALSE
Pv2.1_08_28492382_C/T,Chr08,28492382,0.0159439243472046,10069,FALSE
Pv2.1_10_1723726_C/T,Chr10,1723726,0.0159431751982249,10070,FALSE
Pv2.1_04_7030457_C/T,Chr04,7030457,0.0159420685906939,10071,FALSE
Pv2.1_10_39731534_G/A,Chr10,39731534,0.015937306806276,10072,FALSE
Pv2.1_03_2457267_AT/A,Chr03,2457267,0.0159348013439597,10073,FALSE
Pv2.1_07_38947361_C/T,Chr07,38947361,0.0159335987086262,10074,FALSE
Pv2.1_11_53497836_T/A,Chr11,53497836,0.0159302830836596,10075,FALSE
Pv2.1_01_635496_G/C,Chr01,635496,0.0159287176046155,10076,FALSE
Pv2.1_07_9330336_A/G,Chr07,9330336,0.0159248054449823,10077,FALSE
Pv2.1_10_41922512_C/T,Chr10,41922512,0.0159221714151885,10078,FALSE
Pv2.1_11_52982925_C/T,Chr11,52982925,0.0159204275535991,10079,FALSE
Pv2.1_11_52982968_G/A,Chr11,52982968,0.0159204275535987,10080,FALSE
Pv2.1_08_59002213_T/C,Chr08,59002213,0.0159202078921949,10081,FALSE
Pv2.1_01_14671458_C/A,Chr01,14671458,0.0159200063048468,10082,FALSE
Pv2.1_10_43821527_C/T,Chr10,43821527,0.0159183068783517,10083,FALSE
Pv2.1_09_38120907_T/C,Chr09,38120907,0.0159131654759208,10084,FALSE
Pv2.1_01_6631826_T/C,Chr01,6631826,0.0159079258986132,10085,FALSE
Pv2.1_07_21769222_C/T,Chr07,21769222,0.0159066951720988,10086,FALSE
Pv2.1_02_512788_A/G,Chr02,512788,0.0159063852753327,10087,FALSE
Pv2.1_02_512800_T/C,Chr02,512800,0.0159063852753327,10088,FALSE
Pv2.1_03_11992892_C/T,Chr03,11992892,0.0158965385948489,10089,FALSE
Pv2.1_11_1018572_A/G,Chr11,1018572,0.0158950380900191,10090,FALSE
Pv2.1_11_1018597_C/T,Chr11,1018597,0.0158950380900191,10091,FALSE
Pv2.1_07_2399505_C/T,Chr07,2399505,0.0158891685139779,10092,FALSE
Pv2.1_07_2399516_T/C,Chr07,2399516,0.0158891685139779,10093,FALSE
Pv2.1_11_1024852_T/C,Chr11,1024852,0.0158845888805415,10094,FALSE
Pv2.1_03_11673556_A/G,Chr03,11673556,0.0158656388730503,10095,FALSE
Pv2.1_07_37011881_T/A,Chr07,37011881,0.0158651249198409,10096,FALSE
Pv2.1_01_6391009_T/G,Chr01,6391009,0.0158613702438393,10097,FALSE
Pv2.1_01_6391051_T/A,Chr01,6391051,0.0158613702438393,10098,FALSE
Pv2.1_01_6391061_T/C,Chr01,6391061,0.0158613702438393,10099,FALSE
Pv2.1_03_52882941_A/T,Chr03,52882941,0.0158582576956796,10100,FALSE
Pv2.1_02_27679047_G/T,Chr02,27679047,0.0158580916930346,10101,FALSE
Pv2.1_11_1163870_A/G,Chr11,1163870,0.0158552301288157,10102,FALSE
Pv2.1_03_33516620_A/T,Chr03,33516620,0.0158513510468858,10103,FALSE
Pv2.1_02_28636418_A/G,Chr02,28636418,0.0158485311809167,10104,FALSE
Pv2.1_07_9330329_G/T,Chr07,9330329,0.0158473233405338,10105,FALSE
Pv2.1_05_3739633_T/A,Chr05,3739633,0.0158454334181291,10106,FALSE
Pv2.1_11_53431717_A/G,Chr11,53431717,0.0158427401858017,10107,FALSE
Pv2.1_02_27806190_T/C,Chr02,27806190,0.0158424898588723,10108,FALSE
Pv2.1_07_28380581_T/A,Chr07,28380581,0.0158409625429439,10109,FALSE
Pv2.1_07_206155_T/C,Chr07,206155,0.0158403395227591,10110,FALSE
Pv2.1_08_7436861_T/C,Chr08,7436861,0.0158402220088485,10111,FALSE
Pv2.1_04_44385377_T/A,Chr04,44385377,0.0158336992991317,10112,FALSE
Pv2.1_10_43477718_T/A,Chr10,43477718,0.01583299920383,10113,FALSE
Pv2.1_01_1000696_C/T,Chr01,1000696,0.0158299807409428,10114,FALSE
Pv2.1_07_3516845_T/C,Chr07,3516845,0.0158269570954541,10115,FALSE
Pv2.1_07_9358886_G/A,Chr07,9358886,0.0158211603344616,10116,FALSE
Pv2.1_02_40032600_T/C,Chr02,40032600,0.0158201127883824,10117,FALSE
Pv2.1_08_52687460_G/AAGT,Chr08,52687460,0.0158196584296282,10118,FALSE
Pv2.1_11_1162237_A/G,Chr11,1162237,0.0158149107288921,10119,FALSE
Pv2.1_01_16003343_C/G,Chr01,16003343,0.0158147241328042,10120,FALSE
Pv2.1_08_60480038_G/T,Chr08,60480038,0.0158134495481117,10121,FALSE
Pv2.1_06_24135029_C/G,Chr06,24135029,0.0158092382627624,10122,FALSE
Pv2.1_07_21106043_C/G,Chr07,21106043,0.0158071694247868,10123,FALSE
Pv2.1_03_12260270_A/T,Chr03,12260270,0.0158019201315369,10124,FALSE
Pv2.1_10_43183440_T/C,Chr10,43183440,0.0158003494043055,10125,FALSE
Pv2.1_11_53543831_G/C,Chr11,53543831,0.0157972164270399,10126,FALSE
Pv2.1_07_23958890_C/T,Chr07,23958890,0.0157949629649217,10127,FALSE
Pv2.1_06_21274038_A/G,Chr06,21274038,0.0157919341199215,10128,FALSE
Pv2.1_11_1173912_A/G,Chr11,1173912,0.0157909335626836,10129,FALSE
Pv2.1_03_11577487_C/T,Chr03,11577487,0.0157880574557741,10130,FALSE
Pv2.1_08_48436493_T/A,Chr08,48436493,0.0157878896186805,10131,FALSE
Pv2.1_05_120710_C/T,Chr05,120710,0.0157823415493459,10132,FALSE
Pv2.1_05_21794633_C/T,Chr05,21794633,0.0157777934277084,10133,FALSE
Pv2.1_03_11951611_T/C,Chr03,11951611,0.0157771893153313,10134,FALSE
Pv2.1_11_47409250_A/T,Chr11,47409250,0.0157769849484786,10135,FALSE
Pv2.1_02_2397031_A/G,Chr02,2397031,0.0157768986676192,10136,FALSE
Pv2.1_07_21496207_G/T,Chr07,21496207,0.0157751084794353,10137,FALSE
Pv2.1_11_52660405_G/A,Chr11,52660405,0.0157743518241009,10138,FALSE
Pv2.1_03_10999765_G/A,Chr03,10999765,0.0157714501211523,10139,FALSE
Pv2.1_11_1010601_C/T,Chr11,1010601,0.0157705172237557,10140,FALSE
Pv2.1_04_4238525_G/A,Chr04,4238525,0.0157696376330536,10141,FALSE
Pv2.1_08_61403168_C/CAA,Chr08,61403168,0.0157694449490449,10142,FALSE
Pv2.1_07_39886358_A/G,Chr07,39886358,0.0157678452926864,10143,FALSE
Pv2.1_10_43118486_G/T,Chr10,43118486,0.0157646283292237,10144,FALSE
Pv2.1_06_21100879_C/G,Chr06,21100879,0.0157539912306897,10145,FALSE
Pv2.1_04_1421381_G/T,Chr04,1421381,0.0157514677150177,10146,FALSE
Pv2.1_08_1817744_C/T,Chr08,1817744,0.0157512167607883,10147,FALSE
Pv2.1_08_1817760_G/A,Chr08,1817760,0.0157512167607883,10148,FALSE
Pv2.1_08_1817784_T/A,Chr08,1817784,0.0157512167607883,10149,FALSE
Pv2.1_10_43821584_T/C,Chr10,43821584,0.0157491021742957,10150,FALSE
Pv2.1_11_2282240_G/A,Chr11,2282240,0.015746758530927,10151,FALSE
Pv2.1_10_43615380_G/A,Chr10,43615380,0.015736099563374,10152,FALSE
Pv2.1_11_1562014_G/A,Chr11,1562014,0.0157263189733428,10153,FALSE
Pv2.1_07_184267_A/G,Chr07,184267,0.0157258419213897,10154,FALSE
Pv2.1_10_42039045_A/T,Chr10,42039045,0.0157233090176478,10155,FALSE
Pv2.1_06_29634962_G/C,Chr06,29634962,0.0157232496443651,10156,FALSE
Pv2.1_04_2164186_T/G,Chr04,2164186,0.0157204808294384,10157,FALSE
Pv2.1_09_381244_G/A,Chr09,381244,0.0157202568334625,10158,FALSE
Pv2.1_08_28280021_A/G,Chr08,28280021,0.0157199978269924,10159,FALSE
Pv2.1_08_8436028_C/G,Chr08,8436028,0.0157189424365751,10160,FALSE
Pv2.1_11_1381898_C/T,Chr11,1381898,0.0157184422564205,10161,FALSE
Pv2.1_11_1381952_C/T,Chr11,1381952,0.0157184422564205,10162,FALSE
Pv2.1_09_14645273_T/C,Chr09,14645273,0.0157084301986665,10163,FALSE
Pv2.1_03_12928809_C/T,Chr03,12928809,0.0157074838439417,10164,FALSE
Pv2.1_11_51028077_G/T,Chr11,51028077,0.0157035306127438,10165,FALSE
Pv2.1_08_7910267_G/A,Chr08,7910267,0.015702030201306,10166,FALSE
Pv2.1_09_35419643_T/C,Chr09,35419643,0.015701663287722,10167,FALSE
Pv2.1_11_1316895_G/A,Chr11,1316895,0.0156985566768855,10168,FALSE
Pv2.1_03_44976984_A/C,Chr03,44976984,0.0156979979893177,10169,FALSE
Pv2.1_07_184198_C/T,Chr07,184198,0.0156915820588219,10170,FALSE
Pv2.1_01_3370918_C/G,Chr01,3370918,0.0156844522076334,10171,FALSE
Pv2.1_07_1143133_C/T,Chr07,1143133,0.0156837052508676,10172,FALSE
Pv2.1_11_52379720_G/A,Chr11,52379720,0.0156822270523156,10173,FALSE
Pv2.1_11_52609864_A/C,Chr11,52609864,0.0156822270523156,10174,FALSE
Pv2.1_11_31980597_G/A,Chr11,31980597,0.0156817858931246,10175,FALSE
Pv2.1_04_47556097_T/G,Chr04,47556097,0.0156807538484158,10176,FALSE
Pv2.1_04_44784868_C/T,Chr04,44784868,0.015671790631929,10177,FALSE
Pv2.1_11_4652873_T/C,Chr11,4652873,0.0156694833967457,10178,FALSE
Pv2.1_10_2960231_T/C,Chr10,2960231,0.0156634873811239,10179,FALSE
Pv2.1_08_1281736_C/T,Chr08,1281736,0.015659903144984,10180,FALSE
Pv2.1_08_34729279_A/G,Chr08,34729279,0.0156519458871136,10181,FALSE
Pv2.1_06_24104011_C/T,Chr06,24104011,0.0156496334800313,10182,FALSE
Pv2.1_02_34635732_G/T,Chr02,34635732,0.0156435374059067,10183,FALSE
Pv2.1_02_34635733_A/C,Chr02,34635733,0.0156435374059067,10184,FALSE
Pv2.1_08_60479656_C/T,Chr08,60479656,0.0156393013446521,10185,FALSE
Pv2.1_03_44976525_A/G,Chr03,44976525,0.0156322610418043,10186,FALSE
Pv2.1_08_41073652_T/C,Chr08,41073652,0.0156317625798628,10187,FALSE
Pv2.1_11_1555488_C/T,Chr11,1555488,0.0156297315406482,10188,FALSE
Pv2.1_11_51645453_T/G,Chr11,51645453,0.0156256995600006,10189,FALSE
Pv2.1_04_2488967_T/C,Chr04,2488967,0.0156243235826312,10190,FALSE
Pv2.1_08_62170581_A/G,Chr08,62170581,0.0156179549650357,10191,FALSE
Pv2.1_01_10257578_T/C,Chr01,10257578,0.0156160259573817,10192,FALSE
Pv2.1_05_21288302_T/C,Chr05,21288302,0.0156149614927052,10193,FALSE
Pv2.1_05_38527088_C/T,Chr05,38527088,0.015611717473178,10194,FALSE
Pv2.1_07_21106057_C/T,Chr07,21106057,0.0156094315192479,10195,FALSE
Pv2.1_10_41396776_G/A,Chr10,41396776,0.0156083841139734,10196,FALSE
Pv2.1_03_51914835_A/ATGT,Chr03,51914835,0.0156076124791587,10197,FALSE
Pv2.1_04_12935259_C/G,Chr04,12935259,0.0156022960723323,10198,FALSE
Pv2.1_09_20387371_T/C,Chr09,20387371,0.0155907170987915,10199,FALSE
Pv2.1_03_33350782_A/T,Chr03,33350782,0.0155892304209355,10200,FALSE
Pv2.1_06_21012683_T/A,Chr06,21012683,0.0155733113428105,10201,FALSE
Pv2.1_06_21012687_A/T,Chr06,21012687,0.0155733113428105,10202,FALSE
Pv2.1_06_21012695_T/A,Chr06,21012695,0.0155733113428105,10203,FALSE
Pv2.1_08_530938_A/T,Chr08,530938,0.0155723371632974,10204,FALSE
Pv2.1_01_47028755_A/T,Chr01,47028755,0.0155706549330672,10205,FALSE
Pv2.1_07_339053_C/A,Chr07,339053,0.0155648934325145,10206,FALSE
Pv2.1_08_7844049_T/G,Chr08,7844049,0.0155629300244922,10207,FALSE
Pv2.1_02_30842584_G/T,Chr02,30842584,0.015561747345493,10208,FALSE
Pv2.1_11_2282021_T/C,Chr11,2282021,0.0155613712124181,10209,FALSE
Pv2.1_07_38727951_C/T,Chr07,38727951,0.0155607064602536,10210,FALSE
Pv2.1_03_766014_C/T,Chr03,766014,0.0155602999711064,10211,FALSE
Pv2.1_06_11037106_A/T,Chr06,11037106,0.0155596814759722,10212,FALSE
Pv2.1_06_11037111_A/T,Chr06,11037111,0.0155596814759722,10213,FALSE
Pv2.1_11_942062_A/T,Chr11,942062,0.0155550131366118,10214,FALSE
Pv2.1_10_38124365_T/G,Chr10,38124365,0.0155533399729837,10215,FALSE
Pv2.1_04_43637453_C/T,Chr04,43637453,0.015552716989566,10216,FALSE
Pv2.1_08_8154451_C/T,Chr08,8154451,0.015547341897975,10217,FALSE
Pv2.1_08_62716876_A/G,Chr08,62716876,0.0155467455973373,10218,FALSE
Pv2.1_02_13635686_C/G,Chr02,13635686,0.0155450491485567,10219,FALSE
Pv2.1_11_29452205_G/A,Chr11,29452205,0.0155449927995397,10220,FALSE
Pv2.1_11_771070_T/G,Chr11,771070,0.0155420198182381,10221,FALSE
Pv2.1_04_43637441_A/G,Chr04,43637441,0.0155359594520936,10222,FALSE
Pv2.1_11_562408_G/T,Chr11,562408,0.0155335264777143,10223,FALSE
Pv2.1_06_27759264_T/C,Chr06,27759264,0.0155324242076476,10224,FALSE
Pv2.1_10_42388276_C/A,Chr10,42388276,0.0155276408532985,10225,FALSE
Pv2.1_10_41093441_G/A,Chr10,41093441,0.0155275106688131,10226,FALSE
Pv2.1_02_8612289_T/G,Chr02,8612289,0.015522521642708,10227,FALSE
Pv2.1_07_38987136_C/T,Chr07,38987136,0.0155203279884675,10228,FALSE
Pv2.1_01_10141735_A/T,Chr01,10141735,0.0155181841052121,10229,FALSE
Pv2.1_03_11375323_A/C,Chr03,11375323,0.0155149164911195,10230,FALSE
Pv2.1_05_16374480_G/A,Chr05,16374480,0.0155142511506989,10231,FALSE
Pv2.1_08_44520398_G/C,Chr08,44520398,0.0155128739090351,10232,FALSE
Pv2.1_10_4904307_G/A,Chr10,4904307,0.0155116454400734,10233,FALSE
Pv2.1_08_60658637_C/A,Chr08,60658637,0.0155115678747357,10234,FALSE
Pv2.1_11_53497859_A/C,Chr11,53497859,0.015509192622198,10235,FALSE
Pv2.1_08_62882610_T/C,Chr08,62882610,0.0155022993064815,10236,FALSE
Pv2.1_02_27943142_A/C,Chr02,27943142,0.0154973558477898,10237,FALSE
Pv2.1_09_28834820_T/G,Chr09,28834820,0.0154962028152186,10238,FALSE
Pv2.1_06_10581518_G/C,Chr06,10581518,0.0154960302678728,10239,FALSE
Pv2.1_07_6748606_C/G,Chr07,6748606,0.0154881442843022,10240,FALSE
Pv2.1_08_61326803_G/C,Chr08,61326803,0.0154753127754184,10241,FALSE
Pv2.1_11_1547171_G/A,Chr11,1547171,0.0154717485445186,10242,FALSE
Pv2.1_08_7377355_C/A,Chr08,7377355,0.0154703570720169,10243,FALSE
Pv2.1_07_32351568_T/A,Chr07,32351568,0.0154564295270898,10244,FALSE
Pv2.1_03_11250924_A/G,Chr03,11250924,0.0154548778448875,10245,FALSE
Pv2.1_03_11250929_C/G,Chr03,11250929,0.0154548778448875,10246,FALSE
Pv2.1_03_11250930_C/G,Chr03,11250930,0.0154548778448875,10247,FALSE
Pv2.1_08_29986004_G/C,Chr08,29986004,0.0154547701944612,10248,FALSE
Pv2.1_07_34507476_TA/T,Chr07,34507476,0.0154543833508596,10249,FALSE
Pv2.1_07_38824916_G/A,Chr07,38824916,0.0154535632381414,10250,FALSE
Pv2.1_11_51916386_C/G,Chr11,51916386,0.0154532842783355,10251,FALSE
Pv2.1_11_51916393_A/T,Chr11,51916393,0.0154532842783355,10252,FALSE
Pv2.1_05_38217491_A/T,Chr05,38217491,0.0154513695117817,10253,FALSE
Pv2.1_05_38217495_A/C,Chr05,38217495,0.0154513695117817,10254,FALSE
Pv2.1_07_3605153_G/T,Chr07,3605153,0.0154507192246927,10255,FALSE
Pv2.1_07_3605157_G/GCCTA,Chr07,3605157,0.0154507192246927,10256,FALSE
Pv2.1_07_1149330_C/A,Chr07,1149330,0.0154501700938305,10257,FALSE
Pv2.1_08_8182234_A/G,Chr08,8182234,0.0154436774083724,10258,FALSE
Pv2.1_06_18525860_T/C,Chr06,18525860,0.0154398719966644,10259,FALSE
Pv2.1_06_19696194_A/T,Chr06,19696194,0.0154320879667651,10260,FALSE
Pv2.1_11_2269570_C/A,Chr11,2269570,0.0154306054743802,10261,FALSE
Pv2.1_11_2269584_A/G,Chr11,2269584,0.0154306054743802,10262,FALSE
Pv2.1_05_40743891_T/C,Chr05,40743891,0.015427974373734,10263,FALSE
Pv2.1_04_5754260_C/T,Chr04,5754260,0.0154275697998116,10264,FALSE
Pv2.1_10_43957514_A/G,Chr10,43957514,0.0154269728102721,10265,FALSE
Pv2.1_03_11733498_C/T,Chr03,11733498,0.0154237545464908,10266,FALSE
Pv2.1_11_38370514_A/G,Chr11,38370514,0.0154236011951601,10267,FALSE
Pv2.1_11_4593447_G/T,Chr11,4593447,0.0154208131894906,10268,FALSE
Pv2.1_10_2997797_A/G,Chr10,2997797,0.0154162013001642,10269,FALSE
Pv2.1_08_8393734_ACAAATT/A,Chr08,8393734,0.0154160009017423,10270,FALSE
Pv2.1_07_39433002_C/T,Chr07,39433002,0.0154144423667262,10271,FALSE
Pv2.1_08_10772186_C/T,Chr08,10772186,0.0154034855334233,10272,FALSE
Pv2.1_01_6516947_G/A,Chr01,6516947,0.0153978871958858,10273,FALSE
Pv2.1_01_6516974_C/A,Chr01,6516974,0.0153978871958858,10274,FALSE
Pv2.1_04_42037468_C/G,Chr04,42037468,0.0153955020709251,10275,FALSE
Pv2.1_04_42037476_T/A,Chr04,42037476,0.0153955020709251,10276,FALSE
Pv2.1_06_26430786_G/T,Chr06,26430786,0.0153863701989163,10277,FALSE
Pv2.1_08_47350110_C/A,Chr08,47350110,0.0153791302715551,10278,FALSE
Pv2.1_08_56226611_C/T,Chr08,56226611,0.0153749048444003,10279,FALSE
Pv2.1_08_61639222_G/A,Chr08,61639222,0.0153740790983106,10280,FALSE
Pv2.1_05_3583150_G/T,Chr05,3583150,0.015373186059644,10281,FALSE
Pv2.1_04_47497798_G/A,Chr04,47497798,0.0153725977920858,10282,FALSE
Pv2.1_10_4589106_T/G,Chr10,4589106,0.0153681522493732,10283,FALSE
Pv2.1_07_28490207_C/G,Chr07,28490207,0.0153673185493539,10284,FALSE
Pv2.1_08_52131355_C/G,Chr08,52131355,0.0153672166297123,10285,FALSE
Pv2.1_04_2413541_G/A,Chr04,2413541,0.0153652981743702,10286,FALSE
Pv2.1_03_12326185_T/A,Chr03,12326185,0.0153633712412744,10287,FALSE
Pv2.1_11_4652840_G/A,Chr11,4652840,0.0153619940079355,10288,FALSE
Pv2.1_02_36911303_C/A,Chr02,36911303,0.0153593836714836,10289,FALSE
Pv2.1_05_4964092_A/T,Chr05,4964092,0.0153592269724867,10290,FALSE
Pv2.1_07_189064_G/A,Chr07,189064,0.0153578500765685,10291,FALSE
Pv2.1_02_45749150_C/A,Chr02,45749150,0.0153567817223976,10292,FALSE
Pv2.1_04_46973050_G/A,Chr04,46973050,0.0153495091854161,10293,FALSE
Pv2.1_05_3739664_T/A,Chr05,3739664,0.0153486048484344,10294,FALSE
Pv2.1_07_1080162_A/G,Chr07,1080162,0.0153477752512452,10295,FALSE
Pv2.1_02_28089646_T/C,Chr02,28089646,0.0153445378431463,10296,FALSE
Pv2.1_08_7784602_G/C,Chr08,7784602,0.0153443715017692,10297,FALSE
Pv2.1_08_7784625_A/G,Chr08,7784625,0.0153443715017692,10298,FALSE
Pv2.1_07_594323_G/A,Chr07,594323,0.0153397589544082,10299,FALSE
Pv2.1_07_6595160_G/T,Chr07,6595160,0.0153395902420641,10300,FALSE
Pv2.1_11_2282072_A/C,Chr11,2282072,0.0153377413692262,10301,FALSE
Pv2.1_10_41988727_G/C,Chr10,41988727,0.0153342901504803,10302,FALSE
Pv2.1_04_2205922_G/A,Chr04,2205922,0.0153334061586303,10303,FALSE
Pv2.1_04_2205933_T/C,Chr04,2205933,0.0153334061586303,10304,FALSE
Pv2.1_07_216282_A/G,Chr07,216282,0.0153320608820335,10305,FALSE
Pv2.1_07_28996339_C/G,Chr07,28996339,0.0153272625011915,10306,FALSE
Pv2.1_07_28996371_C/T,Chr07,28996371,0.0153272625011915,10307,FALSE
Pv2.1_06_18407448_T/A,Chr06,18407448,0.0153249010444125,10308,FALSE
Pv2.1_04_11135614_G/A,Chr04,11135614,0.015312990030814,10309,FALSE
Pv2.1_05_27718775_A/T,Chr05,27718775,0.0153129610572562,10310,FALSE
Pv2.1_11_252754_A/G,Chr11,252754,0.0153121024893044,10311,FALSE
Pv2.1_11_51321288_A/G,Chr11,51321288,0.0153110955250346,10312,FALSE
Pv2.1_07_4130921_T/G,Chr07,4130921,0.0153077432292519,10313,FALSE
Pv2.1_11_2741709_A/G,Chr11,2741709,0.0153055355264415,10314,FALSE
Pv2.1_11_1163864_A/G,Chr11,1163864,0.0152983438510015,10315,FALSE
Pv2.1_09_716046_A/G,Chr09,716046,0.0152884746549713,10316,FALSE
Pv2.1_06_19500369_G/A,Chr06,19500369,0.0152872336892154,10317,FALSE
Pv2.1_02_33535610_G/A,Chr02,33535610,0.0152866329244676,10318,FALSE
Pv2.1_03_45105069_C/T,Chr03,45105069,0.0152839796054951,10319,FALSE
Pv2.1_08_60247746_C/T,Chr08,60247746,0.0152830828759911,10320,FALSE
Pv2.1_02_36911462_T/C,Chr02,36911462,0.0152817904503837,10321,FALSE
Pv2.1_03_49597875_A/C,Chr03,49597875,0.0152751198817342,10322,FALSE
Pv2.1_05_21533408_A/T,Chr05,21533408,0.0152656862848293,10323,FALSE
Pv2.1_06_18802080_A/C,Chr06,18802080,0.0152656001465283,10324,FALSE
Pv2.1_06_18802089_G/A,Chr06,18802089,0.0152656001465283,10325,FALSE
Pv2.1_08_14466093_T/A,Chr08,14466093,0.015261115650933,10326,FALSE
Pv2.1_03_39816738_A/T,Chr03,39816738,0.015261056194972,10327,FALSE
Pv2.1_06_28022533_T/A,Chr06,28022533,0.0152595535770681,10328,FALSE
Pv2.1_06_23814641_G/T,Chr06,23814641,0.0152591007218459,10329,FALSE
Pv2.1_11_51100401_C/A,Chr11,51100401,0.0152586273664279,10330,FALSE
Pv2.1_11_51100401_C/G,Chr11,51100401,0.0152586273664279,10331,FALSE
Pv2.1_07_3518864_A/T,Chr07,3518864,0.0152552465572566,10332,FALSE
Pv2.1_06_25689339_A/G,Chr06,25689339,0.0152511594468518,10333,FALSE
Pv2.1_08_9765217_G/A,Chr08,9765217,0.015242280111583,10334,FALSE
Pv2.1_08_9765244_A/G,Chr08,9765244,0.015242280111583,10335,FALSE
Pv2.1_07_43875_A/T,Chr07,43875,0.0152421997393817,10336,FALSE
Pv2.1_08_1437176_C/A,Chr08,1437176,0.0152325355222858,10337,FALSE
Pv2.1_03_49697005_C/T,Chr03,49697005,0.0152254836033996,10338,FALSE
Pv2.1_01_13589361_C/T,Chr01,13589361,0.015222474369935,10339,FALSE
Pv2.1_06_4431538_C/T,Chr06,4431538,0.0152199262748365,10340,FALSE
Pv2.1_08_9861988_G/GA,Chr08,9861988,0.0152185866335901,10341,FALSE
Pv2.1_06_27296279_C/A,Chr06,27296279,0.0152176120498284,10342,FALSE
Pv2.1_11_3506763_T/C,Chr11,3506763,0.0152168844054348,10343,FALSE
Pv2.1_04_45501723_TA/T,Chr04,45501723,0.0152120239276541,10344,FALSE
Pv2.1_04_12695530_A/C,Chr04,12695530,0.0152059345083728,10345,FALSE
Pv2.1_02_49605096_A/G,Chr02,49605096,0.0152056573039285,10346,FALSE
Pv2.1_11_52806866_T/C,Chr11,52806866,0.0151982785038021,10347,FALSE
Pv2.1_07_1475577_C/G,Chr07,1475577,0.0151848476564416,10348,FALSE
Pv2.1_02_11302413_G/A,Chr02,11302413,0.0151823924115342,10349,FALSE
Pv2.1_10_40470767_G/GATT,Chr10,40470767,0.015181905208737,10350,FALSE
Pv2.1_03_12064180_T/C,Chr03,12064180,0.0151770418748622,10351,FALSE
Pv2.1_05_38239626_A/AT,Chr05,38239626,0.0151765098319814,10352,FALSE
Pv2.1_01_49179768_A/T,Chr01,49179768,0.0151763301243943,10353,FALSE
Pv2.1_02_12667063_C/T,Chr02,12667063,0.0151760635104319,10354,FALSE
Pv2.1_03_9713612_T/A,Chr03,9713612,0.0151756675022625,10355,FALSE
Pv2.1_10_43615377_A/G,Chr10,43615377,0.0151690127946198,10356,FALSE
Pv2.1_08_7941074_C/G,Chr08,7941074,0.0151681389560521,10357,FALSE
Pv2.1_07_28490349_C/T,Chr07,28490349,0.0151677529949428,10358,FALSE
Pv2.1_04_8073248_G/A,Chr04,8073248,0.0151670854706913,10359,FALSE
Pv2.1_02_24693081_G/C,Chr02,24693081,0.0151668702301659,10360,FALSE
Pv2.1_11_44139923_T/A,Chr11,44139923,0.0151664686032276,10361,FALSE
Pv2.1_07_1080321_A/T,Chr07,1080321,0.0151646965913397,10362,FALSE
Pv2.1_06_21039037_G/A,Chr06,21039037,0.0151644089691425,10363,FALSE
Pv2.1_02_561821_A/G,Chr02,561821,0.0151539643061902,10364,FALSE
Pv2.1_04_45501783_C/G,Chr04,45501783,0.0151519040483237,10365,FALSE
Pv2.1_08_49301389_C/A,Chr08,49301389,0.0151502960295775,10366,FALSE
Pv2.1_11_1381967_T/C,Chr11,1381967,0.0151454161567819,10367,FALSE
Pv2.1_10_43615359_C/G,Chr10,43615359,0.0151435876795389,10368,FALSE
Pv2.1_05_3755739_G/A,Chr05,3755739,0.0151413598373074,10369,FALSE
Pv2.1_05_3755741_A/C,Chr05,3755741,0.0151413598373074,10370,FALSE
Pv2.1_11_943628_A/T,Chr11,943628,0.0151376713716864,10371,FALSE
Pv2.1_01_13548264_C/T,Chr01,13548264,0.0151374251318672,10372,FALSE
Pv2.1_05_152586_G/T,Chr05,152586,0.0151373825029348,10373,FALSE
Pv2.1_07_3525083_T/C,Chr07,3525083,0.0151340082214313,10374,FALSE
Pv2.1_07_1495865_C/T,Chr07,1495865,0.0151332399843067,10375,FALSE
Pv2.1_10_20070271_C/T,Chr10,20070271,0.0151316265956716,10376,FALSE
Pv2.1_10_20070276_C/T,Chr10,20070276,0.0151316265956716,10377,FALSE
Pv2.1_01_45043896_G/A,Chr01,45043896,0.015127974583053,10378,FALSE
Pv2.1_01_46404737_C/G,Chr01,46404737,0.0151207583354034,10379,FALSE
Pv2.1_09_14765198_T/C,Chr09,14765198,0.0151183541421722,10380,FALSE
Pv2.1_05_4530880_T/C,Chr05,4530880,0.0151175402712505,10381,FALSE
Pv2.1_11_51522650_G/A,Chr11,51522650,0.0151150447954707,10382,FALSE
Pv2.1_01_6607466_G/A,Chr01,6607466,0.0151141205966616,10383,FALSE
Pv2.1_05_3643579_A/T,Chr05,3643579,0.0151098712561071,10384,FALSE
Pv2.1_07_3505855_A/G,Chr07,3505855,0.0151088662055541,10385,FALSE
Pv2.1_02_44526172_T/C,Chr02,44526172,0.0151078060409078,10386,FALSE
Pv2.1_02_24775892_T/C,Chr02,24775892,0.0151071607099729,10387,FALSE
Pv2.1_04_43641252_A/C,Chr04,43641252,0.0151033849473952,10388,FALSE
Pv2.1_04_47116118_C/G,Chr04,47116118,0.0151029845033386,10389,FALSE
Pv2.1_02_28092010_G/A,Chr02,28092010,0.015097766833966,10390,FALSE
Pv2.1_10_5889995_T/C,Chr10,5889995,0.015097360311612,10391,FALSE
Pv2.1_03_49795271_A/G,Chr03,49795271,0.0150870803705012,10392,FALSE
Pv2.1_04_46910342_G/T,Chr04,46910342,0.0150849573201168,10393,FALSE
Pv2.1_05_37923469_A/T,Chr05,37923469,0.0150827175721679,10394,FALSE
Pv2.1_07_39309081_T/C,Chr07,39309081,0.0150754042012951,10395,FALSE
Pv2.1_07_39309096_A/G,Chr07,39309096,0.0150754042012951,10396,FALSE
Pv2.1_08_60121254_T/C,Chr08,60121254,0.015067369527654,10397,FALSE
Pv2.1_11_49386159_A/G,Chr11,49386159,0.0150648149832588,10398,FALSE
Pv2.1_08_43799222_T/C,Chr08,43799222,0.0150536867877653,10399,FALSE
Pv2.1_05_38873618_A/G,Chr05,38873618,0.0150532178062073,10400,FALSE
Pv2.1_06_19616608_G/A,Chr06,19616608,0.0150502009098408,10401,FALSE
Pv2.1_05_152575_A/C,Chr05,152575,0.0150457502644414,10402,FALSE
Pv2.1_07_3964852_T/G,Chr07,3964852,0.0150451572179517,10403,FALSE
Pv2.1_10_41616961_C/T,Chr10,41616961,0.015041337915902,10404,FALSE
Pv2.1_11_943618_T/A,Chr11,943618,0.0150405952339923,10405,FALSE
Pv2.1_07_1001162_T/C,Chr07,1001162,0.0150401030440821,10406,FALSE
Pv2.1_11_52984452_A/C,Chr11,52984452,0.0150269246694901,10407,FALSE
Pv2.1_09_13708513_C/A,Chr09,13708513,0.0150258770081502,10408,FALSE
Pv2.1_03_549370_T/C,Chr03,549370,0.0150212307599791,10409,FALSE
Pv2.1_02_24277053_A/T,Chr02,24277053,0.0150193879859213,10410,FALSE
Pv2.1_08_62240543_C/T,Chr08,62240543,0.0150175299998989,10411,FALSE
Pv2.1_05_4530987_GA/G,Chr05,4530987,0.0150169835382283,10412,FALSE
Pv2.1_05_825483_G/C,Chr05,825483,0.0150107747417461,10413,FALSE
Pv2.1_09_28879178_T/G,Chr09,28879178,0.0150036405101726,10414,FALSE
Pv2.1_07_21688450_G/A,Chr07,21688450,0.0150029481859013,10415,FALSE
Pv2.1_01_5952221_G/A,Chr01,5952221,0.0149992395688794,10416,FALSE
Pv2.1_03_53174967_T/A,Chr03,53174967,0.0149965950656377,10417,FALSE
Pv2.1_02_30738330_A/G,Chr02,30738330,0.0149965748048579,10418,FALSE
Pv2.1_08_62007589_C/A,Chr08,62007589,0.0149895314447086,10419,FALSE
Pv2.1_11_2282069_G/A,Chr11,2282069,0.0149890794397001,10420,FALSE
Pv2.1_01_46498284_A/T,Chr01,46498284,0.0149836308061131,10421,FALSE
Pv2.1_02_28089459_CTGGG/C,Chr02,28089459,0.0149814219281521,10422,FALSE
Pv2.1_03_53066928_T/A,Chr03,53066928,0.014981236452976,10423,FALSE
Pv2.1_07_9089344_T/C,Chr07,9089344,0.0149809368821598,10424,FALSE
Pv2.1_08_11528654_T/C,Chr08,11528654,0.0149796153722854,10425,FALSE
Pv2.1_11_1285745_T/C,Chr11,1285745,0.0149789365306372,10426,FALSE
Pv2.1_06_19713657_A/T,Chr06,19713657,0.0149767359752784,10427,FALSE
Pv2.1_02_46792652_G/T,Chr02,46792652,0.0149766735109118,10428,FALSE
Pv2.1_07_25816_G/T,Chr07,25816,0.014975857701689,10429,FALSE
Pv2.1_07_4270086_G/A,Chr07,4270086,0.0149744120639728,10430,FALSE
Pv2.1_07_39201998_A/AT,Chr07,39201998,0.0149697038739327,10431,FALSE
Pv2.1_11_404296_G/A,Chr11,404296,0.0149693667180069,10432,FALSE
Pv2.1_01_48611605_A/T,Chr01,48611605,0.0149663472044352,10433,FALSE
Pv2.1_01_6631857_G/A,Chr01,6631857,0.0149656277737167,10434,FALSE
Pv2.1_08_60486037_G/T,Chr08,60486037,0.0149624247087869,10435,FALSE
Pv2.1_08_7742734_T/C,Chr08,7742734,0.0149571403350497,10436,FALSE
Pv2.1_10_9922559_T/G,Chr10,9922559,0.0149558697668808,10437,FALSE
Pv2.1_04_45501807_G/C,Chr04,45501807,0.0149535351784973,10438,FALSE
Pv2.1_02_11064696_A/AT,Chr02,11064696,0.0149479670492432,10439,FALSE
Pv2.1_07_3524876_G/A,Chr07,3524876,0.0149467424378522,10440,FALSE
Pv2.1_07_3524890_A/G,Chr07,3524890,0.0149467424378522,10441,FALSE
Pv2.1_07_3524916_G/A,Chr07,3524916,0.0149467424378522,10442,FALSE
Pv2.1_03_11230381_C/A,Chr03,11230381,0.0149464050153028,10443,FALSE
Pv2.1_03_11230394_C/T,Chr03,11230394,0.0149464050153028,10444,FALSE
Pv2.1_03_11230395_G/C,Chr03,11230395,0.0149464050153028,10445,FALSE
Pv2.1_03_11230396_C/T,Chr03,11230396,0.0149464050153028,10446,FALSE
Pv2.1_04_47116054_C/G,Chr04,47116054,0.0149461684240677,10447,FALSE
Pv2.1_04_47116088_G/C,Chr04,47116088,0.0149461684240677,10448,FALSE
Pv2.1_04_47116092_G/A,Chr04,47116092,0.0149461684240677,10449,FALSE
Pv2.1_07_38158128_T/G,Chr07,38158128,0.0149460047316543,10450,FALSE
Pv2.1_03_53146798_T/A,Chr03,53146798,0.0149454412118701,10451,FALSE
Pv2.1_03_53146810_T/C,Chr03,53146810,0.0149454412118701,10452,FALSE
Pv2.1_07_3265835_T/A,Chr07,3265835,0.0149342575963667,10453,FALSE
Pv2.1_07_39131183_A/T,Chr07,39131183,0.0149240352650302,10454,FALSE
Pv2.1_07_9072446_C/G,Chr07,9072446,0.0149218189976668,10455,FALSE
Pv2.1_11_26637917_G/A,Chr11,26637917,0.0149180700195095,10456,FALSE
Pv2.1_07_5772533_A/C,Chr07,5772533,0.0149111807082214,10457,FALSE
Pv2.1_08_62863809_A/G,Chr08,62863809,0.0149095173177627,10458,FALSE
Pv2.1_04_2182061_G/A,Chr04,2182061,0.014908987821233,10459,FALSE
Pv2.1_10_43187131_G/A,Chr10,43187131,0.0149078870197816,10460,FALSE
Pv2.1_03_2006050_T/A,Chr03,2006050,0.0149036050390747,10461,FALSE
Pv2.1_07_32368397_T/A,Chr07,32368397,0.0149035988141342,10462,FALSE
Pv2.1_05_3663374_T/A,Chr05,3663374,0.0149027399111552,10463,FALSE
Pv2.1_01_48430093_T/TTC,Chr01,48430093,0.0148955639849651,10464,FALSE
Pv2.1_02_28089504_A/G,Chr02,28089504,0.0148944421735027,10465,FALSE
Pv2.1_06_27157000_C/A,Chr06,27157000,0.0148892485580312,10466,FALSE
Pv2.1_02_40032656_G/GA,Chr02,40032656,0.014886427760946,10467,FALSE
Pv2.1_11_553902_T/C,Chr11,553902,0.0148822393005705,10468,FALSE
Pv2.1_01_44927394_C/T,Chr01,44927394,0.0148813745533425,10469,FALSE
Pv2.1_01_44927397_A/C,Chr01,44927397,0.0148813745533425,10470,FALSE
Pv2.1_07_195188_G/T,Chr07,195188,0.0148777065950738,10471,FALSE
Pv2.1_08_60658599_T/TA,Chr08,60658599,0.0148754604936059,10472,FALSE
Pv2.1_07_28381719_T/C,Chr07,28381719,0.0148739917774909,10473,FALSE
Pv2.1_11_52609654_T/C,Chr11,52609654,0.0148701345894464,10474,FALSE
Pv2.1_09_28879433_T/A,Chr09,28879433,0.0148690523701007,10475,FALSE
Pv2.1_01_49221335_G/A,Chr01,49221335,0.0148671938938936,10476,FALSE
Pv2.1_08_45849451_A/T,Chr08,45849451,0.0148573908905756,10477,FALSE
Pv2.1_09_37914327_C/G,Chr09,37914327,0.014857321400422,10478,FALSE
Pv2.1_02_24693092_A/G,Chr02,24693092,0.0148485579864257,10479,FALSE
Pv2.1_08_52704390_C/T,Chr08,52704390,0.0148456663649164,10480,FALSE
Pv2.1_06_15479729_A/T,Chr06,15479729,0.0148440992140726,10481,FALSE
Pv2.1_06_14136522_C/G,Chr06,14136522,0.0148432188904986,10482,FALSE
Pv2.1_06_14136524_T/A,Chr06,14136524,0.0148432188904986,10483,FALSE
Pv2.1_03_32742986_A/T,Chr03,32742986,0.0148407580367298,10484,FALSE
Pv2.1_05_38873612_C/T,Chr05,38873612,0.014837250754494,10485,FALSE
Pv2.1_04_5494137_C/T,Chr04,5494137,0.0148360273628283,10486,FALSE
Pv2.1_08_62659920_C/T,Chr08,62659920,0.0148323118053897,10487,FALSE
Pv2.1_08_62659927_G/T,Chr08,62659927,0.0148323118053897,10488,FALSE
Pv2.1_08_62659932_T/C,Chr08,62659932,0.0148323118053897,10489,FALSE
Pv2.1_06_27776111_C/T,Chr06,27776111,0.0148298775365445,10490,FALSE
Pv2.1_08_62712377_A/C,Chr08,62712377,0.0148245111577321,10491,FALSE
Pv2.1_03_10973055_C/T,Chr03,10973055,0.0148238945699317,10492,FALSE
Pv2.1_06_28022575_G/A,Chr06,28022575,0.0148236474605383,10493,FALSE
Pv2.1_11_48008106_G/C,Chr11,48008106,0.0148221248850877,10494,FALSE
Pv2.1_07_3293140_C/A,Chr07,3293140,0.0148209766503986,10495,FALSE
Pv2.1_07_1287837_G/A,Chr07,1287837,0.0148102189326473,10496,FALSE
Pv2.1_05_3754181_G/A,Chr05,3754181,0.0148093929536022,10497,FALSE
Pv2.1_05_7534131_C/T,Chr05,7534131,0.014805420137959,10498,FALSE
Pv2.1_09_20882211_G/T,Chr09,20882211,0.0148019875517216,10499,FALSE
Pv2.1_02_45179437_C/T,Chr02,45179437,0.014799939521672,10500,FALSE
Pv2.1_07_514888_G/C,Chr07,514888,0.0147986984296313,10501,FALSE
Pv2.1_01_6731874_C/T,Chr01,6731874,0.0147985912035433,10502,FALSE
Pv2.1_07_236393_G/A,Chr07,236393,0.014796260748529,10503,FALSE
Pv2.1_10_4906707_GAA/G,Chr10,4906707,0.0147846911144023,10504,FALSE
Pv2.1_05_3754249_A/G,Chr05,3754249,0.014783422710559,10505,FALSE
Pv2.1_07_3485353_C/T,Chr07,3485353,0.0147797061661432,10506,FALSE
Pv2.1_07_38080256_A/T,Chr07,38080256,0.0147783481461743,10507,FALSE
Pv2.1_08_699092_T/C,Chr08,699092,0.0147770742999445,10508,FALSE
Pv2.1_06_28022524_A/G,Chr06,28022524,0.0147733727735284,10509,FALSE
Pv2.1_07_102763_G/A,Chr07,102763,0.0147687601301247,10510,FALSE
Pv2.1_07_102786_A/G,Chr07,102786,0.0147687601301247,10511,FALSE
Pv2.1_11_53480558_T/A,Chr11,53480558,0.0147647906176327,10512,FALSE
Pv2.1_11_2862248_G/A,Chr11,2862248,0.0147623484762098,10513,FALSE
Pv2.1_07_21348278_C/G,Chr07,21348278,0.014760800187438,10514,FALSE
Pv2.1_02_31204599_G/T,Chr02,31204599,0.0147589153697258,10515,FALSE
Pv2.1_07_32077935_T/C,Chr07,32077935,0.0147565424737297,10516,FALSE
Pv2.1_08_62007633_A/G,Chr08,62007633,0.0147555370576065,10517,FALSE
Pv2.1_02_28089561_A/G,Chr02,28089561,0.0147503982916919,10518,FALSE
Pv2.1_08_27164406_C/T,Chr08,27164406,0.0147469841000234,10519,FALSE
Pv2.1_03_526287_A/C,Chr03,526287,0.0147466650227446,10520,FALSE
Pv2.1_10_4906704_A/C,Chr10,4906704,0.0147425729163255,10521,FALSE
Pv2.1_08_62082891_G/C,Chr08,62082891,0.0147315288269065,10522,FALSE
Pv2.1_07_840109_T/A,Chr07,840109,0.0147293009033924,10523,FALSE
Pv2.1_11_53253140_C/T,Chr11,53253140,0.0147279554988362,10524,FALSE
Pv2.1_10_41562055_A/C,Chr10,41562055,0.0147219556062694,10525,FALSE
Pv2.1_06_29955930_G/C,Chr06,29955930,0.0147207342588991,10526,FALSE
Pv2.1_07_29372879_C/T,Chr07,29372879,0.0147096425941573,10527,FALSE
Pv2.1_05_91950_A/T,Chr05,91950,0.014706214538978,10528,FALSE
Pv2.1_07_39799922_G/C,Chr07,39799922,0.014706155657831,10529,FALSE
Pv2.1_01_13640506_TA/T,Chr01,13640506,0.0147042110638309,10530,FALSE
Pv2.1_01_46383217_G/A,Chr01,46383217,0.0147032238462139,10531,FALSE
Pv2.1_10_1545169_A/G,Chr10,1545169,0.0146890790602732,10532,FALSE
Pv2.1_07_956040_G/A,Chr07,956040,0.0146844052784414,10533,FALSE
Pv2.1_07_956042_G/A,Chr07,956042,0.0146844052784414,10534,FALSE
Pv2.1_06_22045830_A/C,Chr06,22045830,0.0146828683641433,10535,FALSE
Pv2.1_07_992391_T/C,Chr07,992391,0.0146804830185392,10536,FALSE
Pv2.1_11_28131127_T/A,Chr11,28131127,0.0146786777938956,10537,FALSE
Pv2.1_03_11673466_C/T,Chr03,11673466,0.0146745258702028,10538,FALSE
Pv2.1_03_11673469_G/A,Chr03,11673469,0.0146745258702028,10539,FALSE
Pv2.1_11_40964754_A/G,Chr11,40964754,0.0146719653462664,10540,FALSE
Pv2.1_10_1699014_TT/C,Chr10,1699014,0.0146711128981387,10541,FALSE
Pv2.1_11_16894977_G/C,Chr11,16894977,0.0146652050687441,10542,FALSE
Pv2.1_10_42551851_G/A,Chr10,42551851,0.0146615363566829,10543,FALSE
Pv2.1_09_14084796_A/G,Chr09,14084796,0.0146554236058236,10544,FALSE
Pv2.1_07_1084644_C/A,Chr07,1084644,0.0146515151789735,10545,FALSE
Pv2.1_07_1084653_A/G,Chr07,1084653,0.0146515151789735,10546,FALSE
Pv2.1_07_1084679_T/A,Chr07,1084679,0.0146515151789735,10547,FALSE
Pv2.1_07_9526426_G/T,Chr07,9526426,0.0146490658364775,10548,FALSE
Pv2.1_10_41958787_C/CA,Chr10,41958787,0.0146336227927319,10549,FALSE
Pv2.1_05_39471053_G/A,Chr05,39471053,0.0146325527724294,10550,FALSE
Pv2.1_06_19164625_A/G,Chr06,19164625,0.0146268397000102,10551,FALSE
Pv2.1_04_8454022_A/T,Chr04,8454022,0.0146235706932867,10552,FALSE
Pv2.1_02_30842601_G/A,Chr02,30842601,0.0146129246291413,10553,FALSE
Pv2.1_02_30842602_G/C,Chr02,30842602,0.0146129246291413,10554,FALSE
Pv2.1_04_8076253_C/T,Chr04,8076253,0.0146090772726479,10555,FALSE
Pv2.1_11_52844760_A/G,Chr11,52844760,0.0145987622330912,10556,FALSE
Pv2.1_10_7847438_A/C,Chr10,7847438,0.0145974970992082,10557,FALSE
Pv2.1_01_868519_GA/G,Chr01,868519,0.0145917849399879,10558,FALSE
Pv2.1_02_2438680_C/T,Chr02,2438680,0.0145901253181813,10559,FALSE
Pv2.1_02_2438686_C/T,Chr02,2438686,0.0145901253181813,10560,FALSE
Pv2.1_11_53419878_T/G,Chr11,53419878,0.0145867319609887,10561,FALSE
Pv2.1_05_38443831_A/G,Chr05,38443831,0.0145809483453814,10562,FALSE
Pv2.1_01_1626766_C/T,Chr01,1626766,0.0145803977557772,10563,FALSE
Pv2.1_10_44080195_GTGTAA/G,Chr10,44080195,0.0145775515018225,10564,FALSE
Pv2.1_02_4016344_C/T,Chr02,4016344,0.0145745993982347,10565,FALSE
Pv2.1_07_9089308_C/G,Chr07,9089308,0.0145737552277025,10566,FALSE
Pv2.1_04_12935207_G/A,Chr04,12935207,0.0145661906847696,10567,FALSE
Pv2.1_07_3505857_C/CT,Chr07,3505857,0.0145583583586877,10568,FALSE
Pv2.1_02_25918431_A/G,Chr02,25918431,0.0145546000398911,10569,FALSE
Pv2.1_06_19126189_T/C,Chr06,19126189,0.014552999545363,10570,FALSE
Pv2.1_08_60480156_A/T,Chr08,60480156,0.0145493779451877,10571,FALSE
Pv2.1_05_3754226_C/T,Chr05,3754226,0.0145444529955023,10572,FALSE
Pv2.1_03_77672_A/T,Chr03,77672,0.0145420921278929,10573,FALSE
Pv2.1_10_39979157_G/A,Chr10,39979157,0.0145419000089149,10574,FALSE
Pv2.1_02_4180573_C/G,Chr02,4180573,0.0145373834213953,10575,FALSE
Pv2.1_07_21348294_C/G,Chr07,21348294,0.0145302851264346,10576,FALSE
Pv2.1_03_11673172_C/A,Chr03,11673172,0.0145297515635243,10577,FALSE
Pv2.1_11_36587713_T/C,Chr11,36587713,0.0145215309653435,10578,FALSE
Pv2.1_08_60480086_G/C,Chr08,60480086,0.014519506639429,10579,FALSE
Pv2.1_04_46303537_A/T,Chr04,46303537,0.0145159757919466,10580,FALSE
Pv2.1_06_28774138_G/C,Chr06,28774138,0.0145156150899521,10581,FALSE
Pv2.1_06_28774142_G/A,Chr06,28774142,0.0145156150899521,10582,FALSE
Pv2.1_01_5821609_A/G,Chr01,5821609,0.0145150632772002,10583,FALSE
Pv2.1_03_51262962_T/A,Chr03,51262962,0.0145106710222467,10584,FALSE
Pv2.1_10_38244735_A/T,Chr10,38244735,0.0145080075300923,10585,FALSE
Pv2.1_06_18830166_T/C,Chr06,18830166,0.0145062973523751,10586,FALSE
Pv2.1_07_37971844_A/G,Chr07,37971844,0.0145060196370146,10587,FALSE
Pv2.1_08_9765221_C/T,Chr08,9765221,0.0145046275716196,10588,FALSE
Pv2.1_06_19446501_C/G,Chr06,19446501,0.014501589007323,10589,FALSE
Pv2.1_11_553861_A/G,Chr11,553861,0.0144951388394232,10590,FALSE
Pv2.1_02_26058340_A/G,Chr02,26058340,0.0144945256474895,10591,FALSE
Pv2.1_06_24104036_C/A,Chr06,24104036,0.0144894073448416,10592,FALSE
Pv2.1_10_38246955_G/C,Chr10,38246955,0.01448529933614,10593,FALSE
Pv2.1_08_62952267_A/G,Chr08,62952267,0.0144822816813512,10594,FALSE
Pv2.1_09_38123441_A/T,Chr09,38123441,0.0144820413902127,10595,FALSE
Pv2.1_03_52372235_A/G,Chr03,52372235,0.0144699815207989,10596,FALSE
Pv2.1_07_1287851_G/GTAC,Chr07,1287851,0.0144529063831902,10597,FALSE
Pv2.1_08_61889857_A/G,Chr08,61889857,0.0144459692123906,10598,FALSE
Pv2.1_05_3754307_C/T,Chr05,3754307,0.0144453915433287,10599,FALSE
Pv2.1_11_3648213_G/A,Chr11,3648213,0.0144438763252981,10600,FALSE
Pv2.1_11_2274504_C/G,Chr11,2274504,0.0144415348129012,10601,FALSE
Pv2.1_11_2274511_G/T,Chr11,2274511,0.0144415348129012,10602,FALSE
Pv2.1_02_27539293_C/T,Chr02,27539293,0.014438528341393,10603,FALSE
Pv2.1_07_37011108_C/T,Chr07,37011108,0.0144376987159798,10604,FALSE
Pv2.1_10_1366747_C/A,Chr10,1366747,0.0144332346327882,10605,FALSE
Pv2.1_06_27815589_G/T,Chr06,27815589,0.0144306565939973,10606,FALSE
Pv2.1_08_45849455_T/A,Chr08,45849455,0.0144299939235855,10607,FALSE
Pv2.1_02_5860032_C/T,Chr02,5860032,0.014426017746878,10608,FALSE
Pv2.1_02_30842323_T/A,Chr02,30842323,0.0144259218996199,10609,FALSE
Pv2.1_11_3659128_G/C,Chr11,3659128,0.0144239296036384,10610,FALSE
Pv2.1_01_10096631_A/G,Chr01,10096631,0.0144226939310026,10611,FALSE
Pv2.1_09_22307911_A/G,Chr09,22307911,0.0144202206097206,10612,FALSE
Pv2.1_07_188386_T/G,Chr07,188386,0.0144199687574176,10613,FALSE
Pv2.1_10_4552800_A/T,Chr10,4552800,0.014419936987641,10614,FALSE
Pv2.1_03_40901620_T/C,Chr03,40901620,0.0144198355197775,10615,FALSE
Pv2.1_07_282679_T/C,Chr07,282679,0.0144196042587783,10616,FALSE
Pv2.1_05_39117556_G/C,Chr05,39117556,0.0144184397462741,10617,FALSE
Pv2.1_01_1193855_A/G,Chr01,1193855,0.0144179570016005,10618,FALSE
Pv2.1_06_19002827_TC/A,Chr06,19002827,0.0144129381351203,10619,FALSE
Pv2.1_08_35316072_G/A,Chr08,35316072,0.0144105549211675,10620,FALSE
Pv2.1_02_7731487_A/G,Chr02,7731487,0.0144031563312561,10621,FALSE
Pv2.1_08_45138182_C/T,Chr08,45138182,0.0144008098767161,10622,FALSE
Pv2.1_07_38561289_T/C,Chr07,38561289,0.0143926718389054,10623,FALSE
Pv2.1_08_3611939_T/A,Chr08,3611939,0.0143926638569756,10624,FALSE
Pv2.1_08_10772169_T/C,Chr08,10772169,0.0143899376184451,10625,FALSE
Pv2.1_05_38268213_T/C,Chr05,38268213,0.0143871434791993,10626,FALSE
Pv2.1_07_1199667_C/G,Chr07,1199667,0.0143774111385349,10627,FALSE
Pv2.1_01_50856667_A/T,Chr01,50856667,0.0143761870969144,10628,FALSE
Pv2.1_07_32251095_A/G,Chr07,32251095,0.0143683472669616,10629,FALSE
Pv2.1_08_62787892_A/T,Chr08,62787892,0.014363782414041,10630,FALSE
Pv2.1_07_7517811_A/G,Chr07,7517811,0.014362211040492,10631,FALSE
Pv2.1_07_454741_A/G,Chr07,454741,0.0143616211652851,10632,FALSE
Pv2.1_02_30956776_T/A,Chr02,30956776,0.0143594286395095,10633,FALSE
Pv2.1_07_21348267_G/A,Chr07,21348267,0.0143589943572442,10634,FALSE
Pv2.1_01_1009095_T/A,Chr01,1009095,0.0143588155163461,10635,FALSE
Pv2.1_09_37799907_C/T,Chr09,37799907,0.0143560666738591,10636,FALSE
Pv2.1_11_20015535_C/T,Chr11,20015535,0.0143559918009846,10637,FALSE
Pv2.1_09_36533215_A/T,Chr09,36533215,0.0143526980306636,10638,FALSE
Pv2.1_05_410572_A/C,Chr05,410572,0.0143511318170964,10639,FALSE
Pv2.1_10_41396698_G/A,Chr10,41396698,0.0143472348880711,10640,FALSE
Pv2.1_05_4474088_G/A,Chr05,4474088,0.0143465737867481,10641,FALSE
Pv2.1_07_28453137_C/T,Chr07,28453137,0.0143457214904887,10642,FALSE
Pv2.1_05_3463525_CAA/C,Chr05,3463525,0.0143455560777399,10643,FALSE
Pv2.1_02_387018_T/TA,Chr02,387018,0.0143385505559563,10644,FALSE
Pv2.1_02_31262665_G/A,Chr02,31262665,0.0143347509301828,10645,FALSE
Pv2.1_07_1074747_C/T,Chr07,1074747,0.0143255957881618,10646,FALSE
Pv2.1_04_12778408_A/T,Chr04,12778408,0.014323930284776,10647,FALSE
Pv2.1_08_61408053_C/A,Chr08,61408053,0.0143165703436323,10648,FALSE
Pv2.1_01_1034649_T/A,Chr01,1034649,0.0143160207125899,10649,FALSE
Pv2.1_06_23708818_C/G,Chr06,23708818,0.01431297624926,10650,FALSE
Pv2.1_09_14586322_G/A,Chr09,14586322,0.0143113718978145,10651,FALSE
Pv2.1_01_5816113_T/A,Chr01,5816113,0.0143076464637115,10652,FALSE
Pv2.1_10_43366868_T/C,Chr10,43366868,0.0143069145415948,10653,FALSE
Pv2.1_02_33446564_C/T,Chr02,33446564,0.014302546423675,10654,FALSE
Pv2.1_09_18443083_T/A,Chr09,18443083,0.0142938665961854,10655,FALSE
Pv2.1_11_2850597_G/C,Chr11,2850597,0.014283694420786,10656,FALSE
Pv2.1_07_33533211_C/T,Chr07,33533211,0.014280107938315,10657,FALSE
Pv2.1_03_36241568_G/A,Chr03,36241568,0.0142794822938699,10658,FALSE
Pv2.1_10_43265647_C/A,Chr10,43265647,0.0142738734069274,10659,FALSE
Pv2.1_10_43265648_T/C,Chr10,43265648,0.0142738734069274,10660,FALSE
Pv2.1_01_10189436_A/G,Chr01,10189436,0.0142703999937415,10661,FALSE
Pv2.1_11_2269641_C/T,Chr11,2269641,0.0142679295210888,10662,FALSE
Pv2.1_11_3195200_C/T,Chr11,3195200,0.0142625969120744,10663,FALSE
Pv2.1_05_21626690_G/C,Chr05,21626690,0.0142617613512845,10664,FALSE
Pv2.1_08_1594645_G/A,Chr08,1594645,0.0142611519776596,10665,FALSE
Pv2.1_01_5001305_AG/A,Chr01,5001305,0.0142558738716434,10666,FALSE
Pv2.1_08_9130811_C/A,Chr08,9130811,0.0142515184358274,10667,FALSE
Pv2.1_08_9130821_A/T,Chr08,9130821,0.0142515184358274,10668,FALSE
Pv2.1_08_9130832_G/A,Chr08,9130832,0.0142515184358274,10669,FALSE
Pv2.1_08_9130850_G/C,Chr08,9130850,0.0142515184358274,10670,FALSE
Pv2.1_08_9130854_A/G,Chr08,9130854,0.0142515184358274,10671,FALSE
Pv2.1_10_43607409_A/C,Chr10,43607409,0.0142500023493639,10672,FALSE
Pv2.1_10_44210332_C/T,Chr10,44210332,0.0142498580347761,10673,FALSE
Pv2.1_07_32673643_T/A,Chr07,32673643,0.0142478338945566,10674,FALSE
Pv2.1_10_42115463_A/T,Chr10,42115463,0.0142465613012615,10675,FALSE
Pv2.1_07_38093090_G/A,Chr07,38093090,0.0142464302257705,10676,FALSE
Pv2.1_01_1222221_A/T,Chr01,1222221,0.0142407163553147,10677,FALSE
Pv2.1_02_49605184_G/A,Chr02,49605184,0.014240137806186,10678,FALSE
Pv2.1_02_37019722_A/G,Chr02,37019722,0.0142393172223549,10679,FALSE
Pv2.1_03_53035542_C/G,Chr03,53035542,0.0142329583886345,10680,FALSE
Pv2.1_03_53035548_T/A,Chr03,53035548,0.0142329583886345,10681,FALSE
Pv2.1_03_53035551_G/A,Chr03,53035551,0.0142329583886345,10682,FALSE
Pv2.1_03_53035558_A/G,Chr03,53035558,0.0142329583886345,10683,FALSE
Pv2.1_05_37949318_A/T,Chr05,37949318,0.0142305195349253,10684,FALSE
Pv2.1_11_839680_C/G,Chr11,839680,0.0142265409182842,10685,FALSE
Pv2.1_01_9825395_T/TG,Chr01,9825395,0.0142265114623554,10686,FALSE
Pv2.1_04_3255228_T/C,Chr04,3255228,0.0142256751783205,10687,FALSE
Pv2.1_07_25850_C/T,Chr07,25850,0.0142239977425418,10688,FALSE
Pv2.1_04_8044258_G/A,Chr04,8044258,0.0142224825948643,10689,FALSE
Pv2.1_07_25034_A/G,Chr07,25034,0.0142216921927258,10690,FALSE
Pv2.1_02_23211019_GA/G,Chr02,23211019,0.0142209363162253,10691,FALSE
Pv2.1_07_24898_C/G,Chr07,24898,0.0142190867456824,10692,FALSE
Pv2.1_04_46127111_G/A,Chr04,46127111,0.0142182734912293,10693,FALSE
Pv2.1_03_79548_T/A,Chr03,79548,0.0142166304822782,10694,FALSE
Pv2.1_11_2674186_T/G,Chr11,2674186,0.0142149791018293,10695,FALSE
Pv2.1_04_2413495_C/T,Chr04,2413495,0.0142108497516982,10696,FALSE
Pv2.1_07_38084141_A/T,Chr07,38084141,0.0142088868849366,10697,FALSE
Pv2.1_09_19578917_C/T,Chr09,19578917,0.0142088070358652,10698,FALSE
Pv2.1_09_19578920_G/A,Chr09,19578920,0.0142088070358652,10699,FALSE
Pv2.1_09_19579861_A/C,Chr09,19579861,0.0142088070358652,10700,FALSE
Pv2.1_08_1715263_T/TC,Chr08,1715263,0.0142027023580322,10701,FALSE
Pv2.1_08_1715280_GA/G,Chr08,1715280,0.0142027023580322,10702,FALSE
Pv2.1_07_23449421_G/C,Chr07,23449421,0.01420008651084,10703,FALSE
Pv2.1_02_30043664_G/A,Chr02,30043664,0.0141936886454275,10704,FALSE
Pv2.1_02_28103805_G/A,Chr02,28103805,0.0141864388162527,10705,FALSE
Pv2.1_11_36105380_A/G,Chr11,36105380,0.0141810305514074,10706,FALSE
Pv2.1_08_61206705_T/A,Chr08,61206705,0.0141777117479038,10707,FALSE
Pv2.1_02_34895269_C/T,Chr02,34895269,0.0141760475868309,10708,FALSE
Pv2.1_08_62787637_C/A,Chr08,62787637,0.0141717759196527,10709,FALSE
Pv2.1_01_3365769_G/A,Chr01,3365769,0.014167453021642,10710,FALSE
Pv2.1_01_3365778_T/C,Chr01,3365778,0.014167453021642,10711,FALSE
Pv2.1_01_5932870_G/T,Chr01,5932870,0.0141630193132953,10712,FALSE
Pv2.1_08_926368_C/T,Chr08,926368,0.0141613608715829,10713,FALSE
Pv2.1_11_3516975_C/T,Chr11,3516975,0.0141603592383834,10714,FALSE
Pv2.1_08_7765436_C/T,Chr08,7765436,0.0141601234315996,10715,FALSE
Pv2.1_07_1558544_T/C,Chr07,1558544,0.0141597794618327,10716,FALSE
Pv2.1_05_5488703_C/T,Chr05,5488703,0.014150760786646,10717,FALSE
Pv2.1_10_42758310_G/A,Chr10,42758310,0.0141487895926207,10718,FALSE
Pv2.1_03_40099543_GT/G,Chr03,40099543,0.0141475346841036,10719,FALSE
Pv2.1_01_10095089_T/G,Chr01,10095089,0.0141440045280117,10720,FALSE
Pv2.1_08_61525805_C/T,Chr08,61525805,0.0141410047071737,10721,FALSE
Pv2.1_09_21528110_T/C,Chr09,21528110,0.0141408072384071,10722,FALSE
Pv2.1_01_1193823_A/G,Chr01,1193823,0.0141407988999909,10723,FALSE
Pv2.1_02_12134095_T/C,Chr02,12134095,0.0141358790509165,10724,FALSE
Pv2.1_02_7650489_A/G,Chr02,7650489,0.014131759289878,10725,FALSE
Pv2.1_03_2504314_G/A,Chr03,2504314,0.0141304137439873,10726,FALSE
Pv2.1_01_49139009_G/C,Chr01,49139009,0.0141272001559263,10727,FALSE
Pv2.1_09_7410814_T/C,Chr09,7410814,0.0141216555544443,10728,FALSE
Pv2.1_03_2637636_T/G,Chr03,2637636,0.0141201457698688,10729,FALSE
Pv2.1_07_39812663_C/G,Chr07,39812663,0.0141190126877579,10730,FALSE
Pv2.1_04_47686537_A/G,Chr04,47686537,0.0140969487436107,10731,FALSE
Pv2.1_08_7436843_C/G,Chr08,7436843,0.014095090295783,10732,FALSE
Pv2.1_08_60247770_A/G,Chr08,60247770,0.0140918104424923,10733,FALSE
Pv2.1_11_1162203_T/C,Chr11,1162203,0.0140915711214182,10734,FALSE
Pv2.1_07_10902705_A/AAGGTAT,Chr07,10902705,0.0140820324270341,10735,FALSE
Pv2.1_11_3144406_T/A,Chr11,3144406,0.0140818776570533,10736,FALSE
Pv2.1_04_11421461_C/T,Chr04,11421461,0.0140784306802559,10737,FALSE
Pv2.1_07_1182132_A/G,Chr07,1182132,0.0140702045352641,10738,FALSE
Pv2.1_07_1182141_C/G,Chr07,1182141,0.0140702045352641,10739,FALSE
Pv2.1_08_7688839_G/T,Chr08,7688839,0.0140688888495815,10740,FALSE
Pv2.1_03_32115449_A/AT,Chr03,32115449,0.0140674705856991,10741,FALSE
Pv2.1_10_912148_C/A,Chr10,912148,0.0140653445470926,10742,FALSE
Pv2.1_10_912198_T/C,Chr10,912198,0.0140653445470926,10743,FALSE
Pv2.1_10_40392301_A/T,Chr10,40392301,0.0140620373667568,10744,FALSE
Pv2.1_03_9408278_G/A,Chr03,9408278,0.0140594203868636,10745,FALSE
Pv2.1_08_59882091_G/A,Chr08,59882091,0.0140581622141904,10746,FALSE
Pv2.1_11_52318003_T/C,Chr11,52318003,0.0140541244516355,10747,FALSE
Pv2.1_02_28491346_C/T,Chr02,28491346,0.0140520416304115,10748,FALSE
Pv2.1_08_391930_T/A,Chr08,391930,0.0140498203047197,10749,FALSE
Pv2.1_08_117694_T/G,Chr08,117694,0.0140436262980082,10750,FALSE
Pv2.1_02_27539328_G/T,Chr02,27539328,0.0140393529768947,10751,FALSE
Pv2.1_02_1553214_GAGCTCT/G,Chr02,1553214,0.0140386464854219,10752,FALSE
Pv2.1_11_32102900_G/A,Chr11,32102900,0.014037739645798,10753,FALSE
Pv2.1_05_4918537_A/T,Chr05,4918537,0.0140348423583481,10754,FALSE
Pv2.1_11_3144388_T/C,Chr11,3144388,0.0140297444330315,10755,FALSE
Pv2.1_06_21190489_G/T,Chr06,21190489,0.0140296368222015,10756,FALSE
Pv2.1_08_62753903_A/T,Chr08,62753903,0.0140290480130636,10757,FALSE
Pv2.1_03_43542273_G/A,Chr03,43542273,0.0140258329976013,10758,FALSE
Pv2.1_02_7838252_C/G,Chr02,7838252,0.014024044513326,10759,FALSE
Pv2.1_11_3221763_C/G,Chr11,3221763,0.0140196222678624,10760,FALSE
Pv2.1_06_27995424_G/T,Chr06,27995424,0.0140186897095966,10761,FALSE
Pv2.1_02_30997109_C/G,Chr02,30997109,0.0140154107304737,10762,FALSE
Pv2.1_03_2986425_TA/T,Chr03,2986425,0.0140149231490563,10763,FALSE
Pv2.1_02_16041686_T/C,Chr02,16041686,0.0140024813034669,10764,FALSE
Pv2.1_07_3516028_A/T,Chr07,3516028,0.0139969488153704,10765,FALSE
Pv2.1_01_41512745_C/T,Chr01,41512745,0.0139948716693206,10766,FALSE
Pv2.1_02_12667037_C/T,Chr02,12667037,0.0139924496536152,10767,FALSE
Pv2.1_03_11733275_G/A,Chr03,11733275,0.0139907937211028,10768,FALSE
Pv2.1_09_36899434_G/A,Chr09,36899434,0.0139899746809578,10769,FALSE
Pv2.1_02_47302389_C/T,Chr02,47302389,0.0139883185126193,10770,FALSE
Pv2.1_03_36698698_A/T,Chr03,36698698,0.0139881409501488,10771,FALSE
Pv2.1_03_36698712_C/G,Chr03,36698712,0.0139881409501488,10772,FALSE
Pv2.1_11_43146477_C/T,Chr11,43146477,0.0139878261926549,10773,FALSE
Pv2.1_04_41855293_C/T,Chr04,41855293,0.0139807607870095,10774,FALSE
Pv2.1_08_7729890_G/T,Chr08,7729890,0.0139796294280981,10775,FALSE
Pv2.1_08_7729921_C/A,Chr08,7729921,0.0139796294280981,10776,FALSE
Pv2.1_02_10021143_C/T,Chr02,10021143,0.0139769179820268,10777,FALSE
Pv2.1_07_485585_T/C,Chr07,485585,0.0139705441798856,10778,FALSE
Pv2.1_05_113450_G/T,Chr05,113450,0.0139663499275544,10779,FALSE
Pv2.1_08_49713376_C/T,Chr08,49713376,0.0139663143675035,10780,FALSE
Pv2.1_08_61048224_G/A,Chr08,61048224,0.0139608300435006,10781,FALSE
Pv2.1_07_21454733_A/C,Chr07,21454733,0.0139585792224026,10782,FALSE
Pv2.1_03_30623856_T/C,Chr03,30623856,0.013953664000133,10783,FALSE
Pv2.1_09_35055136_A/C,Chr09,35055136,0.0139514255665318,10784,FALSE
Pv2.1_08_38905597_G/A,Chr08,38905597,0.0139489641504125,10785,FALSE
Pv2.1_07_1620908_C/G,Chr07,1620908,0.0139445219227015,10786,FALSE
Pv2.1_08_60714995_A/G,Chr08,60714995,0.0139412969766122,10787,FALSE
Pv2.1_09_13747588_G/A,Chr09,13747588,0.0139329866211928,10788,FALSE
Pv2.1_02_22754020_G/A,Chr02,22754020,0.0139210933336664,10789,FALSE
Pv2.1_07_34995790_G/A,Chr07,34995790,0.0139148678265757,10790,FALSE
Pv2.1_11_983067_T/G,Chr11,983067,0.013912523588393,10791,FALSE
Pv2.1_09_36804797_C/T,Chr09,36804797,0.013909005000011,10792,FALSE
Pv2.1_08_43985796_G/A,Chr08,43985796,0.0138996195455356,10793,FALSE
Pv2.1_10_42672436_A/C,Chr10,42672436,0.0138991910977793,10794,FALSE
Pv2.1_10_7762038_T/C,Chr10,7762038,0.0138954723949354,10795,FALSE
Pv2.1_03_2006042_TA/T,Chr03,2006042,0.013893387063407,10796,FALSE
Pv2.1_04_8324966_A/T,Chr04,8324966,0.0138929041950431,10797,FALSE
Pv2.1_10_44141945_G/A,Chr10,44141945,0.013884968550987,10798,FALSE
Pv2.1_10_44141954_G/A,Chr10,44141954,0.013884968550987,10799,FALSE
Pv2.1_06_27886181_G/T,Chr06,27886181,0.0138813299965466,10800,FALSE
Pv2.1_02_33446334_C/G,Chr02,33446334,0.0138803741132207,10801,FALSE
Pv2.1_07_1513765_C/G,Chr07,1513765,0.0138751286454237,10802,FALSE
Pv2.1_11_45315675_T/G,Chr11,45315675,0.0138725123084744,10803,FALSE
Pv2.1_04_4197760_C/T,Chr04,4197760,0.0138672211782662,10804,FALSE
Pv2.1_01_1500802_T/TA,Chr01,1500802,0.0138627056186555,10805,FALSE
Pv2.1_04_17454557_C/T,Chr04,17454557,0.0138624858861651,10806,FALSE
Pv2.1_11_2674168_G/T,Chr11,2674168,0.0138570494958228,10807,FALSE
Pv2.1_03_52961221_A/G,Chr03,52961221,0.0138516046763737,10808,FALSE
Pv2.1_07_37015566_G/A,Chr07,37015566,0.0138494934863163,10809,FALSE
Pv2.1_08_3575697_T/C,Chr08,3575697,0.0138472882930589,10810,FALSE
Pv2.1_05_21533458_T/A,Chr05,21533458,0.0138427791379763,10811,FALSE
Pv2.1_03_178170_T/C,Chr03,178170,0.0138396341150435,10812,FALSE
Pv2.1_05_568442_A/G,Chr05,568442,0.0138352111680051,10813,FALSE
Pv2.1_07_1601802_TC/T,Chr07,1601802,0.0138272614740997,10814,FALSE
Pv2.1_11_468427_G/A,Chr11,468427,0.0138260170698077,10815,FALSE
Pv2.1_02_2474341_G/T,Chr02,2474341,0.0138240592739645,10816,FALSE
Pv2.1_11_3941081_G/A,Chr11,3941081,0.0138175580968722,10817,FALSE
Pv2.1_10_41656724_T/C,Chr10,41656724,0.013814101373923,10818,FALSE
Pv2.1_10_41656726_C/T,Chr10,41656726,0.013814101373923,10819,FALSE
Pv2.1_10_41656741_T/C,Chr10,41656741,0.013814101373923,10820,FALSE
Pv2.1_05_3578669_G/A,Chr05,3578669,0.0138120081193875,10821,FALSE
Pv2.1_08_61725379_T/C,Chr08,61725379,0.0138081905094278,10822,FALSE
Pv2.1_08_5260864_C/T,Chr08,5260864,0.0138061448891715,10823,FALSE
Pv2.1_05_3754319_T/A,Chr05,3754319,0.0138022693920825,10824,FALSE
Pv2.1_11_18390200_G/A,Chr11,18390200,0.0138001288463636,10825,FALSE
Pv2.1_07_1312474_C/T,Chr07,1312474,0.0137991076435862,10826,FALSE
Pv2.1_08_62205499_G/T,Chr08,62205499,0.0137984554814556,10827,FALSE
Pv2.1_07_1501130_TG/T,Chr07,1501130,0.0137973462441634,10828,FALSE
Pv2.1_11_473592_A/AT,Chr11,473592,0.0137956706832281,10829,FALSE
Pv2.1_07_37574404_G/A,Chr07,37574404,0.0137903138204276,10830,FALSE
Pv2.1_10_40397482_C/T,Chr10,40397482,0.0137890447333713,10831,FALSE
Pv2.1_03_30210568_T/A,Chr03,30210568,0.0137877494070162,10832,FALSE
Pv2.1_03_30210579_G/A,Chr03,30210579,0.0137877494070162,10833,FALSE
Pv2.1_06_28034965_C/T,Chr06,28034965,0.0137856111362087,10834,FALSE
Pv2.1_08_38855082_A/T,Chr08,38855082,0.0137828913781002,10835,FALSE
Pv2.1_10_42672493_C/T,Chr10,42672493,0.0137811365912186,10836,FALSE
Pv2.1_08_58825501_T/C,Chr08,58825501,0.0137801006473541,10837,FALSE
Pv2.1_11_2256462_G/T,Chr11,2256462,0.0137768841210368,10838,FALSE
Pv2.1_04_4238578_C/A,Chr04,4238578,0.0137749542884857,10839,FALSE
Pv2.1_08_56917904_C/T,Chr08,56917904,0.0137730866950982,10840,FALSE
Pv2.1_02_31253130_C/T,Chr02,31253130,0.0137708964151195,10841,FALSE
Pv2.1_02_28264297_A/G,Chr02,28264297,0.0137686119760319,10842,FALSE
Pv2.1_02_28264316_T/G,Chr02,28264316,0.0137686119760319,10843,FALSE
Pv2.1_05_4550724_A/G,Chr05,4550724,0.0137669676376122,10844,FALSE
Pv2.1_11_4652096_G/A,Chr11,4652096,0.0137653624658212,10845,FALSE
Pv2.1_04_11184400_C/T,Chr04,11184400,0.0137647072077929,10846,FALSE
Pv2.1_05_15211323_C/T,Chr05,15211323,0.0137614270957807,10847,FALSE
Pv2.1_08_8453471_T/C,Chr08,8453471,0.013747190369517,10848,FALSE
Pv2.1_03_12147912_T/A,Chr03,12147912,0.013744735175504,10849,FALSE
Pv2.1_07_514900_G/A,Chr07,514900,0.013744466758538,10850,FALSE
Pv2.1_06_21224067_T/G,Chr06,21224067,0.0137368213955984,10851,FALSE
Pv2.1_06_23708868_G/A,Chr06,23708868,0.0137329074080452,10852,FALSE
Pv2.1_03_12147696_A/G,Chr03,12147696,0.0137319943056475,10853,FALSE
Pv2.1_01_43071620_C/T,Chr01,43071620,0.0137257496509369,10854,FALSE
Pv2.1_11_48706240_G/T,Chr11,48706240,0.0137205868002832,10855,FALSE
Pv2.1_08_62240501_T/G,Chr08,62240501,0.0137183298408736,10856,FALSE
Pv2.1_01_6429882_T/C,Chr01,6429882,0.01371602052475,10857,FALSE
Pv2.1_01_6429905_C/T,Chr01,6429905,0.01371602052475,10858,FALSE
Pv2.1_03_30640664_A/C,Chr03,30640664,0.0137067197543312,10859,FALSE
Pv2.1_09_10496926_G/A,Chr09,10496926,0.0137043511998356,10860,FALSE
Pv2.1_01_5821612_G/A,Chr01,5821612,0.013698383596088,10861,FALSE
Pv2.1_04_41394718_G/A,Chr04,41394718,0.0136974925357234,10862,FALSE
Pv2.1_11_51790484_T/A,Chr11,51790484,0.013697192065985,10863,FALSE
Pv2.1_02_47718228_A/G,Chr02,47718228,0.0136950043410518,10864,FALSE
Pv2.1_01_43071632_G/T,Chr01,43071632,0.013694119268556,10865,FALSE
Pv2.1_05_224955_C/G,Chr05,224955,0.0136918224765092,10866,FALSE
Pv2.1_07_6776211_C/T,Chr07,6776211,0.0136847811540348,10867,FALSE
Pv2.1_04_5418661_G/T,Chr04,5418661,0.0136827673924294,10868,FALSE
Pv2.1_06_18583517_G/A,Chr06,18583517,0.0136785329188962,10869,FALSE
Pv2.1_11_47862340_T/C,Chr11,47862340,0.0136781140129205,10870,FALSE
Pv2.1_08_9135057_G/A,Chr08,9135057,0.013667230081845,10871,FALSE
Pv2.1_08_9135060_C/T,Chr08,9135060,0.013667230081845,10872,FALSE
Pv2.1_02_7762713_T/C,Chr02,7762713,0.0136527536960398,10873,FALSE
Pv2.1_11_1706170_C/T,Chr11,1706170,0.0136442350809456,10874,FALSE
Pv2.1_03_36241697_C/T,Chr03,36241697,0.0136430908404797,10875,FALSE
Pv2.1_10_38355722_C/T,Chr10,38355722,0.0136408664331045,10876,FALSE
Pv2.1_10_1408973_G/C,Chr10,1408973,0.0136373966970638,10877,FALSE
Pv2.1_09_35616441_C/A,Chr09,35616441,0.0136363054062123,10878,FALSE
Pv2.1_07_1513753_G/A,Chr07,1513753,0.0136270551468352,10879,FALSE
Pv2.1_08_10772163_C/A,Chr08,10772163,0.0136263711372391,10880,FALSE
Pv2.1_07_39816199_A/G,Chr07,39816199,0.0136261244468234,10881,FALSE
Pv2.1_11_53419933_T/A,Chr11,53419933,0.0136256374595742,10882,FALSE
Pv2.1_05_38443849_T/A,Chr05,38443849,0.0136207028158939,10883,FALSE
Pv2.1_10_42679099_T/C,Chr10,42679099,0.0136204335775787,10884,FALSE
Pv2.1_11_553870_A/G,Chr11,553870,0.0136187246490596,10885,FALSE
Pv2.1_02_49576287_A/G,Chr02,49576287,0.0136136482567824,10886,FALSE
Pv2.1_10_1408937_A/C,Chr10,1408937,0.0136131428298487,10887,FALSE
Pv2.1_10_42388195_G/A,Chr10,42388195,0.0136109614662892,10888,FALSE
Pv2.1_07_1513782_C/A,Chr07,1513782,0.013609223738662,10889,FALSE
Pv2.1_08_47669957_ATT/A,Chr08,47669957,0.0136040939723876,10890,FALSE
Pv2.1_08_8337750_C/T,Chr08,8337750,0.0136012469175246,10891,FALSE
Pv2.1_04_41774120_T/G,Chr04,41774120,0.0135998103678237,10892,FALSE
Pv2.1_07_1548857_T/G,Chr07,1548857,0.0135978537789869,10893,FALSE
Pv2.1_08_1594585_T/C,Chr08,1594585,0.0135926675065443,10894,FALSE
Pv2.1_11_48706230_T/A,Chr11,48706230,0.0135880977141292,10895,FALSE
Pv2.1_09_29311164_G/A,Chr09,29311164,0.0135859218711456,10896,FALSE
Pv2.1_04_42163119_G/A,Chr04,42163119,0.0135840033728676,10897,FALSE
Pv2.1_03_2589318_G/C,Chr03,2589318,0.0135793814052732,10898,FALSE
Pv2.1_07_180141_A/C,Chr07,180141,0.0135775206506326,10899,FALSE
Pv2.1_10_1408947_G/C,Chr10,1408947,0.0135740556836725,10900,FALSE
Pv2.1_08_13034112_A/T,Chr08,13034112,0.0135733213414815,10901,FALSE
Pv2.1_01_6425614_C/A,Chr01,6425614,0.0135689739755014,10902,FALSE
Pv2.1_10_41922485_C/A,Chr10,41922485,0.0135679200776218,10903,FALSE
Pv2.1_10_1366728_G/A,Chr10,1366728,0.0135652736122154,10904,FALSE
Pv2.1_08_6405163_T/C,Chr08,6405163,0.0135602372055166,10905,FALSE
Pv2.1_07_21524316_T/A,Chr07,21524316,0.0135601875775144,10906,FALSE
Pv2.1_01_6607432_A/T,Chr01,6607432,0.0135486612366358,10907,FALSE
Pv2.1_10_9922562_A/G,Chr10,9922562,0.0135385420106653,10908,FALSE
Pv2.1_07_1558159_G/C,Chr07,1558159,0.0135372996051153,10909,FALSE
Pv2.1_11_1010629_A/T,Chr11,1010629,0.0135339128384162,10910,FALSE
Pv2.1_04_8044213_G/A,Chr04,8044213,0.0135302965936641,10911,FALSE
Pv2.1_04_1601688_T/A,Chr04,1601688,0.0135219086749858,10912,FALSE
Pv2.1_03_51884967_C/T,Chr03,51884967,0.0135202119398579,10913,FALSE
Pv2.1_02_25955851_AG/A,Chr02,25955851,0.0135192464206204,10914,FALSE
Pv2.1_06_15507416_C/T,Chr06,15507416,0.0135184603413334,10915,FALSE
Pv2.1_09_38104976_C/T,Chr09,38104976,0.013514404225289,10916,FALSE
Pv2.1_02_30956707_C/G,Chr02,30956707,0.0135137043621802,10917,FALSE
Pv2.1_08_62953286_T/C,Chr08,62953286,0.0135102905606255,10918,FALSE
Pv2.1_03_33537090_G/A,Chr03,33537090,0.0135048372082043,10919,FALSE
Pv2.1_07_624095_C/T,Chr07,624095,0.0135043700342865,10920,FALSE
Pv2.1_05_3755562_T/C,Chr05,3755562,0.0135020456382349,10921,FALSE
Pv2.1_11_35946088_C/G,Chr11,35946088,0.0134976916356924,10922,FALSE
Pv2.1_03_2442924_GCT/G,Chr03,2442924,0.0134883210544006,10923,FALSE
Pv2.1_11_3515650_A/G,Chr11,3515650,0.0134858850496991,10924,FALSE
Pv2.1_04_119984_TA/T,Chr04,119984,0.0134739803754287,10925,FALSE
Pv2.1_10_44182778_T/C,Chr10,44182778,0.0134734544909745,10926,FALSE
Pv2.1_10_44182787_G/T,Chr10,44182787,0.0134734544909745,10927,FALSE
Pv2.1_10_44182792_A/G,Chr10,44182792,0.0134734544909745,10928,FALSE
Pv2.1_03_52938066_A/G,Chr03,52938066,0.0134701393007686,10929,FALSE
Pv2.1_02_29371248_T/A,Chr02,29371248,0.0134677547314639,10930,FALSE
Pv2.1_11_33986751_G/A,Chr11,33986751,0.0134628982401508,10931,FALSE
Pv2.1_01_1104804_TAG/T,Chr01,1104804,0.0134582274551684,10932,FALSE
Pv2.1_03_45318342_T/G,Chr03,45318342,0.0134567541340043,10933,FALSE
Pv2.1_07_1235393_C/T,Chr07,1235393,0.0134560442218246,10934,FALSE
Pv2.1_05_39472209_G/A,Chr05,39472209,0.0134529151264644,10935,FALSE
Pv2.1_11_2862249_C/G,Chr11,2862249,0.0134515939523023,10936,FALSE
Pv2.1_02_316413_G/A,Chr02,316413,0.0134482867381545,10937,FALSE
Pv2.1_08_57704676_A/G,Chr08,57704676,0.0134441293625676,10938,FALSE
Pv2.1_08_45851866_G/A,Chr08,45851866,0.0134398357973868,10939,FALSE
Pv2.1_10_1408987_T/C,Chr10,1408987,0.0134391995648127,10940,FALSE
Pv2.1_08_8044403_G/C,Chr08,8044403,0.0134338788355253,10941,FALSE
Pv2.1_02_2733205_A/G,Chr02,2733205,0.0134313989412429,10942,FALSE
Pv2.1_09_37429101_C/G,Chr09,37429101,0.0134210819895504,10943,FALSE
Pv2.1_07_38561291_G/A,Chr07,38561291,0.0134176675131625,10944,FALSE
Pv2.1_11_52379640_G/A,Chr11,52379640,0.0134149738412273,10945,FALSE
Pv2.1_08_56268545_T/C,Chr08,56268545,0.0134121238928193,10946,FALSE
Pv2.1_04_8471863_T/A,Chr04,8471863,0.013410657639028,10947,FALSE
Pv2.1_03_11142546_A/T,Chr03,11142546,0.013410336185542,10948,FALSE
Pv2.1_11_52612171_GTA/G,Chr11,52612171,0.0134090651856971,10949,FALSE
Pv2.1_07_28945206_T/A,Chr07,28945206,0.0134037726078962,10950,FALSE
Pv2.1_07_1558198_G/A,Chr07,1558198,0.0133985664155492,10951,FALSE
Pv2.1_10_23955588_G/A,Chr10,23955588,0.0133971909962005,10952,FALSE
Pv2.1_02_28103824_A/G,Chr02,28103824,0.0133917388954727,10953,FALSE
Pv2.1_10_41396729_C/T,Chr10,41396729,0.0133874693942575,10954,FALSE
Pv2.1_07_39812510_C/T,Chr07,39812510,0.0133854825125201,10955,FALSE
Pv2.1_01_51029053_T/A,Chr01,51029053,0.0133846820713899,10956,FALSE
Pv2.1_08_43985774_T/G,Chr08,43985774,0.0133844207947527,10957,FALSE
Pv2.1_03_2472543_T/A,Chr03,2472543,0.0133838861159674,10958,FALSE
Pv2.1_06_29285978_A/G,Chr06,29285978,0.0133821798938545,10959,FALSE
Pv2.1_05_38076520_CAT/C,Chr05,38076520,0.0133751011625356,10960,FALSE
Pv2.1_11_3251154_A/T,Chr11,3251154,0.0133730626538622,10961,FALSE
Pv2.1_11_1024876_G/A,Chr11,1024876,0.0133641760354717,10962,FALSE
Pv2.1_09_14814946_A/T,Chr09,14814946,0.0133593114391108,10963,FALSE
Pv2.1_10_43183912_GGTAA/G,Chr10,43183912,0.0133585329393551,10964,FALSE
Pv2.1_01_992050_T/A,Chr01,992050,0.0133575430290094,10965,FALSE
Pv2.1_02_47694007_C/T,Chr02,47694007,0.0133508171763439,10966,FALSE
Pv2.1_02_47694011_C/T,Chr02,47694011,0.0133508171763439,10967,FALSE
Pv2.1_02_47694027_G/C,Chr02,47694027,0.0133508171763435,10968,FALSE
Pv2.1_03_33349789_A/T,Chr03,33349789,0.0133502102587117,10969,FALSE
Pv2.1_01_1009184_G/A,Chr01,1009184,0.0133454342756405,10970,FALSE
Pv2.1_06_18987441_C/A,Chr06,18987441,0.0133444491311732,10971,FALSE
Pv2.1_05_5143348_C/CTG,Chr05,5143348,0.0133401978766892,10972,FALSE
Pv2.1_09_35889891_G/C,Chr09,35889891,0.0133381272902686,10973,FALSE
Pv2.1_09_35889909_T/C,Chr09,35889909,0.0133381272902686,10974,FALSE
Pv2.1_05_21548695_C/T,Chr05,21548695,0.0133352033602909,10975,FALSE
Pv2.1_07_1281469_C/G,Chr07,1281469,0.0133324784534801,10976,FALSE
Pv2.1_08_62930048_G/A,Chr08,62930048,0.013331317184321,10977,FALSE
Pv2.1_03_49404571_G/A,Chr03,49404571,0.0133250908050244,10978,FALSE
Pv2.1_11_3220437_C/T,Chr11,3220437,0.0133250673813881,10979,FALSE
Pv2.1_02_28104050_C/T,Chr02,28104050,0.0133218806023452,10980,FALSE
Pv2.1_07_38218409_GATAT/G,Chr07,38218409,0.0133212101205729,10981,FALSE
Pv2.1_07_28381695_C/A,Chr07,28381695,0.0133178060787174,10982,FALSE
Pv2.1_02_29708772_A/G,Chr02,29708772,0.013316380079849,10983,FALSE
Pv2.1_08_62727820_T/TAA,Chr08,62727820,0.0133096374155577,10984,FALSE
Pv2.1_10_23852859_T/C,Chr10,23852859,0.0133094452981712,10985,FALSE
Pv2.1_11_3298768_C/T,Chr11,3298768,0.0133079611968028,10986,FALSE
Pv2.1_08_45849637_C/G,Chr08,45849637,0.0133060937876239,10987,FALSE
Pv2.1_09_29268109_G/A,Chr09,29268109,0.0133027440971416,10988,FALSE
Pv2.1_10_44184974_T/C,Chr10,44184974,0.0133014543618333,10989,FALSE
Pv2.1_08_1594278_T/A,Chr08,1594278,0.0132951710956046,10990,FALSE
Pv2.1_11_404086_C/T,Chr11,404086,0.0132910153085399,10991,FALSE
Pv2.1_09_37684562_AC/A,Chr09,37684562,0.0132910056877509,10992,FALSE
Pv2.1_09_37684562_AC/G,Chr09,37684562,0.0132910056877504,10993,FALSE
Pv2.1_08_60150102_C/A,Chr08,60150102,0.0132882709396873,10994,FALSE
Pv2.1_06_21088111_G/C,Chr06,21088111,0.013282573590832,10995,FALSE
Pv2.1_07_236545_T/C,Chr07,236545,0.0132735580462655,10996,FALSE
Pv2.1_06_6821920_G/A,Chr06,6821920,0.0132703965772842,10997,FALSE
Pv2.1_01_49085064_C/G,Chr01,49085064,0.0132690600623699,10998,FALSE
Pv2.1_02_7653237_T/C,Chr02,7653237,0.0132596651468107,10999,FALSE
Pv2.1_06_5802866_C/T,Chr06,5802866,0.0132462499045127,11000,FALSE
Pv2.1_04_45670883_TC/T,Chr04,45670883,0.0132401068991865,11001,FALSE
Pv2.1_01_854109_A/G,Chr01,854109,0.0132322316013811,11002,FALSE
Pv2.1_06_15468953_C/T,Chr06,15468953,0.0132306666203013,11003,FALSE
Pv2.1_07_32158985_G/A,Chr07,32158985,0.0132298898208183,11004,FALSE
Pv2.1_01_1219840_C/T,Chr01,1219840,0.0132283653182159,11005,FALSE
Pv2.1_07_3538237_T/A,Chr07,3538237,0.013227006454315,11006,FALSE
Pv2.1_11_53498318_G/T,Chr11,53498318,0.0132261111389584,11007,FALSE
Pv2.1_11_53498320_A/T,Chr11,53498320,0.0132261111389584,11008,FALSE
Pv2.1_11_52984538_G/A,Chr11,52984538,0.0132252821213128,11009,FALSE
Pv2.1_06_29130696_G/A,Chr06,29130696,0.0132239002429664,11010,FALSE
Pv2.1_07_514917_A/G,Chr07,514917,0.0132202355031952,11011,FALSE
Pv2.1_11_52413269_T/A,Chr11,52413269,0.0132185129639537,11012,FALSE
Pv2.1_08_43971256_C/T,Chr08,43971256,0.0132137469118376,11013,FALSE
Pv2.1_09_10577134_G/C,Chr09,10577134,0.01321258540171,11014,FALSE
Pv2.1_06_24104208_A/C,Chr06,24104208,0.0132107092318101,11015,FALSE
Pv2.1_11_1792170_G/T,Chr11,1792170,0.0132053760670341,11016,FALSE
Pv2.1_02_25955844_A/T,Chr02,25955844,0.0132033140427157,11017,FALSE
Pv2.1_06_26356106_T/A,Chr06,26356106,0.0131948003171476,11018,FALSE
Pv2.1_08_60713377_C/G,Chr08,60713377,0.0131795137271311,11019,FALSE
Pv2.1_11_53551610_ATC/A,Chr11,53551610,0.013174764632498,11020,FALSE
Pv2.1_10_1698898_A/T,Chr10,1698898,0.0131724497278283,11021,FALSE
Pv2.1_01_6676480_T/A,Chr01,6676480,0.013167657987748,11022,FALSE
Pv2.1_11_861456_A/G,Chr11,861456,0.0131646014345135,11023,FALSE
Pv2.1_08_9135041_A/T,Chr08,9135041,0.0131631910290007,11024,FALSE
Pv2.1_09_37766322_T/G,Chr09,37766322,0.013132713807201,11025,FALSE
Pv2.1_09_29153506_G/A,Chr09,29153506,0.0131205487067465,11026,FALSE
Pv2.1_11_3278090_T/TG,Chr11,3278090,0.013118513739613,11027,FALSE
Pv2.1_07_637988_A/T,Chr07,637988,0.0131133533765206,11028,FALSE
Pv2.1_11_3284110_G/A,Chr11,3284110,0.0131105408530936,11029,FALSE
Pv2.1_01_13273111_T/G,Chr01,13273111,0.0131078721778337,11030,FALSE
Pv2.1_03_9408307_C/A,Chr03,9408307,0.0130997027198831,11031,FALSE
Pv2.1_10_9922570_A/G,Chr10,9922570,0.0130956677791239,11032,FALSE
Pv2.1_10_9922572_A/G,Chr10,9922572,0.0130956677791239,11033,FALSE
Pv2.1_07_21378831_G/C,Chr07,21378831,0.0130940176140526,11034,FALSE
Pv2.1_01_10095152_G/A,Chr01,10095152,0.013093989811888,11035,FALSE
Pv2.1_10_2844028_C/A,Chr10,2844028,0.0130909093106721,11036,FALSE
Pv2.1_05_38422497_C/T,Chr05,38422497,0.0130881905441744,11037,FALSE
Pv2.1_01_46476557_AT/A,Chr01,46476557,0.0130843182273557,11038,FALSE
Pv2.1_01_46476617_T/A,Chr01,46476617,0.0130843182273557,11039,FALSE
Pv2.1_02_34792557_GGAATGTA/G,Chr02,34792557,0.0130840524559135,11040,FALSE
Pv2.1_01_5385838_T/A,Chr01,5385838,0.0130827208948392,11041,FALSE
Pv2.1_07_9089513_G/T,Chr07,9089513,0.013081924535872,11042,FALSE
Pv2.1_06_27599685_C/T,Chr06,27599685,0.0130786643425203,11043,FALSE
Pv2.1_05_128175_C/T,Chr05,128175,0.0130698412855885,11044,FALSE
Pv2.1_07_3518929_T/C,Chr07,3518929,0.013066752346433,11045,FALSE
Pv2.1_07_2579700_C/T,Chr07,2579700,0.0130651276531113,11046,FALSE
Pv2.1_11_3568572_A/C,Chr11,3568572,0.0130635529176946,11047,FALSE
Pv2.1_01_854123_A/G,Chr01,854123,0.0130632267121249,11048,FALSE
Pv2.1_06_19335009_A/C,Chr06,19335009,0.0130604158674248,11049,FALSE
Pv2.1_11_53381603_A/T,Chr11,53381603,0.0130601763644727,11050,FALSE
Pv2.1_06_26355901_A/C,Chr06,26355901,0.0130593383018227,11051,FALSE
Pv2.1_07_7432491_A/G,Chr07,7432491,0.013050357616327,11052,FALSE
Pv2.1_08_3430170_C/T,Chr08,3430170,0.0130493030431045,11053,FALSE
Pv2.1_03_12162730_G/A,Chr03,12162730,0.0130492088533316,11054,FALSE
Pv2.1_10_37942218_C/A,Chr10,37942218,0.0130482325858496,11055,FALSE
Pv2.1_08_8156504_A/G,Chr08,8156504,0.01304424006717,11056,FALSE
Pv2.1_10_43396703_A/G,Chr10,43396703,0.0130421422640192,11057,FALSE
Pv2.1_05_40739625_G/C,Chr05,40739625,0.0130334460492967,11058,FALSE
Pv2.1_06_27927823_T/A,Chr06,27927823,0.0130268266231459,11059,FALSE
Pv2.1_01_12468542_C/T,Chr01,12468542,0.0130232087684274,11060,FALSE
Pv2.1_11_3337655_C/T,Chr11,3337655,0.0130194575568767,11061,FALSE
Pv2.1_08_360362_C/T,Chr08,360362,0.0130150198804158,11062,FALSE
Pv2.1_10_42679072_A/T,Chr10,42679072,0.0129967267111142,11063,FALSE
Pv2.1_11_31548759_G/A,Chr11,31548759,0.0129947330413231,11064,FALSE
Pv2.1_11_3251088_A/T,Chr11,3251088,0.0129686337151291,11065,FALSE
Pv2.1_09_35517310_G/C,Chr09,35517310,0.0129628210548618,11066,FALSE
Pv2.1_06_10564823_A/G,Chr06,10564823,0.0129621065123628,11067,FALSE
Pv2.1_03_51082524_G/A,Chr03,51082524,0.0129597829469335,11068,FALSE
Pv2.1_11_53498352_T/C,Chr11,53498352,0.0129540112791928,11069,FALSE
Pv2.1_07_39166109_C/T,Chr07,39166109,0.0129535108740124,11070,FALSE
Pv2.1_02_49597499_A/G,Chr02,49597499,0.0129527056649605,11071,FALSE
Pv2.1_02_49597508_G/A,Chr02,49597508,0.0129527056649605,11072,FALSE
Pv2.1_02_33535628_G/A,Chr02,33535628,0.0129463995733565,11073,FALSE
Pv2.1_02_33535629_C/A,Chr02,33535629,0.0129463995733565,11074,FALSE
Pv2.1_08_7435364_C/G,Chr08,7435364,0.0129455629916873,11075,FALSE
Pv2.1_04_42163189_C/T,Chr04,42163189,0.0129445122880689,11076,FALSE
Pv2.1_07_106070_G/A,Chr07,106070,0.012941767918373,11077,FALSE
Pv2.1_07_39812505_G/A,Chr07,39812505,0.0129358910071864,11078,FALSE
Pv2.1_06_19446543_C/T,Chr06,19446543,0.0129352453351457,11079,FALSE
Pv2.1_08_3430144_G/A,Chr08,3430144,0.012932812440583,11080,FALSE
Pv2.1_03_10758715_T/G,Chr03,10758715,0.0129283441270744,11081,FALSE
Pv2.1_09_35314293_A/T,Chr09,35314293,0.0129270343502923,11082,FALSE
Pv2.1_08_7941175_A/G,Chr08,7941175,0.012921490268659,11083,FALSE
Pv2.1_04_2409449_C/T,Chr04,2409449,0.0129141384187186,11084,FALSE
Pv2.1_01_1193820_G/A,Chr01,1193820,0.0129134747561541,11085,FALSE
Pv2.1_09_29273889_C/G,Chr09,29273889,0.0129069087165488,11086,FALSE
Pv2.1_10_1545124_G/A,Chr10,1545124,0.012903475806016,11087,FALSE
Pv2.1_07_21524331_T/G,Chr07,21524331,0.0129017928249402,11088,FALSE
Pv2.1_09_37800088_T/C,Chr09,37800088,0.0128994248495053,11089,FALSE
Pv2.1_02_34496574_A/T,Chr02,34496574,0.0128959640232655,11090,FALSE
Pv2.1_03_40784404_A/C,Chr03,40784404,0.0128934923383528,11091,FALSE
Pv2.1_03_37956480_G/A,Chr03,37956480,0.0128926924314992,11092,FALSE
Pv2.1_03_44694260_G/A,Chr03,44694260,0.012892651976629,11093,FALSE
Pv2.1_01_51186353_C/T,Chr01,51186353,0.0128834328633634,11094,FALSE
Pv2.1_07_1199636_T/C,Chr07,1199636,0.0128769685416432,11095,FALSE
Pv2.1_02_33752472_C/A,Chr02,33752472,0.0128738441710379,11096,FALSE
Pv2.1_11_53551647_A/G,Chr11,53551647,0.0128686725953133,11097,FALSE
Pv2.1_07_32176792_A/G,Chr07,32176792,0.0128622705138586,11098,FALSE
Pv2.1_09_35378005_A/G,Chr09,35378005,0.0128603214380703,11099,FALSE
Pv2.1_04_44784865_A/T,Chr04,44784865,0.0128578284724181,11100,FALSE
Pv2.1_06_24824243_A/T,Chr06,24824243,0.0128496481478022,11101,FALSE
Pv2.1_11_990206_A/G,Chr11,990206,0.0128475492766782,11102,FALSE
Pv2.1_05_739718_A/C,Chr05,739718,0.0128425050957151,11103,FALSE
Pv2.1_07_21482051_A/T,Chr07,21482051,0.0128414336425768,11104,FALSE
Pv2.1_08_61402992_T/G,Chr08,61402992,0.0128412544408238,11105,FALSE
Pv2.1_02_28320567_G/C,Chr02,28320567,0.0128369099614156,11106,FALSE
Pv2.1_01_46498251_T/A,Chr01,46498251,0.0128301568714169,11107,FALSE
Pv2.1_01_46498263_T/A,Chr01,46498263,0.0128301568714169,11108,FALSE
Pv2.1_10_33353451_C/T,Chr10,33353451,0.0128243856743469,11109,FALSE
Pv2.1_05_464953_G/A,Chr05,464953,0.0128216307301123,11110,FALSE
Pv2.1_07_39812643_G/A,Chr07,39812643,0.0128187130676256,11111,FALSE
Pv2.1_10_41562051_T/G,Chr10,41562051,0.012802838525634,11112,FALSE
Pv2.1_06_24107067_A/C,Chr06,24107067,0.0128010551917064,11113,FALSE
Pv2.1_11_48373581_C/T,Chr11,48373581,0.0127899291282869,11114,FALSE
Pv2.1_03_50415026_G/GT,Chr03,50415026,0.0127867838666598,11115,FALSE
Pv2.1_10_43801083_G/C,Chr10,43801083,0.0127762679296843,11116,FALSE
Pv2.1_10_43801088_C/G,Chr10,43801088,0.0127762679296843,11117,FALSE
Pv2.1_11_72667_C/T,Chr11,72667,0.012761011787334,11118,FALSE
Pv2.1_11_2238780_A/G,Chr11,2238780,0.012756279729274,11119,FALSE
Pv2.1_09_37663231_A/G,Chr09,37663231,0.012753198666545,11120,FALSE
Pv2.1_09_37663242_C/A,Chr09,37663242,0.012753198666545,11121,FALSE
Pv2.1_11_5176119_G/A,Chr11,5176119,0.0127515548601425,11122,FALSE
Pv2.1_07_39258383_T/G,Chr07,39258383,0.0127508084851105,11123,FALSE
Pv2.1_08_55243030_G/GA,Chr08,55243030,0.0127468269495878,11124,FALSE
Pv2.1_02_36911177_C/G,Chr02,36911177,0.0127406464234272,11125,FALSE
Pv2.1_02_36911185_C/G,Chr02,36911185,0.0127406464234272,11126,FALSE
Pv2.1_02_36911195_A/G,Chr02,36911195,0.0127406464234272,11127,FALSE
Pv2.1_04_2589640_A/C,Chr04,2589640,0.0127297558631563,11128,FALSE
Pv2.1_11_52974160_T/G,Chr11,52974160,0.0127253299761736,11129,FALSE
Pv2.1_09_14814925_C/T,Chr09,14814925,0.0127244137080318,11130,FALSE
Pv2.1_11_3195245_A/G,Chr11,3195245,0.0127202300451903,11131,FALSE
Pv2.1_07_184258_A/T,Chr07,184258,0.0127106444537199,11132,FALSE
Pv2.1_04_45449091_C/T,Chr04,45449091,0.0127070700484104,11133,FALSE
Pv2.1_04_45449130_C/T,Chr04,45449130,0.0127070700484104,11134,FALSE
Pv2.1_03_40751725_G/T,Chr03,40751725,0.0127050539811648,11135,FALSE
Pv2.1_04_2559931_T/A,Chr04,2559931,0.0126999377074313,11136,FALSE
Pv2.1_04_2559934_C/T,Chr04,2559934,0.0126999377074313,11137,FALSE
Pv2.1_04_2559941_A/T,Chr04,2559941,0.0126999377074313,11138,FALSE
Pv2.1_04_2559949_A/G,Chr04,2559949,0.0126999377074313,11139,FALSE
Pv2.1_05_39242209_C/AA,Chr05,39242209,0.0126920413796094,11140,FALSE
Pv2.1_11_52317942_GA/G,Chr11,52317942,0.0126857464694128,11141,FALSE
Pv2.1_09_14033859_G/A,Chr09,14033859,0.0126850040035782,11142,FALSE
Pv2.1_10_39133520_G/A,Chr10,39133520,0.0126821819757268,11143,FALSE
Pv2.1_10_39133554_T/C,Chr10,39133554,0.0126821819757268,11144,FALSE
Pv2.1_05_113061_T/C,Chr05,113061,0.0126801542481068,11145,FALSE
Pv2.1_08_14466108_G/T,Chr08,14466108,0.012678909977601,11146,FALSE
Pv2.1_09_17429733_A/G,Chr09,17429733,0.0126754158838303,11147,FALSE
Pv2.1_05_16813182_A/G,Chr05,16813182,0.0126744510154726,11148,FALSE
Pv2.1_08_10772601_A/G,Chr08,10772601,0.0126725226699569,11149,FALSE
Pv2.1_08_7817227_G/A,Chr08,7817227,0.0126713709117912,11150,FALSE
Pv2.1_06_21630931_A/C,Chr06,21630931,0.0126663791388246,11151,FALSE
Pv2.1_11_53446361_T/C,Chr11,53446361,0.0126634304985993,11152,FALSE
Pv2.1_01_48345328_A/G,Chr01,48345328,0.0126630584228695,11153,FALSE
Pv2.1_11_1555291_T/C,Chr11,1555291,0.0126550593922836,11154,FALSE
Pv2.1_05_15672563_T/A,Chr05,15672563,0.0126522021455853,11155,FALSE
Pv2.1_03_10485523_T/C,Chr03,10485523,0.0126504879090947,11156,FALSE
Pv2.1_02_47652738_G/C,Chr02,47652738,0.012649702658623,11157,FALSE
Pv2.1_09_21555967_G/A,Chr09,21555967,0.0126495500721058,11158,FALSE
Pv2.1_07_24010455_G/A,Chr07,24010455,0.0126386896828006,11159,FALSE
Pv2.1_04_2413560_AAC/A,Chr04,2413560,0.0126383928487357,11160,FALSE
Pv2.1_07_184255_A/T,Chr07,184255,0.0126334673063551,11161,FALSE
Pv2.1_05_577725_G/T,Chr05,577725,0.0126300391480458,11162,FALSE
Pv2.1_04_2413504_A/G,Chr04,2413504,0.0126298722589668,11163,FALSE
Pv2.1_02_39509441_C/T,Chr02,39509441,0.0126272548769331,11164,FALSE
Pv2.1_03_12162718_T/A,Chr03,12162718,0.0126251951984084,11165,FALSE
Pv2.1_10_43279673_T/C,Chr10,43279673,0.0126219765845406,11166,FALSE
Pv2.1_10_43279684_A/G,Chr10,43279684,0.0126219765845406,11167,FALSE
Pv2.1_01_9794357_A/T,Chr01,9794357,0.012608403783628,11168,FALSE
Pv2.1_06_20377417_G/A,Chr06,20377417,0.0126045731041637,11169,FALSE
Pv2.1_10_42906650_A/G,Chr10,42906650,0.0125901399579345,11170,FALSE
Pv2.1_09_35468235_C/G,Chr09,35468235,0.0125887992846798,11171,FALSE
Pv2.1_06_27599690_TAAC/T,Chr06,27599690,0.0125881481960102,11172,FALSE
Pv2.1_06_23979822_C/T,Chr06,23979822,0.0125858390958982,11173,FALSE
Pv2.1_06_23979825_T/A,Chr06,23979825,0.0125858390958982,11174,FALSE
Pv2.1_06_23979831_G/A,Chr06,23979831,0.0125858390958982,11175,FALSE
Pv2.1_09_37766314_G/A,Chr09,37766314,0.0125797682771829,11176,FALSE
Pv2.1_06_26374955_T/C,Chr06,26374955,0.0125626397723178,11177,FALSE
Pv2.1_03_526285_TC/T,Chr03,526285,0.0125511800356453,11178,FALSE
Pv2.1_10_8943767_A/C,Chr10,8943767,0.012536042465201,11179,FALSE
Pv2.1_08_8748643_A/ATAT,Chr08,8748643,0.0125354475602353,11180,FALSE
Pv2.1_04_271357_T/C,Chr04,271357,0.0125284331349538,11181,FALSE
Pv2.1_11_48706252_T/C,Chr11,48706252,0.0125279496740247,11182,FALSE
Pv2.1_10_41406225_T/C,Chr10,41406225,0.012524396737418,11183,FALSE
Pv2.1_06_19324191_A/G,Chr06,19324191,0.0125178536417443,11184,FALSE
Pv2.1_03_43092849_G/C,Chr03,43092849,0.0125152323561917,11185,FALSE
Pv2.1_09_13609156_G/A,Chr09,13609156,0.0125108406862693,11186,FALSE
Pv2.1_06_21220213_C/A,Chr06,21220213,0.0125057496348511,11187,FALSE
Pv2.1_10_42906616_T/A,Chr10,42906616,0.0125046593673015,11188,FALSE
Pv2.1_05_18374748_A/G,Chr05,18374748,0.0125026623236235,11189,FALSE
Pv2.1_05_39472185_C/T,Chr05,39472185,0.0124944756870957,11190,FALSE
Pv2.1_02_24402388_C/G,Chr02,24402388,0.0124906157569398,11191,FALSE
Pv2.1_09_14084902_C/A,Chr09,14084902,0.012490290994521,11192,FALSE
Pv2.1_01_6604168_GAC/G,Chr01,6604168,0.012487467971309,11193,FALSE
Pv2.1_10_42495510_G/A,Chr10,42495510,0.0124719106235012,11194,FALSE
Pv2.1_04_4896412_C/CATA,Chr04,4896412,0.0124644102109905,11195,FALSE
Pv2.1_04_11936385_G/C,Chr04,11936385,0.012462766656943,11196,FALSE
Pv2.1_09_19579256_C/T,Chr09,19579256,0.0124402015806662,11197,FALSE
Pv2.1_07_21484432_TA/T,Chr07,21484432,0.0124330486034521,11198,FALSE
Pv2.1_02_47383714_A/C,Chr02,47383714,0.0124313563838281,11199,FALSE
Pv2.1_09_37433489_T/A,Chr09,37433489,0.0124274368281778,11200,FALSE
Pv2.1_09_37626802_G/A,Chr09,37626802,0.0124252704024475,11201,FALSE
Pv2.1_06_27577657_T/G,Chr06,27577657,0.0124236778023805,11202,FALSE
Pv2.1_07_153047_T/A,Chr07,153047,0.0124229998812493,11203,FALSE
Pv2.1_01_992793_A/G,Chr01,992793,0.0124126683392327,11204,FALSE
Pv2.1_10_23837580_C/G,Chr10,23837580,0.0124104234658153,11205,FALSE
Pv2.1_06_27656613_A/G,Chr06,27656613,0.0124011387188072,11206,FALSE
Pv2.1_03_36241711_C/T,Chr03,36241711,0.0123999071168601,11207,FALSE
Pv2.1_04_9794881_G/A,Chr04,9794881,0.0123974207165025,11208,FALSE
Pv2.1_09_38003541_C/A,Chr09,38003541,0.0123783511213911,11209,FALSE
Pv2.1_01_49184450_G/T,Chr01,49184450,0.0123782568236992,11210,FALSE
Pv2.1_01_49184465_TA/T,Chr01,49184465,0.0123782568236992,11211,FALSE
Pv2.1_02_23277575_T/TA,Chr02,23277575,0.0123755845883005,11212,FALSE
Pv2.1_10_39123688_T/G,Chr10,39123688,0.0123707360512384,11213,FALSE
Pv2.1_10_41988722_C/T,Chr10,41988722,0.0123670654116843,11214,FALSE
Pv2.1_03_549414_A/G,Chr03,549414,0.0123647005816432,11215,FALSE
Pv2.1_01_6429872_T/C,Chr01,6429872,0.0123646518475398,11216,FALSE
Pv2.1_01_10599946_G/A,Chr01,10599946,0.0123640585272984,11217,FALSE
Pv2.1_08_19139863_GA/G,Chr08,19139863,0.0123630486851516,11218,FALSE
Pv2.1_11_732025_G/A,Chr11,732025,0.0123626846986471,11219,FALSE
Pv2.1_09_29189840_T/C,Chr09,29189840,0.0123617429551852,11220,FALSE
Pv2.1_07_36997111_A/T,Chr07,36997111,0.0123594465117622,11221,FALSE
Pv2.1_11_51757669_T/G,Chr11,51757669,0.0123386666822451,11222,FALSE
Pv2.1_11_51757676_A/G,Chr11,51757676,0.0123386666822451,11223,FALSE
Pv2.1_07_189067_A/G,Chr07,189067,0.0123295324658708,11224,FALSE
Pv2.1_03_40715299_C/T,Chr03,40715299,0.0123258217744509,11225,FALSE
Pv2.1_04_41777479_C/G,Chr04,41777479,0.0123249270334771,11226,FALSE
Pv2.1_08_60224786_T/G,Chr08,60224786,0.0123115931517472,11227,FALSE
Pv2.1_05_17382289_C/A,Chr05,17382289,0.0123018040525098,11228,FALSE
Pv2.1_09_37663764_G/GCT,Chr09,37663764,0.0122938688587619,11229,FALSE
Pv2.1_02_584655_T/A,Chr02,584655,0.0122925414280748,11230,FALSE
Pv2.1_03_49685627_C/T,Chr03,49685627,0.0122896733395979,11231,FALSE
Pv2.1_11_50483703_C/A,Chr11,50483703,0.0122893405296174,11232,FALSE
Pv2.1_10_43424808_T/C,Chr10,43424808,0.0122624931510331,11233,FALSE
Pv2.1_02_34465504_CAGAG/C,Chr02,34465504,0.0122603786641751,11234,FALSE
Pv2.1_08_8748648_G/T,Chr08,8748648,0.0122519506658034,11235,FALSE
Pv2.1_11_46410431_G/A,Chr11,46410431,0.0122408740875208,11236,FALSE
Pv2.1_01_174239_A/G,Chr01,174239,0.0122406931456509,11237,FALSE
Pv2.1_11_52974138_A/T,Chr11,52974138,0.0122228516727612,11238,FALSE
Pv2.1_11_53419932_A/T,Chr11,53419932,0.0122203934093839,11239,FALSE
Pv2.1_10_1632979_T/G,Chr10,1632979,0.0122190584137312,11240,FALSE
Pv2.1_11_29569720_C/A,Chr11,29569720,0.0122117576493932,11241,FALSE
Pv2.1_08_502163_T/A,Chr08,502163,0.012210482567236,11242,FALSE
Pv2.1_09_28072612_C/T,Chr09,28072612,0.0122085434003365,11243,FALSE
Pv2.1_02_23066358_A/C,Chr02,23066358,0.012205937574548,11244,FALSE
Pv2.1_05_9116840_G/A,Chr05,9116840,0.0122045210647048,11245,FALSE
Pv2.1_07_1287995_A/G,Chr07,1287995,0.0121991000367965,11246,FALSE
Pv2.1_07_1288011_T/C,Chr07,1288011,0.0121991000367965,11247,FALSE
Pv2.1_06_23979843_G/A,Chr06,23979843,0.0121957798991996,11248,FALSE
Pv2.1_09_10496962_T/C,Chr09,10496962,0.0121918376512093,11249,FALSE
Pv2.1_11_1066142_T/G,Chr11,1066142,0.0121917437712962,11250,FALSE
Pv2.1_07_195160_C/T,Chr07,195160,0.0121864547014536,11251,FALSE
Pv2.1_11_3503291_T/A,Chr11,3503291,0.012185455869568,11252,FALSE
Pv2.1_10_41088405_A/T,Chr10,41088405,0.0121845439931922,11253,FALSE
Pv2.1_03_3610047_C/T,Chr03,3610047,0.0121835241642132,11254,FALSE
Pv2.1_04_45670909_A/G,Chr04,45670909,0.0121664064974003,11255,FALSE
Pv2.1_10_43396823_T/A,Chr10,43396823,0.0121636933131941,11256,FALSE
Pv2.1_02_34584048_C/T,Chr02,34584048,0.0121623604805032,11257,FALSE
Pv2.1_01_446205_G/T,Chr01,446205,0.0121610704179886,11258,FALSE
Pv2.1_01_4061964_T/G,Chr01,4061964,0.0121597571935497,11259,FALSE
Pv2.1_03_2553788_T/C,Chr03,2553788,0.0121562521615166,11260,FALSE
Pv2.1_10_41265091_T/C,Chr10,41265091,0.012155593500208,11261,FALSE
Pv2.1_02_14237450_G/A,Chr02,14237450,0.0121493612891341,11262,FALSE
Pv2.1_08_3321180_T/C,Chr08,3321180,0.0121452592591682,11263,FALSE
Pv2.1_02_31490952_G/A,Chr02,31490952,0.0121446077958596,11264,FALSE
Pv2.1_02_31490955_T/C,Chr02,31490955,0.0121446077958596,11265,FALSE
Pv2.1_02_31490987_T/G,Chr02,31490987,0.0121446077958596,11266,FALSE
Pv2.1_10_1723865_G/C,Chr10,1723865,0.0121438918060357,11267,FALSE
Pv2.1_04_5395401_G/A,Chr04,5395401,0.0121340373469567,11268,FALSE
Pv2.1_09_35411806_C/G,Chr09,35411806,0.0121305558362765,11269,FALSE
Pv2.1_08_24407066_C/G,Chr08,24407066,0.0121302972452328,11270,FALSE
Pv2.1_09_13746675_C/A,Chr09,13746675,0.0121298863568513,11271,FALSE
Pv2.1_02_31406571_GA/G,Chr02,31406571,0.0121175660302133,11272,FALSE
Pv2.1_01_48413992_AT/A,Chr01,48413992,0.0121143057126099,11273,FALSE
Pv2.1_04_2166863_C/T,Chr04,2166863,0.0121124897503235,11274,FALSE
Pv2.1_06_23688894_G/A,Chr06,23688894,0.0121064214967057,11275,FALSE
Pv2.1_10_42270516_TA/T,Chr10,42270516,0.0121002274464872,11276,FALSE
Pv2.1_10_41985483_A/G,Chr10,41985483,0.012096642647824,11277,FALSE
Pv2.1_01_5641736_C/T,Chr01,5641736,0.0120955695759162,11278,FALSE
Pv2.1_04_7272122_G/T,Chr04,7272122,0.0120937924413758,11279,FALSE
Pv2.1_08_62838497_T/A,Chr08,62838497,0.0120824033189679,11280,FALSE
Pv2.1_05_39472188_G/A,Chr05,39472188,0.0120809017379271,11281,FALSE
Pv2.1_03_36241739_G/T,Chr03,36241739,0.0120708577298783,11282,FALSE
Pv2.1_03_526313_T/C,Chr03,526313,0.0120702586306485,11283,FALSE
Pv2.1_10_41093417_G/A,Chr10,41093417,0.0120521639700746,11284,FALSE
Pv2.1_09_35617189_C/T,Chr09,35617189,0.0120483840225134,11285,FALSE
Pv2.1_04_43641306_T/C,Chr04,43641306,0.0120464185369613,11286,FALSE
Pv2.1_01_1966657_A/T,Chr01,1966657,0.0120453250296109,11287,FALSE
Pv2.1_10_10000214_T/A,Chr10,10000214,0.0120410482344648,11288,FALSE
Pv2.1_06_21206708_A/G,Chr06,21206708,0.0120369824399478,11289,FALSE
Pv2.1_02_30918540_G/T,Chr02,30918540,0.0120318201861318,11290,FALSE
Pv2.1_05_3462714_A/G,Chr05,3462714,0.0120243614510702,11291,FALSE
Pv2.1_07_38863655_A/T,Chr07,38863655,0.0120120395443877,11292,FALSE
Pv2.1_07_10902728_A/G,Chr07,10902728,0.0120112035512423,11293,FALSE
Pv2.1_09_22253804_T/G,Chr09,22253804,0.0120056305419505,11294,FALSE
Pv2.1_09_22253822_G/A,Chr09,22253822,0.0120056305419505,11295,FALSE
Pv2.1_07_38929310_A/G,Chr07,38929310,0.0120035637071174,11296,FALSE
Pv2.1_04_45465414_C/A,Chr04,45465414,0.0120016562650158,11297,FALSE
Pv2.1_09_21454694_T/A,Chr09,21454694,0.012000700134601,11298,FALSE
Pv2.1_02_540395_C/G,Chr02,540395,0.0119887262701801,11299,FALSE
Pv2.1_08_14465794_C/T,Chr08,14465794,0.0119576411654672,11300,FALSE
Pv2.1_03_2589785_C/G,Chr03,2589785,0.0119565581260987,11301,FALSE
Pv2.1_08_24833300_T/C,Chr08,24833300,0.0119549919157609,11302,FALSE
Pv2.1_10_40397561_A/T,Chr10,40397561,0.0119529858438932,11303,FALSE
Pv2.1_01_13958845_T/A,Chr01,13958845,0.0119262227451644,11304,FALSE
Pv2.1_06_20094627_GT/G,Chr06,20094627,0.0119244379486827,11305,FALSE
Pv2.1_07_3524988_C/G,Chr07,3524988,0.0119230700312438,11306,FALSE
Pv2.1_07_3525020_G/A,Chr07,3525020,0.0119230700312438,11307,FALSE
Pv2.1_08_3611622_G/A,Chr08,3611622,0.011921442997548,11308,FALSE
Pv2.1_09_19580329_T/C,Chr09,19580329,0.0119149945467827,11309,FALSE
Pv2.1_10_43376201_A/G,Chr10,43376201,0.0119080259996371,11310,FALSE
Pv2.1_10_42115584_T/A,Chr10,42115584,0.0119052591043562,11311,FALSE
Pv2.1_11_47862303_T/C,Chr11,47862303,0.0119024859447996,11312,FALSE
Pv2.1_08_60622749_G/A,Chr08,60622749,0.0119023891990127,11313,FALSE
Pv2.1_09_38211105_T/A,Chr09,38211105,0.0118977994404887,11314,FALSE
Pv2.1_08_60442677_C/G,Chr08,60442677,0.0118924603726769,11315,FALSE
Pv2.1_07_39886207_A/G,Chr07,39886207,0.0118849585726579,11316,FALSE
Pv2.1_07_39886221_A/C,Chr07,39886221,0.0118849585726579,11317,FALSE
Pv2.1_11_52890212_T/G,Chr11,52890212,0.0118830171298834,11318,FALSE
Pv2.1_05_38422653_G/C,Chr05,38422653,0.0118745624095173,11319,FALSE
Pv2.1_05_38422672_T/C,Chr05,38422672,0.0118745624095173,11320,FALSE
Pv2.1_05_38422673_A/G,Chr05,38422673,0.0118745624095173,11321,FALSE
Pv2.1_05_37385988_G/T,Chr05,37385988,0.0118728007827897,11322,FALSE
Pv2.1_02_39483966_G/C,Chr02,39483966,0.0118694529373062,11323,FALSE
Pv2.1_07_34855054_T/C,Chr07,34855054,0.011867356870451,11324,FALSE
Pv2.1_05_3462873_A/G,Chr05,3462873,0.0118665551500996,11325,FALSE
Pv2.1_10_720905_G/A,Chr10,720905,0.0118638656587873,11326,FALSE
Pv2.1_03_51884908_T/G,Chr03,51884908,0.0118561777284234,11327,FALSE
Pv2.1_06_18526216_T/A,Chr06,18526216,0.0118510829374214,11328,FALSE
Pv2.1_10_41351284_G/A,Chr10,41351284,0.0118499646247598,11329,FALSE
Pv2.1_11_53385158_C/T,Chr11,53385158,0.0118468981407314,11330,FALSE
Pv2.1_06_16037751_G/T,Chr06,16037751,0.0118316844790924,11331,FALSE
Pv2.1_11_1706141_A/G,Chr11,1706141,0.0118315505006441,11332,FALSE
Pv2.1_08_9944942_G/T,Chr08,9944942,0.0118274763141795,11333,FALSE
Pv2.1_08_9944943_A/T,Chr08,9944943,0.0118274763141795,11334,FALSE
Pv2.1_04_1983121_TC/T,Chr04,1983121,0.0118240236222906,11335,FALSE
Pv2.1_06_27493230_C/T,Chr06,27493230,0.011819660191025,11336,FALSE
Pv2.1_02_16040742_T/G,Chr02,16040742,0.0118184098798562,11337,FALSE
Pv2.1_08_61081523_A/G,Chr08,61081523,0.0118150670438251,11338,FALSE
Pv2.1_11_3921924_C/T,Chr11,3921924,0.0118044215378852,11339,FALSE
Pv2.1_11_2269907_G/A,Chr11,2269907,0.0117913254134985,11340,FALSE
Pv2.1_03_44694667_C/A,Chr03,44694667,0.0117906138378028,11341,FALSE
Pv2.1_11_26632035_C/T,Chr11,26632035,0.0117863735305503,11342,FALSE
Pv2.1_09_38007501_A/G,Chr09,38007501,0.0117776788811574,11343,FALSE
Pv2.1_01_5641713_C/T,Chr01,5641713,0.0117712624217803,11344,FALSE
Pv2.1_07_1312422_A/G,Chr07,1312422,0.0117701965545582,11345,FALSE
Pv2.1_04_2175384_T/A,Chr04,2175384,0.0117699342757547,11346,FALSE
Pv2.1_04_2175434_C/T,Chr04,2175434,0.0117699342757547,11347,FALSE
Pv2.1_01_872181_G/C,Chr01,872181,0.0117641502415982,11348,FALSE
Pv2.1_03_11144176_A/T,Chr03,11144176,0.0117608638928495,11349,FALSE
Pv2.1_08_30686856_CAA/C,Chr08,30686856,0.0117587951605511,11350,FALSE
Pv2.1_04_41855386_GA/G,Chr04,41855386,0.0117560929917024,11351,FALSE
Pv2.1_02_38639025_G/A,Chr02,38639025,0.0117484272066601,11352,FALSE
Pv2.1_03_12162445_G/A,Chr03,12162445,0.0117404012500759,11353,FALSE
Pv2.1_11_983172_A/T,Chr11,983172,0.0117316364656053,11354,FALSE
Pv2.1_01_901902_G/C,Chr01,901902,0.0117292846234456,11355,FALSE
Pv2.1_10_39731623_C/G,Chr10,39731623,0.0117255616141598,11356,FALSE
Pv2.1_08_61048240_T/C,Chr08,61048240,0.0117231683223253,11357,FALSE
Pv2.1_02_11171677_A/G,Chr02,11171677,0.0117159799721689,11358,FALSE
Pv2.1_08_61326711_A/G,Chr08,61326711,0.0117149639019289,11359,FALSE
Pv2.1_06_21554915_A/G,Chr06,21554915,0.0117122195447488,11360,FALSE
Pv2.1_07_23893241_T/C,Chr07,23893241,0.0117054039419324,11361,FALSE
Pv2.1_01_47052830_T/A,Chr01,47052830,0.0116966359912176,11362,FALSE
Pv2.1_01_47052831_C/A,Chr01,47052831,0.0116966359912176,11363,FALSE
Pv2.1_08_38798524_A/C,Chr08,38798524,0.0116957790497394,11364,FALSE
Pv2.1_08_44623742_A/T,Chr08,44623742,0.0116945819673533,11365,FALSE
Pv2.1_02_27673899_T/G,Chr02,27673899,0.0116917199839346,11366,FALSE
Pv2.1_11_2269649_A/G,Chr11,2269649,0.0116750291825758,11367,FALSE
Pv2.1_09_37808837_A/AG,Chr09,37808837,0.0116700306746607,11368,FALSE
Pv2.1_08_48738157_C/T,Chr08,48738157,0.0116687093489261,11369,FALSE
Pv2.1_02_23134306_G/A,Chr02,23134306,0.0116677360127992,11370,FALSE
Pv2.1_02_36911416_C/T,Chr02,36911416,0.0116654096731228,11371,FALSE
Pv2.1_05_204358_G/A,Chr05,204358,0.0116555246035102,11372,FALSE
Pv2.1_01_5641860_T/C,Chr01,5641860,0.0116490355350121,11373,FALSE
Pv2.1_04_41773896_C/T,Chr04,41773896,0.0116447754157534,11374,FALSE
Pv2.1_07_39214710_C/T,Chr07,39214710,0.0116424476792893,11375,FALSE
Pv2.1_07_39202205_C/G,Chr07,39202205,0.0116374518707705,11376,FALSE
Pv2.1_08_55164971_G/C,Chr08,55164971,0.0116359632759813,11377,FALSE
Pv2.1_07_189094_T/C,Chr07,189094,0.0116312660234086,11378,FALSE
Pv2.1_07_189133_T/C,Chr07,189133,0.0116312660234086,11379,FALSE
Pv2.1_06_27493220_C/T,Chr06,27493220,0.0116197724910871,11380,FALSE
Pv2.1_04_44049568_T/A,Chr04,44049568,0.0116182826511633,11381,FALSE
Pv2.1_11_3278137_G/A,Chr11,3278137,0.0116181604057291,11382,FALSE
Pv2.1_10_8944065_G/T,Chr10,8944065,0.0116167110678425,11383,FALSE
Pv2.1_10_8944066_C/T,Chr10,8944066,0.0116167110678425,11384,FALSE
Pv2.1_11_3263485_C/A,Chr11,3263485,0.0116130911263919,11385,FALSE
Pv2.1_02_24402426_G/A,Chr02,24402426,0.0116129772946669,11386,FALSE
Pv2.1_06_23708976_G/T,Chr06,23708976,0.0116049223270966,11387,FALSE
Pv2.1_04_461862_A/G,Chr04,461862,0.0116039372594727,11388,FALSE
Pv2.1_04_461889_C/A,Chr04,461889,0.0116039372594727,11389,FALSE
Pv2.1_01_3737817_A/G,Chr01,3737817,0.0116013397489967,11390,FALSE
Pv2.1_02_34875243_T/G,Chr02,34875243,0.0115963310142733,11391,FALSE
Pv2.1_06_20783580_G/T,Chr06,20783580,0.0115959054311237,11392,FALSE
Pv2.1_04_3968000_G/A,Chr04,3968000,0.0115849012601648,11393,FALSE
Pv2.1_05_40732011_A/G,Chr05,40732011,0.0115826481455907,11394,FALSE
Pv2.1_11_31548757_C/T,Chr11,31548757,0.0115637061716534,11395,FALSE
Pv2.1_07_3293105_G/A,Chr07,3293105,0.0115597962503902,11396,FALSE
Pv2.1_06_21223702_A/T,Chr06,21223702,0.0115572081193287,11397,FALSE
Pv2.1_07_34547064_G/A,Chr07,34547064,0.0115564573914875,11398,FALSE
Pv2.1_02_562076_T/C,Chr02,562076,0.0115560781713744,11399,FALSE
Pv2.1_07_594452_T/C,Chr07,594452,0.0115549036713052,11400,FALSE
Pv2.1_01_41726790_T/A,Chr01,41726790,0.0115546470069821,11401,FALSE
Pv2.1_07_6772367_G/T,Chr07,6772367,0.0115458573816936,11402,FALSE
Pv2.1_11_1285709_A/T,Chr11,1285709,0.0115446631068359,11403,FALSE
Pv2.1_06_27784226_C/T,Chr06,27784226,0.01154440594979,11404,FALSE
Pv2.1_10_41264805_G/T,Chr10,41264805,0.011532481546138,11405,FALSE
Pv2.1_06_25801020_C/G,Chr06,25801020,0.0115324054834831,11406,FALSE
Pv2.1_09_14953268_A/T,Chr09,14953268,0.0115262753397305,11407,FALSE
Pv2.1_08_62895158_T/C,Chr08,62895158,0.0115235061148229,11408,FALSE
Pv2.1_03_37134144_A/TG,Chr03,37134144,0.0115162806501603,11409,FALSE
Pv2.1_06_23124299_G/A,Chr06,23124299,0.0115077748828605,11410,FALSE
Pv2.1_08_60658631_C/A,Chr08,60658631,0.011506295451821,11411,FALSE
Pv2.1_08_45730925_C/A,Chr08,45730925,0.0114998335093839,11412,FALSE
Pv2.1_11_41525381_C/T,Chr11,41525381,0.0114862500925694,11413,FALSE
Pv2.1_04_3255084_T/G,Chr04,3255084,0.0114856738236564,11414,FALSE
Pv2.1_07_485213_A/C,Chr07,485213,0.0114822801247265,11415,FALSE
Pv2.1_11_47862238_T/C,Chr11,47862238,0.0114811931748382,11416,FALSE
Pv2.1_11_53419968_G/C,Chr11,53419968,0.0114789496941246,11417,FALSE
Pv2.1_09_12134151_A/T,Chr09,12134151,0.0114678927867677,11418,FALSE
Pv2.1_01_1966665_C/T,Chr01,1966665,0.0114636937660588,11419,FALSE
Pv2.1_02_386975_A/G,Chr02,386975,0.0114520326032679,11420,FALSE
Pv2.1_04_8640994_TA/T,Chr04,8640994,0.0114478445971002,11421,FALSE
Pv2.1_09_35319172_T/C,Chr09,35319172,0.0114439267739592,11422,FALSE
Pv2.1_08_60190173_G/C,Chr08,60190173,0.0114396844083817,11423,FALSE
Pv2.1_08_60190177_A/T,Chr08,60190177,0.0114396844083817,11424,FALSE
Pv2.1_05_12411458_C/A,Chr05,12411458,0.0114383772065345,11425,FALSE
Pv2.1_09_34920976_G/A,Chr09,34920976,0.0114380992439367,11426,FALSE
Pv2.1_06_27784364_G/A,Chr06,27784364,0.0114318486304459,11427,FALSE
Pv2.1_05_21301012_T/C,Chr05,21301012,0.0114280531141735,11428,FALSE
Pv2.1_09_21555923_G/T,Chr09,21555923,0.0114179761384987,11429,FALSE
Pv2.1_07_38655002_T/A,Chr07,38655002,0.0114147855461031,11430,FALSE
Pv2.1_09_35426225_T/C,Chr09,35426225,0.0113917924091678,11431,FALSE
Pv2.1_11_622998_C/T,Chr11,622998,0.0113760037283752,11432,FALSE
Pv2.1_10_2954190_G/A,Chr10,2954190,0.0113651314189869,11433,FALSE
Pv2.1_02_12060585_G/A,Chr02,12060585,0.0113565800823641,11434,FALSE
Pv2.1_02_43058401_C/A,Chr02,43058401,0.0113528746475797,11435,FALSE
Pv2.1_06_23146773_A/T,Chr06,23146773,0.0113513453522738,11436,FALSE
Pv2.1_07_41560_G/T,Chr07,41560,0.0113478849698727,11437,FALSE
Pv2.1_02_3902236_T/C,Chr02,3902236,0.0113470287811412,11438,FALSE
Pv2.1_09_14953275_T/C,Chr09,14953275,0.0113284586429767,11439,FALSE
Pv2.1_02_38573324_A/C,Chr02,38573324,0.0113227369872737,11440,FALSE
Pv2.1_08_60190144_C/T,Chr08,60190144,0.0113204811632106,11441,FALSE
Pv2.1_03_3700994_A/T,Chr03,3700994,0.0113144658387085,11442,FALSE
Pv2.1_06_27504160_C/T,Chr06,27504160,0.0113141099003147,11443,FALSE
Pv2.1_07_594401_T/A,Chr07,594401,0.0113107896651954,11444,FALSE
Pv2.1_10_43723915_C/A,Chr10,43723915,0.0113053162049037,11445,FALSE
Pv2.1_04_42037562_G/C,Chr04,42037562,0.0113046661362057,11446,FALSE
Pv2.1_04_42037564_A/G,Chr04,42037564,0.0113046661362057,11447,FALSE
Pv2.1_04_42037567_A/C,Chr04,42037567,0.0113046661362057,11448,FALSE
Pv2.1_04_42037570_G/A,Chr04,42037570,0.0113046661362057,11449,FALSE
Pv2.1_04_42037576_A/T,Chr04,42037576,0.0113046661362057,11450,FALSE
Pv2.1_11_28131179_AC/A,Chr11,28131179,0.0112824353055521,11451,FALSE
Pv2.1_10_2954155_C/T,Chr10,2954155,0.0112791591938626,11452,FALSE
Pv2.1_06_24107070_T/C,Chr06,24107070,0.011257267770266,11453,FALSE
Pv2.1_06_24107092_A/G,Chr06,24107092,0.011257267770266,11454,FALSE
Pv2.1_11_1010422_T/C,Chr11,1010422,0.0112504067445922,11455,FALSE
Pv2.1_04_1601678_T/C,Chr04,1601678,0.0112484254033429,11456,FALSE
Pv2.1_11_2238920_C/T,Chr11,2238920,0.0112442986735979,11457,FALSE
Pv2.1_01_13640425_A/G,Chr01,13640425,0.0112326615443212,11458,FALSE
Pv2.1_02_13399810_T/TA,Chr02,13399810,0.0112300942960122,11459,FALSE
Pv2.1_02_28217181_G/A,Chr02,28217181,0.0112285686004303,11460,FALSE
Pv2.1_02_13407918_C/CATAGG,Chr02,13407918,0.011227925124174,11461,FALSE
Pv2.1_07_38352232_G/A,Chr07,38352232,0.0112235904798941,11462,FALSE
Pv2.1_07_38352238_A/G,Chr07,38352238,0.0112235904798941,11463,FALSE
Pv2.1_05_739663_C/G,Chr05,739663,0.011223298988623,11464,FALSE
Pv2.1_02_34838636_G/C,Chr02,34838636,0.0112221789653475,11465,FALSE
Pv2.1_11_31910389_T/A,Chr11,31910389,0.0112174411182964,11466,FALSE
Pv2.1_11_31910390_C/A,Chr11,31910390,0.0112174411182964,11467,FALSE
Pv2.1_10_40737013_G/A,Chr10,40737013,0.0112172391088738,11468,FALSE
Pv2.1_07_39886067_C/T,Chr07,39886067,0.0112167976491908,11469,FALSE
Pv2.1_10_43229349_G/T,Chr10,43229349,0.0112121276478732,11470,FALSE
Pv2.1_08_55299623_G/A,Chr08,55299623,0.0112112596088325,11471,FALSE
Pv2.1_07_188295_C/CT,Chr07,188295,0.0112074532315258,11472,FALSE
Pv2.1_07_14353590_C/T,Chr07,14353590,0.0111780466649023,11473,FALSE
Pv2.1_10_40540190_A/G,Chr10,40540190,0.0111733221664436,11474,FALSE
Pv2.1_01_787952_C/T,Chr01,787952,0.0111700360045255,11475,FALSE
Pv2.1_09_35426067_T/G,Chr09,35426067,0.0111653069192812,11476,FALSE
Pv2.1_09_35044074_TCGACA/T,Chr09,35044074,0.0111639063217628,11477,FALSE
Pv2.1_11_1016351_A/T,Chr11,1016351,0.011162029293895,11478,FALSE
Pv2.1_01_6218677_C/A,Chr01,6218677,0.011156819011509,11479,FALSE
Pv2.1_01_6218684_A/T,Chr01,6218684,0.011156819011509,11480,FALSE
Pv2.1_07_3359118_A/G,Chr07,3359118,0.0111491308975045,11481,FALSE
Pv2.1_05_38892633_G/A,Chr05,38892633,0.0111289536475927,11482,FALSE
Pv2.1_05_38892640_C/G,Chr05,38892640,0.0111289536475927,11483,FALSE
Pv2.1_08_8337751_C/T,Chr08,8337751,0.0111261549358188,11484,FALSE
Pv2.1_04_44385212_A/C,Chr04,44385212,0.0111240841751474,11485,FALSE
Pv2.1_10_44182802_C/T,Chr10,44182802,0.0111221143451838,11486,FALSE
Pv2.1_07_38589938_G/A,Chr07,38589938,0.0111173948020773,11487,FALSE
Pv2.1_08_14465624_C/A,Chr08,14465624,0.0111150788384067,11488,FALSE
Pv2.1_10_40845062_A/G,Chr10,40845062,0.0111059664002391,11489,FALSE
Pv2.1_01_6429838_A/T,Chr01,6429838,0.0110949171836627,11490,FALSE
Pv2.1_08_9419005_C/T,Chr08,9419005,0.0110929072773889,11491,FALSE
Pv2.1_01_13356149_A/G,Chr01,13356149,0.011091298393342,11492,FALSE
Pv2.1_11_40959540_G/A,Chr11,40959540,0.0110857240763407,11493,FALSE
Pv2.1_01_41726687_C/T,Chr01,41726687,0.0110840555442087,11494,FALSE
Pv2.1_06_7000090_G/A,Chr06,7000090,0.0110663857632773,11495,FALSE
Pv2.1_10_2997868_A/G,Chr10,2997868,0.0110640218852049,11496,FALSE
Pv2.1_02_17928016_A/T,Chr02,17928016,0.0110630018442652,11497,FALSE
Pv2.1_06_20660730_G/GT,Chr06,20660730,0.0110613093274199,11498,FALSE
Pv2.1_06_27715327_G/A,Chr06,27715327,0.0110589156133249,11499,FALSE
Pv2.1_08_49677492_A/G,Chr08,49677492,0.0110556839500848,11500,FALSE
Pv2.1_07_6922504_G/A,Chr07,6922504,0.0110508187318694,11501,FALSE
Pv2.1_02_23293649_A/T,Chr02,23293649,0.0110456350341854,11502,FALSE
Pv2.1_02_23293664_C/T,Chr02,23293664,0.0110456350341854,11503,FALSE
Pv2.1_03_766003_C/A,Chr03,766003,0.0110351146055225,11504,FALSE
Pv2.1_08_44528183_T/G,Chr08,44528183,0.0110303382797197,11505,FALSE
Pv2.1_07_37412632_TA/T,Chr07,37412632,0.0110252790330736,11506,FALSE
Pv2.1_09_37663791_C/A,Chr09,37663791,0.0110130138004743,11507,FALSE
Pv2.1_08_8337721_C/T,Chr08,8337721,0.0110109231385431,11508,FALSE
Pv2.1_02_48544074_A/T,Chr02,48544074,0.0109943231279446,11509,FALSE
Pv2.1_01_48330632_T/G,Chr01,48330632,0.0109838008952021,11510,FALSE
Pv2.1_02_42363916_C/G,Chr02,42363916,0.0109818533016512,11511,FALSE
Pv2.1_09_14538837_T/C,Chr09,14538837,0.0109760759171786,11512,FALSE
Pv2.1_08_25363105_C/T,Chr08,25363105,0.010969296295416,11513,FALSE
Pv2.1_01_50856709_T/A,Chr01,50856709,0.0109634498958027,11514,FALSE
Pv2.1_10_43496866_C/T,Chr10,43496866,0.0109568268356797,11515,FALSE
Pv2.1_10_43496871_G/A,Chr10,43496871,0.0109568268356797,11516,FALSE
Pv2.1_08_62943333_C/T,Chr08,62943333,0.0109514485176523,11517,FALSE
Pv2.1_01_48430315_G/T,Chr01,48430315,0.010949078395035,11518,FALSE
Pv2.1_10_42115576_G/A,Chr10,42115576,0.0109450632596015,11519,FALSE
Pv2.1_10_1698919_C/T,Chr10,1698919,0.0109427178035055,11520,FALSE
Pv2.1_07_2549538_A/G,Chr07,2549538,0.0109393216305258,11521,FALSE
Pv2.1_06_21661959_T/C,Chr06,21661959,0.0109319530645822,11522,FALSE
Pv2.1_10_44169617_G/A,Chr10,44169617,0.0109232192141633,11523,FALSE
Pv2.1_07_3871396_C/CT,Chr07,3871396,0.0109177132677774,11524,FALSE
Pv2.1_07_25068_G/C,Chr07,25068,0.0108977535867698,11525,FALSE
Pv2.1_04_46590015_A/G,Chr04,46590015,0.0108977341413667,11526,FALSE
Pv2.1_06_27657075_G/A,Chr06,27657075,0.0108976072563314,11527,FALSE
Pv2.1_04_2413445_G/A,Chr04,2413445,0.0108968015888355,11528,FALSE
Pv2.1_07_38149927_T/C,Chr07,38149927,0.01089020713929,11529,FALSE
Pv2.1_11_72680_A/C,Chr11,72680,0.0108887953431984,11530,FALSE
Pv2.1_11_72695_T/C,Chr11,72695,0.0108887953431984,11531,FALSE
Pv2.1_11_72700_T/A,Chr11,72700,0.0108887953431984,11532,FALSE
Pv2.1_11_72721_T/C,Chr11,72721,0.0108887953431984,11533,FALSE
Pv2.1_10_2954156_A/T,Chr10,2954156,0.0108838142944743,11534,FALSE
Pv2.1_09_35419712_T/G,Chr09,35419712,0.0108807932864838,11535,FALSE
Pv2.1_05_26225564_G/T,Chr05,26225564,0.0108805991227126,11536,FALSE
Pv2.1_06_18822018_A/G,Chr06,18822018,0.0108799458383193,11537,FALSE
Pv2.1_10_37942189_A/G,Chr10,37942189,0.0108782905597211,11538,FALSE
Pv2.1_08_56216440_T/A,Chr08,56216440,0.0108777597840555,11539,FALSE
Pv2.1_04_45475458_G/A,Chr04,45475458,0.0108771362202691,11540,FALSE
Pv2.1_01_48413968_C/A,Chr01,48413968,0.010860175724082,11541,FALSE
Pv2.1_03_40571108_C/A,Chr03,40571108,0.0108569563326486,11542,FALSE
Pv2.1_03_3910007_G/A,Chr03,3910007,0.0108501368645006,11543,FALSE
Pv2.1_03_5378869_T/C,Chr03,5378869,0.0108499824784931,11544,FALSE
Pv2.1_03_5378882_T/C,Chr03,5378882,0.0108499824784931,11545,FALSE
Pv2.1_10_40392346_G/A,Chr10,40392346,0.0108264246991308,11546,FALSE
Pv2.1_03_40571095_C/T,Chr03,40571095,0.010824684749533,11547,FALSE
Pv2.1_11_53489943_C/A,Chr11,53489943,0.0108232706962506,11548,FALSE
Pv2.1_07_23019504_G/A,Chr07,23019504,0.0108192028752194,11549,FALSE
Pv2.1_03_33564009_A/AT,Chr03,33564009,0.0108075957250771,11550,FALSE
Pv2.1_08_34149428_G/T,Chr08,34149428,0.0108020070754313,11551,FALSE
Pv2.1_11_1524767_C/CATG,Chr11,1524767,0.0108010814041486,11552,FALSE
Pv2.1_11_52318298_C/G,Chr11,52318298,0.0107996031510251,11553,FALSE
Pv2.1_01_9850011_A/G,Chr01,9850011,0.0107899674887935,11554,FALSE
Pv2.1_05_115490_C/T,Chr05,115490,0.0107735655247865,11555,FALSE
Pv2.1_02_18001454_C/T,Chr02,18001454,0.0107647376881896,11556,FALSE
Pv2.1_05_410511_G/A,Chr05,410511,0.0107643282226206,11557,FALSE
Pv2.1_05_39679435_C/G,Chr05,39679435,0.0107419698064226,11558,FALSE
Pv2.1_01_6429837_G/T,Chr01,6429837,0.0107411889852118,11559,FALSE
Pv2.1_03_34556819_G/C,Chr03,34556819,0.0107382588272062,11560,FALSE
Pv2.1_02_23291462_G/A,Chr02,23291462,0.0107304261068526,11561,FALSE
Pv2.1_05_165428_A/C,Chr05,165428,0.0107243968186475,11562,FALSE
Pv2.1_05_38892618_C/T,Chr05,38892618,0.010723259912603,11563,FALSE
Pv2.1_11_874595_A/G,Chr11,874595,0.0107218219078384,11564,FALSE
Pv2.1_10_38134451_G/A,Chr10,38134451,0.0107151645610655,11565,FALSE
Pv2.1_10_38134465_T/C,Chr10,38134465,0.0107151645610655,11566,FALSE
Pv2.1_04_20120029_A/T,Chr04,20120029,0.0107146162955143,11567,FALSE
Pv2.1_04_46590027_G/A,Chr04,46590027,0.0107145050442417,11568,FALSE
Pv2.1_03_757795_G/A,Chr03,757795,0.0106952074688587,11569,FALSE
Pv2.1_01_655988_C/T,Chr01,655988,0.0106914141177095,11570,FALSE
Pv2.1_08_11528064_G/A,Chr08,11528064,0.0106864422131876,11571,FALSE
Pv2.1_02_34387561_T/A,Chr02,34387561,0.0106784351224376,11572,FALSE
Pv2.1_03_2938515_A/G,Chr03,2938515,0.0106680975887516,11573,FALSE
Pv2.1_09_35419692_T/A,Chr09,35419692,0.0106677777609585,11574,FALSE
Pv2.1_07_2549525_G/T,Chr07,2549525,0.0106660860016596,11575,FALSE
Pv2.1_05_19669091_T/G,Chr05,19669091,0.0106371006418113,11576,FALSE
Pv2.1_10_8838257_A/G,Chr10,8838257,0.0106342148610823,11577,FALSE
Pv2.1_02_31225548_T/G,Chr02,31225548,0.0106256300213485,11578,FALSE
Pv2.1_08_28426262_AAGC/A,Chr08,28426262,0.0106247067744576,11579,FALSE
Pv2.1_09_28322918_T/C,Chr09,28322918,0.0106241672843712,11580,FALSE
Pv2.1_04_42190080_C/T,Chr04,42190080,0.0106101478581389,11581,FALSE
Pv2.1_01_48284533_T/A,Chr01,48284533,0.0106088003798805,11582,FALSE
Pv2.1_04_1672571_T/G,Chr04,1672571,0.0105944579630193,11583,FALSE
Pv2.1_05_410548_A/G,Chr05,410548,0.0105836510980732,11584,FALSE
Pv2.1_04_42068282_G/A,Chr04,42068282,0.0105634669835464,11585,FALSE
Pv2.1_02_34769400_T/G,Chr02,34769400,0.010545229021873,11586,FALSE
Pv2.1_03_5378859_G/A,Chr03,5378859,0.0105448300701703,11587,FALSE
Pv2.1_05_3462684_A/T,Chr05,3462684,0.0105419495760439,11588,FALSE
Pv2.1_10_38132263_C/A,Chr10,38132263,0.0105374922882859,11589,FALSE
Pv2.1_01_48613484_G/A,Chr01,48613484,0.010534206110667,11590,FALSE
Pv2.1_09_14060500_C/T,Chr09,14060500,0.010496381550257,11591,FALSE
Pv2.1_11_52984655_A/T,Chr11,52984655,0.0104848745128883,11592,FALSE
Pv2.1_11_3567051_A/T,Chr11,3567051,0.0104818697239324,11593,FALSE
Pv2.1_03_33349900_A/C,Chr03,33349900,0.0104761052738245,11594,FALSE
Pv2.1_02_31270467_T/CA,Chr02,31270467,0.0104747267374559,11595,FALSE
Pv2.1_07_23019612_G/A,Chr07,23019612,0.0104585055244746,11596,FALSE
Pv2.1_10_44259254_G/T,Chr10,44259254,0.0104538847308495,11597,FALSE
Pv2.1_06_29869707_G/A,Chr06,29869707,0.0104496059559915,11598,FALSE
Pv2.1_04_4560757_T/C,Chr04,4560757,0.010428189803946,11599,FALSE
Pv2.1_08_3183858_A/C,Chr08,3183858,0.0104158746440524,11600,FALSE
Pv2.1_06_18802485_C/G,Chr06,18802485,0.0104059982218341,11601,FALSE
Pv2.1_06_18802526_C/T,Chr06,18802526,0.0104042662166006,11602,FALSE
Pv2.1_01_13640268_GA/G,Chr01,13640268,0.0104035710585171,11603,FALSE
Pv2.1_10_6991681_G/A,Chr10,6991681,0.0103845329916452,11604,FALSE
Pv2.1_11_1018779_T/A,Chr11,1018779,0.0103774252581852,11605,FALSE
Pv2.1_09_38152415_G/C,Chr09,38152415,0.0103649879459851,11606,FALSE
Pv2.1_02_34087019_A/G,Chr02,34087019,0.010356975889382,11607,FALSE
Pv2.1_06_28078852_G/A,Chr06,28078852,0.0103418607507768,11608,FALSE
Pv2.1_07_38327157_A/G,Chr07,38327157,0.0103354626772938,11609,FALSE
Pv2.1_10_44079935_G/C,Chr10,44079935,0.0103281243633457,11610,FALSE
Pv2.1_01_1034697_A/T,Chr01,1034697,0.0103231635286618,11611,FALSE
Pv2.1_03_2901666_A/G,Chr03,2901666,0.0103199950685293,11612,FALSE
Pv2.1_01_48502778_T/A,Chr01,48502778,0.0103159808693958,11613,FALSE
Pv2.1_10_44211585_G/A,Chr10,44211585,0.0103139625413404,11614,FALSE
Pv2.1_11_50483513_A/G,Chr11,50483513,0.010312160455114,11615,FALSE
Pv2.1_11_14261633_T/C,Chr11,14261633,0.0103117397007351,11616,FALSE
Pv2.1_02_31180899_T/TGG,Chr02,31180899,0.0103055944962516,11617,FALSE
Pv2.1_08_62934663_G/A,Chr08,62934663,0.0103052436986553,11618,FALSE
Pv2.1_08_62914224_T/C,Chr08,62914224,0.0103004601021826,11619,FALSE
Pv2.1_02_13604277_A/G,Chr02,13604277,0.0102989175188304,11620,FALSE
Pv2.1_08_60247773_G/T,Chr08,60247773,0.0102881958453915,11621,FALSE
Pv2.1_03_2872419_G/A,Chr03,2872419,0.0102777922851289,11622,FALSE
Pv2.1_03_2872447_A/T,Chr03,2872447,0.0102777922851289,11623,FALSE
Pv2.1_01_48502760_G/C,Chr01,48502760,0.0102749213020128,11624,FALSE
Pv2.1_04_41987047_A/T,Chr04,41987047,0.0102729545395128,11625,FALSE
Pv2.1_04_41987049_A/AG,Chr04,41987049,0.0102729545395128,11626,FALSE
Pv2.1_02_24852681_T/A,Chr02,24852681,0.010258727570482,11627,FALSE
Pv2.1_07_563355_C/G,Chr07,563355,0.0102560775930316,11628,FALSE
Pv2.1_11_51766343_G/T,Chr11,51766343,0.0102559309612422,11629,FALSE
Pv2.1_11_51766350_A/C,Chr11,51766350,0.0102559309612422,11630,FALSE
Pv2.1_01_6699367_T/G,Chr01,6699367,0.0102406224083604,11631,FALSE
Pv2.1_02_28046154_G/A,Chr02,28046154,0.0102398403108626,11632,FALSE
Pv2.1_01_13154787_G/T,Chr01,13154787,0.0102324570334291,11633,FALSE
Pv2.1_08_61901244_G/A,Chr08,61901244,0.0102261080073065,11634,FALSE
Pv2.1_08_2450889_G/T,Chr08,2450889,0.010223402662092,11635,FALSE
Pv2.1_06_21654685_A/G,Chr06,21654685,0.010222320449317,11636,FALSE
Pv2.1_06_21654722_C/G,Chr06,21654722,0.010222320449317,11637,FALSE
Pv2.1_11_2269987_C/T,Chr11,2269987,0.0102192673650219,11638,FALSE
Pv2.1_04_42197831_T/C,Chr04,42197831,0.0102097081681114,11639,FALSE
Pv2.1_07_4085873_G/A,Chr07,4085873,0.0102062399669807,11640,FALSE
Pv2.1_09_10480503_A/G,Chr09,10480503,0.0102019820297881,11641,FALSE
Pv2.1_04_7621693_T/C,Chr04,7621693,0.0101985978057519,11642,FALSE
Pv2.1_08_37232274_G/A,Chr08,37232274,0.0101903104494783,11643,FALSE
Pv2.1_02_2234934_C/G,Chr02,2234934,0.0101865419111791,11644,FALSE
Pv2.1_02_2234953_T/G,Chr02,2234953,0.0101865419111791,11645,FALSE
Pv2.1_01_5530659_G/T,Chr01,5530659,0.0101833074038922,11646,FALSE
Pv2.1_01_992688_G/T,Chr01,992688,0.0101618193670299,11647,FALSE
Pv2.1_08_6676424_A/T,Chr08,6676424,0.0101451350944592,11648,FALSE
Pv2.1_08_1483450_C/T,Chr08,1483450,0.0101406609539842,11649,FALSE
Pv2.1_09_14034041_T/C,Chr09,14034041,0.010139668800405,11650,FALSE
Pv2.1_01_14869276_G/A,Chr01,14869276,0.0101387827613784,11651,FALSE
Pv2.1_05_2712357_C/G,Chr05,2712357,0.0101271311860955,11652,FALSE
Pv2.1_04_547383_C/A,Chr04,547383,0.0101205031944565,11653,FALSE
Pv2.1_08_61266705_A/T,Chr08,61266705,0.0101177385103277,11654,FALSE
Pv2.1_02_11948621_C/T,Chr02,11948621,0.0101149961447033,11655,FALSE
Pv2.1_04_2182049_T/A,Chr04,2182049,0.0101107547606776,11656,FALSE
Pv2.1_04_2182046_G/C,Chr04,2182046,0.0101107547606771,11657,FALSE
Pv2.1_04_2390771_C/T,Chr04,2390771,0.0101013516213584,11658,FALSE
Pv2.1_04_45152615_T/A,Chr04,45152615,0.0100921068869217,11659,FALSE
Pv2.1_09_10457131_G/T,Chr09,10457131,0.0100831732463527,11660,FALSE
Pv2.1_09_10457144_AT/A,Chr09,10457144,0.0100831732463527,11661,FALSE
Pv2.1_08_62952100_A/G,Chr08,62952100,0.0100796404101344,11662,FALSE
Pv2.1_01_6463027_G/A,Chr01,6463027,0.0100794591093085,11663,FALSE
Pv2.1_09_22535029_A/C,Chr09,22535029,0.0100081149927087,11664,FALSE
Pv2.1_06_18830053_A/T,Chr06,18830053,0.010007482139061,11665,FALSE
Pv2.1_10_2857807_C/T,Chr10,2857807,0.00998392164900652,11666,FALSE
Pv2.1_06_27492852_G/A,Chr06,27492852,0.00997461167506675,11667,FALSE
Pv2.1_05_40589818_A/G,Chr05,40589818,0.00997062486110156,11668,FALSE
Pv2.1_10_7753226_T/A,Chr10,7753226,0.00996275646349565,11669,FALSE
Pv2.1_11_3221691_C/T,Chr11,3221691,0.00992853934145987,11670,FALSE
Pv2.1_11_3221693_A/G,Chr11,3221693,0.00992853934145987,11671,FALSE
Pv2.1_08_44587750_T/A,Chr08,44587750,0.00992540721359259,11672,FALSE
Pv2.1_07_38830375_T/C,Chr07,38830375,0.00991955183408999,11673,FALSE
Pv2.1_01_1108852_C/T,Chr01,1108852,0.00991078705569448,11674,FALSE
Pv2.1_11_51766569_G/T,Chr11,51766569,0.00990698480411467,11675,FALSE
Pv2.1_02_34769230_G/A,Chr02,34769230,0.00988818463394825,11676,FALSE
Pv2.1_05_37851218_TTA/T,Chr05,37851218,0.00988498016327322,11677,FALSE
Pv2.1_01_48430059_C/CT,Chr01,48430059,0.00988021980667231,11678,FALSE
Pv2.1_07_133927_G/A,Chr07,133927,0.00986735662454308,11679,FALSE
Pv2.1_04_2390505_G/C,Chr04,2390505,0.00986550908733586,11680,FALSE
Pv2.1_01_6558743_T/C,Chr01,6558743,0.00985817436247194,11681,FALSE
Pv2.1_01_6558755_A/C,Chr01,6558755,0.00985817436247194,11682,FALSE
Pv2.1_02_31270530_C/T,Chr02,31270530,0.00985580890949533,11683,FALSE
Pv2.1_03_2938521_T/C,Chr03,2938521,0.00984761700632264,11684,FALSE
Pv2.1_06_27603231_G/A,Chr06,27603231,0.00984171034991865,11685,FALSE
Pv2.1_11_30663510_G/A,Chr11,30663510,0.00984121779665692,11686,FALSE
Pv2.1_04_2413434_C/T,Chr04,2413434,0.00982066158989792,11687,FALSE
Pv2.1_10_43376178_G/T,Chr10,43376178,0.00980430431303958,11688,FALSE
Pv2.1_02_34667901_AAGAG/A,Chr02,34667901,0.00979796951670986,11689,FALSE
Pv2.1_09_38218755_T/C,Chr09,38218755,0.00978284511775529,11690,FALSE
Pv2.1_01_10142243_T/C,Chr01,10142243,0.009779660836295,11691,FALSE
Pv2.1_01_10142263_C/T,Chr01,10142263,0.009779660836295,11692,FALSE
Pv2.1_02_23133217_A/G,Chr02,23133217,0.00977775416942528,11693,FALSE
Pv2.1_04_4560610_G/A,Chr04,4560610,0.00976925612337753,11694,FALSE
Pv2.1_01_10075832_A/T,Chr01,10075832,0.00976925519327931,11695,FALSE
Pv2.1_01_10075833_T/A,Chr01,10075833,0.00976925519327931,11696,FALSE
Pv2.1_11_52975465_T/G,Chr11,52975465,0.00976503986647614,11697,FALSE
Pv2.1_05_466144_T/A,Chr05,466144,0.00975013870651154,11698,FALSE
Pv2.1_05_21548656_G/A,Chr05,21548656,0.00974675398905855,11699,FALSE
Pv2.1_07_39361001_G/A,Chr07,39361001,0.0097465663885683,11700,FALSE
Pv2.1_07_39361001_G/C,Chr07,39361001,0.0097465663885683,11701,FALSE
Pv2.1_07_39361049_A/T,Chr07,39361049,0.0097465663885683,11702,FALSE
Pv2.1_11_3659010_G/C,Chr11,3659010,0.00973659410537842,11703,FALSE
Pv2.1_02_27777704_C/G,Chr02,27777704,0.00972330348160177,11704,FALSE
Pv2.1_10_44169560_A/G,Chr10,44169560,0.00970976281249536,11705,FALSE
Pv2.1_11_2269792_T/C,Chr11,2269792,0.00970189884143435,11706,FALSE
Pv2.1_07_28378098_T/G,Chr07,28378098,0.00970175019369313,11707,FALSE
Pv2.1_03_2001942_C/T,Chr03,2001942,0.00970153439411581,11708,FALSE
Pv2.1_01_15768348_A/G,Chr01,15768348,0.00969489776919152,11709,FALSE
Pv2.1_09_10457126_G/T,Chr09,10457126,0.00969418083798423,11710,FALSE
Pv2.1_11_53551952_A/G,Chr11,53551952,0.00968644456790946,11711,FALSE
Pv2.1_06_27586908_G/A,Chr06,27586908,0.00968620858750135,11712,FALSE
Pv2.1_04_2182181_T/C,Chr04,2182181,0.00964146407882405,11713,FALSE
Pv2.1_09_35388045_G/A,Chr09,35388045,0.00962990342259795,11714,FALSE
Pv2.1_04_5395370_T/C,Chr04,5395370,0.00962764550761364,11715,FALSE
Pv2.1_05_3755782_A/G,Chr05,3755782,0.00962293522306545,11716,FALSE
Pv2.1_04_42197813_G/A,Chr04,42197813,0.00960199624660207,11717,FALSE
Pv2.1_04_42197845_A/G,Chr04,42197845,0.00960199624660207,11718,FALSE
Pv2.1_11_3180024_C/T,Chr11,3180024,0.0096010978880372,11719,FALSE
Pv2.1_05_3756126_C/T,Chr05,3756126,0.00959802236324458,11720,FALSE
Pv2.1_11_3221118_T/A,Chr11,3221118,0.00959345511404974,11721,FALSE
Pv2.1_02_581031_A/C,Chr02,581031,0.00959223581355095,11722,FALSE
Pv2.1_11_3535115_C/T,Chr11,3535115,0.0095905597119863,11723,FALSE
Pv2.1_01_39353381_C/G,Chr01,39353381,0.0095782232053212,11724,FALSE
Pv2.1_08_61407900_A/T,Chr08,61407900,0.00956975395462933,11725,FALSE
Pv2.1_10_4906848_G/C,Chr10,4906848,0.00956648761748902,11726,FALSE
Pv2.1_02_34635691_C/T,Chr02,34635691,0.00955138020992141,11727,FALSE
Pv2.1_04_47055226_A/C,Chr04,47055226,0.00954851541359858,11728,FALSE
Pv2.1_04_47055227_A/C,Chr04,47055227,0.00954851541359858,11729,FALSE
Pv2.1_10_43422282_T/G,Chr10,43422282,0.00953520574399569,11730,FALSE
Pv2.1_10_43422282_T/A,Chr10,43422282,0.00953520574399525,11731,FALSE
Pv2.1_07_28488847_G/A,Chr07,28488847,0.0095333740721828,11732,FALSE
Pv2.1_01_49181836_G/C,Chr01,49181836,0.00953330139502206,11733,FALSE
Pv2.1_01_49181845_A/G,Chr01,49181845,0.00953330139502206,11734,FALSE
Pv2.1_07_3538254_A/T,Chr07,3538254,0.00953090821282299,11735,FALSE
Pv2.1_09_35044060_G/A,Chr09,35044060,0.00951606868505639,11736,FALSE
Pv2.1_10_41983120_G/T,Chr10,41983120,0.00951180902655091,11737,FALSE
Pv2.1_04_41394756_G/T,Chr04,41394756,0.00951158646903005,11738,FALSE
Pv2.1_02_33780986_T/G,Chr02,33780986,0.00950988875321013,11739,FALSE
Pv2.1_11_3343230_G/A,Chr11,3343230,0.00950135376378869,11740,FALSE
Pv2.1_04_4069922_G/A,Chr04,4069922,0.00949987761029236,11741,FALSE
Pv2.1_05_2712270_T/TA,Chr05,2712270,0.00949984445757579,11742,FALSE
Pv2.1_04_2409491_A/G,Chr04,2409491,0.00947250766719687,11743,FALSE
Pv2.1_09_37877402_G/C,Chr09,37877402,0.00945833071935631,11744,FALSE
Pv2.1_11_3534986_T/A,Chr11,3534986,0.00944393404612098,11745,FALSE
Pv2.1_11_3535022_G/A,Chr11,3535022,0.00944393404612098,11746,FALSE
Pv2.1_06_24107082_A/C,Chr06,24107082,0.0094244562842869,11747,FALSE
Pv2.1_01_14660488_G/A,Chr01,14660488,0.00941675197059411,11748,FALSE
Pv2.1_04_47244381_G/C,Chr04,47244381,0.00940915632258177,11749,FALSE
Pv2.1_11_1524784_G/A,Chr11,1524784,0.00940062724250712,11750,FALSE
Pv2.1_09_38219084_T/G,Chr09,38219084,0.00938811869570833,11751,FALSE
Pv2.1_11_3218106_G/A,Chr11,3218106,0.0093676393175337,11752,FALSE
Pv2.1_10_39107360_T/C,Chr10,39107360,0.00935197840578361,11753,FALSE
Pv2.1_08_3430092_C/A,Chr08,3430092,0.00933366695223148,11754,FALSE
Pv2.1_06_15460542_A/C,Chr06,15460542,0.00932138342550459,11755,FALSE
Pv2.1_11_48756236_C/T,Chr11,48756236,0.00928804171655129,11756,FALSE
Pv2.1_08_61086414_A/T,Chr08,61086414,0.00925692966829583,11757,FALSE
Pv2.1_07_205955_A/T,Chr07,205955,0.00925399894156476,11758,FALSE
Pv2.1_07_28488795_G/A,Chr07,28488795,0.00923386145531113,11759,FALSE
Pv2.1_07_8454560_C/T,Chr07,8454560,0.00923123940706061,11760,FALSE
Pv2.1_01_5641669_G/A,Chr01,5641669,0.00922518057271393,11761,FALSE
Pv2.1_02_33456262_G/T,Chr02,33456262,0.00922257070473487,11762,FALSE
Pv2.1_02_34792851_T/A,Chr02,34792851,0.00921963821606209,11763,FALSE
Pv2.1_01_10142220_A/T,Chr01,10142220,0.00921617699326571,11764,FALSE
Pv2.1_03_11820433_TCTG/T,Chr03,11820433,0.00920409248074128,11765,FALSE
Pv2.1_06_20325445_T/A,Chr06,20325445,0.00920259817289226,11766,FALSE
Pv2.1_06_20325446_A/T,Chr06,20325446,0.00920259817289226,11767,FALSE
Pv2.1_06_20325447_A/T,Chr06,20325447,0.00920259817289226,11768,FALSE
Pv2.1_06_20325450_A/T,Chr06,20325450,0.00920259817289226,11769,FALSE
Pv2.1_06_20325470_A/C,Chr06,20325470,0.00920259817289226,11770,FALSE
Pv2.1_11_990255_G/T,Chr11,990255,0.00918838530932886,11771,FALSE
Pv2.1_02_31406616_G/C,Chr02,31406616,0.00918544375215902,11772,FALSE
Pv2.1_02_31406639_A/T,Chr02,31406639,0.00918544375215902,11773,FALSE
Pv2.1_10_43796610_T/C,Chr10,43796610,0.00918417562826157,11774,FALSE
Pv2.1_09_10332339_G/A,Chr09,10332339,0.00918044634616422,11775,FALSE
Pv2.1_10_44169570_C/T,Chr10,44169570,0.00917975834268825,11776,FALSE
Pv2.1_04_4069940_T/C,Chr04,4069940,0.00917423714477072,11777,FALSE
Pv2.1_02_36569707_C/T,Chr02,36569707,0.00917077232648555,11778,FALSE
Pv2.1_08_52812966_T/C,Chr08,52812966,0.00916898026205937,11779,FALSE
Pv2.1_08_60442713_C/T,Chr08,60442713,0.00916533618304172,11780,FALSE
Pv2.1_04_2589676_A/AC,Chr04,2589676,0.00914619347242285,11781,FALSE
Pv2.1_08_35316055_A/G,Chr08,35316055,0.00912348912509042,11782,FALSE
Pv2.1_08_45851869_A/AGCC,Chr08,45851869,0.00911457400185833,11783,FALSE
Pv2.1_11_1004565_G/A,Chr11,1004565,0.00910802750071937,11784,FALSE
Pv2.1_01_44927288_ATT/A,Chr01,44927288,0.00909870391184686,11785,FALSE
Pv2.1_05_739798_G/A,Chr05,739798,0.00909735536318035,11786,FALSE
Pv2.1_06_19233059_T/C,Chr06,19233059,0.00909649529221124,11787,FALSE
Pv2.1_06_19233079_G/A,Chr06,19233079,0.00909649529221124,11788,FALSE
Pv2.1_05_3741400_T/C,Chr05,3741400,0.0090894405006785,11789,FALSE
Pv2.1_07_39201987_A/T,Chr07,39201987,0.00903713457526756,11790,FALSE
Pv2.1_08_3406987_C/T,Chr08,3406987,0.00901878930131605,11791,FALSE
Pv2.1_08_3407003_T/G,Chr08,3407003,0.00901878930131605,11792,FALSE
Pv2.1_05_739669_A/G,Chr05,739669,0.00901634564894671,11793,FALSE
Pv2.1_09_35507450_G/A,Chr09,35507450,0.00897181501534572,11794,FALSE
Pv2.1_02_33379187_G/C,Chr02,33379187,0.00897068641798127,11795,FALSE
Pv2.1_10_43477757_T/C,Chr10,43477757,0.00896278422098895,11796,FALSE
Pv2.1_08_3430071_T/C,Chr08,3430071,0.00895778355618182,11797,FALSE
Pv2.1_09_37663789_G/T,Chr09,37663789,0.00893857585794811,11798,FALSE
Pv2.1_09_28883811_T/G,Chr09,28883811,0.00890738308155425,11799,FALSE
Pv2.1_05_39364465_G/A,Chr05,39364465,0.00890269034832736,11800,FALSE
Pv2.1_05_39364465_G/C,Chr05,39364465,0.00890269034832736,11801,FALSE
Pv2.1_11_53562128_C/G,Chr11,53562128,0.00889219406311836,11802,FALSE
Pv2.1_09_29232674_C/T,Chr09,29232674,0.00888177986775984,11803,FALSE
Pv2.1_09_35687876_C/T,Chr09,35687876,0.00886497031053457,11804,FALSE
Pv2.1_10_9919111_T/A,Chr10,9919111,0.0088642203645688,11805,FALSE
Pv2.1_02_31490636_T/C,Chr02,31490636,0.00885661199140575,11806,FALSE
Pv2.1_07_106027_C/T,Chr07,106027,0.00881034849885465,11807,FALSE
Pv2.1_09_17429878_C/T,Chr09,17429878,0.00880112042266878,11808,FALSE
Pv2.1_06_30707563_T/C,Chr06,30707563,0.00879960858316231,11809,FALSE
Pv2.1_08_3430102_C/T,Chr08,3430102,0.00879158376076417,11810,FALSE
Pv2.1_01_954818_C/T,Chr01,954818,0.00879141195584277,11811,FALSE
Pv2.1_01_6094475_T/C,Chr01,6094475,0.00878483962942811,11812,FALSE
Pv2.1_11_470222_C/G,Chr11,470222,0.00878152949734989,11813,FALSE
Pv2.1_08_61326840_A/T,Chr08,61326840,0.00877879404926851,11814,FALSE
Pv2.1_11_51766433_A/C,Chr11,51766433,0.00876440318056782,11815,FALSE
Pv2.1_07_4564617_A/T,Chr07,4564617,0.00875957017801676,11816,FALSE
Pv2.1_08_3611672_G/A,Chr08,3611672,0.00875190191668107,11817,FALSE
Pv2.1_08_8078319_A/G,Chr08,8078319,0.00873321805936733,11818,FALSE
Pv2.1_08_8078336_G/A,Chr08,8078336,0.00873321805936733,11819,FALSE
Pv2.1_09_35683677_C/A,Chr09,35683677,0.00871881214291248,11820,FALSE
Pv2.1_07_35853657_G/A,Chr07,35853657,0.00871316055813276,11821,FALSE
Pv2.1_08_555121_A/G,Chr08,555121,0.00870780263831961,11822,FALSE
Pv2.1_11_982747_G/A,Chr11,982747,0.00870184440790567,11823,FALSE
Pv2.1_06_14106874_G/A,Chr06,14106874,0.00869972581621425,11824,FALSE
Pv2.1_06_30707602_C/G,Chr06,30707602,0.00868816304634734,11825,FALSE
Pv2.1_11_3569262_G/C,Chr11,3569262,0.00868661709565233,11826,FALSE
Pv2.1_11_3569270_G/T,Chr11,3569270,0.00868661709565233,11827,FALSE
Pv2.1_06_30707560_C/T,Chr06,30707560,0.00866656995478277,11828,FALSE
Pv2.1_01_10013171_G/T,Chr01,10013171,0.00866461886935666,11829,FALSE
Pv2.1_06_27547567_A/T,Chr06,27547567,0.00866060823728709,11830,FALSE
Pv2.1_01_1218151_T/C,Chr01,1218151,0.00865985247058676,11831,FALSE
Pv2.1_06_21019619_ACT/A,Chr06,21019619,0.0086348590151073,11832,FALSE
Pv2.1_02_47601073_G/A,Chr02,47601073,0.00861884484730169,11833,FALSE
Pv2.1_01_49085168_C/T,Chr01,49085168,0.00859425939449077,11834,FALSE
Pv2.1_01_6676525_T/C,Chr01,6676525,0.00858740779966949,11835,FALSE
Pv2.1_02_48544210_G/A,Chr02,48544210,0.00857601020347154,11836,FALSE
Pv2.1_02_31183980_T/A,Chr02,31183980,0.00853276493068345,11837,FALSE
Pv2.1_02_581241_C/T,Chr02,581241,0.00852294688332345,11838,FALSE
Pv2.1_09_35426340_G/A,Chr09,35426340,0.00851718714753513,11839,FALSE
Pv2.1_10_43810856_T/C,Chr10,43810856,0.00850292113456996,11840,FALSE
Pv2.1_01_6676518_G/C,Chr01,6676518,0.00846973603415835,11841,FALSE
Pv2.1_02_34832295_A/T,Chr02,34832295,0.00846074740370728,11842,FALSE
Pv2.1_02_34832305_A/G,Chr02,34832305,0.00846074740370728,11843,FALSE
Pv2.1_07_4436373_T/A,Chr07,4436373,0.0084590319661686,11844,FALSE
Pv2.1_08_9419046_A/T,Chr08,9419046,0.00845881317127084,11845,FALSE
Pv2.1_10_43810821_C/T,Chr10,43810821,0.00845864608073832,11846,FALSE
Pv2.1_10_43810822_G/A,Chr10,43810822,0.00845864608073832,11847,FALSE
Pv2.1_09_35693765_T/C,Chr09,35693765,0.00845659855672354,11848,FALSE
Pv2.1_11_51766376_T/C,Chr11,51766376,0.00845659083819816,11849,FALSE
Pv2.1_06_27102752_A/T,Chr06,27102752,0.00843612926117121,11850,FALSE
Pv2.1_04_41777436_G/C,Chr04,41777436,0.00842529125911984,11851,FALSE
Pv2.1_03_11230341_G/A,Chr03,11230341,0.00842100873910212,11852,FALSE
Pv2.1_01_44927340_G/T,Chr01,44927340,0.00840341769545372,11853,FALSE
Pv2.1_08_61470253_C/T,Chr08,61470253,0.00839817253823183,11854,FALSE
Pv2.1_02_33362222_G/A,Chr02,33362222,0.00839690665120418,11855,FALSE
Pv2.1_02_31270456_T/A,Chr02,31270456,0.0083953866423343,11856,FALSE
Pv2.1_01_954793_G/A,Chr01,954793,0.00838737799412215,11857,FALSE
Pv2.1_01_954801_G/A,Chr01,954801,0.00838737799412215,11858,FALSE
Pv2.1_02_34832284_A/T,Chr02,34832284,0.00837942908824196,11859,FALSE
Pv2.1_04_41987684_G/A,Chr04,41987684,0.00835738982394352,11860,FALSE
Pv2.1_03_7094324_T/A,Chr03,7094324,0.00834663828959581,11861,FALSE
Pv2.1_06_19232775_G/T,Chr06,19232775,0.00833129966334045,11862,FALSE
Pv2.1_06_18802293_C/T,Chr06,18802293,0.00831601404849991,11863,FALSE
Pv2.1_09_38213302_C/T,Chr09,38213302,0.00830373058432565,11864,FALSE
Pv2.1_11_3582589_T/C,Chr11,3582589,0.00829839926767573,11865,FALSE
Pv2.1_01_48413962_C/T,Chr01,48413962,0.00829721895231517,11866,FALSE
Pv2.1_10_41001174_C/T,Chr10,41001174,0.00828953313099534,11867,FALSE
Pv2.1_10_38393838_C/T,Chr10,38393838,0.00827229229786175,11868,FALSE
Pv2.1_05_4503430_C/A,Chr05,4503430,0.00826756598187517,11869,FALSE
Pv2.1_07_106040_G/A,Chr07,106040,0.00826344517306898,11870,FALSE
Pv2.1_01_1059348_C/T,Chr01,1059348,0.00823880744409733,11871,FALSE
Pv2.1_05_19495069_G/T,Chr05,19495069,0.00823224255559785,11872,FALSE
Pv2.1_06_27547609_G/A,Chr06,27547609,0.00821892392231094,11873,FALSE
Pv2.1_10_7794074_T/G,Chr10,7794074,0.00820420749283368,11874,FALSE
Pv2.1_08_1715497_T/C,Chr08,1715497,0.00819233348410453,11875,FALSE
Pv2.1_02_31169826_T/C,Chr02,31169826,0.00816195284775168,11876,FALSE
Pv2.1_08_40814872_G/A,Chr08,40814872,0.00815553886448672,11877,FALSE
Pv2.1_04_1903306_G/A,Chr04,1903306,0.00814247981727334,11878,FALSE
Pv2.1_09_28714589_C/G,Chr09,28714589,0.00813830376954661,11879,FALSE
Pv2.1_10_43396859_G/C,Chr10,43396859,0.00810200418921392,11880,FALSE
Pv2.1_03_2474503_C/T,Chr03,2474503,0.00809097117200786,11881,FALSE
Pv2.1_07_28488829_C/A,Chr07,28488829,0.00807966900181478,11882,FALSE
Pv2.1_05_39533195_C/G,Chr05,39533195,0.00807552555106339,11883,FALSE
Pv2.1_10_7726385_C/T,Chr10,7726385,0.0080702152678529,11884,FALSE
Pv2.1_07_184372_T/A,Chr07,184372,0.00806211378780564,11885,FALSE
Pv2.1_06_27571571_A/T,Chr06,27571571,0.00806042494076475,11886,FALSE
Pv2.1_06_27571579_T/C,Chr06,27571579,0.00806042494076475,11887,FALSE
Pv2.1_04_2567035_T/G,Chr04,2567035,0.00804444510543556,11888,FALSE
Pv2.1_11_27965417_T/C,Chr11,27965417,0.00804176548194713,11889,FALSE
Pv2.1_03_7094336_G/A,Chr03,7094336,0.00803198606010946,11890,FALSE
Pv2.1_03_7094351_G/A,Chr03,7094351,0.00803198606010946,11891,FALSE
Pv2.1_02_33557650_G/A,Chr02,33557650,0.00800619146079429,11892,FALSE
Pv2.1_02_33694566_T/A,Chr02,33694566,0.00797174701977177,11893,FALSE
Pv2.1_10_38147056_C/T,Chr10,38147056,0.0079599816750302,11894,FALSE
Pv2.1_03_7094320_A/G,Chr03,7094320,0.00795031826869463,11895,FALSE
Pv2.1_03_7094321_T/A,Chr03,7094321,0.00795031826869463,11896,FALSE
Pv2.1_11_3582616_T/A,Chr11,3582616,0.0079367322720838,11897,FALSE
Pv2.1_11_3582626_T/C,Chr11,3582626,0.0079367322720838,11898,FALSE
Pv2.1_11_3582638_A/T,Chr11,3582638,0.0079367322720838,11899,FALSE
Pv2.1_04_42068321_G/A,Chr04,42068321,0.00790940387292061,11900,FALSE
Pv2.1_04_44461064_T/C,Chr04,44461064,0.00789642208005414,11901,FALSE
Pv2.1_08_35316078_G/A,Chr08,35316078,0.00789117993109478,11902,FALSE
Pv2.1_09_13940749_T/A,Chr09,13940749,0.00788691279369935,11903,FALSE
Pv2.1_11_51766385_G/C,Chr11,51766385,0.00788626064254761,11904,FALSE
Pv2.1_10_8057951_T/G,Chr10,8057951,0.00787320991836982,11905,FALSE
Pv2.1_08_30558401_G/A,Chr08,30558401,0.00783451937222823,11906,FALSE
Pv2.1_10_43229244_C/T,Chr10,43229244,0.00780433606786435,11907,FALSE
Pv2.1_01_48611840_C/A,Chr01,48611840,0.00779109888437146,11908,FALSE
Pv2.1_06_21220258_T/C,Chr06,21220258,0.00778119993343696,11909,FALSE
Pv2.1_06_27547638_AT/A,Chr06,27547638,0.00776496397197812,11910,FALSE
Pv2.1_03_2901712_T/A,Chr03,2901712,0.00773118944054074,11911,FALSE
Pv2.1_05_159278_T/G,Chr05,159278,0.00772497563597296,11912,FALSE
Pv2.1_05_159284_C/A,Chr05,159284,0.00772497563597296,11913,FALSE
Pv2.1_10_3435493_G/A,Chr10,3435493,0.00772120772279372,11914,FALSE
Pv2.1_10_42019985_A/T,Chr10,42019985,0.00771907768737501,11915,FALSE
Pv2.1_11_3276888_T/A,Chr11,3276888,0.00768998522038356,11916,FALSE
Pv2.1_11_3276896_C/T,Chr11,3276896,0.00768998522038356,11917,FALSE
Pv2.1_04_2356656_C/T,Chr04,2356656,0.00767746529383651,11918,FALSE
Pv2.1_11_3582543_G/C,Chr11,3582543,0.0076770608891521,11919,FALSE
Pv2.1_10_7679491_CG/C,Chr10,7679491,0.00765704832948133,11920,FALSE
Pv2.1_09_38191080_C/A,Chr09,38191080,0.0076222724203312,11921,FALSE
Pv2.1_08_60442712_T/G,Chr08,60442712,0.00761383527605997,11922,FALSE
Pv2.1_07_38735034_A/G,Chr07,38735034,0.00760297153598399,11923,FALSE
Pv2.1_09_22295320_G/A,Chr09,22295320,0.00759308207408882,11924,FALSE
Pv2.1_09_38191023_C/G,Chr09,38191023,0.00758532832474224,11925,FALSE
Pv2.1_11_3659054_G/T,Chr11,3659054,0.00755967510493516,11926,FALSE
Pv2.1_02_31525659_T/A,Chr02,31525659,0.00754926440627113,11927,FALSE
Pv2.1_08_3304866_T/G,Chr08,3304866,0.00754391510480579,11928,FALSE
Pv2.1_06_27602783_T/C,Chr06,27602783,0.00752938304414652,11929,FALSE
Pv2.1_02_24255537_G/A,Chr02,24255537,0.00742747503503738,11930,FALSE
Pv2.1_06_18987488_A/C,Chr06,18987488,0.00742625963191568,11931,FALSE
Pv2.1_01_13356009_T/C,Chr01,13356009,0.00742300800600271,11932,FALSE
Pv2.1_08_62205523_A/G,Chr08,62205523,0.00738541715963725,11933,FALSE
Pv2.1_10_41562020_A/C,Chr10,41562020,0.00738523092932431,11934,FALSE
Pv2.1_10_41562027_G/T,Chr10,41562027,0.00738523092932431,11935,FALSE
Pv2.1_10_41562033_A/C,Chr10,41562033,0.00738523092932431,11936,FALSE
Pv2.1_02_33432539_A/G,Chr02,33432539,0.00735593784580058,11937,FALSE
Pv2.1_11_254433_T/C,Chr11,254433,0.00735571710319816,11938,FALSE
Pv2.1_07_38735026_G/C,Chr07,38735026,0.00733457648441549,11939,FALSE
Pv2.1_07_38735032_A/C,Chr07,38735032,0.00733457648441549,11940,FALSE
Pv2.1_04_4574867_A/G,Chr04,4574867,0.00732612989602099,11941,FALSE
Pv2.1_04_4574899_G/T,Chr04,4574899,0.00732612989602099,11942,FALSE
Pv2.1_04_4574909_T/G,Chr04,4574909,0.00732612989602099,11943,FALSE
Pv2.1_04_4574919_T/A,Chr04,4574919,0.00732612989602099,11944,FALSE
Pv2.1_02_33460725_G/A,Chr02,33460725,0.00726903648545596,11945,FALSE
Pv2.1_02_23280421_A/T,Chr02,23280421,0.00726848295508331,11946,FALSE
Pv2.1_02_34373485_GA/G,Chr02,34373485,0.0072625887573845,11947,FALSE
Pv2.1_02_2473757_A/C,Chr02,2473757,0.00725020133742671,11948,FALSE
Pv2.1_04_1903314_G/A,Chr04,1903314,0.00724733320353188,11949,FALSE
Pv2.1_09_14620967_C/A,Chr09,14620967,0.00721503535474888,11950,FALSE
Pv2.1_11_3513543_C/A,Chr11,3513543,0.00718972588251665,11951,FALSE
Pv2.1_09_13933700_T/C,Chr09,13933700,0.00716913088165905,11952,FALSE
Pv2.1_09_10614963_C/T,Chr09,10614963,0.00714227948996982,11953,FALSE
Pv2.1_08_60442718_T/C,Chr08,60442718,0.00710811468440209,11954,FALSE
Pv2.1_09_14534494_C/T,Chr09,14534494,0.00710546173353155,11955,FALSE
Pv2.1_02_33254692_A/G,Chr02,33254692,0.0071052671643268,11956,FALSE
Pv2.1_04_2031177_C/T,Chr04,2031177,0.00706863148994197,11957,FALSE
Pv2.1_10_7679505_C/T,Chr10,7679505,0.00704976483691278,11958,FALSE
Pv2.1_05_749194_A/G,Chr05,749194,0.00703492846089748,11959,FALSE
Pv2.1_09_34916281_A/C,Chr09,34916281,0.00701927609260888,11960,FALSE
Pv2.1_08_39508715_T/A,Chr08,39508715,0.00696465818695335,11961,FALSE
Pv2.1_02_31533623_G/A,Chr02,31533623,0.00695803611630597,11962,FALSE
Pv2.1_03_12162676_C/T,Chr03,12162676,0.00693478246901602,11963,FALSE
Pv2.1_06_24026897_G/C,Chr06,24026897,0.00692013719856677,11964,FALSE
Pv2.1_07_21850174_C/T,Chr07,21850174,0.00691966332552019,11965,FALSE
Pv2.1_06_21253996_A/T,Chr06,21253996,0.0069151202409099,11966,FALSE
Pv2.1_03_40764865_G/T,Chr03,40764865,0.00688827788137036,11967,FALSE
Pv2.1_10_3435465_T/G,Chr10,3435465,0.0068786733914421,11968,FALSE
Pv2.1_10_3435490_T/G,Chr10,3435490,0.0068786733914421,11969,FALSE
Pv2.1_08_45849575_C/G,Chr08,45849575,0.00686568672145427,11970,FALSE
Pv2.1_01_3365786_G/C,Chr01,3365786,0.00686500363913511,11971,FALSE
Pv2.1_04_1571050_C/T,Chr04,1571050,0.00685767213363242,11972,FALSE
Pv2.1_01_48413914_TA/T,Chr01,48413914,0.00685699152587915,11973,FALSE
Pv2.1_02_24746610_C/T,Chr02,24746610,0.00685695816828513,11974,FALSE
Pv2.1_02_34832215_C/A,Chr02,34832215,0.00685592972316407,11975,FALSE
Pv2.1_02_34832216_C/A,Chr02,34832216,0.00685592972316407,11976,FALSE
Pv2.1_07_39214075_C/A,Chr07,39214075,0.0068540724874353,11977,FALSE
Pv2.1_02_31479345_A/C,Chr02,31479345,0.00684678320340915,11978,FALSE
Pv2.1_06_12738228_C/T,Chr06,12738228,0.00683568591042461,11979,FALSE
Pv2.1_04_2296593_G/A,Chr04,2296593,0.00682592232291368,11980,FALSE
Pv2.1_11_53551921_T/C,Chr11,53551921,0.0068234697555436,11981,FALSE
Pv2.1_10_41264850_T/C,Chr10,41264850,0.00680259346799073,11982,FALSE
Pv2.1_10_38147008_C/A,Chr10,38147008,0.00677455982358,11983,FALSE
Pv2.1_01_5645079_G/A,Chr01,5645079,0.00676747788741317,11984,FALSE
Pv2.1_11_3562965_G/A,Chr11,3562965,0.00675563510753419,11985,FALSE
Pv2.1_02_24746662_A/T,Chr02,24746662,0.00675356193843379,11986,FALSE
Pv2.1_08_61526793_T/A,Chr08,61526793,0.0067261310268365,11987,FALSE
Pv2.1_08_60479585_G/C,Chr08,60479585,0.00672360219674584,11988,FALSE
Pv2.1_01_1000726_G/T,Chr01,1000726,0.00672003845317315,11989,FALSE
Pv2.1_02_31184156_G/A,Chr02,31184156,0.00671507452611531,11990,FALSE
Pv2.1_05_38076792_C/G,Chr05,38076792,0.00670941306327055,11991,FALSE
Pv2.1_09_35044960_C/T,Chr09,35044960,0.00670714249660387,11992,FALSE
Pv2.1_05_153532_A/T,Chr05,153532,0.00669432256805624,11993,FALSE
Pv2.1_02_2739945_G/C,Chr02,2739945,0.00668544037554986,11994,FALSE
Pv2.1_02_2740013_G/A,Chr02,2740013,0.00668544037554986,11995,FALSE
Pv2.1_02_2739950_G/A,Chr02,2739950,0.00667306704737447,11996,FALSE
Pv2.1_02_2739950_G/C,Chr02,2739950,0.00667306704737447,11997,FALSE
Pv2.1_07_97629_T/A,Chr07,97629,0.00667297570444481,11998,FALSE
Pv2.1_11_3276912_G/A,Chr11,3276912,0.00665618546902902,11999,FALSE
Pv2.1_10_43229433_T/G,Chr10,43229433,0.00664523203520062,12000,FALSE
Pv2.1_02_42363840_C/T,Chr02,42363840,0.00657353265837513,12001,FALSE
Pv2.1_03_4655359_T/C,Chr03,4655359,0.00656660633725981,12002,FALSE
Pv2.1_10_9919198_C/G,Chr10,9919198,0.00652300497039793,12003,FALSE
Pv2.1_10_43819232_G/A,Chr10,43819232,0.00649184541676728,12004,FALSE
Pv2.1_02_23338026_A/T,Chr02,23338026,0.00644118815995354,12005,FALSE
Pv2.1_02_7838346_C/T,Chr02,7838346,0.00643946320324051,12006,FALSE
Pv2.1_11_1026399_G/T,Chr11,1026399,0.006366863075153,12007,FALSE
Pv2.1_11_1026418_A/T,Chr11,1026418,0.006366863075153,12008,FALSE
Pv2.1_11_1026435_T/A,Chr11,1026435,0.006366863075153,12009,FALSE
Pv2.1_11_1026453_G/T,Chr11,1026453,0.006366863075153,12010,FALSE
Pv2.1_02_33254640_T/A,Chr02,33254640,0.00634995908690961,12011,FALSE
Pv2.1_02_33254677_G/T,Chr02,33254677,0.00634995908690961,12012,FALSE
Pv2.1_01_41726642_A/T,Chr01,41726642,0.00631558605871341,12013,FALSE
Pv2.1_01_41726654_A/G,Chr01,41726654,0.00631558605871341,12014,FALSE
Pv2.1_02_31207309_C/T,Chr02,31207309,0.00628604016656142,12015,FALSE
Pv2.1_01_48604665_A/T,Chr01,48604665,0.00626613809741716,12016,FALSE
Pv2.1_02_33553965_A/G,Chr02,33553965,0.00626087911095175,12017,FALSE
Pv2.1_06_21414425_C/A,Chr06,21414425,0.00620354501587705,12018,FALSE
Pv2.1_11_51585134_A/G,Chr11,51585134,0.00619526891798206,12019,FALSE
Pv2.1_04_2176671_G/A,Chr04,2176671,0.00617956043947876,12020,FALSE
Pv2.1_06_27435520_G/A,Chr06,27435520,0.00616057614612942,12021,FALSE
Pv2.1_11_72609_C/T,Chr11,72609,0.00615115872931815,12022,FALSE
Pv2.1_11_3659547_C/T,Chr11,3659547,0.00613650337520388,12023,FALSE
Pv2.1_10_7854156_T/A,Chr10,7854156,0.00610865460616639,12024,FALSE
Pv2.1_08_3230227_C/G,Chr08,3230227,0.00605313624694004,12025,FALSE
Pv2.1_08_45860301_T/C,Chr08,45860301,0.00604763301994105,12026,FALSE
Pv2.1_11_40310464_CTT/C,Chr11,40310464,0.00603372453863127,12027,FALSE
Pv2.1_11_37694111_G/T,Chr11,37694111,0.00602273496994554,12028,FALSE
Pv2.1_10_5344234_T/C,Chr10,5344234,0.00602110037982806,12029,FALSE
Pv2.1_02_12061839_A/G,Chr02,12061839,0.00601267430412467,12030,FALSE
Pv2.1_08_3290871_G/A,Chr08,3290871,0.00599834549628042,12031,FALSE
Pv2.1_02_33432574_C/T,Chr02,33432574,0.00599351692305916,12032,FALSE
Pv2.1_05_3755904_T/A,Chr05,3755904,0.00594064342255685,12033,FALSE
Pv2.1_02_3888123_A/ATT,Chr02,3888123,0.00590055640007448,12034,FALSE
Pv2.1_06_21245405_C/T,Chr06,21245405,0.00588828482577819,12035,FALSE
Pv2.1_06_21245426_T/C,Chr06,21245426,0.00588828482577819,12036,FALSE
Pv2.1_06_21245454_T/G,Chr06,21245454,0.00588828482577819,12037,FALSE
Pv2.1_02_42363877_T/G,Chr02,42363877,0.00582582973723822,12038,FALSE
Pv2.1_06_14661229_A/G,Chr06,14661229,0.00581707332125259,12039,FALSE
Pv2.1_03_757735_C/A,Chr03,757735,0.00578340870487404,12040,FALSE
Pv2.1_02_48833387_G/T,Chr02,48833387,0.00576177022877955,12041,FALSE
Pv2.1_03_4655360_G/A,Chr03,4655360,0.0057052424433186,12042,FALSE
Pv2.1_05_9115771_G/A,Chr05,9115771,0.00569352810598867,12043,FALSE
Pv2.1_02_31130148_T/C,Chr02,31130148,0.00566661607410302,12044,FALSE
Pv2.1_08_24734506_C/T,Chr08,24734506,0.00563314071312115,12045,FALSE
Pv2.1_07_8715180_A/T,Chr07,8715180,0.00561564336318243,12046,FALSE
Pv2.1_07_153031_C/T,Chr07,153031,0.00561432100961756,12047,FALSE
Pv2.1_01_48502775_T/C,Chr01,48502775,0.00560706108839781,12048,FALSE
Pv2.1_11_3213736_A/T,Chr11,3213736,0.00556799127940266,12049,FALSE
Pv2.1_11_47196427_G/A,Chr11,47196427,0.00555968880026292,12050,FALSE
Pv2.1_10_44008550_G/A,Chr10,44008550,0.0055082546261449,12051,FALSE
Pv2.1_08_3181840_C/T,Chr08,3181840,0.00549287927766695,12052,FALSE
Pv2.1_06_27578663_G/A,Chr06,27578663,0.00547884700097834,12053,FALSE
Pv2.1_05_748768_C/T,Chr05,748768,0.00546723200774046,12054,FALSE
Pv2.1_11_47196435_T/A,Chr11,47196435,0.00545502710710277,12055,FALSE
Pv2.1_01_6429837_G/A,Chr01,6429837,0.00542732843949523,12056,FALSE
Pv2.1_02_11486304_G/C,Chr02,11486304,0.00542032532437142,12057,FALSE
Pv2.1_02_42363885_G/A,Chr02,42363885,0.00541761869900848,12058,FALSE
Pv2.1_08_3183630_G/A,Chr08,3183630,0.00537306895782885,12059,FALSE
Pv2.1_08_26796787_T/A,Chr08,26796787,0.00536664027013467,12060,FALSE
Pv2.1_08_45860307_T/C,Chr08,45860307,0.00535136629867505,12061,FALSE
Pv2.1_02_31490668_A/C,Chr02,31490668,0.00526282332590711,12062,FALSE
Pv2.1_06_27578657_T/C,Chr06,27578657,0.00519395998184047,12063,FALSE
Pv2.1_06_27462778_A/G,Chr06,27462778,0.00518589584484364,12064,FALSE
Pv2.1_02_1584125_C/T,Chr02,1584125,0.00512397503329254,12065,FALSE
Pv2.1_06_27547599_C/T,Chr06,27547599,0.00510796746423514,12066,FALSE
Pv2.1_10_40783214_A/G,Chr10,40783214,0.00508047354607522,12067,FALSE
Pv2.1_06_27578685_A/G,Chr06,27578685,0.00506011448180876,12068,FALSE
Pv2.1_06_27578698_G/A,Chr06,27578698,0.00506011448180876,12069,FALSE
Pv2.1_04_41394762_G/T,Chr04,41394762,0.00499681424090692,12070,FALSE
Pv2.1_02_31492795_T/A,Chr02,31492795,0.00494749604946554,12071,FALSE
Pv2.1_11_680981_C/T,Chr11,680981,0.00490872942333764,12072,FALSE
Pv2.1_11_20607521_T/G,Chr11,20607521,0.00490219683858717,12073,FALSE
Pv2.1_11_47196410_CA/C,Chr11,47196410,0.00484896295063786,12074,FALSE
Pv2.1_02_34848392_C/A,Chr02,34848392,0.0048452444042062,12075,FALSE
Pv2.1_08_40814886_G/A,Chr08,40814886,0.00474950847140088,12076,FALSE
Pv2.1_06_19323837_T/TGGGGAC,Chr06,19323837,0.00472748201311601,12077,FALSE
Pv2.1_05_9792819_T/C,Chr05,9792819,0.00471837755823223,12078,FALSE
Pv2.1_01_48823082_C/T,Chr01,48823082,0.00459197751643403,12079,FALSE
Pv2.1_09_37808945_C/T,Chr09,37808945,0.00438504720033883,12080,FALSE
Pv2.1_02_22752446_T/A,Chr02,22752446,0.00438075359745849,12081,FALSE
Pv2.1_01_48541402_G/A,Chr01,48541402,0.00432931812111104,12082,FALSE
Pv2.1_11_3534685_T/A,Chr11,3534685,0.0042071932864487,12083,FALSE
Pv2.1_11_40310448_A/G,Chr11,40310448,0.0041513277543328,12084,FALSE
Pv2.1_05_159201_C/G,Chr05,159201,0.00411825963469425,12085,FALSE
Pv2.1_02_13743810_A/G,Chr02,13743810,0.00410801729827659,12086,FALSE
Pv2.1_01_48541397_A/G,Chr01,48541397,0.00410178866902067,12087,FALSE
Pv2.1_09_10603632_T/A,Chr09,10603632,0.00396057642579706,12088,FALSE
Pv2.1_09_10534873_C/T,Chr09,10534873,0.0039506424100324,12089,FALSE
Pv2.1_01_6676423_G/T,Chr01,6676423,0.0038509082282574,12090,FALSE
Pv2.1_01_6676449_T/A,Chr01,6676449,0.0038509082282574,12091,FALSE
Pv2.1_01_6676459_C/G,Chr01,6676459,0.0038509082282574,12092,FALSE
Pv2.1_02_48833384_G/T,Chr02,48833384,0.00368913252236291,12093,FALSE
Pv2.1_03_36241686_C/T,Chr03,36241686,0.00368913252236291,12094,FALSE
Pv2.1_08_57087982_C/T,Chr08,57087982,0.00368913252236291,12095,FALSE
Pv2.1_10_38729647_A/G,Chr10,38729647,0.00368913252236291,12096,FALSE
Pv2.1_11_3345713_G/A,Chr11,3345713,0.00356242969832543,12097,FALSE
Pv2.1_10_44140303_C/T,Chr10,44140303,0.00343401326347248,12098,FALSE
Pv2.1_09_37221488_T/C,Chr09,37221488,0.00339868997971671,12099,FALSE
Pv2.1_01_41726712_G/A,Chr01,41726712,0.00332292733740669,12100,FALSE
Pv2.1_02_39509345_G/C,Chr02,39509345,0.00332292733740669,12101,FALSE
Pv2.1_04_40461083_C/T,Chr04,40461083,0.00332292733740669,12102,FALSE
Pv2.1_04_40461095_G/A,Chr04,40461095,0.00332292733740669,12103,FALSE
Pv2.1_04_40461122_C/G,Chr04,40461122,0.00332292733740669,12104,FALSE
Pv2.1_04_40461133_A/C,Chr04,40461133,0.00332292733740669,12105,FALSE
Pv2.1_08_14465935_C/T,Chr08,14465935,0.00332292733740669,12106,FALSE
Pv2.1_08_3181781_T/G,Chr08,3181781,0.00332292733740669,12107,FALSE
Pv2.1_08_3181799_C/T,Chr08,3181799,0.00332292733740669,12108,FALSE
Pv2.1_09_17429804_G/A,Chr09,17429804,0.00332292733740669,12109,FALSE
Pv2.1_10_6400072_T/G,Chr10,6400072,0.00332292733740669,12110,FALSE
Pv2.1_04_42068248_T/A,Chr04,42068248,0.00326365324407441,12111,FALSE
Pv2.1_07_27219854_G/T,Chr07,27219854,0.00311342056182662,12112,FALSE
Pv2.1_02_33500106_A/T,Chr02,33500106,0.00302809745857635,12113,FALSE
Pv2.1_11_37921678_C/T,Chr11,37921678,0.00287739330886616,12114,FALSE
Pv2.1_08_24893695_G/A,Chr08,24893695,0.00276953964821258,12115,FALSE
Pv2.1_08_3290805_T/G,Chr08,3290805,0.00269210203113479,12116,FALSE
Pv2.1_08_3290811_C/T,Chr08,3290811,0.00269210203113479,12117,FALSE
Pv2.1_02_7838392_C/T,Chr02,7838392,0.00211522555220345,12118,FALSE
Pv2.1_08_61526668_G/A,Chr08,61526668,0.0020948289595708,12119,FALSE
Pv2.1_01_41726837_C/T,Chr01,41726837,0,12120,FALSE
Pv2.1_01_41726839_T/C,Chr01,41726839,0,12121,FALSE
Pv2.1_01_41726840_G/T,Chr01,41726840,0,12122,FALSE
Pv2.1_01_41726876_G/T,Chr01,41726876,0,12123,FALSE
Pv2.1_01_45992676_A/G,Chr01,45992676,0,12124,FALSE
Pv2.1_01_45992678_T/C,Chr01,45992678,0,12125,FALSE
Pv2.1_01_45992716_A/T,Chr01,45992716,0,12126,FALSE
Pv2.1_01_45992743_A/C,Chr01,45992743,0,12127,FALSE
Pv2.1_01_45992755_A/C,Chr01,45992755,0,12128,FALSE
Pv2.1_01_8366042_A/G,Chr01,8366042,0,12129,FALSE
Pv2.1_01_8366075_G/T,Chr01,8366075,0,12130,FALSE
Pv2.1_02_39467931_A/T,Chr02,39467931,0,12131,FALSE
Pv2.1_02_39468318_A/G,Chr02,39468318,0,12132,FALSE
Pv2.1_02_39468348_A/T,Chr02,39468348,0,12133,FALSE
Pv2.1_02_39483973_G/C,Chr02,39483973,0,12134,FALSE
Pv2.1_02_39483994_G/C,Chr02,39483994,0,12135,FALSE
Pv2.1_02_39484015_G/A,Chr02,39484015,0,12136,FALSE
Pv2.1_02_47032048_G/T,Chr02,47032048,0,12137,FALSE
Pv2.1_02_47032054_A/G,Chr02,47032054,0,12138,FALSE
Pv2.1_02_47032062_T/C,Chr02,47032062,0,12139,FALSE
Pv2.1_02_47032070_C/G,Chr02,47032070,0,12140,FALSE
Pv2.1_02_47032122_C/T,Chr02,47032122,0,12141,FALSE
Pv2.1_03_36241649_C/T,Chr03,36241649,0,12142,FALSE
Pv2.1_03_36241656_C/G,Chr03,36241656,0,12143,FALSE
Pv2.1_04_40460979_T/A,Chr04,40460979,0,12144,FALSE
Pv2.1_04_40461055_G/A,Chr04,40461055,0,12145,FALSE
Pv2.1_04_40490807_A/C,Chr04,40490807,0,12146,FALSE
Pv2.1_04_40490844_C/G,Chr04,40490844,0,12147,FALSE
Pv2.1_04_40490846_A/G,Chr04,40490846,0,12148,FALSE
Pv2.1_04_43299844_CT/C,Chr04,43299844,0,12149,FALSE
Pv2.1_04_43299848_T/C,Chr04,43299848,0,12150,FALSE
Pv2.1_04_43299849_T/C,Chr04,43299849,0,12151,FALSE
Pv2.1_04_43299869_A/T,Chr04,43299869,0,12152,FALSE
Pv2.1_04_43299875_C/T,Chr04,43299875,0,12153,FALSE
Pv2.1_05_38051651_C/A,Chr05,38051651,0,12154,FALSE
Pv2.1_05_38051756_T/C,Chr05,38051756,0,12155,FALSE
Pv2.1_05_38051798_T/C,Chr05,38051798,0,12156,FALSE
Pv2.1_05_38051807_T/A,Chr05,38051807,0,12157,FALSE
Pv2.1_08_14465658_C/T,Chr08,14465658,0,12158,FALSE
Pv2.1_09_14831926_T/G,Chr09,14831926,0,12159,FALSE
Pv2.1_09_14831964_A/T,Chr09,14831964,0,12160,FALSE
Pv2.1_09_14831987_G/A,Chr09,14831987,0,12161,FALSE
Pv2.1_09_17429755_C/G,Chr09,17429755,0,12162,FALSE
Pv2.1_10_38729689_A/G,Chr10,38729689,0,12163,FALSE
Pv2.1_10_44169929_A/G,Chr10,44169929,0,12164,FALSE
Pv2.1_10_44169958_G/A,Chr10,44169958,0,12165,FALSE
Pv2.1_10_44169959_C/A,Chr10,44169959,0,12166,FALSE
Pv2.1_10_6400059_T/A,Chr10,6400059,0,12167,FALSE
