Marker,Chromosome,Position,MI,Rank,Top
Pv2.1_01_13548264_C/T,Chr01,13548264,0.0968630935610815,1,TRUE
Pv2.1_07_29104195_G/T,Chr07,29104195,0.088174480582305,2,TRUE
Pv2.1_01_14868068_A/G,Chr01,14868068,0.0869399699379345,3,TRUE
Pv2.1_01_13548191_G/A,Chr01,13548191,0.0863604689500006,4,TRUE
Pv2.1_01_13548120_C/T,Chr01,13548120,0.0846402204022856,5,TRUE
Pv2.1_01_13548222_C/T,Chr01,13548222,0.0834513572763536,6,TRUE
Pv2.1_02_30075123_A/C,Chr02,30075123,0.08091122069552,7,TRUE
Pv2.1_01_12576431_A/C,Chr01,12576431,0.0808350511594136,8,TRUE
Pv2.1_07_28996921_G/A,Chr07,28996921,0.0806130508580716,9,TRUE
Pv2.1_01_13065330_A/C,Chr01,13065330,0.0802739616093202,10,TRUE
Pv2.1_01_11555592_C/A,Chr01,11555592,0.0797359612986717,11,TRUE
Pv2.1_02_29140681_C/T,Chr02,29140681,0.0778666206239533,12,TRUE
Pv2.1_07_29259414_A/C,Chr07,29259414,0.0778003579182096,13,TRUE
Pv2.1_01_12576395_G/A,Chr01,12576395,0.0776702034791845,14,TRUE
Pv2.1_07_29259343_T/G,Chr07,29259343,0.0770528990959418,15,TRUE
Pv2.1_01_11547712_A/T,Chr01,11547712,0.0767251736092982,16,TRUE
Pv2.1_01_11547743_A/C,Chr01,11547743,0.0767232688233586,17,TRUE
Pv2.1_01_11238077_T/A,Chr01,11238077,0.0766418718358639,18,TRUE
Pv2.1_01_11238110_A/T,Chr01,11238110,0.0763984797914104,19,TRUE
Pv2.1_02_28089561_A/G,Chr02,28089561,0.0762370684598257,20,TRUE
Pv2.1_01_13959125_T/A,Chr01,13959125,0.0760247655300685,21,TRUE
Pv2.1_01_15329383_C/A,Chr01,15329383,0.0760008887007548,22,TRUE
Pv2.1_02_28629788_G/A,Chr02,28629788,0.0758529461022008,23,TRUE
Pv2.1_07_28996934_T/C,Chr07,28996934,0.0757368352079966,24,TRUE
Pv2.1_01_11547744_A/C,Chr01,11547744,0.075447153872946,25,TRUE
Pv2.1_01_14694391_T/G,Chr01,14694391,0.075347307943475,26,TRUE
Pv2.1_01_12576963_C/T,Chr01,12576963,0.0751791265463906,27,TRUE
Pv2.1_01_10634303_T/A,Chr01,10634303,0.0745274734075809,28,TRUE
Pv2.1_01_11091921_C/G,Chr01,11091921,0.0744860264443386,29,TRUE
Pv2.1_02_27544389_G/A,Chr02,27544389,0.0744375016031471,30,TRUE
Pv2.1_02_30075097_G/T,Chr02,30075097,0.0741778927142307,31,TRUE
Pv2.1_02_27632163_G/C,Chr02,27632163,0.0738952087097458,32,TRUE
Pv2.1_01_16655949_C/A,Chr01,16655949,0.0736998117141949,33,TRUE
Pv2.1_01_11441607_A/T,Chr01,11441607,0.073644746225336,34,TRUE
Pv2.1_01_11441608_A/C,Chr01,11441608,0.073644746225336,35,TRUE
Pv2.1_01_17425664_C/T,Chr01,17425664,0.0735722559306318,36,TRUE
Pv2.1_01_14227492_T/C,Chr01,14227492,0.0735073221341396,37,TRUE
Pv2.1_04_3957279_C/G,Chr04,3957279,0.0728678148845239,38,TRUE
Pv2.1_04_3957280_T/A,Chr04,3957280,0.0728678148845239,39,TRUE
Pv2.1_04_3957297_G/T,Chr04,3957297,0.0728678148845239,40,TRUE
Pv2.1_01_14981879_T/G,Chr01,14981879,0.0725102876356787,41,TRUE
Pv2.1_01_10634328_T/A,Chr01,10634328,0.0721061559306579,42,TRUE
Pv2.1_01_12576284_T/C,Chr01,12576284,0.0720053608822235,43,TRUE
Pv2.1_01_12044504_G/A,Chr01,12044504,0.0717636980144727,44,TRUE
Pv2.1_01_10634933_T/A,Chr01,10634933,0.0716808709310248,45,TRUE
Pv2.1_02_27544393_A/G,Chr02,27544393,0.0714501356414181,46,TRUE
Pv2.1_02_28132776_G/C,Chr02,28132776,0.071396991439582,47,TRUE
Pv2.1_02_28134513_C/T,Chr02,28134513,0.0710324514538288,48,TRUE
Pv2.1_01_17718413_AAG/A,Chr01,17718413,0.0706643939135225,49,TRUE
Pv2.1_02_27806190_T/C,Chr02,27806190,0.0705258146679109,50,TRUE
Pv2.1_02_27539328_G/T,Chr02,27539328,0.0703800727875477,51,TRUE
Pv2.1_01_16859559_A/T,Chr01,16859559,0.0698329539280138,52,TRUE
Pv2.1_02_28491346_C/T,Chr02,28491346,0.0683505365853008,53,TRUE
Pv2.1_07_7466186_T/C,Chr07,7466186,0.0683161482516614,54,TRUE
Pv2.1_07_29142414_A/T,Chr07,29142414,0.0682097794822614,55,TRUE
Pv2.1_07_29104517_T/A,Chr07,29104517,0.0679734169122681,56,TRUE
Pv2.1_02_27669970_G/T,Chr02,27669970,0.0675863950506459,57,TRUE
Pv2.1_06_19838770_G/T,Chr06,19838770,0.0675758808255194,58,TRUE
Pv2.1_02_27679064_A/G,Chr02,27679064,0.0673392252122342,59,TRUE
Pv2.1_07_6676000_GC/G,Chr07,6676000,0.0673086857692882,60,TRUE
Pv2.1_02_29213245_G/C,Chr02,29213245,0.0671713631673216,61,TRUE
Pv2.1_01_15329470_G/C,Chr01,15329470,0.0671634262283072,62,TRUE
Pv2.1_02_28320567_G/C,Chr02,28320567,0.0670311917813415,63,TRUE
Pv2.1_02_27727283_G/A,Chr02,27727283,0.0667238506670049,64,TRUE
Pv2.1_02_28324161_C/G,Chr02,28324161,0.0664855358549303,65,TRUE
Pv2.1_02_28092010_G/A,Chr02,28092010,0.0664572613626322,66,TRUE
Pv2.1_02_28355923_C/G,Chr02,28355923,0.066242477647747,67,TRUE
Pv2.1_02_28238631_G/A,Chr02,28238631,0.0661514774945111,68,TRUE
Pv2.1_02_27684272_G/T,Chr02,27684272,0.0659391018256956,69,TRUE
Pv2.1_01_14131002_T/C,Chr01,14131002,0.065673833002057,70,TRUE
Pv2.1_02_27679056_C/T,Chr02,27679056,0.0656732782932679,71,TRUE
Pv2.1_02_30011596_T/G,Chr02,30011596,0.0655875087589131,72,TRUE
Pv2.1_02_28079417_C/A,Chr02,28079417,0.0654186564759267,73,TRUE
Pv2.1_02_27701263_C/T,Chr02,27701263,0.0652984909978214,74,TRUE
Pv2.1_02_27679047_G/T,Chr02,27679047,0.065276009108195,75,TRUE
Pv2.1_01_11294786_C/T,Chr01,11294786,0.0651389545582162,76,TRUE
Pv2.1_01_38604403_C/G,Chr01,38604403,0.0650707380206432,77,TRUE
Pv2.1_04_22623628_A/G,Chr04,22623628,0.0649453856453142,78,TRUE
Pv2.1_09_37752663_G/T,Chr09,37752663,0.0648555173658787,79,TRUE
Pv2.1_01_38604395_C/A,Chr01,38604395,0.0648234518297191,80,TRUE
Pv2.1_02_28595345_G/A,Chr02,28595345,0.0648229194096519,81,TRUE
Pv2.1_01_17265165_G/A,Chr01,17265165,0.0647178662777255,82,TRUE
Pv2.1_07_6697793_G/A,Chr07,6697793,0.064635414479699,83,TRUE
Pv2.1_07_30346959_G/A,Chr07,30346959,0.0644936702272476,84,TRUE
Pv2.1_08_13808064_G/A,Chr08,13808064,0.0643578585337363,85,TRUE
Pv2.1_04_3975303_T/G,Chr04,3975303,0.0643180545234778,86,TRUE
Pv2.1_02_27981435_CA/C,Chr02,27981435,0.0641992277076753,87,TRUE
Pv2.1_08_62139107_C/T,Chr08,62139107,0.0641969965625284,88,TRUE
Pv2.1_01_17423994_C/T,Chr01,17423994,0.0641564089342275,89,TRUE
Pv2.1_07_6675983_C/G,Chr07,6675983,0.0640615983449462,90,TRUE
Pv2.1_02_27806316_T/C,Chr02,27806316,0.0640361311304498,91,TRUE
Pv2.1_02_28264297_A/G,Chr02,28264297,0.0639582886567442,92,TRUE
Pv2.1_02_28264316_T/G,Chr02,28264316,0.0639582886567442,93,TRUE
Pv2.1_02_28079401_C/T,Chr02,28079401,0.0639001502787684,94,TRUE
Pv2.1_02_27740307_C/T,Chr02,27740307,0.0638091392518225,95,TRUE
Pv2.1_02_28079416_T/C,Chr02,28079416,0.0636995846381163,96,TRUE
Pv2.1_07_5772640_G/C,Chr07,5772640,0.0636336662587689,97,TRUE
Pv2.1_02_27592702_A/T,Chr02,27592702,0.0634889642906416,98,TRUE
Pv2.1_01_13119616_C/T,Chr01,13119616,0.0634557654600072,99,TRUE
Pv2.1_07_6753484_T/C,Chr07,6753484,0.0634447364374013,100,TRUE
Pv2.1_07_30155745_T/A,Chr07,30155745,0.063420867211506,101,TRUE
Pv2.1_02_28134684_G/A,Chr02,28134684,0.0632672331844941,102,TRUE
Pv2.1_04_3207746_G/A,Chr04,3207746,0.0631101609934919,103,TRUE
Pv2.1_02_27539293_C/T,Chr02,27539293,0.0631076769148198,104,TRUE
Pv2.1_04_3975264_C/T,Chr04,3975264,0.0631016685467856,105,TRUE
Pv2.1_04_3975271_C/G,Chr04,3975271,0.0631016685467856,106,TRUE
Pv2.1_01_12576500_C/T,Chr01,12576500,0.0630356085383328,107,TRUE
Pv2.1_02_28238340_G/A,Chr02,28238340,0.0629731955549953,108,TRUE
Pv2.1_02_28238343_C/T,Chr02,28238343,0.0629731955549953,109,TRUE
Pv2.1_02_27981704_A/G,Chr02,27981704,0.0629269446532121,110,TRUE
Pv2.1_08_7787666_T/G,Chr08,7787666,0.062915728968604,111,TRUE
Pv2.1_01_17178273_A/G,Chr01,17178273,0.0628251077656343,112,TRUE
Pv2.1_03_40945589_C/T,Chr03,40945589,0.0625817223050014,113,TRUE
Pv2.1_02_28264692_GTC/G,Chr02,28264692,0.0625590434785845,114,TRUE
Pv2.1_07_6595160_G/T,Chr07,6595160,0.0623637897266738,115,TRUE
Pv2.1_02_29662210_T/C,Chr02,29662210,0.0623073963917729,116,TRUE
Pv2.1_07_6662398_G/A,Chr07,6662398,0.0622942171788097,117,TRUE
Pv2.1_02_28152717_T/C,Chr02,28152717,0.0620687451320978,118,TRUE
Pv2.1_01_10639884_G/A,Chr01,10639884,0.0620143506200139,119,TRUE
Pv2.1_01_12044381_G/A,Chr01,12044381,0.0618503811496147,120,TRUE
Pv2.1_01_17166342_G/A,Chr01,17166342,0.061772035579605,121,TRUE
Pv2.1_02_28152691_G/A,Chr02,28152691,0.0617374997879581,122,TRUE
Pv2.1_11_1173941_T/G,Chr11,1173941,0.061266581411068,123,FALSE
Pv2.1_05_38993890_A/C,Chr05,38993890,0.0612435823575983,124,FALSE
Pv2.1_02_27981749_G/A,Chr02,27981749,0.0612154458522354,125,FALSE
Pv2.1_02_28091969_C/G,Chr02,28091969,0.0609726067681593,126,FALSE
Pv2.1_07_5762009_A/T,Chr07,5762009,0.0609458935493352,127,FALSE
Pv2.1_08_62144658_G/A,Chr08,62144658,0.0605497681898002,128,FALSE
Pv2.1_11_1173912_A/G,Chr11,1173912,0.0605288306241589,129,FALSE
Pv2.1_07_5762007_C/A,Chr07,5762007,0.0605276598162976,130,FALSE
Pv2.1_07_7438435_C/T,Chr07,7438435,0.0605261988921653,131,FALSE
Pv2.1_01_11582787_T/A,Chr01,11582787,0.0604386618019177,132,FALSE
Pv2.1_02_29642536_G/C,Chr02,29642536,0.0603306169999707,133,FALSE
Pv2.1_08_8154442_T/C,Chr08,8154442,0.0603268916538449,134,FALSE
Pv2.1_02_29708036_T/C,Chr02,29708036,0.0601494728125354,135,FALSE
Pv2.1_01_17718538_GTAT/G,Chr01,17718538,0.0601369236369203,136,FALSE
Pv2.1_02_28089504_A/G,Chr02,28089504,0.0600108967154385,137,FALSE
Pv2.1_01_11582772_T/C,Chr01,11582772,0.0598468847273472,138,FALSE
Pv2.1_02_29166974_T/C,Chr02,29166974,0.0597003089600516,139,FALSE
Pv2.1_09_38053741_A/G,Chr09,38053741,0.0596201056506081,140,FALSE
Pv2.1_02_28238364_C/T,Chr02,28238364,0.0596060985561779,141,FALSE
Pv2.1_11_1173870_A/G,Chr11,1173870,0.05949244056184,142,FALSE
Pv2.1_02_30074999_T/C,Chr02,30074999,0.059454483770335,143,FALSE
Pv2.1_02_30075023_G/C,Chr02,30075023,0.059454483770335,144,FALSE
Pv2.1_11_3066788_T/TTTG,Chr11,3066788,0.0593308449017531,145,FALSE
Pv2.1_07_6856100_G/A,Chr07,6856100,0.0593082021883644,146,FALSE
Pv2.1_02_29058663_C/T,Chr02,29058663,0.0592609673348585,147,FALSE
Pv2.1_07_7640847_G/A,Chr07,7640847,0.0591595601380588,148,FALSE
Pv2.1_07_34042935_T/C,Chr07,34042935,0.0591539816763582,149,FALSE
Pv2.1_07_6963602_G/A,Chr07,6963602,0.0591473646697494,150,FALSE
Pv2.1_07_30155755_T/C,Chr07,30155755,0.0588109169443545,151,FALSE
Pv2.1_01_17164005_A/G,Chr01,17164005,0.0586474121048948,152,FALSE
Pv2.1_08_6960173_G/T,Chr08,6960173,0.0585798148164285,153,FALSE
Pv2.1_08_62139096_C/G,Chr08,62139096,0.0585348502954304,154,FALSE
Pv2.1_02_29140746_A/T,Chr02,29140746,0.0584139586213013,155,FALSE
Pv2.1_02_29470119_GTT/G,Chr02,29470119,0.0583713934400207,156,FALSE
Pv2.1_03_32584536_A/T,Chr03,32584536,0.0583546745701504,157,FALSE
Pv2.1_11_3066781_C/T,Chr11,3066781,0.058302002640946,158,FALSE
Pv2.1_07_6790240_T/C,Chr07,6790240,0.0581511884345964,159,FALSE
Pv2.1_07_7640846_T/C,Chr07,7640846,0.0581000534850675,160,FALSE
Pv2.1_08_7261534_T/C,Chr08,7261534,0.0580588912570619,161,FALSE
Pv2.1_02_29924438_C/T,Chr02,29924438,0.0580059919798055,162,FALSE
Pv2.1_05_38988776_A/C,Chr05,38988776,0.0580023758971908,163,FALSE
Pv2.1_01_17178415_GA/G,Chr01,17178415,0.0578805749784834,164,FALSE
Pv2.1_07_6676002_C/A,Chr07,6676002,0.057874526690318,165,FALSE
Pv2.1_02_27711651_G/A,Chr02,27711651,0.0578056679663401,166,FALSE
Pv2.1_07_7557147_C/A,Chr07,7557147,0.057769844282737,167,FALSE
Pv2.1_02_29058579_A/T,Chr02,29058579,0.0577540437984951,168,FALSE
Pv2.1_02_29058599_C/A,Chr02,29058599,0.0577540437984951,169,FALSE
Pv2.1_02_28152569_ACAC/A,Chr02,28152569,0.057740197924447,170,FALSE
Pv2.1_08_7688813_T/G,Chr08,7688813,0.0577247145814641,171,FALSE
Pv2.1_01_14477578_G/A,Chr01,14477578,0.0576746128343677,172,FALSE
Pv2.1_06_19994786_A/C,Chr06,19994786,0.0576506351480899,173,FALSE
Pv2.1_01_12633485_T/A,Chr01,12633485,0.0576296247783494,174,FALSE
Pv2.1_04_45526919_A/T,Chr04,45526919,0.0576147037864172,175,FALSE
Pv2.1_05_39349951_T/A,Chr05,39349951,0.0576143749660156,176,FALSE
Pv2.1_04_45054078_TA/T,Chr04,45054078,0.0575513119169426,177,FALSE
Pv2.1_04_9704223_A/T,Chr04,9704223,0.057457691662103,178,FALSE
Pv2.1_09_35426841_T/C,Chr09,35426841,0.0574274649872106,179,FALSE
Pv2.1_04_4914944_T/C,Chr04,4914944,0.0573259175611183,180,FALSE
Pv2.1_08_53762864_G/A,Chr08,53762864,0.0572740962300169,181,FALSE
Pv2.1_04_5650017_TG/T,Chr04,5650017,0.0572713663393545,182,FALSE
Pv2.1_04_547377_C/T,Chr04,547377,0.0572206833596303,183,FALSE
Pv2.1_02_27943191_T/A,Chr02,27943191,0.0572164593986133,184,FALSE
Pv2.1_07_6595169_G/C,Chr07,6595169,0.0572128353383863,185,FALSE
Pv2.1_10_5843816_T/C,Chr10,5843816,0.0571699091020603,186,FALSE
Pv2.1_01_16468596_T/TA,Chr01,16468596,0.0571548254517764,187,FALSE
Pv2.1_02_28089646_T/C,Chr02,28089646,0.0571348451939304,188,FALSE
Pv2.1_01_11769838_A/G,Chr01,11769838,0.0570787725423143,189,FALSE
Pv2.1_08_62872716_C/T,Chr08,62872716,0.0570605625206317,190,FALSE
Pv2.1_01_12616540_T/G,Chr01,12616540,0.0570550748157501,191,FALSE
Pv2.1_07_30324313_A/T,Chr07,30324313,0.0568869375313974,192,FALSE
Pv2.1_02_28210156_T/G,Chr02,28210156,0.0568689209795514,193,FALSE
Pv2.1_08_62751731_A/AAAT,Chr08,62751731,0.05681143312672,194,FALSE
Pv2.1_02_11930438_A/G,Chr02,11930438,0.0567183095346988,195,FALSE
Pv2.1_10_4755336_G/T,Chr10,4755336,0.0566904430662869,196,FALSE
Pv2.1_08_58532333_C/T,Chr08,58532333,0.0566260759206974,197,FALSE
Pv2.1_02_48763416_T/A,Chr02,48763416,0.0566162005319457,198,FALSE
Pv2.1_07_30155436_T/A,Chr07,30155436,0.0565987544741802,199,FALSE
Pv2.1_08_3258880_G/A,Chr08,3258880,0.0564456311155759,200,FALSE
Pv2.1_08_3258882_A/C,Chr08,3258882,0.0564456311155759,201,FALSE
Pv2.1_02_29371248_T/A,Chr02,29371248,0.0563951828015257,202,FALSE
Pv2.1_02_28264383_G/T,Chr02,28264383,0.0563374953060034,203,FALSE
Pv2.1_06_17353447_C/T,Chr06,17353447,0.0562644603282965,204,FALSE
Pv2.1_04_47535999_C/T,Chr04,47535999,0.0562636064138378,205,FALSE
Pv2.1_02_29644000_C/T,Chr02,29644000,0.0561696647579946,206,FALSE
Pv2.1_02_28336253_G/A,Chr02,28336253,0.0561415467789774,207,FALSE
Pv2.1_01_5596858_G/A,Chr01,5596858,0.0561147380073086,208,FALSE
Pv2.1_04_44878732_A/G,Chr04,44878732,0.0559419053932686,209,FALSE
Pv2.1_09_37234361_A/G,Chr09,37234361,0.0559289418030899,210,FALSE
Pv2.1_05_38988744_A/G,Chr05,38988744,0.0558633369143284,211,FALSE
Pv2.1_09_37684562_AC/A,Chr09,37684562,0.0558494240824077,212,FALSE
Pv2.1_09_37684562_AC/G,Chr09,37684562,0.0558494240824077,213,FALSE
Pv2.1_07_30602695_A/G,Chr07,30602695,0.0557743041999399,214,FALSE
Pv2.1_11_51322282_G/C,Chr11,51322282,0.0557696385628046,215,FALSE
Pv2.1_09_37352840_G/A,Chr09,37352840,0.0557532667738361,216,FALSE
Pv2.1_11_1076551_G/GA,Chr11,1076551,0.0556879993252046,217,FALSE
Pv2.1_01_11311784_C/A,Chr01,11311784,0.0556873742520847,218,FALSE
Pv2.1_07_30602679_A/T,Chr07,30602679,0.0556431942477271,219,FALSE
Pv2.1_01_4818751_G/A,Chr01,4818751,0.0555631005595707,220,FALSE
Pv2.1_06_19949459_G/GAA,Chr06,19949459,0.0555566650061872,221,FALSE
Pv2.1_06_21003413_G/A,Chr06,21003413,0.0555147839230208,222,FALSE
Pv2.1_08_9932710_C/T,Chr08,9932710,0.0554957051810678,223,FALSE
Pv2.1_08_61844352_G/A,Chr08,61844352,0.055457330221234,224,FALSE
Pv2.1_09_37200928_G/A,Chr09,37200928,0.0554485289923066,225,FALSE
Pv2.1_02_48763417_G/A,Chr02,48763417,0.0554306241896336,226,FALSE
Pv2.1_08_59857770_CA/C,Chr08,59857770,0.0553213676833875,227,FALSE
Pv2.1_08_59857772_T/A,Chr08,59857772,0.0553213676833875,228,FALSE
Pv2.1_02_27981428_T/C,Chr02,27981428,0.0552739097907584,229,FALSE
Pv2.1_06_20470810_G/A,Chr06,20470810,0.0552687572190758,230,FALSE
Pv2.1_08_58962978_G/T,Chr08,58962978,0.0552155348938501,231,FALSE
Pv2.1_04_4560460_T/C,Chr04,4560460,0.05515558445504,232,FALSE
Pv2.1_02_29349128_G/T,Chr02,29349128,0.0551052593430454,233,FALSE
Pv2.1_01_13452168_G/A,Chr01,13452168,0.0550924286046977,234,FALSE
Pv2.1_09_37369657_A/G,Chr09,37369657,0.054997444258281,235,FALSE
Pv2.1_04_1672570_T/C,Chr04,1672570,0.0549898045295882,236,FALSE
Pv2.1_05_38959183_C/T,Chr05,38959183,0.0549727190252138,237,FALSE
Pv2.1_08_62327665_C/G,Chr08,62327665,0.0549711674165958,238,FALSE
Pv2.1_07_28996339_C/G,Chr07,28996339,0.0547688688994925,239,FALSE
Pv2.1_07_28996371_C/T,Chr07,28996371,0.0547688688994925,240,FALSE
Pv2.1_03_51898030_G/A,Chr03,51898030,0.0547661692883756,241,FALSE
Pv2.1_09_38046298_C/T,Chr09,38046298,0.0546941443415152,242,FALSE
Pv2.1_08_59674035_C/T,Chr08,59674035,0.0546867984489543,243,FALSE
Pv2.1_04_8072110_G/A,Chr04,8072110,0.0546837861323732,244,FALSE
Pv2.1_07_35863956_C/A,Chr07,35863956,0.0546793993446944,245,FALSE
Pv2.1_08_58684346_T/C,Chr08,58684346,0.0546787704095388,246,FALSE
Pv2.1_01_14470220_T/A,Chr01,14470220,0.0546569942372446,247,FALSE
Pv2.1_03_33513777_G/A,Chr03,33513777,0.054623359024963,248,FALSE
Pv2.1_08_62140060_G/A,Chr08,62140060,0.0545959963618543,249,FALSE
Pv2.1_11_45615020_T/A,Chr11,45615020,0.0545686857049508,250,FALSE
Pv2.1_08_7910411_T/C,Chr08,7910411,0.0544459017267811,251,FALSE
Pv2.1_08_8717585_A/T,Chr08,8717585,0.0544369054427203,252,FALSE
Pv2.1_06_14136479_A/G,Chr06,14136479,0.0544087470137455,253,FALSE
Pv2.1_08_62872702_A/G,Chr08,62872702,0.0544059043591836,254,FALSE
Pv2.1_08_62956917_G/A,Chr08,62956917,0.0543978009048032,255,FALSE
Pv2.1_08_60451117_T/A,Chr08,60451117,0.0543789309222151,256,FALSE
Pv2.1_01_14793553_T/A,Chr01,14793553,0.0543623599191347,257,FALSE
Pv2.1_10_9191937_G/A,Chr10,9191937,0.0543535989395729,258,FALSE
Pv2.1_10_9191951_A/G,Chr10,9191951,0.0543535989395729,259,FALSE
Pv2.1_10_8827026_AG/A,Chr10,8827026,0.0542848215682508,260,FALSE
Pv2.1_10_9140803_G/A,Chr10,9140803,0.0542806297222613,261,FALSE
Pv2.1_08_58684334_TCTC/T,Chr08,58684334,0.0542780922456401,262,FALSE
Pv2.1_08_58962971_C/T,Chr08,58962971,0.0542780922456401,263,FALSE
Pv2.1_03_1152044_G/T,Chr03,1152044,0.0542588961790798,264,FALSE
Pv2.1_07_5772533_A/C,Chr07,5772533,0.054249118627387,265,FALSE
Pv2.1_04_44964231_C/A,Chr04,44964231,0.0542307012378256,266,FALSE
Pv2.1_04_44964252_A/G,Chr04,44964252,0.0542307012378256,267,FALSE
Pv2.1_02_12698288_G/A,Chr02,12698288,0.0542150958448042,268,FALSE
Pv2.1_10_8111011_G/A,Chr10,8111011,0.0541880315657819,269,FALSE
Pv2.1_04_45436183_T/G,Chr04,45436183,0.0541581188838278,270,FALSE
Pv2.1_04_45436184_T/A,Chr04,45436184,0.0541581188838278,271,FALSE
Pv2.1_07_24863_A/G,Chr07,24863,0.0541382753929307,272,FALSE
Pv2.1_08_60340289_TAAG/T,Chr08,60340289,0.0541377246671071,273,FALSE
Pv2.1_04_44805189_A/G,Chr04,44805189,0.0541318385384351,274,FALSE
Pv2.1_04_44805209_A/G,Chr04,44805209,0.0541318385384351,275,FALSE
Pv2.1_05_38959179_A/G,Chr05,38959179,0.0541022383227809,276,FALSE
Pv2.1_08_51592946_C/T,Chr08,51592946,0.0540972520499063,277,FALSE
Pv2.1_08_59674045_A/G,Chr08,59674045,0.0540663647809856,278,FALSE
Pv2.1_02_14237450_G/A,Chr02,14237450,0.0540357255697428,279,FALSE
Pv2.1_08_53821585_C/T,Chr08,53821585,0.0540224678427488,280,FALSE
Pv2.1_08_61904077_G/T,Chr08,61904077,0.0539564723258268,281,FALSE
Pv2.1_03_33513773_G/GTATCTT,Chr03,33513773,0.0539037574317249,282,FALSE
Pv2.1_09_38099804_G/A,Chr09,38099804,0.0538142559861403,283,FALSE
Pv2.1_09_38099818_A/T,Chr09,38099818,0.0538142559861403,284,FALSE
Pv2.1_08_53271552_T/C,Chr08,53271552,0.0537996384120678,285,FALSE
Pv2.1_08_59203117_GTT/G,Chr08,59203117,0.0537768170763315,286,FALSE
Pv2.1_03_49622455_C/G,Chr03,49622455,0.05375510561709,287,FALSE
Pv2.1_02_28045906_C/A,Chr02,28045906,0.0537176541560909,288,FALSE
Pv2.1_07_32251095_A/G,Chr07,32251095,0.0536863192707302,289,FALSE
Pv2.1_09_35419643_T/C,Chr09,35419643,0.0536495302862341,290,FALSE
Pv2.1_01_17258919_G/A,Chr01,17258919,0.053648706932925,291,FALSE
Pv2.1_05_38993950_A/G,Chr05,38993950,0.053631021455288,292,FALSE
Pv2.1_02_27943161_C/T,Chr02,27943161,0.0536187923361235,293,FALSE
Pv2.1_01_17258898_C/T,Chr01,17258898,0.0535906054808368,294,FALSE
Pv2.1_04_3399867_C/T,Chr04,3399867,0.053585717425376,295,FALSE
Pv2.1_11_3750266_CAAT/C,Chr11,3750266,0.053583160258305,296,FALSE
Pv2.1_04_2047830_A/T,Chr04,2047830,0.0535563732835169,297,FALSE
Pv2.1_10_6165332_G/C,Chr10,6165332,0.0535479091351476,298,FALSE
Pv2.1_02_29470170_C/G,Chr02,29470170,0.0534974319100914,299,FALSE
Pv2.1_06_20010344_C/A,Chr06,20010344,0.0534539021338607,300,FALSE
Pv2.1_01_11196400_G/C,Chr01,11196400,0.0534199939666675,301,FALSE
Pv2.1_08_9419256_G/A,Chr08,9419256,0.0532535919252637,302,FALSE
Pv2.1_10_5039243_C/G,Chr10,5039243,0.0531696002140549,303,FALSE
Pv2.1_08_61844358_A/C,Chr08,61844358,0.0531137400061859,304,FALSE
Pv2.1_02_27727002_C/T,Chr02,27727002,0.0530895291424454,305,FALSE
Pv2.1_09_37626802_G/A,Chr09,37626802,0.0530859722041019,306,FALSE
Pv2.1_04_8044549_A/G,Chr04,8044549,0.0530612639187753,307,FALSE
Pv2.1_04_8044555_A/G,Chr04,8044555,0.0530612639187753,308,FALSE
Pv2.1_09_38053751_G/A,Chr09,38053751,0.0530193947361526,309,FALSE
Pv2.1_05_40403040_T/C,Chr05,40403040,0.0529708643524005,310,FALSE
Pv2.1_04_45154281_G/A,Chr04,45154281,0.0529236686733112,311,FALSE
Pv2.1_08_62327672_C/T,Chr08,62327672,0.0529072319558193,312,FALSE
Pv2.1_07_5609975_G/C,Chr07,5609975,0.0529018550871059,313,FALSE
Pv2.1_07_29273404_C/T,Chr07,29273404,0.0528300345449981,314,FALSE
Pv2.1_02_35815641_C/T,Chr02,35815641,0.0528270037143606,315,FALSE
Pv2.1_04_45154302_T/C,Chr04,45154302,0.0528258563121407,316,FALSE
Pv2.1_05_38959223_A/T,Chr05,38959223,0.0527779394591503,317,FALSE
Pv2.1_10_4755284_A/C,Chr10,4755284,0.0527737849524588,318,FALSE
Pv2.1_09_37135482_C/T,Chr09,37135482,0.0527465326257834,319,FALSE
Pv2.1_09_37135497_T/C,Chr09,37135497,0.0527465326257834,320,FALSE
Pv2.1_05_39368909_C/A,Chr05,39368909,0.0527297293795037,321,FALSE
Pv2.1_11_1026326_CACA/C,Chr11,1026326,0.0527047871881421,322,FALSE
Pv2.1_04_45526928_C/T,Chr04,45526928,0.0526441233123403,323,FALSE
Pv2.1_03_33516620_A/T,Chr03,33516620,0.0526231164127791,324,FALSE
Pv2.1_08_6024028_G/T,Chr08,6024028,0.0525894428072156,325,FALSE
Pv2.1_07_7640941_G/C,Chr07,7640941,0.0525627996890736,326,FALSE
Pv2.1_03_33516650_T/A,Chr03,33516650,0.052556166562773,327,FALSE
Pv2.1_08_58957841_A/G,Chr08,58957841,0.0525252166612571,328,FALSE
Pv2.1_08_62818990_G/C,Chr08,62818990,0.0525226485599064,329,FALSE
Pv2.1_08_62819005_G/A,Chr08,62819005,0.0525226485599064,330,FALSE
Pv2.1_08_62819011_G/A,Chr08,62819011,0.0525226485599064,331,FALSE
Pv2.1_08_62819016_G/T,Chr08,62819016,0.0525226485599064,332,FALSE
Pv2.1_01_17178369_CAT/C,Chr01,17178369,0.0525038385193906,333,FALSE
Pv2.1_04_47502132_G/A,Chr04,47502132,0.0525019401023354,334,FALSE
Pv2.1_08_6368266_A/G,Chr08,6368266,0.052465282648186,335,FALSE
Pv2.1_08_7765371_A/T,Chr08,7765371,0.0524435437032436,336,FALSE
Pv2.1_08_364151_C/A,Chr08,364151,0.0524027065470327,337,FALSE
Pv2.1_02_28045944_G/GCA,Chr02,28045944,0.0523899501596108,338,FALSE
Pv2.1_04_7512611_A/G,Chr04,7512611,0.052336785252316,339,FALSE
Pv2.1_04_45436212_G/A,Chr04,45436212,0.052285823193218,340,FALSE
Pv2.1_04_45436227_T/G,Chr04,45436227,0.052285823193218,341,FALSE
Pv2.1_08_6368291_T/C,Chr08,6368291,0.0522785618181434,342,FALSE
Pv2.1_08_2646956_T/G,Chr08,2646956,0.0521980344068105,343,FALSE
Pv2.1_08_62327666_T/G,Chr08,62327666,0.0521487014478614,344,FALSE
Pv2.1_07_7640839_A/G,Chr07,7640839,0.0521316810920451,345,FALSE
Pv2.1_07_8715179_A/T,Chr07,8715179,0.0521259344699545,346,FALSE
Pv2.1_08_59709789_A/G,Chr08,59709789,0.0521053927962512,347,FALSE
Pv2.1_08_60583858_C/A,Chr08,60583858,0.0521003709774552,348,FALSE
Pv2.1_01_16655932_A/T,Chr01,16655932,0.0520947260438778,349,FALSE
Pv2.1_08_53474848_C/G,Chr08,53474848,0.0520826255576754,350,FALSE
Pv2.1_08_59857774_C/T,Chr08,59857774,0.0520723037891866,351,FALSE
Pv2.1_08_62140043_A/C,Chr08,62140043,0.0520625384108313,352,FALSE
Pv2.1_08_6225242_A/G,Chr08,6225242,0.0520602120685547,353,FALSE
Pv2.1_02_28636418_A/G,Chr02,28636418,0.0520470037801419,354,FALSE
Pv2.1_04_45177678_A/C,Chr04,45177678,0.0519898727442878,355,FALSE
Pv2.1_04_18614009_G/T,Chr04,18614009,0.0519473871326617,356,FALSE
Pv2.1_09_37135581_A/T,Chr09,37135581,0.05192350812086,357,FALSE
Pv2.1_04_7272479_C/T,Chr04,7272479,0.0518973075011231,358,FALSE
Pv2.1_08_62899713_G/T,Chr08,62899713,0.0518652180297856,359,FALSE
Pv2.1_08_62328044_T/G,Chr08,62328044,0.0518589258776423,360,FALSE
Pv2.1_04_8073248_G/A,Chr04,8073248,0.0518312675379304,361,FALSE
Pv2.1_08_58743393_A/G,Chr08,58743393,0.0517611115071404,362,FALSE
Pv2.1_02_13772115_C/A,Chr02,13772115,0.0517455467940162,363,FALSE
Pv2.1_08_7787645_G/A,Chr08,7787645,0.0517263062856488,364,FALSE
Pv2.1_08_62807838_G/A,Chr08,62807838,0.0517243685013384,365,FALSE
Pv2.1_09_37770663_A/T,Chr09,37770663,0.051702109552648,366,FALSE
Pv2.1_02_12667004_G/T,Chr02,12667004,0.0516973567825545,367,FALSE
Pv2.1_02_12667007_G/T,Chr02,12667007,0.0516973567825545,368,FALSE
Pv2.1_05_38993946_T/C,Chr05,38993946,0.0516927463319683,369,FALSE
Pv2.1_02_28104001_T/G,Chr02,28104001,0.0516583727388715,370,FALSE
Pv2.1_05_40754963_T/C,Chr05,40754963,0.0516368909659897,371,FALSE
Pv2.1_11_3970883_AT/A,Chr11,3970883,0.0516163140020125,372,FALSE
Pv2.1_07_6728411_T/A,Chr07,6728411,0.0516078767000159,373,FALSE
Pv2.1_01_13640633_G/A,Chr01,13640633,0.0515911580024522,374,FALSE
Pv2.1_04_44461064_T/C,Chr04,44461064,0.0515850004107619,375,FALSE
Pv2.1_03_46158969_A/G,Chr03,46158969,0.051567188366525,376,FALSE
Pv2.1_07_9143936_C/T,Chr07,9143936,0.0515550485989014,377,FALSE
Pv2.1_07_8715186_A/T,Chr07,8715186,0.0515422178683531,378,FALSE
Pv2.1_06_20391587_C/T,Chr06,20391587,0.0515393290118924,379,FALSE
Pv2.1_11_45615121_T/A,Chr11,45615121,0.0515317885856592,380,FALSE
Pv2.1_08_62824139_C/A,Chr08,62824139,0.0514973819688169,381,FALSE
Pv2.1_01_3370784_C/A,Chr01,3370784,0.0514871249922475,382,FALSE
Pv2.1_08_7787153_G/A,Chr08,7787153,0.0514087719896494,383,FALSE
Pv2.1_01_11350361_A/T,Chr01,11350361,0.0514075638765768,384,FALSE
Pv2.1_01_10575352_T/A,Chr01,10575352,0.051406845832624,385,FALSE
Pv2.1_08_7460548_T/A,Chr08,7460548,0.0514010324551517,386,FALSE
Pv2.1_11_3949471_CAT/C,Chr11,3949471,0.0513659218514588,387,FALSE
Pv2.1_07_7517943_AT/A,Chr07,7517943,0.0513454117748324,388,FALSE
Pv2.1_10_5094849_G/A,Chr10,5094849,0.0513367201680084,389,FALSE
Pv2.1_08_3231652_G/T,Chr08,3231652,0.051335242563634,390,FALSE
Pv2.1_08_62426174_C/T,Chr08,62426174,0.051329321327064,391,FALSE
Pv2.1_08_62426180_G/T,Chr08,62426180,0.051329321327064,392,FALSE
Pv2.1_09_37452374_A/G,Chr09,37452374,0.0513195128407959,393,FALSE
Pv2.1_11_3750125_A/G,Chr11,3750125,0.0512032945000973,394,FALSE
Pv2.1_11_47215098_A/G,Chr11,47215098,0.0511975102900943,395,FALSE
Pv2.1_11_47215099_T/A,Chr11,47215099,0.0511975102900943,396,FALSE
Pv2.1_08_61869726_G/A,Chr08,61869726,0.0511923544226836,397,FALSE
Pv2.1_02_694730_A/G,Chr02,694730,0.051185184119003,398,FALSE
Pv2.1_02_694731_A/G,Chr02,694731,0.051185184119003,399,FALSE
Pv2.1_07_24898_C/G,Chr07,24898,0.0511844935925829,400,FALSE
Pv2.1_01_14660435_A/T,Chr01,14660435,0.0511639266923059,401,FALSE
Pv2.1_09_37770641_T/A,Chr09,37770641,0.0511571794895187,402,FALSE
Pv2.1_08_59143010_T/A,Chr08,59143010,0.0511463484154757,403,FALSE
Pv2.1_08_58600525_A/AT,Chr08,58600525,0.0511345718381566,404,FALSE
Pv2.1_10_10088766_T/A,Chr10,10088766,0.0511067166472277,405,FALSE
Pv2.1_02_28104049_C/G,Chr02,28104049,0.0511018914987225,406,FALSE
Pv2.1_07_36785057_G/A,Chr07,36785057,0.0511010558927731,407,FALSE
Pv2.1_01_13273111_T/G,Chr01,13273111,0.0510821321740425,408,FALSE
Pv2.1_05_38364745_A/G,Chr05,38364745,0.0510572505609108,409,FALSE
Pv2.1_08_59228457_C/T,Chr08,59228457,0.0510534540256722,410,FALSE
Pv2.1_04_522512_A/T,Chr04,522512,0.0510494816343217,411,FALSE
Pv2.1_07_29104350_A/T,Chr07,29104350,0.0509710071964076,412,FALSE
Pv2.1_11_45756664_AT/A,Chr11,45756664,0.050941683655938,413,FALSE
Pv2.1_08_7765323_T/C,Chr08,7765323,0.0509335213535787,414,FALSE
Pv2.1_04_3957821_CT/C,Chr04,3957821,0.0508936351622134,415,FALSE
Pv2.1_04_10801613_G/A,Chr04,10801613,0.0508927759440754,416,FALSE
Pv2.1_01_14470201_G/A,Chr01,14470201,0.050888941082003,417,FALSE
Pv2.1_03_48660626_T/A,Chr03,48660626,0.0508103411322285,418,FALSE
Pv2.1_08_62818983_G/A,Chr08,62818983,0.0508067240715553,419,FALSE
Pv2.1_04_45475442_T/C,Chr04,45475442,0.0507854034980597,420,FALSE
Pv2.1_03_48815629_A/T,Chr03,48815629,0.0507693846127788,421,FALSE
Pv2.1_10_4753654_C/T,Chr10,4753654,0.0507459281144027,422,FALSE
Pv2.1_11_30316514_G/A,Chr11,30316514,0.0506683773246479,423,FALSE
Pv2.1_11_30316536_A/C,Chr11,30316536,0.0506683773246479,424,FALSE
Pv2.1_11_36616523_T/A,Chr11,36616523,0.0506383093321272,425,FALSE
Pv2.1_07_6732578_T/C,Chr07,6732578,0.0506123071218072,426,FALSE
Pv2.1_05_39343977_G/T,Chr05,39343977,0.0506068974625533,427,FALSE
Pv2.1_02_598531_A/T,Chr02,598531,0.0505826845796231,428,FALSE
Pv2.1_07_36710223_TA/T,Chr07,36710223,0.050579182638848,429,FALSE
Pv2.1_07_38407897_A/T,Chr07,38407897,0.0505381266225071,430,FALSE
Pv2.1_06_19994585_A/T,Chr06,19994585,0.0505155655336687,431,FALSE
Pv2.1_11_1163865_A/G,Chr11,1163865,0.0505034248287424,432,FALSE
Pv2.1_08_61869727_T/C,Chr08,61869727,0.0504814026232001,433,FALSE
Pv2.1_04_41834664_G/A,Chr04,41834664,0.0504664464347826,434,FALSE
Pv2.1_07_7557154_A/AATT,Chr07,7557154,0.0504546458964397,435,FALSE
Pv2.1_04_4915088_G/A,Chr04,4915088,0.050453812237556,436,FALSE
Pv2.1_01_45340086_A/G,Chr01,45340086,0.0504236892365482,437,FALSE
Pv2.1_08_58122400_CAAG/C,Chr08,58122400,0.0504118085286591,438,FALSE
Pv2.1_08_59882082_C/T,Chr08,59882082,0.050372106712242,439,FALSE
Pv2.1_04_46100168_G/A,Chr04,46100168,0.0503559830122287,440,FALSE
Pv2.1_04_45177713_A/G,Chr04,45177713,0.0503552533814307,441,FALSE
Pv2.1_06_20453002_A/G,Chr06,20453002,0.0503279983346587,442,FALSE
Pv2.1_07_6772367_G/T,Chr07,6772367,0.0503264903619507,443,FALSE
Pv2.1_08_1158979_G/T,Chr08,1158979,0.0502837039399222,444,FALSE
Pv2.1_01_6731874_C/T,Chr01,6731874,0.0502791352662118,445,FALSE
Pv2.1_04_7272416_A/T,Chr04,7272416,0.0502707823759656,446,FALSE
Pv2.1_08_59637895_A/G,Chr08,59637895,0.050232731093915,447,FALSE
Pv2.1_08_58795650_A/T,Chr08,58795650,0.0502226617339776,448,FALSE
Pv2.1_02_11891545_C/T,Chr02,11891545,0.0502212692995134,449,FALSE
Pv2.1_09_37766289_C/A,Chr09,37766289,0.0502149854091742,450,FALSE
Pv2.1_08_59071292_A/T,Chr08,59071292,0.0502131380777788,451,FALSE
Pv2.1_07_7557164_A/AT,Chr07,7557164,0.0502027446230824,452,FALSE
Pv2.1_07_36785066_C/T,Chr07,36785066,0.0502023897753174,453,FALSE
Pv2.1_05_38840947_T/A,Chr05,38840947,0.0501827672845119,454,FALSE
Pv2.1_11_1159179_T/G,Chr11,1159179,0.0501771546610486,455,FALSE
Pv2.1_11_3535106_C/CA,Chr11,3535106,0.050142248023755,456,FALSE
Pv2.1_04_7661242_T/A,Chr04,7661242,0.0501277783150127,457,FALSE
Pv2.1_07_24833_C/A,Chr07,24833,0.0500685735708042,458,FALSE
Pv2.1_01_2646063_TA/T,Chr01,2646063,0.0500641185199617,459,FALSE
Pv2.1_11_3750143_T/C,Chr11,3750143,0.050062513511445,460,FALSE
Pv2.1_03_45601895_G/A,Chr03,45601895,0.0500599832770892,461,FALSE
Pv2.1_08_58532342_GA/G,Chr08,58532342,0.0500338685641193,462,FALSE
Pv2.1_08_321379_AC/A,Chr08,321379,0.0500287763860539,463,FALSE
Pv2.1_08_62934661_C/A,Chr08,62934661,0.050006325821931,464,FALSE
Pv2.1_09_36563827_T/C,Chr09,36563827,0.0499879605301805,465,FALSE
Pv2.1_08_62807916_C/T,Chr08,62807916,0.0499727533521246,466,FALSE
Pv2.1_07_34891946_T/C,Chr07,34891946,0.0499598581249146,467,FALSE
Pv2.1_09_37766292_TA/T,Chr09,37766292,0.049945532633052,468,FALSE
Pv2.1_03_45105069_C/T,Chr03,45105069,0.0499395245144414,469,FALSE
Pv2.1_09_14210312_G/A,Chr09,14210312,0.0499328315884844,470,FALSE
Pv2.1_08_7377249_C/T,Chr08,7377249,0.0499094947159904,471,FALSE
Pv2.1_11_3092830_G/A,Chr11,3092830,0.0498798558406941,472,FALSE
Pv2.1_09_37825193_T/C,Chr09,37825193,0.0498761134862118,473,FALSE
Pv2.1_08_62957026_T/C,Chr08,62957026,0.0498726376523155,474,FALSE
Pv2.1_03_32241300_G/A,Chr03,32241300,0.0498596340332882,475,FALSE
Pv2.1_08_59071242_A/C,Chr08,59071242,0.0498519045270283,476,FALSE
Pv2.1_10_8924958_G/A,Chr10,8924958,0.0498369371108391,477,FALSE
Pv2.1_11_50570012_T/G,Chr11,50570012,0.049787952324742,478,FALSE
Pv2.1_04_47502110_A/G,Chr04,47502110,0.0497807445221925,479,FALSE
Pv2.1_11_3661673_C/T,Chr11,3661673,0.0497486868390853,480,FALSE
Pv2.1_06_20381347_T/C,Chr06,20381347,0.0497370256693617,481,FALSE
Pv2.1_10_9190161_T/C,Chr10,9190161,0.0497272773044739,482,FALSE
Pv2.1_10_9190169_G/A,Chr10,9190169,0.0497272773044739,483,FALSE
Pv2.1_08_6676412_C/A,Chr08,6676412,0.0497116068669037,484,FALSE
Pv2.1_02_13946374_C/T,Chr02,13946374,0.0497076169578365,485,FALSE
Pv2.1_08_3231720_T/G,Chr08,3231720,0.0496949070754749,486,FALSE
Pv2.1_08_7261503_C/A,Chr08,7261503,0.0496862121980013,487,FALSE
Pv2.1_08_59752547_A/C,Chr08,59752547,0.0496644452936321,488,FALSE
Pv2.1_02_35815664_G/A,Chr02,35815664,0.0496446752172988,489,FALSE
Pv2.1_08_19367690_T/C,Chr08,19367690,0.0496268037608472,490,FALSE
Pv2.1_04_45482223_C/T,Chr04,45482223,0.0496126957072689,491,FALSE
Pv2.1_04_45482233_C/G,Chr04,45482233,0.0496126957072689,492,FALSE
Pv2.1_11_3066809_G/T,Chr11,3066809,0.0496061704316615,493,FALSE
Pv2.1_08_63036279_G/A,Chr08,63036279,0.0496055796288424,494,FALSE
Pv2.1_08_360792_G/A,Chr08,360792,0.0495682397032904,495,FALSE
Pv2.1_08_9426817_A/T,Chr08,9426817,0.0495378890205926,496,FALSE
Pv2.1_05_39317004_A/T,Chr05,39317004,0.0495201295347276,497,FALSE
Pv2.1_01_2486783_T/A,Chr01,2486783,0.0494807303068772,498,FALSE
Pv2.1_07_9950848_C/T,Chr07,9950848,0.0494705859861631,499,FALSE
Pv2.1_01_13173239_C/T,Chr01,13173239,0.0494586912148853,500,FALSE
Pv2.1_08_6405163_T/C,Chr08,6405163,0.0494447029673122,501,FALSE
Pv2.1_08_60562798_C/T,Chr08,60562798,0.0494348071406026,502,FALSE
Pv2.1_08_1458581_C/CT,Chr08,1458581,0.0493956666076367,503,FALSE
Pv2.1_09_37760859_G/C,Chr09,37760859,0.0493818198103395,504,FALSE
Pv2.1_07_9149573_T/A,Chr07,9149573,0.0493585332330455,505,FALSE
Pv2.1_08_6368295_T/C,Chr08,6368295,0.0493500708936332,506,FALSE
Pv2.1_08_6368297_G/A,Chr08,6368297,0.0493500708936332,507,FALSE
Pv2.1_03_45753078_C/T,Chr03,45753078,0.0493429112271206,508,FALSE
Pv2.1_01_12468542_C/T,Chr01,12468542,0.0493387828619079,509,FALSE
Pv2.1_08_61390994_T/G,Chr08,61390994,0.0493364966105059,510,FALSE
Pv2.1_11_3778674_G/C,Chr11,3778674,0.0493362060399023,511,FALSE
Pv2.1_11_3778687_T/G,Chr11,3778687,0.0493362060399023,512,FALSE
Pv2.1_05_38950586_T/C,Chr05,38950586,0.049334578456611,513,FALSE
Pv2.1_08_1003478_T/C,Chr08,1003478,0.0493234351664897,514,FALSE
Pv2.1_04_12695530_A/C,Chr04,12695530,0.0492792997495277,515,FALSE
Pv2.1_11_1163864_A/G,Chr11,1163864,0.0492506944945848,516,FALSE
Pv2.1_09_36808185_A/T,Chr09,36808185,0.0492034470991434,517,FALSE
Pv2.1_08_62934678_A/C,Chr08,62934678,0.0491809207159339,518,FALSE
Pv2.1_09_38119332_A/C,Chr09,38119332,0.0491599864611159,519,FALSE
Pv2.1_06_28898246_G/A,Chr06,28898246,0.0491525508928326,520,FALSE
Pv2.1_04_8324966_A/T,Chr04,8324966,0.0491440259695239,521,FALSE
Pv2.1_08_58732072_C/G,Chr08,58732072,0.0491357455128503,522,FALSE
Pv2.1_09_37495909_A/G,Chr09,37495909,0.0491310345037261,523,FALSE
Pv2.1_09_38194772_T/C,Chr09,38194772,0.0491255028365982,524,FALSE
Pv2.1_05_39164041_A/T,Chr05,39164041,0.0491098207532783,525,FALSE
Pv2.1_07_38135445_C/A,Chr07,38135445,0.0490860855271835,526,FALSE
Pv2.1_08_53392569_C/CT,Chr08,53392569,0.0490800113638223,527,FALSE
Pv2.1_09_38095044_A/G,Chr09,38095044,0.0490651361005234,528,FALSE
Pv2.1_04_44784965_T/C,Chr04,44784965,0.0490514479929738,529,FALSE
Pv2.1_04_44784976_G/A,Chr04,44784976,0.0490514479929738,530,FALSE
Pv2.1_06_18934602_A/G,Chr06,18934602,0.0490490831356936,531,FALSE
Pv2.1_08_62749995_G/A,Chr08,62749995,0.0490365577376766,532,FALSE
Pv2.1_09_37626728_G/C,Chr09,37626728,0.0490257178564302,533,FALSE
Pv2.1_03_45934831_G/A,Chr03,45934831,0.0490025659106719,534,FALSE
Pv2.1_03_40775039_C/T,Chr03,40775039,0.0489973055384319,535,FALSE
Pv2.1_11_51893757_T/C,Chr11,51893757,0.0489806410362901,536,FALSE
Pv2.1_08_61896126_T/C,Chr08,61896126,0.0489732106268934,537,FALSE
Pv2.1_08_61825332_A/G,Chr08,61825332,0.0489579894646788,538,FALSE
Pv2.1_08_61825339_C/G,Chr08,61825339,0.0489579894646788,539,FALSE
Pv2.1_04_4560433_G/A,Chr04,4560433,0.0489573736906706,540,FALSE
Pv2.1_10_9192007_G/A,Chr10,9192007,0.0489416177285778,541,FALSE
Pv2.1_08_58711652_C/A,Chr08,58711652,0.0489358728321232,542,FALSE
Pv2.1_05_38947228_A/G,Chr05,38947228,0.0489342030709192,543,FALSE
Pv2.1_11_3963874_G/T,Chr11,3963874,0.0489171003952986,544,FALSE
Pv2.1_07_8715180_A/C,Chr07,8715180,0.048914711727241,545,FALSE
Pv2.1_09_13689155_G/A,Chr09,13689155,0.0488399495749263,546,FALSE
Pv2.1_10_6210614_C/T,Chr10,6210614,0.0488295080793337,547,FALSE
Pv2.1_05_38974385_T/C,Chr05,38974385,0.0488167562097241,548,FALSE
Pv2.1_05_38993498_T/A,Chr05,38993498,0.0487526985216142,549,FALSE
Pv2.1_03_39633196_T/C,Chr03,39633196,0.0487395907471271,550,FALSE
Pv2.1_07_6772625_T/C,Chr07,6772625,0.0487281573642111,551,FALSE
Pv2.1_08_9700299_T/C,Chr08,9700299,0.0487086492275348,552,FALSE
Pv2.1_03_48728987_T/C,Chr03,48728987,0.0487016626707266,553,FALSE
Pv2.1_08_8455694_G/T,Chr08,8455694,0.0486910275796406,554,FALSE
Pv2.1_06_24026897_G/C,Chr06,24026897,0.0486696748859634,555,FALSE
Pv2.1_11_1193265_A/T,Chr11,1193265,0.0486579103437022,556,FALSE
Pv2.1_04_45206100_A/T,Chr04,45206100,0.0486550765494718,557,FALSE
Pv2.1_08_55851685_T/A,Chr08,55851685,0.0486523829952983,558,FALSE
Pv2.1_09_38109264_T/A,Chr09,38109264,0.0486057096932839,559,FALSE
Pv2.1_09_36874733_A/G,Chr09,36874733,0.0485465235560625,560,FALSE
Pv2.1_09_35929649_T/C,Chr09,35929649,0.048539247416854,561,FALSE
Pv2.1_05_1289840_T/C,Chr05,1289840,0.0485369249735741,562,FALSE
Pv2.1_11_3778716_T/A,Chr11,3778716,0.0485291091804943,563,FALSE
Pv2.1_08_53362243_T/C,Chr08,53362243,0.048521838171621,564,FALSE
Pv2.1_02_27669970_G/A,Chr02,27669970,0.0485072313512811,565,FALSE
Pv2.1_08_7460595_C/T,Chr08,7460595,0.0484791464968066,566,FALSE
Pv2.1_10_5915432_T/G,Chr10,5915432,0.0484770647399397,567,FALSE
Pv2.1_07_5523308_C/T,Chr07,5523308,0.0484561803853114,568,FALSE
Pv2.1_07_5523311_A/C,Chr07,5523311,0.0484561803853114,569,FALSE
Pv2.1_08_7893611_T/A,Chr08,7893611,0.0484470818263296,570,FALSE
Pv2.1_06_19994933_G/A,Chr06,19994933,0.0484460302965606,571,FALSE
Pv2.1_09_36784662_G/A,Chr09,36784662,0.0484209380401173,572,FALSE
Pv2.1_11_1072822_T/C,Chr11,1072822,0.048419261573283,573,FALSE
Pv2.1_06_25366345_G/T,Chr06,25366345,0.0484105268336137,574,FALSE
Pv2.1_02_27564130_T/C,Chr02,27564130,0.0484070579700959,575,FALSE
Pv2.1_09_37230503_A/G,Chr09,37230503,0.0483955355895769,576,FALSE
Pv2.1_09_37230504_A/G,Chr09,37230504,0.0483955355895769,577,FALSE
Pv2.1_09_37230516_C/T,Chr09,37230516,0.0483955355895769,578,FALSE
Pv2.1_08_62139186_A/G,Chr08,62139186,0.048381470242985,579,FALSE
Pv2.1_03_45937818_C/T,Chr03,45937818,0.0483802880490343,580,FALSE
Pv2.1_09_37828746_C/G,Chr09,37828746,0.0483751458406836,581,FALSE
Pv2.1_02_28037789_A/G,Chr02,28037789,0.0483741613771538,582,FALSE
Pv2.1_10_10088742_A/G,Chr10,10088742,0.0483685744650706,583,FALSE
Pv2.1_07_36646485_A/G,Chr07,36646485,0.0483541688942468,584,FALSE
Pv2.1_08_49713376_C/T,Chr08,49713376,0.0483536385562231,585,FALSE
Pv2.1_03_47350937_A/G,Chr03,47350937,0.0483513685874333,586,FALSE
Pv2.1_02_28037823_T/A,Chr02,28037823,0.048350394079768,587,FALSE
Pv2.1_08_62872715_C/T,Chr08,62872715,0.0483492495595961,588,FALSE
Pv2.1_08_6960113_A/T,Chr08,6960113,0.0483299359135772,589,FALSE
Pv2.1_02_27740229_T/A,Chr02,27740229,0.0483273136497164,590,FALSE
Pv2.1_03_2001942_C/T,Chr03,2001942,0.0483222164111483,591,FALSE
Pv2.1_03_33349789_A/T,Chr03,33349789,0.0483189844421479,592,FALSE
Pv2.1_08_11683388_C/A,Chr08,11683388,0.0482791427117375,593,FALSE
Pv2.1_08_7163478_C/CA,Chr08,7163478,0.0482668593523137,594,FALSE
Pv2.1_09_35743339_G/A,Chr09,35743339,0.0482578948201939,595,FALSE
Pv2.1_02_27564147_C/G,Chr02,27564147,0.0482494161372498,596,FALSE
Pv2.1_06_25366327_A/G,Chr06,25366327,0.0482473237639143,597,FALSE
Pv2.1_01_6401137_T/C,Chr01,6401137,0.0482402367702082,598,FALSE
Pv2.1_09_38211094_A/T,Chr09,38211094,0.0482329177829008,599,FALSE
Pv2.1_09_38133859_G/C,Chr09,38133859,0.0482187239153458,600,FALSE
Pv2.1_08_61885694_C/A,Chr08,61885694,0.048217985915803,601,FALSE
Pv2.1_04_12122976_A/G,Chr04,12122976,0.0482042009438826,602,FALSE
Pv2.1_04_2304449_C/A,Chr04,2304449,0.048201548195157,603,FALSE
Pv2.1_08_1003629_A/C,Chr08,1003629,0.0482009109840158,604,FALSE
Pv2.1_09_37828782_T/G,Chr09,37828782,0.0481979025785382,605,FALSE
Pv2.1_11_3733694_C/T,Chr11,3733694,0.048186478298673,606,FALSE
Pv2.1_03_40775067_T/C,Chr03,40775067,0.0481648068360334,607,FALSE
Pv2.1_08_9714470_C/A,Chr08,9714470,0.0481429222861056,608,FALSE
Pv2.1_03_37134144_A/TG,Chr03,37134144,0.0481140778524503,609,FALSE
Pv2.1_01_17718463_G/T,Chr01,17718463,0.0480808496242426,610,FALSE
Pv2.1_03_32711245_G/T,Chr03,32711245,0.0480804620699873,611,FALSE
Pv2.1_05_739718_A/C,Chr05,739718,0.0480352266827162,612,FALSE
Pv2.1_07_30155692_G/A,Chr07,30155692,0.0480339310674078,613,FALSE
Pv2.1_04_7718367_C/T,Chr04,7718367,0.0480267181545346,614,FALSE
Pv2.1_08_58435713_T/A,Chr08,58435713,0.0480004703016652,615,FALSE
Pv2.1_02_27981406_A/G,Chr02,27981406,0.0479671886021631,616,FALSE
Pv2.1_02_27981406_A/T,Chr02,27981406,0.0479671886021631,617,FALSE
Pv2.1_09_37770599_A/G,Chr09,37770599,0.0479496538780166,618,FALSE
Pv2.1_09_37770610_T/C,Chr09,37770610,0.0479496538780166,619,FALSE
Pv2.1_08_17501913_GC/G,Chr08,17501913,0.0479375965760878,620,FALSE
Pv2.1_04_46268549_C/A,Chr04,46268549,0.0479240297299937,621,FALSE
Pv2.1_09_37495917_C/G,Chr09,37495917,0.0479071071002912,622,FALSE
Pv2.1_08_58743417_T/G,Chr08,58743417,0.0479037528604578,623,FALSE
Pv2.1_07_5442890_C/A,Chr07,5442890,0.0478906454296109,624,FALSE
Pv2.1_07_5442926_A/G,Chr07,5442926,0.0478906454296109,625,FALSE
Pv2.1_08_7787606_A/T,Chr08,7787606,0.0478830478882966,626,FALSE
Pv2.1_10_5855988_A/G,Chr10,5855988,0.0478731183425971,627,FALSE
Pv2.1_08_58972991_T/C,Chr08,58972991,0.0478247010969151,628,FALSE
Pv2.1_07_6922504_G/A,Chr07,6922504,0.0478241456127959,629,FALSE
Pv2.1_09_38053684_C/T,Chr09,38053684,0.0478131071544272,630,FALSE
Pv2.1_07_34462578_A/G,Chr07,34462578,0.0477957554093811,631,FALSE
Pv2.1_08_53260879_A/T,Chr08,53260879,0.0477650754560477,632,FALSE
Pv2.1_08_62308094_T/C,Chr08,62308094,0.0477596864040479,633,FALSE
Pv2.1_08_60239990_G/A,Chr08,60239990,0.0477578333707158,634,FALSE
Pv2.1_08_511601_G/A,Chr08,511601,0.0477557240696527,635,FALSE
Pv2.1_11_47185970_C/T,Chr11,47185970,0.0477494167196482,636,FALSE
Pv2.1_08_58711392_T/C,Chr08,58711392,0.0477431304507578,637,FALSE
Pv2.1_11_46592927_C/A,Chr11,46592927,0.0477176112362332,638,FALSE
Pv2.1_08_53685436_C/T,Chr08,53685436,0.047713180371697,639,FALSE
Pv2.1_09_38120994_C/G,Chr09,38120994,0.0477092009464393,640,FALSE
Pv2.1_08_62295205_A/C,Chr08,62295205,0.0476910889083682,641,FALSE
Pv2.1_04_10801742_G/A,Chr04,10801742,0.047680140950003,642,FALSE
Pv2.1_02_12455171_C/A,Chr02,12455171,0.0476525367651055,643,FALSE
Pv2.1_08_62139973_G/A,Chr08,62139973,0.0476501856583229,644,FALSE
Pv2.1_08_9633815_T/C,Chr08,9633815,0.0476496413646697,645,FALSE
Pv2.1_08_59202634_G/A,Chr08,59202634,0.0476468877460898,646,FALSE
Pv2.1_08_9096251_G/T,Chr08,9096251,0.0476409557118651,647,FALSE
Pv2.1_03_48574883_T/C,Chr03,48574883,0.047608931871272,648,FALSE
Pv2.1_02_30842556_G/A,Chr02,30842556,0.0475971011708509,649,FALSE
Pv2.1_09_36881697_A/T,Chr09,36881697,0.0475903557784805,650,FALSE
Pv2.1_08_61663103_C/T,Chr08,61663103,0.0475830504782042,651,FALSE
Pv2.1_01_10013171_G/T,Chr01,10013171,0.0475469470959569,652,FALSE
Pv2.1_09_36935704_G/T,Chr09,36935704,0.0475350184166765,653,FALSE
Pv2.1_08_61885695_T/A,Chr08,61885695,0.0475158183852877,654,FALSE
Pv2.1_07_35085558_C/T,Chr07,35085558,0.0475120023768345,655,FALSE
Pv2.1_07_34891937_A/G,Chr07,34891937,0.0475060820483635,656,FALSE
Pv2.1_09_37808809_GT/G,Chr09,37808809,0.0475053527511293,657,FALSE
Pv2.1_01_6429882_T/C,Chr01,6429882,0.0474728475635509,658,FALSE
Pv2.1_01_6429905_C/T,Chr01,6429905,0.0474728475635509,659,FALSE
Pv2.1_08_62882606_T/A,Chr08,62882606,0.0474702784460903,660,FALSE
Pv2.1_08_62327843_G/A,Chr08,62327843,0.0474588916527301,661,FALSE
Pv2.1_11_2256462_G/T,Chr11,2256462,0.0474468346059789,662,FALSE
Pv2.1_07_36641226_T/C,Chr07,36641226,0.047442551960923,663,FALSE
Pv2.1_02_31253130_C/T,Chr02,31253130,0.0474425162994718,664,FALSE
Pv2.1_08_62838643_A/G,Chr08,62838643,0.0474333629779755,665,FALSE
Pv2.1_08_16175959_T/A,Chr08,16175959,0.0474207822741568,666,FALSE
Pv2.1_06_15779074_T/G,Chr06,15779074,0.0473984007679351,667,FALSE
Pv2.1_02_29708772_A/G,Chr02,29708772,0.0473946609479712,668,FALSE
Pv2.1_08_61664116_G/A,Chr08,61664116,0.0473539745137721,669,FALSE
Pv2.1_04_2279256_A/G,Chr04,2279256,0.0473514613038883,670,FALSE
Pv2.1_08_61891712_T/G,Chr08,61891712,0.0473461072850774,671,FALSE
Pv2.1_01_5385838_T/A,Chr01,5385838,0.0473344285753221,672,FALSE
Pv2.1_03_37404759_C/T,Chr03,37404759,0.0473232365706768,673,FALSE
Pv2.1_08_9426804_T/C,Chr08,9426804,0.0473195126553447,674,FALSE
Pv2.1_06_28946869_T/A,Chr06,28946869,0.0473016953702148,675,FALSE
Pv2.1_06_25845979_C/T,Chr06,25845979,0.047281449911821,676,FALSE
Pv2.1_07_6804142_CT/C,Chr07,6804142,0.0472756631380866,677,FALSE
Pv2.1_08_58599828_A/G,Chr08,58599828,0.0472701572509409,678,FALSE
Pv2.1_03_50443519_G/GTA,Chr03,50443519,0.047258586521318,679,FALSE
Pv2.1_08_61885667_T/C,Chr08,61885667,0.0472450926005927,680,FALSE
Pv2.1_08_62139776_G/A,Chr08,62139776,0.0472435928894259,681,FALSE
Pv2.1_08_58973024_A/G,Chr08,58973024,0.0472299807599148,682,FALSE
Pv2.1_08_58973042_C/A,Chr08,58973042,0.0472299807599144,683,FALSE
Pv2.1_09_36843819_T/TC,Chr09,36843819,0.0472296729322066,684,FALSE
Pv2.1_09_36808191_A/G,Chr09,36808191,0.0472094007940038,685,FALSE
Pv2.1_08_11728290_G/A,Chr08,11728290,0.047202496504803,686,FALSE
Pv2.1_06_25366360_A/T,Chr06,25366360,0.0471863810029216,687,FALSE
Pv2.1_08_62791258_C/T,Chr08,62791258,0.0471771350071397,688,FALSE
Pv2.1_04_45451439_G/A,Chr04,45451439,0.0471759024229481,689,FALSE
Pv2.1_10_6210596_C/T,Chr10,6210596,0.0471692749406696,690,FALSE
Pv2.1_03_49696719_C/A,Chr03,49696719,0.0471666261199606,691,FALSE
Pv2.1_08_62276163_T/C,Chr08,62276163,0.0471288690992213,692,FALSE
Pv2.1_06_19584566_C/A,Chr06,19584566,0.047126036020682,693,FALSE
Pv2.1_08_4867370_G/T,Chr08,4867370,0.0471086255091624,694,FALSE
Pv2.1_08_52214429_C/G,Chr08,52214429,0.0470944106510967,695,FALSE
Pv2.1_07_34891930_C/CAG,Chr07,34891930,0.0470933690947373,696,FALSE
Pv2.1_08_17212648_C/T,Chr08,17212648,0.0470853897216674,697,FALSE
Pv2.1_08_44587750_T/A,Chr08,44587750,0.0470618076607439,698,FALSE
Pv2.1_09_35929658_C/T,Chr09,35929658,0.0470524744545431,699,FALSE
Pv2.1_08_7784623_G/C,Chr08,7784623,0.0470468576164627,700,FALSE
Pv2.1_05_38782919_G/A,Chr05,38782919,0.0470467844486269,701,FALSE
Pv2.1_08_61642462_A/G,Chr08,61642462,0.0470336256432358,702,FALSE
Pv2.1_05_39161200_C/T,Chr05,39161200,0.0470293429994713,703,FALSE
Pv2.1_08_6249398_G/A,Chr08,6249398,0.047027657145116,704,FALSE
Pv2.1_05_38782885_A/G,Chr05,38782885,0.0470228614165409,705,FALSE
Pv2.1_05_38782886_G/C,Chr05,38782886,0.0470228614165409,706,FALSE
Pv2.1_09_38046064_C/T,Chr09,38046064,0.0470106226453031,707,FALSE
Pv2.1_04_11044436_C/T,Chr04,11044436,0.0470094458439783,708,FALSE
Pv2.1_08_9390776_A/T,Chr08,9390776,0.0470077051045252,709,FALSE
Pv2.1_08_9707214_T/A,Chr08,9707214,0.0470019696537669,710,FALSE
Pv2.1_05_40628769_A/G,Chr05,40628769,0.0469986884423372,711,FALSE
Pv2.1_11_3732794_C/T,Chr11,3732794,0.0469900016829441,712,FALSE
Pv2.1_08_59869310_C/A,Chr08,59869310,0.0469688419360241,713,FALSE
Pv2.1_02_28089312_C/T,Chr02,28089312,0.0469611735346867,714,FALSE
Pv2.1_08_61896163_G/A,Chr08,61896163,0.0469350616192816,715,FALSE
Pv2.1_08_63019050_T/C,Chr08,63019050,0.046934989651843,716,FALSE
Pv2.1_09_37473748_A/T,Chr09,37473748,0.046926834654077,717,FALSE
Pv2.1_01_5932870_G/T,Chr01,5932870,0.0469061690595281,718,FALSE
Pv2.1_01_32705283_C/T,Chr01,32705283,0.0469035872106969,719,FALSE
Pv2.1_04_8044054_G/A,Chr04,8044054,0.046882061605606,720,FALSE
Pv2.1_04_45482225_A/T,Chr04,45482225,0.0468807499552555,721,FALSE
Pv2.1_08_53638194_A/C,Chr08,53638194,0.0468387950576958,722,FALSE
Pv2.1_03_42007118_G/A,Chr03,42007118,0.0468338837663604,723,FALSE
Pv2.1_09_38053892_CA/C,Chr09,38053892,0.046830517958965,724,FALSE
Pv2.1_08_44044821_G/A,Chr08,44044821,0.0468265646061852,725,FALSE
Pv2.1_04_4560988_C/G,Chr04,4560988,0.0468105614701972,726,FALSE
Pv2.1_06_20400902_A/G,Chr06,20400902,0.0467311042872471,727,FALSE
Pv2.1_06_20400903_A/G,Chr06,20400903,0.0467311042872471,728,FALSE
Pv2.1_02_26909822_A/G,Chr02,26909822,0.046708076886552,729,FALSE
Pv2.1_10_6330136_C/A,Chr10,6330136,0.0467062410149737,730,FALSE
Pv2.1_08_53255664_A/C,Chr08,53255664,0.0466977126648356,731,FALSE
Pv2.1_04_4560928_G/A,Chr04,4560928,0.0466971939902496,732,FALSE
Pv2.1_08_3231274_A/G,Chr08,3231274,0.046680492048679,733,FALSE
Pv2.1_07_7517811_A/G,Chr07,7517811,0.0466640380919192,734,FALSE
Pv2.1_08_19533742_C/T,Chr08,19533742,0.0466543541786426,735,FALSE
Pv2.1_03_77577_A/G,Chr03,77577,0.0466264346488865,736,FALSE
Pv2.1_08_13405063_G/GAAA,Chr08,13405063,0.0466149598786791,737,FALSE
Pv2.1_08_60583881_C/T,Chr08,60583881,0.0466013469428557,738,FALSE
Pv2.1_02_23288558_T/A,Chr02,23288558,0.0465803543007501,739,FALSE
Pv2.1_09_38140157_C/G,Chr09,38140157,0.0465698085841142,740,FALSE
Pv2.1_08_59973157_T/TG,Chr08,59973157,0.0465576817174456,741,FALSE
Pv2.1_07_7432491_A/G,Chr07,7432491,0.0465505434435189,742,FALSE
Pv2.1_05_40601373_G/A,Chr05,40601373,0.0465492005716945,743,FALSE
Pv2.1_04_8787434_A/T,Chr04,8787434,0.0465454572320274,744,FALSE
Pv2.1_08_61869595_G/T,Chr08,61869595,0.0465403920587386,745,FALSE
Pv2.1_08_61869596_T/G,Chr08,61869596,0.0465403920587386,746,FALSE
Pv2.1_07_10883794_T/C,Chr07,10883794,0.0465317425012044,747,FALSE
Pv2.1_09_1453320_G/A,Chr09,1453320,0.0465191137672498,748,FALSE
Pv2.1_08_61658073_G/C,Chr08,61658073,0.0464883787953827,749,FALSE
Pv2.1_09_36808188_G/A,Chr09,36808188,0.046478565080851,750,FALSE
Pv2.1_01_1963027_C/T,Chr01,1963027,0.0464766314369127,751,FALSE
Pv2.1_11_51042013_T/C,Chr11,51042013,0.0464764359837324,752,FALSE
Pv2.1_08_23507785_C/T,Chr08,23507785,0.0464648534918255,753,FALSE
Pv2.1_01_4623526_C/T,Chr01,4623526,0.0464580306628548,754,FALSE
Pv2.1_07_32137981_C/T,Chr07,32137981,0.0464564547300719,755,FALSE
Pv2.1_01_37812049_A/AT,Chr01,37812049,0.0464397697292314,756,FALSE
Pv2.1_09_37770584_C/A,Chr09,37770584,0.0464334237566288,757,FALSE
Pv2.1_08_58172996_T/A,Chr08,58172996,0.0464271354987362,758,FALSE
Pv2.1_05_36684178_G/A,Chr05,36684178,0.0464260404709824,759,FALSE
Pv2.1_08_59752403_A/C,Chr08,59752403,0.0464166832816635,760,FALSE
Pv2.1_08_60390753_C/T,Chr08,60390753,0.0464007761011565,761,FALSE
Pv2.1_06_19974659_T/C,Chr06,19974659,0.0463913037142794,762,FALSE
Pv2.1_08_61818126_A/C,Chr08,61818126,0.046382844491732,763,FALSE
Pv2.1_02_35804150_T/G,Chr02,35804150,0.0463716309817408,764,FALSE
Pv2.1_08_62146588_T/A,Chr08,62146588,0.0463615934371782,765,FALSE
Pv2.1_07_5598893_T/G,Chr07,5598893,0.0463607132355199,766,FALSE
Pv2.1_04_1672568_G/T,Chr04,1672568,0.0463455549000171,767,FALSE
Pv2.1_02_35804123_GATAA/G,Chr02,35804123,0.046340749732436,768,FALSE
Pv2.1_08_58384036_G/T,Chr08,58384036,0.046336406590219,769,FALSE
Pv2.1_04_7281637_C/T,Chr04,7281637,0.0463363701098825,770,FALSE
Pv2.1_08_58992336_G/A,Chr08,58992336,0.0463103358819752,771,FALSE
Pv2.1_03_48742397_G/A,Chr03,48742397,0.0462992415076018,772,FALSE
Pv2.1_08_62372092_A/G,Chr08,62372092,0.0462886932047435,773,FALSE
Pv2.1_04_1564510_C/T,Chr04,1564510,0.0462789493428693,774,FALSE
Pv2.1_07_410092_T/C,Chr07,410092,0.0462670858842893,775,FALSE
Pv2.1_09_37473736_A/G,Chr09,37473736,0.0462585523478243,776,FALSE
Pv2.1_07_30421036_A/AT,Chr07,30421036,0.0462528292284681,777,FALSE
Pv2.1_03_49131358_C/G,Chr03,49131358,0.0462516542735747,778,FALSE
Pv2.1_04_41777672_T/G,Chr04,41777672,0.0462404488733683,779,FALSE
Pv2.1_11_1285893_A/T,Chr11,1285893,0.0462377153017419,780,FALSE
Pv2.1_11_1285930_C/G,Chr11,1285930,0.0462377153017419,781,FALSE
Pv2.1_08_62969281_G/T,Chr08,62969281,0.0462363479187098,782,FALSE
Pv2.1_08_62782470_T/C,Chr08,62782470,0.0462291633854401,783,FALSE
Pv2.1_08_59115644_A/C,Chr08,59115644,0.0462259756798926,784,FALSE
Pv2.1_11_1381967_T/C,Chr11,1381967,0.0461933195004707,785,FALSE
Pv2.1_09_38191214_C/G,Chr09,38191214,0.0461886925230908,786,FALSE
Pv2.1_11_3951074_A/C,Chr11,3951074,0.0461850875544845,787,FALSE
Pv2.1_08_59203266_T/A,Chr08,59203266,0.0461782405259914,788,FALSE
Pv2.1_08_62824154_C/T,Chr08,62824154,0.0461780537207712,789,FALSE
Pv2.1_08_9056637_C/G,Chr08,9056637,0.0461763671766118,790,FALSE
Pv2.1_08_61467883_G/C,Chr08,61467883,0.0461763489544502,791,FALSE
Pv2.1_07_36799536_A/T,Chr07,36799536,0.0461755447702976,792,FALSE
Pv2.1_09_36847578_T/C,Chr09,36847578,0.0461693719637482,793,FALSE
Pv2.1_08_53638209_T/C,Chr08,53638209,0.0461460483901344,794,FALSE
Pv2.1_08_53638218_G/A,Chr08,53638218,0.0461460483901344,795,FALSE
Pv2.1_08_62869022_C/T,Chr08,62869022,0.0461360527205503,796,FALSE
Pv2.1_08_62838604_G/A,Chr08,62838604,0.0461270785374772,797,FALSE
Pv2.1_04_44659974_A/G,Chr04,44659974,0.0461141634957003,798,FALSE
Pv2.1_11_3094197_G/A,Chr11,3094197,0.0461121100706463,799,FALSE
Pv2.1_08_7844177_G/A,Chr08,7844177,0.0460740622687439,800,FALSE
Pv2.1_08_12658042_A/AC,Chr08,12658042,0.0460730284069735,801,FALSE
Pv2.1_08_58957905_C/T,Chr08,58957905,0.0460707721175444,802,FALSE
Pv2.1_05_739798_G/A,Chr05,739798,0.0460668395531325,803,FALSE
Pv2.1_02_13699755_G/A,Chr02,13699755,0.0460650562746308,804,FALSE
Pv2.1_08_6964849_G/T,Chr08,6964849,0.046063033207584,805,FALSE
Pv2.1_11_45615110_A/G,Chr11,45615110,0.0460533692322604,806,FALSE
Pv2.1_07_36688074_T/A,Chr07,36688074,0.0460340495576834,807,FALSE
Pv2.1_08_62863981_G/A,Chr08,62863981,0.0460316902623172,808,FALSE
Pv2.1_06_20443240_A/G,Chr06,20443240,0.0460251310979172,809,FALSE
Pv2.1_08_8182262_A/T,Chr08,8182262,0.0460186159160911,810,FALSE
Pv2.1_04_45501669_ATG/A,Chr04,45501669,0.0460129219273542,811,FALSE
Pv2.1_08_63007113_G/T,Chr08,63007113,0.0460061922195609,812,FALSE
Pv2.1_08_59637928_G/A,Chr08,59637928,0.0459962910960559,813,FALSE
Pv2.1_03_48880137_C/T,Chr03,48880137,0.0459847492683823,814,FALSE
Pv2.1_08_7729784_T/A,Chr08,7729784,0.045984120089039,815,FALSE
Pv2.1_02_41208986_C/T,Chr02,41208986,0.0459820462302689,816,FALSE
Pv2.1_06_24073046_C/G,Chr06,24073046,0.0459478305545171,817,FALSE
Pv2.1_08_61825300_G/T,Chr08,61825300,0.0459411551328453,818,FALSE
Pv2.1_09_35617189_C/T,Chr09,35617189,0.0459381523112872,819,FALSE
Pv2.1_02_12633756_G/A,Chr02,12633756,0.0459354048234366,820,FALSE
Pv2.1_10_1411206_A/T,Chr10,1411206,0.0459034016727999,821,FALSE
Pv2.1_01_3494385_A/T,Chr01,3494385,0.0459029293054827,822,FALSE
Pv2.1_08_17399898_T/G,Chr08,17399898,0.0458930513950437,823,FALSE
Pv2.1_11_3661727_T/G,Chr11,3661727,0.0458691046671356,824,FALSE
Pv2.1_08_7765381_T/C,Chr08,7765381,0.0458689625359492,825,FALSE
Pv2.1_08_7688839_G/T,Chr08,7688839,0.0458380671378715,826,FALSE
Pv2.1_08_62863921_G/A,Chr08,62863921,0.0458319435861134,827,FALSE
Pv2.1_08_16245951_AC/A,Chr08,16245951,0.0458314627475365,828,FALSE
Pv2.1_09_37257817_A/G,Chr09,37257817,0.0458303349984028,829,FALSE
Pv2.1_08_48959732_A/T,Chr08,48959732,0.0458256992688879,830,FALSE
Pv2.1_05_38934784_C/A,Chr05,38934784,0.045805101058531,831,FALSE
Pv2.1_08_59031134_A/C,Chr08,59031134,0.0457960174358805,832,FALSE
Pv2.1_08_62821222_T/A,Chr08,62821222,0.0457939414414641,833,FALSE
Pv2.1_08_62821228_T/C,Chr08,62821228,0.0457939414414641,834,FALSE
Pv2.1_08_61663019_A/G,Chr08,61663019,0.0457917834732062,835,FALSE
Pv2.1_08_3706460_C/T,Chr08,3706460,0.045784484271985,836,FALSE
Pv2.1_08_58795702_A/C,Chr08,58795702,0.0457769181148122,837,FALSE
Pv2.1_08_12046226_G/A,Chr08,12046226,0.0457676026002725,838,FALSE
Pv2.1_07_6784504_T/C,Chr07,6784504,0.0457613671734478,839,FALSE
Pv2.1_08_7291164_A/C,Chr08,7291164,0.0457518666660648,840,FALSE
Pv2.1_04_41777236_T/C,Chr04,41777236,0.0457486193996761,841,FALSE
Pv2.1_09_36881696_C/T,Chr09,36881696,0.0457472991884571,842,FALSE
Pv2.1_08_6676391_C/T,Chr08,6676391,0.0457332267458814,843,FALSE
Pv2.1_08_60472001_T/A,Chr08,60472001,0.0457258938108867,844,FALSE
Pv2.1_06_20400947_T/A,Chr06,20400947,0.0457110350313741,845,FALSE
Pv2.1_06_20400959_T/A,Chr06,20400959,0.0457110350313741,846,FALSE
Pv2.1_08_47833774_A/T,Chr08,47833774,0.0456983969310487,847,FALSE
Pv2.1_08_176678_CT/C,Chr08,176678,0.0456911104050088,848,FALSE
Pv2.1_02_12698357_G/A,Chr02,12698357,0.0456738202272753,849,FALSE
Pv2.1_03_41799896_C/A,Chr03,41799896,0.0456726412217861,850,FALSE
Pv2.1_09_37800088_T/C,Chr09,37800088,0.045671150680195,851,FALSE
Pv2.1_11_403580_T/C,Chr11,403580,0.0456690683788512,852,FALSE
Pv2.1_04_7160485_G/C,Chr04,7160485,0.045665052030917,853,FALSE
Pv2.1_05_739663_C/G,Chr05,739663,0.0456644733525948,854,FALSE
Pv2.1_07_34174352_T/A,Chr07,34174352,0.045656643017332,855,FALSE
Pv2.1_08_53474378_T/G,Chr08,53474378,0.0456521401604655,856,FALSE
Pv2.1_08_58972945_G/T,Chr08,58972945,0.0456385482983817,857,FALSE
Pv2.1_07_5442407_T/G,Chr07,5442407,0.0456019149788589,858,FALSE
Pv2.1_09_36784726_A/G,Chr09,36784726,0.0455787237847614,859,FALSE
Pv2.1_03_49696941_T/A,Chr03,49696941,0.0455316578394176,860,FALSE
Pv2.1_11_3120300_A/T,Chr11,3120300,0.0455169479813757,861,FALSE
Pv2.1_08_58335135_C/T,Chr08,58335135,0.0455166004414322,862,FALSE
Pv2.1_08_58335179_G/A,Chr08,58335179,0.0455166004414318,863,FALSE
Pv2.1_08_12895464_C/T,Chr08,12895464,0.0455061439764837,864,FALSE
Pv2.1_06_28846674_T/C,Chr06,28846674,0.0455037662008011,865,FALSE
Pv2.1_02_48724549_C/T,Chr02,48724549,0.0455012200062694,866,FALSE
Pv2.1_08_6953224_C/G,Chr08,6953224,0.0454904042899917,867,FALSE
Pv2.1_08_53323068_A/G,Chr08,53323068,0.0454903372381743,868,FALSE
Pv2.1_08_45528175_T/C,Chr08,45528175,0.0454655146511591,869,FALSE
Pv2.1_10_5821180_A/C,Chr10,5821180,0.0454640312556163,870,FALSE
Pv2.1_11_2859330_T/C,Chr11,2859330,0.0454637381375869,871,FALSE
Pv2.1_08_9857455_G/A,Chr08,9857455,0.0454578155725098,872,FALSE
Pv2.1_01_6391009_T/G,Chr01,6391009,0.0454544640725363,873,FALSE
Pv2.1_01_6391051_T/A,Chr01,6391051,0.0454544640725363,874,FALSE
Pv2.1_01_6391061_T/C,Chr01,6391061,0.0454544640725363,875,FALSE
Pv2.1_10_1724920_A/T,Chr10,1724920,0.0454537637654684,876,FALSE
Pv2.1_08_53390753_G/A,Chr08,53390753,0.0454536968811889,877,FALSE
Pv2.1_03_30451417_G/A,Chr03,30451417,0.0454527588007254,878,FALSE
Pv2.1_08_62939608_A/T,Chr08,62939608,0.0454376593546972,879,FALSE
Pv2.1_08_27345378_G/T,Chr08,27345378,0.04543671204455,880,FALSE
Pv2.1_04_7272375_G/A,Chr04,7272375,0.045425769058149,881,FALSE
Pv2.1_04_7272406_A/T,Chr04,7272406,0.045425769058149,882,FALSE
Pv2.1_02_2473174_G/A,Chr02,2473174,0.0454178224962019,883,FALSE
Pv2.1_07_6748605_C/T,Chr07,6748605,0.0454035860257664,884,FALSE
Pv2.1_08_59683750_T/C,Chr08,59683750,0.0453914792128556,885,FALSE
Pv2.1_08_62191492_A/G,Chr08,62191492,0.0453700431539921,886,FALSE
Pv2.1_07_36688052_T/A,Chr07,36688052,0.0453562399072771,887,FALSE
Pv2.1_09_36619678_A/T,Chr09,36619678,0.0453362373845074,888,FALSE
Pv2.1_08_9409833_T/G,Chr08,9409833,0.0453331676822106,889,FALSE
Pv2.1_10_1453073_A/T,Chr10,1453073,0.0453303000475849,890,FALSE
Pv2.1_02_45179437_C/T,Chr02,45179437,0.0453231709137336,891,FALSE
Pv2.1_05_40628740_G/A,Chr05,40628740,0.0453180602058589,892,FALSE
Pv2.1_04_12122962_T/G,Chr04,12122962,0.0453140172919122,893,FALSE
Pv2.1_08_60360078_C/T,Chr08,60360078,0.0453103582516707,894,FALSE
Pv2.1_08_53326247_A/T,Chr08,53326247,0.0453101122517339,895,FALSE
Pv2.1_01_4818789_C/T,Chr01,4818789,0.0452963695780011,896,FALSE
Pv2.1_07_33507678_G/A,Chr07,33507678,0.0452898484604263,897,FALSE
Pv2.1_08_7027243_T/A,Chr08,7027243,0.0452874787166011,898,FALSE
Pv2.1_02_27944120_C/T,Chr02,27944120,0.045285484076365,899,FALSE
Pv2.1_08_7334018_A/T,Chr08,7334018,0.0452791704499087,900,FALSE
Pv2.1_09_37528232_C/CA,Chr09,37528232,0.0452666654198568,901,FALSE
Pv2.1_07_37050767_C/G,Chr07,37050767,0.0452602740315742,902,FALSE
Pv2.1_11_990255_G/T,Chr11,990255,0.045251692763534,903,FALSE
Pv2.1_09_36563607_A/G,Chr09,36563607,0.0452474078561287,904,FALSE
Pv2.1_08_62807517_C/G,Chr08,62807517,0.0452217506782935,905,FALSE
Pv2.1_08_31483394_C/G,Chr08,31483394,0.0452113130228051,906,FALSE
Pv2.1_08_59115611_T/C,Chr08,59115611,0.0452111932041555,907,FALSE
Pv2.1_08_58711398_A/G,Chr08,58711398,0.0452094018577181,908,FALSE
Pv2.1_01_5016417_A/T,Chr01,5016417,0.0452023252493503,909,FALSE
Pv2.1_09_36936346_C/A,Chr09,36936346,0.045200670054113,910,FALSE
Pv2.1_08_62838518_A/G,Chr08,62838518,0.045172085113161,911,FALSE
Pv2.1_08_61730207_A/T,Chr08,61730207,0.0451715299883011,912,FALSE
Pv2.1_08_62807663_C/T,Chr08,62807663,0.0451677645650164,913,FALSE
Pv2.1_02_47498499_G/C,Chr02,47498499,0.0451520696425112,914,FALSE
Pv2.1_08_9390325_T/C,Chr08,9390325,0.0451441468614142,915,FALSE
Pv2.1_08_59752411_G/A,Chr08,59752411,0.0451372487908377,916,FALSE
Pv2.1_02_27698578_T/A,Chr02,27698578,0.0451316994183308,917,FALSE
Pv2.1_08_62280395_G/A,Chr08,62280395,0.0451295741034183,918,FALSE
Pv2.1_06_20385797_A/C,Chr06,20385797,0.0451247574605409,919,FALSE
Pv2.1_09_35314293_A/T,Chr09,35314293,0.0451196911983001,920,FALSE
Pv2.1_10_3192290_T/C,Chr10,3192290,0.0451170078005294,921,FALSE
Pv2.1_09_37799844_A/T,Chr09,37799844,0.045111298362885,922,FALSE
Pv2.1_02_13482845_G/C,Chr02,13482845,0.0450992213496337,923,FALSE
Pv2.1_05_38835406_T/A,Chr05,38835406,0.0450902815885605,924,FALSE
Pv2.1_08_61825334_A/G,Chr08,61825334,0.0450815935451714,925,FALSE
Pv2.1_03_50415026_G/GT,Chr03,50415026,0.0450655684956782,926,FALSE
Pv2.1_02_12058506_C/A,Chr02,12058506,0.0450582308097465,927,FALSE
Pv2.1_08_714808_A/T,Chr08,714808,0.045044829832404,928,FALSE
Pv2.1_06_28901570_G/A,Chr06,28901570,0.0450443977442498,929,FALSE
Pv2.1_02_48755405_T/C,Chr02,48755405,0.0450363403311034,930,FALSE
Pv2.1_02_48755406_A/C,Chr02,48755406,0.0450363403311034,931,FALSE
Pv2.1_08_53653299_G/C,Chr08,53653299,0.0450287205670423,932,FALSE
Pv2.1_08_7027222_C/T,Chr08,7027222,0.04502489913662,933,FALSE
Pv2.1_08_60151893_C/T,Chr08,60151893,0.0450180245901226,934,FALSE
Pv2.1_05_40443472_GAA/G,Chr05,40443472,0.0450179669724884,935,FALSE
Pv2.1_08_58321322_AT/A,Chr08,58321322,0.0450162504603009,936,FALSE
Pv2.1_09_38095041_G/C,Chr09,38095041,0.0450030850315715,937,FALSE
Pv2.1_08_61526015_C/T,Chr08,61526015,0.0449901734167866,938,FALSE
Pv2.1_08_59125773_G/A,Chr08,59125773,0.0449820986226426,939,FALSE
Pv2.1_06_25989197_G/A,Chr06,25989197,0.0449699545662812,940,FALSE
Pv2.1_08_61846415_A/G,Chr08,61846415,0.0449616493229201,941,FALSE
Pv2.1_09_37495287_A/T,Chr09,37495287,0.0449540939732964,942,FALSE
Pv2.1_04_8076253_C/T,Chr04,8076253,0.0449535668368837,943,FALSE
Pv2.1_04_45053900_GGT/G,Chr04,45053900,0.0449506529184052,944,FALSE
Pv2.1_09_37510515_A/C,Chr09,37510515,0.0449470216923609,945,FALSE
Pv2.1_02_30956776_T/A,Chr02,30956776,0.0449449230225172,946,FALSE
Pv2.1_08_59143079_G/A,Chr08,59143079,0.0449153649945355,947,FALSE
Pv2.1_08_59143090_T/A,Chr08,59143090,0.0449153649945355,948,FALSE
Pv2.1_08_59143100_A/C,Chr08,59143100,0.0449153649945355,949,FALSE
Pv2.1_04_1672519_C/G,Chr04,1672519,0.0449104148763584,950,FALSE
Pv2.1_11_3722458_C/CCT,Chr11,3722458,0.0449099663506827,951,FALSE
Pv2.1_09_37495948_C/T,Chr09,37495948,0.0448988604898544,952,FALSE
Pv2.1_06_20409437_C/A,Chr06,20409437,0.0448873598635005,953,FALSE
Pv2.1_02_17672221_AGT/A,Chr02,17672221,0.0448843809381372,954,FALSE
Pv2.1_10_1410873_A/G,Chr10,1410873,0.0448695559358177,955,FALSE
Pv2.1_02_23064663_T/C,Chr02,23064663,0.0448691857903301,956,FALSE
Pv2.1_07_33445582_A/C,Chr07,33445582,0.044869033114689,957,FALSE
Pv2.1_08_60092924_G/T,Chr08,60092924,0.0448673181367072,958,FALSE
Pv2.1_08_53392607_T/A,Chr08,53392607,0.0448557244480732,959,FALSE
Pv2.1_02_1650578_C/T,Chr02,1650578,0.0448516599469122,960,FALSE
Pv2.1_08_16323897_A/G,Chr08,16323897,0.0448503394244835,961,FALSE
Pv2.1_08_61241819_T/G,Chr08,61241819,0.0448440290696182,962,FALSE
Pv2.1_04_46188787_T/C,Chr04,46188787,0.0448168513491711,963,FALSE
Pv2.1_08_40444941_C/T,Chr08,40444941,0.044813906472208,964,FALSE
Pv2.1_08_9707202_C/T,Chr08,9707202,0.0448072111291906,965,FALSE
Pv2.1_08_61658081_A/T,Chr08,61658081,0.0447802579219641,966,FALSE
Pv2.1_08_176714_G/T,Chr08,176714,0.0447799300500682,967,FALSE
Pv2.1_08_58393612_G/A,Chr08,58393612,0.0447631045803298,968,FALSE
Pv2.1_09_38119631_C/A,Chr09,38119631,0.0447618254567961,969,FALSE
Pv2.1_11_1285964_G/A,Chr11,1285964,0.0447490993020518,970,FALSE
Pv2.1_08_61858928_T/C,Chr08,61858928,0.0447489080708694,971,FALSE
Pv2.1_10_2960231_T/C,Chr10,2960231,0.0447319935436803,972,FALSE
Pv2.1_10_2960232_T/A,Chr10,2960232,0.0447283736807012,973,FALSE
Pv2.1_09_37236480_C/A,Chr09,37236480,0.0447172093198929,974,FALSE
Pv2.1_11_1411710_G/A,Chr11,1411710,0.0447069673714919,975,FALSE
Pv2.1_09_37528746_G/A,Chr09,37528746,0.0446990501259443,976,FALSE
Pv2.1_08_53638146_G/A,Chr08,53638146,0.0446924826071253,977,FALSE
Pv2.1_07_30540898_T/G,Chr07,30540898,0.044680339681813,978,FALSE
Pv2.1_08_55799931_A/T,Chr08,55799931,0.0446708636104862,979,FALSE
Pv2.1_05_40676881_G/A,Chr05,40676881,0.0446348956205505,980,FALSE
Pv2.1_08_62237985_TTA/T,Chr08,62237985,0.0446139765899698,981,FALSE
Pv2.1_09_37348847_C/T,Chr09,37348847,0.0446107240249733,982,FALSE
Pv2.1_05_3464987_C/T,Chr05,3464987,0.0445918150868847,983,FALSE
Pv2.1_08_61081490_G/A,Chr08,61081490,0.0445852016185166,984,FALSE
Pv2.1_06_20279036_A/C,Chr06,20279036,0.0445770190069204,985,FALSE
Pv2.1_06_20279043_C/T,Chr06,20279043,0.0445770190069204,986,FALSE
Pv2.1_11_1787442_C/A,Chr11,1787442,0.0445718686372567,987,FALSE
Pv2.1_08_6249410_C/A,Chr08,6249410,0.0445708739890027,988,FALSE
Pv2.1_08_43861879_A/C,Chr08,43861879,0.0445647734005719,989,FALSE
Pv2.1_02_27981403_T/C,Chr02,27981403,0.0445523789888287,990,FALSE
Pv2.1_08_62869148_T/C,Chr08,62869148,0.04454955107086,991,FALSE
Pv2.1_03_30437086_A/G,Chr03,30437086,0.0445475942144751,992,FALSE
Pv2.1_08_59143096_C/A,Chr08,59143096,0.0445350069677266,993,FALSE
Pv2.1_01_2646058_A/C,Chr01,2646058,0.044531904100007,994,FALSE
Pv2.1_08_62447378_T/C,Chr08,62447378,0.0445273089439202,995,FALSE
Pv2.1_08_7334157_A/C,Chr08,7334157,0.0445103723769469,996,FALSE
Pv2.1_08_59931590_C/T,Chr08,59931590,0.0445094161225814,997,FALSE
Pv2.1_03_48575546_GTCT/G,Chr03,48575546,0.0445021760509854,998,FALSE
Pv2.1_08_59635343_T/C,Chr08,59635343,0.0444900271275746,999,FALSE
Pv2.1_08_59635369_A/G,Chr08,59635369,0.0444900271275746,1000,FALSE
Pv2.1_10_4755261_C/A,Chr10,4755261,0.0444896853308046,1001,FALSE
Pv2.1_08_61621891_G/A,Chr08,61621891,0.0444712132790999,1002,FALSE
Pv2.1_09_38119406_G/A,Chr09,38119406,0.0444709130941083,1003,FALSE
Pv2.1_01_5016430_A/T,Chr01,5016430,0.0444699966674138,1004,FALSE
Pv2.1_09_11255309_T/G,Chr09,11255309,0.0444640705584933,1005,FALSE
Pv2.1_11_45315768_C/A,Chr11,45315768,0.044448439272224,1006,FALSE
Pv2.1_01_49085064_C/G,Chr01,49085064,0.0444472629922581,1007,FALSE
Pv2.1_05_39325999_C/T,Chr05,39325999,0.0444228741198351,1008,FALSE
Pv2.1_08_59865314_A/G,Chr08,59865314,0.0444019792982298,1009,FALSE
Pv2.1_08_59865315_A/G,Chr08,59865315,0.0444019792982298,1010,FALSE
Pv2.1_01_2311010_T/A,Chr01,2311010,0.0443999486556432,1011,FALSE
Pv2.1_08_61639065_A/G,Chr08,61639065,0.0443633419747274,1012,FALSE
Pv2.1_08_61858904_T/C,Chr08,61858904,0.0443581568608966,1013,FALSE
Pv2.1_04_5665780_G/T,Chr04,5665780,0.0443532392346704,1014,FALSE
Pv2.1_04_3964124_T/G,Chr04,3964124,0.04434767187327,1015,FALSE
Pv2.1_04_3964125_A/G,Chr04,3964125,0.04434767187327,1016,FALSE
Pv2.1_04_3964169_C/T,Chr04,3964169,0.04434767187327,1017,FALSE
Pv2.1_10_6165998_C/A,Chr10,6165998,0.0443355253438216,1018,FALSE
Pv2.1_09_38235040_G/T,Chr09,38235040,0.0443153171088619,1019,FALSE
Pv2.1_06_19974686_A/G,Chr06,19974686,0.0443109866707547,1020,FALSE
Pv2.1_09_36899380_T/G,Chr09,36899380,0.0443043620473751,1021,FALSE
Pv2.1_08_62807883_G/A,Chr08,62807883,0.0442868577329625,1022,FALSE
Pv2.1_09_36919598_G/C,Chr09,36919598,0.0442868116142656,1023,FALSE
Pv2.1_04_45663514_G/C,Chr04,45663514,0.044286617277999,1024,FALSE
Pv2.1_01_2486592_A/T,Chr01,2486592,0.0442642499444084,1025,FALSE
Pv2.1_03_37349594_T/A,Chr03,37349594,0.0442639645342213,1026,FALSE
Pv2.1_08_59494560_C/T,Chr08,59494560,0.0442595754206829,1027,FALSE
Pv2.1_08_62490321_A/AT,Chr08,62490321,0.0442541577101858,1028,FALSE
Pv2.1_09_38152415_G/C,Chr09,38152415,0.0442525393566737,1029,FALSE
Pv2.1_08_7211489_G/A,Chr08,7211489,0.0442511802312873,1030,FALSE
Pv2.1_06_19553974_A/T,Chr06,19553974,0.0442299327901101,1031,FALSE
Pv2.1_08_58446094_T/G,Chr08,58446094,0.0442155649852718,1032,FALSE
Pv2.1_08_58446097_G/A,Chr08,58446097,0.0442155649852718,1033,FALSE
Pv2.1_08_9707481_T/C,Chr08,9707481,0.0442093645348995,1034,FALSE
Pv2.1_08_53234486_G/A,Chr08,53234486,0.0442055663837597,1035,FALSE
Pv2.1_08_60390738_A/G,Chr08,60390738,0.0442050462442696,1036,FALSE
Pv2.1_06_19874116_G/T,Chr06,19874116,0.0441817907333162,1037,FALSE
Pv2.1_08_7291185_A/G,Chr08,7291185,0.0441737273530833,1038,FALSE
Pv2.1_04_47537633_A/C,Chr04,47537633,0.0441661152471786,1039,FALSE
Pv2.1_02_13603725_T/A,Chr02,13603725,0.0441405239571817,1040,FALSE
Pv2.1_01_61992_A/T,Chr01,61992,0.0440931852881996,1041,FALSE
Pv2.1_07_34558257_C/T,Chr07,34558257,0.0440919012425578,1042,FALSE
Pv2.1_08_62766884_G/T,Chr08,62766884,0.0440861828941199,1043,FALSE
Pv2.1_03_45934652_G/A,Chr03,45934652,0.044085194189373,1044,FALSE
Pv2.1_02_30178715_C/G,Chr02,30178715,0.0440843699347244,1045,FALSE
Pv2.1_06_21174909_A/T,Chr06,21174909,0.0440806358381325,1046,FALSE
Pv2.1_09_36963957_T/G,Chr09,36963957,0.0440721297065556,1047,FALSE
Pv2.1_08_47106442_G/T,Chr08,47106442,0.0440712610317586,1048,FALSE
Pv2.1_11_52435864_A/G,Chr11,52435864,0.044069339148054,1049,FALSE
Pv2.1_01_6411663_T/C,Chr01,6411663,0.0440626593154336,1050,FALSE
Pv2.1_08_7643984_T/C,Chr08,7643984,0.0440593246380385,1051,FALSE
Pv2.1_06_15622292_A/T,Chr06,15622292,0.0440563453921379,1052,FALSE
Pv2.1_09_36963966_C/A,Chr09,36963966,0.0440546108568634,1053,FALSE
Pv2.1_07_7075094_T/TG,Chr07,7075094,0.0440542949069647,1054,FALSE
Pv2.1_02_2927075_G/A,Chr02,2927075,0.0440382260349281,1055,FALSE
Pv2.1_08_7693069_C/CA,Chr08,7693069,0.0440372820884605,1056,FALSE
Pv2.1_08_8233488_T/C,Chr08,8233488,0.0440317236159604,1057,FALSE
Pv2.1_08_59931517_G/A,Chr08,59931517,0.0440209672498386,1058,FALSE
Pv2.1_08_53292348_T/C,Chr08,53292348,0.0440083365893096,1059,FALSE
Pv2.1_05_15211384_G/T,Chr05,15211384,0.0439982188700863,1060,FALSE
Pv2.1_02_41782716_C/G,Chr02,41782716,0.0439975709646001,1061,FALSE
Pv2.1_05_39338042_G/A,Chr05,39338042,0.043979517408046,1062,FALSE
Pv2.1_09_37528386_C/CA,Chr09,37528386,0.0439739606018001,1063,FALSE
Pv2.1_02_28103824_A/G,Chr02,28103824,0.0439731095742921,1064,FALSE
Pv2.1_07_34301821_A/G,Chr07,34301821,0.0439713435699565,1065,FALSE
Pv2.1_09_36881691_G/A,Chr09,36881691,0.0439546440582057,1066,FALSE
Pv2.1_09_37808813_T/A,Chr09,37808813,0.043949315121961,1067,FALSE
Pv2.1_09_37452335_C/A,Chr09,37452335,0.0439466387054521,1068,FALSE
Pv2.1_02_22971334_C/A,Chr02,22971334,0.0439402303855392,1069,FALSE
Pv2.1_08_60442649_C/T,Chr08,60442649,0.0439400817213862,1070,FALSE
Pv2.1_09_35616441_C/A,Chr09,35616441,0.0439372190779861,1071,FALSE
Pv2.1_11_770965_T/A,Chr11,770965,0.0439170821258474,1072,FALSE
Pv2.1_11_726747_A/T,Chr11,726747,0.0439090625962235,1073,FALSE
Pv2.1_05_40739513_G/A,Chr05,40739513,0.0438960993723643,1074,FALSE
Pv2.1_08_61835835_A/C,Chr08,61835835,0.0438940515803647,1075,FALSE
Pv2.1_08_5462499_A/G,Chr08,5462499,0.0438858457848337,1076,FALSE
Pv2.1_08_1251864_G/A,Chr08,1251864,0.0438852680818074,1077,FALSE
Pv2.1_08_7910267_G/A,Chr08,7910267,0.0438834680540223,1078,FALSE
Pv2.1_01_13323695_A/T,Chr01,13323695,0.0438683258287034,1079,FALSE
Pv2.1_03_45934687_G/C,Chr03,45934687,0.0438664152314567,1080,FALSE
Pv2.1_08_8618659_A/T,Chr08,8618659,0.0438642409181615,1081,FALSE
Pv2.1_06_29635019_G/A,Chr06,29635019,0.0438596717215005,1082,FALSE
Pv2.1_06_29635023_C/G,Chr06,29635023,0.0438596717215005,1083,FALSE
Pv2.1_06_29635024_C/T,Chr06,29635024,0.0438596717215001,1084,FALSE
Pv2.1_08_59148308_T/A,Chr08,59148308,0.0438506456470225,1085,FALSE
Pv2.1_01_2486578_T/C,Chr01,2486578,0.0438460614396603,1086,FALSE
Pv2.1_07_9202426_T/A,Chr07,9202426,0.043843874718339,1087,FALSE
Pv2.1_08_61858906_G/A,Chr08,61858906,0.0438426993697814,1088,FALSE
Pv2.1_08_53390778_T/A,Chr08,53390778,0.04382616195974,1089,FALSE
Pv2.1_07_36688038_A/C,Chr07,36688038,0.0438224296474878,1090,FALSE
Pv2.1_11_1300221_A/G,Chr11,1300221,0.0438193895249666,1091,FALSE
Pv2.1_09_36912141_A/G,Chr09,36912141,0.043816222039657,1092,FALSE
Pv2.1_08_16249345_T/C,Chr08,16249345,0.0438126655134674,1093,FALSE
Pv2.1_02_24402426_G/A,Chr02,24402426,0.0438021771475117,1094,FALSE
Pv2.1_04_46176787_G/A,Chr04,46176787,0.043790180909427,1095,FALSE
Pv2.1_02_28103805_G/A,Chr02,28103805,0.0437818259726965,1096,FALSE
Pv2.1_10_3078982_G/T,Chr10,3078982,0.0437806277760169,1097,FALSE
Pv2.1_03_48574842_C/T,Chr03,48574842,0.0437755463344685,1098,FALSE
Pv2.1_07_36688071_C/T,Chr07,36688071,0.0437747295448374,1099,FALSE
Pv2.1_08_59931515_A/C,Chr08,59931515,0.0437694698344893,1100,FALSE
Pv2.1_04_1564552_C/G,Chr04,1564552,0.0437663408454392,1101,FALSE
Pv2.1_08_61467873_C/G,Chr08,61467873,0.0437597323123247,1102,FALSE
Pv2.1_10_3078995_C/T,Chr10,3078995,0.0437555506998413,1103,FALSE
Pv2.1_11_1342945_TA/T,Chr11,1342945,0.0437548801635086,1104,FALSE
Pv2.1_01_2525604_A/G,Chr01,2525604,0.0437525586044369,1105,FALSE
Pv2.1_04_11272001_A/C,Chr04,11272001,0.0437398896537586,1106,FALSE
Pv2.1_05_39326050_C/T,Chr05,39326050,0.043739707660547,1107,FALSE
Pv2.1_08_58384051_C/T,Chr08,58384051,0.0437324610079988,1108,FALSE
Pv2.1_08_8078319_A/G,Chr08,8078319,0.0437314980628676,1109,FALSE
Pv2.1_08_8078336_G/A,Chr08,8078336,0.0437314980628676,1110,FALSE
Pv2.1_08_53546_A/G,Chr08,53546,0.043725040121819,1111,FALSE
Pv2.1_10_1416818_T/G,Chr10,1416818,0.0437240012664271,1112,FALSE
Pv2.1_07_5554034_C/CATT,Chr07,5554034,0.0437098250941452,1113,FALSE
Pv2.1_06_20662447_G/A,Chr06,20662447,0.043697647916213,1114,FALSE
Pv2.1_10_3079077_G/A,Chr10,3079077,0.0436897511638281,1115,FALSE
Pv2.1_08_61664077_A/G,Chr08,61664077,0.0436873579610677,1116,FALSE
Pv2.1_03_13132843_C/G,Chr03,13132843,0.0436813354110317,1117,FALSE
Pv2.1_08_59104971_G/T,Chr08,59104971,0.0436723680982762,1118,FALSE
Pv2.1_08_62747938_G/A,Chr08,62747938,0.043669222029989,1119,FALSE
Pv2.1_08_61048245_A/G,Chr08,61048245,0.0436672041989765,1120,FALSE
Pv2.1_08_1003484_CT/C,Chr08,1003484,0.0436572779968945,1121,FALSE
Pv2.1_06_19939926_C/T,Chr06,19939926,0.0436521504989305,1122,FALSE
Pv2.1_03_48616201_T/C,Chr03,48616201,0.0436486256582822,1123,FALSE
Pv2.1_04_41895594_A/T,Chr04,41895594,0.0436393073318762,1124,FALSE
Pv2.1_08_60340297_A/G,Chr08,60340297,0.0436314480245148,1125,FALSE
Pv2.1_11_3700685_C/A,Chr11,3700685,0.0436306042161236,1126,FALSE
Pv2.1_02_12698221_A/G,Chr02,12698221,0.0436303234745346,1127,FALSE
Pv2.1_11_45615092_A/C,Chr11,45615092,0.0436244108123556,1128,FALSE
Pv2.1_02_8612289_T/G,Chr02,8612289,0.0436205287003597,1129,FALSE
Pv2.1_09_35683677_C/A,Chr09,35683677,0.0436175443566187,1130,FALSE
Pv2.1_08_61671591_T/C,Chr08,61671591,0.0436086964699016,1131,FALSE
Pv2.1_07_8994936_T/A,Chr07,8994936,0.0436048804351774,1132,FALSE
Pv2.1_08_8457044_C/T,Chr08,8457044,0.0436021380930942,1133,FALSE
Pv2.1_10_2918158_C/A,Chr10,2918158,0.043601931105389,1134,FALSE
Pv2.1_07_37288523_C/T,Chr07,37288523,0.0436005612446673,1135,FALSE
Pv2.1_09_36936247_G/T,Chr09,36936247,0.0435964914511979,1136,FALSE
Pv2.1_07_9143916_C/T,Chr07,9143916,0.0435923766979185,1137,FALSE
Pv2.1_06_20380325_C/T,Chr06,20380325,0.0435910237710302,1138,FALSE
Pv2.1_02_49605133_T/C,Chr02,49605133,0.0435727802237915,1139,FALSE
Pv2.1_09_37473814_C/T,Chr09,37473814,0.0435723177945682,1140,FALSE
Pv2.1_02_1630157_A/C,Chr02,1630157,0.0435703617628693,1141,FALSE
Pv2.1_08_58122363_G/C,Chr08,58122363,0.0435686062364935,1142,FALSE
Pv2.1_11_52289458_G/A,Chr11,52289458,0.0435659630741969,1143,FALSE
Pv2.1_09_37563837_G/C,Chr09,37563837,0.0435648534820561,1144,FALSE
Pv2.1_06_17577510_A/G,Chr06,17577510,0.0435626976971242,1145,FALSE
Pv2.1_08_8764243_C/T,Chr08,8764243,0.0435621542384577,1146,FALSE
Pv2.1_09_35388045_G/A,Chr09,35388045,0.0435619116514898,1147,FALSE
Pv2.1_10_5856249_T/C,Chr10,5856249,0.043556323931401,1148,FALSE
Pv2.1_07_29104362_G/GA,Chr07,29104362,0.0435535479197853,1149,FALSE
Pv2.1_03_48856487_C/T,Chr03,48856487,0.0435487489951871,1150,FALSE
Pv2.1_08_9426823_G/A,Chr08,9426823,0.0435472164053099,1151,FALSE
Pv2.1_07_33439661_T/C,Chr07,33439661,0.0435324112453079,1152,FALSE
Pv2.1_08_62447286_G/A,Chr08,62447286,0.0435305859518991,1153,FALSE
Pv2.1_09_36533141_T/A,Chr09,36533141,0.0435150448096318,1154,FALSE
Pv2.1_08_16271376_T/C,Chr08,16271376,0.0435127204092991,1155,FALSE
Pv2.1_03_45921649_G/A,Chr03,45921649,0.0435085428413688,1156,FALSE
Pv2.1_08_26940183_A/T,Chr08,26940183,0.0434957638473774,1157,FALSE
Pv2.1_08_62899653_T/C,Chr08,62899653,0.0434880484765778,1158,FALSE
Pv2.1_01_42971854_C/A,Chr01,42971854,0.0434861117706538,1159,FALSE
Pv2.1_04_44741371_C/G,Chr04,44741371,0.0434843965064169,1160,FALSE
Pv2.1_08_62898036_A/T,Chr08,62898036,0.0434787718105678,1161,FALSE
Pv2.1_07_36758114_C/A,Chr07,36758114,0.0434708347235637,1162,FALSE
Pv2.1_08_61837968_C/T,Chr08,61837968,0.0434693145524387,1163,FALSE
Pv2.1_08_61837991_T/C,Chr08,61837991,0.0434693145524387,1164,FALSE
Pv2.1_08_61837995_A/T,Chr08,61837995,0.0434693145524387,1165,FALSE
Pv2.1_08_48646099_A/G,Chr08,48646099,0.0434678180851238,1166,FALSE
Pv2.1_08_502487_C/G,Chr08,502487,0.0434643967325599,1167,FALSE
Pv2.1_08_7729815_T/A,Chr08,7729815,0.0434619088650652,1168,FALSE
Pv2.1_10_8924903_T/A,Chr10,8924903,0.0434616874963174,1169,FALSE
Pv2.1_10_8924929_T/C,Chr10,8924929,0.0434616874963174,1170,FALSE
Pv2.1_07_9346456_GAGCC/G,Chr07,9346456,0.0434590201637057,1171,FALSE
Pv2.1_03_27654487_C/T,Chr03,27654487,0.0434567774120302,1172,FALSE
Pv2.1_06_18944254_A/T,Chr06,18944254,0.0434553454634039,1173,FALSE
Pv2.1_07_34208091_C/T,Chr07,34208091,0.0434505972553731,1174,FALSE
Pv2.1_10_5915450_T/A,Chr10,5915450,0.043443831503986,1175,FALSE
Pv2.1_08_62936008_A/C,Chr08,62936008,0.0434220918509536,1176,FALSE
Pv2.1_09_36899316_C/T,Chr09,36899316,0.0434184476934107,1177,FALSE
Pv2.1_08_53255444_T/G,Chr08,53255444,0.0434174800121396,1178,FALSE
Pv2.1_06_13983165_C/T,Chr06,13983165,0.0434173540480987,1179,FALSE
Pv2.1_10_4459324_C/T,Chr10,4459324,0.0434171668372834,1180,FALSE
Pv2.1_04_44964353_A/C,Chr04,44964353,0.0434140134641257,1181,FALSE
Pv2.1_08_59634322_G/C,Chr08,59634322,0.0433983540530063,1182,FALSE
Pv2.1_01_49221256_C/G,Chr01,49221256,0.0433897852849361,1183,FALSE
Pv2.1_09_35517310_G/C,Chr09,35517310,0.0433753444215856,1184,FALSE
Pv2.1_08_29862636_C/A,Chr08,29862636,0.0433752676410988,1185,FALSE
Pv2.1_07_34301811_T/C,Chr07,34301811,0.0433610852492419,1186,FALSE
Pv2.1_08_62750033_G/A,Chr08,62750033,0.0433530050679649,1187,FALSE
Pv2.1_10_1699014_TT/C,Chr10,1699014,0.043351875201834,1188,FALSE
Pv2.1_10_6657704_C/A,Chr10,6657704,0.0433486005349111,1189,FALSE
Pv2.1_08_7027234_T/C,Chr08,7027234,0.0433450496136469,1190,FALSE
Pv2.1_08_7729680_G/A,Chr08,7729680,0.0433187741558054,1191,FALSE
Pv2.1_04_47556097_T/G,Chr04,47556097,0.0433163518468676,1192,FALSE
Pv2.1_08_12538688_G/C,Chr08,12538688,0.0433124040112025,1193,FALSE
Pv2.1_05_40698206_C/G,Chr05,40698206,0.0433054452560286,1194,FALSE
Pv2.1_08_61682037_T/C,Chr08,61682037,0.0432959681769942,1195,FALSE
Pv2.1_03_49163275_G/C,Chr03,49163275,0.0432935087545125,1196,FALSE
Pv2.1_02_11952761_A/G,Chr02,11952761,0.0432869607164537,1197,FALSE
Pv2.1_06_20380304_C/G,Chr06,20380304,0.0432798421846945,1198,FALSE
Pv2.1_04_45122550_T/A,Chr04,45122550,0.0432774161896403,1199,FALSE
Pv2.1_05_2835308_C/T,Chr05,2835308,0.0432721986728195,1200,FALSE
Pv2.1_08_9707478_C/T,Chr08,9707478,0.0432608093461297,1201,FALSE
Pv2.1_08_6243690_G/T,Chr08,6243690,0.0432573722845673,1202,FALSE
Pv2.1_07_21482051_A/T,Chr07,21482051,0.0432566932676743,1203,FALSE
Pv2.1_06_15618268_C/T,Chr06,15618268,0.0432441572435227,1204,FALSE
Pv2.1_07_34822098_G/T,Chr07,34822098,0.0432292778303425,1205,FALSE
Pv2.1_09_37679666_C/A,Chr09,37679666,0.043224952467392,1206,FALSE
Pv2.1_02_14233283_A/G,Chr02,14233283,0.0432235390640034,1207,FALSE
Pv2.1_08_7436801_G/T,Chr08,7436801,0.0432052230150921,1208,FALSE
Pv2.1_04_45088513_C/T,Chr04,45088513,0.0431946072630867,1209,FALSE
Pv2.1_08_59846905_G/T,Chr08,59846905,0.043191645942501,1210,FALSE
Pv2.1_10_41264792_T/C,Chr10,41264792,0.0431867076589549,1211,FALSE
Pv2.1_08_3231791_G/C,Chr08,3231791,0.0431781570528562,1212,FALSE
Pv2.1_06_19589629_A/G,Chr06,19589629,0.0431721893478727,1213,FALSE
Pv2.1_07_9182709_C/G,Chr07,9182709,0.0431681991466895,1214,FALSE
Pv2.1_10_43687279_T/C,Chr10,43687279,0.0431618999548187,1215,FALSE
Pv2.1_07_36687466_T/G,Chr07,36687466,0.0431465963222193,1216,FALSE
Pv2.1_08_58312797_TA/T,Chr08,58312797,0.0431427319365771,1217,FALSE
Pv2.1_03_41873826_C/G,Chr03,41873826,0.0431357488736537,1218,FALSE
Pv2.1_06_24149833_A/T,Chr06,24149833,0.0431232566184447,1219,FALSE
Pv2.1_03_40514094_T/C,Chr03,40514094,0.0431149381153881,1220,FALSE
Pv2.1_08_9395705_A/T,Chr08,9395705,0.0431121691493921,1221,FALSE
Pv2.1_06_21038827_C/T,Chr06,21038827,0.0431108360814747,1222,FALSE
Pv2.1_02_41554132_G/A,Chr02,41554132,0.0431085765583235,1223,FALSE
Pv2.1_08_19419258_C/T,Chr08,19419258,0.043106637608282,1224,FALSE
Pv2.1_01_2417839_A/G,Chr01,2417839,0.0431066245837539,1225,FALSE
Pv2.1_08_58539064_T/C,Chr08,58539064,0.0431023178853009,1226,FALSE
Pv2.1_08_58539067_G/C,Chr08,58539067,0.0431023178853009,1227,FALSE
Pv2.1_07_32675024_C/T,Chr07,32675024,0.0430986778146409,1228,FALSE
Pv2.1_01_47028755_A/T,Chr01,47028755,0.0430956811934218,1229,FALSE
Pv2.1_09_36865205_GT/G,Chr09,36865205,0.0430812896480419,1230,FALSE
Pv2.1_07_3892744_T/C,Chr07,3892744,0.0430755843385549,1231,FALSE
Pv2.1_08_60363135_G/A,Chr08,60363135,0.0430701543586456,1232,FALSE
Pv2.1_08_60363138_C/T,Chr08,60363138,0.0430701543586456,1233,FALSE
Pv2.1_08_53137031_A/G,Chr08,53137031,0.0430568076547875,1234,FALSE
Pv2.1_08_62944873_G/T,Chr08,62944873,0.0430542703044035,1235,FALSE
Pv2.1_06_28493119_C/A,Chr06,28493119,0.0430457283013972,1236,FALSE
Pv2.1_08_1578710_G/A,Chr08,1578710,0.0430345546418152,1237,FALSE
Pv2.1_04_46268553_C/G,Chr04,46268553,0.0430334709930516,1238,FALSE
Pv2.1_08_6225241_A/T,Chr08,6225241,0.043002866299279,1239,FALSE
Pv2.1_06_19974644_C/T,Chr06,19974644,0.0429985961491637,1240,FALSE
Pv2.1_08_59870148_C/T,Chr08,59870148,0.0429941914198668,1241,FALSE
Pv2.1_05_165428_A/C,Chr05,165428,0.0429915989921081,1242,FALSE
Pv2.1_06_25801020_C/G,Chr06,25801020,0.0429731715031712,1243,FALSE
Pv2.1_06_28967150_C/T,Chr06,28967150,0.0429709015813171,1244,FALSE
Pv2.1_08_9861320_C/T,Chr08,9861320,0.0429701608659152,1245,FALSE
Pv2.1_11_1076475_G/A,Chr11,1076475,0.0429688287802619,1246,FALSE
Pv2.1_09_37452311_G/T,Chr09,37452311,0.0429572952517439,1247,FALSE
Pv2.1_09_37452314_G/A,Chr09,37452314,0.0429572952517439,1248,FALSE
Pv2.1_09_37452347_G/A,Chr09,37452347,0.0429572952517439,1249,FALSE
Pv2.1_10_41406265_T/C,Chr10,41406265,0.0429541918584802,1250,FALSE
Pv2.1_09_14242417_G/A,Chr09,14242417,0.0429497143050228,1251,FALSE
Pv2.1_10_6648625_GGAT/G,Chr10,6648625,0.0429426273126516,1252,FALSE
Pv2.1_09_36941056_G/T,Chr09,36941056,0.0429266301484614,1253,FALSE
Pv2.1_02_28076045_A/T,Chr02,28076045,0.0429207391406501,1254,FALSE
Pv2.1_08_7211281_T/C,Chr08,7211281,0.042918185444325,1255,FALSE
Pv2.1_04_9626833_C/A,Chr04,9626833,0.0429097169746431,1256,FALSE
Pv2.1_09_37122538_G/T,Chr09,37122538,0.0429089384156294,1257,FALSE
Pv2.1_09_37122523_C/T,Chr09,37122523,0.0429089384156289,1258,FALSE
Pv2.1_08_62890833_A/C,Chr08,62890833,0.042908233891787,1259,FALSE
Pv2.1_08_58337313_T/C,Chr08,58337313,0.0429073358956877,1260,FALSE
Pv2.1_05_39349932_A/G,Chr05,39349932,0.0429039564813114,1261,FALSE
Pv2.1_08_46904150_G/T,Chr08,46904150,0.0429010987293053,1262,FALSE
Pv2.1_03_1303175_T/C,Chr03,1303175,0.0428923436031776,1263,FALSE
Pv2.1_10_1415232_A/T,Chr10,1415232,0.0428895146947035,1264,FALSE
Pv2.1_06_21016570_G/C,Chr06,21016570,0.0428693015007826,1265,FALSE
Pv2.1_08_61264510_T/C,Chr08,61264510,0.0428675539519841,1266,FALSE
Pv2.1_11_3513543_C/A,Chr11,3513543,0.0428657797685728,1267,FALSE
Pv2.1_07_34260344_A/G,Chr07,34260344,0.0428643784943743,1268,FALSE
Pv2.1_07_34260345_T/A,Chr07,34260345,0.0428643784943743,1269,FALSE
Pv2.1_09_36881669_T/G,Chr09,36881669,0.0428604737063516,1270,FALSE
Pv2.1_08_62276137_G/C,Chr08,62276137,0.0428546628472599,1271,FALSE
Pv2.1_07_9089382_C/T,Chr07,9089382,0.0428526759037884,1272,FALSE
Pv2.1_06_25620469_T/C,Chr06,25620469,0.0428390338629776,1273,FALSE
Pv2.1_01_1222221_A/T,Chr01,1222221,0.0428356130928615,1274,FALSE
Pv2.1_08_62382676_C/T,Chr08,62382676,0.0428346984918977,1275,FALSE
Pv2.1_02_49605184_G/A,Chr02,49605184,0.0427868340177664,1276,FALSE
Pv2.1_08_16662140_G/T,Chr08,16662140,0.0427843015244318,1277,FALSE
Pv2.1_04_44964407_T/C,Chr04,44964407,0.0427764437085698,1278,FALSE
Pv2.1_01_32284273_A/AC,Chr01,32284273,0.0427590414437007,1279,FALSE
Pv2.1_07_37015562_C/T,Chr07,37015562,0.0427565582591143,1280,FALSE
Pv2.1_07_206144_T/G,Chr07,206144,0.0427504535643601,1281,FALSE
Pv2.1_02_13772036_A/G,Chr02,13772036,0.0427417561237435,1282,FALSE
Pv2.1_07_6748606_C/G,Chr07,6748606,0.0427373144849774,1283,FALSE
Pv2.1_07_32600716_C/T,Chr07,32600716,0.0427286496428705,1284,FALSE
Pv2.1_01_2270848_T/C,Chr01,2270848,0.0427145575616157,1285,FALSE
Pv2.1_04_46189911_A/C,Chr04,46189911,0.0427111881057365,1286,FALSE
Pv2.1_08_59036101_C/T,Chr08,59036101,0.042707096633698,1287,FALSE
Pv2.1_08_58991678_G/A,Chr08,58991678,0.0427038016487389,1288,FALSE
Pv2.1_09_36873003_C/CTG,Chr09,36873003,0.0426839497267046,1289,FALSE
Pv2.1_08_44009528_A/T,Chr08,44009528,0.0426803108731964,1290,FALSE
Pv2.1_02_46818830_G/A,Chr02,46818830,0.0426709846835864,1291,FALSE
Pv2.1_04_2753986_C/G,Chr04,2753986,0.042643154923014,1292,FALSE
Pv2.1_11_3963748_C/T,Chr11,3963748,0.0426430892215635,1293,FALSE
Pv2.1_05_172673_T/C,Chr05,172673,0.0426388482303484,1294,FALSE
Pv2.1_03_51096189_G/T,Chr03,51096189,0.0426345053422281,1295,FALSE
Pv2.1_01_6195989_T/A,Chr01,6195989,0.0426270470008383,1296,FALSE
Pv2.1_06_19561648_A/G,Chr06,19561648,0.0426188477948855,1297,FALSE
Pv2.1_05_39125277_T/C,Chr05,39125277,0.0426155965943389,1298,FALSE
Pv2.1_11_2713386_A/G,Chr11,2713386,0.0426133905952009,1299,FALSE
Pv2.1_06_20529344_C/T,Chr06,20529344,0.0426117723165156,1300,FALSE
Pv2.1_09_37115498_C/G,Chr09,37115498,0.042607255666248,1301,FALSE
Pv2.1_09_37115520_C/A,Chr09,37115520,0.0426072556662476,1302,FALSE
Pv2.1_02_1556470_T/C,Chr02,1556470,0.0426060434906517,1303,FALSE
Pv2.1_06_21174852_AAACATT/CAACATC,Chr06,21174852,0.0426060215210655,1304,FALSE
Pv2.1_09_37257799_G/A,Chr09,37257799,0.0426046274242906,1305,FALSE
Pv2.1_03_41877563_TCAATATC/T,Chr03,41877563,0.0425987375105015,1306,FALSE
Pv2.1_08_60330106_T/C,Chr08,60330106,0.042595783170186,1307,FALSE
Pv2.1_08_53354241_T/C,Chr08,53354241,0.0425849202443929,1308,FALSE
Pv2.1_07_36796038_G/C,Chr07,36796038,0.0425717356853368,1309,FALSE
Pv2.1_02_12941466_C/T,Chr02,12941466,0.0425711784564058,1310,FALSE
Pv2.1_08_58384007_A/C,Chr08,58384007,0.0425691752292856,1311,FALSE
Pv2.1_07_7682887_C/T,Chr07,7682887,0.0425671982760179,1312,FALSE
Pv2.1_01_10145279_A/G,Chr01,10145279,0.0425661230795948,1313,FALSE
Pv2.1_09_36891586_C/T,Chr09,36891586,0.0425624365526178,1314,FALSE
Pv2.1_08_61889725_T/C,Chr08,61889725,0.0425570597989795,1315,FALSE
Pv2.1_08_45528259_C/T,Chr08,45528259,0.0425545385456507,1316,FALSE
Pv2.1_07_35457032_T/A,Chr07,35457032,0.0425527588296442,1317,FALSE
Pv2.1_04_47488058_T/G,Chr04,47488058,0.0425486455562139,1318,FALSE
Pv2.1_10_1415233_A/T,Chr10,1415233,0.0425338852148074,1319,FALSE
Pv2.1_09_37501463_C/T,Chr09,37501463,0.042522716272261,1320,FALSE
Pv2.1_07_8479517_G/A,Chr07,8479517,0.0425179673037515,1321,FALSE
Pv2.1_03_51074681_A/T,Chr03,51074681,0.042504848287761,1322,FALSE
Pv2.1_08_59709930_T/C,Chr08,59709930,0.042504498820874,1323,FALSE
Pv2.1_08_61388539_CT/C,Chr08,61388539,0.0424988106752529,1324,FALSE
Pv2.1_08_53354235_T/A,Chr08,53354235,0.0424966886756564,1325,FALSE
Pv2.1_02_31184156_G/A,Chr02,31184156,0.0424956281272477,1326,FALSE
Pv2.1_03_46079394_C/G,Chr03,46079394,0.042482454757387,1327,FALSE
Pv2.1_09_35378005_A/G,Chr09,35378005,0.0424814423618338,1328,FALSE
Pv2.1_08_7784602_G/C,Chr08,7784602,0.0424782477501267,1329,FALSE
Pv2.1_08_7784625_A/G,Chr08,7784625,0.0424782477501267,1330,FALSE
Pv2.1_08_475629_A/G,Chr08,475629,0.0424529316275786,1331,FALSE
Pv2.1_07_35715464_A/G,Chr07,35715464,0.042442929790238,1332,FALSE
Pv2.1_11_1076474_C/A,Chr11,1076474,0.0424401134950045,1333,FALSE
Pv2.1_03_30652231_G/A,Chr03,30652231,0.0424323262909518,1334,FALSE
Pv2.1_06_20385799_A/G,Chr06,20385799,0.0424322798533945,1335,FALSE
Pv2.1_08_61889717_C/T,Chr08,61889717,0.0424247734857333,1336,FALSE
Pv2.1_08_12625065_A/T,Chr08,12625065,0.0424234255712714,1337,FALSE
Pv2.1_08_53292186_G/C,Chr08,53292186,0.0424186431448534,1338,FALSE
Pv2.1_05_39352642_T/C,Chr05,39352642,0.0424178158724446,1339,FALSE
Pv2.1_08_61671505_G/T,Chr08,61671505,0.0424141300980976,1340,FALSE
Pv2.1_02_23134306_G/A,Chr02,23134306,0.0424122006216474,1341,FALSE
Pv2.1_06_28593057_C/G,Chr06,28593057,0.0424082653988847,1342,FALSE
Pv2.1_08_11683315_A/ACT,Chr08,11683315,0.0424065173266088,1343,FALSE
Pv2.1_11_1285709_A/T,Chr11,1285709,0.0423938072439984,1344,FALSE
Pv2.1_03_48599603_G/A,Chr03,48599603,0.0423920857282694,1345,FALSE
Pv2.1_06_22794403_G/T,Chr06,22794403,0.0423847775757409,1346,FALSE
Pv2.1_11_874595_A/G,Chr11,874595,0.042378475794365,1347,FALSE
Pv2.1_08_54347236_G/A,Chr08,54347236,0.0423725201504821,1348,FALSE
Pv2.1_03_32241301_T/A,Chr03,32241301,0.0423723223405132,1349,FALSE
Pv2.1_08_59125856_A/T,Chr08,59125856,0.0423648526851324,1350,FALSE
Pv2.1_05_39967124_C/T,Chr05,39967124,0.0423484397986371,1351,FALSE
Pv2.1_08_53248753_T/A,Chr08,53248753,0.0423474671745678,1352,FALSE
Pv2.1_07_5526718_G/A,Chr07,5526718,0.0423438887085355,1353,FALSE
Pv2.1_09_38140267_T/A,Chr09,38140267,0.0423430710981587,1354,FALSE
Pv2.1_08_61526003_C/T,Chr08,61526003,0.042335052255134,1355,FALSE
Pv2.1_11_2258751_G/A,Chr11,2258751,0.0423228147728532,1356,FALSE
Pv2.1_01_4721853_G/A,Chr01,4721853,0.0423220780036369,1357,FALSE
Pv2.1_08_62711513_T/A,Chr08,62711513,0.0423098834460705,1358,FALSE
Pv2.1_09_36941090_C/T,Chr09,36941090,0.0422990846948945,1359,FALSE
Pv2.1_08_62711462_G/C,Chr08,62711462,0.0422945813940427,1360,FALSE
Pv2.1_09_37760823_A/C,Chr09,37760823,0.0422935674784877,1361,FALSE
Pv2.1_04_45526976_T/C,Chr04,45526976,0.0422896926881333,1362,FALSE
Pv2.1_11_967329_T/C,Chr11,967329,0.042287265769847,1363,FALSE
Pv2.1_11_45315747_G/A,Chr11,45315747,0.0422836931729553,1364,FALSE
Pv2.1_08_52214475_G/C,Chr08,52214475,0.0422763729806541,1365,FALSE
Pv2.1_09_36698192_C/G,Chr09,36698192,0.0422734518067558,1366,FALSE
Pv2.1_09_36698211_T/C,Chr09,36698211,0.0422734518067558,1367,FALSE
Pv2.1_08_58326709_C/A,Chr08,58326709,0.0422731895833643,1368,FALSE
Pv2.1_08_58326711_A/C,Chr08,58326711,0.0422731895833643,1369,FALSE
Pv2.1_01_5336905_T/A,Chr01,5336905,0.0422699131424116,1370,FALSE
Pv2.1_07_37087602_G/A,Chr07,37087602,0.0422691864329687,1371,FALSE
Pv2.1_08_62276157_T/G,Chr08,62276157,0.042265340771011,1372,FALSE
Pv2.1_08_59990695_G/A,Chr08,59990695,0.0422605048684592,1373,FALSE
Pv2.1_06_28609538_T/A,Chr06,28609538,0.0422577638886383,1374,FALSE
Pv2.1_11_1162192_A/C,Chr11,1162192,0.0422531142442741,1375,FALSE
Pv2.1_07_1218101_C/A,Chr07,1218101,0.0422477839575661,1376,FALSE
Pv2.1_09_36865164_T/A,Chr09,36865164,0.0422416682026081,1377,FALSE
Pv2.1_09_36865185_T/G,Chr09,36865185,0.0422416682026081,1378,FALSE
Pv2.1_09_36865197_G/T,Chr09,36865197,0.0422416682026081,1379,FALSE
Pv2.1_09_37127909_T/C,Chr09,37127909,0.04223424307862,1380,FALSE
Pv2.1_08_59494428_C/T,Chr08,59494428,0.0422261571181961,1381,FALSE
Pv2.1_06_18933468_C/A,Chr06,18933468,0.0422196300311049,1382,FALSE
Pv2.1_08_980034_A/C,Chr08,980034,0.0422116812877826,1383,FALSE
Pv2.1_02_35802951_G/A,Chr02,35802951,0.0422116401390555,1384,FALSE
Pv2.1_07_32673716_T/G,Chr07,32673716,0.0422083609660335,1385,FALSE
Pv2.1_07_36905971_C/A,Chr07,36905971,0.0422020577175757,1386,FALSE
Pv2.1_07_36905972_G/T,Chr07,36905972,0.0422020577175757,1387,FALSE
Pv2.1_08_58557154_A/G,Chr08,58557154,0.0422016425398493,1388,FALSE
Pv2.1_08_58557124_G/T,Chr08,58557124,0.0422016425398488,1389,FALSE
Pv2.1_08_58557154_A/C,Chr08,58557154,0.0422016425398488,1390,FALSE
Pv2.1_03_30202307_AT/A,Chr03,30202307,0.042189963014823,1391,FALSE
Pv2.1_01_2270788_G/T,Chr01,2270788,0.0421864791323676,1392,FALSE
Pv2.1_08_6700302_G/A,Chr08,6700302,0.0421667712086058,1393,FALSE
Pv2.1_08_7163528_C/T,Chr08,7163528,0.0421660971506643,1394,FALSE
Pv2.1_01_1963017_G/A,Chr01,1963017,0.0421497851563704,1395,FALSE
Pv2.1_08_53291976_G/C,Chr08,53291976,0.0421440240943007,1396,FALSE
Pv2.1_08_7844020_TTAAG/T,Chr08,7844020,0.0421431226838807,1397,FALSE
Pv2.1_02_12384660_A/G,Chr02,12384660,0.0421429108411333,1398,FALSE
Pv2.1_08_61526007_T/A,Chr08,61526007,0.0421420438913653,1399,FALSE
Pv2.1_07_6772359_A/G,Chr07,6772359,0.0421352740995444,1400,FALSE
Pv2.1_08_170455_A/T,Chr08,170455,0.0421349317353847,1401,FALSE
Pv2.1_08_47669914_G/C,Chr08,47669914,0.042124265449448,1402,FALSE
Pv2.1_08_7893675_G/A,Chr08,7893675,0.0421114877790916,1403,FALSE
Pv2.1_07_87466_GA/G,Chr07,87466,0.0421104142259736,1404,FALSE
Pv2.1_09_38218572_A/G,Chr09,38218572,0.0421042932816662,1405,FALSE
Pv2.1_09_37800109_C/A,Chr09,37800109,0.0421009697282053,1406,FALSE
Pv2.1_11_3081079_T/G,Chr11,3081079,0.0420949102762065,1407,FALSE
Pv2.1_07_37419953_G/A,Chr07,37419953,0.0420940170031532,1408,FALSE
Pv2.1_07_37419956_A/G,Chr07,37419956,0.0420940170031532,1409,FALSE
Pv2.1_02_10519991_C/T,Chr02,10519991,0.0420756506496414,1410,FALSE
Pv2.1_08_58446162_A/T,Chr08,58446162,0.0420714247018261,1411,FALSE
Pv2.1_03_48530784_G/A,Chr03,48530784,0.0420622260585031,1412,FALSE
Pv2.1_08_7784671_A/T,Chr08,7784671,0.0420587509734856,1413,FALSE
Pv2.1_07_9143853_C/T,Chr07,9143853,0.0420580803115662,1414,FALSE
Pv2.1_08_7436843_C/G,Chr08,7436843,0.042023681060154,1415,FALSE
Pv2.1_02_28214349_G/A,Chr02,28214349,0.0420231993319318,1416,FALSE
Pv2.1_04_1955755_T/TCAC,Chr04,1955755,0.0420191210779959,1417,FALSE
Pv2.1_08_60378831_G/A,Chr08,60378831,0.0420103068239168,1418,FALSE
Pv2.1_08_61525703_A/G,Chr08,61525703,0.0420046542803516,1419,FALSE
Pv2.1_02_46868334_G/A,Chr02,46868334,0.0420027320748697,1420,FALSE
Pv2.1_11_47186015_C/G,Chr11,47186015,0.0420001701983539,1421,FALSE
Pv2.1_09_35630635_C/T,Chr09,35630635,0.0419904542805862,1422,FALSE
Pv2.1_08_60239339_C/A,Chr08,60239339,0.0419879530571654,1423,FALSE
Pv2.1_08_9707106_TAC/T,Chr08,9707106,0.0419842947042666,1424,FALSE
Pv2.1_09_37721770_A/G,Chr09,37721770,0.041978614640334,1425,FALSE
Pv2.1_08_54033604_A/G,Chr08,54033604,0.0419778073231547,1426,FALSE
Pv2.1_08_58963094_G/C,Chr08,58963094,0.0419777403376331,1427,FALSE
Pv2.1_08_58194730_T/A,Chr08,58194730,0.0419749423241131,1428,FALSE
Pv2.1_09_37603729_T/C,Chr09,37603729,0.0419714751919478,1429,FALSE
Pv2.1_09_37603748_C/T,Chr09,37603748,0.0419714751919478,1430,FALSE
Pv2.1_07_631046_C/A,Chr07,631046,0.0419667144026552,1431,FALSE
Pv2.1_11_3659128_G/C,Chr11,3659128,0.0419654051963532,1432,FALSE
Pv2.1_04_7150263_T/A,Chr04,7150263,0.0419531320922344,1433,FALSE
Pv2.1_07_4078616_T/C,Chr07,4078616,0.0419424252835081,1434,FALSE
Pv2.1_07_36623820_T/C,Chr07,36623820,0.0419287798218839,1435,FALSE
Pv2.1_08_62933964_T/G,Chr08,62933964,0.0419150080551396,1436,FALSE
Pv2.1_06_23977851_C/G,Chr06,23977851,0.0419138751481216,1437,FALSE
Pv2.1_02_35806984_A/G,Chr02,35806984,0.0419081844999414,1438,FALSE
Pv2.1_01_5342249_T/C,Chr01,5342249,0.0419063851884762,1439,FALSE
Pv2.1_08_57823541_G/T,Chr08,57823541,0.0419049178335844,1440,FALSE
Pv2.1_06_21220322_A/G,Chr06,21220322,0.0419026402917027,1441,FALSE
Pv2.1_03_49162933_T/C,Chr03,49162933,0.0418850575411045,1442,FALSE
Pv2.1_01_42273721_T/C,Chr01,42273721,0.0418806827263363,1443,FALSE
Pv2.1_08_9707256_G/C,Chr08,9707256,0.0418792569576381,1444,FALSE
Pv2.1_04_28238627_C/A,Chr04,28238627,0.0418676077855218,1445,FALSE
Pv2.1_11_1193195_A/G,Chr11,1193195,0.0418628307214903,1446,FALSE
Pv2.1_08_6249422_T/A,Chr08,6249422,0.0418597811107291,1447,FALSE
Pv2.1_08_53354298_G/T,Chr08,53354298,0.041855941540943,1448,FALSE
Pv2.1_01_43005687_A/T,Chr01,43005687,0.0418521228737045,1449,FALSE
Pv2.1_01_13173202_A/G,Chr01,13173202,0.0418232606900708,1450,FALSE
Pv2.1_01_4737559_C/T,Chr01,4737559,0.041820356868862,1451,FALSE
Pv2.1_03_33445725_A/T,Chr03,33445725,0.0418178713662094,1452,FALSE
Pv2.1_11_51100459_G/T,Chr11,51100459,0.0418173963000053,1453,FALSE
Pv2.1_08_53386776_G/T,Chr08,53386776,0.0418172666554231,1454,FALSE
Pv2.1_08_59104934_T/A,Chr08,59104934,0.0418129896404884,1455,FALSE
Pv2.1_04_41740043_C/CT,Chr04,41740043,0.041812919313831,1456,FALSE
Pv2.1_09_38104869_G/A,Chr09,38104869,0.0418017082696864,1457,FALSE
Pv2.1_08_60329776_T/C,Chr08,60329776,0.0417938350581948,1458,FALSE
Pv2.1_08_53645509_C/T,Chr08,53645509,0.0417836322651115,1459,FALSE
Pv2.1_09_37473829_C/T,Chr09,37473829,0.0417771339052813,1460,FALSE
Pv2.1_08_57823536_C/CA,Chr08,57823536,0.0417687297609182,1461,FALSE
Pv2.1_03_45996524_A/G,Chr03,45996524,0.0417670575246945,1462,FALSE
Pv2.1_09_36670556_C/G,Chr09,36670556,0.0417562496919781,1463,FALSE
Pv2.1_11_52413259_C/A,Chr11,52413259,0.0417536539256189,1464,FALSE
Pv2.1_08_58386470_T/C,Chr08,58386470,0.0417490613317271,1465,FALSE
Pv2.1_03_178170_T/C,Chr03,178170,0.0417445879410261,1466,FALSE
Pv2.1_03_2314739_T/C,Chr03,2314739,0.0417380722525169,1467,FALSE
Pv2.1_08_7844044_C/G,Chr08,7844044,0.041732510299513,1468,FALSE
Pv2.1_08_3231792_T/C,Chr08,3231792,0.0417315935684601,1469,FALSE
Pv2.1_02_26242519_T/C,Chr02,26242519,0.0417230622579492,1470,FALSE
Pv2.1_03_48574835_T/A,Chr03,48574835,0.0417164855309662,1471,FALSE
Pv2.1_01_45464169_T/C,Chr01,45464169,0.0417053561151861,1472,FALSE
Pv2.1_02_12351198_A/T,Chr02,12351198,0.0416972191386606,1473,FALSE
Pv2.1_08_62146627_C/CA,Chr08,62146627,0.0416883628678764,1474,FALSE
Pv2.1_10_5041020_T/A,Chr10,5041020,0.0416816165105538,1475,FALSE
Pv2.1_01_4722031_C/T,Chr01,4722031,0.0416779286466089,1476,FALSE
Pv2.1_09_36899282_T/C,Chr09,36899282,0.0416759330476393,1477,FALSE
Pv2.1_09_36899297_C/T,Chr09,36899297,0.0416759330476393,1478,FALSE
Pv2.1_02_10511763_A/G,Chr02,10511763,0.0416658965079093,1479,FALSE
Pv2.1_11_1456132_T/G,Chr11,1456132,0.0416218638762058,1480,FALSE
Pv2.1_08_62490329_A/C,Chr08,62490329,0.0416090015031672,1481,FALSE
Pv2.1_08_62327762_A/G,Chr08,62327762,0.0416078369947877,1482,FALSE
Pv2.1_07_7931032_G/A,Chr07,7931032,0.0416047871924237,1483,FALSE
Pv2.1_03_10176300_T/A,Chr03,10176300,0.041601955659194,1484,FALSE
Pv2.1_06_20995246_C/T,Chr06,20995246,0.041598335366519,1485,FALSE
Pv2.1_01_13124249_C/A,Chr01,13124249,0.0415939729900496,1486,FALSE
Pv2.1_09_36966773_A/T,Chr09,36966773,0.0415855129119862,1487,FALSE
Pv2.1_08_61264384_A/G,Chr08,61264384,0.0415712831677246,1488,FALSE
Pv2.1_10_1698905_C/CAAG,Chr10,1698905,0.0415616202180811,1489,FALSE
Pv2.1_08_53136915_T/C,Chr08,53136915,0.0415616157783623,1490,FALSE
Pv2.1_07_9149472_G/T,Chr07,9149472,0.041553698246322,1491,FALSE
Pv2.1_08_53212596_T/C,Chr08,53212596,0.0415503605638921,1492,FALSE
Pv2.1_02_48724543_T/C,Chr02,48724543,0.0415437453298617,1493,FALSE
Pv2.1_08_55834599_A/G,Chr08,55834599,0.0415349670038849,1494,FALSE
Pv2.1_08_61526673_T/TTAGA,Chr08,61526673,0.0415283679910772,1495,FALSE
Pv2.1_09_37626369_T/A,Chr09,37626369,0.0415265408519354,1496,FALSE
Pv2.1_05_39732392_G/A,Chr05,39732392,0.0415225009123157,1497,FALSE
Pv2.1_08_61135681_C/T,Chr08,61135681,0.0415173514018754,1498,FALSE
Pv2.1_11_49259797_G/C,Chr11,49259797,0.0415135872542036,1499,FALSE
Pv2.1_06_27995424_G/T,Chr06,27995424,0.0414965871624369,1500,FALSE
Pv2.1_02_45163226_A/G,Chr02,45163226,0.0414954282099282,1501,FALSE
Pv2.1_03_48263537_G/A,Chr03,48263537,0.0414953316835045,1502,FALSE
Pv2.1_08_564298_A/G,Chr08,564298,0.0414866235681313,1503,FALSE
Pv2.1_08_53260836_C/G,Chr08,53260836,0.0414789297258098,1504,FALSE
Pv2.1_06_19874160_T/A,Chr06,19874160,0.0414705586457531,1505,FALSE
Pv2.1_01_144112_G/A,Chr01,144112,0.0414693317631132,1506,FALSE
Pv2.1_03_48548517_C/T,Chr03,48548517,0.0414616444421183,1507,FALSE
Pv2.1_08_53505802_T/C,Chr08,53505802,0.0414603804450993,1508,FALSE
Pv2.1_02_25635590_G/GT,Chr02,25635590,0.0414585453420062,1509,FALSE
Pv2.1_11_3129590_T/C,Chr11,3129590,0.041442786906349,1510,FALSE
Pv2.1_09_14438623_C/T,Chr09,14438623,0.041437290622425,1511,FALSE
Pv2.1_07_32695142_G/A,Chr07,32695142,0.0414246440393189,1512,FALSE
Pv2.1_08_58990724_A/AT,Chr08,58990724,0.0414174802710967,1513,FALSE
Pv2.1_04_12248591_G/A,Chr04,12248591,0.0414170595947061,1514,FALSE
Pv2.1_09_36881777_C/T,Chr09,36881777,0.041403790878308,1515,FALSE
Pv2.1_04_2032985_G/T,Chr04,2032985,0.0413983427301439,1516,FALSE
Pv2.1_01_4737536_A/C,Chr01,4737536,0.0413929716367059,1517,FALSE
Pv2.1_03_50443314_G/A,Chr03,50443314,0.0413760486075243,1518,FALSE
Pv2.1_03_50443318_G/T,Chr03,50443318,0.0413760486075243,1519,FALSE
Pv2.1_11_2956818_A/T,Chr11,2956818,0.0413739184504767,1520,FALSE
Pv2.1_03_49131514_T/G,Chr03,49131514,0.0413734948796956,1521,FALSE
Pv2.1_04_45494567_G/T,Chr04,45494567,0.041372997882771,1522,FALSE
Pv2.1_08_7941122_G/A,Chr08,7941122,0.0413656036444618,1523,FALSE
Pv2.1_06_24233499_G/A,Chr06,24233499,0.0413499076661661,1524,FALSE
Pv2.1_08_9714568_C/T,Chr08,9714568,0.0413345957015205,1525,FALSE
Pv2.1_05_38527093_G/GCGTTT,Chr05,38527093,0.0413342300185202,1526,FALSE
Pv2.1_10_41958787_C/CA,Chr10,41958787,0.0413249778338227,1527,FALSE
Pv2.1_08_59125843_G/C,Chr08,59125843,0.0413106665109013,1528,FALSE
Pv2.1_01_43071539_A/G,Chr01,43071539,0.0413073423657013,1529,FALSE
Pv2.1_03_1269307_T/G,Chr03,1269307,0.0412921073157433,1530,FALSE
Pv2.1_06_15481195_G/A,Chr06,15481195,0.0412890195221403,1531,FALSE
Pv2.1_03_40784412_G/A,Chr03,40784412,0.0412872967464573,1532,FALSE
Pv2.1_09_36891636_T/C,Chr09,36891636,0.0412851793801439,1533,FALSE
Pv2.1_08_1249809_C/T,Chr08,1249809,0.0412523271613154,1534,FALSE
Pv2.1_07_32673725_T/G,Chr07,32673725,0.0412504045478399,1535,FALSE
Pv2.1_10_6648657_A/T,Chr10,6648657,0.0412405649322634,1536,FALSE
Pv2.1_08_59752513_T/C,Chr08,59752513,0.0412377181500423,1537,FALSE
Pv2.1_08_475641_G/A,Chr08,475641,0.0412164714746623,1538,FALSE
Pv2.1_09_12157069_GT/G,Chr09,12157069,0.0412137200094396,1539,FALSE
Pv2.1_08_396819_A/C,Chr08,396819,0.0412118478249384,1540,FALSE
Pv2.1_08_58129431_G/T,Chr08,58129431,0.0412105624477777,1541,FALSE
Pv2.1_08_58129442_T/A,Chr08,58129442,0.0412105624477777,1542,FALSE
Pv2.1_03_30385406_G/A,Chr03,30385406,0.041209674213337,1543,FALSE
Pv2.1_10_5041042_GA/G,Chr10,5041042,0.0411974702253932,1544,FALSE
Pv2.1_08_58194709_G/C,Chr08,58194709,0.0411936112408977,1545,FALSE
Pv2.1_01_4589062_T/G,Chr01,4589062,0.0411887764469414,1546,FALSE
Pv2.1_01_4589091_G/A,Chr01,4589091,0.0411887764469414,1547,FALSE
Pv2.1_03_50398499_G/T,Chr03,50398499,0.0411859761637401,1548,FALSE
Pv2.1_08_60249774_A/G,Chr08,60249774,0.0411854211938909,1549,FALSE
Pv2.1_03_42007067_C/T,Chr03,42007067,0.0411806876438576,1550,FALSE
Pv2.1_04_47050584_ATT/A,Chr04,47050584,0.041169987656335,1551,FALSE
Pv2.1_04_47050587_T/C,Chr04,47050587,0.041169987656335,1552,FALSE
Pv2.1_02_37586590_G/C,Chr02,37586590,0.0411616189573443,1553,FALSE
Pv2.1_08_12991653_T/C,Chr08,12991653,0.0411588326909618,1554,FALSE
Pv2.1_09_13689167_C/T,Chr09,13689167,0.0411582696043968,1555,FALSE
Pv2.1_08_59973175_C/T,Chr08,59973175,0.0411582166927222,1556,FALSE
Pv2.1_10_4355051_C/CAAA,Chr10,4355051,0.0411549967304778,1557,FALSE
Pv2.1_02_22724210_G/C,Chr02,22724210,0.0411372550282705,1558,FALSE
Pv2.1_06_12372418_A/G,Chr06,12372418,0.0411309568868443,1559,FALSE
Pv2.1_09_14394288_T/A,Chr09,14394288,0.0411295056731427,1560,FALSE
Pv2.1_03_37349591_T/C,Chr03,37349591,0.0411229754275508,1561,FALSE
Pv2.1_08_62863919_T/A,Chr08,62863919,0.0411187154524959,1562,FALSE
Pv2.1_04_8072138_C/T,Chr04,8072138,0.0411087581559535,1563,FALSE
Pv2.1_10_40961396_A/T,Chr10,40961396,0.041106024853161,1564,FALSE
Pv2.1_03_51263398_A/T,Chr03,51263398,0.0410965054539729,1565,FALSE
Pv2.1_08_53354252_G/T,Chr08,53354252,0.0410933859150284,1566,FALSE
Pv2.1_08_61837920_T/C,Chr08,61837920,0.0410930563143759,1567,FALSE
Pv2.1_10_5856219_T/G,Chr10,5856219,0.0410905939348405,1568,FALSE
Pv2.1_08_1001432_T/C,Chr08,1001432,0.0410881236578238,1569,FALSE
Pv2.1_08_53236850_T/C,Chr08,53236850,0.0410818637994277,1570,FALSE
Pv2.1_09_37348717_A/T,Chr09,37348717,0.0410814946675537,1571,FALSE
Pv2.1_09_37348718_A/G,Chr09,37348718,0.0410814946675537,1572,FALSE
Pv2.1_07_33523282_TA/T,Chr07,33523282,0.0410738858956807,1573,FALSE
Pv2.1_04_9704101_C/T,Chr04,9704101,0.0410712749869986,1574,FALSE
Pv2.1_05_37356033_T/A,Chr05,37356033,0.0410672319701439,1575,FALSE
Pv2.1_01_4013075_T/G,Chr01,4013075,0.0410552168894358,1576,FALSE
Pv2.1_07_194902_C/G,Chr07,194902,0.0410548858348778,1577,FALSE
Pv2.1_11_51692414_T/C,Chr11,51692414,0.0410529756384936,1578,FALSE
Pv2.1_08_58446149_G/T,Chr08,58446149,0.0410416162020408,1579,FALSE
Pv2.1_08_58446184_A/G,Chr08,58446184,0.0410416162020408,1580,FALSE
Pv2.1_03_48575539_T/G,Chr03,48575539,0.0410344578958828,1581,FALSE
Pv2.1_01_105854_C/T,Chr01,105854,0.0410221194071383,1582,FALSE
Pv2.1_05_172651_G/C,Chr05,172651,0.0410143987849931,1583,FALSE
Pv2.1_02_35805536_A/G,Chr02,35805536,0.0410122713994796,1584,FALSE
Pv2.1_01_3198566_T/C,Chr01,3198566,0.041011511174756,1585,FALSE
Pv2.1_08_59545789_T/C,Chr08,59545789,0.0410104941774088,1586,FALSE
Pv2.1_02_27564313_A/G,Chr02,27564313,0.0410063675801662,1587,FALSE
Pv2.1_04_45501723_TA/T,Chr04,45501723,0.0409999509325663,1588,FALSE
Pv2.1_08_62588717_TC/T,Chr08,62588717,0.0409799503839681,1589,FALSE
Pv2.1_09_37603730_G/A,Chr09,37603730,0.0409798395040144,1590,FALSE
Pv2.1_06_20077150_G/A,Chr06,20077150,0.0409773590752929,1591,FALSE
Pv2.1_07_9106034_A/G,Chr07,9106034,0.0409749318460868,1592,FALSE
Pv2.1_03_45959290_T/C,Chr03,45959290,0.0409702238880096,1593,FALSE
Pv2.1_04_3102046_AC/A,Chr04,3102046,0.0409675246020775,1594,FALSE
Pv2.1_01_13058024_T/C,Chr01,13058024,0.0409618505518727,1595,FALSE
Pv2.1_02_13946392_G/A,Chr02,13946392,0.0409596581690375,1596,FALSE
Pv2.1_01_4013087_A/G,Chr01,4013087,0.0409454174118209,1597,FALSE
Pv2.1_08_53167034_T/C,Chr08,53167034,0.040941792156215,1598,FALSE
Pv2.1_08_1003619_T/G,Chr08,1003619,0.0409362590598379,1599,FALSE
Pv2.1_08_60336154_C/A,Chr08,60336154,0.0409324604862831,1600,FALSE
Pv2.1_08_60336160_C/T,Chr08,60336160,0.0409324604862831,1601,FALSE
Pv2.1_10_42138889_A/AT,Chr10,42138889,0.0409228459081659,1602,FALSE
Pv2.1_08_6960092_T/A,Chr08,6960092,0.0409216541893818,1603,FALSE
Pv2.1_03_2006121_A/G,Chr03,2006121,0.0409204615652348,1604,FALSE
Pv2.1_01_49221335_G/A,Chr01,49221335,0.0409197281529696,1605,FALSE
Pv2.1_08_58532467_T/C,Chr08,58532467,0.0409180892834757,1606,FALSE
Pv2.1_08_11941618_G/A,Chr08,11941618,0.0408989979518237,1607,FALSE
Pv2.1_02_23328719_G/A,Chr02,23328719,0.040895821772394,1608,FALSE
Pv2.1_07_30463947_A/G,Chr07,30463947,0.0408956409305548,1609,FALSE
Pv2.1_08_6809184_C/A,Chr08,6809184,0.0408916390032172,1610,FALSE
Pv2.1_06_20660569_GATTAGGTTTTAG/ATTAGGTTTTTAT,Chr06,20660569,0.0408881019419893,1611,FALSE
Pv2.1_02_31270456_T/A,Chr02,31270456,0.040886167142677,1612,FALSE
Pv2.1_11_983067_T/G,Chr11,983067,0.0408809178606999,1613,FALSE
Pv2.1_07_18363538_T/C,Chr07,18363538,0.0408807811217335,1614,FALSE
Pv2.1_02_16040742_T/G,Chr02,16040742,0.0408794080171861,1615,FALSE
Pv2.1_02_11952764_G/T,Chr02,11952764,0.0408771898047524,1616,FALSE
Pv2.1_11_47178666_C/G,Chr11,47178666,0.0408756071110079,1617,FALSE
Pv2.1_07_34546869_A/T,Chr07,34546869,0.040874052571255,1618,FALSE
Pv2.1_08_9707066_A/AT,Chr08,9707066,0.040873437373778,1619,FALSE
Pv2.1_07_32674990_G/A,Chr07,32674990,0.0408588458015267,1620,FALSE
Pv2.1_05_40706539_G/T,Chr05,40706539,0.0408368790019513,1621,FALSE
Pv2.1_04_41740002_G/T,Chr04,41740002,0.0408291151709403,1622,FALSE
Pv2.1_07_32673723_A/C,Chr07,32673723,0.0408248619241061,1623,FALSE
Pv2.1_07_32673743_A/C,Chr07,32673743,0.0408248619241061,1624,FALSE
Pv2.1_03_30437140_T/A,Chr03,30437140,0.04082410540529,1625,FALSE
Pv2.1_08_59635669_A/T,Chr08,59635669,0.040822113364805,1626,FALSE
Pv2.1_04_28238635_C/T,Chr04,28238635,0.0408190234566384,1627,FALSE
Pv2.1_02_12633813_C/T,Chr02,12633813,0.0408169681891231,1628,FALSE
Pv2.1_08_60277496_T/G,Chr08,60277496,0.0408165302006003,1629,FALSE
Pv2.1_03_27654473_C/CT,Chr03,27654473,0.0408157169114496,1630,FALSE
Pv2.1_08_60796317_C/A,Chr08,60796317,0.0408141263280859,1631,FALSE
Pv2.1_02_49605096_A/G,Chr02,49605096,0.0408070599971215,1632,FALSE
Pv2.1_04_43712438_C/G,Chr04,43712438,0.040804008339093,1633,FALSE
Pv2.1_03_37426587_G/A,Chr03,37426587,0.0407819363052804,1634,FALSE
Pv2.1_08_9707148_G/C,Chr08,9707148,0.0407781496311084,1635,FALSE
Pv2.1_09_16552415_C/A,Chr09,16552415,0.0407768679032787,1636,FALSE
Pv2.1_06_11654058_A/G,Chr06,11654058,0.0407760171383362,1637,FALSE
Pv2.1_09_36563777_T/C,Chr09,36563777,0.0407717758214834,1638,FALSE
Pv2.1_05_39412197_C/A,Chr05,39412197,0.040754016218111,1639,FALSE
Pv2.1_03_51372397_C/T,Chr03,51372397,0.0407396439977381,1640,FALSE
Pv2.1_11_3691564_T/C,Chr11,3691564,0.0407314455457364,1641,FALSE
Pv2.1_11_1517769_A/G,Chr11,1517769,0.0407285550159835,1642,FALSE
Pv2.1_03_51140123_T/A,Chr03,51140123,0.0407239040791256,1643,FALSE
Pv2.1_07_38830177_A/G,Chr07,38830177,0.0407138886244232,1644,FALSE
Pv2.1_03_49131424_T/G,Chr03,49131424,0.0407077522504675,1645,FALSE
Pv2.1_08_11596712_G/A,Chr08,11596712,0.0407059177757998,1646,FALSE
Pv2.1_11_46083636_T/C,Chr11,46083636,0.0406994650019201,1647,FALSE
Pv2.1_08_9926071_A/T,Chr08,9926071,0.0406949016412312,1648,FALSE
Pv2.1_04_1627767_A/G,Chr04,1627767,0.0406914314527271,1649,FALSE
Pv2.1_08_53212635_C/T,Chr08,53212635,0.0406903025767083,1650,FALSE
Pv2.1_08_61240426_C/T,Chr08,61240426,0.0406831053985268,1651,FALSE
Pv2.1_08_9130752_A/G,Chr08,9130752,0.0406800342867344,1652,FALSE
Pv2.1_07_34260362_G/GT,Chr07,34260362,0.0406750531339601,1653,FALSE
Pv2.1_09_38003770_T/A,Chr09,38003770,0.0406683452536845,1654,FALSE
Pv2.1_08_53236239_T/A,Chr08,53236239,0.0406646194103031,1655,FALSE
Pv2.1_03_12555614_G/C,Chr03,12555614,0.0406589064675496,1656,FALSE
Pv2.1_05_39338204_A/C,Chr05,39338204,0.0406517261298975,1657,FALSE
Pv2.1_09_37800058_C/T,Chr09,37800058,0.0406470510095973,1658,FALSE
Pv2.1_08_62382681_C/T,Chr08,62382681,0.0406388387160104,1659,FALSE
Pv2.1_01_9825395_T/TG,Chr01,9825395,0.0406376292134478,1660,FALSE
Pv2.1_08_37668781_G/C,Chr08,37668781,0.0406370066342432,1661,FALSE
Pv2.1_04_448769_C/T,Chr04,448769,0.0406352944991388,1662,FALSE
Pv2.1_08_43799073_G/A,Chr08,43799073,0.0406199497380064,1663,FALSE
Pv2.1_08_20680072_C/T,Chr08,20680072,0.0406183059287213,1664,FALSE
Pv2.1_11_3657969_A/G,Chr11,3657969,0.0406178188219495,1665,FALSE
Pv2.1_04_8044213_G/A,Chr04,8044213,0.0406128357243953,1666,FALSE
Pv2.1_08_58599983_TA/T,Chr08,58599983,0.040610522487083,1667,FALSE
Pv2.1_10_1366728_G/A,Chr10,1366728,0.0406092363137178,1668,FALSE
Pv2.1_11_3659010_G/C,Chr11,3659010,0.0406024648506742,1669,FALSE
Pv2.1_08_60224683_G/C,Chr08,60224683,0.0405990369467637,1670,FALSE
Pv2.1_08_9931388_C/T,Chr08,9931388,0.0405969838912061,1671,FALSE
Pv2.1_08_57823554_GT/G,Chr08,57823554,0.0405953428583632,1672,FALSE
Pv2.1_02_1630087_A/C,Chr02,1630087,0.0405912468860801,1673,FALSE
Pv2.1_11_1325182_T/TGGA,Chr11,1325182,0.0405856864598331,1674,FALSE
Pv2.1_08_60450991_G/A,Chr08,60450991,0.0405698209246057,1675,FALSE
Pv2.1_09_36430981_C/T,Chr09,36430981,0.0405668058908768,1676,FALSE
Pv2.1_08_62043209_GTT/G,Chr08,62043209,0.0405622984328384,1677,FALSE
Pv2.1_08_62795999_G/A,Chr08,62795999,0.0405564014701962,1678,FALSE
Pv2.1_08_9765172_G/C,Chr08,9765172,0.0405563578880734,1679,FALSE
Pv2.1_11_1325179_A/T,Chr11,1325179,0.0405550359438771,1680,FALSE
Pv2.1_07_1451431_C/T,Chr07,1451431,0.0405473582112688,1681,FALSE
Pv2.1_03_32701069_T/TG,Chr03,32701069,0.0405390296410726,1682,FALSE
Pv2.1_08_61186578_A/T,Chr08,61186578,0.0405227280388871,1683,FALSE
Pv2.1_08_3231347_C/A,Chr08,3231347,0.0405210302936498,1684,FALSE
Pv2.1_06_21012825_T/G,Chr06,21012825,0.0405198541615817,1685,FALSE
Pv2.1_07_5471809_A/T,Chr07,5471809,0.0405191018894531,1686,FALSE
Pv2.1_09_37352774_C/T,Chr09,37352774,0.0405137338698052,1687,FALSE
Pv2.1_08_7435364_C/G,Chr08,7435364,0.0405133077284283,1688,FALSE
Pv2.1_07_4292446_T/G,Chr07,4292446,0.040512009325496,1689,FALSE
Pv2.1_08_62046624_C/G,Chr08,62046624,0.0405098168300171,1690,FALSE
Pv2.1_09_36874686_C/T,Chr09,36874686,0.040504772735646,1691,FALSE
Pv2.1_06_28097688_A/G,Chr06,28097688,0.0405045273662861,1692,FALSE
Pv2.1_04_46314997_C/T,Chr04,46314997,0.0405015385850405,1693,FALSE
Pv2.1_10_42187792_A/G,Chr10,42187792,0.0404932403010156,1694,FALSE
Pv2.1_08_58413425_G/T,Chr08,58413425,0.040489276415554,1695,FALSE
Pv2.1_08_60348218_G/A,Chr08,60348218,0.0404862586427246,1696,FALSE
Pv2.1_08_53665748_C/T,Chr08,53665748,0.0404747462826132,1697,FALSE
Pv2.1_11_839680_C/G,Chr11,839680,0.0404695639419708,1698,FALSE
Pv2.1_01_4084849_G/A,Chr01,4084849,0.0404615495487182,1699,FALSE
Pv2.1_03_51026_T/TCATAA,Chr03,51026,0.0404449401262861,1700,FALSE
Pv2.1_02_35730642_A/C,Chr02,35730642,0.0404386473592862,1701,FALSE
Pv2.1_08_60778352_G/A,Chr08,60778352,0.0404329371372025,1702,FALSE
Pv2.1_09_36919599_C/G,Chr09,36919599,0.0404316508906497,1703,FALSE
Pv2.1_08_20680104_A/G,Chr08,20680104,0.0404281726463998,1704,FALSE
Pv2.1_04_44784865_A/T,Chr04,44784865,0.0404193109366564,1705,FALSE
Pv2.1_07_4319261_A/G,Chr07,4319261,0.0404192219300441,1706,FALSE
Pv2.1_09_36899422_G/A,Chr09,36899422,0.0404146205491154,1707,FALSE
Pv2.1_04_27704649_G/A,Chr04,27704649,0.0404092027082386,1708,FALSE
Pv2.1_11_47282439_C/A,Chr11,47282439,0.0404066601512634,1709,FALSE
Pv2.1_11_940129_T/C,Chr11,940129,0.0403965805409809,1710,FALSE
Pv2.1_11_940132_C/T,Chr11,940132,0.0403965805409809,1711,FALSE
Pv2.1_01_2270905_T/C,Chr01,2270905,0.0403938105319641,1712,FALSE
Pv2.1_09_36872903_T/C,Chr09,36872903,0.0403907172485232,1713,FALSE
Pv2.1_06_29446206_A/G,Chr06,29446206,0.0403881896208076,1714,FALSE
Pv2.1_08_53256163_G/A,Chr08,53256163,0.0403803556078484,1715,FALSE
Pv2.1_07_37288861_G/A,Chr07,37288861,0.0403766427947843,1716,FALSE
Pv2.1_05_2409690_T/C,Chr05,2409690,0.0403618087877842,1717,FALSE
Pv2.1_07_32695109_T/C,Chr07,32695109,0.0403568088396682,1718,FALSE
Pv2.1_04_46100169_T/C,Chr04,46100169,0.0403536870322658,1719,FALSE
Pv2.1_08_61264479_A/G,Chr08,61264479,0.0403522726268282,1720,FALSE
Pv2.1_04_11405248_T/A,Chr04,11405248,0.040346614900423,1721,FALSE
Pv2.1_04_7718517_A/C,Chr04,7718517,0.0403459819975427,1722,FALSE
Pv2.1_01_10142220_A/T,Chr01,10142220,0.040338928679255,1723,FALSE
Pv2.1_07_266543_T/A,Chr07,266543,0.0403377624758288,1724,FALSE
Pv2.1_02_31270467_T/CA,Chr02,31270467,0.0403321894591766,1725,FALSE
Pv2.1_02_27129449_A/T,Chr02,27129449,0.0403265977332818,1726,FALSE
Pv2.1_08_7713787_A/G,Chr08,7713787,0.0403260885901218,1727,FALSE
Pv2.1_10_8838257_A/G,Chr10,8838257,0.0403207368874545,1728,FALSE
Pv2.1_02_28046154_G/A,Chr02,28046154,0.0403173743638594,1729,FALSE
Pv2.1_08_24833300_T/C,Chr08,24833300,0.0403171348443974,1730,FALSE
Pv2.1_08_58990770_G/C,Chr08,58990770,0.0403152800297488,1731,FALSE
Pv2.1_03_867145_T/C,Chr03,867145,0.0403052726724114,1732,FALSE
Pv2.1_04_11184400_C/T,Chr04,11184400,0.0403048097651269,1733,FALSE
Pv2.1_08_54004960_C/T,Chr08,54004960,0.0403001336401059,1734,FALSE
Pv2.1_04_8454022_A/T,Chr04,8454022,0.0402994074054113,1735,FALSE
Pv2.1_04_46176765_A/C,Chr04,46176765,0.0402943822155706,1736,FALSE
Pv2.1_09_35927095_G/T,Chr09,35927095,0.0402899630181843,1737,FALSE
Pv2.1_08_7729890_G/T,Chr08,7729890,0.0402883165254995,1738,FALSE
Pv2.1_08_7729921_C/A,Chr08,7729921,0.0402883165254995,1739,FALSE
Pv2.1_07_4078595_C/T,Chr07,4078595,0.0402861792124996,1740,FALSE
Pv2.1_07_4078596_C/T,Chr07,4078596,0.0402861792124996,1741,FALSE
Pv2.1_04_44764866_T/A,Chr04,44764866,0.0402695261671466,1742,FALSE
Pv2.1_11_52611068_C/G,Chr11,52611068,0.0402630405224205,1743,FALSE
Pv2.1_11_52611068_C/T,Chr11,52611068,0.04026304052242,1744,FALSE
Pv2.1_09_37799845_A/T,Chr09,37799845,0.0402448628925356,1745,FALSE
Pv2.1_02_26914440_T/C,Chr02,26914440,0.0402444556294643,1746,FALSE
Pv2.1_02_26914441_T/G,Chr02,26914441,0.0402444556294643,1747,FALSE
Pv2.1_11_1787379_C/G,Chr11,1787379,0.040244435705223,1748,FALSE
Pv2.1_07_37015634_AGTG/A,Chr07,37015634,0.0402379187122346,1749,FALSE
Pv2.1_03_46030832_C/T,Chr03,46030832,0.0402338102003403,1750,FALSE
Pv2.1_08_62553178_A/T,Chr08,62553178,0.0402325826863001,1751,FALSE
Pv2.1_04_46176755_T/C,Chr04,46176755,0.0402325177948075,1752,FALSE
Pv2.1_09_38027872_A/G,Chr09,38027872,0.040232380820902,1753,FALSE
Pv2.1_02_48688684_A/C,Chr02,48688684,0.0402170498464627,1754,FALSE
Pv2.1_11_3921640_G/A,Chr11,3921640,0.0402057970825913,1755,FALSE
Pv2.1_08_58129429_G/T,Chr08,58129429,0.0402055376045993,1756,FALSE
Pv2.1_07_206155_T/C,Chr07,206155,0.0402018108168134,1757,FALSE
Pv2.1_07_1475319_G/A,Chr07,1475319,0.0401994643787562,1758,FALSE
Pv2.1_04_45177589_T/C,Chr04,45177589,0.0401990285591389,1759,FALSE
Pv2.1_11_49259782_G/A,Chr11,49259782,0.040196370307688,1760,FALSE
Pv2.1_10_1366747_C/A,Chr10,1366747,0.040194953329205,1761,FALSE
Pv2.1_04_4915887_G/A,Chr04,4915887,0.0401854858659902,1762,FALSE
Pv2.1_03_2474503_C/T,Chr03,2474503,0.0401754431084878,1763,FALSE
Pv2.1_08_9410002_A/G,Chr08,9410002,0.0401751433752429,1764,FALSE
Pv2.1_08_53469776_C/T,Chr08,53469776,0.0401700648297507,1765,FALSE
Pv2.1_11_46181262_C/T,Chr11,46181262,0.0401665383753032,1766,FALSE
Pv2.1_08_939802_T/A,Chr08,939802,0.0401584424566486,1767,FALSE
Pv2.1_08_939803_C/A,Chr08,939803,0.0401584424566486,1768,FALSE
Pv2.1_04_12237186_C/T,Chr04,12237186,0.0401581936538733,1769,FALSE
Pv2.1_04_7458201_GAC/G,Chr04,7458201,0.0401568093376863,1770,FALSE
Pv2.1_02_26946953_G/T,Chr02,26946953,0.0401528855402167,1771,FALSE
Pv2.1_07_27221914_C/G,Chr07,27221914,0.0401502506975806,1772,FALSE
Pv2.1_05_204358_G/A,Chr05,204358,0.0401495295605283,1773,FALSE
Pv2.1_03_10176318_A/G,Chr03,10176318,0.0401447350943416,1774,FALSE
Pv2.1_08_57920034_C/T,Chr08,57920034,0.0401430380632637,1775,FALSE
Pv2.1_08_9096225_AG/A,Chr08,9096225,0.0401314696763722,1776,FALSE
Pv2.1_04_46177985_C/G,Chr04,46177985,0.0401203120074283,1777,FALSE
Pv2.1_03_49131472_A/C,Chr03,49131472,0.0401168518823964,1778,FALSE
Pv2.1_04_2650353_C/G,Chr04,2650353,0.0400952471964224,1779,FALSE
Pv2.1_07_38207141_GAA/G,Chr07,38207141,0.0400893136316256,1780,FALSE
Pv2.1_08_2645814_T/G,Chr08,2645814,0.0400849514314858,1781,FALSE
Pv2.1_05_465052_C/T,Chr05,465052,0.0400814826927851,1782,FALSE
Pv2.1_06_19964809_G/A,Chr06,19964809,0.0400789471891003,1783,FALSE
Pv2.1_07_6732493_T/C,Chr07,6732493,0.0400755106373043,1784,FALSE
Pv2.1_07_6732503_T/A,Chr07,6732503,0.0400755106373043,1785,FALSE
Pv2.1_01_4006399_C/T,Chr01,4006399,0.0400524820570634,1786,FALSE
Pv2.1_07_206149_C/A,Chr07,206149,0.0400515284659631,1787,FALSE
Pv2.1_08_61525694_T/C,Chr08,61525694,0.0400490812977576,1788,FALSE
Pv2.1_02_26956641_G/A,Chr02,26956641,0.0400487648386894,1789,FALSE
Pv2.1_02_44728354_C/T,Chr02,44728354,0.0400367401660766,1790,FALSE
Pv2.1_09_36808123_G/T,Chr09,36808123,0.0400356246762561,1791,FALSE
Pv2.1_08_53354322_T/A,Chr08,53354322,0.0400255300306829,1792,FALSE
Pv2.1_02_49605067_A/G,Chr02,49605067,0.0400248153339615,1793,FALSE
Pv2.1_11_1285742_T/G,Chr11,1285742,0.0400244037587232,1794,FALSE
Pv2.1_08_61089243_T/C,Chr08,61089243,0.0400179321618199,1795,FALSE
Pv2.1_05_39338203_A/T,Chr05,39338203,0.0400099838388122,1796,FALSE
Pv2.1_09_37663021_C/T,Chr09,37663021,0.0400096145509066,1797,FALSE
Pv2.1_03_77635_G/C,Chr03,77635,0.0400090889809412,1798,FALSE
Pv2.1_03_39684240_T/C,Chr03,39684240,0.0400034799317162,1799,FALSE
Pv2.1_07_34126171_A/T,Chr07,34126171,0.040002765163512,1800,FALSE
Pv2.1_03_48012798_T/C,Chr03,48012798,0.0400026938048734,1801,FALSE
Pv2.1_11_819142_G/T,Chr11,819142,0.0400012429636036,1802,FALSE
Pv2.1_08_62824066_C/T,Chr08,62824066,0.0399915985993018,1803,FALSE
Pv2.1_08_62941326_T/C,Chr08,62941326,0.0399873196434184,1804,FALSE
Pv2.1_03_39634587_G/A,Chr03,39634587,0.0399781264935175,1805,FALSE
Pv2.1_11_1465967_A/C,Chr11,1465967,0.0399774234482444,1806,FALSE
Pv2.1_06_18934421_T/A,Chr06,18934421,0.0399766771390904,1807,FALSE
Pv2.1_08_1001436_T/C,Chr08,1001436,0.0399716185001773,1808,FALSE
Pv2.1_08_1001464_A/G,Chr08,1001464,0.0399716185001773,1809,FALSE
Pv2.1_08_60362753_T/G,Chr08,60362753,0.039963636236005,1810,FALSE
Pv2.1_08_9926043_A/G,Chr08,9926043,0.0399614459220694,1811,FALSE
Pv2.1_08_8121833_C/T,Chr08,8121833,0.0399492553952907,1812,FALSE
Pv2.1_06_21573591_C/T,Chr06,21573591,0.0399471741246753,1813,FALSE
Pv2.1_02_30997109_C/G,Chr02,30997109,0.0399470061160789,1814,FALSE
Pv2.1_08_7163489_G/GT,Chr08,7163489,0.0399436296591689,1815,FALSE
Pv2.1_08_59635668_A/G,Chr08,59635668,0.0399326478397746,1816,FALSE
Pv2.1_03_31676169_A/G,Chr03,31676169,0.0399281655668919,1817,FALSE
Pv2.1_07_38824964_A/G,Chr07,38824964,0.0399234635671597,1818,FALSE
Pv2.1_07_34260466_AC/A,Chr07,34260466,0.0399173512665518,1819,FALSE
Pv2.1_01_2270338_G/C,Chr01,2270338,0.0399138407277624,1820,FALSE
Pv2.1_11_2687326_G/T,Chr11,2687326,0.0399073032268555,1821,FALSE
Pv2.1_08_58337347_A/C,Chr08,58337347,0.0398943657205475,1822,FALSE
Pv2.1_08_58337353_C/A,Chr08,58337353,0.0398943657205475,1823,FALSE
Pv2.1_08_60211786_A/G,Chr08,60211786,0.0398908756369205,1824,FALSE
Pv2.1_08_58337367_T/A,Chr08,58337367,0.0398898461076724,1825,FALSE
Pv2.1_04_9626721_C/CT,Chr04,9626721,0.0398864385780882,1826,FALSE
Pv2.1_11_1276636_T/C,Chr11,1276636,0.0398818501917595,1827,FALSE
Pv2.1_11_3949979_A/T,Chr11,3949979,0.0398691994273026,1828,FALSE
Pv2.1_11_1381993_T/G,Chr11,1381993,0.0398680210506659,1829,FALSE
Pv2.1_04_46188693_T/A,Chr04,46188693,0.0398611335280803,1830,FALSE
Pv2.1_09_36808125_G/A,Chr09,36808125,0.0398589795223225,1831,FALSE
Pv2.1_08_61470080_G/A,Chr08,61470080,0.0398589215028164,1832,FALSE
Pv2.1_08_16674311_G/A,Chr08,16674311,0.0398533139693553,1833,FALSE
Pv2.1_07_34552652_C/A,Chr07,34552652,0.0398525528924871,1834,FALSE
Pv2.1_01_210297_A/G,Chr01,210297,0.039850885741012,1835,FALSE
Pv2.1_01_10142263_C/T,Chr01,10142263,0.0398482264477424,1836,FALSE
Pv2.1_08_61153483_A/T,Chr08,61153483,0.0398479008507455,1837,FALSE
Pv2.1_08_7436861_T/C,Chr08,7436861,0.0398467495965584,1838,FALSE
Pv2.1_07_33316207_A/G,Chr07,33316207,0.0398436018482746,1839,FALSE
Pv2.1_08_45507756_TTC/T,Chr08,45507756,0.0398392945149575,1840,FALSE
Pv2.1_09_36911740_A/T,Chr09,36911740,0.0398355327168449,1841,FALSE
Pv2.1_07_36906609_C/T,Chr07,36906609,0.039830395427054,1842,FALSE
Pv2.1_08_59036078_T/C,Chr08,59036078,0.0398205062487476,1843,FALSE
Pv2.1_04_43641332_T/G,Chr04,43641332,0.039816091687134,1844,FALSE
Pv2.1_05_464800_A/G,Chr05,464800,0.03981086194886,1845,FALSE
Pv2.1_08_58417937_G/A,Chr08,58417937,0.0398079840168823,1846,FALSE
Pv2.1_02_44970458_T/A,Chr02,44970458,0.039807206065662,1847,FALSE
Pv2.1_08_38658163_C/T,Chr08,38658163,0.0398071101090682,1848,FALSE
Pv2.1_01_14671458_C/A,Chr01,14671458,0.0397989316241629,1849,FALSE
Pv2.1_02_31183980_T/A,Chr02,31183980,0.0397954682180521,1850,FALSE
Pv2.1_07_3889727_C/A,Chr07,3889727,0.0397877990651012,1851,FALSE
Pv2.1_03_49707366_A/G,Chr03,49707366,0.0397820510808939,1852,FALSE
Pv2.1_08_58129424_A/T,Chr08,58129424,0.0397728945902576,1853,FALSE
Pv2.1_03_45934621_T/C,Chr03,45934621,0.0397692104487799,1854,FALSE
Pv2.1_04_12206662_A/T,Chr04,12206662,0.0397656801430841,1855,FALSE
Pv2.1_02_26946852_G/A,Chr02,26946852,0.0397634274419771,1856,FALSE
Pv2.1_01_43027263_A/G,Chr01,43027263,0.0397626142139305,1857,FALSE
Pv2.1_08_48646370_A/T,Chr08,48646370,0.0397615813343806,1858,FALSE
Pv2.1_03_45481054_G/A,Chr03,45481054,0.0397615373229527,1859,FALSE
Pv2.1_01_4423037_A/C,Chr01,4423037,0.0397567549182836,1860,FALSE
Pv2.1_04_16567840_G/A,Chr04,16567840,0.0397567433959214,1861,FALSE
Pv2.1_03_13132854_T/TC,Chr03,13132854,0.0397540717604601,1862,FALSE
Pv2.1_01_14234458_C/T,Chr01,14234458,0.0397534327435256,1863,FALSE
Pv2.1_11_3535115_C/T,Chr11,3535115,0.0397528018337043,1864,FALSE
Pv2.1_08_60121265_C/T,Chr08,60121265,0.0397524182836877,1865,FALSE
Pv2.1_03_40751725_G/T,Chr03,40751725,0.0397478280037693,1866,FALSE
Pv2.1_08_61048224_G/A,Chr08,61048224,0.0397416628258651,1867,FALSE
Pv2.1_04_45449136_ATC/A,Chr04,45449136,0.0397395518808317,1868,FALSE
Pv2.1_08_53256226_C/T,Chr08,53256226,0.0397348839770824,1869,FALSE
Pv2.1_08_58194729_G/C,Chr08,58194729,0.0397348839770824,1870,FALSE
Pv2.1_08_58285732_C/T,Chr08,58285732,0.0397348839770824,1871,FALSE
Pv2.1_08_45849414_A/T,Chr08,45849414,0.0397317470578158,1872,FALSE
Pv2.1_07_21436795_CAG/C,Chr07,21436795,0.0397264019353933,1873,FALSE
Pv2.1_01_4013117_A/G,Chr01,4013117,0.0397234842523222,1874,FALSE
Pv2.1_07_485528_A/G,Chr07,485528,0.0397139550375436,1875,FALSE
Pv2.1_06_20409412_T/A,Chr06,20409412,0.0397114568170092,1876,FALSE
Pv2.1_06_27807805_C/CTT,Chr06,27807805,0.0397112948237743,1877,FALSE
Pv2.1_04_3753539_G/T,Chr04,3753539,0.0397022319238012,1878,FALSE
Pv2.1_09_36899431_A/T,Chr09,36899431,0.0397000631722997,1879,FALSE
Pv2.1_08_62953251_G/T,Chr08,62953251,0.0396955760816162,1880,FALSE
Pv2.1_02_23338212_G/T,Chr02,23338212,0.039690553401698,1881,FALSE
Pv2.1_04_46855413_C/G,Chr04,46855413,0.0396783214950367,1882,FALSE
Pv2.1_08_5167203_T/C,Chr08,5167203,0.0396737062962576,1883,FALSE
Pv2.1_11_1018572_A/G,Chr11,1018572,0.0396649770843043,1884,FALSE
Pv2.1_11_1018597_C/T,Chr11,1018597,0.0396649770843043,1885,FALSE
Pv2.1_06_18752100_C/T,Chr06,18752100,0.0396579060492921,1886,FALSE
Pv2.1_08_59278863_C/A,Chr08,59278863,0.0396543480620233,1887,FALSE
Pv2.1_07_9124014_T/A,Chr07,9124014,0.0396515562525592,1888,FALSE
Pv2.1_07_7911985_C/T,Chr07,7911985,0.0396466569978649,1889,FALSE
Pv2.1_08_4613329_G/A,Chr08,4613329,0.0396409822968686,1890,FALSE
Pv2.1_09_14241230_T/C,Chr09,14241230,0.0396224307652888,1891,FALSE
Pv2.1_03_30411816_C/T,Chr03,30411816,0.0396204371689066,1892,FALSE
Pv2.1_08_53212632_A/T,Chr08,53212632,0.0396152195937489,1893,FALSE
Pv2.1_08_33621113_A/G,Chr08,33621113,0.0396143202304371,1894,FALSE
Pv2.1_11_917446_G/A,Chr11,917446,0.0396119373127322,1895,FALSE
Pv2.1_01_2270257_G/A,Chr01,2270257,0.0396094392514885,1896,FALSE
Pv2.1_08_8154451_C/T,Chr08,8154451,0.0395992544148944,1897,FALSE
Pv2.1_04_11044472_C/T,Chr04,11044472,0.0395977218534145,1898,FALSE
Pv2.1_08_60683241_C/T,Chr08,60683241,0.0395804366642274,1899,FALSE
Pv2.1_08_61639236_C/A,Chr08,61639236,0.039566790313843,1900,FALSE
Pv2.1_04_2623804_C/T,Chr04,2623804,0.0395661117723924,1901,FALSE
Pv2.1_03_430573_G/A,Chr03,430573,0.0395615644117124,1902,FALSE
Pv2.1_06_20852832_C/T,Chr06,20852832,0.0395567945664048,1903,FALSE
Pv2.1_06_19990583_A/G,Chr06,19990583,0.039550678760556,1904,FALSE
Pv2.1_08_5989274_G/A,Chr08,5989274,0.0395486622175896,1905,FALSE
Pv2.1_07_509286_A/ATAG,Chr07,509286,0.039546629185784,1906,FALSE
Pv2.1_11_1018779_T/A,Chr11,1018779,0.0395438691141417,1907,FALSE
Pv2.1_07_8994967_T/TGGAA,Chr07,8994967,0.0395431592089128,1908,FALSE
Pv2.1_07_32674984_G/A,Chr07,32674984,0.039542262228871,1909,FALSE
Pv2.1_02_41172577_A/T,Chr02,41172577,0.0395360529961599,1910,FALSE
Pv2.1_11_3567051_A/T,Chr11,3567051,0.0395300836588732,1911,FALSE
Pv2.1_05_464845_A/G,Chr05,464845,0.0395148418897673,1912,FALSE
Pv2.1_03_1118917_G/A,Chr03,1118917,0.0395040878468258,1913,FALSE
Pv2.1_08_62589899_G/A,Chr08,62589899,0.0394991444739525,1914,FALSE
Pv2.1_09_37707652_A/C,Chr09,37707652,0.0394957204036635,1915,FALSE
Pv2.1_08_60247846_G/A,Chr08,60247846,0.0394934361741592,1916,FALSE
Pv2.1_05_38930156_A/C,Chr05,38930156,0.0394926730234415,1917,FALSE
Pv2.1_07_34867512_A/T,Chr07,34867512,0.0394904880214102,1918,FALSE
Pv2.1_08_1170047_T/A,Chr08,1170047,0.0394883017931664,1919,FALSE
Pv2.1_08_60799389_C/G,Chr08,60799389,0.039484125996839,1920,FALSE
Pv2.1_08_6076860_G/A,Chr08,6076860,0.0394741731037787,1921,FALSE
Pv2.1_08_62891903_C/T,Chr08,62891903,0.0394730559161594,1922,FALSE
Pv2.1_08_9088383_A/T,Chr08,9088383,0.0394716317611521,1923,FALSE
Pv2.1_08_58795596_T/G,Chr08,58795596,0.0394703098314535,1924,FALSE
Pv2.1_08_58795635_C/T,Chr08,58795635,0.0394703098314535,1925,FALSE
Pv2.1_08_60662735_T/A,Chr08,60662735,0.0394692005212374,1926,FALSE
Pv2.1_08_60662790_C/G,Chr08,60662790,0.0394692005212374,1927,FALSE
Pv2.1_10_5671276_G/A,Chr10,5671276,0.039451116516755,1928,FALSE
Pv2.1_08_59148275_C/T,Chr08,59148275,0.0394510969226585,1929,FALSE
Pv2.1_06_20409852_A/G,Chr06,20409852,0.0394427211623363,1930,FALSE
Pv2.1_10_42515259_T/A,Chr10,42515259,0.039434519519618,1931,FALSE
Pv2.1_07_485561_G/C,Chr07,485561,0.0394197423717673,1932,FALSE
Pv2.1_06_19606307_C/T,Chr06,19606307,0.0394128526814779,1933,FALSE
Pv2.1_08_58743444_A/ACT,Chr08,58743444,0.0394091393511364,1934,FALSE
Pv2.1_08_9707464_C/A,Chr08,9707464,0.0394090401267522,1935,FALSE
Pv2.1_08_62191533_C/A,Chr08,62191533,0.0394051027208207,1936,FALSE
Pv2.1_08_16674362_T/C,Chr08,16674362,0.0394010020188911,1937,FALSE
Pv2.1_07_33523272_G/T,Chr07,33523272,0.0393921469181442,1938,FALSE
Pv2.1_08_53645608_A/G,Chr08,53645608,0.0393841433955071,1939,FALSE
Pv2.1_10_1416237_T/C,Chr10,1416237,0.0393667034020293,1940,FALSE
Pv2.1_05_39325966_A/G,Chr05,39325966,0.0393638570977819,1941,FALSE
Pv2.1_04_541287_A/C,Chr04,541287,0.0393608222501349,1942,FALSE
Pv2.1_07_7682826_C/T,Chr07,7682826,0.0393600539688528,1943,FALSE
Pv2.1_06_17577393_C/T,Chr06,17577393,0.039346983476344,1944,FALSE
Pv2.1_03_41906948_G/C,Chr03,41906948,0.0393463494886812,1945,FALSE
Pv2.1_09_37663791_C/A,Chr09,37663791,0.0393443712729797,1946,FALSE
Pv2.1_11_51020631_A/G,Chr11,51020631,0.0393403349981947,1947,FALSE
Pv2.1_03_430574_T/C,Chr03,430574,0.0393375011358703,1948,FALSE
Pv2.1_11_1305825_G/T,Chr11,1305825,0.0393303220303816,1949,FALSE
Pv2.1_08_48436493_T/A,Chr08,48436493,0.0393289730656892,1950,FALSE
Pv2.1_03_2580077_G/A,Chr03,2580077,0.0393229697935715,1951,FALSE
Pv2.1_08_59255998_G/T,Chr08,59255998,0.0393216329132637,1952,FALSE
Pv2.1_03_37464617_T/A,Chr03,37464617,0.0393194558091712,1953,FALSE
Pv2.1_06_13814780_G/A,Chr06,13814780,0.039318669049794,1954,FALSE
Pv2.1_08_61525755_T/C,Chr08,61525755,0.0393169889822689,1955,FALSE
Pv2.1_08_59635429_T/A,Chr08,59635429,0.0393145973031803,1956,FALSE
Pv2.1_07_35701173_A/G,Chr07,35701173,0.0393133964034647,1957,FALSE
Pv2.1_01_5342252_A/G,Chr01,5342252,0.039310227873552,1958,FALSE
Pv2.1_01_5342270_G/T,Chr01,5342270,0.039310227873552,1959,FALSE
Pv2.1_01_5342302_T/A,Chr01,5342302,0.039310227873552,1960,FALSE
Pv2.1_01_1963018_G/A,Chr01,1963018,0.0393047995126188,1961,FALSE
Pv2.1_11_50784452_A/G,Chr11,50784452,0.0393036725832494,1962,FALSE
Pv2.1_11_1285745_T/C,Chr11,1285745,0.0392970774474488,1963,FALSE
Pv2.1_09_37663057_C/T,Chr09,37663057,0.039290347665121,1964,FALSE
Pv2.1_08_61879986_G/A,Chr08,61879986,0.0392900507914611,1965,FALSE
Pv2.1_05_1301144_G/A,Chr05,1301144,0.0392811714960173,1966,FALSE
Pv2.1_07_3892782_C/A,Chr07,3892782,0.0392763750893437,1967,FALSE
Pv2.1_08_57920035_T/C,Chr08,57920035,0.0392758469689221,1968,FALSE
Pv2.1_01_43027224_A/T,Chr01,43027224,0.0392737036217605,1969,FALSE
Pv2.1_03_48271296_A/G,Chr03,48271296,0.0392709742658233,1970,FALSE
Pv2.1_11_45741757_AATT/A,Chr11,45741757,0.0392698717815208,1971,FALSE
Pv2.1_11_891366_C/T,Chr11,891366,0.039266725107109,1972,FALSE
Pv2.1_07_21524331_T/G,Chr07,21524331,0.0392634181203921,1973,FALSE
Pv2.1_05_464953_G/A,Chr05,464953,0.0392588715461617,1974,FALSE
Pv2.1_08_62796002_G/C,Chr08,62796002,0.0392510446469943,1975,FALSE
Pv2.1_09_36843842_T/A,Chr09,36843842,0.0392446849863144,1976,FALSE
Pv2.1_02_45719006_G/C,Chr02,45719006,0.03924450915666,1977,FALSE
Pv2.1_08_57822791_G/T,Chr08,57822791,0.0392419111105906,1978,FALSE
Pv2.1_03_39816738_A/T,Chr03,39816738,0.0392365450919732,1979,FALSE
Pv2.1_11_967244_T/A,Chr11,967244,0.039236247632485,1980,FALSE
Pv2.1_08_58824632_G/A,Chr08,58824632,0.0392331065796236,1981,FALSE
Pv2.1_03_48007285_T/A,Chr03,48007285,0.0392329814340058,1982,FALSE
Pv2.1_07_4001241_G/A,Chr07,4001241,0.0392329192186809,1983,FALSE
Pv2.1_09_37812772_G/A,Chr09,37812772,0.0392307643281553,1984,FALSE
Pv2.1_08_17018985_T/C,Chr08,17018985,0.0392248653057039,1985,FALSE
Pv2.1_03_51304757_A/G,Chr03,51304757,0.0392181953451929,1986,FALSE
Pv2.1_03_49696995_A/G,Chr03,49696995,0.0392172553864256,1987,FALSE
Pv2.1_11_2713400_AAGTAG/GTATAC,Chr11,2713400,0.0392083832934707,1988,FALSE
Pv2.1_07_35749347_T/C,Chr07,35749347,0.0392045207013219,1989,FALSE
Pv2.1_11_3135882_A/G,Chr11,3135882,0.0391987685317479,1990,FALSE
Pv2.1_11_45756606_C/T,Chr11,45756606,0.0391897873121034,1991,FALSE
Pv2.1_05_9400534_C/A,Chr05,9400534,0.0391793414488935,1992,FALSE
Pv2.1_03_37464606_A/C,Chr03,37464606,0.0391704249340066,1993,FALSE
Pv2.1_08_7435268_A/T,Chr08,7435268,0.0391558482711374,1994,FALSE
Pv2.1_02_2389798_C/T,Chr02,2389798,0.0391557294831921,1995,FALSE
Pv2.1_01_2218825_A/G,Chr01,2218825,0.0391441697369781,1996,FALSE
Pv2.1_09_37799859_G/T,Chr09,37799859,0.0391420021725364,1997,FALSE
Pv2.1_04_3928995_A/ATT,Chr04,3928995,0.0391404836293572,1998,FALSE
Pv2.1_08_58417657_C/G,Chr08,58417657,0.039133187440429,1999,FALSE
Pv2.1_07_38080256_A/T,Chr07,38080256,0.0391217980294893,2000,FALSE
Pv2.1_01_51186402_C/A,Chr01,51186402,0.0391067337576985,2001,FALSE
Pv2.1_01_43317055_G/C,Chr01,43317055,0.0391054304841929,2002,FALSE
Pv2.1_02_12516938_T/C,Chr02,12516938,0.039105395581549,2003,FALSE
Pv2.1_04_47078690_A/G,Chr04,47078690,0.0391028203968906,2004,FALSE
Pv2.1_03_2442970_T/C,Chr03,2442970,0.0391017244942202,2005,FALSE
Pv2.1_07_28423385_C/G,Chr07,28423385,0.0390982007175325,2006,FALSE
Pv2.1_09_37352672_C/A,Chr09,37352672,0.0390981720776331,2007,FALSE
Pv2.1_02_27129356_G/T,Chr02,27129356,0.0390973030795769,2008,FALSE
Pv2.1_08_61837887_C/T,Chr08,61837887,0.0390967075400255,2009,FALSE
Pv2.1_08_1437524_C/T,Chr08,1437524,0.039091902387189,2010,FALSE
Pv2.1_08_61338550_G/A,Chr08,61338550,0.0390895097336053,2011,FALSE
Pv2.1_05_739669_A/G,Chr05,739669,0.0390884427585592,2012,FALSE
Pv2.1_08_7844106_C/A,Chr08,7844106,0.0390847646287305,2013,FALSE
Pv2.1_11_48385353_T/C,Chr11,48385353,0.0390831579734559,2014,FALSE
Pv2.1_04_4625953_G/A,Chr04,4625953,0.0390797434154253,2015,FALSE
Pv2.1_11_3953875_G/A,Chr11,3953875,0.0390790381805211,2016,FALSE
Pv2.1_02_11948793_T/A,Chr02,11948793,0.0390743430695011,2017,FALSE
Pv2.1_08_9707443_C/A,Chr08,9707443,0.0390724045313391,2018,FALSE
Pv2.1_02_49597335_T/A,Chr02,49597335,0.039061682742477,2019,FALSE
Pv2.1_08_7027098_G/T,Chr08,7027098,0.0390492796001594,2020,FALSE
Pv2.1_06_20409442_A/C,Chr06,20409442,0.0390379183238041,2021,FALSE
Pv2.1_03_10176290_G/T,Chr03,10176290,0.0390371286783737,2022,FALSE
Pv2.1_03_10176291_T/C,Chr03,10176291,0.0390371286783737,2023,FALSE
Pv2.1_07_39886238_C/T,Chr07,39886238,0.039034926607628,2024,FALSE
Pv2.1_01_2388436_T/G,Chr01,2388436,0.0390216977287472,2025,FALSE
Pv2.1_11_1519411_G/C,Chr11,1519411,0.0390216153735214,2026,FALSE
Pv2.1_07_5705257_T/C,Chr07,5705257,0.0390195970170328,2027,FALSE
Pv2.1_11_3659054_G/T,Chr11,3659054,0.0390122771858223,2028,FALSE
Pv2.1_08_58336606_A/C,Chr08,58336606,0.0390081174358241,2029,FALSE
Pv2.1_08_62952292_C/G,Chr08,62952292,0.0390007007951576,2030,FALSE
Pv2.1_08_57866522_G/T,Chr08,57866522,0.0389903530961564,2031,FALSE
Pv2.1_08_57866533_G/C,Chr08,57866533,0.0389903530961564,2032,FALSE
Pv2.1_08_57866571_C/T,Chr08,57866571,0.0389903530961564,2033,FALSE
Pv2.1_08_58125403_T/G,Chr08,58125403,0.0389903530961564,2034,FALSE
Pv2.1_08_44528183_T/G,Chr08,44528183,0.0389850342143805,2035,FALSE
Pv2.1_04_7385869_A/C,Chr04,7385869,0.0389794426710925,2036,FALSE
Pv2.1_08_47257153_C/T,Chr08,47257153,0.0389762138420511,2037,FALSE
Pv2.1_08_9683469_A/G,Chr08,9683469,0.0389758051593532,2038,FALSE
Pv2.1_03_48574784_A/G,Chr03,48574784,0.0389752600253859,2039,FALSE
Pv2.1_08_7765436_C/T,Chr08,7765436,0.0389726518638702,2040,FALSE
Pv2.1_09_36911713_T/G,Chr09,36911713,0.0389591241687204,2041,FALSE
Pv2.1_02_23291462_G/A,Chr02,23291462,0.0389540187161144,2042,FALSE
Pv2.1_08_16673099_T/C,Chr08,16673099,0.0389423595640537,2043,FALSE
Pv2.1_07_7912018_G/A,Chr07,7912018,0.0389417331409785,2044,FALSE
Pv2.1_07_38135418_A/G,Chr07,38135418,0.0389399473116168,2045,FALSE
Pv2.1_08_58122322_G/T,Chr08,58122322,0.0389382946261079,2046,FALSE
Pv2.1_02_13541432_T/C,Chr02,13541432,0.0389349417413127,2047,FALSE
Pv2.1_09_36526292_T/TA,Chr09,36526292,0.0389311623001989,2048,FALSE
Pv2.1_11_3582616_T/A,Chr11,3582616,0.0389270938766741,2049,FALSE
Pv2.1_11_3582626_T/C,Chr11,3582626,0.0389270938766741,2050,FALSE
Pv2.1_11_3582638_A/T,Chr11,3582638,0.0389270938766741,2051,FALSE
Pv2.1_01_105860_G/T,Chr01,105860,0.0389247731947386,2052,FALSE
Pv2.1_07_25823_A/G,Chr07,25823,0.0389243409505671,2053,FALSE
Pv2.1_07_25829_T/A,Chr07,25829,0.0389243409505671,2054,FALSE
Pv2.1_08_53323067_C/T,Chr08,53323067,0.0389225481502562,2055,FALSE
Pv2.1_08_49677492_A/G,Chr08,49677492,0.0389164497386125,2056,FALSE
Pv2.1_08_8456016_C/T,Chr08,8456016,0.0389126474380319,2057,FALSE
Pv2.1_08_53491329_A/G,Chr08,53491329,0.0389093508673413,2058,FALSE
Pv2.1_07_36687610_T/C,Chr07,36687610,0.0389003376476991,2059,FALSE
Pv2.1_11_52413236_A/G,Chr11,52413236,0.0388975061112546,2060,FALSE
Pv2.1_01_51193012_T/A,Chr01,51193012,0.0388944596571807,2061,FALSE
Pv2.1_10_1723726_C/T,Chr10,1723726,0.0388932438831833,2062,FALSE
Pv2.1_08_60982387_G/A,Chr08,60982387,0.0388902026637834,2063,FALSE
Pv2.1_08_60982396_C/G,Chr08,60982396,0.0388902026637834,2064,FALSE
Pv2.1_11_50263215_T/A,Chr11,50263215,0.0388897088382474,2065,FALSE
Pv2.1_09_384107_G/A,Chr09,384107,0.0388875129359141,2066,FALSE
Pv2.1_01_13958845_T/A,Chr01,13958845,0.0388808776371725,2067,FALSE
Pv2.1_07_5544490_G/A,Chr07,5544490,0.0388808486535077,2068,FALSE
Pv2.1_06_24135032_G/A,Chr06,24135032,0.0388801111677175,2069,FALSE
Pv2.1_04_47556133_G/T,Chr04,47556133,0.0388791332884244,2070,FALSE
Pv2.1_04_44419473_G/T,Chr04,44419473,0.0388772227938721,2071,FALSE
Pv2.1_08_28379451_C/T,Chr08,28379451,0.0388533597738663,2072,FALSE
Pv2.1_08_58386373_T/A,Chr08,58386373,0.0388515015290625,2073,FALSE
Pv2.1_08_58142733_T/C,Chr08,58142733,0.0388402743688303,2074,FALSE
Pv2.1_08_58142749_A/G,Chr08,58142749,0.0388402743688303,2075,FALSE
Pv2.1_04_15954922_G/GA,Chr04,15954922,0.0388317231338804,2076,FALSE
Pv2.1_01_3930337_G/A,Chr01,3930337,0.0388312095951333,2077,FALSE
Pv2.1_04_1593169_A/T,Chr04,1593169,0.0388295828895417,2078,FALSE
Pv2.1_04_46188253_C/T,Chr04,46188253,0.0388220996484052,2079,FALSE
Pv2.1_06_18593992_C/T,Chr06,18593992,0.0388186789594855,2080,FALSE
Pv2.1_01_49221261_C/T,Chr01,49221261,0.038815151267845,2081,FALSE
Pv2.1_06_19472676_C/T,Chr06,19472676,0.0388101952630118,2082,FALSE
Pv2.1_06_19585446_C/T,Chr06,19585446,0.0388098496858142,2083,FALSE
Pv2.1_10_2738526_G/A,Chr10,2738526,0.0388071916961117,2084,FALSE
Pv2.1_02_24402388_C/G,Chr02,24402388,0.0388066005611401,2085,FALSE
Pv2.1_08_7941074_C/G,Chr08,7941074,0.0388036662513578,2086,FALSE
Pv2.1_08_5462518_G/A,Chr08,5462518,0.0388016866741228,2087,FALSE
Pv2.1_04_47078710_C/T,Chr04,47078710,0.0388006295766146,2088,FALSE
Pv2.1_01_3451961_C/T,Chr01,3451961,0.0387965482487411,2089,FALSE
Pv2.1_07_35511684_C/T,Chr07,35511684,0.0387943186881587,2090,FALSE
Pv2.1_08_968638_TC/T,Chr08,968638,0.0387927451661394,2091,FALSE
Pv2.1_11_47215206_T/C,Chr11,47215206,0.0387926039489139,2092,FALSE
Pv2.1_08_61825918_A/T,Chr08,61825918,0.0387923482128212,2093,FALSE
Pv2.1_08_61526748_C/T,Chr08,61526748,0.0387871799185864,2094,FALSE
Pv2.1_08_61526753_A/G,Chr08,61526753,0.0387871799185864,2095,FALSE
Pv2.1_09_36710251_A/C,Chr09,36710251,0.0387758702869636,2096,FALSE
Pv2.1_09_36710258_C/T,Chr09,36710258,0.0387758702869636,2097,FALSE
Pv2.1_09_36710266_G/T,Chr09,36710266,0.0387758702869636,2098,FALSE
Pv2.1_09_36710290_C/T,Chr09,36710290,0.0387758702869636,2099,FALSE
Pv2.1_02_40981078_G/A,Chr02,40981078,0.0387706622829853,2100,FALSE
Pv2.1_01_4588927_G/C,Chr01,4588927,0.0387671444897215,2101,FALSE
Pv2.1_07_36785322_C/A,Chr07,36785322,0.0387658397957855,2102,FALSE
Pv2.1_01_10142243_T/C,Chr01,10142243,0.0387624342002129,2103,FALSE
Pv2.1_01_3221623_T/C,Chr01,3221623,0.0387560145995725,2104,FALSE
Pv2.1_01_3221626_C/G,Chr01,3221626,0.0387560145995725,2105,FALSE
Pv2.1_08_61153373_A/C,Chr08,61153373,0.0387444626273483,2106,FALSE
Pv2.1_10_446769_C/T,Chr10,446769,0.0387440642191264,2107,FALSE
Pv2.1_10_446778_A/G,Chr10,446778,0.0387440642191264,2108,FALSE
Pv2.1_03_33351009_CAATA/C,Chr03,33351009,0.0387365609116648,2109,FALSE
Pv2.1_02_27943142_A/C,Chr02,27943142,0.0387342907187538,2110,FALSE
Pv2.1_11_47862238_T/C,Chr11,47862238,0.0387330785026561,2111,FALSE
Pv2.1_08_62952078_T/G,Chr08,62952078,0.0387308743452084,2112,FALSE
Pv2.1_09_38092921_A/G,Chr09,38092921,0.0387305662130508,2113,FALSE
Pv2.1_04_11405390_G/A,Chr04,11405390,0.0387238131733447,2114,FALSE
Pv2.1_08_7844049_T/G,Chr08,7844049,0.038719677426879,2115,FALSE
Pv2.1_08_6953268_CA/C,Chr08,6953268,0.0387160090746441,2116,FALSE
Pv2.1_02_41208995_A/C,Chr02,41208995,0.0387157502329392,2117,FALSE
Pv2.1_10_2581917_T/C,Chr10,2581917,0.0387151993936494,2118,FALSE
Pv2.1_07_9143776_G/A,Chr07,9143776,0.0387109475371861,2119,FALSE
Pv2.1_01_49085168_C/T,Chr01,49085168,0.0387106083808724,2120,FALSE
Pv2.1_08_56137148_A/G,Chr08,56137148,0.0387092200121515,2121,FALSE
Pv2.1_05_40656502_C/T,Chr05,40656502,0.0387034898480563,2122,FALSE
Pv2.1_06_20103959_T/C,Chr06,20103959,0.0386984920484745,2123,FALSE
Pv2.1_06_25619405_T/A,Chr06,25619405,0.0386971023083405,2124,FALSE
Pv2.1_07_6788700_C/A,Chr07,6788700,0.0386937036191108,2125,FALSE
Pv2.1_08_7844093_C/T,Chr08,7844093,0.0386893493020342,2126,FALSE
Pv2.1_04_46263194_A/C,Chr04,46263194,0.0386850798718839,2127,FALSE
Pv2.1_08_61206723_C/T,Chr08,61206723,0.0386792259466704,2128,FALSE
Pv2.1_11_3971026_C/CA,Chr11,3971026,0.0386702409539597,2129,FALSE
Pv2.1_06_20660581_G/T,Chr06,20660581,0.0386652233885614,2130,FALSE
Pv2.1_07_4292421_G/C,Chr07,4292421,0.0386651478447781,2131,FALSE
Pv2.1_04_2753947_G/T,Chr04,2753947,0.0386575939116312,2132,FALSE
Pv2.1_06_29955828_G/A,Chr06,29955828,0.0386517332492318,2133,FALSE
Pv2.1_06_29955864_G/A,Chr06,29955864,0.0386517332492318,2134,FALSE
Pv2.1_07_32673492_T/C,Chr07,32673492,0.0386442517831083,2135,FALSE
Pv2.1_06_15752295_G/A,Chr06,15752295,0.0386368323138782,2136,FALSE
Pv2.1_03_2227591_C/T,Chr03,2227591,0.0386360395264647,2137,FALSE
Pv2.1_08_32637172_G/A,Chr08,32637172,0.0386305180361721,2138,FALSE
Pv2.1_02_35816819_G/A,Chr02,35816819,0.0386262818016911,2139,FALSE
Pv2.1_11_3919987_T/C,Chr11,3919987,0.0386183302761749,2140,FALSE
Pv2.1_08_1070342_C/T,Chr08,1070342,0.0386158124236395,2141,FALSE
Pv2.1_03_37392235_C/G,Chr03,37392235,0.0386149956197177,2142,FALSE
Pv2.1_06_29458485_T/TA,Chr06,29458485,0.0386075618752328,2143,FALSE
Pv2.1_06_20165799_G/A,Chr06,20165799,0.0386074086525583,2144,FALSE
Pv2.1_07_38407932_A/T,Chr07,38407932,0.0385878768516674,2145,FALSE
Pv2.1_08_9836629_A/G,Chr08,9836629,0.0385844485973976,2146,FALSE
Pv2.1_09_36872981_C/G,Chr09,36872981,0.0385783599225693,2147,FALSE
Pv2.1_10_41093441_G/A,Chr10,41093441,0.0385731217769929,2148,FALSE
Pv2.1_10_8925013_T/A,Chr10,8925013,0.0385674471498545,2149,FALSE
Pv2.1_11_3921607_T/C,Chr11,3921607,0.0385673763266086,2150,FALSE
Pv2.1_05_40404351_C/G,Chr05,40404351,0.0385564743175526,2151,FALSE
Pv2.1_11_3970860_G/A,Chr11,3970860,0.0385511626646928,2152,FALSE
Pv2.1_11_943628_A/T,Chr11,943628,0.0385484906972824,2153,FALSE
Pv2.1_07_840606_G/C,Chr07,840606,0.0385463795171086,2154,FALSE
Pv2.1_09_37662990_A/T,Chr09,37662990,0.0385412387758262,2155,FALSE
Pv2.1_04_46805321_G/A,Chr04,46805321,0.0385410588606785,2156,FALSE
Pv2.1_07_594569_G/A,Chr07,594569,0.0385388443213714,2157,FALSE
Pv2.1_06_17625898_TCCG/T,Chr06,17625898,0.0385299099090646,2158,FALSE
Pv2.1_04_47605546_A/G,Chr04,47605546,0.0385224629336385,2159,FALSE
Pv2.1_02_49625983_C/T,Chr02,49625983,0.0385222995189336,2160,FALSE
Pv2.1_09_36670592_G/T,Chr09,36670592,0.0385070549327811,2161,FALSE
Pv2.1_09_36670615_C/G,Chr09,36670615,0.0385070549327811,2162,FALSE
Pv2.1_09_37546723_C/G,Chr09,37546723,0.0385067696641981,2163,FALSE
Pv2.1_07_36645454_C/A,Chr07,36645454,0.0385036283371583,2164,FALSE
Pv2.1_01_2454468_A/G,Chr01,2454468,0.0385020726848175,2165,FALSE
Pv2.1_11_3568572_A/C,Chr11,3568572,0.0384996663268051,2166,FALSE
Pv2.1_09_36110829_T/A,Chr09,36110829,0.0384951274877721,2167,FALSE
Pv2.1_01_2311027_A/C,Chr01,2311027,0.0384880371921246,2168,FALSE
Pv2.1_01_9850011_A/G,Chr01,9850011,0.0384856668103821,2169,FALSE
Pv2.1_08_7163567_C/A,Chr08,7163567,0.0384757583856747,2170,FALSE
Pv2.1_01_40706125_A/T,Chr01,40706125,0.0384753690377582,2171,FALSE
Pv2.1_06_18933446_C/A,Chr06,18933446,0.0384735413280226,2172,FALSE
Pv2.1_08_58386323_C/T,Chr08,58386323,0.038471691873593,2173,FALSE
Pv2.1_11_3568419_T/C,Chr11,3568419,0.0384706018350522,2174,FALSE
Pv2.1_08_57822645_G/C,Chr08,57822645,0.0384674892813983,2175,FALSE
Pv2.1_06_19696044_A/T,Chr06,19696044,0.0384665322368014,2176,FALSE
Pv2.1_04_3102065_C/G,Chr04,3102065,0.0384658006914171,2177,FALSE
Pv2.1_04_5419754_A/G,Chr04,5419754,0.0384652278365709,2178,FALSE
Pv2.1_03_46136378_AT/A,Chr03,46136378,0.0384524522171601,2179,FALSE
Pv2.1_06_17610141_T/C,Chr06,17610141,0.0384507675088774,2180,FALSE
Pv2.1_08_62956362_T/C,Chr08,62956362,0.0384493237129799,2181,FALSE
Pv2.1_08_946243_C/T,Chr08,946243,0.0384450970802437,2182,FALSE
Pv2.1_01_18094625_G/A,Chr01,18094625,0.0384437083838476,2183,FALSE
Pv2.1_02_12508757_G/A,Chr02,12508757,0.0384409009604361,2184,FALSE
Pv2.1_04_43712462_T/C,Chr04,43712462,0.0384396123366186,2185,FALSE
Pv2.1_03_984105_G/T,Chr03,984105,0.0384373772247315,2186,FALSE
Pv2.1_07_9346860_A/C,Chr07,9346860,0.0384309951069639,2187,FALSE
Pv2.1_08_60486027_CA/C,Chr08,60486027,0.0384302873578788,2188,FALSE
Pv2.1_10_5856354_T/G,Chr10,5856354,0.0384212014579899,2189,FALSE
Pv2.1_11_3032616_A/T,Chr11,3032616,0.0384207375294721,2190,FALSE
Pv2.1_04_4915848_G/A,Chr04,4915848,0.0384179420825532,2191,FALSE
Pv2.1_03_32241406_T/A,Chr03,32241406,0.0384173052954995,2192,FALSE
Pv2.1_08_61326619_T/A,Chr08,61326619,0.0384145504995854,2193,FALSE
Pv2.1_07_7043337_C/T,Chr07,7043337,0.0384085342269449,2194,FALSE
Pv2.1_11_44185799_A/G,Chr11,44185799,0.0384064585733523,2195,FALSE
Pv2.1_01_46498415_T/G,Chr01,46498415,0.0384015595997864,2196,FALSE
Pv2.1_04_1570810_A/G,Chr04,1570810,0.0383984829801389,2197,FALSE
Pv2.1_08_706796_G/A,Chr08,706796,0.038397212624794,2198,FALSE
Pv2.1_11_3659487_T/G,Chr11,3659487,0.0383835931089043,2199,FALSE
Pv2.1_08_60622741_A/T,Chr08,60622741,0.0383784185588185,2200,FALSE
Pv2.1_02_23134330_G/A,Chr02,23134330,0.0383779450321233,2201,FALSE
Pv2.1_08_47669957_ATT/A,Chr08,47669957,0.0383687182575905,2202,FALSE
Pv2.1_08_62895172_A/G,Chr08,62895172,0.0383685545319228,2203,FALSE
Pv2.1_08_62934674_A/G,Chr08,62934674,0.0383481680894544,2204,FALSE
Pv2.1_09_36843844_A/G,Chr09,36843844,0.0383475403956077,2205,FALSE
Pv2.1_09_36843847_A/T,Chr09,36843847,0.0383475403956077,2206,FALSE
Pv2.1_07_8456578_C/G,Chr07,8456578,0.0383443857724073,2207,FALSE
Pv2.1_06_14106772_C/CATAT,Chr06,14106772,0.0383438275743115,2208,FALSE
Pv2.1_06_706657_C/T,Chr06,706657,0.0383399187994917,2209,FALSE
Pv2.1_09_36679109_T/G,Chr09,36679109,0.0383383422143431,2210,FALSE
Pv2.1_02_2389818_G/C,Chr02,2389818,0.0383315166848996,2211,FALSE
Pv2.1_07_33533211_C/T,Chr07,33533211,0.0383299963037347,2212,FALSE
Pv2.1_09_37473865_C/G,Chr09,37473865,0.0383252152973181,2213,FALSE
Pv2.1_09_36679069_G/A,Chr09,36679069,0.0383174415307086,2214,FALSE
Pv2.1_04_7512703_C/A,Chr04,7512703,0.0383040896431726,2215,FALSE
Pv2.1_08_61391116_T/C,Chr08,61391116,0.0383034858326448,2216,FALSE
Pv2.1_03_53306845_T/C,Chr03,53306845,0.0383006322253907,2217,FALSE
Pv2.1_03_115331_A/G,Chr03,115331,0.0382909679431149,2218,FALSE
Pv2.1_03_115333_A/T,Chr03,115333,0.0382909679431149,2219,FALSE
Pv2.1_08_7154245_C/G,Chr08,7154245,0.0382821914276121,2220,FALSE
Pv2.1_08_25347968_A/G,Chr08,25347968,0.0382814242183178,2221,FALSE
Pv2.1_05_224955_C/G,Chr05,224955,0.0382812720364107,2222,FALSE
Pv2.1_03_37033684_A/T,Chr03,37033684,0.038277718267572,2223,FALSE
Pv2.1_06_15479741_G/A,Chr06,15479741,0.0382750825623091,2224,FALSE
Pv2.1_03_45938868_T/G,Chr03,45938868,0.0382723980564204,2225,FALSE
Pv2.1_02_46773942_T/A,Chr02,46773942,0.0382711237549684,2226,FALSE
Pv2.1_08_53653321_G/A,Chr08,53653321,0.0382688463629557,2227,FALSE
Pv2.1_09_37669029_C/A,Chr09,37669029,0.0382619059873117,2228,FALSE
Pv2.1_08_7941175_A/G,Chr08,7941175,0.0382589220717273,2229,FALSE
Pv2.1_08_62490738_C/G,Chr08,62490738,0.0382572591128558,2230,FALSE
Pv2.1_06_19617245_C/G,Chr06,19617245,0.0382544022783948,2231,FALSE
Pv2.1_04_47686798_A/G,Chr04,47686798,0.0382445645031972,2232,FALSE
Pv2.1_08_47354287_G/A,Chr08,47354287,0.0382414757291656,2233,FALSE
Pv2.1_08_28067636_G/C,Chr08,28067636,0.0382405026473305,2234,FALSE
Pv2.1_11_996706_G/A,Chr11,996706,0.038237231515847,2235,FALSE
Pv2.1_04_43712442_A/T,Chr04,43712442,0.0382324448598466,2236,FALSE
Pv2.1_09_37752751_G/A,Chr09,37752751,0.0382291954581131,2237,FALSE
Pv2.1_11_1411716_T/A,Chr11,1411716,0.0382290478187519,2238,FALSE
Pv2.1_06_20852387_C/T,Chr06,20852387,0.0382245685685043,2239,FALSE
Pv2.1_02_16044823_G/A,Chr02,16044823,0.0382151417135526,2240,FALSE
Pv2.1_08_61525779_G/A,Chr08,61525779,0.0382143179434524,2241,FALSE
Pv2.1_08_58417647_A/G,Chr08,58417647,0.0382115807132695,2242,FALSE
Pv2.1_02_31204599_G/T,Chr02,31204599,0.0382091279388423,2243,FALSE
Pv2.1_11_1748243_G/T,Chr11,1748243,0.0381949036288418,2244,FALSE
Pv2.1_04_45948088_G/C,Chr04,45948088,0.0381934147075569,2245,FALSE
Pv2.1_11_1562093_G/A,Chr11,1562093,0.0381901531028244,2246,FALSE
Pv2.1_08_1381678_A/G,Chr08,1381678,0.0381896955634296,2247,FALSE
Pv2.1_03_43551592_T/A,Chr03,43551592,0.0381895602645788,2248,FALSE
Pv2.1_08_57920024_C/T,Chr08,57920024,0.0381879400963072,2249,FALSE
Pv2.1_09_37766322_T/G,Chr09,37766322,0.0381875155269933,2250,FALSE
Pv2.1_08_62952366_G/A,Chr08,62952366,0.0381864265771608,2251,FALSE
Pv2.1_07_23893241_T/C,Chr07,23893241,0.0381851998362994,2252,FALSE
Pv2.1_02_46858599_T/C,Chr02,46858599,0.0381839895304834,2253,FALSE
Pv2.1_02_13367848_AAC/A,Chr02,13367848,0.0381808330459457,2254,FALSE
Pv2.1_07_35718463_A/ATAT,Chr07,35718463,0.0381788862285495,2255,FALSE
Pv2.1_07_860878_G/T,Chr07,860878,0.0381788516338308,2256,FALSE
Pv2.1_05_3465059_C/T,Chr05,3465059,0.0381763549267866,2257,FALSE
Pv2.1_08_20369198_T/C,Chr08,20369198,0.0381761100701286,2258,FALSE
Pv2.1_11_47862303_T/C,Chr11,47862303,0.0381748082574549,2259,FALSE
Pv2.1_07_9182744_C/A,Chr07,9182744,0.0381743142537911,2260,FALSE
Pv2.1_01_4953325_G/A,Chr01,4953325,0.0381572356416839,2261,FALSE
Pv2.1_01_4588916_G/A,Chr01,4588916,0.0381504096194907,2262,FALSE
Pv2.1_06_20187993_C/G,Chr06,20187993,0.0381473420384673,2263,FALSE
Pv2.1_03_50391625_C/T,Chr03,50391625,0.0381435007437645,2264,FALSE
Pv2.1_01_4952318_A/T,Chr01,4952318,0.0381399110268523,2265,FALSE
Pv2.1_07_32077935_T/C,Chr07,32077935,0.0381302493344045,2266,FALSE
Pv2.1_02_2100795_C/G,Chr02,2100795,0.0381289309005912,2267,FALSE
Pv2.1_05_39968030_C/A,Chr05,39968030,0.0381287605098359,2268,FALSE
Pv2.1_02_23288656_C/G,Chr02,23288656,0.0381284540686604,2269,FALSE
Pv2.1_11_3657992_A/G,Chr11,3657992,0.038124553039725,2270,FALSE
Pv2.1_11_1320234_A/G,Chr11,1320234,0.0381182887469849,2271,FALSE
Pv2.1_08_47574779_GA/G,Chr08,47574779,0.0381160223193366,2272,FALSE
Pv2.1_06_22794395_C/T,Chr06,22794395,0.0381159981206802,2273,FALSE
Pv2.1_09_35507450_G/A,Chr09,35507450,0.0381121946715401,2274,FALSE
Pv2.1_07_33423056_T/C,Chr07,33423056,0.0381097364503225,2275,FALSE
Pv2.1_11_52318003_T/C,Chr11,52318003,0.0381065203815334,2276,FALSE
Pv2.1_06_17348973_G/T,Chr06,17348973,0.0381009395790879,2277,FALSE
Pv2.1_02_12455322_C/G,Chr02,12455322,0.0380882939371539,2278,FALSE
Pv2.1_11_2596573_A/C,Chr11,2596573,0.0380871435148231,2279,FALSE
Pv2.1_05_38357004_T/A,Chr05,38357004,0.038082840312105,2280,FALSE
Pv2.1_03_2213800_C/A,Chr03,2213800,0.0380819636131413,2281,FALSE
Pv2.1_01_2417896_T/C,Chr01,2417896,0.0380799117270931,2282,FALSE
Pv2.1_08_60045691_C/G,Chr08,60045691,0.0380747644757213,2283,FALSE
Pv2.1_03_36241707_A/G,Chr03,36241707,0.0380626116073382,2284,FALSE
Pv2.1_08_58599964_A/C,Chr08,58599964,0.0380616824415219,2285,FALSE
Pv2.1_10_1545124_G/A,Chr10,1545124,0.038061100028616,2286,FALSE
Pv2.1_06_10581518_G/C,Chr06,10581518,0.0380606803131425,2287,FALSE
Pv2.1_09_37452431_A/C,Chr09,37452431,0.0380554066905296,2288,FALSE
Pv2.1_11_44120204_G/A,Chr11,44120204,0.0380541423725655,2289,FALSE
Pv2.1_10_6165905_T/A,Chr10,6165905,0.0380510424608689,2290,FALSE
Pv2.1_08_7162048_T/C,Chr08,7162048,0.0380350503139333,2291,FALSE
Pv2.1_08_60470363_C/T,Chr08,60470363,0.038029538355095,2292,FALSE
Pv2.1_07_7911966_C/A,Chr07,7911966,0.0380279896693603,2293,FALSE
Pv2.1_09_37528086_G/A,Chr09,37528086,0.0380250241133333,2294,FALSE
Pv2.1_09_37528103_C/T,Chr09,37528103,0.0380250241133333,2295,FALSE
Pv2.1_08_43985796_G/A,Chr08,43985796,0.0380238865398148,2296,FALSE
Pv2.1_08_58557172_C/T,Chr08,58557172,0.038023731824941,2297,FALSE
Pv2.1_09_35687876_C/T,Chr09,35687876,0.038019812652192,2298,FALSE
Pv2.1_07_6763355_G/T,Chr07,6763355,0.0380197092800718,2299,FALSE
Pv2.1_11_3778787_C/T,Chr11,3778787,0.0380114576172872,2300,FALSE
Pv2.1_04_45501730_A/G,Chr04,45501730,0.0380102135736213,2301,FALSE
Pv2.1_04_44800593_TA/T,Chr04,44800593,0.0380097351643389,2302,FALSE
Pv2.1_09_36940983_C/T,Chr09,36940983,0.038007278022878,2303,FALSE
Pv2.1_10_6330064_G/C,Chr10,6330064,0.0380027153642692,2304,FALSE
Pv2.1_07_37122805_A/G,Chr07,37122805,0.0379996342525937,2305,FALSE
Pv2.1_08_41088444_G/A,Chr08,41088444,0.0379996236111904,2306,FALSE
Pv2.1_04_46188738_C/T,Chr04,46188738,0.0379981079614105,2307,FALSE
Pv2.1_08_60378774_C/A,Chr08,60378774,0.0379973731423324,2308,FALSE
Pv2.1_08_60378814_C/T,Chr08,60378814,0.0379973731423324,2309,FALSE
Pv2.1_01_2525376_A/G,Chr01,2525376,0.0379901090878443,2310,FALSE
Pv2.1_11_3659492_G/A,Chr11,3659492,0.0379842037799061,2311,FALSE
Pv2.1_07_37046772_C/T,Chr07,37046772,0.0379838630976574,2312,FALSE
Pv2.1_08_62661059_A/G,Chr08,62661059,0.0379820004722977,2313,FALSE
Pv2.1_08_62661059_A/C,Chr08,62661059,0.0379820004722973,2314,FALSE
Pv2.1_08_62956399_T/C,Chr08,62956399,0.037977212016044,2315,FALSE
Pv2.1_04_46263235_C/G,Chr04,46263235,0.0379758241440045,2316,FALSE
Pv2.1_07_97888_A/T,Chr07,97888,0.037975465715085,2317,FALSE
Pv2.1_06_15566509_G/C,Chr06,15566509,0.0379732214065571,2318,FALSE
Pv2.1_08_60658637_C/A,Chr08,60658637,0.0379717866885079,2319,FALSE
Pv2.1_08_46869369_G/C,Chr08,46869369,0.0379649677166407,2320,FALSE
Pv2.1_08_3711986_G/A,Chr08,3711986,0.0379622807464153,2321,FALSE
Pv2.1_08_61467794_G/A,Chr08,61467794,0.0379582448650195,2322,FALSE
Pv2.1_08_10298814_A/T,Chr08,10298814,0.0379523129711319,2323,FALSE
Pv2.1_09_36808099_G/A,Chr09,36808099,0.0379419791493243,2324,FALSE
Pv2.1_04_20664341_G/A,Chr04,20664341,0.0379419492322417,2325,FALSE
Pv2.1_05_825483_G/C,Chr05,825483,0.0379404845204432,2326,FALSE
Pv2.1_06_20852830_T/A,Chr06,20852830,0.0379388075842702,2327,FALSE
Pv2.1_08_12895121_T/G,Chr08,12895121,0.0379375691398196,2328,FALSE
Pv2.1_09_35055136_A/C,Chr09,35055136,0.0379367585668917,2329,FALSE
Pv2.1_06_17085341_G/A,Chr06,17085341,0.0379353998954755,2330,FALSE
Pv2.1_04_46855441_G/A,Chr04,46855441,0.0379307442382113,2331,FALSE
Pv2.1_07_4755241_C/G,Chr07,4755241,0.037928813528854,2332,FALSE
Pv2.1_01_3286736_G/A,Chr01,3286736,0.0379242795373873,2333,FALSE
Pv2.1_02_44838686_A/G,Chr02,44838686,0.0379117188453555,2334,FALSE
Pv2.1_02_44838711_C/A,Chr02,44838711,0.0379117188453555,2335,FALSE
Pv2.1_02_17928016_A/T,Chr02,17928016,0.0379058733716304,2336,FALSE
Pv2.1_07_9068459_G/A,Chr07,9068459,0.0379044513807463,2337,FALSE
Pv2.1_11_1090995_A/G,Chr11,1090995,0.0379040333373135,2338,FALSE
Pv2.1_02_49600283_G/C,Chr02,49600283,0.0379038184607317,2339,FALSE
Pv2.1_02_2100798_C/G,Chr02,2100798,0.0379024574274847,2340,FALSE
Pv2.1_02_31533623_G/A,Chr02,31533623,0.0379021269735143,2341,FALSE
Pv2.1_07_9683217_G/C,Chr07,9683217,0.037901951024085,2342,FALSE
Pv2.1_11_45478956_C/T,Chr11,45478956,0.0379000773021967,2343,FALSE
Pv2.1_04_5395410_C/T,Chr04,5395410,0.037895596783287,2344,FALSE
Pv2.1_09_14151390_T/A,Chr09,14151390,0.0378877889567915,2345,FALSE
Pv2.1_08_53821543_A/G,Chr08,53821543,0.037885047589191,2346,FALSE
Pv2.1_08_8182234_A/G,Chr08,8182234,0.0378793145947687,2347,FALSE
Pv2.1_08_13361381_G/A,Chr08,13361381,0.0378784441637388,2348,FALSE
Pv2.1_06_18933456_G/A,Chr06,18933456,0.0378700011130837,2349,FALSE
Pv2.1_07_37087794_G/A,Chr07,37087794,0.037860910237252,2350,FALSE
Pv2.1_02_30842601_G/A,Chr02,30842601,0.0378584182577297,2351,FALSE
Pv2.1_02_30842602_G/C,Chr02,30842602,0.0378584182577297,2352,FALSE
Pv2.1_09_35927073_C/T,Chr09,35927073,0.037852296811355,2353,FALSE
Pv2.1_05_39421491_C/T,Chr05,39421491,0.0378502273004893,2354,FALSE
Pv2.1_11_943593_C/G,Chr11,943593,0.0378441085558618,2355,FALSE
Pv2.1_11_46411399_T/C,Chr11,46411399,0.0378429553036552,2356,FALSE
Pv2.1_07_189067_A/G,Chr07,189067,0.0378403586113061,2357,FALSE
Pv2.1_11_1322990_T/C,Chr11,1322990,0.0378385415430182,2358,FALSE
Pv2.1_05_40598752_G/T,Chr05,40598752,0.0378381221320896,2359,FALSE
Pv2.1_08_61470058_T/C,Chr08,61470058,0.0378184006924918,2360,FALSE
Pv2.1_02_13129778_G/A,Chr02,13129778,0.0378111884074919,2361,FALSE
Pv2.1_08_57637580_G/A,Chr08,57637580,0.037808558110596,2362,FALSE
Pv2.1_05_40443863_G/C,Chr05,40443863,0.0378054740932092,2363,FALSE
Pv2.1_09_14394300_G/A,Chr09,14394300,0.0377977571984047,2364,FALSE
Pv2.1_09_36526337_C/T,Chr09,36526337,0.0377920563885996,2365,FALSE
Pv2.1_08_706773_CAT/C,Chr08,706773,0.037786096435795,2366,FALSE
Pv2.1_03_2006050_T/A,Chr03,2006050,0.0377852742703135,2367,FALSE
Pv2.1_08_9763973_T/A,Chr08,9763973,0.0377848271314218,2368,FALSE
Pv2.1_08_26539180_C/T,Chr08,26539180,0.0377807288533654,2369,FALSE
Pv2.1_04_4560682_G/A,Chr04,4560682,0.0377748544526511,2370,FALSE
Pv2.1_07_34301880_G/C,Chr07,34301880,0.0377650739691342,2371,FALSE
Pv2.1_08_61360993_G/A,Chr08,61360993,0.0377616262709726,2372,FALSE
Pv2.1_07_454532_GGA/G,Chr07,454532,0.0377603913066062,2373,FALSE
Pv2.1_11_2282240_G/A,Chr11,2282240,0.0377571742275351,2374,FALSE
Pv2.1_07_37123453_T/A,Chr07,37123453,0.0377565044015507,2375,FALSE
Pv2.1_02_2186684_G/A,Chr02,2186684,0.0377559037985598,2376,FALSE
Pv2.1_04_44916206_A/C,Chr04,44916206,0.0377554898536436,2377,FALSE
Pv2.1_11_51233730_C/G,Chr11,51233730,0.0377378562835444,2378,FALSE
Pv2.1_04_5419770_T/C,Chr04,5419770,0.0377372800862026,2379,FALSE
Pv2.1_11_3921924_C/T,Chr11,3921924,0.0377357754427754,2380,FALSE
Pv2.1_01_13452159_A/G,Chr01,13452159,0.0377318827782656,2381,FALSE
Pv2.1_01_4240065_A/G,Chr01,4240065,0.0377290577159393,2382,FALSE
Pv2.1_08_1449387_A/C,Chr08,1449387,0.0377282105933903,2383,FALSE
Pv2.1_07_9326967_C/A,Chr07,9326967,0.0377240341212692,2384,FALSE
Pv2.1_03_51262919_T/A,Chr03,51262919,0.0377209334616158,2385,FALSE
Pv2.1_11_42274709_TC/T,Chr11,42274709,0.0377167563734679,2386,FALSE
Pv2.1_01_4613507_T/G,Chr01,4613507,0.037715663238421,2387,FALSE
Pv2.1_09_14204564_A/G,Chr09,14204564,0.0377147797239288,2388,FALSE
Pv2.1_09_14204565_C/A,Chr09,14204565,0.0377147797239288,2389,FALSE
Pv2.1_08_9763950_G/T,Chr08,9763950,0.0377043817666278,2390,FALSE
Pv2.1_08_7893831_G/A,Chr08,7893831,0.0377039805677812,2391,FALSE
Pv2.1_02_25634190_C/T,Chr02,25634190,0.0376996185117808,2392,FALSE
Pv2.1_11_3949972_A/G,Chr11,3949972,0.037695163000143,2393,FALSE
Pv2.1_08_8156526_AAGT/A,Chr08,8156526,0.0376862384447421,2394,FALSE
Pv2.1_07_37046781_G/A,Chr07,37046781,0.0376775508793634,2395,FALSE
Pv2.1_04_5395414_T/C,Chr04,5395414,0.037675889917451,2396,FALSE
Pv2.1_07_9261289_A/G,Chr07,9261289,0.0376684199297022,2397,FALSE
Pv2.1_01_3860732_G/T,Chr01,3860732,0.037665865670081,2398,FALSE
Pv2.1_09_37546760_AT/A,Chr09,37546760,0.0376611265230187,2399,FALSE
Pv2.1_11_36587713_T/C,Chr11,36587713,0.0376598668704724,2400,FALSE
Pv2.1_11_1163870_A/G,Chr11,1163870,0.0376529837771908,2401,FALSE
Pv2.1_04_139106_C/A,Chr04,139106,0.0376519939246482,2402,FALSE
Pv2.1_07_38736324_A/G,Chr07,38736324,0.0376459003060203,2403,FALSE
Pv2.1_06_20377991_A/G,Chr06,20377991,0.0376365284175013,2404,FALSE
Pv2.1_03_41969175_A/C,Chr03,41969175,0.0376343098195413,2405,FALSE
Pv2.1_07_36905904_G/A,Chr07,36905904,0.0376259741727503,2406,FALSE
Pv2.1_09_36431071_C/T,Chr09,36431071,0.0376250568676824,2407,FALSE
Pv2.1_07_35757569_C/T,Chr07,35757569,0.0376136478099207,2408,FALSE
Pv2.1_08_6268315_G/A,Chr08,6268315,0.037612751370812,2409,FALSE
Pv2.1_03_42010154_A/T,Chr03,42010154,0.0376109193184542,2410,FALSE
Pv2.1_08_9926053_T/C,Chr08,9926053,0.0376108971777516,2411,FALSE
Pv2.1_06_28078852_G/A,Chr06,28078852,0.0376097699165721,2412,FALSE
Pv2.1_09_37730532_G/T,Chr09,37730532,0.0376047529350432,2413,FALSE
Pv2.1_08_14362540_C/T,Chr08,14362540,0.0376043213021733,2414,FALSE
Pv2.1_07_189094_T/C,Chr07,189094,0.0375992287464664,2415,FALSE
Pv2.1_07_189133_T/C,Chr07,189133,0.0375992287464664,2416,FALSE
Pv2.1_02_25634032_A/G,Chr02,25634032,0.0375990598793323,2417,FALSE
Pv2.1_02_25634047_C/A,Chr02,25634047,0.0375990598793323,2418,FALSE
Pv2.1_02_25634092_A/G,Chr02,25634092,0.0375980767272419,2419,FALSE
Pv2.1_04_47466650_T/A,Chr04,47466650,0.0375928687055915,2420,FALSE
Pv2.1_07_5598745_G/T,Chr07,5598745,0.0375898836552215,2421,FALSE
Pv2.1_07_32271980_G/A,Chr07,32271980,0.0375857140374363,2422,FALSE
Pv2.1_07_36796008_C/G,Chr07,36796008,0.0375836336180369,2423,FALSE
Pv2.1_02_49597334_C/T,Chr02,49597334,0.037581225997616,2424,FALSE
Pv2.1_03_46077301_A/G,Chr03,46077301,0.0375771402342009,2425,FALSE
Pv2.1_07_34509509_C/G,Chr07,34509509,0.0375699201712316,2426,FALSE
Pv2.1_08_55164969_G/T,Chr08,55164969,0.0375676737072466,2427,FALSE
Pv2.1_11_53132150_T/C,Chr11,53132150,0.0375633609023276,2428,FALSE
Pv2.1_10_5821255_C/T,Chr10,5821255,0.0375573728551792,2429,FALSE
Pv2.1_06_14107036_C/G,Chr06,14107036,0.0375473834194278,2430,FALSE
Pv2.1_10_3363519_T/A,Chr10,3363519,0.037545769376039,2431,FALSE
Pv2.1_11_44130275_A/G,Chr11,44130275,0.0375355888635172,2432,FALSE
Pv2.1_10_3363518_C/A,Chr10,3363518,0.0375313785663312,2433,FALSE
Pv2.1_09_35426340_G/A,Chr09,35426340,0.0375313355930675,2434,FALSE
Pv2.1_08_62961769_A/G,Chr08,62961769,0.0375298451791095,2435,FALSE
Pv2.1_07_1495865_C/T,Chr07,1495865,0.0375226680076715,2436,FALSE
Pv2.1_07_38407937_G/C,Chr07,38407937,0.0375208805086875,2437,FALSE
Pv2.1_08_8337695_T/C,Chr08,8337695,0.0375084776237089,2438,FALSE
Pv2.1_09_14427245_G/A,Chr09,14427245,0.0375078531303159,2439,FALSE
Pv2.1_09_1850045_A/C,Chr09,1850045,0.0375062893394835,2440,FALSE
Pv2.1_11_47282362_G/T,Chr11,47282362,0.0374925731406508,2441,FALSE
Pv2.1_03_37392267_C/T,Chr03,37392267,0.0374892157379749,2442,FALSE
Pv2.1_10_1069329_G/T,Chr10,1069329,0.0374849113843112,2443,FALSE
Pv2.1_05_39742359_T/A,Chr05,39742359,0.0374798611581912,2444,FALSE
Pv2.1_04_12778408_A/T,Chr04,12778408,0.0374757150960772,2445,FALSE
Pv2.1_04_4560760_G/A,Chr04,4560760,0.0374745330230777,2446,FALSE
Pv2.1_04_8044258_G/A,Chr04,8044258,0.0374704074484162,2447,FALSE
Pv2.1_08_43494469_G/A,Chr08,43494469,0.0374653010048034,2448,FALSE
Pv2.1_09_37348767_T/C,Chr09,37348767,0.0374627407568435,2449,FALSE
Pv2.1_04_46589934_G/A,Chr04,46589934,0.0374482408355865,2450,FALSE
Pv2.1_04_46374129_C/G,Chr04,46374129,0.037437868953337,2451,FALSE
Pv2.1_11_52317942_GA/G,Chr11,52317942,0.0374369020813048,2452,FALSE
Pv2.1_08_61399184_A/G,Chr08,61399184,0.037434366628184,2453,FALSE
Pv2.1_08_61399232_C/T,Chr08,61399232,0.037434366628184,2454,FALSE
Pv2.1_06_21220149_T/G,Chr06,21220149,0.0374310232833102,2455,FALSE
Pv2.1_05_37385988_G/T,Chr05,37385988,0.0374296216705767,2456,FALSE
Pv2.1_08_62328085_A/C,Chr08,62328085,0.0374290847484846,2457,FALSE
Pv2.1_08_121114_C/G,Chr08,121114,0.0374242398730553,2458,FALSE
Pv2.1_08_121138_G/A,Chr08,121138,0.0374242398730553,2459,FALSE
Pv2.1_08_10170999_A/T,Chr08,10170999,0.0374202333138189,2460,FALSE
Pv2.1_03_1168762_T/C,Chr03,1168762,0.0374146785715355,2461,FALSE
Pv2.1_03_52450801_G/A,Chr03,52450801,0.0374128658237822,2462,FALSE
Pv2.1_03_52450827_C/T,Chr03,52450827,0.0374128658237822,2463,FALSE
Pv2.1_08_62952087_G/T,Chr08,62952087,0.0374126022689953,2464,FALSE
Pv2.1_04_7455241_A/T,Chr04,7455241,0.0373914130131694,2465,FALSE
Pv2.1_01_18244_A/G,Chr01,18244,0.0373882370190826,2466,FALSE
Pv2.1_02_35808815_G/A,Chr02,35808815,0.0373810487362478,2467,FALSE
Pv2.1_10_4674130_G/A,Chr10,4674130,0.0373808442284642,2468,FALSE
Pv2.1_03_221665_C/A,Chr03,221665,0.0373754325711757,2469,FALSE
Pv2.1_03_43644939_T/C,Chr03,43644939,0.0373649719455034,2470,FALSE
Pv2.1_07_34489895_C/T,Chr07,34489895,0.0373618371176496,2471,FALSE
Pv2.1_04_45494611_T/C,Chr04,45494611,0.0373599333697023,2472,FALSE
Pv2.1_01_10189436_A/G,Chr01,10189436,0.0373576863070291,2473,FALSE
Pv2.1_10_1408987_T/C,Chr10,1408987,0.037352825777687,2474,FALSE
Pv2.1_08_62426150_A/C,Chr08,62426150,0.0373501254930542,2475,FALSE
Pv2.1_07_36645329_T/A,Chr07,36645329,0.0373456389907294,2476,FALSE
Pv2.1_08_7742734_T/C,Chr08,7742734,0.0373292566234,2477,FALSE
Pv2.1_11_1382000_C/A,Chr11,1382000,0.037328813071297,2478,FALSE
Pv2.1_08_11602503_G/AT,Chr08,11602503,0.0373253523430526,2479,FALSE
Pv2.1_06_19616608_G/A,Chr06,19616608,0.0373247112138797,2480,FALSE
Pv2.1_08_49744077_T/G,Chr08,49744077,0.0373225034446238,2481,FALSE
Pv2.1_01_3200655_G/A,Chr01,3200655,0.0373199270171285,2482,FALSE
Pv2.1_03_32532209_C/T,Chr03,32532209,0.0373188155394626,2483,FALSE
Pv2.1_02_667768_G/A,Chr02,667768,0.0373187295430952,2484,FALSE
Pv2.1_01_49084989_G/A,Chr01,49084989,0.0373140720425864,2485,FALSE
Pv2.1_08_1235388_C/T,Chr08,1235388,0.0373028129059487,2486,FALSE
Pv2.1_09_36943591_G/T,Chr09,36943591,0.0373027438662934,2487,FALSE
Pv2.1_05_39317390_A/T,Chr05,39317390,0.0372997753684401,2488,FALSE
Pv2.1_10_1974103_A/T,Chr10,1974103,0.0372970297985971,2489,FALSE
Pv2.1_10_1974106_G/C,Chr10,1974106,0.0372970297985971,2490,FALSE
Pv2.1_02_20278841_T/C,Chr02,20278841,0.0372938580693125,2491,FALSE
Pv2.1_09_8028890_T/A,Chr09,8028890,0.0372850792239903,2492,FALSE
Pv2.1_10_3254213_T/C,Chr10,3254213,0.0372828707809818,2493,FALSE
Pv2.1_08_62191462_T/A,Chr08,62191462,0.0372766611243955,2494,FALSE
Pv2.1_05_457114_G/T,Chr05,457114,0.0372705672901947,2495,FALSE
Pv2.1_10_1416218_T/A,Chr10,1416218,0.0372683908018741,2496,FALSE
Pv2.1_11_2596604_T/C,Chr11,2596604,0.037264580169869,2497,FALSE
Pv2.1_04_7385874_C/T,Chr04,7385874,0.0372631257522746,2498,FALSE
Pv2.1_03_48012699_A/C,Chr03,48012699,0.0372563388428961,2499,FALSE
Pv2.1_04_3218283_T/A,Chr04,3218283,0.0372526498926473,2500,FALSE
Pv2.1_08_58072029_T/A,Chr08,58072029,0.0372504983029622,2501,FALSE
Pv2.1_08_61391117_C/A,Chr08,61391117,0.0372389231200976,2502,FALSE
Pv2.1_09_36937824_C/A,Chr09,36937824,0.0372388670868484,2503,FALSE
Pv2.1_11_3941013_C/A,Chr11,3941013,0.0372200940215572,2504,FALSE
Pv2.1_04_46177949_C/A,Chr04,46177949,0.0372122026247084,2505,FALSE
Pv2.1_08_58416460_A/C,Chr08,58416460,0.0372099164294175,2506,FALSE
Pv2.1_06_28022502_A/G,Chr06,28022502,0.0372085082262279,2507,FALSE
Pv2.1_03_50391768_T/C,Chr03,50391768,0.0372032319977764,2508,FALSE
Pv2.1_10_3050668_T/A,Chr10,3050668,0.0372020042568573,2509,FALSE
Pv2.1_07_37481648_G/A,Chr07,37481648,0.0371955905361157,2510,FALSE
Pv2.1_01_6425614_C/A,Chr01,6425614,0.0371903375871927,2511,FALSE
Pv2.1_08_9762629_A/C,Chr08,9762629,0.0371897096127869,2512,FALSE
Pv2.1_03_1269394_A/T,Chr03,1269394,0.0371885946292125,2513,FALSE
Pv2.1_01_43071632_G/T,Chr01,43071632,0.0371883879265842,2514,FALSE
Pv2.1_08_52153350_T/C,Chr08,52153350,0.0371883009952745,2515,FALSE
Pv2.1_08_580844_C/T,Chr08,580844,0.0371856203302765,2516,FALSE
Pv2.1_02_49658677_T/G,Chr02,49658677,0.0371836062876958,2517,FALSE
Pv2.1_08_16100010_T/C,Chr08,16100010,0.0371831576500727,2518,FALSE
Pv2.1_02_49597630_T/C,Chr02,49597630,0.037176559953719,2519,FALSE
Pv2.1_02_11948747_T/C,Chr02,11948747,0.0371716869105296,2520,FALSE
Pv2.1_10_3834516_C/T,Chr10,3834516,0.0371648816191388,2521,FALSE
Pv2.1_10_3834526_G/T,Chr10,3834526,0.0371648816191388,2522,FALSE
Pv2.1_10_3834528_G/C,Chr10,3834528,0.0371648816191388,2523,FALSE
Pv2.1_11_3658025_AT/A,Chr11,3658025,0.037161239196343,2524,FALSE
Pv2.1_02_47592148_T/C,Chr02,47592148,0.0371576362672412,2525,FALSE
Pv2.1_11_51726927_T/G,Chr11,51726927,0.0371490010477231,2526,FALSE
Pv2.1_07_8397100_A/G,Chr07,8397100,0.0371480456701234,2527,FALSE
Pv2.1_07_8397116_T/A,Chr07,8397116,0.0371480456701234,2528,FALSE
Pv2.1_02_35783288_AT/A,Chr02,35783288,0.037142790366298,2529,FALSE
Pv2.1_04_45501783_C/G,Chr04,45501783,0.0371407662356522,2530,FALSE
Pv2.1_02_48688260_T/C,Chr02,48688260,0.0371352890844991,2531,FALSE
Pv2.1_02_48688275_T/A,Chr02,48688275,0.0371352890844991,2532,FALSE
Pv2.1_06_24196039_T/C,Chr06,24196039,0.037121926025848,2533,FALSE
Pv2.1_06_19965318_T/C,Chr06,19965318,0.037118328458392,2534,FALSE
Pv2.1_02_25187951_T/G,Chr02,25187951,0.0371174448685832,2535,FALSE
Pv2.1_03_48711804_G/T,Chr03,48711804,0.0371171877999816,2536,FALSE
Pv2.1_04_1593550_A/T,Chr04,1593550,0.0371170874986073,2537,FALSE
Pv2.1_08_17501964_C/A,Chr08,17501964,0.0371151382110289,2538,FALSE
Pv2.1_08_17501970_C/T,Chr08,17501970,0.0371151382110289,2539,FALSE
Pv2.1_02_26242507_T/C,Chr02,26242507,0.0371130413505281,2540,FALSE
Pv2.1_08_13033710_T/A,Chr08,13033710,0.0371098873863409,2541,FALSE
Pv2.1_07_37261344_A/AG,Chr07,37261344,0.0371090329391888,2542,FALSE
Pv2.1_01_144148_G/T,Chr01,144148,0.0371066186581435,2543,FALSE
Pv2.1_09_36873017_C/G,Chr09,36873017,0.0371054111280178,2544,FALSE
Pv2.1_05_255769_T/A,Chr05,255769,0.0371004120081166,2545,FALSE
Pv2.1_04_44784868_C/T,Chr04,44784868,0.0370957907533183,2546,FALSE
Pv2.1_08_61361051_A/G,Chr08,61361051,0.0370941181341413,2547,FALSE
Pv2.1_08_21996084_G/T,Chr08,21996084,0.037093519672605,2548,FALSE
Pv2.1_07_860532_A/C,Chr07,860532,0.0370915295363257,2549,FALSE
Pv2.1_02_43405930_C/T,Chr02,43405930,0.0370900687539519,2550,FALSE
Pv2.1_08_10018329_T/C,Chr08,10018329,0.0370816919607764,2551,FALSE
Pv2.1_07_34777661_A/T,Chr07,34777661,0.0370803302615417,2552,FALSE
Pv2.1_04_46589904_G/C,Chr04,46589904,0.0370773667818916,2553,FALSE
Pv2.1_03_30657438_T/C,Chr03,30657438,0.0370761701530653,2554,FALSE
Pv2.1_03_50412011_A/C,Chr03,50412011,0.0370758490753822,2555,FALSE
Pv2.1_02_12698167_C/T,Chr02,12698167,0.0370741119137397,2556,FALSE
Pv2.1_09_36526311_C/T,Chr09,36526311,0.0370723613387489,2557,FALSE
Pv2.1_11_37353401_T/A,Chr11,37353401,0.0370710711768907,2558,FALSE
Pv2.1_05_39407914_G/T,Chr05,39407914,0.0370590847441035,2559,FALSE
Pv2.1_02_25187939_C/T,Chr02,25187939,0.0370544820782182,2560,FALSE
Pv2.1_02_25187988_T/A,Chr02,25187988,0.0370544820782182,2561,FALSE
Pv2.1_05_40623106_G/A,Chr05,40623106,0.0370444153088032,2562,FALSE
Pv2.1_02_28217181_G/A,Chr02,28217181,0.0370430698271997,2563,FALSE
Pv2.1_04_120319_C/T,Chr04,120319,0.0370403469199001,2564,FALSE
Pv2.1_04_11111822_T/A,Chr04,11111822,0.0370383147608537,2565,FALSE
Pv2.1_10_43265647_C/A,Chr10,43265647,0.0370342367929672,2566,FALSE
Pv2.1_10_43265648_T/C,Chr10,43265648,0.0370342367929672,2567,FALSE
Pv2.1_11_1162237_A/G,Chr11,1162237,0.0370219040738573,2568,FALSE
Pv2.1_03_12631139_C/T,Chr03,12631139,0.0370130086213978,2569,FALSE
Pv2.1_08_693252_C/T,Chr08,693252,0.0370127809241225,2570,FALSE
Pv2.1_02_31490668_A/C,Chr02,31490668,0.0370127378502345,2571,FALSE
Pv2.1_11_38173049_G/GT,Chr11,38173049,0.0370116171098589,2572,FALSE
Pv2.1_06_29747912_C/T,Chr06,29747912,0.0369968188946284,2573,FALSE
Pv2.1_08_9096246_G/A,Chr08,9096246,0.0369933052134819,2574,FALSE
Pv2.1_01_2981887_C/G,Chr01,2981887,0.0369904388681759,2575,FALSE
Pv2.1_06_19964740_C/CA,Chr06,19964740,0.0369870933350036,2576,FALSE
Pv2.1_11_1872204_C/T,Chr11,1872204,0.0369835346321792,2577,FALSE
Pv2.1_11_3778786_G/A,Chr11,3778786,0.0369819740400743,2578,FALSE
Pv2.1_09_7727330_C/G,Chr09,7727330,0.0369789269964427,2579,FALSE
Pv2.1_11_51314323_T/A,Chr11,51314323,0.0369769659098393,2580,FALSE
Pv2.1_10_3834525_A/T,Chr10,3834525,0.0369744973229111,2581,FALSE
Pv2.1_09_37493291_C/G,Chr09,37493291,0.0369734093394571,2582,FALSE
Pv2.1_09_37493319_A/G,Chr09,37493319,0.0369734093394571,2583,FALSE
Pv2.1_04_5757996_G/T,Chr04,5757996,0.0369626434184869,2584,FALSE
Pv2.1_09_37603735_A/G,Chr09,37603735,0.0369605900392314,2585,FALSE
Pv2.1_02_13930721_GA/G,Chr02,13930721,0.0369483527678596,2586,FALSE
Pv2.1_04_26569796_C/T,Chr04,26569796,0.0369443769720279,2587,FALSE
Pv2.1_04_47087177_T/C,Chr04,47087177,0.0369421532398642,2588,FALSE
Pv2.1_03_48271260_G/C,Chr03,48271260,0.0369378456280014,2589,FALSE
Pv2.1_05_39421478_A/G,Chr05,39421478,0.0369351450939193,2590,FALSE
Pv2.1_01_13356009_T/C,Chr01,13356009,0.0369312380337141,2591,FALSE
Pv2.1_07_38388280_T/C,Chr07,38388280,0.0369299317903944,2592,FALSE
Pv2.1_09_36725472_C/T,Chr09,36725472,0.0369185926135964,2593,FALSE
Pv2.1_02_26876871_C/T,Chr02,26876871,0.0369081234034492,2594,FALSE
Pv2.1_06_23979843_G/A,Chr06,23979843,0.0369010673032864,2595,FALSE
Pv2.1_03_49696994_G/T,Chr03,49696994,0.036896399914673,2596,FALSE
Pv2.1_04_3102056_T/A,Chr04,3102056,0.0368947354944433,2597,FALSE
Pv2.1_08_61266660_G/C,Chr08,61266660,0.0368874348163542,2598,FALSE
Pv2.1_01_4852835_A/C,Chr01,4852835,0.0368838891307361,2599,FALSE
Pv2.1_11_47178653_T/C,Chr11,47178653,0.0368812783617156,2600,FALSE
Pv2.1_09_37075872_C/T,Chr09,37075872,0.0368795457231275,2601,FALSE
Pv2.1_08_62749880_A/G,Chr08,62749880,0.0368790603688667,2602,FALSE
Pv2.1_08_62749897_C/T,Chr08,62749897,0.0368790603688667,2603,FALSE
Pv2.1_07_36796001_A/G,Chr07,36796001,0.036878316895439,2604,FALSE
Pv2.1_08_62895184_T/C,Chr08,62895184,0.0368752202084144,2605,FALSE
Pv2.1_10_41264862_T/C,Chr10,41264862,0.0368744035478459,2606,FALSE
Pv2.1_07_36623841_G/C,Chr07,36623841,0.0368719380168598,2607,FALSE
Pv2.1_09_22312872_G/T,Chr09,22312872,0.0368710195183648,2608,FALSE
Pv2.1_09_22312880_G/A,Chr09,22312880,0.0368710195183648,2609,FALSE
Pv2.1_09_37826414_C/T,Chr09,37826414,0.0368607780136041,2610,FALSE
Pv2.1_09_37826436_A/G,Chr09,37826436,0.0368607780136041,2611,FALSE
Pv2.1_05_39317422_C/A,Chr05,39317422,0.0368542791611475,2612,FALSE
Pv2.1_08_7409312_A/G,Chr08,7409312,0.0368507590239751,2613,FALSE
Pv2.1_03_2006042_TA/T,Chr03,2006042,0.0368413068043632,2614,FALSE
Pv2.1_06_20061853_T/A,Chr06,20061853,0.0368412219290977,2615,FALSE
Pv2.1_06_20854430_C/T,Chr06,20854430,0.03683946292524,2616,FALSE
Pv2.1_11_2377822_T/A,Chr11,2377822,0.0368352706374941,2617,FALSE
Pv2.1_02_316413_G/A,Chr02,316413,0.0368340306234392,2618,FALSE
Pv2.1_04_46589913_G/T,Chr04,46589913,0.0368291236144289,2619,FALSE
Pv2.1_05_3186372_T/C,Chr05,3186372,0.0368260239236236,2620,FALSE
Pv2.1_09_38032426_G/T,Chr09,38032426,0.036822847104478,2621,FALSE
Pv2.1_02_44599098_A/AT,Chr02,44599098,0.0368188815433719,2622,FALSE
Pv2.1_05_5470591_G/A,Chr05,5470591,0.0368181277403359,2623,FALSE
Pv2.1_08_8954932_G/A,Chr08,8954932,0.0368092617744518,2624,FALSE
Pv2.1_02_25634058_C/A,Chr02,25634058,0.0367947156559825,2625,FALSE
Pv2.1_02_48727456_C/T,Chr02,48727456,0.0367931654281133,2626,FALSE
Pv2.1_01_43071620_C/T,Chr01,43071620,0.036789730792945,2627,FALSE
Pv2.1_08_62863828_C/T,Chr08,62863828,0.0367844676719651,2628,FALSE
Pv2.1_08_62661124_G/C,Chr08,62661124,0.0367764162482356,2629,FALSE
Pv2.1_11_3921569_C/A,Chr11,3921569,0.0367717750427219,2630,FALSE
Pv2.1_01_2850955_C/G,Chr01,2850955,0.0367600377634245,2631,FALSE
Pv2.1_01_2881513_A/T,Chr01,2881513,0.0367575808021741,2632,FALSE
Pv2.1_02_26876846_T/C,Chr02,26876846,0.0367551880620196,2633,FALSE
Pv2.1_08_8424390_A/T,Chr08,8424390,0.0367486353486823,2634,FALSE
Pv2.1_11_1248762_A/C,Chr11,1248762,0.0367474777419723,2635,FALSE
Pv2.1_11_1248767_A/G,Chr11,1248767,0.0367474777419723,2636,FALSE
Pv2.1_11_3568065_A/G,Chr11,3568065,0.0367467252198717,2637,FALSE
Pv2.1_04_2617088_G/A,Chr04,2617088,0.0367451629781623,2638,FALSE
Pv2.1_04_2617102_C/T,Chr04,2617102,0.0367451629781623,2639,FALSE
Pv2.1_04_2617107_T/C,Chr04,2617107,0.0367451629781623,2640,FALSE
Pv2.1_08_2736595_T/G,Chr08,2736595,0.0367414117162976,2641,FALSE
Pv2.1_01_42972011_G/A,Chr01,42972011,0.0367407156080315,2642,FALSE
Pv2.1_08_33228607_T/A,Chr08,33228607,0.0367406230659944,2643,FALSE
Pv2.1_07_9261287_G/A,Chr07,9261287,0.0367359685551545,2644,FALSE
Pv2.1_11_1258741_C/A,Chr11,1258741,0.0367351783237808,2645,FALSE
Pv2.1_08_8451374_C/G,Chr08,8451374,0.036730084447206,2646,FALSE
Pv2.1_03_1269409_T/G,Chr03,1269409,0.0367150392736018,2647,FALSE
Pv2.1_10_1974385_G/C,Chr10,1974385,0.0367148791995966,2648,FALSE
Pv2.1_03_53306654_C/G,Chr03,53306654,0.0367052822136071,2649,FALSE
Pv2.1_07_6950738_G/C,Chr07,6950738,0.0367038274748537,2650,FALSE
Pv2.1_07_6950740_A/G,Chr07,6950740,0.0367038274748537,2651,FALSE
Pv2.1_07_6950743_G/A,Chr07,6950743,0.0367038274748537,2652,FALSE
Pv2.1_09_36881583_C/T,Chr09,36881583,0.0367003991948414,2653,FALSE
Pv2.1_02_49587978_CTTA/C,Chr02,49587978,0.0366993248408005,2654,FALSE
Pv2.1_02_27777704_C/G,Chr02,27777704,0.0366991467713507,2655,FALSE
Pv2.1_05_1301261_A/G,Chr05,1301261,0.0366949464206749,2656,FALSE
Pv2.1_02_671695_A/T,Chr02,671695,0.0366944810059056,2657,FALSE
Pv2.1_09_36725341_A/T,Chr09,36725341,0.0366933769467086,2658,FALSE
Pv2.1_10_432186_A/G,Chr10,432186,0.0366896010052513,2659,FALSE
Pv2.1_09_14241218_G/A,Chr09,14241218,0.0366851080854569,2660,FALSE
Pv2.1_06_19235278_A/C,Chr06,19235278,0.0366845508036562,2661,FALSE
Pv2.1_11_3582589_T/C,Chr11,3582589,0.0366750762718211,2662,FALSE
Pv2.1_09_36936220_T/G,Chr09,36936220,0.0366730599119913,2663,FALSE
Pv2.1_04_7949850_G/A,Chr04,7949850,0.0366719642023972,2664,FALSE
Pv2.1_08_43985774_T/G,Chr08,43985774,0.0366710063409963,2665,FALSE
Pv2.1_03_49795271_A/G,Chr03,49795271,0.036666366733126,2666,FALSE
Pv2.1_09_14184762_T/A,Chr09,14184762,0.0366650041112684,2667,FALSE
Pv2.1_02_12411473_G/A,Chr02,12411473,0.0366613589640914,2668,FALSE
Pv2.1_02_30842584_G/T,Chr02,30842584,0.0366526215095817,2669,FALSE
Pv2.1_07_8865828_A/C,Chr07,8865828,0.0366483995270239,2670,FALSE
Pv2.1_03_31676148_A/G,Chr03,31676148,0.0366393377469123,2671,FALSE
Pv2.1_11_2270072_G/T,Chr11,2270072,0.0366371534636616,2672,FALSE
Pv2.1_08_9861950_T/C,Chr08,9861950,0.0366348547612301,2673,FALSE
Pv2.1_08_9861956_G/C,Chr08,9861956,0.0366348547612301,2674,FALSE
Pv2.1_08_9861959_G/A,Chr08,9861959,0.0366348547612301,2675,FALSE
Pv2.1_08_62440306_A/T,Chr08,62440306,0.0366289327421683,2676,FALSE
Pv2.1_06_28228050_C/G,Chr06,28228050,0.036625780784397,2677,FALSE
Pv2.1_03_12733817_A/T,Chr03,12733817,0.0366151832635717,2678,FALSE
Pv2.1_03_12733823_T/G,Chr03,12733823,0.0366151832635717,2679,FALSE
Pv2.1_05_37923532_AG/A,Chr05,37923532,0.0366106730758609,2680,FALSE
Pv2.1_06_20208259_T/C,Chr06,20208259,0.0366080839662755,2681,FALSE
Pv2.1_01_6631857_G/A,Chr01,6631857,0.0366061541647391,2682,FALSE
Pv2.1_02_35808786_A/G,Chr02,35808786,0.0366023919754666,2683,FALSE
Pv2.1_02_41804397_T/A,Chr02,41804397,0.036593542763887,2684,FALSE
Pv2.1_08_61470012_C/T,Chr08,61470012,0.0365876502083111,2685,FALSE
Pv2.1_10_5855941_C/T,Chr10,5855941,0.0365857735277677,2686,FALSE
Pv2.1_03_40784433_G/T,Chr03,40784433,0.0365727163706278,2687,FALSE
Pv2.1_09_34957759_T/G,Chr09,34957759,0.0365640164751246,2688,FALSE
Pv2.1_09_13419461_A/T,Chr09,13419461,0.0365617129890725,2689,FALSE
Pv2.1_08_9707312_C/A,Chr08,9707312,0.0365591678883908,2690,FALSE
Pv2.1_10_6682644_C/T,Chr10,6682644,0.0365576606802245,2691,FALSE
Pv2.1_10_41487058_T/C,Chr10,41487058,0.0365573799612049,2692,FALSE
Pv2.1_01_4852802_T/A,Chr01,4852802,0.0365549647314305,2693,FALSE
Pv2.1_03_51292249_T/C,Chr03,51292249,0.0365363556952545,2694,FALSE
Pv2.1_11_2714973_G/A,Chr11,2714973,0.0365347050265417,2695,FALSE
Pv2.1_08_4551490_A/G,Chr08,4551490,0.0365304608024237,2696,FALSE
Pv2.1_05_39317656_T/TA,Chr05,39317656,0.0365286893146011,2697,FALSE
Pv2.1_08_261577_T/A,Chr08,261577,0.0365218280481487,2698,FALSE
Pv2.1_06_28228071_C/T,Chr06,28228071,0.0365149558053353,2699,FALSE
Pv2.1_06_28228078_T/A,Chr06,28228078,0.0365149558053353,2700,FALSE
Pv2.1_03_2631624_T/C,Chr03,2631624,0.0365142731349719,2701,FALSE
Pv2.1_08_8337721_C/T,Chr08,8337721,0.0365128874552005,2702,FALSE
Pv2.1_11_49883417_C/G,Chr11,49883417,0.0365124230466836,2703,FALSE
Pv2.1_03_50391785_T/TTGGTGG,Chr03,50391785,0.0365111761983474,2704,FALSE
Pv2.1_08_3086119_G/A,Chr08,3086119,0.0365099976656951,2705,FALSE
Pv2.1_07_25850_C/T,Chr07,25850,0.0365052438935538,2706,FALSE
Pv2.1_07_4089206_C/A,Chr07,4089206,0.0365046390462234,2707,FALSE
Pv2.1_10_43902383_T/G,Chr10,43902383,0.036501598727273,2708,FALSE
Pv2.1_06_27807805_C/CT,Chr06,27807805,0.0364996141767833,2709,FALSE
Pv2.1_03_13333171_C/T,Chr03,13333171,0.0364995669644324,2710,FALSE
Pv2.1_09_37663764_G/GCT,Chr09,37663764,0.0364984784002478,2711,FALSE
Pv2.1_09_36937823_T/C,Chr09,36937823,0.0364903283663307,2712,FALSE
Pv2.1_06_24135029_C/G,Chr06,24135029,0.0364898759112755,2713,FALSE
Pv2.1_10_8110926_A/C,Chr10,8110926,0.0364868106806013,2714,FALSE
Pv2.1_07_37087845_C/T,Chr07,37087845,0.0364849399738421,2715,FALSE
Pv2.1_09_7738339_T/A,Chr09,7738339,0.036481976114084,2716,FALSE
Pv2.1_08_61240438_G/A,Chr08,61240438,0.0364806972764602,2717,FALSE
Pv2.1_02_44927856_C/A,Chr02,44927856,0.0364701964701779,2718,FALSE
Pv2.1_07_8994974_G/A,Chr07,8994974,0.0364628565133112,2719,FALSE
Pv2.1_08_1579051_C/A,Chr08,1579051,0.0364609817731099,2720,FALSE
Pv2.1_02_2260048_C/T,Chr02,2260048,0.0364604225845038,2721,FALSE
Pv2.1_04_156688_A/T,Chr04,156688,0.0364472713835147,2722,FALSE
Pv2.1_04_156700_A/G,Chr04,156700,0.0364472713835147,2723,FALSE
Pv2.1_11_943618_T/A,Chr11,943618,0.0364430665784932,2724,FALSE
Pv2.1_03_51263429_A/G,Chr03,51263429,0.0364387150567094,2725,FALSE
Pv2.1_03_51263429_A/T,Chr03,51263429,0.0364387150567089,2726,FALSE
Pv2.1_02_40106863_A/T,Chr02,40106863,0.0364323180932673,2727,FALSE
Pv2.1_07_28381719_T/C,Chr07,28381719,0.0364307131192252,2728,FALSE
Pv2.1_08_61825995_G/C,Chr08,61825995,0.0364293035985219,2729,FALSE
Pv2.1_07_37486715_T/C,Chr07,37486715,0.0364281922791792,2730,FALSE
Pv2.1_09_36413110_G/GT,Chr09,36413110,0.0364267754424685,2731,FALSE
Pv2.1_08_6627121_T/C,Chr08,6627121,0.0364177544764877,2732,FALSE
Pv2.1_11_2876858_C/A,Chr11,2876858,0.0363911412543185,2733,FALSE
Pv2.1_03_49696839_A/G,Chr03,49696839,0.0363861027680268,2734,FALSE
Pv2.1_11_52318151_A/G,Chr11,52318151,0.0363819994025669,2735,FALSE
Pv2.1_02_44689991_T/C,Chr02,44689991,0.036375271417926,2736,FALSE
Pv2.1_09_36794464_C/T,Chr09,36794464,0.0363667349970136,2737,FALSE
Pv2.1_09_36794466_T/C,Chr09,36794466,0.0363667349970136,2738,FALSE
Pv2.1_01_3672021_G/T,Chr01,3672021,0.036362733122616,2739,FALSE
Pv2.1_02_13482748_G/C,Chr02,13482748,0.0363618697178825,2740,FALSE
Pv2.1_01_5016480_G/T,Chr01,5016480,0.0363612145990673,2741,FALSE
Pv2.1_05_10771370_A/T,Chr05,10771370,0.0363581466105036,2742,FALSE
Pv2.1_09_37528471_T/G,Chr09,37528471,0.0363573328988394,2743,FALSE
Pv2.1_01_10599946_G/A,Chr01,10599946,0.0363490731074854,2744,FALSE
Pv2.1_07_25816_G/T,Chr07,25816,0.0363332353421564,2745,FALSE
Pv2.1_01_4620884_C/T,Chr01,4620884,0.0363318023978572,2746,FALSE
Pv2.1_01_2485268_A/G,Chr01,2485268,0.0363228257564097,2747,FALSE
Pv2.1_09_36749309_CA/C,Chr09,36749309,0.0363214272442303,2748,FALSE
Pv2.1_01_4084943_T/C,Chr01,4084943,0.0363209193575598,2749,FALSE
Pv2.1_10_1974081_A/T,Chr10,1974081,0.0363184173331379,2750,FALSE
Pv2.1_10_8107127_T/A,Chr10,8107127,0.0363183901664219,2751,FALSE
Pv2.1_03_43625645_T/C,Chr03,43625645,0.0363178424295798,2752,FALSE
Pv2.1_07_33507715_T/C,Chr07,33507715,0.0363169098194747,2753,FALSE
Pv2.1_08_8748592_C/T,Chr08,8748592,0.0363144505251412,2754,FALSE
Pv2.1_06_25004053_G/GGAA,Chr06,25004053,0.0363085410832031,2755,FALSE
Pv2.1_07_37412324_TCAA/T,Chr07,37412324,0.036306631380107,2756,FALSE
Pv2.1_06_15481164_T/A,Chr06,15481164,0.0363012745042433,2757,FALSE
Pv2.1_11_52612183_A/C,Chr11,52612183,0.0362984540790876,2758,FALSE
Pv2.1_02_35730623_T/C,Chr02,35730623,0.0362967169666186,2759,FALSE
Pv2.1_05_9178817_A/T,Chr05,9178817,0.0362959233110161,2760,FALSE
Pv2.1_10_1408973_G/C,Chr10,1408973,0.0362923057527778,2761,FALSE
Pv2.1_06_28035016_A/G,Chr06,28035016,0.0362917661434481,2762,FALSE
Pv2.1_03_2494112_A/G,Chr03,2494112,0.0362907325888533,2763,FALSE
Pv2.1_03_2494141_G/A,Chr03,2494141,0.0362907325888533,2764,FALSE
Pv2.1_06_18507833_T/C,Chr06,18507833,0.0362896513724369,2765,FALSE
Pv2.1_06_28153117_G/A,Chr06,28153117,0.0362841606900219,2766,FALSE
Pv2.1_08_7941216_C/T,Chr08,7941216,0.0362780857901601,2767,FALSE
Pv2.1_03_2214007_G/A,Chr03,2214007,0.0362780284548605,2768,FALSE
Pv2.1_09_36526597_G/GA,Chr09,36526597,0.0362721732472822,2769,FALSE
Pv2.1_09_36526613_T/C,Chr09,36526613,0.0362721732472822,2770,FALSE
Pv2.1_11_1162203_T/C,Chr11,1162203,0.0362721301794604,2771,FALSE
Pv2.1_04_541270_T/C,Chr04,541270,0.0362696127461373,2772,FALSE
Pv2.1_11_468427_G/A,Chr11,468427,0.0362689681056683,2773,FALSE
Pv2.1_08_58990898_C/A,Chr08,58990898,0.0362683973628681,2774,FALSE
Pv2.1_08_58990898_C/T,Chr08,58990898,0.0362683973628681,2775,FALSE
Pv2.1_07_37087818_A/G,Chr07,37087818,0.0362633792211091,2776,FALSE
Pv2.1_07_21524316_T/A,Chr07,21524316,0.0362618488386817,2777,FALSE
Pv2.1_06_20852362_C/A,Chr06,20852362,0.036260548512816,2778,FALSE
Pv2.1_08_13008341_T/A,Chr08,13008341,0.0362538641769152,2779,FALSE
Pv2.1_08_7817227_G/A,Chr08,7817227,0.0362530040319573,2780,FALSE
Pv2.1_05_464892_A/G,Chr05,464892,0.0362508758039914,2781,FALSE
Pv2.1_03_45925934_C/G,Chr03,45925934,0.0362467650356058,2782,FALSE
Pv2.1_08_53759929_T/C,Chr08,53759929,0.0362418777405575,2783,FALSE
Pv2.1_11_1322960_A/C,Chr11,1322960,0.0362392172321115,2784,FALSE
Pv2.1_11_51790274_T/A,Chr11,51790274,0.0362362747712326,2785,FALSE
Pv2.1_07_33382446_C/A,Chr07,33382446,0.0362334235391089,2786,FALSE
Pv2.1_08_17501962_C/T,Chr08,17501962,0.0362284529744032,2787,FALSE
Pv2.1_07_3889669_AAT/A,Chr07,3889669,0.0362244011260757,2788,FALSE
Pv2.1_05_464695_C/T,Chr05,464695,0.0362240010221013,2789,FALSE
Pv2.1_07_35648149_G/A,Chr07,35648149,0.0362139253218174,2790,FALSE
Pv2.1_03_13121119_T/C,Chr03,13121119,0.0362066156120244,2791,FALSE
Pv2.1_08_6259758_G/A,Chr08,6259758,0.0361965170631007,2792,FALSE
Pv2.1_04_1970714_G/A,Chr04,1970714,0.036196431057411,2793,FALSE
Pv2.1_06_20985774_C/G,Chr06,20985774,0.0361958518112759,2794,FALSE
Pv2.1_06_21370315_T/A,Chr06,21370315,0.0361958518112759,2795,FALSE
Pv2.1_06_21370321_A/T,Chr06,21370321,0.0361958518112759,2796,FALSE
Pv2.1_11_1411758_A/T,Chr11,1411758,0.0361924122024546,2797,FALSE
Pv2.1_07_7032957_G/A,Chr07,7032957,0.0361875049924651,2798,FALSE
Pv2.1_08_47670662_T/A,Chr08,47670662,0.0361814564282392,2799,FALSE
Pv2.1_03_12326185_T/A,Chr03,12326185,0.0361803147101845,2800,FALSE
Pv2.1_11_2282021_T/C,Chr11,2282021,0.0361673904793531,2801,FALSE
Pv2.1_08_6315640_G/A,Chr08,6315640,0.0361658334665802,2802,FALSE
Pv2.1_07_39464624_C/CA,Chr07,39464624,0.036158703304519,2803,FALSE
Pv2.1_02_30231456_C/T,Chr02,30231456,0.036157566735147,2804,FALSE
Pv2.1_02_30231467_A/T,Chr02,30231467,0.036157566735147,2805,FALSE
Pv2.1_02_30231473_G/GC,Chr02,30231473,0.036157566735147,2806,FALSE
Pv2.1_11_1072783_C/T,Chr11,1072783,0.0361558426708828,2807,FALSE
Pv2.1_02_40103834_A/G,Chr02,40103834,0.0361534037846747,2808,FALSE
Pv2.1_07_4047205_A/C,Chr07,4047205,0.0361521377596996,2809,FALSE
Pv2.1_09_14151413_A/G,Chr09,14151413,0.0361460296064173,2810,FALSE
Pv2.1_02_46800123_CAG/C,Chr02,46800123,0.0361418685084689,2811,FALSE
Pv2.1_11_45614834_C/T,Chr11,45614834,0.0361409544470832,2812,FALSE
Pv2.1_06_26303305_A/T,Chr06,26303305,0.0361395403877007,2813,FALSE
Pv2.1_08_60799167_G/A,Chr08,60799167,0.0361381745604317,2814,FALSE
Pv2.1_08_48738157_C/T,Chr08,48738157,0.0361362621172714,2815,FALSE
Pv2.1_06_18830166_T/C,Chr06,18830166,0.0361362245699275,2816,FALSE
Pv2.1_11_44185800_T/C,Chr11,44185800,0.0361360454053714,2817,FALSE
Pv2.1_04_541339_G/A,Chr04,541339,0.036129644964626,2818,FALSE
Pv2.1_05_457168_T/A,Chr05,457168,0.0361260337460672,2819,FALSE
Pv2.1_06_23979822_C/T,Chr06,23979822,0.0361245290606136,2820,FALSE
Pv2.1_06_23979825_T/A,Chr06,23979825,0.0361245290606136,2821,FALSE
Pv2.1_06_23979831_G/A,Chr06,23979831,0.0361245290606136,2822,FALSE
Pv2.1_03_45934794_C/T,Chr03,45934794,0.0361241978976579,2823,FALSE
Pv2.1_08_59027829_C/A,Chr08,59027829,0.0361189094296392,2824,FALSE
Pv2.1_08_59027827_A/G,Chr08,59027827,0.0361189094296388,2825,FALSE
Pv2.1_08_62573117_T/C,Chr08,62573117,0.0361107023040765,2826,FALSE
Pv2.1_02_30956707_C/G,Chr02,30956707,0.0361105250221598,2827,FALSE
Pv2.1_08_62930140_A/G,Chr08,62930140,0.036109556578769,2828,FALSE
Pv2.1_09_37626794_T/C,Chr09,37626794,0.0361077139783608,2829,FALSE
Pv2.1_08_7261541_T/C,Chr08,7261541,0.0361053878191524,2830,FALSE
Pv2.1_08_61086398_G/T,Chr08,61086398,0.0361014255894183,2831,FALSE
Pv2.1_09_35901374_A/G,Chr09,35901374,0.0360964663589223,2832,FALSE
Pv2.1_03_549414_A/G,Chr03,549414,0.0360947965136913,2833,FALSE
Pv2.1_10_3079142_T/A,Chr10,3079142,0.0360940323113272,2834,FALSE
Pv2.1_01_2547800_G/A,Chr01,2547800,0.0360921710525188,2835,FALSE
Pv2.1_11_51229387_T/C,Chr11,51229387,0.036083044808862,2836,FALSE
Pv2.1_04_120036_G/T,Chr04,120036,0.0360780788409576,2837,FALSE
Pv2.1_08_1124012_C/A,Chr08,1124012,0.0360753026494738,2838,FALSE
Pv2.1_07_33533080_G/A,Chr07,33533080,0.0360708929313542,2839,FALSE
Pv2.1_02_49599153_G/A,Chr02,49599153,0.0360703448633157,2840,FALSE
Pv2.1_08_59012878_T/C,Chr08,59012878,0.0360692837471928,2841,FALSE
Pv2.1_08_59012879_G/A,Chr08,59012879,0.0360692837471928,2842,FALSE
Pv2.1_08_59012912_T/C,Chr08,59012912,0.0360692837471928,2843,FALSE
Pv2.1_05_40732011_A/G,Chr05,40732011,0.0360580241448987,2844,FALSE
Pv2.1_08_60662908_A/G,Chr08,60662908,0.0360559562953284,2845,FALSE
Pv2.1_09_20624750_T/C,Chr09,20624750,0.036052733255262,2846,FALSE
Pv2.1_06_19031397_G/GAAC,Chr06,19031397,0.0360404770213205,2847,FALSE
Pv2.1_02_25188147_C/T,Chr02,25188147,0.0360364267609663,2848,FALSE
Pv2.1_09_36784716_A/C,Chr09,36784716,0.0360315089635517,2849,FALSE
Pv2.1_03_41799870_G/A,Chr03,41799870,0.0360253777883326,2850,FALSE
Pv2.1_03_41799886_T/A,Chr03,41799886,0.0360253777883326,2851,FALSE
Pv2.1_09_784605_G/A,Chr09,784605,0.0360166638015702,2852,FALSE
Pv2.1_07_5387112_T/A,Chr07,5387112,0.0360150100201366,2853,FALSE
Pv2.1_03_30210548_T/A,Chr03,30210548,0.0360142218345136,2854,FALSE
Pv2.1_03_46079384_T/C,Chr03,46079384,0.0360036736476372,2855,FALSE
Pv2.1_08_9096229_G/A,Chr08,9096229,0.0359992942413405,2856,FALSE
Pv2.1_09_35693765_T/C,Chr09,35693765,0.0359931419270403,2857,FALSE
Pv2.1_04_4643735_G/A,Chr04,4643735,0.0359919309084571,2858,FALSE
Pv2.1_08_58435645_G/C,Chr08,58435645,0.0359891601796085,2859,FALSE
Pv2.1_07_38732399_G/A,Chr07,38732399,0.0359880846478715,2860,FALSE
Pv2.1_11_1547189_C/T,Chr11,1547189,0.0359818356225832,2861,FALSE
Pv2.1_04_3101778_A/G,Chr04,3101778,0.0359775235470861,2862,FALSE
Pv2.1_07_28402630_T/G,Chr07,28402630,0.0359732126689116,2863,FALSE
Pv2.1_08_84361_A/G,Chr08,84361,0.0359670596501549,2864,FALSE
Pv2.1_04_3259049_A/G,Chr04,3259049,0.0359657606975876,2865,FALSE
Pv2.1_03_43599589_T/G,Chr03,43599589,0.0359656415693812,2866,FALSE
Pv2.1_07_7683011_G/A,Chr07,7683011,0.0359623393585391,2867,FALSE
Pv2.1_07_8771307_A/G,Chr07,8771307,0.0359615027745508,2868,FALSE
Pv2.1_08_20680510_G/A,Chr08,20680510,0.0359560277604514,2869,FALSE
Pv2.1_10_43902389_T/A,Chr10,43902389,0.0359555558080298,2870,FALSE
Pv2.1_10_43902393_G/A,Chr10,43902393,0.0359555558080298,2871,FALSE
Pv2.1_08_62240543_C/T,Chr08,62240543,0.0359553585480334,2872,FALSE
Pv2.1_10_31180336_T/A,Chr10,31180336,0.035951446875949,2873,FALSE
Pv2.1_01_2485552_T/A,Chr01,2485552,0.0359423540997259,2874,FALSE
Pv2.1_10_3834489_A/G,Chr10,3834489,0.0359385406949846,2875,FALSE
Pv2.1_10_1701516_AC/A,Chr10,1701516,0.0359377631191338,2876,FALSE
Pv2.1_06_20202657_T/C,Chr06,20202657,0.0359344121089991,2877,FALSE
Pv2.1_07_32351568_T/A,Chr07,32351568,0.0359334066177501,2878,FALSE
Pv2.1_11_1456183_A/T,Chr11,1456183,0.0359331997332979,2879,FALSE
Pv2.1_09_38104976_C/T,Chr09,38104976,0.0359309481190309,2880,FALSE
Pv2.1_07_8220353_C/G,Chr07,8220353,0.0359239255999984,2881,FALSE
Pv2.1_07_37011854_G/T,Chr07,37011854,0.0359198232573221,2882,FALSE
Pv2.1_05_40437465_TAC/T,Chr05,40437465,0.035919210377299,2883,FALSE
Pv2.1_10_41480212_C/T,Chr10,41480212,0.0359185869362921,2884,FALSE
Pv2.1_09_38118772_C/G,Chr09,38118772,0.0359077674966941,2885,FALSE
Pv2.1_02_23210992_C/A,Chr02,23210992,0.0359045196992316,2886,FALSE
Pv2.1_04_5419806_A/C,Chr04,5419806,0.0359024432534807,2887,FALSE
Pv2.1_07_1274512_G/A,Chr07,1274512,0.0358929639393852,2888,FALSE
Pv2.1_08_1437504_A/C,Chr08,1437504,0.0358907348886399,2889,FALSE
Pv2.1_03_50415062_A/G,Chr03,50415062,0.0358816924415777,2890,FALSE
Pv2.1_09_36703701_T/C,Chr09,36703701,0.0358756497104911,2891,FALSE
Pv2.1_03_42079906_T/C,Chr03,42079906,0.0358724848363803,2892,FALSE
Pv2.1_02_44838463_C/CTGG,Chr02,44838463,0.0358717565583095,2893,FALSE
Pv2.1_09_36029445_C/T,Chr09,36029445,0.0358705449967651,2894,FALSE
Pv2.1_09_36029466_C/T,Chr09,36029466,0.0358705449967651,2895,FALSE
Pv2.1_06_12262114_G/A,Chr06,12262114,0.0358690787065772,2896,FALSE
Pv2.1_07_37462257_A/G,Chr07,37462257,0.0358680528729365,2897,FALSE
Pv2.1_09_14241149_G/A,Chr09,14241149,0.0358646143538381,2898,FALSE
Pv2.1_08_44387322_C/G,Chr08,44387322,0.0358499968640986,2899,FALSE
Pv2.1_08_804599_A/G,Chr08,804599,0.0358485803891848,2900,FALSE
Pv2.1_09_38140082_G/A,Chr09,38140082,0.0358483188579615,2901,FALSE
Pv2.1_08_9096205_A/G,Chr08,9096205,0.0358464773177438,2902,FALSE
Pv2.1_05_5091023_C/T,Chr05,5091023,0.0358404533316929,2903,FALSE
Pv2.1_03_10485523_T/C,Chr03,10485523,0.0358388592392549,2904,FALSE
Pv2.1_06_4477535_C/A,Chr06,4477535,0.035838190565233,2905,FALSE
Pv2.1_09_36703704_C/T,Chr09,36703704,0.035837155473105,2906,FALSE
Pv2.1_03_11375323_A/C,Chr03,11375323,0.0358352218402076,2907,FALSE
Pv2.1_09_38235007_C/A,Chr09,38235007,0.0358347634304628,2908,FALSE
Pv2.1_11_2687316_A/T,Chr11,2687316,0.0358292317287527,2909,FALSE
Pv2.1_11_53368384_A/G,Chr11,53368384,0.0358257689887367,2910,FALSE
Pv2.1_07_36799820_C/A,Chr07,36799820,0.0358064788679124,2911,FALSE
Pv2.1_11_3582543_G/C,Chr11,3582543,0.035800088179625,2912,FALSE
Pv2.1_02_2462930_G/T,Chr02,2462930,0.0357933215026893,2913,FALSE
Pv2.1_04_11357649_T/C,Chr04,11357649,0.0357919416026524,2914,FALSE
Pv2.1_02_35730619_A/G,Chr02,35730619,0.035787367866257,2915,FALSE
Pv2.1_03_42027488_A/T,Chr03,42027488,0.0357848919847439,2916,FALSE
Pv2.1_07_35902191_G/T,Chr07,35902191,0.0357837026615906,2917,FALSE
Pv2.1_02_46886410_T/G,Chr02,46886410,0.0357761706223947,2918,FALSE
Pv2.1_09_38133871_G/A,Chr09,38133871,0.0357720195908966,2919,FALSE
Pv2.1_06_24148847_C/G,Chr06,24148847,0.0357705017514549,2920,FALSE
Pv2.1_08_58417841_C/T,Chr08,58417841,0.0357692486927141,2921,FALSE
Pv2.1_07_7033106_T/A,Chr07,7033106,0.0357661236562841,2922,FALSE
Pv2.1_06_15481170_A/G,Chr06,15481170,0.0357646821901483,2923,FALSE
Pv2.1_06_29634991_T/C,Chr06,29634991,0.0357645400494357,2924,FALSE
Pv2.1_09_37799907_C/T,Chr09,37799907,0.0357629403439752,2925,FALSE
Pv2.1_11_2956789_CT/C,Chr11,2956789,0.0357619593360847,2926,FALSE
Pv2.1_03_12727952_G/A,Chr03,12727952,0.0357600669682405,2927,FALSE
Pv2.1_09_38118799_T/G,Chr09,38118799,0.0357579198103051,2928,FALSE
Pv2.1_09_38118800_C/A,Chr09,38118800,0.0357579198103051,2929,FALSE
Pv2.1_09_38118815_C/G,Chr09,38118815,0.0357579198103051,2930,FALSE
Pv2.1_06_29177456_AT/A,Chr06,29177456,0.0357576204697629,2931,FALSE
Pv2.1_11_51714110_G/C,Chr11,51714110,0.0357572995681488,2932,FALSE
Pv2.1_01_5385998_T/TG,Chr01,5385998,0.0357536864593517,2933,FALSE
Pv2.1_08_59002213_T/C,Chr08,59002213,0.035748887891371,2934,FALSE
Pv2.1_08_60480086_G/C,Chr08,60480086,0.0357480080298434,2935,FALSE
Pv2.1_03_41819859_T/C,Chr03,41819859,0.0357458859848219,2936,FALSE
Pv2.1_07_37088166_C/T,Chr07,37088166,0.0357422414280713,2937,FALSE
Pv2.1_08_61150514_C/G,Chr08,61150514,0.0357413644319555,2938,FALSE
Pv2.1_08_43968341_G/C,Chr08,43968341,0.035737196741394,2939,FALSE
Pv2.1_05_21587979_A/G,Chr05,21587979,0.0357350557724181,2940,FALSE
Pv2.1_07_8496801_C/CTA,Chr07,8496801,0.0357334509477325,2941,FALSE
Pv2.1_06_23977827_T/A,Chr06,23977827,0.035728939840884,2942,FALSE
Pv2.1_10_5855830_G/A,Chr10,5855830,0.0357282156959324,2943,FALSE
Pv2.1_07_36785216_T/C,Chr07,36785216,0.0357159305256252,2944,FALSE
Pv2.1_08_9410030_T/C,Chr08,9410030,0.0357148927002227,2945,FALSE
Pv2.1_11_1603845_TTCTC/T,Chr11,1603845,0.0357145697473467,2946,FALSE
Pv2.1_07_39361182_G/A,Chr07,39361182,0.0357131964599993,2947,FALSE
Pv2.1_02_3241486_A/T,Chr02,3241486,0.0357087039104993,2948,FALSE
Pv2.1_04_11057127_A/G,Chr04,11057127,0.0357062398237353,2949,FALSE
Pv2.1_08_113043_T/TGA,Chr08,113043,0.0357030643400078,2950,FALSE
Pv2.1_07_7714727_C/CT,Chr07,7714727,0.0356968048764292,2951,FALSE
Pv2.1_07_7714732_C/T,Chr07,7714732,0.0356968048764292,2952,FALSE
Pv2.1_02_25196963_A/G,Chr02,25196963,0.0356958375125767,2953,FALSE
Pv2.1_01_2547858_G/A,Chr01,2547858,0.0356909130016461,2954,FALSE
Pv2.1_06_20165708_G/C,Chr06,20165708,0.0356904871482402,2955,FALSE
Pv2.1_07_4085874_T/A,Chr07,4085874,0.0356893307518082,2956,FALSE
Pv2.1_08_56104841_A/G,Chr08,56104841,0.0356886038419324,2957,FALSE
Pv2.1_11_1456174_A/G,Chr11,1456174,0.0356837614445764,2958,FALSE
Pv2.1_11_1162182_A/C,Chr11,1162182,0.0356805517808052,2959,FALSE
Pv2.1_09_36515173_T/C,Chr09,36515173,0.0356801326667306,2960,FALSE
Pv2.1_02_24370816_C/T,Chr02,24370816,0.0356716368296182,2961,FALSE
Pv2.1_08_62327672_C/A,Chr08,62327672,0.0356637505489545,2962,FALSE
Pv2.1_11_3568035_T/C,Chr11,3568035,0.0356609777527961,2963,FALSE
Pv2.1_02_12698154_T/C,Chr02,12698154,0.0356587371335837,2964,FALSE
Pv2.1_09_36679039_G/C,Chr09,36679039,0.0356548744088463,2965,FALSE
Pv2.1_09_36679039_G/T,Chr09,36679039,0.0356548744088463,2966,FALSE
Pv2.1_06_15481157_T/A,Chr06,15481157,0.0356546548108927,2967,FALSE
Pv2.1_09_381382_C/T,Chr09,381382,0.0356530254192768,2968,FALSE
Pv2.1_02_24852681_T/A,Chr02,24852681,0.0356508392134036,2969,FALSE
Pv2.1_10_39735420_G/A,Chr10,39735420,0.0356435875376158,2970,FALSE
Pv2.1_06_28022535_C/G,Chr06,28022535,0.0356435587739026,2971,FALSE
Pv2.1_05_40743891_T/C,Chr05,40743891,0.0356408844198413,2972,FALSE
Pv2.1_07_36963748_C/T,Chr07,36963748,0.0356390830752367,2973,FALSE
Pv2.1_02_44584261_T/C,Chr02,44584261,0.0356376119108068,2974,FALSE
Pv2.1_05_3186397_A/T,Chr05,3186397,0.0356364264457651,2975,FALSE
Pv2.1_05_3186401_C/T,Chr05,3186401,0.0356364264457651,2976,FALSE
Pv2.1_05_3186406_T/A,Chr05,3186406,0.0356364264457651,2977,FALSE
Pv2.1_05_3186417_G/A,Chr05,3186417,0.0356364264457651,2978,FALSE
Pv2.1_07_28383232_A/G,Chr07,28383232,0.03563264799226,2979,FALSE
Pv2.1_02_41172748_C/A,Chr02,41172748,0.0356311140482068,2980,FALSE
Pv2.1_09_36967199_G/C,Chr09,36967199,0.0356305109034802,2981,FALSE
Pv2.1_02_25190354_C/T,Chr02,25190354,0.0356289538473766,2982,FALSE
Pv2.1_11_45614929_A/G,Chr11,45614929,0.0356191681373921,2983,FALSE
Pv2.1_11_45614960_G/A,Chr11,45614960,0.0356191681373921,2984,FALSE
Pv2.1_06_12262110_A/C,Chr06,12262110,0.0356171598795063,2985,FALSE
Pv2.1_05_8938153_G/A,Chr05,8938153,0.0356168631315601,2986,FALSE
Pv2.1_05_3463491_GC/G,Chr05,3463491,0.0356151087860219,2987,FALSE
Pv2.1_01_10141767_G/A,Chr01,10141767,0.0356111561830197,2988,FALSE
Pv2.1_10_8110938_C/A,Chr10,8110938,0.0356072986996137,2989,FALSE
Pv2.1_05_39334625_T/A,Chr05,39334625,0.0356038181157934,2990,FALSE
Pv2.1_11_323787_A/G,Chr11,323787,0.0356020790010181,2991,FALSE
Pv2.1_08_61544850_C/A,Chr08,61544850,0.0355994433720737,2992,FALSE
Pv2.1_11_1372170_A/T,Chr11,1372170,0.0355989226633557,2993,FALSE
Pv2.1_04_45501831_A/G,Chr04,45501831,0.0355986911902479,2994,FALSE
Pv2.1_06_18115024_T/A,Chr06,18115024,0.0355953464285355,2995,FALSE
Pv2.1_10_43902359_C/G,Chr10,43902359,0.0355915556199133,2996,FALSE
Pv2.1_03_50415149_G/T,Chr03,50415149,0.035591230960673,2997,FALSE
Pv2.1_07_37050744_T/A,Chr07,37050744,0.0355881841865235,2998,FALSE
Pv2.1_05_283589_TC/T,Chr05,283589,0.0355839633852759,2999,FALSE
Pv2.1_02_23277575_T/TA,Chr02,23277575,0.0355838144180076,3000,FALSE
Pv2.1_01_4818724_T/C,Chr01,4818724,0.0355814201889753,3001,FALSE
Pv2.1_07_7517454_G/A,Chr07,7517454,0.0355786471539465,3002,FALSE
Pv2.1_07_1182132_A/G,Chr07,1182132,0.0355751064523244,3003,FALSE
Pv2.1_07_1182141_C/G,Chr07,1182141,0.0355751064523244,3004,FALSE
Pv2.1_08_55299623_G/A,Chr08,55299623,0.0355687744578925,3005,FALSE
Pv2.1_05_568442_A/G,Chr05,568442,0.0355635184986181,3006,FALSE
Pv2.1_08_62043203_A/C,Chr08,62043203,0.0355628908040653,3007,FALSE
Pv2.1_11_3941019_C/T,Chr11,3941019,0.0355600699138861,3008,FALSE
Pv2.1_08_61185186_A/T,Chr08,61185186,0.0355588031633385,3009,FALSE
Pv2.1_03_41092676_G/C,Chr03,41092676,0.0355573192108052,3010,FALSE
Pv2.1_09_21454694_T/A,Chr09,21454694,0.0355563521828439,3011,FALSE
Pv2.1_05_464728_G/T,Chr05,464728,0.0355548641113295,3012,FALSE
Pv2.1_06_4315526_G/A,Chr06,4315526,0.0355511430618272,3013,FALSE
Pv2.1_09_38120967_A/G,Chr09,38120967,0.0355504737652566,3014,FALSE
Pv2.1_09_10577134_G/C,Chr09,10577134,0.0355504400577864,3015,FALSE
Pv2.1_03_43599514_G/A,Chr03,43599514,0.0355497444834656,3016,FALSE
Pv2.1_01_5335920_T/C,Chr01,5335920,0.0355493203056239,3017,FALSE
Pv2.1_11_49176622_T/A,Chr11,49176622,0.0355474113567444,3018,FALSE
Pv2.1_07_38830465_C/A,Chr07,38830465,0.0355428287835111,3019,FALSE
Pv2.1_09_38133889_G/A,Chr09,38133889,0.0355407031300725,3020,FALSE
Pv2.1_03_2631639_AT/A,Chr03,2631639,0.0355377826981878,3021,FALSE
Pv2.1_01_42449486_C/A,Chr01,42449486,0.0355367087220246,3022,FALSE
Pv2.1_02_12351237_C/T,Chr02,12351237,0.0355346570673567,3023,FALSE
Pv2.1_10_42233804_C/A,Chr10,42233804,0.0355328227076517,3024,FALSE
Pv2.1_10_42233807_G/A,Chr10,42233807,0.0355328227076517,3025,FALSE
Pv2.1_06_19550320_A/G,Chr06,19550320,0.0355298554089578,3026,FALSE
Pv2.1_09_38152420_G/A,Chr09,38152420,0.0355273484507048,3027,FALSE
Pv2.1_09_38152444_C/A,Chr09,38152444,0.0355273484507048,3028,FALSE
Pv2.1_09_34957791_GGGA/G,Chr09,34957791,0.0355273453960878,3029,FALSE
Pv2.1_02_2620399_A/T,Chr02,2620399,0.0355253129288031,3030,FALSE
Pv2.1_05_3186346_C/A,Chr05,3186346,0.0355189833596143,3031,FALSE
Pv2.1_08_61036638_ATAG/A,Chr08,61036638,0.0355189814568702,3032,FALSE
Pv2.1_06_15409139_C/T,Chr06,15409139,0.0355126358033671,3033,FALSE
Pv2.1_05_466144_T/A,Chr05,466144,0.0355063377230644,3034,FALSE
Pv2.1_08_61361022_T/A,Chr08,61361022,0.035505892517449,3035,FALSE
Pv2.1_03_42941600_A/T,Chr03,42941600,0.0355037596395906,3036,FALSE
Pv2.1_10_42277946_G/A,Chr10,42277946,0.0354949832456688,3037,FALSE
Pv2.1_10_2921025_G/T,Chr10,2921025,0.0354926333275252,3038,FALSE
Pv2.1_03_30156694_G/A,Chr03,30156694,0.0354819964772766,3039,FALSE
Pv2.1_08_62952451_T/G,Chr08,62952451,0.0354719713844185,3040,FALSE
Pv2.1_09_35989997_T/G,Chr09,35989997,0.0354654346712877,3041,FALSE
Pv2.1_09_37799959_T/C,Chr09,37799959,0.0354628684958782,3042,FALSE
Pv2.1_03_51262894_T/C,Chr03,51262894,0.0354580053329454,3043,FALSE
Pv2.1_11_1322979_C/A,Chr11,1322979,0.0354527009101417,3044,FALSE
Pv2.1_03_41507484_GC/G,Chr03,41507484,0.0354510435844184,3045,FALSE
Pv2.1_06_10711277_A/G,Chr06,10711277,0.035448957329046,3046,FALSE
Pv2.1_08_3611672_G/A,Chr08,3611672,0.0354475306322541,3047,FALSE
Pv2.1_03_50415129_C/G,Chr03,50415129,0.0354451748794848,3048,FALSE
Pv2.1_09_36725484_G/T,Chr09,36725484,0.0354447926731565,3049,FALSE
Pv2.1_08_2736543_A/G,Chr08,2736543,0.0354404384988958,3050,FALSE
Pv2.1_03_8650231_CATT/C,Chr03,8650231,0.0354280618503737,3051,FALSE
Pv2.1_08_62447305_A/C,Chr08,62447305,0.0354268982261798,3052,FALSE
Pv2.1_11_3970837_A/T,Chr11,3970837,0.0354254626250241,3053,FALSE
Pv2.1_02_23280421_A/T,Chr02,23280421,0.0354233955931598,3054,FALSE
Pv2.1_05_91950_A/T,Chr05,91950,0.035420993165701,3055,FALSE
Pv2.1_09_36808149_G/T,Chr09,36808149,0.0354205349530372,3056,FALSE
Pv2.1_09_19578917_C/T,Chr09,19578917,0.0354167441426481,3057,FALSE
Pv2.1_09_19578920_G/A,Chr09,19578920,0.0354167441426481,3058,FALSE
Pv2.1_06_9270760_A/T,Chr06,9270760,0.0354120548850707,3059,FALSE
Pv2.1_08_6961754_C/T,Chr08,6961754,0.0354056550908015,3060,FALSE
Pv2.1_08_8453471_T/C,Chr08,8453471,0.0354031127521002,3061,FALSE
Pv2.1_08_702106_G/T,Chr08,702106,0.0354022474081188,3062,FALSE
Pv2.1_07_21106057_C/T,Chr07,21106057,0.0353982316074211,3063,FALSE
Pv2.1_03_30202157_T/C,Chr03,30202157,0.035397640614522,3064,FALSE
Pv2.1_02_36132557_A/T,Chr02,36132557,0.0353912825932503,3065,FALSE
Pv2.1_07_32612015_T/A,Chr07,32612015,0.035387809363141,3066,FALSE
Pv2.1_03_11946073_C/A,Chr03,11946073,0.0353842808845712,3067,FALSE
Pv2.1_07_8496872_C/T,Chr07,8496872,0.0353638980035962,3068,FALSE
Pv2.1_07_8496874_A/G,Chr07,8496874,0.0353638980035962,3069,FALSE
Pv2.1_07_8496875_G/C,Chr07,8496875,0.0353638980035962,3070,FALSE
Pv2.1_08_7787798_G/C,Chr08,7787798,0.0353605465807765,3071,FALSE
Pv2.1_03_37134044_A/G,Chr03,37134044,0.0353593927563352,3072,FALSE
Pv2.1_08_7027070_C/A,Chr08,7027070,0.0353561024827989,3073,FALSE
Pv2.1_08_7027085_A/T,Chr08,7027085,0.0353561024827989,3074,FALSE
Pv2.1_08_2905184_G/C,Chr08,2905184,0.0353487423429062,3075,FALSE
Pv2.1_08_41879636_TGG/T,Chr08,41879636,0.0353465373513271,3076,FALSE
Pv2.1_11_3941081_G/A,Chr11,3941081,0.0353301568338438,3077,FALSE
Pv2.1_08_60622743_GT/G,Chr08,60622743,0.0353288346561786,3078,FALSE
Pv2.1_10_3192045_T/C,Chr10,3192045,0.0353241005663478,3079,FALSE
Pv2.1_07_4552272_G/A,Chr07,4552272,0.0353196556260773,3080,FALSE
Pv2.1_10_1408937_A/C,Chr10,1408937,0.0353146554310384,3081,FALSE
Pv2.1_01_2485610_T/A,Chr01,2485610,0.0353136415895561,3082,FALSE
Pv2.1_08_8337751_C/T,Chr08,8337751,0.0353132818638744,3083,FALSE
Pv2.1_07_34507411_A/G,Chr07,34507411,0.0353108309004506,3084,FALSE
Pv2.1_11_51714100_A/G,Chr11,51714100,0.035307063867394,3085,FALSE
Pv2.1_11_30663520_C/T,Chr11,30663520,0.0353038307733997,3086,FALSE
Pv2.1_01_143920_G/A,Chr01,143920,0.035295551108264,3087,FALSE
Pv2.1_04_47457729_C/T,Chr04,47457729,0.0352949127100564,3088,FALSE
Pv2.1_09_36110843_C/G,Chr09,36110843,0.035292398645852,3089,FALSE
Pv2.1_08_58173133_A/G,Chr08,58173133,0.0352898444947725,3090,FALSE
Pv2.1_07_9149470_C/A,Chr07,9149470,0.0352853404457587,3091,FALSE
Pv2.1_08_502163_T/A,Chr08,502163,0.0352835162332759,3092,FALSE
Pv2.1_08_62212438_C/G,Chr08,62212438,0.0352819520612742,3093,FALSE
Pv2.1_07_36725752_A/G,Chr07,36725752,0.035279242735256,3094,FALSE
Pv2.1_06_12262060_G/C,Chr06,12262060,0.0352784158440178,3095,FALSE
Pv2.1_09_36794479_A/G,Chr09,36794479,0.0352760526484826,3096,FALSE
Pv2.1_03_32236316_C/T,Chr03,32236316,0.0352736947368832,3097,FALSE
Pv2.1_11_50483657_C/T,Chr11,50483657,0.0352730365946155,3098,FALSE
Pv2.1_07_35524353_G/T,Chr07,35524353,0.035272976900004,3099,FALSE
Pv2.1_02_49576287_A/G,Chr02,49576287,0.0352703277515558,3100,FALSE
Pv2.1_08_1483637_T/A,Chr08,1483637,0.0352698108702643,3101,FALSE
Pv2.1_07_32254705_T/C,Chr07,32254705,0.0352673443452245,3102,FALSE
Pv2.1_04_44730847_T/C,Chr04,44730847,0.0352672960055007,3103,FALSE
Pv2.1_09_38133916_T/A,Chr09,38133916,0.0352670791958896,3104,FALSE
Pv2.1_09_38133955_C/A,Chr09,38133955,0.0352670791958896,3105,FALSE
Pv2.1_04_14160107_A/T,Chr04,14160107,0.035266831480242,3106,FALSE
Pv2.1_08_3756362_T/C,Chr08,3756362,0.0352650110723483,3107,FALSE
Pv2.1_08_61825958_C/A,Chr08,61825958,0.0352624258234897,3108,FALSE
Pv2.1_06_9270739_C/T,Chr06,9270739,0.0352537272836106,3109,FALSE
Pv2.1_11_1518951_A/G,Chr11,1518951,0.0352517802935202,3110,FALSE
Pv2.1_04_46214759_C/T,Chr04,46214759,0.035249148271471,3111,FALSE
Pv2.1_02_37577805_T/G,Chr02,37577805,0.0352359298177753,3112,FALSE
Pv2.1_05_9252187_T/TACAG,Chr05,9252187,0.0352300531693741,3113,FALSE
Pv2.1_06_4446688_T/C,Chr06,4446688,0.0352259183130954,3114,FALSE
Pv2.1_01_2319455_C/T,Chr01,2319455,0.0352224352121908,3115,FALSE
Pv2.1_09_37546990_A/ACT,Chr09,37546990,0.0352183894147582,3116,FALSE
Pv2.1_08_13361339_A/T,Chr08,13361339,0.0352175337800906,3117,FALSE
Pv2.1_08_62447393_C/G,Chr08,62447393,0.0352163471156071,3118,FALSE
Pv2.1_11_45614736_C/G,Chr11,45614736,0.0352162865002441,3119,FALSE
Pv2.1_01_2682164_G/T,Chr01,2682164,0.0352153149453711,3120,FALSE
Pv2.1_06_20852922_C/T,Chr06,20852922,0.0352089624313026,3121,FALSE
Pv2.1_04_11998940_C/A,Chr04,11998940,0.0352033429101142,3122,FALSE
Pv2.1_11_52830258_T/A,Chr11,52830258,0.035202755782223,3123,FALSE
Pv2.1_03_11248788_C/T,Chr03,11248788,0.0352008162979121,3124,FALSE
Pv2.1_11_44185774_G/C,Chr11,44185774,0.0352007399105814,3125,FALSE
Pv2.1_09_36912065_G/A,Chr09,36912065,0.0351986114422487,3126,FALSE
Pv2.1_08_62824091_A/G,Chr08,62824091,0.0351916056392159,3127,FALSE
Pv2.1_01_10096631_A/G,Chr01,10096631,0.035187869497479,3128,FALSE
Pv2.1_03_48575585_G/A,Chr03,48575585,0.0351877998382371,3129,FALSE
Pv2.1_07_34041061_TTC/T,Chr07,34041061,0.0351843454009897,3130,FALSE
Pv2.1_07_34041062_TC/T,Chr07,34041062,0.0351843454009897,3131,FALSE
Pv2.1_03_51304691_T/C,Chr03,51304691,0.0351841513247955,3132,FALSE
Pv2.1_02_45510434_A/G,Chr02,45510434,0.0351810121293488,3133,FALSE
Pv2.1_03_53399286_G/A,Chr03,53399286,0.0351787752715098,3134,FALSE
Pv2.1_03_30657369_T/C,Chr03,30657369,0.0351758632273982,3135,FALSE
Pv2.1_03_51304817_A/G,Chr03,51304817,0.0351736240175016,3136,FALSE
Pv2.1_02_1562168_A/ATT,Chr02,1562168,0.0351698813534171,3137,FALSE
Pv2.1_09_19580329_T/C,Chr09,19580329,0.0351598135906595,3138,FALSE
Pv2.1_07_4085857_C/A,Chr07,4085857,0.0351565047601321,3139,FALSE
Pv2.1_10_4052674_A/C,Chr10,4052674,0.0351559329328661,3140,FALSE
Pv2.1_01_13356149_A/G,Chr01,13356149,0.0351545218481846,3141,FALSE
Pv2.1_03_42222242_A/C,Chr03,42222242,0.035150446693466,3142,FALSE
Pv2.1_07_3988990_G/A,Chr07,3988990,0.0351478264721123,3143,FALSE
Pv2.1_08_18668983_C/T,Chr08,18668983,0.0351410035032149,3144,FALSE
Pv2.1_10_9190238_T/G,Chr10,9190238,0.0351404324386553,3145,FALSE
Pv2.1_07_34507476_TA/T,Chr07,34507476,0.0351357371442385,3146,FALSE
Pv2.1_10_40293312_TA/T,Chr10,40293312,0.0351139737041128,3147,FALSE
Pv2.1_08_6259800_T/C,Chr08,6259800,0.0351136760430664,3148,FALSE
Pv2.1_07_10412633_C/T,Chr07,10412633,0.0351090617689338,3149,FALSE
Pv2.1_10_2997347_A/G,Chr10,2997347,0.0351079716338876,3150,FALSE
Pv2.1_01_3307025_A/C,Chr01,3307025,0.0351039558534034,3151,FALSE
Pv2.1_09_37547676_A/G,Chr09,37547676,0.0350997636302752,3152,FALSE
Pv2.1_02_33604678_G/C,Chr02,33604678,0.0350961405236108,3153,FALSE
Pv2.1_02_31490872_T/TAAC,Chr02,31490872,0.0350946870028466,3154,FALSE
Pv2.1_07_594329_A/G,Chr07,594329,0.0350896364433111,3155,FALSE
Pv2.1_08_1001427_T/C,Chr08,1001427,0.0350864730940659,3156,FALSE
Pv2.1_08_716274_C/G,Chr08,716274,0.0350842856833644,3157,FALSE
Pv2.1_08_16674248_A/G,Chr08,16674248,0.0350825950629035,3158,FALSE
Pv2.1_05_40706653_C/A,Chr05,40706653,0.0350800934437077,3159,FALSE
Pv2.1_11_38370514_A/G,Chr11,38370514,0.0350771675884944,3160,FALSE
Pv2.1_01_1441903_G/C,Chr01,1441903,0.035074750386626,3161,FALSE
Pv2.1_11_45614717_C/T,Chr11,45614717,0.0350724564334257,3162,FALSE
Pv2.1_09_37563700_A/G,Chr09,37563700,0.0350684349981396,3163,FALSE
Pv2.1_07_36725753_C/G,Chr07,36725753,0.0350646306057283,3164,FALSE
Pv2.1_09_13746675_C/A,Chr09,13746675,0.0350638189541179,3165,FALSE
Pv2.1_07_37218423_A/G,Chr07,37218423,0.0350616541467734,3166,FALSE
Pv2.1_04_11056968_G/T,Chr04,11056968,0.0350582913765942,3167,FALSE
Pv2.1_06_22794367_T/G,Chr06,22794367,0.0350540388188487,3168,FALSE
Pv2.1_06_28593025_C/T,Chr06,28593025,0.0350499078308824,3169,FALSE
Pv2.1_07_6784648_A/T,Chr07,6784648,0.0350440257627591,3170,FALSE
Pv2.1_07_8776065_T/TG,Chr07,8776065,0.0350290296132272,3171,FALSE
Pv2.1_04_45177610_C/T,Chr04,45177610,0.0350239317011036,3172,FALSE
Pv2.1_09_22466308_C/T,Chr09,22466308,0.035022999514716,3173,FALSE
Pv2.1_07_39363646_A/G,Chr07,39363646,0.0350229330192593,3174,FALSE
Pv2.1_04_541489_A/G,Chr04,541489,0.0350220720248906,3175,FALSE
Pv2.1_08_1092119_A/T,Chr08,1092119,0.0350197890551156,3176,FALSE
Pv2.1_09_35319172_T/C,Chr09,35319172,0.0350196984094548,3177,FALSE
Pv2.1_03_12717272_T/C,Chr03,12717272,0.0350135862323526,3178,FALSE
Pv2.1_08_693201_G/A,Chr08,693201,0.035011638930261,3179,FALSE
Pv2.1_08_10017911_C/T,Chr08,10017911,0.0350104446747919,3180,FALSE
Pv2.1_11_497943_T/TTCC,Chr11,497943,0.0350091218566382,3181,FALSE
Pv2.1_08_62952246_C/T,Chr08,62952246,0.0350048672357093,3182,FALSE
Pv2.1_04_46886999_T/G,Chr04,46886999,0.0350001638198818,3183,FALSE
Pv2.1_09_36728888_C/T,Chr09,36728888,0.0349987866813954,3184,FALSE
Pv2.1_08_62898034_T/C,Chr08,62898034,0.0349943089385736,3185,FALSE
Pv2.1_04_46719047_A/T,Chr04,46719047,0.0349881501317268,3186,FALSE
Pv2.1_09_38003385_A/G,Chr09,38003385,0.034987510419116,3187,FALSE
Pv2.1_08_6268891_T/G,Chr08,6268891,0.0349872120761581,3188,FALSE
Pv2.1_01_6631826_T/C,Chr01,6631826,0.0349822706112009,3189,FALSE
Pv2.1_02_23066358_A/C,Chr02,23066358,0.0349783878426089,3190,FALSE
Pv2.1_06_2580479_T/A,Chr06,2580479,0.0349733160392196,3191,FALSE
Pv2.1_08_3183858_A/C,Chr08,3183858,0.0349707249823581,3192,FALSE
Pv2.1_09_35314379_G/A,Chr09,35314379,0.034970093930629,3193,FALSE
Pv2.1_06_21039037_G/A,Chr06,21039037,0.0349633218511927,3194,FALSE
Pv2.1_11_35572028_C/G,Chr11,35572028,0.0349571938870317,3195,FALSE
Pv2.1_10_41406225_T/C,Chr10,41406225,0.0349495058832394,3196,FALSE
Pv2.1_07_6675988_GA/G,Chr07,6675988,0.0349487856597408,3197,FALSE
Pv2.1_08_247636_T/C,Chr08,247636,0.0349453245321767,3198,FALSE
Pv2.1_09_36881624_C/A,Chr09,36881624,0.0349432779173844,3199,FALSE
Pv2.1_09_36881633_C/T,Chr09,36881633,0.0349432779173844,3200,FALSE
Pv2.1_09_36881642_A/G,Chr09,36881642,0.0349432779173844,3201,FALSE
Pv2.1_07_32735911_GT/G,Chr07,32735911,0.0349405448694418,3202,FALSE
Pv2.1_06_20213076_TG/T,Chr06,20213076,0.0349356471586533,3203,FALSE
Pv2.1_09_38118817_C/T,Chr09,38118817,0.034930777489087,3204,FALSE
Pv2.1_07_32368034_T/A,Chr07,32368034,0.0349274469629557,3205,FALSE
Pv2.1_07_9355830_T/C,Chr07,9355830,0.0349233264711737,3206,FALSE
Pv2.1_08_62952291_T/C,Chr08,62952291,0.0349223616112466,3207,FALSE
Pv2.1_03_11945997_T/C,Chr03,11945997,0.0349128946503727,3208,FALSE
Pv2.1_07_34489870_C/G,Chr07,34489870,0.0349127279262582,3209,FALSE
Pv2.1_11_3069718_A/G,Chr11,3069718,0.0349126151976118,3210,FALSE
Pv2.1_11_3069726_G/A,Chr11,3069726,0.0349126151976118,3211,FALSE
Pv2.1_10_41562020_A/C,Chr10,41562020,0.0349116326458585,3212,FALSE
Pv2.1_10_41562027_G/T,Chr10,41562027,0.0349116326458585,3213,FALSE
Pv2.1_10_41562033_A/C,Chr10,41562033,0.0349116326458585,3214,FALSE
Pv2.1_07_36757988_C/T,Chr07,36757988,0.03490583712858,3215,FALSE
Pv2.1_11_45615167_G/T,Chr11,45615167,0.0349027167396923,3216,FALSE
Pv2.1_04_4135590_TAG/T,Chr04,4135590,0.0349010930084246,3217,FALSE
Pv2.1_06_15481190_A/G,Chr06,15481190,0.034877464900557,3218,FALSE
Pv2.1_11_3778761_G/A,Chr11,3778761,0.0348771986945864,3219,FALSE
Pv2.1_08_4032093_G/A,Chr08,4032093,0.03487652731671,3220,FALSE
Pv2.1_08_58990719_G/GA,Chr08,58990719,0.0348764890207649,3221,FALSE
Pv2.1_01_173993_A/G,Chr01,173993,0.0348754027011768,3222,FALSE
Pv2.1_01_173994_T/G,Chr01,173994,0.0348754027011768,3223,FALSE
Pv2.1_08_62426366_G/A,Chr08,62426366,0.0348738247781379,3224,FALSE
Pv2.1_08_62426373_G/A,Chr08,62426373,0.0348738247781379,3225,FALSE
Pv2.1_09_7738333_G/T,Chr09,7738333,0.0348642605435918,3226,FALSE
Pv2.1_10_41562110_A/G,Chr10,41562110,0.0348557621003085,3227,FALSE
Pv2.1_02_31490636_T/C,Chr02,31490636,0.0348481201375597,3228,FALSE
Pv2.1_07_34301846_T/G,Chr07,34301846,0.0348476043577577,3229,FALSE
Pv2.1_01_45326475_G/A,Chr01,45326475,0.0348409090600983,3230,FALSE
Pv2.1_09_36711810_G/A,Chr09,36711810,0.0348349297852044,3231,FALSE
Pv2.1_08_62818898_G/A,Chr08,62818898,0.0348302790795882,3232,FALSE
Pv2.1_08_62818909_G/C,Chr08,62818909,0.0348302790795882,3233,FALSE
Pv2.1_06_20958293_C/G,Chr06,20958293,0.0348297188649163,3234,FALSE
Pv2.1_06_20958294_T/G,Chr06,20958294,0.0348297188649163,3235,FALSE
Pv2.1_08_38281430_C/A,Chr08,38281430,0.0348235404768555,3236,FALSE
Pv2.1_08_1391701_G/C,Chr08,1391701,0.0348191503294819,3237,FALSE
Pv2.1_01_10141794_C/A,Chr01,10141794,0.034817933426857,3238,FALSE
Pv2.1_06_1459393_A/G,Chr06,1459393,0.0348140003814663,3239,FALSE
Pv2.1_08_61589726_A/G,Chr08,61589726,0.0348056117631046,3240,FALSE
Pv2.1_11_3648213_G/A,Chr11,3648213,0.0347980737670093,3241,FALSE
Pv2.1_10_446767_T/C,Chr10,446767,0.0347895604909754,3242,FALSE
Pv2.1_07_28343320_C/A,Chr07,28343320,0.0347803139909213,3243,FALSE
Pv2.1_11_35499129_A/T,Chr11,35499129,0.0347782412267592,3244,FALSE
Pv2.1_02_45116135_A/T,Chr02,45116135,0.034770852908208,3245,FALSE
Pv2.1_02_44922099_G/T,Chr02,44922099,0.0347707084091984,3246,FALSE
Pv2.1_09_37877402_G/C,Chr09,37877402,0.0347613180093833,3247,FALSE
Pv2.1_07_39356252_T/C,Chr07,39356252,0.0347437801553818,3248,FALSE
Pv2.1_03_39815956_T/G,Chr03,39815956,0.0347361094798337,3249,FALSE
Pv2.1_08_15268141_G/A,Chr08,15268141,0.0347321485054457,3250,FALSE
Pv2.1_07_8869309_T/A,Chr07,8869309,0.034731061742395,3251,FALSE
Pv2.1_03_31130060_T/C,Chr03,31130060,0.0347307032817086,3252,FALSE
Pv2.1_05_5470589_C/T,Chr05,5470589,0.0347292607989842,3253,FALSE
Pv2.1_01_5641860_T/C,Chr01,5641860,0.0347253597673731,3254,FALSE
Pv2.1_01_4061964_T/G,Chr01,4061964,0.0347243636362919,3255,FALSE
Pv2.1_07_5442678_A/G,Chr07,5442678,0.0347177580797804,3256,FALSE
Pv2.1_06_26029182_C/G,Chr06,26029182,0.034717318871754,3257,FALSE
Pv2.1_04_47087107_C/T,Chr04,47087107,0.0347075479379675,3258,FALSE
Pv2.1_08_45138182_C/T,Chr08,45138182,0.0347066862871737,3259,FALSE
Pv2.1_07_35801400_C/A,Chr07,35801400,0.0347055491008859,3260,FALSE
Pv2.1_11_2282072_A/C,Chr11,2282072,0.0347008247928833,3261,FALSE
Pv2.1_01_10095152_G/A,Chr01,10095152,0.0346966319506334,3262,FALSE
Pv2.1_01_34507194_G/A,Chr01,34507194,0.0346903425338572,3263,FALSE
Pv2.1_11_3135903_A/G,Chr11,3135903,0.0346888264310437,3264,FALSE
Pv2.1_05_3576043_A/G,Chr05,3576043,0.0346884013742357,3265,FALSE
Pv2.1_07_39361190_C/G,Chr07,39361190,0.0346872409590069,3266,FALSE
Pv2.1_06_137935_G/A,Chr06,137935,0.0346863318847372,3267,FALSE
Pv2.1_05_9638782_A/C,Chr05,9638782,0.0346856179923174,3268,FALSE
Pv2.1_07_10712903_G/A,Chr07,10712903,0.0346826534413611,3269,FALSE
Pv2.1_08_61663126_TTA/T,Chr08,61663126,0.0346808097656006,3270,FALSE
Pv2.1_04_46178137_G/A,Chr04,46178137,0.0346777813148256,3271,FALSE
Pv2.1_02_48682281_T/C,Chr02,48682281,0.034671558965734,3272,FALSE
Pv2.1_07_4813594_C/T,Chr07,4813594,0.0346684301407136,3273,FALSE
Pv2.1_07_36037224_CA/C,Chr07,36037224,0.0346575809522349,3274,FALSE
Pv2.1_04_46279607_C/T,Chr04,46279607,0.0346491553822386,3275,FALSE
Pv2.1_08_38658769_G/T,Chr08,38658769,0.0346483446115644,3276,FALSE
Pv2.1_07_29372879_C/T,Chr07,29372879,0.0346326012278477,3277,FALSE
Pv2.1_05_1290130_T/C,Chr05,1290130,0.0346317165552348,3278,FALSE
Pv2.1_07_4037250_C/A,Chr07,4037250,0.0346274815041303,3279,FALSE
Pv2.1_02_44970420_CAT/C,Chr02,44970420,0.0346238669881096,3280,FALSE
Pv2.1_11_2596588_G/T,Chr11,2596588,0.0346200967068464,3281,FALSE
Pv2.1_09_36709161_C/T,Chr09,36709161,0.0346169318914109,3282,FALSE
Pv2.1_08_825593_C/A,Chr08,825593,0.034614634218503,3283,FALSE
Pv2.1_03_8860025_A/T,Chr03,8860025,0.0346091156148334,3284,FALSE
Pv2.1_07_21106043_C/G,Chr07,21106043,0.0346033624071871,3285,FALSE
Pv2.1_09_14451667_G/TTTT,Chr09,14451667,0.0346019236848449,3286,FALSE
Pv2.1_08_1530814_T/C,Chr08,1530814,0.0346011843464966,3287,FALSE
Pv2.1_08_62490710_C/T,Chr08,62490710,0.0345994708864272,3288,FALSE
Pv2.1_01_2280605_G/A,Chr01,2280605,0.0345966937994509,3289,FALSE
Pv2.1_04_45501891_G/C,Chr04,45501891,0.0345958180667552,3290,FALSE
Pv2.1_03_40784352_GCAA/G,Chr03,40784352,0.0345909176906627,3291,FALSE
Pv2.1_09_10496962_T/C,Chr09,10496962,0.0345861475325093,3292,FALSE
Pv2.1_10_4355205_T/C,Chr10,4355205,0.0345788325438963,3293,FALSE
Pv2.1_03_12928809_C/T,Chr03,12928809,0.0345785079416019,3294,FALSE
Pv2.1_08_12426780_C/T,Chr08,12426780,0.0345781586695901,3295,FALSE
Pv2.1_06_12262137_T/C,Chr06,12262137,0.0345695506829831,3296,FALSE
Pv2.1_08_7163342_A/T,Chr08,7163342,0.0345601606184318,3297,FALSE
Pv2.1_11_47185856_C/T,Chr11,47185856,0.0345592935867245,3298,FALSE
Pv2.1_07_32368025_G/C,Chr07,32368025,0.0345589869701537,3299,FALSE
Pv2.1_11_45427539_A/G,Chr11,45427539,0.0345583873323236,3300,FALSE
Pv2.1_08_3304866_T/G,Chr08,3304866,0.0345573291829222,3301,FALSE
Pv2.1_02_46858683_G/T,Chr02,46858683,0.0345571248418279,3302,FALSE
Pv2.1_03_46149483_G/A,Chr03,46149483,0.0345543318393733,3303,FALSE
Pv2.1_07_21454733_A/C,Chr07,21454733,0.0345522519244388,3304,FALSE
Pv2.1_08_58014419_T/C,Chr08,58014419,0.0345506562529252,3305,FALSE
Pv2.1_01_1598489_G/A,Chr01,1598489,0.0345482921888611,3306,FALSE
Pv2.1_08_59267985_T/C,Chr08,59267985,0.0345444914258311,3307,FALSE
Pv2.1_04_46934138_A/G,Chr04,46934138,0.0345407155377648,3308,FALSE
Pv2.1_04_1576761_T/C,Chr04,1576761,0.0345358781418059,3309,FALSE
Pv2.1_08_62838550_T/C,Chr08,62838550,0.0345342897050989,3310,FALSE
Pv2.1_02_35757307_T/C,Chr02,35757307,0.0345331808758731,3311,FALSE
Pv2.1_04_11161016_A/G,Chr04,11161016,0.0345301980637824,3312,FALSE
Pv2.1_07_38553215_T/A,Chr07,38553215,0.0345295229554323,3313,FALSE
Pv2.1_02_12634002_G/A,Chr02,12634002,0.0345217639866546,3314,FALSE
Pv2.1_11_46687542_A/G,Chr11,46687542,0.0345138662382931,3315,FALSE
Pv2.1_11_46687555_C/G,Chr11,46687555,0.0345138662382931,3316,FALSE
Pv2.1_05_3533483_G/A,Chr05,3533483,0.0345132316688011,3317,FALSE
Pv2.1_11_35572005_C/T,Chr11,35572005,0.0345111483219411,3318,FALSE
Pv2.1_03_37392212_C/T,Chr03,37392212,0.0345078092811284,3319,FALSE
Pv2.1_04_45501122_A/G,Chr04,45501122,0.0345066778717076,3320,FALSE
Pv2.1_09_37831591_T/G,Chr09,37831591,0.0345007501466448,3321,FALSE
Pv2.1_05_39562423_A/T,Chr05,39562423,0.0344955725938072,3322,FALSE
Pv2.1_11_1322995_C/T,Chr11,1322995,0.0344863704369023,3323,FALSE
Pv2.1_02_49610055_A/G,Chr02,49610055,0.0344854319842765,3324,FALSE
Pv2.1_09_37056540_C/CA,Chr09,37056540,0.0344844969259661,3325,FALSE
Pv2.1_01_38135566_TC/G,Chr01,38135566,0.0344782671377222,3326,FALSE
Pv2.1_11_50574195_G/A,Chr11,50574195,0.0344748295211299,3327,FALSE
Pv2.1_11_2282069_G/A,Chr11,2282069,0.0344717652040063,3328,FALSE
Pv2.1_08_62043105_T/A,Chr08,62043105,0.0344649866027642,3329,FALSE
Pv2.1_08_54384155_T/C,Chr08,54384155,0.0344646717155914,3330,FALSE
Pv2.1_10_41487546_G/A,Chr10,41487546,0.0344624292705547,3331,FALSE
Pv2.1_07_563403_G/T,Chr07,563403,0.0344575456124847,3332,FALSE
Pv2.1_07_4014346_A/G,Chr07,4014346,0.0344549266225513,3333,FALSE
Pv2.1_11_44249597_G/T,Chr11,44249597,0.0344533837069982,3334,FALSE
Pv2.1_01_2485629_C/A,Chr01,2485629,0.0344527052572672,3335,FALSE
Pv2.1_09_29067483_G/A,Chr09,29067483,0.0344523066752043,3336,FALSE
Pv2.1_03_40784409_T/C,Chr03,40784409,0.0344503693296225,3337,FALSE
Pv2.1_10_39731623_C/G,Chr10,39731623,0.0344495204598161,3338,FALSE
Pv2.1_02_44965340_A/T,Chr02,44965340,0.0344409002685744,3339,FALSE
Pv2.1_09_35468235_C/G,Chr09,35468235,0.0344342212875763,3340,FALSE
Pv2.1_03_49696848_G/A,Chr03,49696848,0.0344271598763841,3341,FALSE
Pv2.1_04_21034049_C/T,Chr04,21034049,0.0344246042688625,3342,FALSE
Pv2.1_03_46230082_C/A,Chr03,46230082,0.0344236077797095,3343,FALSE
Pv2.1_08_1372476_A/G,Chr08,1372476,0.0344233712442952,3344,FALSE
Pv2.1_03_42055394_A/G,Chr03,42055394,0.0344161578326996,3345,FALSE
Pv2.1_10_41669373_A/T,Chr10,41669373,0.0344153153904712,3346,FALSE
Pv2.1_03_45925926_G/T,Chr03,45925926,0.0344134119054229,3347,FALSE
Pv2.1_09_21555923_G/T,Chr09,21555923,0.0344067882967658,3348,FALSE
Pv2.1_09_22410778_T/C,Chr09,22410778,0.0344035756442436,3349,FALSE
Pv2.1_08_60838487_G/C,Chr08,60838487,0.034402474210681,3350,FALSE
Pv2.1_08_62327681_C/T,Chr08,62327681,0.0344002540881703,3351,FALSE
Pv2.1_11_53430622_C/T,Chr11,53430622,0.0343923820330945,3352,FALSE
Pv2.1_06_14106677_C/T,Chr06,14106677,0.03438762562276,3353,FALSE
Pv2.1_03_12413087_A/G,Chr03,12413087,0.0343857041933058,3354,FALSE
Pv2.1_08_7027071_G/C,Chr08,7027071,0.0343850524086733,3355,FALSE
Pv2.1_07_7684221_C/T,Chr07,7684221,0.0343846131162078,3356,FALSE
Pv2.1_06_19335078_G/T,Chr06,19335078,0.034378867824298,3357,FALSE
Pv2.1_04_271459_C/T,Chr04,271459,0.034378741540634,3358,FALSE
Pv2.1_01_4953570_C/G,Chr01,4953570,0.0343767236518566,3359,FALSE
Pv2.1_08_11689315_T/G,Chr08,11689315,0.0343744913477697,3360,FALSE
Pv2.1_06_20852352_G/C,Chr06,20852352,0.0343731490428931,3361,FALSE
Pv2.1_02_49597678_T/A,Chr02,49597678,0.034367485369216,3362,FALSE
Pv2.1_09_13419593_T/C,Chr09,13419593,0.0343593895297794,3363,FALSE
Pv2.1_11_4830052_T/C,Chr11,4830052,0.0343518600631807,3364,FALSE
Pv2.1_06_20985894_G/A,Chr06,20985894,0.0343459138022344,3365,FALSE
Pv2.1_02_48755307_G/A,Chr02,48755307,0.0343418330651963,3366,FALSE
Pv2.1_08_4720623_G/A,Chr08,4720623,0.0343413730932971,3367,FALSE
Pv2.1_07_4174294_C/T,Chr07,4174294,0.0343276889615196,3368,FALSE
Pv2.1_05_39352097_G/C,Chr05,39352097,0.0343256678721642,3369,FALSE
Pv2.1_11_50574191_G/C,Chr11,50574191,0.0343228820106103,3370,FALSE
Pv2.1_06_14802151_C/A,Chr06,14802151,0.0343202946636816,3371,FALSE
Pv2.1_11_404296_G/A,Chr11,404296,0.0343200377347319,3372,FALSE
Pv2.1_01_4953598_T/A,Chr01,4953598,0.0343186031083356,3373,FALSE
Pv2.1_01_49206178_C/T,Chr01,49206178,0.0343151661087298,3374,FALSE
Pv2.1_07_28383238_C/G,Chr07,28383238,0.0343149657755903,3375,FALSE
Pv2.1_03_46518929_C/G,Chr03,46518929,0.0343139150549421,3376,FALSE
Pv2.1_09_37056479_C/T,Chr09,37056479,0.0343079141320941,3377,FALSE
Pv2.1_08_9707542_C/T,Chr08,9707542,0.0343013922725177,3378,FALSE
Pv2.1_08_62501394_G/A,Chr08,62501394,0.034295156357723,3379,FALSE
Pv2.1_02_46886395_G/A,Chr02,46886395,0.0342942608274197,3380,FALSE
Pv2.1_09_381386_A/T,Chr09,381386,0.0342899674687454,3381,FALSE
Pv2.1_03_2587738_T/C,Chr03,2587738,0.034287601757276,3382,FALSE
Pv2.1_03_77672_A/T,Chr03,77672,0.03428568165464,3383,FALSE
Pv2.1_02_35730599_G/A,Chr02,35730599,0.0342844445785016,3384,FALSE
Pv2.1_02_12351151_T/C,Chr02,12351151,0.0342809542647684,3385,FALSE
Pv2.1_11_2493902_C/CTT,Chr11,2493902,0.0342797273138022,3386,FALSE
Pv2.1_02_26792170_C/T,Chr02,26792170,0.034277939839586,3387,FALSE
Pv2.1_06_17093933_C/T,Chr06,17093933,0.0342745976133103,3388,FALSE
Pv2.1_04_47839687_G/A,Chr04,47839687,0.0342730484792533,3389,FALSE
Pv2.1_08_3706302_A/ATAT,Chr08,3706302,0.0342701814337509,3390,FALSE
Pv2.1_08_58417812_C/G,Chr08,58417812,0.0342674374441248,3391,FALSE
Pv2.1_07_32612016_T/C,Chr07,32612016,0.0342651996457604,3392,FALSE
Pv2.1_01_48413992_AT/A,Chr01,48413992,0.0342649878179673,3393,FALSE
Pv2.1_06_13831901_A/T,Chr06,13831901,0.0342646992014228,3394,FALSE
Pv2.1_08_62490710_C/A,Chr08,62490710,0.0342632093796342,3395,FALSE
Pv2.1_06_29489844_A/T,Chr06,29489844,0.0342631004314073,3396,FALSE
Pv2.1_08_7893416_T/C,Chr08,7893416,0.034258191839545,3397,FALSE
Pv2.1_08_7893441_T/C,Chr08,7893441,0.034258191839545,3398,FALSE
Pv2.1_11_51537316_T/C,Chr11,51537316,0.0342581341918775,3399,FALSE
Pv2.1_08_62787430_G/A,Chr08,62787430,0.0342576475066831,3400,FALSE
Pv2.1_08_46748386_A/G,Chr08,46748386,0.0342570231609458,3401,FALSE
Pv2.1_08_3430144_G/A,Chr08,3430144,0.0342538286457406,3402,FALSE
Pv2.1_02_26792196_G/A,Chr02,26792196,0.0342452427277089,3403,FALSE
Pv2.1_09_37546952_C/CT,Chr09,37546952,0.0342405071073504,3404,FALSE
Pv2.1_07_38830495_G/C,Chr07,38830495,0.0342399732369731,3405,FALSE
Pv2.1_06_25974347_C/T,Chr06,25974347,0.0342371903293239,3406,FALSE
Pv2.1_09_36680376_G/A,Chr09,36680376,0.0342297030725414,3407,FALSE
Pv2.1_03_45016657_G/A,Chr03,45016657,0.0342285352974896,3408,FALSE
Pv2.1_06_17390320_G/GAT,Chr06,17390320,0.0342256145130269,3409,FALSE
Pv2.1_03_52775577_GT/G,Chr03,52775577,0.0342241067199631,3410,FALSE
Pv2.1_05_39970170_G/A,Chr05,39970170,0.0342219824881722,3411,FALSE
Pv2.1_05_2806301_T/C,Chr05,2806301,0.0342172356944874,3412,FALSE
Pv2.1_02_47497382_C/T,Chr02,47497382,0.0342120256497651,3413,FALSE
Pv2.1_03_50415139_A/T,Chr03,50415139,0.0342043065241979,3414,FALSE
Pv2.1_08_62767101_A/G,Chr08,62767101,0.0341930620488058,3415,FALSE
Pv2.1_07_841462_A/C,Chr07,841462,0.0341912778400548,3416,FALSE
Pv2.1_07_841469_C/T,Chr07,841469,0.0341912778400548,3417,FALSE
Pv2.1_07_36687480_G/T,Chr07,36687480,0.0341865103439396,3418,FALSE
Pv2.1_11_2274504_C/G,Chr11,2274504,0.0341794075602153,3419,FALSE
Pv2.1_11_2274511_G/T,Chr11,2274511,0.0341794075602153,3420,FALSE
Pv2.1_05_3533477_G/A,Chr05,3533477,0.0341783162183535,3421,FALSE
Pv2.1_07_36256467_T/A,Chr07,36256467,0.0341757714881643,3422,FALSE
Pv2.1_10_1408947_G/C,Chr10,1408947,0.0341712907312037,3423,FALSE
Pv2.1_06_28041335_G/A,Chr06,28041335,0.03416675978804,3424,FALSE
Pv2.1_05_2230537_T/C,Chr05,2230537,0.034166723846953,3425,FALSE
Pv2.1_03_52862673_C/A,Chr03,52862673,0.0341664320418249,3426,FALSE
Pv2.1_03_52862697_A/T,Chr03,52862697,0.0341664320418249,3427,FALSE
Pv2.1_07_4089221_A/C,Chr07,4089221,0.0341641169716294,3428,FALSE
Pv2.1_03_33349900_A/C,Chr03,33349900,0.0341618879602228,3429,FALSE
Pv2.1_07_35753070_G/A,Chr07,35753070,0.0341598647135681,3430,FALSE
Pv2.1_01_5016571_G/A,Chr01,5016571,0.0341523995353454,3431,FALSE
Pv2.1_08_60390864_T/C,Chr08,60390864,0.034152075424561,3432,FALSE
Pv2.1_06_19696059_T/C,Chr06,19696059,0.0341515273370838,3433,FALSE
Pv2.1_08_28492382_C/T,Chr08,28492382,0.0341502665280187,3434,FALSE
Pv2.1_01_3319761_T/A,Chr01,3319761,0.0341474990085344,3435,FALSE
Pv2.1_02_41527028_G/A,Chr02,41527028,0.0341465829135461,3436,FALSE
Pv2.1_05_37389413_GGT/G,Chr05,37389413,0.034143429891774,3437,FALSE
Pv2.1_07_36713275_T/C,Chr07,36713275,0.0341411342755409,3438,FALSE
Pv2.1_05_39407869_A/C,Chr05,39407869,0.0341395539439784,3439,FALSE
Pv2.1_05_39407872_C/G,Chr05,39407872,0.0341395539439784,3440,FALSE
Pv2.1_11_1706224_T/C,Chr11,1706224,0.0341391442110832,3441,FALSE
Pv2.1_07_9067058_T/C,Chr07,9067058,0.0341367272887023,3442,FALSE
Pv2.1_02_46670291_A/C,Chr02,46670291,0.0341325342695327,3443,FALSE
Pv2.1_02_45510435_C/A,Chr02,45510435,0.0341317334167419,3444,FALSE
Pv2.1_08_34491233_A/C,Chr08,34491233,0.0341290031455568,3445,FALSE
Pv2.1_09_36899270_C/T,Chr09,36899270,0.0341271606363396,3446,FALSE
Pv2.1_11_47092347_A/T,Chr11,47092347,0.034125311905806,3447,FALSE
Pv2.1_10_4355063_TT/A,Chr10,4355063,0.0341196374394963,3448,FALSE
Pv2.1_02_37203091_G/A,Chr02,37203091,0.0341136440405991,3449,FALSE
Pv2.1_07_1500951_T/A,Chr07,1500951,0.0341093063594657,3450,FALSE
Pv2.1_06_20994247_G/A,Chr06,20994247,0.0341079255546184,3451,FALSE
Pv2.1_06_19561750_T/C,Chr06,19561750,0.0341077468105206,3452,FALSE
Pv2.1_04_432820_T/C,Chr04,432820,0.0341073719373357,3453,FALSE
Pv2.1_06_20841490_A/G,Chr06,20841490,0.0341010601879508,3454,FALSE
Pv2.1_07_8454560_C/T,Chr07,8454560,0.0341007924490757,3455,FALSE
Pv2.1_02_31406571_GA/G,Chr02,31406571,0.034096939289173,3456,FALSE
Pv2.1_02_44922072_CAT/C,Chr02,44922072,0.0340944051319498,3457,FALSE
Pv2.1_03_48274998_G/T,Chr03,48274998,0.0340889794884069,3458,FALSE
Pv2.1_03_41821306_A/G,Chr03,41821306,0.0340794888409421,3459,FALSE
Pv2.1_05_21533408_A/T,Chr05,21533408,0.0340790080293778,3460,FALSE
Pv2.1_08_62003659_A/G,Chr08,62003659,0.0340784379379309,3461,FALSE
Pv2.1_05_3754307_C/T,Chr05,3754307,0.0340680010852052,3462,FALSE
Pv2.1_06_28228195_T/A,Chr06,28228195,0.0340652950661617,3463,FALSE
Pv2.1_05_11193430_A/T,Chr05,11193430,0.0340625405594301,3464,FALSE
Pv2.1_02_7480036_T/G,Chr02,7480036,0.0340546981606407,3465,FALSE
Pv2.1_03_31135833_T/A,Chr03,31135833,0.0340540586593803,3466,FALSE
Pv2.1_07_4037188_T/C,Chr07,4037188,0.0340463500540031,3467,FALSE
Pv2.1_05_3756126_C/T,Chr05,3756126,0.034044837696992,3468,FALSE
Pv2.1_09_38118856_T/C,Chr09,38118856,0.0340384858510805,3469,FALSE
Pv2.1_09_34962920_A/C,Chr09,34962920,0.0340331921809902,3470,FALSE
Pv2.1_06_20084745_T/C,Chr06,20084745,0.0340312486545464,3471,FALSE
Pv2.1_07_7798421_C/T,Chr07,7798421,0.0340304472539277,3472,FALSE
Pv2.1_02_27074009_T/A,Chr02,27074009,0.0340304151981483,3473,FALSE
Pv2.1_02_12134286_G/C,Chr02,12134286,0.0340296762579877,3474,FALSE
Pv2.1_08_8393734_ACAAATT/A,Chr08,8393734,0.0340235117090071,3475,FALSE
Pv2.1_03_812336_A/G,Chr03,812336,0.0340210513650283,3476,FALSE
Pv2.1_08_58312871_T/C,Chr08,58312871,0.0340162649200253,3477,FALSE
Pv2.1_11_3694931_G/T,Chr11,3694931,0.0340125270110101,3478,FALSE
Pv2.1_08_825409_C/T,Chr08,825409,0.0340091230755943,3479,FALSE
Pv2.1_08_825421_G/C,Chr08,825421,0.0340091230755939,3480,FALSE
Pv2.1_07_4037173_A/G,Chr07,4037173,0.034007277023949,3481,FALSE
Pv2.1_02_31262665_G/A,Chr02,31262665,0.0340039980743172,3482,FALSE
Pv2.1_02_2768067_C/A,Chr02,2768067,0.0339944279383069,3483,FALSE
Pv2.1_08_57579096_A/G,Chr08,57579096,0.0339865671416941,3484,FALSE
Pv2.1_07_21348354_T/C,Chr07,21348354,0.0339794523114376,3485,FALSE
Pv2.1_08_60658562_T/C,Chr08,60658562,0.0339765228161988,3486,FALSE
Pv2.1_05_39339045_A/T,Chr05,39339045,0.0339748398517457,3487,FALSE
Pv2.1_04_3102111_A/T,Chr04,3102111,0.0339745193565397,3488,FALSE
Pv2.1_02_48687928_T/TG,Chr02,48687928,0.0339741155712612,3489,FALSE
Pv2.1_07_9346642_C/T,Chr07,9346642,0.0339726581655748,3490,FALSE
Pv2.1_02_2767947_A/G,Chr02,2767947,0.0339695112096208,3491,FALSE
Pv2.1_08_61089153_T/G,Chr08,61089153,0.0339653388964143,3492,FALSE
Pv2.1_07_54398_T/G,Chr07,54398,0.0339588691072841,3493,FALSE
Pv2.1_07_9688924_C/T,Chr07,9688924,0.0339563843614137,3494,FALSE
Pv2.1_04_47502095_T/C,Chr04,47502095,0.0339536112716594,3495,FALSE
Pv2.1_08_46904030_G/A,Chr08,46904030,0.0339390237320001,3496,FALSE
Pv2.1_07_37261331_C/T,Chr07,37261331,0.0339343756876334,3497,FALSE
Pv2.1_04_41774132_A/T,Chr04,41774132,0.0339295133628723,3498,FALSE
Pv2.1_03_263048_T/A,Chr03,263048,0.0339289337026774,3499,FALSE
Pv2.1_07_10364277_C/A,Chr07,10364277,0.0339269905757891,3500,FALSE
Pv2.1_08_9861988_G/GA,Chr08,9861988,0.0339241820497906,3501,FALSE
Pv2.1_07_36799835_T/C,Chr07,36799835,0.0339240531048093,3502,FALSE
Pv2.1_08_1434660_G/T,Chr08,1434660,0.0339224997888672,3503,FALSE
Pv2.1_01_1105092_C/CT,Chr01,1105092,0.033917402682786,3504,FALSE
Pv2.1_10_1452297_CAT/C,Chr10,1452297,0.0339154041127032,3505,FALSE
Pv2.1_02_23139187_A/G,Chr02,23139187,0.0339064481602076,3506,FALSE
Pv2.1_10_3492590_T/C,Chr10,3492590,0.033905657243873,3507,FALSE
Pv2.1_07_35106013_G/A,Chr07,35106013,0.0339009779675337,3508,FALSE
Pv2.1_07_34558570_G/A,Chr07,34558570,0.0338990265223389,3509,FALSE
Pv2.1_01_2902027_T/TA,Chr01,2902027,0.0338978556602325,3510,FALSE
Pv2.1_02_2397031_A/G,Chr02,2397031,0.0338967897547318,3511,FALSE
Pv2.1_06_20460368_C/T,Chr06,20460368,0.033893950872836,3512,FALSE
Pv2.1_07_189238_T/A,Chr07,189238,0.0338931496771586,3513,FALSE
Pv2.1_07_189262_T/C,Chr07,189262,0.0338931496771586,3514,FALSE
Pv2.1_04_152546_G/C,Chr04,152546,0.0338920226525725,3515,FALSE
Pv2.1_09_14438725_G/C,Chr09,14438725,0.0338915819962251,3516,FALSE
Pv2.1_09_14438739_T/G,Chr09,14438739,0.0338915819962251,3517,FALSE
Pv2.1_02_26956614_G/A,Chr02,26956614,0.033890362281074,3518,FALSE
Pv2.1_07_35524519_G/A,Chr07,35524519,0.0338879703000208,3519,FALSE
Pv2.1_02_12411602_G/A,Chr02,12411602,0.0338859609536391,3520,FALSE
Pv2.1_05_1301204_A/G,Chr05,1301204,0.0338829905548383,3521,FALSE
Pv2.1_10_4681543_CT/C,Chr10,4681543,0.0338769815469262,3522,FALSE
Pv2.1_10_40346832_C/A,Chr10,40346832,0.0338677359225343,3523,FALSE
Pv2.1_01_2486637_A/T,Chr01,2486637,0.0338654151725133,3524,FALSE
Pv2.1_08_62747847_ATG/A,Chr08,62747847,0.0338533549149545,3525,FALSE
Pv2.1_03_12235539_T/C,Chr03,12235539,0.0338499221261115,3526,FALSE
Pv2.1_07_1601893_C/G,Chr07,1601893,0.0338498685885282,3527,FALSE
Pv2.1_08_6249427_T/A,Chr08,6249427,0.0338408073103125,3528,FALSE
Pv2.1_02_2987228_T/C,Chr02,2987228,0.0338368832073965,3529,FALSE
Pv2.1_08_62872873_C/T,Chr08,62872873,0.0338294337274645,3530,FALSE
Pv2.1_01_4066465_T/C,Chr01,4066465,0.0338236181416591,3531,FALSE
Pv2.1_04_69108_C/T,Chr04,69108,0.0338232891186965,3532,FALSE
Pv2.1_01_3221095_C/T,Chr01,3221095,0.0338231516777698,3533,FALSE
Pv2.1_02_10520084_C/G,Chr02,10520084,0.0338163901986031,3534,FALSE
Pv2.1_08_12658015_G/C,Chr08,12658015,0.0338092395823009,3535,FALSE
Pv2.1_08_61663108_A/C,Chr08,61663108,0.0338060269287501,3536,FALSE
Pv2.1_10_43599413_A/T,Chr10,43599413,0.0338050588501542,3537,FALSE
Pv2.1_02_4180573_C/G,Chr02,4180573,0.0338033477224076,3538,FALSE
Pv2.1_04_45501807_G/C,Chr04,45501807,0.0338027744503338,3539,FALSE
Pv2.1_08_60451060_A/G,Chr08,60451060,0.0338003761251491,3540,FALSE
Pv2.1_02_41115818_T/C,Chr02,41115818,0.0338002742849834,3541,FALSE
Pv2.1_08_1589810_C/T,Chr08,1589810,0.0337996796455311,3542,FALSE
Pv2.1_06_4592320_C/G,Chr06,4592320,0.0337961143640557,3543,FALSE
Pv2.1_06_4592323_G/C,Chr06,4592323,0.0337961143640557,3544,FALSE
Pv2.1_06_4592342_A/G,Chr06,4592342,0.0337961143640557,3545,FALSE
Pv2.1_06_4592386_G/A,Chr06,4592386,0.0337961143640557,3546,FALSE
Pv2.1_01_4610568_A/C,Chr01,4610568,0.0337939256100235,3547,FALSE
Pv2.1_11_3506763_T/C,Chr11,3506763,0.0337928899230353,3548,FALSE
Pv2.1_07_8412247_C/G,Chr07,8412247,0.0337928305895616,3549,FALSE
Pv2.1_06_19335009_A/G,Chr06,19335009,0.0337915082089513,3550,FALSE
Pv2.1_11_3778752_G/T,Chr11,3778752,0.0337893917475545,3551,FALSE
Pv2.1_02_48315169_C/G,Chr02,48315169,0.0337890641042167,3552,FALSE
Pv2.1_08_3430170_C/T,Chr08,3430170,0.0337888652639964,3553,FALSE
Pv2.1_10_4461933_T/C,Chr10,4461933,0.0337872814891584,3554,FALSE
Pv2.1_07_10883760_G/A,Chr07,10883760,0.0337859126484696,3555,FALSE
Pv2.1_05_39334671_T/G,Chr05,39334671,0.0337722742635433,3556,FALSE
Pv2.1_02_25166797_G/A,Chr02,25166797,0.0337667613507775,3557,FALSE
Pv2.1_07_7517238_C/T,Chr07,7517238,0.0337632458662944,3558,FALSE
Pv2.1_08_53645644_T/A,Chr08,53645644,0.0337524588765326,3559,FALSE
Pv2.1_11_1703617_T/C,Chr11,1703617,0.0337521254104325,3560,FALSE
Pv2.1_11_47293128_A/T,Chr11,47293128,0.033750534453723,3561,FALSE
Pv2.1_11_38370466_G/T,Chr11,38370466,0.0337456097877,3562,FALSE
Pv2.1_02_39921117_TTC/T,Chr02,39921117,0.0337451077134703,3563,FALSE
Pv2.1_04_11421456_CCA/C,Chr04,11421456,0.0337403993887091,3564,FALSE
Pv2.1_04_11421473_GA/G,Chr04,11421473,0.0337403993887091,3565,FALSE
Pv2.1_07_21557268_T/C,Chr07,21557268,0.0337337541509895,3566,FALSE
Pv2.1_11_44185805_G/T,Chr11,44185805,0.0337261285556285,3567,FALSE
Pv2.1_03_30640846_GGAGAGGGAAGG/AGAGAGAGAAGA,Chr03,30640846,0.0337258691155737,3568,FALSE
Pv2.1_02_31130148_T/C,Chr02,31130148,0.0337231628798453,3569,FALSE
Pv2.1_08_10164084_CG/C,Chr08,10164084,0.0337207522331493,3570,FALSE
Pv2.1_11_2905785_C/A,Chr11,2905785,0.0337170115179584,3571,FALSE
Pv2.1_08_1465742_A/G,Chr08,1465742,0.0337155965029785,3572,FALSE
Pv2.1_08_9459790_A/G,Chr08,9459790,0.0337123583205625,3573,FALSE
Pv2.1_03_33350971_G/A,Chr03,33350971,0.033705881896807,3574,FALSE
Pv2.1_02_48324858_C/A,Chr02,48324858,0.0337030539374199,3575,FALSE
Pv2.1_03_45802317_C/T,Chr03,45802317,0.0336994855444703,3576,FALSE
Pv2.1_08_647299_A/C,Chr08,647299,0.0336967603216785,3577,FALSE
Pv2.1_07_4816014_A/G,Chr07,4816014,0.0336956807148128,3578,FALSE
Pv2.1_04_1959781_C/T,Chr04,1959781,0.033685295549919,3579,FALSE
Pv2.1_06_28228048_A/G,Chr06,28228048,0.0336781458028352,3580,FALSE
Pv2.1_04_46188262_A/G,Chr04,46188262,0.0336779026574972,3581,FALSE
Pv2.1_09_38046050_A/C,Chr09,38046050,0.0336715957323541,3582,FALSE
Pv2.1_04_3101742_A/G,Chr04,3101742,0.0336689625080275,3583,FALSE
Pv2.1_06_18404011_C/T,Chr06,18404011,0.0336686698214588,3584,FALSE
Pv2.1_11_1026399_G/T,Chr11,1026399,0.0336672201420041,3585,FALSE
Pv2.1_11_1026418_A/T,Chr11,1026418,0.0336672201420041,3586,FALSE
Pv2.1_11_1026435_T/A,Chr11,1026435,0.0336672201420041,3587,FALSE
Pv2.1_11_1026453_G/T,Chr11,1026453,0.0336672201420041,3588,FALSE
Pv2.1_04_3259082_A/G,Chr04,3259082,0.0336649917838758,3589,FALSE
Pv2.1_01_43071734_G/C,Chr01,43071734,0.0336633786916662,3590,FALSE
Pv2.1_08_60390798_C/T,Chr08,60390798,0.0336632133446733,3591,FALSE
Pv2.1_08_62953286_T/C,Chr08,62953286,0.0336587252855516,3592,FALSE
Pv2.1_10_5821153_T/A,Chr10,5821153,0.0336581322276865,3593,FALSE
Pv2.1_11_45469533_C/A,Chr11,45469533,0.0336574363499875,3594,FALSE
Pv2.1_06_20377417_G/A,Chr06,20377417,0.0336567069803189,3595,FALSE
Pv2.1_07_9309952_A/T,Chr07,9309952,0.0336541924607099,3596,FALSE
Pv2.1_07_9309996_C/T,Chr07,9309996,0.0336541924607099,3597,FALSE
Pv2.1_10_4352943_C/A,Chr10,4352943,0.0336511127216772,3598,FALSE
Pv2.1_03_52993630_C/G,Chr03,52993630,0.0336491388586375,3599,FALSE
Pv2.1_07_10107352_G/A,Chr07,10107352,0.0336410006881573,3600,FALSE
Pv2.1_06_20866831_G/T,Chr06,20866831,0.0336398985570026,3601,FALSE
Pv2.1_04_45531170_G/A,Chr04,45531170,0.0336278540305606,3602,FALSE
Pv2.1_07_7683370_T/A,Chr07,7683370,0.0336224010427353,3603,FALSE
Pv2.1_08_1070249_C/G,Chr08,1070249,0.033617313471757,3604,FALSE
Pv2.1_08_1070252_T/C,Chr08,1070252,0.033617313471757,3605,FALSE
Pv2.1_08_202816_A/T,Chr08,202816,0.0336146695012594,3606,FALSE
Pv2.1_08_63004774_T/C,Chr08,63004774,0.0336146618833002,3607,FALSE
Pv2.1_10_39394662_T/C,Chr10,39394662,0.0336141404452537,3608,FALSE
Pv2.1_06_17015887_A/T,Chr06,17015887,0.0336107437683908,3609,FALSE
Pv2.1_08_17415553_G/A,Chr08,17415553,0.0336098895904162,3610,FALSE
Pv2.1_01_5832858_C/T,Chr01,5832858,0.0336080494065567,3611,FALSE
Pv2.1_08_61642524_C/T,Chr08,61642524,0.0336041042392288,3612,FALSE
Pv2.1_09_37752803_T/A,Chr09,37752803,0.0335991473706696,3613,FALSE
Pv2.1_06_20307468_A/G,Chr06,20307468,0.0335985623112509,3614,FALSE
Pv2.1_06_21794400_A/G,Chr06,21794400,0.0335962065651763,3615,FALSE
Pv2.1_05_152562_C/T,Chr05,152562,0.0335884964049593,3616,FALSE
Pv2.1_06_4446649_G/A,Chr06,4446649,0.0335857996793196,3617,FALSE
Pv2.1_06_6728096_G/A,Chr06,6728096,0.0335842907238759,3618,FALSE
Pv2.1_07_33523382_C/G,Chr07,33523382,0.0335840176931481,3619,FALSE
Pv2.1_05_40598747_G/A,Chr05,40598747,0.0335833673848338,3620,FALSE
Pv2.1_08_61642509_T/TAC,Chr08,61642509,0.0335764520976549,3621,FALSE
Pv2.1_04_11135614_G/A,Chr04,11135614,0.0335746362727374,3622,FALSE
Pv2.1_07_3874339_C/T,Chr07,3874339,0.03357254301006,3623,FALSE
Pv2.1_02_23295338_A/G,Chr02,23295338,0.0335722806000494,3624,FALSE
Pv2.1_04_3350061_C/T,Chr04,3350061,0.0335688213208711,3625,FALSE
Pv2.1_11_42824760_G/C,Chr11,42824760,0.0335601329610764,3626,FALSE
Pv2.1_07_36965441_T/C,Chr07,36965441,0.0335531730450152,3627,FALSE
Pv2.1_09_35426424_T/C,Chr09,35426424,0.033552774567772,3628,FALSE
Pv2.1_07_9950722_T/C,Chr07,9950722,0.0335490234760965,3629,FALSE
Pv2.1_07_9950740_A/C,Chr07,9950740,0.0335490234760965,3630,FALSE
Pv2.1_03_8686005_T/G,Chr03,8686005,0.0335483569115089,3631,FALSE
Pv2.1_07_37393459_G/A,Chr07,37393459,0.0335477502369081,3632,FALSE
Pv2.1_10_43118486_G/T,Chr10,43118486,0.0335422357808279,3633,FALSE
Pv2.1_08_62939403_C/G,Chr08,62939403,0.0335414335984039,3634,FALSE
Pv2.1_08_84623_G/A,Chr08,84623,0.0335410111227175,3635,FALSE
Pv2.1_01_50878660_T/C,Chr01,50878660,0.0335376047645313,3636,FALSE
Pv2.1_07_21688450_G/A,Chr07,21688450,0.0335354747107055,3637,FALSE
Pv2.1_11_53430609_T/C,Chr11,53430609,0.0335317746522477,3638,FALSE
Pv2.1_11_497809_C/T,Chr11,497809,0.0335291374366289,3639,FALSE
Pv2.1_01_1000726_G/T,Chr01,1000726,0.0335236347669428,3640,FALSE
Pv2.1_02_35831950_ATTG/A,Chr02,35831950,0.0335212626579375,3641,FALSE
Pv2.1_02_35831952_TGTA/T,Chr02,35831952,0.0335212626579375,3642,FALSE
Pv2.1_11_45992431_AG/A,Chr11,45992431,0.0335158937525306,3643,FALSE
Pv2.1_06_9151965_G/T,Chr06,9151965,0.0335122794766742,3644,FALSE
Pv2.1_06_25989377_T/C,Chr06,25989377,0.0335085753847721,3645,FALSE
Pv2.1_07_38385796_G/A,Chr07,38385796,0.0335084250154396,3646,FALSE
Pv2.1_02_44546936_C/G,Chr02,44546936,0.0335078045854522,3647,FALSE
Pv2.1_02_1630174_T/C,Chr02,1630174,0.0335045143709336,3648,FALSE
Pv2.1_07_35633686_C/T,Chr07,35633686,0.0335030854643712,3649,FALSE
Pv2.1_07_8306410_C/T,Chr07,8306410,0.0334986836649929,3650,FALSE
Pv2.1_03_52862734_T/C,Chr03,52862734,0.0334966154802383,3651,FALSE
Pv2.1_09_36911917_TAAC/T,Chr09,36911917,0.033490619142666,3652,FALSE
Pv2.1_03_39061112_G/C,Chr03,39061112,0.0334888063481116,3653,FALSE
Pv2.1_09_37826369_A/C,Chr09,37826369,0.0334870946392556,3654,FALSE
Pv2.1_02_15241614_A/T,Chr02,15241614,0.0334870758835417,3655,FALSE
Pv2.1_03_430695_T/A,Chr03,430695,0.0334828282123936,3656,FALSE
Pv2.1_05_1969443_G/A,Chr05,1969443,0.0334800485835904,3657,FALSE
Pv2.1_11_1201202_C/G,Chr11,1201202,0.0334735993527042,3658,FALSE
Pv2.1_03_30210579_G/A,Chr03,30210579,0.033472486433308,3659,FALSE
Pv2.1_07_21118916_A/G,Chr07,21118916,0.0334721921994405,3660,FALSE
Pv2.1_02_41815237_G/T,Chr02,41815237,0.0334718396281901,3661,FALSE
Pv2.1_08_61388539_C/CT,Chr08,61388539,0.0334700063361524,3662,FALSE
Pv2.1_04_45501095_G/A,Chr04,45501095,0.0334579225073521,3663,FALSE
Pv2.1_04_45501102_C/T,Chr04,45501102,0.0334579225073521,3664,FALSE
Pv2.1_07_4130844_T/C,Chr07,4130844,0.0334563554267886,3665,FALSE
Pv2.1_08_3711894_C/T,Chr08,3711894,0.0334541902896275,3666,FALSE
Pv2.1_09_30051069_A/G,Chr09,30051069,0.0334478320738225,3667,FALSE
Pv2.1_03_12728321_A/T,Chr03,12728321,0.033446365276613,3668,FALSE
Pv2.1_01_1287125_T/A,Chr01,1287125,0.0334397296990989,3669,FALSE
Pv2.1_06_20400849_A/C,Chr06,20400849,0.0334387736134514,3670,FALSE
Pv2.1_03_49779898_C/T,Chr03,49779898,0.0334362527141838,3671,FALSE
Pv2.1_06_20958264_C/T,Chr06,20958264,0.0334358084684929,3672,FALSE
Pv2.1_05_2728465_T/C,Chr05,2728465,0.0334337997504623,3673,FALSE
Pv2.1_09_37879204_A/AC,Chr09,37879204,0.0334275947657887,3674,FALSE
Pv2.1_07_33523203_G/A,Chr07,33523203,0.0334203996068734,3675,FALSE
Pv2.1_11_943624_T/A,Chr11,943624,0.0334193772020521,3676,FALSE
Pv2.1_08_1251153_A/C,Chr08,1251153,0.0334161340499621,3677,FALSE
Pv2.1_01_45043896_G/A,Chr01,45043896,0.0334135514349274,3678,FALSE
Pv2.1_11_1872412_A/G,Chr11,1872412,0.0334134986697787,3679,FALSE
Pv2.1_11_51757669_T/G,Chr11,51757669,0.0334096988904635,3680,FALSE
Pv2.1_11_51757676_A/G,Chr11,51757676,0.0334096988904635,3681,FALSE
Pv2.1_03_774784_A/C,Chr03,774784,0.0334093476538331,3682,FALSE
Pv2.1_06_15752293_G/T,Chr06,15752293,0.0334092144375022,3683,FALSE
Pv2.1_06_15752294_C/T,Chr06,15752294,0.0334092144375022,3684,FALSE
Pv2.1_11_2708281_C/T,Chr11,2708281,0.033401301733698,3685,FALSE
Pv2.1_10_4355188_A/G,Chr10,4355188,0.0333941650762921,3686,FALSE
Pv2.1_07_8457270_C/T,Chr07,8457270,0.0333925812162028,3687,FALSE
Pv2.1_11_2274593_G/A,Chr11,2274593,0.0333874360611541,3688,FALSE
Pv2.1_08_6344811_T/A,Chr08,6344811,0.0333852677504174,3689,FALSE
Pv2.1_08_38281416_A/G,Chr08,38281416,0.0333826683685765,3690,FALSE
Pv2.1_10_41562078_C/T,Chr10,41562078,0.0333815243506086,3691,FALSE
Pv2.1_11_2269641_C/T,Chr11,2269641,0.0333814453468633,3692,FALSE
Pv2.1_02_26242552_T/C,Chr02,26242552,0.033380459311247,3693,FALSE
Pv2.1_07_33423000_T/A,Chr07,33423000,0.0333803838790305,3694,FALSE
Pv2.1_07_35436445_A/T,Chr07,35436445,0.0333750340710441,3695,FALSE
Pv2.1_05_3462714_A/G,Chr05,3462714,0.0333732794449411,3696,FALSE
Pv2.1_03_27654454_G/A,Chr03,27654454,0.0333647994391817,3697,FALSE
Pv2.1_04_46178137_G/T,Chr04,46178137,0.0333639343655277,3698,FALSE
Pv2.1_10_42159496_G/C,Chr10,42159496,0.0333574792881066,3699,FALSE
Pv2.1_10_42159501_A/G,Chr10,42159501,0.0333574792881066,3700,FALSE
Pv2.1_11_42788311_A/T,Chr11,42788311,0.0333558104773637,3701,FALSE
Pv2.1_08_62426283_G/A,Chr08,62426283,0.0333548514000035,3702,FALSE
Pv2.1_08_62426294_C/T,Chr08,62426294,0.0333548514000035,3703,FALSE
Pv2.1_04_45501869_T/C,Chr04,45501869,0.0333509503733742,3704,FALSE
Pv2.1_09_37766478_G/C,Chr09,37766478,0.033349495681823,3705,FALSE
Pv2.1_05_3578669_G/A,Chr05,3578669,0.0333492108200701,3706,FALSE
Pv2.1_07_21217814_C/T,Chr07,21217814,0.0333481071313622,3707,FALSE
Pv2.1_09_36710434_A/G,Chr09,36710434,0.0333438586180677,3708,FALSE
Pv2.1_11_2775768_T/G,Chr11,2775768,0.0333418546649447,3709,FALSE
Pv2.1_07_163192_C/T,Chr07,163192,0.033339855355655,3710,FALSE
Pv2.1_02_33626429_C/T,Chr02,33626429,0.0333397924903212,3711,FALSE
Pv2.1_10_1632979_T/G,Chr10,1632979,0.0333394163876508,3712,FALSE
Pv2.1_11_45925403_G/A,Chr11,45925403,0.0333388512325921,3713,FALSE
Pv2.1_03_52773651_C/T,Chr03,52773651,0.0333365533154772,3714,FALSE
Pv2.1_03_922051_C/T,Chr03,922051,0.033336465502618,3715,FALSE
Pv2.1_06_27886181_G/T,Chr06,27886181,0.0333331851445329,3716,FALSE
Pv2.1_06_20700138_C/A,Chr06,20700138,0.0333323516148409,3717,FALSE
Pv2.1_08_60658631_C/A,Chr08,60658631,0.033331070539298,3718,FALSE
Pv2.1_06_21153420_A/T,Chr06,21153420,0.0333292898639201,3719,FALSE
Pv2.1_03_398184_G/A,Chr03,398184,0.0333288251126063,3720,FALSE
Pv2.1_09_29088850_A/T,Chr09,29088850,0.0333275742680379,3721,FALSE
Pv2.1_04_2032983_T/C,Chr04,2032983,0.0333167856617718,3722,FALSE
Pv2.1_10_42732517_C/T,Chr10,42732517,0.033315256143414,3723,FALSE
Pv2.1_09_36794388_G/T,Chr09,36794388,0.0333150378572449,3724,FALSE
Pv2.1_03_42007027_G/A,Chr03,42007027,0.0333099274491722,3725,FALSE
Pv2.1_04_45501871_A/C,Chr04,45501871,0.0333083578996201,3726,FALSE
Pv2.1_09_36974239_G/T,Chr09,36974239,0.0333052837800301,3727,FALSE
Pv2.1_03_45469289_A/T,Chr03,45469289,0.0333012298788256,3728,FALSE
Pv2.1_01_13154787_G/T,Chr01,13154787,0.0332993087037772,3729,FALSE
Pv2.1_10_43615377_A/G,Chr10,43615377,0.0332982045855856,3730,FALSE
Pv2.1_06_29446425_G/A,Chr06,29446425,0.033297809038944,3731,FALSE
Pv2.1_07_7692546_G/T,Chr07,7692546,0.0332971333326007,3732,FALSE
Pv2.1_07_8220635_G/A,Chr07,8220635,0.0332971333326007,3733,FALSE
Pv2.1_05_3741400_T/C,Chr05,3741400,0.0332867173372238,3734,FALSE
Pv2.1_01_6699367_T/G,Chr01,6699367,0.0332865956030699,3735,FALSE
Pv2.1_02_49587954_C/T,Chr02,49587954,0.0332827810408487,3736,FALSE
Pv2.1_08_48431183_T/A,Chr08,48431183,0.0332824289946059,3737,FALSE
Pv2.1_09_36679967_T/C,Chr09,36679967,0.0332815616879327,3738,FALSE
Pv2.1_09_36680000_G/T,Chr09,36680000,0.0332815616879327,3739,FALSE
Pv2.1_09_14397139_A/G,Chr09,14397139,0.0332797101977262,3740,FALSE
Pv2.1_04_1570782_T/C,Chr04,1570782,0.0332738426643155,3741,FALSE
Pv2.1_04_1570794_T/G,Chr04,1570794,0.0332738426643155,3742,FALSE
Pv2.1_07_4325164_A/G,Chr07,4325164,0.0332724088908343,3743,FALSE
Pv2.1_08_62240501_T/G,Chr08,62240501,0.0332723935739812,3744,FALSE
Pv2.1_02_13635645_TC/T,Chr02,13635645,0.0332712341942774,3745,FALSE
Pv2.1_10_4904307_G/A,Chr10,4904307,0.0332700621619191,3746,FALSE
Pv2.1_01_3221523_C/T,Chr01,3221523,0.0332690848163315,3747,FALSE
Pv2.1_03_40514034_A/C,Chr03,40514034,0.0332680069379481,3748,FALSE
Pv2.1_06_8731186_G/GA,Chr06,8731186,0.0332678901393599,3749,FALSE
Pv2.1_10_1971191_T/C,Chr10,1971191,0.0332650932594314,3750,FALSE
Pv2.1_10_1971220_A/G,Chr10,1971220,0.0332650932594314,3751,FALSE
Pv2.1_11_45758417_T/C,Chr11,45758417,0.0332639256262519,3752,FALSE
Pv2.1_03_51015_A/G,Chr03,51015,0.0332624281262555,3753,FALSE
Pv2.1_03_812391_T/G,Chr03,812391,0.0332501341376945,3754,FALSE
Pv2.1_02_44714144_T/C,Chr02,44714144,0.0332447739112012,3755,FALSE
Pv2.1_11_3562965_G/A,Chr11,3562965,0.0332432099883597,3756,FALSE
Pv2.1_06_25689339_A/G,Chr06,25689339,0.0332410064269157,3757,FALSE
Pv2.1_02_39969892_A/G,Chr02,39969892,0.0332398231886821,3758,FALSE
Pv2.1_05_39970176_G/A,Chr05,39970176,0.033239525465901,3759,FALSE
Pv2.1_07_35443199_A/T,Chr07,35443199,0.0332391875946545,3760,FALSE
Pv2.1_08_61999210_A/G,Chr08,61999210,0.0332385310470293,3761,FALSE
Pv2.1_04_4342356_T/A,Chr04,4342356,0.0332382244216971,3762,FALSE
Pv2.1_09_36919283_T/C,Chr09,36919283,0.033231072038665,3763,FALSE
Pv2.1_04_2047843_G/C,Chr04,2047843,0.0332297337357592,3764,FALSE
Pv2.1_08_43861930_T/C,Chr08,43861930,0.0332279200846863,3765,FALSE
Pv2.1_11_1748358_G/T,Chr11,1748358,0.0332223540696881,3766,FALSE
Pv2.1_08_60451141_A/C,Chr08,60451141,0.0332223343404143,3767,FALSE
Pv2.1_08_1416696_G/A,Chr08,1416696,0.0332184892902512,3768,FALSE
Pv2.1_07_9089478_A/G,Chr07,9089478,0.0332101173540846,3769,FALSE
Pv2.1_06_22365845_T/A,Chr06,22365845,0.0332097673183767,3770,FALSE
Pv2.1_07_40011075_C/T,Chr07,40011075,0.0332089921904397,3771,FALSE
Pv2.1_07_1080162_A/G,Chr07,1080162,0.0332089234729605,3772,FALSE
Pv2.1_10_4355185_A/T,Chr10,4355185,0.0332086452846094,3773,FALSE
Pv2.1_06_14596209_G/A,Chr06,14596209,0.0331998561358264,3774,FALSE
Pv2.1_07_36711230_T/C,Chr07,36711230,0.033195823481909,3775,FALSE
Pv2.1_03_11945944_G/GGA,Chr03,11945944,0.0331952080043272,3776,FALSE
Pv2.1_10_3078507_A/T,Chr10,3078507,0.0331942945280579,3777,FALSE
Pv2.1_08_61338011_T/A,Chr08,61338011,0.0331933688806707,3778,FALSE
Pv2.1_08_62279357_A/T,Chr08,62279357,0.0331912841665165,3779,FALSE
Pv2.1_07_4755476_A/G,Chr07,4755476,0.0331912594448096,3780,FALSE
Pv2.1_07_4755483_G/C,Chr07,4755483,0.0331912594448096,3781,FALSE
Pv2.1_05_3782153_A/G,Chr05,3782153,0.0331904693112777,3782,FALSE
Pv2.1_02_8065313_T/G,Chr02,8065313,0.0331849712917447,3783,FALSE
Pv2.1_06_23124299_G/A,Chr06,23124299,0.0331829997156845,3784,FALSE
Pv2.1_01_10257578_T/C,Chr01,10257578,0.0331751752213809,3785,FALSE
Pv2.1_11_53242979_G/C,Chr11,53242979,0.033170010566888,3786,FALSE
Pv2.1_02_35816666_G/C,Chr02,35816666,0.033166255402318,3787,FALSE
Pv2.1_11_3904997_C/G,Chr11,3904997,0.0331627177924112,3788,FALSE
Pv2.1_07_163220_A/G,Chr07,163220,0.0331606988150299,3789,FALSE
Pv2.1_08_9419073_A/G,Chr08,9419073,0.0331586229134282,3790,FALSE
Pv2.1_07_4323541_T/G,Chr07,4323541,0.0331523660435882,3791,FALSE
Pv2.1_09_36432254_A/G,Chr09,36432254,0.033151443842534,3792,FALSE
Pv2.1_03_52775566_C/T,Chr03,52775566,0.0331504920732053,3793,FALSE
Pv2.1_03_52775572_G/A,Chr03,52775572,0.0331504920732053,3794,FALSE
Pv2.1_08_28280021_A/G,Chr08,28280021,0.0331479642737631,3795,FALSE
Pv2.1_02_45663527_A/G,Chr02,45663527,0.0331477712626254,3796,FALSE
Pv2.1_05_141526_CCA/C,Chr05,141526,0.0331466642005882,3797,FALSE
Pv2.1_02_42196260_A/G,Chr02,42196260,0.0331405694739231,3798,FALSE
Pv2.1_02_13743981_G/A,Chr02,13743981,0.0331346483884118,3799,FALSE
Pv2.1_02_13743996_C/A,Chr02,13743996,0.0331346483884118,3800,FALSE
Pv2.1_10_40378526_GA/AG,Chr10,40378526,0.0331269316723932,3801,FALSE
Pv2.1_10_40378527_A/G,Chr10,40378527,0.0331269316723932,3802,FALSE
Pv2.1_07_8691135_T/C,Chr07,8691135,0.0331249386608619,3803,FALSE
Pv2.1_06_18392444_A/T,Chr06,18392444,0.0331237464245713,3804,FALSE
Pv2.1_02_2987296_C/T,Chr02,2987296,0.0331229405809523,3805,FALSE
Pv2.1_04_11357640_C/T,Chr04,11357640,0.0331228343529775,3806,FALSE
Pv2.1_08_8337750_C/T,Chr08,8337750,0.0331223382039818,3807,FALSE
Pv2.1_07_8457276_A/G,Chr07,8457276,0.0331174785079229,3808,FALSE
Pv2.1_10_4260328_G/C,Chr10,4260328,0.0331154843302621,3809,FALSE
Pv2.1_02_24775892_T/C,Chr02,24775892,0.0331147174049877,3810,FALSE
Pv2.1_05_11496644_C/T,Chr05,11496644,0.0331102619360233,3811,FALSE
Pv2.1_07_35753131_C/T,Chr07,35753131,0.0331065315128098,3812,FALSE
Pv2.1_07_39361133_T/A,Chr07,39361133,0.0331046019147636,3813,FALSE
Pv2.1_07_39361133_T/G,Chr07,39361133,0.0331046019147636,3814,FALSE
Pv2.1_02_24277053_A/T,Chr02,24277053,0.0331016304165384,3815,FALSE
Pv2.1_02_40052531_G/A,Chr02,40052531,0.0331009311093369,3816,FALSE
Pv2.1_03_42004595_A/T,Chr03,42004595,0.0330969664540803,3817,FALSE
Pv2.1_08_3321180_T/C,Chr08,3321180,0.0330938644628662,3818,FALSE
Pv2.1_11_497625_C/G,Chr11,497625,0.0330938449683496,3819,FALSE
Pv2.1_06_20400911_T/C,Chr06,20400911,0.0330896581572602,3820,FALSE
Pv2.1_08_61338157_C/T,Chr08,61338157,0.0330889717896312,3821,FALSE
Pv2.1_01_43559618_T/C,Chr01,43559618,0.0330878915820381,3822,FALSE
Pv2.1_07_7941959_A/G,Chr07,7941959,0.0330845463391558,3823,FALSE
Pv2.1_07_7942016_G/T,Chr07,7942016,0.0330845463391558,3824,FALSE
Pv2.1_06_25728407_A/C,Chr06,25728407,0.0330778478258345,3825,FALSE
Pv2.1_03_812217_T/C,Chr03,812217,0.0330717666753584,3826,FALSE
Pv2.1_09_2047670_GCTT/G,Chr09,2047670,0.0330700379702398,3827,FALSE
Pv2.1_05_40755140_A/C,Chr05,40755140,0.0330676581169347,3828,FALSE
Pv2.1_10_557293_C/T,Chr10,557293,0.0330646402579688,3829,FALSE
Pv2.1_07_22613465_T/C,Chr07,22613465,0.0330609899249899,3830,FALSE
Pv2.1_11_1316891_T/A,Chr11,1316891,0.0330563771753365,3831,FALSE
Pv2.1_08_62807241_T/A,Chr08,62807241,0.0330549106301938,3832,FALSE
Pv2.1_10_2968032_A/C,Chr10,2968032,0.0330545549150125,3833,FALSE
Pv2.1_08_62240567_C/T,Chr08,62240567,0.0330543450203242,3834,FALSE
Pv2.1_02_24259556_G/A,Chr02,24259556,0.03305294913861,3835,FALSE
Pv2.1_08_62007803_A/G,Chr08,62007803,0.0330527354480372,3836,FALSE
Pv2.1_08_62939591_T/G,Chr08,62939591,0.0330509820130898,3837,FALSE
Pv2.1_07_8392706_C/T,Chr07,8392706,0.0330415057048978,3838,FALSE
Pv2.1_07_8392714_T/A,Chr07,8392714,0.0330415057048978,3839,FALSE
Pv2.1_04_50980_T/A,Chr04,50980,0.0330345748332408,3840,FALSE
Pv2.1_09_21528110_T/C,Chr09,21528110,0.0330282806256634,3841,FALSE
Pv2.1_01_6429838_A/T,Chr01,6429838,0.0330257845374371,3842,FALSE
Pv2.1_07_8689783_A/G,Chr07,8689783,0.0330240390536618,3843,FALSE
Pv2.1_11_45756455_T/C,Chr11,45756455,0.033023331059844,3844,FALSE
Pv2.1_08_1483488_TC/T,Chr08,1483488,0.0330206313249382,3845,FALSE
Pv2.1_10_4355176_G/T,Chr10,4355176,0.0330187180990085,3846,FALSE
Pv2.1_01_4721880_T/C,Chr01,4721880,0.0330153267580271,3847,FALSE
Pv2.1_03_30641035_G/A,Chr03,30641035,0.0330143351022945,3848,FALSE
Pv2.1_08_9409779_A/G,Chr08,9409779,0.0330043477279633,3849,FALSE
Pv2.1_07_9729319_A/G,Chr07,9729319,0.0330043311734412,3850,FALSE
Pv2.1_09_36899434_G/A,Chr09,36899434,0.0330027648464002,3851,FALSE
Pv2.1_07_21494159_G/A,Chr07,21494159,0.033001638270286,3852,FALSE
Pv2.1_03_37263979_C/T,Chr03,37263979,0.0330005683435077,3853,FALSE
Pv2.1_03_112102_T/G,Chr03,112102,0.032999982674025,3854,FALSE
Pv2.1_04_46718431_CT/C,Chr04,46718431,0.0329995371909635,3855,FALSE
Pv2.1_06_25497453_T/G,Chr06,25497453,0.0329964884686653,3856,FALSE
Pv2.1_07_4074549_G/T,Chr07,4074549,0.0329908398318706,3857,FALSE
Pv2.1_08_9931304_A/C,Chr08,9931304,0.0329891727146276,3858,FALSE
Pv2.1_07_1278410_G/A,Chr07,1278410,0.0329858504646317,3859,FALSE
Pv2.1_03_43092849_G/C,Chr03,43092849,0.03298295590518,3860,FALSE
Pv2.1_03_2587751_G/A,Chr03,2587751,0.0329820906946314,3861,FALSE
Pv2.1_09_38190682_TT/C,Chr09,38190682,0.0329784260959829,3862,FALSE
Pv2.1_05_1766002_T/G,Chr05,1766002,0.0329774027353924,3863,FALSE
Pv2.1_05_38443976_T/C,Chr05,38443976,0.0329767524758058,3864,FALSE
Pv2.1_11_3806092_C/T,Chr11,3806092,0.0329761856547046,3865,FALSE
Pv2.1_08_34149428_G/T,Chr08,34149428,0.032976184047691,3866,FALSE
Pv2.1_06_8938601_A/C,Chr06,8938601,0.0329754641159905,3867,FALSE
Pv2.1_10_42465992_G/C,Chr10,42465992,0.0329722126990575,3868,FALSE
Pv2.1_10_23556944_C/T,Chr10,23556944,0.0329719058159754,3869,FALSE
Pv2.1_01_3723948_T/C,Chr01,3723948,0.0329717288856188,3870,FALSE
Pv2.1_11_50569975_T/A,Chr11,50569975,0.0329698855135181,3871,FALSE
Pv2.1_07_37122774_C/T,Chr07,37122774,0.0329694275500021,3872,FALSE
Pv2.1_05_2710548_G/A,Chr05,2710548,0.0329675554971352,3873,FALSE
Pv2.1_03_41091762_A/T,Chr03,41091762,0.0329669323834896,3874,FALSE
Pv2.1_07_7835187_G/A,Chr07,7835187,0.032965031006555,3875,FALSE
Pv2.1_03_49697005_C/T,Chr03,49697005,0.0329604737772473,3876,FALSE
Pv2.1_04_10915712_A/T,Chr04,10915712,0.0329549935027695,3877,FALSE
Pv2.1_07_35841161_C/A,Chr07,35841161,0.0329494143493219,3878,FALSE
Pv2.1_09_37626799_G/A,Chr09,37626799,0.0329446417806487,3879,FALSE
Pv2.1_05_39242455_A/T,Chr05,39242455,0.0329445385987772,3880,FALSE
Pv2.1_05_2409812_T/C,Chr05,2409812,0.0329434006954088,3881,FALSE
Pv2.1_01_46383217_G/A,Chr01,46383217,0.0329405941925076,3882,FALSE
Pv2.1_07_22229771_G/A,Chr07,22229771,0.0329404810498737,3883,FALSE
Pv2.1_06_18405954_T/G,Chr06,18405954,0.0329403841954985,3884,FALSE
Pv2.1_09_31071725_C/A,Chr09,31071725,0.0329396386437124,3885,FALSE
Pv2.1_09_35885526_C/T,Chr09,35885526,0.0329318167572472,3886,FALSE
Pv2.1_03_46217104_C/A,Chr03,46217104,0.0329299822967246,3887,FALSE
Pv2.1_07_38944918_C/T,Chr07,38944918,0.0329285410278262,3888,FALSE
Pv2.1_04_1421105_G/A,Chr04,1421105,0.0329221664144268,3889,FALSE
Pv2.1_07_9181387_A/G,Chr07,9181387,0.032922154016986,3890,FALSE
Pv2.1_07_34771747_G/C,Chr07,34771747,0.0329205323248645,3891,FALSE
Pv2.1_11_982747_G/A,Chr11,982747,0.0329130152267467,3892,FALSE
Pv2.1_10_8925153_G/T,Chr10,8925153,0.0329126970134719,3893,FALSE
Pv2.1_04_46751703_G/A,Chr04,46751703,0.0329123318474203,3894,FALSE
Pv2.1_02_46792610_G/C,Chr02,46792610,0.0329039157183644,3895,FALSE
Pv2.1_08_9419311_T/C,Chr08,9419311,0.0329021481557916,3896,FALSE
Pv2.1_04_450817_C/G,Chr04,450817,0.0328990694444946,3897,FALSE
Pv2.1_06_20208233_A/T,Chr06,20208233,0.0328974243959146,3898,FALSE
Pv2.1_07_28381695_C/A,Chr07,28381695,0.0328959138545657,3899,FALSE
Pv2.1_01_42610727_C/A,Chr01,42610727,0.0328923924589075,3900,FALSE
Pv2.1_08_62934505_A/T,Chr08,62934505,0.0328914216185039,3901,FALSE
Pv2.1_04_47425754_T/C,Chr04,47425754,0.0328909410195961,3902,FALSE
Pv2.1_04_46880127_T/C,Chr04,46880127,0.0328884369169904,3903,FALSE
Pv2.1_08_9763715_C/G,Chr08,9763715,0.0328867051869781,3904,FALSE
Pv2.1_08_825444_T/A,Chr08,825444,0.0328863787818139,3905,FALSE
Pv2.1_09_35832578_A/AT,Chr09,35832578,0.0328817685866847,3906,FALSE
Pv2.1_04_46686691_T/G,Chr04,46686691,0.0328817443435989,3907,FALSE
Pv2.1_01_5001324_C/A,Chr01,5001324,0.0328806231951715,3908,FALSE
Pv2.1_02_46811040_T/A,Chr02,46811040,0.0328776528545403,3909,FALSE
Pv2.1_06_15842423_T/A,Chr06,15842423,0.0328758772762963,3910,FALSE
Pv2.1_01_10095089_T/G,Chr01,10095089,0.032875408115602,3911,FALSE
Pv2.1_07_32158985_G/A,Chr07,32158985,0.0328746836346703,3912,FALSE
Pv2.1_04_45663390_A/G,Chr04,45663390,0.0328746651948482,3913,FALSE
Pv2.1_02_35757324_G/A,Chr02,35757324,0.0328721308924775,3914,FALSE
Pv2.1_01_992688_G/T,Chr01,992688,0.0328582786614753,3915,FALSE
Pv2.1_04_47176023_C/T,Chr04,47176023,0.0328532828641692,3916,FALSE
Pv2.1_09_21555967_G/A,Chr09,21555967,0.0328514301729173,3917,FALSE
Pv2.1_07_8385928_C/T,Chr07,8385928,0.0328476142709495,3918,FALSE
Pv2.1_07_4131233_T/C,Chr07,4131233,0.0328449383663694,3919,FALSE
Pv2.1_04_47502203_G/A,Chr04,47502203,0.0328423314169846,3920,FALSE
Pv2.1_08_62188632_G/A,Chr08,62188632,0.032840500665543,3921,FALSE
Pv2.1_07_9309946_T/A,Chr07,9309946,0.0328401589443423,3922,FALSE
Pv2.1_04_47251833_G/GA,Chr04,47251833,0.0328360423191536,3923,FALSE
Pv2.1_07_10805746_G/GT,Chr07,10805746,0.0328311130281378,3924,FALSE
Pv2.1_09_38187674_T/C,Chr09,38187674,0.0328292071080036,3925,FALSE
Pv2.1_02_31406616_G/C,Chr02,31406616,0.0328190543456333,3926,FALSE
Pv2.1_02_31406639_A/T,Chr02,31406639,0.0328190543456333,3927,FALSE
Pv2.1_02_49597499_A/G,Chr02,49597499,0.0328121892409774,3928,FALSE
Pv2.1_02_49597508_G/A,Chr02,49597508,0.0328121892409774,3929,FALSE
Pv2.1_08_75427_T/C,Chr08,75427,0.0328110249445537,3930,FALSE
Pv2.1_02_26924903_TCA/T,Chr02,26924903,0.0328080614460822,3931,FALSE
Pv2.1_02_26924906_C/G,Chr02,26924906,0.0328080614460822,3932,FALSE
Pv2.1_06_14095184_A/G,Chr06,14095184,0.0328072453069721,3933,FALSE
Pv2.1_02_44515332_G/A,Chr02,44515332,0.0328060794200562,3934,FALSE
Pv2.1_05_152611_C/A,Chr05,152611,0.0327993518144072,3935,FALSE
Pv2.1_02_45687461_T/C,Chr02,45687461,0.0327927379778408,3936,FALSE
Pv2.1_05_1840074_A/C,Chr05,1840074,0.0327880967667129,3937,FALSE
Pv2.1_09_10485729_T/G,Chr09,10485729,0.0327861419935918,3938,FALSE
Pv2.1_07_594452_T/C,Chr07,594452,0.0327857790034223,3939,FALSE
Pv2.1_09_5792923_AG/A,Chr09,5792923,0.0327835996834516,3940,FALSE
Pv2.1_08_62939552_C/T,Chr08,62939552,0.0327827782567911,3941,FALSE
Pv2.1_11_53132527_G/C,Chr11,53132527,0.0327823116524573,3942,FALSE
Pv2.1_05_3754277_C/T,Chr05,3754277,0.0327767419693275,3943,FALSE
Pv2.1_03_19501_T/A,Chr03,19501,0.0327731894918402,3944,FALSE
Pv2.1_07_35524531_C/T,Chr07,35524531,0.0327718084675164,3945,FALSE
Pv2.1_08_38855082_A/T,Chr08,38855082,0.0327713421503781,3946,FALSE
Pv2.1_08_24407588_A/AC,Chr08,24407588,0.0327709022756659,3947,FALSE
Pv2.1_06_20409763_C/G,Chr06,20409763,0.0327685542450853,3948,FALSE
Pv2.1_02_46696702_G/A,Chr02,46696702,0.0327668172640854,3949,FALSE
Pv2.1_06_21823120_G/A,Chr06,21823120,0.0327620393014487,3950,FALSE
Pv2.1_06_21359438_C/T,Chr06,21359438,0.0327607121815476,3951,FALSE
Pv2.1_11_2282148_G/T,Chr11,2282148,0.0327601833018822,3952,FALSE
Pv2.1_07_37088160_C/G,Chr07,37088160,0.0327583353594254,3953,FALSE
Pv2.1_07_25034_A/G,Chr07,25034,0.0327576629849577,3954,FALSE
Pv2.1_11_47215189_A/G,Chr11,47215189,0.0327547510476993,3955,FALSE
Pv2.1_11_1786206_A/G,Chr11,1786206,0.0327540734585141,3956,FALSE
Pv2.1_08_53222973_C/T,Chr08,53222973,0.032750913364898,3957,FALSE
Pv2.1_11_943592_T/G,Chr11,943592,0.0327498800917345,3958,FALSE
Pv2.1_11_47186006_C/T,Chr11,47186006,0.0327470024417766,3959,FALSE
Pv2.1_03_41873850_G/T,Chr03,41873850,0.0327468530565449,3960,FALSE
Pv2.1_09_36684701_G/A,Chr09,36684701,0.0327462041390239,3961,FALSE
Pv2.1_03_36802393_T/G,Chr03,36802393,0.0327440871218276,3962,FALSE
Pv2.1_03_36802397_A/G,Chr03,36802397,0.0327440871218276,3963,FALSE
Pv2.1_07_9089344_T/C,Chr07,9089344,0.0327414338759149,3964,FALSE
Pv2.1_11_1210764_A/T,Chr11,1210764,0.0327390800542742,3965,FALSE
Pv2.1_05_459309_C/T,Chr05,459309,0.0327387702840567,3966,FALSE
Pv2.1_01_4953452_G/A,Chr01,4953452,0.0327385210162747,3967,FALSE
Pv2.1_01_2850796_A/T,Chr01,2850796,0.0327353621673572,3968,FALSE
Pv2.1_09_36508044_G/A,Chr09,36508044,0.0327348655578681,3969,FALSE
Pv2.1_07_7692583_A/C,Chr07,7692583,0.0327331362665571,3970,FALSE
Pv2.1_11_2905767_A/G,Chr11,2905767,0.0327316566271776,3971,FALSE
Pv2.1_06_12442413_G/A,Chr06,12442413,0.0327314105147742,3972,FALSE
Pv2.1_06_20852247_A/G,Chr06,20852247,0.0327277990475894,3973,FALSE
Pv2.1_09_36794376_G/A,Chr09,36794376,0.032725216137373,3974,FALSE
Pv2.1_02_44970486_T/C,Chr02,44970486,0.0327188827121647,3975,FALSE
Pv2.1_04_1601688_T/A,Chr04,1601688,0.0327179629805294,3976,FALSE
Pv2.1_06_18822018_A/G,Chr06,18822018,0.0327178799545496,3977,FALSE
Pv2.1_11_2774240_AGAG/A,Chr11,2774240,0.0327150378723617,3978,FALSE
Pv2.1_03_49131325_G/C,Chr03,49131325,0.0327114450746424,3979,FALSE
Pv2.1_02_26129027_A/G,Chr02,26129027,0.03271103970122,3980,FALSE
Pv2.1_10_3838346_T/C,Chr10,3838346,0.0327068049193726,3981,FALSE
Pv2.1_08_21158637_A/G,Chr08,21158637,0.0327057957324239,3982,FALSE
Pv2.1_04_46477894_C/T,Chr04,46477894,0.0327025632706315,3983,FALSE
Pv2.1_08_59027865_C/T,Chr08,59027865,0.0327013153748377,3984,FALSE
Pv2.1_07_35524527_G/T,Chr07,35524527,0.0326920120582299,3985,FALSE
Pv2.1_07_35457311_G/A,Chr07,35457311,0.032691639279435,3986,FALSE
Pv2.1_08_3430092_C/A,Chr08,3430092,0.0326878139800613,3987,FALSE
Pv2.1_10_435389_G/T,Chr10,435389,0.0326848798528077,3988,FALSE
Pv2.1_09_22410418_C/T,Chr09,22410418,0.0326731907759918,3989,FALSE
Pv2.1_06_29952252_A/G,Chr06,29952252,0.0326718368444072,3990,FALSE
Pv2.1_05_40760913_A/G,Chr05,40760913,0.0326684513039055,3991,FALSE
Pv2.1_07_4755459_A/T,Chr07,4755459,0.0326673862711635,3992,FALSE
Pv2.1_06_30550677_C/T,Chr06,30550677,0.032667224353399,3993,FALSE
Pv2.1_08_60360153_T/A,Chr08,60360153,0.0326666274395708,3994,FALSE
Pv2.1_08_60360154_T/A,Chr08,60360154,0.0326666274395708,3995,FALSE
Pv2.1_08_60360158_T/C,Chr08,60360158,0.0326666274395708,3996,FALSE
Pv2.1_03_12454023_C/T,Chr03,12454023,0.0326582636348345,3997,FALSE
Pv2.1_07_36037230_C/T,Chr07,36037230,0.0326575631651656,3998,FALSE
Pv2.1_02_44916256_C/T,Chr02,44916256,0.0326520046994117,3999,FALSE
Pv2.1_05_2806153_G/A,Chr05,2806153,0.0326506445109849,4000,FALSE
Pv2.1_06_14899130_A/T,Chr06,14899130,0.0326419473499575,4001,FALSE
Pv2.1_03_2580128_G/A,Chr03,2580128,0.0326410625496973,4002,FALSE
Pv2.1_04_46999977_C/G,Chr04,46999977,0.032633512104995,4003,FALSE
Pv2.1_08_32152445_G/A,Chr08,32152445,0.0326335096727921,4004,FALSE
Pv2.1_04_4561433_A/G,Chr04,4561433,0.0326311209450387,4005,FALSE
Pv2.1_05_2222112_C/T,Chr05,2222112,0.0326302915604586,4006,FALSE
Pv2.1_01_4066390_C/G,Chr01,4066390,0.0326255915037974,4007,FALSE
Pv2.1_02_31225548_T/G,Chr02,31225548,0.0326246368832752,4008,FALSE
Pv2.1_02_24861842_A/C,Chr02,24861842,0.0326242171596167,4009,FALSE
Pv2.1_08_60329587_A/T,Chr08,60329587,0.0326231584650931,4010,FALSE
Pv2.1_07_3516028_A/T,Chr07,3516028,0.0326230514550248,4011,FALSE
Pv2.1_10_42139569_A/G,Chr10,42139569,0.0326211480728156,4012,FALSE
Pv2.1_11_49429211_T/C,Chr11,49429211,0.0326203724254412,4013,FALSE
Pv2.1_03_30210568_T/A,Chr03,30210568,0.0326188480565421,4014,FALSE
Pv2.1_05_12161803_C/G,Chr05,12161803,0.0326150795286857,4015,FALSE
Pv2.1_06_20800770_C/T,Chr06,20800770,0.0326140886106563,4016,FALSE
Pv2.1_08_61089109_C/T,Chr08,61089109,0.0326119572170884,4017,FALSE
Pv2.1_08_433147_T/A,Chr08,433147,0.0326103407344531,4018,FALSE
Pv2.1_02_26791775_C/G,Chr02,26791775,0.0326048427659518,4019,FALSE
Pv2.1_11_52611030_T/C,Chr11,52611030,0.032603840888402,4020,FALSE
Pv2.1_05_38268281_C/T,Chr05,38268281,0.0325975753367223,4021,FALSE
Pv2.1_08_20813277_C/T,Chr08,20813277,0.0325965522581528,4022,FALSE
Pv2.1_11_45292604_A/G,Chr11,45292604,0.0325961143924731,4023,FALSE
Pv2.1_11_45292613_G/A,Chr11,45292613,0.0325961143924731,4024,FALSE
Pv2.1_11_45292618_T/C,Chr11,45292618,0.0325961143924731,4025,FALSE
Pv2.1_11_45292653_G/T,Chr11,45292653,0.0325961143924731,4026,FALSE
Pv2.1_09_38191077_G/T,Chr09,38191077,0.0325934295150341,4027,FALSE
Pv2.1_07_38021576_G/T,Chr07,38021576,0.0325934031538062,4028,FALSE
Pv2.1_09_612990_T/A,Chr09,612990,0.0325843925597211,4029,FALSE
Pv2.1_09_36418266_T/G,Chr09,36418266,0.0325808179502372,4030,FALSE
Pv2.1_08_433191_C/G,Chr08,433191,0.0325804996374819,4031,FALSE
Pv2.1_02_15241628_A/T,Chr02,15241628,0.0325783607240182,4032,FALSE
Pv2.1_11_2086640_C/A,Chr11,2086640,0.0325740253644731,4033,FALSE
Pv2.1_09_38123441_A/T,Chr09,38123441,0.0325652149983395,4034,FALSE
Pv2.1_02_35812007_C/T,Chr02,35812007,0.0325643790490102,4035,FALSE
Pv2.1_07_35524454_C/T,Chr07,35524454,0.0325633498102103,4036,FALSE
Pv2.1_11_3135894_A/G,Chr11,3135894,0.0325490913164996,4037,FALSE
Pv2.1_07_36965348_A/G,Chr07,36965348,0.0325479015390164,4038,FALSE
Pv2.1_04_1956651_T/C,Chr04,1956651,0.0325434715864543,4039,FALSE
Pv2.1_10_6682637_C/T,Chr10,6682637,0.0325416403210133,4040,FALSE
Pv2.1_08_7910252_C/G,Chr08,7910252,0.0325407645733264,4041,FALSE
Pv2.1_01_10141735_A/T,Chr01,10141735,0.032538406996736,4042,FALSE
Pv2.1_07_33663502_G/A,Chr07,33663502,0.0325382760335642,4043,FALSE
Pv2.1_08_62533610_A/G,Chr08,62533610,0.0325377967728628,4044,FALSE
Pv2.1_08_18829756_G/A,Chr08,18829756,0.0325358016850479,4045,FALSE
Pv2.1_05_2806237_T/C,Chr05,2806237,0.032534165340083,4046,FALSE
Pv2.1_07_8412228_G/C,Chr07,8412228,0.0325306961017215,4047,FALSE
Pv2.1_01_2454516_G/A,Chr01,2454516,0.0325276044677789,4048,FALSE
Pv2.1_03_41092800_T/G,Chr03,41092800,0.0325268576023241,4049,FALSE
Pv2.1_08_55799842_C/A,Chr08,55799842,0.032524877358127,4050,FALSE
Pv2.1_06_11413594_G/A,Chr06,11413594,0.0325228574133587,4051,FALSE
Pv2.1_07_9651831_G/C,Chr07,9651831,0.0325217295955058,4052,FALSE
Pv2.1_03_49777953_C/A,Chr03,49777953,0.0325209246541838,4053,FALSE
Pv2.1_06_20792774_T/C,Chr06,20792774,0.0325205248670022,4054,FALSE
Pv2.1_01_49277298_G/A,Chr01,49277298,0.0325188251164223,4055,FALSE
Pv2.1_08_61337719_G/T,Chr08,61337719,0.0325178893404048,4056,FALSE
Pv2.1_06_4476111_A/C,Chr06,4476111,0.032514767538069,4057,FALSE
Pv2.1_05_1897414_C/T,Chr05,1897414,0.03251160547704,4058,FALSE
Pv2.1_08_1046183_T/A,Chr08,1046183,0.0325111087180527,4059,FALSE
Pv2.1_01_13589361_C/T,Chr01,13589361,0.0325096549296435,4060,FALSE
Pv2.1_02_25809014_T/C,Chr02,25809014,0.0325048840683246,4061,FALSE
Pv2.1_10_42732487_G/C,Chr10,42732487,0.0325032835376802,4062,FALSE
Pv2.1_04_4342387_A/T,Chr04,4342387,0.0324977810844107,4063,FALSE
Pv2.1_08_3611622_G/A,Chr08,3611622,0.0324973313703945,4064,FALSE
Pv2.1_06_29955930_G/C,Chr06,29955930,0.0324951452666258,4065,FALSE
Pv2.1_11_43202951_C/T,Chr11,43202951,0.0324940135953056,4066,FALSE
Pv2.1_02_45207339_C/T,Chr02,45207339,0.0324883760582293,4067,FALSE
Pv2.1_02_26128994_T/C,Chr02,26128994,0.0324827200114544,4068,FALSE
Pv2.1_02_1584465_A/G,Chr02,1584465,0.032478828375651,4069,FALSE
Pv2.1_09_36843904_A/G,Chr09,36843904,0.0324749929019812,4070,FALSE
Pv2.1_03_45770960_CT/C,Chr03,45770960,0.0324723342634363,4071,FALSE
Pv2.1_05_40755129_T/A,Chr05,40755129,0.0324703072609993,4072,FALSE
Pv2.1_06_20700095_T/C,Chr06,20700095,0.0324617406364185,4073,FALSE
Pv2.1_02_38488280_T/C,Chr02,38488280,0.0324568474071483,4074,FALSE
Pv2.1_08_61639222_G/A,Chr08,61639222,0.0324553591988641,4075,FALSE
Pv2.1_04_8032297_A/AT,Chr04,8032297,0.0324532474472914,4076,FALSE
Pv2.1_08_55799847_C/G,Chr08,55799847,0.032449112219179,4077,FALSE
Pv2.1_03_37517966_T/C,Chr03,37517966,0.0324462576343141,4078,FALSE
Pv2.1_11_46082709_C/T,Chr11,46082709,0.0324447773695895,4079,FALSE
Pv2.1_11_46082741_C/T,Chr11,46082741,0.0324447773695895,4080,FALSE
Pv2.1_08_60348341_G/T,Chr08,60348341,0.032444731423948,4081,FALSE
Pv2.1_04_46934223_T/C,Chr04,46934223,0.0324445386443322,4082,FALSE
Pv2.1_07_3889590_G/C,Chr07,3889590,0.0324416280111559,4083,FALSE
Pv2.1_07_3889613_G/A,Chr07,3889613,0.0324416280111559,4084,FALSE
Pv2.1_05_35663066_T/C,Chr05,35663066,0.0324412863998869,4085,FALSE
Pv2.1_07_9638979_T/A,Chr07,9638979,0.0324389525893425,4086,FALSE
Pv2.1_10_3117625_T/C,Chr10,3117625,0.0324388630526746,4087,FALSE
Pv2.1_04_1571061_A/G,Chr04,1571061,0.0324388001607634,4088,FALSE
Pv2.1_06_27571571_A/T,Chr06,27571571,0.0324385664151983,4089,FALSE
Pv2.1_06_27571579_T/C,Chr06,27571579,0.0324385664151983,4090,FALSE
Pv2.1_05_1289873_C/CTTG,Chr05,1289873,0.0324375361767792,4091,FALSE
Pv2.1_08_413337_C/G,Chr08,413337,0.032435018003862,4092,FALSE
Pv2.1_01_51172479_AT/A,Chr01,51172479,0.0324309889888914,4093,FALSE
Pv2.1_01_2981934_G/A,Chr01,2981934,0.0324308200279972,4094,FALSE
Pv2.1_07_32573223_T/A,Chr07,32573223,0.0324214599617121,4095,FALSE
Pv2.1_08_5429950_CA/C,Chr08,5429950,0.0324151058193114,4096,FALSE
Pv2.1_02_31490952_G/A,Chr02,31490952,0.0324140744874661,4097,FALSE
Pv2.1_02_31490955_T/C,Chr02,31490955,0.0324140744874661,4098,FALSE
Pv2.1_02_31490987_T/G,Chr02,31490987,0.0324140744874661,4099,FALSE
Pv2.1_10_43615359_C/G,Chr10,43615359,0.0324120375484078,4100,FALSE
Pv2.1_03_994869_G/A,Chr03,994869,0.032410326536811,4101,FALSE
Pv2.1_05_2293503_A/G,Chr05,2293503,0.03240989901074,4102,FALSE
Pv2.1_09_35808422_A/G,Chr09,35808422,0.0324052108493156,4103,FALSE
Pv2.1_01_43071761_T/C,Chr01,43071761,0.0324045775532644,4104,FALSE
Pv2.1_08_61479264_T/C,Chr08,61479264,0.0324009554734181,4105,FALSE
Pv2.1_06_27234603_G/C,Chr06,27234603,0.0323988852427335,4106,FALSE
Pv2.1_01_1626976_C/T,Chr01,1626976,0.03239596859604,4107,FALSE
Pv2.1_04_41217091_T/TGGTG,Chr04,41217091,0.0323948773072229,4108,FALSE
Pv2.1_02_31479345_A/C,Chr02,31479345,0.0323922072185501,4109,FALSE
Pv2.1_07_4755242_T/A,Chr07,4755242,0.0323871955679502,4110,FALSE
Pv2.1_11_51167332_C/T,Chr11,51167332,0.032387020366528,4111,FALSE
Pv2.1_02_45454883_A/G,Chr02,45454883,0.0323861222230155,4112,FALSE
Pv2.1_08_1003616_G/T,Chr08,1003616,0.0323821096800176,4113,FALSE
Pv2.1_03_11273808_T/A,Chr03,11273808,0.0323775451364932,4114,FALSE
Pv2.1_10_43615380_G/A,Chr10,43615380,0.0323737472986263,4115,FALSE
Pv2.1_09_36526374_G/T,Chr09,36526374,0.0323730592754443,4116,FALSE
Pv2.1_09_14160323_G/GTT,Chr09,14160323,0.0323694489603392,4117,FALSE
Pv2.1_04_46177956_T/A,Chr04,46177956,0.0323674196149755,4118,FALSE
Pv2.1_04_5420566_C/A,Chr04,5420566,0.0323659801923855,4119,FALSE
Pv2.1_05_40457313_G/A,Chr05,40457313,0.0323644719903924,4120,FALSE
Pv2.1_07_39289620_G/A,Chr07,39289620,0.0323644101269451,4121,FALSE
Pv2.1_10_42159446_A/G,Chr10,42159446,0.0323598730646073,4122,FALSE
Pv2.1_05_3755559_T/A,Chr05,3755559,0.032349343383911,4123,FALSE
Pv2.1_05_3755591_G/A,Chr05,3755591,0.032349343383911,4124,FALSE
Pv2.1_08_60329878_T/G,Chr08,60329878,0.0323472755043097,4125,FALSE
Pv2.1_05_172647_T/C,Chr05,172647,0.0323436271134474,4126,FALSE
Pv2.1_08_62872813_G/A,Chr08,62872813,0.032343499109277,4127,FALSE
Pv2.1_09_36784735_G/C,Chr09,36784735,0.0323434920311367,4128,FALSE
Pv2.1_05_40443913_T/C,Chr05,40443913,0.0323433887122517,4129,FALSE
Pv2.1_02_2247406_G/A,Chr02,2247406,0.0323383091529368,4130,FALSE
Pv2.1_08_62711505_T/TA,Chr08,62711505,0.032335916952384,4131,FALSE
Pv2.1_06_28228188_A/C,Chr06,28228188,0.0323341836298838,4132,FALSE
Pv2.1_07_7075153_AT/A,Chr07,7075153,0.0323340563134407,4133,FALSE
Pv2.1_02_48295300_G/A,Chr02,48295300,0.0323326991580757,4134,FALSE
Pv2.1_07_9089337_A/T,Chr07,9089337,0.0323324473872297,4135,FALSE
Pv2.1_07_9089347_G/C,Chr07,9089347,0.0323324473872297,4136,FALSE
Pv2.1_07_9346592_G/T,Chr07,9346592,0.0323301467971575,4137,FALSE
Pv2.1_08_16674251_G/A,Chr08,16674251,0.0323301196453123,4138,FALSE
Pv2.1_11_31391560_G/T,Chr11,31391560,0.0323261504100318,4139,FALSE
Pv2.1_07_8776155_G/A,Chr07,8776155,0.0323248754700272,4140,FALSE
Pv2.1_05_37381604_T/A,Chr05,37381604,0.0323247956138562,4141,FALSE
Pv2.1_08_61338146_A/G,Chr08,61338146,0.0323224915709615,4142,FALSE
Pv2.1_11_1210751_C/T,Chr11,1210751,0.0323199799655871,4143,FALSE
Pv2.1_07_9785037_G/A,Chr07,9785037,0.0323147105500254,4144,FALSE
Pv2.1_08_62753698_T/C,Chr08,62753698,0.0323138073293205,4145,FALSE
Pv2.1_09_13655184_C/G,Chr09,13655184,0.0323034510475013,4146,FALSE
Pv2.1_04_1959772_G/C,Chr04,1959772,0.0323028913547088,4147,FALSE
Pv2.1_05_4927325_G/A,Chr05,4927325,0.0323011257391279,4148,FALSE
Pv2.1_03_1023320_C/T,Chr03,1023320,0.032301060088102,4149,FALSE
Pv2.1_08_1391758_G/A,Chr08,1391758,0.0322939988845112,4150,FALSE
Pv2.1_09_10496926_G/A,Chr09,10496926,0.0322905187777844,4151,FALSE
Pv2.1_08_60329791_C/T,Chr08,60329791,0.0322776307732449,4152,FALSE
Pv2.1_05_2710556_G/C,Chr05,2710556,0.032276411988478,4153,FALSE
Pv2.1_09_35419712_T/G,Chr09,35419712,0.0322755186096964,4154,FALSE
Pv2.1_01_48413914_TA/T,Chr01,48413914,0.032268601831662,4155,FALSE
Pv2.1_11_3135895_C/G,Chr11,3135895,0.032268485723141,4156,FALSE
Pv2.1_08_3099589_G/A,Chr08,3099589,0.0322677046663289,4157,FALSE
Pv2.1_08_61885738_G/A,Chr08,61885738,0.0322656866696365,4158,FALSE
Pv2.1_11_49286754_G/A,Chr11,49286754,0.0322644777666423,4159,FALSE
Pv2.1_05_39970167_G/C,Chr05,39970167,0.0322643629694688,4160,FALSE
Pv2.1_02_31169826_T/C,Chr02,31169826,0.032260741822927,4161,FALSE
Pv2.1_09_36508065_G/C,Chr09,36508065,0.0322597075091711,4162,FALSE
Pv2.1_07_277310_T/C,Chr07,277310,0.0322543706217102,4163,FALSE
Pv2.1_11_53498352_T/C,Chr11,53498352,0.0322513611479369,4164,FALSE
Pv2.1_08_3430102_C/T,Chr08,3430102,0.0322504568437694,4165,FALSE
Pv2.1_05_37360947_C/A,Chr05,37360947,0.0322479554231703,4166,FALSE
Pv2.1_08_12846565_A/T,Chr08,12846565,0.0322467294061344,4167,FALSE
Pv2.1_09_36763792_A/C,Chr09,36763792,0.0322407943384397,4168,FALSE
Pv2.1_09_36130116_G/A,Chr09,36130116,0.0322337411194247,4169,FALSE
Pv2.1_07_37941171_C/A,Chr07,37941171,0.0322336464126063,4170,FALSE
Pv2.1_02_2186035_C/A,Chr02,2186035,0.0322334406337572,4171,FALSE
Pv2.1_06_21292526_C/T,Chr06,21292526,0.0322317934995069,4172,FALSE
Pv2.1_07_33275186_C/T,Chr07,33275186,0.0322294100567984,4173,FALSE
Pv2.1_08_61337795_C/G,Chr08,61337795,0.0322210226184447,4174,FALSE
Pv2.1_06_24148499_T/A,Chr06,24148499,0.0322194441517496,4175,FALSE
Pv2.1_10_41562055_A/C,Chr10,41562055,0.032214478929653,4176,FALSE
Pv2.1_05_39323251_C/A,Chr05,39323251,0.0322110993079288,4177,FALSE
Pv2.1_07_38140988_AAAGAGG/A,Chr07,38140988,0.0322110613396789,4178,FALSE
Pv2.1_11_3503357_C/G,Chr11,3503357,0.0322095873653034,4179,FALSE
Pv2.1_02_49604920_G/T,Chr02,49604920,0.0322043479129266,4180,FALSE
Pv2.1_08_61639172_A/T,Chr08,61639172,0.0322032934842667,4181,FALSE
Pv2.1_03_32241466_G/A,Chr03,32241466,0.0322032519424682,4182,FALSE
Pv2.1_03_45612106_C/A,Chr03,45612106,0.0321996141602749,4183,FALSE
Pv2.1_01_51193098_C/T,Chr01,51193098,0.032197329674164,4184,FALSE
Pv2.1_01_51193102_T/G,Chr01,51193102,0.032197329674164,4185,FALSE
Pv2.1_09_36698205_AT/A,Chr09,36698205,0.0321941324428598,4186,FALSE
Pv2.1_11_1755972_G/A,Chr11,1755972,0.0321932138444705,4187,FALSE
Pv2.1_04_46178153_A/G,Chr04,46178153,0.0321851139568601,4188,FALSE
Pv2.1_08_60451006_G/C,Chr08,60451006,0.0321799771579467,4189,FALSE
Pv2.1_04_45524057_C/T,Chr04,45524057,0.032177798141003,4190,FALSE
Pv2.1_08_21996177_G/A,Chr08,21996177,0.0321737345013462,4191,FALSE
Pv2.1_07_7557169_T/C,Chr07,7557169,0.0321725981787644,4192,FALSE
Pv2.1_08_61663058_G/A,Chr08,61663058,0.0321715284328801,4193,FALSE
Pv2.1_06_20385815_A/C,Chr06,20385815,0.032168888191014,4194,FALSE
Pv2.1_06_21220311_C/CA,Chr06,21220311,0.032163450592599,4195,FALSE
Pv2.1_07_528511_G/C,Chr07,528511,0.0321623423353326,4196,FALSE
Pv2.1_07_9309928_T/C,Chr07,9309928,0.0321544664494371,4197,FALSE
Pv2.1_02_24693081_G/C,Chr02,24693081,0.0321504197499438,4198,FALSE
Pv2.1_06_13831920_G/A,Chr06,13831920,0.0321476067717565,4199,FALSE
Pv2.1_07_8310790_G/A,Chr07,8310790,0.0321474531880019,4200,FALSE
Pv2.1_06_25995408_G/C,Chr06,25995408,0.0321467465854286,4201,FALSE
Pv2.1_06_11512048_C/T,Chr06,11512048,0.0321435779915182,4202,FALSE
Pv2.1_07_9089308_C/G,Chr07,9089308,0.0321397460927813,4203,FALSE
Pv2.1_05_2726558_G/T,Chr05,2726558,0.0321377574111592,4204,FALSE
Pv2.1_05_2726570_T/C,Chr05,2726570,0.0321377574111592,4205,FALSE
Pv2.1_08_1545149_TGAA/T,Chr08,1545149,0.0321318041630625,4206,FALSE
Pv2.1_02_47600677_G/A,Chr02,47600677,0.0321299116603822,4207,FALSE
Pv2.1_02_47600680_C/G,Chr02,47600680,0.0321299116603817,4208,FALSE
Pv2.1_03_45752892_A/G,Chr03,45752892,0.032126390281749,4209,FALSE
Pv2.1_03_12181370_TACACA/T,Chr03,12181370,0.0321257314146894,4210,FALSE
Pv2.1_02_47556089_T/A,Chr02,47556089,0.0321194858097389,4211,FALSE
Pv2.1_06_20360964_G/A,Chr06,20360964,0.0321189995794478,4212,FALSE
Pv2.1_05_37949318_A/T,Chr05,37949318,0.0321189517275675,4213,FALSE
Pv2.1_10_40845062_A/G,Chr10,40845062,0.032116834642359,4214,FALSE
Pv2.1_06_29931754_C/T,Chr06,29931754,0.03211662063315,4215,FALSE
Pv2.1_01_5816071_G/C,Chr01,5816071,0.0321140172036483,4216,FALSE
Pv2.1_07_4856975_C/T,Chr07,4856975,0.0321112608328571,4217,FALSE
Pv2.1_07_36076505_C/G,Chr07,36076505,0.0321065058001278,4218,FALSE
Pv2.1_08_62851462_C/G,Chr08,62851462,0.0321027974327541,4219,FALSE
Pv2.1_03_41873840_G/T,Chr03,41873840,0.0321021180861019,4220,FALSE
Pv2.1_08_60211784_T/A,Chr08,60211784,0.0320998944245869,4221,FALSE
Pv2.1_06_3879753_A/G,Chr06,3879753,0.0320991367594026,4222,FALSE
Pv2.1_08_62803857_C/T,Chr08,62803857,0.0320970825635829,4223,FALSE
Pv2.1_11_4455707_T/C,Chr11,4455707,0.0320946693454673,4224,FALSE
Pv2.1_04_3350058_C/G,Chr04,3350058,0.0320908617162741,4225,FALSE
Pv2.1_08_3430071_T/C,Chr08,3430071,0.0320879996780921,4226,FALSE
Pv2.1_09_36749300_T/G,Chr09,36749300,0.0320863918021552,4227,FALSE
Pv2.1_01_3057556_T/C,Chr01,3057556,0.032081859933633,4228,FALSE
Pv2.1_04_46703285_T/C,Chr04,46703285,0.0320804921275979,4229,FALSE
Pv2.1_09_22620233_C/T,Chr09,22620233,0.0320780671827099,4230,FALSE
Pv2.1_09_38235047_C/A,Chr09,38235047,0.0320768403301575,4231,FALSE
Pv2.1_08_5440995_A/AT,Chr08,5440995,0.0320543846363868,4232,FALSE
Pv2.1_03_2494267_A/G,Chr03,2494267,0.0320542618196602,4233,FALSE
Pv2.1_04_11379818_A/T,Chr04,11379818,0.0320511396223164,4234,FALSE
Pv2.1_07_32251056_A/G,Chr07,32251056,0.0320465790747471,4235,FALSE
Pv2.1_07_35648159_GC/G,Chr07,35648159,0.0320407601076518,4236,FALSE
Pv2.1_11_1423207_A/G,Chr11,1423207,0.0320405546021898,4237,FALSE
Pv2.1_08_3086030_G/C,Chr08,3086030,0.0320325240829664,4238,FALSE
Pv2.1_09_36508032_G/A,Chr09,36508032,0.0320297187440666,4239,FALSE
Pv2.1_06_24148515_T/A,Chr06,24148515,0.0320270821223492,4240,FALSE
Pv2.1_03_12235532_C/A,Chr03,12235532,0.0320169720557804,4241,FALSE
Pv2.1_07_4101463_G/A,Chr07,4101463,0.0320161333081845,4242,FALSE
Pv2.1_04_1743713_G/T,Chr04,1743713,0.0320139193229658,4243,FALSE
Pv2.1_09_22620829_T/A,Chr09,22620829,0.0320136382453029,4244,FALSE
Pv2.1_05_7405872_C/G,Chr05,7405872,0.032012396928299,4245,FALSE
Pv2.1_06_201489_G/A,Chr06,201489,0.0320056262292603,4246,FALSE
Pv2.1_08_62280499_G/A,Chr08,62280499,0.0320034925675801,4247,FALSE
Pv2.1_02_33626446_T/A,Chr02,33626446,0.032001929366273,4248,FALSE
Pv2.1_03_36378802_A/G,Chr03,36378802,0.0319962818965625,4249,FALSE
Pv2.1_08_927166_G/A,Chr08,927166,0.0319920620640128,4250,FALSE
Pv2.1_04_1421318_G/A,Chr04,1421318,0.0319913224823276,4251,FALSE
Pv2.1_04_547383_C/A,Chr04,547383,0.0319875159765415,4252,FALSE
Pv2.1_06_20460373_T/C,Chr06,20460373,0.0319869441120129,4253,FALSE
Pv2.1_07_3871373_G/T,Chr07,3871373,0.0319816497890928,4254,FALSE
Pv2.1_06_28097869_G/T,Chr06,28097869,0.0319798513128768,4255,FALSE
Pv2.1_06_28097870_A/T,Chr06,28097870,0.0319798513128768,4256,FALSE
Pv2.1_06_28097884_A/G,Chr06,28097884,0.0319798513128768,4257,FALSE
Pv2.1_08_6676025_T/A,Chr08,6676025,0.0319784946555357,4258,FALSE
Pv2.1_03_766014_C/T,Chr03,766014,0.031977766966067,4259,FALSE
Pv2.1_07_33240907_C/T,Chr07,33240907,0.0319766371781691,4260,FALSE
Pv2.1_07_8521809_T/C,Chr07,8521809,0.0319726359458192,4261,FALSE
Pv2.1_01_2902046_C/T,Chr01,2902046,0.0319722028075651,4262,FALSE
Pv2.1_03_45770952_CA/C,Chr03,45770952,0.031971263332502,4263,FALSE
Pv2.1_07_9346504_A/G,Chr07,9346504,0.0319666434219092,4264,FALSE
Pv2.1_07_7835703_G/T,Chr07,7835703,0.0319653526225023,4265,FALSE
Pv2.1_10_42388195_G/A,Chr10,42388195,0.0319643164079428,4266,FALSE
Pv2.1_03_12147912_T/A,Chr03,12147912,0.0319619504769482,4267,FALSE
Pv2.1_11_45315324_T/C,Chr11,45315324,0.0319521521371877,4268,FALSE
Pv2.1_10_4906707_GAA/G,Chr10,4906707,0.0319509367335025,4269,FALSE
Pv2.1_06_19585424_T/C,Chr06,19585424,0.0319481361573142,4270,FALSE
Pv2.1_06_19031497_CCTCA/C,Chr06,19031497,0.0319387272917759,4271,FALSE
Pv2.1_03_49404571_G/A,Chr03,49404571,0.031934782087971,4272,FALSE
Pv2.1_10_41198837_G/A,Chr10,41198837,0.0319286321683419,4273,FALSE
Pv2.1_08_5697175_G/T,Chr08,5697175,0.0319248833807402,4274,FALSE
Pv2.1_09_36710293_C/A,Chr09,36710293,0.0319232339587421,4275,FALSE
Pv2.1_07_6697812_AT/A,Chr07,6697812,0.0319199386792719,4276,FALSE
Pv2.1_11_3503291_T/A,Chr11,3503291,0.0319191648549242,4277,FALSE
Pv2.1_10_44025101_A/T,Chr10,44025101,0.0319139177500101,4278,FALSE
Pv2.1_01_2270323_CTCGTCCTCTTCCTCG/GTCCTCTTCCTCC,Chr01,2270323,0.0319129356775405,4279,FALSE
Pv2.1_05_39724716_T/A,Chr05,39724716,0.0319097633222785,4280,FALSE
Pv2.1_02_23293649_A/T,Chr02,23293649,0.0319093656160625,4281,FALSE
Pv2.1_02_23293664_C/T,Chr02,23293664,0.0319093656160625,4282,FALSE
Pv2.1_09_36418053_A/C,Chr09,36418053,0.0319076734434391,4283,FALSE
Pv2.1_03_40784404_A/C,Chr03,40784404,0.0319076029025749,4284,FALSE
Pv2.1_03_51140861_G/A,Chr03,51140861,0.0319073388495252,4285,FALSE
Pv2.1_11_2900070_G/A,Chr11,2900070,0.0319042208722031,4286,FALSE
Pv2.1_02_44880592_G/GA,Chr02,44880592,0.0319018205526511,4287,FALSE
Pv2.1_08_62490756_T/C,Chr08,62490756,0.0318903994847082,4288,FALSE
Pv2.1_03_51304791_G/A,Chr03,51304791,0.0318845508438907,4289,FALSE
Pv2.1_08_13283482_G/A,Chr08,13283482,0.0318834520964013,4290,FALSE
Pv2.1_11_1016351_A/T,Chr11,1016351,0.0318793790742289,4291,FALSE
Pv2.1_11_47293762_A/T,Chr11,47293762,0.0318784330453408,4292,FALSE
Pv2.1_03_33311932_C/T,Chr03,33311932,0.0318780729550103,4293,FALSE
Pv2.1_03_52372235_A/G,Chr03,52372235,0.0318775109907463,4294,FALSE
Pv2.1_06_20470834_T/C,Chr06,20470834,0.0318772523242759,4295,FALSE
Pv2.1_10_8057951_T/G,Chr10,8057951,0.0318769759476338,4296,FALSE
Pv2.1_05_9081184_T/A,Chr05,9081184,0.0318749045477067,4297,FALSE
Pv2.1_04_2488967_T/C,Chr04,2488967,0.0318721337418575,4298,FALSE
Pv2.1_03_45802185_T/C,Chr03,45802185,0.0318711017235978,4299,FALSE
Pv2.1_04_7030457_C/T,Chr04,7030457,0.0318707915138718,4300,FALSE
Pv2.1_03_49707333_A/T,Chr03,49707333,0.0318682997775008,4301,FALSE
Pv2.1_09_22620828_T/G,Chr09,22620828,0.031865170161947,4302,FALSE
Pv2.1_06_22714797_AAG/A,Chr06,22714797,0.031864448707581,4303,FALSE
Pv2.1_02_25525850_C/A,Chr02,25525850,0.0318591274209892,4304,FALSE
Pv2.1_05_38831954_G/A,Chr05,38831954,0.0318585935661369,4305,FALSE
Pv2.1_01_5385933_G/A,Chr01,5385933,0.031855006956774,4306,FALSE
Pv2.1_01_51408437_T/C,Chr01,51408437,0.031852489570547,4307,FALSE
Pv2.1_05_17949150_G/A,Chr05,17949150,0.031852121092331,4308,FALSE
Pv2.1_06_20391484_G/T,Chr06,20391484,0.0318515171901401,4309,FALSE
Pv2.1_08_61360964_G/A,Chr08,61360964,0.0318508044082759,4310,FALSE
Pv2.1_05_198938_G/A,Chr05,198938,0.0318487295104983,4311,FALSE
Pv2.1_09_22620819_A/G,Chr09,22620819,0.0318480976203213,4312,FALSE
Pv2.1_08_617812_A/G,Chr08,617812,0.0318460803394944,4313,FALSE
Pv2.1_08_617842_C/T,Chr08,617842,0.0318460803394944,4314,FALSE
Pv2.1_08_617845_T/C,Chr08,617845,0.0318460803394944,4315,FALSE
Pv2.1_08_53222934_T/G,Chr08,53222934,0.031843609039055,4316,FALSE
Pv2.1_08_53222974_T/C,Chr08,53222974,0.031843609039055,4317,FALSE
Pv2.1_04_12120986_T/G,Chr04,12120986,0.0318370757191655,4318,FALSE
Pv2.1_06_29634962_G/C,Chr06,29634962,0.0318359939633734,4319,FALSE
Pv2.1_02_39814335_T/A,Chr02,39814335,0.0318324698766266,4320,FALSE
Pv2.1_07_4558170_C/CA,Chr07,4558170,0.0318289510399628,4321,FALSE
Pv2.1_03_40108650_A/AT,Chr03,40108650,0.0318277159197047,4322,FALSE
Pv2.1_09_22232269_T/C,Chr09,22232269,0.0318270896266766,4323,FALSE
Pv2.1_02_25190312_T/C,Chr02,25190312,0.0318262190997425,4324,FALSE
Pv2.1_06_25497454_T/A,Chr06,25497454,0.0318212456026643,4325,FALSE
Pv2.1_04_47686639_G/C,Chr04,47686639,0.0318209292382861,4326,FALSE
Pv2.1_07_4552326_T/G,Chr07,4552326,0.0318172408015145,4327,FALSE
Pv2.1_03_46595419_G/A,Chr03,46595419,0.0318163812787753,4328,FALSE
Pv2.1_03_12162718_T/A,Chr03,12162718,0.0318108010034677,4329,FALSE
Pv2.1_02_26129030_C/T,Chr02,26129030,0.0318078597292431,4330,FALSE
Pv2.1_11_52612171_GTA/G,Chr11,52612171,0.0318070742115153,4331,FALSE
Pv2.1_07_39360902_G/T,Chr07,39360902,0.0318025420168295,4332,FALSE
Pv2.1_11_49286612_C/A,Chr11,49286612,0.0318015485121013,4333,FALSE
Pv2.1_11_44467528_C/G,Chr11,44467528,0.0318013948193525,4334,FALSE
Pv2.1_05_7603386_A/T,Chr05,7603386,0.0317930973100933,4335,FALSE
Pv2.1_02_48727339_G/A,Chr02,48727339,0.0317916696738192,4336,FALSE
Pv2.1_11_51321289_T/C,Chr11,51321289,0.0317858970966274,4337,FALSE
Pv2.1_02_25166715_C/A,Chr02,25166715,0.03178551204214,4338,FALSE
Pv2.1_07_7930984_T/C,Chr07,7930984,0.0317816111370717,4339,FALSE
Pv2.1_08_62743436_G/GA,Chr08,62743436,0.0317762645094368,4340,FALSE
Pv2.1_08_5697166_T/A,Chr08,5697166,0.0317747446256131,4341,FALSE
Pv2.1_08_1068709_G/A,Chr08,1068709,0.0317733892127365,4342,FALSE
Pv2.1_07_4130821_T/C,Chr07,4130821,0.0317717835331344,4343,FALSE
Pv2.1_03_2637636_T/G,Chr03,2637636,0.0317689784574906,4344,FALSE
Pv2.1_07_36785079_G/T,Chr07,36785079,0.0317681253901352,4345,FALSE
Pv2.1_01_39526628_G/T,Chr01,39526628,0.0317673650757206,4346,FALSE
Pv2.1_08_475578_C/T,Chr08,475578,0.0317658988196565,4347,FALSE
Pv2.1_03_51262962_T/A,Chr03,51262962,0.0317557255126411,4348,FALSE
Pv2.1_09_13418470_G/C,Chr09,13418470,0.0317519205492856,4349,FALSE
Pv2.1_10_42836731_T/A,Chr10,42836731,0.0317512831182136,4350,FALSE
Pv2.1_04_450782_C/T,Chr04,450782,0.0317446494667575,4351,FALSE
Pv2.1_05_5644525_C/T,Chr05,5644525,0.0317363830668924,4352,FALSE
Pv2.1_07_33523212_A/G,Chr07,33523212,0.0317362029360893,4353,FALSE
Pv2.1_03_1302845_C/A,Chr03,1302845,0.0317343615401002,4354,FALSE
Pv2.1_08_58991666_G/T,Chr08,58991666,0.0317343533039871,4355,FALSE
Pv2.1_08_58991690_T/A,Chr08,58991690,0.0317343533039871,4356,FALSE
Pv2.1_08_1153863_T/C,Chr08,1153863,0.0317331830691225,4357,FALSE
Pv2.1_11_34070930_C/A,Chr11,34070930,0.0317233316642755,4358,FALSE
Pv2.1_03_11951611_T/C,Chr03,11951611,0.0317176971624491,4359,FALSE
Pv2.1_06_4211411_C/T,Chr06,4211411,0.0317134689887326,4360,FALSE
Pv2.1_05_39323027_G/A,Chr05,39323027,0.0317125269135903,4361,FALSE
Pv2.1_06_20904515_AT/A,Chr06,20904515,0.0317113344646911,4362,FALSE
Pv2.1_02_33626519_G/GAA,Chr02,33626519,0.0317100097874929,4363,FALSE
Pv2.1_05_39463258_C/G,Chr05,39463258,0.0317084997507862,4364,FALSE
Pv2.1_07_37087581_A/G,Chr07,37087581,0.0317076991529959,4365,FALSE
Pv2.1_03_11144097_A/T,Chr03,11144097,0.0317020979179796,4366,FALSE
Pv2.1_07_7931072_G/T,Chr07,7931072,0.0316994688533012,4367,FALSE
Pv2.1_07_8689714_G/A,Chr07,8689714,0.0316994688533012,4368,FALSE
Pv2.1_07_195188_G/T,Chr07,195188,0.0316972676031524,4369,FALSE
Pv2.1_10_42550565_T/C,Chr10,42550565,0.0316967164043871,4370,FALSE
Pv2.1_06_24104036_C/A,Chr06,24104036,0.0316952423151697,4371,FALSE
Pv2.1_02_2486310_T/A,Chr02,2486310,0.0316930149035906,4372,FALSE
Pv2.1_04_547389_T/A,Chr04,547389,0.0316922010382692,4373,FALSE
Pv2.1_01_54667_T/C,Chr01,54667,0.0316894345355663,4374,FALSE
Pv2.1_05_5143348_C/CTG,Chr05,5143348,0.0316804225598109,4375,FALSE
Pv2.1_09_22410439_C/T,Chr09,22410439,0.0316776719950469,4376,FALSE
Pv2.1_11_30441016_G/A,Chr11,30441016,0.0316714995920875,4377,FALSE
Pv2.1_06_13069644_C/T,Chr06,13069644,0.0316712621485715,4378,FALSE
Pv2.1_08_11609526_C/T,Chr08,11609526,0.0316699672680225,4379,FALSE
Pv2.1_01_1034697_A/T,Chr01,1034697,0.0316675375741151,4380,FALSE
Pv2.1_10_4468524_A/C,Chr10,4468524,0.0316645316523232,4381,FALSE
Pv2.1_03_430706_T/C,Chr03,430706,0.0316635515107682,4382,FALSE
Pv2.1_07_39574705_C/G,Chr07,39574705,0.0316624873329681,4383,FALSE
Pv2.1_07_454500_A/G,Chr07,454500,0.0316620278459565,4384,FALSE
Pv2.1_04_12248411_C/T,Chr04,12248411,0.031661852033694,4385,FALSE
Pv2.1_11_17491682_T/A,Chr11,17491682,0.0316560386639702,4386,FALSE
Pv2.1_08_62869118_A/C,Chr08,62869118,0.0316513951194022,4387,FALSE
Pv2.1_11_30409019_C/T,Chr11,30409019,0.0316493560305005,4388,FALSE
Pv2.1_05_38808759_T/C,Chr05,38808759,0.0316486329016943,4389,FALSE
Pv2.1_06_19335009_A/C,Chr06,19335009,0.0316486327785359,4390,FALSE
Pv2.1_07_34547064_G/A,Chr07,34547064,0.031648574068273,4391,FALSE
Pv2.1_02_39814212_A/G,Chr02,39814212,0.0316467991736324,4392,FALSE
Pv2.1_05_9198309_A/G,Chr05,9198309,0.0316458584874981,4393,FALSE
Pv2.1_08_792885_T/C,Chr08,792885,0.0316416066344689,4394,FALSE
Pv2.1_05_38284688_C/T,Chr05,38284688,0.0316390813596033,4395,FALSE
Pv2.1_06_4654696_T/C,Chr06,4654696,0.0316377953849458,4396,FALSE
Pv2.1_04_47457791_C/T,Chr04,47457791,0.0316357675377907,4397,FALSE
Pv2.1_08_1044520_A/G,Chr08,1044520,0.0316355846947611,4398,FALSE
Pv2.1_09_36794394_C/A,Chr09,36794394,0.0316311934008375,4399,FALSE
Pv2.1_07_21217783_A/G,Chr07,21217783,0.0316311790796768,4400,FALSE
Pv2.1_08_9419005_C/T,Chr08,9419005,0.0316290473396719,4401,FALSE
Pv2.1_07_37393321_G/T,Chr07,37393321,0.0316253553460331,4402,FALSE
Pv2.1_07_38836940_G/C,Chr07,38836940,0.0316240091127362,4403,FALSE
Pv2.1_07_6732660_G/A,Chr07,6732660,0.0316225194570667,4404,FALSE
Pv2.1_11_46186692_A/T,Chr11,46186692,0.0316175515745982,4405,FALSE
Pv2.1_03_117709_C/A,Chr03,117709,0.0316169226409722,4406,FALSE
Pv2.1_06_14107036_C/T,Chr06,14107036,0.0316164315786609,4407,FALSE
Pv2.1_09_13708513_C/A,Chr09,13708513,0.0316132701098559,4408,FALSE
Pv2.1_04_31763_CCT/C,Chr04,31763,0.031610207901593,4409,FALSE
Pv2.1_07_6920561_C/T,Chr07,6920561,0.03160862671943,4410,FALSE
Pv2.1_07_6920575_G/A,Chr07,6920575,0.03160862671943,4411,FALSE
Pv2.1_07_10032604_G/A,Chr07,10032604,0.0316031298610207,4412,FALSE
Pv2.1_06_21403261_AT/A,Chr06,21403261,0.0316014852958064,4413,FALSE
Pv2.1_05_10839059_T/A,Chr05,10839059,0.0315940600006375,4414,FALSE
Pv2.1_03_52855458_A/AT,Chr03,52855458,0.0315888272282106,4415,FALSE
Pv2.1_08_5697232_G/A,Chr08,5697232,0.0315879233737029,4416,FALSE
Pv2.1_03_36338345_C/T,Chr03,36338345,0.0315818885037666,4417,FALSE
Pv2.1_06_28242504_C/T,Chr06,28242504,0.0315812475525932,4418,FALSE
Pv2.1_04_11357646_C/G,Chr04,11357646,0.0315812396245496,4419,FALSE
Pv2.1_02_48546771_A/T,Chr02,48546771,0.0315791427344068,4420,FALSE
Pv2.1_04_12206418_G/A,Chr04,12206418,0.0315776822618226,4421,FALSE
Pv2.1_09_36619772_T/C,Chr09,36619772,0.0315770835476732,4422,FALSE
Pv2.1_03_45773966_T/A,Chr03,45773966,0.031574312321093,4423,FALSE
Pv2.1_06_22701770_T/A,Chr06,22701770,0.0315728187930029,4424,FALSE
Pv2.1_08_1703734_C/T,Chr08,1703734,0.0315699869875106,4425,FALSE
Pv2.1_02_49565917_TC/T,Chr02,49565917,0.0315694867479497,4426,FALSE
Pv2.1_08_3925649_T/C,Chr08,3925649,0.0315693358942655,4427,FALSE
Pv2.1_07_1475573_A/G,Chr07,1475573,0.031568780627218,4428,FALSE
Pv2.1_08_59977463_T/C,Chr08,59977463,0.0315685628275042,4429,FALSE
Pv2.1_02_1630168_A/G,Chr02,1630168,0.0315681407799509,4430,FALSE
Pv2.1_02_2749606_A/G,Chr02,2749606,0.0315676837475918,4431,FALSE
Pv2.1_03_37059484_T/C,Chr03,37059484,0.0315639555716296,4432,FALSE
Pv2.1_09_36843906_T/C,Chr09,36843906,0.0315619130901736,4433,FALSE
Pv2.1_07_35841130_C/T,Chr07,35841130,0.0315521458042611,4434,FALSE
Pv2.1_03_39534490_C/T,Chr03,39534490,0.0315510113045812,4435,FALSE
Pv2.1_03_994863_A/G,Chr03,994863,0.0315503431634312,4436,FALSE
Pv2.1_07_8310774_C/T,Chr07,8310774,0.0315377420590024,4437,FALSE
Pv2.1_11_53551952_A/G,Chr11,53551952,0.0315326234385411,4438,FALSE
Pv2.1_03_12261097_G/A,Chr03,12261097,0.0315258878322084,4439,FALSE
Pv2.1_09_36710456_A/G,Chr09,36710456,0.0315224662205571,4440,FALSE
Pv2.1_07_7517253_C/T,Chr07,7517253,0.0315219146002237,4441,FALSE
Pv2.1_07_40017631_T/A,Chr07,40017631,0.0315184685204075,4442,FALSE
Pv2.1_09_6574488_G/A,Chr09,6574488,0.0315174882816907,4443,FALSE
Pv2.1_08_18834628_A/ATT,Chr08,18834628,0.0315174676648571,4444,FALSE
Pv2.1_03_12162730_G/A,Chr03,12162730,0.0315149114391886,4445,FALSE
Pv2.1_03_51074526_C/AATT,Chr03,51074526,0.0315147783562941,4446,FALSE
Pv2.1_08_1228267_T/G,Chr08,1228267,0.0315139813726533,4447,FALSE
Pv2.1_06_24281671_C/G,Chr06,24281671,0.0315133875040514,4448,FALSE
Pv2.1_11_72609_C/T,Chr11,72609,0.0315064996596539,4449,FALSE
Pv2.1_08_60442787_G/A,Chr08,60442787,0.0315058405305293,4450,FALSE
Pv2.1_06_28226319_A/G,Chr06,28226319,0.0315050176763418,4451,FALSE
Pv2.1_06_29673274_A/G,Chr06,29673274,0.0315046104351517,4452,FALSE
Pv2.1_11_42274789_T/A,Chr11,42274789,0.0315045869265638,4453,FALSE
Pv2.1_07_36965461_C/A,Chr07,36965461,0.0315018713214181,4454,FALSE
Pv2.1_02_42196261_G/A,Chr02,42196261,0.0314997218835549,4455,FALSE
Pv2.1_01_6487806_G/A,Chr01,6487806,0.0314964755955001,4456,FALSE
Pv2.1_03_52541115_CT/C,Chr03,52541115,0.0314962876114024,4457,FALSE
Pv2.1_06_14106648_T/G,Chr06,14106648,0.0314954780103527,4458,FALSE
Pv2.1_03_53239207_T/C,Chr03,53239207,0.0314947569617319,4459,FALSE
Pv2.1_07_36083960_A/C,Chr07,36083960,0.0314922086115015,4460,FALSE
Pv2.1_03_41124954_C/G,Chr03,41124954,0.0314920275894508,4461,FALSE
Pv2.1_09_37076994_G/T,Chr09,37076994,0.0314903315701889,4462,FALSE
Pv2.1_07_1287851_G/GTAC,Chr07,1287851,0.0314872915015147,4463,FALSE
Pv2.1_03_33384221_C/T,Chr03,33384221,0.0314856453349095,4464,FALSE
Pv2.1_08_62280466_G/C,Chr08,62280466,0.0314851364891795,4465,FALSE
Pv2.1_08_61656772_G/A,Chr08,61656772,0.0314850064305166,4466,FALSE
Pv2.1_06_18115044_G/T,Chr06,18115044,0.0314837899418325,4467,FALSE
Pv2.1_06_18115048_A/T,Chr06,18115048,0.0314837899418325,4468,FALSE
Pv2.1_06_18115056_G/A,Chr06,18115056,0.0314837899418325,4469,FALSE
Pv2.1_02_1521472_T/A,Chr02,1521472,0.0314827201416152,4470,FALSE
Pv2.1_01_4901354_A/G,Chr01,4901354,0.0314804854218589,4471,FALSE
Pv2.1_03_49597875_A/C,Chr03,49597875,0.0314800395730863,4472,FALSE
Pv2.1_07_9355819_C/A,Chr07,9355819,0.0314791119753122,4473,FALSE
Pv2.1_04_47655120_G/C,Chr04,47655120,0.0314773638804953,4474,FALSE
Pv2.1_07_40010965_A/T,Chr07,40010965,0.0314734919395288,4475,FALSE
Pv2.1_07_39569881_C/T,Chr07,39569881,0.0314718798522997,4476,FALSE
Pv2.1_04_43641451_G/A,Chr04,43641451,0.0314692323844903,4477,FALSE
Pv2.1_11_1297520_G/A,Chr11,1297520,0.0314685738479716,4478,FALSE
Pv2.1_06_22634820_A/T,Chr06,22634820,0.0314671195531266,4479,FALSE
Pv2.1_08_61397404_GGAA/G,Chr08,61397404,0.031460012403655,4480,FALSE
Pv2.1_06_29498060_T/C,Chr06,29498060,0.031459368616054,4481,FALSE
Pv2.1_03_79548_T/A,Chr03,79548,0.0314582329760618,4482,FALSE
Pv2.1_04_11612316_C/T,Chr04,11612316,0.031457226104143,4483,FALSE
Pv2.1_04_45501113_A/G,Chr04,45501113,0.0314566291637863,4484,FALSE
Pv2.1_07_7076374_C/A,Chr07,7076374,0.0314541462098363,4485,FALSE
Pv2.1_08_927187_C/T,Chr08,927187,0.0314528886844663,4486,FALSE
Pv2.1_08_61639184_T/C,Chr08,61639184,0.0314522834341076,4487,FALSE
Pv2.1_08_61639189_G/A,Chr08,61639189,0.0314522834341076,4488,FALSE
Pv2.1_05_1705592_T/A,Chr05,1705592,0.0314491265610495,4489,FALSE
Pv2.1_07_1281469_C/G,Chr07,1281469,0.031448393746933,4490,FALSE
Pv2.1_11_1248579_G/A,Chr11,1248579,0.0314466954586621,4491,FALSE
Pv2.1_11_1248596_A/T,Chr11,1248596,0.0314466954586621,4492,FALSE
Pv2.1_08_5545427_C/G,Chr08,5545427,0.0314422298735417,4493,FALSE
Pv2.1_11_53295163_T/G,Chr11,53295163,0.0314392606574105,4494,FALSE
Pv2.1_06_15826658_T/C,Chr06,15826658,0.0314391819974476,4495,FALSE
Pv2.1_01_3723813_C/T,Chr01,3723813,0.0314368618340177,4496,FALSE
Pv2.1_01_1441989_T/A,Chr01,1441989,0.0314368427521705,4497,FALSE
Pv2.1_02_1521612_T/C,Chr02,1521612,0.0314316374052046,4498,FALSE
Pv2.1_02_26957519_A/T,Chr02,26957519,0.0314292755614432,4499,FALSE
Pv2.1_07_8718775_A/G,Chr07,8718775,0.0314259230416272,4500,FALSE
Pv2.1_11_52413193_C/T,Chr11,52413193,0.031420929956532,4501,FALSE
Pv2.1_06_12434702_C/T,Chr06,12434702,0.0314192354677068,4502,FALSE
Pv2.1_07_9684808_T/C,Chr07,9684808,0.0314083463504495,4503,FALSE
Pv2.1_07_28534189_T/TG,Chr07,28534189,0.0314070389187502,4504,FALSE
Pv2.1_02_19690112_G/T,Chr02,19690112,0.031403152106436,4505,FALSE
Pv2.1_06_21533042_A/C,Chr06,21533042,0.0313999670546421,4506,FALSE
Pv2.1_02_46663780_C/A,Chr02,46663780,0.0313988146787465,4507,FALSE
Pv2.1_01_48413968_C/A,Chr01,48413968,0.0313977169596309,4508,FALSE
Pv2.1_03_49784497_T/C,Chr03,49784497,0.0313957678694363,4509,FALSE
Pv2.1_04_12935207_G/A,Chr04,12935207,0.0313957203697535,4510,FALSE
Pv2.1_08_62869026_G/A,Chr08,62869026,0.0313949570198875,4511,FALSE
Pv2.1_01_4621002_G/T,Chr01,4621002,0.0313935701363932,4512,FALSE
Pv2.1_11_53419932_A/T,Chr11,53419932,0.0313929143948615,4513,FALSE
Pv2.1_04_46294501_C/A,Chr04,46294501,0.0313884583977146,4514,FALSE
Pv2.1_07_35327776_C/G,Chr07,35327776,0.0313876856341992,4515,FALSE
Pv2.1_11_468394_A/C,Chr11,468394,0.0313842074810902,4516,FALSE
Pv2.1_08_1108992_A/G,Chr08,1108992,0.0313768975789137,4517,FALSE
Pv2.1_10_1805688_A/G,Chr10,1805688,0.0313764094720366,4518,FALSE
Pv2.1_07_32137873_G/A,Chr07,32137873,0.0313719798348342,4519,FALSE
Pv2.1_04_455782_A/G,Chr04,455782,0.0313713039617181,4520,FALSE
Pv2.1_07_7043391_T/C,Chr07,7043391,0.0313701317666557,4521,FALSE
Pv2.1_11_2269649_A/G,Chr11,2269649,0.0313699819547355,4522,FALSE
Pv2.1_05_40817794_T/A,Chr05,40817794,0.0313664637886912,4523,FALSE
Pv2.1_11_943633_C/G,Chr11,943633,0.0313656527713948,4524,FALSE
Pv2.1_03_46149546_A/C,Chr03,46149546,0.0313626922163657,4525,FALSE
Pv2.1_01_35997897_G/A,Chr01,35997897,0.0313626791342063,4526,FALSE
Pv2.1_07_35999580_G/A,Chr07,35999580,0.0313619719351581,4527,FALSE
Pv2.1_07_35999584_G/A,Chr07,35999584,0.0313619719351581,4528,FALSE
Pv2.1_06_18830167_A/G,Chr06,18830167,0.0313527188863536,4529,FALSE
Pv2.1_02_959239_A/G,Chr02,959239,0.0313516769112594,4530,FALSE
Pv2.1_03_2457267_AT/A,Chr03,2457267,0.0313495780626054,4531,FALSE
Pv2.1_10_1805698_A/C,Chr10,1805698,0.0313480097812842,4532,FALSE
Pv2.1_07_4477994_A/C,Chr07,4477994,0.031347767280431,4533,FALSE
Pv2.1_06_18211318_G/A,Chr06,18211318,0.0313477453126381,4534,FALSE
Pv2.1_01_38725051_G/A,Chr01,38725051,0.0313470330277115,4535,FALSE
Pv2.1_01_6429837_G/A,Chr01,6429837,0.0313416586923871,4536,FALSE
Pv2.1_09_22620451_C/G,Chr09,22620451,0.0313413284023563,4537,FALSE
Pv2.1_10_40397773_C/T,Chr10,40397773,0.0313346534658239,4538,FALSE
Pv2.1_06_14944029_A/C,Chr06,14944029,0.0313332878901158,4539,FALSE
Pv2.1_11_52975465_T/G,Chr11,52975465,0.0313331410157978,4540,FALSE
Pv2.1_08_62212450_C/T,Chr08,62212450,0.0313308485865504,4541,FALSE
Pv2.1_11_967227_T/C,Chr11,967227,0.0313251277475626,4542,FALSE
Pv2.1_10_1064177_C/T,Chr10,1064177,0.0313184060277218,4543,FALSE
Pv2.1_11_2742934_A/C,Chr11,2742934,0.0313182576178126,4544,FALSE
Pv2.1_04_1588984_T/A,Chr04,1588984,0.031315984890445,4545,FALSE
Pv2.1_04_1982974_G/C,Chr04,1982974,0.031314486841501,4546,FALSE
Pv2.1_03_983901_T/C,Chr03,983901,0.0313141796536174,4547,FALSE
Pv2.1_06_14570226_A/G,Chr06,14570226,0.0313119757949334,4548,FALSE
Pv2.1_03_2580458_T/A,Chr03,2580458,0.0313091049222578,4549,FALSE
Pv2.1_03_52871721_C/A,Chr03,52871721,0.0313076847492764,4550,FALSE
Pv2.1_06_23986850_G/A,Chr06,23986850,0.0313067798788937,4551,FALSE
Pv2.1_07_9678778_A/G,Chr07,9678778,0.0313018989563423,4552,FALSE
Pv2.1_07_9678793_C/T,Chr07,9678793,0.0313018989563423,4553,FALSE
Pv2.1_10_4468474_A/T,Chr10,4468474,0.0313010722848097,4554,FALSE
Pv2.1_03_945209_A/AT,Chr03,945209,0.0312995737762911,4555,FALSE
Pv2.1_08_55265981_T/C,Chr08,55265981,0.0312893419398557,4556,FALSE
Pv2.1_06_29571876_C/T,Chr06,29571876,0.0312870386024535,4557,FALSE
Pv2.1_06_29571878_C/A,Chr06,29571878,0.0312870386024535,4558,FALSE
Pv2.1_03_912961_A/T,Chr03,912961,0.0312809870284276,4559,FALSE
Pv2.1_06_4566991_CA/C,Chr06,4566991,0.0312793745036704,4560,FALSE
Pv2.1_11_3169932_C/T,Chr11,3169932,0.0312791995723787,4561,FALSE
Pv2.1_02_48285635_T/G,Chr02,48285635,0.0312785091913077,4562,FALSE
Pv2.1_11_50576097_T/A,Chr11,50576097,0.0312753812741287,4563,FALSE
Pv2.1_11_50576116_G/C,Chr11,50576116,0.0312753812741287,4564,FALSE
Pv2.1_05_113450_G/T,Chr05,113450,0.0312705813337142,4565,FALSE
Pv2.1_03_51297744_T/C,Chr03,51297744,0.0312699325476875,4566,FALSE
Pv2.1_07_36967602_G/GA,Chr07,36967602,0.0312684954448108,4567,FALSE
Pv2.1_10_2775925_T/A,Chr10,2775925,0.031261758239769,4568,FALSE
Pv2.1_09_22362022_A/T,Chr09,22362022,0.0312575080459787,4569,FALSE
Pv2.1_06_26029158_C/T,Chr06,26029158,0.0312533853060386,4570,FALSE
Pv2.1_06_19561790_A/G,Chr06,19561790,0.0312518974707081,4571,FALSE
Pv2.1_04_4135608_T/C,Chr04,4135608,0.0312432909271849,4572,FALSE
Pv2.1_04_4135614_C/T,Chr04,4135614,0.0312432909271849,4573,FALSE
Pv2.1_08_9763634_A/G,Chr08,9763634,0.0312419996145086,4574,FALSE
Pv2.1_06_20959251_T/G,Chr06,20959251,0.0312418551239482,4575,FALSE
Pv2.1_07_32262364_C/A,Chr07,32262364,0.0312387041074169,4576,FALSE
Pv2.1_03_2580158_C/T,Chr03,2580158,0.0312383939481737,4577,FALSE
Pv2.1_06_6730289_C/T,Chr06,6730289,0.0312374501872048,4578,FALSE
Pv2.1_06_6730320_G/T,Chr06,6730320,0.0312374501872048,4579,FALSE
Pv2.1_03_2553782_C/T,Chr03,2553782,0.031236160420963,4580,FALSE
Pv2.1_03_12413093_C/T,Chr03,12413093,0.0312309662562242,4581,FALSE
Pv2.1_07_102763_G/A,Chr07,102763,0.0312306962799469,4582,FALSE
Pv2.1_07_102786_A/G,Chr07,102786,0.0312306962799469,4583,FALSE
Pv2.1_03_2809281_TC/T,Chr03,2809281,0.0312289036936368,4584,FALSE
Pv2.1_03_46646430_T/C,Chr03,46646430,0.0312263989243409,4585,FALSE
Pv2.1_11_2741759_G/A,Chr11,2741759,0.0312258107893699,4586,FALSE
Pv2.1_05_1387573_A/ATG,Chr05,1387573,0.0312208813438084,4587,FALSE
Pv2.1_08_59885646_G/A,Chr08,59885646,0.0312206508070916,4588,FALSE
Pv2.1_09_35015722_C/A,Chr09,35015722,0.0312166984681115,4589,FALSE
Pv2.1_07_10411392_G/A,Chr07,10411392,0.0312161954376369,4590,FALSE
Pv2.1_07_10411409_A/G,Chr07,10411409,0.0312161954376369,4591,FALSE
Pv2.1_10_41093417_G/A,Chr10,41093417,0.0312160343916039,4592,FALSE
Pv2.1_07_38218409_GATAT/G,Chr07,38218409,0.031215784135203,4593,FALSE
Pv2.1_02_39973332_A/G,Chr02,39973332,0.03121422954308,4594,FALSE
Pv2.1_07_7907767_C/T,Chr07,7907767,0.0312093876460455,4595,FALSE
Pv2.1_11_2905701_G/A,Chr11,2905701,0.031207447088383,4596,FALSE
Pv2.1_05_3670751_C/T,Chr05,3670751,0.0312007973240536,4597,FALSE
Pv2.1_05_3670758_A/T,Chr05,3670758,0.0312007973240536,4598,FALSE
Pv2.1_05_3755595_TA/T,Chr05,3755595,0.0311994012831813,4599,FALSE
Pv2.1_07_10245606_G/A,Chr07,10245606,0.0311958246648678,4600,FALSE
Pv2.1_03_32702363_T/A,Chr03,32702363,0.0311956471264652,4601,FALSE
Pv2.1_02_48755210_C/G,Chr02,48755210,0.0311934584225884,4602,FALSE
Pv2.1_05_37594239_A/C,Chr05,37594239,0.0311895770309598,4603,FALSE
Pv2.1_03_36439738_G/A,Chr03,36439738,0.0311895041253485,4604,FALSE
Pv2.1_08_6961839_C/G,Chr08,6961839,0.0311867557587937,4605,FALSE
Pv2.1_07_35633762_T/A,Chr07,35633762,0.031183309532171,4606,FALSE
Pv2.1_11_3044204_C/G,Chr11,3044204,0.0311828795383415,4607,FALSE
Pv2.1_07_26595583_G/A,Chr07,26595583,0.0311821165545951,4608,FALSE
Pv2.1_03_449806_C/T,Chr03,449806,0.0311808285932127,4609,FALSE
Pv2.1_06_29498057_A/G,Chr06,29498057,0.0311796942586633,4610,FALSE
Pv2.1_02_44546905_C/T,Chr02,44546905,0.0311748251406638,4611,FALSE
Pv2.1_07_34489877_T/C,Chr07,34489877,0.0311740795530291,4612,FALSE
Pv2.1_08_61361074_T/C,Chr08,61361074,0.0311739487269,4613,FALSE
Pv2.1_08_45585423_A/T,Chr08,45585423,0.03117276623788,4614,FALSE
Pv2.1_06_27995569_A/G,Chr06,27995569,0.0311716174967689,4615,FALSE
Pv2.1_03_1146510_C/A,Chr03,1146510,0.0311710075146765,4616,FALSE
Pv2.1_08_61728966_A/T,Chr08,61728966,0.031170729630972,4617,FALSE
Pv2.1_07_8457216_G/C,Chr07,8457216,0.031167168438738,4618,FALSE
Pv2.1_08_3575697_T/C,Chr08,3575697,0.0311634407762367,4619,FALSE
Pv2.1_08_8339068_T/C,Chr08,8339068,0.0311626291959204,4620,FALSE
Pv2.1_08_62953251_G/A,Chr08,62953251,0.0311545281432077,4621,FALSE
Pv2.1_01_4818952_T/C,Chr01,4818952,0.0311530978402237,4622,FALSE
Pv2.1_03_11733498_C/T,Chr03,11733498,0.0311527122655582,4623,FALSE
Pv2.1_05_11309148_GA/G,Chr05,11309148,0.031152575679295,4624,FALSE
Pv2.1_04_4135634_C/A,Chr04,4135634,0.0311490108330386,4625,FALSE
Pv2.1_06_28549799_C/G,Chr06,28549799,0.0311467260823655,4626,FALSE
Pv2.1_06_20210673_G/C,Chr06,20210673,0.0311467094736826,4627,FALSE
Pv2.1_07_8392674_G/C,Chr07,8392674,0.0311437391946683,4628,FALSE
Pv2.1_07_28343336_T/C,Chr07,28343336,0.0311410928596514,4629,FALSE
Pv2.1_11_43146477_C/T,Chr11,43146477,0.0311388517183375,4630,FALSE
Pv2.1_07_1312554_T/G,Chr07,1312554,0.0311365777335424,4631,FALSE
Pv2.1_07_1312569_G/C,Chr07,1312569,0.0311365777335424,4632,FALSE
Pv2.1_06_21423502_G/A,Chr06,21423502,0.0311354782597468,4633,FALSE
Pv2.1_07_815109_C/A,Chr07,815109,0.0311312227780167,4634,FALSE
Pv2.1_07_35752464_G/T,Chr07,35752464,0.0311242684085737,4635,FALSE
Pv2.1_07_7692511_CA/C,Chr07,7692511,0.0311074203230066,4636,FALSE
Pv2.1_11_35945949_A/T,Chr11,35945949,0.031102804794878,4637,FALSE
Pv2.1_11_35945994_C/G,Chr11,35945994,0.031102804794878,4638,FALSE
Pv2.1_11_3569262_G/C,Chr11,3569262,0.0310982906792141,4639,FALSE
Pv2.1_11_3569270_G/T,Chr11,3569270,0.0310982906792141,4640,FALSE
Pv2.1_05_37857643_A/G,Chr05,37857643,0.0310979657212713,4641,FALSE
Pv2.1_03_46454785_T/A,Chr03,46454785,0.0310900890362222,4642,FALSE
Pv2.1_08_11528577_A/G,Chr08,11528577,0.0310897188190511,4643,FALSE
Pv2.1_08_61525853_C/T,Chr08,61525853,0.0310882020423007,4644,FALSE
Pv2.1_08_3406987_C/T,Chr08,3406987,0.0310873801215887,4645,FALSE
Pv2.1_08_3407003_T/G,Chr08,3407003,0.0310873801215887,4646,FALSE
Pv2.1_02_48755216_T/A,Chr02,48755216,0.0310866797257749,4647,FALSE
Pv2.1_08_60316709_T/C,Chr08,60316709,0.0310852785922124,4648,FALSE
Pv2.1_06_21661924_T/G,Chr06,21661924,0.0310785318870597,4649,FALSE
Pv2.1_10_40377461_A/G,Chr10,40377461,0.0310773371040218,4650,FALSE
Pv2.1_07_77762_C/G,Chr07,77762,0.031074670755797,4651,FALSE
Pv2.1_07_9683044_A/T,Chr07,9683044,0.0310688049423393,4652,FALSE
Pv2.1_01_3198632_C/G,Chr01,3198632,0.0310625590567706,4653,FALSE
Pv2.1_10_11554952_C/A,Chr10,11554952,0.0310576507127003,4654,FALSE
Pv2.1_03_32236330_C/A,Chr03,32236330,0.031052214548311,4655,FALSE
Pv2.1_05_40739603_G/A,Chr05,40739603,0.031051877643042,4656,FALSE
Pv2.1_07_1491651_C/G,Chr07,1491651,0.0310511103896256,4657,FALSE
Pv2.1_08_14351353_G/A,Chr08,14351353,0.0310476165777631,4658,FALSE
Pv2.1_06_28226266_A/G,Chr06,28226266,0.0310430864756621,4659,FALSE
Pv2.1_05_3585806_G/A,Chr05,3585806,0.0310423552538688,4660,FALSE
Pv2.1_08_8044403_G/C,Chr08,8044403,0.031040605318676,4661,FALSE
Pv2.1_03_40906067_A/G,Chr03,40906067,0.0310391390353915,4662,FALSE
Pv2.1_01_507588_T/C,Chr01,507588,0.0310373398334614,4663,FALSE
Pv2.1_07_8521386_C/A,Chr07,8521386,0.0310357715030669,4664,FALSE
Pv2.1_03_9110000_C/G,Chr03,9110000,0.031033747411763,4665,FALSE
Pv2.1_08_38798524_A/C,Chr08,38798524,0.0310327832885724,4666,FALSE
Pv2.1_10_6400015_T/C,Chr10,6400015,0.0310322283651656,4667,FALSE
Pv2.1_03_6767587_T/A,Chr03,6767587,0.0310309762207024,4668,FALSE
Pv2.1_08_121133_G/A,Chr08,121133,0.0310289179813634,4669,FALSE
Pv2.1_02_40029752_G/T,Chr02,40029752,0.0310288673611612,4670,FALSE
Pv2.1_08_740594_T/C,Chr08,740594,0.0310254066986544,4671,FALSE
Pv2.1_11_25671072_A/C,Chr11,25671072,0.0310252691142208,4672,FALSE
Pv2.1_09_38123426_T/C,Chr09,38123426,0.0310234050798113,4673,FALSE
Pv2.1_09_20726742_C/T,Chr09,20726742,0.0310233154335919,4674,FALSE
Pv2.1_07_4323937_C/CTTG,Chr07,4323937,0.0310232486587889,4675,FALSE
Pv2.1_06_19500369_G/A,Chr06,19500369,0.031017943706857,4676,FALSE
Pv2.1_08_10164112_T/C,Chr08,10164112,0.0310167537216772,4677,FALSE
Pv2.1_10_8099574_C/T,Chr10,8099574,0.031015136107535,4678,FALSE
Pv2.1_08_1287712_T/C,Chr08,1287712,0.0310137428938853,4679,FALSE
Pv2.1_08_27115121_C/T,Chr08,27115121,0.0310132465627593,4680,FALSE
Pv2.1_08_59031133_G/T,Chr08,59031133,0.0310086995350791,4681,FALSE
Pv2.1_11_42824778_C/G,Chr11,42824778,0.0310082415106301,4682,FALSE
Pv2.1_11_2282156_C/A,Chr11,2282156,0.031003899039459,4683,FALSE
Pv2.1_11_2282171_C/G,Chr11,2282171,0.031003899039459,4684,FALSE
Pv2.1_09_37663231_A/G,Chr09,37663231,0.0310002980334851,4685,FALSE
Pv2.1_09_37663242_C/A,Chr09,37663242,0.0310002980334851,4686,FALSE
Pv2.1_11_3567956_T/C,Chr11,3567956,0.0309949356352255,4687,FALSE
Pv2.1_02_11977381_CAA/C,Chr02,11977381,0.0309936229097487,4688,FALSE
Pv2.1_11_45614693_A/G,Chr11,45614693,0.0309897919834867,4689,FALSE
Pv2.1_04_47171748_A/C,Chr04,47171748,0.0309886508048418,4690,FALSE
Pv2.1_01_13640425_A/G,Chr01,13640425,0.0309863804752193,4691,FALSE
Pv2.1_06_29177530_C/A,Chr06,29177530,0.0309843273520709,4692,FALSE
Pv2.1_07_39413119_C/CAGT,Chr07,39413119,0.030981310105517,4693,FALSE
Pv2.1_07_32262347_A/G,Chr07,32262347,0.030978302300062,4694,FALSE
Pv2.1_03_36476317_C/G,Chr03,36476317,0.0309774799635387,4695,FALSE
Pv2.1_08_199104_C/T,Chr08,199104,0.0309769098577499,4696,FALSE
Pv2.1_11_36028527_T/C,Chr11,36028527,0.0309735229631949,4697,FALSE
Pv2.1_02_33379187_G/C,Chr02,33379187,0.0309724693895408,4698,FALSE
Pv2.1_03_34469565_C/A,Chr03,34469565,0.0309706011590611,4699,FALSE
Pv2.1_08_62727866_G/T,Chr08,62727866,0.0309705482406728,4700,FALSE
Pv2.1_02_44880433_G/A,Chr02,44880433,0.0309705314992832,4701,FALSE
Pv2.1_08_1308142_G/A,Chr08,1308142,0.0309688123283087,4702,FALSE
Pv2.1_11_670771_A/G,Chr11,670771,0.0309669582622205,4703,FALSE
Pv2.1_03_757795_G/A,Chr03,757795,0.030966639481492,4704,FALSE
Pv2.1_03_52882941_A/T,Chr03,52882941,0.0309650035136753,4705,FALSE
Pv2.1_02_25437954_A/G,Chr02,25437954,0.0309647067647894,4706,FALSE
Pv2.1_03_40715299_C/T,Chr03,40715299,0.0309633250297958,4707,FALSE
Pv2.1_06_14106628_G/C,Chr06,14106628,0.0309592032531558,4708,FALSE
Pv2.1_04_46727477_C/G,Chr04,46727477,0.0309535473906322,4709,FALSE
Pv2.1_08_8156504_A/G,Chr08,8156504,0.0309514096634009,4710,FALSE
Pv2.1_07_34547095_C/A,Chr07,34547095,0.0309404037201846,4711,FALSE
Pv2.1_07_8220573_A/G,Chr07,8220573,0.0309356940083236,4712,FALSE
Pv2.1_03_49707345_G/C,Chr03,49707345,0.0309335860971043,4713,FALSE
Pv2.1_03_2541127_A/C,Chr03,2541127,0.0309311554930427,4714,FALSE
Pv2.1_06_22640109_C/T,Chr06,22640109,0.030930017060097,4715,FALSE
Pv2.1_07_8744285_G/A,Chr07,8744285,0.0309291772594982,4716,FALSE
Pv2.1_05_37923469_A/T,Chr05,37923469,0.0309267493412739,4717,FALSE
Pv2.1_02_48692527_C/G,Chr02,48692527,0.0309262768448892,4718,FALSE
Pv2.1_01_2808805_T/G,Chr01,2808805,0.0309244830245747,4719,FALSE
Pv2.1_07_4755486_G/A,Chr07,4755486,0.0309232671158499,4720,FALSE
Pv2.1_04_3932557_A/T,Chr04,3932557,0.030921283425549,4721,FALSE
Pv2.1_05_39317665_A/C,Chr05,39317665,0.0309198359502192,4722,FALSE
Pv2.1_03_1153933_A/AT,Chr03,1153933,0.0309165370691025,4723,FALSE
Pv2.1_09_36912302_A/T,Chr09,36912302,0.0309144367708787,4724,FALSE
Pv2.1_08_1795073_T/A,Chr08,1795073,0.0309037258688258,4725,FALSE
Pv2.1_08_1795078_A/T,Chr08,1795078,0.0309037258688258,4726,FALSE
Pv2.1_08_1795095_C/T,Chr08,1795095,0.0309037258688258,4727,FALSE
Pv2.1_01_992793_A/G,Chr01,992793,0.0309031978911021,4728,FALSE
Pv2.1_10_31373406_G/A,Chr10,31373406,0.0308990148386807,4729,FALSE
Pv2.1_11_732025_G/A,Chr11,732025,0.0308958990171804,4730,FALSE
Pv2.1_09_37679730_A/T,Chr09,37679730,0.0308956820193651,4731,FALSE
Pv2.1_07_9624952_C/G,Chr07,9624952,0.0308935733396876,4732,FALSE
Pv2.1_11_52317952_G/T,Chr11,52317952,0.0308913556824426,4733,FALSE
Pv2.1_11_16894892_G/A,Chr11,16894892,0.0308899502943452,4734,FALSE
Pv2.1_11_3044175_C/T,Chr11,3044175,0.0308867795714503,4735,FALSE
Pv2.1_04_46975156_A/T,Chr04,46975156,0.0308860258762009,4736,FALSE
Pv2.1_08_62753903_A/T,Chr08,62753903,0.03088332202999,4737,FALSE
Pv2.1_05_420165_T/A,Chr05,420165,0.0308817050278236,4738,FALSE
Pv2.1_06_20400872_T/G,Chr06,20400872,0.0308767138532655,4739,FALSE
Pv2.1_08_1545125_T/A,Chr08,1545125,0.0308753977997496,4740,FALSE
Pv2.1_08_10164081_A/G,Chr08,10164081,0.0308744470618336,4741,FALSE
Pv2.1_10_4627862_T/G,Chr10,4627862,0.0308743782712941,4742,FALSE
Pv2.1_07_36771224_T/A,Chr07,36771224,0.0308671925503075,4743,FALSE
Pv2.1_02_40032600_T/C,Chr02,40032600,0.0308641252117976,4744,FALSE
Pv2.1_09_22376369_T/A,Chr09,22376369,0.030863839378291,4745,FALSE
Pv2.1_08_52971901_G/T,Chr08,52971901,0.0308638391298017,4746,FALSE
Pv2.1_08_43861921_A/G,Chr08,43861921,0.0308603017664795,4747,FALSE
Pv2.1_07_9261288_A/G,Chr07,9261288,0.0308565591436487,4748,FALSE
Pv2.1_07_38407953_A/G,Chr07,38407953,0.0308563839941205,4749,FALSE
Pv2.1_07_38407974_A/G,Chr07,38407974,0.0308563839941205,4750,FALSE
Pv2.1_07_38407984_G/C,Chr07,38407984,0.0308563839941205,4751,FALSE
Pv2.1_02_25525713_T/C,Chr02,25525713,0.0308557600660859,4752,FALSE
Pv2.1_10_43299750_A/G,Chr10,43299750,0.0308547252673601,4753,FALSE
Pv2.1_06_25327578_A/T,Chr06,25327578,0.0308528570515065,4754,FALSE
Pv2.1_01_499112_G/T,Chr01,499112,0.030852194930282,4755,FALSE
Pv2.1_01_3797668_C/T,Chr01,3797668,0.0308490212220938,4756,FALSE
Pv2.1_11_3213736_A/T,Chr11,3213736,0.0308479972163727,4757,FALSE
Pv2.1_01_2283892_G/A,Chr01,2283892,0.0308473524583706,4758,FALSE
Pv2.1_08_59645_A/T,Chr08,59645,0.0308425984660614,4759,FALSE
Pv2.1_05_39323299_A/C,Chr05,39323299,0.0308385419664874,4760,FALSE
Pv2.1_07_8776072_C/T,Chr07,8776072,0.0308360265600203,4761,FALSE
Pv2.1_08_9419261_C/T,Chr08,9419261,0.0308356601277748,4762,FALSE
Pv2.1_01_51074463_G/A,Chr01,51074463,0.0308331249830802,4763,FALSE
Pv2.1_01_1108831_G/GGATT,Chr01,1108831,0.0308290784418284,4764,FALSE
Pv2.1_05_749194_A/G,Chr05,749194,0.0308288066947022,4765,FALSE
Pv2.1_01_1218151_T/C,Chr01,1218151,0.030823801652069,4766,FALSE
Pv2.1_04_1564659_C/T,Chr04,1564659,0.030821107768082,4767,FALSE
Pv2.1_07_5637927_A/T,Chr07,5637927,0.0308185538690666,4768,FALSE
Pv2.1_07_1287837_G/A,Chr07,1287837,0.0308134073666109,4769,FALSE
Pv2.1_06_27886210_T/G,Chr06,27886210,0.030802036092267,4770,FALSE
Pv2.1_08_8954922_T/C,Chr08,8954922,0.0308013458940604,4771,FALSE
Pv2.1_10_41985483_A/G,Chr10,41985483,0.0307993133884659,4772,FALSE
Pv2.1_03_7115769_T/C,Chr03,7115769,0.030797978814991,4773,FALSE
Pv2.1_11_3951041_AC/A,Chr11,3951041,0.0307974012001861,4774,FALSE
Pv2.1_08_30558401_G/A,Chr08,30558401,0.0307951729436615,4775,FALSE
Pv2.1_08_5420507_A/C,Chr08,5420507,0.0307886259452004,4776,FALSE
Pv2.1_02_25542798_A/C,Chr02,25542798,0.0307884983041649,4777,FALSE
Pv2.1_07_8220695_G/A,Chr07,8220695,0.0307874936461059,4778,FALSE
Pv2.1_07_8220725_G/A,Chr07,8220725,0.0307874936461059,4779,FALSE
Pv2.1_08_41073652_T/C,Chr08,41073652,0.0307847663586056,4780,FALSE
Pv2.1_08_16323977_A/G,Chr08,16323977,0.0307819154785687,4781,FALSE
Pv2.1_06_20529443_G/C,Chr06,20529443,0.0307768813347677,4782,FALSE
Pv2.1_06_5598071_G/T,Chr06,5598071,0.0307747662195976,4783,FALSE
Pv2.1_06_5598072_A/T,Chr06,5598072,0.0307747662195976,4784,FALSE
Pv2.1_09_36804866_A/C,Chr09,36804866,0.0307691989424521,4785,FALSE
Pv2.1_11_51790268_A/G,Chr11,51790268,0.0307651520808205,4786,FALSE
Pv2.1_08_60362244_C/A,Chr08,60362244,0.0307620550322358,4787,FALSE
Pv2.1_05_112799_T/C,Chr05,112799,0.0307615725380126,4788,FALSE
Pv2.1_03_13606792_G/GGGGGTC,Chr03,13606792,0.0307593824709023,4789,FALSE
Pv2.1_03_555076_C/T,Chr03,555076,0.0307569652080577,4790,FALSE
Pv2.1_07_9346327_G/A,Chr07,9346327,0.0307569136395087,4791,FALSE
Pv2.1_08_113116_C/G,Chr08,113116,0.0307564390618333,4792,FALSE
Pv2.1_11_53562128_C/G,Chr11,53562128,0.030756076925198,4793,FALSE
Pv2.1_08_1184823_G/T,Chr08,1184823,0.0307540914510502,4794,FALSE
Pv2.1_05_40032831_A/T,Chr05,40032831,0.0307465350329821,4795,FALSE
Pv2.1_07_3359118_A/G,Chr07,3359118,0.0307442877905113,4796,FALSE
Pv2.1_11_41980868_A/G,Chr11,41980868,0.03074309912527,4797,FALSE
Pv2.1_11_2269987_C/T,Chr11,2269987,0.030741944666834,4798,FALSE
Pv2.1_02_30436238_G/A,Chr02,30436238,0.0307405494996327,4799,FALSE
Pv2.1_08_60779897_C/A,Chr08,60779897,0.0307321812418575,4800,FALSE
Pv2.1_10_532351_CTGAGCA/C,Chr10,532351,0.0307293539370894,4801,FALSE
Pv2.1_05_38934573_A/G,Chr05,38934573,0.030728912496012,4802,FALSE
Pv2.1_08_61889706_A/G,Chr08,61889706,0.0307279858201737,4803,FALSE
Pv2.1_03_2579990_T/G,Chr03,2579990,0.0307271206438768,4804,FALSE
Pv2.1_04_46214672_G/A,Chr04,46214672,0.0307255665097799,4805,FALSE
Pv2.1_10_6806942_G/T,Chr10,6806942,0.0307254534908044,4806,FALSE
Pv2.1_02_35455274_G/C,Chr02,35455274,0.0307250817123217,4807,FALSE
Pv2.1_02_1562263_G/A,Chr02,1562263,0.0307221360932797,4808,FALSE
Pv2.1_06_14106834_G/A,Chr06,14106834,0.0307203065190556,4809,FALSE
Pv2.1_02_12667037_C/T,Chr02,12667037,0.0307201288746883,4810,FALSE
Pv2.1_06_29177400_A/G,Chr06,29177400,0.0307181499787879,4811,FALSE
Pv2.1_06_15779272_T/C,Chr06,15779272,0.0307128186924719,4812,FALSE
Pv2.1_07_7835221_T/G,Chr07,7835221,0.030711600571169,4813,FALSE
Pv2.1_07_163158_A/C,Chr07,163158,0.030710263779782,4814,FALSE
Pv2.1_08_62753697_A/G,Chr08,62753697,0.0307077186905747,4815,FALSE
Pv2.1_08_62753735_G/T,Chr08,62753735,0.0307077186905747,4816,FALSE
Pv2.1_03_40764864_A/T,Chr03,40764864,0.030706031238029,4817,FALSE
Pv2.1_07_217454_C/G,Chr07,217454,0.0307057065776442,4818,FALSE
Pv2.1_09_37603616_A/C,Chr09,37603616,0.0307034686390568,4819,FALSE
Pv2.1_09_37603620_G/A,Chr09,37603620,0.0307034686390568,4820,FALSE
Pv2.1_09_37603631_A/T,Chr09,37603631,0.0307034686390568,4821,FALSE
Pv2.1_10_29766207_A/G,Chr10,29766207,0.0306861924073747,4822,FALSE
Pv2.1_10_29766207_A/T,Chr10,29766207,0.0306861924073747,4823,FALSE
Pv2.1_08_61885706_C/T,Chr08,61885706,0.030685976157879,4824,FALSE
Pv2.1_01_6094475_T/C,Chr01,6094475,0.0306787213799868,4825,FALSE
Pv2.1_07_32658494_T/C,Chr07,32658494,0.0306779015507175,4826,FALSE
Pv2.1_08_2905097_T/A,Chr08,2905097,0.0306759412229733,4827,FALSE
Pv2.1_08_20680381_G/A,Chr08,20680381,0.0306743422234548,4828,FALSE
Pv2.1_10_3834396_T/A,Chr10,3834396,0.0306730905584085,4829,FALSE
Pv2.1_08_1239637_T/A,Chr08,1239637,0.0306710802123105,4830,FALSE
Pv2.1_05_3463525_CAA/C,Chr05,3463525,0.0306682759298909,4831,FALSE
Pv2.1_06_24064891_G/A,Chr06,24064891,0.0306676543793505,4832,FALSE
Pv2.1_11_51028094_C/T,Chr11,51028094,0.0306654108496489,4833,FALSE
Pv2.1_07_184258_A/T,Chr07,184258,0.0306637966484518,4834,FALSE
Pv2.1_07_8882194_A/G,Chr07,8882194,0.0306606635156386,4835,FALSE
Pv2.1_02_25542880_C/A,Chr02,25542880,0.030649701118179,4836,FALSE
Pv2.1_02_44880283_T/G,Chr02,44880283,0.0306464741019519,4837,FALSE
Pv2.1_11_1519523_T/A,Chr11,1519523,0.0306464111268401,4838,FALSE
Pv2.1_03_52871666_G/A,Chr03,52871666,0.030645588597995,4839,FALSE
Pv2.1_11_50569982_T/G,Chr11,50569982,0.030640873589761,4840,FALSE
Pv2.1_11_34990772_C/T,Chr11,34990772,0.0306404916577234,4841,FALSE
Pv2.1_08_59879026_G/T,Chr08,59879026,0.0306399710139016,4842,FALSE
Pv2.1_05_1961428_C/A,Chr05,1961428,0.0306373882998434,4843,FALSE
Pv2.1_05_40739625_G/C,Chr05,40739625,0.0306368302097968,4844,FALSE
Pv2.1_05_3754319_T/A,Chr05,3754319,0.0306327737568695,4845,FALSE
Pv2.1_11_1555431_A/G,Chr11,1555431,0.030632376111305,4846,FALSE
Pv2.1_11_2810540_C/G,Chr11,2810540,0.0306285229291352,4847,FALSE
Pv2.1_02_39814232_C/T,Chr02,39814232,0.030622400936172,4848,FALSE
Pv2.1_03_12212793_C/T,Chr03,12212793,0.0306221823786612,4849,FALSE
Pv2.1_02_35757493_T/G,Chr02,35757493,0.0306215113372219,4850,FALSE
Pv2.1_03_52938066_A/G,Chr03,52938066,0.0306185592652239,4851,FALSE
Pv2.1_08_3611939_T/A,Chr08,3611939,0.0306182066895913,4852,FALSE
Pv2.1_11_2687191_C/T,Chr11,2687191,0.0306163809445597,4853,FALSE
Pv2.1_10_42216049_G/A,Chr10,42216049,0.0306160335466172,4854,FALSE
Pv2.1_06_12434697_G/A,Chr06,12434697,0.0306137333525092,4855,FALSE
Pv2.1_08_225246_G/A,Chr08,225246,0.0305993645946834,4856,FALSE
Pv2.1_11_51908842_T/C,Chr11,51908842,0.0305976903669438,4857,FALSE
Pv2.1_07_6763333_T/C,Chr07,6763333,0.0305962503647175,4858,FALSE
Pv2.1_03_36395453_C/G,Chr03,36395453,0.0305870520343134,4859,FALSE
Pv2.1_04_3968000_G/A,Chr04,3968000,0.0305850181731917,4860,FALSE
Pv2.1_10_2131345_A/G,Chr10,2131345,0.0305845845333987,4861,FALSE
Pv2.1_07_38207868_G/A,Chr07,38207868,0.0305830476122231,4862,FALSE
Pv2.1_09_35935516_T/G,Chr09,35935516,0.0305821162527193,4863,FALSE
Pv2.1_01_2981869_AG/A,Chr01,2981869,0.0305800582260423,4864,FALSE
Pv2.1_10_4873302_C/G,Chr10,4873302,0.0305786071968841,4865,FALSE
Pv2.1_08_53057939_A/C,Chr08,53057939,0.0305701036746391,4866,FALSE
Pv2.1_04_14521515_G/C,Chr04,14521515,0.0305542582300591,4867,FALSE
Pv2.1_10_42429580_G/A,Chr10,42429580,0.0305518602910579,4868,FALSE
Pv2.1_11_526893_C/G,Chr11,526893,0.0305403298667888,4869,FALSE
Pv2.1_07_35524321_T/C,Chr07,35524321,0.0305319443070733,4870,FALSE
Pv2.1_01_2547899_AT/A,Chr01,2547899,0.0305317062747479,4871,FALSE
Pv2.1_08_61725379_T/C,Chr08,61725379,0.0305311186371382,4872,FALSE
Pv2.1_08_61671483_C/T,Chr08,61671483,0.0305306687926605,4873,FALSE
Pv2.1_09_22410932_CT/C,Chr09,22410932,0.0305304612568751,4874,FALSE
Pv2.1_08_62662634_C/CTCA,Chr08,62662634,0.0305296504171206,4875,FALSE
Pv2.1_09_7675752_G/A,Chr09,7675752,0.0305278607477555,4876,FALSE
Pv2.1_04_4342353_T/C,Chr04,4342353,0.03052628085522,4877,FALSE
Pv2.1_01_3163894_G/A,Chr01,3163894,0.0305212808194892,4878,FALSE
Pv2.1_07_4089233_T/A,Chr07,4089233,0.0305162948057101,4879,FALSE
Pv2.1_02_26398721_G/A,Chr02,26398721,0.0305158280524078,4880,FALSE
Pv2.1_07_9682954_C/T,Chr07,9682954,0.0305138548021144,4881,FALSE
Pv2.1_07_7517921_T/A,Chr07,7517921,0.0305122580922022,4882,FALSE
Pv2.1_06_13849715_A/T,Chr06,13849715,0.0305113746869399,4883,FALSE
Pv2.1_07_6816890_G/A,Chr07,6816890,0.0305102750460016,4884,FALSE
Pv2.1_11_1872187_AC/TCA,Chr11,1872187,0.0305090643835659,4885,FALSE
Pv2.1_04_43637434_C/T,Chr04,43637434,0.0305087964146042,4886,FALSE
Pv2.1_03_39817327_A/AT,Chr03,39817327,0.0305063383965636,4887,FALSE
Pv2.1_01_4999810_G/A,Chr01,4999810,0.0305041442718723,4888,FALSE
Pv2.1_02_39932009_G/A,Chr02,39932009,0.0305027167358802,4889,FALSE
Pv2.1_08_60362810_A/G,Chr08,60362810,0.0305013668660172,4890,FALSE
Pv2.1_08_12647774_T/C,Chr08,12647774,0.0305000176916925,4891,FALSE
Pv2.1_05_120684_G/A,Chr05,120684,0.0304974777445968,4892,FALSE
Pv2.1_11_44467513_T/C,Chr11,44467513,0.0304954633099115,4893,FALSE
Pv2.1_02_44922057_T/C,Chr02,44922057,0.0304949337342797,4894,FALSE
Pv2.1_10_4469675_GTC/G,Chr10,4469675,0.0304905399204509,4895,FALSE
Pv2.1_02_26791801_A/T,Chr02,26791801,0.0304857511154837,4896,FALSE
Pv2.1_02_44880373_T/C,Chr02,44880373,0.0304845691571036,4897,FALSE
Pv2.1_08_4551549_G/C,Chr08,4551549,0.0304837202117718,4898,FALSE
Pv2.1_05_748768_C/T,Chr05,748768,0.03048192905554,4899,FALSE
Pv2.1_07_8553071_T/C,Chr07,8553071,0.030481702170654,4900,FALSE
Pv2.1_08_60480034_G/T,Chr08,60480034,0.0304804585468439,4901,FALSE
Pv2.1_07_37942203_T/G,Chr07,37942203,0.0304796661088687,4902,FALSE
Pv2.1_03_49131328_G/A,Chr03,49131328,0.030475956010549,4903,FALSE
Pv2.1_07_7073551_A/C,Chr07,7073551,0.0304754663567643,4904,FALSE
Pv2.1_02_2367198_G/A,Chr02,2367198,0.0304733997311799,4905,FALSE
Pv2.1_02_2950397_G/A,Chr02,2950397,0.0304733755421851,4906,FALSE
Pv2.1_09_36110821_A/C,Chr09,36110821,0.030470449367038,4907,FALSE
Pv2.1_07_7874158_C/T,Chr07,7874158,0.0304636971266534,4908,FALSE
Pv2.1_07_7874198_C/T,Chr07,7874198,0.0304636971266534,4909,FALSE
Pv2.1_06_24195880_G/C,Chr06,24195880,0.0304600033894178,4910,FALSE
Pv2.1_07_24934_T/A,Chr07,24934,0.0304507183446621,4911,FALSE
Pv2.1_04_1286336_C/T,Chr04,1286336,0.0304501082759345,4912,FALSE
Pv2.1_10_40280173_A/T,Chr10,40280173,0.030449796551268,4913,FALSE
Pv2.1_10_42753062_G/C,Chr10,42753062,0.0304482581079908,4914,FALSE
Pv2.1_05_40760898_G/A,Chr05,40760898,0.0304478562909418,4915,FALSE
Pv2.1_06_22085546_C/T,Chr06,22085546,0.0304436759252695,4916,FALSE
Pv2.1_04_46933966_A/G,Chr04,46933966,0.0304429841428284,4917,FALSE
Pv2.1_05_38386093_C/T,Chr05,38386093,0.0304408984615803,4918,FALSE
Pv2.1_08_804506_TCA/T,Chr08,804506,0.030439511475989,4919,FALSE
Pv2.1_02_46668560_C/T,Chr02,46668560,0.0304382506668972,4920,FALSE
Pv2.1_03_2553914_C/T,Chr03,2553914,0.0304317204108155,4921,FALSE
Pv2.1_03_36534875_C/T,Chr03,36534875,0.0304270962780464,4922,FALSE
Pv2.1_06_19589964_A/T,Chr06,19589964,0.0304198296835461,4923,FALSE
Pv2.1_08_33000013_C/T,Chr08,33000013,0.0304188891286121,4924,FALSE
Pv2.1_07_36037265_AC/A,Chr07,36037265,0.0304083627937231,4925,FALSE
Pv2.1_10_2997868_A/G,Chr10,2997868,0.0304064216541922,4926,FALSE
Pv2.1_08_58417846_G/A,Chr08,58417846,0.0304052418074043,4927,FALSE
Pv2.1_03_53314225_TTTTG/T,Chr03,53314225,0.0304051292682015,4928,FALSE
Pv2.1_03_53314229_G/T,Chr03,53314229,0.0304051292682015,4929,FALSE
Pv2.1_08_61240365_C/A,Chr08,61240365,0.0304039563498204,4930,FALSE
Pv2.1_03_77712_T/A,Chr03,77712,0.0303999522658436,4931,FALSE
Pv2.1_10_2181655_C/T,Chr10,2181655,0.0303986709720769,4932,FALSE
Pv2.1_08_55799809_A/T,Chr08,55799809,0.0303939144257499,4933,FALSE
Pv2.1_11_17420118_C/T,Chr11,17420118,0.0303911995283701,4934,FALSE
Pv2.1_06_21823102_A/G,Chr06,21823102,0.0303883998508656,4935,FALSE
Pv2.1_10_4086557_A/G,Chr10,4086557,0.0303855807047917,4936,FALSE
Pv2.1_10_4086559_C/G,Chr10,4086559,0.0303855807047917,4937,FALSE
Pv2.1_10_4086560_T/C,Chr10,4086560,0.0303855807047917,4938,FALSE
Pv2.1_08_62525852_G/A,Chr08,62525852,0.0303853352016796,4939,FALSE
Pv2.1_11_50397904_A/T,Chr11,50397904,0.030382365204717,4940,FALSE
Pv2.1_08_31134610_T/G,Chr08,31134610,0.0303806774280417,4941,FALSE
Pv2.1_06_29506631_C/G,Chr06,29506631,0.0303772104004025,4942,FALSE
Pv2.1_08_3086176_T/A,Chr08,3086176,0.0303771472706273,4943,FALSE
Pv2.1_11_47321504_T/C,Chr11,47321504,0.0303753287302362,4944,FALSE
Pv2.1_11_47185843_T/C,Chr11,47185843,0.0303722199362997,4945,FALSE
Pv2.1_03_2580021_G/C,Chr03,2580021,0.0303713890125867,4946,FALSE
Pv2.1_08_1234711_C/T,Chr08,1234711,0.0303695401173911,4947,FALSE
Pv2.1_09_25244907_A/T,Chr09,25244907,0.030368968963201,4948,FALSE
Pv2.1_06_22428260_G/T,Chr06,22428260,0.0303669727582867,4949,FALSE
Pv2.1_04_45475458_G/A,Chr04,45475458,0.0303644037308506,4950,FALSE
Pv2.1_02_30608506_C/T,Chr02,30608506,0.0303625091276825,4951,FALSE
Pv2.1_07_38565726_A/G,Chr07,38565726,0.0303619797980343,4952,FALSE
Pv2.1_03_40458162_A/C,Chr03,40458162,0.0303567337487607,4953,FALSE
Pv2.1_08_60363011_A/G,Chr08,60363011,0.0303542532694303,4954,FALSE
Pv2.1_08_640209_G/A,Chr08,640209,0.030354025727787,4955,FALSE
Pv2.1_07_35056625_C/T,Chr07,35056625,0.030351484247559,4956,FALSE
Pv2.1_08_32480921_C/G,Chr08,32480921,0.0303501655941831,4957,FALSE
Pv2.1_02_41172606_C/CAT,Chr02,41172606,0.0303485208379386,4958,FALSE
Pv2.1_07_10391225_A/T,Chr07,10391225,0.0303428153371748,4959,FALSE
Pv2.1_10_1698898_A/T,Chr10,1698898,0.0303418149831023,4960,FALSE
Pv2.1_05_5174471_A/C,Chr05,5174471,0.0303378240847567,4961,FALSE
Pv2.1_08_62201450_C/T,Chr08,62201450,0.030333018994583,4962,FALSE
Pv2.1_06_23233332_C/G,Chr06,23233332,0.0303306299680801,4963,FALSE
Pv2.1_02_12521347_G/A,Chr02,12521347,0.0303297584078845,4964,FALSE
Pv2.1_09_36711687_TAAAAAT/ATAAATA,Chr09,36711687,0.0303295566974544,4965,FALSE
Pv2.1_09_22408274_G/C,Chr09,22408274,0.0303225370518132,4966,FALSE
Pv2.1_11_50483558_TA/T,Chr11,50483558,0.0303201840537195,4967,FALSE
Pv2.1_11_1248601_A/T,Chr11,1248601,0.0303122688304911,4968,FALSE
Pv2.1_08_62838571_C/T,Chr08,62838571,0.0303119443727482,4969,FALSE
Pv2.1_02_12667945_A/T,Chr02,12667945,0.0303112831448251,4970,FALSE
Pv2.1_11_51790215_G/C,Chr11,51790215,0.0303104474858422,4971,FALSE
Pv2.1_02_17750879_T/C,Chr02,17750879,0.0303013753554144,4972,FALSE
Pv2.1_07_10905729_A/T,Chr07,10905729,0.0303011344449335,4973,FALSE
Pv2.1_07_184198_C/T,Chr07,184198,0.0302994400901548,4974,FALSE
Pv2.1_02_2101008_C/G,Chr02,2101008,0.0302961434106304,4975,FALSE
Pv2.1_08_62864044_T/A,Chr08,62864044,0.030295935929801,4976,FALSE
Pv2.1_04_45663352_C/T,Chr04,45663352,0.0302934266986923,4977,FALSE
Pv2.1_10_5671228_C/T,Chr10,5671228,0.0302918021541361,4978,FALSE
Pv2.1_07_8311302_A/G,Chr07,8311302,0.0302915551604053,4979,FALSE
Pv2.1_07_8311304_G/C,Chr07,8311304,0.0302915551604053,4980,FALSE
Pv2.1_08_13483516_G/A,Chr08,13483516,0.030289095271502,4981,FALSE
Pv2.1_08_30563104_A/G,Chr08,30563104,0.030288951161745,4982,FALSE
Pv2.1_03_33385429_G/GC,Chr03,33385429,0.0302855768573012,4983,FALSE
Pv2.1_06_24164830_T/C,Chr06,24164830,0.0302853446363596,4984,FALSE
Pv2.1_07_454491_C/G,Chr07,454491,0.0302849236510281,4985,FALSE
Pv2.1_02_44880352_C/T,Chr02,44880352,0.0302845393345712,4986,FALSE
Pv2.1_11_32432886_T/C,Chr11,32432886,0.0302833946501933,4987,FALSE
Pv2.1_09_36710398_A/C,Chr09,36710398,0.0302789117705879,4988,FALSE
Pv2.1_11_51522650_G/A,Chr11,51522650,0.0302747736604299,4989,FALSE
Pv2.1_04_46498040_A/G,Chr04,46498040,0.0302739253757047,4990,FALSE
Pv2.1_06_28242582_T/A,Chr06,28242582,0.0302731839255683,4991,FALSE
Pv2.1_06_28078985_A/G,Chr06,28078985,0.0302730935143041,4992,FALSE
Pv2.1_08_62936074_G/A,Chr08,62936074,0.030272582183934,4993,FALSE
Pv2.1_05_2710692_G/T,Chr05,2710692,0.0302722780456799,4994,FALSE
Pv2.1_09_35419692_T/A,Chr09,35419692,0.0302717481607111,4995,FALSE
Pv2.1_07_35982069_G/T,Chr07,35982069,0.0302710597398308,4996,FALSE
Pv2.1_05_7534131_C/T,Chr05,7534131,0.0302705482510874,4997,FALSE
Pv2.1_07_33275351_G/T,Chr07,33275351,0.0302678935726926,4998,FALSE
Pv2.1_07_21348294_C/G,Chr07,21348294,0.0302636780800927,4999,FALSE
Pv2.1_07_39801825_G/A,Chr07,39801825,0.0302629803875925,5000,FALSE
Pv2.1_02_34895269_C/T,Chr02,34895269,0.0302628554204354,5001,FALSE
Pv2.1_07_32694993_C/G,Chr07,32694993,0.0302613903415652,5002,FALSE
Pv2.1_11_3515650_A/G,Chr11,3515650,0.0302594575715029,5003,FALSE
Pv2.1_11_29581313_A/G,Chr11,29581313,0.0302587594270243,5004,FALSE
Pv2.1_11_1581563_A/C,Chr11,1581563,0.030258711170851,5005,FALSE
Pv2.1_10_3050708_T/C,Chr10,3050708,0.0302566989377322,5006,FALSE
Pv2.1_11_53507063_T/C,Chr11,53507063,0.0302552849766573,5007,FALSE
Pv2.1_11_2715045_C/T,Chr11,2715045,0.0302524001869622,5008,FALSE
Pv2.1_07_4201607_C/A,Chr07,4201607,0.0302492856676095,5009,FALSE
Pv2.1_08_56268545_T/C,Chr08,56268545,0.0302485079374426,5010,FALSE
Pv2.1_06_14330342_GA/G,Chr06,14330342,0.0302420309990001,5011,FALSE
Pv2.1_06_22450330_A/G,Chr06,22450330,0.0302418570464913,5012,FALSE
Pv2.1_11_50239923_C/A,Chr11,50239923,0.0302326610010901,5013,FALSE
Pv2.1_04_42163119_G/A,Chr04,42163119,0.0302325663811596,5014,FALSE
Pv2.1_08_1034079_G/A,Chr08,1034079,0.0302320557329483,5015,FALSE
Pv2.1_02_35475477_T/A,Chr02,35475477,0.0302303873050578,5016,FALSE
Pv2.1_04_46477844_T/C,Chr04,46477844,0.0302188236351992,5017,FALSE
Pv2.1_04_46477874_A/T,Chr04,46477874,0.0302188236351992,5018,FALSE
Pv2.1_04_46477914_A/G,Chr04,46477914,0.0302188236351992,5019,FALSE
Pv2.1_07_9181399_A/G,Chr07,9181399,0.0302164135066421,5020,FALSE
Pv2.1_07_33548470_A/T,Chr07,33548470,0.0302155127299164,5021,FALSE
Pv2.1_02_40132771_CT/C,Chr02,40132771,0.0302090409441576,5022,FALSE
Pv2.1_11_48373478_A/G,Chr11,48373478,0.0302078315936587,5023,FALSE
Pv2.1_04_45465388_T/C,Chr04,45465388,0.0302049435471052,5024,FALSE
Pv2.1_08_1465732_AT/A,Chr08,1465732,0.0302039245439993,5025,FALSE
Pv2.1_06_21403686_G/C,Chr06,21403686,0.0302034665795792,5026,FALSE
Pv2.1_11_52844760_A/G,Chr11,52844760,0.0302019471703487,5027,FALSE
Pv2.1_09_14446570_C/T,Chr09,14446570,0.0302014751135919,5028,FALSE
Pv2.1_11_50090488_G/T,Chr11,50090488,0.0301982613785192,5029,FALSE
Pv2.1_11_1381898_C/T,Chr11,1381898,0.0301967311292199,5030,FALSE
Pv2.1_11_1381952_C/T,Chr11,1381952,0.0301967311292199,5031,FALSE
Pv2.1_06_13861514_T/C,Chr06,13861514,0.0301961289178938,5032,FALSE
Pv2.1_08_62082620_G/A,Chr08,62082620,0.0301950495835523,5033,FALSE
Pv2.1_07_38080651_A/G,Chr07,38080651,0.0301938302817208,5034,FALSE
Pv2.1_08_4032168_G/C,Chr08,4032168,0.0301907445389027,5035,FALSE
Pv2.1_07_4292373_C/A,Chr07,4292373,0.0301887434612045,5036,FALSE
Pv2.1_07_195160_C/T,Chr07,195160,0.0301865843694964,5037,FALSE
Pv2.1_07_7671753_A/T,Chr07,7671753,0.0301859742674608,5038,FALSE
Pv2.1_07_7671795_T/A,Chr07,7671795,0.0301859742674608,5039,FALSE
Pv2.1_10_41875922_G/A,Chr10,41875922,0.0301804102133749,5040,FALSE
Pv2.1_06_30927857_A/G,Chr06,30927857,0.0301800408650057,5041,FALSE
Pv2.1_04_44825791_C/T,Chr04,44825791,0.0301759078519077,5042,FALSE
Pv2.1_06_3340697_C/T,Chr06,3340697,0.0301748336910022,5043,FALSE
Pv2.1_09_36698316_A/G,Chr09,36698316,0.0301741292343936,5044,FALSE
Pv2.1_04_11421461_C/T,Chr04,11421461,0.0301674185647882,5045,FALSE
Pv2.1_01_44927288_ATT/A,Chr01,44927288,0.030165993925984,5046,FALSE
Pv2.1_06_22388408_T/C,Chr06,22388408,0.030165549131167,5047,FALSE
Pv2.1_02_35757509_C/G,Chr02,35757509,0.0301646636407282,5048,FALSE
Pv2.1_04_22011675_G/T,Chr04,22011675,0.0301568181989689,5049,FALSE
Pv2.1_07_36965281_G/A,Chr07,36965281,0.0301563316228051,5050,FALSE
Pv2.1_07_9309955_A/T,Chr07,9309955,0.0301552454010743,5051,FALSE
Pv2.1_11_32102925_A/C,Chr11,32102925,0.0301530221860031,5052,FALSE
Pv2.1_05_1991610_A/T,Chr05,1991610,0.0301496944864885,5053,FALSE
Pv2.1_09_35043592_A/T,Chr09,35043592,0.0301378712224332,5054,FALSE
Pv2.1_07_9346601_G/T,Chr07,9346601,0.0301342763383579,5055,FALSE
Pv2.1_06_28226194_C/G,Chr06,28226194,0.030133782024774,5056,FALSE
Pv2.1_06_28226219_A/C,Chr06,28226219,0.030133782024774,5057,FALSE
Pv2.1_06_20030760_T/A,Chr06,20030760,0.0301308476172726,5058,FALSE
Pv2.1_06_18210954_A/G,Chr06,18210954,0.0301306045092082,5059,FALSE
Pv2.1_09_29132506_A/G,Chr09,29132506,0.0301255551703621,5060,FALSE
Pv2.1_04_11936385_G/C,Chr04,11936385,0.0301212448985142,5061,FALSE
Pv2.1_07_8396951_A/G,Chr07,8396951,0.0301161965669547,5062,FALSE
Pv2.1_05_9638634_G/T,Chr05,9638634,0.0301132921714831,5063,FALSE
Pv2.1_02_48290482_T/A,Chr02,48290482,0.0301110349924456,5064,FALSE
Pv2.1_06_25140178_C/A,Chr06,25140178,0.0301051058162631,5065,FALSE
Pv2.1_07_1881204_C/T,Chr07,1881204,0.0300926552618579,5066,FALSE
Pv2.1_08_43079733_G/A,Chr08,43079733,0.0300909970933714,5067,FALSE
Pv2.1_06_29571909_A/G,Chr06,29571909,0.0300887774020735,5068,FALSE
Pv2.1_06_17585830_A/G,Chr06,17585830,0.0300743962575365,5069,FALSE
Pv2.1_05_1897457_C/T,Chr05,1897457,0.0300646157456521,5070,FALSE
Pv2.1_04_44730769_C/T,Chr04,44730769,0.0300641308227418,5071,FALSE
Pv2.1_07_39361100_C/G,Chr07,39361100,0.0300566852108268,5072,FALSE
Pv2.1_08_61388515_A/G,Chr08,61388515,0.0300555513494847,5073,FALSE
Pv2.1_08_61897240_A/T,Chr08,61897240,0.0300539638595057,5074,FALSE
Pv2.1_08_62956292_C/G,Chr08,62956292,0.0300521856615581,5075,FALSE
Pv2.1_08_62956295_A/G,Chr08,62956295,0.0300521856615581,5076,FALSE
Pv2.1_08_62956296_C/T,Chr08,62956296,0.0300521856615581,5077,FALSE
Pv2.1_10_42550535_C/T,Chr10,42550535,0.0300516606427395,5078,FALSE
Pv2.1_10_42550577_A/G,Chr10,42550577,0.0300516606427395,5079,FALSE
Pv2.1_07_38178671_C/G,Chr07,38178671,0.0300510669518266,5080,FALSE
Pv2.1_07_206133_T/C,Chr07,206133,0.0300467032498895,5081,FALSE
Pv2.1_02_47601073_G/A,Chr02,47601073,0.0300434565367396,5082,FALSE
Pv2.1_06_12262125_C/T,Chr06,12262125,0.0300420032127486,5083,FALSE
Pv2.1_07_8715264_T/A,Chr07,8715264,0.0300392273703207,5084,FALSE
Pv2.1_07_180141_A/C,Chr07,180141,0.0300354549162813,5085,FALSE
Pv2.1_07_36731936_G/T,Chr07,36731936,0.0300354095745106,5086,FALSE
Pv2.1_04_100983_A/T,Chr04,100983,0.0300306603816618,5087,FALSE
Pv2.1_11_32787_C/T,Chr11,32787,0.0300289660670416,5088,FALSE
Pv2.1_05_39317632_C/G,Chr05,39317632,0.0300285331601149,5089,FALSE
Pv2.1_05_39721317_T/C,Chr05,39721317,0.0300274235111422,5090,FALSE
Pv2.1_03_52773398_A/G,Chr03,52773398,0.0300271244785142,5091,FALSE
Pv2.1_11_2774402_C/T,Chr11,2774402,0.0300236879862181,5092,FALSE
Pv2.1_11_35945932_A/G,Chr11,35945932,0.0300227335537464,5093,FALSE
Pv2.1_05_39564087_T/C,Chr05,39564087,0.0300225881329856,5094,FALSE
Pv2.1_08_391162_G/A,Chr08,391162,0.0300224115976659,5095,FALSE
Pv2.1_03_49163641_A/G,Chr03,49163641,0.0300206335343511,5096,FALSE
Pv2.1_01_1105083_G/A,Chr01,1105083,0.030019446302596,5097,FALSE
Pv2.1_01_1105106_G/A,Chr01,1105106,0.030019446302596,5098,FALSE
Pv2.1_07_7835686_T/C,Chr07,7835686,0.0300167423391549,5099,FALSE
Pv2.1_07_39886207_A/G,Chr07,39886207,0.0300161811042798,5100,FALSE
Pv2.1_07_39886221_A/C,Chr07,39886221,0.0300161811042798,5101,FALSE
Pv2.1_10_32118671_C/T,Chr10,32118671,0.0300149442889448,5102,FALSE
Pv2.1_09_38187618_G/C,Chr09,38187618,0.0300119667534515,5103,FALSE
Pv2.1_07_21769222_C/T,Chr07,21769222,0.030007056007137,5104,FALSE
Pv2.1_02_26070581_A/G,Chr02,26070581,0.0300066722030001,5105,FALSE
Pv2.1_08_61639059_C/T,Chr08,61639059,0.0300043967360466,5106,FALSE
Pv2.1_11_49883474_G/A,Chr11,49883474,0.0300018156376494,5107,FALSE
Pv2.1_06_25327615_T/G,Chr06,25327615,0.0299998873273131,5108,FALSE
Pv2.1_11_1662086_A/T,Chr11,1662086,0.0299984004568055,5109,FALSE
Pv2.1_04_2356775_A/G,Chr04,2356775,0.0299954473209945,5110,FALSE
Pv2.1_07_189760_C/A,Chr07,189760,0.0299865597882212,5111,FALSE
Pv2.1_05_40035138_T/G,Chr05,40035138,0.0299865497881497,5112,FALSE
Pv2.1_07_563368_C/T,Chr07,563368,0.0299864983907088,5113,FALSE
Pv2.1_08_848952_A/T,Chr08,848952,0.0299850448229764,5114,FALSE
Pv2.1_03_36700500_G/A,Chr03,36700500,0.0299843172076382,5115,FALSE
Pv2.1_04_45509404_G/T,Chr04,45509404,0.0299819682761258,5116,FALSE
Pv2.1_02_7673750_A/G,Chr02,7673750,0.0299753049563831,5117,FALSE
Pv2.1_03_186235_A/T,Chr03,186235,0.0299697033369015,5118,FALSE
Pv2.1_07_32262358_A/G,Chr07,32262358,0.0299665430413603,5119,FALSE
Pv2.1_11_3251088_A/T,Chr11,3251088,0.0299660880559722,5120,FALSE
Pv2.1_04_46313738_T/C,Chr04,46313738,0.0299634225294776,5121,FALSE
Pv2.1_11_1072756_A/G,Chr11,1072756,0.0299617640200016,5122,FALSE
Pv2.1_11_52611050_T/C,Chr11,52611050,0.0299615377966549,5123,FALSE
Pv2.1_11_35622189_C/T,Chr11,35622189,0.0299604054283154,5124,FALSE
Pv2.1_08_59056085_G/A,Chr08,59056085,0.0299599259286261,5125,FALSE
Pv2.1_06_20797802_T/C,Chr06,20797802,0.0299589277901253,5126,FALSE
Pv2.1_06_4566963_G/A,Chr06,4566963,0.0299575196284945,5127,FALSE
Pv2.1_08_438294_C/G,Chr08,438294,0.0299557560984076,5128,FALSE
Pv2.1_08_10296219_C/G,Chr08,10296219,0.0299542097237948,5129,FALSE
Pv2.1_07_38986900_G/A,Chr07,38986900,0.0299516841978198,5130,FALSE
Pv2.1_03_2490178_C/A,Chr03,2490178,0.029945094257827,5131,FALSE
Pv2.1_03_51082_A/C,Chr03,51082,0.029944149096587,5132,FALSE
Pv2.1_02_2436468_G/A,Chr02,2436468,0.0299376622277618,5133,FALSE
Pv2.1_10_295145_A/T,Chr10,295145,0.0299306835787885,5134,FALSE
Pv2.1_01_51062842_A/T,Chr01,51062842,0.02993020737203,5135,FALSE
Pv2.1_01_51062851_A/G,Chr01,51062851,0.02993020737203,5136,FALSE
Pv2.1_01_4818783_T/C,Chr01,4818783,0.0299297363272313,5137,FALSE
Pv2.1_07_33616200_C/A,Chr07,33616200,0.0299289116041019,5138,FALSE
Pv2.1_08_49964_C/T,Chr08,49964,0.029922662843378,5139,FALSE
Pv2.1_04_5499018_T/C,Chr04,5499018,0.0299140215689322,5140,FALSE
Pv2.1_05_2734489_C/T,Chr05,2734489,0.0299137143661485,5141,FALSE
Pv2.1_02_41539672_A/G,Chr02,41539672,0.0299121738180741,5142,FALSE
Pv2.1_09_36412888_T/C,Chr09,36412888,0.0299115991992438,5143,FALSE
Pv2.1_03_37349204_T/C,Chr03,37349204,0.0299112176691314,5144,FALSE
Pv2.1_04_45663274_C/T,Chr04,45663274,0.0299061591573016,5145,FALSE
Pv2.1_06_24824243_A/T,Chr06,24824243,0.0299042361528716,5146,FALSE
Pv2.1_08_62662586_G/A,Chr08,62662586,0.0299031892581496,5147,FALSE
Pv2.1_08_62895194_C/T,Chr08,62895194,0.0299017164568141,5148,FALSE
Pv2.1_04_7398575_A/G,Chr04,7398575,0.0298992594782948,5149,FALSE
Pv2.1_10_5916932_C/T,Chr10,5916932,0.0298989859439853,5150,FALSE
Pv2.1_01_227201_A/G,Chr01,227201,0.0298987163220579,5151,FALSE
Pv2.1_04_27744616_G/A,Chr04,27744616,0.0298958280651034,5152,FALSE
Pv2.1_11_50710116_G/T,Chr11,50710116,0.0298958081867959,5153,FALSE
Pv2.1_07_8521368_T/A,Chr07,8521368,0.0298935506555669,5154,FALSE
Pv2.1_06_17348970_C/CT,Chr06,17348970,0.0298852882805125,5155,FALSE
Pv2.1_11_1654268_A/T,Chr11,1654268,0.0298845916009496,5156,FALSE
Pv2.1_08_11669767_G/A,Chr08,11669767,0.0298682501634131,5157,FALSE
Pv2.1_07_37475122_G/A,Chr07,37475122,0.0298671587168764,5158,FALSE
Pv2.1_10_333894_T/C,Chr10,333894,0.0298585376745955,5159,FALSE
Pv2.1_03_41124942_A/C,Chr03,41124942,0.0298578728320962,5160,FALSE
Pv2.1_03_37170461_T/G,Chr03,37170461,0.0298515390401106,5161,FALSE
Pv2.1_07_36731802_TGCTC/T,Chr07,36731802,0.0298496352413684,5162,FALSE
Pv2.1_02_22754020_G/A,Chr02,22754020,0.029846628272141,5163,FALSE
Pv2.1_07_4116674_G/T,Chr07,4116674,0.0298451124730246,5164,FALSE
Pv2.1_07_4174867_A/C,Chr07,4174867,0.0298390854572581,5165,FALSE
Pv2.1_08_10921730_C/T,Chr08,10921730,0.0298362111643855,5166,FALSE
Pv2.1_11_2258890_G/A,Chr11,2258890,0.0298343077006766,5167,FALSE
Pv2.1_11_53267269_GTGT/G,Chr11,53267269,0.0298331451672915,5168,FALSE
Pv2.1_06_19617150_C/T,Chr06,19617150,0.0298325244426243,5169,FALSE
Pv2.1_10_42186103_T/C,Chr10,42186103,0.0298318325733464,5170,FALSE
Pv2.1_07_6697825_A/G,Chr07,6697825,0.029830522593143,5171,FALSE
Pv2.1_06_27715327_G/A,Chr06,27715327,0.0298293345042628,5172,FALSE
Pv2.1_06_17606283_A/T,Chr06,17606283,0.0298281387417112,5173,FALSE
Pv2.1_02_48692537_C/T,Chr02,48692537,0.0298247055448728,5174,FALSE
Pv2.1_07_12739786_G/A,Chr07,12739786,0.0298222488891922,5175,FALSE
Pv2.1_03_2580011_G/C,Chr03,2580011,0.029821151932834,5176,FALSE
Pv2.1_08_1044466_C/T,Chr08,1044466,0.0298175487081589,5177,FALSE
Pv2.1_08_848295_G/A,Chr08,848295,0.0298175487081589,5178,FALSE
Pv2.1_06_20084850_G/A,Chr06,20084850,0.0298163144681118,5179,FALSE
Pv2.1_08_13886112_C/A,Chr08,13886112,0.0298136799256961,5180,FALSE
Pv2.1_05_120835_G/A,Chr05,120835,0.0298095519790893,5181,FALSE
Pv2.1_02_30410344_T/G,Chr02,30410344,0.0298069894213189,5182,FALSE
Pv2.1_01_43071701_T/A,Chr01,43071701,0.0298067806725135,5183,FALSE
Pv2.1_07_1601526_C/T,Chr07,1601526,0.0298004883857783,5184,FALSE
Pv2.1_11_1851798_T/G,Chr11,1851798,0.0297974492289725,5185,FALSE
Pv2.1_08_8764100_A/G,Chr08,8764100,0.0297906652574587,5186,FALSE
Pv2.1_08_60480156_A/T,Chr08,60480156,0.0297902321230281,5187,FALSE
Pv2.1_05_40598703_C/G,Chr05,40598703,0.0297875845435627,5188,FALSE
Pv2.1_06_18191243_G/A,Chr06,18191243,0.0297871256128661,5189,FALSE
Pv2.1_08_61525742_C/T,Chr08,61525742,0.0297759233843342,5190,FALSE
Pv2.1_07_21113633_T/C,Chr07,21113633,0.0297737150843815,5191,FALSE
Pv2.1_07_1501130_TG/T,Chr07,1501130,0.0297724719992245,5192,FALSE
Pv2.1_08_60199642_A/G,Chr08,60199642,0.0297709502072516,5193,FALSE
Pv2.1_08_62939708_C/T,Chr08,62939708,0.0297692389064173,5194,FALSE
Pv2.1_07_32673643_T/A,Chr07,32673643,0.0297662762668836,5195,FALSE
Pv2.1_04_45088492_G/A,Chr04,45088492,0.0297652648366582,5196,FALSE
Pv2.1_10_41669337_A/G,Chr10,41669337,0.0297637437523637,5197,FALSE
Pv2.1_02_46670296_AT/A,Chr02,46670296,0.029759356909473,5198,FALSE
Pv2.1_05_10675762_T/C,Chr05,10675762,0.0297534944345417,5199,FALSE
Pv2.1_01_51095934_A/T,Chr01,51095934,0.029751480432215,5200,FALSE
Pv2.1_08_6229269_C/G,Chr08,6229269,0.0297514009958646,5201,FALSE
Pv2.1_02_43058401_C/A,Chr02,43058401,0.0297485212199353,5202,FALSE
Pv2.1_08_8650968_A/G,Chr08,8650968,0.0297416040268446,5203,FALSE
Pv2.1_03_16928890_T/C,Chr03,16928890,0.0297410958202242,5204,FALSE
Pv2.1_07_8385906_T/A,Chr07,8385906,0.0297349790830039,5205,FALSE
Pv2.1_02_26791776_A/C,Chr02,26791776,0.0297346912456615,5206,FALSE
Pv2.1_09_22620821_G/A,Chr09,22620821,0.0297335689664995,5207,FALSE
Pv2.1_03_2490186_G/T,Chr03,2490186,0.0297334727089664,5208,FALSE
Pv2.1_09_36843776_C/A,Chr09,36843776,0.0297292710943102,5209,FALSE
Pv2.1_01_105986_A/T,Chr01,105986,0.0297277318989453,5210,FALSE
Pv2.1_09_37752756_T/G,Chr09,37752756,0.0297259228917266,5211,FALSE
Pv2.1_11_2713443_G/A,Chr11,2713443,0.0297235523030639,5212,FALSE
Pv2.1_09_22585783_A/T,Chr09,22585783,0.029723461636904,5213,FALSE
Pv2.1_03_9713612_T/A,Chr03,9713612,0.0297231970528866,5214,FALSE
Pv2.1_06_22799592_C/T,Chr06,22799592,0.029722546658725,5215,FALSE
Pv2.1_10_42836762_T/G,Chr10,42836762,0.0297180274339754,5216,FALSE
Pv2.1_07_19380447_G/A,Chr07,19380447,0.0297123232806906,5217,FALSE
Pv2.1_10_44025768_C/T,Chr10,44025768,0.0297088899851339,5218,FALSE
Pv2.1_07_7835747_T/G,Chr07,7835747,0.0297041241136693,5219,FALSE
Pv2.1_07_7835748_C/T,Chr07,7835748,0.0297041241136693,5220,FALSE
Pv2.1_01_39353381_C/G,Chr01,39353381,0.0297022831098794,5221,FALSE
Pv2.1_08_42101540_A/C,Chr08,42101540,0.0297016043680971,5222,FALSE
Pv2.1_02_1562308_G/A,Chr02,1562308,0.0297006204905075,5223,FALSE
Pv2.1_02_1562312_G/C,Chr02,1562312,0.0297006204905075,5224,FALSE
Pv2.1_02_11302413_G/A,Chr02,11302413,0.029697149657665,5225,FALSE
Pv2.1_11_3661715_A/G,Chr11,3661715,0.029696710003241,5226,FALSE
Pv2.1_11_3534986_T/A,Chr11,3534986,0.0296958303393802,5227,FALSE
Pv2.1_11_3535022_G/A,Chr11,3535022,0.0296958303393802,5228,FALSE
Pv2.1_11_49176609_C/T,Chr11,49176609,0.0296902947440199,5229,FALSE
Pv2.1_08_62327720_G/A,Chr08,62327720,0.0296891552683487,5230,FALSE
Pv2.1_08_206477_C/T,Chr08,206477,0.0296865851565968,5231,FALSE
Pv2.1_11_45925347_G/T,Chr11,45925347,0.0296833089725674,5232,FALSE
Pv2.1_07_21127349_T/C,Chr07,21127349,0.0296828412674963,5233,FALSE
Pv2.1_11_53551921_T/C,Chr11,53551921,0.0296788696131465,5234,FALSE
Pv2.1_07_9592148_G/A,Chr07,9592148,0.0296768673058372,5235,FALSE
Pv2.1_07_9592149_A/G,Chr07,9592149,0.0296768673058372,5236,FALSE
Pv2.1_07_9592152_C/T,Chr07,9592152,0.0296768673058372,5237,FALSE
Pv2.1_07_37259064_A/G,Chr07,37259064,0.0296714680954375,5238,FALSE
Pv2.1_06_20332340_C/A,Chr06,20332340,0.0296692542747339,5239,FALSE
Pv2.1_10_30949470_G/C,Chr10,30949470,0.0296668473975315,5240,FALSE
Pv2.1_08_62939567_A/G,Chr08,62939567,0.0296656938217601,5241,FALSE
Pv2.1_07_35914751_T/A,Chr07,35914751,0.0296629468707441,5242,FALSE
Pv2.1_07_35914760_A/G,Chr07,35914760,0.0296629468707441,5243,FALSE
Pv2.1_03_51125098_C/A,Chr03,51125098,0.0296626076339779,5244,FALSE
Pv2.1_05_2155250_G/C,Chr05,2155250,0.0296574509663872,5245,FALSE
Pv2.1_08_60778919_C/G,Chr08,60778919,0.0296557624228253,5246,FALSE
Pv2.1_05_3670778_C/T,Chr05,3670778,0.0296542680498462,5247,FALSE
Pv2.1_03_49162962_C/A,Chr03,49162962,0.029653283469445,5248,FALSE
Pv2.1_07_6732475_G/A,Chr07,6732475,0.0296526322200035,5249,FALSE
Pv2.1_08_28370798_A/G,Chr08,28370798,0.0296514333969702,5250,FALSE
Pv2.1_10_1698919_C/T,Chr10,1698919,0.0296493981225989,5251,FALSE
Pv2.1_02_30842323_T/A,Chr02,30842323,0.0296435650126208,5252,FALSE
Pv2.1_09_20907648_C/T,Chr09,20907648,0.0296433904754725,5253,FALSE
Pv2.1_03_53067297_A/T,Chr03,53067297,0.0296404607958216,5254,FALSE
Pv2.1_08_28379877_G/A,Chr08,28379877,0.0296377592090114,5255,FALSE
Pv2.1_04_47497798_G/A,Chr04,47497798,0.0296375849576211,5256,FALSE
Pv2.1_02_39973230_G/A,Chr02,39973230,0.0296348539844669,5257,FALSE
Pv2.1_01_2283925_A/T,Chr01,2283925,0.0296337230949924,5258,FALSE
Pv2.1_03_11250924_A/G,Chr03,11250924,0.0296299136405969,5259,FALSE
Pv2.1_03_11250929_C/G,Chr03,11250929,0.0296299136405969,5260,FALSE
Pv2.1_03_11250930_C/G,Chr03,11250930,0.0296299136405969,5261,FALSE
Pv2.1_07_37941160_C/A,Chr07,37941160,0.029628638967762,5262,FALSE
Pv2.1_07_37941187_A/G,Chr07,37941187,0.029628638967762,5263,FALSE
Pv2.1_04_45663366_T/C,Chr04,45663366,0.0296252347052768,5264,FALSE
Pv2.1_05_39551803_T/G,Chr05,39551803,0.0296250193257581,5265,FALSE
Pv2.1_02_46670197_T/A,Chr02,46670197,0.029620050751221,5266,FALSE
Pv2.1_07_9690162_G/A,Chr07,9690162,0.0296183941093711,5267,FALSE
Pv2.1_05_3670797_G/T,Chr05,3670797,0.0296163467235555,5268,FALSE
Pv2.1_07_28378245_AG/A,Chr07,28378245,0.0296161165008328,5269,FALSE
Pv2.1_02_10021143_C/T,Chr02,10021143,0.0296123014321172,5270,FALSE
Pv2.1_09_22620311_G/T,Chr09,22620311,0.0296121565090099,5271,FALSE
Pv2.1_10_43396859_G/C,Chr10,43396859,0.0296089006259717,5272,FALSE
Pv2.1_08_6861510_G/A,Chr08,6861510,0.0296082546255922,5273,FALSE
Pv2.1_11_1248669_A/C,Chr11,1248669,0.0296077070034695,5274,FALSE
Pv2.1_11_1248671_G/A,Chr11,1248671,0.0296077070034695,5275,FALSE
Pv2.1_01_4852790_T/TA,Chr01,4852790,0.0296064662550704,5276,FALSE
Pv2.1_02_2953230_G/C,Chr02,2953230,0.0296022067804609,5277,FALSE
Pv2.1_02_39969900_C/A,Chr02,39969900,0.0296019837472672,5278,FALSE
Pv2.1_07_39413112_T/C,Chr07,39413112,0.0295990172614946,5279,FALSE
Pv2.1_08_530938_A/T,Chr08,530938,0.0295983733717069,5280,FALSE
Pv2.1_09_22410521_T/A,Chr09,22410521,0.0295969970322587,5281,FALSE
Pv2.1_09_36028485_C/G,Chr09,36028485,0.0295947945700319,5282,FALSE
Pv2.1_05_2710788_A/T,Chr05,2710788,0.0295909749061383,5283,FALSE
Pv2.1_08_4551529_C/A,Chr08,4551529,0.0295901075299931,5284,FALSE
Pv2.1_11_2774419_A/T,Chr11,2774419,0.0295896814596413,5285,FALSE
Pv2.1_02_48763312_T/C,Chr02,48763312,0.0295890477826641,5286,FALSE
Pv2.1_02_2189843_C/A,Chr02,2189843,0.0295881205636643,5287,FALSE
Pv2.1_06_29506709_G/T,Chr06,29506709,0.0295879593625168,5288,FALSE
Pv2.1_11_3251154_A/T,Chr11,3251154,0.0295861767598438,5289,FALSE
Pv2.1_08_484735_C/T,Chr08,484735,0.0295812741188062,5290,FALSE
Pv2.1_09_37099903_G/C,Chr09,37099903,0.0295811870239588,5291,FALSE
Pv2.1_11_45292722_TG/T,Chr11,45292722,0.0295807006730113,5292,FALSE
Pv2.1_06_27547638_AT/A,Chr06,27547638,0.0295741019584272,5293,FALSE
Pv2.1_11_38370604_A/G,Chr11,38370604,0.0295709426375654,5294,FALSE
Pv2.1_01_5001305_AG/A,Chr01,5001305,0.0295709121114349,5295,FALSE
Pv2.1_10_42791961_T/C,Chr10,42791961,0.0295701311896561,5296,FALSE
Pv2.1_03_9184247_C/T,Chr03,9184247,0.0295696592082959,5297,FALSE
Pv2.1_06_19323737_G/A,Chr06,19323737,0.0295616123945091,5298,FALSE
Pv2.1_08_773306_T/C,Chr08,773306,0.0295544409518724,5299,FALSE
Pv2.1_08_773315_T/C,Chr08,773315,0.0295544409518724,5300,FALSE
Pv2.1_08_773336_A/G,Chr08,773336,0.0295544409518724,5301,FALSE
Pv2.1_04_46100256_C/A,Chr04,46100256,0.0295508162971458,5302,FALSE
Pv2.1_02_2444779_A/T,Chr02,2444779,0.0295495140966104,5303,FALSE
Pv2.1_08_47350110_C/A,Chr08,47350110,0.0295481765101124,5304,FALSE
Pv2.1_10_42550827_T/C,Chr10,42550827,0.0295471368238545,5305,FALSE
Pv2.1_06_17331576_G/C,Chr06,17331576,0.0295466688141506,5306,FALSE
Pv2.1_01_2550500_T/TTTTG,Chr01,2550500,0.0295457441405196,5307,FALSE
Pv2.1_11_25194559_A/AG,Chr11,25194559,0.0295452396617275,5308,FALSE
Pv2.1_01_51172342_T/A,Chr01,51172342,0.0295450311800178,5309,FALSE
Pv2.1_04_5418661_G/T,Chr04,5418661,0.0295394569347502,5310,FALSE
Pv2.1_04_5499027_T/A,Chr04,5499027,0.0295359383354001,5311,FALSE
Pv2.1_04_46910342_G/T,Chr04,46910342,0.0295314685154189,5312,FALSE
Pv2.1_07_4818929_A/C,Chr07,4818929,0.0295228043503446,5313,FALSE
Pv2.1_10_1805677_T/C,Chr10,1805677,0.0295222919934717,5314,FALSE
Pv2.1_06_1414495_A/G,Chr06,1414495,0.0295203578838779,5315,FALSE
Pv2.1_10_41674631_T/A,Chr10,41674631,0.0295172544694138,5316,FALSE
Pv2.1_08_882262_A/G,Chr08,882262,0.0295165263002204,5317,FALSE
Pv2.1_06_8938592_G/A,Chr06,8938592,0.0295122054950236,5318,FALSE
Pv2.1_03_48007296_CAGA/C,Chr03,48007296,0.029506494076311,5319,FALSE
Pv2.1_11_30441034_A/C,Chr11,30441034,0.0295032910663569,5320,FALSE
Pv2.1_05_1745847_T/G,Chr05,1745847,0.0294996538056269,5321,FALSE
Pv2.1_05_1745857_G/C,Chr05,1745857,0.0294996538056269,5322,FALSE
Pv2.1_07_37261237_C/A,Chr07,37261237,0.0294992854370446,5323,FALSE
Pv2.1_07_37261265_T/G,Chr07,37261265,0.0294992854370446,5324,FALSE
Pv2.1_07_39360899_A/G,Chr07,39360899,0.0294982154073629,5325,FALSE
Pv2.1_05_1969723_A/T,Chr05,1969723,0.0294977361598572,5326,FALSE
Pv2.1_08_29986004_G/C,Chr08,29986004,0.0294976234974182,5327,FALSE
Pv2.1_06_24149179_G/A,Chr06,24149179,0.0294926546845509,5328,FALSE
Pv2.1_03_40356597_A/G,Chr03,40356597,0.0294923825864637,5329,FALSE
Pv2.1_01_655831_G/A,Chr01,655831,0.0294899505166435,5330,FALSE
Pv2.1_07_7837173_C/T,Chr07,7837173,0.0294861897702501,5331,FALSE
Pv2.1_03_46074945_C/A,Chr03,46074945,0.0294855838673342,5332,FALSE
Pv2.1_07_9950797_C/T,Chr07,9950797,0.0294850037721255,5333,FALSE
Pv2.1_07_32759078_G/A,Chr07,32759078,0.0294836711718101,5334,FALSE
Pv2.1_11_1604540_G/A,Chr11,1604540,0.0294836624509105,5335,FALSE
Pv2.1_07_32735847_C/T,Chr07,32735847,0.0294836429957535,5336,FALSE
Pv2.1_06_6730309_C/A,Chr06,6730309,0.0294835163134817,5337,FALSE
Pv2.1_06_14421791_C/T,Chr06,14421791,0.0294816032718637,5338,FALSE
Pv2.1_08_4551092_T/G,Chr08,4551092,0.0294808197671892,5339,FALSE
Pv2.1_09_37603653_T/A,Chr09,37603653,0.0294806335506403,5340,FALSE
Pv2.1_02_35455732_C/CAAAT,Chr02,35455732,0.0294740128789597,5341,FALSE
Pv2.1_08_62838551_T/G,Chr08,62838551,0.0294735396348798,5342,FALSE
Pv2.1_08_62838552_G/A,Chr08,62838552,0.0294735396348798,5343,FALSE
Pv2.1_05_39325981_G/A,Chr05,39325981,0.0294729143329224,5344,FALSE
Pv2.1_04_1421381_G/T,Chr04,1421381,0.0294654345734595,5345,FALSE
Pv2.1_06_29893946_T/C,Chr06,29893946,0.0294624037869782,5346,FALSE
Pv2.1_06_29893946_T/CATC,Chr06,29893946,0.0294624037869782,5347,FALSE
Pv2.1_09_37752694_G/A,Chr09,37752694,0.0294599468877679,5348,FALSE
Pv2.1_01_1220807_G/C,Chr01,1220807,0.0294595861113218,5349,FALSE
Pv2.1_08_62495534_C/T,Chr08,62495534,0.029459352159535,5350,FALSE
Pv2.1_05_40760902_A/G,Chr05,40760902,0.0294573399423932,5351,FALSE
Pv2.1_01_1034649_T/A,Chr01,1034649,0.0294566658442514,5352,FALSE
Pv2.1_04_46303573_T/C,Chr04,46303573,0.029452903448556,5353,FALSE
Pv2.1_07_37964172_C/A,Chr07,37964172,0.0294499385324434,5354,FALSE
Pv2.1_08_61869608_C/T,Chr08,61869608,0.0294431844834295,5355,FALSE
Pv2.1_11_51322264_C/T,Chr11,51322264,0.0294422160011849,5356,FALSE
Pv2.1_10_42429609_G/A,Chr10,42429609,0.0294420524451806,5357,FALSE
Pv2.1_10_42429627_T/C,Chr10,42429627,0.0294420524451806,5358,FALSE
Pv2.1_03_36438964_A/G,Chr03,36438964,0.0294420249559799,5359,FALSE
Pv2.1_11_1547171_G/A,Chr11,1547171,0.0294352506475089,5360,FALSE
Pv2.1_06_27995561_G/T,Chr06,27995561,0.029433616326036,5361,FALSE
Pv2.1_11_990206_A/G,Chr11,990206,0.0294311655937141,5362,FALSE
Pv2.1_06_22856566_G/C,Chr06,22856566,0.0294271159682387,5363,FALSE
Pv2.1_04_4561425_C/T,Chr04,4561425,0.0294263189737292,5364,FALSE
Pv2.1_07_36205682_T/C,Chr07,36205682,0.0294256665729904,5365,FALSE
Pv2.1_06_9170941_A/G,Chr06,9170941,0.0294232797083134,5366,FALSE
Pv2.1_06_9170952_C/A,Chr06,9170952,0.0294232797083134,5367,FALSE
Pv2.1_08_7893572_GA/G,Chr08,7893572,0.0294229687703851,5368,FALSE
Pv2.1_08_3853188_A/T,Chr08,3853188,0.0294194703202981,5369,FALSE
Pv2.1_11_3170319_T/G,Chr11,3170319,0.0294178697608558,5370,FALSE
Pv2.1_06_65788_A/ACT,Chr06,65788,0.0294176885546649,5371,FALSE
Pv2.1_08_196266_G/A,Chr08,196266,0.0294173142108414,5372,FALSE
Pv2.1_02_2234934_C/G,Chr02,2234934,0.0294161914423778,5373,FALSE
Pv2.1_02_2234953_T/G,Chr02,2234953,0.0294161914423778,5374,FALSE
Pv2.1_03_32702510_C/T,Chr03,32702510,0.0294126168767233,5375,FALSE
Pv2.1_08_29376980_T/C,Chr08,29376980,0.0294095389170237,5376,FALSE
Pv2.1_11_1210763_A/C,Chr11,1210763,0.0294070169701728,5377,FALSE
Pv2.1_11_51718220_C/T,Chr11,51718220,0.029406604801399,5378,FALSE
Pv2.1_02_16044681_C/T,Chr02,16044681,0.029405569316789,5379,FALSE
Pv2.1_08_60714843_C/T,Chr08,60714843,0.0294029769861819,5380,FALSE
Pv2.1_03_52865100_T/A,Chr03,52865100,0.0294015204272249,5381,FALSE
Pv2.1_07_4201514_AT/A,Chr07,4201514,0.0293965048536276,5382,FALSE
Pv2.1_09_30217402_G/A,Chr09,30217402,0.0293915603068209,5383,FALSE
Pv2.1_03_11951618_C/T,Chr03,11951618,0.0293877647365486,5384,FALSE
Pv2.1_07_36807917_A/AT,Chr07,36807917,0.0293811383705864,5385,FALSE
Pv2.1_08_58012956_G/A,Chr08,58012956,0.0293770084059348,5386,FALSE
Pv2.1_08_58012987_G/A,Chr08,58012987,0.0293770084059348,5387,FALSE
Pv2.1_06_20458939_G/A,Chr06,20458939,0.0293764517954851,5388,FALSE
Pv2.1_07_21348278_C/G,Chr07,21348278,0.0293710898723703,5389,FALSE
Pv2.1_08_60448228_G/C,Chr08,60448228,0.0293703359630886,5390,FALSE
Pv2.1_03_8784224_T/C,Chr03,8784224,0.0293682648061617,5391,FALSE
Pv2.1_11_35777256_G/A,Chr11,35777256,0.0293676028048027,5392,FALSE
Pv2.1_07_33275552_A/G,Chr07,33275552,0.0293645426382319,5393,FALSE
Pv2.1_08_53271498_A/T,Chr08,53271498,0.0293602470486491,5394,FALSE
Pv2.1_07_9346499_C/T,Chr07,9346499,0.0293592100063722,5395,FALSE
Pv2.1_02_26924487_G/A,Chr02,26924487,0.0293587408289628,5396,FALSE
Pv2.1_06_8938580_G/T,Chr06,8938580,0.0293552209239349,5397,FALSE
Pv2.1_06_19031376_G/T,Chr06,19031376,0.0293531912456646,5398,FALSE
Pv2.1_10_43597222_T/C,Chr10,43597222,0.0293500408168783,5399,FALSE
Pv2.1_10_43597221_G/T,Chr10,43597221,0.0293500408168779,5400,FALSE
Pv2.1_10_43597222_T/G,Chr10,43597222,0.0293500408168779,5401,FALSE
Pv2.1_10_43597223_T/C,Chr10,43597223,0.0293500408168779,5402,FALSE
Pv2.1_02_4016344_C/T,Chr02,4016344,0.0293491033011213,5403,FALSE
Pv2.1_11_53452133_C/G,Chr11,53452133,0.0293489124110873,5404,FALSE
Pv2.1_11_52379640_G/A,Chr11,52379640,0.0293486993351149,5405,FALSE
Pv2.1_06_19233045_T/G,Chr06,19233045,0.0293481415483754,5406,FALSE
Pv2.1_11_52983724_C/A,Chr11,52983724,0.0293478801105951,5407,FALSE
Pv2.1_11_53498318_G/T,Chr11,53498318,0.0293472138966902,5408,FALSE
Pv2.1_11_53498320_A/T,Chr11,53498320,0.0293472138966902,5409,FALSE
Pv2.1_02_24283713_A/G,Chr02,24283713,0.0293440122709163,5410,FALSE
Pv2.1_11_2151942_T/C,Chr11,2151942,0.0293438061232498,5411,FALSE
Pv2.1_11_470416_C/T,Chr11,470416,0.0293422693458836,5412,FALSE
Pv2.1_08_413360_C/G,Chr08,413360,0.0293417726029839,5413,FALSE
Pv2.1_11_53519259_A/C,Chr11,53519259,0.0293417118164019,5414,FALSE
Pv2.1_10_41198913_C/T,Chr10,41198913,0.029335592748339,5415,FALSE
Pv2.1_02_47621453_C/T,Chr02,47621453,0.0293340137280014,5416,FALSE
Pv2.1_02_35757325_A/C,Chr02,35757325,0.0293288453251988,5417,FALSE
Pv2.1_05_39721734_T/C,Chr05,39721734,0.0293269241279397,5418,FALSE
Pv2.1_07_7683308_C/G,Chr07,7683308,0.0293253142238736,5419,FALSE
Pv2.1_05_3739633_T/A,Chr05,3739633,0.0293246373377394,5420,FALSE
Pv2.1_07_1548857_T/G,Chr07,1548857,0.0293240756392033,5421,FALSE
Pv2.1_08_62572970_A/T,Chr08,62572970,0.0293239250806696,5422,FALSE
Pv2.1_08_1251720_A/G,Chr08,1251720,0.0293220529843472,5423,FALSE
Pv2.1_08_484792_G/T,Chr08,484792,0.0293118501577911,5424,FALSE
Pv2.1_08_484794_A/G,Chr08,484794,0.0293118501577911,5425,FALSE
Pv2.1_05_3186617_C/T,Chr05,3186617,0.0293100704912059,5426,FALSE
Pv2.1_07_8311301_T/C,Chr07,8311301,0.0293081919278593,5427,FALSE
Pv2.1_10_4906704_A/C,Chr10,4906704,0.029304879182404,5428,FALSE
Pv2.1_08_6058493_A/G,Chr08,6058493,0.0293046022260279,5429,FALSE
Pv2.1_04_44795245_G/GAA,Chr04,44795245,0.0293042052201851,5430,FALSE
Pv2.1_02_47704012_ACG/A,Chr02,47704012,0.0293007699227323,5431,FALSE
Pv2.1_05_39724720_A/G,Chr05,39724720,0.0292991247795436,5432,FALSE
Pv2.1_03_45752917_C/T,Chr03,45752917,0.0292990957998573,5433,FALSE
Pv2.1_07_39309081_T/C,Chr07,39309081,0.0292977983801066,5434,FALSE
Pv2.1_07_39309096_A/G,Chr07,39309096,0.0292977983801066,5435,FALSE
Pv2.1_06_21533072_C/T,Chr06,21533072,0.0292975429731688,5436,FALSE
Pv2.1_06_24148856_C/T,Chr06,24148856,0.029295032737457,5437,FALSE
Pv2.1_02_48755283_C/T,Chr02,48755283,0.0292800349729045,5438,FALSE
Pv2.1_05_39970203_A/G,Chr05,39970203,0.0292779828469292,5439,FALSE
Pv2.1_09_36608781_GT/G,Chr09,36608781,0.0292775596738681,5440,FALSE
Pv2.1_10_42111382_G/C,Chr10,42111382,0.0292759405499798,5441,FALSE
Pv2.1_10_42111390_A/G,Chr10,42111390,0.0292759405499798,5442,FALSE
Pv2.1_11_44398147_G/A,Chr11,44398147,0.0292747824250821,5443,FALSE
Pv2.1_08_8451247_G/T,Chr08,8451247,0.0292724349268645,5444,FALSE
Pv2.1_07_38080563_G/A,Chr07,38080563,0.0292722364099927,5445,FALSE
Pv2.1_04_45494561_T/TTC,Chr04,45494561,0.0292704671983435,5446,FALSE
Pv2.1_11_1248874_T/A,Chr11,1248874,0.0292697086056277,5447,FALSE
Pv2.1_11_1524736_T/G,Chr11,1524736,0.0292682087229603,5448,FALSE
Pv2.1_02_30918540_G/T,Chr02,30918540,0.0292641353895706,5449,FALSE
Pv2.1_02_30436043_G/T,Chr02,30436043,0.0292597909893653,5450,FALSE
Pv2.1_06_23251082_T/G,Chr06,23251082,0.029255833045688,5451,FALSE
Pv2.1_02_45688876_A/ATGCTCT,Chr02,45688876,0.029255736470553,5452,FALSE
Pv2.1_11_2742876_C/G,Chr11,2742876,0.0292550081962419,5453,FALSE
Pv2.1_07_36141150_A/G,Chr07,36141150,0.0292549060020946,5454,FALSE
Pv2.1_11_32786_T/C,Chr11,32786,0.0292533204218817,5455,FALSE
Pv2.1_06_8988874_A/G,Chr06,8988874,0.0292530764498054,5456,FALSE
Pv2.1_01_4060019_G/T,Chr01,4060019,0.0292519650780472,5457,FALSE
Pv2.1_10_42486937_A/G,Chr10,42486937,0.0292500617393117,5458,FALSE
Pv2.1_10_42792016_G/T,Chr10,42792016,0.0292491381021653,5459,FALSE
Pv2.1_05_3585898_T/A,Chr05,3585898,0.029248265205593,5460,FALSE
Pv2.1_11_30316616_G/A,Chr11,30316616,0.0292448209169658,5461,FALSE
Pv2.1_08_23680954_A/G,Chr08,23680954,0.029243784082043,5462,FALSE
Pv2.1_05_37924650_G/A,Chr05,37924650,0.0292328077593647,5463,FALSE
Pv2.1_09_35885452_T/A,Chr09,35885452,0.0292307546475121,5464,FALSE
Pv2.1_08_55202424_A/G,Chr08,55202424,0.0292280135031064,5465,FALSE
Pv2.1_11_1411758_A/G,Chr11,1411758,0.0292275082393627,5466,FALSE
Pv2.1_08_751861_C/G,Chr08,751861,0.0292272997410539,5467,FALSE
Pv2.1_07_637988_A/T,Chr07,637988,0.0292251692164225,5468,FALSE
Pv2.1_02_24693092_A/G,Chr02,24693092,0.0292236879296905,5469,FALSE
Pv2.1_02_47302389_C/T,Chr02,47302389,0.0292229185225166,5470,FALSE
Pv2.1_04_11271937_T/A,Chr04,11271937,0.0292224672035273,5471,FALSE
Pv2.1_08_61729115_T/A,Chr08,61729115,0.0292219580698569,5472,FALSE
Pv2.1_02_2285546_G/A,Chr02,2285546,0.0292214687913073,5473,FALSE
Pv2.1_03_45936776_G/A,Chr03,45936776,0.0292209658668208,5474,FALSE
Pv2.1_03_45936834_C/G,Chr03,45936834,0.0292209658668208,5475,FALSE
Pv2.1_04_46876625_A/T,Chr04,46876625,0.029220684653994,5476,FALSE
Pv2.1_05_5652470_G/GT,Chr05,5652470,0.0292156390813765,5477,FALSE
Pv2.1_06_29014978_T/C,Chr06,29014978,0.0292146207800434,5478,FALSE
Pv2.1_08_1251015_A/G,Chr08,1251015,0.0292138969904503,5479,FALSE
Pv2.1_11_3263269_A/G,Chr11,3263269,0.0292115090064056,5480,FALSE
Pv2.1_06_22799607_A/T,Chr06,22799607,0.029208684773022,5481,FALSE
Pv2.1_09_10882643_G/T,Chr09,10882643,0.0292076502075389,5482,FALSE
Pv2.1_08_54059393_A/T,Chr08,54059393,0.0292053253263109,5483,FALSE
Pv2.1_01_51193077_T/C,Chr01,51193077,0.0292048293279645,5484,FALSE
Pv2.1_08_62895183_C/G,Chr08,62895183,0.0292045485308945,5485,FALSE
Pv2.1_10_43396823_T/A,Chr10,43396823,0.029201128048129,5486,FALSE
Pv2.1_08_61664158_A/T,Chr08,61664158,0.0291992683090685,5487,FALSE
Pv2.1_04_46719221_C/A,Chr04,46719221,0.0291983615097347,5488,FALSE
Pv2.1_04_46719221_C/G,Chr04,46719221,0.0291983615097347,5489,FALSE
Pv2.1_04_541480_A/G,Chr04,541480,0.0291945079690343,5490,FALSE
Pv2.1_08_62588782_T/C,Chr08,62588782,0.0291900315257534,5491,FALSE
Pv2.1_08_854492_G/C,Chr08,854492,0.0291864009176743,5492,FALSE
Pv2.1_03_45039763_C/T,Chr03,45039763,0.0291840814232391,5493,FALSE
Pv2.1_11_53519236_C/A,Chr11,53519236,0.0291825428734822,5494,FALSE
Pv2.1_05_11913084_T/C,Chr05,11913084,0.0291789908163418,5495,FALSE
Pv2.1_05_37923624_C/G,Chr05,37923624,0.0291773527036705,5496,FALSE
Pv2.1_08_55799800_C/T,Chr08,55799800,0.0291718249383854,5497,FALSE
Pv2.1_03_1302852_G/A,Chr03,1302852,0.0291692896720632,5498,FALSE
Pv2.1_07_35718527_G/A,Chr07,35718527,0.0291683134996914,5499,FALSE
Pv2.1_07_35718583_T/C,Chr07,35718583,0.0291683134996914,5500,FALSE
Pv2.1_08_62863809_A/G,Chr08,62863809,0.0291681284513947,5501,FALSE
Pv2.1_09_13689047_G/A,Chr09,13689047,0.0291680716140745,5502,FALSE
Pv2.1_07_38986937_C/T,Chr07,38986937,0.0291664530820035,5503,FALSE
Pv2.1_07_38986938_C/T,Chr07,38986938,0.0291664530820035,5504,FALSE
Pv2.1_07_38986950_A/G,Chr07,38986950,0.0291664530820035,5505,FALSE
Pv2.1_07_54250_A/G,Chr07,54250,0.0291632756567881,5506,FALSE
Pv2.1_07_7073495_C/T,Chr07,7073495,0.0291533935363213,5507,FALSE
Pv2.1_03_9427487_G/A,Chr03,9427487,0.0291532037644968,5508,FALSE
Pv2.1_10_4674180_G/A,Chr10,4674180,0.0291524070872007,5509,FALSE
Pv2.1_06_21403664_A/T,Chr06,21403664,0.0291502511165436,5510,FALSE
Pv2.1_01_1009184_G/A,Chr01,1009184,0.0291427866351568,5511,FALSE
Pv2.1_03_2589318_G/C,Chr03,2589318,0.0291427790373664,5512,FALSE
Pv2.1_07_37964173_T/G,Chr07,37964173,0.0291393368632593,5513,FALSE
Pv2.1_10_4466690_C/T,Chr10,4466690,0.0291390833794618,5514,FALSE
Pv2.1_07_4517877_A/T,Chr07,4517877,0.0291299587290004,5515,FALSE
Pv2.1_11_50066956_C/G,Chr11,50066956,0.0291294012832246,5516,FALSE
Pv2.1_11_50066960_T/A,Chr11,50066960,0.0291294012832246,5517,FALSE
Pv2.1_11_50066966_T/C,Chr11,50066966,0.0291294012832246,5518,FALSE
Pv2.1_08_282946_T/A,Chr08,282946,0.02912316610835,5519,FALSE
Pv2.1_06_19125937_A/G,Chr06,19125937,0.0291184466513994,5520,FALSE
Pv2.1_07_1513765_C/G,Chr07,1513765,0.0291118004795936,5521,FALSE
Pv2.1_11_53295199_C/T,Chr11,53295199,0.0291106067325559,5522,FALSE
Pv2.1_02_30842525_A/C,Chr02,30842525,0.0291080858079154,5523,FALSE
Pv2.1_09_14390739_GT/G,Chr09,14390739,0.0291068706941271,5524,FALSE
Pv2.1_05_40460713_G/T,Chr05,40460713,0.029103099651008,5525,FALSE
Pv2.1_03_36404533_C/A,Chr03,36404533,0.0290983653848262,5526,FALSE
Pv2.1_03_36404543_C/G,Chr03,36404543,0.0290983653848262,5527,FALSE
Pv2.1_03_36404551_G/T,Chr03,36404551,0.0290983653848262,5528,FALSE
Pv2.1_08_1281952_A/T,Chr08,1281952,0.0290976645943255,5529,FALSE
Pv2.1_08_1281953_A/C,Chr08,1281953,0.0290976645943255,5530,FALSE
Pv2.1_06_25311746_C/T,Chr06,25311746,0.0290957695958216,5531,FALSE
Pv2.1_10_43229244_C/T,Chr10,43229244,0.0290943749423049,5532,FALSE
Pv2.1_08_32843412_G/A,Chr08,32843412,0.0290918645645588,5533,FALSE
Pv2.1_10_43597229_T/A,Chr10,43597229,0.029091106803437,5534,FALSE
Pv2.1_06_19235016_A/G,Chr06,19235016,0.0290909890769866,5535,FALSE
Pv2.1_06_19235028_G/A,Chr06,19235028,0.0290909890769866,5536,FALSE
Pv2.1_07_9651841_A/T,Chr07,9651841,0.0290905790234,5537,FALSE
Pv2.1_11_51322320_C/T,Chr11,51322320,0.029090324156634,5538,FALSE
Pv2.1_08_1530821_T/C,Chr08,1530821,0.0290899536849549,5539,FALSE
Pv2.1_08_8954900_C/T,Chr08,8954900,0.0290873082542418,5540,FALSE
Pv2.1_08_8954917_G/A,Chr08,8954917,0.0290873082542418,5541,FALSE
Pv2.1_01_10575152_A/T,Chr01,10575152,0.0290867451248849,5542,FALSE
Pv2.1_08_13283327_C/T,Chr08,13283327,0.0290850429107761,5543,FALSE
Pv2.1_05_531396_C/A,Chr05,531396,0.0290850072740261,5544,FALSE
Pv2.1_11_45921303_C/T,Chr11,45921303,0.0290840809121682,5545,FALSE
Pv2.1_06_28228205_G/A,Chr06,28228205,0.0290833097565097,5546,FALSE
Pv2.1_07_7076400_T/TA,Chr07,7076400,0.0290829860984494,5547,FALSE
Pv2.1_07_7931065_G/A,Chr07,7931065,0.0290829860984494,5548,FALSE
Pv2.1_09_10497049_T/TTCA,Chr09,10497049,0.0290817503062906,5549,FALSE
Pv2.1_02_34792851_T/A,Chr02,34792851,0.0290812108192298,5550,FALSE
Pv2.1_08_3961852_A/C,Chr08,3961852,0.0290806778841368,5551,FALSE
Pv2.1_05_37923654_C/T,Chr05,37923654,0.0290770352958409,5552,FALSE
Pv2.1_06_27504160_C/T,Chr06,27504160,0.0290744162634304,5553,FALSE
Pv2.1_01_3494275_G/A,Chr01,3494275,0.0290733272857864,5554,FALSE
Pv2.1_02_25857389_C/CT,Chr02,25857389,0.0290703686631755,5555,FALSE
Pv2.1_06_28273143_A/C,Chr06,28273143,0.029068202413487,5556,FALSE
Pv2.1_06_28273144_C/T,Chr06,28273144,0.029068202413487,5557,FALSE
Pv2.1_04_432853_T/C,Chr04,432853,0.0290666680910006,5558,FALSE
Pv2.1_05_40416644_A/C,Chr05,40416644,0.0290665831731936,5559,FALSE
Pv2.1_07_431912_G/T,Chr07,431912,0.0290648732015426,5560,FALSE
Pv2.1_03_36698698_A/T,Chr03,36698698,0.0290604157960717,5561,FALSE
Pv2.1_03_36698712_C/G,Chr03,36698712,0.0290604157960717,5562,FALSE
Pv2.1_08_60315788_C/A,Chr08,60315788,0.0290594347580209,5563,FALSE
Pv2.1_06_30707602_C/G,Chr06,30707602,0.0290587928764148,5564,FALSE
Pv2.1_05_39463457_T/A,Chr05,39463457,0.0290583358826204,5565,FALSE
Pv2.1_05_39463474_A/C,Chr05,39463474,0.0290583358826204,5566,FALSE
Pv2.1_07_4014505_A/G,Chr07,4014505,0.0290576549425459,5567,FALSE
Pv2.1_11_96581_A/AT,Chr11,96581,0.0290542061074404,5568,FALSE
Pv2.1_05_39973668_A/G,Chr05,39973668,0.0290535319099954,5569,FALSE
Pv2.1_03_53030006_T/A,Chr03,53030006,0.0290509518981557,5570,FALSE
Pv2.1_03_53030016_A/G,Chr03,53030016,0.0290509518981557,5571,FALSE
Pv2.1_03_37126504_A/G,Chr03,37126504,0.0290472106851007,5572,FALSE
Pv2.1_11_51370818_T/G,Chr11,51370818,0.0290455442900561,5573,FALSE
Pv2.1_02_2733205_A/G,Chr02,2733205,0.0290442782766851,5574,FALSE
Pv2.1_10_8944065_G/T,Chr10,8944065,0.029042237344679,5575,FALSE
Pv2.1_10_8944066_C/T,Chr10,8944066,0.029042237344679,5576,FALSE
Pv2.1_10_42014584_A/C,Chr10,42014584,0.0290302682149681,5577,FALSE
Pv2.1_06_19272586_G/T,Chr06,19272586,0.0290277431972661,5578,FALSE
Pv2.1_08_4032186_G/T,Chr08,4032186,0.0290259696946196,5579,FALSE
Pv2.1_06_14106679_T/TA,Chr06,14106679,0.0290238535985492,5580,FALSE
Pv2.1_08_1169319_C/T,Chr08,1169319,0.0290232618800137,5581,FALSE
Pv2.1_08_1169320_A/G,Chr08,1169320,0.0290232618800137,5582,FALSE
Pv2.1_03_3910007_G/A,Chr03,3910007,0.0290222974904268,5583,FALSE
Pv2.1_06_25490397_T/G,Chr06,25490397,0.0290202820169614,5584,FALSE
Pv2.1_11_1706170_C/T,Chr11,1706170,0.0290173079372407,5585,FALSE
Pv2.1_11_1554634_G/C,Chr11,1554634,0.0290166869233293,5586,FALSE
Pv2.1_11_53562118_C/G,Chr11,53562118,0.0290142169104541,5587,FALSE
Pv2.1_10_41001356_G/A,Chr10,41001356,0.0290090588681693,5588,FALSE
Pv2.1_07_32695008_C/G,Chr07,32695008,0.0290080203516943,5589,FALSE
Pv2.1_11_3128989_A/T,Chr11,3128989,0.0290077451426729,5590,FALSE
Pv2.1_08_60224624_C/G,Chr08,60224624,0.0290053574025535,5591,FALSE
Pv2.1_07_36967549_T/C,Chr07,36967549,0.0290042502405941,5592,FALSE
Pv2.1_08_61533289_C/T,Chr08,61533289,0.0290039490331306,5593,FALSE
Pv2.1_07_7835461_C/T,Chr07,7835461,0.0290028156978726,5594,FALSE
Pv2.1_07_7835483_G/T,Chr07,7835483,0.0290028156978726,5595,FALSE
Pv2.1_06_26023332_C/G,Chr06,26023332,0.0290011879476104,5596,FALSE
Pv2.1_02_38488361_A/T,Chr02,38488361,0.0290006135480727,5597,FALSE
Pv2.1_08_6961979_T/A,Chr08,6961979,0.028999491129786,5598,FALSE
Pv2.1_10_39979157_G/A,Chr10,39979157,0.0289976254351272,5599,FALSE
Pv2.1_08_1239643_A/G,Chr08,1239643,0.0289971519770251,5600,FALSE
Pv2.1_04_46934173_G/T,Chr04,46934173,0.0289933334004218,5601,FALSE
Pv2.1_06_19446543_C/T,Chr06,19446543,0.0289920199764713,5602,FALSE
Pv2.1_03_46114663_A/G,Chr03,46114663,0.0289872391758306,5603,FALSE
Pv2.1_06_22130655_C/G,Chr06,22130655,0.0289832995639605,5604,FALSE
Pv2.1_03_37349237_G/T,Chr03,37349237,0.0289824823103535,5605,FALSE
Pv2.1_05_4480236_T/G,Chr05,4480236,0.0289797386824437,5606,FALSE
Pv2.1_01_3764660_A/T,Chr01,3764660,0.0289722727659534,5607,FALSE
Pv2.1_04_41777623_G/A,Chr04,41777623,0.0289715643854769,5608,FALSE
Pv2.1_02_47053941_G/T,Chr02,47053941,0.0289702671655649,5609,FALSE
Pv2.1_03_53030538_T/A,Chr03,53030538,0.0289686641226132,5610,FALSE
Pv2.1_09_36912590_T/A,Chr09,36912590,0.0289662994839022,5611,FALSE
Pv2.1_07_989173_A/G,Chr07,989173,0.0289652285542008,5612,FALSE
Pv2.1_07_6748526_T/A,Chr07,6748526,0.0289644006798171,5613,FALSE
Pv2.1_04_45292616_G/A,Chr04,45292616,0.028963547054921,5614,FALSE
Pv2.1_06_5598108_C/G,Chr06,5598108,0.0289611460081187,5615,FALSE
Pv2.1_04_46876608_TATC/T,Chr04,46876608,0.0289559260317125,5616,FALSE
Pv2.1_03_36404474_G/A,Chr03,36404474,0.0289547454457115,5617,FALSE
Pv2.1_11_2258894_A/T,Chr11,2258894,0.0289520376645029,5618,FALSE
Pv2.1_08_60199616_C/T,Chr08,60199616,0.0289495771121895,5619,FALSE
Pv2.1_07_9296450_G/A,Chr07,9296450,0.0289495030088265,5620,FALSE
Pv2.1_11_96574_A/AT,Chr11,96574,0.0289465613629099,5621,FALSE
Pv2.1_06_25974122_C/T,Chr06,25974122,0.0289456726435837,5622,FALSE
Pv2.1_07_10391308_T/G,Chr07,10391308,0.0289452375770538,5623,FALSE
Pv2.1_07_10391333_C/T,Chr07,10391333,0.0289452375770538,5624,FALSE
Pv2.1_07_236587_T/G,Chr07,236587,0.0289415395284234,5625,FALSE
Pv2.1_07_7599343_T/C,Chr07,7599343,0.0289394221373365,5626,FALSE
Pv2.1_07_28319986_A/C,Chr07,28319986,0.02893834778672,5627,FALSE
Pv2.1_07_3516812_T/C,Chr07,3516812,0.028938326529921,5628,FALSE
Pv2.1_07_236545_T/C,Chr07,236545,0.0289372019653511,5629,FALSE
Pv2.1_11_2493735_A/T,Chr11,2493735,0.0289371355894259,5630,FALSE
Pv2.1_05_38383800_T/C,Chr05,38383800,0.0289347565858096,5631,FALSE
Pv2.1_10_23308018_T/C,Chr10,23308018,0.0289334995105603,5632,FALSE
Pv2.1_06_28207666_C/T,Chr06,28207666,0.0289334495103604,5633,FALSE
Pv2.1_11_53132564_C/T,Chr11,53132564,0.0289322284208158,5634,FALSE
Pv2.1_02_44712080_C/G,Chr02,44712080,0.0289290238172573,5635,FALSE
Pv2.1_08_16672814_G/A,Chr08,16672814,0.0289282172735903,5636,FALSE
Pv2.1_04_53780_C/A,Chr04,53780,0.028927424017712,5637,FALSE
Pv2.1_02_30842340_A/G,Chr02,30842340,0.0289268773476232,5638,FALSE
Pv2.1_06_13814747_T/C,Chr06,13814747,0.0289255627067306,5639,FALSE
Pv2.1_07_4116712_G/A,Chr07,4116712,0.0289193698310033,5640,FALSE
Pv2.1_08_60749495_T/C,Chr08,60749495,0.0289191074506623,5641,FALSE
Pv2.1_07_36645438_A/T,Chr07,36645438,0.0289142701080252,5642,FALSE
Pv2.1_07_38007492_T/A,Chr07,38007492,0.0289141918728926,5643,FALSE
Pv2.1_01_48430059_C/CT,Chr01,48430059,0.0289114911920758,5644,FALSE
Pv2.1_02_30788977_C/A,Chr02,30788977,0.0289042839337474,5645,FALSE
Pv2.1_11_1248848_T/C,Chr11,1248848,0.0289023990981225,5646,FALSE
Pv2.1_07_37602022_T/C,Chr07,37602022,0.0288992056908608,5647,FALSE
Pv2.1_10_4468438_A/G,Chr10,4468438,0.0288922119098505,5648,FALSE
Pv2.1_08_5441050_G/GT,Chr08,5441050,0.0288904824637588,5649,FALSE
Pv2.1_02_40029748_A/T,Chr02,40029748,0.0288832691682535,5650,FALSE
Pv2.1_11_52545333_T/A,Chr11,52545333,0.0288832284354155,5651,FALSE
Pv2.1_01_51178707_A/G,Chr01,51178707,0.0288822225127094,5652,FALSE
Pv2.1_06_24799625_G/A,Chr06,24799625,0.0288785983156923,5653,FALSE
Pv2.1_08_61589707_C/G,Chr08,61589707,0.028875948332082,5654,FALSE
Pv2.1_07_188386_T/G,Chr07,188386,0.028873818174894,5655,FALSE
Pv2.1_07_4517856_C/T,Chr07,4517856,0.0288737487093069,5656,FALSE
Pv2.1_08_62906550_A/T,Chr08,62906550,0.0288714634727643,5657,FALSE
Pv2.1_06_20210658_C/T,Chr06,20210658,0.0288678191641436,5658,FALSE
Pv2.1_08_62212381_T/C,Chr08,62212381,0.0288657184860464,5659,FALSE
Pv2.1_11_1463408_A/G,Chr11,1463408,0.0288615863405157,5660,FALSE
Pv2.1_08_14244116_G/T,Chr08,14244116,0.0288559142433229,5661,FALSE
Pv2.1_08_699095_G/C,Chr08,699095,0.0288536086110973,5662,FALSE
Pv2.1_07_8578553_G/T,Chr07,8578553,0.0288522547624335,5663,FALSE
Pv2.1_02_39814197_A/G,Chr02,39814197,0.0288471786217115,5664,FALSE
Pv2.1_03_41873843_C/T,Chr03,41873843,0.0288453054492592,5665,FALSE
Pv2.1_06_19126075_G/A,Chr06,19126075,0.0288452279002551,5666,FALSE
Pv2.1_06_20852329_T/A,Chr06,20852329,0.0288440669674035,5667,FALSE
Pv2.1_02_35455267_T/TTTG,Chr02,35455267,0.0288425235524539,5668,FALSE
Pv2.1_08_1381635_T/G,Chr08,1381635,0.0288400426354514,5669,FALSE
Pv2.1_11_49883504_G/T,Chr11,49883504,0.0288377954274166,5670,FALSE
Pv2.1_03_7428465_C/T,Chr03,7428465,0.0288361952185365,5671,FALSE
Pv2.1_10_4466782_G/T,Chr10,4466782,0.0288303367692446,5672,FALSE
Pv2.1_06_4592302_G/A,Chr06,4592302,0.028829114334004,5673,FALSE
Pv2.1_02_25529189_A/G,Chr02,25529189,0.0288245822142992,5674,FALSE
Pv2.1_07_1513960_A/T,Chr07,1513960,0.0288227933160976,5675,FALSE
Pv2.1_07_38561289_T/C,Chr07,38561289,0.0288199020589968,5676,FALSE
Pv2.1_08_60332704_G/T,Chr08,60332704,0.0288198902039372,5677,FALSE
Pv2.1_11_44130393_G/A,Chr11,44130393,0.0288116820633046,5678,FALSE
Pv2.1_03_40764896_A/G,Chr03,40764896,0.0288116436874404,5679,FALSE
Pv2.1_08_60362801_C/T,Chr08,60362801,0.0288106981488774,5680,FALSE
Pv2.1_07_36203363_G/A,Chr07,36203363,0.0288104240536886,5681,FALSE
Pv2.1_08_752046_T/G,Chr08,752046,0.0288093748521963,5682,FALSE
Pv2.1_08_752096_A/G,Chr08,752096,0.0288093748521963,5683,FALSE
Pv2.1_08_11603324_T/C,Chr08,11603324,0.0288089878834099,5684,FALSE
Pv2.1_08_872422_G/A,Chr08,872422,0.0288060735273197,5685,FALSE
Pv2.1_10_42565129_A/T,Chr10,42565129,0.0287990731731806,5686,FALSE
Pv2.1_06_21561422_A/C,Chr06,21561422,0.0287948087488146,5687,FALSE
Pv2.1_08_59036147_C/A,Chr08,59036147,0.0287889793838514,5688,FALSE
Pv2.1_02_41970764_C/T,Chr02,41970764,0.0287888465997961,5689,FALSE
Pv2.1_06_21615437_G/A,Chr06,21615437,0.0287867030581008,5690,FALSE
Pv2.1_11_1248864_A/G,Chr11,1248864,0.0287866848383946,5691,FALSE
Pv2.1_03_812357_A/G,Chr03,812357,0.0287834780167455,5692,FALSE
Pv2.1_11_44409920_T/C,Chr11,44409920,0.0287826072684325,5693,FALSE
Pv2.1_10_42550813_G/T,Chr10,42550813,0.0287818658940493,5694,FALSE
Pv2.1_07_35754971_G/A,Chr07,35754971,0.0287816107894598,5695,FALSE
Pv2.1_08_44623742_A/T,Chr08,44623742,0.0287812059377703,5696,FALSE
Pv2.1_08_62577249_G/A,Chr08,62577249,0.0287774013917783,5697,FALSE
Pv2.1_07_35511743_A/C,Chr07,35511743,0.0287733854330332,5698,FALSE
Pv2.1_11_53132600_G/A,Chr11,53132600,0.0287712877951893,5699,FALSE
Pv2.1_09_22620536_A/G,Chr09,22620536,0.0287688025739805,5700,FALSE
Pv2.1_07_8054700_A/T,Chr07,8054700,0.0287671850731033,5701,FALSE
Pv2.1_06_12372431_G/A,Chr06,12372431,0.0287669302661082,5702,FALSE
Pv2.1_06_20959266_A/T,Chr06,20959266,0.0287639262280845,5703,FALSE
Pv2.1_11_50054900_C/T,Chr11,50054900,0.0287613309474448,5704,FALSE
Pv2.1_04_43635258_C/T,Chr04,43635258,0.0287599748771816,5705,FALSE
Pv2.1_07_4101329_C/T,Chr07,4101329,0.028759242148654,5706,FALSE
Pv2.1_11_24853661_A/C,Chr11,24853661,0.0287550431372137,5707,FALSE
Pv2.1_08_16102250_G/A,Chr08,16102250,0.0287515441996562,5708,FALSE
Pv2.1_11_3659547_C/T,Chr11,3659547,0.0287499126511603,5709,FALSE
Pv2.1_08_5440374_A/G,Chr08,5440374,0.0287419504367281,5710,FALSE
Pv2.1_02_26398701_T/A,Chr02,26398701,0.0287401411376265,5711,FALSE
Pv2.1_11_20607521_T/G,Chr11,20607521,0.0287361707450611,5712,FALSE
Pv2.1_05_9242756_G/A,Chr05,9242756,0.0287332546767773,5713,FALSE
Pv2.1_11_51028077_G/T,Chr11,51028077,0.0287302036887289,5714,FALSE
Pv2.1_07_35755079_T/G,Chr07,35755079,0.028726077993591,5715,FALSE
Pv2.1_03_13363770_A/T,Chr03,13363770,0.028724522244048,5716,FALSE
Pv2.1_01_50731063_T/A,Chr01,50731063,0.0287228706144638,5717,FALSE
Pv2.1_01_50731064_T/C,Chr01,50731064,0.0287228706144638,5718,FALSE
Pv2.1_03_52870366_A/C,Chr03,52870366,0.0287223132296881,5719,FALSE
Pv2.1_02_48699500_T/C,Chr02,48699500,0.0287186947121398,5720,FALSE
Pv2.1_05_1963027_A/C,Chr05,1963027,0.0287182978378016,5721,FALSE
Pv2.1_02_25918431_A/G,Chr02,25918431,0.0287147641598882,5722,FALSE
Pv2.1_10_4082849_G/A,Chr10,4082849,0.028714390678803,5723,FALSE
Pv2.1_09_35832609_T/A,Chr09,35832609,0.0287072400106028,5724,FALSE
Pv2.1_07_37486726_T/C,Chr07,37486726,0.0287037195551054,5725,FALSE
Pv2.1_07_7912076_C/T,Chr07,7912076,0.0286952484741252,5726,FALSE
Pv2.1_10_43422282_T/A,Chr10,43422282,0.0286925092187369,5727,FALSE
Pv2.1_10_43422282_T/G,Chr10,43422282,0.0286925092187369,5728,FALSE
Pv2.1_01_45318868_C/G,Chr01,45318868,0.0286921237990434,5729,FALSE
Pv2.1_06_21592572_T/A,Chr06,21592572,0.0286908146848024,5730,FALSE
Pv2.1_01_51096079_G/A,Chr01,51096079,0.028689600551068,5731,FALSE
Pv2.1_09_38007501_A/G,Chr09,38007501,0.0286886020015502,5732,FALSE
Pv2.1_07_1513753_G/A,Chr07,1513753,0.0286871313186778,5733,FALSE
Pv2.1_10_4086418_C/G,Chr10,4086418,0.0286850641832586,5734,FALSE
Pv2.1_09_36794452_A/G,Chr09,36794452,0.0286848490436524,5735,FALSE
Pv2.1_07_7175528_C/A,Chr07,7175528,0.0286756252131322,5736,FALSE
Pv2.1_07_7175536_T/C,Chr07,7175536,0.0286756252131322,5737,FALSE
Pv2.1_07_8536236_G/A,Chr07,8536236,0.0286756252131322,5738,FALSE
Pv2.1_11_1748135_C/T,Chr11,1748135,0.028671120775952,5739,FALSE
Pv2.1_06_29286138_GGTTG/CTC,Chr06,29286138,0.0286658531398443,5740,FALSE
Pv2.1_07_37011881_T/A,Chr07,37011881,0.0286644041434752,5741,FALSE
Pv2.1_07_32233402_C/T,Chr07,32233402,0.0286621821465789,5742,FALSE
Pv2.1_11_48008341_G/A,Chr11,48008341,0.0286582312596608,5743,FALSE
Pv2.1_08_62525818_C/A,Chr08,62525818,0.0286515819241133,5744,FALSE
Pv2.1_11_2715311_T/A,Chr11,2715311,0.0286513353065709,5745,FALSE
Pv2.1_08_62930048_G/A,Chr08,62930048,0.0286458154685185,5746,FALSE
Pv2.1_04_1743683_C/T,Chr04,1743683,0.0286456438654463,5747,FALSE
Pv2.1_04_1743707_T/G,Chr04,1743707,0.0286456438654463,5748,FALSE
Pv2.1_06_29564487_T/G,Chr06,29564487,0.0286431865069119,5749,FALSE
Pv2.1_07_594401_T/A,Chr07,594401,0.0286424847510465,5750,FALSE
Pv2.1_11_2956764_C/T,Chr11,2956764,0.0286410817179532,5751,FALSE
Pv2.1_07_426924_G/A,Chr07,426924,0.0286369907429909,5752,FALSE
Pv2.1_03_40099543_GT/G,Chr03,40099543,0.0286342036400749,5753,FALSE
Pv2.1_04_45436164_G/C,Chr04,45436164,0.0286337130530727,5754,FALSE
Pv2.1_02_2474341_G/T,Chr02,2474341,0.0286294435259666,5755,FALSE
Pv2.1_03_41534701_C/A,Chr03,41534701,0.0286281523801755,5756,FALSE
Pv2.1_08_24985762_G/A,Chr08,24985762,0.0286273667375814,5757,FALSE
Pv2.1_02_30525844_A/T,Chr02,30525844,0.0286264808566572,5758,FALSE
Pv2.1_07_8393987_T/TG,Chr07,8393987,0.0286218562082601,5759,FALSE
Pv2.1_03_36774136_G/A,Chr03,36774136,0.028617396204802,5760,FALSE
Pv2.1_11_35921313_T/C,Chr11,35921313,0.0286173127850784,5761,FALSE
Pv2.1_03_1519557_C/T,Chr03,1519557,0.0286112704251398,5762,FALSE
Pv2.1_11_53562151_C/T,Chr11,53562151,0.0286085307407391,5763,FALSE
Pv2.1_10_42575052_C/G,Chr10,42575052,0.0286075998533457,5764,FALSE
Pv2.1_07_7692414_TCA/T,Chr07,7692414,0.0286030083782256,5765,FALSE
Pv2.1_01_954793_G/A,Chr01,954793,0.0285975663665998,5766,FALSE
Pv2.1_03_46114642_T/C,Chr03,46114642,0.028589581785949,5767,FALSE
Pv2.1_07_3604417_G/T,Chr07,3604417,0.0285889066128209,5768,FALSE
Pv2.1_07_3604437_T/G,Chr07,3604437,0.0285889066128209,5769,FALSE
Pv2.1_02_24738138_C/A,Chr02,24738138,0.0285886305675787,5770,FALSE
Pv2.1_02_24738147_A/T,Chr02,24738147,0.0285886305675787,5771,FALSE
Pv2.1_11_52974568_G/A,Chr11,52974568,0.0285858292998658,5772,FALSE
Pv2.1_06_26488627_C/A,Chr06,26488627,0.0285856166309402,5773,FALSE
Pv2.1_08_269394_CTT/C,Chr08,269394,0.0285847843356084,5774,FALSE
Pv2.1_07_36687423_A/C,Chr07,36687423,0.0285843911634389,5775,FALSE
Pv2.1_01_4852913_C/G,Chr01,4852913,0.0285820355836361,5776,FALSE
Pv2.1_07_25068_G/C,Chr07,25068,0.0285815367659472,5777,FALSE
Pv2.1_08_62895179_A/T,Chr08,62895179,0.0285765636969919,5778,FALSE
Pv2.1_10_41265091_T/C,Chr10,41265091,0.028575208002827,5779,FALSE
Pv2.1_03_45722483_T/G,Chr03,45722483,0.0285739718308071,5780,FALSE
Pv2.1_06_21314792_T/C,Chr06,21314792,0.0285688685697973,5781,FALSE
Pv2.1_03_1302878_C/T,Chr03,1302878,0.0285678033347594,5782,FALSE
Pv2.1_07_10391730_A/T,Chr07,10391730,0.0285676062458142,5783,FALSE
Pv2.1_07_7432549_A/G,Chr07,7432549,0.0285676062458142,5784,FALSE
Pv2.1_07_4174926_A/G,Chr07,4174926,0.0285596765800755,5785,FALSE
Pv2.1_01_50754135_C/T,Chr01,50754135,0.0285587272514105,5786,FALSE
Pv2.1_04_47050629_T/A,Chr04,47050629,0.0285583799951303,5787,FALSE
Pv2.1_04_46882108_A/T,Chr04,46882108,0.0285547718800121,5788,FALSE
Pv2.1_11_47092376_G/A,Chr11,47092376,0.0285540525534937,5789,FALSE
Pv2.1_11_41583208_TA/T,Chr11,41583208,0.0285531039226292,5790,FALSE
Pv2.1_08_62786750_G/T,Chr08,62786750,0.028552036445904,5791,FALSE
Pv2.1_08_62786755_A/G,Chr08,62786755,0.028552036445904,5792,FALSE
Pv2.1_07_7145653_C/T,Chr07,7145653,0.0285450834502581,5793,FALSE
Pv2.1_02_2931351_C/A,Chr02,2931351,0.0285447977755644,5794,FALSE
Pv2.1_05_39471053_G/A,Chr05,39471053,0.0285439859698169,5795,FALSE
Pv2.1_08_3961849_T/C,Chr08,3961849,0.0285392829615656,5796,FALSE
Pv2.1_11_35921351_T/G,Chr11,35921351,0.0285346351025586,5797,FALSE
Pv2.1_07_5483775_T/C,Chr07,5483775,0.0285333083844113,5798,FALSE
Pv2.1_06_18391165_G/A,Chr06,18391165,0.0285261257247078,5799,FALSE
Pv2.1_07_8691172_A/T,Chr07,8691172,0.0285180050560272,5800,FALSE
Pv2.1_06_15076699_C/A,Chr06,15076699,0.0285152738644037,5801,FALSE
Pv2.1_09_29132437_G/C,Chr09,29132437,0.02851349512826,5802,FALSE
Pv2.1_09_29132457_G/A,Chr09,29132457,0.02851349512826,5803,FALSE
Pv2.1_08_61656649_T/C,Chr08,61656649,0.028508463816094,5804,FALSE
Pv2.1_08_61656676_A/G,Chr08,61656676,0.028508463816094,5805,FALSE
Pv2.1_07_36967535_C/T,Chr07,36967535,0.0285063772582448,5806,FALSE
Pv2.1_08_1437622_A/G,Chr08,1437622,0.0285032822787468,5807,FALSE
Pv2.1_03_547672_C/G,Chr03,547672,0.0284996369861639,5808,FALSE
Pv2.1_06_18211032_T/A,Chr06,18211032,0.0284986303425505,5809,FALSE
Pv2.1_07_35055581_T/G,Chr07,35055581,0.0284979054020651,5810,FALSE
Pv2.1_04_41855345_A/G,Chr04,41855345,0.0284952271815921,5811,FALSE
Pv2.1_04_41855347_G/A,Chr04,41855347,0.0284952271815921,5812,FALSE
Pv2.1_11_52413269_T/A,Chr11,52413269,0.0284912195475391,5813,FALSE
Pv2.1_06_27995543_C/A,Chr06,27995543,0.0284852621783127,5814,FALSE
Pv2.1_10_42578179_G/T,Chr10,42578179,0.0284841336463706,5815,FALSE
Pv2.1_03_39819948_G/A,Chr03,39819948,0.0284808341307778,5816,FALSE
Pv2.1_03_2580041_G/T,Chr03,2580041,0.0284784472353365,5817,FALSE
Pv2.1_11_49386062_T/G,Chr11,49386062,0.0284780180511475,5818,FALSE
Pv2.1_06_22450346_G/A,Chr06,22450346,0.0284706279380238,5819,FALSE
Pv2.1_11_51718340_T/C,Chr11,51718340,0.0284695955787839,5820,FALSE
Pv2.1_04_47457860_G/A,Chr04,47457860,0.0284670833399847,5821,FALSE
Pv2.1_08_61844238_G/A,Chr08,61844238,0.0284647244234226,5822,FALSE
Pv2.1_04_46973050_G/A,Chr04,46973050,0.0284629838309467,5823,FALSE
Pv2.1_09_10480503_A/G,Chr09,10480503,0.0284617795664213,5824,FALSE
Pv2.1_07_9591956_C/T,Chr07,9591956,0.0284574900654437,5825,FALSE
Pv2.1_10_5819323_T/C,Chr10,5819323,0.0284571689698536,5826,FALSE
Pv2.1_06_29498069_T/C,Chr06,29498069,0.0284570544774239,5827,FALSE
Pv2.1_01_5848070_A/T,Chr01,5848070,0.0284554647836219,5828,FALSE
Pv2.1_11_51100401_C/A,Chr11,51100401,0.0284525954451409,5829,FALSE
Pv2.1_11_51100401_C/G,Chr11,51100401,0.0284525954451409,5830,FALSE
Pv2.1_01_39645498_T/A,Chr01,39645498,0.0284498271648679,5831,FALSE
Pv2.1_06_19335034_A/C,Chr06,19335034,0.0284482191805817,5832,FALSE
Pv2.1_06_14591818_TTTG/T,Chr06,14591818,0.0284469416419695,5833,FALSE
Pv2.1_01_45464124_C/G,Chr01,45464124,0.0284447270800929,5834,FALSE
Pv2.1_08_12163608_C/T,Chr08,12163608,0.0284440538227098,5835,FALSE
Pv2.1_11_4839613_C/T,Chr11,4839613,0.0284414417922139,5836,FALSE
Pv2.1_07_9326886_G/A,Chr07,9326886,0.0284400898727384,5837,FALSE
Pv2.1_06_29635240_G/T,Chr06,29635240,0.0284399974042677,5838,FALSE
Pv2.1_02_43035379_G/T,Chr02,43035379,0.0284390109678223,5839,FALSE
Pv2.1_11_51020744_G/A,Chr11,51020744,0.0284362833003966,5840,FALSE
Pv2.1_06_2590939_C/T,Chr06,2590939,0.0284360759215603,5841,FALSE
Pv2.1_02_13413209_G/A,Chr02,13413209,0.0284355962766232,5842,FALSE
Pv2.1_10_4052610_A/G,Chr10,4052610,0.0284310945965243,5843,FALSE
Pv2.1_11_30297864_C/T,Chr11,30297864,0.0284297299545186,5844,FALSE
Pv2.1_08_61408777_T/C,Chr08,61408777,0.0284296015068772,5845,FALSE
Pv2.1_07_28380581_T/A,Chr07,28380581,0.0284236077235063,5846,FALSE
Pv2.1_06_28248937_G/A,Chr06,28248937,0.028417190888403,5847,FALSE
Pv2.1_11_771070_T/G,Chr11,771070,0.0284142507334697,5848,FALSE
Pv2.1_06_4332454_A/T,Chr06,4332454,0.0284121719605408,5849,FALSE
Pv2.1_07_37122664_A/G,Chr07,37122664,0.0284105317623578,5850,FALSE
Pv2.1_07_37122652_T/A,Chr07,37122652,0.0284105317623573,5851,FALSE
Pv2.1_03_36700584_G/T,Chr03,36700584,0.0284085511330114,5852,FALSE
Pv2.1_06_7365022_A/T,Chr06,7365022,0.0284084206289115,5853,FALSE
Pv2.1_08_60714995_A/G,Chr08,60714995,0.0284066104622087,5854,FALSE
Pv2.1_03_1303436_T/G,Chr03,1303436,0.0284017945184258,5855,FALSE
Pv2.1_07_4000981_T/C,Chr07,4000981,0.0284014997982882,5856,FALSE
Pv2.1_11_3516975_C/T,Chr11,3516975,0.0283995481315231,5857,FALSE
Pv2.1_03_42033866_C/T,Chr03,42033866,0.0283988665944928,5858,FALSE
Pv2.1_03_46140179_T/C,Chr03,46140179,0.0283979216736294,5859,FALSE
Pv2.1_08_57579076_C/T,Chr08,57579076,0.0283953265781327,5860,FALSE
Pv2.1_06_22023974_A/G,Chr06,22023974,0.0283938612927606,5861,FALSE
Pv2.1_08_59036120_T/C,Chr08,59036120,0.0283907854981438,5862,FALSE
Pv2.1_06_21423519_T/C,Chr06,21423519,0.0283880273525967,5863,FALSE
Pv2.1_07_10704382_G/A,Chr07,10704382,0.0283870855516768,5864,FALSE
Pv2.1_11_31221061_T/C,Chr11,31221061,0.0283870020434276,5865,FALSE
Pv2.1_11_44322425_A/G,Chr11,44322425,0.0283838126376805,5866,FALSE
Pv2.1_06_19923733_A/G,Chr06,19923733,0.0283762704072585,5867,FALSE
Pv2.1_09_21892309_T/C,Chr09,21892309,0.0283760495489642,5868,FALSE
Pv2.1_07_6734412_A/G,Chr07,6734412,0.0283758754637464,5869,FALSE
Pv2.1_11_2133612_G/A,Chr11,2133612,0.02837560493152,5870,FALSE
Pv2.1_03_52912945_C/T,Chr03,52912945,0.0283755967043327,5871,FALSE
Pv2.1_03_36501868_A/G,Chr03,36501868,0.0283699445834498,5872,FALSE
Pv2.1_02_480130_G/A,Chr02,480130,0.0283662484076084,5873,FALSE
Pv2.1_08_23669677_G/A,Chr08,23669677,0.0283656175809481,5874,FALSE
Pv2.1_09_36418376_G/A,Chr09,36418376,0.0283595434402515,5875,FALSE
Pv2.1_10_2997824_T/A,Chr10,2997824,0.0283587250895345,5876,FALSE
Pv2.1_07_4078784_G/C,Chr07,4078784,0.0283573107947084,5877,FALSE
Pv2.1_08_61729120_G/A,Chr08,61729120,0.0283548853866975,5878,FALSE
Pv2.1_11_3337655_C/T,Chr11,3337655,0.028352692570476,5879,FALSE
Pv2.1_01_37766581_A/G,Chr01,37766581,0.02835133296922,5880,FALSE
Pv2.1_03_52821496_A/C,Chr03,52821496,0.0283441773008297,5881,FALSE
Pv2.1_04_23952_G/A,Chr04,23952,0.0283430095636597,5882,FALSE
Pv2.1_01_49139009_G/C,Chr01,49139009,0.0283416218908563,5883,FALSE
Pv2.1_01_6463027_G/A,Chr01,6463027,0.028340454470305,5884,FALSE
Pv2.1_01_3737817_A/G,Chr01,3737817,0.028339134560917,5885,FALSE
Pv2.1_03_1303451_T/C,Chr03,1303451,0.0283282507424074,5886,FALSE
Pv2.1_05_35669274_T/G,Chr05,35669274,0.0283281508434223,5887,FALSE
Pv2.1_02_28089459_CTGGG/C,Chr02,28089459,0.0283265648800795,5888,FALSE
Pv2.1_06_4221905_C/T,Chr06,4221905,0.0283263758595371,5889,FALSE
Pv2.1_08_62914224_T/C,Chr08,62914224,0.0283227308724463,5890,FALSE
Pv2.1_08_58173773_A/G,Chr08,58173773,0.0283216335356156,5891,FALSE
Pv2.1_04_43943487_T/C,Chr04,43943487,0.0283203542541939,5892,FALSE
Pv2.1_11_51916530_A/G,Chr11,51916530,0.0283197521472287,5893,FALSE
Pv2.1_07_32262203_C/T,Chr07,32262203,0.0283177038102833,5894,FALSE
Pv2.1_10_5819773_C/T,Chr10,5819773,0.0283168663685531,5895,FALSE
Pv2.1_11_1703975_C/G,Chr11,1703975,0.0283142137020991,5896,FALSE
Pv2.1_11_2674168_G/T,Chr11,2674168,0.0283130390695554,5897,FALSE
Pv2.1_08_62894959_G/C,Chr08,62894959,0.0283124892681776,5898,FALSE
Pv2.1_08_61363123_A/G,Chr08,61363123,0.0283110342772721,5899,FALSE
Pv2.1_03_8030551_C/G,Chr03,8030551,0.0283079263644912,5900,FALSE
Pv2.1_03_45519720_C/T,Chr03,45519720,0.0283069392883655,5901,FALSE
Pv2.1_06_18731307_T/TAA,Chr06,18731307,0.0283030345587325,5902,FALSE
Pv2.1_04_46934133_A/AT,Chr04,46934133,0.0282998566358845,5903,FALSE
Pv2.1_03_30108256_C/G,Chr03,30108256,0.0282990104595453,5904,FALSE
Pv2.1_11_49895882_G/T,Chr11,49895882,0.0282986441319388,5905,FALSE
Pv2.1_02_23133217_A/G,Chr02,23133217,0.0282960757504878,5906,FALSE
Pv2.1_05_120710_C/T,Chr05,120710,0.0282960225099869,5907,FALSE
Pv2.1_09_37766314_G/A,Chr09,37766314,0.0282956854259138,5908,FALSE
Pv2.1_11_48008106_G/C,Chr11,48008106,0.0282949844250853,5909,FALSE
Pv2.1_02_35804927_G/A,Chr02,35804927,0.0282895304040762,5910,FALSE
Pv2.1_03_31136003_T/C,Chr03,31136003,0.0282887438534134,5911,FALSE
Pv2.1_08_14737509_T/A,Chr08,14737509,0.0282857496912428,5912,FALSE
Pv2.1_06_13641659_A/C,Chr06,13641659,0.0282854601109959,5913,FALSE
Pv2.1_06_13641670_T/G,Chr06,13641670,0.0282854601109959,5914,FALSE
Pv2.1_06_30972429_C/T,Chr06,30972429,0.0282831775639254,5915,FALSE
Pv2.1_02_3160595_C/T,Chr02,3160595,0.0282822172523574,5916,FALSE
Pv2.1_04_1686917_A/T,Chr04,1686917,0.0282735436603216,5917,FALSE
Pv2.1_02_26529101_C/T,Chr02,26529101,0.028271834356226,5918,FALSE
Pv2.1_05_3739664_T/A,Chr05,3739664,0.0282710915310975,5919,FALSE
Pv2.1_03_45786083_A/G,Chr03,45786083,0.0282708900037649,5920,FALSE
Pv2.1_10_9922562_A/G,Chr10,9922562,0.0282689672519441,5921,FALSE
Pv2.1_06_14042574_A/G,Chr06,14042574,0.0282656311192144,5922,FALSE
Pv2.1_08_56137334_G/T,Chr08,56137334,0.0282621970343602,5923,FALSE
Pv2.1_08_52656361_T/C,Chr08,52656361,0.0282616016706783,5924,FALSE
Pv2.1_07_35106008_A/C,Chr07,35106008,0.0282614030470625,5925,FALSE
Pv2.1_10_41561643_G/A,Chr10,41561643,0.0282596228876164,5926,FALSE
Pv2.1_02_1584321_A/T,Chr02,1584321,0.028259161296841,5927,FALSE
Pv2.1_02_1584329_T/A,Chr02,1584329,0.028259161296841,5928,FALSE
Pv2.1_09_37951094_G/C,Chr09,37951094,0.0282546676114173,5929,FALSE
Pv2.1_09_37431766_A/T,Chr09,37431766,0.0282494664395028,5930,FALSE
Pv2.1_10_42512372_A/T,Chr10,42512372,0.0282491234943612,5931,FALSE
Pv2.1_01_48613484_G/A,Chr01,48613484,0.0282457287705125,5932,FALSE
Pv2.1_07_38135326_T/C,Chr07,38135326,0.0282431319552674,5933,FALSE
Pv2.1_01_1059348_C/T,Chr01,1059348,0.0282376301953522,5934,FALSE
Pv2.1_05_3779512_G/A,Chr05,3779512,0.0282336852228728,5935,FALSE
Pv2.1_08_55265202_G/A,Chr08,55265202,0.0282334976936518,5936,FALSE
Pv2.1_04_4560940_C/G,Chr04,4560940,0.0282316115654373,5937,FALSE
Pv2.1_09_38219084_T/G,Chr09,38219084,0.0282278091115518,5938,FALSE
Pv2.1_09_13933906_AT/A,Chr09,13933906,0.0282267919126413,5939,FALSE
Pv2.1_08_84467_T/A,Chr08,84467,0.0282249268711836,5940,FALSE
Pv2.1_08_854528_C/A,Chr08,854528,0.0282249268711836,5941,FALSE
Pv2.1_08_854529_A/T,Chr08,854529,0.0282249268711836,5942,FALSE
Pv2.1_11_2674186_T/G,Chr11,2674186,0.0282242483893516,5943,FALSE
Pv2.1_02_31180899_T/TGG,Chr02,31180899,0.0282239454006961,5944,FALSE
Pv2.1_07_28976509_T/C,Chr07,28976509,0.0282236243526488,5945,FALSE
Pv2.1_08_62863783_T/C,Chr08,62863783,0.02822267473615,5946,FALSE
Pv2.1_08_62863789_G/A,Chr08,62863789,0.02822267473615,5947,FALSE
Pv2.1_04_43641306_T/C,Chr04,43641306,0.0282220574740277,5948,FALSE
Pv2.1_06_29506615_T/C,Chr06,29506615,0.0282219515459374,5949,FALSE
Pv2.1_11_50398205_C/G,Chr11,50398205,0.0282202445867896,5950,FALSE
Pv2.1_05_5488703_C/T,Chr05,5488703,0.0282178396317954,5951,FALSE
Pv2.1_01_51318889_C/A,Chr01,51318889,0.0282175101452857,5952,FALSE
Pv2.1_08_6229274_T/A,Chr08,6229274,0.0282134536293426,5953,FALSE
Pv2.1_02_2950361_A/G,Chr02,2950361,0.0282121461433036,5954,FALSE
Pv2.1_07_39361092_G/A,Chr07,39361092,0.028210576915797,5955,FALSE
Pv2.1_08_57637552_TAA/T,Chr08,57637552,0.0282105472559246,5956,FALSE
Pv2.1_06_22428416_A/G,Chr06,22428416,0.0282098080587487,5957,FALSE
Pv2.1_07_9773095_T/C,Chr07,9773095,0.0282085966706243,5958,FALSE
Pv2.1_07_9773105_A/G,Chr07,9773105,0.0282085966706243,5959,FALSE
Pv2.1_11_52984452_A/C,Chr11,52984452,0.0282082916777258,5960,FALSE
Pv2.1_10_3435493_G/A,Chr10,3435493,0.028204053063654,5961,FALSE
Pv2.1_04_7272122_G/T,Chr04,7272122,0.0281991080022075,5962,FALSE
Pv2.1_08_62553186_A/G,Chr08,62553186,0.0281876482365129,5963,FALSE
Pv2.1_11_2151978_G/A,Chr11,2151978,0.0281830726599468,5964,FALSE
Pv2.1_06_26259338_A/G,Chr06,26259338,0.0281815892864454,5965,FALSE
Pv2.1_08_636046_A/G,Chr08,636046,0.0281814161724752,5966,FALSE
Pv2.1_08_636052_A/AAC,Chr08,636052,0.0281814161724752,5967,FALSE
Pv2.1_08_62952267_A/G,Chr08,62952267,0.0281789299556694,5968,FALSE
Pv2.1_08_62327623_T/C,Chr08,62327623,0.0281779212588353,5969,FALSE
Pv2.1_08_58524540_A/T,Chr08,58524540,0.0281771339032146,5970,FALSE
Pv2.1_04_47654443_G/A,Chr04,47654443,0.0281760813195358,5971,FALSE
Pv2.1_07_39831657_C/T,Chr07,39831657,0.028173889339584,5972,FALSE
Pv2.1_03_48151719_G/T,Chr03,48151719,0.0281728973436119,5973,FALSE
Pv2.1_11_32258525_T/C,Chr11,32258525,0.0281722068749986,5974,FALSE
Pv2.1_07_729655_C/CAA,Chr07,729655,0.0281720961145973,5975,FALSE
Pv2.1_11_44318632_T/C,Chr11,44318632,0.0281689563695409,5976,FALSE
Pv2.1_05_38386200_C/T,Chr05,38386200,0.0281673158156268,5977,FALSE
Pv2.1_06_21414356_A/C,Chr06,21414356,0.0281669364033852,5978,FALSE
Pv2.1_04_46727431_G/T,Chr04,46727431,0.0281659935030367,5979,FALSE
Pv2.1_04_46727432_A/G,Chr04,46727432,0.0281659935030367,5980,FALSE
Pv2.1_02_27075353_A/T,Chr02,27075353,0.0281639061867165,5981,FALSE
Pv2.1_07_10184567_T/A,Chr07,10184567,0.0281635000848079,5982,FALSE
Pv2.1_08_13361263_G/A,Chr08,13361263,0.0281599366557552,5983,FALSE
Pv2.1_09_37739934_A/AGTAT,Chr09,37739934,0.0281561813671583,5984,FALSE
Pv2.1_08_61450420_G/A,Chr08,61450420,0.0281560189268721,5985,FALSE
Pv2.1_02_24746610_C/T,Chr02,24746610,0.0281548875195838,5986,FALSE
Pv2.1_07_8603655_G/A,Chr07,8603655,0.028153474726393,5987,FALSE
Pv2.1_01_2547918_C/T,Chr01,2547918,0.0281483206550801,5988,FALSE
Pv2.1_03_40764865_G/T,Chr03,40764865,0.028146202247247,5989,FALSE
Pv2.1_08_712412_T/G,Chr08,712412,0.0281456420234427,5990,FALSE
Pv2.1_08_712429_G/C,Chr08,712429,0.0281456420234427,5991,FALSE
Pv2.1_08_62550621_G/C,Chr08,62550621,0.0281447539857553,5992,FALSE
Pv2.1_07_9685092_G/A,Chr07,9685092,0.0281426946907275,5993,FALSE
Pv2.1_07_9685135_T/C,Chr07,9685135,0.0281426946907275,5994,FALSE
Pv2.1_04_4471410_A/T,Chr04,4471410,0.0281419927912463,5995,FALSE
Pv2.1_06_25610633_G/A,Chr06,25610633,0.0281387364125356,5996,FALSE
Pv2.1_07_36203151_T/G,Chr07,36203151,0.0281339377831253,5997,FALSE
Pv2.1_08_2907111_T/C,Chr08,2907111,0.0281312220854497,5998,FALSE
Pv2.1_08_62710628_T/C,Chr08,62710628,0.028131170768618,5999,FALSE
Pv2.1_08_60362432_G/A,Chr08,60362432,0.0281278985698368,6000,FALSE
Pv2.1_05_26209902_C/T,Chr05,26209902,0.0281275702102533,6001,FALSE
Pv2.1_03_36404545_A/G,Chr03,36404545,0.028124746153142,6002,FALSE
Pv2.1_02_24747110_T/G,Chr02,24747110,0.028123276419207,6003,FALSE
Pv2.1_11_45469615_G/C,Chr11,45469615,0.0281228347746501,6004,FALSE
Pv2.1_11_51522638_C/G,Chr11,51522638,0.028119438847618,6005,FALSE
Pv2.1_03_39370266_C/T,Chr03,39370266,0.0281190110695371,6006,FALSE
Pv2.1_02_41768892_A/C,Chr02,41768892,0.0281154835053128,6007,FALSE
Pv2.1_09_37810707_C/T,Chr09,37810707,0.0281149109130339,6008,FALSE
Pv2.1_02_518635_G/T,Chr02,518635,0.0281096193294932,6009,FALSE
Pv2.1_07_9858146_A/G,Chr07,9858146,0.0281085126794474,6010,FALSE
Pv2.1_01_2503661_A/C,Chr01,2503661,0.0280989976919437,6011,FALSE
Pv2.1_07_1513782_C/A,Chr07,1513782,0.0280956228958549,6012,FALSE
Pv2.1_02_26924484_T/C,Chr02,26924484,0.0280930618674673,6013,FALSE
Pv2.1_05_2230176_G/A,Chr05,2230176,0.0280921192017969,6014,FALSE
Pv2.1_01_51186353_C/T,Chr01,51186353,0.0280913896559181,6015,FALSE
Pv2.1_10_41562051_T/G,Chr10,41562051,0.0280903329509319,6016,FALSE
Pv2.1_03_36438808_C/G,Chr03,36438808,0.0280847827133846,6017,FALSE
Pv2.1_11_53418590_T/A,Chr11,53418590,0.0280808852321184,6018,FALSE
Pv2.1_11_53418601_C/T,Chr11,53418601,0.0280808852321184,6019,FALSE
Pv2.1_11_53418612_G/A,Chr11,53418612,0.0280808852321184,6020,FALSE
Pv2.1_11_53418617_T/G,Chr11,53418617,0.0280808852321184,6021,FALSE
Pv2.1_06_20094605_G/C,Chr06,20094605,0.0280790073291364,6022,FALSE
Pv2.1_05_39470840_C/T,Chr05,39470840,0.028076513370539,6023,FALSE
Pv2.1_07_37599957_T/C,Chr07,37599957,0.0280755442813194,6024,FALSE
Pv2.1_04_5754260_C/T,Chr04,5754260,0.028073906584392,6025,FALSE
Pv2.1_07_9592213_G/A,Chr07,9592213,0.0280738897304933,6026,FALSE
Pv2.1_04_1317960_T/C,Chr04,1317960,0.0280693676686483,6027,FALSE
Pv2.1_07_4307230_G/T,Chr07,4307230,0.0280687716827996,6028,FALSE
Pv2.1_08_14362541_A/G,Chr08,14362541,0.0280680119273598,6029,FALSE
Pv2.1_07_992391_T/C,Chr07,992391,0.0280642899990822,6030,FALSE
Pv2.1_06_4592282_A/G,Chr06,4592282,0.0280632422011045,6031,FALSE
Pv2.1_06_4592294_T/C,Chr06,4592294,0.0280632422011045,6032,FALSE
Pv2.1_05_121066_C/T,Chr05,121066,0.0280632157275593,6033,FALSE
Pv2.1_09_36526432_T/C,Chr09,36526432,0.0280604669556506,6034,FALSE
Pv2.1_06_1718932_T/C,Chr06,1718932,0.0280603762496523,6035,FALSE
Pv2.1_08_48439938_T/G,Chr08,48439938,0.0280590465666202,6036,FALSE
Pv2.1_10_2181634_A/G,Chr10,2181634,0.0280589782771554,6037,FALSE
Pv2.1_05_402774_G/A,Chr05,402774,0.0280565296478277,6038,FALSE
Pv2.1_08_282962_C/G,Chr08,282962,0.0280562217775371,6039,FALSE
Pv2.1_02_2618488_G/T,Chr02,2618488,0.0280552122638769,6040,FALSE
Pv2.1_03_12147791_G/T,Chr03,12147791,0.0280533199062516,6041,FALSE
Pv2.1_11_622998_C/T,Chr11,622998,0.0280521643767129,6042,FALSE
Pv2.1_06_15951855_T/C,Chr06,15951855,0.0280504723278643,6043,FALSE
Pv2.1_02_44880444_G/T,Chr02,44880444,0.0280464108868692,6044,FALSE
Pv2.1_05_39317171_A/G,Chr05,39317171,0.0280456928938095,6045,FALSE
Pv2.1_05_2037055_A/G,Chr05,2037055,0.0280447322146742,6046,FALSE
Pv2.1_01_51209420_T/C,Chr01,51209420,0.0280441731017609,6047,FALSE
Pv2.1_01_4953538_C/A,Chr01,4953538,0.0280436895847647,6048,FALSE
Pv2.1_02_47592217_A/G,Chr02,47592217,0.0280431910919847,6049,FALSE
Pv2.1_03_52855613_C/T,Chr03,52855613,0.0280404029329806,6050,FALSE
Pv2.1_03_52855630_A/G,Chr03,52855630,0.0280404029329806,6051,FALSE
Pv2.1_03_52855565_A/C,Chr03,52855565,0.0280404029329802,6052,FALSE
Pv2.1_01_148035_A/ACTT,Chr01,148035,0.0280359252874556,6053,FALSE
Pv2.1_07_4245047_A/G,Chr07,4245047,0.0280322443799697,6054,FALSE
Pv2.1_09_14645220_G/A,Chr09,14645220,0.0280320205437086,6055,FALSE
Pv2.1_11_2269570_C/A,Chr11,2269570,0.0280277845175418,6056,FALSE
Pv2.1_11_2269584_A/G,Chr11,2269584,0.0280277845175418,6057,FALSE
Pv2.1_07_4014553_G/T,Chr07,4014553,0.0280256306338562,6058,FALSE
Pv2.1_07_37475158_T/C,Chr07,37475158,0.028023999341646,6059,FALSE
Pv2.1_04_46177924_T/A,Chr04,46177924,0.0280184084106465,6060,FALSE
Pv2.1_10_42792027_T/TA,Chr10,42792027,0.0280170378953866,6061,FALSE
Pv2.1_07_35749538_C/T,Chr07,35749538,0.0280168228389304,6062,FALSE
Pv2.1_07_35749552_T/A,Chr07,35749552,0.0280168228389304,6063,FALSE
Pv2.1_06_24336469_A/G,Chr06,24336469,0.0280132982656705,6064,FALSE
Pv2.1_07_36850020_G/A,Chr07,36850020,0.0280127529056617,6065,FALSE
Pv2.1_05_7376222_C/CA,Chr05,7376222,0.0280123971144457,6066,FALSE
Pv2.1_10_42222453_T/C,Chr10,42222453,0.0280074229152145,6067,FALSE
Pv2.1_05_38422497_C/T,Chr05,38422497,0.0280067916608133,6068,FALSE
Pv2.1_09_20882211_G/T,Chr09,20882211,0.0280051726834008,6069,FALSE
Pv2.1_07_38038524_C/T,Chr07,38038524,0.0280038888862859,6070,FALSE
Pv2.1_05_2234784_T/A,Chr05,2234784,0.0280036513326589,6071,FALSE
Pv2.1_11_3284110_G/A,Chr11,3284110,0.028002604240287,6072,FALSE
Pv2.1_11_52660405_G/A,Chr11,52660405,0.0280009510699344,6073,FALSE
Pv2.1_02_2404781_C/T,Chr02,2404781,0.0280007408933218,6074,FALSE
Pv2.1_09_10332339_G/A,Chr09,10332339,0.0279985342011715,6075,FALSE
Pv2.1_07_8771143_G/A,Chr07,8771143,0.0279954566252769,6076,FALSE
Pv2.1_08_274567_C/T,Chr08,274567,0.0279921446872149,6077,FALSE
Pv2.1_06_18097143_C/T,Chr06,18097143,0.0279917198666482,6078,FALSE
Pv2.1_01_9794357_A/T,Chr01,9794357,0.0279904324665323,6079,FALSE
Pv2.1_11_43735894_T/A,Chr11,43735894,0.0279853233126217,6080,FALSE
Pv2.1_07_3505857_C/CT,Chr07,3505857,0.0279843650657692,6081,FALSE
Pv2.1_08_5260936_T/C,Chr08,5260936,0.0279819645574957,6082,FALSE
Pv2.1_08_60486037_G/T,Chr08,60486037,0.0279778407168712,6083,FALSE
Pv2.1_01_51305490_T/A,Chr01,51305490,0.0279759410952947,6084,FALSE
Pv2.1_03_36404484_A/T,Chr03,36404484,0.0279734924777491,6085,FALSE
Pv2.1_09_273870_G/T,Chr09,273870,0.0279732196842044,6086,FALSE
Pv2.1_02_30738330_A/G,Chr02,30738330,0.0279666920491062,6087,FALSE
Pv2.1_10_2857807_C/T,Chr10,2857807,0.0279661081219396,6088,FALSE
Pv2.1_07_35718578_C/T,Chr07,35718578,0.0279660846398162,6089,FALSE
Pv2.1_03_33564247_T/TG,Chr03,33564247,0.0279653881525346,6090,FALSE
Pv2.1_06_19731319_A/T,Chr06,19731319,0.0279643465457724,6091,FALSE
Pv2.1_04_1576956_C/T,Chr04,1576956,0.0279641821129175,6092,FALSE
Pv2.1_07_7073493_T/G,Chr07,7073493,0.0279621487174224,6093,FALSE
Pv2.1_07_35055592_T/C,Chr07,35055592,0.0279598369630412,6094,FALSE
Pv2.1_11_2158557_A/G,Chr11,2158557,0.0279582118370234,6095,FALSE
Pv2.1_07_9182627_C/T,Chr07,9182627,0.0279571959834879,6096,FALSE
Pv2.1_09_29768083_A/G,Chr09,29768083,0.0279565013571079,6097,FALSE
Pv2.1_07_10731863_T/A,Chr07,10731863,0.027956127605655,6098,FALSE
Pv2.1_06_18830053_A/T,Chr06,18830053,0.0279553157973469,6099,FALSE
Pv2.1_06_2035657_G/C,Chr06,2035657,0.0279549513429647,6100,FALSE
Pv2.1_08_564157_T/C,Chr08,564157,0.0279536840473669,6101,FALSE
Pv2.1_06_7859017_C/T,Chr06,7859017,0.0279455641224966,6102,FALSE
Pv2.1_03_36395591_C/T,Chr03,36395591,0.027941965857091,6103,FALSE
Pv2.1_08_62767104_C/T,Chr08,62767104,0.0279418952316544,6104,FALSE
Pv2.1_07_9441645_G/A,Chr07,9441645,0.0279368254108769,6105,FALSE
Pv2.1_07_38093090_G/A,Chr07,38093090,0.0279356884908424,6106,FALSE
Pv2.1_11_4593447_G/T,Chr11,4593447,0.0279355481258072,6107,FALSE
Pv2.1_06_22215009_T/C,Chr06,22215009,0.0279330791418362,6108,FALSE
Pv2.1_10_41709538_C/T,Chr10,41709538,0.0279311990048461,6109,FALSE
Pv2.1_07_4323931_A/G,Chr07,4323931,0.0279295072415984,6110,FALSE
Pv2.1_01_50856617_T/C,Chr01,50856617,0.0279280912838651,6111,FALSE
Pv2.1_02_2462897_T/C,Chr02,2462897,0.0279224771807298,6112,FALSE
Pv2.1_07_9330379_T/C,Chr07,9330379,0.0279196226266114,6113,FALSE
Pv2.1_08_1591798_A/T,Chr08,1591798,0.0279157087212076,6114,FALSE
Pv2.1_04_311722_C/T,Chr04,311722,0.0279122777593344,6115,FALSE
Pv2.1_07_1620908_C/G,Chr07,1620908,0.0279111190401546,6116,FALSE
Pv2.1_01_51343831_G/A,Chr01,51343831,0.0279075730934424,6117,FALSE
Pv2.1_09_37429069_C/T,Chr09,37429069,0.0279065783619026,6118,FALSE
Pv2.1_05_37924583_GT/G,Chr05,37924583,0.0279017855499975,6119,FALSE
Pv2.1_08_62882659_G/T,Chr08,62882659,0.0279000823101896,6120,FALSE
Pv2.1_11_50572042_G/C,Chr11,50572042,0.0278919675445253,6121,FALSE
Pv2.1_11_50572071_G/A,Chr11,50572071,0.0278919675445253,6122,FALSE
Pv2.1_11_50572072_C/T,Chr11,50572072,0.0278919675445253,6123,FALSE
Pv2.1_07_39289776_G/A,Chr07,39289776,0.0278912878053634,6124,FALSE
Pv2.1_03_11673373_G/A,Chr03,11673373,0.02789033096946,6125,FALSE
Pv2.1_08_1251855_T/G,Chr08,1251855,0.0278892438727398,6126,FALSE
Pv2.1_02_24785706_T/C,Chr02,24785706,0.0278814737162478,6127,FALSE
Pv2.1_08_60714982_A/T,Chr08,60714982,0.0278812127096431,6128,FALSE
Pv2.1_03_52635917_C/T,Chr03,52635917,0.0278811128908663,6129,FALSE
Pv2.1_11_35921373_G/A,Chr11,35921373,0.0278803649687616,6130,FALSE
Pv2.1_01_51074408_T/A,Chr01,51074408,0.0278784980623605,6131,FALSE
Pv2.1_11_3343230_G/A,Chr11,3343230,0.0278775761937546,6132,FALSE
Pv2.1_03_53076714_G/A,Chr03,53076714,0.027875163276037,6133,FALSE
Pv2.1_08_61692784_C/T,Chr08,61692784,0.0278744071684729,6134,FALSE
Pv2.1_07_9441525_G/A,Chr07,9441525,0.0278739719342624,6135,FALSE
Pv2.1_07_9680861_A/T,Chr07,9680861,0.0278739719342624,6136,FALSE
Pv2.1_06_26045181_A/C,Chr06,26045181,0.0278731915785153,6137,FALSE
Pv2.1_05_38304349_G/C,Chr05,38304349,0.0278731527763862,6138,FALSE
Pv2.1_07_444048_A/G,Chr07,444048,0.0278723391698943,6139,FALSE
Pv2.1_11_35921290_T/C,Chr11,35921290,0.0278722555360909,6140,FALSE
Pv2.1_08_61870999_T/A,Chr08,61870999,0.027871153413781,6141,FALSE
Pv2.1_11_2158502_T/A,Chr11,2158502,0.0278708408351167,6142,FALSE
Pv2.1_11_2158517_CTT/C,Chr11,2158517,0.0278708408351167,6143,FALSE
Pv2.1_06_28045860_G/C,Chr06,28045860,0.0278689640624661,6144,FALSE
Pv2.1_07_38038554_T/C,Chr07,38038554,0.0278679892516367,6145,FALSE
Pv2.1_02_3058674_A/G,Chr02,3058674,0.0278663183161156,6146,FALSE
Pv2.1_11_51713888_T/C,Chr11,51713888,0.0278641159790931,6147,FALSE
Pv2.1_02_1773128_C/T,Chr02,1773128,0.0278600502907702,6148,FALSE
Pv2.1_01_3548935_A/T,Chr01,3548935,0.0278598622945472,6149,FALSE
Pv2.1_04_47055225_A/C,Chr04,47055225,0.0278558432207143,6150,FALSE
Pv2.1_08_59036117_T/C,Chr08,59036117,0.0278531191124278,6151,FALSE
Pv2.1_01_49301985_T/C,Chr01,49301985,0.0278461006097235,6152,FALSE
Pv2.1_07_8497468_T/TG,Chr07,8497468,0.0278432215561626,6153,FALSE
Pv2.1_07_7073543_T/TA,Chr07,7073543,0.0278430596709791,6154,FALSE
Pv2.1_07_8771144_A/C,Chr07,8771144,0.0278426815487625,6155,FALSE
Pv2.1_08_76419_G/C,Chr08,76419,0.0278425582811019,6156,FALSE
Pv2.1_03_52508209_G/C,Chr03,52508209,0.0278388421411426,6157,FALSE
Pv2.1_11_49164953_G/A,Chr11,49164953,0.0278376868988173,6158,FALSE
Pv2.1_08_3706315_A/C,Chr08,3706315,0.0278364378193978,6159,FALSE
Pv2.1_07_4130921_T/G,Chr07,4130921,0.027835126410551,6160,FALSE
Pv2.1_08_61889738_G/C,Chr08,61889738,0.0278259379148782,6161,FALSE
Pv2.1_06_29561784_T/A,Chr06,29561784,0.0278252946309814,6162,FALSE
Pv2.1_06_29561787_G/T,Chr06,29561787,0.0278252946309814,6163,FALSE
Pv2.1_02_30043664_G/A,Chr02,30043664,0.0278250157008877,6164,FALSE
Pv2.1_11_35707618_A/G,Chr11,35707618,0.0278247036052832,6165,FALSE
Pv2.1_06_22642354_G/A,Chr06,22642354,0.0278233355314415,6166,FALSE
Pv2.1_08_62952692_C/T,Chr08,62952692,0.0278224833820429,6167,FALSE
Pv2.1_04_47668963_C/CT,Chr04,47668963,0.027821183869658,6168,FALSE
Pv2.1_06_22024028_A/T,Chr06,22024028,0.0278121746114279,6169,FALSE
Pv2.1_07_28380610_T/G,Chr07,28380610,0.0278113354893228,6170,FALSE
Pv2.1_09_7677798_T/C,Chr09,7677798,0.0278074085158422,6171,FALSE
Pv2.1_02_675193_C/T,Chr02,675193,0.0278032112314457,6172,FALSE
Pv2.1_02_24160487_C/T,Chr02,24160487,0.0278024572406226,6173,FALSE
Pv2.1_03_46149306_A/G,Chr03,46149306,0.0278014129425275,6174,FALSE
Pv2.1_07_1800972_G/T,Chr07,1800972,0.0278001667402625,6175,FALSE
Pv2.1_08_16263704_G/A,Chr08,16263704,0.0277974294522312,6176,FALSE
Pv2.1_04_41774120_T/G,Chr04,41774120,0.0277962412309472,6177,FALSE
Pv2.1_06_19235257_C/A,Chr06,19235257,0.0277952538851411,6178,FALSE
Pv2.1_06_15752780_C/T,Chr06,15752780,0.0277935823083531,6179,FALSE
Pv2.1_08_1174466_T/C,Chr08,1174466,0.0277926555316133,6180,FALSE
Pv2.1_03_49777966_G/A,Chr03,49777966,0.0277902795950031,6181,FALSE
Pv2.1_11_51028080_T/C,Chr11,51028080,0.0277900979853207,6182,FALSE
Pv2.1_06_29458170_G/T,Chr06,29458170,0.0277859029317211,6183,FALSE
Pv2.1_06_29458203_T/C,Chr06,29458203,0.0277859029317211,6184,FALSE
Pv2.1_10_43183736_A/G,Chr10,43183736,0.0277828795628325,6185,FALSE
Pv2.1_01_51135669_T/A,Chr01,51135669,0.0277778164443401,6186,FALSE
Pv2.1_03_40736319_T/C,Chr03,40736319,0.0277759822930554,6187,FALSE
Pv2.1_11_35498585_G/A,Chr11,35498585,0.027773484008943,6188,FALSE
Pv2.1_03_51285164_C/G,Chr03,51285164,0.0277672276015517,6189,FALSE
Pv2.1_07_6784748_C/T,Chr07,6784748,0.0277658190191761,6190,FALSE
Pv2.1_07_6784761_C/G,Chr07,6784761,0.0277658190191761,6191,FALSE
Pv2.1_06_8347631_G/T,Chr06,8347631,0.0277633928387306,6192,FALSE
Pv2.1_06_8347642_G/A,Chr06,8347642,0.0277633928387306,6193,FALSE
Pv2.1_11_53467728_G/A,Chr11,53467728,0.0277598513022035,6194,FALSE
Pv2.1_07_1558198_G/A,Chr07,1558198,0.0277590089705004,6195,FALSE
Pv2.1_04_45531258_A/T,Chr04,45531258,0.0277565774499085,6196,FALSE
Pv2.1_03_11281631_T/C,Chr03,11281631,0.027752939512419,6197,FALSE
Pv2.1_03_52871545_A/T,Chr03,52871545,0.027749323708802,6198,FALSE
Pv2.1_01_4852889_AG/A,Chr01,4852889,0.0277491911504786,6199,FALSE
Pv2.1_03_51914835_A/ATGT,Chr03,51914835,0.0277457741758882,6200,FALSE
Pv2.1_05_1569166_A/G,Chr05,1569166,0.0277445627693056,6201,FALSE
Pv2.1_07_4014554_T/G,Chr07,4014554,0.0277436340769941,6202,FALSE
Pv2.1_08_62374740_C/A,Chr08,62374740,0.0277435091031304,6203,FALSE
Pv2.1_02_35113528_GT/G,Chr02,35113528,0.0277429195043228,6204,FALSE
Pv2.1_05_20630261_T/C,Chr05,20630261,0.0277427010191591,6205,FALSE
Pv2.1_10_43279673_T/C,Chr10,43279673,0.0277364342024375,6206,FALSE
Pv2.1_04_44964553_T/C,Chr04,44964553,0.0277362819644136,6207,FALSE
Pv2.1_02_39973281_C/A,Chr02,39973281,0.0277310294820969,6208,FALSE
Pv2.1_01_2550503_G/T,Chr01,2550503,0.0277307684502439,6209,FALSE
Pv2.1_03_1165983_T/G,Chr03,1165983,0.0277251223939441,6210,FALSE
Pv2.1_07_33523040_A/T,Chr07,33523040,0.0277219645077191,6211,FALSE
Pv2.1_03_30653113_G/A,Chr03,30653113,0.0277214220077662,6212,FALSE
Pv2.1_05_3462684_A/T,Chr05,3462684,0.0277160202593136,6213,FALSE
Pv2.1_08_1540075_A/T,Chr08,1540075,0.0277147241987334,6214,FALSE
Pv2.1_08_44047335_T/A,Chr08,44047335,0.0277114667648699,6215,FALSE
Pv2.1_04_41773896_C/T,Chr04,41773896,0.0277097488868119,6216,FALSE
Pv2.1_09_25494297_A/T,Chr09,25494297,0.0277076393146904,6217,FALSE
Pv2.1_06_27995415_T/C,Chr06,27995415,0.0277038341513087,6218,FALSE
Pv2.1_06_27995416_G/A,Chr06,27995416,0.0277038341513087,6219,FALSE
Pv2.1_08_61338127_TC/T,Chr08,61338127,0.0276958748620269,6220,FALSE
Pv2.1_08_1501530_A/T,Chr08,1501530,0.0276948112154027,6221,FALSE
Pv2.1_07_563355_C/G,Chr07,563355,0.0276945258308157,6222,FALSE
Pv2.1_09_13559644_C/G,Chr09,13559644,0.0276930074663122,6223,FALSE
Pv2.1_10_42638116_C/CTT,Chr10,42638116,0.0276883235370269,6224,FALSE
Pv2.1_03_40181429_T/C,Chr03,40181429,0.0276878581361704,6225,FALSE
Pv2.1_07_10364318_G/C,Chr07,10364318,0.0276786088622223,6226,FALSE
Pv2.1_07_624095_C/T,Chr07,624095,0.027678170656591,6227,FALSE
Pv2.1_06_14330348_A/G,Chr06,14330348,0.0276772129436425,6228,FALSE
Pv2.1_03_984236_C/T,Chr03,984236,0.0276757011843656,6229,FALSE
Pv2.1_07_189064_G/A,Chr07,189064,0.0276739899076928,6230,FALSE
Pv2.1_07_9908242_G/A,Chr07,9908242,0.0276732128855581,6231,FALSE
Pv2.1_07_9908260_A/G,Chr07,9908260,0.0276732128855581,6232,FALSE
Pv2.1_01_446205_G/T,Chr01,446205,0.027669593808588,6233,FALSE
Pv2.1_03_32778266_C/T,Chr03,32778266,0.0276661911373961,6234,FALSE
Pv2.1_08_3853209_T/G,Chr08,3853209,0.0276658367562845,6235,FALSE
Pv2.1_08_3853209_T/C,Chr08,3853209,0.0276658367562841,6236,FALSE
Pv2.1_09_22045256_C/T,Chr09,22045256,0.0276643110241213,6237,FALSE
Pv2.1_04_3255228_T/C,Chr04,3255228,0.0276610947930775,6238,FALSE
Pv2.1_09_22620486_A/C,Chr09,22620486,0.0276601035920505,6239,FALSE
Pv2.1_07_35055572_G/T,Chr07,35055572,0.027657808595666,6240,FALSE
Pv2.1_07_33548566_C/T,Chr07,33548566,0.0276573047012261,6241,FALSE
Pv2.1_11_5177837_C/A,Chr11,5177837,0.0276562986947591,6242,FALSE
Pv2.1_06_24107067_A/C,Chr06,24107067,0.0276553841959504,6243,FALSE
Pv2.1_02_41768915_C/A,Chr02,41768915,0.0276484626000806,6244,FALSE
Pv2.1_07_33348336_C/T,Chr07,33348336,0.0276382291864041,6245,FALSE
Pv2.1_05_457101_T/A,Chr05,457101,0.0276378556678178,6246,FALSE
Pv2.1_01_954818_C/T,Chr01,954818,0.0276336778923101,6247,FALSE
Pv2.1_08_84247_C/T,Chr08,84247,0.0276334836473304,6248,FALSE
Pv2.1_06_19549666_G/A,Chr06,19549666,0.0276317829358952,6249,FALSE
Pv2.1_02_48736237_G/A,Chr02,48736237,0.0276313804616688,6250,FALSE
Pv2.1_03_39810079_C/A,Chr03,39810079,0.0276272362871475,6251,FALSE
Pv2.1_08_61999071_G/A,Chr08,61999071,0.027623763925237,6252,FALSE
Pv2.1_03_549370_T/C,Chr03,549370,0.0276206690082454,6253,FALSE
Pv2.1_06_21970147_A/T,Chr06,21970147,0.0276205092621096,6254,FALSE
Pv2.1_04_279331_A/G,Chr04,279331,0.0276198281256015,6255,FALSE
Pv2.1_06_23255486_T/C,Chr06,23255486,0.0276186104148213,6256,FALSE
Pv2.1_06_28034965_C/T,Chr06,28034965,0.0276178642810154,6257,FALSE
Pv2.1_06_462085_G/A,Chr06,462085,0.0276138516502868,6258,FALSE
Pv2.1_04_12935259_C/G,Chr04,12935259,0.0276112041744794,6259,FALSE
Pv2.1_10_42753125_A/G,Chr10,42753125,0.0276103483534449,6260,FALSE
Pv2.1_11_2393136_C/G,Chr11,2393136,0.027608159677567,6261,FALSE
Pv2.1_07_39831660_C/CA,Chr07,39831660,0.0276047139100708,6262,FALSE
Pv2.1_08_62308095_T/C,Chr08,62308095,0.0275917736053808,6263,FALSE
Pv2.1_10_4086524_T/C,Chr10,4086524,0.0275915099823028,6264,FALSE
Pv2.1_08_3853020_GA/G,Chr08,3853020,0.0275868087086844,6265,FALSE
Pv2.1_07_8673097_C/T,Chr07,8673097,0.027584922962645,6266,FALSE
Pv2.1_05_12091498_G/T,Chr05,12091498,0.0275848173760043,6267,FALSE
Pv2.1_11_47185842_C/T,Chr11,47185842,0.0275813476656159,6268,FALSE
Pv2.1_09_37431954_A/G,Chr09,37431954,0.0275807434364315,6269,FALSE
Pv2.1_02_34875243_T/G,Chr02,34875243,0.0275793403319295,6270,FALSE
Pv2.1_07_38895055_GC/G,Chr07,38895055,0.0275755866714871,6271,FALSE
Pv2.1_06_19626047_T/G,Chr06,19626047,0.0275710623529171,6272,FALSE
Pv2.1_08_5255879_T/C,Chr08,5255879,0.0275685478385492,6273,FALSE
Pv2.1_10_42685104_C/A,Chr10,42685104,0.0275679092734649,6274,FALSE
Pv2.1_01_49426121_T/C,Chr01,49426121,0.0275666644988553,6275,FALSE
Pv2.1_07_35375373_A/G,Chr07,35375373,0.0275627946592136,6276,FALSE
Pv2.1_08_62851481_G/A,Chr08,62851481,0.0275626865954215,6277,FALSE
Pv2.1_08_62851490_T/G,Chr08,62851490,0.0275626865954215,6278,FALSE
Pv2.1_08_1251858_A/G,Chr08,1251858,0.0275622569168945,6279,FALSE
Pv2.1_07_21348267_G/A,Chr07,21348267,0.0275598997514051,6280,FALSE
Pv2.1_11_36105380_A/G,Chr11,36105380,0.0275580168808416,6281,FALSE
Pv2.1_01_2218874_C/A,Chr01,2218874,0.0275545630006877,6282,FALSE
Pv2.1_03_52773454_G/A,Chr03,52773454,0.0275539924406907,6283,FALSE
Pv2.1_04_4083269_A/G,Chr04,4083269,0.027547579403985,6284,FALSE
Pv2.1_03_12147815_A/G,Chr03,12147815,0.0275443665361794,6285,FALSE
Pv2.1_07_35749454_G/A,Chr07,35749454,0.0275441049629692,6286,FALSE
Pv2.1_06_18716788_T/C,Chr06,18716788,0.0275435793830039,6287,FALSE
Pv2.1_01_49333513_T/C,Chr01,49333513,0.0275432884663878,6288,FALSE
Pv2.1_06_15480794_T/C,Chr06,15480794,0.0275424225003058,6289,FALSE
Pv2.1_07_8536251_T/G,Chr07,8536251,0.0275418520548714,6290,FALSE
Pv2.1_07_8536258_A/G,Chr07,8536258,0.0275418520548714,6291,FALSE
Pv2.1_07_8536281_A/T,Chr07,8536281,0.0275418520548714,6292,FALSE
Pv2.1_11_49895859_T/A,Chr11,49895859,0.0275407046972003,6293,FALSE
Pv2.1_07_8265530_C/A,Chr07,8265530,0.0275406564686458,6294,FALSE
Pv2.1_07_8265548_G/A,Chr07,8265548,0.0275406564686458,6295,FALSE
Pv2.1_07_8265573_A/C,Chr07,8265573,0.0275406564686458,6296,FALSE
Pv2.1_04_156195_A/G,Chr04,156195,0.0275384750081771,6297,FALSE
Pv2.1_11_53496487_A/C,Chr11,53496487,0.027538467727303,6298,FALSE
Pv2.1_02_12667063_C/T,Chr02,12667063,0.0275363423032999,6299,FALSE
Pv2.1_10_9922559_T/G,Chr10,9922559,0.0275341179407538,6300,FALSE
Pv2.1_07_3568765_G/A,Chr07,3568765,0.0275328208243293,6301,FALSE
Pv2.1_03_32701064_C/T,Chr03,32701064,0.0275315256223614,6302,FALSE
Pv2.1_11_49386118_G/T,Chr11,49386118,0.0275276136561402,6303,FALSE
Pv2.1_11_18390200_G/A,Chr11,18390200,0.0275243014456539,6304,FALSE
Pv2.1_04_8471863_T/A,Chr04,8471863,0.0275231414998363,6305,FALSE
Pv2.1_08_4386705_T/C,Chr08,4386705,0.0275229249884768,6306,FALSE
Pv2.1_03_2524318_G/A,Chr03,2524318,0.0275218346700443,6307,FALSE
Pv2.1_05_38217230_G/A,Chr05,38217230,0.0275215592050158,6308,FALSE
Pv2.1_10_39731534_G/A,Chr10,39731534,0.0275195812772662,6309,FALSE
Pv2.1_06_30941684_T/C,Chr06,30941684,0.0275159122341049,6310,FALSE
Pv2.1_04_5418616_C/A,Chr04,5418616,0.0275155252951333,6311,FALSE
Pv2.1_08_62782497_A/T,Chr08,62782497,0.0275153118582057,6312,FALSE
Pv2.1_07_414852_A/C,Chr07,414852,0.0275127862173123,6313,FALSE
Pv2.1_01_4953481_A/G,Chr01,4953481,0.0275102412328989,6314,FALSE
Pv2.1_08_61901268_T/C,Chr08,61901268,0.0274980268341829,6315,FALSE
Pv2.1_04_2707027_T/A,Chr04,2707027,0.0274945575339833,6316,FALSE
Pv2.1_06_2372402_C/T,Chr06,2372402,0.0274933215534672,6317,FALSE
Pv2.1_01_3333904_T/C,Chr01,3333904,0.0274903106739282,6318,FALSE
Pv2.1_09_37663789_G/T,Chr09,37663789,0.0274893382636359,6319,FALSE
Pv2.1_03_1069395_C/T,Chr03,1069395,0.0274891166360112,6320,FALSE
Pv2.1_02_44869701_T/C,Chr02,44869701,0.0274881255574599,6321,FALSE
Pv2.1_01_51087166_G/T,Chr01,51087166,0.0274857576776175,6322,FALSE
Pv2.1_07_9651772_A/T,Chr07,9651772,0.0274808398259419,6323,FALSE
Pv2.1_11_50684251_C/T,Chr11,50684251,0.0274796475280779,6324,FALSE
Pv2.1_09_35426313_T/G,Chr09,35426313,0.0274744314307718,6325,FALSE
Pv2.1_04_44049568_T/A,Chr04,44049568,0.0274743191008247,6326,FALSE
Pv2.1_03_2589938_A/G,Chr03,2589938,0.0274731647189186,6327,FALSE
Pv2.1_08_8764162_G/A,Chr08,8764162,0.0274711611404976,6328,FALSE
Pv2.1_06_30972390_C/T,Chr06,30972390,0.0274709511643909,6329,FALSE
Pv2.1_06_21012623_A/T,Chr06,21012623,0.0274676535106377,6330,FALSE
Pv2.1_06_21012657_G/A,Chr06,21012657,0.0274676535106377,6331,FALSE
Pv2.1_02_41768916_A/C,Chr02,41768916,0.0274672792772557,6332,FALSE
Pv2.1_11_462273_T/C,Chr11,462273,0.0274663396924519,6333,FALSE
Pv2.1_08_60329746_T/A,Chr08,60329746,0.0274656387471133,6334,FALSE
Pv2.1_04_1564687_T/C,Chr04,1564687,0.0274589663251557,6335,FALSE
Pv2.1_06_4029507_C/T,Chr06,4029507,0.0274520946093992,6336,FALSE
Pv2.1_11_40964754_A/G,Chr11,40964754,0.027452034002752,6337,FALSE
Pv2.1_08_62382666_T/G,Chr08,62382666,0.0274491259295178,6338,FALSE
Pv2.1_08_62525807_G/A,Chr08,62525807,0.0274471313100153,6339,FALSE
Pv2.1_11_51790473_T/C,Chr11,51790473,0.0274406774164246,6340,FALSE
Pv2.1_06_30927849_C/T,Chr06,30927849,0.0274385128135899,6341,FALSE
Pv2.1_02_48290470_T/G,Chr02,48290470,0.0274367154667754,6342,FALSE
Pv2.1_07_3274152_C/T,Chr07,3274152,0.0274364970094489,6343,FALSE
Pv2.1_02_26058340_A/G,Chr02,26058340,0.0274364686207051,6344,FALSE
Pv2.1_03_53076717_G/A,Chr03,53076717,0.0274348052205045,6345,FALSE
Pv2.1_08_62712445_G/A,Chr08,62712445,0.0274344017921853,6346,FALSE
Pv2.1_06_28189177_C/G,Chr06,28189177,0.0274310464135521,6347,FALSE
Pv2.1_07_1601802_TC/T,Chr07,1601802,0.0274307812032513,6348,FALSE
Pv2.1_06_28242585_T/C,Chr06,28242585,0.0274247409346708,6349,FALSE
Pv2.1_07_3412439_T/A,Chr07,3412439,0.0274239035596406,6350,FALSE
Pv2.1_10_41449376_A/G,Chr10,41449376,0.027422700452695,6351,FALSE
Pv2.1_04_46934145_G/A,Chr04,46934145,0.027420363375029,6352,FALSE
Pv2.1_01_2808818_TC/T,Chr01,2808818,0.0274200596271941,6353,FALSE
Pv2.1_07_9572148_C/A,Chr07,9572148,0.0274198176361282,6354,FALSE
Pv2.1_10_43183718_A/G,Chr10,43183718,0.0274189816483128,6355,FALSE
Pv2.1_06_21622820_G/A,Chr06,21622820,0.0274189283620805,6356,FALSE
Pv2.1_10_4469732_C/T,Chr10,4469732,0.0274172560498238,6357,FALSE
Pv2.1_06_25329917_G/A,Chr06,25329917,0.0274172131010904,6358,FALSE
Pv2.1_06_29458200_T/C,Chr06,29458200,0.0274114644046612,6359,FALSE
Pv2.1_06_29458206_A/G,Chr06,29458206,0.0274114644046612,6360,FALSE
Pv2.1_08_3853187_G/A,Chr08,3853187,0.0274071638858904,6361,FALSE
Pv2.1_11_468466_A/T,Chr11,468466,0.027406818980741,6362,FALSE
Pv2.1_10_33353380_C/G,Chr10,33353380,0.0274068050328826,6363,FALSE
Pv2.1_10_33353384_G/A,Chr10,33353384,0.0274068050328826,6364,FALSE
Pv2.1_02_25955851_AG/A,Chr02,25955851,0.0274061741747262,6365,FALSE
Pv2.1_08_62943333_C/T,Chr08,62943333,0.0274038689508935,6366,FALSE
Pv2.1_01_2525381_C/T,Chr01,2525381,0.0274000530899072,6367,FALSE
Pv2.1_04_47087052_C/G,Chr04,47087052,0.0273989867170825,6368,FALSE
Pv2.1_03_7428318_G/A,Chr03,7428318,0.027398066793757,6369,FALSE
Pv2.1_05_39721323_G/A,Chr05,39721323,0.0273947767350133,6370,FALSE
Pv2.1_07_38150024_GAA/G,Chr07,38150024,0.0273945354655911,6371,FALSE
Pv2.1_07_38150034_A/T,Chr07,38150034,0.0273945354655911,6372,FALSE
Pv2.1_11_1555488_C/T,Chr11,1555488,0.0273926913507925,6373,FALSE
Pv2.1_05_116367_A/C,Chr05,116367,0.0273923956834024,6374,FALSE
Pv2.1_08_61901219_T/C,Chr08,61901219,0.0273923393551652,6375,FALSE
Pv2.1_11_2715317_T/G,Chr11,2715317,0.0273905928085565,6376,FALSE
Pv2.1_11_53419878_T/G,Chr11,53419878,0.0273903165271845,6377,FALSE
Pv2.1_03_53067274_T/A,Chr03,53067274,0.0273873322965681,6378,FALSE
Pv2.1_11_53419968_G/C,Chr11,53419968,0.0273817556320339,6379,FALSE
Pv2.1_07_7039188_G/A,Chr07,7039188,0.0273810615193382,6380,FALSE
Pv2.1_08_62201540_G/C,Chr08,62201540,0.0273742858943287,6381,FALSE
Pv2.1_04_1903244_A/G,Chr04,1903244,0.0273716401071242,6382,FALSE
Pv2.1_03_39684351_C/G,Chr03,39684351,0.0273668904826372,6383,FALSE
Pv2.1_08_62201528_A/T,Chr08,62201528,0.0273601048734604,6384,FALSE
Pv2.1_07_38052929_C/A,Chr07,38052929,0.0273594559410708,6385,FALSE
Pv2.1_09_37739859_TA/T,Chr09,37739859,0.0273549597651033,6386,FALSE
Pv2.1_04_2030577_G/T,Chr04,2030577,0.0273527636702515,6387,FALSE
Pv2.1_10_42578186_A/T,Chr10,42578186,0.0273484415013199,6388,FALSE
Pv2.1_01_3306828_A/T,Chr01,3306828,0.0273447815118679,6389,FALSE
Pv2.1_06_29674691_AATG/A,Chr06,29674691,0.027344358271673,6390,FALSE
Pv2.1_11_53503953_AT/A,Chr11,53503953,0.0273383834780678,6391,FALSE
Pv2.1_08_3769321_C/G,Chr08,3769321,0.0273377384703131,6392,FALSE
Pv2.1_10_42495510_G/A,Chr10,42495510,0.0273354562912043,6393,FALSE
Pv2.1_08_3912807_GA/G,Chr08,3912807,0.027334460093122,6394,FALSE
Pv2.1_05_196940_T/C,Chr05,196940,0.0273333262569762,6395,FALSE
Pv2.1_08_10772014_A/G,Chr08,10772014,0.0273296899988811,6396,FALSE
Pv2.1_08_5260930_C/T,Chr08,5260930,0.0273295660632766,6397,FALSE
Pv2.1_11_47321478_T/C,Chr11,47321478,0.027329556780209,6398,FALSE
Pv2.1_02_31207309_C/T,Chr02,31207309,0.0273294658647778,6399,FALSE
Pv2.1_07_22229735_G/A,Chr07,22229735,0.0273288620179328,6400,FALSE
Pv2.1_06_18407510_C/A,Chr06,18407510,0.0273287200414454,6401,FALSE
Pv2.1_08_60045747_C/T,Chr08,60045747,0.0273249523105523,6402,FALSE
Pv2.1_06_18741540_G/GT,Chr06,18741540,0.0273200584153668,6403,FALSE
Pv2.1_03_52882952_A/G,Chr03,52882952,0.027319372987773,6404,FALSE
Pv2.1_11_53496486_A/T,Chr11,53496486,0.0273165553269958,6405,FALSE
Pv2.1_03_8261245_A/G,Chr03,8261245,0.0273158231287747,6406,FALSE
Pv2.1_02_38587849_C/G,Chr02,38587849,0.027314362593525,6407,FALSE
Pv2.1_07_38018734_A/G,Chr07,38018734,0.0273137959873742,6408,FALSE
Pv2.1_07_8184519_T/A,Chr07,8184519,0.0273131437089091,6409,FALSE
Pv2.1_07_8184531_G/T,Chr07,8184531,0.0273131437089091,6410,FALSE
Pv2.1_09_22410846_C/A,Chr09,22410846,0.0273113619628291,6411,FALSE
Pv2.1_07_9624957_C/T,Chr07,9624957,0.0273113053398908,6412,FALSE
Pv2.1_11_50559090_T/G,Chr11,50559090,0.027310228453028,6413,FALSE
Pv2.1_10_42551851_G/A,Chr10,42551851,0.0273098826253362,6414,FALSE
Pv2.1_11_36105387_AG/A,Chr11,36105387,0.0273098674369416,6415,FALSE
Pv2.1_11_36105435_GT/G,Chr11,36105435,0.0273098674369416,6416,FALSE
Pv2.1_01_5016197_C/CAAG,Chr01,5016197,0.0273081894046547,6417,FALSE
Pv2.1_01_2309437_T/C,Chr01,2309437,0.0273074485876057,6418,FALSE
Pv2.1_05_410572_A/C,Chr05,410572,0.0273065670135209,6419,FALSE
Pv2.1_10_38731477_A/G,Chr10,38731477,0.0273033840676091,6420,FALSE
Pv2.1_07_23591815_T/G,Chr07,23591815,0.0273033285562314,6421,FALSE
Pv2.1_08_8436028_C/G,Chr08,8436028,0.0272966618604853,6422,FALSE
Pv2.1_01_13119618_T/C,Chr01,13119618,0.0272952015714525,6423,FALSE
Pv2.1_08_3954161_T/G,Chr08,3954161,0.0272929538734705,6424,FALSE
Pv2.1_07_36075818_A/G,Chr07,36075818,0.0272924497770277,6425,FALSE
Pv2.1_01_3365619_G/A,Chr01,3365619,0.0272911400882654,6426,FALSE
Pv2.1_06_21824703_T/C,Chr06,21824703,0.0272907240246747,6427,FALSE
Pv2.1_04_32722_C/T,Chr04,32722,0.0272900026964082,6428,FALSE
Pv2.1_09_22295320_G/A,Chr09,22295320,0.0272852436413942,6429,FALSE
Pv2.1_06_24328505_G/A,Chr06,24328505,0.0272831214273399,6430,FALSE
Pv2.1_04_11421360_G/C,Chr04,11421360,0.0272828293198995,6431,FALSE
Pv2.1_11_4521983_C/T,Chr11,4521983,0.0272809779030543,6432,FALSE
Pv2.1_10_42672185_T/C,Chr10,42672185,0.0272791159589976,6433,FALSE
Pv2.1_09_29473943_C/G,Chr09,29473943,0.0272788551696244,6434,FALSE
Pv2.1_07_1312422_A/G,Chr07,1312422,0.0272767514575079,6435,FALSE
Pv2.1_02_2428989_A/G,Chr02,2428989,0.0272767381306909,6436,FALSE
Pv2.1_10_2179989_T/A,Chr10,2179989,0.0272766900871004,6437,FALSE
Pv2.1_06_15480942_A/T,Chr06,15480942,0.0272765928542489,6438,FALSE
Pv2.1_02_45718952_T/C,Chr02,45718952,0.0272745392618106,6439,FALSE
Pv2.1_11_3278302_G/A,Chr11,3278302,0.0272742722686874,6440,FALSE
Pv2.1_11_3278304_T/G,Chr11,3278304,0.0272742722686874,6441,FALSE
Pv2.1_11_3278318_T/G,Chr11,3278318,0.0272742722686874,6442,FALSE
Pv2.1_02_2453664_T/C,Chr02,2453664,0.0272729790643536,6443,FALSE
Pv2.1_10_42544416_A/C,Chr10,42544416,0.0272689226550051,6444,FALSE
Pv2.1_10_42544451_A/G,Chr10,42544451,0.0272689226550051,6445,FALSE
Pv2.1_08_61870969_A/T,Chr08,61870969,0.0272599995388352,6446,FALSE
Pv2.1_10_41396698_G/A,Chr10,41396698,0.0272585627472735,6447,FALSE
Pv2.1_02_2430461_C/T,Chr02,2430461,0.027256669253962,6448,FALSE
Pv2.1_05_4970389_G/A,Chr05,4970389,0.0272553042545449,6449,FALSE
Pv2.1_03_40736314_C/T,Chr03,40736314,0.0272538343552409,6450,FALSE
Pv2.1_08_1819449_T/C,Chr08,1819449,0.0272538233050361,6451,FALSE
Pv2.1_03_52855449_C/A,Chr03,52855449,0.0272531526715403,6452,FALSE
Pv2.1_08_62003605_G/A,Chr08,62003605,0.027249971981175,6453,FALSE
Pv2.1_01_51227170_C/T,Chr01,51227170,0.0272479941740702,6454,FALSE
Pv2.1_04_43637453_C/T,Chr04,43637453,0.0272448109483929,6455,FALSE
Pv2.1_01_49062504_C/T,Chr01,49062504,0.027238771677073,6456,FALSE
Pv2.1_07_4517796_T/C,Chr07,4517796,0.0272361497362175,6457,FALSE
Pv2.1_03_36338275_C/A,Chr03,36338275,0.027222568217284,6458,FALSE
Pv2.1_08_9419046_A/T,Chr08,9419046,0.0272204003645582,6459,FALSE
Pv2.1_11_3298768_C/T,Chr11,3298768,0.0272184315665567,6460,FALSE
Pv2.1_07_9729418_A/G,Chr07,9729418,0.0272159652972541,6461,FALSE
Pv2.1_03_7208959_A/C,Chr03,7208959,0.0272148251278681,6462,FALSE
Pv2.1_06_21423592_T/C,Chr06,21423592,0.027214731235111,6463,FALSE
Pv2.1_11_52352405_A/C,Chr11,52352405,0.0272064121499214,6464,FALSE
Pv2.1_08_61901244_G/A,Chr08,61901244,0.0272018861661678,6465,FALSE
Pv2.1_04_43641252_A/C,Chr04,43641252,0.0271939880047296,6466,FALSE
Pv2.1_04_286440_C/T,Chr04,286440,0.0271933448374249,6467,FALSE
Pv2.1_04_120125_G/T,Chr04,120125,0.0271916859451729,6468,FALSE
Pv2.1_04_46979264_T/G,Chr04,46979264,0.0271905610828371,6469,FALSE
Pv2.1_08_57579066_C/G,Chr08,57579066,0.0271888925874331,6470,FALSE
Pv2.1_08_60114922_A/G,Chr08,60114922,0.0271829964832833,6471,FALSE
Pv2.1_11_52413178_G/A,Chr11,52413178,0.0271823178957829,6472,FALSE
Pv2.1_06_27656613_A/G,Chr06,27656613,0.0271819578224921,6473,FALSE
Pv2.1_11_2269591_C/A,Chr11,2269591,0.0271801205721896,6474,FALSE
Pv2.1_07_36838509_C/T,Chr07,36838509,0.0271799679238645,6475,FALSE
Pv2.1_08_60448264_T/G,Chr08,60448264,0.0271792742281245,6476,FALSE
Pv2.1_06_21824772_G/A,Chr06,21824772,0.0271779218742845,6477,FALSE
Pv2.1_06_21824799_T/C,Chr06,21824799,0.0271779218742845,6478,FALSE
Pv2.1_06_26190038_C/T,Chr06,26190038,0.0271776543504521,6479,FALSE
Pv2.1_05_1992220_A/C,Chr05,1992220,0.0271701268118951,6480,FALSE
Pv2.1_06_24103982_C/CA,Chr06,24103982,0.0271672712323023,6481,FALSE
Pv2.1_06_19002827_TC/A,Chr06,19002827,0.0271628271731927,6482,FALSE
Pv2.1_02_49586258_AGAATGG/A,Chr02,49586258,0.0271625331790473,6483,FALSE
Pv2.1_11_1316895_G/A,Chr11,1316895,0.027161158706952,6484,FALSE
Pv2.1_07_4047097_TG/T,Chr07,4047097,0.0271602951453454,6485,FALSE
Pv2.1_10_6597841_T/G,Chr10,6597841,0.0271581887341497,6486,FALSE
Pv2.1_10_6597909_C/T,Chr10,6597909,0.0271581887341497,6487,FALSE
Pv2.1_01_48430315_G/T,Chr01,48430315,0.0271576927444324,6488,FALSE
Pv2.1_10_43279684_A/G,Chr10,43279684,0.0271469359059768,6489,FALSE
Pv2.1_10_3015744_C/T,Chr10,3015744,0.0271445461098132,6490,FALSE
Pv2.1_09_28826779_C/A,Chr09,28826779,0.027136997875854,6491,FALSE
Pv2.1_08_62577073_C/A,Chr08,62577073,0.0271347938746085,6492,FALSE
Pv2.1_01_1287186_G/A,Chr01,1287186,0.0271308339305549,6493,FALSE
Pv2.1_09_1334478_C/T,Chr09,1334478,0.0271301499778747,6494,FALSE
Pv2.1_08_62863945_A/G,Chr08,62863945,0.0271296167756949,6495,FALSE
Pv2.1_07_1558159_G/C,Chr07,1558159,0.0271289462929962,6496,FALSE
Pv2.1_07_7065471_G/A,Chr07,7065471,0.0271288209329788,6497,FALSE
Pv2.1_09_7881866_T/C,Chr09,7881866,0.0271282181257981,6498,FALSE
Pv2.1_08_62766966_C/T,Chr08,62766966,0.0271197173927455,6499,FALSE
Pv2.1_08_62936068_G/A,Chr08,62936068,0.0271176087243736,6500,FALSE
Pv2.1_10_42780526_T/C,Chr10,42780526,0.027114337182248,6501,FALSE
Pv2.1_10_42780532_C/T,Chr10,42780532,0.027114337182248,6502,FALSE
Pv2.1_06_21019809_A/T,Chr06,21019809,0.0271139721176175,6503,FALSE
Pv2.1_08_60874306_G/C,Chr08,60874306,0.027109367747717,6504,FALSE
Pv2.1_11_51156816_C/T,Chr11,51156816,0.027107906845508,6505,FALSE
Pv2.1_09_14755660_A/G,Chr09,14755660,0.0271063326124343,6506,FALSE
Pv2.1_11_49873113_A/T,Chr11,49873113,0.02710536946655,6507,FALSE
Pv2.1_11_48008296_A/G,Chr11,48008296,0.0271050413949947,6508,FALSE
Pv2.1_04_46204980_G/A,Chr04,46204980,0.0270960733379892,6509,FALSE
Pv2.1_02_2394009_G/C,Chr02,2394009,0.0270957400016325,6510,FALSE
Pv2.1_10_4624743_T/A,Chr10,4624743,0.0270943735663565,6511,FALSE
Pv2.1_10_42836744_G/T,Chr10,42836744,0.0270936128629611,6512,FALSE
Pv2.1_08_62782521_A/G,Chr08,62782521,0.0270932567065145,6513,FALSE
Pv2.1_07_39291228_C/A,Chr07,39291228,0.0270925076111865,6514,FALSE
Pv2.1_06_21003477_C/A,Chr06,21003477,0.027092011473028,6515,FALSE
Pv2.1_07_28490207_C/G,Chr07,28490207,0.0270847026027754,6516,FALSE
Pv2.1_11_2101513_T/A,Chr11,2101513,0.0270843254111459,6517,FALSE
Pv2.1_08_13606982_G/A,Chr08,13606982,0.0270825976133922,6518,FALSE
Pv2.1_10_1223801_TTCA/T,Chr10,1223801,0.0270793954954467,6519,FALSE
Pv2.1_10_1223804_A/G,Chr10,1223804,0.0270793954954467,6520,FALSE
Pv2.1_03_53067259_A/T,Chr03,53067259,0.0270783611740075,6521,FALSE
Pv2.1_06_19331694_G/T,Chr06,19331694,0.0270781022787872,6522,FALSE
Pv2.1_11_53107257_T/C,Chr11,53107257,0.0270776613968109,6523,FALSE
Pv2.1_11_53107260_C/T,Chr11,53107260,0.0270776613968109,6524,FALSE
Pv2.1_08_57907646_A/C,Chr08,57907646,0.0270745324587609,6525,FALSE
Pv2.1_07_9685584_C/T,Chr07,9685584,0.0270738121470151,6526,FALSE
Pv2.1_07_36203206_G/A,Chr07,36203206,0.0270730371928978,6527,FALSE
Pv2.1_08_62782488_G/A,Chr08,62782488,0.027071858309069,6528,FALSE
Pv2.1_07_33560301_A/T,Chr07,33560301,0.0270708287193693,6529,FALSE
Pv2.1_07_33560322_A/G,Chr07,33560322,0.0270708287193693,6530,FALSE
Pv2.1_03_984231_A/G,Chr03,984231,0.0270702428505656,6531,FALSE
Pv2.1_11_47283165_C/A,Chr11,47283165,0.0270693735972345,6532,FALSE
Pv2.1_11_47283189_A/T,Chr11,47283189,0.0270693735972345,6533,FALSE
Pv2.1_06_14913607_C/T,Chr06,14913607,0.0270693291309021,6534,FALSE
Pv2.1_06_13990972_A/G,Chr06,13990972,0.0270687886640104,6535,FALSE
Pv2.1_01_50731012_CG/C,Chr01,50731012,0.0270685077475101,6536,FALSE
Pv2.1_02_45354764_G/A,Chr02,45354764,0.0270682873411738,6537,FALSE
Pv2.1_07_7835533_T/C,Chr07,7835533,0.0270682098258024,6538,FALSE
Pv2.1_07_993121_C/A,Chr07,993121,0.0270654361076641,6539,FALSE
Pv2.1_07_993162_C/T,Chr07,993162,0.0270654361076641,6540,FALSE
Pv2.1_03_11953403_T/A,Chr03,11953403,0.0270641198808081,6541,FALSE
Pv2.1_10_40346959_T/A,Chr10,40346959,0.0270582854957269,6542,FALSE
Pv2.1_03_40856601_G/T,Chr03,40856601,0.0270573620596566,6543,FALSE
Pv2.1_07_97948_G/C,Chr07,97948,0.0270560340500903,6544,FALSE
Pv2.1_07_36785324_A/G,Chr07,36785324,0.0270544793220742,6545,FALSE
Pv2.1_09_36698329_G/T,Chr09,36698329,0.027051802971529,6546,FALSE
Pv2.1_07_8497482_G/C,Chr07,8497482,0.0270499114234637,6547,FALSE
Pv2.1_07_8497529_T/G,Chr07,8497529,0.0270499114234637,6548,FALSE
Pv2.1_08_52840426_A/G,Chr08,52840426,0.0270490731400539,6549,FALSE
Pv2.1_06_7240679_C/T,Chr06,7240679,0.0270474799067517,6550,FALSE
Pv2.1_08_247070_G/A,Chr08,247070,0.027041188353337,6551,FALSE
Pv2.1_04_42037562_G/C,Chr04,42037562,0.0270394046565445,6552,FALSE
Pv2.1_04_42037564_A/G,Chr04,42037564,0.0270394046565445,6553,FALSE
Pv2.1_04_42037567_A/C,Chr04,42037567,0.0270394046565445,6554,FALSE
Pv2.1_04_42037570_G/A,Chr04,42037570,0.0270394046565445,6555,FALSE
Pv2.1_04_42037576_A/T,Chr04,42037576,0.0270394046565445,6556,FALSE
Pv2.1_08_62961643_T/G,Chr08,62961643,0.0270364693453349,6557,FALSE
Pv2.1_07_4116527_G/A,Chr07,4116527,0.0270309464633023,6558,FALSE
Pv2.1_03_51082524_G/A,Chr03,51082524,0.0270291237969627,6559,FALSE
Pv2.1_11_51766147_G/A,Chr11,51766147,0.0270262225084905,6560,FALSE
Pv2.1_09_37879304_A/C,Chr09,37879304,0.0270238289226703,6561,FALSE
Pv2.1_07_32219589_C/G,Chr07,32219589,0.0270218189212548,6562,FALSE
Pv2.1_11_25671091_T/C,Chr11,25671091,0.0270211715154551,6563,FALSE
Pv2.1_09_36892908_C/A,Chr09,36892908,0.0270206129576649,6564,FALSE
Pv2.1_04_45177588_A/G,Chr04,45177588,0.0270170515760881,6565,FALSE
Pv2.1_04_42190080_C/T,Chr04,42190080,0.02701493473075,6566,FALSE
Pv2.1_07_32368424_A/G,Chr07,32368424,0.0270117187768828,6567,FALSE
Pv2.1_05_39992041_C/T,Chr05,39992041,0.0270100336535011,6568,FALSE
Pv2.1_11_49898042_G/A,Chr11,49898042,0.0270040523038961,6569,FALSE
Pv2.1_08_85682_G/A,Chr08,85682,0.0270019752637296,6570,FALSE
Pv2.1_08_3706513_A/C,Chr08,3706513,0.0270013739372508,6571,FALSE
Pv2.1_06_8361731_A/C,Chr06,8361731,0.0269980286902913,6572,FALSE
Pv2.1_02_25955844_A/T,Chr02,25955844,0.0269961069699551,6573,FALSE
Pv2.1_09_15231884_G/C,Chr09,15231884,0.0269955337516383,6574,FALSE
Pv2.1_10_42039045_A/T,Chr10,42039045,0.0269947167495022,6575,FALSE
Pv2.1_11_51233788_G/A,Chr11,51233788,0.0269934121815099,6576,FALSE
Pv2.1_03_53324978_T/A,Chr03,53324978,0.026991491757681,6577,FALSE
Pv2.1_10_42115584_T/A,Chr10,42115584,0.0269906001539302,6578,FALSE
Pv2.1_08_62007755_G/A,Chr08,62007755,0.0269894066455905,6579,FALSE
Pv2.1_03_11746201_GA/G,Chr03,11746201,0.0269886787259703,6580,FALSE
Pv2.1_04_156244_A/T,Chr04,156244,0.0269882036616647,6581,FALSE
Pv2.1_03_2629089_A/G,Chr03,2629089,0.0269864245951457,6582,FALSE
Pv2.1_07_236393_G/A,Chr07,236393,0.026979035588615,6583,FALSE
Pv2.1_11_2493798_C/T,Chr11,2493798,0.026972465042725,6584,FALSE
Pv2.1_08_5441047_G/C,Chr08,5441047,0.0269713788466692,6585,FALSE
Pv2.1_08_5441076_T/A,Chr08,5441076,0.0269713788466692,6586,FALSE
Pv2.1_07_993143_C/T,Chr07,993143,0.0269687417394753,6587,FALSE
Pv2.1_02_22754077_CT/C,Chr02,22754077,0.0269675274339076,6588,FALSE
Pv2.1_09_12943174_C/T,Chr09,12943174,0.0269668427081871,6589,FALSE
Pv2.1_11_2258625_A/G,Chr11,2258625,0.0269659256213002,6590,FALSE
Pv2.1_09_37964585_T/A,Chr09,37964585,0.0269631678595941,6591,FALSE
Pv2.1_07_3478657_G/T,Chr07,3478657,0.0269625963802667,6592,FALSE
Pv2.1_04_2032755_A/T,Chr04,2032755,0.0269615488017028,6593,FALSE
Pv2.1_11_3019596_T/G,Chr11,3019596,0.0269594544693668,6594,FALSE
Pv2.1_06_26023338_GA/G,Chr06,26023338,0.0269589646221595,6595,FALSE
Pv2.1_07_37480970_A/C,Chr07,37480970,0.0269518726907849,6596,FALSE
Pv2.1_09_35387889_C/A,Chr09,35387889,0.0269510011572165,6597,FALSE
Pv2.1_04_461862_A/G,Chr04,461862,0.0269508684536861,6598,FALSE
Pv2.1_04_461889_C/A,Chr04,461889,0.0269508684536861,6599,FALSE
Pv2.1_07_8869249_C/T,Chr07,8869249,0.026949206590313,6600,FALSE
Pv2.1_08_4561250_A/C,Chr08,4561250,0.0269488352229046,6601,FALSE
Pv2.1_04_450776_G/A,Chr04,450776,0.0269462722379612,6602,FALSE
Pv2.1_02_47384057_A/T,Chr02,47384057,0.02694398795576,6603,FALSE
Pv2.1_01_174145_G/T,Chr01,174145,0.0269439734306411,6604,FALSE
Pv2.1_07_9685029_T/A,Chr07,9685029,0.0269408953164332,6605,FALSE
Pv2.1_06_22265219_G/A,Chr06,22265219,0.0269372249812094,6606,FALSE
Pv2.1_08_75271_G/T,Chr08,75271,0.0269357898642317,6607,FALSE
Pv2.1_10_1790722_T/TA,Chr10,1790722,0.0269333500102786,6608,FALSE
Pv2.1_01_5016503_A/G,Chr01,5016503,0.026932659928383,6609,FALSE
Pv2.1_02_39973437_A/T,Chr02,39973437,0.0269306037316639,6610,FALSE
Pv2.1_11_53419933_T/A,Chr11,53419933,0.0269154875388749,6611,FALSE
Pv2.1_10_3015761_G/T,Chr10,3015761,0.0269117813140527,6612,FALSE
Pv2.1_07_30945502_G/T,Chr07,30945502,0.0269092634426165,6613,FALSE
Pv2.1_07_153047_T/A,Chr07,153047,0.0269059482978493,6614,FALSE
Pv2.1_11_52379720_G/A,Chr11,52379720,0.0268962924318723,6615,FALSE
Pv2.1_04_46590015_A/G,Chr04,46590015,0.0268938095060891,6616,FALSE
Pv2.1_03_41124776_G/A,Chr03,41124776,0.026892884381041,6617,FALSE
Pv2.1_05_26819197_G/A,Chr05,26819197,0.0268922497362736,6618,FALSE
Pv2.1_10_40397482_C/T,Chr10,40397482,0.0268870744404142,6619,FALSE
Pv2.1_02_23211019_GA/G,Chr02,23211019,0.026885698130525,6620,FALSE
Pv2.1_03_3018826_C/T,Chr03,3018826,0.0268841373565598,6621,FALSE
Pv2.1_11_53132369_G/A,Chr11,53132369,0.0268835095446573,6622,FALSE
Pv2.1_06_26255019_T/G,Chr06,26255019,0.0268819951049855,6623,FALSE
Pv2.1_08_14362552_G/A,Chr08,14362552,0.0268816603656807,6624,FALSE
Pv2.1_02_24785738_G/T,Chr02,24785738,0.0268802827293175,6625,FALSE
Pv2.1_01_5757711_C/A,Chr01,5757711,0.0268791477060488,6626,FALSE
Pv2.1_07_38987107_A/C,Chr07,38987107,0.02686793249116,6627,FALSE
Pv2.1_07_38987108_G/A,Chr07,38987108,0.02686793249116,6628,FALSE
Pv2.1_11_41890233_G/A,Chr11,41890233,0.0268632030505249,6629,FALSE
Pv2.1_06_18050064_T/C,Chr06,18050064,0.0268626820576605,6630,FALSE
Pv2.1_08_62863949_C/T,Chr08,62863949,0.0268607937228689,6631,FALSE
Pv2.1_08_61871039_C/T,Chr08,61871039,0.0268601831248034,6632,FALSE
Pv2.1_11_30663510_G/A,Chr11,30663510,0.0268574235843388,6633,FALSE
Pv2.1_02_2748819_G/A,Chr02,2748819,0.0268553535524139,6634,FALSE
Pv2.1_08_60448267_A/G,Chr08,60448267,0.0268546889965724,6635,FALSE
Pv2.1_11_3128991_A/T,Chr11,3128991,0.0268535857906516,6636,FALSE
Pv2.1_03_2442924_GCT/G,Chr03,2442924,0.0268513676103281,6637,FALSE
Pv2.1_01_51135690_G/C,Chr01,51135690,0.0268484142442156,6638,FALSE
Pv2.1_06_16512092_A/AC,Chr06,16512092,0.0268422069514265,6639,FALSE
Pv2.1_07_38929310_A/G,Chr07,38929310,0.0268402817154092,6640,FALSE
Pv2.1_02_47652738_G/C,Chr02,47652738,0.0268362236119097,6641,FALSE
Pv2.1_07_37971844_A/G,Chr07,37971844,0.0268356013736644,6642,FALSE
Pv2.1_08_1154068_A/C,Chr08,1154068,0.0268312676943903,6643,FALSE
Pv2.1_11_1851819_A/T,Chr11,1851819,0.0268291660367339,6644,FALSE
Pv2.1_04_46590027_G/A,Chr04,46590027,0.0268236005019502,6645,FALSE
Pv2.1_09_30005199_C/T,Chr09,30005199,0.0268221706658811,6646,FALSE
Pv2.1_07_184363_G/A,Chr07,184363,0.0268204546815252,6647,FALSE
Pv2.1_06_16823680_G/A,Chr06,16823680,0.0268197984334231,6648,FALSE
Pv2.1_06_16823693_A/G,Chr06,16823693,0.0268197984334231,6649,FALSE
Pv2.1_07_28532637_T/C,Chr07,28532637,0.0268146438537995,6650,FALSE
Pv2.1_05_39473174_C/A,Chr05,39473174,0.0268030219710602,6651,FALSE
Pv2.1_11_41682310_C/T,Chr11,41682310,0.0268021550664472,6652,FALSE
Pv2.1_06_5985576_A/G,Chr06,5985576,0.0268005111155061,6653,FALSE
Pv2.1_06_18802526_C/T,Chr06,18802526,0.0267987177858933,6654,FALSE
Pv2.1_08_43129632_C/A,Chr08,43129632,0.0267984088674247,6655,FALSE
Pv2.1_05_11941848_A/G,Chr05,11941848,0.0267959834393032,6656,FALSE
Pv2.1_10_41875901_C/T,Chr10,41875901,0.0267930461406229,6657,FALSE
Pv2.1_03_8650348_A/T,Chr03,8650348,0.0267917118522778,6658,FALSE
Pv2.1_08_62311063_T/G,Chr08,62311063,0.0267916041454077,6659,FALSE
Pv2.1_08_953714_G/A,Chr08,953714,0.0267913121679344,6660,FALSE
Pv2.1_09_17688607_G/C,Chr09,17688607,0.026787985986521,6661,FALSE
Pv2.1_08_62577100_A/G,Chr08,62577100,0.0267817159851487,6662,FALSE
Pv2.1_02_512788_A/G,Chr02,512788,0.0267782762984337,6663,FALSE
Pv2.1_02_512800_T/C,Chr02,512800,0.0267782762984337,6664,FALSE
Pv2.1_07_993127_C/G,Chr07,993127,0.0267759548767956,6665,FALSE
Pv2.1_10_4624868_T/G,Chr10,4624868,0.0267732271020531,6666,FALSE
Pv2.1_02_24746662_A/T,Chr02,24746662,0.0267698768740461,6667,FALSE
Pv2.1_06_16654233_T/C,Chr06,16654233,0.0267697561635134,6668,FALSE
Pv2.1_07_10905576_C/T,Chr07,10905576,0.0267688362997167,6669,FALSE
Pv2.1_03_10888291_T/C,Chr03,10888291,0.0267681361402818,6670,FALSE
Pv2.1_07_36237616_C/T,Chr07,36237616,0.0267664880302951,6671,FALSE
Pv2.1_09_37216968_T/A,Chr09,37216968,0.0267655961209052,6672,FALSE
Pv2.1_07_3524876_G/A,Chr07,3524876,0.026764746726637,6673,FALSE
Pv2.1_07_3524890_A/G,Chr07,3524890,0.026764746726637,6674,FALSE
Pv2.1_07_3524916_G/A,Chr07,3524916,0.026764746726637,6675,FALSE
Pv2.1_08_43799222_T/C,Chr08,43799222,0.0267596728265445,6676,FALSE
Pv2.1_07_5691355_C/T,Chr07,5691355,0.0267556200936139,6677,FALSE
Pv2.1_11_53496494_T/C,Chr11,53496494,0.0267537892263352,6678,FALSE
Pv2.1_05_10208706_G/C,Chr05,10208706,0.0267487845640337,6679,FALSE
Pv2.1_11_48008332_C/T,Chr11,48008332,0.0267463177940566,6680,FALSE
Pv2.1_07_1475577_C/G,Chr07,1475577,0.0267392946097882,6681,FALSE
Pv2.1_10_42115576_G/A,Chr10,42115576,0.0267316024165512,6682,FALSE
Pv2.1_10_43396649_T/G,Chr10,43396649,0.0267315537861115,6683,FALSE
Pv2.1_10_43396664_T/G,Chr10,43396664,0.0267315537861115,6684,FALSE
Pv2.1_06_2127876_G/A,Chr06,2127876,0.0267284082318562,6685,FALSE
Pv2.1_08_60092741_A/G,Chr08,60092741,0.0267276978844788,6686,FALSE
Pv2.1_01_44927394_C/T,Chr01,44927394,0.0267228235153665,6687,FALSE
Pv2.1_01_44927397_A/C,Chr01,44927397,0.026722823515366,6688,FALSE
Pv2.1_06_2127915_A/G,Chr06,2127915,0.0267106639170533,6689,FALSE
Pv2.1_02_44881098_C/T,Chr02,44881098,0.0267095180467618,6690,FALSE
Pv2.1_11_3144364_T/C,Chr11,3144364,0.0267071496961471,6691,FALSE
Pv2.1_01_49445667_T/G,Chr01,49445667,0.0267011415075062,6692,FALSE
Pv2.1_09_28287061_TG/T,Chr09,28287061,0.0266957476832874,6693,FALSE
Pv2.1_11_1248789_G/GTTA,Chr11,1248789,0.0266956635403544,6694,FALSE
Pv2.1_05_2410217_G/A,Chr05,2410217,0.026690501633893,6695,FALSE
Pv2.1_11_939459_A/G,Chr11,939459,0.0266902045818589,6696,FALSE
Pv2.1_02_44694943_A/G,Chr02,44694943,0.0266894138560372,6697,FALSE
Pv2.1_07_8389391_CT/C,Chr07,8389391,0.0266894138237919,6698,FALSE
Pv2.1_07_4840696_G/T,Chr07,4840696,0.0266886716950658,6699,FALSE
Pv2.1_05_38422653_G/C,Chr05,38422653,0.0266884286677809,6700,FALSE
Pv2.1_05_38422672_T/C,Chr05,38422672,0.0266884286677809,6701,FALSE
Pv2.1_05_38422673_A/G,Chr05,38422673,0.0266884286677809,6702,FALSE
Pv2.1_10_2997848_G/A,Chr10,2997848,0.0266831395068001,6703,FALSE
Pv2.1_11_52982925_C/T,Chr11,52982925,0.0266829579454333,6704,FALSE
Pv2.1_11_52982968_G/A,Chr11,52982968,0.0266829579454329,6705,FALSE
Pv2.1_07_38402603_C/T,Chr07,38402603,0.0266815775113609,6706,FALSE
Pv2.1_06_23255364_G/A,Chr06,23255364,0.0266768634366215,6707,FALSE
Pv2.1_06_24936099_T/C,Chr06,24936099,0.0266758774432434,6708,FALSE
Pv2.1_01_5342110_G/C,Chr01,5342110,0.0266757709668415,6709,FALSE
Pv2.1_11_50578922_T/C,Chr11,50578922,0.0266754644682319,6710,FALSE
Pv2.1_07_184255_A/T,Chr07,184255,0.0266754630213288,6711,FALSE
Pv2.1_07_32262174_G/A,Chr07,32262174,0.0266752508561607,6712,FALSE
Pv2.1_09_28962287_A/G,Chr09,28962287,0.026673265758872,6713,FALSE
Pv2.1_06_29563336_G/C,Chr06,29563336,0.0266724341611777,6714,FALSE
Pv2.1_06_25324280_C/T,Chr06,25324280,0.0266713315708431,6715,FALSE
Pv2.1_02_37937714_AG/A,Chr02,37937714,0.0266670332253836,6716,FALSE
Pv2.1_04_41855293_C/T,Chr04,41855293,0.0266640695171354,6717,FALSE
Pv2.1_03_7264241_A/C,Chr03,7264241,0.0266634751004089,6718,FALSE
Pv2.1_09_19579861_A/C,Chr09,19579861,0.0266624979422532,6719,FALSE
Pv2.1_08_60479585_G/C,Chr08,60479585,0.0266598210047486,6720,FALSE
Pv2.1_08_62941390_T/G,Chr08,62941390,0.0266556605218828,6721,FALSE
Pv2.1_04_35298720_A/G,Chr04,35298720,0.026655496727606,6722,FALSE
Pv2.1_04_35298733_A/G,Chr04,35298733,0.026655496727606,6723,FALSE
Pv2.1_11_4543977_C/G,Chr11,4543977,0.0266531242264501,6724,FALSE
Pv2.1_06_14421610_C/T,Chr06,14421610,0.0266486709261429,6725,FALSE
Pv2.1_06_21661959_T/C,Chr06,21661959,0.0266447231050728,6726,FALSE
Pv2.1_09_11400890_C/T,Chr09,11400890,0.0266440983799452,6727,FALSE
Pv2.1_03_41128636_A/G,Chr03,41128636,0.0266425758857776,6728,FALSE
Pv2.1_01_2781264_A/T,Chr01,2781264,0.0266410536527628,6729,FALSE
Pv2.1_01_2781268_T/C,Chr01,2781268,0.0266410536527628,6730,FALSE
Pv2.1_08_502355_G/C,Chr08,502355,0.0266408034850061,6731,FALSE
Pv2.1_11_4838928_T/A,Chr11,4838928,0.0266383357125624,6732,FALSE
Pv2.1_03_8650340_C/T,Chr03,8650340,0.0266372706153315,6733,FALSE
Pv2.1_07_39566060_T/A,Chr07,39566060,0.0266304320241271,6734,FALSE
Pv2.1_11_3170050_A/G,Chr11,3170050,0.0266296349023811,6735,FALSE
Pv2.1_11_53467779_A/ACT,Chr11,53467779,0.026628370220779,6736,FALSE
Pv2.1_02_24283699_A/T,Chr02,24283699,0.0266280229638087,6737,FALSE
Pv2.1_02_24283709_T/C,Chr02,24283709,0.0266280229638087,6738,FALSE
Pv2.1_04_4644049_CAA/C,Chr04,4644049,0.0266264748498792,6739,FALSE
Pv2.1_07_37268329_A/G,Chr07,37268329,0.0266226345497569,6740,FALSE
Pv2.1_07_39799922_G/C,Chr07,39799922,0.026615465038891,6741,FALSE
Pv2.1_03_52635930_G/A,Chr03,52635930,0.0266147349656736,6742,FALSE
Pv2.1_06_29130696_G/A,Chr06,29130696,0.0266137006657519,6743,FALSE
Pv2.1_11_50800435_T/A,Chr11,50800435,0.0266082802014282,6744,FALSE
Pv2.1_09_13933890_G/A,Chr09,13933890,0.0266056329780411,6745,FALSE
Pv2.1_07_36967431_C/T,Chr07,36967431,0.0266029691826333,6746,FALSE
Pv2.1_07_8054697_T/A,Chr07,8054697,0.02659904657544,6747,FALSE
Pv2.1_03_2504233_A/G,Chr03,2504233,0.0265985081770839,6748,FALSE
Pv2.1_05_38217229_T/A,Chr05,38217229,0.0265984525441381,6749,FALSE
Pv2.1_07_35419894_C/T,Chr07,35419894,0.0265946590975896,6750,FALSE
Pv2.1_10_43814482_T/C,Chr10,43814482,0.0265924014080698,6751,FALSE
Pv2.1_07_1263979_CA/C,Chr07,1263979,0.0265921192787837,6752,FALSE
Pv2.1_08_564135_G/A,Chr08,564135,0.0265879380373977,6753,FALSE
Pv2.1_09_14586289_G/A,Chr09,14586289,0.0265867030133533,6754,FALSE
Pv2.1_06_4868966_T/A,Chr06,4868966,0.0265866770877379,6755,FALSE
Pv2.1_09_37115474_T/C,Chr09,37115474,0.0265853882030909,6756,FALSE
Pv2.1_08_62851692_T/C,Chr08,62851692,0.0265830271108949,6757,FALSE
Pv2.1_09_14760122_G/A,Chr09,14760122,0.026582368556936,6758,FALSE
Pv2.1_01_2525373_A/G,Chr01,2525373,0.0265812649645714,6759,FALSE
Pv2.1_06_18192759_A/C,Chr06,18192759,0.026578897434077,6760,FALSE
Pv2.1_06_495353_C/T,Chr06,495353,0.0265740169141577,6761,FALSE
Pv2.1_06_20210659_A/G,Chr06,20210659,0.0265711928889276,6762,FALSE
Pv2.1_04_43637441_A/G,Chr04,43637441,0.026567697225147,6763,FALSE
Pv2.1_11_1524784_G/A,Chr11,1524784,0.0265640616849034,6764,FALSE
Pv2.1_08_502146_G/C,Chr08,502146,0.0265612184821853,6765,FALSE
Pv2.1_07_9488687_T/A,Chr07,9488687,0.0265578840395149,6766,FALSE
Pv2.1_07_37600300_G/A,Chr07,37600300,0.0265568918078025,6767,FALSE
Pv2.1_07_339053_C/A,Chr07,339053,0.0265568742856299,6768,FALSE
Pv2.1_01_655740_T/C,Chr01,655740,0.0265513212709907,6769,FALSE
Pv2.1_06_19046200_C/T,Chr06,19046200,0.0265509277874676,6770,FALSE
Pv2.1_08_74312_T/C,Chr08,74312,0.026550911939538,6771,FALSE
Pv2.1_04_3970517_C/T,Chr04,3970517,0.0265500026685039,6772,FALSE
Pv2.1_02_39783365_C/T,Chr02,39783365,0.0265494906318597,6773,FALSE
Pv2.1_05_120655_C/T,Chr05,120655,0.02654704602574,6774,FALSE
Pv2.1_02_45687579_G/A,Chr02,45687579,0.0265461267205946,6775,FALSE
Pv2.1_11_52612142_A/G,Chr11,52612142,0.0265460264726336,6776,FALSE
Pv2.1_01_954801_G/A,Chr01,954801,0.0265456948954173,6777,FALSE
Pv2.1_07_4085873_G/A,Chr07,4085873,0.0265441226605256,6778,FALSE
Pv2.1_07_38056016_G/C,Chr07,38056016,0.0265415728114498,6779,FALSE
Pv2.1_01_655717_G/C,Chr01,655717,0.0265388637940944,6780,FALSE
Pv2.1_08_199244_G/T,Chr08,199244,0.0265383270882622,6781,FALSE
Pv2.1_07_23958890_C/T,Chr07,23958890,0.026535621617402,6782,FALSE
Pv2.1_07_9330572_TC/T,Chr07,9330572,0.0265348944591213,6783,FALSE
Pv2.1_08_61525805_C/T,Chr08,61525805,0.0265340193700974,6784,FALSE
Pv2.1_10_41088499_A/T,Chr10,41088499,0.0265331040968939,6785,FALSE
Pv2.1_08_62972908_G/A,Chr08,62972908,0.0265326003684012,6786,FALSE
Pv2.1_06_15480806_A/G,Chr06,15480806,0.0265301029607175,6787,FALSE
Pv2.1_10_41396776_G/A,Chr10,41396776,0.0265296154357482,6788,FALSE
Pv2.1_07_36785089_G/T,Chr07,36785089,0.0265235559909538,6789,FALSE
Pv2.1_10_41088405_A/T,Chr10,41088405,0.0265203951895474,6790,FALSE
Pv2.1_06_22265345_G/C,Chr06,22265345,0.0265197646337203,6791,FALSE
Pv2.1_08_61642637_G/C,Chr08,61642637,0.0265183337485211,6792,FALSE
Pv2.1_06_20303346_G/A,Chr06,20303346,0.0265180926682334,6793,FALSE
Pv2.1_07_168032_A/G,Chr07,168032,0.0265172855203391,6794,FALSE
Pv2.1_10_42516653_A/C,Chr10,42516653,0.0265163537163198,6795,FALSE
Pv2.1_09_22540037_A/G,Chr09,22540037,0.0265139359615372,6796,FALSE
Pv2.1_09_22540049_A/G,Chr09,22540049,0.0265139359615372,6797,FALSE
Pv2.1_06_20208341_G/T,Chr06,20208341,0.0265079740080179,6798,FALSE
Pv2.1_07_9296439_T/A,Chr07,9296439,0.0265033343964864,6799,FALSE
Pv2.1_07_9296447_G/A,Chr07,9296447,0.0265033343964864,6800,FALSE
Pv2.1_09_36533215_A/T,Chr09,36533215,0.0264971714705613,6801,FALSE
Pv2.1_04_4574867_A/G,Chr04,4574867,0.0264937273412276,6802,FALSE
Pv2.1_04_4574899_G/T,Chr04,4574899,0.0264937273412276,6803,FALSE
Pv2.1_04_4574909_T/G,Chr04,4574909,0.0264937273412276,6804,FALSE
Pv2.1_04_4574919_T/A,Chr04,4574919,0.0264937273412276,6805,FALSE
Pv2.1_06_20904323_C/T,Chr06,20904323,0.0264913248705168,6806,FALSE
Pv2.1_06_495389_A/G,Chr06,495389,0.026490628908062,6807,FALSE
Pv2.1_02_7673762_T/G,Chr02,7673762,0.0264899578097166,6808,FALSE
Pv2.1_08_62188592_G/A,Chr08,62188592,0.0264814085415095,6809,FALSE
Pv2.1_03_7263279_A/G,Chr03,7263279,0.0264769991463929,6810,FALSE
Pv2.1_02_26529094_C/T,Chr02,26529094,0.0264769695934786,6811,FALSE
Pv2.1_11_252754_A/G,Chr11,252754,0.0264764853334896,6812,FALSE
Pv2.1_01_635496_G/C,Chr01,635496,0.0264747706114958,6813,FALSE
Pv2.1_02_2325366_A/C,Chr02,2325366,0.0264740864104005,6814,FALSE
Pv2.1_02_2325374_C/T,Chr02,2325374,0.0264740864104005,6815,FALSE
Pv2.1_05_4820428_T/C,Chr05,4820428,0.0264706528199961,6816,FALSE
Pv2.1_03_51224450_T/C,Chr03,51224450,0.0264657660400092,6817,FALSE
Pv2.1_03_51224452_T/C,Chr03,51224452,0.0264657660400092,6818,FALSE
Pv2.1_04_46934164_G/C,Chr04,46934164,0.026463298267851,6819,FALSE
Pv2.1_01_6429872_T/C,Chr01,6429872,0.0264613853763116,6820,FALSE
Pv2.1_11_50569863_C/G,Chr11,50569863,0.026460451471674,6821,FALSE
Pv2.1_08_62249297_C/T,Chr08,62249297,0.0264604092945113,6822,FALSE
Pv2.1_08_148957_G/A,Chr08,148957,0.0264600961396866,6823,FALSE
Pv2.1_08_148989_T/C,Chr08,148989,0.0264600961396866,6824,FALSE
Pv2.1_08_148996_G/A,Chr08,148996,0.0264600961396866,6825,FALSE
Pv2.1_08_149002_T/G,Chr08,149002,0.0264600961396866,6826,FALSE
Pv2.1_08_149003_T/A,Chr08,149003,0.0264600961396866,6827,FALSE
Pv2.1_11_1792170_G/T,Chr11,1792170,0.0264596820699436,6828,FALSE
Pv2.1_03_7427529_C/T,Chr03,7427529,0.0264587592257675,6829,FALSE
Pv2.1_08_699112_G/C,Chr08,699112,0.0264575895224364,6830,FALSE
Pv2.1_03_53233747_G/GTAACA,Chr03,53233747,0.0264570603019134,6831,FALSE
Pv2.1_11_561851_T/C,Chr11,561851,0.0264565885332813,6832,FALSE
Pv2.1_07_3871362_AGT/A,Chr07,3871362,0.0264561928215059,6833,FALSE
Pv2.1_07_38018740_T/G,Chr07,38018740,0.0264528305920937,6834,FALSE
Pv2.1_07_46154_T/C,Chr07,46154,0.0264523704285913,6835,FALSE
Pv2.1_06_8347645_C/T,Chr06,8347645,0.0264502814677061,6836,FALSE
Pv2.1_06_22198282_A/G,Chr06,22198282,0.0264499659327337,6837,FALSE
Pv2.1_02_4339386_A/T,Chr02,4339386,0.0264473090351816,6838,FALSE
Pv2.1_10_43544661_G/A,Chr10,43544661,0.0264457950121031,6839,FALSE
Pv2.1_02_26956262_C/A,Chr02,26956262,0.0264436688822296,6840,FALSE
Pv2.1_02_26956282_A/T,Chr02,26956282,0.0264436688822296,6841,FALSE
Pv2.1_08_12163627_A/G,Chr08,12163627,0.0264429330012925,6842,FALSE
Pv2.1_06_21220328_TA/T,Chr06,21220328,0.0264412134942167,6843,FALSE
Pv2.1_07_35749556_AT/A,Chr07,35749556,0.0264402056934761,6844,FALSE
Pv2.1_08_62939553_G/A,Chr08,62939553,0.0264386006573538,6845,FALSE
Pv2.1_08_62939556_A/G,Chr08,62939556,0.0264386006573538,6846,FALSE
Pv2.1_08_62939561_G/C,Chr08,62939561,0.0264386006573538,6847,FALSE
Pv2.1_07_9346509_G/T,Chr07,9346509,0.026438553503187,6848,FALSE
Pv2.1_02_25525614_C/T,Chr02,25525614,0.0264375874237328,6849,FALSE
Pv2.1_02_27666886_G/A,Chr02,27666886,0.0264362642492055,6850,FALSE
Pv2.1_08_1239661_C/T,Chr08,1239661,0.0264317837316495,6851,FALSE
Pv2.1_08_60451159_C/T,Chr08,60451159,0.0264289666126389,6852,FALSE
Pv2.1_07_8732238_C/T,Chr07,8732238,0.0264250035005249,6853,FALSE
Pv2.1_08_1540023_CAAG/C,Chr08,1540023,0.0264223040626659,6854,FALSE
Pv2.1_08_1540025_AGAG/A,Chr08,1540025,0.0264223040626659,6855,FALSE
Pv2.1_08_60638710_G/T,Chr08,60638710,0.0264201979998675,6856,FALSE
Pv2.1_06_8889207_T/C,Chr06,8889207,0.0264164420378008,6857,FALSE
Pv2.1_11_51717951_T/C,Chr11,51717951,0.0264117991789368,6858,FALSE
Pv2.1_10_41198948_G/A,Chr10,41198948,0.0264101739151852,6859,FALSE
Pv2.1_02_2404628_G/A,Chr02,2404628,0.026404533011843,6860,FALSE
Pv2.1_02_2404631_T/G,Chr02,2404631,0.026404533011843,6861,FALSE
Pv2.1_11_2238780_A/G,Chr11,2238780,0.0264025228121723,6862,FALSE
Pv2.1_10_42388167_T/A,Chr10,42388167,0.0263979277954802,6863,FALSE
Pv2.1_05_3317385_T/C,Chr05,3317385,0.0263965960049282,6864,FALSE
Pv2.1_09_29132464_G/A,Chr09,29132464,0.0263958460668503,6865,FALSE
Pv2.1_08_62375804_A/G,Chr08,62375804,0.0263916803443296,6866,FALSE
Pv2.1_11_29949147_T/C,Chr11,29949147,0.0263915938628885,6867,FALSE
Pv2.1_06_27157000_C/A,Chr06,27157000,0.0263884759622708,6868,FALSE
Pv2.1_07_37572999_G/C,Chr07,37572999,0.0263790055832489,6869,FALSE
Pv2.1_03_51441940_G/A,Chr03,51441940,0.0263784243136787,6870,FALSE
Pv2.1_06_9274933_A/T,Chr06,9274933,0.0263756723422555,6871,FALSE
Pv2.1_11_29949065_T/C,Chr11,29949065,0.0263723621214207,6872,FALSE
Pv2.1_03_12570599_G/A,Chr03,12570599,0.0263706462802853,6873,FALSE
Pv2.1_06_20409850_T/C,Chr06,20409850,0.0263699834164197,6874,FALSE
Pv2.1_03_40682313_G/A,Chr03,40682313,0.0263672024116031,6875,FALSE
Pv2.1_06_21601960_G/A,Chr06,21601960,0.0263627494469003,6876,FALSE
Pv2.1_08_6077040_C/T,Chr08,6077040,0.0263612803549842,6877,FALSE
Pv2.1_09_14814946_A/T,Chr09,14814946,0.0263586414895149,6878,FALSE
Pv2.1_05_5655713_C/T,Chr05,5655713,0.0263577627849863,6879,FALSE
Pv2.1_06_5988506_T/A,Chr06,5988506,0.0263558452594714,6880,FALSE
Pv2.1_11_8523740_C/T,Chr11,8523740,0.0263534789587374,6881,FALSE
Pv2.1_07_22472437_T/C,Chr07,22472437,0.0263513042661794,6882,FALSE
Pv2.1_03_40366597_T/C,Chr03,40366597,0.0263471110581168,6883,FALSE
Pv2.1_08_62311090_C/A,Chr08,62311090,0.0263453034875369,6884,FALSE
Pv2.1_05_3462873_A/G,Chr05,3462873,0.0263447659707139,6885,FALSE
Pv2.1_11_49342236_T/C,Chr11,49342236,0.0263430724072458,6886,FALSE
Pv2.1_06_6560473_T/C,Chr06,6560473,0.0263408465955273,6887,FALSE
Pv2.1_07_39291223_G/T,Chr07,39291223,0.0263382841486024,6888,FALSE
Pv2.1_06_10735472_C/T,Chr06,10735472,0.0263354974571155,6889,FALSE
Pv2.1_01_1099099_G/A,Chr01,1099099,0.0263338261920798,6890,FALSE
Pv2.1_01_46498284_A/T,Chr01,46498284,0.0263334679777287,6891,FALSE
Pv2.1_01_51186380_G/T,Chr01,51186380,0.0263309136077696,6892,FALSE
Pv2.1_01_4620559_C/A,Chr01,4620559,0.0263281798119315,6893,FALSE
Pv2.1_10_42388158_C/T,Chr10,42388158,0.0263256446624269,6894,FALSE
Pv2.1_05_39574596_G/A,Chr05,39574596,0.0263223449665335,6895,FALSE
Pv2.1_10_40539977_G/A,Chr10,40539977,0.0263217933726221,6896,FALSE
Pv2.1_02_45728315_G/A,Chr02,45728315,0.0263196507608416,6897,FALSE
Pv2.1_11_45292728_G/T,Chr11,45292728,0.0263192622681521,6898,FALSE
Pv2.1_04_281300_C/T,Chr04,281300,0.0263172099689055,6899,FALSE
Pv2.1_06_19335038_C/T,Chr06,19335038,0.0263070214768599,6900,FALSE
Pv2.1_05_37857684_G/T,Chr05,37857684,0.0263060795232555,6901,FALSE
Pv2.1_06_7240713_C/T,Chr06,7240713,0.0263024612062242,6902,FALSE
Pv2.1_06_14812954_C/T,Chr06,14812954,0.0262935002644782,6903,FALSE
Pv2.1_09_37739833_C/T,Chr09,37739833,0.0262863497503312,6904,FALSE
Pv2.1_06_21824697_T/C,Chr06,21824697,0.0262752790962781,6905,FALSE
Pv2.1_04_2047832_C/T,Chr04,2047832,0.0262733803324702,6906,FALSE
Pv2.1_10_42780490_T/C,Chr10,42780490,0.0262731178246107,6907,FALSE
Pv2.1_10_42780493_T/G,Chr10,42780493,0.0262731178246107,6908,FALSE
Pv2.1_08_49301389_C/A,Chr08,49301389,0.0262704900366932,6909,FALSE
Pv2.1_06_22880399_G/C,Chr06,22880399,0.0262690643123777,6910,FALSE
Pv2.1_07_38557122_G/C,Chr07,38557122,0.0262618932078884,6911,FALSE
Pv2.1_07_3518864_A/T,Chr07,3518864,0.0262613699756744,6912,FALSE
Pv2.1_07_39361049_A/T,Chr07,39361049,0.0262605595596659,6913,FALSE
Pv2.1_02_40132809_C/A,Chr02,40132809,0.0262602130121383,6914,FALSE
Pv2.1_02_40132813_G/T,Chr02,40132813,0.0262602130121383,6915,FALSE
Pv2.1_03_50400341_A/C,Chr03,50400341,0.026253375606907,6916,FALSE
Pv2.1_11_53132474_C/T,Chr11,53132474,0.0262504134567245,6917,FALSE
Pv2.1_01_10075833_T/A,Chr01,10075833,0.0262488399817378,6918,FALSE
Pv2.1_01_2733473_A/C,Chr01,2733473,0.0262473740664562,6919,FALSE
Pv2.1_06_22024007_T/C,Chr06,22024007,0.0262393523072992,6920,FALSE
Pv2.1_02_46858411_A/G,Chr02,46858411,0.026238018054499,6921,FALSE
Pv2.1_09_36905289_C/A,Chr09,36905289,0.0262323933734341,6922,FALSE
Pv2.1_11_31477434_G/A,Chr11,31477434,0.0262320350837952,6923,FALSE
Pv2.1_04_4083251_A/G,Chr04,4083251,0.0262301301888419,6924,FALSE
Pv2.1_07_3293140_C/A,Chr07,3293140,0.0262265749369472,6925,FALSE
Pv2.1_05_39416659_T/G,Chr05,39416659,0.0262251943556153,6926,FALSE
Pv2.1_08_62553191_A/G,Chr08,62553191,0.0262235661637997,6927,FALSE
Pv2.1_04_39248506_C/T,Chr04,39248506,0.0262229419603557,6928,FALSE
Pv2.1_11_3221691_C/T,Chr11,3221691,0.0262213001052936,6929,FALSE
Pv2.1_11_3221693_A/G,Chr11,3221693,0.0262213001052936,6930,FALSE
Pv2.1_07_38093839_A/T,Chr07,38093839,0.0262166527760095,6931,FALSE
Pv2.1_07_4174942_A/T,Chr07,4174942,0.0262139561293511,6932,FALSE
Pv2.1_10_40397761_G/A,Chr10,40397761,0.0262100290791589,6933,FALSE
Pv2.1_10_42551868_G/A,Chr10,42551868,0.0262091728915657,6934,FALSE
Pv2.1_01_10600077_T/A,Chr01,10600077,0.0262081171884052,6935,FALSE
Pv2.1_03_32742923_C/CCA,Chr03,32742923,0.0262039183689589,6936,FALSE
Pv2.1_02_30525893_A/G,Chr02,30525893,0.0262015184776345,6937,FALSE
Pv2.1_11_3263485_C/A,Chr11,3263485,0.0262001935440601,6938,FALSE
Pv2.1_05_9116989_A/T,Chr05,9116989,0.0261988356909657,6939,FALSE
Pv2.1_06_15844939_A/G,Chr06,15844939,0.0261977515680201,6940,FALSE
Pv2.1_01_655826_A/T,Chr01,655826,0.0261969756122182,6941,FALSE
Pv2.1_11_29791081_G/A,Chr11,29791081,0.0261942396144867,6942,FALSE
Pv2.1_09_13688994_T/C,Chr09,13688994,0.0261928791185073,6943,FALSE
Pv2.1_09_13688996_T/C,Chr09,13688996,0.0261928791185073,6944,FALSE
Pv2.1_09_13681364_G/A,Chr09,13681364,0.0261865451439434,6945,FALSE
Pv2.1_07_9479371_C/G,Chr07,9479371,0.0261860962821996,6946,FALSE
Pv2.1_06_26322692_A/G,Chr06,26322692,0.0261850452912924,6947,FALSE
Pv2.1_11_44319450_G/A,Chr11,44319450,0.0261796763921378,6948,FALSE
Pv2.1_01_51087175_G/A,Chr01,51087175,0.026179202066908,6949,FALSE
Pv2.1_07_7420247_A/G,Chr07,7420247,0.0261751655121478,6950,FALSE
Pv2.1_10_2997797_A/G,Chr10,2997797,0.0261707374121354,6951,FALSE
Pv2.1_05_40841287_C/T,Chr05,40841287,0.0261672438658067,6952,FALSE
Pv2.1_09_36681034_G/C,Chr09,36681034,0.0261664733272728,6953,FALSE
Pv2.1_10_41616961_C/T,Chr10,41616961,0.0261620680855188,6954,FALSE
Pv2.1_08_60114964_C/G,Chr08,60114964,0.0261620593958982,6955,FALSE
Pv2.1_08_62313824_G/A,Chr08,62313824,0.0261607017652294,6956,FALSE
Pv2.1_07_3313545_T/C,Chr07,3313545,0.026158412131954,6957,FALSE
Pv2.1_08_7017329_T/A,Chr08,7017329,0.026157631422469,6958,FALSE
Pv2.1_07_3485285_A/G,Chr07,3485285,0.0261520503043791,6959,FALSE
Pv2.1_03_2472543_T/A,Chr03,2472543,0.0261481012060636,6960,FALSE
Pv2.1_10_43396658_T/C,Chr10,43396658,0.0261458864536057,6961,FALSE
Pv2.1_08_10772048_C/G,Chr08,10772048,0.0261458063241271,6962,FALSE
Pv2.1_11_31477371_C/A,Chr11,31477371,0.0261456386853411,6963,FALSE
Pv2.1_06_28226256_T/A,Chr06,28226256,0.0261454040913467,6964,FALSE
Pv2.1_07_61267_G/C,Chr07,61267,0.0261447701697266,6965,FALSE
Pv2.1_01_2335185_T/C,Chr01,2335185,0.0261407286467112,6966,FALSE
Pv2.1_01_6516947_G/A,Chr01,6516947,0.0261397629488602,6967,FALSE
Pv2.1_01_6516974_C/A,Chr01,6516974,0.0261397629488602,6968,FALSE
Pv2.1_03_43155171_T/C,Chr03,43155171,0.0261382113018707,6969,FALSE
Pv2.1_07_37259087_G/A,Chr07,37259087,0.0261332801068903,6970,FALSE
Pv2.1_11_2078531_A/C,Chr11,2078531,0.0261319156086981,6971,FALSE
Pv2.1_11_50483562_C/A,Chr11,50483562,0.0261294557624967,6972,FALSE
Pv2.1_10_42215707_C/G,Chr10,42215707,0.026125539516018,6973,FALSE
Pv2.1_11_51718226_C/T,Chr11,51718226,0.0261205515621552,6974,FALSE
Pv2.1_01_72790_C/T,Chr01,72790,0.0261195386600428,6975,FALSE
Pv2.1_07_3293105_G/A,Chr07,3293105,0.0261125379724319,6976,FALSE
Pv2.1_01_2335058_T/C,Chr01,2335058,0.026109810615389,6977,FALSE
Pv2.1_05_17700293_G/T,Chr05,17700293,0.0261095287197537,6978,FALSE
Pv2.1_11_3218106_G/A,Chr11,3218106,0.0261057469891668,6979,FALSE
Pv2.1_07_216145_C/T,Chr07,216145,0.0261030245826772,6980,FALSE
Pv2.1_07_8249377_G/T,Chr07,8249377,0.0261006239872681,6981,FALSE
Pv2.1_01_44927340_G/T,Chr01,44927340,0.026100197493415,6982,FALSE
Pv2.1_08_61266705_A/T,Chr08,61266705,0.0260991720931916,6983,FALSE
Pv2.1_10_40046111_A/G,Chr10,40046111,0.0260950641689584,6984,FALSE
Pv2.1_10_4082835_A/T,Chr10,4082835,0.0260908519980885,6985,FALSE
Pv2.1_08_62007645_T/C,Chr08,62007645,0.0260895153207685,6986,FALSE
Pv2.1_06_5879484_A/AT,Chr06,5879484,0.0260865678118125,6987,FALSE
Pv2.1_06_19661268_A/TT,Chr06,19661268,0.026086494988105,6988,FALSE
Pv2.1_01_1287138_C/A,Chr01,1287138,0.0260846915917314,6989,FALSE
Pv2.1_06_24115862_G/A,Chr06,24115862,0.0260798254351848,6990,FALSE
Pv2.1_11_50364168_T/TA,Chr11,50364168,0.0260789813300204,6991,FALSE
Pv2.1_09_13687583_C/T,Chr09,13687583,0.0260778415011345,6992,FALSE
Pv2.1_10_42844904_T/C,Chr10,42844904,0.0260769197144413,6993,FALSE
Pv2.1_06_24706754_T/C,Chr06,24706754,0.0260752857087208,6994,FALSE
Pv2.1_07_37990869_G/A,Chr07,37990869,0.0260712767374374,6995,FALSE
Pv2.1_10_42233829_A/T,Chr10,42233829,0.0260666780636845,6996,FALSE
Pv2.1_07_9638946_T/G,Chr07,9638946,0.0260663935101046,6997,FALSE
Pv2.1_11_3220437_C/T,Chr11,3220437,0.0260661552563652,6998,FALSE
Pv2.1_08_61681984_T/C,Chr08,61681984,0.0260616574371708,6999,FALSE
Pv2.1_08_62082084_T/C,Chr08,62082084,0.0260577245428228,7000,FALSE
Pv2.1_07_7846513_C/T,Chr07,7846513,0.0260572500126384,7001,FALSE
Pv2.1_07_7846543_A/G,Chr07,7846543,0.0260572500126384,7002,FALSE
Pv2.1_07_38557080_T/C,Chr07,38557080,0.0260555503419693,7003,FALSE
Pv2.1_07_38557088_G/A,Chr07,38557088,0.0260555503419693,7004,FALSE
Pv2.1_07_10207663_G/C,Chr07,10207663,0.0260492591411254,7005,FALSE
Pv2.1_03_39413718_G/A,Chr03,39413718,0.0260454514311173,7006,FALSE
Pv2.1_01_50856709_T/A,Chr01,50856709,0.0260446198305302,7007,FALSE
Pv2.1_10_1723865_G/C,Chr10,1723865,0.0260444691581809,7008,FALSE
Pv2.1_06_18113179_T/C,Chr06,18113179,0.0260429677613878,7009,FALSE
Pv2.1_01_49333536_A/G,Chr01,49333536,0.0260359926951086,7010,FALSE
Pv2.1_06_12925860_T/A,Chr06,12925860,0.0260350170664188,7011,FALSE
Pv2.1_07_3673584_C/T,Chr07,3673584,0.0260323455586811,7012,FALSE
Pv2.1_06_24195964_T/C,Chr06,24195964,0.0260297919012742,7013,FALSE
Pv2.1_09_7410814_T/C,Chr09,7410814,0.0260280787085883,7014,FALSE
Pv2.1_03_994445_T/A,Chr03,994445,0.0260275108369803,7015,FALSE
Pv2.1_07_37599952_T/A,Chr07,37599952,0.026023545117047,7016,FALSE
Pv2.1_06_24104208_A/C,Chr06,24104208,0.0260206435411359,7017,FALSE
Pv2.1_02_7857263_A/T,Chr02,7857263,0.0260201162236369,7018,FALSE
Pv2.1_09_14645201_T/C,Chr09,14645201,0.0260176013749089,7019,FALSE
Pv2.1_08_121095_T/C,Chr08,121095,0.0260167000512808,7020,FALSE
Pv2.1_08_1589850_G/T,Chr08,1589850,0.0260163650079979,7021,FALSE
Pv2.1_08_1589851_A/C,Chr08,1589851,0.0260163650079979,7022,FALSE
Pv2.1_02_2748831_TACAA/T,Chr02,2748831,0.0260162194175173,7023,FALSE
Pv2.1_08_1228929_C/T,Chr08,1228929,0.0260144141852146,7024,FALSE
Pv2.1_09_12172152_T/C,Chr09,12172152,0.0260138357401361,7025,FALSE
Pv2.1_07_3664089_A/C,Chr07,3664089,0.0260120527328813,7026,FALSE
Pv2.1_05_2357252_G/A,Chr05,2357252,0.0260108824034586,7027,FALSE
Pv2.1_01_172001_G/A,Chr01,172001,0.0260092282740949,7028,FALSE
Pv2.1_07_4202529_T/A,Chr07,4202529,0.0260091203918837,7029,FALSE
Pv2.1_08_52701916_G/A,Chr08,52701916,0.0260089937757972,7030,FALSE
Pv2.1_06_21533228_C/G,Chr06,21533228,0.0260074640408652,7031,FALSE
Pv2.1_01_5816113_T/A,Chr01,5816113,0.0260036437399389,7032,FALSE
Pv2.1_05_3186438_T/C,Chr05,3186438,0.0260024994417947,7033,FALSE
Pv2.1_11_30441055_C/T,Chr11,30441055,0.0259955946075867,7034,FALSE
Pv2.1_07_7395895_T/C,Chr07,7395895,0.0259946877741877,7035,FALSE
Pv2.1_01_51325736_A/G,Chr01,51325736,0.025990110782852,7036,FALSE
Pv2.1_01_51325758_A/T,Chr01,51325758,0.025990110782852,7037,FALSE
Pv2.1_01_51325761_G/A,Chr01,51325761,0.025990110782852,7038,FALSE
Pv2.1_06_17983613_C/T,Chr06,17983613,0.0259890209371303,7039,FALSE
Pv2.1_08_60778927_C/T,Chr08,60778927,0.0259845950853759,7040,FALSE
Pv2.1_07_32331988_G/T,Chr07,32331988,0.0259839950604213,7041,FALSE
Pv2.1_08_1388159_A/G,Chr08,1388159,0.0259820260421995,7042,FALSE
Pv2.1_08_1388168_C/T,Chr08,1388168,0.0259820260421995,7043,FALSE
Pv2.1_11_53496464_C/A,Chr11,53496464,0.0259795937952871,7044,FALSE
Pv2.1_02_5860032_C/T,Chr02,5860032,0.0259795329443766,7045,FALSE
Pv2.1_01_50650017_C/T,Chr01,50650017,0.0259788808224459,7046,FALSE
Pv2.1_01_51074418_C/T,Chr01,51074418,0.0259773638913208,7047,FALSE
Pv2.1_01_787952_C/T,Chr01,787952,0.0259692091086432,7048,FALSE
Pv2.1_06_25953766_T/TA,Chr06,25953766,0.0259685492934394,7049,FALSE
Pv2.1_02_37732747_C/T,Chr02,37732747,0.0259667800213617,7050,FALSE
Pv2.1_09_13933700_T/C,Chr09,13933700,0.0259615564438929,7051,FALSE
Pv2.1_01_80139_G/A,Chr01,80139,0.0259572056516828,7052,FALSE
Pv2.1_05_38536722_A/T,Chr05,38536722,0.025953237819762,7053,FALSE
Pv2.1_05_38536728_C/G,Chr05,38536728,0.025953237819762,7054,FALSE
Pv2.1_06_21220255_T/A,Chr06,21220255,0.025945290518226,7055,FALSE
Pv2.1_07_4859567_G/T,Chr07,4859567,0.0259424962852548,7056,FALSE
Pv2.1_08_3183630_G/A,Chr08,3183630,0.0259391499900858,7057,FALSE
Pv2.1_06_19629387_G/C,Chr06,19629387,0.0259318884067774,7058,FALSE
Pv2.1_06_19629389_T/G,Chr06,19629389,0.0259318884067774,7059,FALSE
Pv2.1_11_52806866_T/C,Chr11,52806866,0.0259309907936847,7060,FALSE
Pv2.1_03_2524325_C/T,Chr03,2524325,0.0259307272102411,7061,FALSE
Pv2.1_01_48284533_T/A,Chr01,48284533,0.025929665998619,7062,FALSE
Pv2.1_06_30732407_C/G,Chr06,30732407,0.0259268024235597,7063,FALSE
Pv2.1_06_30732409_A/T,Chr06,30732409,0.0259268024235597,7064,FALSE
Pv2.1_01_2733494_T/C,Chr01,2733494,0.0259239124419501,7065,FALSE
Pv2.1_06_19549571_G/A,Chr06,19549571,0.0259237752754,7066,FALSE
Pv2.1_10_4906655_A/T,Chr10,4906655,0.0259232632701116,7067,FALSE
Pv2.1_06_16863273_T/A,Chr06,16863273,0.025921846067007,7068,FALSE
Pv2.1_11_53369410_A/C,Chr11,53369410,0.025919276381873,7069,FALSE
Pv2.1_07_8497006_C/T,Chr07,8497006,0.0259152253310342,7070,FALSE
Pv2.1_07_8497017_T/C,Chr07,8497017,0.0259152253310342,7071,FALSE
Pv2.1_07_8497025_G/A,Chr07,8497025,0.0259152253310342,7072,FALSE
Pv2.1_07_37288583_G/A,Chr07,37288583,0.0259110662900683,7073,FALSE
Pv2.1_01_5772612_A/T,Chr01,5772612,0.025909202638454,7074,FALSE
Pv2.1_03_10944920_C/A,Chr03,10944920,0.0259067316069697,7075,FALSE
Pv2.1_02_48416794_AT/A,Chr02,48416794,0.0259045472724972,7076,FALSE
Pv2.1_02_26070650_A/G,Chr02,26070650,0.0259036227253646,7077,FALSE
Pv2.1_08_14362521_G/A,Chr08,14362521,0.0259022317781752,7078,FALSE
Pv2.1_05_37991577_A/G,Chr05,37991577,0.0258951268123417,7079,FALSE
Pv2.1_08_3925830_A/T,Chr08,3925830,0.0258937846017457,7080,FALSE
Pv2.1_01_48345328_A/G,Chr01,48345328,0.0258931726609024,7081,FALSE
Pv2.1_08_6675807_C/T,Chr08,6675807,0.0258928139610859,7082,FALSE
Pv2.1_07_39131183_A/T,Chr07,39131183,0.0258868078707533,7083,FALSE
Pv2.1_11_3278137_G/A,Chr11,3278137,0.0258843496244316,7084,FALSE
Pv2.1_09_36681020_A/T,Chr09,36681020,0.0258755335476262,7085,FALSE
Pv2.1_07_485213_A/C,Chr07,485213,0.0258745968842158,7086,FALSE
Pv2.1_02_26070636_G/C,Chr02,26070636,0.0258737301657792,7087,FALSE
Pv2.1_05_11873727_G/C,Chr05,11873727,0.0258718073461597,7088,FALSE
Pv2.1_10_31356617_C/T,Chr10,31356617,0.0258664887995255,7089,FALSE
Pv2.1_03_43933787_T/C,Chr03,43933787,0.0258653548303913,7090,FALSE
Pv2.1_10_42644312_G/A,Chr10,42644312,0.0258629400407888,7091,FALSE
Pv2.1_01_35998040_C/A,Chr01,35998040,0.0258599321978661,7092,FALSE
Pv2.1_06_18934450_T/C,Chr06,18934450,0.0258578350641439,7093,FALSE
Pv2.1_02_13735938_A/G,Chr02,13735938,0.0258573196666672,7094,FALSE
Pv2.1_03_36241660_C/T,Chr03,36241660,0.0258494839804779,7095,FALSE
Pv2.1_06_29477408_A/G,Chr06,29477408,0.0258478819748831,7096,FALSE
Pv2.1_11_50483686_C/A,Chr11,50483686,0.0258470676784603,7097,FALSE
Pv2.1_07_9563124_C/G,Chr07,9563124,0.0258454796100316,7098,FALSE
Pv2.1_07_1074333_C/CT,Chr07,1074333,0.0258431525408618,7099,FALSE
Pv2.1_08_7118206_G/T,Chr08,7118206,0.0258430943535157,7100,FALSE
Pv2.1_08_1239660_G/A,Chr08,1239660,0.0258426275712993,7101,FALSE
Pv2.1_02_34832215_C/A,Chr02,34832215,0.0258405714908125,7102,FALSE
Pv2.1_02_34832216_C/A,Chr02,34832216,0.0258405714908125,7103,FALSE
Pv2.1_03_36404644_T/G,Chr03,36404644,0.0258379758298153,7104,FALSE
Pv2.1_02_22752446_T/A,Chr02,22752446,0.0258367618764157,7105,FALSE
Pv2.1_11_53567276_A/G,Chr11,53567276,0.0258333201013254,7106,FALSE
Pv2.1_08_564310_G/A,Chr08,564310,0.025832793129442,7107,FALSE
Pv2.1_01_49276162_G/A,Chr01,49276162,0.0258318399972946,7108,FALSE
Pv2.1_07_36713200_A/G,Chr07,36713200,0.0258293449792344,7109,FALSE
Pv2.1_08_1169219_C/T,Chr08,1169219,0.0258281537965464,7110,FALSE
Pv2.1_09_36649722_A/G,Chr09,36649722,0.0258250199649699,7111,FALSE
Pv2.1_08_30382506_C/T,Chr08,30382506,0.025822302651823,7112,FALSE
Pv2.1_06_26760321_A/T,Chr06,26760321,0.025821120835106,7113,FALSE
Pv2.1_11_1024876_G/A,Chr11,1024876,0.0258163113506349,7114,FALSE
Pv2.1_06_8938618_C/G,Chr06,8938618,0.0258146185768013,7115,FALSE
Pv2.1_06_19323853_C/G,Chr06,19323853,0.0258123348939683,7116,FALSE
Pv2.1_08_240013_A/T,Chr08,240013,0.0258106310228099,7117,FALSE
Pv2.1_05_26209939_T/C,Chr05,26209939,0.0258083493458794,7118,FALSE
Pv2.1_10_42780613_C/T,Chr10,42780613,0.0258028279520333,7119,FALSE
Pv2.1_04_55583_T/A,Chr04,55583,0.025801246299626,7120,FALSE
Pv2.1_02_37592388_C/T,Chr02,37592388,0.0257984284778892,7121,FALSE
Pv2.1_06_19629383_T/G,Chr06,19629383,0.0257983488664317,7122,FALSE
Pv2.1_06_19629390_A/T,Chr06,19629390,0.0257983488664317,7123,FALSE
Pv2.1_06_2196884_C/T,Chr06,2196884,0.0257926428392561,7124,FALSE
Pv2.1_07_7468497_C/T,Chr07,7468497,0.0257922832073283,7125,FALSE
Pv2.1_07_9583729_C/G,Chr07,9583729,0.0257922832073283,7126,FALSE
Pv2.1_09_38119636_C/T,Chr09,38119636,0.0257917102997141,7127,FALSE
Pv2.1_09_38119642_A/C,Chr09,38119642,0.0257917102997141,7128,FALSE
Pv2.1_01_6218677_C/A,Chr01,6218677,0.0257903754690005,7129,FALSE
Pv2.1_01_6218684_A/T,Chr01,6218684,0.0257903754690005,7130,FALSE
Pv2.1_11_48385278_C/T,Chr11,48385278,0.0257885443703967,7131,FALSE
Pv2.1_11_3278090_T/TG,Chr11,3278090,0.0257878907094544,7132,FALSE
Pv2.1_07_3673581_A/G,Chr07,3673581,0.0257877514679854,7133,FALSE
Pv2.1_07_4859732_A/G,Chr07,4859732,0.025785960311568,7134,FALSE
Pv2.1_07_8580273_G/T,Chr07,8580273,0.0257820738746863,7135,FALSE
Pv2.1_07_8580289_T/C,Chr07,8580289,0.0257820738746863,7136,FALSE
Pv2.1_10_42672436_A/C,Chr10,42672436,0.0257815649571684,7137,FALSE
Pv2.1_09_36681022_C/T,Chr09,36681022,0.0257767666015614,7138,FALSE
Pv2.1_08_45851869_A/AGCC,Chr08,45851869,0.0257760687251345,7139,FALSE
Pv2.1_10_40392342_A/AC,Chr10,40392342,0.0257731571008559,7140,FALSE
Pv2.1_05_39837778_A/G,Chr05,39837778,0.0257724755252262,7141,FALSE
Pv2.1_11_2956906_C/T,Chr11,2956906,0.0257670253449813,7142,FALSE
Pv2.1_03_39413739_T/A,Chr03,39413739,0.0257596917217855,7143,FALSE
Pv2.1_11_41525281_G/A,Chr11,41525281,0.0257572034564899,7144,FALSE
Pv2.1_03_45433860_AT/A,Chr03,45433860,0.0257507994667527,7145,FALSE
Pv2.1_02_46792652_G/T,Chr02,46792652,0.0257503528530334,7146,FALSE
Pv2.1_07_40005075_A/T,Chr07,40005075,0.0257483140629629,7147,FALSE
Pv2.1_06_17390367_C/G,Chr06,17390367,0.0257479561915215,7148,FALSE
Pv2.1_06_17390382_C/A,Chr06,17390382,0.0257479561915215,7149,FALSE
Pv2.1_06_19549786_C/T,Chr06,19549786,0.0257474656989904,7150,FALSE
Pv2.1_07_37412294_A/T,Chr07,37412294,0.025742728582546,7151,FALSE
Pv2.1_08_564149_T/C,Chr08,564149,0.0257421988039934,7152,FALSE
Pv2.1_11_51718036_T/A,Chr11,51718036,0.0257409961742563,7153,FALSE
Pv2.1_08_62588935_C/G,Chr08,62588935,0.0257402700750213,7154,FALSE
Pv2.1_11_2086842_T/A,Chr11,2086842,0.0257391461972261,7155,FALSE
Pv2.1_01_2428883_T/C,Chr01,2428883,0.0257362329638964,7156,FALSE
Pv2.1_06_4635633_T/A,Chr06,4635633,0.0257339583485696,7157,FALSE
Pv2.1_04_47686981_C/G,Chr04,47686981,0.0257336259062706,7158,FALSE
Pv2.1_11_50980685_C/T,Chr11,50980685,0.0257335579991782,7159,FALSE
Pv2.1_07_36771905_A/T,Chr07,36771905,0.0257323939244531,7160,FALSE
Pv2.1_07_36771927_A/C,Chr07,36771927,0.0257323939244531,7161,FALSE
Pv2.1_07_36771930_G/T,Chr07,36771930,0.0257323939244531,7162,FALSE
Pv2.1_07_36771944_G/A,Chr07,36771944,0.0257323939244531,7163,FALSE
Pv2.1_08_3925835_T/C,Chr08,3925835,0.025731669222155,7164,FALSE
Pv2.1_05_39470871_C/G,Chr05,39470871,0.0257256058778963,7165,FALSE
Pv2.1_02_27099650_T/C,Chr02,27099650,0.0257237148213996,7166,FALSE
Pv2.1_06_23306084_C/T,Chr06,23306084,0.0257226724978219,7167,FALSE
Pv2.1_06_24110510_A/T,Chr06,24110510,0.02572085773317,7168,FALSE
Pv2.1_11_2258614_G/C,Chr11,2258614,0.025720847337702,7169,FALSE
Pv2.1_11_2258616_G/T,Chr11,2258616,0.025720847337702,7170,FALSE
Pv2.1_09_22304249_C/A,Chr09,22304249,0.0257177622850477,7171,FALSE
Pv2.1_06_25329835_A/C,Chr06,25329835,0.0257177041014378,7172,FALSE
Pv2.1_04_41987684_G/A,Chr04,41987684,0.0257173823207988,7173,FALSE
Pv2.1_08_19533786_G/A,Chr08,19533786,0.0257131818513212,7174,FALSE
Pv2.1_11_50710133_C/A,Chr11,50710133,0.0257116315151911,7175,FALSE
Pv2.1_10_42495061_T/A,Chr10,42495061,0.0257096640411514,7176,FALSE
Pv2.1_07_1558544_T/C,Chr07,1558544,0.0257071126644912,7177,FALSE
Pv2.1_05_2216081_T/C,Chr05,2216081,0.0257057036269952,7178,FALSE
Pv2.1_11_49884370_C/G,Chr11,49884370,0.0257035987221435,7179,FALSE
Pv2.1_06_24233430_C/A,Chr06,24233430,0.0257027478506866,7180,FALSE
Pv2.1_08_24209483_G/A,Chr08,24209483,0.0257017357497129,7181,FALSE
Pv2.1_08_3002567_C/T,Chr08,3002567,0.0256999854593296,7182,FALSE
Pv2.1_09_37383715_G/A,Chr09,37383715,0.0256990952117167,7183,FALSE
Pv2.1_08_40196029_A/T,Chr08,40196029,0.0256972944182055,7184,FALSE
Pv2.1_05_2409839_C/T,Chr05,2409839,0.0256947718973874,7185,FALSE
Pv2.1_05_2409868_A/G,Chr05,2409868,0.0256947718973874,7186,FALSE
Pv2.1_07_9072446_C/G,Chr07,9072446,0.0256918873726755,7187,FALSE
Pv2.1_07_4857083_C/A,Chr07,4857083,0.0256913067045184,7188,FALSE
Pv2.1_11_27854765_T/G,Chr11,27854765,0.025689198008064,7189,FALSE
Pv2.1_08_18840395_C/G,Chr08,18840395,0.0256890841453612,7190,FALSE
Pv2.1_03_40556460_T/A,Chr03,40556460,0.0256889290478952,7191,FALSE
Pv2.1_11_27854744_C/T,Chr11,27854744,0.0256875539460668,7192,FALSE
Pv2.1_06_20736000_C/G,Chr06,20736000,0.0256857587507069,7193,FALSE
Pv2.1_10_42906650_A/G,Chr10,42906650,0.02568351840464,7194,FALSE
Pv2.1_05_39317659_A/C,Chr05,39317659,0.0256806917504164,7195,FALSE
Pv2.1_06_13831762_T/G,Chr06,13831762,0.0256772156651492,7196,FALSE
Pv2.1_11_50980595_A/T,Chr11,50980595,0.0256674880580494,7197,FALSE
Pv2.1_03_31129960_G/A,Chr03,31129960,0.0256668641132296,7198,FALSE
Pv2.1_05_2232603_C/T,Chr05,2232603,0.0256641190463705,7199,FALSE
Pv2.1_01_5342090_C/T,Chr01,5342090,0.0256600402591594,7200,FALSE
Pv2.1_08_114379_C/G,Chr08,114379,0.0256559009283937,7201,FALSE
Pv2.1_06_5174848_T/A,Chr06,5174848,0.0256546801347972,7202,FALSE
Pv2.1_08_1265170_T/A,Chr08,1265170,0.0256514281917686,7203,FALSE
Pv2.1_07_38135009_C/G,Chr07,38135009,0.0256505862930467,7204,FALSE
Pv2.1_11_2078539_G/A,Chr11,2078539,0.0256472757863122,7205,FALSE
Pv2.1_09_12132510_G/A,Chr09,12132510,0.0256464364774169,7206,FALSE
Pv2.1_09_29011977_A/G,Chr09,29011977,0.0256438707668933,7207,FALSE
Pv2.1_01_5016498_T/C,Chr01,5016498,0.0256426203778921,7208,FALSE
Pv2.1_07_9563114_T/C,Chr07,9563114,0.0256366938970944,7209,FALSE
Pv2.1_08_14351389_A/C,Chr08,14351389,0.0256359236942698,7210,FALSE
Pv2.1_02_26515090_A/G,Chr02,26515090,0.0256345425491906,7211,FALSE
Pv2.1_11_2078455_A/C,Chr11,2078455,0.0256340718511168,7212,FALSE
Pv2.1_03_31873786_G/T,Chr03,31873786,0.0256308653042066,7213,FALSE
Pv2.1_02_36142718_T/C,Chr02,36142718,0.0256288042295036,7214,FALSE
Pv2.1_06_13014858_C/T,Chr06,13014858,0.025628537675952,7215,FALSE
Pv2.1_07_594323_G/A,Chr07,594323,0.0256284245745295,7216,FALSE
Pv2.1_07_9326928_G/A,Chr07,9326928,0.0256269739210424,7217,FALSE
Pv2.1_05_21583009_A/G,Chr05,21583009,0.0256256725470809,7218,FALSE
Pv2.1_02_585616_T/C,Chr02,585616,0.0256221735014517,7219,FALSE
Pv2.1_07_9572089_T/A,Chr07,9572089,0.0256188834037032,7220,FALSE
Pv2.1_07_9684759_G/T,Chr07,9684759,0.0256188834037032,7221,FALSE
Pv2.1_05_2740179_T/A,Chr05,2740179,0.0256170966763269,7222,FALSE
Pv2.1_08_62309944_C/G,Chr08,62309944,0.0256164872205198,7223,FALSE
Pv2.1_02_48416815_G/T,Chr02,48416815,0.0256133746298826,7224,FALSE
Pv2.1_05_11216917_C/T,Chr05,11216917,0.0256106049343479,7225,FALSE
Pv2.1_02_45934057_G/T,Chr02,45934057,0.0256104351155342,7226,FALSE
Pv2.1_11_53497567_A/G,Chr11,53497567,0.0256003524867774,7227,FALSE
Pv2.1_03_984162_G/A,Chr03,984162,0.0256001346292671,7228,FALSE
Pv2.1_06_19446501_C/G,Chr06,19446501,0.0255994099495886,7229,FALSE
Pv2.1_01_51065864_A/G,Chr01,51065864,0.0255986478541863,7230,FALSE
Pv2.1_09_29132580_C/A,Chr09,29132580,0.025594658550804,7231,FALSE
Pv2.1_08_62786768_T/G,Chr08,62786768,0.0255945437742393,7232,FALSE
Pv2.1_11_1582393_T/C,Chr11,1582393,0.0255938258888748,7233,FALSE
Pv2.1_11_1706141_A/G,Chr11,1706141,0.0255926133111153,7234,FALSE
Pv2.1_10_36446806_C/G,Chr10,36446806,0.0255914361818288,7235,FALSE
Pv2.1_06_19130494_C/T,Chr06,19130494,0.0255860225248545,7236,FALSE
Pv2.1_02_45689627_A/G,Chr02,45689627,0.0255859360857169,7237,FALSE
Pv2.1_04_46995371_CA/C,Chr04,46995371,0.0255852130804839,7238,FALSE
Pv2.1_08_60485983_G/T,Chr08,60485983,0.0255823367759476,7239,FALSE
Pv2.1_06_27493220_C/T,Chr06,27493220,0.0255792722707096,7240,FALSE
Pv2.1_07_816822_C/A,Chr07,816822,0.0255769974702154,7241,FALSE
Pv2.1_03_36241652_A/C,Chr03,36241652,0.0255763726179401,7242,FALSE
Pv2.1_03_36241666_G/A,Chr03,36241666,0.0255763726179401,7243,FALSE
Pv2.1_09_28287292_TG/T,Chr09,28287292,0.0255762138362612,7244,FALSE
Pv2.1_11_50259315_A/T,Chr11,50259315,0.0255746074496281,7245,FALSE
Pv2.1_11_50483703_C/A,Chr11,50483703,0.025571372719261,7246,FALSE
Pv2.1_03_33567570_G/A,Chr03,33567570,0.0255638535751097,7247,FALSE
Pv2.1_07_32368391_T/G,Chr07,32368391,0.0255631190890839,7248,FALSE
Pv2.1_06_19629401_G/T,Chr06,19629401,0.0255627158246061,7249,FALSE
Pv2.1_04_45977613_T/C,Chr04,45977613,0.0255590692363126,7250,FALSE
Pv2.1_02_518646_C/T,Chr02,518646,0.0255557526370809,7251,FALSE
Pv2.1_02_518649_T/C,Chr02,518649,0.0255557526370809,7252,FALSE
Pv2.1_08_60905346_G/A,Chr08,60905346,0.0255526387708369,7253,FALSE
Pv2.1_08_502185_C/G,Chr08,502185,0.0255519480061026,7254,FALSE
Pv2.1_08_52131355_C/G,Chr08,52131355,0.0255506966410368,7255,FALSE
Pv2.1_04_4561429_A/G,Chr04,4561429,0.0255452652246024,7256,FALSE
Pv2.1_04_47249077_T/C,Chr04,47249077,0.0255451249037804,7257,FALSE
Pv2.1_01_656052_C/G,Chr01,656052,0.0255441087516433,7258,FALSE
Pv2.1_10_41983120_G/T,Chr10,41983120,0.0255432470496975,7259,FALSE
Pv2.1_08_62529301_T/C,Chr08,62529301,0.0255406340445674,7260,FALSE
Pv2.1_10_42792076_A/G,Chr10,42792076,0.025540314413762,7261,FALSE
Pv2.1_07_8706438_C/A,Chr07,8706438,0.0255365541791455,7262,FALSE
Pv2.1_11_1616752_T/C,Chr11,1616752,0.0255340903872616,7263,FALSE
Pv2.1_03_979845_G/C,Chr03,979845,0.0255318172047123,7264,FALSE
Pv2.1_02_3423974_T/C,Chr02,3423974,0.0255311465985542,7265,FALSE
Pv2.1_11_2282096_C/G,Chr11,2282096,0.0255276339367039,7266,FALSE
Pv2.1_07_10364336_C/T,Chr07,10364336,0.0255273585841,7267,FALSE
Pv2.1_07_7039151_G/A,Chr07,7039151,0.0255249111058005,7268,FALSE
Pv2.1_08_61479495_C/G,Chr08,61479495,0.0255230956204522,7269,FALSE
Pv2.1_08_62490678_T/A,Chr08,62490678,0.0255213135176176,7270,FALSE
Pv2.1_03_45906_C/T,Chr03,45906,0.025519288046874,7271,FALSE
Pv2.1_01_3370933_A/T,Chr01,3370933,0.0255188803400919,7272,FALSE
Pv2.1_07_7846647_G/A,Chr07,7846647,0.0255180618026563,7273,FALSE
Pv2.1_09_22376291_T/C,Chr09,22376291,0.0255156522327278,7274,FALSE
Pv2.1_04_3202606_T/C,Chr04,3202606,0.0255104018060237,7275,FALSE
Pv2.1_09_22356582_T/TAAA,Chr09,22356582,0.0255070993062327,7276,FALSE
Pv2.1_08_62447483_C/G,Chr08,62447483,0.0255028483943724,7277,FALSE
Pv2.1_10_4904366_T/A,Chr10,4904366,0.0255001899646969,7278,FALSE
Pv2.1_04_271396_C/T,Chr04,271396,0.0254988948999451,7279,FALSE
Pv2.1_05_296937_T/A,Chr05,296937,0.0254984732819734,7280,FALSE
Pv2.1_10_43187238_T/G,Chr10,43187238,0.0254905261432543,7281,FALSE
Pv2.1_08_62767040_T/A,Chr08,62767040,0.0254881908345634,7282,FALSE
Pv2.1_07_4001130_G/T,Chr07,4001130,0.0254875611476391,7283,FALSE
Pv2.1_07_37261179_C/G,Chr07,37261179,0.0254868523820284,7284,FALSE
Pv2.1_04_120174_T/C,Chr04,120174,0.0254864972975986,7285,FALSE
Pv2.1_05_10771422_C/T,Chr05,10771422,0.0254854461239153,7286,FALSE
Pv2.1_06_24936165_T/G,Chr06,24936165,0.0254835835484446,7287,FALSE
Pv2.1_11_3144406_T/A,Chr11,3144406,0.0254832013397284,7288,FALSE
Pv2.1_07_38986995_C/G,Chr07,38986995,0.0254809208155442,7289,FALSE
Pv2.1_07_38987037_A/G,Chr07,38987037,0.0254809208155442,7290,FALSE
Pv2.1_03_33548123_G/A,Chr03,33548123,0.0254800668682536,7291,FALSE
Pv2.1_08_61671504_T/C,Chr08,61671504,0.0254792372713251,7292,FALSE
Pv2.1_07_37261073_C/T,Chr07,37261073,0.025479231773299,7293,FALSE
Pv2.1_07_10184540_C/G,Chr07,10184540,0.0254756414529274,7294,FALSE
Pv2.1_03_51884967_C/T,Chr03,51884967,0.0254755949450241,7295,FALSE
Pv2.1_11_36105496_C/A,Chr11,36105496,0.0254723263530026,7296,FALSE
Pv2.1_11_36105541_G/A,Chr11,36105541,0.0254723263530026,7297,FALSE
Pv2.1_07_35801194_G/T,Chr07,35801194,0.0254674602347076,7298,FALSE
Pv2.1_08_61526066_C/A,Chr08,61526066,0.0254671081767333,7299,FALSE
Pv2.1_10_433995_A/T,Chr10,433995,0.0254669695325633,7300,FALSE
Pv2.1_07_9685212_G/C,Chr07,9685212,0.0254649472308044,7301,FALSE
Pv2.1_07_9685213_C/A,Chr07,9685213,0.0254649472308044,7302,FALSE
Pv2.1_07_38824916_G/A,Chr07,38824916,0.0254642007782335,7303,FALSE
Pv2.1_11_996703_G/A,Chr11,996703,0.0254539270950334,7304,FALSE
Pv2.1_02_35388971_A/G,Chr02,35388971,0.0254496630378895,7305,FALSE
Pv2.1_10_3078640_G/A,Chr10,3078640,0.0254450299053501,7306,FALSE
Pv2.1_10_42019924_T/A,Chr10,42019924,0.0254398045910311,7307,FALSE
Pv2.1_08_62895181_T/C,Chr08,62895181,0.0254396917126996,7308,FALSE
Pv2.1_07_7517320_C/T,Chr07,7517320,0.0254320206053853,7309,FALSE
Pv2.1_06_14037821_A/T,Chr06,14037821,0.0254320047564245,7310,FALSE
Pv2.1_06_22373875_T/C,Chr06,22373875,0.025429797773715,7311,FALSE
Pv2.1_07_28453137_C/T,Chr07,28453137,0.0254232901775211,7312,FALSE
Pv2.1_11_49890729_TAGGGCCTCTAATAGGGT/CAGGGCCTCTAATAGGGC,Chr11,49890729,0.0254200059350795,7313,FALSE
Pv2.1_02_35757498_C/A,Chr02,35757498,0.0254196673059397,7314,FALSE
Pv2.1_07_6950843_G/A,Chr07,6950843,0.0254194306572626,7315,FALSE
Pv2.1_06_20094957_A/T,Chr06,20094957,0.0254187664921051,7316,FALSE
Pv2.1_11_48373581_C/T,Chr11,48373581,0.025418683151182,7317,FALSE
Pv2.1_08_9633828_C/T,Chr08,9633828,0.0254127288700068,7318,FALSE
Pv2.1_11_4845912_G/A,Chr11,4845912,0.0254107178046068,7319,FALSE
Pv2.1_09_35981306_G/A,Chr09,35981306,0.0254098535841116,7320,FALSE
Pv2.1_05_7534310_G/T,Chr05,7534310,0.0254062615108461,7321,FALSE
Pv2.1_11_52289441_C/T,Chr11,52289441,0.0254021656357017,7322,FALSE
Pv2.1_06_26551879_G/A,Chr06,26551879,0.0254004145967812,7323,FALSE
Pv2.1_06_26551885_A/C,Chr06,26551885,0.0254004145967812,7324,FALSE
Pv2.1_03_1033603_G/T,Chr03,1033603,0.0253995073731921,7325,FALSE
Pv2.1_08_1540082_G/C,Chr08,1540082,0.0253988586046252,7326,FALSE
Pv2.1_07_37393349_A/G,Chr07,37393349,0.0253987441224379,7327,FALSE
Pv2.1_07_4859741_A/G,Chr07,4859741,0.0253951812557061,7328,FALSE
Pv2.1_06_25110110_C/CA,Chr06,25110110,0.0253949698997134,7329,FALSE
Pv2.1_03_9413114_T/A,Chr03,9413114,0.0253920012219693,7330,FALSE
Pv2.1_06_29053268_T/A,Chr06,29053268,0.0253883043063086,7331,FALSE
Pv2.1_09_38046395_G/A,Chr09,38046395,0.0253863795288694,7332,FALSE
Pv2.1_09_38046406_A/G,Chr09,38046406,0.0253863795288694,7333,FALSE
Pv2.1_08_60451009_A/G,Chr08,60451009,0.0253850924563062,7334,FALSE
Pv2.1_03_44976984_A/C,Chr03,44976984,0.0253821469483522,7335,FALSE
Pv2.1_02_3254056_A/G,Chr02,3254056,0.0253779627494315,7336,FALSE
Pv2.1_07_36733099_G/T,Chr07,36733099,0.0253742011509677,7337,FALSE
Pv2.1_07_8259833_G/A,Chr07,8259833,0.0253734435723891,7338,FALSE
Pv2.1_08_1117034_G/A,Chr08,1117034,0.0253713894648668,7339,FALSE
Pv2.1_11_2341302_G/T,Chr11,2341302,0.0253670406463993,7340,FALSE
Pv2.1_06_15383408_T/A,Chr06,15383408,0.0253645498657922,7341,FALSE
Pv2.1_02_13280406_A/T,Chr02,13280406,0.0253639923974922,7342,FALSE
Pv2.1_03_32115449_A/AT,Chr03,32115449,0.0253616072273273,7343,FALSE
Pv2.1_09_28287133_G/T,Chr09,28287133,0.0253611911391727,7344,FALSE
Pv2.1_07_36696395_C/A,Chr07,36696395,0.0253609408574547,7345,FALSE
Pv2.1_11_51321288_A/G,Chr11,51321288,0.0253590850394811,7346,FALSE
Pv2.1_07_32368397_T/A,Chr07,32368397,0.0253477850656743,7347,FALSE
Pv2.1_03_46030465_C/T,Chr03,46030465,0.0253469308436789,7348,FALSE
Pv2.1_01_1193855_A/G,Chr01,1193855,0.0253467195734549,7349,FALSE
Pv2.1_08_62898065_C/G,Chr08,62898065,0.0253466809040264,7350,FALSE
Pv2.1_03_107304_T/C,Chr03,107304,0.0253457277438005,7351,FALSE
Pv2.1_07_34855054_T/C,Chr07,34855054,0.0253446241942212,7352,FALSE
Pv2.1_06_22365971_A/C,Chr06,22365971,0.0253396119009719,7353,FALSE
Pv2.1_07_32262402_T/C,Chr07,32262402,0.0253393524506489,7354,FALSE
Pv2.1_07_10182410_A/G,Chr07,10182410,0.0253385120660177,7355,FALSE
Pv2.1_07_10182426_T/C,Chr07,10182426,0.0253385120660177,7356,FALSE
Pv2.1_09_37560347_C/T,Chr09,37560347,0.0253373997416078,7357,FALSE
Pv2.1_10_42182090_T/C,Chr10,42182090,0.0253366855533352,7358,FALSE
Pv2.1_07_9326964_G/T,Chr07,9326964,0.0253311204181501,7359,FALSE
Pv2.1_01_2430614_A/G,Chr01,2430614,0.02532888215885,7360,FALSE
Pv2.1_03_36404633_A/G,Chr03,36404633,0.0253272524741628,7361,FALSE
Pv2.1_08_61728835_C/A,Chr08,61728835,0.0253268778258748,7362,FALSE
Pv2.1_06_8347686_A/G,Chr06,8347686,0.0253263222133988,7363,FALSE
Pv2.1_04_47971607_T/G,Chr04,47971607,0.0253224821309765,7364,FALSE
Pv2.1_04_47971607_T/A,Chr04,47971607,0.0253224821309761,7365,FALSE
Pv2.1_07_9563231_C/T,Chr07,9563231,0.0253192024453459,7366,FALSE
Pv2.1_03_12162676_C/T,Chr03,12162676,0.0253172360369636,7367,FALSE
Pv2.1_01_4818691_C/T,Chr01,4818691,0.0253168203514056,7368,FALSE
Pv2.1_11_53242939_G/T,Chr11,53242939,0.0253156740831675,7369,FALSE
Pv2.1_06_2930764_G/T,Chr06,2930764,0.025311893020048,7370,FALSE
Pv2.1_08_3834214_C/A,Chr08,3834214,0.0253102535980871,7371,FALSE
Pv2.1_03_34553857_T/G,Chr03,34553857,0.025306229197974,7372,FALSE
Pv2.1_02_16041686_T/C,Chr02,16041686,0.0253049621645602,7373,FALSE
Pv2.1_08_1458584_C/T,Chr08,1458584,0.0253041750872045,7374,FALSE
Pv2.1_08_62939652_A/G,Chr08,62939652,0.0253015668001266,7375,FALSE
Pv2.1_03_40715871_G/T,Chr03,40715871,0.0252969844031732,7376,FALSE
Pv2.1_02_46811017_G/A,Chr02,46811017,0.0252953844081123,7377,FALSE
Pv2.1_08_62939572_T/C,Chr08,62939572,0.0252908619980383,7378,FALSE
Pv2.1_02_34832295_A/T,Chr02,34832295,0.0252840446484206,7379,FALSE
Pv2.1_02_34832305_A/G,Chr02,34832305,0.0252840446484206,7380,FALSE
Pv2.1_07_35752849_T/G,Chr07,35752849,0.025282938892869,7381,FALSE
Pv2.1_07_36731750_T/C,Chr07,36731750,0.0252798066577977,7382,FALSE
Pv2.1_07_37677554_C/G,Chr07,37677554,0.0252772432239219,7383,FALSE
Pv2.1_06_29282600_A/C,Chr06,29282600,0.0252750811938247,7384,FALSE
Pv2.1_06_21403266_C/T,Chr06,21403266,0.0252739991615294,7385,FALSE
Pv2.1_11_50684245_C/T,Chr11,50684245,0.0252727314916768,7386,FALSE
Pv2.1_08_19419242_T/G,Chr08,19419242,0.0252726546104571,7387,FALSE
Pv2.1_08_1265161_G/A,Chr08,1265161,0.0252701592614311,7388,FALSE
Pv2.1_09_22408210_C/T,Chr09,22408210,0.0252696637033694,7389,FALSE
Pv2.1_07_21437380_C/A,Chr07,21437380,0.0252649993801204,7390,FALSE
Pv2.1_06_18437460_T/G,Chr06,18437460,0.0252576393088657,7391,FALSE
Pv2.1_08_980009_T/C,Chr08,980009,0.0252574369089427,7392,FALSE
Pv2.1_04_55665_T/A,Chr04,55665,0.0252556118882521,7393,FALSE
Pv2.1_07_3774509_T/C,Chr07,3774509,0.0252525481616139,7394,FALSE
Pv2.1_07_105898_C/A,Chr07,105898,0.025252154304408,7395,FALSE
Pv2.1_06_22198178_C/A,Chr06,22198178,0.0252510770805481,7396,FALSE
Pv2.1_07_38018795_T/C,Chr07,38018795,0.0252492851285862,7397,FALSE
Pv2.1_07_37424042_G/A,Chr07,37424042,0.0252453394177716,7398,FALSE
Pv2.1_07_37424049_A/T,Chr07,37424049,0.0252453394177716,7399,FALSE
Pv2.1_07_37424061_A/T,Chr07,37424061,0.0252453394177716,7400,FALSE
Pv2.1_06_25231491_C/A,Chr06,25231491,0.0252438512665369,7401,FALSE
Pv2.1_07_616775_A/T,Chr07,616775,0.0252430690835035,7402,FALSE
Pv2.1_02_44526172_T/C,Chr02,44526172,0.0252415759158455,7403,FALSE
Pv2.1_05_10771643_T/C,Chr05,10771643,0.0252362774518664,7404,FALSE
Pv2.1_08_62311058_G/A,Chr08,62311058,0.025236264955637,7405,FALSE
Pv2.1_08_63038021_T/A,Chr08,63038021,0.0252354422493717,7406,FALSE
Pv2.1_04_47686537_A/G,Chr04,47686537,0.0252317054249569,7407,FALSE
Pv2.1_01_51096113_G/T,Chr01,51096113,0.0252297307200156,7408,FALSE
Pv2.1_02_46836759_G/T,Chr02,46836759,0.0252273829303409,7409,FALSE
Pv2.1_02_47556093_A/G,Chr02,47556093,0.0252228428939212,7410,FALSE
Pv2.1_03_8262415_T/A,Chr03,8262415,0.0252207635545121,7411,FALSE
Pv2.1_08_4386582_G/A,Chr08,4386582,0.0252138951651495,7412,FALSE
Pv2.1_03_7675292_T/C,Chr03,7675292,0.0252129884563965,7413,FALSE
Pv2.1_09_15231891_T/C,Chr09,15231891,0.0252087081437864,7414,FALSE
Pv2.1_08_62952686_T/A,Chr08,62952686,0.0252068122161058,7415,FALSE
Pv2.1_08_61858781_C/T,Chr08,61858781,0.0252024001446229,7416,FALSE
Pv2.1_10_1453213_C/T,Chr10,1453213,0.0251999011560367,7417,FALSE
Pv2.1_05_11448386_A/C,Chr05,11448386,0.0251982135968363,7418,FALSE
Pv2.1_07_23843179_A/T,Chr07,23843179,0.0251973655847793,7419,FALSE
Pv2.1_10_41669244_A/C,Chr10,41669244,0.0251958971919604,7420,FALSE
Pv2.1_10_34411953_G/C,Chr10,34411953,0.0251942063664741,7421,FALSE
Pv2.1_06_27886310_G/A,Chr06,27886310,0.0251932699400279,7422,FALSE
Pv2.1_06_30972672_C/G,Chr06,30972672,0.0251923113744539,7423,FALSE
Pv2.1_07_37085250_T/C,Chr07,37085250,0.0251885665814631,7424,FALSE
Pv2.1_07_4014372_C/T,Chr07,4014372,0.0251838019180131,7425,FALSE
Pv2.1_04_47078792_A/T,Chr04,47078792,0.025183552702015,7426,FALSE
Pv2.1_02_48290465_T/G,Chr02,48290465,0.0251832678798261,7427,FALSE
Pv2.1_08_60779834_A/G,Chr08,60779834,0.0251778103319245,7428,FALSE
Pv2.1_08_26469337_T/C,Chr08,26469337,0.0251777424354973,7429,FALSE
Pv2.1_06_448507_G/A,Chr06,448507,0.0251767929579234,7430,FALSE
Pv2.1_04_4238525_G/A,Chr04,4238525,0.0251729125790234,7431,FALSE
Pv2.1_05_39562662_G/A,Chr05,39562662,0.0251701930092745,7432,FALSE
Pv2.1_08_61225543_T/TTA,Chr08,61225543,0.0251699801604128,7433,FALSE
Pv2.1_05_5454227_C/A,Chr05,5454227,0.0251693279387371,7434,FALSE
Pv2.1_07_9330329_G/T,Chr07,9330329,0.0251680706776662,7435,FALSE
Pv2.1_10_5889866_A/C,Chr10,5889866,0.025162418430094,7436,FALSE
Pv2.1_02_3058666_G/GA,Chr02,3058666,0.0251503893794043,7437,FALSE
Pv2.1_08_5443018_G/C,Chr08,5443018,0.0251482491611359,7438,FALSE
Pv2.1_07_3320567_G/A,Chr07,3320567,0.0251465157889736,7439,FALSE
Pv2.1_07_3320573_A/C,Chr07,3320573,0.0251465157889736,7440,FALSE
Pv2.1_07_35358431_C/A,Chr07,35358431,0.0251421339493865,7441,FALSE
Pv2.1_11_1524767_C/CATG,Chr11,1524767,0.0251389947136222,7442,FALSE
Pv2.1_04_120028_C/G,Chr04,120028,0.0251336147152963,7443,FALSE
Pv2.1_07_38971209_A/G,Chr07,38971209,0.0251330504724292,7444,FALSE
Pv2.1_02_39970077_C/G,Chr02,39970077,0.0251311856399474,7445,FALSE
Pv2.1_08_702053_G/A,Chr08,702053,0.0251299871702799,7446,FALSE
Pv2.1_08_62950826_G/A,Chr08,62950826,0.0251265329647179,7447,FALSE
Pv2.1_08_62950860_C/T,Chr08,62950860,0.0251265329647179,7448,FALSE
Pv2.1_08_62950863_A/G,Chr08,62950863,0.0251265329647179,7449,FALSE
Pv2.1_03_50400340_G/T,Chr03,50400340,0.0251245567894411,7450,FALSE
Pv2.1_11_44469329_G/A,Chr11,44469329,0.0251232825637375,7451,FALSE
Pv2.1_09_35889891_G/C,Chr09,35889891,0.0251121939113776,7452,FALSE
Pv2.1_09_35889909_T/C,Chr09,35889909,0.0251121939113776,7453,FALSE
Pv2.1_08_44520430_A/C,Chr08,44520430,0.0251114583203758,7454,FALSE
Pv2.1_06_16000236_A/T,Chr06,16000236,0.0251108237926521,7455,FALSE
Pv2.1_07_1175424_G/C,Chr07,1175424,0.025109475133279,7456,FALSE
Pv2.1_05_16802744_A/G,Chr05,16802744,0.0250979306549679,7457,FALSE
Pv2.1_08_269348_T/TC,Chr08,269348,0.0250969763986655,7458,FALSE
Pv2.1_11_17594472_A/T,Chr11,17594472,0.0250923743374485,7459,FALSE
Pv2.1_07_37025817_G/A,Chr07,37025817,0.0250863193925008,7460,FALSE
Pv2.1_09_28072612_C/T,Chr09,28072612,0.0250834872247068,7461,FALSE
Pv2.1_02_7762497_A/T,Chr02,7762497,0.025081337300394,7462,FALSE
Pv2.1_03_40282353_G/A,Chr03,40282353,0.0250790450129963,7463,FALSE
Pv2.1_07_21113555_T/A,Chr07,21113555,0.0250788628178711,7464,FALSE
Pv2.1_06_19158211_C/T,Chr06,19158211,0.0250770960587614,7465,FALSE
Pv2.1_06_19158214_A/G,Chr06,19158214,0.0250770960587614,7466,FALSE
Pv2.1_08_61879760_G/C,Chr08,61879760,0.025076609877658,7467,FALSE
Pv2.1_02_35542765_A/G,Chr02,35542765,0.025076280196072,7468,FALSE
Pv2.1_06_29674782_G/A,Chr06,29674782,0.0250744814741051,7469,FALSE
Pv2.1_08_62552973_A/T,Chr08,62552973,0.0250730455633885,7470,FALSE
Pv2.1_07_10364002_G/T,Chr07,10364002,0.0250721641667551,7471,FALSE
Pv2.1_02_47665463_C/T,Chr02,47665463,0.0250718624210622,7472,FALSE
Pv2.1_07_39413275_T/C,Chr07,39413275,0.0250680053607546,7473,FALSE
Pv2.1_01_46498330_T/G,Chr01,46498330,0.0250641573205588,7474,FALSE
Pv2.1_09_381244_G/A,Chr09,381244,0.0250633921602192,7475,FALSE
Pv2.1_03_36439511_T/C,Chr03,36439511,0.0250624319899462,7476,FALSE
Pv2.1_03_36439512_T/C,Chr03,36439512,0.0250624319899462,7477,FALSE
Pv2.1_08_57239846_G/A,Chr08,57239846,0.0250577977841422,7478,FALSE
Pv2.1_06_27783986_T/C,Chr06,27783986,0.0250547888830366,7479,FALSE
Pv2.1_02_37686604_C/A,Chr02,37686604,0.0250540919770499,7480,FALSE
Pv2.1_04_522425_G/A,Chr04,522425,0.0250534645726037,7481,FALSE
Pv2.1_07_194840_G/A,Chr07,194840,0.0250524039092812,7482,FALSE
Pv2.1_01_51222979_A/C,Chr01,51222979,0.0250519221749581,7483,FALSE
Pv2.1_08_2996206_C/T,Chr08,2996206,0.0250491605814327,7484,FALSE
Pv2.1_08_9765210_C/T,Chr08,9765210,0.0250473231494932,7485,FALSE
Pv2.1_07_4174317_T/G,Chr07,4174317,0.0250466869201045,7486,FALSE
Pv2.1_06_20165705_G/A,Chr06,20165705,0.0250405084423222,7487,FALSE
Pv2.1_06_25846023_G/A,Chr06,25846023,0.0250363387231536,7488,FALSE
Pv2.1_08_62063822_TCCATAA/T,Chr08,62063822,0.0250362268388824,7489,FALSE
Pv2.1_01_51433823_G/A,Chr01,51433823,0.0250318100510776,7490,FALSE
Pv2.1_03_40556457_T/C,Chr03,40556457,0.0250312830006232,7491,FALSE
Pv2.1_05_26210039_G/A,Chr05,26210039,0.0250307345932224,7492,FALSE
Pv2.1_07_7073621_G/C,Chr07,7073621,0.0250303765058084,7493,FALSE
Pv2.1_06_12442273_A/ATT,Chr06,12442273,0.0250295292564955,7494,FALSE
Pv2.1_09_38218755_T/C,Chr09,38218755,0.0250234274397916,7495,FALSE
Pv2.1_01_51087161_A/G,Chr01,51087161,0.0250233373361497,7496,FALSE
Pv2.1_11_1218378_A/C,Chr11,1218378,0.0250196351354677,7497,FALSE
Pv2.1_10_41396729_C/T,Chr10,41396729,0.025014575027368,7498,FALSE
Pv2.1_04_1601678_T/C,Chr04,1601678,0.0250068313590206,7499,FALSE
Pv2.1_07_32262413_T/G,Chr07,32262413,0.0250065174675531,7500,FALSE
Pv2.1_05_11785073_G/GA,Chr05,11785073,0.0250061340471266,7501,FALSE
Pv2.1_08_57642572_A/G,Chr08,57642572,0.0250059820495467,7502,FALSE
Pv2.1_08_360279_A/G,Chr08,360279,0.0250027978498526,7503,FALSE
Pv2.1_08_640145_G/T,Chr08,640145,0.0250026500263156,7504,FALSE
Pv2.1_05_1665506_T/A,Chr05,1665506,0.0249999011637438,7505,FALSE
Pv2.1_08_751694_G/C,Chr08,751694,0.0249976993342349,7506,FALSE
Pv2.1_10_42115463_A/T,Chr10,42115463,0.0249962990616552,7507,FALSE
Pv2.1_01_14660488_G/A,Chr01,14660488,0.0249957034128845,7508,FALSE
Pv2.1_09_22356489_G/C,Chr09,22356489,0.0249952759830858,7509,FALSE
Pv2.1_10_42138751_A/C,Chr10,42138751,0.024993928177484,7510,FALSE
Pv2.1_11_2132642_C/G,Chr11,2132642,0.0249937687197899,7511,FALSE
Pv2.1_08_52656357_CT/C,Chr08,52656357,0.0249930778302918,7512,FALSE
Pv2.1_11_1456087_C/T,Chr11,1456087,0.0249852402401536,7513,FALSE
Pv2.1_11_1456093_C/G,Chr11,1456093,0.0249852402401536,7514,FALSE
Pv2.1_11_44467465_A/G,Chr11,44467465,0.0249838342181881,7515,FALSE
Pv2.1_03_1471011_G/C,Chr03,1471011,0.0249808431716256,7516,FALSE
Pv2.1_10_41705394_C/G,Chr10,41705394,0.0249770534245646,7517,FALSE
Pv2.1_07_10207670_A/T,Chr07,10207670,0.0249761400050592,7518,FALSE
Pv2.1_07_10207678_T/C,Chr07,10207678,0.0249761400050592,7519,FALSE
Pv2.1_04_9996573_TA/T,Chr04,9996573,0.0249757239593604,7520,FALSE
Pv2.1_08_62191464_T/TA,Chr08,62191464,0.0249728798578412,7521,FALSE
Pv2.1_11_33507469_G/A,Chr11,33507469,0.0249707102038044,7522,FALSE
Pv2.1_06_4476315_G/C,Chr06,4476315,0.0249662132854644,7523,FALSE
Pv2.1_04_448783_A/G,Chr04,448783,0.0249659685794112,7524,FALSE
Pv2.1_02_2445036_G/C,Chr02,2445036,0.0249657386736049,7525,FALSE
Pv2.1_02_2445077_A/G,Chr02,2445077,0.0249657386736049,7526,FALSE
Pv2.1_02_16489841_T/C,Chr02,16489841,0.0249646694680452,7527,FALSE
Pv2.1_10_42164255_A/T,Chr10,42164255,0.0249593556165877,7528,FALSE
Pv2.1_09_7795356_T/C,Chr09,7795356,0.024955427321379,7529,FALSE
Pv2.1_03_51081992_T/C,Chr03,51081992,0.0249545668890159,7530,FALSE
Pv2.1_11_29452205_G/A,Chr11,29452205,0.0249545002095672,7531,FALSE
Pv2.1_07_61264_C/A,Chr07,61264,0.0249533872410654,7532,FALSE
Pv2.1_06_21220062_A/G,Chr06,21220062,0.0249515738506885,7533,FALSE
Pv2.1_03_43551607_C/A,Chr03,43551607,0.0249513103031029,7534,FALSE
Pv2.1_03_51848939_G/C,Chr03,51848939,0.0249505153435901,7535,FALSE
Pv2.1_06_21153690_G/T,Chr06,21153690,0.0249502096618248,7536,FALSE
Pv2.1_06_1865482_C/T,Chr06,1865482,0.0249490546119251,7537,FALSE
Pv2.1_11_53132471_A/T,Chr11,53132471,0.0249468134859323,7538,FALSE
Pv2.1_02_45719280_C/T,Chr02,45719280,0.0249427966420921,7539,FALSE
Pv2.1_02_45719292_A/G,Chr02,45719292,0.0249427966420921,7540,FALSE
Pv2.1_01_5342093_C/G,Chr01,5342093,0.0249368772252025,7541,FALSE
Pv2.1_01_5342124_G/A,Chr01,5342124,0.0249368772252025,7542,FALSE
Pv2.1_08_62934663_G/A,Chr08,62934663,0.0249297505267019,7543,FALSE
Pv2.1_08_61880092_C/T,Chr08,61880092,0.0249288180654448,7544,FALSE
Pv2.1_05_120826_G/C,Chr05,120826,0.0249284280810489,7545,FALSE
Pv2.1_02_30639738_A/G,Chr02,30639738,0.0249234429964904,7546,FALSE
Pv2.1_11_51522580_C/T,Chr11,51522580,0.0249220529077374,7547,FALSE
Pv2.1_01_28683420_A/G,Chr01,28683420,0.0249193000611938,7548,FALSE
Pv2.1_10_6588632_A/T,Chr10,6588632,0.0249187196947762,7549,FALSE
Pv2.1_08_62895083_T/A,Chr08,62895083,0.0249171079819472,7550,FALSE
Pv2.1_09_22473212_C/T,Chr09,22473212,0.0249161576530148,7551,FALSE
Pv2.1_08_62957009_T/G,Chr08,62957009,0.024915566076646,7552,FALSE
Pv2.1_08_172805_T/A,Chr08,172805,0.0249100991917093,7553,FALSE
Pv2.1_08_172807_G/C,Chr08,172807,0.0249100991917093,7554,FALSE
Pv2.1_08_172810_C/T,Chr08,172810,0.0249100991917093,7555,FALSE
Pv2.1_08_172850_G/A,Chr08,172850,0.0249100991917093,7556,FALSE
Pv2.1_04_45670658_T/A,Chr04,45670658,0.024909860813739,7557,FALSE
Pv2.1_07_616793_C/T,Chr07,616793,0.0249061556978614,7558,FALSE
Pv2.1_07_23965354_C/A,Chr07,23965354,0.0249061431012434,7559,FALSE
Pv2.1_08_62327853_G/T,Chr08,62327853,0.0249026447402092,7560,FALSE
Pv2.1_08_62950750_C/T,Chr08,62950750,0.0249011895800599,7561,FALSE
Pv2.1_08_59797242_T/G,Chr08,59797242,0.0249005854712756,7562,FALSE
Pv2.1_08_59797246_A/G,Chr08,59797246,0.0249005854712756,7563,FALSE
Pv2.1_08_59797296_C/T,Chr08,59797296,0.0249005854712756,7564,FALSE
Pv2.1_04_45494624_T/G,Chr04,45494624,0.0248945841033192,7565,FALSE
Pv2.1_11_1004565_G/A,Chr11,1004565,0.0248882905225107,7566,FALSE
Pv2.1_09_33725561_C/CA,Chr09,33725561,0.0248839967105305,7567,FALSE
Pv2.1_02_13736023_C/T,Chr02,13736023,0.0248825256368317,7568,FALSE
Pv2.1_09_22620371_T/C,Chr09,22620371,0.0248817726458452,7569,FALSE
Pv2.1_07_1513783_G/T,Chr07,1513783,0.0248745596453328,7570,FALSE
Pv2.1_03_39534453_T/A,Chr03,39534453,0.0248731011349488,7571,FALSE
Pv2.1_03_39534455_C/T,Chr03,39534455,0.0248731011349488,7572,FALSE
Pv2.1_03_39534461_C/T,Chr03,39534461,0.0248731011349488,7573,FALSE
Pv2.1_02_37058201_C/T,Chr02,37058201,0.0248666422896005,7574,FALSE
Pv2.1_08_62660969_G/A,Chr08,62660969,0.0248641127340359,7575,FALSE
Pv2.1_04_45465414_C/A,Chr04,45465414,0.0248628072757939,7576,FALSE
Pv2.1_09_17650891_C/A,Chr09,17650891,0.0248595624766566,7577,FALSE
Pv2.1_07_616817_C/T,Chr07,616817,0.0248594759607159,7578,FALSE
Pv2.1_06_19550554_G/A,Chr06,19550554,0.0248582661783749,7579,FALSE
Pv2.1_06_19550577_A/G,Chr06,19550577,0.0248582661783749,7580,FALSE
Pv2.1_06_21084885_T/G,Chr06,21084885,0.0248573201268263,7581,FALSE
Pv2.1_08_36590928_T/C,Chr08,36590928,0.0248568962540641,7582,FALSE
Pv2.1_05_9214200_T/C,Chr05,9214200,0.0248559522272882,7583,FALSE
Pv2.1_09_12134151_A/T,Chr09,12134151,0.0248540186772233,7584,FALSE
Pv2.1_06_21693622_G/C,Chr06,21693622,0.0248535391396691,7585,FALSE
Pv2.1_11_52435808_C/G,Chr11,52435808,0.0248517582857053,7586,FALSE
Pv2.1_08_62589851_G/C,Chr08,62589851,0.0248516396593601,7587,FALSE
Pv2.1_03_51917265_G/T,Chr03,51917265,0.0248506618873634,7588,FALSE
Pv2.1_07_3673539_A/G,Chr07,3673539,0.0248495765723975,7589,FALSE
Pv2.1_10_42622734_G/A,Chr10,42622734,0.0248435884391069,7590,FALSE
Pv2.1_05_39913324_G/T,Chr05,39913324,0.0248421691837808,7591,FALSE
Pv2.1_01_2016690_C/G,Chr01,2016690,0.0248397545176702,7592,FALSE
Pv2.1_06_23979855_C/T,Chr06,23979855,0.0248395975705096,7593,FALSE
Pv2.1_08_62188128_C/G,Chr08,62188128,0.0248378309662543,7594,FALSE
Pv2.1_07_4816002_C/T,Chr07,4816002,0.0248374321312674,7595,FALSE
Pv2.1_06_17273155_C/T,Chr06,17273155,0.0248372245432815,7596,FALSE
Pv2.1_11_53133746_C/T,Chr11,53133746,0.0248366747356332,7597,FALSE
Pv2.1_03_53285394_T/C,Chr03,53285394,0.0248343912888518,7598,FALSE
Pv2.1_08_60779846_G/A,Chr08,60779846,0.0248328824641111,7599,FALSE
Pv2.1_06_9928392_C/A,Chr06,9928392,0.0248290590143996,7600,FALSE
Pv2.1_02_38523054_A/G,Chr02,38523054,0.0248286013927519,7601,FALSE
Pv2.1_04_4896412_C/CATA,Chr04,4896412,0.0248256922008658,7602,FALSE
Pv2.1_10_37942218_C/A,Chr10,37942218,0.0248216579569194,7603,FALSE
Pv2.1_10_41561580_C/T,Chr10,41561580,0.0248213357001919,7604,FALSE
Pv2.1_06_4567027_C/A,Chr06,4567027,0.0248204515395574,7605,FALSE
Pv2.1_08_60348221_A/T,Chr08,60348221,0.0248191415543149,7606,FALSE
Pv2.1_06_30732397_G/GAACA,Chr06,30732397,0.0248178968578823,7607,FALSE
Pv2.1_11_49386159_A/G,Chr11,49386159,0.0248166265192027,7608,FALSE
Pv2.1_06_25338801_G/A,Chr06,25338801,0.0248165789895798,7609,FALSE
Pv2.1_07_594367_T/C,Chr07,594367,0.0248165367795972,7610,FALSE
Pv2.1_11_2053477_G/A,Chr11,2053477,0.0248147663414877,7611,FALSE
Pv2.1_11_44318582_A/G,Chr11,44318582,0.0248141145156064,7612,FALSE
Pv2.1_06_7240689_G/A,Chr06,7240689,0.0248138126142226,7613,FALSE
Pv2.1_03_979862_A/G,Chr03,979862,0.024809349588315,7614,FALSE
Pv2.1_05_38346402_C/T,Chr05,38346402,0.0248084523148053,7615,FALSE
Pv2.1_08_60714873_A/T,Chr08,60714873,0.0248045909380643,7616,FALSE
Pv2.1_08_4537463_G/A,Chr08,4537463,0.0248018226238083,7617,FALSE
Pv2.1_03_53397894_C/T,Chr03,53397894,0.0248017785618337,7618,FALSE
Pv2.1_06_21812243_T/TA,Chr06,21812243,0.0248014318097742,7619,FALSE
Pv2.1_02_37395982_A/G,Chr02,37395982,0.024791790226435,7620,FALSE
Pv2.1_06_13987775_A/C,Chr06,13987775,0.0247906074713087,7621,FALSE
Pv2.1_11_19880839_A/G,Chr11,19880839,0.0247899193244141,7622,FALSE
Pv2.1_04_46303537_A/T,Chr04,46303537,0.0247884134450862,7623,FALSE
Pv2.1_06_7240728_T/G,Chr06,7240728,0.0247864760752301,7624,FALSE
Pv2.1_07_23449421_G/C,Chr07,23449421,0.0247844906615038,7625,FALSE
Pv2.1_06_16809506_A/G,Chr06,16809506,0.0247844694540982,7626,FALSE
Pv2.1_01_51209200_G/A,Chr01,51209200,0.0247767818710529,7627,FALSE
Pv2.1_01_51209207_G/A,Chr01,51209207,0.0247767818710529,7628,FALSE
Pv2.1_11_1834002_A/C,Chr11,1834002,0.024776349450355,7629,FALSE
Pv2.1_02_26791817_G/C,Chr02,26791817,0.0247752737583609,7630,FALSE
Pv2.1_06_12437736_G/A,Chr06,12437736,0.024772737615661,7631,FALSE
Pv2.1_10_43477757_T/C,Chr10,43477757,0.0247682677245598,7632,FALSE
Pv2.1_08_62170288_T/G,Chr08,62170288,0.0247660562370369,7633,FALSE
Pv2.1_08_60277482_C/T,Chr08,60277482,0.0247647624385392,7634,FALSE
Pv2.1_11_561853_T/C,Chr11,561853,0.0247592053004242,7635,FALSE
Pv2.1_09_37075604_C/G,Chr09,37075604,0.0247589048581092,7636,FALSE
Pv2.1_09_37075625_A/G,Chr09,37075625,0.0247589048581092,7637,FALSE
Pv2.1_08_59885585_T/C,Chr08,59885585,0.0247574331791332,7638,FALSE
Pv2.1_07_39258383_T/G,Chr07,39258383,0.0247543207403389,7639,FALSE
Pv2.1_07_3326851_C/T,Chr07,3326851,0.0247538905929754,7640,FALSE
Pv2.1_03_994813_T/G,Chr03,994813,0.0247522845434283,7641,FALSE
Pv2.1_08_62447545_G/T,Chr08,62447545,0.0247521045845449,7642,FALSE
Pv2.1_09_18443083_T/A,Chr09,18443083,0.0247514894150336,7643,FALSE
Pv2.1_07_4464095_A/G,Chr07,4464095,0.0247496614346856,7644,FALSE
Pv2.1_08_60330085_T/C,Chr08,60330085,0.024748356075837,7645,FALSE
Pv2.1_02_585569_G/A,Chr02,585569,0.0247436161012398,7646,FALSE
Pv2.1_06_25366176_T/A,Chr06,25366176,0.0247424960200018,7647,FALSE
Pv2.1_01_50768348_C/G,Chr01,50768348,0.0247422036980374,7648,FALSE
Pv2.1_09_35990197_T/C,Chr09,35990197,0.0247391812203741,7649,FALSE
Pv2.1_05_11941974_A/G,Chr05,11941974,0.0247368063114131,7650,FALSE
Pv2.1_01_49184299_TC/T,Chr01,49184299,0.024735121586652,7651,FALSE
Pv2.1_05_132233_A/T,Chr05,132233,0.0247350097671855,7652,FALSE
Pv2.1_04_271357_T/C,Chr04,271357,0.0247348815373099,7653,FALSE
Pv2.1_09_28826727_T/A,Chr09,28826727,0.0247316522441392,7654,FALSE
Pv2.1_03_12717343_G/A,Chr03,12717343,0.0247313766278388,7655,FALSE
Pv2.1_06_17934290_A/G,Chr06,17934290,0.0247295073808251,7656,FALSE
Pv2.1_03_39503278_G/GT,Chr03,39503278,0.0247292382512616,7657,FALSE
Pv2.1_06_30972261_C/G,Chr06,30972261,0.0247268180784364,7658,FALSE
Pv2.1_10_42752905_G/C,Chr10,42752905,0.0247249163611709,7659,FALSE
Pv2.1_04_2030484_A/T,Chr04,2030484,0.0247245785603609,7660,FALSE
Pv2.1_09_36515810_T/C,Chr09,36515810,0.0247203403711049,7661,FALSE
Pv2.1_09_36515834_G/T,Chr09,36515834,0.0247203403711049,7662,FALSE
Pv2.1_09_36515846_T/C,Chr09,36515846,0.0247203403711049,7663,FALSE
Pv2.1_08_1391689_T/C,Chr08,1391689,0.0247181115019846,7664,FALSE
Pv2.1_08_62778927_C/T,Chr08,62778927,0.0247179150399486,7665,FALSE
Pv2.1_09_38128506_C/T,Chr09,38128506,0.024717141432534,7666,FALSE
Pv2.1_07_152930_C/T,Chr07,152930,0.0247133011329721,7667,FALSE
Pv2.1_08_61502280_T/A,Chr08,61502280,0.0247110692914805,7668,FALSE
Pv2.1_05_37924610_T/C,Chr05,37924610,0.024710834910763,7669,FALSE
Pv2.1_05_37924616_T/A,Chr05,37924616,0.024710834910763,7670,FALSE
Pv2.1_09_36533224_T/C,Chr09,36533224,0.0247097378976737,7671,FALSE
Pv2.1_09_33778690_G/A,Chr09,33778690,0.0247062488910728,7672,FALSE
Pv2.1_06_29885882_G/T,Chr06,29885882,0.0247032355503887,7673,FALSE
Pv2.1_09_28750301_G/C,Chr09,28750301,0.0247028354757797,7674,FALSE
Pv2.1_11_3221763_C/G,Chr11,3221763,0.0246978836045346,7675,FALSE
Pv2.1_03_21623796_C/A,Chr03,21623796,0.0246974722298354,7676,FALSE
Pv2.1_06_20278149_G/A,Chr06,20278149,0.0246971417536699,7677,FALSE
Pv2.1_11_52773849_GA/G,Chr11,52773849,0.024697052717622,7678,FALSE
Pv2.1_06_25139344_C/T,Chr06,25139344,0.0246960599564026,7679,FALSE
Pv2.1_06_26551903_A/G,Chr06,26551903,0.0246906183946378,7680,FALSE
Pv2.1_07_4550256_G/A,Chr07,4550256,0.0246897727424229,7681,FALSE
Pv2.1_06_12424121_C/G,Chr06,12424121,0.0246858375613459,7682,FALSE
Pv2.1_03_979882_T/G,Chr03,979882,0.0246849746257984,7683,FALSE
Pv2.1_11_3128915_C/T,Chr11,3128915,0.0246849696675948,7684,FALSE
Pv2.1_08_36119551_T/C,Chr08,36119551,0.0246821079842818,7685,FALSE
Pv2.1_06_21012777_T/C,Chr06,21012777,0.0246795167687846,7686,FALSE
Pv2.1_06_28774138_G/C,Chr06,28774138,0.0246755409787665,7687,FALSE
Pv2.1_06_28774142_G/A,Chr06,28774142,0.0246755409787665,7688,FALSE
Pv2.1_07_8496926_A/G,Chr07,8496926,0.0246705677795727,7689,FALSE
Pv2.1_05_19669091_T/G,Chr05,19669091,0.0246702202857296,7690,FALSE
Pv2.1_03_41818850_G/A,Chr03,41818850,0.0246691372089956,7691,FALSE
Pv2.1_02_2027272_C/A,Chr02,2027272,0.024667453179454,7692,FALSE
Pv2.1_10_42558107_A/G,Chr10,42558107,0.0246650152678369,7693,FALSE
Pv2.1_01_6676423_G/T,Chr01,6676423,0.0246627048510661,7694,FALSE
Pv2.1_01_6676449_T/A,Chr01,6676449,0.0246627048510661,7695,FALSE
Pv2.1_01_6676459_C/G,Chr01,6676459,0.0246627048510661,7696,FALSE
Pv2.1_08_62007783_TAG/T,Chr08,62007783,0.0246584559430745,7697,FALSE
Pv2.1_03_1279707_A/T,Chr03,1279707,0.0246562192925075,7698,FALSE
Pv2.1_06_21454445_A/C,Chr06,21454445,0.0246541362239818,7699,FALSE
Pv2.1_11_52754358_G/C,Chr11,52754358,0.0246539608769445,7700,FALSE
Pv2.1_11_52754398_G/T,Chr11,52754398,0.0246539608769445,7701,FALSE
Pv2.1_07_38561291_G/A,Chr07,38561291,0.0246486433078612,7702,FALSE
Pv2.1_06_19002812_G/A,Chr06,19002812,0.0246474412712017,7703,FALSE
Pv2.1_07_563390_G/A,Chr07,563390,0.0246472618759701,7704,FALSE
Pv2.1_06_8362437_A/T,Chr06,8362437,0.0246468709818579,7705,FALSE
Pv2.1_02_34792557_GGAATGTA/G,Chr02,34792557,0.0246445648278124,7706,FALSE
Pv2.1_07_10364210_C/T,Chr07,10364210,0.0246443662633329,7707,FALSE
Pv2.1_07_10364225_C/T,Chr07,10364225,0.0246443662633329,7708,FALSE
Pv2.1_03_7921543_A/C,Chr03,7921543,0.0246427958618698,7709,FALSE
Pv2.1_01_51178795_C/T,Chr01,51178795,0.0246417165910997,7710,FALSE
Pv2.1_02_13635686_C/G,Chr02,13635686,0.0246395506149808,7711,FALSE
Pv2.1_07_35853657_G/A,Chr07,35853657,0.0246375162192729,7712,FALSE
Pv2.1_07_38084141_A/T,Chr07,38084141,0.0246362902425634,7713,FALSE
Pv2.1_09_22408199_G/C,Chr09,22408199,0.0246321510323315,7714,FALSE
Pv2.1_09_22408201_C/A,Chr09,22408201,0.0246321510323315,7715,FALSE
Pv2.1_09_22408205_C/G,Chr09,22408205,0.0246321510323315,7716,FALSE
Pv2.1_09_22408215_G/T,Chr09,22408215,0.0246321510323315,7717,FALSE
Pv2.1_05_2245772_A/T,Chr05,2245772,0.024632012815704,7718,FALSE
Pv2.1_11_52311558_T/G,Chr11,52311558,0.0246310562673417,7719,FALSE
Pv2.1_01_83073_C/A,Chr01,83073,0.0246300357964664,7720,FALSE
Pv2.1_11_30441010_A/G,Chr11,30441010,0.024616206780566,7721,FALSE
Pv2.1_11_30441015_C/T,Chr11,30441015,0.024616206780566,7722,FALSE
Pv2.1_05_38217362_G/T,Chr05,38217362,0.0246139510278196,7723,FALSE
Pv2.1_03_7921899_A/T,Chr03,7921899,0.0246096480495304,7724,FALSE
Pv2.1_04_3255084_T/G,Chr04,3255084,0.0246080571817893,7725,FALSE
Pv2.1_10_9922603_T/TA,Chr10,9922603,0.0246076287070771,7726,FALSE
Pv2.1_10_42602234_G/A,Chr10,42602234,0.0246072294676343,7727,FALSE
Pv2.1_08_1449403_G/A,Chr08,1449403,0.0246035571055003,7728,FALSE
Pv2.1_07_37410190_A/G,Chr07,37410190,0.0246033994351653,7729,FALSE
Pv2.1_03_36825415_GT/A,Chr03,36825415,0.0246000654915615,7730,FALSE
Pv2.1_08_16324108_T/C,Chr08,16324108,0.0245999578787814,7731,FALSE
Pv2.1_11_1024852_T/C,Chr11,1024852,0.0245956038936441,7732,FALSE
Pv2.1_05_19966141_T/C,Chr05,19966141,0.0245943742938839,7733,FALSE
Pv2.1_06_18405995_C/A,Chr06,18405995,0.0245908996083841,7734,FALSE
Pv2.1_08_814888_A/G,Chr08,814888,0.0245890688140795,7735,FALSE
Pv2.1_02_33557650_G/A,Chr02,33557650,0.0245881867119144,7736,FALSE
Pv2.1_06_2222964_T/C,Chr06,2222964,0.0245864295829268,7737,FALSE
Pv2.1_11_53298456_T/G,Chr11,53298456,0.0245864259463313,7738,FALSE
Pv2.1_07_431979_C/T,Chr07,431979,0.0245857058303431,7739,FALSE
Pv2.1_01_51308744_T/C,Chr01,51308744,0.0245812855352816,7740,FALSE
Pv2.1_10_43366970_C/T,Chr10,43366970,0.0245785288801383,7741,FALSE
Pv2.1_04_45750285_T/C,Chr04,45750285,0.0245783112620197,7742,FALSE
Pv2.1_01_4179649_G/A,Chr01,4179649,0.0245776310936239,7743,FALSE
Pv2.1_10_34861248_G/A,Chr10,34861248,0.0245756090723717,7744,FALSE
Pv2.1_08_638112_A/G,Chr08,638112,0.0245755730734696,7745,FALSE
Pv2.1_07_28534158_G/A,Chr07,28534158,0.0245755352203627,7746,FALSE
Pv2.1_05_39247654_G/T,Chr05,39247654,0.0245700088665157,7747,FALSE
Pv2.1_07_4078793_C/T,Chr07,4078793,0.0245648225582329,7748,FALSE
Pv2.1_04_1670996_G/GA,Chr04,1670996,0.024564242363085,7749,FALSE
Pv2.1_07_4150073_T/C,Chr07,4150073,0.0245631267166746,7750,FALSE
Pv2.1_08_62899516_G/C,Chr08,62899516,0.0245617938395144,7751,FALSE
Pv2.1_02_46792667_T/C,Chr02,46792667,0.024560758742822,7752,FALSE
Pv2.1_11_52841809_A/T,Chr11,52841809,0.0245593331840137,7753,FALSE
Pv2.1_08_706882_A/G,Chr08,706882,0.0245589824881831,7754,FALSE
Pv2.1_08_706890_G/T,Chr08,706890,0.0245589824881831,7755,FALSE
Pv2.1_08_62882610_T/C,Chr08,62882610,0.024558311891373,7756,FALSE
Pv2.1_01_2192049_A/T,Chr01,2192049,0.0245535239416461,7757,FALSE
Pv2.1_03_33350782_A/T,Chr03,33350782,0.0245507822391149,7758,FALSE
Pv2.1_08_1715497_T/C,Chr08,1715497,0.0245482457321966,7759,FALSE
Pv2.1_07_36967676_T/TA,Chr07,36967676,0.0245463303048687,7760,FALSE
Pv2.1_08_62956284_T/C,Chr08,62956284,0.0245446167655752,7761,FALSE
Pv2.1_08_1715263_T/TC,Chr08,1715263,0.0245427085041765,7762,FALSE
Pv2.1_08_1715280_GA/G,Chr08,1715280,0.0245427085041765,7763,FALSE
Pv2.1_08_557094_A/G,Chr08,557094,0.0245360084544135,7764,FALSE
Pv2.1_08_12877513_C/T,Chr08,12877513,0.0245334902377419,7765,FALSE
Pv2.1_04_28143741_CTT/C,Chr04,28143741,0.024532202199465,7766,FALSE
Pv2.1_08_14362505_G/C,Chr08,14362505,0.0245318395851495,7767,FALSE
Pv2.1_11_2269907_G/A,Chr11,2269907,0.024530566399676,7768,FALSE
Pv2.1_09_22362035_A/AATG,Chr09,22362035,0.0245297806221596,7769,FALSE
Pv2.1_03_994812_A/G,Chr03,994812,0.0245292482990527,7770,FALSE
Pv2.1_05_2806023_TA/T,Chr05,2806023,0.0245286551894277,7771,FALSE
Pv2.1_02_38363358_G/A,Chr02,38363358,0.0245275730772589,7772,FALSE
Pv2.1_11_25194538_T/A,Chr11,25194538,0.0245249329761852,7773,FALSE
Pv2.1_08_176536_C/T,Chr08,176536,0.0245249207528762,7774,FALSE
Pv2.1_06_22989725_G/A,Chr06,22989725,0.0245240225869683,7775,FALSE
Pv2.1_08_1435128_G/T,Chr08,1435128,0.0245212365208527,7776,FALSE
Pv2.1_11_30573337_G/C,Chr11,30573337,0.0245212033706976,7777,FALSE
Pv2.1_11_51042044_T/C,Chr11,51042044,0.0245193050279835,7778,FALSE
Pv2.1_06_21888203_G/A,Chr06,21888203,0.0245185571028892,7779,FALSE
Pv2.1_05_3190771_T/C,Chr05,3190771,0.0245176778930243,7780,FALSE
Pv2.1_11_2713470_T/C,Chr11,2713470,0.0245164441560979,7781,FALSE
Pv2.1_10_39979191_A/G,Chr10,39979191,0.0245113679689264,7782,FALSE
Pv2.1_06_18568151_G/C,Chr06,18568151,0.0245075116534674,7783,FALSE
Pv2.1_06_24107092_A/G,Chr06,24107092,0.0245066882500034,7784,FALSE
Pv2.1_08_60224780_G/A,Chr08,60224780,0.024503366393454,7785,FALSE
Pv2.1_01_872181_G/C,Chr01,872181,0.0244973332228584,7786,FALSE
Pv2.1_08_61397426_C/A,Chr08,61397426,0.0244954660602623,7787,FALSE
Pv2.1_09_14586028_T/C,Chr09,14586028,0.0244929554596296,7788,FALSE
Pv2.1_10_40845658_ATG/A,Chr10,40845658,0.0244925998430321,7789,FALSE
Pv2.1_09_36804797_C/T,Chr09,36804797,0.024492587237428,7790,FALSE
Pv2.1_11_2101477_C/A,Chr11,2101477,0.0244921386010866,7791,FALSE
Pv2.1_08_62529206_T/C,Chr08,62529206,0.024490116945274,7792,FALSE
Pv2.1_07_39361001_G/A,Chr07,39361001,0.0244897103791311,7793,FALSE
Pv2.1_07_39361001_G/C,Chr07,39361001,0.0244897103791311,7794,FALSE
Pv2.1_04_4560610_G/A,Chr04,4560610,0.0244866080989858,7795,FALSE
Pv2.1_08_61642603_G/A,Chr08,61642603,0.0244823953384161,7796,FALSE
Pv2.1_07_26686303_T/C,Chr07,26686303,0.0244819138831436,7797,FALSE
Pv2.1_10_44169457_G/A,Chr10,44169457,0.0244815915626959,7798,FALSE
Pv2.1_09_14586265_T/A,Chr09,14586265,0.0244767130853449,7799,FALSE
Pv2.1_02_2186172_T/C,Chr02,2186172,0.0244749540630878,7800,FALSE
Pv2.1_08_1428731_T/A,Chr08,1428731,0.0244730141523446,7801,FALSE
Pv2.1_09_7581259_A/G,Chr09,7581259,0.0244710661010341,7802,FALSE
Pv2.1_06_24107070_T/C,Chr06,24107070,0.0244694028504915,7803,FALSE
Pv2.1_06_17406241_A/G,Chr06,17406241,0.0244691675613806,7804,FALSE
Pv2.1_02_47727100_C/T,Chr02,47727100,0.0244690628166824,7805,FALSE
Pv2.1_08_61388457_T/C,Chr08,61388457,0.0244686388498159,7806,FALSE
Pv2.1_08_752162_G/A,Chr08,752162,0.0244654434334564,7807,FALSE
Pv2.1_07_1232050_C/T,Chr07,1232050,0.0244616330290262,7808,FALSE
Pv2.1_06_26190013_G/A,Chr06,26190013,0.0244615790864753,7809,FALSE
Pv2.1_08_40814853_G/T,Chr08,40814853,0.0244608015837589,7810,FALSE
Pv2.1_06_21765977_T/G,Chr06,21765977,0.0244603558090621,7811,FALSE
Pv2.1_04_42037468_C/G,Chr04,42037468,0.0244599556813059,7812,FALSE
Pv2.1_04_42037476_T/A,Chr04,42037476,0.0244599556813059,7813,FALSE
Pv2.1_07_4819001_A/G,Chr07,4819001,0.0244543893832963,7814,FALSE
Pv2.1_07_4819007_A/C,Chr07,4819007,0.0244543893832963,7815,FALSE
Pv2.1_08_62906581_G/A,Chr08,62906581,0.0244533480073197,7816,FALSE
Pv2.1_06_16416741_A/T,Chr06,16416741,0.0244523066696258,7817,FALSE
Pv2.1_07_36850029_G/A,Chr07,36850029,0.024449422845918,7818,FALSE
Pv2.1_08_62891935_A/C,Chr08,62891935,0.0244472252376582,7819,FALSE
Pv2.1_03_52993624_T/C,Chr03,52993624,0.0244471820394243,7820,FALSE
Pv2.1_08_61360942_G/A,Chr08,61360942,0.0244465830409704,7821,FALSE
Pv2.1_01_3319846_A/T,Chr01,3319846,0.0244446346336047,7822,FALSE
Pv2.1_06_27759264_T/C,Chr06,27759264,0.0244423894833128,7823,FALSE
Pv2.1_02_3129125_C/T,Chr02,3129125,0.0244411757945695,7824,FALSE
Pv2.1_03_40571108_C/A,Chr03,40571108,0.0244375996912223,7825,FALSE
Pv2.1_03_51575497_C/T,Chr03,51575497,0.0244324240985137,7826,FALSE
Pv2.1_07_37475098_C/A,Chr07,37475098,0.0244317192666976,7827,FALSE
Pv2.1_07_9592107_A/G,Chr07,9592107,0.0244315642441331,7828,FALSE
Pv2.1_07_9592165_T/C,Chr07,9592165,0.0244315642441331,7829,FALSE
Pv2.1_09_12172325_A/T,Chr09,12172325,0.0244301469331409,7830,FALSE
Pv2.1_08_60150102_C/A,Chr08,60150102,0.0244297574868959,7831,FALSE
Pv2.1_08_60092945_G/A,Chr08,60092945,0.02442673770111,7832,FALSE
Pv2.1_05_19807494_C/CTG,Chr05,19807494,0.0244247049901269,7833,FALSE
Pv2.1_07_6816641_C/T,Chr07,6816641,0.0244231013057616,7834,FALSE
Pv2.1_06_21423532_C/T,Chr06,21423532,0.0244221763812664,7835,FALSE
Pv2.1_08_9926094_A/G,Chr08,9926094,0.0244209365855701,7836,FALSE
Pv2.1_07_39131187_T/G,Chr07,39131187,0.0244077262970577,7837,FALSE
Pv2.1_08_62807760_T/G,Chr08,62807760,0.0244057028768108,7838,FALSE
Pv2.1_08_61206705_T/A,Chr08,61206705,0.024404775259983,7839,FALSE
Pv2.1_08_1435081_T/A,Chr08,1435081,0.024403953365248,7840,FALSE
Pv2.1_04_448591_T/C,Chr04,448591,0.0244017227996491,7841,FALSE
Pv2.1_06_18728490_A/T,Chr06,18728490,0.0244006584822545,7842,FALSE
Pv2.1_06_2594536_T/C,Chr06,2594536,0.0243998404989352,7843,FALSE
Pv2.1_06_19235371_C/T,Chr06,19235371,0.0243980376843767,7844,FALSE
Pv2.1_04_46214568_T/A,Chr04,46214568,0.0243977615861186,7845,FALSE
Pv2.1_04_46214589_A/T,Chr04,46214589,0.0243977615861186,7846,FALSE
Pv2.1_08_62972268_A/G,Chr08,62972268,0.0243956459004751,7847,FALSE
Pv2.1_06_27493230_C/T,Chr06,27493230,0.0243941994571033,7848,FALSE
Pv2.1_07_36725581_C/A,Chr07,36725581,0.0243934347765613,7849,FALSE
Pv2.1_10_6981680_G/C,Chr10,6981680,0.0243916183971074,7850,FALSE
Pv2.1_07_4859699_A/G,Chr07,4859699,0.0243820829399093,7851,FALSE
Pv2.1_10_2738070_C/T,Chr10,2738070,0.0243803613121365,7852,FALSE
Pv2.1_11_49064905_T/TA,Chr11,49064905,0.0243784698101592,7853,FALSE
Pv2.1_08_62428166_T/G,Chr08,62428166,0.0243777191477075,7854,FALSE
Pv2.1_08_62428184_G/A,Chr08,62428184,0.0243777191477075,7855,FALSE
Pv2.1_07_9620012_C/T,Chr07,9620012,0.0243739542927997,7856,FALSE
Pv2.1_02_12351065_G/T,Chr02,12351065,0.0243735689830285,7857,FALSE
Pv2.1_07_9106070_G/C,Chr07,9106070,0.0243702750652206,7858,FALSE
Pv2.1_05_20624755_A/T,Chr05,20624755,0.0243675064016728,7859,FALSE
Pv2.1_07_26686256_A/G,Chr07,26686256,0.02436284160318,7860,FALSE
Pv2.1_02_33553965_A/G,Chr02,33553965,0.0243568505721181,7861,FALSE
Pv2.1_03_40901620_T/C,Chr03,40901620,0.0243527557472221,7862,FALSE
Pv2.1_08_62941435_T/C,Chr08,62941435,0.0243519917455401,7863,FALSE
Pv2.1_08_62941484_T/G,Chr08,62941484,0.0243519917455401,7864,FALSE
Pv2.1_03_32696024_G/A,Chr03,32696024,0.0243518082442264,7865,FALSE
Pv2.1_08_12407241_A/T,Chr08,12407241,0.024351498374398,7866,FALSE
Pv2.1_06_30707560_C/T,Chr06,30707560,0.0243501168500675,7867,FALSE
Pv2.1_07_23958832_T/C,Chr07,23958832,0.0243486420042727,7868,FALSE
Pv2.1_08_11444633_C/T,Chr08,11444633,0.0243470530622751,7869,FALSE
Pv2.1_03_12260270_A/T,Chr03,12260270,0.0243466571780715,7870,FALSE
Pv2.1_07_9908293_A/G,Chr07,9908293,0.0243427574907864,7871,FALSE
Pv2.1_11_2741709_A/G,Chr11,2741709,0.0243370637327729,7872,FALSE
Pv2.1_08_62766969_A/G,Chr08,62766969,0.0243351091116089,7873,FALSE
Pv2.1_07_39372527_C/T,Chr07,39372527,0.0243270622047649,7874,FALSE
Pv2.1_02_387018_T/TA,Chr02,387018,0.0243263544861789,7875,FALSE
Pv2.1_11_40169395_G/A,Chr11,40169395,0.0243249843435915,7876,FALSE
Pv2.1_07_4818769_C/T,Chr07,4818769,0.024321873273494,7877,FALSE
Pv2.1_07_37223321_T/TA,Chr07,37223321,0.0243216506708683,7878,FALSE
Pv2.1_01_6502326_C/CA,Chr01,6502326,0.0243197092413645,7879,FALSE
Pv2.1_07_426943_GCATAG/CCAT,Chr07,426943,0.024318182760882,7880,FALSE
Pv2.1_07_426950_G/GAGAT,Chr07,426950,0.024318182760882,7881,FALSE
Pv2.1_10_30316792_G/A,Chr10,30316792,0.0243161590747714,7882,FALSE
Pv2.1_01_51227097_A/G,Chr01,51227097,0.0243135203327469,7883,FALSE
Pv2.1_06_21970118_G/T,Chr06,21970118,0.0243104692547145,7884,FALSE
Pv2.1_09_37943973_C/T,Chr09,37943973,0.024306685640791,7885,FALSE
Pv2.1_03_3700994_A/T,Chr03,3700994,0.0243048377879154,7886,FALSE
Pv2.1_01_51167055_A/C,Chr01,51167055,0.024304762469189,7887,FALSE
Pv2.1_10_1971196_C/CAT,Chr10,1971196,0.0243039052659713,7888,FALSE
Pv2.1_03_9319368_C/T,Chr03,9319368,0.0243010088979485,7889,FALSE
Pv2.1_03_9319379_A/T,Chr03,9319379,0.0243010088979485,7890,FALSE
Pv2.1_03_430616_C/T,Chr03,430616,0.0243005332156114,7891,FALSE
Pv2.1_07_37123672_A/G,Chr07,37123672,0.0243004633743991,7892,FALSE
Pv2.1_08_61901010_A/G,Chr08,61901010,0.0242999844698542,7893,FALSE
Pv2.1_07_10378406_G/T,Chr07,10378406,0.0242993195534327,7894,FALSE
Pv2.1_02_7731487_A/G,Chr02,7731487,0.0242966690255377,7895,FALSE
Pv2.1_06_25338815_T/A,Chr06,25338815,0.0242963904108895,7896,FALSE
Pv2.1_01_49295235_G/T,Chr01,49295235,0.0242931340035768,7897,FALSE
Pv2.1_09_22473196_G/A,Chr09,22473196,0.0242905610776907,7898,FALSE
Pv2.1_07_133868_C/A,Chr07,133868,0.0242897275789149,7899,FALSE
Pv2.1_08_59865316_A/G,Chr08,59865316,0.0242873577193086,7900,FALSE
Pv2.1_05_3755562_T/C,Chr05,3755562,0.0242838108483077,7901,FALSE
Pv2.1_09_36110793_T/C,Chr09,36110793,0.0242820493624221,7902,FALSE
Pv2.1_05_3779488_T/C,Chr05,3779488,0.0242797427248251,7903,FALSE
Pv2.1_06_21206820_C/T,Chr06,21206820,0.0242783338509267,7904,FALSE
Pv2.1_03_10956066_G/C,Chr03,10956066,0.0242765182625591,7905,FALSE
Pv2.1_03_10956095_C/T,Chr03,10956095,0.0242765182625591,7906,FALSE
Pv2.1_06_30707563_T/C,Chr06,30707563,0.0242711305404217,7907,FALSE
Pv2.1_05_4930059_T/A,Chr05,4930059,0.0242709582757605,7908,FALSE
Pv2.1_03_51848918_C/G,Chr03,51848918,0.0242708227564492,7909,FALSE
Pv2.1_07_8220648_T/A,Chr07,8220648,0.024268390215803,7910,FALSE
Pv2.1_10_42635908_T/C,Chr10,42635908,0.0242678217523422,7911,FALSE
Pv2.1_05_261596_G/T,Chr05,261596,0.0242640974272335,7912,FALSE
Pv2.1_07_9346593_T/C,Chr07,9346593,0.0242640949121928,7913,FALSE
Pv2.1_03_6838427_C/T,Chr03,6838427,0.024261253367075,7914,FALSE
Pv2.1_07_7043510_G/T,Chr07,7043510,0.0242555912043865,7915,FALSE
Pv2.1_07_7043517_G/T,Chr07,7043517,0.024255591204386,7916,FALSE
Pv2.1_06_26230344_T/A,Chr06,26230344,0.0242554575053306,7917,FALSE
Pv2.1_07_39862128_A/T,Chr07,39862128,0.0242544129710907,7918,FALSE
Pv2.1_03_2587625_A/T,Chr03,2587625,0.024249738481724,7919,FALSE
Pv2.1_07_9526426_G/T,Chr07,9526426,0.0242470017228591,7920,FALSE
Pv2.1_07_36967520_C/T,Chr07,36967520,0.0242419197332349,7921,FALSE
Pv2.1_02_46668635_G/GTTA,Chr02,46668635,0.0242412741487121,7922,FALSE
Pv2.1_07_35524640_T/C,Chr07,35524640,0.0242347413466577,7923,FALSE
Pv2.1_05_11913863_G/T,Chr05,11913863,0.0242338940962825,7924,FALSE
Pv2.1_08_62766909_G/A,Chr08,62766909,0.0242317216230479,7925,FALSE
Pv2.1_07_30461064_C/T,Chr07,30461064,0.0242316256459518,7926,FALSE
Pv2.1_06_14330391_A/T,Chr06,14330391,0.0242306352318691,7927,FALSE
Pv2.1_07_38093875_G/A,Chr07,38093875,0.0242284007980889,7928,FALSE
Pv2.1_09_13687641_T/C,Chr09,13687641,0.0242237693646401,7929,FALSE
Pv2.1_08_61482459_G/C,Chr08,61482459,0.0242223823619132,7930,FALSE
Pv2.1_07_30170545_T/G,Chr07,30170545,0.0242221418789317,7931,FALSE
Pv2.1_07_30170546_A/T,Chr07,30170546,0.0242221418789317,7932,FALSE
Pv2.1_06_19446416_A/C,Chr06,19446416,0.0242201976086522,7933,FALSE
Pv2.1_02_46663716_C/A,Chr02,46663716,0.024213382395406,7934,FALSE
Pv2.1_03_430593_C/T,Chr03,430593,0.0242118255818631,7935,FALSE
Pv2.1_08_62936090_T/G,Chr08,62936090,0.0242102537289268,7936,FALSE
Pv2.1_06_20904490_T/A,Chr06,20904490,0.0242097535888295,7937,FALSE
Pv2.1_08_1526344_A/C,Chr08,1526344,0.0241995165548237,7938,FALSE
Pv2.1_06_22989520_C/A,Chr06,22989520,0.0241984137032856,7939,FALSE
Pv2.1_06_22989572_G/A,Chr06,22989572,0.0241984137032856,7940,FALSE
Pv2.1_03_36241711_C/T,Chr03,36241711,0.0241961558625912,7941,FALSE
Pv2.1_06_23415544_A/T,Chr06,23415544,0.0241912023811972,7942,FALSE
Pv2.1_08_360100_T/C,Chr08,360100,0.0241910816395059,7943,FALSE
Pv2.1_01_40820470_T/C,Chr01,40820470,0.0241908965725752,7944,FALSE
Pv2.1_10_43028614_T/A,Chr10,43028614,0.0241881141739744,7945,FALSE
Pv2.1_06_20164115_G/T,Chr06,20164115,0.0241880589558097,7946,FALSE
Pv2.1_09_37920934_C/T,Chr09,37920934,0.0241869857203576,7947,FALSE
Pv2.1_06_5685896_A/G,Chr06,5685896,0.0241842769159497,7948,FALSE
Pv2.1_07_37600249_A/T,Chr07,37600249,0.024184253192221,7949,FALSE
Pv2.1_03_9408164_G/A,Chr03,9408164,0.0241833045064879,7950,FALSE
Pv2.1_07_106070_G/A,Chr07,106070,0.0241822815294563,7951,FALSE
Pv2.1_07_3516845_T/C,Chr07,3516845,0.0241802004838312,7952,FALSE
Pv2.1_11_4544442_A/G,Chr11,4544442,0.0241758240518792,7953,FALSE
Pv2.1_01_49277208_GT/G,Chr01,49277208,0.024172362494296,7954,FALSE
Pv2.1_03_51848914_G/T,Chr03,51848914,0.0241691584376116,7955,FALSE
Pv2.1_11_50054854_G/A,Chr11,50054854,0.0241682994002042,7956,FALSE
Pv2.1_05_39721627_C/T,Chr05,39721627,0.0241606032751807,7957,FALSE
Pv2.1_06_27927823_T/A,Chr06,27927823,0.0241587813848825,7958,FALSE
Pv2.1_08_61225507_T/G,Chr08,61225507,0.0241570756814928,7959,FALSE
Pv2.1_01_49184285_G/A,Chr01,49184285,0.02415436770479,7960,FALSE
Pv2.1_08_36436150_T/C,Chr08,36436150,0.0241533260962608,7961,FALSE
Pv2.1_05_18517178_C/A,Chr05,18517178,0.0241498314834985,7962,FALSE
Pv2.1_06_19125856_G/A,Chr06,19125856,0.0241494261819026,7963,FALSE
Pv2.1_08_1091953_T/C,Chr08,1091953,0.0241479281176256,7964,FALSE
Pv2.1_03_1279790_ATGGCCGT/TG,Chr03,1279790,0.0241475896650147,7965,FALSE
Pv2.1_07_9296369_C/G,Chr07,9296369,0.0241374149734139,7966,FALSE
Pv2.1_07_9296369_C/T,Chr07,9296369,0.0241374149734139,7967,FALSE
Pv2.1_06_17601626_T/C,Chr06,17601626,0.0241372589850162,7968,FALSE
Pv2.1_03_526287_A/C,Chr03,526287,0.0241329132497268,7969,FALSE
Pv2.1_03_526330_T/C,Chr03,526330,0.0241324024466527,7970,FALSE
Pv2.1_11_52984655_A/T,Chr11,52984655,0.0241283153174425,7971,FALSE
Pv2.1_08_60247743_G/C,Chr08,60247743,0.0241234009779823,7972,FALSE
Pv2.1_11_51692447_T/C,Chr11,51692447,0.0241207462995736,7973,FALSE
Pv2.1_08_52748890_C/T,Chr08,52748890,0.0241203301417783,7974,FALSE
Pv2.1_02_35491670_AC/A,Chr02,35491670,0.0241168914902357,7975,FALSE
Pv2.1_06_26276242_C/A,Chr06,26276242,0.0241163582066939,7976,FALSE
Pv2.1_04_42068321_G/A,Chr04,42068321,0.0241162459750703,7977,FALSE
Pv2.1_09_13687701_T/A,Chr09,13687701,0.0241123108250778,7978,FALSE
Pv2.1_06_3348438_A/C,Chr06,3348438,0.0241027200033144,7979,FALSE
Pv2.1_02_46792713_T/C,Chr02,46792713,0.0241010169962053,7980,FALSE
Pv2.1_06_19549331_C/G,Chr06,19549331,0.0240977941429383,7981,FALSE
Pv2.1_08_44520398_G/C,Chr08,44520398,0.0240953665151364,7982,FALSE
Pv2.1_02_560123_C/T,Chr02,560123,0.0240903028223709,7983,FALSE
Pv2.1_08_13034112_A/T,Chr08,13034112,0.0240862882574242,7984,FALSE
Pv2.1_11_24587568_A/C,Chr11,24587568,0.0240845731700614,7985,FALSE
Pv2.1_02_3408026_A/G,Chr02,3408026,0.0240843587948634,7986,FALSE
Pv2.1_02_3408082_A/G,Chr02,3408082,0.0240843587948634,7987,FALSE
Pv2.1_05_4918537_A/T,Chr05,4918537,0.0240831785980302,7988,FALSE
Pv2.1_02_46358999_A/G,Chr02,46358999,0.0240803469909565,7989,FALSE
Pv2.1_10_4906848_G/C,Chr10,4906848,0.024078675181745,7990,FALSE
Pv2.1_03_11746224_ATAC/A,Chr03,11746224,0.0240780665995839,7991,FALSE
Pv2.1_03_11746225_TACTACTACTACTACT/ACCTACTACTACTACC,Chr03,11746225,0.0240780665995839,7992,FALSE
Pv2.1_03_526317_T/C,Chr03,526317,0.0240729517077929,7993,FALSE
Pv2.1_06_23251134_TG/T,Chr06,23251134,0.024071670907865,7994,FALSE
Pv2.1_06_14095164_A/G,Chr06,14095164,0.0240713216549748,7995,FALSE
Pv2.1_02_2473334_C/T,Chr02,2473334,0.0240639320630565,7996,FALSE
Pv2.1_10_41561520_A/G,Chr10,41561520,0.024063304890523,7997,FALSE
Pv2.1_10_41561556_G/A,Chr10,41561556,0.024063304890523,7998,FALSE
Pv2.1_07_7043219_A/C,Chr07,7043219,0.0240610283973153,7999,FALSE
Pv2.1_07_7043205_G/A,Chr07,7043205,0.0240610283973148,8000,FALSE
Pv2.1_03_11142546_A/T,Chr03,11142546,0.0240610022835996,8001,FALSE
Pv2.1_11_52973823_T/A,Chr11,52973823,0.024060340674263,8002,FALSE
Pv2.1_08_61034410_G/T,Chr08,61034410,0.0240601038247368,8003,FALSE
Pv2.1_08_61034267_G/C,Chr08,61034267,0.0240586150590603,8004,FALSE
Pv2.1_06_16892241_C/T,Chr06,16892241,0.0240581941654843,8005,FALSE
Pv2.1_01_49295229_G/A,Chr01,49295229,0.0240570756210605,8006,FALSE
Pv2.1_05_3779357_G/A,Chr05,3779357,0.0240557657163523,8007,FALSE
Pv2.1_01_49271006_A/AGGATAT,Chr01,49271006,0.0240535984360788,8008,FALSE
Pv2.1_07_38250885_C/T,Chr07,38250885,0.0240534784129678,8009,FALSE
Pv2.1_05_35358203_C/A,Chr05,35358203,0.0240516930173076,8010,FALSE
Pv2.1_08_30248423_T/A,Chr08,30248423,0.0240477756712227,8011,FALSE
Pv2.1_06_28228149_T/G,Chr06,28228149,0.0240467492392744,8012,FALSE
Pv2.1_11_51156884_C/A,Chr11,51156884,0.0240466842605263,8013,FALSE
Pv2.1_07_21378878_G/C,Chr07,21378878,0.0240461216530528,8014,FALSE
Pv2.1_03_1033615_A/T,Chr03,1033615,0.0240433747539295,8015,FALSE
Pv2.1_09_28252357_C/T,Chr09,28252357,0.0240403598980259,8016,FALSE
Pv2.1_06_21755337_G/A,Chr06,21755337,0.0240400228181272,8017,FALSE
Pv2.1_08_62573337_T/G,Chr08,62573337,0.0240400215283181,8018,FALSE
Pv2.1_11_53132480_T/G,Chr11,53132480,0.0240399212955937,8019,FALSE
Pv2.1_11_51766343_G/T,Chr11,51766343,0.0240332825722263,8020,FALSE
Pv2.1_11_51766350_A/C,Chr11,51766350,0.0240332825722263,8021,FALSE
Pv2.1_06_24104692_G/A,Chr06,24104692,0.0240330129726853,8022,FALSE
Pv2.1_10_23620592_C/A,Chr10,23620592,0.0240320530340314,8023,FALSE
Pv2.1_10_23620593_A/G,Chr10,23620593,0.0240320530340314,8024,FALSE
Pv2.1_02_14908952_C/T,Chr02,14908952,0.0240291255711949,8025,FALSE
Pv2.1_06_15622219_A/G,Chr06,15622219,0.0240266828610345,8026,FALSE
Pv2.1_06_15622236_T/A,Chr06,15622236,0.0240266828610345,8027,FALSE
Pv2.1_07_4000940_G/A,Chr07,4000940,0.0240168116687931,8028,FALSE
Pv2.1_09_36375828_G/T,Chr09,36375828,0.0240159540654652,8029,FALSE
Pv2.1_04_432733_C/G,Chr04,432733,0.0240130060872197,8030,FALSE
Pv2.1_06_18437425_G/A,Chr06,18437425,0.0240067183906847,8031,FALSE
Pv2.1_02_47384033_C/T,Chr02,47384033,0.0240062117843363,8032,FALSE
Pv2.1_03_11144031_C/T,Chr03,11144031,0.0239933544506754,8033,FALSE
Pv2.1_05_39024721_A/G,Chr05,39024721,0.0239928155390072,8034,FALSE
Pv2.1_11_40959540_G/A,Chr11,40959540,0.0239903118845799,8035,FALSE
Pv2.1_05_132278_A/G,Chr05,132278,0.023989961317735,8036,FALSE
Pv2.1_05_132287_G/A,Chr05,132287,0.023989961317735,8037,FALSE
Pv2.1_08_60362984_T/A,Chr08,60362984,0.0239892348795987,8038,FALSE
Pv2.1_03_8030517_G/A,Chr03,8030517,0.023987683636141,8039,FALSE
Pv2.1_06_26972440_T/C,Chr06,26972440,0.0239852490113908,8040,FALSE
Pv2.1_06_16312013_C/A,Chr06,16312013,0.0239818196822679,8041,FALSE
Pv2.1_02_40032656_G/GA,Chr02,40032656,0.0239793962585462,8042,FALSE
Pv2.1_04_46430115_A/G,Chr04,46430115,0.0239788449004617,8043,FALSE
Pv2.1_01_48330632_T/G,Chr01,48330632,0.0239780250003965,8044,FALSE
Pv2.1_03_51849309_T/C,Chr03,51849309,0.0239757092792194,8045,FALSE
Pv2.1_06_21824679_C/G,Chr06,21824679,0.0239714035220189,8046,FALSE
Pv2.1_08_61889857_A/G,Chr08,61889857,0.0239687674782791,8047,FALSE
Pv2.1_05_11913862_T/G,Chr05,11913862,0.0239667899087257,8048,FALSE
Pv2.1_10_43801083_G/C,Chr10,43801083,0.023966658074229,8049,FALSE
Pv2.1_10_43801088_C/G,Chr10,43801088,0.023966658074229,8050,FALSE
Pv2.1_07_10364360_G/C,Chr07,10364360,0.0239647571745589,8051,FALSE
Pv2.1_01_10075832_A/T,Chr01,10075832,0.0239610773060734,8052,FALSE
Pv2.1_06_2930767_A/T,Chr06,2930767,0.0239598715033824,8053,FALSE
Pv2.1_03_1471121_G/A,Chr03,1471121,0.0239597156086986,8054,FALSE
Pv2.1_03_1471121_G/C,Chr03,1471121,0.0239597156086986,8055,FALSE
Pv2.1_03_1471129_A/G,Chr03,1471129,0.0239597156086986,8056,FALSE
Pv2.1_08_9057023_A/C,Chr08,9057023,0.0239571999140957,8057,FALSE
Pv2.1_06_18783178_A/T,Chr06,18783178,0.0239508988181481,8058,FALSE
Pv2.1_03_42226387_A/C,Chr03,42226387,0.0239501705944361,8059,FALSE
Pv2.1_08_165964_A/T,Chr08,165964,0.0239463495673204,8060,FALSE
Pv2.1_08_166000_C/G,Chr08,166000,0.0239463495673204,8061,FALSE
Pv2.1_08_166026_T/C,Chr08,166026,0.0239463495673204,8062,FALSE
Pv2.1_05_39247683_C/G,Chr05,39247683,0.0239447138845326,8063,FALSE
Pv2.1_07_35052936_T/C,Chr07,35052936,0.0239440102436346,8064,FALSE
Pv2.1_04_20120029_A/T,Chr04,20120029,0.023943095692299,8065,FALSE
Pv2.1_07_36997111_A/T,Chr07,36997111,0.0239385924578137,8066,FALSE
Pv2.1_06_25021839_G/C,Chr06,25021839,0.0239371285581802,8067,FALSE
Pv2.1_11_49492540_G/C,Chr11,49492540,0.0239329100397088,8068,FALSE
Pv2.1_10_2185548_G/A,Chr10,2185548,0.0239294353031925,8069,FALSE
Pv2.1_05_39687013_C/T,Chr05,39687013,0.0239270873852391,8070,FALSE
Pv2.1_08_3922102_TA/T,Chr08,3922102,0.0239240272663568,8071,FALSE
Pv2.1_10_1072239_C/G,Chr10,1072239,0.0239227410125999,8072,FALSE
Pv2.1_08_60905312_C/T,Chr08,60905312,0.0239221993589789,8073,FALSE
Pv2.1_05_7603186_T/A,Chr05,7603186,0.0239151840018779,8074,FALSE
Pv2.1_04_17454557_C/T,Chr04,17454557,0.0239140867406267,8075,FALSE
Pv2.1_01_48611605_A/T,Chr01,48611605,0.0239140036795344,8076,FALSE
Pv2.1_06_24465603_T/A,Chr06,24465603,0.0239109373822854,8077,FALSE
Pv2.1_06_4477421_G/T,Chr06,4477421,0.0239091000412124,8078,FALSE
Pv2.1_08_12619147_C/T,Chr08,12619147,0.0239035721386531,8079,FALSE
Pv2.1_06_16267614_T/G,Chr06,16267614,0.0239031266848233,8080,FALSE
Pv2.1_02_46663741_A/C,Chr02,46663741,0.0239029662455041,8081,FALSE
Pv2.1_06_18802080_A/C,Chr06,18802080,0.0239028926774951,8082,FALSE
Pv2.1_06_18802089_G/A,Chr06,18802089,0.0239028926774951,8083,FALSE
Pv2.1_07_7893492_AT/A,Chr07,7893492,0.0238974383074506,8084,FALSE
Pv2.1_03_11577487_C/T,Chr03,11577487,0.0238943778884373,8085,FALSE
Pv2.1_06_21224199_C/A,Chr06,21224199,0.0238904470816808,8086,FALSE
Pv2.1_04_4560403_G/C,Chr04,4560403,0.0238892955197061,8087,FALSE
Pv2.1_07_37259067_AAT/A,Chr07,37259067,0.0238886891909882,8088,FALSE
Pv2.1_10_42569903_T/A,Chr10,42569903,0.0238828264265178,8089,FALSE
Pv2.1_10_42569908_A/C,Chr10,42569908,0.0238828264265178,8090,FALSE
Pv2.1_10_42569939_C/T,Chr10,42569939,0.0238828264265178,8091,FALSE
Pv2.1_10_31142357_A/C,Chr10,31142357,0.0238781115354301,8092,FALSE
Pv2.1_07_37122770_T/G,Chr07,37122770,0.0238772168806651,8093,FALSE
Pv2.1_05_38217379_A/T,Chr05,38217379,0.0238765374356746,8094,FALSE
Pv2.1_10_44169617_G/A,Chr10,44169617,0.0238712081778334,8095,FALSE
Pv2.1_01_2308633_T/G,Chr01,2308633,0.0238694504841201,8096,FALSE
Pv2.1_11_52975503_T/A,Chr11,52975503,0.0238693870309841,8097,FALSE
Pv2.1_06_20471224_G/A,Chr06,20471224,0.0238667899063287,8098,FALSE
Pv2.1_07_21089004_A/G,Chr07,21089004,0.0238632670747609,8099,FALSE
Pv2.1_08_62007625_G/A,Chr08,62007625,0.0238598110658943,8100,FALSE
Pv2.1_03_6838440_A/C,Chr03,6838440,0.0238581737142152,8101,FALSE
Pv2.1_07_37410309_T/A,Chr07,37410309,0.0238573591103197,8102,FALSE
Pv2.1_01_3238337_T/C,Chr01,3238337,0.0238545647664936,8103,FALSE
Pv2.1_10_44008583_G/C,Chr10,44008583,0.0238505116923697,8104,FALSE
Pv2.1_02_3242372_T/A,Chr02,3242372,0.0238504884517567,8105,FALSE
Pv2.1_01_3198659_C/T,Chr01,3198659,0.0238417332047591,8106,FALSE
Pv2.1_07_9089497_GTTGC/TTGT,Chr07,9089497,0.0238412336505203,8107,FALSE
Pv2.1_03_7263081_A/G,Chr03,7263081,0.0238395193454779,8108,FALSE
Pv2.1_09_10614963_C/T,Chr09,10614963,0.0238351518498194,8109,FALSE
Pv2.1_05_11913867_G/C,Chr05,11913867,0.0238342918714256,8110,FALSE
Pv2.1_09_37951081_G/C,Chr09,37951081,0.0238332423738257,8111,FALSE
Pv2.1_10_42222536_T/G,Chr10,42222536,0.0238281455646572,8112,FALSE
Pv2.1_08_18849221_G/T,Chr08,18849221,0.0238271247343711,8113,FALSE
Pv2.1_11_27513853_T/C,Chr11,27513853,0.0238266405910421,8114,FALSE
Pv2.1_06_21693607_C/G,Chr06,21693607,0.0238263359181024,8115,FALSE
Pv2.1_04_42163189_C/T,Chr04,42163189,0.0238237160844146,8116,FALSE
Pv2.1_03_7189005_C/T,Chr03,7189005,0.0238222543940645,8117,FALSE
Pv2.1_03_7189008_C/A,Chr03,7189008,0.0238222543940645,8118,FALSE
Pv2.1_03_7189014_T/G,Chr03,7189014,0.0238222543940645,8119,FALSE
Pv2.1_06_31021176_A/G,Chr06,31021176,0.0238178473971371,8120,FALSE
Pv2.1_09_14637617_A/G,Chr09,14637617,0.0238141873763262,8121,FALSE
Pv2.1_02_42510083_T/C,Chr02,42510083,0.0238132164919085,8122,FALSE
Pv2.1_06_10947943_T/A,Chr06,10947943,0.0238127499546215,8123,FALSE
Pv2.1_03_12162445_G/A,Chr03,12162445,0.0238025623639748,8124,FALSE
Pv2.1_11_2077833_G/A,Chr11,2077833,0.0238014321765263,8125,FALSE
Pv2.1_07_8389398_C/T,Chr07,8389398,0.0238002478942638,8126,FALSE
Pv2.1_07_39413239_G/C,Chr07,39413239,0.0237992129622104,8127,FALSE
Pv2.1_03_30385614_T/A,Chr03,30385614,0.0237977181432854,8128,FALSE
Pv2.1_09_35520413_G/A,Chr09,35520413,0.0237935889748608,8129,FALSE
Pv2.1_04_46590549_G/A,Chr04,46590549,0.0237928972432768,8130,FALSE
Pv2.1_04_523221_A/T,Chr04,523221,0.0237928261485818,8131,FALSE
Pv2.1_06_25753630_C/T,Chr06,25753630,0.0237902738174944,8132,FALSE
Pv2.1_07_8580251_C/T,Chr07,8580251,0.0237896869424183,8133,FALSE
Pv2.1_07_24189368_G/A,Chr07,24189368,0.0237857907858552,8134,FALSE
Pv2.1_07_24189387_A/G,Chr07,24189387,0.0237857907858552,8135,FALSE
Pv2.1_07_24189396_G/A,Chr07,24189396,0.0237857907858552,8136,FALSE
Pv2.1_09_13609156_G/A,Chr09,13609156,0.0237855426973539,8137,FALSE
Pv2.1_06_15622230_C/T,Chr06,15622230,0.0237824932343105,8138,FALSE
Pv2.1_06_15622235_T/G,Chr06,15622235,0.0237824932343105,8139,FALSE
Pv2.1_07_3358918_A/T,Chr07,3358918,0.0237806512271002,8140,FALSE
Pv2.1_08_62205499_G/T,Chr08,62205499,0.0237805510873179,8141,FALSE
Pv2.1_02_581031_A/C,Chr02,581031,0.0237737045052597,8142,FALSE
Pv2.1_11_4543809_T/A,Chr11,4543809,0.0237727321473811,8143,FALSE
Pv2.1_07_1018465_G/A,Chr07,1018465,0.023771902893436,8144,FALSE
Pv2.1_06_31021425_T/C,Chr06,31021425,0.0237713592352269,8145,FALSE
Pv2.1_07_10207571_T/G,Chr07,10207571,0.0237694256702952,8146,FALSE
Pv2.1_07_10207609_G/T,Chr07,10207609,0.0237694256702952,8147,FALSE
Pv2.1_10_2954190_G/A,Chr10,2954190,0.023768507103556,8148,FALSE
Pv2.1_10_40290980_ATATGGC/A,Chr10,40290980,0.0237683850602055,8149,FALSE
Pv2.1_07_8259811_T/G,Chr07,8259811,0.0237661081646485,8150,FALSE
Pv2.1_11_49883439_T/C,Chr11,49883439,0.0237585425907096,8151,FALSE
Pv2.1_03_1214564_T/A,Chr03,1214564,0.0237564317655581,8152,FALSE
Pv2.1_07_39382980_A/T,Chr07,39382980,0.0237519046380337,8153,FALSE
Pv2.1_06_323108_C/T,Chr06,323108,0.0237487008872717,8154,FALSE
Pv2.1_02_41012169_G/A,Chr02,41012169,0.0237476428861902,8155,FALSE
Pv2.1_06_20852238_C/AT,Chr06,20852238,0.0237450776642865,8156,FALSE
Pv2.1_06_25448884_G/A,Chr06,25448884,0.0237441777597889,8157,FALSE
Pv2.1_08_27164406_C/T,Chr08,27164406,0.0237356102853434,8158,FALSE
Pv2.1_06_18192653_G/A,Chr06,18192653,0.0237330020994246,8159,FALSE
Pv2.1_08_62807730_A/C,Chr08,62807730,0.0237299923143302,8160,FALSE
Pv2.1_06_18568208_A/G,Chr06,18568208,0.023728840599802,8161,FALSE
Pv2.1_06_15639172_C/T,Chr06,15639172,0.023727742218318,8162,FALSE
Pv2.1_03_983900_C/T,Chr03,983900,0.0237257627212086,8163,FALSE
Pv2.1_08_1154235_C/T,Chr08,1154235,0.0237231183122848,8164,FALSE
Pv2.1_10_44169560_A/G,Chr10,44169560,0.0237224574419885,8165,FALSE
Pv2.1_02_35420146_G/A,Chr02,35420146,0.0237195035824658,8166,FALSE
Pv2.1_07_38018719_C/T,Chr07,38018719,0.0237180450051788,8167,FALSE
Pv2.1_11_3144388_T/C,Chr11,3144388,0.0237157092446978,8168,FALSE
Pv2.1_07_54390_A/ATG,Chr07,54390,0.0237147222656322,8169,FALSE
Pv2.1_06_30927198_C/A,Chr06,30927198,0.023710756961929,8170,FALSE
Pv2.1_06_26310553_C/T,Chr06,26310553,0.023708897270919,8171,FALSE
Pv2.1_04_1576958_G/A,Chr04,1576958,0.0237052848683796,8172,FALSE
Pv2.1_06_15913495_AGAC/A,Chr06,15913495,0.02370279445989,8173,FALSE
Pv2.1_06_22235814_C/G,Chr06,22235814,0.0237026506296472,8174,FALSE
Pv2.1_11_52984538_G/A,Chr11,52984538,0.0237015247470023,8175,FALSE
Pv2.1_06_19939193_T/A,Chr06,19939193,0.0236996335104882,8176,FALSE
Pv2.1_08_62972149_G/A,Chr08,62972149,0.0236995166803307,8177,FALSE
Pv2.1_09_37433489_T/A,Chr09,37433489,0.0236957137727569,8178,FALSE
Pv2.1_08_699092_T/C,Chr08,699092,0.0236939866511854,8179,FALSE
Pv2.1_11_533267_T/C,Chr11,533267,0.0236934416946055,8180,FALSE
Pv2.1_03_549568_A/G,Chr03,549568,0.0236874536470535,8181,FALSE
Pv2.1_03_36241739_G/T,Chr03,36241739,0.0236850919196305,8182,FALSE
Pv2.1_08_62490694_C/A,Chr08,62490694,0.0236849746954566,8183,FALSE
Pv2.1_08_61838052_A/G,Chr08,61838052,0.0236848034269705,8184,FALSE
Pv2.1_10_42475118_T/C,Chr10,42475118,0.0236843766018522,8185,FALSE
Pv2.1_06_21220082_A/G,Chr06,21220082,0.0236840513052465,8186,FALSE
Pv2.1_05_38267050_T/C,Chr05,38267050,0.0236817689186237,8187,FALSE
Pv2.1_06_27547609_G/A,Chr06,27547609,0.0236794603529211,8188,FALSE
Pv2.1_07_4244883_C/G,Chr07,4244883,0.023676548748707,8189,FALSE
Pv2.1_06_22428274_G/T,Chr06,22428274,0.0236749982542408,8190,FALSE
Pv2.1_06_22428279_G/A,Chr06,22428279,0.0236749982542408,8191,FALSE
Pv2.1_05_2728540_G/GTTAT,Chr05,2728540,0.0236738071357454,8192,FALSE
Pv2.1_11_2965263_T/A,Chr11,2965263,0.0236707643810723,8193,FALSE
Pv2.1_08_59882091_G/A,Chr08,59882091,0.0236590976857043,8194,FALSE
Pv2.1_01_167799_C/T,Chr01,167799,0.0236586640515557,8195,FALSE
Pv2.1_03_40295454_T/G,Chr03,40295454,0.0236553836419704,8196,FALSE
Pv2.1_09_12105394_T/A,Chr09,12105394,0.0236519577414955,8197,FALSE
Pv2.1_08_62046627_G/C,Chr08,62046627,0.0236510550433868,8198,FALSE
Pv2.1_01_5821612_G/A,Chr01,5821612,0.0236504153367383,8199,FALSE
Pv2.1_08_1465798_GAGC/G,Chr08,1465798,0.0236454921292948,8200,FALSE
Pv2.1_07_28490349_C/T,Chr07,28490349,0.0236443997530298,8201,FALSE
Pv2.1_11_49492588_T/C,Chr11,49492588,0.0236428335823873,8202,FALSE
Pv2.1_01_51252361_A/T,Chr01,51252361,0.0236412120846623,8203,FALSE
Pv2.1_07_37259093_TGAA/T,Chr07,37259093,0.0236407644493437,8204,FALSE
Pv2.1_06_28137927_G/T,Chr06,28137927,0.0236406250057941,8205,FALSE
Pv2.1_01_13640506_TA/T,Chr01,13640506,0.0236400261081942,8206,FALSE
Pv2.1_02_35455749_G/T,Chr02,35455749,0.0236324046727727,8207,FALSE
Pv2.1_03_53066801_T/G,Chr03,53066801,0.0236272206617927,8208,FALSE
Pv2.1_08_3290871_G/A,Chr08,3290871,0.0236263852496705,8209,FALSE
Pv2.1_01_5757649_A/G,Chr01,5757649,0.0236252151142637,8210,FALSE
Pv2.1_03_40295463_A/G,Chr03,40295463,0.023624023001358,8211,FALSE
Pv2.1_03_53146810_T/C,Chr03,53146810,0.0236240215028083,8212,FALSE
Pv2.1_08_41879746_T/A,Chr08,41879746,0.0236171254515307,8213,FALSE
Pv2.1_03_2589785_C/G,Chr03,2589785,0.0236149612988199,8214,FALSE
Pv2.1_07_1143133_C/T,Chr07,1143133,0.0236139886873188,8215,FALSE
Pv2.1_03_39121420_T/C,Chr03,39121420,0.0236047302752587,8216,FALSE
Pv2.1_07_444014_C/T,Chr07,444014,0.0236040235048329,8217,FALSE
Pv2.1_01_51175042_T/C,Chr01,51175042,0.0236013634073813,8218,FALSE
Pv2.1_06_26566515_T/A,Chr06,26566515,0.0236008512355732,8219,FALSE
Pv2.1_06_11458023_C/G,Chr06,11458023,0.0236007255728414,8220,FALSE
Pv2.1_03_51315909_G/A,Chr03,51315909,0.02360019407709,8221,FALSE
Pv2.1_02_47491611_A/T,Chr02,47491611,0.0235978072755478,8222,FALSE
Pv2.1_07_3538237_T/A,Chr07,3538237,0.0235974014102962,8223,FALSE
Pv2.1_10_4082890_T/A,Chr10,4082890,0.0235892166002039,8224,FALSE
Pv2.1_06_21790299_T/G,Chr06,21790299,0.0235839841392242,8225,FALSE
Pv2.1_06_12925904_A/T,Chr06,12925904,0.023583867101892,8226,FALSE
Pv2.1_06_22563828_G/T,Chr06,22563828,0.0235832661386324,8227,FALSE
Pv2.1_03_2553788_T/C,Chr03,2553788,0.0235804983435179,8228,FALSE
Pv2.1_09_36508176_A/G,Chr09,36508176,0.0235774476121495,8229,FALSE
Pv2.1_08_62046675_CA/C,Chr08,62046675,0.02357348346347,8230,FALSE
Pv2.1_10_40392301_A/T,Chr10,40392301,0.0235685112419315,8231,FALSE
Pv2.1_08_392188_G/A,Chr08,392188,0.0235662694703738,8232,FALSE
Pv2.1_05_36225638_T/C,Chr05,36225638,0.0235630995171858,8233,FALSE
Pv2.1_08_62082891_G/C,Chr08,62082891,0.0235613851907202,8234,FALSE
Pv2.1_08_40338155_C/A,Chr08,40338155,0.0235585514015426,8235,FALSE
Pv2.1_06_13069409_G/A,Chr06,13069409,0.0235562678782864,8236,FALSE
Pv2.1_06_13069424_A/G,Chr06,13069424,0.0235562678782864,8237,FALSE
Pv2.1_03_37464971_G/T,Chr03,37464971,0.0235544722689869,8238,FALSE
Pv2.1_08_39885485_A/G,Chr08,39885485,0.0235540905142533,8239,FALSE
Pv2.1_11_6222203_AAATT/A,Chr11,6222203,0.0235540324549119,8240,FALSE
Pv2.1_11_1703170_G/A,Chr11,1703170,0.0235521129591749,8241,FALSE
Pv2.1_11_50774600_A/G,Chr11,50774600,0.0235486447553961,8242,FALSE
Pv2.1_08_61725416_G/A,Chr08,61725416,0.0235474846970805,8243,FALSE
Pv2.1_06_14025967_C/T,Chr06,14025967,0.0235434916589306,8244,FALSE
Pv2.1_03_11673640_G/A,Chr03,11673640,0.0235434193892239,8245,FALSE
Pv2.1_11_533232_C/T,Chr11,533232,0.0235424043800041,8246,FALSE
Pv2.1_06_21229568_C/T,Chr06,21229568,0.023537555926838,8247,FALSE
Pv2.1_05_38289945_T/C,Chr05,38289945,0.0235351246742948,8248,FALSE
Pv2.1_06_17352394_G/A,Chr06,17352394,0.0235337421766682,8249,FALSE
Pv2.1_06_24465576_T/G,Chr06,24465576,0.0235336886696915,8250,FALSE
Pv2.1_01_50650008_C/T,Chr01,50650008,0.0235257382715783,8251,FALSE
Pv2.1_11_4712676_TATTTA/T,Chr11,4712676,0.0235202988140992,8252,FALSE
Pv2.1_06_15567804_G/A,Chr06,15567804,0.0235199200499778,8253,FALSE
Pv2.1_03_33567440_C/T,Chr03,33567440,0.0235192240592417,8254,FALSE
Pv2.1_03_33567442_G/A,Chr03,33567442,0.0235192240592417,8255,FALSE
Pv2.1_03_33567465_A/C,Chr03,33567465,0.0235192240592417,8256,FALSE
Pv2.1_08_1819627_G/T,Chr08,1819627,0.0235164441921483,8257,FALSE
Pv2.1_08_1819643_G/A,Chr08,1819643,0.0235164441921483,8258,FALSE
Pv2.1_07_10035385_G/A,Chr07,10035385,0.0235134813636773,8259,FALSE
Pv2.1_06_25436260_C/CATT,Chr06,25436260,0.0235075152662794,8260,FALSE
Pv2.1_06_3704811_TAGC/T,Chr06,3704811,0.0235021027223663,8261,FALSE
Pv2.1_03_53066904_TC/T,Chr03,53066904,0.0235015257282516,8262,FALSE
Pv2.1_06_7243658_G/A,Chr06,7243658,0.0234977203496225,8263,FALSE
Pv2.1_06_15570427_T/G,Chr06,15570427,0.0234959012483058,8264,FALSE
Pv2.1_07_9346625_C/T,Chr07,9346625,0.0234938646718783,8265,FALSE
Pv2.1_06_706645_C/T,Chr06,706645,0.0234927967342156,8266,FALSE
Pv2.1_07_8249347_C/T,Chr07,8249347,0.0234870474485103,8267,FALSE
Pv2.1_07_8249354_C/T,Chr07,8249354,0.0234870474485103,8268,FALSE
Pv2.1_01_2851007_G/C,Chr01,2851007,0.0234831591979936,8269,FALSE
Pv2.1_04_12536063_C/T,Chr04,12536063,0.0234831365504653,8270,FALSE
Pv2.1_02_31270530_C/T,Chr02,31270530,0.0234786692599687,8271,FALSE
Pv2.1_08_3810039_C/G,Chr08,3810039,0.0234776778797419,8272,FALSE
Pv2.1_04_4560283_A/G,Chr04,4560283,0.0234756792031554,8273,FALSE
Pv2.1_07_39433002_C/T,Chr07,39433002,0.0234722146562416,8274,FALSE
Pv2.1_07_34995790_G/A,Chr07,34995790,0.0234717706499046,8275,FALSE
Pv2.1_02_2767930_G/C,Chr02,2767930,0.0234675974960092,8276,FALSE
Pv2.1_06_13814818_G/C,Chr06,13814818,0.0234659007072331,8277,FALSE
Pv2.1_07_39870467_G/C,Chr07,39870467,0.0234639796593727,8278,FALSE
Pv2.1_04_53909_G/A,Chr04,53909,0.0234602628762044,8279,FALSE
Pv2.1_03_7263055_T/C,Chr03,7263055,0.0234535258361728,8280,FALSE
Pv2.1_06_15606132_G/A,Chr06,15606132,0.0234503478106625,8281,FALSE
Pv2.1_06_21370237_C/T,Chr06,21370237,0.0234503424166692,8282,FALSE
Pv2.1_06_21370261_G/C,Chr06,21370261,0.0234503424166692,8283,FALSE
Pv2.1_11_51046811_C/CA,Chr11,51046811,0.0234498293337282,8284,FALSE
Pv2.1_05_11308375_T/A,Chr05,11308375,0.0234432417124784,8285,FALSE
Pv2.1_07_9563090_GT/G,Chr07,9563090,0.0234428003671834,8286,FALSE
Pv2.1_07_38778044_A/G,Chr07,38778044,0.0234320148446101,8287,FALSE
Pv2.1_02_26957428_C/G,Chr02,26957428,0.0234314374881288,8288,FALSE
Pv2.1_07_3518929_T/C,Chr07,3518929,0.0234289170330282,8289,FALSE
Pv2.1_03_1471139_A/G,Chr03,1471139,0.023428398643969,8290,FALSE
Pv2.1_06_462082_T/C,Chr06,462082,0.0234273544730308,8291,FALSE
Pv2.1_06_29285978_A/G,Chr06,29285978,0.0234256457040711,8292,FALSE
Pv2.1_06_15777862_G/A,Chr06,15777862,0.0234248277328595,8293,FALSE
Pv2.1_09_36050245_G/A,Chr09,36050245,0.0234211360172019,8294,FALSE
Pv2.1_06_7858990_A/G,Chr06,7858990,0.0234206403131352,8295,FALSE
Pv2.1_06_27776111_C/T,Chr06,27776111,0.0234197401678848,8296,FALSE
Pv2.1_08_60480038_G/T,Chr08,60480038,0.0234188471653325,8297,FALSE
Pv2.1_02_3084592_T/C,Chr02,3084592,0.0234168779107398,8298,FALSE
Pv2.1_08_62787892_A/T,Chr08,62787892,0.0234164308394917,8299,FALSE
Pv2.1_10_42534933_G/A,Chr10,42534933,0.0234135900903709,8300,FALSE
Pv2.1_04_46299025_C/T,Chr04,46299025,0.023412531738078,8301,FALSE
Pv2.1_03_2504314_G/A,Chr03,2504314,0.0234112797011758,8302,FALSE
Pv2.1_06_18987441_C/A,Chr06,18987441,0.0234084287573495,8303,FALSE
Pv2.1_01_4175876_A/T,Chr01,4175876,0.0234062428322588,8304,FALSE
Pv2.1_08_14362480_C/A,Chr08,14362480,0.023406003357588,8305,FALSE
Pv2.1_09_36079796_A/G,Chr09,36079796,0.0234034646668313,8306,FALSE
Pv2.1_06_24297142_G/T,Chr06,24297142,0.0234025293318902,8307,FALSE
Pv2.1_06_20325445_T/A,Chr06,20325445,0.023402237990557,8308,FALSE
Pv2.1_06_20325446_A/T,Chr06,20325446,0.023402237990557,8309,FALSE
Pv2.1_06_20325447_A/T,Chr06,20325447,0.023402237990557,8310,FALSE
Pv2.1_06_20325450_A/T,Chr06,20325450,0.023402237990557,8311,FALSE
Pv2.1_06_20325470_A/C,Chr06,20325470,0.023402237990557,8312,FALSE
Pv2.1_02_2987344_C/T,Chr02,2987344,0.0234006633433235,8313,FALSE
Pv2.1_05_2806014_T/A,Chr05,2806014,0.0233984417719597,8314,FALSE
Pv2.1_08_62525883_A/G,Chr08,62525883,0.023397810790454,8315,FALSE
Pv2.1_08_62525899_T/C,Chr08,62525899,0.023397810790454,8316,FALSE
Pv2.1_08_60247746_C/T,Chr08,60247746,0.0233974844951446,8317,FALSE
Pv2.1_06_20103900_T/C,Chr06,20103900,0.0233946769170337,8318,FALSE
Pv2.1_08_60442708_A/G,Chr08,60442708,0.0233923283406012,8319,FALSE
Pv2.1_09_33372809_G/GA,Chr09,33372809,0.0233923246773973,8320,FALSE
Pv2.1_04_4197760_C/T,Chr04,4197760,0.0233898692769268,8321,FALSE
Pv2.1_08_62939610_G/A,Chr08,62939610,0.0233860000573798,8322,FALSE
Pv2.1_04_1593371_T/C,Chr04,1593371,0.0233816814659242,8323,FALSE
Pv2.1_06_14106874_G/A,Chr06,14106874,0.0233778850462132,8324,FALSE
Pv2.1_07_39812510_C/T,Chr07,39812510,0.0233694100545931,8325,FALSE
Pv2.1_10_42159391_T/G,Chr10,42159391,0.0233656889727558,8326,FALSE
Pv2.1_08_58170931_G/A,Chr08,58170931,0.0233653996778069,8327,FALSE
Pv2.1_01_2173980_T/G,Chr01,2173980,0.0233641674853513,8328,FALSE
Pv2.1_08_62807494_C/T,Chr08,62807494,0.0233598460380944,8329,FALSE
Pv2.1_08_56216458_C/T,Chr08,56216458,0.0233562262211815,8330,FALSE
Pv2.1_02_12351099_G/A,Chr02,12351099,0.0233552919196023,8331,FALSE
Pv2.1_05_39242209_C/AA,Chr05,39242209,0.0233547734470814,8332,FALSE
Pv2.1_03_53339443_C/A,Chr03,53339443,0.0233546037632255,8333,FALSE
Pv2.1_04_1322187_A/C,Chr04,1322187,0.0233534365752148,8334,FALSE
Pv2.1_04_4560535_G/A,Chr04,4560535,0.0233492920902738,8335,FALSE
Pv2.1_06_21722288_A/T,Chr06,21722288,0.0233484135566311,8336,FALSE
Pv2.1_09_22312660_C/G,Chr09,22312660,0.0233450956871835,8337,FALSE
Pv2.1_04_4342472_C/T,Chr04,4342472,0.0233399440163025,8338,FALSE
Pv2.1_11_2282640_A/C,Chr11,2282640,0.0233373804122881,8339,FALSE
Pv2.1_07_4047080_TC/T,Chr07,4047080,0.0233336483781699,8340,FALSE
Pv2.1_07_33533023_G/A,Chr07,33533023,0.0233326590356859,8341,FALSE
Pv2.1_05_11942033_C/T,Chr05,11942033,0.0233312844020221,8342,FALSE
Pv2.1_08_1001435_C/A,Chr08,1001435,0.0233296734243624,8343,FALSE
Pv2.1_06_4028958_G/A,Chr06,4028958,0.0233274685366047,8344,FALSE
Pv2.1_06_28249047_A/G,Chr06,28249047,0.0233263428980877,8345,FALSE
Pv2.1_06_22856508_T/A,Chr06,22856508,0.0233244690164756,8346,FALSE
Pv2.1_05_39727709_G/A,Chr05,39727709,0.0233232049239431,8347,FALSE
Pv2.1_11_1581602_C/G,Chr11,1581602,0.0233224652047053,8348,FALSE
Pv2.1_08_1434783_T/G,Chr08,1434783,0.0233215129747988,8349,FALSE
Pv2.1_05_2712357_C/G,Chr05,2712357,0.02331879233504,8350,FALSE
Pv2.1_08_61185281_C/T,Chr08,61185281,0.0233177160320093,8351,FALSE
Pv2.1_04_46299033_G/A,Chr04,46299033,0.0233139324934677,8352,FALSE
Pv2.1_08_62788369_C/T,Chr08,62788369,0.0233105372510263,8353,FALSE
Pv2.1_08_4547222_AAT/A,Chr08,4547222,0.0233063018554343,8354,FALSE
Pv2.1_05_4918629_T/G,Chr05,4918629,0.0232991561950353,8355,FALSE
Pv2.1_04_4238529_C/T,Chr04,4238529,0.0232940212516346,8356,FALSE
Pv2.1_07_7516944_G/A,Chr07,7516944,0.0232815778304336,8357,FALSE
Pv2.1_07_7516969_C/T,Chr07,7516969,0.0232815778304336,8358,FALSE
Pv2.1_06_24297140_C/A,Chr06,24297140,0.0232755183318796,8359,FALSE
Pv2.1_08_62787559_G/A,Chr08,62787559,0.0232747322244822,8360,FALSE
Pv2.1_06_24107082_A/C,Chr06,24107082,0.0232745988784822,8361,FALSE
Pv2.1_09_1850403_T/A,Chr09,1850403,0.0232735384988714,8362,FALSE
Pv2.1_01_5474208_C/T,Chr01,5474208,0.0232720619881777,8363,FALSE
Pv2.1_11_44409909_C/G,Chr11,44409909,0.0232676506280738,8364,FALSE
Pv2.1_10_42650620_AC/A,Chr10,42650620,0.0232652585984527,8365,FALSE
Pv2.1_08_11524757_G/A,Chr08,11524757,0.0232619711370692,8366,FALSE
Pv2.1_04_1743539_A/C,Chr04,1743539,0.0232617335239431,8367,FALSE
Pv2.1_08_34594911_A/G,Chr08,34594911,0.0232613437093305,8368,FALSE
Pv2.1_08_45849481_G/T,Chr08,45849481,0.0232601516991524,8369,FALSE
Pv2.1_08_45858731_T/C,Chr08,45858731,0.0232600210038276,8370,FALSE
Pv2.1_02_47302339_C/G,Chr02,47302339,0.023256561137047,8371,FALSE
Pv2.1_06_3348609_G/A,Chr06,3348609,0.0232558176806794,8372,FALSE
Pv2.1_03_33564054_A/G,Chr03,33564054,0.0232549742108228,8373,FALSE
Pv2.1_03_53066863_C/T,Chr03,53066863,0.0232543581563891,8374,FALSE
Pv2.1_07_180213_T/TA,Chr07,180213,0.0232528692846876,8375,FALSE
Pv2.1_01_13640268_GA/G,Chr01,13640268,0.0232424305971763,8376,FALSE
Pv2.1_11_53537554_T/C,Chr11,53537554,0.0232400795303214,8377,FALSE
Pv2.1_01_51155612_C/G,Chr01,51155612,0.0232385064162686,8378,FALSE
Pv2.1_05_2410278_G/A,Chr05,2410278,0.0232330471127309,8379,FALSE
Pv2.1_05_11309200_T/A,Chr05,11309200,0.0232313506304784,8380,FALSE
Pv2.1_01_50901873_A/C,Chr01,50901873,0.0232300223800288,8381,FALSE
Pv2.1_07_21769282_T/C,Chr07,21769282,0.0232300039493381,8382,FALSE
Pv2.1_08_882188_C/T,Chr08,882188,0.0232243228001194,8383,FALSE
Pv2.1_06_28249058_A/G,Chr06,28249058,0.0232224414158502,8384,FALSE
Pv2.1_05_38217202_G/T,Chr05,38217202,0.0232205793636147,8385,FALSE
Pv2.1_11_3437306_A/C,Chr11,3437306,0.0232204001211733,8386,FALSE
Pv2.1_11_53298322_G/A,Chr11,53298322,0.0232190527825318,8387,FALSE
Pv2.1_06_620017_C/A,Chr06,620017,0.0232171805790506,8388,FALSE
Pv2.1_01_51040877_G/C,Chr01,51040877,0.0232160587877437,8389,FALSE
Pv2.1_06_18802485_C/G,Chr06,18802485,0.0232136153947189,8390,FALSE
Pv2.1_07_38402586_G/A,Chr07,38402586,0.0232118497652487,8391,FALSE
Pv2.1_06_25366038_G/A,Chr06,25366038,0.0232079558720431,8392,FALSE
Pv2.1_06_14619784_G/A,Chr06,14619784,0.0232035673958584,8393,FALSE
Pv2.1_07_39309158_G/A,Chr07,39309158,0.0232019885389057,8394,FALSE
Pv2.1_05_12875039_T/G,Chr05,12875039,0.0232008078602584,8395,FALSE
Pv2.1_05_39727733_G/A,Chr05,39727733,0.0232002518726979,8396,FALSE
Pv2.1_04_120223_C/G,Chr04,120223,0.0231977184246053,8397,FALSE
Pv2.1_09_36804710_A/C,Chr09,36804710,0.0231966694449968,8398,FALSE
Pv2.1_09_36804710_A/G,Chr09,36804710,0.0231966694449968,8399,FALSE
Pv2.1_07_10411467_C/A,Chr07,10411467,0.0231944408362605,8400,FALSE
Pv2.1_08_62807487_C/T,Chr08,62807487,0.0231868948610048,8401,FALSE
Pv2.1_07_4755232_A/G,Chr07,4755232,0.0231866876959588,8402,FALSE
Pv2.1_08_62447555_G/A,Chr08,62447555,0.0231840053724657,8403,FALSE
Pv2.1_06_30145125_C/A,Chr06,30145125,0.0231839661361359,8404,FALSE
Pv2.1_06_23874702_G/A,Chr06,23874702,0.0231810496193385,8405,FALSE
Pv2.1_01_2606615_T/C,Chr01,2606615,0.0231806883279502,8406,FALSE
Pv2.1_05_3755739_G/A,Chr05,3755739,0.0231782684278041,8407,FALSE
Pv2.1_05_3755741_A/C,Chr05,3755741,0.0231782684278041,8408,FALSE
Pv2.1_03_51422610_G/A,Chr03,51422610,0.0231782298449654,8409,FALSE
Pv2.1_09_37877390_C/G,Chr09,37877390,0.0231762401551916,8410,FALSE
Pv2.1_07_6601675_G/A,Chr07,6601675,0.0231751585587929,8411,FALSE
Pv2.1_07_32176792_A/G,Chr07,32176792,0.0231722520207613,8412,FALSE
Pv2.1_07_9530246_G/T,Chr07,9530246,0.0231701275418121,8413,FALSE
Pv2.1_02_34832284_A/T,Chr02,34832284,0.0231642736426374,8414,FALSE
Pv2.1_02_44976354_C/T,Chr02,44976354,0.0231603260975604,8415,FALSE
Pv2.1_08_30382500_A/T,Chr08,30382500,0.0231602633177888,8416,FALSE
Pv2.1_07_26686285_T/C,Chr07,26686285,0.0231554633712632,8417,FALSE
Pv2.1_02_48545931_T/C,Chr02,48545931,0.0231526949463832,8418,FALSE
Pv2.1_05_40676776_T/C,Chr05,40676776,0.0231489662009903,8419,FALSE
Pv2.1_08_58990861_T/C,Chr08,58990861,0.023143577622168,8420,FALSE
Pv2.1_10_1974600_C/T,Chr10,1974600,0.0231416808731595,8421,FALSE
Pv2.1_06_21615302_T/C,Chr06,21615302,0.023141282805021,8422,FALSE
Pv2.1_07_8712610_T/C,Chr07,8712610,0.0231387181079605,8423,FALSE
Pv2.1_06_28228101_C/T,Chr06,28228101,0.0231378074249187,8424,FALSE
Pv2.1_09_36105535_TG/T,Chr09,36105535,0.0231313198656524,8425,FALSE
Pv2.1_06_1920935_T/C,Chr06,1920935,0.0231226677305605,8426,FALSE
Pv2.1_01_50560480_C/CAA,Chr01,50560480,0.0231226057597524,8427,FALSE
Pv2.1_07_38454142_A/T,Chr07,38454142,0.0231178107555046,8428,FALSE
Pv2.1_07_9651601_C/A,Chr07,9651601,0.0231173837535397,8429,FALSE
Pv2.1_10_6828865_G/C,Chr10,6828865,0.0231172288779824,8430,FALSE
Pv2.1_06_15403309_T/A,Chr06,15403309,0.0231168590938444,8431,FALSE
Pv2.1_11_40310448_A/G,Chr11,40310448,0.0231133899734872,8432,FALSE
Pv2.1_05_4846229_A/C,Chr05,4846229,0.0231117890394215,8433,FALSE
Pv2.1_10_38244735_A/T,Chr10,38244735,0.0231116611843336,8434,FALSE
Pv2.1_07_7901600_T/C,Chr07,7901600,0.0231096410877911,8435,FALSE
Pv2.1_09_595325_A/G,Chr09,595325,0.0231095719933547,8436,FALSE
Pv2.1_03_3108276_G/T,Chr03,3108276,0.0231072015799114,8437,FALSE
Pv2.1_09_36051750_G/C,Chr09,36051750,0.0231061727027888,8438,FALSE
Pv2.1_06_21414415_A/T,Chr06,21414415,0.0231058846740089,8439,FALSE
Pv2.1_08_61264537_T/A,Chr08,61264537,0.0231054130719444,8440,FALSE
Pv2.1_07_188295_C/CT,Chr07,188295,0.0231037258300897,8441,FALSE
Pv2.1_04_2047816_G/C,Chr04,2047816,0.0231028703496268,8442,FALSE
Pv2.1_06_13831784_A/AT,Chr06,13831784,0.0230988211863599,8443,FALSE
Pv2.1_08_43130117_G/T,Chr08,43130117,0.0230985648880369,8444,FALSE
Pv2.1_02_2433863_G/A,Chr02,2433863,0.0230983389555437,8445,FALSE
Pv2.1_08_62082062_AT/A,Chr08,62082062,0.0230940937427295,8446,FALSE
Pv2.1_05_9252127_A/C,Chr05,9252127,0.0230921652278395,8447,FALSE
Pv2.1_02_47729341_T/C,Chr02,47729341,0.0230843975279242,8448,FALSE
Pv2.1_06_11458033_C/G,Chr06,11458033,0.0230818532106598,8449,FALSE
Pv2.1_03_46030491_CTCTC/T,Chr03,46030491,0.0230812038695301,8450,FALSE
Pv2.1_03_46030481_TTC/T,Chr03,46030481,0.0230812038695296,8451,FALSE
Pv2.1_06_18407376_T/C,Chr06,18407376,0.0230805212116154,8452,FALSE
Pv2.1_09_38152439_C/T,Chr09,38152439,0.0230762648366696,8453,FALSE
Pv2.1_06_21410043_C/CTTATG,Chr06,21410043,0.0230738788697185,8454,FALSE
Pv2.1_06_18583517_G/A,Chr06,18583517,0.0230738093516765,8455,FALSE
Pv2.1_04_47248921_T/C,Chr04,47248921,0.0230730838753943,8456,FALSE
Pv2.1_09_36725368_A/G,Chr09,36725368,0.0230713962530627,8457,FALSE
Pv2.1_10_2954156_A/T,Chr10,2954156,0.023070453156663,8458,FALSE
Pv2.1_08_3912827_A/G,Chr08,3912827,0.023070447113855,8459,FALSE
Pv2.1_06_25583792_G/A,Chr06,25583792,0.0230667171272043,8460,FALSE
Pv2.1_06_15319223_A/G,Chr06,15319223,0.0230622721826155,8461,FALSE
Pv2.1_03_526313_T/C,Chr03,526313,0.0230602484438878,8462,FALSE
Pv2.1_06_18210812_C/T,Chr06,18210812,0.0230556170331324,8463,FALSE
Pv2.1_11_29482759_G/A,Chr11,29482759,0.0230527657877722,8464,FALSE
Pv2.1_06_20714399_AGG/A,Chr06,20714399,0.0230527021515954,8465,FALSE
Pv2.1_09_36703845_A/G,Chr09,36703845,0.0230484246247,8466,FALSE
Pv2.1_08_3230227_C/G,Chr08,3230227,0.0230383327118471,8467,FALSE
Pv2.1_08_247209_G/A,Chr08,247209,0.0230355914974214,8468,FALSE
Pv2.1_05_2837472_T/A,Chr05,2837472,0.0230343966916498,8469,FALSE
Pv2.1_08_62447393_C/T,Chr08,62447393,0.0230343965121183,8470,FALSE
Pv2.1_01_2173987_T/C,Chr01,2173987,0.0230309621056239,8471,FALSE
Pv2.1_01_49273459_A/G,Chr01,49273459,0.0230266878517651,8472,FALSE
Pv2.1_11_49064926_T/G,Chr11,49064926,0.0230260039158638,8473,FALSE
Pv2.1_09_14586676_G/A,Chr09,14586676,0.0230235581447711,8474,FALSE
Pv2.1_05_11942007_TCA/T,Chr05,11942007,0.0230227931055209,8475,FALSE
Pv2.1_06_25291281_C/T,Chr06,25291281,0.0230219941475105,8476,FALSE
Pv2.1_06_25610477_G/A,Chr06,25610477,0.0230192432864045,8477,FALSE
Pv2.1_01_1628415_T/C,Chr01,1628415,0.0230165697032336,8478,FALSE
Pv2.1_11_53000861_A/G,Chr11,53000861,0.0230125723933439,8479,FALSE
Pv2.1_05_39637925_G/A,Chr05,39637925,0.0230069945486915,8480,FALSE
Pv2.1_01_51047344_G/A,Chr01,51047344,0.0230064902960727,8481,FALSE
Pv2.1_06_15468953_C/T,Chr06,15468953,0.0230038792108802,8482,FALSE
Pv2.1_09_14877254_A/T,Chr09,14877254,0.0230036662930684,8483,FALSE
Pv2.1_07_39566026_T/C,Chr07,39566026,0.0230025047682352,8484,FALSE
Pv2.1_06_27493131_A/C,Chr06,27493131,0.0230008089408895,8485,FALSE
Pv2.1_07_3273843_C/A,Chr07,3273843,0.0229996078079697,8486,FALSE
Pv2.1_11_3019532_A/T,Chr11,3019532,0.0229984909647754,8487,FALSE
Pv2.1_10_4589106_T/G,Chr10,4589106,0.0229949787769095,8488,FALSE
Pv2.1_11_9434946_C/A,Chr11,9434946,0.0229945775985256,8489,FALSE
Pv2.1_06_28249110_A/C,Chr06,28249110,0.022987151465363,8490,FALSE
Pv2.1_08_1436182_A/T,Chr08,1436182,0.0229852480536006,8491,FALSE
Pv2.1_08_1436192_C/G,Chr08,1436192,0.0229852480536006,8492,FALSE
Pv2.1_09_612946_A/C,Chr09,612946,0.0229845058912423,8493,FALSE
Pv2.1_09_37750245_G/T,Chr09,37750245,0.02298351383119,8494,FALSE
Pv2.1_08_62788363_A/G,Chr08,62788363,0.0229816341370648,8495,FALSE
Pv2.1_02_37686642_G/A,Chr02,37686642,0.0229812397304694,8496,FALSE
Pv2.1_11_1456048_A/G,Chr11,1456048,0.0229798033466984,8497,FALSE
Pv2.1_05_4712346_T/C,Chr05,4712346,0.0229797075745286,8498,FALSE
Pv2.1_11_50710143_G/A,Chr11,50710143,0.0229755086764927,8499,FALSE
Pv2.1_03_9319577_A/G,Chr03,9319577,0.022971215824672,8500,FALSE
Pv2.1_02_3408012_C/A,Chr02,3408012,0.022968642554698,8501,FALSE
Pv2.1_03_53035457_A/G,Chr03,53035457,0.0229675205951918,8502,FALSE
Pv2.1_06_19550547_G/C,Chr06,19550547,0.0229675065536501,8503,FALSE
Pv2.1_08_3734001_A/C,Chr08,3734001,0.022966146404571,8504,FALSE
Pv2.1_11_27854721_T/G,Chr11,27854721,0.0229653520230659,8505,FALSE
Pv2.1_06_21533243_G/C,Chr06,21533243,0.0229620046042029,8506,FALSE
Pv2.1_11_50398170_T/C,Chr11,50398170,0.0229569522390207,8507,FALSE
Pv2.1_06_22372160_G/T,Chr06,22372160,0.0229566235061593,8508,FALSE
Pv2.1_09_35990132_T/A,Chr09,35990132,0.0229551069272991,8509,FALSE
Pv2.1_06_21220083_C/T,Chr06,21220083,0.0229534797295634,8510,FALSE
Pv2.1_05_40460700_G/A,Chr05,40460700,0.0229514104691617,8511,FALSE
Pv2.1_05_40460701_C/A,Chr05,40460701,0.0229514104691617,8512,FALSE
Pv2.1_09_14814925_C/T,Chr09,14814925,0.0229449271213267,8513,FALSE
Pv2.1_04_47839558_A/G,Chr04,47839558,0.022938605006332,8514,FALSE
Pv2.1_04_1983121_TC/T,Chr04,1983121,0.022923945779183,8515,FALSE
Pv2.1_04_528507_C/T,Chr04,528507,0.0229223899752453,8516,FALSE
Pv2.1_09_36029451_T/A,Chr09,36029451,0.0229213625714984,8517,FALSE
Pv2.1_06_29286021_T/C,Chr06,29286021,0.0229171650252589,8518,FALSE
Pv2.1_04_41855386_GA/G,Chr04,41855386,0.0229154086125902,8519,FALSE
Pv2.1_02_35099319_G/C,Chr02,35099319,0.0229145118347822,8520,FALSE
Pv2.1_03_7115644_C/A,Chr03,7115644,0.022913216640243,8521,FALSE
Pv2.1_11_37921678_C/T,Chr11,37921678,0.0229117007307309,8522,FALSE
Pv2.1_06_19164625_A/G,Chr06,19164625,0.0229115268481501,8523,FALSE
Pv2.1_06_24297148_A/C,Chr06,24297148,0.0229093564667102,8524,FALSE
Pv2.1_06_22262492_A/T,Chr06,22262492,0.0229075423569767,8525,FALSE
Pv2.1_03_11673466_C/T,Chr03,11673466,0.0229036310146795,8526,FALSE
Pv2.1_03_11673469_G/A,Chr03,11673469,0.0229036310146795,8527,FALSE
Pv2.1_09_36804723_T/C,Chr09,36804723,0.0228977941783612,8528,FALSE
Pv2.1_01_5641736_C/T,Chr01,5641736,0.0228966633248442,8529,FALSE
Pv2.1_09_37528191_G/GA,Chr09,37528191,0.0228964360753943,8530,FALSE
Pv2.1_11_16483850_G/A,Chr11,16483850,0.0228948279540702,8531,FALSE
Pv2.1_07_8184565_C/T,Chr07,8184565,0.0228889567471717,8532,FALSE
Pv2.1_09_37099942_G/A,Chr09,37099942,0.0228857339677013,8533,FALSE
Pv2.1_03_39275065_A/G,Chr03,39275065,0.0228831075657947,8534,FALSE
Pv2.1_06_12893226_T/C,Chr06,12893226,0.0228797209153231,8535,FALSE
Pv2.1_01_5641713_C/T,Chr01,5641713,0.022878636201507,8536,FALSE
Pv2.1_07_38987136_C/T,Chr07,38987136,0.0228688879154095,8537,FALSE
Pv2.1_03_7921786_C/A,Chr03,7921786,0.0228635990187573,8538,FALSE
Pv2.1_06_17242703_T/A,Chr06,17242703,0.0228593040096188,8539,FALSE
Pv2.1_10_42767298_GA/G,Chr10,42767298,0.0228571877733881,8540,FALSE
Pv2.1_06_13814793_C/T,Chr06,13814793,0.0228540254118994,8541,FALSE
Pv2.1_06_6730390_A/T,Chr06,6730390,0.0228500391155304,8542,FALSE
Pv2.1_06_20935974_G/T,Chr06,20935974,0.0228450987478501,8543,FALSE
Pv2.1_09_37663153_C/T,Chr09,37663153,0.0228411496542345,8544,FALSE
Pv2.1_01_51135759_A/G,Chr01,51135759,0.0228396586212174,8545,FALSE
Pv2.1_07_840494_C/T,Chr07,840494,0.0228341235973453,8546,FALSE
Pv2.1_06_24880452_C/G,Chr06,24880452,0.0228310668192973,8547,FALSE
Pv2.1_03_53066847_G/T,Chr03,53066847,0.0228298943229808,8548,FALSE
Pv2.1_06_23041661_C/T,Chr06,23041661,0.0228296013427065,8549,FALSE
Pv2.1_06_21622851_A/AG,Chr06,21622851,0.0228290064498524,8550,FALSE
Pv2.1_10_42551866_A/T,Chr10,42551866,0.0228288429582966,8551,FALSE
Pv2.1_03_53397898_A/G,Chr03,53397898,0.0228234375877388,8552,FALSE
Pv2.1_01_48413962_C/T,Chr01,48413962,0.02282301141484,8553,FALSE
Pv2.1_04_32737_C/T,Chr04,32737,0.0228228814232057,8554,FALSE
Pv2.1_10_43957442_C/A,Chr10,43957442,0.0228227707879047,8555,FALSE
Pv2.1_10_43957442_C/T,Chr10,43957442,0.0228227707879047,8556,FALSE
Pv2.1_10_43957514_A/G,Chr10,43957514,0.0228227707879047,8557,FALSE
Pv2.1_09_34998964_A/G,Chr09,34998964,0.0228210952169516,8558,FALSE
Pv2.1_06_23512177_C/T,Chr06,23512177,0.0228161618183025,8559,FALSE
Pv2.1_08_62276162_T/C,Chr08,62276162,0.0228130807276035,8560,FALSE
Pv2.1_02_14908964_T/G,Chr02,14908964,0.0228116329109858,8561,FALSE
Pv2.1_01_5619921_A/G,Chr01,5619921,0.022807069415181,8562,FALSE
Pv2.1_03_7674539_G/T,Chr03,7674539,0.0228063408976782,8563,FALSE
Pv2.1_11_49492573_G/A,Chr11,49492573,0.0228060299844106,8564,FALSE
Pv2.1_07_37015566_G/A,Chr07,37015566,0.0228059463757186,8565,FALSE
Pv2.1_03_53035469_A/T,Chr03,53035469,0.0228027608562877,8566,FALSE
Pv2.1_03_53035475_T/C,Chr03,53035475,0.0228027608562877,8567,FALSE
Pv2.1_03_53035482_C/G,Chr03,53035482,0.0228027608562877,8568,FALSE
Pv2.1_11_470211_C/G,Chr11,470211,0.0227974757177964,8569,FALSE
Pv2.1_07_39201998_A/AT,Chr07,39201998,0.0227947744820174,8570,FALSE
Pv2.1_07_37473347_C/G,Chr07,37473347,0.0227897080399373,8571,FALSE
Pv2.1_10_41922443_C/T,Chr10,41922443,0.0227877425432821,8572,FALSE
Pv2.1_11_5178006_A/T,Chr11,5178006,0.0227835367979932,8573,FALSE
Pv2.1_08_4613338_C/T,Chr08,4613338,0.0227826712845336,8574,FALSE
Pv2.1_07_7076449_G/A,Chr07,7076449,0.0227757079734925,8575,FALSE
Pv2.1_07_7076515_T/C,Chr07,7076515,0.0227757079734925,8576,FALSE
Pv2.1_01_46476557_AT/A,Chr01,46476557,0.0227728553830344,8577,FALSE
Pv2.1_01_46476617_T/A,Chr01,46476617,0.0227728553830344,8578,FALSE
Pv2.1_01_3370918_C/G,Chr01,3370918,0.022772703337905,8579,FALSE
Pv2.1_05_38217491_A/T,Chr05,38217491,0.0227723280574264,8580,FALSE
Pv2.1_05_38217495_A/C,Chr05,38217495,0.0227723280574264,8581,FALSE
Pv2.1_08_63019035_C/G,Chr08,63019035,0.0227706620295236,8582,FALSE
Pv2.1_06_19235311_C/T,Chr06,19235311,0.0227690178287205,8583,FALSE
Pv2.1_11_3195200_C/T,Chr11,3195200,0.0227679945241324,8584,FALSE
Pv2.1_09_19579256_C/T,Chr09,19579256,0.0227622907339509,8585,FALSE
Pv2.1_07_3505855_A/G,Chr07,3505855,0.0227609282065786,8586,FALSE
Pv2.1_11_49890774_A/G,Chr11,49890774,0.0227605649189462,8587,FALSE
Pv2.1_01_51065756_A/G,Chr01,51065756,0.0227586688965826,8588,FALSE
Pv2.1_09_381397_C/A,Chr09,381397,0.0227585027588595,8589,FALSE
Pv2.1_06_24233467_T/A,Chr06,24233467,0.0227559608350192,8590,FALSE
Pv2.1_11_49884640_C/T,Chr11,49884640,0.0227539655727704,8591,FALSE
Pv2.1_03_8261254_T/C,Chr03,8261254,0.0227464671962503,8592,FALSE
Pv2.1_10_40936076_G/A,Chr10,40936076,0.0227443979502557,8593,FALSE
Pv2.1_11_50437173_C/T,Chr11,50437173,0.0227427423487505,8594,FALSE
Pv2.1_11_562408_G/T,Chr11,562408,0.0227405822542059,8595,FALSE
Pv2.1_06_6863586_A/C,Chr06,6863586,0.0227389695308453,8596,FALSE
Pv2.1_04_46263230_G/A,Chr04,46263230,0.022738732403234,8597,FALSE
Pv2.1_03_53066812_C/T,Chr03,53066812,0.0227379884278616,8598,FALSE
Pv2.1_07_1970334_G/C,Chr07,1970334,0.0227337647699351,8599,FALSE
Pv2.1_02_44976350_T/G,Chr02,44976350,0.0227317760425909,8600,FALSE
Pv2.1_06_14106812_C/T,Chr06,14106812,0.0227313654966825,8601,FALSE
Pv2.1_02_49620691_T/C,Chr02,49620691,0.0227310935420175,8602,FALSE
Pv2.1_07_10902705_A/AAGGTAT,Chr07,10902705,0.0227281722262003,8603,FALSE
Pv2.1_01_51343809_G/T,Chr01,51343809,0.0227277738963116,8604,FALSE
Pv2.1_02_11491538_C/T,Chr02,11491538,0.0227267993233333,8605,FALSE
Pv2.1_01_2062060_T/G,Chr01,2062060,0.0227243053561064,8606,FALSE
Pv2.1_11_52609864_A/C,Chr11,52609864,0.0227150815112251,8607,FALSE
Pv2.1_10_39979197_G/A,Chr10,39979197,0.0227136699915227,8608,FALSE
Pv2.1_10_39979238_G/A,Chr10,39979238,0.0227136699915227,8609,FALSE
Pv2.1_06_18407345_T/C,Chr06,18407345,0.0227113663213605,8610,FALSE
Pv2.1_04_46571349_T/C,Chr04,46571349,0.022707124016506,8611,FALSE
Pv2.1_07_9356117_G/A,Chr07,9356117,0.022705676120875,8612,FALSE
Pv2.1_09_37808945_C/T,Chr09,37808945,0.0227038119139991,8613,FALSE
Pv2.1_08_3106373_C/A,Chr08,3106373,0.0227034890960587,8614,FALSE
Pv2.1_11_52609842_A/T,Chr11,52609842,0.0227034530167556,8615,FALSE
Pv2.1_02_48687716_A/G,Chr02,48687716,0.0227025848822615,8616,FALSE
Pv2.1_06_28137926_T/G,Chr06,28137926,0.0227014387013709,8617,FALSE
Pv2.1_05_1992298_C/T,Chr05,1992298,0.0227014204694926,8618,FALSE
Pv2.1_06_19446553_C/G,Chr06,19446553,0.0226990588802201,8619,FALSE
Pv2.1_05_11311444_AAG/CAA,Chr05,11311444,0.022697495990696,8620,FALSE
Pv2.1_07_3557956_A/T,Chr07,3557956,0.0226961573356479,8621,FALSE
Pv2.1_06_21229655_T/C,Chr06,21229655,0.0226960473226443,8622,FALSE
Pv2.1_03_2938521_T/C,Chr03,2938521,0.0226946617505104,8623,FALSE
Pv2.1_11_2859357_A/G,Chr11,2859357,0.0226922791692785,8624,FALSE
Pv2.1_07_36710096_G/A,Chr07,36710096,0.0226921774256845,8625,FALSE
Pv2.1_07_36731811_C/G,Chr07,36731811,0.0226921774256845,8626,FALSE
Pv2.1_04_45673322_G/T,Chr04,45673322,0.0226819340769615,8627,FALSE
Pv2.1_04_119984_TA/T,Chr04,119984,0.0226803631000196,8628,FALSE
Pv2.1_09_37914327_C/G,Chr09,37914327,0.0226801112411406,8629,FALSE
Pv2.1_06_31022598_G/C,Chr06,31022598,0.0226798706579556,8630,FALSE
Pv2.1_09_38099936_C/A,Chr09,38099936,0.0226789399789107,8631,FALSE
Pv2.1_03_30623856_T/C,Chr03,30623856,0.0226763979574427,8632,FALSE
Pv2.1_10_4830096_G/A,Chr10,4830096,0.022674598094333,8633,FALSE
Pv2.1_03_53059251_T/C,Chr03,53059251,0.0226726860203432,8634,FALSE
Pv2.1_09_38191023_C/G,Chr09,38191023,0.0226717326864967,8635,FALSE
Pv2.1_03_1302821_C/A,Chr03,1302821,0.0226699983851884,8636,FALSE
Pv2.1_06_138005_T/C,Chr06,138005,0.0226685898117616,8637,FALSE
Pv2.1_01_3198652_A/C,Chr01,3198652,0.0226643227613006,8638,FALSE
Pv2.1_06_19125800_C/G,Chr06,19125800,0.0226613912508835,8639,FALSE
Pv2.1_08_62891907_A/G,Chr08,62891907,0.0226601882013093,8640,FALSE
Pv2.1_06_18783209_AGAGC/A,Chr06,18783209,0.0226585189077539,8641,FALSE
Pv2.1_06_28022533_T/A,Chr06,28022533,0.0226558743638279,8642,FALSE
Pv2.1_06_25366195_A/G,Chr06,25366195,0.0226537764807802,8643,FALSE
Pv2.1_02_581241_C/T,Chr02,581241,0.0226524857104908,8644,FALSE
Pv2.1_02_504284_A/G,Chr02,504284,0.022652361281911,8645,FALSE
Pv2.1_02_35455260_G/T,Chr02,35455260,0.022648780230011,8646,FALSE
Pv2.1_08_62582280_G/A,Chr08,62582280,0.0226476936041893,8647,FALSE
Pv2.1_07_23019612_G/A,Chr07,23019612,0.0226476228173302,8648,FALSE
Pv2.1_06_458126_T/C,Chr06,458126,0.0226449272601013,8649,FALSE
Pv2.1_03_10875635_T/C,Chr03,10875635,0.0226447848296312,8650,FALSE
Pv2.1_11_983172_A/T,Chr11,983172,0.0226428395290297,8651,FALSE
Pv2.1_02_48544074_A/T,Chr02,48544074,0.0226421770933825,8652,FALSE
Pv2.1_06_22265290_G/T,Chr06,22265290,0.022631233391071,8653,FALSE
Pv2.1_08_3853338_AAAG/A,Chr08,3853338,0.0226260409140071,8654,FALSE
Pv2.1_08_3853341_G/A,Chr08,3853341,0.0226260409140071,8655,FALSE
Pv2.1_09_24299400_A/G,Chr09,24299400,0.0226216442136504,8656,FALSE
Pv2.1_11_51713937_T/A,Chr11,51713937,0.0226162904875995,8657,FALSE
Pv2.1_06_24104698_G/C,Chr06,24104698,0.0226150803559104,8658,FALSE
Pv2.1_10_7249927_A/T,Chr10,7249927,0.0226135098437812,8659,FALSE
Pv2.1_03_8119146_G/A,Chr03,8119146,0.0226069523125387,8660,FALSE
Pv2.1_03_8119148_G/A,Chr03,8119148,0.0226069523125387,8661,FALSE
Pv2.1_03_8119152_A/G,Chr03,8119152,0.0226069523125387,8662,FALSE
Pv2.1_08_13361119_A/G,Chr08,13361119,0.0226042457385116,8663,FALSE
Pv2.1_02_17749691_A/T,Chr02,17749691,0.0226012531048925,8664,FALSE
Pv2.1_03_9319138_A/G,Chr03,9319138,0.0226011736047003,8665,FALSE
Pv2.1_04_42549821_G/A,Chr04,42549821,0.022600755802145,8666,FALSE
Pv2.1_06_25329881_A/G,Chr06,25329881,0.0225987854019527,8667,FALSE
Pv2.1_01_41173778_T/G,Chr01,41173778,0.0225971234624685,8668,FALSE
Pv2.1_11_4719098_A/T,Chr11,4719098,0.0225962168024632,8669,FALSE
Pv2.1_08_61225455_CT/C,Chr08,61225455,0.0225924973039011,8670,FALSE
Pv2.1_03_45722495_AT/A,Chr03,45722495,0.0225886575732823,8671,FALSE
Pv2.1_06_25753620_T/C,Chr06,25753620,0.0225855939632824,8672,FALSE
Pv2.1_06_5988565_C/T,Chr06,5988565,0.0225852159238937,8673,FALSE
Pv2.1_06_28022524_A/G,Chr06,28022524,0.022582905263425,8674,FALSE
Pv2.1_08_871986_T/A,Chr08,871986,0.0225828590337387,8675,FALSE
Pv2.1_08_4386572_C/T,Chr08,4386572,0.0225769496895745,8676,FALSE
Pv2.1_05_11792657_G/GATC,Chr05,11792657,0.0225748373669226,8677,FALSE
Pv2.1_07_23019664_C/T,Chr07,23019664,0.0225695244045898,8678,FALSE
Pv2.1_07_23019668_A/G,Chr07,23019668,0.0225695244045898,8679,FALSE
Pv2.1_06_26507214_G/A,Chr06,26507214,0.0225675837526724,8680,FALSE
Pv2.1_07_39574738_C/T,Chr07,39574738,0.022566452486704,8681,FALSE
Pv2.1_03_40366538_C/T,Chr03,40366538,0.0225663311248785,8682,FALSE
Pv2.1_11_52750051_T/C,Chr11,52750051,0.0225629812075505,8683,FALSE
Pv2.1_03_53035542_C/G,Chr03,53035542,0.0225627161756847,8684,FALSE
Pv2.1_03_53035548_T/A,Chr03,53035548,0.0225627161756847,8685,FALSE
Pv2.1_03_53035551_G/A,Chr03,53035551,0.0225627161756847,8686,FALSE
Pv2.1_03_53035558_A/G,Chr03,53035558,0.0225627161756847,8687,FALSE
Pv2.1_07_39812505_G/A,Chr07,39812505,0.0225612143256053,8688,FALSE
Pv2.1_09_29110977_CA/C,Chr09,29110977,0.0225602600653554,8689,FALSE
Pv2.1_10_42270330_C/T,Chr10,42270330,0.0225550692593819,8690,FALSE
Pv2.1_04_46303435_T/A,Chr04,46303435,0.0225539243666044,8691,FALSE
Pv2.1_06_21970177_T/C,Chr06,21970177,0.0225532428984434,8692,FALSE
Pv2.1_01_5619923_A/G,Chr01,5619923,0.022550234232348,8693,FALSE
Pv2.1_06_22024190_A/G,Chr06,22024190,0.022546901526177,8694,FALSE
Pv2.1_04_2409449_C/T,Chr04,2409449,0.022544839718821,8695,FALSE
Pv2.1_09_28879433_T/A,Chr09,28879433,0.0225443633660332,8696,FALSE
Pv2.1_11_16894977_G/C,Chr11,16894977,0.0225438709884829,8697,FALSE
Pv2.1_08_61879985_A/T,Chr08,61879985,0.0225424670342607,8698,FALSE
Pv2.1_01_1193823_A/G,Chr01,1193823,0.0225419073485988,8699,FALSE
Pv2.1_11_2930527_A/T,Chr11,2930527,0.0225392344501443,8700,FALSE
Pv2.1_11_31980597_G/A,Chr11,31980597,0.0225334048944124,8701,FALSE
Pv2.1_06_23405211_C/T,Chr06,23405211,0.0225326269695922,8702,FALSE
Pv2.1_08_1535110_G/T,Chr08,1535110,0.022531820574843,8703,FALSE
Pv2.1_01_51076758_C/T,Chr01,51076758,0.0225284339333771,8704,FALSE
Pv2.1_11_53253140_C/T,Chr11,53253140,0.022526367636718,8705,FALSE
Pv2.1_09_36161378_G/C,Chr09,36161378,0.0225215063543902,8706,FALSE
Pv2.1_08_63018266_G/A,Chr08,63018266,0.0225169893041026,8707,FALSE
Pv2.1_09_14962935_G/T,Chr09,14962935,0.0225143676155808,8708,FALSE
Pv2.1_08_3810020_T/A,Chr08,3810020,0.022514215841527,8709,FALSE
Pv2.1_04_145449_A/G,Chr04,145449,0.0225092761190813,8710,FALSE
Pv2.1_06_16795420_ATTTT/A,Chr06,16795420,0.0225080117961807,8711,FALSE
Pv2.1_08_62082912_T/C,Chr08,62082912,0.022503843148495,8712,FALSE
Pv2.1_11_53446361_T/C,Chr11,53446361,0.0225025136295964,8713,FALSE
Pv2.1_08_61341555_A/T,Chr08,61341555,0.0225023032096372,8714,FALSE
Pv2.1_06_23708818_C/G,Chr06,23708818,0.0225018405823696,8715,FALSE
Pv2.1_09_22535029_A/C,Chr09,22535029,0.022501596877631,8716,FALSE
Pv2.1_11_41623915_C/T,Chr11,41623915,0.0224976058587805,8717,FALSE
Pv2.1_09_35989929_C/A,Chr09,35989929,0.0224954343286936,8718,FALSE
Pv2.1_03_39274973_T/C,Chr03,39274973,0.022493541282719,8719,FALSE
Pv2.1_06_7025578_C/T,Chr06,7025578,0.0224918198834714,8720,FALSE
Pv2.1_10_6828898_A/T,Chr10,6828898,0.022490305746802,8721,FALSE
Pv2.1_11_1562014_G/A,Chr11,1562014,0.0224897539745266,8722,FALSE
Pv2.1_02_33626572_A/C,Chr02,33626572,0.022489527092691,8723,FALSE
Pv2.1_01_1500802_T/TA,Chr01,1500802,0.0224879587541693,8724,FALSE
Pv2.1_06_22592371_G/T,Chr06,22592371,0.0224877430417965,8725,FALSE
Pv2.1_07_37122850_ATAAC/A,Chr07,37122850,0.0224874988983128,8726,FALSE
Pv2.1_06_24104681_A/G,Chr06,24104681,0.0224862855972683,8727,FALSE
Pv2.1_06_24104690_A/G,Chr06,24104690,0.0224862855972683,8728,FALSE
Pv2.1_06_19210167_A/T,Chr06,19210167,0.0224826436403962,8729,FALSE
Pv2.1_10_23955588_G/A,Chr10,23955588,0.0224822545957442,8730,FALSE
Pv2.1_02_44838471_A/C,Chr02,44838471,0.0224797211948182,8731,FALSE
Pv2.1_11_53487705_A/T,Chr11,53487705,0.022477847019398,8732,FALSE
Pv2.1_08_45849547_G/T,Chr08,45849547,0.0224734522599674,8733,FALSE
Pv2.1_09_381403_A/G,Chr09,381403,0.0224715729308684,8734,FALSE
Pv2.1_03_49650856_A/T,Chr03,49650856,0.0224708291291997,8735,FALSE
Pv2.1_11_1276300_G/C,Chr11,1276300,0.0224694436128905,8736,FALSE
Pv2.1_03_10758715_T/G,Chr03,10758715,0.0224693190051313,8737,FALSE
Pv2.1_11_1566252_G/A,Chr11,1566252,0.0224674211587668,8738,FALSE
Pv2.1_09_10457126_G/T,Chr09,10457126,0.0224634557869559,8739,FALSE
Pv2.1_10_2954155_C/T,Chr10,2954155,0.0224625295052534,8740,FALSE
Pv2.1_11_3195245_A/G,Chr11,3195245,0.0224601035892986,8741,FALSE
Pv2.1_07_563124_A/C,Chr07,563124,0.0224540110715203,8742,FALSE
Pv2.1_09_13933836_G/A,Chr09,13933836,0.0224533458552014,8743,FALSE
Pv2.1_09_29983151_A/G,Chr09,29983151,0.0224525544201097,8744,FALSE
Pv2.1_04_47230964_G/A,Chr04,47230964,0.0224520481947459,8745,FALSE
Pv2.1_07_3524988_C/G,Chr07,3524988,0.0224515300877903,8746,FALSE
Pv2.1_07_3525020_G/A,Chr07,3525020,0.0224515300877903,8747,FALSE
Pv2.1_07_4564529_A/T,Chr07,4564529,0.02244672349681,8748,FALSE
Pv2.1_08_5167278_T/C,Chr08,5167278,0.022442333359705,8749,FALSE
Pv2.1_06_21554891_T/C,Chr06,21554891,0.0224421011519027,8750,FALSE
Pv2.1_01_49363070_A/T,Chr01,49363070,0.0224363664508775,8751,FALSE
Pv2.1_11_470189_C/T,Chr11,470189,0.0224324255638173,8752,FALSE
Pv2.1_09_28252271_C/T,Chr09,28252271,0.0224321786641544,8753,FALSE
Pv2.1_11_50774599_C/G,Chr11,50774599,0.0224307162471691,8754,FALSE
Pv2.1_06_19125871_C/T,Chr06,19125871,0.0224299072365648,8755,FALSE
Pv2.1_09_28322890_A/T,Chr09,28322890,0.0224279973980002,8756,FALSE
Pv2.1_06_21637619_T/C,Chr06,21637619,0.0224263390409525,8757,FALSE
Pv2.1_07_1312474_C/T,Chr07,1312474,0.0224259003560374,8758,FALSE
Pv2.1_10_43229349_G/T,Chr10,43229349,0.0224258298842117,8759,FALSE
Pv2.1_11_53379179_G/A,Chr11,53379179,0.0224243857682342,8760,FALSE
Pv2.1_07_9296340_C/T,Chr07,9296340,0.0224224119125651,8761,FALSE
Pv2.1_10_6827137_A/T,Chr10,6827137,0.0224219236477876,8762,FALSE
Pv2.1_08_20903545_T/C,Chr08,20903545,0.0224202257428257,8763,FALSE
Pv2.1_03_53146798_T/A,Chr03,53146798,0.0224192587747041,8764,FALSE
Pv2.1_09_14556261_G/A,Chr09,14556261,0.0224176776886189,8765,FALSE
Pv2.1_09_14556291_T/G,Chr09,14556291,0.0224176776886189,8766,FALSE
Pv2.1_04_120066_A/C,Chr04,120066,0.0224175309410661,8767,FALSE
Pv2.1_11_2383205_C/T,Chr11,2383205,0.0224114450404223,8768,FALSE
Pv2.1_05_38272179_A/G,Chr05,38272179,0.0224109801158732,8769,FALSE
Pv2.1_06_27547567_A/T,Chr06,27547567,0.0224072974779039,8770,FALSE
Pv2.1_06_30850098_T/C,Chr06,30850098,0.0224018787969476,8771,FALSE
Pv2.1_07_38079928_T/C,Chr07,38079928,0.0223993172241217,8772,FALSE
Pv2.1_01_16003343_C/G,Chr01,16003343,0.0223873088752899,8773,FALSE
Pv2.1_08_11498003_A/C,Chr08,11498003,0.0223868384534214,8774,FALSE
Pv2.1_01_445847_C/T,Chr01,445847,0.0223836606789281,8775,FALSE
Pv2.1_01_445857_C/T,Chr01,445857,0.0223836606789281,8776,FALSE
Pv2.1_02_46424089_C/CT,Chr02,46424089,0.0223834119359752,8777,FALSE
Pv2.1_11_49064927_G/A,Chr11,49064927,0.0223821844365677,8778,FALSE
Pv2.1_06_18437480_G/A,Chr06,18437480,0.022382109802956,8779,FALSE
Pv2.1_10_43597348_G/A,Chr10,43597348,0.0223791954632389,8780,FALSE
Pv2.1_10_44067565_T/G,Chr10,44067565,0.0223761705398542,8781,FALSE
Pv2.1_06_22450036_C/T,Chr06,22450036,0.0223759062881221,8782,FALSE
Pv2.1_06_22450037_A/C,Chr06,22450037,0.0223759062881221,8783,FALSE
Pv2.1_05_4930107_C/T,Chr05,4930107,0.0223746517590766,8784,FALSE
Pv2.1_08_62851838_A/T,Chr08,62851838,0.0223677057635743,8785,FALSE
Pv2.1_08_62851854_C/T,Chr08,62851854,0.0223677057635743,8786,FALSE
Pv2.1_04_170293_C/T,Chr04,170293,0.0223644025945462,8787,FALSE
Pv2.1_08_62807919_G/A,Chr08,62807919,0.0223611602411844,8788,FALSE
Pv2.1_08_62906226_G/A,Chr08,62906226,0.0223600279503553,8789,FALSE
Pv2.1_08_62906244_G/T,Chr08,62906244,0.0223600279503553,8790,FALSE
Pv2.1_08_36119581_A/G,Chr08,36119581,0.0223582324249687,8791,FALSE
Pv2.1_07_594227_A/C,Chr07,594227,0.0223571187715668,8792,FALSE
Pv2.1_02_7838252_C/G,Chr02,7838252,0.0223552193310121,8793,FALSE
Pv2.1_11_1555456_C/T,Chr11,1555456,0.0223531692893442,8794,FALSE
Pv2.1_02_33432574_C/T,Chr02,33432574,0.0223501721334252,8795,FALSE
Pv2.1_01_6607432_A/T,Chr01,6607432,0.0223485119901361,8796,FALSE
Pv2.1_08_60152196_T/C,Chr08,60152196,0.0223459308329605,8797,FALSE
Pv2.1_08_52720258_AGTGCAT/A,Chr08,52720258,0.0223454268737231,8798,FALSE
Pv2.1_05_26097424_G/C,Chr05,26097424,0.0223436301363891,8799,FALSE
Pv2.1_09_12105403_A/G,Chr09,12105403,0.022343488238926,8800,FALSE
Pv2.1_06_25004088_T/C,Chr06,25004088,0.0223404673278078,8801,FALSE
Pv2.1_04_43652538_T/A,Chr04,43652538,0.022339550380408,8802,FALSE
Pv2.1_08_61403168_C/CAA,Chr08,61403168,0.0223375602986371,8803,FALSE
Pv2.1_01_2613467_C/G,Chr01,2613467,0.0223363362386482,8804,FALSE
Pv2.1_08_60726821_C/T,Chr08,60726821,0.0223327858628815,8805,FALSE
Pv2.1_03_36379533_A/T,Chr03,36379533,0.0223315617906468,8806,FALSE
Pv2.1_07_410231_C/T,Chr07,410231,0.0223309258284035,8807,FALSE
Pv2.1_01_51235800_C/T,Chr01,51235800,0.0223293721854523,8808,FALSE
Pv2.1_01_51281726_A/G,Chr01,51281726,0.0223293721854523,8809,FALSE
Pv2.1_07_28532714_T/G,Chr07,28532714,0.0223281744642181,8810,FALSE
Pv2.1_08_60211652_A/T,Chr08,60211652,0.0223275527628899,8811,FALSE
Pv2.1_06_28241345_C/A,Chr06,28241345,0.0223269020067645,8812,FALSE
Pv2.1_07_9358886_G/A,Chr07,9358886,0.0223253172914193,8813,FALSE
Pv2.1_03_1166130_A/G,Chr03,1166130,0.0223211347942427,8814,FALSE
Pv2.1_08_814846_T/A,Chr08,814846,0.0223200672282475,8815,FALSE
Pv2.1_08_282884_A/ACTGG,Chr08,282884,0.0223170049770123,8816,FALSE
Pv2.1_11_2084298_T/C,Chr11,2084298,0.0223161581842755,8817,FALSE
Pv2.1_09_12158180_G/A,Chr09,12158180,0.0223116952167075,8818,FALSE
Pv2.1_06_25687822_A/T,Chr06,25687822,0.0223103440761099,8819,FALSE
Pv2.1_11_49164962_C/A,Chr11,49164962,0.0223091508023883,8820,FALSE
Pv2.1_11_41525381_C/T,Chr11,41525381,0.022306164756186,8821,FALSE
Pv2.1_09_22533951_A/G,Chr09,22533951,0.0223057379187548,8822,FALSE
Pv2.1_09_22533961_C/G,Chr09,22533961,0.0223057379187548,8823,FALSE
Pv2.1_07_9355796_C/A,Chr07,9355796,0.0222973019707324,8824,FALSE
Pv2.1_06_24241246_A/G,Chr06,24241246,0.022295266941617,8825,FALSE
Pv2.1_11_28732375_C/A,Chr11,28732375,0.0222949727843367,8826,FALSE
Pv2.1_08_62778953_G/C,Chr08,62778953,0.0222944686697986,8827,FALSE
Pv2.1_05_21301012_T/C,Chr05,21301012,0.0222937610415777,8828,FALSE
Pv2.1_08_14663401_A/G,Chr08,14663401,0.0222926944019695,8829,FALSE
Pv2.1_06_27784226_C/T,Chr06,27784226,0.0222895755999666,8830,FALSE
Pv2.1_03_548733_C/G,Chr03,548733,0.0222881732858893,8831,FALSE
Pv2.1_10_38132295_A/G,Chr10,38132295,0.0222880171214599,8832,FALSE
Pv2.1_02_386975_A/G,Chr02,386975,0.0222838868474229,8833,FALSE
Pv2.1_01_49273438_G/A,Chr01,49273438,0.0222803714750062,8834,FALSE
Pv2.1_03_49685627_C/T,Chr03,49685627,0.0222798796819088,8835,FALSE
Pv2.1_03_10297623_G/A,Chr03,10297623,0.0222763263590231,8836,FALSE
Pv2.1_08_58831631_A/G,Chr08,58831631,0.0222712202160418,8837,FALSE
Pv2.1_11_50576274_A/T,Chr11,50576274,0.0222699641488324,8838,FALSE
Pv2.1_07_1148853_T/C,Chr07,1148853,0.0222651496823345,8839,FALSE
Pv2.1_09_37560549_G/T,Chr09,37560549,0.0222627911958919,8840,FALSE
Pv2.1_05_11993304_G/T,Chr05,11993304,0.0222611522174727,8841,FALSE
Pv2.1_08_62952477_CT/C,Chr08,62952477,0.0222568185168375,8842,FALSE
Pv2.1_06_19446565_G/A,Chr06,19446565,0.0222554324207565,8843,FALSE
Pv2.1_04_528451_T/G,Chr04,528451,0.0222551877217394,8844,FALSE
Pv2.1_08_1578911_G/A,Chr08,1578911,0.0222541361061124,8845,FALSE
Pv2.1_06_19095280_G/T,Chr06,19095280,0.0222533788809538,8846,FALSE
Pv2.1_02_47718228_A/G,Chr02,47718228,0.0222531676145974,8847,FALSE
Pv2.1_06_18783182_T/A,Chr06,18783182,0.022252768868932,8848,FALSE
Pv2.1_01_51325867_A/G,Chr01,51325867,0.0222523177110578,8849,FALSE
Pv2.1_01_51325891_C/G,Chr01,51325891,0.0222523177110578,8850,FALSE
Pv2.1_02_34769230_G/A,Chr02,34769230,0.0222490539239733,8851,FALSE
Pv2.1_03_36395482_A/G,Chr03,36395482,0.0222463267439115,8852,FALSE
Pv2.1_03_36395510_C/T,Chr03,36395510,0.0222463267439115,8853,FALSE
Pv2.1_08_1227007_C/G,Chr08,1227007,0.0222337434573543,8854,FALSE
Pv2.1_08_1227011_G/A,Chr08,1227011,0.0222337434573543,8855,FALSE
Pv2.1_08_61901101_A/ATT,Chr08,61901101,0.0222332717471145,8856,FALSE
Pv2.1_02_35455667_CA/C,Chr02,35455667,0.0222298247986434,8857,FALSE
Pv2.1_03_12072360_AG/A,Chr03,12072360,0.0222293765488852,8858,FALSE
Pv2.1_01_49276084_T/C,Chr01,49276084,0.0222236174960582,8859,FALSE
Pv2.1_06_15462980_T/A,Chr06,15462980,0.0222214593855057,8860,FALSE
Pv2.1_01_51305521_GC/G,Chr01,51305521,0.022220367048063,8861,FALSE
Pv2.1_09_13747588_G/A,Chr09,13747588,0.0222202575891903,8862,FALSE
Pv2.1_01_41889927_AT/A,Chr01,41889927,0.0222197468839287,8863,FALSE
Pv2.1_05_40588613_C/A,Chr05,40588613,0.0222174048906787,8864,FALSE
Pv2.1_11_47315225_G/C,Chr11,47315225,0.0222139765621261,8865,FALSE
Pv2.1_01_960400_A/G,Chr01,960400,0.0222072687905248,8866,FALSE
Pv2.1_04_1835596_AAGAT/A,Chr04,1835596,0.0222031298162975,8867,FALSE
Pv2.1_06_15606111_T/C,Chr06,15606111,0.0222028273983752,8868,FALSE
Pv2.1_08_60658599_T/TA,Chr08,60658599,0.0222017862783428,8869,FALSE
Pv2.1_01_901902_G/C,Chr01,901902,0.0221989603418513,8870,FALSE
Pv2.1_05_39024626_T/G,Chr05,39024626,0.0221858670879924,8871,FALSE
Pv2.1_05_39024636_A/G,Chr05,39024636,0.0221858670879924,8872,FALSE
Pv2.1_06_6863560_G/T,Chr06,6863560,0.0221845620585048,8873,FALSE
Pv2.1_06_17273125_A/T,Chr06,17273125,0.0221822209707367,8874,FALSE
Pv2.1_06_19235244_CT/C,Chr06,19235244,0.0221808292408072,8875,FALSE
Pv2.1_06_18778836_T/A,Chr06,18778836,0.0221805972919245,8876,FALSE
Pv2.1_06_22989574_A/T,Chr06,22989574,0.0221802388338852,8877,FALSE
Pv2.1_02_584655_T/A,Chr02,584655,0.0221783713869206,8878,FALSE
Pv2.1_02_13399810_T/TA,Chr02,13399810,0.0221777762946518,8879,FALSE
Pv2.1_06_25448879_G/A,Chr06,25448879,0.0221734709530326,8880,FALSE
Pv2.1_08_62778894_G/GA,Chr08,62778894,0.022172193046345,8881,FALSE
Pv2.1_02_39761154_G/T,Chr02,39761154,0.0221647840798216,8882,FALSE
Pv2.1_09_36804490_C/T,Chr09,36804490,0.0221611423966364,8883,FALSE
Pv2.1_09_36804491_A/T,Chr09,36804491,0.0221611423966364,8884,FALSE
Pv2.1_04_448594_G/A,Chr04,448594,0.0221605989822598,8885,FALSE
Pv2.1_07_8310786_C/A,Chr07,8310786,0.0221596607519663,8886,FALSE
Pv2.1_03_34376454_T/A,Chr03,34376454,0.0221590668165512,8887,FALSE
Pv2.1_08_61397416_G/T,Chr08,61397416,0.022157246114018,8888,FALSE
Pv2.1_06_19334906_G/GAGAAGC,Chr06,19334906,0.0221565913833222,8889,FALSE
Pv2.1_01_51135747_T/G,Chr01,51135747,0.0221562381094951,8890,FALSE
Pv2.1_03_11992774_A/C,Chr03,11992774,0.0221556411243031,8891,FALSE
Pv2.1_06_10529173_T/C,Chr06,10529173,0.0221535313583057,8892,FALSE
Pv2.1_03_51849370_C/T,Chr03,51849370,0.0221534530109389,8893,FALSE
Pv2.1_02_37614378_A/T,Chr02,37614378,0.022151091507149,8894,FALSE
Pv2.1_11_14261633_T/C,Chr11,14261633,0.0221488064920461,8895,FALSE
Pv2.1_01_1220813_GT/G,Chr01,1220813,0.0221459539109885,8896,FALSE
Pv2.1_06_27815505_A/C,Chr06,27815505,0.0221458953110729,8897,FALSE
Pv2.1_08_7377355_C/A,Chr08,7377355,0.0221422143371126,8898,FALSE
Pv2.1_08_61525829_C/G,Chr08,61525829,0.0221374889657384,8899,FALSE
Pv2.1_03_32742986_A/T,Chr03,32742986,0.0221360666596548,8900,FALSE
Pv2.1_03_7921761_C/T,Chr03,7921761,0.0221347674051731,8901,FALSE
Pv2.1_01_48611840_C/A,Chr01,48611840,0.0221311252963843,8902,FALSE
Pv2.1_04_42600_A/G,Chr04,42600,0.0221307459903364,8903,FALSE
Pv2.1_09_14060527_AT/A,Chr09,14060527,0.0221299240947106,8904,FALSE
Pv2.1_09_36079859_A/G,Chr09,36079859,0.0221294098432634,8905,FALSE
Pv2.1_06_18987488_A/C,Chr06,18987488,0.0221293757467711,8906,FALSE
Pv2.1_06_7858972_A/T,Chr06,7858972,0.0221197392255208,8907,FALSE
Pv2.1_06_28241366_A/G,Chr06,28241366,0.0221174628244811,8908,FALSE
Pv2.1_08_60362393_A/G,Chr08,60362393,0.022116699344692,8909,FALSE
Pv2.1_04_146665_A/T,Chr04,146665,0.022115961638129,8910,FALSE
Pv2.1_06_5746901_T/A,Chr06,5746901,0.0221150046252419,8911,FALSE
Pv2.1_02_47491615_A/T,Chr02,47491615,0.0221140189763269,8912,FALSE
Pv2.1_06_4211300_G/T,Chr06,4211300,0.0221124406877866,8913,FALSE
Pv2.1_01_6429837_G/T,Chr01,6429837,0.0221113910632829,8914,FALSE
Pv2.1_06_21206826_A/T,Chr06,21206826,0.0221095590739644,8915,FALSE
Pv2.1_01_3057634_T/C,Chr01,3057634,0.0221079458352853,8916,FALSE
Pv2.1_10_5915873_A/C,Chr10,5915873,0.0221054598117996,8917,FALSE
Pv2.1_09_28252973_G/A,Chr09,28252973,0.0221050368749243,8918,FALSE
Pv2.1_05_39245666_A/G,Chr05,39245666,0.0221037713522367,8919,FALSE
Pv2.1_06_27577657_T/G,Chr06,27577657,0.0221013941807962,8920,FALSE
Pv2.1_06_27577674_T/C,Chr06,27577674,0.0221013941807962,8921,FALSE
Pv2.1_06_25753616_C/T,Chr06,25753616,0.0221003099781028,8922,FALSE
Pv2.1_01_3737813_G/GA,Chr01,3737813,0.0220990367056109,8923,FALSE
Pv2.1_08_62807553_G/A,Chr08,62807553,0.0220975107990471,8924,FALSE
Pv2.1_11_48373556_A/AC,Chr11,48373556,0.0220889531146424,8925,FALSE
Pv2.1_02_3061949_T/A,Chr02,3061949,0.0220883786476613,8926,FALSE
Pv2.1_04_46540397_C/T,Chr04,46540397,0.0220834128323029,8927,FALSE
Pv2.1_07_35753019_A/G,Chr07,35753019,0.0220807088353481,8928,FALSE
Pv2.1_11_4533251_G/A,Chr11,4533251,0.0220800779728174,8929,FALSE
Pv2.1_03_1519585_A/G,Chr03,1519585,0.0220794421470858,8930,FALSE
Pv2.1_11_49064910_A/G,Chr11,49064910,0.0220766123206588,8931,FALSE
Pv2.1_03_7908214_T/G,Chr03,7908214,0.0220710597248095,8932,FALSE
Pv2.1_08_61838065_T/C,Chr08,61838065,0.0220705891916793,8933,FALSE
Pv2.1_07_21484432_TA/T,Chr07,21484432,0.0220663056973116,8934,FALSE
Pv2.1_03_40571095_C/T,Chr03,40571095,0.022063828314526,8935,FALSE
Pv2.1_03_10945424_T/A,Chr03,10945424,0.0220613026814402,8936,FALSE
Pv2.1_06_17406203_G/A,Chr06,17406203,0.0220581117420116,8937,FALSE
Pv2.1_05_39117556_G/C,Chr05,39117556,0.0220557614803028,8938,FALSE
Pv2.1_11_28732358_T/A,Chr11,28732358,0.0220550188508946,8939,FALSE
Pv2.1_04_45152904_C/A,Chr04,45152904,0.0220543295208597,8940,FALSE
Pv2.1_05_15211323_C/T,Chr05,15211323,0.0220539176623289,8941,FALSE
Pv2.1_06_25448882_C/T,Chr06,25448882,0.0220534863962629,8942,FALSE
Pv2.1_02_40032741_G/GA,Chr02,40032741,0.0220514409754129,8943,FALSE
Pv2.1_03_33612055_G/A,Chr03,33612055,0.0220426720160338,8944,FALSE
Pv2.1_04_2356809_G/A,Chr04,2356809,0.0220420414208755,8945,FALSE
Pv2.1_08_9707525_C/T,Chr08,9707525,0.0220348711566092,8946,FALSE
Pv2.1_03_10608249_C/T,Chr03,10608249,0.0220334535599624,8947,FALSE
Pv2.1_03_49650852_A/T,Chr03,49650852,0.0220331798131146,8948,FALSE
Pv2.1_03_8360284_C/T,Chr03,8360284,0.0220310151470779,8949,FALSE
Pv2.1_02_34087019_A/G,Chr02,34087019,0.0220296148811161,8950,FALSE
Pv2.1_08_10772273_C/T,Chr08,10772273,0.0220280960535466,8951,FALSE
Pv2.1_08_10772305_G/A,Chr08,10772305,0.0220280960535466,8952,FALSE
Pv2.1_08_10772327_A/C,Chr08,10772327,0.0220280960535466,8953,FALSE
Pv2.1_01_1598564_C/T,Chr01,1598564,0.0220259248328962,8954,FALSE
Pv2.1_09_38120907_T/C,Chr09,38120907,0.0220223010839069,8955,FALSE
Pv2.1_04_1317115_G/T,Chr04,1317115,0.0220118087979997,8956,FALSE
Pv2.1_03_7263043_C/A,Chr03,7263043,0.0220102177341825,8957,FALSE
Pv2.1_05_38443831_A/G,Chr05,38443831,0.0220094528918708,8958,FALSE
Pv2.1_04_46263225_G/A,Chr04,46263225,0.0220080518559214,8959,FALSE
Pv2.1_03_33564201_C/T,Chr03,33564201,0.0220016420834037,8960,FALSE
Pv2.1_05_4918253_T/A,Chr05,4918253,0.0220000323864453,8961,FALSE
Pv2.1_07_38481313_A/G,Chr07,38481313,0.0219957327929641,8962,FALSE
Pv2.1_07_38481315_G/A,Chr07,38481315,0.0219957327929641,8963,FALSE
Pv2.1_10_41351284_G/A,Chr10,41351284,0.0219954604061305,8964,FALSE
Pv2.1_02_47364316_TATC/T,Chr02,47364316,0.0219939496120909,8965,FALSE
Pv2.1_08_62588876_T/C,Chr08,62588876,0.0219919938918971,8966,FALSE
Pv2.1_01_2809165_T/G,Chr01,2809165,0.0219904800428798,8967,FALSE
Pv2.1_01_2809169_T/C,Chr01,2809169,0.0219904800428798,8968,FALSE
Pv2.1_08_63037999_T/C,Chr08,63037999,0.0219899473806877,8969,FALSE
Pv2.1_08_63038000_A/G,Chr08,63038000,0.0219899473806877,8970,FALSE
Pv2.1_08_45730925_C/A,Chr08,45730925,0.0219841074191649,8971,FALSE
Pv2.1_08_62934507_T/G,Chr08,62934507,0.021983451829279,8972,FALSE
Pv2.1_03_53030259_C/T,Chr03,53030259,0.0219818551349902,8973,FALSE
Pv2.1_03_53174967_T/A,Chr03,53174967,0.0219817126446413,8974,FALSE
Pv2.1_06_13559190_A/T,Chr06,13559190,0.0219785239970829,8975,FALSE
Pv2.1_11_4527405_C/G,Chr11,4527405,0.021977773549009,8976,FALSE
Pv2.1_06_21812242_A/AT,Chr06,21812242,0.0219762168213489,8977,FALSE
Pv2.1_04_523179_C/T,Chr04,523179,0.0219708365688183,8978,FALSE
Pv2.1_09_14953275_T/C,Chr09,14953275,0.0219701808790731,8979,FALSE
Pv2.1_06_11506738_T/C,Chr06,11506738,0.0219662833153507,8980,FALSE
Pv2.1_02_1553214_GAGCTCT/G,Chr02,1553214,0.0219648276845934,8981,FALSE
Pv2.1_06_21178798_CAAGAAGAGGA/GAAGAAGAGGAAG,Chr06,21178798,0.0219639528407192,8982,FALSE
Pv2.1_04_4083245_G/C,Chr04,4083245,0.0219612609717137,8983,FALSE
Pv2.1_10_41616825_A/G,Chr10,41616825,0.0219588363530869,8984,FALSE
Pv2.1_01_6607453_C/T,Chr01,6607453,0.0219586348703795,8985,FALSE
Pv2.1_08_61206771_C/T,Chr08,61206771,0.0219585819890344,8986,FALSE
Pv2.1_08_1277996_A/AT,Chr08,1277996,0.0219566822349653,8987,FALSE
Pv2.1_01_5641669_G/A,Chr01,5641669,0.0219565471173588,8988,FALSE
Pv2.1_07_3644749_G/T,Chr07,3644749,0.0219498723344258,8989,FALSE
Pv2.1_06_7620142_T/A,Chr06,7620142,0.0219474098996333,8990,FALSE
Pv2.1_07_8259776_T/C,Chr07,8259776,0.0219425583245054,8991,FALSE
Pv2.1_06_1141908_A/G,Chr06,1141908,0.0219419644608205,8992,FALSE
Pv2.1_06_26224527_C/T,Chr06,26224527,0.0219397277850639,8993,FALSE
Pv2.1_11_942062_A/T,Chr11,942062,0.0219366030504293,8994,FALSE
Pv2.1_11_29025890_G/A,Chr11,29025890,0.0219350278009549,8995,FALSE
Pv2.1_03_1471140_C/T,Chr03,1471140,0.0219304347831724,8996,FALSE
Pv2.1_07_39360872_C/A,Chr07,39360872,0.0219268800182313,8997,FALSE
Pv2.1_06_16805624_G/A,Chr06,16805624,0.0219265991550555,8998,FALSE
Pv2.1_04_44460914_A/G,Chr04,44460914,0.0219258703191336,8999,FALSE
Pv2.1_06_14965076_A/C,Chr06,14965076,0.0219240390986117,9000,FALSE
Pv2.1_04_2030555_A/G,Chr04,2030555,0.021923468366615,9001,FALSE
Pv2.1_11_2850597_G/C,Chr11,2850597,0.0219224186039368,9002,FALSE
Pv2.1_10_42752981_C/T,Chr10,42752981,0.0219208189684488,9003,FALSE
Pv2.1_07_37986095_T/A,Chr07,37986095,0.0219205624433716,9004,FALSE
Pv2.1_11_49492597_A/T,Chr11,49492597,0.0219204153928789,9005,FALSE
Pv2.1_01_49271137_T/C,Chr01,49271137,0.0219201661710189,9006,FALSE
Pv2.1_06_19192389_G/C,Chr06,19192389,0.0219192383420914,9007,FALSE
Pv2.1_06_14106853_A/G,Chr06,14106853,0.0219184906746563,9008,FALSE
Pv2.1_10_43984428_T/C,Chr10,43984428,0.0219173173936182,9009,FALSE
Pv2.1_08_60485936_C/A,Chr08,60485936,0.0219101448803345,9010,FALSE
Pv2.1_02_45307362_A/AT,Chr02,45307362,0.0219074525136609,9011,FALSE
Pv2.1_06_19617150_C/A,Chr06,19617150,0.0219029453209152,9012,FALSE
Pv2.1_06_25436273_T/C,Chr06,25436273,0.0219011407738292,9013,FALSE
Pv2.1_08_61034278_G/A,Chr08,61034278,0.0219009870685851,9014,FALSE
Pv2.1_09_36725468_G/T,Chr09,36725468,0.0218998810970241,9015,FALSE
Pv2.1_01_2850943_G/C,Chr01,2850943,0.0218998708554468,9016,FALSE
Pv2.1_09_36725394_T/C,Chr09,36725394,0.0218983489158098,9017,FALSE
Pv2.1_10_42638180_G/GGA,Chr10,42638180,0.0218961931659525,9018,FALSE
Pv2.1_02_561868_T/C,Chr02,561868,0.0218872811943793,9019,FALSE
Pv2.1_02_561872_C/T,Chr02,561872,0.0218872811943793,9020,FALSE
Pv2.1_05_39551686_C/T,Chr05,39551686,0.0218835814947278,9021,FALSE
Pv2.1_08_1501751_C/A,Chr08,1501751,0.0218797923903828,9022,FALSE
Pv2.1_07_9479276_GT/G,Chr07,9479276,0.0218795375684593,9023,FALSE
Pv2.1_06_7557333_A/T,Chr06,7557333,0.0218766768837728,9024,FALSE
Pv2.1_05_27620809_G/C,Chr05,27620809,0.0218756392786497,9025,FALSE
Pv2.1_02_34635732_G/T,Chr02,34635732,0.021875561264451,9026,FALSE
Pv2.1_02_34635733_A/C,Chr02,34635733,0.021875561264451,9027,FALSE
Pv2.1_06_14107038_T/C,Chr06,14107038,0.0218736165782971,9028,FALSE
Pv2.1_05_40403170_GGATTT/G,Chr05,40403170,0.021869279583512,9029,FALSE
Pv2.1_08_61642597_G/A,Chr08,61642597,0.0218692437294212,9030,FALSE
Pv2.1_01_51096146_A/T,Chr01,51096146,0.0218686182484524,9031,FALSE
Pv2.1_03_13675805_A/G,Chr03,13675805,0.0218683947646507,9032,FALSE
Pv2.1_08_62552934_G/A,Chr08,62552934,0.021865800598543,9033,FALSE
Pv2.1_02_47621609_G/T,Chr02,47621609,0.0218594823749649,9034,FALSE
Pv2.1_07_4558241_T/C,Chr07,4558241,0.0218581014425947,9035,FALSE
Pv2.1_08_61338552_C/T,Chr08,61338552,0.0218575572913813,9036,FALSE
Pv2.1_06_25436330_T/C,Chr06,25436330,0.0218566813481287,9037,FALSE
Pv2.1_07_3605153_G/T,Chr07,3605153,0.0218566596465926,9038,FALSE
Pv2.1_07_3605157_G/GCCTA,Chr07,3605157,0.0218566596465926,9039,FALSE
Pv2.1_11_680981_C/T,Chr11,680981,0.0218559882968377,9040,FALSE
Pv2.1_06_2042632_A/T,Chr06,2042632,0.0218495724276342,9041,FALSE
Pv2.1_01_51322621_T/TGAA,Chr01,51322621,0.0218480573745188,9042,FALSE
Pv2.1_06_28228174_G/A,Chr06,28228174,0.0218460353072403,9043,FALSE
Pv2.1_03_526288_G/T,Chr03,526288,0.0218454775243924,9044,FALSE
Pv2.1_07_39870491_T/A,Chr07,39870491,0.0218442756660426,9045,FALSE
Pv2.1_04_448921_C/T,Chr04,448921,0.0218430395607272,9046,FALSE
Pv2.1_01_4193711_A/T,Chr01,4193711,0.0218422288522171,9047,FALSE
Pv2.1_06_22045830_A/C,Chr06,22045830,0.0218405174996494,9048,FALSE
Pv2.1_11_468356_T/C,Chr11,468356,0.021839390133136,9049,FALSE
Pv2.1_11_468367_G/A,Chr11,468367,0.021839390133136,9050,FALSE
Pv2.1_05_410548_A/G,Chr05,410548,0.0218364837147385,9051,FALSE
Pv2.1_03_7726852_G/A,Chr03,7726852,0.0218343387420439,9052,FALSE
Pv2.1_07_14353590_C/T,Chr07,14353590,0.0218331057783465,9053,FALSE
Pv2.1_08_52404428_G/A,Chr08,52404428,0.0218320915856713,9054,FALSE
Pv2.1_04_1322101_G/T,Chr04,1322101,0.0218311095614929,9055,FALSE
Pv2.1_10_42638195_GGGT/G,Chr10,42638195,0.0218298610496532,9056,FALSE
Pv2.1_07_39166109_C/T,Chr07,39166109,0.0218229989049421,9057,FALSE
Pv2.1_06_22450185_T/C,Chr06,22450185,0.0218204094789392,9058,FALSE
Pv2.1_09_15627124_C/T,Chr09,15627124,0.0218192051498982,9059,FALSE
Pv2.1_06_24981054_A/G,Chr06,24981054,0.0218090657697982,9060,FALSE
Pv2.1_06_21634159_A/T,Chr06,21634159,0.0218081156984233,9061,FALSE
Pv2.1_11_53551531_TA/T,Chr11,53551531,0.0218050849040137,9062,FALSE
Pv2.1_01_51029053_T/A,Chr01,51029053,0.0218025163251396,9063,FALSE
Pv2.1_04_42197831_T/C,Chr04,42197831,0.0218024432869979,9064,FALSE
Pv2.1_04_45663952_T/G,Chr04,45663952,0.0218019723738201,9065,FALSE
Pv2.1_07_26686264_T/G,Chr07,26686264,0.0218009638534422,9066,FALSE
Pv2.1_08_61483147_G/T,Chr08,61483147,0.0218008645871164,9067,FALSE
Pv2.1_06_8362538_G/C,Chr06,8362538,0.0218003655559111,9068,FALSE
Pv2.1_06_24935991_C/T,Chr06,24935991,0.0217988172376025,9069,FALSE
Pv2.1_08_62787658_C/T,Chr08,62787658,0.0217981391355933,9070,FALSE
Pv2.1_06_28022575_G/A,Chr06,28022575,0.0217976943291931,9071,FALSE
Pv2.1_06_29294313_A/T,Chr06,29294313,0.0217933336785601,9072,FALSE
Pv2.1_11_4616391_T/C,Chr11,4616391,0.0217930652079748,9073,FALSE
Pv2.1_06_27017801_T/C,Chr06,27017801,0.0217919120095651,9074,FALSE
Pv2.1_11_50571875_G/C,Chr11,50571875,0.0217899877213088,9075,FALSE
Pv2.1_11_50571880_T/G,Chr11,50571880,0.0217899877213088,9076,FALSE
Pv2.1_11_50571895_G/T,Chr11,50571895,0.0217899877213088,9077,FALSE
Pv2.1_02_33460725_G/A,Chr02,33460725,0.0217897781517866,9078,FALSE
Pv2.1_06_14802142_C/T,Chr06,14802142,0.0217862546251726,9079,FALSE
Pv2.1_08_62961852_C/T,Chr08,62961852,0.0217847971692247,9080,FALSE
Pv2.1_11_1276317_A/G,Chr11,1276317,0.0217817568487568,9081,FALSE
Pv2.1_03_53066928_T/A,Chr03,53066928,0.0217792725477803,9082,FALSE
Pv2.1_10_6881026_G/T,Chr10,6881026,0.0217778748636928,9083,FALSE
Pv2.1_09_38191020_G/C,Chr09,38191020,0.0217773504551304,9084,FALSE
Pv2.1_09_36936255_A/G,Chr09,36936255,0.0217736228630518,9085,FALSE
Pv2.1_10_24039083_C/G,Chr10,24039083,0.0217705592603479,9086,FALSE
Pv2.1_03_51422685_C/A,Chr03,51422685,0.0217694564843689,9087,FALSE
Pv2.1_09_23322833_T/C,Chr09,23322833,0.021768312823542,9088,FALSE
Pv2.1_02_33456262_G/T,Chr02,33456262,0.0217652313745558,9089,FALSE
Pv2.1_10_4468526_T/A,Chr10,4468526,0.021761395182347,9090,FALSE
Pv2.1_10_4468527_A/T,Chr10,4468527,0.021761395182347,9091,FALSE
Pv2.1_07_32234663_C/T,Chr07,32234663,0.0217544634691906,9092,FALSE
Pv2.1_10_42270358_A/G,Chr10,42270358,0.0217532594148881,9093,FALSE
Pv2.1_08_62952451_T/C,Chr08,62952451,0.0217499602705131,9094,FALSE
Pv2.1_08_62952463_T/A,Chr08,62952463,0.0217499602705131,9095,FALSE
Pv2.1_08_62952491_A/G,Chr08,62952491,0.0217499602705131,9096,FALSE
Pv2.1_02_17399476_T/TG,Chr02,17399476,0.0217487166689692,9097,FALSE
Pv2.1_01_51166379_T/G,Chr01,51166379,0.0217468768831051,9098,FALSE
Pv2.1_03_430945_T/C,Chr03,430945,0.0217452202409039,9099,FALSE
Pv2.1_08_60557897_C/T,Chr08,60557897,0.0217443000432533,9100,FALSE
Pv2.1_02_16489765_C/G,Chr02,16489765,0.0217440660252821,9101,FALSE
Pv2.1_03_7990817_G/GA,Chr03,7990817,0.021743554369213,9102,FALSE
Pv2.1_02_31525659_T/A,Chr02,31525659,0.0217415216993193,9103,FALSE
Pv2.1_08_9861342_T/C,Chr08,9861342,0.0217352390960284,9104,FALSE
Pv2.1_11_470222_C/G,Chr11,470222,0.0217350682552877,9105,FALSE
Pv2.1_05_39574762_A/G,Chr05,39574762,0.0217346468007866,9106,FALSE
Pv2.1_08_62007633_A/G,Chr08,62007633,0.0217329118111049,9107,FALSE
Pv2.1_08_62191428_T/C,Chr08,62191428,0.0217317579563519,9108,FALSE
Pv2.1_08_62170581_A/G,Chr08,62170581,0.0217285141655386,9109,FALSE
Pv2.1_02_13603743_G/A,Chr02,13603743,0.0217262879702473,9110,FALSE
Pv2.1_10_44169570_C/T,Chr10,44169570,0.0217209410941908,9111,FALSE
Pv2.1_05_153380_TC/T,Chr05,153380,0.0217158510827691,9112,FALSE
Pv2.1_07_37202942_C/T,Chr07,37202942,0.0217134220815369,9113,FALSE
Pv2.1_04_5395370_T/C,Chr04,5395370,0.0217127960822121,9114,FALSE
Pv2.1_01_51155656_C/G,Chr01,51155656,0.0217083073620481,9115,FALSE
Pv2.1_11_2129971_A/C,Chr11,2129971,0.0217080206653022,9116,FALSE
Pv2.1_08_62188136_A/G,Chr08,62188136,0.0217078494173943,9117,FALSE
Pv2.1_08_62188149_A/G,Chr08,62188149,0.0217078494173943,9118,FALSE
Pv2.1_09_14556251_A/G,Chr09,14556251,0.0217074322995687,9119,FALSE
Pv2.1_11_2101834_G/C,Chr11,2101834,0.0217073111898207,9120,FALSE
Pv2.1_08_62573405_T/A,Chr08,62573405,0.0217062701597155,9121,FALSE
Pv2.1_05_2899571_G/A,Chr05,2899571,0.0217047317905776,9122,FALSE
Pv2.1_07_10245517_G/C,Chr07,10245517,0.0217013048984249,9123,FALSE
Pv2.1_07_10245521_A/C,Chr07,10245521,0.0217013048984249,9124,FALSE
Pv2.1_03_12460794_C/G,Chr03,12460794,0.0217001074860645,9125,FALSE
Pv2.1_08_61889854_C/T,Chr08,61889854,0.0217000024048231,9126,FALSE
Pv2.1_08_62007589_C/A,Chr08,62007589,0.0216952467655132,9127,FALSE
Pv2.1_11_1566263_CTTT/C,Chr11,1566263,0.021694091904179,9128,FALSE
Pv2.1_08_62425385_C/T,Chr08,62425385,0.0216911844530427,9129,FALSE
Pv2.1_06_20332359_C/T,Chr06,20332359,0.0216893397204814,9130,FALSE
Pv2.1_08_360315_G/A,Chr08,360315,0.0216863483499496,9131,FALSE
Pv2.1_07_39812663_C/G,Chr07,39812663,0.0216775000868639,9132,FALSE
Pv2.1_05_2712270_T/TA,Chr05,2712270,0.0216765251073299,9133,FALSE
Pv2.1_08_62716876_A/G,Chr08,62716876,0.0216722480313054,9134,FALSE
Pv2.1_10_35209275_T/G,Chr10,35209275,0.0216711387931801,9135,FALSE
Pv2.1_08_61664061_A/T,Chr08,61664061,0.0216681043840934,9136,FALSE
Pv2.1_10_4627942_G/C,Chr10,4627942,0.0216650481407736,9137,FALSE
Pv2.1_10_4627960_G/T,Chr10,4627960,0.0216650481407736,9138,FALSE
Pv2.1_10_4628002_T/G,Chr10,4628002,0.0216650481407736,9139,FALSE
Pv2.1_09_38190681_AT/A,Chr09,38190681,0.0216620344004959,9140,FALSE
Pv2.1_04_42197813_G/A,Chr04,42197813,0.0216603640960931,9141,FALSE
Pv2.1_04_42197845_A/G,Chr04,42197845,0.0216603640960931,9142,FALSE
Pv2.1_08_3245014_C/A,Chr08,3245014,0.0216567495958993,9143,FALSE
Pv2.1_08_3245014_C/T,Chr08,3245014,0.0216567495958988,9144,FALSE
Pv2.1_07_6724977_C/CT,Chr07,6724977,0.0216543301206951,9145,FALSE
Pv2.1_03_7263031_A/C,Chr03,7263031,0.0216540501752611,9146,FALSE
Pv2.1_03_12064180_T/C,Chr03,12064180,0.0216523460477305,9147,FALSE
Pv2.1_07_35999687_CAA/C,Chr07,35999687,0.0216515305607987,9148,FALSE
Pv2.1_08_62767020_G/A,Chr08,62767020,0.0216510895024671,9149,FALSE
Pv2.1_11_3129050_C/T,Chr11,3129050,0.0216422449518756,9150,FALSE
Pv2.1_08_52812800_AG/A,Chr08,52812800,0.0216401230672427,9151,FALSE
Pv2.1_06_4214386_T/G,Chr06,4214386,0.0216397631285234,9152,FALSE
Pv2.1_06_27784364_G/A,Chr06,27784364,0.0216388313866531,9153,FALSE
Pv2.1_04_448849_T/C,Chr04,448849,0.0216356768179162,9154,FALSE
Pv2.1_11_28671030_A/G,Chr11,28671030,0.0216348064051251,9155,FALSE
Pv2.1_11_28671068_A/G,Chr11,28671068,0.0216348064051251,9156,FALSE
Pv2.1_03_526285_TC/T,Chr03,526285,0.021632522015504,9157,FALSE
Pv2.1_11_49188550_A/G,Chr11,49188550,0.0216313731461959,9158,FALSE
Pv2.1_10_577108_C/T,Chr10,577108,0.021630661268766,9159,FALSE
Pv2.1_11_2084293_G/T,Chr11,2084293,0.0216215714945758,9160,FALSE
Pv2.1_03_52879500_C/A,Chr03,52879500,0.0216213958913962,9161,FALSE
Pv2.1_08_62788348_G/A,Chr08,62788348,0.0216192239791653,9162,FALSE
Pv2.1_11_53497093_A/C,Chr11,53497093,0.021613413452696,9163,FALSE
Pv2.1_07_1074371_T/A,Chr07,1074371,0.0216103708521276,9164,FALSE
Pv2.1_10_41922485_C/A,Chr10,41922485,0.0216038396646789,9165,FALSE
Pv2.1_11_17420100_G/A,Chr11,17420100,0.0216032432085118,9166,FALSE
Pv2.1_06_18210690_C/CA,Chr06,18210690,0.0216009612420693,9167,FALSE
Pv2.1_10_42288013_A/C,Chr10,42288013,0.0215979560128403,9168,FALSE
Pv2.1_10_42388276_C/A,Chr10,42388276,0.0215952371096595,9169,FALSE
Pv2.1_03_36379560_C/G,Chr03,36379560,0.0215929772643904,9170,FALSE
Pv2.1_01_6607466_G/A,Chr01,6607466,0.0215871033089297,9171,FALSE
Pv2.1_11_28671069_A/T,Chr11,28671069,0.0215860206791025,9172,FALSE
Pv2.1_11_45315675_T/G,Chr11,45315675,0.0215848787982855,9173,FALSE
Pv2.1_01_2068264_A/G,Chr01,2068264,0.0215810798662481,9174,FALSE
Pv2.1_08_1281736_C/T,Chr08,1281736,0.0215798271270238,9175,FALSE
Pv2.1_01_51281759_A/G,Chr01,51281759,0.0215790165016196,9176,FALSE
Pv2.1_08_62863891_A/G,Chr08,62863891,0.0215758995724102,9177,FALSE
Pv2.1_07_1307998_T/A,Chr07,1307998,0.0215713798196635,9178,FALSE
Pv2.1_03_30640468_G/A,Chr03,30640468,0.0215708981480107,9179,FALSE
Pv2.1_11_51537322_C/T,Chr11,51537322,0.0215707165249261,9180,FALSE
Pv2.1_11_51537325_C/T,Chr11,51537325,0.0215707165249261,9181,FALSE
Pv2.1_06_13559192_CAT/C,Chr06,13559192,0.0215660421795305,9182,FALSE
Pv2.1_07_518354_C/T,Chr07,518354,0.0215647301509216,9183,FALSE
Pv2.1_01_3363408_A/ATATAG,Chr01,3363408,0.0215630393414923,9184,FALSE
Pv2.1_08_61408786_G/A,Chr08,61408786,0.0215629277693541,9185,FALSE
Pv2.1_02_45657363_A/G,Chr02,45657363,0.0215628815916689,9186,FALSE
Pv2.1_08_10507273_A/G,Chr08,10507273,0.0215628307077647,9187,FALSE
Pv2.1_06_27586908_G/A,Chr06,27586908,0.021560529528752,9188,FALSE
Pv2.1_05_21794633_C/T,Chr05,21794633,0.0215541890627975,9189,FALSE
Pv2.1_05_21533458_T/A,Chr05,21533458,0.0215509696315137,9190,FALSE
Pv2.1_09_36036569_T/A,Chr09,36036569,0.0215452972358268,9191,FALSE
Pv2.1_09_36161380_C/T,Chr09,36161380,0.0215416257876879,9192,FALSE
Pv2.1_08_62689535_A/C,Chr08,62689535,0.0215410754796435,9193,FALSE
Pv2.1_01_51131315_C/G,Chr01,51131315,0.0215393954501595,9194,FALSE
Pv2.1_05_573193_G/A,Chr05,573193,0.0215362955647493,9195,FALSE
Pv2.1_05_573194_A/G,Chr05,573194,0.0215362955647493,9196,FALSE
Pv2.1_02_31207285_AT/A,Chr02,31207285,0.0215357735214261,9197,FALSE
Pv2.1_05_38443849_T/A,Chr05,38443849,0.0215354003920223,9198,FALSE
Pv2.1_04_528520_T/A,Chr04,528520,0.0215346379629011,9199,FALSE
Pv2.1_04_2030452_G/T,Chr04,2030452,0.0215307057796594,9200,FALSE
Pv2.1_07_36785301_C/T,Chr07,36785301,0.0215237458148203,9201,FALSE
Pv2.1_08_61682023_G/A,Chr08,61682023,0.0215216669316249,9202,FALSE
Pv2.1_08_61682035_C/G,Chr08,61682035,0.0215216669316249,9203,FALSE
Pv2.1_06_24103711_G/A,Chr06,24103711,0.0215215583052846,9204,FALSE
Pv2.1_08_9057017_T/G,Chr08,9057017,0.0215153799566314,9205,FALSE
Pv2.1_10_44141945_G/A,Chr10,44141945,0.0215127368951205,9206,FALSE
Pv2.1_10_44141954_G/A,Chr10,44141954,0.0215127368951205,9207,FALSE
Pv2.1_01_49772304_A/G,Chr01,49772304,0.0215121513528134,9208,FALSE
Pv2.1_06_8347904_C/T,Chr06,8347904,0.0215097181815862,9209,FALSE
Pv2.1_03_10856252_C/T,Chr03,10856252,0.0215058462099771,9210,FALSE
Pv2.1_07_3473905_T/C,Chr07,3473905,0.0215024678545825,9211,FALSE
Pv2.1_11_52974138_A/T,Chr11,52974138,0.0214999488876009,9212,FALSE
Pv2.1_10_6811093_G/A,Chr10,6811093,0.0214984157128741,9213,FALSE
Pv2.1_11_4035173_A/T,Chr11,4035173,0.0214978816214595,9214,FALSE
Pv2.1_07_8771357_AT/A,Chr07,8771357,0.0214975253346275,9215,FALSE
Pv2.1_03_51109671_T/A,Chr03,51109671,0.0214888875392409,9216,FALSE
Pv2.1_07_188377_G/C,Chr07,188377,0.0214873349791298,9217,FALSE
Pv2.1_10_38124365_T/G,Chr10,38124365,0.0214863898932691,9218,FALSE
Pv2.1_08_62950744_G/T,Chr08,62950744,0.0214835955252592,9219,FALSE
Pv2.1_07_28945206_T/A,Chr07,28945206,0.0214812736090027,9220,FALSE
Pv2.1_08_62807751_G/A,Chr08,62807751,0.0214770415783891,9221,FALSE
Pv2.1_05_3663374_T/A,Chr05,3663374,0.0214769968396209,9222,FALSE
Pv2.1_09_28879178_T/G,Chr09,28879178,0.0214765434215503,9223,FALSE
Pv2.1_02_27116932_T/A,Chr02,27116932,0.0214749523355149,9224,FALSE
Pv2.1_02_44599153_T/A,Chr02,44599153,0.0214722718589639,9225,FALSE
Pv2.1_09_37221488_T/C,Chr09,37221488,0.0214664848158979,9226,FALSE
Pv2.1_08_55531814_G/C,Chr08,55531814,0.0214659072014149,9227,FALSE
Pv2.1_07_10207534_T/C,Chr07,10207534,0.0214645872791337,9228,FALSE
Pv2.1_10_42485227_CCT/C,Chr10,42485227,0.0214622538037585,9229,FALSE
Pv2.1_10_42485241_G/T,Chr10,42485241,0.0214622538037585,9230,FALSE
Pv2.1_06_21554918_G/A,Chr06,21554918,0.0214589760455737,9231,FALSE
Pv2.1_08_62934634_A/T,Chr08,62934634,0.0214572754384124,9232,FALSE
Pv2.1_06_20904354_G/A,Chr06,20904354,0.0214529911349466,9233,FALSE
Pv2.1_07_8497251_T/C,Chr07,8497251,0.0214516105640947,9234,FALSE
Pv2.1_04_1686909_C/T,Chr04,1686909,0.0214508379188056,9235,FALSE
Pv2.1_03_43135870_G/A,Chr03,43135870,0.0214485863377614,9236,FALSE
Pv2.1_01_50652444_C/T,Chr01,50652444,0.0214459649245291,9237,FALSE
Pv2.1_06_16642829_A/C,Chr06,16642829,0.0214455214752913,9238,FALSE
Pv2.1_06_22839440_T/C,Chr06,22839440,0.021442863967605,9239,FALSE
Pv2.1_08_61341521_T/A,Chr08,61341521,0.021438560484512,9240,FALSE
Pv2.1_07_28490080_C/G,Chr07,28490080,0.0214327248690847,9241,FALSE
Pv2.1_06_2224096_A/T,Chr06,2224096,0.0214296767850732,9242,FALSE
Pv2.1_06_21224067_T/G,Chr06,21224067,0.0214279425342117,9243,FALSE
Pv2.1_08_62961952_G/T,Chr08,62961952,0.0214169877235118,9244,FALSE
Pv2.1_08_502328_T/C,Chr08,502328,0.0214109406899508,9245,FALSE
Pv2.1_08_502334_A/G,Chr08,502334,0.0214109406899508,9246,FALSE
Pv2.1_07_4149822_C/T,Chr07,4149822,0.0214105087966994,9247,FALSE
Pv2.1_07_4149823_A/T,Chr07,4149823,0.0214105087966994,9248,FALSE
Pv2.1_11_53419926_C/CA,Chr11,53419926,0.0214067305577244,9249,FALSE
Pv2.1_08_62007626_A/T,Chr08,62007626,0.0214066759590335,9250,FALSE
Pv2.1_11_2698646_C/T,Chr11,2698646,0.0214030750078313,9251,FALSE
Pv2.1_01_2808889_G/A,Chr01,2808889,0.0213905662927107,9252,FALSE
Pv2.1_11_2269792_T/C,Chr11,2269792,0.0213865980691321,9253,FALSE
Pv2.1_07_37122998_A/T,Chr07,37122998,0.0213848325713659,9254,FALSE
Pv2.1_08_62952100_A/G,Chr08,62952100,0.0213834275735607,9255,FALSE
Pv2.1_08_1817744_C/T,Chr08,1817744,0.0213810621589356,9256,FALSE
Pv2.1_08_1817760_G/A,Chr08,1817760,0.0213810621589356,9257,FALSE
Pv2.1_08_1817784_T/A,Chr08,1817784,0.0213810621589356,9258,FALSE
Pv2.1_11_25671075_C/T,Chr11,25671075,0.0213806769057974,9259,FALSE
Pv2.1_07_956003_C/G,Chr07,956003,0.0213803865550419,9260,FALSE
Pv2.1_10_42288027_G/A,Chr10,42288027,0.021379601415302,9261,FALSE
Pv2.1_05_394641_T/G,Chr05,394641,0.0213639925853304,9262,FALSE
Pv2.1_10_42486871_A/G,Chr10,42486871,0.0213629085582983,9263,FALSE
Pv2.1_11_533352_A/C,Chr11,533352,0.0213592450371802,9264,FALSE
Pv2.1_11_533371_A/G,Chr11,533371,0.0213592450371802,9265,FALSE
Pv2.1_05_2411739_G/T,Chr05,2411739,0.0213508347509355,9266,FALSE
Pv2.1_01_51240730_C/T,Chr01,51240730,0.0213500059821499,9267,FALSE
Pv2.1_05_39574626_G/T,Chr05,39574626,0.0213486312944613,9268,FALSE
Pv2.1_06_21218134_G/A,Chr06,21218134,0.0213442674775246,9269,FALSE
Pv2.1_04_47078767_G/T,Chr04,47078767,0.0213430234826824,9270,FALSE
Pv2.1_03_11270744_G/A,Chr03,11270744,0.0213397852445718,9271,FALSE
Pv2.1_10_1545169_A/G,Chr10,1545169,0.0213387248209491,9272,FALSE
Pv2.1_04_146620_A/G,Chr04,146620,0.0213348529779616,9273,FALSE
Pv2.1_01_1286978_G/T,Chr01,1286978,0.0213344192708407,9274,FALSE
Pv2.1_08_1184821_A/G,Chr08,1184821,0.0213273633126279,9275,FALSE
Pv2.1_08_60451285_T/C,Chr08,60451285,0.0213259805021031,9276,FALSE
Pv2.1_06_7000157_A/G,Chr06,7000157,0.0213256718633437,9277,FALSE
Pv2.1_03_53339294_T/G,Chr03,53339294,0.0213235436374872,9278,FALSE
Pv2.1_10_42700811_A/AATTT,Chr10,42700811,0.0213228283633313,9279,FALSE
Pv2.1_08_35342587_A/T,Chr08,35342587,0.0213221219506385,9280,FALSE
Pv2.1_07_37007197_T/A,Chr07,37007197,0.0213206359182778,9281,FALSE
Pv2.1_04_528454_A/G,Chr04,528454,0.0213184275520861,9282,FALSE
Pv2.1_02_30380020_G/C,Chr02,30380020,0.0213157964566038,9283,FALSE
Pv2.1_09_10457144_AT/A,Chr09,10457144,0.0213131658796857,9284,FALSE
Pv2.1_09_10457131_G/T,Chr09,10457131,0.0213131658796852,9285,FALSE
Pv2.1_10_31356679_C/T,Chr10,31356679,0.0213105055045975,9286,FALSE
Pv2.1_07_37122797_G/A,Chr07,37122797,0.0213028056581193,9287,FALSE
Pv2.1_11_50774678_G/A,Chr11,50774678,0.0213021563617088,9288,FALSE
Pv2.1_08_30686856_CAA/C,Chr08,30686856,0.021299865584449,9289,FALSE
Pv2.1_06_30972450_C/G,Chr06,30972450,0.0212995539098735,9290,FALSE
Pv2.1_10_1072245_G/C,Chr10,1072245,0.0212960622612064,9291,FALSE
Pv2.1_08_62588879_G/A,Chr08,62588879,0.0212941851748356,9292,FALSE
Pv2.1_07_37410316_T/C,Chr07,37410316,0.0212901826551786,9293,FALSE
Pv2.1_09_36431023_C/T,Chr09,36431023,0.0212899396790625,9294,FALSE
Pv2.1_06_13994102_T/C,Chr06,13994102,0.0212896568979568,9295,FALSE
Pv2.1_03_37956480_G/A,Chr03,37956480,0.0212843075576563,9296,FALSE
Pv2.1_08_62082085_T/A,Chr08,62082085,0.0212815475221282,9297,FALSE
Pv2.1_09_36028436_C/T,Chr09,36028436,0.0212754632451122,9298,FALSE
Pv2.1_11_2737641_A/C,Chr11,2737641,0.0212736024199494,9299,FALSE
Pv2.1_06_20165764_G/C,Chr06,20165764,0.0212715220128645,9300,FALSE
Pv2.1_07_37986239_A/T,Chr07,37986239,0.0212712773542356,9301,FALSE
Pv2.1_07_23019516_G/A,Chr07,23019516,0.0212703282636864,9302,FALSE
Pv2.1_07_8497167_T/G,Chr07,8497167,0.0212695489209072,9303,FALSE
Pv2.1_08_60772866_G/A,Chr08,60772866,0.0212647301338573,9304,FALSE
Pv2.1_02_43248019_A/C,Chr02,43248019,0.0212603457144853,9305,FALSE
Pv2.1_04_42068282_G/A,Chr04,42068282,0.0212595688012822,9306,FALSE
Pv2.1_07_7853714_C/T,Chr07,7853714,0.0212578144927402,9307,FALSE
Pv2.1_11_4888893_A/G,Chr11,4888893,0.021257560607022,9308,FALSE
Pv2.1_09_30139583_A/T,Chr09,30139583,0.0212522567055533,9309,FALSE
Pv2.1_07_36696358_G/A,Chr07,36696358,0.021252028425705,9310,FALSE
Pv2.1_06_15714797_C/T,Chr06,15714797,0.0212430427820323,9311,FALSE
Pv2.1_06_21896215_G/A,Chr06,21896215,0.0212424096169839,9312,FALSE
Pv2.1_11_2171711_T/C,Chr11,2171711,0.0212380786944815,9313,FALSE
Pv2.1_06_13814774_C/G,Chr06,13814774,0.0212343355871627,9314,FALSE
Pv2.1_06_26410251_C/T,Chr06,26410251,0.0212333788004404,9315,FALSE
Pv2.1_07_10116499_A/G,Chr07,10116499,0.0212324181289199,9316,FALSE
Pv2.1_06_9973633_T/C,Chr06,9973633,0.0212317503608741,9317,FALSE
Pv2.1_11_1010422_T/C,Chr11,1010422,0.0212263500258496,9318,FALSE
Pv2.1_02_34465504_CAGAG/C,Chr02,34465504,0.0212246545549619,9319,FALSE
Pv2.1_03_9249073_A/C,Chr03,9249073,0.0212220042804874,9320,FALSE
Pv2.1_03_7428162_G/A,Chr03,7428162,0.0212219657714128,9321,FALSE
Pv2.1_10_749231_A/T,Chr10,749231,0.0212215864473233,9322,FALSE
Pv2.1_08_5435026_G/T,Chr08,5435026,0.0212173811820642,9323,FALSE
Pv2.1_03_10999792_A/G,Chr03,10999792,0.0212137747835417,9324,FALSE
Pv2.1_02_27673899_T/G,Chr02,27673899,0.0212132728852814,9325,FALSE
Pv2.1_08_8748648_G/T,Chr08,8748648,0.0212113376446741,9326,FALSE
Pv2.1_05_38443933_T/C,Chr05,38443933,0.0212082509611631,9327,FALSE
Pv2.1_06_19545484_G/A,Chr06,19545484,0.0212068553378328,9328,FALSE
Pv2.1_11_49188542_C/T,Chr11,49188542,0.0212011749616843,9329,FALSE
Pv2.1_11_49188543_A/T,Chr11,49188543,0.0212011749616843,9330,FALSE
Pv2.1_08_62495450_T/C,Chr08,62495450,0.0211976406690444,9331,FALSE
Pv2.1_08_62495466_C/T,Chr08,62495466,0.0211976406690444,9332,FALSE
Pv2.1_06_19446585_G/T,Chr06,19446585,0.0211948935040196,9333,FALSE
Pv2.1_05_11706425_A/T,Chr05,11706425,0.0211940693011266,9334,FALSE
Pv2.1_10_43810821_C/T,Chr10,43810821,0.0211919681764647,9335,FALSE
Pv2.1_10_43810822_G/A,Chr10,43810822,0.0211919681764647,9336,FALSE
Pv2.1_10_44077576_A/G,Chr10,44077576,0.0211918400892226,9337,FALSE
Pv2.1_07_133927_G/A,Chr07,133927,0.0211852011379539,9338,FALSE
Pv2.1_09_21865226_A/C,Chr09,21865226,0.0211849295854121,9339,FALSE
Pv2.1_09_21865278_A/C,Chr09,21865278,0.0211849295854121,9340,FALSE
Pv2.1_06_25140282_G/A,Chr06,25140282,0.0211785458384055,9341,FALSE
Pv2.1_06_25140318_G/A,Chr06,25140318,0.0211785458384055,9342,FALSE
Pv2.1_01_2062285_A/C,Chr01,2062285,0.0211764774906777,9343,FALSE
Pv2.1_03_53123907_G/C,Chr03,53123907,0.021175880412315,9344,FALSE
Pv2.1_01_51336757_T/C,Chr01,51336757,0.0211752721583482,9345,FALSE
Pv2.1_08_52687460_G/AAGT,Chr08,52687460,0.0211743861265035,9346,FALSE
Pv2.1_09_22410603_C/A,Chr09,22410603,0.021173741021522,9347,FALSE
Pv2.1_07_7076911_TTGA/T,Chr07,7076911,0.0211698125405393,9348,FALSE
Pv2.1_07_30281814_C/A,Chr07,30281814,0.0211697415608954,9349,FALSE
Pv2.1_07_5388097_G/A,Chr07,5388097,0.0211678340658503,9350,FALSE
Pv2.1_08_61360885_T/G,Chr08,61360885,0.0211596105591991,9351,FALSE
Pv2.1_01_1193820_G/A,Chr01,1193820,0.0211402942903187,9352,FALSE
Pv2.1_04_150375_T/C,Chr04,150375,0.0211354737837617,9353,FALSE
Pv2.1_01_2809000_T/A,Chr01,2809000,0.0211351784956761,9354,FALSE
Pv2.1_01_2809027_G/T,Chr01,2809027,0.0211351784956761,9355,FALSE
Pv2.1_06_26043408_C/T,Chr06,26043408,0.0211309383087865,9356,FALSE
Pv2.1_07_574724_C/T,Chr07,574724,0.0211270029123458,9357,FALSE
Pv2.1_08_62573522_A/G,Chr08,62573522,0.021125496349347,9358,FALSE
Pv2.1_11_924273_T/G,Chr11,924273,0.0211243705263664,9359,FALSE
Pv2.1_06_27784093_A/G,Chr06,27784093,0.0211146834962954,9360,FALSE
Pv2.1_08_60247773_G/T,Chr08,60247773,0.0211142693286157,9361,FALSE
Pv2.1_06_25203621_G/A,Chr06,25203621,0.0211131910696314,9362,FALSE
Pv2.1_01_1100329_A/T,Chr01,1100329,0.0211096059978488,9363,FALSE
Pv2.1_02_35484149_A/T,Chr02,35484149,0.0211083756592547,9364,FALSE
Pv2.1_02_47549250_A/T,Chr02,47549250,0.021108138408628,9365,FALSE
Pv2.1_01_1286977_C/T,Chr01,1286977,0.0211063673803205,9366,FALSE
Pv2.1_10_42602250_C/T,Chr10,42602250,0.0211028471460786,9367,FALSE
Pv2.1_04_150354_T/G,Chr04,150354,0.0210995328623964,9368,FALSE
Pv2.1_04_150355_A/T,Chr04,150355,0.0210995328623964,9369,FALSE
Pv2.1_08_60151848_T/C,Chr08,60151848,0.0210992776897414,9370,FALSE
Pv2.1_11_2850497_G/T,Chr11,2850497,0.021098148741626,9371,FALSE
Pv2.1_03_51884908_T/G,Chr03,51884908,0.021097558319652,9372,FALSE
Pv2.1_08_176582_G/T,Chr08,176582,0.0210974588378363,9373,FALSE
Pv2.1_03_6996038_A/G,Chr03,6996038,0.0210939050316981,9374,FALSE
Pv2.1_06_24415249_C/G,Chr06,24415249,0.0210902099615184,9375,FALSE
Pv2.1_01_703175_G/T,Chr01,703175,0.0210900973966113,9376,FALSE
Pv2.1_08_55164971_G/C,Chr08,55164971,0.0210868270004601,9377,FALSE
Pv2.1_01_51209342_A/T,Chr01,51209342,0.0210860710028844,9378,FALSE
Pv2.1_09_36794481_A/T,Chr09,36794481,0.0210797572199217,9379,FALSE
Pv2.1_10_2185497_TC/T,Chr10,2185497,0.0210780609382306,9380,FALSE
Pv2.1_11_50066878_G/A,Chr11,50066878,0.0210768540815334,9381,FALSE
Pv2.1_11_50066881_T/G,Chr11,50066881,0.0210768540815334,9382,FALSE
Pv2.1_03_7921530_T/TG,Chr03,7921530,0.0210756617168384,9383,FALSE
Pv2.1_08_61838100_A/G,Chr08,61838100,0.0210743800419984,9384,FALSE
Pv2.1_02_47600682_C/T,Chr02,47600682,0.0210719335125407,9385,FALSE
Pv2.1_07_41560_G/T,Chr07,41560,0.0210695662054583,9386,FALSE
Pv2.1_03_36335789_C/G,Chr03,36335789,0.0210685155045787,9387,FALSE
Pv2.1_05_40457218_G/A,Chr05,40457218,0.0210674167921532,9388,FALSE
Pv2.1_11_2862248_G/A,Chr11,2862248,0.0210662601437135,9389,FALSE
Pv2.1_07_39886358_A/G,Chr07,39886358,0.0210638307461162,9390,FALSE
Pv2.1_10_37189699_G/A,Chr10,37189699,0.0210586565886319,9391,FALSE
Pv2.1_08_62529036_T/C,Chr08,62529036,0.0210538769256581,9392,FALSE
Pv2.1_07_37986067_T/C,Chr07,37986067,0.0210533621499849,9393,FALSE
Pv2.1_02_44838448_G/A,Chr02,44838448,0.0210483346396777,9394,FALSE
Pv2.1_07_35752969_T/C,Chr07,35752969,0.0210474952525788,9395,FALSE
Pv2.1_11_50066851_G/A,Chr11,50066851,0.0210443773894626,9396,FALSE
Pv2.1_11_53543510_A/G,Chr11,53543510,0.0210436155575575,9397,FALSE
Pv2.1_07_39434430_G/A,Chr07,39434430,0.021042324134867,9398,FALSE
Pv2.1_08_62689493_C/T,Chr08,62689493,0.0210420422543374,9399,FALSE
Pv2.1_06_26462719_G/T,Chr06,26462719,0.0210407917451665,9400,FALSE
Pv2.1_06_519127_A/T,Chr06,519127,0.0210358776143682,9401,FALSE
Pv2.1_02_43539172_TG/T,Chr02,43539172,0.0210342743785343,9402,FALSE
Pv2.1_01_5821609_A/G,Chr01,5821609,0.0210334311216545,9403,FALSE
Pv2.1_09_36051909_T/C,Chr09,36051909,0.0210324793778591,9404,FALSE
Pv2.1_06_25448918_A/G,Chr06,25448918,0.0210294797505637,9405,FALSE
Pv2.1_11_52611026_A/G,Chr11,52611026,0.0210291538330618,9406,FALSE
Pv2.1_08_14466108_G/T,Chr08,14466108,0.021025356107736,9407,FALSE
Pv2.1_01_2062192_T/C,Chr01,2062192,0.021023602649882,9408,FALSE
Pv2.1_08_1817719_T/G,Chr08,1817719,0.0210226788586669,9409,FALSE
Pv2.1_07_32395922_A/AG,Chr07,32395922,0.0210225989986479,9410,FALSE
Pv2.1_08_62490292_A/C,Chr08,62490292,0.0210204844912698,9411,FALSE
Pv2.1_07_35999661_G/A,Chr07,35999661,0.0210164129737183,9412,FALSE
Pv2.1_10_42038996_C/T,Chr10,42038996,0.0210126813492169,9413,FALSE
Pv2.1_06_12441892_TTA/T,Chr06,12441892,0.0210119384975163,9414,FALSE
Pv2.1_05_2409889_C/A,Chr05,2409889,0.0210114078926216,9415,FALSE
Pv2.1_09_28834820_T/G,Chr09,28834820,0.0210093287098014,9416,FALSE
Pv2.1_08_62961851_G/A,Chr08,62961851,0.0210052664140719,9417,FALSE
Pv2.1_02_34635691_C/T,Chr02,34635691,0.0210032803317031,9418,FALSE
Pv2.1_02_48696480_A/G,Chr02,48696480,0.0210032206486881,9419,FALSE
Pv2.1_09_390941_G/T,Chr09,390941,0.0210011978992961,9420,FALSE
Pv2.1_04_506308_A/G,Chr04,506308,0.0209952260690853,9421,FALSE
Pv2.1_10_41656724_T/C,Chr10,41656724,0.0209919325924504,9422,FALSE
Pv2.1_10_41656726_C/T,Chr10,41656726,0.0209919325924504,9423,FALSE
Pv2.1_10_41656741_T/C,Chr10,41656741,0.0209919325924504,9424,FALSE
Pv2.1_08_43971256_C/T,Chr08,43971256,0.0209901761423867,9425,FALSE
Pv2.1_09_35630541_T/C,Chr09,35630541,0.0209875931530514,9426,FALSE
Pv2.1_08_62807865_T/C,Chr08,62807865,0.0209865944170629,9427,FALSE
Pv2.1_06_22839578_A/G,Chr06,22839578,0.0209838200097514,9428,FALSE
Pv2.1_11_52974160_T/G,Chr11,52974160,0.0209771297910257,9429,FALSE
Pv2.1_08_57682468_G/T,Chr08,57682468,0.0209731366619468,9430,FALSE
Pv2.1_03_10999765_G/A,Chr03,10999765,0.0209688783991506,9431,FALSE
Pv2.1_09_38191080_C/A,Chr09,38191080,0.0209667431862188,9432,FALSE
Pv2.1_08_59986006_T/C,Chr08,59986006,0.0209662358633227,9433,FALSE
Pv2.1_07_28923819_A/T,Chr07,28923819,0.0209641140141521,9434,FALSE
Pv2.1_08_57790604_T/TA,Chr08,57790604,0.0209601809167927,9435,FALSE
Pv2.1_10_42515262_G/A,Chr10,42515262,0.0209583521223773,9436,FALSE
Pv2.1_06_26569192_C/T,Chr06,26569192,0.0209570850885497,9437,FALSE
Pv2.1_06_19232987_A/G,Chr06,19232987,0.0209560857773412,9438,FALSE
Pv2.1_06_18556744_T/C,Chr06,18556744,0.0209530580242445,9439,FALSE
Pv2.1_07_39202205_C/G,Chr07,39202205,0.0209511377495,9440,FALSE
Pv2.1_11_26637917_G/A,Chr11,26637917,0.0209474284060915,9441,FALSE
Pv2.1_06_13102904_T/C,Chr06,13102904,0.0209460305705278,9442,FALSE
Pv2.1_06_15410171_A/G,Chr06,15410171,0.020944294135226,9443,FALSE
Pv2.1_09_38213302_C/T,Chr09,38213302,0.0209409402804277,9444,FALSE
Pv2.1_03_39369984_C/A,Chr03,39369984,0.0209373656346727,9445,FALSE
Pv2.1_11_47862340_T/C,Chr11,47862340,0.0209372604997706,9446,FALSE
Pv2.1_01_50568067_T/C,Chr01,50568067,0.0209357646978048,9447,FALSE
Pv2.1_11_1654274_G/T,Chr11,1654274,0.0209337924388699,9448,FALSE
Pv2.1_01_1484959_G/C,Chr01,1484959,0.0209308586399084,9449,FALSE
Pv2.1_06_24328586_C/T,Chr06,24328586,0.0209303397159046,9450,FALSE
Pv2.1_08_62582223_G/T,Chr08,62582223,0.0209284010768278,9451,FALSE
Pv2.1_06_27784055_C/G,Chr06,27784055,0.0209271897639258,9452,FALSE
Pv2.1_06_12235624_C/A,Chr06,12235624,0.020926279214359,9453,FALSE
Pv2.1_06_22799529_G/T,Chr06,22799529,0.0209247094652172,9454,FALSE
Pv2.1_06_22799535_G/A,Chr06,22799535,0.0209247094652172,9455,FALSE
Pv2.1_11_1524897_A/G,Chr11,1524897,0.020921337899356,9456,FALSE
Pv2.1_05_11785008_A/C,Chr05,11785008,0.0209208858446845,9457,FALSE
Pv2.1_06_18407317_G/A,Chr06,18407317,0.0209197569108679,9458,FALSE
Pv2.1_07_10168600_C/T,Chr07,10168600,0.0209162706366866,9459,FALSE
Pv2.1_08_14466093_T/A,Chr08,14466093,0.0209148229156262,9460,FALSE
Pv2.1_08_62588962_T/C,Chr08,62588962,0.0209104900121657,9461,FALSE
Pv2.1_02_46287908_C/G,Chr02,46287908,0.0209102824162031,9462,FALSE
Pv2.1_06_15913537_G/T,Chr06,15913537,0.0209101224621504,9463,FALSE
Pv2.1_02_37844861_A/T,Chr02,37844861,0.0209022509843946,9464,FALSE
Pv2.1_05_39687201_A/G,Chr05,39687201,0.0209020796554191,9465,FALSE
Pv2.1_05_38527088_C/T,Chr05,38527088,0.0209001290826309,9466,FALSE
Pv2.1_11_473592_A/AT,Chr11,473592,0.0208989511417723,9467,FALSE
Pv2.1_01_49772322_A/C,Chr01,49772322,0.0208961221057526,9468,FALSE
Pv2.1_09_36043470_A/G,Chr09,36043470,0.0208952298453418,9469,FALSE
Pv2.1_07_36141033_G/C,Chr07,36141033,0.0208945682221033,9470,FALSE
Pv2.1_01_15768348_A/G,Chr01,15768348,0.0208919845423301,9471,FALSE
Pv2.1_07_840109_T/A,Chr07,840109,0.0208918531335547,9472,FALSE
Pv2.1_03_12613639_C/G,Chr03,12613639,0.0208890249167357,9473,FALSE
Pv2.1_06_12444378_G/A,Chr06,12444378,0.0208877871379909,9474,FALSE
Pv2.1_06_12444446_C/T,Chr06,12444446,0.0208877871379909,9475,FALSE
Pv2.1_06_22823153_C/G,Chr06,22823153,0.0208870947754938,9476,FALSE
Pv2.1_08_60151972_G/A,Chr08,60151972,0.0208837802422308,9477,FALSE
Pv2.1_07_485585_T/C,Chr07,485585,0.0208819579150692,9478,FALSE
Pv2.1_11_111628_G/A,Chr11,111628,0.0208744359373014,9479,FALSE
Pv2.1_11_111665_G/A,Chr11,111665,0.0208744359373014,9480,FALSE
Pv2.1_11_2238920_C/T,Chr11,2238920,0.0208716318898983,9481,FALSE
Pv2.1_02_34387561_T/A,Chr02,34387561,0.0208712996997322,9482,FALSE
Pv2.1_03_34449810_T/A,Chr03,34449810,0.0208707649598829,9483,FALSE
Pv2.1_09_36794453_A/G,Chr09,36794453,0.020863622711321,9484,FALSE
Pv2.1_06_13814695_A/G,Chr06,13814695,0.0208630090801818,9485,FALSE
Pv2.1_09_14082844_C/T,Chr09,14082844,0.0208604285497715,9486,FALSE
Pv2.1_09_38211105_T/A,Chr09,38211105,0.0208593429298505,9487,FALSE
Pv2.1_11_2978818_G/A,Chr11,2978818,0.0208588891100781,9488,FALSE
Pv2.1_02_561795_T/G,Chr02,561795,0.0208587773779145,9489,FALSE
Pv2.1_05_17759062_C/G,Chr05,17759062,0.0208577373402128,9490,FALSE
Pv2.1_07_1016179_G/C,Chr07,1016179,0.020854615162643,9491,FALSE
Pv2.1_06_16237341_A/G,Chr06,16237341,0.0208492386046863,9492,FALSE
Pv2.1_06_23708976_G/T,Chr06,23708976,0.020846231125645,9493,FALSE
Pv2.1_08_62972889_A/AT,Chr08,62972889,0.0208429935752794,9494,FALSE
Pv2.1_06_24597588_G/A,Chr06,24597588,0.0208424249648158,9495,FALSE
Pv2.1_08_62753869_C/T,Chr08,62753869,0.0208397325734491,9496,FALSE
Pv2.1_07_8870187_T/A,Chr07,8870187,0.0208394781461614,9497,FALSE
Pv2.1_06_5174714_G/T,Chr06,5174714,0.020835852167143,9498,FALSE
Pv2.1_03_8860832_G/A,Chr03,8860832,0.0208352940209786,9499,FALSE
Pv2.1_01_2850942_G/T,Chr01,2850942,0.02083176762559,9500,FALSE
Pv2.1_07_28923775_C/T,Chr07,28923775,0.0208311041637312,9501,FALSE
Pv2.1_07_28923789_T/A,Chr07,28923789,0.0208311041637312,9502,FALSE
Pv2.1_09_29155830_G/T,Chr09,29155830,0.0208298219299268,9503,FALSE
Pv2.1_11_53480558_T/A,Chr11,53480558,0.0208285254077349,9504,FALSE
Pv2.1_07_39816199_A/G,Chr07,39816199,0.0208214426049849,9505,FALSE
Pv2.1_05_2411750_T/A,Chr05,2411750,0.0208147152021216,9506,FALSE
Pv2.1_07_35524952_G/C,Chr07,35524952,0.0208139020023905,9507,FALSE
Pv2.1_06_25597614_G/A,Chr06,25597614,0.0208089603647923,9508,FALSE
Pv2.1_11_22670278_C/G,Chr11,22670278,0.0208085033293952,9509,FALSE
Pv2.1_05_16616743_A/G,Chr05,16616743,0.0208070173650836,9510,FALSE
Pv2.1_11_49286547_T/G,Chr11,49286547,0.0208066469211965,9511,FALSE
Pv2.1_06_21093562_A/G,Chr06,21093562,0.0208047979424748,9512,FALSE
Pv2.1_06_21093583_A/G,Chr06,21093583,0.0208047979424748,9513,FALSE
Pv2.1_07_518375_T/C,Chr07,518375,0.0208047345288653,9514,FALSE
Pv2.1_01_3527870_G/C,Chr01,3527870,0.0208034014085738,9515,FALSE
Pv2.1_11_49326805_C/T,Chr11,49326805,0.0208024375219482,9516,FALSE
Pv2.1_02_27116915_G/T,Chr02,27116915,0.0207972919015607,9517,FALSE
Pv2.1_05_38239626_A/AT,Chr05,38239626,0.0207962173837291,9518,FALSE
Pv2.1_11_29949648_C/T,Chr11,29949648,0.0207952823935966,9519,FALSE
Pv2.1_02_675439_T/G,Chr02,675439,0.0207932140731173,9520,FALSE
Pv2.1_07_38698478_A/T,Chr07,38698478,0.0207884793253057,9521,FALSE
Pv2.1_02_2419239_A/G,Chr02,2419239,0.0207825263061494,9522,FALSE
Pv2.1_08_56917904_C/T,Chr08,56917904,0.0207817944828808,9523,FALSE
Pv2.1_10_43903211_T/C,Chr10,43903211,0.0207813491395799,9524,FALSE
Pv2.1_11_49342254_C/G,Chr11,49342254,0.020778215085294,9525,FALSE
Pv2.1_10_41845732_C/A,Chr10,41845732,0.0207737882813417,9526,FALSE
Pv2.1_03_2872447_A/T,Chr03,2872447,0.0207721565087167,9527,FALSE
Pv2.1_04_6000452_G/A,Chr04,6000452,0.0207712154530193,9528,FALSE
Pv2.1_08_60247770_A/G,Chr08,60247770,0.0207686670840626,9529,FALSE
Pv2.1_04_41987047_A/T,Chr04,41987047,0.0207685884378117,9530,FALSE
Pv2.1_04_41987049_A/AG,Chr04,41987049,0.0207685884378117,9531,FALSE
Pv2.1_01_50566226_T/A,Chr01,50566226,0.0207679875958777,9532,FALSE
Pv2.1_11_2097224_A/C,Chr11,2097224,0.020765648423231,9533,FALSE
Pv2.1_02_27074303_A/G,Chr02,27074303,0.020763575310272,9534,FALSE
Pv2.1_11_28131127_T/A,Chr11,28131127,0.0207621337677764,9535,FALSE
Pv2.1_03_10579848_G/A,Chr03,10579848,0.0207614240435099,9536,FALSE
Pv2.1_06_21423624_G/A,Chr06,21423624,0.0207595092615311,9537,FALSE
Pv2.1_03_7921629_T/G,Chr03,7921629,0.020757889791426,9538,FALSE
Pv2.1_03_7921633_G/A,Chr03,7921633,0.020757889791426,9539,FALSE
Pv2.1_05_2740243_G/A,Chr05,2740243,0.0207569422183016,9540,FALSE
Pv2.1_08_57704676_A/G,Chr08,57704676,0.020751688845309,9541,FALSE
Pv2.1_08_56226611_C/T,Chr08,56226611,0.0207490020949175,9542,FALSE
Pv2.1_06_15319270_G/A,Chr06,15319270,0.0207475903266285,9543,FALSE
Pv2.1_08_2965577_T/C,Chr08,2965577,0.0207369257441785,9544,FALSE
Pv2.1_09_29311164_G/A,Chr09,29311164,0.0207359699441336,9545,FALSE
Pv2.1_07_7395652_G/C,Chr07,7395652,0.020734040491079,9546,FALSE
Pv2.1_03_11733275_G/A,Chr03,11733275,0.0207280298521759,9547,FALSE
Pv2.1_06_19550128_G/A,Chr06,19550128,0.0207248075984774,9548,FALSE
Pv2.1_11_1509333_T/C,Chr11,1509333,0.0207185328314927,9549,FALSE
Pv2.1_06_31022627_C/G,Chr06,31022627,0.0207179063687089,9550,FALSE
Pv2.1_10_40726149_G/C,Chr10,40726149,0.020712225382717,9551,FALSE
Pv2.1_01_980487_A/G,Chr01,980487,0.0207064185590204,9552,FALSE
Pv2.1_10_43984462_T/C,Chr10,43984462,0.0207045875569829,9553,FALSE
Pv2.1_01_48823082_C/T,Chr01,48823082,0.0207013071455933,9554,FALSE
Pv2.1_08_42076552_A/C,Chr08,42076552,0.0207000342342365,9555,FALSE
Pv2.1_08_60360013_A/G,Chr08,60360013,0.0206954877672292,9556,FALSE
Pv2.1_09_36712584_T/A,Chr09,36712584,0.0206939104542774,9557,FALSE
Pv2.1_03_45753137_T/A,Chr03,45753137,0.0206880290601559,9558,FALSE
Pv2.1_03_45753146_G/A,Chr03,45753146,0.0206880290601559,9559,FALSE
Pv2.1_05_402699_A/G,Chr05,402699,0.0206793817111519,9560,FALSE
Pv2.1_08_61526816_A/T,Chr08,61526816,0.0206766446136939,9561,FALSE
Pv2.1_11_1703180_TC/T,Chr11,1703180,0.0206763256598186,9562,FALSE
Pv2.1_04_47262288_A/T,Chr04,47262288,0.0206757500536359,9563,FALSE
Pv2.1_01_495817_T/A,Chr01,495817,0.0206740977004634,9564,FALSE
Pv2.1_10_43993956_C/T,Chr10,43993956,0.0206726915872113,9565,FALSE
Pv2.1_02_3160694_T/A,Chr02,3160694,0.0206665777466664,9566,FALSE
Pv2.1_11_3180024_C/T,Chr11,3180024,0.0206624421380397,9567,FALSE
Pv2.1_08_61341495_C/T,Chr08,61341495,0.0206617830091962,9568,FALSE
Pv2.1_07_2399505_C/T,Chr07,2399505,0.0206583218431344,9569,FALSE
Pv2.1_07_2399516_T/C,Chr07,2399516,0.0206583218431344,9570,FALSE
Pv2.1_06_15479729_A/T,Chr06,15479729,0.0206564677662975,9571,FALSE
Pv2.1_02_36426866_TGG/T,Chr02,36426866,0.0206491971382543,9572,FALSE
Pv2.1_09_28879184_T/C,Chr09,28879184,0.0206462873424123,9573,FALSE
Pv2.1_06_13861419_C/T,Chr06,13861419,0.020644240145784,9574,FALSE
Pv2.1_06_18210801_G/A,Chr06,18210801,0.0206439760399388,9575,FALSE
Pv2.1_07_3397759_A/C,Chr07,3397759,0.0206293838665634,9576,FALSE
Pv2.1_04_1919818_C/A,Chr04,1919818,0.0206283281028781,9577,FALSE
Pv2.1_06_2041848_A/T,Chr06,2041848,0.0206239965262802,9578,FALSE
Pv2.1_09_22533995_G/A,Chr09,22533995,0.0206214821072761,9579,FALSE
Pv2.1_10_44259254_G/T,Chr10,44259254,0.0206206784704586,9580,FALSE
Pv2.1_06_27932754_G/A,Chr06,27932754,0.0206181724161896,9581,FALSE
Pv2.1_06_24705182_A/G,Chr06,24705182,0.0206153013289088,9582,FALSE
Pv2.1_03_52594817_G/T,Chr03,52594817,0.0206116625091708,9583,FALSE
Pv2.1_03_51848855_G/T,Chr03,51848855,0.0206098521547871,9584,FALSE
Pv2.1_08_59990672_G/T,Chr08,59990672,0.0206093770883817,9585,FALSE
Pv2.1_06_16423520_A/ACAC,Chr06,16423520,0.0206086009874622,9586,FALSE
Pv2.1_07_528622_T/C,Chr07,528622,0.0206058899823045,9587,FALSE
Pv2.1_06_24233545_G/A,Chr06,24233545,0.0206042620406892,9588,FALSE
Pv2.1_06_20062120_A/T,Chr06,20062120,0.0205981585344865,9589,FALSE
Pv2.1_04_2032929_C/T,Chr04,2032929,0.0205973783359958,9590,FALSE
Pv2.1_04_2032935_G/T,Chr04,2032935,0.0205973783359958,9591,FALSE
Pv2.1_08_62311046_T/TG,Chr08,62311046,0.020593237280274,9592,FALSE
Pv2.1_01_4819429_A/G,Chr01,4819429,0.020592284564906,9593,FALSE
Pv2.1_05_27561420_T/G,Chr05,27561420,0.0205893132605688,9594,FALSE
Pv2.1_06_26310516_G/A,Chr06,26310516,0.0205888525932854,9595,FALSE
Pv2.1_11_31477331_C/T,Chr11,31477331,0.0205885931148782,9596,FALSE
Pv2.1_07_38698456_G/T,Chr07,38698456,0.0205880818525164,9597,FALSE
Pv2.1_07_38698460_T/A,Chr07,38698460,0.0205880818525164,9598,FALSE
Pv2.1_01_4188315_A/T,Chr01,4188315,0.0205842463709169,9599,FALSE
Pv2.1_06_22475334_A/T,Chr06,22475334,0.0205840325925242,9600,FALSE
Pv2.1_07_4466720_G/T,Chr07,4466720,0.020583401442746,9601,FALSE
Pv2.1_09_37825150_C/G,Chr09,37825150,0.0205748088987794,9602,FALSE
Pv2.1_04_432722_A/G,Chr04,432722,0.0205727675735101,9603,FALSE
Pv2.1_06_27815589_G/T,Chr06,27815589,0.0205691325939243,9604,FALSE
Pv2.1_10_40470767_G/GATT,Chr10,40470767,0.0205681432730005,9605,FALSE
Pv2.1_06_19002809_G/T,Chr06,19002809,0.0205674353262459,9606,FALSE
Pv2.1_06_29408367_C/T,Chr06,29408367,0.02056483510205,9607,FALSE
Pv2.1_07_38813806_A/AT,Chr07,38813806,0.0205641313944689,9608,FALSE
Pv2.1_06_18392471_A/G,Chr06,18392471,0.0205635458871574,9609,FALSE
Pv2.1_06_25321400_C/G,Chr06,25321400,0.0205613473779964,9610,FALSE
Pv2.1_11_51020538_C/T,Chr11,51020538,0.0205562395884686,9611,FALSE
Pv2.1_11_51020553_T/A,Chr11,51020553,0.0205562395884686,9612,FALSE
Pv2.1_06_23719056_T/C,Chr06,23719056,0.0205558902926506,9613,FALSE
Pv2.1_04_62655_T/G,Chr04,62655,0.0205544624699825,9614,FALSE
Pv2.1_06_17273161_T/G,Chr06,17273161,0.020549804628768,9615,FALSE
Pv2.1_02_43116074_C/T,Chr02,43116074,0.0205460597900373,9616,FALSE
Pv2.1_10_43396539_A/T,Chr10,43396539,0.0205340565967589,9617,FALSE
Pv2.1_02_37019722_A/G,Chr02,37019722,0.0205336739171118,9618,FALSE
Pv2.1_07_36710028_G/A,Chr07,36710028,0.0205311579030885,9619,FALSE
Pv2.1_07_4270086_G/A,Chr07,4270086,0.0205308165068403,9620,FALSE
Pv2.1_06_21292475_C/G,Chr06,21292475,0.0205256968021779,9621,FALSE
Pv2.1_08_60360014_G/A,Chr08,60360014,0.020525579737634,9622,FALSE
Pv2.1_06_25448849_A/G,Chr06,25448849,0.0205240947687311,9623,FALSE
Pv2.1_01_2781225_C/T,Chr01,2781225,0.0205181709973084,9624,FALSE
Pv2.1_01_2808975_A/G,Chr01,2808975,0.0205131341517557,9625,FALSE
Pv2.1_04_4561467_C/T,Chr04,4561467,0.0205126783270004,9626,FALSE
Pv2.1_04_45152615_T/A,Chr04,45152615,0.0205112978002004,9627,FALSE
Pv2.1_02_7762713_T/C,Chr02,7762713,0.0205102285160552,9628,FALSE
Pv2.1_05_39245716_G/A,Chr05,39245716,0.0205089098657245,9629,FALSE
Pv2.1_03_11992892_C/T,Chr03,11992892,0.0205074371260645,9630,FALSE
Pv2.1_06_4222107_T/C,Chr06,4222107,0.0205050125379098,9631,FALSE
Pv2.1_11_377777_C/G,Chr11,377777,0.0205017189938128,9632,FALSE
Pv2.1_07_37600915_T/A,Chr07,37600915,0.0205010844836484,9633,FALSE
Pv2.1_03_45753118_T/A,Chr03,45753118,0.0204974887954306,9634,FALSE
Pv2.1_03_9408101_T/C,Chr03,9408101,0.0204968016949398,9635,FALSE
Pv2.1_07_28538877_G/C,Chr07,28538877,0.0204965061441063,9636,FALSE
Pv2.1_11_4521912_G/C,Chr11,4521912,0.0204949985250815,9637,FALSE
Pv2.1_11_40310464_CTT/C,Chr11,40310464,0.0204921376197875,9638,FALSE
Pv2.1_07_1084644_C/A,Chr07,1084644,0.0204876443743518,9639,FALSE
Pv2.1_07_1084653_A/G,Chr07,1084653,0.0204876443743518,9640,FALSE
Pv2.1_07_1084679_T/A,Chr07,1084679,0.0204876443743518,9641,FALSE
Pv2.1_06_15403864_A/AT,Chr06,15403864,0.0204866140016851,9642,FALSE
Pv2.1_11_2965054_A/G,Chr11,2965054,0.0204842802014253,9643,FALSE
Pv2.1_08_1709733_C/G,Chr08,1709733,0.0204766961628016,9644,FALSE
Pv2.1_03_53066987_C/A,Chr03,53066987,0.0204756806349335,9645,FALSE
Pv2.1_09_14953268_A/T,Chr09,14953268,0.0204739575999811,9646,FALSE
Pv2.1_07_1248803_A/G,Chr07,1248803,0.0204720200317818,9647,FALSE
Pv2.1_07_8275887_TTAG/T,Chr07,8275887,0.020471241285331,9648,FALSE
Pv2.1_02_46811044_AT/A,Chr02,46811044,0.0204705364312652,9649,FALSE
Pv2.1_06_25291304_G/C,Chr06,25291304,0.0204699147254215,9650,FALSE
Pv2.1_07_3485353_C/T,Chr07,3485353,0.0204684469972505,9651,FALSE
Pv2.1_07_34448064_C/G,Chr07,34448064,0.0204673093518419,9652,FALSE
Pv2.1_09_33318782_A/AAAG,Chr09,33318782,0.0204656251314086,9653,FALSE
Pv2.1_02_33780986_T/G,Chr02,33780986,0.0204642406508091,9654,FALSE
Pv2.1_06_12424097_A/C,Chr06,12424097,0.020463857087667,9655,FALSE
Pv2.1_06_16311940_C/G,Chr06,16311940,0.0204601642707085,9656,FALSE
Pv2.1_02_34667901_AAGAG/A,Chr02,34667901,0.0204593857854682,9657,FALSE
Pv2.1_08_1001543_G/T,Chr08,1001543,0.0204591182822638,9658,FALSE
Pv2.1_06_7025266_T/C,Chr06,7025266,0.0204587761257797,9659,FALSE
Pv2.1_04_21442173_A/AGT,Chr04,21442173,0.0204555050232544,9660,FALSE
Pv2.1_07_4306932_G/A,Chr07,4306932,0.0204526814429231,9661,FALSE
Pv2.1_07_4306935_C/G,Chr07,4306935,0.0204526814429231,9662,FALSE
Pv2.1_05_410511_G/A,Chr05,410511,0.0204507389039241,9663,FALSE
Pv2.1_07_6847435_C/T,Chr07,6847435,0.0204458162211809,9664,FALSE
Pv2.1_01_655988_C/T,Chr01,655988,0.0204454384004995,9665,FALSE
Pv2.1_08_62950772_C/CTAT,Chr08,62950772,0.0204444445506184,9666,FALSE
Pv2.1_09_36051915_T/C,Chr09,36051915,0.0204443554175313,9667,FALSE
Pv2.1_10_40331777_A/T,Chr10,40331777,0.0204427586781102,9668,FALSE
Pv2.1_07_4464131_T/C,Chr07,4464131,0.0204419885114358,9669,FALSE
Pv2.1_02_38513137_TTGC/T,Chr02,38513137,0.0204402411068365,9670,FALSE
Pv2.1_09_35411806_C/G,Chr09,35411806,0.0204388320736673,9671,FALSE
Pv2.1_11_26637835_G/C,Chr11,26637835,0.0204387624940585,9672,FALSE
Pv2.1_10_3435465_T/G,Chr10,3435465,0.0204362936747722,9673,FALSE
Pv2.1_10_3435490_T/G,Chr10,3435490,0.0204362936747722,9674,FALSE
Pv2.1_06_25203656_C/T,Chr06,25203656,0.020434286801013,9675,FALSE
Pv2.1_04_47840035_G/C,Chr04,47840035,0.0204341192087369,9676,FALSE
Pv2.1_06_29493865_T/C,Chr06,29493865,0.0204336798539493,9677,FALSE
Pv2.1_08_63018981_T/C,Chr08,63018981,0.0204334621633553,9678,FALSE
Pv2.1_07_23019514_G/A,Chr07,23019514,0.02043096213235,9679,FALSE
Pv2.1_07_23019525_G/A,Chr07,23019525,0.02043096213235,9680,FALSE
Pv2.1_07_23019536_T/C,Chr07,23019536,0.02043096213235,9681,FALSE
Pv2.1_08_62661010_G/C,Chr08,62661010,0.0204277193138092,9682,FALSE
Pv2.1_07_37601038_T/C,Chr07,37601038,0.0204259824674979,9683,FALSE
Pv2.1_01_2063881_T/G,Chr01,2063881,0.02042532462825,9684,FALSE
Pv2.1_10_40540184_T/G,Chr10,40540184,0.0204251680325043,9685,FALSE
Pv2.1_09_31227919_C/T,Chr09,31227919,0.0204250742974281,9686,FALSE
Pv2.1_04_83056_C/T,Chr04,83056,0.0204236826109589,9687,FALSE
Pv2.1_10_43376201_A/G,Chr10,43376201,0.0204189433319475,9688,FALSE
Pv2.1_09_7581285_C/T,Chr09,7581285,0.0204078270546209,9689,FALSE
Pv2.1_04_47078771_G/C,Chr04,47078771,0.0204076415735424,9690,FALSE
Pv2.1_08_62280382_G/A,Chr08,62280382,0.020401727109896,9691,FALSE
Pv2.1_02_49620503_AT/A,Chr02,49620503,0.0203999408147642,9692,FALSE
Pv2.1_03_10953271_T/C,Chr03,10953271,0.0203995998372513,9693,FALSE
Pv2.1_02_561874_A/T,Chr02,561874,0.0203949773154353,9694,FALSE
Pv2.1_04_47262289_C/T,Chr04,47262289,0.020388118390136,9695,FALSE
Pv2.1_01_1162637_G/C,Chr01,1162637,0.0203843914481912,9696,FALSE
Pv2.1_08_38905597_G/A,Chr08,38905597,0.0203799320655524,9697,FALSE
Pv2.1_01_4306849_T/A,Chr01,4306849,0.0203787376889073,9698,FALSE
Pv2.1_06_19585697_A/G,Chr06,19585697,0.020375360609123,9699,FALSE
Pv2.1_08_24407066_C/G,Chr08,24407066,0.0203608717873038,9700,FALSE
Pv2.1_10_43810856_T/C,Chr10,43810856,0.0203598305184673,9701,FALSE
Pv2.1_06_16433737_G/A,Chr06,16433737,0.0203583070429061,9702,FALSE
Pv2.1_06_2925087_G/A,Chr06,2925087,0.0203576884226675,9703,FALSE
Pv2.1_07_1074638_C/A,Chr07,1074638,0.0203570197157146,9704,FALSE
Pv2.1_07_1074641_G/A,Chr07,1074641,0.0203570197157146,9705,FALSE
Pv2.1_11_553902_T/C,Chr11,553902,0.0203484970246199,9706,FALSE
Pv2.1_11_47196435_T/A,Chr11,47196435,0.0203480317979019,9707,FALSE
Pv2.1_01_51227181_T/A,Chr01,51227181,0.0203476073081443,9708,FALSE
Pv2.1_11_2662032_AC/A,Chr11,2662032,0.0203474346706858,9709,FALSE
Pv2.1_05_39687095_A/G,Chr05,39687095,0.0203463586200376,9710,FALSE
Pv2.1_06_26660353_A/T,Chr06,26660353,0.020344540209706,9711,FALSE
Pv2.1_04_2109655_T/C,Chr04,2109655,0.0203437007152294,9712,FALSE
Pv2.1_08_62375861_T/C,Chr08,62375861,0.0203374749544993,9713,FALSE
Pv2.1_10_43183912_GGTAA/G,Chr10,43183912,0.0203360849510243,9714,FALSE
Pv2.1_03_10944918_A/G,Chr03,10944918,0.0203308852019348,9715,FALSE
Pv2.1_08_1159066_G/A,Chr08,1159066,0.0203304837187774,9716,FALSE
Pv2.1_07_37323591_G/A,Chr07,37323591,0.0203303744892338,9717,FALSE
Pv2.1_04_455755_A/G,Chr04,455755,0.0203278865089813,9718,FALSE
Pv2.1_03_43542273_G/A,Chr03,43542273,0.0203278509334441,9719,FALSE
Pv2.1_06_18408012_G/C,Chr06,18408012,0.0203275096218136,9720,FALSE
Pv2.1_06_18904400_A/C,Chr06,18904400,0.0203261817024876,9721,FALSE
Pv2.1_06_4990010_G/A,Chr06,4990010,0.0203253879483358,9722,FALSE
Pv2.1_04_281365_A/T,Chr04,281365,0.020325123121463,9723,FALSE
Pv2.1_08_62490624_C/T,Chr08,62490624,0.0203194539141172,9724,FALSE
Pv2.1_08_61225472_C/G,Chr08,61225472,0.0203160739105117,9725,FALSE
Pv2.1_05_39574767_T/G,Chr05,39574767,0.0203159195380662,9726,FALSE
Pv2.1_08_62787568_G/C,Chr08,62787568,0.0203100722124416,9727,FALSE
Pv2.1_07_37288828_G/T,Chr07,37288828,0.0203100022377658,9728,FALSE
Pv2.1_06_19352843_C/T,Chr06,19352843,0.0203087147579768,9729,FALSE
Pv2.1_11_50239941_A/G,Chr11,50239941,0.0203073232604862,9730,FALSE
Pv2.1_09_35630823_A/G,Chr09,35630823,0.0203006877716487,9731,FALSE
Pv2.1_07_38830375_T/C,Chr07,38830375,0.0203005198753967,9732,FALSE
Pv2.1_01_2173999_T/C,Chr01,2173999,0.0202992999958824,9733,FALSE
Pv2.1_11_4544721_G/A,Chr11,4544721,0.0202980287442847,9734,FALSE
Pv2.1_07_38589938_G/A,Chr07,38589938,0.020293183676134,9735,FALSE
Pv2.1_01_6676480_T/A,Chr01,6676480,0.0202871082447498,9736,FALSE
Pv2.1_04_523183_A/G,Chr04,523183,0.0202864681997434,9737,FALSE
Pv2.1_06_17983645_C/G,Chr06,17983645,0.0202849420571045,9738,FALSE
Pv2.1_08_511532_C/T,Chr08,511532,0.020284215887898,9739,FALSE
Pv2.1_11_49889647_G/C,Chr11,49889647,0.0202833217963159,9740,FALSE
Pv2.1_08_62894950_C/A,Chr08,62894950,0.0202747671826646,9741,FALSE
Pv2.1_04_47716306_C/T,Chr04,47716306,0.0202733099655958,9742,FALSE
Pv2.1_08_61399344_C/T,Chr08,61399344,0.0202713558847782,9743,FALSE
Pv2.1_08_61399347_C/T,Chr08,61399347,0.0202713558847782,9744,FALSE
Pv2.1_07_1197126_A/T,Chr07,1197126,0.0202702817261455,9745,FALSE
Pv2.1_11_1010601_C/T,Chr11,1010601,0.0202684214282267,9746,FALSE
Pv2.1_06_5598172_T/A,Chr06,5598172,0.0202681932467326,9747,FALSE
Pv2.1_06_5802866_C/T,Chr06,5802866,0.0202648142860089,9748,FALSE
Pv2.1_03_52595070_G/A,Chr03,52595070,0.0202631551301393,9749,FALSE
Pv2.1_11_31548759_G/A,Chr11,31548759,0.0202613768012725,9750,FALSE
Pv2.1_01_2174080_A/G,Chr01,2174080,0.0202585631597989,9751,FALSE
Pv2.1_02_23338026_A/T,Chr02,23338026,0.0202486456158533,9752,FALSE
Pv2.1_09_29268172_T/G,Chr09,29268172,0.0202466615167984,9753,FALSE
Pv2.1_03_42944158_A/T,Chr03,42944158,0.0202408353886536,9754,FALSE
Pv2.1_02_11064696_A/AT,Chr02,11064696,0.0202329652149333,9755,FALSE
Pv2.1_08_1594645_G/A,Chr08,1594645,0.0202317885124983,9756,FALSE
Pv2.1_11_53379190_G/C,Chr11,53379190,0.0202310474519365,9757,FALSE
Pv2.1_10_37942189_A/G,Chr10,37942189,0.0202281493312255,9758,FALSE
Pv2.1_10_43376035_T/C,Chr10,43376035,0.0202263882303892,9759,FALSE
Pv2.1_06_26569089_A/G,Chr06,26569089,0.0202205739810224,9760,FALSE
Pv2.1_06_26569129_T/A,Chr06,26569129,0.0202205739810224,9761,FALSE
Pv2.1_06_24799614_A/AAT,Chr06,24799614,0.0202170637350898,9762,FALSE
Pv2.1_08_62807727_G/A,Chr08,62807727,0.0202162059501849,9763,FALSE
Pv2.1_06_21215236_A/G,Chr06,21215236,0.0202137918837195,9764,FALSE
Pv2.1_06_22262551_C/T,Chr06,22262551,0.0202116427380781,9765,FALSE
Pv2.1_07_28969220_C/T,Chr07,28969220,0.0202089877640099,9766,FALSE
Pv2.1_07_1218084_A/T,Chr07,1218084,0.0202086119100966,9767,FALSE
Pv2.1_11_2238786_G/A,Chr11,2238786,0.0202076275418324,9768,FALSE
Pv2.1_07_1287995_A/G,Chr07,1287995,0.0202052489579558,9769,FALSE
Pv2.1_07_1288011_T/C,Chr07,1288011,0.0202052489579558,9770,FALSE
Pv2.1_11_4521740_A/T,Chr11,4521740,0.0202027924092727,9771,FALSE
Pv2.1_06_17903330_T/A,Chr06,17903330,0.020197055362543,9772,FALSE
Pv2.1_04_1317120_T/A,Chr04,1317120,0.0201945375565078,9773,FALSE
Pv2.1_03_52882924_A/T,Chr03,52882924,0.0201887319554133,9774,FALSE
Pv2.1_11_49186415_A/T,Chr11,49186415,0.0201886355687377,9775,FALSE
Pv2.1_08_61525857_CCCG/C,Chr08,61525857,0.0201816792655216,9776,FALSE
Pv2.1_09_22466401_T/C,Chr09,22466401,0.0201772992755007,9777,FALSE
Pv2.1_04_47811446_G/C,Chr04,47811446,0.0201739106598886,9778,FALSE
Pv2.1_02_37424241_T/G,Chr02,37424241,0.0201730542343639,9779,FALSE
Pv2.1_07_39271433_T/A,Chr07,39271433,0.0201729045268864,9780,FALSE
Pv2.1_11_3129051_C/T,Chr11,3129051,0.0201717486180977,9781,FALSE
Pv2.1_03_7264192_T/C,Chr03,7264192,0.0201668576538139,9782,FALSE
Pv2.1_07_28945244_G/A,Chr07,28945244,0.0201633140559117,9783,FALSE
Pv2.1_09_14106674_A/T,Chr09,14106674,0.0201629894079431,9784,FALSE
Pv2.1_02_47629842_T/C,Chr02,47629842,0.0201592445461274,9785,FALSE
Pv2.1_06_26569183_A/C,Chr06,26569183,0.0201580156424575,9786,FALSE
Pv2.1_02_36062145_T/A,Chr02,36062145,0.0201559274582217,9787,FALSE
Pv2.1_07_37007191_A/C,Chr07,37007191,0.0201546372777059,9788,FALSE
Pv2.1_01_932655_T/A,Chr01,932655,0.0201507092616557,9789,FALSE
Pv2.1_05_2411708_A/G,Chr05,2411708,0.0201461697798959,9790,FALSE
Pv2.1_01_4925215_G/A,Chr01,4925215,0.0201457025209182,9791,FALSE
Pv2.1_06_22385980_C/T,Chr06,22385980,0.0201419031657748,9792,FALSE
Pv2.1_06_26429674_G/C,Chr06,26429674,0.0201388964385547,9793,FALSE
Pv2.1_06_26429684_A/G,Chr06,26429684,0.0201388964385547,9794,FALSE
Pv2.1_06_15469020_C/T,Chr06,15469020,0.020138695481573,9795,FALSE
Pv2.1_10_42270382_T/C,Chr10,42270382,0.0201370957925953,9796,FALSE
Pv2.1_01_51308654_A/C,Chr01,51308654,0.0201365972443051,9797,FALSE
Pv2.1_08_62212400_G/A,Chr08,62212400,0.02013408980023,9798,FALSE
Pv2.1_05_26209818_T/C,Chr05,26209818,0.0201333656726219,9799,FALSE
Pv2.1_07_36710947_C/T,Chr07,36710947,0.0201239420478547,9800,FALSE
Pv2.1_02_25840397_G/A,Chr02,25840397,0.0201196555651206,9801,FALSE
Pv2.1_07_594071_A/T,Chr07,594071,0.0201186106107922,9802,FALSE
Pv2.1_01_2850786_C/T,Chr01,2850786,0.0201184092375413,9803,FALSE
Pv2.1_11_32113538_T/C,Chr11,32113538,0.0201168812081933,9804,FALSE
Pv2.1_02_47382042_A/G,Chr02,47382042,0.0201158488191551,9805,FALSE
Pv2.1_03_7208973_G/A,Chr03,7208973,0.0201107229637776,9806,FALSE
Pv2.1_06_16870410_A/T,Chr06,16870410,0.0201088958017386,9807,FALSE
Pv2.1_05_38443896_T/A,Chr05,38443896,0.0201016012094128,9808,FALSE
Pv2.1_05_38443926_T/A,Chr05,38443926,0.0201016012094128,9809,FALSE
Pv2.1_01_51318874_A/G,Chr01,51318874,0.0200941452848951,9810,FALSE
Pv2.1_06_20054744_T/A,Chr06,20054744,0.020093910102216,9811,FALSE
Pv2.1_06_20054768_T/C,Chr06,20054768,0.020093910102216,9812,FALSE
Pv2.1_08_62490716_G/T,Chr08,62490716,0.0200918389308558,9813,FALSE
Pv2.1_02_7837276_A/G,Chr02,7837276,0.0200914652897461,9814,FALSE
Pv2.1_08_61081523_A/G,Chr08,61081523,0.0200891376206593,9815,FALSE
Pv2.1_02_3254183_A/T,Chr02,3254183,0.0200850291271393,9816,FALSE
Pv2.1_02_3254193_C/A,Chr02,3254193,0.0200850291271393,9817,FALSE
Pv2.1_11_28229547_C/T,Chr11,28229547,0.0200833209339053,9818,FALSE
Pv2.1_06_16810182_G/C,Chr06,16810182,0.0200831508574337,9819,FALSE
Pv2.1_07_38056131_C/A,Chr07,38056131,0.0200810854286826,9820,FALSE
Pv2.1_10_42635900_C/T,Chr10,42635900,0.020080658553379,9821,FALSE
Pv2.1_11_51020565_G/C,Chr11,51020565,0.0200794898423733,9822,FALSE
Pv2.1_11_51020565_G/T,Chr11,51020565,0.0200794898423733,9823,FALSE
Pv2.1_01_2781237_T/C,Chr01,2781237,0.0200794320869897,9824,FALSE
Pv2.1_06_27784108_A/G,Chr06,27784108,0.0200745537358729,9825,FALSE
Pv2.1_02_2256575_A/G,Chr02,2256575,0.0200743661127678,9826,FALSE
Pv2.1_07_9479447_C/T,Chr07,9479447,0.0200692478996989,9827,FALSE
Pv2.1_07_9479478_T/G,Chr07,9479478,0.0200692478996989,9828,FALSE
Pv2.1_04_455754_A/G,Chr04,455754,0.0200667530103482,9829,FALSE
Pv2.1_03_52495251_T/C,Chr03,52495251,0.0200656075324273,9830,FALSE
Pv2.1_08_1709790_C/T,Chr08,1709790,0.0200526066722073,9831,FALSE
Pv2.1_03_44976525_A/G,Chr03,44976525,0.0200519769271486,9832,FALSE
Pv2.1_08_62447459_C/T,Chr08,62447459,0.0200511253044029,9833,FALSE
Pv2.1_01_789281_G/A,Chr01,789281,0.0200502989098199,9834,FALSE
Pv2.1_07_10032787_T/A,Chr07,10032787,0.0200455780501567,9835,FALSE
Pv2.1_07_10032832_A/T,Chr07,10032832,0.0200455780501567,9836,FALSE
Pv2.1_07_10032833_C/G,Chr07,10032833,0.0200455780501567,9837,FALSE
Pv2.1_11_3221118_T/A,Chr11,3221118,0.0200414493777088,9838,FALSE
Pv2.1_11_34204855_A/C,Chr11,34204855,0.0200385477480913,9839,FALSE
Pv2.1_09_29308803_A/G,Chr09,29308803,0.0200367566396689,9840,FALSE
Pv2.1_06_22542184_C/T,Chr06,22542184,0.0200361035592094,9841,FALSE
Pv2.1_08_62882623_C/CGAT,Chr08,62882623,0.0200347136546832,9842,FALSE
Pv2.1_02_7655038_C/G,Chr02,7655038,0.0200337611527415,9843,FALSE
Pv2.1_07_1235393_C/T,Chr07,1235393,0.0200333463600102,9844,FALSE
Pv2.1_07_38727951_C/T,Chr07,38727951,0.0200333224802804,9845,FALSE
Pv2.1_06_21533342_T/C,Chr06,21533342,0.0200305595906971,9846,FALSE
Pv2.1_06_23841467_A/C,Chr06,23841467,0.0200304096242596,9847,FALSE
Pv2.1_02_1895484_T/A,Chr02,1895484,0.020029876066427,9848,FALSE
Pv2.1_09_22312661_T/A,Chr09,22312661,0.0200245396948571,9849,FALSE
Pv2.1_09_22312665_G/T,Chr09,22312665,0.0200245396948571,9850,FALSE
Pv2.1_09_22312670_G/C,Chr09,22312670,0.0200245396948571,9851,FALSE
Pv2.1_08_1817734_A/G,Chr08,1817734,0.0200241367368195,9852,FALSE
Pv2.1_06_24800710_A/T,Chr06,24800710,0.0200234502688201,9853,FALSE
Pv2.1_04_46934152_T/C,Chr04,46934152,0.0200226038590112,9854,FALSE
Pv2.1_06_21220240_A/G,Chr06,21220240,0.0200224585993194,9855,FALSE
Pv2.1_06_19549529_A/C,Chr06,19549529,0.0200211395538621,9856,FALSE
Pv2.1_06_15480998_G/A,Chr06,15480998,0.0200206685772586,9857,FALSE
Pv2.1_09_22541008_G/A,Chr09,22541008,0.0200173803002133,9858,FALSE
Pv2.1_08_60329080_G/A,Chr08,60329080,0.0200161979075024,9859,FALSE
Pv2.1_08_62046644_G/A,Chr08,62046644,0.0200135296076365,9860,FALSE
Pv2.1_06_14600328_T/C,Chr06,14600328,0.0200117135794451,9861,FALSE
Pv2.1_06_14600359_C/T,Chr06,14600359,0.0200117135794451,9862,FALSE
Pv2.1_04_46298929_G/C,Chr04,46298929,0.0200021348568264,9863,FALSE
Pv2.1_11_50568681_T/G,Chr11,50568681,0.0200019734194479,9864,FALSE
Pv2.1_11_50568731_C/T,Chr11,50568731,0.0200019734194479,9865,FALSE
Pv2.1_03_44694260_G/A,Chr03,44694260,0.0199871310776754,9866,FALSE
Pv2.1_07_216282_A/G,Chr07,216282,0.019987079185944,9867,FALSE
Pv2.1_08_62576996_T/C,Chr08,62576996,0.0199858579256889,9868,FALSE
Pv2.1_07_38021578_A/AG,Chr07,38021578,0.0199801255607115,9869,FALSE
Pv2.1_11_37694111_G/T,Chr11,37694111,0.0199781990241439,9870,FALSE
Pv2.1_11_29949698_A/C,Chr11,29949698,0.0199774149997394,9871,FALSE
Pv2.1_09_14586322_G/A,Chr09,14586322,0.0199749342833386,9872,FALSE
Pv2.1_03_52663203_A/G,Chr03,52663203,0.0199682987497112,9873,FALSE
Pv2.1_06_30736506_T/C,Chr06,30736506,0.0199662292678826,9874,FALSE
Pv2.1_02_2186646_TA/T,Chr02,2186646,0.0199660457138333,9875,FALSE
Pv2.1_03_2872419_G/A,Chr03,2872419,0.0199652383817308,9876,FALSE
Pv2.1_11_2171631_T/C,Chr11,2171631,0.0199612985337776,9877,FALSE
Pv2.1_11_2171662_C/A,Chr11,2171662,0.0199612985337776,9878,FALSE
Pv2.1_11_20015535_C/T,Chr11,20015535,0.0199554758718645,9879,FALSE
Pv2.1_02_35464304_G/A,Chr02,35464304,0.0199519237735157,9880,FALSE
Pv2.1_04_2319309_A/C,Chr04,2319309,0.0199504159511039,9881,FALSE
Pv2.1_09_381402_A/G,Chr09,381402,0.0199488374459724,9882,FALSE
Pv2.1_06_5598228_G/A,Chr06,5598228,0.0199476157777956,9883,FALSE
Pv2.1_10_42780240_C/CTA,Chr10,42780240,0.0199426687205615,9884,FALSE
Pv2.1_07_9106073_T/A,Chr07,9106073,0.0199383516362803,9885,FALSE
Pv2.1_07_9106073_T/C,Chr07,9106073,0.0199383516362803,9886,FALSE
Pv2.1_03_45462955_C/G,Chr03,45462955,0.0199354892796313,9887,FALSE
Pv2.1_08_40814872_G/A,Chr08,40814872,0.0199267983126075,9888,FALSE
Pv2.1_11_2965148_T/G,Chr11,2965148,0.0199220302143921,9889,FALSE
Pv2.1_01_495805_G/T,Chr01,495805,0.019921356838871,9890,FALSE
Pv2.1_08_62490268_C/T,Chr08,62490268,0.0199213366983835,9891,FALSE
Pv2.1_09_28195868_C/T,Chr09,28195868,0.0199169145545075,9892,FALSE
Pv2.1_11_3345713_G/A,Chr11,3345713,0.0199166274064391,9893,FALSE
Pv2.1_05_38455802_C/T,Chr05,38455802,0.0199134544662316,9894,FALSE
Pv2.1_05_38455834_A/G,Chr05,38455834,0.0199134544662316,9895,FALSE
Pv2.1_01_51101375_C/T,Chr01,51101375,0.0199134220451045,9896,FALSE
Pv2.1_06_15383362_C/T,Chr06,15383362,0.0199082498300571,9897,FALSE
Pv2.1_02_561821_A/G,Chr02,561821,0.019900687357707,9898,FALSE
Pv2.1_03_3887350_G/GA,Chr03,3887350,0.0198986705427142,9899,FALSE
Pv2.1_07_39862112_T/C,Chr07,39862112,0.0198964146822958,9900,FALSE
Pv2.1_11_4544408_A/T,Chr11,4544408,0.0198921073522027,9901,FALSE
Pv2.1_08_60360027_G/T,Chr08,60360027,0.0198912751327911,9902,FALSE
Pv2.1_09_29273889_C/G,Chr09,29273889,0.019888812431708,9903,FALSE
Pv2.1_07_37767237_G/T,Chr07,37767237,0.0198825811616956,9904,FALSE
Pv2.1_11_29949931_G/GA,Chr11,29949931,0.019879070542415,9905,FALSE
Pv2.1_10_42578211_T/C,Chr10,42578211,0.019877876906691,9906,FALSE
Pv2.1_05_39245791_A/G,Chr05,39245791,0.0198756799625062,9907,FALSE
Pv2.1_11_52609654_T/C,Chr11,52609654,0.0198715458321876,9908,FALSE
Pv2.1_08_24415424_C/CAG,Chr08,24415424,0.0198669271193888,9909,FALSE
Pv2.1_09_36508179_C/T,Chr09,36508179,0.0198652549920175,9910,FALSE
Pv2.1_02_47246214_T/A,Chr02,47246214,0.0198637291512713,9911,FALSE
Pv2.1_10_37211750_G/A,Chr10,37211750,0.0198621986431209,9912,FALSE
Pv2.1_01_5952221_G/A,Chr01,5952221,0.0198618619006989,9913,FALSE
Pv2.1_08_62950730_T/C,Chr08,62950730,0.019857983872213,9914,FALSE
Pv2.1_03_52961221_A/G,Chr03,52961221,0.0198536900985653,9915,FALSE
Pv2.1_09_28195886_G/T,Chr09,28195886,0.0198530000196322,9916,FALSE
Pv2.1_11_51916477_A/C,Chr11,51916477,0.0198510277552857,9917,FALSE
Pv2.1_08_61642577_C/T,Chr08,61642577,0.0198492817581992,9918,FALSE
Pv2.1_07_39209277_A/G,Chr07,39209277,0.0198488527730998,9919,FALSE
Pv2.1_08_52656401_C/T,Chr08,52656401,0.0198486484064557,9920,FALSE
Pv2.1_04_3450835_A/T,Chr04,3450835,0.0198415877189921,9921,FALSE
Pv2.1_11_4498511_A/G,Chr11,4498511,0.019841539518656,9922,FALSE
Pv2.1_07_37007177_T/A,Chr07,37007177,0.0198408156685401,9923,FALSE
Pv2.1_10_42679072_A/T,Chr10,42679072,0.0198362821712381,9924,FALSE
Pv2.1_07_35989956_A/T,Chr07,35989956,0.0198318931331647,9925,FALSE
Pv2.1_09_35990383_T/A,Chr09,35990383,0.0198269991528073,9926,FALSE
Pv2.1_11_50054929_C/T,Chr11,50054929,0.0198228470217283,9927,FALSE
Pv2.1_07_36799688_G/T,Chr07,36799688,0.0198214097357017,9928,FALSE
Pv2.1_06_16510137_A/C,Chr06,16510137,0.019815427983469,9929,FALSE
Pv2.1_04_541197_C/T,Chr04,541197,0.0198145338823137,9930,FALSE
Pv2.1_03_228901_C/T,Chr03,228901,0.0198118006745327,9931,FALSE
Pv2.1_10_749253_T/C,Chr10,749253,0.0198088773384049,9932,FALSE
Pv2.1_06_8347772_T/C,Chr06,8347772,0.0198087566578575,9933,FALSE
Pv2.1_11_4617746_T/A,Chr11,4617746,0.0198057378430354,9934,FALSE
Pv2.1_03_44694364_G/T,Chr03,44694364,0.019805363288147,9935,FALSE
Pv2.1_11_53519092_C/G,Chr11,53519092,0.0198016983542519,9936,FALSE
Pv2.1_11_1555291_T/C,Chr11,1555291,0.0198015615656053,9937,FALSE
Pv2.1_07_3397698_C/G,Chr07,3397698,0.019801179284447,9938,FALSE
Pv2.1_10_42758310_G/A,Chr10,42758310,0.0198007984876951,9939,FALSE
Pv2.1_07_36963738_G/A,Chr07,36963738,0.0197954985896471,9940,FALSE
Pv2.1_07_133744_C/G,Chr07,133744,0.0197896204147181,9941,FALSE
Pv2.1_02_43325172_G/C,Chr02,43325172,0.0197894508209995,9942,FALSE
Pv2.1_06_21088111_G/C,Chr06,21088111,0.0197787668340568,9943,FALSE
Pv2.1_09_36432695_A/C,Chr09,36432695,0.0197759208477999,9944,FALSE
Pv2.1_04_21411251_A/G,Chr04,21411251,0.0197756428520499,9945,FALSE
Pv2.1_06_19549369_T/A,Chr06,19549369,0.0197751887725284,9946,FALSE
Pv2.1_08_62712377_A/C,Chr08,62712377,0.0197691968323825,9947,FALSE
Pv2.1_06_24112812_T/C,Chr06,24112812,0.0197677509830214,9948,FALSE
Pv2.1_08_555101_T/C,Chr08,555101,0.0197668786695324,9949,FALSE
Pv2.1_11_29457419_A/T,Chr11,29457419,0.0197667851224392,9950,FALSE
Pv2.1_08_62495513_C/T,Chr08,62495513,0.0197641572251426,9951,FALSE
Pv2.1_11_49693108_G/C,Chr11,49693108,0.0197627517579861,9952,FALSE
Pv2.1_08_63004745_C/G,Chr08,63004745,0.0197616100045965,9953,FALSE
Pv2.1_11_2084280_T/C,Chr11,2084280,0.019760495874861,9954,FALSE
Pv2.1_02_47665463_C/G,Chr02,47665463,0.019760120265417,9955,FALSE
Pv2.1_07_39812643_G/A,Chr07,39812643,0.0197575459706556,9956,FALSE
Pv2.1_08_5176044_C/G,Chr08,5176044,0.0197574776408,9957,FALSE
Pv2.1_09_38150317_T/A,Chr09,38150317,0.0197564487553188,9958,FALSE
Pv2.1_07_21469735_T/C,Chr07,21469735,0.0197543038142238,9959,FALSE
Pv2.1_04_41777436_G/C,Chr04,41777436,0.0197541716452134,9960,FALSE
Pv2.1_06_13102808_A/G,Chr06,13102808,0.0197519862598301,9961,FALSE
Pv2.1_06_26054074_C/T,Chr06,26054074,0.019751219664303,9962,FALSE
Pv2.1_09_38219052_G/A,Chr09,38219052,0.0197493265169069,9963,FALSE
Pv2.1_06_24115858_T/G,Chr06,24115858,0.0197481560395949,9964,FALSE
Pv2.1_08_61048240_T/C,Chr08,61048240,0.0197447746121173,9965,FALSE
Pv2.1_06_19713657_A/T,Chr06,19713657,0.019743044499057,9966,FALSE
Pv2.1_10_38147188_T/C,Chr10,38147188,0.0197379402793247,9967,FALSE
Pv2.1_04_47099393_T/A,Chr04,47099393,0.0197363730874205,9968,FALSE
Pv2.1_04_32728_G/A,Chr04,32728,0.0197358570337753,9969,FALSE
Pv2.1_05_38289932_A/G,Chr05,38289932,0.0197313998686055,9970,FALSE
Pv2.1_10_8925028_T/C,Chr10,8925028,0.0197297402157202,9971,FALSE
Pv2.1_10_8925066_T/A,Chr10,8925066,0.0197297402157202,9972,FALSE
Pv2.1_10_40936883_T/G,Chr10,40936883,0.0197279248314315,9973,FALSE
Pv2.1_08_40196726_A/G,Chr08,40196726,0.0197276124194343,9974,FALSE
Pv2.1_06_25687968_A/T,Chr06,25687968,0.0197269390552495,9975,FALSE
Pv2.1_02_3166993_G/A,Chr02,3166993,0.0197265799649964,9976,FALSE
Pv2.1_09_12105339_G/A,Chr09,12105339,0.0197244157811101,9977,FALSE
Pv2.1_03_12613636_A/T,Chr03,12613636,0.0197205178513125,9978,FALSE
Pv2.1_07_4549470_A/AT,Chr07,4549470,0.0197183804644681,9979,FALSE
Pv2.1_08_60092759_G/A,Chr08,60092759,0.0197169036902687,9980,FALSE
Pv2.1_06_19727679_T/A,Chr06,19727679,0.0197166673468674,9981,FALSE
Pv2.1_09_22307868_C/A,Chr09,22307868,0.0197156240674508,9982,FALSE
Pv2.1_08_6079240_G/A,Chr08,6079240,0.0197117374536719,9983,FALSE
Pv2.1_04_455752_C/T,Chr04,455752,0.0197071814102245,9984,FALSE
Pv2.1_03_12460987_A/C,Chr03,12460987,0.0196999307734305,9985,FALSE
Pv2.1_04_41777479_C/G,Chr04,41777479,0.0196982642601498,9986,FALSE
Pv2.1_06_14973060_T/C,Chr06,14973060,0.0196949299809548,9987,FALSE
Pv2.1_02_44545141_C/T,Chr02,44545141,0.0196943827473475,9988,FALSE
Pv2.1_03_7849386_G/A,Chr03,7849386,0.0196930354965352,9989,FALSE
Pv2.1_07_3964852_T/G,Chr07,3964852,0.0196930299550289,9990,FALSE
Pv2.1_02_33432539_A/G,Chr02,33432539,0.0196915692119086,9991,FALSE
Pv2.1_03_45618561_G/T,Chr03,45618561,0.0196897137462466,9992,FALSE
Pv2.1_04_4561473_T/C,Chr04,4561473,0.0196825021154736,9993,FALSE
Pv2.1_07_8521331_C/T,Chr07,8521331,0.0196815009293987,9994,FALSE
Pv2.1_11_47196427_G/A,Chr11,47196427,0.0196795298233825,9995,FALSE
Pv2.1_03_2938515_A/G,Chr03,2938515,0.0196767469060459,9996,FALSE
Pv2.1_11_31548757_C/T,Chr11,31548757,0.0196760909686984,9997,FALSE
Pv2.1_11_2383232_G/C,Chr11,2383232,0.0196697835561128,9998,FALSE
Pv2.1_09_36905297_A/T,Chr09,36905297,0.0196617360112681,9999,FALSE
Pv2.1_09_37429101_C/G,Chr09,37429101,0.0196567207078489,10000,FALSE
Pv2.1_01_48502760_G/C,Chr01,48502760,0.019654262953376,10001,FALSE
Pv2.1_11_111774_C/T,Chr11,111774,0.0196516823645694,10002,FALSE
Pv2.1_10_43376077_C/A,Chr10,43376077,0.0196465587651398,10003,FALSE
Pv2.1_06_18848357_G/A,Chr06,18848357,0.01963514180758,10004,FALSE
Pv2.1_08_63004571_C/G,Chr08,63004571,0.0196313588325103,10005,FALSE
Pv2.1_08_63004594_A/G,Chr08,63004594,0.0196313588325103,10006,FALSE
Pv2.1_02_34584048_C/T,Chr02,34584048,0.0196305633709239,10007,FALSE
Pv2.1_10_43183440_T/C,Chr10,43183440,0.0196264525997214,10008,FALSE
Pv2.1_06_3852773_G/A,Chr06,3852773,0.0196254282780686,10009,FALSE
Pv2.1_06_21615329_A/G,Chr06,21615329,0.0196235002238616,10010,FALSE
Pv2.1_10_38244735_A/G,Chr10,38244735,0.0196185574976,10011,FALSE
Pv2.1_08_249702_G/A,Chr08,249702,0.0196174395960242,10012,FALSE
Pv2.1_11_2114455_A/T,Chr11,2114455,0.0196149254159343,10013,FALSE
Pv2.1_11_2114503_A/C,Chr11,2114503,0.0196149254159343,10014,FALSE
Pv2.1_01_1009095_T/A,Chr01,1009095,0.0196099207866012,10015,FALSE
Pv2.1_03_31137998_A/C,Chr03,31137998,0.0196091792825044,10016,FALSE
Pv2.1_09_36446734_C/G,Chr09,36446734,0.0196018671754334,10017,FALSE
Pv2.1_08_5441016_G/A,Chr08,5441016,0.0195952272667861,10018,FALSE
Pv2.1_07_7598637_T/C,Chr07,7598637,0.0195950649362637,10019,FALSE
Pv2.1_03_30640664_A/C,Chr03,30640664,0.0195908753732095,10020,FALSE
Pv2.1_09_22307911_A/G,Chr09,22307911,0.0195869099745689,10021,FALSE
Pv2.1_08_117391_C/T,Chr08,117391,0.0195868151281369,10022,FALSE
Pv2.1_06_21733105_A/T,Chr06,21733105,0.0195867399640663,10023,FALSE
Pv2.1_05_3755561_C/G,Chr05,3755561,0.0195822418713298,10024,FALSE
Pv2.1_04_44385212_A/C,Chr04,44385212,0.0195808830545738,10025,FALSE
Pv2.1_06_20094627_GT/G,Chr06,20094627,0.019579093448574,10026,FALSE
Pv2.1_10_37108450_T/C,Chr10,37108450,0.0195789052712656,10027,FALSE
Pv2.1_09_36105492_T/A,Chr09,36105492,0.0195772841629114,10028,FALSE
Pv2.1_11_1066142_T/G,Chr11,1066142,0.0195685921620279,10029,FALSE
Pv2.1_05_15211331_T/C,Chr05,15211331,0.0195460889907162,10030,FALSE
Pv2.1_05_15211346_T/G,Chr05,15211346,0.0195460889907162,10031,FALSE
Pv2.1_08_60726824_C/T,Chr08,60726824,0.0195453723913159,10032,FALSE
Pv2.1_07_4541646_A/C,Chr07,4541646,0.0195442378167177,10033,FALSE
Pv2.1_07_1232004_T/A,Chr07,1232004,0.0195413657500136,10034,FALSE
Pv2.1_08_62428145_C/T,Chr08,62428145,0.019540124390264,10035,FALSE
Pv2.1_08_62537000_C/T,Chr08,62537000,0.0195375993703615,10036,FALSE
Pv2.1_05_11559884_A/G,Chr05,11559884,0.0195320313268947,10037,FALSE
Pv2.1_08_259476_T/C,Chr08,259476,0.0195318309285706,10038,FALSE
Pv2.1_08_259494_T/C,Chr08,259494,0.0195318309285706,10039,FALSE
Pv2.1_08_259498_T/A,Chr08,259498,0.0195318309285706,10040,FALSE
Pv2.1_08_259499_G/T,Chr08,259499,0.0195318309285706,10041,FALSE
Pv2.1_02_11948621_C/T,Chr02,11948621,0.0195317531892227,10042,FALSE
Pv2.1_03_8197325_A/C,Chr03,8197325,0.0195313630453784,10043,FALSE
Pv2.1_11_553870_A/G,Chr11,553870,0.0195304046764302,10044,FALSE
Pv2.1_04_1421295_A/G,Chr04,1421295,0.019526890078851,10045,FALSE
Pv2.1_08_61206855_A/G,Chr08,61206855,0.0195267645203998,10046,FALSE
Pv2.1_03_2964550_G/A,Chr03,2964550,0.0195223428524578,10047,FALSE
Pv2.1_04_4069922_G/A,Chr04,4069922,0.0195193016350417,10048,FALSE
Pv2.1_07_509239_G/A,Chr07,509239,0.0195189743328532,10049,FALSE
Pv2.1_05_36225444_C/T,Chr05,36225444,0.0195151220664243,10050,FALSE
Pv2.1_02_37393636_A/G,Chr02,37393636,0.0195087318101823,10051,FALSE
Pv2.1_05_4480264_C/T,Chr05,4480264,0.0195064052075717,10052,FALSE
Pv2.1_07_28580352_C/A,Chr07,28580352,0.0195004491769462,10053,FALSE
Pv2.1_08_60114916_G/A,Chr08,60114916,0.019498947216043,10054,FALSE
Pv2.1_08_62662645_C/T,Chr08,62662645,0.0194985581633058,10055,FALSE
Pv2.1_05_39574781_T/G,Chr05,39574781,0.0194959807287876,10056,FALSE
Pv2.1_05_39574815_A/G,Chr05,39574815,0.0194959807287876,10057,FALSE
Pv2.1_07_9583635_C/T,Chr07,9583635,0.0194890998996042,10058,FALSE
Pv2.1_06_17027900_C/T,Chr06,17027900,0.0194890080878332,10059,FALSE
Pv2.1_03_6718893_T/A,Chr03,6718893,0.0194844227398665,10060,FALSE
Pv2.1_07_194941_A/T,Chr07,194941,0.0194768750824643,10061,FALSE
Pv2.1_07_260832_G/T,Chr07,260832,0.0194684496384241,10062,FALSE
Pv2.1_06_20760677_G/T,Chr06,20760677,0.0194524924046653,10063,FALSE
Pv2.1_06_17169118_A/G,Chr06,17169118,0.0194523157233921,10064,FALSE
Pv2.1_06_18250035_C/T,Chr06,18250035,0.0194446419391259,10065,FALSE
Pv2.1_05_16801961_G/A,Chr05,16801961,0.0194441005766479,10066,FALSE
Pv2.1_08_62869163_G/A,Chr08,62869163,0.0194399347953116,10067,FALSE
Pv2.1_09_35990288_C/A,Chr09,35990288,0.0194381489334541,10068,FALSE
Pv2.1_06_21722500_A/G,Chr06,21722500,0.0194370750201487,10069,FALSE
Pv2.1_02_3219573_A/G,Chr02,3219573,0.0194364125474689,10070,FALSE
Pv2.1_05_39416638_T/C,Chr05,39416638,0.0194346508688974,10071,FALSE
Pv2.1_08_62662571_A/G,Chr08,62662571,0.0194335660552665,10072,FALSE
Pv2.1_06_1414619_T/C,Chr06,1414619,0.0194326316618865,10073,FALSE
Pv2.1_08_18892986_C/G,Chr08,18892986,0.0194306526793553,10074,FALSE
Pv2.1_01_23472440_G/A,Chr01,23472440,0.0194219848637878,10075,FALSE
Pv2.1_07_282679_T/C,Chr07,282679,0.0194206530178795,10076,FALSE
Pv2.1_10_40971991_T/C,Chr10,40971991,0.0194174022009395,10077,FALSE
Pv2.1_04_45532669_C/A,Chr04,45532669,0.0194164094066882,10078,FALSE
Pv2.1_11_1703186_A/G,Chr11,1703186,0.019408526318677,10079,FALSE
Pv2.1_03_6996051_T/A,Chr03,6996051,0.0193870329406827,10080,FALSE
Pv2.1_08_62495789_C/G,Chr08,62495789,0.0193863187061005,10081,FALSE
Pv2.1_05_11559885_T/C,Chr05,11559885,0.0193841573301556,10082,FALSE
Pv2.1_02_27591922_C/T,Chr02,27591922,0.0193835131164364,10083,FALSE
Pv2.1_06_21281399_G/A,Chr06,21281399,0.0193828813072181,10084,FALSE
Pv2.1_06_21281406_C/T,Chr06,21281406,0.0193828813072181,10085,FALSE
Pv2.1_04_47096060_G/C,Chr04,47096060,0.0193807296684954,10086,FALSE
Pv2.1_01_1000696_C/T,Chr01,1000696,0.0193794356410466,10087,FALSE
Pv2.1_11_2086865_A/G,Chr11,2086865,0.0193759244206753,10088,FALSE
Pv2.1_07_43875_A/T,Chr07,43875,0.0193745769260585,10089,FALSE
Pv2.1_01_868519_GA/G,Chr01,868519,0.0193708022263781,10090,FALSE
Pv2.1_06_11458046_A/G,Chr06,11458046,0.0193700494183946,10091,FALSE
Pv2.1_11_4737084_G/A,Chr11,4737084,0.0193618039762034,10092,FALSE
Pv2.1_10_44210332_C/T,Chr10,44210332,0.0193593846303868,10093,FALSE
Pv2.1_06_28241351_A/C,Chr06,28241351,0.0193588973848282,10094,FALSE
Pv2.1_06_23593703_A/T,Chr06,23593703,0.019355244546619,10095,FALSE
Pv2.1_11_48756236_C/T,Chr11,48756236,0.01934607102387,10096,FALSE
Pv2.1_03_52708925_T/A,Chr03,52708925,0.0193411714836298,10097,FALSE
Pv2.1_08_60121254_T/C,Chr08,60121254,0.019339067956103,10098,FALSE
Pv2.1_02_37459296_G/A,Chr02,37459296,0.0193371879540436,10099,FALSE
Pv2.1_06_21630866_T/C,Chr06,21630866,0.0193368831934269,10100,FALSE
Pv2.1_06_24268790_T/A,Chr06,24268790,0.0193347596403393,10101,FALSE
Pv2.1_10_32052897_G/A,Chr10,32052897,0.0193328144673783,10102,FALSE
Pv2.1_06_26695487_G/A,Chr06,26695487,0.0193318861816212,10103,FALSE
Pv2.1_08_62796027_C/G,Chr08,62796027,0.019319156202199,10104,FALSE
Pv2.1_01_50479159_C/T,Chr01,50479159,0.0193156044478173,10105,FALSE
Pv2.1_01_445835_A/C,Chr01,445835,0.0193129334506965,10106,FALSE
Pv2.1_08_10772736_G/A,Chr08,10772736,0.0193114691361576,10107,FALSE
Pv2.1_02_45696304_C/G,Chr02,45696304,0.0193081979691199,10108,FALSE
Pv2.1_11_31223788_T/C,Chr11,31223788,0.019306312622561,10109,FALSE
Pv2.1_08_3290805_T/G,Chr08,3290805,0.0193062494802603,10110,FALSE
Pv2.1_08_3290811_C/T,Chr08,3290811,0.0193062494802603,10111,FALSE
Pv2.1_02_35455632_T/TA,Chr02,35455632,0.0193026703087429,10112,FALSE
Pv2.1_03_30439417_C/T,Chr03,30439417,0.0192994931610126,10113,FALSE
Pv2.1_06_30941612_C/T,Chr06,30941612,0.019297899043881,10114,FALSE
Pv2.1_04_522524_C/A,Chr04,522524,0.0192969548538646,10115,FALSE
Pv2.1_06_11037106_A/T,Chr06,11037106,0.0192912289590352,10116,FALSE
Pv2.1_06_11037111_A/T,Chr06,11037111,0.0192912289590352,10117,FALSE
Pv2.1_02_34838636_G/C,Chr02,34838636,0.0192904935395495,10118,FALSE
Pv2.1_09_34953759_T/A,Chr09,34953759,0.019289896608274,10119,FALSE
Pv2.1_06_15611534_C/A,Chr06,15611534,0.0192894515557627,10120,FALSE
Pv2.1_07_6776211_C/T,Chr07,6776211,0.0192871771743905,10121,FALSE
Pv2.1_08_325326_T/C,Chr08,325326,0.0192787461798951,10122,FALSE
Pv2.1_07_3408957_A/T,Chr07,3408957,0.0192751945279959,10123,FALSE
Pv2.1_01_2682134_CT/C,Chr01,2682134,0.0192742807568544,10124,FALSE
Pv2.1_06_25975314_A/G,Chr06,25975314,0.0192712469562739,10125,FALSE
Pv2.1_08_61663030_C/A,Chr08,61663030,0.0192697551435637,10126,FALSE
Pv2.1_06_20459038_C/G,Chr06,20459038,0.0192652476047068,10127,FALSE
Pv2.1_08_61725274_T/C,Chr08,61725274,0.0192596734135826,10128,FALSE
Pv2.1_08_59885601_A/C,Chr08,59885601,0.0192559049531935,10129,FALSE
Pv2.1_06_21299887_G/A,Chr06,21299887,0.0192555826724945,10130,FALSE
Pv2.1_06_21299917_T/G,Chr06,21299917,0.0192555826724945,10131,FALSE
Pv2.1_02_12388176_G/A,Chr02,12388176,0.0192474406325527,10132,FALSE
Pv2.1_01_1355406_T/G,Chr01,1355406,0.019246207908564,10133,FALSE
Pv2.1_02_35402446_A/C,Chr02,35402446,0.0192455260743225,10134,FALSE
Pv2.1_01_1499995_G/C,Chr01,1499995,0.0192454656267391,10135,FALSE
Pv2.1_08_57552716_T/A,Chr08,57552716,0.0192442462812359,10136,FALSE
Pv2.1_03_6727174_G/GT,Chr03,6727174,0.0192423518277662,10137,FALSE
Pv2.1_04_77895_TCA/T,Chr04,77895,0.0192405782461509,10138,FALSE
Pv2.1_11_4588910_C/A,Chr11,4588910,0.0192388101115109,10139,FALSE
Pv2.1_04_46127111_G/A,Chr04,46127111,0.0192363429780369,10140,FALSE
Pv2.1_03_8119274_A/T,Chr03,8119274,0.0192350496970124,10141,FALSE
Pv2.1_06_20054793_A/T,Chr06,20054793,0.0192347768535317,10142,FALSE
Pv2.1_11_50397708_A/T,Chr11,50397708,0.0192336762362539,10143,FALSE
Pv2.1_07_3538254_A/T,Chr07,3538254,0.0192331117420181,10144,FALSE
Pv2.1_11_51314299_T/A,Chr11,51314299,0.0192322591269756,10145,FALSE
Pv2.1_03_11673561_G/T,Chr03,11673561,0.0192317566978475,10146,FALSE
Pv2.1_06_14317718_A/G,Chr06,14317718,0.0192268813115382,10147,FALSE
Pv2.1_11_4617778_A/T,Chr11,4617778,0.0192238656030659,10148,FALSE
Pv2.1_08_364416_G/A,Chr08,364416,0.0192195725994071,10149,FALSE
Pv2.1_06_24136430_A/G,Chr06,24136430,0.0192171137946602,10150,FALSE
Pv2.1_05_18743872_G/T,Chr05,18743872,0.0192042059849458,10151,FALSE
Pv2.1_08_62537024_T/G,Chr08,62537024,0.0192014760570052,10152,FALSE
Pv2.1_10_42780969_G/A,Chr10,42780969,0.0192006677938394,10153,FALSE
Pv2.1_05_36225416_G/A,Chr05,36225416,0.0191990994375577,10154,FALSE
Pv2.1_05_36225390_C/A,Chr05,36225390,0.0191966773932939,10155,FALSE
Pv2.1_05_36225413_T/C,Chr05,36225413,0.0191966773932939,10156,FALSE
Pv2.1_09_14765198_T/C,Chr09,14765198,0.0191897361776201,10157,FALSE
Pv2.1_05_4927180_G/A,Chr05,4927180,0.0191832000012506,10158,FALSE
Pv2.1_08_60975831_A/G,Chr08,60975831,0.0191824655891777,10159,FALSE
Pv2.1_07_1001162_T/C,Chr07,1001162,0.0191698340771342,10160,FALSE
Pv2.1_03_52715172_T/C,Chr03,52715172,0.0191666380870861,10161,FALSE
Pv2.1_07_8580522_G/T,Chr07,8580522,0.0191639356213811,10162,FALSE
Pv2.1_07_8580562_T/A,Chr07,8580562,0.0191639356213811,10163,FALSE
Pv2.1_06_10948058_G/C,Chr06,10948058,0.0191617914637479,10164,FALSE
Pv2.1_08_1458626_G/A,Chr08,1458626,0.0191598194412368,10165,FALSE
Pv2.1_09_28533035_G/A,Chr09,28533035,0.0191563890761608,10166,FALSE
Pv2.1_01_5016387_A/G,Chr01,5016387,0.0191538478316335,10167,FALSE
Pv2.1_08_5492259_A/G,Chr08,5492259,0.019153093504483,10168,FALSE
Pv2.1_11_52612019_T/C,Chr11,52612019,0.0191529836419195,10169,FALSE
Pv2.1_11_2171674_G/C,Chr11,2171674,0.0191509416777134,10170,FALSE
Pv2.1_07_10035368_G/A,Chr07,10035368,0.0191491916953992,10171,FALSE
Pv2.1_04_47249832_C/T,Chr04,47249832,0.0191486003290549,10172,FALSE
Pv2.1_06_14661067_G/A,Chr06,14661067,0.0191483978219624,10173,FALSE
Pv2.1_07_24010455_G/A,Chr07,24010455,0.0191472443452207,10174,FALSE
Pv2.1_08_10772096_T/C,Chr08,10772096,0.0191440940150831,10175,FALSE
Pv2.1_08_10772125_G/T,Chr08,10772125,0.0191440940150831,10176,FALSE
Pv2.1_06_26431648_T/C,Chr06,26431648,0.0191439310002393,10177,FALSE
Pv2.1_06_26431654_G/A,Chr06,26431654,0.0191439310002393,10178,FALSE
Pv2.1_06_21945675_C/T,Chr06,21945675,0.0191388083502311,10179,FALSE
Pv2.1_01_6732090_A/ACCT,Chr01,6732090,0.0191341641026828,10180,FALSE
Pv2.1_07_509237_A/G,Chr07,509237,0.0191311214239738,10181,FALSE
Pv2.1_02_30593668_G/T,Chr02,30593668,0.019130097156935,10182,FALSE
Pv2.1_06_16805445_T/G,Chr06,16805445,0.0191273495326358,10183,FALSE
Pv2.1_08_62249197_T/A,Chr08,62249197,0.0191202133880219,10184,FALSE
Pv2.1_08_2965553_A/G,Chr08,2965553,0.0191124240929321,10185,FALSE
Pv2.1_11_2129900_A/C,Chr11,2129900,0.0190944333897947,10186,FALSE
Pv2.1_06_21970117_AG/A,Chr06,21970117,0.01909132557947,10187,FALSE
Pv2.1_08_40814886_G/A,Chr08,40814886,0.0190910457314635,10188,FALSE
Pv2.1_06_4809471_C/T,Chr06,4809471,0.0190897750700811,10189,FALSE
Pv2.1_11_2862249_C/G,Chr11,2862249,0.0190830166730329,10190,FALSE
Pv2.1_06_18390979_C/T,Chr06,18390979,0.0190804767117201,10191,FALSE
Pv2.1_01_1966657_A/T,Chr01,1966657,0.0190781187947988,10192,FALSE
Pv2.1_06_27599685_C/T,Chr06,27599685,0.0190768856941252,10193,FALSE
Pv2.1_08_62501534_C/G,Chr08,62501534,0.019076291863803,10194,FALSE
Pv2.1_11_4544903_T/C,Chr11,4544903,0.0190731726602493,10195,FALSE
Pv2.1_04_44461091_T/G,Chr04,44461091,0.0190720897585752,10196,FALSE
Pv2.1_04_5395401_G/A,Chr04,5395401,0.0190634873232192,10197,FALSE
Pv2.1_11_33533412_T/C,Chr11,33533412,0.0190608918959412,10198,FALSE
Pv2.1_06_18701584_T/C,Chr06,18701584,0.0190608533898664,10199,FALSE
Pv2.1_08_63004740_T/G,Chr08,63004740,0.019060245362827,10200,FALSE
Pv2.1_05_38443858_T/TTA,Chr05,38443858,0.0190590087569928,10201,FALSE
Pv2.1_07_7420093_G/A,Chr07,7420093,0.0190584923967294,10202,FALSE
Pv2.1_07_3427353_G/A,Chr07,3427353,0.0190530371193236,10203,FALSE
Pv2.1_10_42270381_T/C,Chr10,42270381,0.0190525121153868,10204,FALSE
Pv2.1_09_14645273_T/C,Chr09,14645273,0.0190477715198667,10205,FALSE
Pv2.1_05_9081162_C/T,Chr05,9081162,0.0190311498994578,10206,FALSE
Pv2.1_08_4385056_T/C,Chr08,4385056,0.019028042399964,10207,FALSE
Pv2.1_11_33986751_G/A,Chr11,33986751,0.0190221243595712,10208,FALSE
Pv2.1_02_35289457_C/T,Chr02,35289457,0.0190174824657765,10209,FALSE
Pv2.1_08_334340_A/C,Chr08,334340,0.0190097962131532,10210,FALSE
Pv2.1_10_32086566_G/A,Chr10,32086566,0.0190076370599233,10211,FALSE
Pv2.1_08_62851718_G/T,Chr08,62851718,0.0190074419449462,10212,FALSE
Pv2.1_10_42839581_G/A,Chr10,42839581,0.0189963602646026,10213,FALSE
Pv2.1_08_61403016_C/T,Chr08,61403016,0.0189950658006479,10214,FALSE
Pv2.1_05_11941997_C/T,Chr05,11941997,0.0189866642184522,10215,FALSE
Pv2.1_05_21288302_T/C,Chr05,21288302,0.0189864817344314,10216,FALSE
Pv2.1_06_15620634_C/T,Chr06,15620634,0.0189821633502318,10217,FALSE
Pv2.1_06_15620644_G/T,Chr06,15620644,0.0189821633502318,10218,FALSE
Pv2.1_05_573320_T/C,Chr05,573320,0.0189733366892804,10219,FALSE
Pv2.1_04_1919689_C/T,Chr04,1919689,0.0189579065864227,10220,FALSE
Pv2.1_08_60150236_T/A,Chr08,60150236,0.0189557422199633,10221,FALSE
Pv2.1_06_13102815_C/A,Chr06,13102815,0.0189537177347567,10222,FALSE
Pv2.1_07_39214075_C/A,Chr07,39214075,0.0189520907400333,10223,FALSE
Pv2.1_06_7787176_G/A,Chr06,7787176,0.018948339421021,10224,FALSE
Pv2.1_08_10772127_A/T,Chr08,10772127,0.0189470886109397,10225,FALSE
Pv2.1_07_97629_T/A,Chr07,97629,0.0189399679200823,10226,FALSE
Pv2.1_08_62869160_C/T,Chr08,62869160,0.0189397978248316,10227,FALSE
Pv2.1_07_4140687_G/A,Chr07,4140687,0.018935150726918,10228,FALSE
Pv2.1_08_58825501_T/C,Chr08,58825501,0.0189283090774737,10229,FALSE
Pv2.1_04_47259074_G/A,Chr04,47259074,0.0189252779765074,10230,FALSE
Pv2.1_05_39472304_C/T,Chr05,39472304,0.0189250890667658,10231,FALSE
Pv2.1_03_3700411_GAGCAAC/G,Chr03,3700411,0.0189222591044635,10232,FALSE
Pv2.1_06_16011635_T/G,Chr06,16011635,0.0189092545230802,10233,FALSE
Pv2.1_06_23593715_A/T,Chr06,23593715,0.0189056480522893,10234,FALSE
Pv2.1_06_16510150_G/A,Chr06,16510150,0.0189038392701373,10235,FALSE
Pv2.1_08_61402992_T/G,Chr08,61402992,0.0188910837248213,10236,FALSE
Pv2.1_08_62956860_G/A,Chr08,62956860,0.018890736762335,10237,FALSE
Pv2.1_10_33259401_C/A,Chr10,33259401,0.0188857893917902,10238,FALSE
Pv2.1_07_4755422_A/G,Chr07,4755422,0.0188827995083765,10239,FALSE
Pv2.1_06_19002691_A/T,Chr06,19002691,0.0188814419739334,10240,FALSE
Pv2.1_03_51384839_C/A,Chr03,51384839,0.0188762113980578,10241,FALSE
Pv2.1_03_51384839_CACCA/AACCG,Chr03,51384839,0.0188762113980578,10242,FALSE
Pv2.1_06_20783580_G/T,Chr06,20783580,0.0188730116480853,10243,FALSE
Pv2.1_07_9640350_A/G,Chr07,9640350,0.018872740623606,10244,FALSE
Pv2.1_07_1175563_T/C,Chr07,1175563,0.0188703021771901,10245,FALSE
Pv2.1_08_61260211_A/G,Chr08,61260211,0.0188622093771844,10246,FALSE
Pv2.1_10_38132263_C/A,Chr10,38132263,0.0188593702288862,10247,FALSE
Pv2.1_08_62766987_G/A,Chr08,62766987,0.0188573294877603,10248,FALSE
Pv2.1_08_62766996_A/G,Chr08,62766996,0.0188573294877603,10249,FALSE
Pv2.1_10_31144240_C/A,Chr10,31144240,0.0188562390636413,10250,FALSE
Pv2.1_11_47196410_CA/C,Chr11,47196410,0.0188528896022593,10251,FALSE
Pv2.1_10_2346237_A/T,Chr10,2346237,0.0188519649943957,10252,FALSE
Pv2.1_06_18193096_C/T,Chr06,18193096,0.0188510365724204,10253,FALSE
Pv2.1_10_43597215_T/G,Chr10,43597215,0.0188505058235067,10254,FALSE
Pv2.1_04_45670909_A/G,Chr04,45670909,0.0188462632072017,10255,FALSE
Pv2.1_09_38003541_C/A,Chr09,38003541,0.0188457017035528,10256,FALSE
Pv2.1_06_18438190_T/C,Chr06,18438190,0.0188450026214739,10257,FALSE
Pv2.1_03_44059493_GT/G,Chr03,44059493,0.0188426610865089,10258,FALSE
Pv2.1_11_49367376_C/T,Chr11,49367376,0.0188422947232199,10259,FALSE
Pv2.1_07_38698464_T/A,Chr07,38698464,0.018838916812562,10260,FALSE
Pv2.1_07_1231683_T/C,Chr07,1231683,0.0188368185378791,10261,FALSE
Pv2.1_05_152575_A/C,Chr05,152575,0.0188348294814569,10262,FALSE
Pv2.1_05_39325956_T/C,Chr05,39325956,0.0188283319070246,10263,FALSE
Pv2.1_06_16433711_T/C,Chr06,16433711,0.0188198972806353,10264,FALSE
Pv2.1_05_38862081_T/G,Chr05,38862081,0.0188168530817734,10265,FALSE
Pv2.1_05_39416649_T/TTCA,Chr05,39416649,0.0188160728222595,10266,FALSE
Pv2.1_02_36853901_G/A,Chr02,36853901,0.018812057399586,10267,FALSE
Pv2.1_02_35455603_G/A,Chr02,35455603,0.0188110729695197,10268,FALSE
Pv2.1_05_38443847_G/C,Chr05,38443847,0.0188081091064487,10269,FALSE
Pv2.1_06_22249952_T/C,Chr06,22249952,0.0188008713275316,10270,FALSE
Pv2.1_08_11528654_T/C,Chr08,11528654,0.0187965605229889,10271,FALSE
Pv2.1_08_8748643_A/ATAT,Chr08,8748643,0.0187946136129247,10272,FALSE
Pv2.1_06_14106961_A/G,Chr06,14106961,0.0187924238331818,10273,FALSE
Pv2.1_06_14107022_G/A,Chr06,14107022,0.0187924238331818,10274,FALSE
Pv2.1_02_41183418_T/C,Chr02,41183418,0.0187864623119012,10275,FALSE
Pv2.1_06_21107613_A/G,Chr06,21107613,0.0187861597830485,10276,FALSE
Pv2.1_11_49375888_A/G,Chr11,49375888,0.0187827416838933,10277,FALSE
Pv2.1_10_8943767_A/C,Chr10,8943767,0.0187794979335498,10278,FALSE
Pv2.1_04_2553937_C/G,Chr04,2553937,0.0187744994673986,10279,FALSE
Pv2.1_05_40743933_T/A,Chr05,40743933,0.0187743615273361,10280,FALSE
Pv2.1_09_36161365_A/T,Chr09,36161365,0.0187705757321099,10281,FALSE
Pv2.1_06_22964829_A/T,Chr06,22964829,0.018770205587332,10282,FALSE
Pv2.1_11_2930615_A/G,Chr11,2930615,0.018768946294542,10283,FALSE
Pv2.1_04_271462_T/C,Chr04,271462,0.0187635812556062,10284,FALSE
Pv2.1_03_52715123_C/T,Chr03,52715123,0.0187589531082892,10285,FALSE
Pv2.1_01_49443498_A/C,Chr01,49443498,0.01875668205248,10286,FALSE
Pv2.1_06_19446570_T/A,Chr06,19446570,0.0187507629225503,10287,FALSE
Pv2.1_08_62787637_C/A,Chr08,62787637,0.0187426144477474,10288,FALSE
Pv2.1_03_11336072_A/G,Chr03,11336072,0.0187349281759666,10289,FALSE
Pv2.1_06_22235509_T/G,Chr06,22235509,0.018730280343056,10290,FALSE
Pv2.1_11_30573330_A/T,Chr11,30573330,0.0187285241111734,10291,FALSE
Pv2.1_09_38032792_T/C,Chr09,38032792,0.0187213851997647,10292,FALSE
Pv2.1_06_21190489_G/T,Chr06,21190489,0.0187192538804775,10293,FALSE
Pv2.1_06_12141119_C/T,Chr06,12141119,0.0187191173283008,10294,FALSE
Pv2.1_07_37961682_C/T,Chr07,37961682,0.0187169674722747,10295,FALSE
Pv2.1_11_50050465_TATGC/T,Chr11,50050465,0.0187154950334385,10296,FALSE
Pv2.1_06_26559899_C/G,Chr06,26559899,0.0187117144530369,10297,FALSE
Pv2.1_01_46498251_T/A,Chr01,46498251,0.018710299872692,10298,FALSE
Pv2.1_01_46498263_T/A,Chr01,46498263,0.018710299872692,10299,FALSE
Pv2.1_08_62502034_A/T,Chr08,62502034,0.0187076978967018,10300,FALSE
Pv2.1_07_37573115_CTG/C,Chr07,37573115,0.0187047237596953,10301,FALSE
Pv2.1_10_43187131_G/A,Chr10,43187131,0.0186997610555619,10302,FALSE
Pv2.1_02_30519420_T/TTA,Chr02,30519420,0.0186997207443778,10303,FALSE
Pv2.1_09_28252769_C/T,Chr09,28252769,0.0186969640555135,10304,FALSE
Pv2.1_04_448766_A/T,Chr04,448766,0.0186958350938391,10305,FALSE
Pv2.1_03_9319129_T/C,Chr03,9319129,0.0186903926467266,10306,FALSE
Pv2.1_04_2033065_C/T,Chr04,2033065,0.0186899251708699,10307,FALSE
Pv2.1_04_2047878_G/A,Chr04,2047878,0.0186899251708699,10308,FALSE
Pv2.1_02_37363452_G/T,Chr02,37363452,0.0186862526059732,10309,FALSE
Pv2.1_01_50652466_C/A,Chr01,50652466,0.0186825243334852,10310,FALSE
Pv2.1_08_62003100_G/A,Chr08,62003100,0.018680147552506,10311,FALSE
Pv2.1_06_18193069_G/A,Chr06,18193069,0.0186766575742778,10312,FALSE
Pv2.1_08_62787820_G/C,Chr08,62787820,0.0186742805399258,10313,FALSE
Pv2.1_08_62787841_C/T,Chr08,62787841,0.0186742805399258,10314,FALSE
Pv2.1_02_3118981_C/A,Chr02,3118981,0.0186697505634141,10315,FALSE
Pv2.1_08_24415399_G/C,Chr08,24415399,0.0186690065508266,10316,FALSE
Pv2.1_07_37323654_C/A,Chr07,37323654,0.0186586552345114,10317,FALSE
Pv2.1_07_35375284_G/A,Chr07,35375284,0.0186578472188899,10318,FALSE
Pv2.1_06_25436320_A/G,Chr06,25436320,0.0186572205167361,10319,FALSE
Pv2.1_02_35412376_A/C,Chr02,35412376,0.0186560722817406,10320,FALSE
Pv2.1_06_18210735_C/T,Chr06,18210735,0.0186518787654033,10321,FALSE
Pv2.1_06_5174716_A/T,Chr06,5174716,0.0186403757336189,10322,FALSE
Pv2.1_04_2182046_G/C,Chr04,2182046,0.0186388826786592,10323,FALSE
Pv2.1_04_2182049_T/A,Chr04,2182049,0.0186388826786592,10324,FALSE
Pv2.1_05_19495069_G/T,Chr05,19495069,0.0186329491294428,10325,FALSE
Pv2.1_10_42515191_T/C,Chr10,42515191,0.018624582413576,10326,FALSE
Pv2.1_04_2390505_G/C,Chr04,2390505,0.0186092233187085,10327,FALSE
Pv2.1_11_49367400_G/A,Chr11,49367400,0.0186089495910808,10328,FALSE
Pv2.1_11_49367403_G/A,Chr11,49367403,0.0186089495910808,10329,FALSE
Pv2.1_11_51916386_C/G,Chr11,51916386,0.0186070562612479,10330,FALSE
Pv2.1_11_51916393_A/T,Chr11,51916393,0.0186070562612479,10331,FALSE
Pv2.1_04_46430127_T/G,Chr04,46430127,0.0185996926681207,10332,FALSE
Pv2.1_07_956040_G/A,Chr07,956040,0.0185917843455834,10333,FALSE
Pv2.1_07_956042_G/A,Chr07,956042,0.0185917843455834,10334,FALSE
Pv2.1_06_17638773_T/G,Chr06,17638773,0.0185869414966051,10335,FALSE
Pv2.1_02_38513277_A/AT,Chr02,38513277,0.0185858841091573,10336,FALSE
Pv2.1_11_51537406_T/C,Chr11,51537406,0.018585306247596,10337,FALSE
Pv2.1_08_61901239_A/G,Chr08,61901239,0.0185765648407346,10338,FALSE
Pv2.1_03_11766088_T/G,Chr03,11766088,0.018568143471533,10339,FALSE
Pv2.1_07_1155253_C/T,Chr07,1155253,0.0185673719467601,10340,FALSE
Pv2.1_09_35990406_A/T,Chr09,35990406,0.0185672670888568,10341,FALSE
Pv2.1_09_35990418_G/C,Chr09,35990418,0.0185672670888568,10342,FALSE
Pv2.1_02_1904875_TTTCTTC/T,Chr02,1904875,0.0185593124686423,10343,FALSE
Pv2.1_02_3214721_G/C,Chr02,3214721,0.0185488755876455,10344,FALSE
Pv2.1_02_33694566_T/A,Chr02,33694566,0.0185482698715123,10345,FALSE
Pv2.1_04_47259047_G/A,Chr04,47259047,0.0185465597643066,10346,FALSE
Pv2.1_04_47259094_A/T,Chr04,47259094,0.0185465597643066,10347,FALSE
Pv2.1_11_52978224_C/CA,Chr11,52978224,0.0185407869258953,10348,FALSE
Pv2.1_08_62637480_G/GCA,Chr08,62637480,0.0185406189895159,10349,FALSE
Pv2.1_10_4552800_A/T,Chr10,4552800,0.0185340799812388,10350,FALSE
Pv2.1_11_4737083_A/G,Chr11,4737083,0.0185299018226401,10351,FALSE
Pv2.1_10_42019985_A/T,Chr10,42019985,0.0185293308403045,10352,FALSE
Pv2.1_08_62550473_A/G,Chr08,62550473,0.0185279414121657,10353,FALSE
Pv2.1_08_62550494_A/T,Chr08,62550494,0.0185279414121657,10354,FALSE
Pv2.1_02_2942326_C/T,Chr02,2942326,0.0185200522469309,10355,FALSE
Pv2.1_03_53339164_G/A,Chr03,53339164,0.01851610834373,10356,FALSE
Pv2.1_03_34376850_G/A,Chr03,34376850,0.0185138680794084,10357,FALSE
Pv2.1_07_3274062_T/C,Chr07,3274062,0.0185099697860607,10358,FALSE
Pv2.1_05_27718775_A/T,Chr05,27718775,0.0185097525878652,10359,FALSE
Pv2.1_06_23874692_T/A,Chr06,23874692,0.018506257042457,10360,FALSE
Pv2.1_08_61260054_T/A,Chr08,61260054,0.0185061523511503,10361,FALSE
Pv2.1_08_62501537_G/A,Chr08,62501537,0.018505576000964,10362,FALSE
Pv2.1_10_42512962_G/A,Chr10,42512962,0.0185029376332904,10363,FALSE
Pv2.1_08_61360887_G/C,Chr08,61360887,0.0185025428221626,10364,FALSE
Pv2.1_08_35316072_G/A,Chr08,35316072,0.0185010977962987,10365,FALSE
Pv2.1_10_42515247_GA/G,Chr10,42515247,0.0184998421097573,10366,FALSE
Pv2.1_09_35990321_T/C,Chr09,35990321,0.0184984503751786,10367,FALSE
Pv2.1_07_992428_T/A,Chr07,992428,0.0184984169641953,10368,FALSE
Pv2.1_08_117694_T/G,Chr08,117694,0.0184943940365163,10369,FALSE
Pv2.1_07_514891_C/CT,Chr07,514891,0.0184940645108482,10370,FALSE
Pv2.1_06_29869707_G/A,Chr06,29869707,0.0184936678772742,10371,FALSE
Pv2.1_05_39533190_T/A,Chr05,39533190,0.0184897513816251,10372,FALSE
Pv2.1_02_37363379_C/G,Chr02,37363379,0.0184864298877869,10373,FALSE
Pv2.1_09_36446848_A/T,Chr09,36446848,0.0184793526979563,10374,FALSE
Pv2.1_08_563738_C/T,Chr08,563738,0.0184784461730971,10375,FALSE
Pv2.1_07_35375277_C/G,Chr07,35375277,0.018477462488252,10376,FALSE
Pv2.1_08_11668729_C/G,Chr08,11668729,0.018476234635771,10377,FALSE
Pv2.1_07_37412037_T/A,Chr07,37412037,0.018473078579528,10378,FALSE
Pv2.1_06_14106839_G/T,Chr06,14106839,0.0184660744114491,10379,FALSE
Pv2.1_07_3313706_C/T,Chr07,3313706,0.0184651878744191,10380,FALSE
Pv2.1_07_3313655_A/G,Chr07,3313655,0.0184651878744186,10381,FALSE
Pv2.1_11_50397646_T/A,Chr11,50397646,0.0184622790600311,10382,FALSE
Pv2.1_02_47726526_T/C,Chr02,47726526,0.0184565227745535,10383,FALSE
Pv2.1_11_4544865_G/A,Chr11,4544865,0.0184478559418864,10384,FALSE
Pv2.1_10_42270264_A/T,Chr10,42270264,0.0184457018807684,10385,FALSE
Pv2.1_08_1526274_T/C,Chr08,1526274,0.0184418054581834,10386,FALSE
Pv2.1_11_29949681_T/C,Chr11,29949681,0.0184411911007576,10387,FALSE
Pv2.1_01_2272338_A/T,Chr01,2272338,0.0184406867762559,10388,FALSE
Pv2.1_07_425424_A/T,Chr07,425424,0.0184341399195653,10389,FALSE
Pv2.1_06_26430786_G/T,Chr06,26430786,0.0184278437284928,10390,FALSE
Pv2.1_10_44183789_A/C,Chr10,44183789,0.0184234588619758,10391,FALSE
Pv2.1_01_1219840_C/T,Chr01,1219840,0.0184212021365413,10392,FALSE
Pv2.1_06_30139496_C/T,Chr06,30139496,0.0184186102486228,10393,FALSE
Pv2.1_08_60472043_G/T,Chr08,60472043,0.0184129772464905,10394,FALSE
Pv2.1_06_13194407_A/G,Chr06,13194407,0.0184120436570927,10395,FALSE
Pv2.1_05_38449517_A/G,Chr05,38449517,0.0184081101230995,10396,FALSE
Pv2.1_04_1983129_A/C,Chr04,1983129,0.0184080275959415,10397,FALSE
Pv2.1_11_50678412_T/C,Chr11,50678412,0.0184045645817692,10398,FALSE
Pv2.1_01_929956_C/A,Chr01,929956,0.01840187115201,10399,FALSE
Pv2.1_10_40634105_C/T,Chr10,40634105,0.0183998735646318,10400,FALSE
Pv2.1_01_46404737_C/G,Chr01,46404737,0.0183924052768814,10401,FALSE
Pv2.1_01_48502778_T/A,Chr01,48502778,0.0183916441074459,10402,FALSE
Pv2.1_02_34373485_GA/G,Chr02,34373485,0.0183886346651061,10403,FALSE
Pv2.1_11_51020568_G/A,Chr11,51020568,0.018388538498245,10404,FALSE
Pv2.1_05_21548656_G/A,Chr05,21548656,0.0183865980877376,10405,FALSE
Pv2.1_08_61896112_C/T,Chr08,61896112,0.0183857540079582,10406,FALSE
Pv2.1_08_61879947_T/C,Chr08,61879947,0.0183849789892725,10407,FALSE
Pv2.1_02_47382540_T/G,Chr02,47382540,0.0183842220058716,10408,FALSE
Pv2.1_08_60008778_C/A,Chr08,60008778,0.0183821620322702,10409,FALSE
Pv2.1_02_33752472_C/A,Chr02,33752472,0.0183775409599396,10410,FALSE
Pv2.1_10_2844028_C/A,Chr10,2844028,0.0183747980257012,10411,FALSE
Pv2.1_04_68979_A/G,Chr04,68979,0.0183687404628659,10412,FALSE
Pv2.1_06_23708783_G/GAT,Chr06,23708783,0.0183683208035674,10413,FALSE
Pv2.1_05_39604065_T/A,Chr05,39604065,0.0183646815396767,10414,FALSE
Pv2.1_04_69132_A/G,Chr04,69132,0.0183617046297564,10415,FALSE
Pv2.1_04_45663712_C/CCTA,Chr04,45663712,0.0183608963327995,10416,FALSE
Pv2.1_09_19578995_C/T,Chr09,19578995,0.0183593292590789,10417,FALSE
Pv2.1_06_24966059_T/C,Chr06,24966059,0.0183585334913192,10418,FALSE
Pv2.1_08_62440405_A/T,Chr08,62440405,0.0183494844900127,10419,FALSE
Pv2.1_03_51526086_C/A,Chr03,51526086,0.0183453882064275,10420,FALSE
Pv2.1_08_57637452_C/T,Chr08,57637452,0.0183448941034028,10421,FALSE
Pv2.1_08_4550857_A/G,Chr08,4550857,0.0183443204063165,10422,FALSE
Pv2.1_08_4550882_C/A,Chr08,4550882,0.0183443204063165,10423,FALSE
Pv2.1_03_2915813_C/T,Chr03,2915813,0.0183410421768651,10424,FALSE
Pv2.1_04_1317067_C/T,Chr04,1317067,0.0183405681817157,10425,FALSE
Pv2.1_06_18778843_C/T,Chr06,18778843,0.0183382335944309,10426,FALSE
Pv2.1_07_23965337_A/G,Chr07,23965337,0.0183382127538123,10427,FALSE
Pv2.1_07_3673457_A/T,Chr07,3673457,0.0183359862137138,10428,FALSE
Pv2.1_10_43477718_T/A,Chr10,43477718,0.0183305344533542,10429,FALSE
Pv2.1_11_29504397_G/A,Chr11,29504397,0.0183269584565173,10430,FALSE
Pv2.1_06_15620454_G/A,Chr06,15620454,0.0183261181000849,10431,FALSE
Pv2.1_11_51020774_G/A,Chr11,51020774,0.0183243770022981,10432,FALSE
Pv2.1_10_42679099_T/C,Chr10,42679099,0.0183185856137826,10433,FALSE
Pv2.1_02_33446564_C/T,Chr02,33446564,0.0183049411626572,10434,FALSE
Pv2.1_06_24706648_T/C,Chr06,24706648,0.0183020431797081,10435,FALSE
Pv2.1_07_9067110_G/T,Chr07,9067110,0.0183017995206249,10436,FALSE
Pv2.1_08_60892537_T/G,Chr08,60892537,0.0183003981790182,10437,FALSE
Pv2.1_08_62205523_A/G,Chr08,62205523,0.0182987131869985,10438,FALSE
Pv2.1_11_2171726_G/C,Chr11,2171726,0.0182963811546788,10439,FALSE
Pv2.1_07_9089513_G/T,Chr07,9089513,0.0182954619110838,10440,FALSE
Pv2.1_07_38327157_A/G,Chr07,38327157,0.0182893627846683,10441,FALSE
Pv2.1_07_3473998_G/C,Chr07,3473998,0.0182827688847338,10442,FALSE
Pv2.1_01_3365671_A/C,Chr01,3365671,0.018277187454228,10443,FALSE
Pv2.1_01_3365674_C/G,Chr01,3365674,0.018277187454228,10444,FALSE
Pv2.1_02_33254640_T/A,Chr02,33254640,0.0182735792454398,10445,FALSE
Pv2.1_02_33254677_G/T,Chr02,33254677,0.0182735792454398,10446,FALSE
Pv2.1_08_45849480_T/A,Chr08,45849480,0.0182706143984293,10447,FALSE
Pv2.1_01_1108852_C/T,Chr01,1108852,0.0182626391542757,10448,FALSE
Pv2.1_05_39024663_G/T,Chr05,39024663,0.0182569678897608,10449,FALSE
Pv2.1_03_6417796_C/A,Chr03,6417796,0.0182537865308205,10450,FALSE
Pv2.1_06_11654088_A/C,Chr06,11654088,0.0182502007921252,10451,FALSE
Pv2.1_06_19589727_A/G,Chr06,19589727,0.0182435786019486,10452,FALSE
Pv2.1_07_10184652_T/A,Chr07,10184652,0.0182347382952144,10453,FALSE
Pv2.1_06_12441924_GT/G,Chr06,12441924,0.0182321404947765,10454,FALSE
Pv2.1_10_42570017_G/A,Chr10,42570017,0.0182302547156397,10455,FALSE
Pv2.1_01_992050_T/A,Chr01,992050,0.0182264056304291,10456,FALSE
Pv2.1_03_10973055_C/T,Chr03,10973055,0.0182256502204474,10457,FALSE
Pv2.1_01_50295683_TA/T,Chr01,50295683,0.0182251497131221,10458,FALSE
Pv2.1_05_11891065_A/G,Chr05,11891065,0.0182186529949289,10459,FALSE
Pv2.1_04_5361794_T/G,Chr04,5361794,0.018218167929775,10460,FALSE
Pv2.1_06_495048_T/C,Chr06,495048,0.0182060763554079,10461,FALSE
Pv2.1_02_35464337_T/C,Chr02,35464337,0.0182020960132334,10462,FALSE
Pv2.1_04_35718665_G/A,Chr04,35718665,0.0181956312937843,10463,FALSE
Pv2.1_07_21496207_G/T,Chr07,21496207,0.0181948142428086,10464,FALSE
Pv2.1_05_39024458_G/C,Chr05,39024458,0.0181916304558962,10465,FALSE
Pv2.1_02_35412350_C/T,Chr02,35412350,0.0181849889442427,10466,FALSE
Pv2.1_08_61879951_A/C,Chr08,61879951,0.0181792480762693,10467,FALSE
Pv2.1_04_4238578_C/A,Chr04,4238578,0.0181783570075558,10468,FALSE
Pv2.1_11_50261445_G/A,Chr11,50261445,0.0181777398808904,10469,FALSE
Pv2.1_05_2804498_A/G,Chr05,2804498,0.018176950406926,10470,FALSE
Pv2.1_01_50856667_A/T,Chr01,50856667,0.0181754783987222,10471,FALSE
Pv2.1_07_3653962_G/T,Chr07,3653962,0.0181749549308314,10472,FALSE
Pv2.1_06_22005666_G/T,Chr06,22005666,0.0181734615649458,10473,FALSE
Pv2.1_08_640204_G/A,Chr08,640204,0.0181670877183366,10474,FALSE
Pv2.1_04_46972936_G/T,Chr04,46972936,0.0181649646415587,10475,FALSE
Pv2.1_02_47669811_G/A,Chr02,47669811,0.0181603044360008,10476,FALSE
Pv2.1_11_49367368_T/C,Chr11,49367368,0.0181572514607433,10477,FALSE
Pv2.1_01_49728198_T/G,Chr01,49728198,0.0181563256382944,10478,FALSE
Pv2.1_11_27965417_T/C,Chr11,27965417,0.0181540477683564,10479,FALSE
Pv2.1_04_2164186_T/G,Chr04,2164186,0.0181532260534723,10480,FALSE
Pv2.1_10_43424808_T/C,Chr10,43424808,0.0181477054884684,10481,FALSE
Pv2.1_04_45670883_TC/T,Chr04,45670883,0.0181430307398074,10482,FALSE
Pv2.1_11_50261535_C/T,Chr11,50261535,0.0181357344172444,10483,FALSE
Pv2.1_07_4078896_G/T,Chr07,4078896,0.0181326826903447,10484,FALSE
Pv2.1_07_23019635_T/C,Chr07,23019635,0.0181317394529299,10485,FALSE
Pv2.1_06_26355901_A/C,Chr06,26355901,0.0181281891756511,10486,FALSE
Pv2.1_08_321376_A/G,Chr08,321376,0.0181091718655519,10487,FALSE
Pv2.1_08_321398_C/T,Chr08,321398,0.0181091718655519,10488,FALSE
Pv2.1_07_39214698_C/T,Chr07,39214698,0.0181029051959034,10489,FALSE
Pv2.1_04_1903223_A/G,Chr04,1903223,0.0181027716039299,10490,FALSE
Pv2.1_06_25276566_T/C,Chr06,25276566,0.0181023949577961,10491,FALSE
Pv2.1_05_152586_G/T,Chr05,152586,0.0181006751763948,10492,FALSE
Pv2.1_06_15507416_C/T,Chr06,15507416,0.018100128463364,10493,FALSE
Pv2.1_01_826203_C/G,Chr01,826203,0.0180957333703251,10494,FALSE
Pv2.1_06_24104639_C/T,Chr06,24104639,0.0180936164566874,10495,FALSE
Pv2.1_11_51042254_C/T,Chr11,51042254,0.0180924377437672,10496,FALSE
Pv2.1_02_24255537_G/A,Chr02,24255537,0.0180871164755212,10497,FALSE
Pv2.1_04_42681_C/T,Chr04,42681,0.0180840639866933,10498,FALSE
Pv2.1_06_22822954_T/C,Chr06,22822954,0.0180790307542464,10499,FALSE
Pv2.1_06_19500633_A/T,Chr06,19500633,0.0180777840653077,10500,FALSE
Pv2.1_10_40392346_G/A,Chr10,40392346,0.0180700275760071,10501,FALSE
Pv2.1_06_21274038_A/G,Chr06,21274038,0.0180676403898357,10502,FALSE
Pv2.1_10_912148_C/A,Chr10,912148,0.0180661618812534,10503,FALSE
Pv2.1_10_912198_T/C,Chr10,912198,0.0180661618812534,10504,FALSE
Pv2.1_10_5344234_T/C,Chr10,5344234,0.018059038466848,10505,FALSE
Pv2.1_07_9330514_C/T,Chr07,9330514,0.018056708271001,10506,FALSE
Pv2.1_07_37785968_C/T,Chr07,37785968,0.0180516564899502,10507,FALSE
Pv2.1_04_4083233_A/G,Chr04,4083233,0.0180463369302633,10508,FALSE
Pv2.1_04_4069940_T/C,Chr04,4069940,0.0180459426152777,10509,FALSE
Pv2.1_05_27718774_G/T,Chr05,27718774,0.0180459233867789,10510,FALSE
Pv2.1_11_51046805_C/A,Chr11,51046805,0.0180445312767432,10511,FALSE
Pv2.1_04_47176239_C/T,Chr04,47176239,0.018036815221472,10512,FALSE
Pv2.1_11_2965118_C/A,Chr11,2965118,0.018035444752738,10513,FALSE
Pv2.1_08_62184459_T/A,Chr08,62184459,0.0180336421969933,10514,FALSE
Pv2.1_02_562076_T/C,Chr02,562076,0.0180330039591285,10515,FALSE
Pv2.1_02_47384015_T/C,Chr02,47384015,0.0180313524312612,10516,FALSE
Pv2.1_07_4014350_C/T,Chr07,4014350,0.0180312903944895,10517,FALSE
Pv2.1_09_14645261_C/T,Chr09,14645261,0.0180308732016305,10518,FALSE
Pv2.1_10_42672493_C/T,Chr10,42672493,0.0180291743353096,10519,FALSE
Pv2.1_05_40589818_A/G,Chr05,40589818,0.0180142274851067,10520,FALSE
Pv2.1_03_8746487_G/T,Chr03,8746487,0.0180121356960812,10521,FALSE
Pv2.1_06_26553047_A/T,Chr06,26553047,0.0180105805987383,10522,FALSE
Pv2.1_07_38655002_T/A,Chr07,38655002,0.0180057186258549,10523,FALSE
Pv2.1_07_38947370_A/G,Chr07,38947370,0.0180049186433604,10524,FALSE
Pv2.1_06_27599690_TAAC/T,Chr06,27599690,0.0180026803176983,10525,FALSE
Pv2.1_04_1670956_C/T,Chr04,1670956,0.0180011466133481,10526,FALSE
Pv2.1_01_2219930_T/C,Chr01,2219930,0.018000195375973,10527,FALSE
Pv2.1_04_8640994_TA/T,Chr04,8640994,0.0179943236940616,10528,FALSE
Pv2.1_06_16933966_T/A,Chr06,16933966,0.0179902748079388,10529,FALSE
Pv2.1_05_577725_G/T,Chr05,577725,0.0179882216753806,10530,FALSE
Pv2.1_08_62494861_A/G,Chr08,62494861,0.0179876907211551,10531,FALSE
Pv2.1_10_41082898_T/C,Chr10,41082898,0.0179843505297259,10532,FALSE
Pv2.1_04_4560757_T/C,Chr04,4560757,0.0179805860487479,10533,FALSE
Pv2.1_06_18407802_G/T,Chr06,18407802,0.0179784001477561,10534,FALSE
Pv2.1_08_60180503_T/C,Chr08,60180503,0.0179719513559724,10535,FALSE
Pv2.1_06_27850894_G/A,Chr06,27850894,0.0179692829656672,10536,FALSE
Pv2.1_08_62309896_G/A,Chr08,62309896,0.0179652234042456,10537,FALSE
Pv2.1_04_2319312_A/G,Chr04,2319312,0.0179642031392806,10538,FALSE
Pv2.1_06_5252203_G/A,Chr06,5252203,0.0179527204741379,10539,FALSE
Pv2.1_10_38134451_G/A,Chr10,38134451,0.0179497187444939,10540,FALSE
Pv2.1_10_38134465_T/C,Chr10,38134465,0.0179497187444939,10541,FALSE
Pv2.1_04_44385346_C/G,Chr04,44385346,0.0179492147701241,10542,FALSE
Pv2.1_06_15071338_T/C,Chr06,15071338,0.0179467640878213,10543,FALSE
Pv2.1_11_3276888_T/A,Chr11,3276888,0.0179448817151795,10544,FALSE
Pv2.1_11_3276896_C/T,Chr11,3276896,0.0179448817151795,10545,FALSE
Pv2.1_10_43723957_C/T,Chr10,43723957,0.0179384227391766,10546,FALSE
Pv2.1_10_43723960_T/C,Chr10,43723960,0.0179384227391766,10547,FALSE
Pv2.1_07_4307259_T/G,Chr07,4307259,0.0179297743054558,10548,FALSE
Pv2.1_07_37986611_G/GGTT,Chr07,37986611,0.0179275868404791,10549,FALSE
Pv2.1_10_44182802_C/T,Chr10,44182802,0.0179261235570052,10550,FALSE
Pv2.1_07_3313494_G/A,Chr07,3313494,0.0179242694749497,10551,FALSE
Pv2.1_07_3313475_G/A,Chr07,3313475,0.0179242694749493,10552,FALSE
Pv2.1_05_2804320_G/A,Chr05,2804320,0.0179166439993699,10553,FALSE
Pv2.1_08_60032085_T/C,Chr08,60032085,0.0179114219396683,10554,FALSE
Pv2.1_01_1966665_C/T,Chr01,1966665,0.0179098291733126,10555,FALSE
Pv2.1_06_24975123_T/G,Chr06,24975123,0.0179064521043824,10556,FALSE
Pv2.1_11_28131179_AC/A,Chr11,28131179,0.0179057556142661,10557,FALSE
Pv2.1_06_23708659_A/T,Chr06,23708659,0.01790418896424,10558,FALSE
Pv2.1_06_23708662_C/G,Chr06,23708662,0.01790418896424,10559,FALSE
Pv2.1_03_52645127_C/G,Chr03,52645127,0.0179015909118365,10560,FALSE
Pv2.1_07_37760067_A/G,Chr07,37760067,0.0179005523421445,10561,FALSE
Pv2.1_03_51828799_G/A,Chr03,51828799,0.0179000098418411,10562,FALSE
Pv2.1_07_38158128_T/G,Chr07,38158128,0.0178969954337451,10563,FALSE
Pv2.1_05_38449654_T/A,Chr05,38449654,0.0178957012754215,10564,FALSE
Pv2.1_05_152546_A/C,Chr05,152546,0.0178919865692744,10565,FALSE
Pv2.1_09_36508137_G/C,Chr09,36508137,0.0178847224566692,10566,FALSE
Pv2.1_09_36508142_G/C,Chr09,36508142,0.0178847224566692,10567,FALSE
Pv2.1_02_46446456_G/A,Chr02,46446456,0.0178843438167635,10568,FALSE
Pv2.1_11_553861_A/G,Chr11,553861,0.0178835532892641,10569,FALSE
Pv2.1_07_10116650_G/T,Chr07,10116650,0.0178817519644059,10570,FALSE
Pv2.1_02_35464342_TA/T,Chr02,35464342,0.0178802329123942,10571,FALSE
Pv2.1_06_21299916_A/G,Chr06,21299916,0.0178768545628643,10572,FALSE
Pv2.1_06_21299926_G/A,Chr06,21299926,0.0178768545628643,10573,FALSE
Pv2.1_09_7692183_A/G,Chr09,7692183,0.0178767907491753,10574,FALSE
Pv2.1_02_35687100_T/A,Chr02,35687100,0.0178680494851804,10575,FALSE
Pv2.1_04_1903226_A/T,Chr04,1903226,0.0178654374834308,10576,FALSE
Pv2.1_04_22568_G/T,Chr04,22568,0.0178519786717581,10577,FALSE
Pv2.1_03_2989291_C/G,Chr03,2989291,0.0178470293598783,10578,FALSE
Pv2.1_02_38669097_A/T,Chr02,38669097,0.017846825314991,10579,FALSE
Pv2.1_06_12235682_C/A,Chr06,12235682,0.017838735529776,10580,FALSE
Pv2.1_07_729693_G/A,Chr07,729693,0.0178378060150366,10581,FALSE
Pv2.1_06_27102752_A/T,Chr06,27102752,0.01783563624477,10582,FALSE
Pv2.1_08_62659920_C/T,Chr08,62659920,0.0178340365724874,10583,FALSE
Pv2.1_08_62659927_G/T,Chr08,62659927,0.0178340365724874,10584,FALSE
Pv2.1_08_62659932_T/C,Chr08,62659932,0.0178340365724874,10585,FALSE
Pv2.1_06_20303361_A/G,Chr06,20303361,0.0178307480799655,10586,FALSE
Pv2.1_02_31492795_T/A,Chr02,31492795,0.0178269742130124,10587,FALSE
Pv2.1_01_51229012_A/T,Chr01,51229012,0.0178268382142197,10588,FALSE
Pv2.1_07_3273920_A/G,Chr07,3273920,0.0178221681171724,10589,FALSE
Pv2.1_08_59766726_AT/A,Chr08,59766726,0.0178152743611757,10590,FALSE
Pv2.1_01_51308596_T/A,Chr01,51308596,0.017808770089621,10591,FALSE
Pv2.1_11_29569720_C/A,Chr11,29569720,0.0178017863602573,10592,FALSE
Pv2.1_07_21378831_G/C,Chr07,21378831,0.0178012136628736,10593,FALSE
Pv2.1_08_9763910_C/T,Chr08,9763910,0.0178000375137768,10594,FALSE
Pv2.1_02_45749150_C/A,Chr02,45749150,0.0177965452585118,10595,FALSE
Pv2.1_06_21844515_G/A,Chr06,21844515,0.0177964418670697,10596,FALSE
Pv2.1_05_4447902_G/C,Chr05,4447902,0.017791984393607,10597,FALSE
Pv2.1_10_42515121_G/T,Chr10,42515121,0.0177877392023804,10598,FALSE
Pv2.1_11_35946088_C/G,Chr11,35946088,0.017778798142194,10599,FALSE
Pv2.1_11_51046800_G/A,Chr11,51046800,0.0177777074726189,10600,FALSE
Pv2.1_10_43376178_G/T,Chr10,43376178,0.0177759591737123,10601,FALSE
Pv2.1_07_3320364_A/G,Chr07,3320364,0.0177714537398526,10602,FALSE
Pv2.1_07_3320365_T/C,Chr07,3320365,0.0177714537398526,10603,FALSE
Pv2.1_04_1903306_G/A,Chr04,1903306,0.0177696273397521,10604,FALSE
Pv2.1_07_37347864_T/G,Chr07,37347864,0.0177642618616707,10605,FALSE
Pv2.1_09_28333626_GA/G,Chr09,28333626,0.0177641975647558,10606,FALSE
Pv2.1_06_4809493_C/G,Chr06,4809493,0.0177615801153026,10607,FALSE
Pv2.1_10_17672330_A/T,Chr10,17672330,0.0177606718761072,10608,FALSE
Pv2.1_03_990270_A/T,Chr03,990270,0.0177552265346037,10609,FALSE
Pv2.1_08_5097675_T/TA,Chr08,5097675,0.0177395040070807,10610,FALSE
Pv2.1_08_5097717_G/T,Chr08,5097717,0.0177395040070807,10611,FALSE
Pv2.1_06_23670624_G/A,Chr06,23670624,0.0177376566708434,10612,FALSE
Pv2.1_01_2524699_T/G,Chr01,2524699,0.017736883830378,10613,FALSE
Pv2.1_06_26695325_G/T,Chr06,26695325,0.0177335752565289,10614,FALSE
Pv2.1_08_61240435_T/A,Chr08,61240435,0.0177297533356304,10615,FALSE
Pv2.1_11_51916455_C/T,Chr11,51916455,0.0177241573557096,10616,FALSE
Pv2.1_05_38873612_C/T,Chr05,38873612,0.0177207147351455,10617,FALSE
Pv2.1_03_11458328_G/A,Chr03,11458328,0.0177195178779179,10618,FALSE
Pv2.1_02_38513019_T/G,Chr02,38513019,0.0177172419470084,10619,FALSE
Pv2.1_01_48430093_T/TTC,Chr01,48430093,0.0177164232557399,10620,FALSE
Pv2.1_01_49182006_G/T,Chr01,49182006,0.017715481380296,10621,FALSE
Pv2.1_01_49182043_T/G,Chr01,49182043,0.017715481380296,10622,FALSE
Pv2.1_05_4530987_GA/G,Chr05,4530987,0.0177117807951683,10623,FALSE
Pv2.1_11_51692228_ATGT/A,Chr11,51692228,0.0177088274236832,10624,FALSE
Pv2.1_06_3345744_A/G,Chr06,3345744,0.01769751662383,10625,FALSE
Pv2.1_10_43796610_T/C,Chr10,43796610,0.0176971098229712,10626,FALSE
Pv2.1_10_42949914_T/C,Chr10,42949914,0.0176772955959095,10627,FALSE
Pv2.1_07_38947361_C/T,Chr07,38947361,0.0176703774078706,10628,FALSE
Pv2.1_08_60114952_T/C,Chr08,60114952,0.0176700264446512,10629,FALSE
Pv2.1_07_38352232_G/A,Chr07,38352232,0.0176672850998183,10630,FALSE
Pv2.1_07_38352238_A/G,Chr07,38352238,0.0176672850998183,10631,FALSE
Pv2.1_07_1080351_G/A,Chr07,1080351,0.0176579060157192,10632,FALSE
Pv2.1_10_44080195_GTGTAA/G,Chr10,44080195,0.017657259848749,10633,FALSE
Pv2.1_05_7376171_C/T,Chr05,7376171,0.0176560752274439,10634,FALSE
Pv2.1_06_25343329_A/G,Chr06,25343329,0.0176558031438896,10635,FALSE
Pv2.1_05_3801778_T/C,Chr05,3801778,0.0176474664623014,10636,FALSE
Pv2.1_02_13407918_C/CATAGG,Chr02,13407918,0.0176431724287913,10637,FALSE
Pv2.1_10_44077499_A/G,Chr10,44077499,0.0176398299689065,10638,FALSE
Pv2.1_08_62043144_G/A,Chr08,62043144,0.0176369329468531,10639,FALSE
Pv2.1_04_5200352_G/A,Chr04,5200352,0.0176307352084191,10640,FALSE
Pv2.1_04_5200357_C/T,Chr04,5200357,0.0176307352084191,10641,FALSE
Pv2.1_05_2918551_C/T,Chr05,2918551,0.0176291363892358,10642,FALSE
Pv2.1_03_39816807_G/T,Chr03,39816807,0.0176287200914635,10643,FALSE
Pv2.1_09_37964573_A/G,Chr09,37964573,0.0176237002311272,10644,FALSE
Pv2.1_06_4071322_C/T,Chr06,4071322,0.0176169170163316,10645,FALSE
Pv2.1_08_62550496_A/G,Chr08,62550496,0.0176165847920067,10646,FALSE
Pv2.1_07_21053823_A/T,Chr07,21053823,0.0176164913197185,10647,FALSE
Pv2.1_06_21722479_A/AT,Chr06,21722479,0.0176104222254763,10648,FALSE
Pv2.1_08_334325_A/G,Chr08,334325,0.017605340514979,10649,FALSE
Pv2.1_11_1241231_C/A,Chr11,1241231,0.0176050520474469,10650,FALSE
Pv2.1_10_41922512_C/T,Chr10,41922512,0.0176043879680781,10651,FALSE
Pv2.1_04_44385343_T/A,Chr04,44385343,0.0176004552796938,10652,FALSE
Pv2.1_11_53381603_A/T,Chr11,53381603,0.0176001608908054,10653,FALSE
Pv2.1_04_47258842_G/T,Chr04,47258842,0.0175975273901452,10654,FALSE
Pv2.1_06_23708868_G/A,Chr06,23708868,0.0175914174009306,10655,FALSE
Pv2.1_11_52609671_A/G,Chr11,52609671,0.0175853405072322,10656,FALSE
Pv2.1_08_259452_A/G,Chr08,259452,0.0175839525823585,10657,FALSE
Pv2.1_08_259452_A/T,Chr08,259452,0.0175839525823585,10658,FALSE
Pv2.1_09_35981300_A/G,Chr09,35981300,0.0175762887599653,10659,FALSE
Pv2.1_10_40968320_A/G,Chr10,40968320,0.0175761637166394,10660,FALSE
Pv2.1_08_555099_T/A,Chr08,555099,0.0175748126475215,10661,FALSE
Pv2.1_07_1006655_A/T,Chr07,1006655,0.0175724952213967,10662,FALSE
Pv2.1_10_9922570_A/G,Chr10,9922570,0.0175712499662688,10663,FALSE
Pv2.1_10_9922572_A/G,Chr10,9922572,0.0175712499662688,10664,FALSE
Pv2.1_06_29841773_G/T,Chr06,29841773,0.0175709524105732,10665,FALSE
Pv2.1_07_3273944_C/G,Chr07,3273944,0.0175701063065201,10666,FALSE
Pv2.1_04_4560463_G/A,Chr04,4560463,0.0175683076355626,10667,FALSE
Pv2.1_09_10534873_C/T,Chr09,10534873,0.0175613661852978,10668,FALSE
Pv2.1_07_38158117_T/C,Chr07,38158117,0.0175607961163506,10669,FALSE
Pv2.1_07_38158118_C/A,Chr07,38158118,0.0175607961163506,10670,FALSE
Pv2.1_03_11673172_C/A,Chr03,11673172,0.0175599010415994,10671,FALSE
Pv2.1_06_19235210_T/C,Chr06,19235210,0.017559446057053,10672,FALSE
Pv2.1_07_3558177_C/T,Chr07,3558177,0.0175493442041832,10673,FALSE
Pv2.1_11_51046826_C/T,Chr11,51046826,0.0175477278344758,10674,FALSE
Pv2.1_10_41044628_C/T,Chr10,41044628,0.0175467490237549,10675,FALSE
Pv2.1_01_51040700_C/A,Chr01,51040700,0.0175456189682119,10676,FALSE
Pv2.1_05_38479454_A/T,Chr05,38479454,0.0175435995072246,10677,FALSE
Pv2.1_07_36965265_G/T,Chr07,36965265,0.0175410346636227,10678,FALSE
Pv2.1_01_2219931_A/C,Chr01,2219931,0.0175406339475774,10679,FALSE
Pv2.1_11_53440949_T/C,Chr11,53440949,0.0175364159406541,10680,FALSE
Pv2.1_10_41617017_G/A,Chr10,41617017,0.0175357398960534,10681,FALSE
Pv2.1_06_9270570_A/G,Chr06,9270570,0.0175355763671909,10682,FALSE
Pv2.1_04_46071152_T/C,Chr04,46071152,0.0175339094271716,10683,FALSE
Pv2.1_03_51297886_C/A,Chr03,51297886,0.0175314542194207,10684,FALSE
Pv2.1_07_7597678_T/C,Chr07,7597678,0.0175306449396864,10685,FALSE
Pv2.1_06_21755103_C/T,Chr06,21755103,0.0175267824168679,10686,FALSE
Pv2.1_06_21100879_C/G,Chr06,21100879,0.0175200134277231,10687,FALSE
Pv2.1_10_43366868_T/C,Chr10,43366868,0.0175186555839639,10688,FALSE
Pv2.1_08_56216440_T/A,Chr08,56216440,0.0175143781602256,10689,FALSE
Pv2.1_08_60713377_C/G,Chr08,60713377,0.0175133459316994,10690,FALSE
Pv2.1_10_16153586_C/T,Chr10,16153586,0.0175121501269238,10691,FALSE
Pv2.1_10_39133520_G/A,Chr10,39133520,0.0175108996376934,10692,FALSE
Pv2.1_10_39133554_T/C,Chr10,39133554,0.0175108996376934,10693,FALSE
Pv2.1_04_7621693_T/C,Chr04,7621693,0.0175096554263781,10694,FALSE
Pv2.1_09_13940749_T/A,Chr09,13940749,0.0175016020434464,10695,FALSE
Pv2.1_05_39245531_T/A,Chr05,39245531,0.0174979428219921,10696,FALSE
Pv2.1_02_38513200_T/C,Chr02,38513200,0.0174949932899575,10697,FALSE
Pv2.1_06_8724644_A/G,Chr06,8724644,0.0174854358532084,10698,FALSE
Pv2.1_02_37687148_A/T,Chr02,37687148,0.0174809573128472,10699,FALSE
Pv2.1_03_34376414_G/GCA,Chr03,34376414,0.0174719677596396,10700,FALSE
Pv2.1_08_60648356_G/A,Chr08,60648356,0.0174703423411882,10701,FALSE
Pv2.1_02_16489863_A/G,Chr02,16489863,0.0174674127214765,10702,FALSE
Pv2.1_04_1317037_C/G,Chr04,1317037,0.0174522372304167,10703,FALSE
Pv2.1_02_38513125_T/C,Chr02,38513125,0.0174476029844999,10704,FALSE
Pv2.1_11_31096492_C/CA,Chr11,31096492,0.0174468397399159,10705,FALSE
Pv2.1_06_25689506_T/G,Chr06,25689506,0.0174449915959172,10706,FALSE
Pv2.1_01_6676518_G/C,Chr01,6676518,0.017438841745375,10707,FALSE
Pv2.1_07_38863655_A/T,Chr07,38863655,0.017435207431121,10708,FALSE
Pv2.1_08_1278308_A/G,Chr08,1278308,0.0174343950210023,10709,FALSE
Pv2.1_06_27603231_G/A,Chr06,27603231,0.017434079106577,10710,FALSE
Pv2.1_10_44079935_G/C,Chr10,44079935,0.0174326598385748,10711,FALSE
Pv2.1_05_21626690_G/C,Chr05,21626690,0.0174286292547881,10712,FALSE
Pv2.1_06_5756952_T/C,Chr06,5756952,0.0174218886308068,10713,FALSE
Pv2.1_08_62279504_C/T,Chr08,62279504,0.0174189638219224,10714,FALSE
Pv2.1_11_52413183_T/G,Chr11,52413183,0.0174159226104482,10715,FALSE
Pv2.1_10_42569969_C/T,Chr10,42569969,0.0174118147905276,10716,FALSE
Pv2.1_10_42569974_G/A,Chr10,42569974,0.0174118147905276,10717,FALSE
Pv2.1_06_23593428_G/A,Chr06,23593428,0.0174115705853253,10718,FALSE
Pv2.1_01_2503629_A/G,Chr01,2503629,0.0174093432865781,10719,FALSE
Pv2.1_04_281365_A/C,Chr04,281365,0.0174070080968365,10720,FALSE
Pv2.1_03_11820433_TCTG/T,Chr03,11820433,0.0174061417959095,10721,FALSE
Pv2.1_07_2698011_T/C,Chr07,2698011,0.0174061015993172,10722,FALSE
Pv2.1_03_2989321_T/A,Chr03,2989321,0.0174046813719162,10723,FALSE
Pv2.1_05_38444090_A/G,Chr05,38444090,0.0174031955723826,10724,FALSE
Pv2.1_01_47052830_T/A,Chr01,47052830,0.0174015069950642,10725,FALSE
Pv2.1_01_47052831_C/A,Chr01,47052831,0.0174015069950642,10726,FALSE
Pv2.1_04_28293_G/A,Chr04,28293,0.0173980659762343,10727,FALSE
Pv2.1_08_926368_C/T,Chr08,926368,0.0173896712149162,10728,FALSE
Pv2.1_07_1222861_T/C,Chr07,1222861,0.0173877249388452,10729,FALSE
Pv2.1_04_47258974_A/T,Chr04,47258974,0.017376953706989,10730,FALSE
Pv2.1_08_3922167_T/C,Chr08,3922167,0.0173746762828548,10731,FALSE
Pv2.1_07_37412632_TA/T,Chr07,37412632,0.0173674503624621,10732,FALSE
Pv2.1_06_15403258_C/T,Chr06,15403258,0.017365581553809,10733,FALSE
Pv2.1_05_17382289_C/A,Chr05,17382289,0.0173653958956965,10734,FALSE
Pv2.1_10_43814500_A/G,Chr10,43814500,0.0173640492202694,10735,FALSE
Pv2.1_09_7815436_G/T,Chr09,7815436,0.0173630057098886,10736,FALSE
Pv2.1_06_18684797_A/C,Chr06,18684797,0.0173477238465805,10737,FALSE
Pv2.1_06_7000134_C/T,Chr06,7000134,0.0173455140305538,10738,FALSE
Pv2.1_03_9319109_T/A,Chr03,9319109,0.0173369284619374,10739,FALSE
Pv2.1_05_11785046_G/A,Chr05,11785046,0.0173278806934936,10740,FALSE
Pv2.1_08_61639195_G/A,Chr08,61639195,0.0173254652789674,10741,FALSE
Pv2.1_10_38147182_A/T,Chr10,38147182,0.0173237953591303,10742,FALSE
Pv2.1_05_11368089_A/T,Chr05,11368089,0.017319458206698,10743,FALSE
Pv2.1_08_502286_T/G,Chr08,502286,0.0173180615427926,10744,FALSE
Pv2.1_03_11230341_G/A,Chr03,11230341,0.0173069510156356,10745,FALSE
Pv2.1_06_16824333_G/GA,Chr06,16824333,0.0173001018695693,10746,FALSE
Pv2.1_07_37259006_G/C,Chr07,37259006,0.0172807313748438,10747,FALSE
Pv2.1_06_21206708_A/G,Chr06,21206708,0.0172795381324429,10748,FALSE
Pv2.1_03_11281770_T/A,Chr03,11281770,0.017278321602225,10749,FALSE
Pv2.1_08_14180813_A/G,Chr08,14180813,0.0172751912729883,10750,FALSE
Pv2.1_02_33362222_G/A,Chr02,33362222,0.0172712680936296,10751,FALSE
Pv2.1_06_29828140_A/G,Chr06,29828140,0.0172696893948499,10752,FALSE
Pv2.1_10_42270389_C/A,Chr10,42270389,0.0172681000362913,10753,FALSE
Pv2.1_08_10689652_C/A,Chr08,10689652,0.017264699679143,10754,FALSE
Pv2.1_10_29244219_A/G,Chr10,29244219,0.0172618838272021,10755,FALSE
Pv2.1_01_147928_C/T,Chr01,147928,0.0172584589212881,10756,FALSE
Pv2.1_02_12350913_T/A,Chr02,12350913,0.01725465201149,10757,FALSE
Pv2.1_08_9129921_A/C,Chr08,9129921,0.0172446643909003,10758,FALSE
Pv2.1_02_48828600_A/C,Chr02,48828600,0.0172393468328531,10759,FALSE
Pv2.1_03_52435535_G/A,Chr03,52435535,0.0172234030424829,10760,FALSE
Pv2.1_08_11528512_A/T,Chr08,11528512,0.0172226939997917,10761,FALSE
Pv2.1_08_62972835_G/C,Chr08,62972835,0.0172226855631528,10762,FALSE
Pv2.1_04_53825_T/A,Chr04,53825,0.017221841997888,10763,FALSE
Pv2.1_02_12058461_C/T,Chr02,12058461,0.0172186492813835,10764,FALSE
Pv2.1_06_22105330_G/A,Chr06,22105330,0.0172134132021005,10765,FALSE
Pv2.1_07_10902728_A/G,Chr07,10902728,0.0172110821739144,10766,FALSE
Pv2.1_11_52617240_G/C,Chr11,52617240,0.0172041808333714,10767,FALSE
Pv2.1_04_455752_C/G,Chr04,455752,0.017188356291034,10768,FALSE
Pv2.1_04_41394718_G/A,Chr04,41394718,0.017188210505438,10769,FALSE
Pv2.1_02_44545144_A/T,Chr02,44545144,0.0171856303087949,10770,FALSE
Pv2.1_06_19500610_C/T,Chr06,19500610,0.0171834096520382,10771,FALSE
Pv2.1_08_62553056_G/A,Chr08,62553056,0.0171826096294989,10772,FALSE
Pv2.1_07_36710880_C/T,Chr07,36710880,0.0171824772467564,10773,FALSE
Pv2.1_11_32102900_G/A,Chr11,32102900,0.0171758755189622,10774,FALSE
Pv2.1_02_30593664_C/A,Chr02,30593664,0.0171708368880981,10775,FALSE
Pv2.1_10_43013354_G/A,Chr10,43013354,0.0171688263751517,10776,FALSE
Pv2.1_07_22229733_C/T,Chr07,22229733,0.0171675243749609,10777,FALSE
Pv2.1_05_113061_T/C,Chr05,113061,0.0171674604682757,10778,FALSE
Pv2.1_04_2182181_T/C,Chr04,2182181,0.0171649068283326,10779,FALSE
Pv2.1_07_425700_A/G,Chr07,425700,0.0171633904308655,10780,FALSE
Pv2.1_10_43254544_T/G,Chr10,43254544,0.0171603774821394,10781,FALSE
Pv2.1_08_62753875_A/G,Chr08,62753875,0.0171571405841959,10782,FALSE
Pv2.1_07_28968582_T/C,Chr07,28968582,0.0171550613455969,10783,FALSE
Pv2.1_06_9560313_A/G,Chr06,9560313,0.0171528297605068,10784,FALSE
Pv2.1_06_25139321_T/A,Chr06,25139321,0.0171494101998229,10785,FALSE
Pv2.1_08_62899552_A/T,Chr08,62899552,0.0171461358500453,10786,FALSE
Pv2.1_11_5272264_G/A,Chr11,5272264,0.0171428323919565,10787,FALSE
Pv2.1_11_51314319_A/G,Chr11,51314319,0.0171374923795433,10788,FALSE
Pv2.1_09_35368553_A/G,Chr09,35368553,0.0171243139263328,10789,FALSE
Pv2.1_08_34729279_A/G,Chr08,34729279,0.0171181762506629,10790,FALSE
Pv2.1_10_44213690_C/T,Chr10,44213690,0.0171172536163411,10791,FALSE
Pv2.1_10_44213711_G/A,Chr10,44213711,0.0171172536163411,10792,FALSE
Pv2.1_11_50261472_A/G,Chr11,50261472,0.0171123414766079,10793,FALSE
Pv2.1_01_41512745_C/T,Chr01,41512745,0.0171108664599324,10794,FALSE
Pv2.1_05_2918539_T/C,Chr05,2918539,0.0171033506084219,10795,FALSE
Pv2.1_08_502282_C/T,Chr08,502282,0.0170947645828266,10796,FALSE
Pv2.1_08_364413_A/G,Chr08,364413,0.01709274665907,10797,FALSE
Pv2.1_06_18684766_GA/G,Chr06,18684766,0.0170897370067116,10798,FALSE
Pv2.1_01_6523702_CT/C,Chr01,6523702,0.0170877402082468,10799,FALSE
Pv2.1_06_21930092_C/T,Chr06,21930092,0.0170773716784343,10800,FALSE
Pv2.1_11_46410431_G/A,Chr11,46410431,0.0170772973098163,10801,FALSE
Pv2.1_06_8347850_T/A,Chr06,8347850,0.0170728191234875,10802,FALSE
Pv2.1_06_22373712_C/T,Chr06,22373712,0.0170702711064545,10803,FALSE
Pv2.1_11_35945999_C/T,Chr11,35945999,0.0170573249884893,10804,FALSE
Pv2.1_06_19235187_G/C,Chr06,19235187,0.0170510093452538,10805,FALSE
Pv2.1_06_19235217_G/A,Chr06,19235217,0.0170510093452538,10806,FALSE
Pv2.1_04_45448830_A/G,Chr04,45448830,0.017045708689976,10807,FALSE
Pv2.1_02_47377595_A/G,Chr02,47377595,0.0170442510424458,10808,FALSE
Pv2.1_06_23814641_G/T,Chr06,23814641,0.0170438170816452,10809,FALSE
Pv2.1_04_2589676_A/AC,Chr04,2589676,0.0170383297433845,10810,FALSE
Pv2.1_02_33535628_G/A,Chr02,33535628,0.0170373847818222,10811,FALSE
Pv2.1_02_33535629_C/A,Chr02,33535629,0.0170373847818222,10812,FALSE
Pv2.1_10_43396703_A/G,Chr10,43396703,0.0170344384289032,10813,FALSE
Pv2.1_03_33564009_A/AT,Chr03,33564009,0.0170325828135653,10814,FALSE
Pv2.1_11_4718960_C/T,Chr11,4718960,0.0170324986470214,10815,FALSE
Pv2.1_06_26552979_G/A,Chr06,26552979,0.0170292305423732,10816,FALSE
Pv2.1_04_1835757_T/C,Chr04,1835757,0.0170233806609241,10817,FALSE
Pv2.1_10_44182778_T/C,Chr10,44182778,0.0170209924829434,10818,FALSE
Pv2.1_10_44182787_G/T,Chr10,44182787,0.0170209924829434,10819,FALSE
Pv2.1_10_44182792_A/G,Chr10,44182792,0.0170209924829434,10820,FALSE
Pv2.1_06_26507162_T/A,Chr06,26507162,0.0170176079338988,10821,FALSE
Pv2.1_08_2450848_A/T,Chr08,2450848,0.017016607255675,10822,FALSE
Pv2.1_03_6810073_T/C,Chr03,6810073,0.0170096016716399,10823,FALSE
Pv2.1_03_6810073_T/G,Chr03,6810073,0.0170096016716399,10824,FALSE
Pv2.1_07_2579700_C/T,Chr07,2579700,0.0170088679138463,10825,FALSE
Pv2.1_08_1709783_CAT/C,Chr08,1709783,0.0170072765323046,10826,FALSE
Pv2.1_02_35455350_TACTC/T,Chr02,35455350,0.0170042191969091,10827,FALSE
Pv2.1_08_62929880_A/G,Chr08,62929880,0.0169957895683357,10828,FALSE
Pv2.1_08_62929892_A/G,Chr08,62929892,0.0169957895683357,10829,FALSE
Pv2.1_11_861456_A/G,Chr11,861456,0.0169938469410673,10830,FALSE
Pv2.1_04_45663666_A/T,Chr04,45663666,0.0169825115279161,10831,FALSE
Pv2.1_06_25688047_C/A,Chr06,25688047,0.0169811361566992,10832,FALSE
Pv2.1_10_39107360_T/C,Chr10,39107360,0.0169775750494248,10833,FALSE
Pv2.1_01_929939_T/A,Chr01,929939,0.016975111612751,10834,FALSE
Pv2.1_07_28378098_T/G,Chr07,28378098,0.0169710976086259,10835,FALSE
Pv2.1_08_60744202_C/A,Chr08,60744202,0.0169611354687205,10836,FALSE
Pv2.1_06_5391843_T/C,Chr06,5391843,0.0169598601094623,10837,FALSE
Pv2.1_07_106027_C/T,Chr07,106027,0.0169588612343112,10838,FALSE
Pv2.1_02_48833387_G/T,Chr02,48833387,0.0169577441124344,10839,FALSE
Pv2.1_06_15606355_A/T,Chr06,15606355,0.0169550157560043,10840,FALSE
Pv2.1_06_11457983_A/AT,Chr06,11457983,0.0169473785335574,10841,FALSE
Pv2.1_11_2053523_G/A,Chr11,2053523,0.0169439391569428,10842,FALSE
Pv2.1_06_15080463_C/A,Chr06,15080463,0.016942450956948,10843,FALSE
Pv2.1_06_15080466_A/G,Chr06,15080466,0.016942450956948,10844,FALSE
Pv2.1_06_27100075_A/G,Chr06,27100075,0.0169387440534461,10845,FALSE
Pv2.1_06_24989431_G/A,Chr06,24989431,0.0169385758464653,10846,FALSE
Pv2.1_10_40540202_G/A,Chr10,40540202,0.0169335233786572,10847,FALSE
Pv2.1_02_48682269_G/A,Chr02,48682269,0.0169329478396483,10848,FALSE
Pv2.1_06_12444635_A/G,Chr06,12444635,0.0169275504544499,10849,FALSE
Pv2.1_07_1149330_C/A,Chr07,1149330,0.0169273229328222,10850,FALSE
Pv2.1_06_21970104_A/G,Chr06,21970104,0.0169262520829432,10851,FALSE
Pv2.1_05_4503430_C/A,Chr05,4503430,0.0169259880054633,10852,FALSE
Pv2.1_08_391909_T/C,Chr08,391909,0.0169239597513347,10853,FALSE
Pv2.1_08_391944_G/T,Chr08,391944,0.0169239597513347,10854,FALSE
Pv2.1_06_24799768_C/T,Chr06,24799768,0.0169199945612024,10855,FALSE
Pv2.1_06_19233059_T/C,Chr06,19233059,0.0169174205497584,10856,FALSE
Pv2.1_06_19233079_G/A,Chr06,19233079,0.0169174205497584,10857,FALSE
Pv2.1_05_11706427_A/T,Chr05,11706427,0.0169128706492829,10858,FALSE
Pv2.1_03_11673556_A/G,Chr03,11673556,0.0169119467013044,10859,FALSE
Pv2.1_06_7668273_T/C,Chr06,7668273,0.0169064640567749,10860,FALSE
Pv2.1_08_62249194_T/G,Chr08,62249194,0.0168968392934077,10861,FALSE
Pv2.1_03_44665922_GAC/G,Chr03,44665922,0.0168953378333661,10862,FALSE
Pv2.1_05_22431334_C/T,Chr05,22431334,0.0168951833903312,10863,FALSE
Pv2.1_09_716046_A/G,Chr09,716046,0.0168892385765353,10864,FALSE
Pv2.1_10_29244169_G/A,Chr10,29244169,0.0168877574962734,10865,FALSE
Pv2.1_08_555135_A/T,Chr08,555135,0.0168810700455921,10866,FALSE
Pv2.1_05_11706426_A/T,Chr05,11706426,0.0168778466917168,10867,FALSE
Pv2.1_05_11706428_A/T,Chr05,11706428,0.0168778466917168,10868,FALSE
Pv2.1_06_19910820_G/C,Chr06,19910820,0.0168763524911837,10869,FALSE
Pv2.1_10_1790828_A/T,Chr10,1790828,0.0168702336671833,10870,FALSE
Pv2.1_04_281348_A/G,Chr04,281348,0.016868434457622,10871,FALSE
Pv2.1_10_24098799_A/G,Chr10,24098799,0.0168677872673508,10872,FALSE
Pv2.1_10_44211585_G/A,Chr10,44211585,0.0168634396489562,10873,FALSE
Pv2.1_07_3274074_G/T,Chr07,3274074,0.0168611450672134,10874,FALSE
Pv2.1_03_45318342_T/G,Chr03,45318342,0.0168601516107141,10875,FALSE
Pv2.1_09_7580835_G/C,Chr09,7580835,0.0168566894738009,10876,FALSE
Pv2.1_06_13156139_C/A,Chr06,13156139,0.0168553086446743,10877,FALSE
Pv2.1_10_42716407_G/C,Chr10,42716407,0.0168520142857553,10878,FALSE
Pv2.1_05_394590_C/T,Chr05,394590,0.0168509701196222,10879,FALSE
Pv2.1_08_1583216_C/T,Chr08,1583216,0.0168499936656445,10880,FALSE
Pv2.1_01_3132226_GT/G,Chr01,3132226,0.0168404622909675,10881,FALSE
Pv2.1_05_39242027_T/C,Chr05,39242027,0.0168330878921479,10882,FALSE
Pv2.1_06_15752205_C/A,Chr06,15752205,0.0168318710951016,10883,FALSE
Pv2.1_08_62309974_T/A,Chr08,62309974,0.016831434639033,10884,FALSE
Pv2.1_08_60151907_T/A,Chr08,60151907,0.0168306603989405,10885,FALSE
Pv2.1_05_394582_G/C,Chr05,394582,0.0168302867891001,10886,FALSE
Pv2.1_09_37990915_T/G,Chr09,37990915,0.0168296454505659,10887,FALSE
Pv2.1_04_2047846_A/C,Chr04,2047846,0.0168249767593607,10888,FALSE
Pv2.1_07_1006614_T/C,Chr07,1006614,0.0168216614571413,10889,FALSE
Pv2.1_06_7000090_G/A,Chr06,7000090,0.0168202672393791,10890,FALSE
Pv2.1_09_37075645_CA/C,Chr09,37075645,0.0168165288237891,10891,FALSE
Pv2.1_06_2584531_T/A,Chr06,2584531,0.0168100519514964,10892,FALSE
Pv2.1_04_1645733_G/C,Chr04,1645733,0.0168082696182155,10893,FALSE
Pv2.1_02_33446334_C/G,Chr02,33446334,0.0167929475218638,10894,FALSE
Pv2.1_11_29949573_A/T,Chr11,29949573,0.0167889386739915,10895,FALSE
Pv2.1_06_20660618_A/G,Chr06,20660618,0.016784747550282,10896,FALSE
Pv2.1_02_38638824_T/A,Chr02,38638824,0.0167823888128202,10897,FALSE
Pv2.1_09_22307848_T/TATAA,Chr09,22307848,0.016779904651,10898,FALSE
Pv2.1_01_1626766_C/T,Chr01,1626766,0.0167790732197055,10899,FALSE
Pv2.1_05_3754249_A/G,Chr05,3754249,0.016772243630748,10900,FALSE
Pv2.1_01_825869_A/G,Chr01,825869,0.0167497066611682,10901,FALSE
Pv2.1_07_9330384_C/T,Chr07,9330384,0.0167495625773832,10902,FALSE
Pv2.1_07_1084426_T/C,Chr07,1084426,0.016747258838425,10903,FALSE
Pv2.1_07_1084441_T/C,Chr07,1084441,0.016747258838425,10904,FALSE
Pv2.1_09_29268109_G/A,Chr09,29268109,0.0167274965063631,10905,FALSE
Pv2.1_01_1104804_TAG/T,Chr01,1104804,0.016722414980872,10906,FALSE
Pv2.1_02_36094867_A/G,Chr02,36094867,0.0167168924377075,10907,FALSE
Pv2.1_02_33254692_A/G,Chr02,33254692,0.0167163727363815,10908,FALSE
Pv2.1_10_23594812_T/C,Chr10,23594812,0.0167159993843775,10909,FALSE
Pv2.1_08_6676426_TC/T,Chr08,6676426,0.0167155194201065,10910,FALSE
Pv2.1_06_21294420_A/G,Chr06,21294420,0.0167095705588554,10911,FALSE
Pv2.1_08_62490561_A/T,Chr08,62490561,0.0167071916955721,10912,FALSE
Pv2.1_08_1572305_T/C,Chr08,1572305,0.0167010570054735,10913,FALSE
Pv2.1_08_360362_C/T,Chr08,360362,0.0167001361175658,10914,FALSE
Pv2.1_04_47654276_A/T,Chr04,47654276,0.0166909358114542,10915,FALSE
Pv2.1_04_47654314_T/C,Chr04,47654314,0.0166909358114542,10916,FALSE
Pv2.1_11_2101945_T/C,Chr11,2101945,0.0166902165122469,10917,FALSE
Pv2.1_01_854123_A/G,Chr01,854123,0.0166877785963555,10918,FALSE
Pv2.1_05_22431400_C/T,Chr05,22431400,0.0166808535323875,10919,FALSE
Pv2.1_07_106040_G/A,Chr07,106040,0.0166755876111697,10920,FALSE
Pv2.1_06_9560311_C/G,Chr06,9560311,0.0166742263728934,10921,FALSE
Pv2.1_04_47116054_C/G,Chr04,47116054,0.0166709663484941,10922,FALSE
Pv2.1_04_47116088_G/C,Chr04,47116088,0.0166709663484941,10923,FALSE
Pv2.1_04_47116092_G/A,Chr04,47116092,0.0166709663484941,10924,FALSE
Pv2.1_02_48828601_A/T,Chr02,48828601,0.0166683422203557,10925,FALSE
Pv2.1_04_46127076_C/G,Chr04,46127076,0.0166651351059768,10926,FALSE
Pv2.1_11_53497859_A/C,Chr11,53497859,0.0166624992404163,10927,FALSE
Pv2.1_07_3871396_C/CT,Chr07,3871396,0.0166569179523144,10928,FALSE
Pv2.1_06_27435520_G/A,Chr06,27435520,0.0166541996895826,10929,FALSE
Pv2.1_06_26444453_T/G,Chr06,26444453,0.0166539137321564,10930,FALSE
Pv2.1_07_3313509_T/A,Chr07,3313509,0.0166469542730323,10931,FALSE
Pv2.1_07_9199053_G/T,Chr07,9199053,0.016639642168649,10932,FALSE
Pv2.1_07_9199088_C/T,Chr07,9199088,0.016639642168649,10933,FALSE
Pv2.1_04_533997_T/C,Chr04,533997,0.0166271356426075,10934,FALSE
Pv2.1_06_23709011_A/T,Chr06,23709011,0.0166247774276513,10935,FALSE
Pv2.1_05_16716372_A/T,Chr05,16716372,0.0166130992052547,10936,FALSE
Pv2.1_02_2403513_T/A,Chr02,2403513,0.0166086539007484,10937,FALSE
Pv2.1_06_24281833_G/T,Chr06,24281833,0.0165973818992118,10938,FALSE
Pv2.1_09_36683647_G/C,Chr09,36683647,0.0165893051574382,10939,FALSE
Pv2.1_08_11524391_G/A,Chr08,11524391,0.0165839788993742,10940,FALSE
Pv2.1_11_5176026_T/G,Chr11,5176026,0.0165730823943906,10941,FALSE
Pv2.1_08_60658617_C/T,Chr08,60658617,0.0165715151578731,10942,FALSE
Pv2.1_10_44213726_A/G,Chr10,44213726,0.0165604807794129,10943,FALSE
Pv2.1_06_3707842_A/G,Chr06,3707842,0.0165503615301525,10944,FALSE
Pv2.1_10_7874414_C/T,Chr10,7874414,0.0165497523783893,10945,FALSE
Pv2.1_08_1169909_T/C,Chr08,1169909,0.0165495168597611,10946,FALSE
Pv2.1_01_811372_A/G,Chr01,811372,0.0165460440030536,10947,FALSE
Pv2.1_01_3363634_G/A,Chr01,3363634,0.016539920530354,10948,FALSE
Pv2.1_01_51065672_A/T,Chr01,51065672,0.0165379220616813,10949,FALSE
Pv2.1_08_62311025_T/A,Chr08,62311025,0.0165285261787007,10950,FALSE
Pv2.1_05_16896849_G/A,Chr05,16896849,0.0165268134196359,10951,FALSE
Pv2.1_05_2230380_G/A,Chr05,2230380,0.0165250525205778,10952,FALSE
Pv2.1_08_61408053_C/A,Chr08,61408053,0.016522525864306,10953,FALSE
Pv2.1_06_14887355_C/T,Chr06,14887355,0.0165188612413529,10954,FALSE
Pv2.1_07_9337520_T/A,Chr07,9337520,0.0165126994329152,10955,FALSE
Pv2.1_04_46887331_A/G,Chr04,46887331,0.0165063178236311,10956,FALSE
Pv2.1_11_4652202_C/G,Chr11,4652202,0.0165044029651469,10957,FALSE
Pv2.1_11_35945927_C/A,Chr11,35945927,0.0165019916912295,10958,FALSE
Pv2.1_08_59994978_G/A,Chr08,59994978,0.01650063544069,10959,FALSE
Pv2.1_05_3755782_A/G,Chr05,3755782,0.0164923478083727,10960,FALSE
Pv2.1_08_23156196_G/A,Chr08,23156196,0.0164910630302435,10961,FALSE
Pv2.1_05_21548695_C/T,Chr05,21548695,0.0164881460088826,10962,FALSE
Pv2.1_08_61589704_G/C,Chr08,61589704,0.0164846221561556,10963,FALSE
Pv2.1_08_61020458_A/G,Chr08,61020458,0.0164839263627599,10964,FALSE
Pv2.1_07_2641402_T/A,Chr07,2641402,0.0164823266419831,10965,FALSE
Pv2.1_05_38892567_C/A,Chr05,38892567,0.0164792764530248,10966,FALSE
Pv2.1_06_21554915_A/G,Chr06,21554915,0.0164775639640937,10967,FALSE
Pv2.1_02_34496574_A/T,Chr02,34496574,0.0164767111682327,10968,FALSE
Pv2.1_02_47357021_C/T,Chr02,47357021,0.016474307269339,10969,FALSE
Pv2.1_08_52704390_C/T,Chr08,52704390,0.0164696262680049,10970,FALSE
Pv2.1_10_33353451_C/T,Chr10,33353451,0.0164678881163436,10971,FALSE
Pv2.1_11_2097825_G/A,Chr11,2097825,0.0164675826096441,10972,FALSE
Pv2.1_08_60451273_A/C,Chr08,60451273,0.0164565787609647,10973,FALSE
Pv2.1_09_28596762_A/G,Chr09,28596762,0.0164542089318704,10974,FALSE
Pv2.1_11_52609610_T/A,Chr11,52609610,0.0164536574357252,10975,FALSE
Pv2.1_06_4126134_G/A,Chr06,4126134,0.016452904223351,10976,FALSE
Pv2.1_06_18115149_G/A,Chr06,18115149,0.0164486130964616,10977,FALSE
Pv2.1_02_36931542_G/A,Chr02,36931542,0.0164267300009797,10978,FALSE
Pv2.1_08_60744246_T/G,Chr08,60744246,0.016424764680067,10979,FALSE
Pv2.1_08_13606163_G/T,Chr08,13606163,0.0164232026886824,10980,FALSE
Pv2.1_07_184267_A/G,Chr07,184267,0.0164216183214982,10981,FALSE
Pv2.1_08_60622749_G/A,Chr08,60622749,0.016417815224985,10982,FALSE
Pv2.1_05_38076520_CAT/C,Chr05,38076520,0.0164022311508321,10983,FALSE
Pv2.1_01_5530659_G/T,Chr01,5530659,0.0163921172992043,10984,FALSE
Pv2.1_06_65055_C/T,Chr06,65055,0.0163911248356308,10985,FALSE
Pv2.1_07_3573602_A/G,Chr07,3573602,0.0163901286916621,10986,FALSE
Pv2.1_08_5097810_ATT/A,Chr08,5097810,0.0163793631377214,10987,FALSE
Pv2.1_08_5097826_C/A,Chr08,5097826,0.0163793631377214,10988,FALSE
Pv2.1_01_2851130_T/A,Chr01,2851130,0.0163783782808746,10989,FALSE
Pv2.1_11_3170178_G/A,Chr11,3170178,0.0163740435212327,10990,FALSE
Pv2.1_08_62675141_G/T,Chr08,62675141,0.0163702452424399,10991,FALSE
Pv2.1_02_37687204_T/C,Chr02,37687204,0.0163579931113977,10992,FALSE
Pv2.1_08_62249242_T/C,Chr08,62249242,0.0163511116841599,10993,FALSE
Pv2.1_08_62249242_T/A,Chr08,62249242,0.0163511116841595,10994,FALSE
Pv2.1_11_4617934_A/G,Chr11,4617934,0.0163468596156422,10995,FALSE
Pv2.1_10_43590338_C/G,Chr10,43590338,0.0163313453741498,10996,FALSE
Pv2.1_02_36888078_A/T,Chr02,36888078,0.0163268381128141,10997,FALSE
Pv2.1_04_47099390_A/T,Chr04,47099390,0.0163266499331165,10998,FALSE
Pv2.1_01_4175841_G/A,Chr01,4175841,0.0163246644896793,10999,FALSE
Pv2.1_10_5889995_T/C,Chr10,5889995,0.0163241520225483,11000,FALSE
Pv2.1_10_40495286_C/G,Chr10,40495286,0.0163233202866424,11001,FALSE
Pv2.1_04_1593368_G/A,Chr04,1593368,0.0163190134852185,11002,FALSE
Pv2.1_08_62311014_C/CT,Chr08,62311014,0.0163162117734288,11003,FALSE
Pv2.1_02_26980277_A/G,Chr02,26980277,0.0163127922878235,11004,FALSE
Pv2.1_08_84117_C/A,Chr08,84117,0.0163097740725653,11005,FALSE
Pv2.1_03_7660442_T/A,Chr03,7660442,0.0163079994686943,11006,FALSE
Pv2.1_02_48544210_G/A,Chr02,48544210,0.0163065533671691,11007,FALSE
Pv2.1_06_17164712_A/C,Chr06,17164712,0.0163020667631906,11008,FALSE
Pv2.1_11_3276912_G/A,Chr11,3276912,0.0162994148175657,11009,FALSE
Pv2.1_08_60224786_T/G,Chr08,60224786,0.0162925631581436,11010,FALSE
Pv2.1_01_4441028_T/G,Chr01,4441028,0.0162919393810954,11011,FALSE
Pv2.1_11_5202088_G/GAT,Chr11,5202088,0.0162889392278691,11012,FALSE
Pv2.1_03_51587447_C/T,Chr03,51587447,0.0162857483399868,11013,FALSE
Pv2.1_05_12493234_C/T,Chr05,12493234,0.0162830797352949,11014,FALSE
Pv2.1_06_4431538_C/T,Chr06,4431538,0.0162784069978152,11015,FALSE
Pv2.1_02_36953147_G/C,Chr02,36953147,0.0162783574033289,11016,FALSE
Pv2.1_09_38119558_C/T,Chr09,38119558,0.016276051445411,11017,FALSE
Pv2.1_04_1903314_G/A,Chr04,1903314,0.0162736549375997,11018,FALSE
Pv2.1_09_36079763_A/G,Chr09,36079763,0.0162711654333445,11019,FALSE
Pv2.1_10_6495339_G/GT,Chr10,6495339,0.0162409127305452,11020,FALSE
Pv2.1_07_37323879_G/T,Chr07,37323879,0.0162369812137024,11021,FALSE
Pv2.1_06_27296279_C/A,Chr06,27296279,0.0162348216520174,11022,FALSE
Pv2.1_02_47694007_C/T,Chr02,47694007,0.0162273247525917,11023,FALSE
Pv2.1_02_47694011_C/T,Chr02,47694011,0.0162273247525917,11024,FALSE
Pv2.1_02_47694027_G/C,Chr02,47694027,0.0162273247525917,11025,FALSE
Pv2.1_03_8119260_A/G,Chr03,8119260,0.0162198693358335,11026,FALSE
Pv2.1_04_533994_G/A,Chr04,533994,0.016192194934197,11027,FALSE
Pv2.1_06_24148475_T/A,Chr06,24148475,0.0161885322555646,11028,FALSE
Pv2.1_02_39483966_G/C,Chr02,39483966,0.0161858175966727,11029,FALSE
Pv2.1_01_48502775_T/C,Chr01,48502775,0.0161787858241076,11030,FALSE
Pv2.1_10_41921603_G/T,Chr10,41921603,0.0161768942368479,11031,FALSE
Pv2.1_06_17027693_T/C,Chr06,17027693,0.0161661258036991,11032,FALSE
Pv2.1_08_60658571_T/C,Chr08,60658571,0.0161655887744629,11033,FALSE
Pv2.1_03_42031644_TG/T,Chr03,42031644,0.0161640516995418,11034,FALSE
Pv2.1_06_19696202_A/T,Chr06,19696202,0.0161625933314307,11035,FALSE
Pv2.1_03_1004172_T/A,Chr03,1004172,0.016158876097796,11036,FALSE
Pv2.1_02_12060585_G/A,Chr02,12060585,0.0161542666162484,11037,FALSE
Pv2.1_05_38323903_G/C,Chr05,38323903,0.0161518278984203,11038,FALSE
Pv2.1_06_24257243_T/A,Chr06,24257243,0.0161515407397617,11039,FALSE
Pv2.1_04_46887173_G/A,Chr04,46887173,0.0161441895173469,11040,FALSE
Pv2.1_01_495797_T/C,Chr01,495797,0.0161349588686273,11041,FALSE
Pv2.1_04_46855297_G/T,Chr04,46855297,0.0161321173596178,11042,FALSE
Pv2.1_10_44182750_G/A,Chr10,44182750,0.0161295322400172,11043,FALSE
Pv2.1_08_62588703_C/T,Chr08,62588703,0.0161207114200232,11044,FALSE
Pv2.1_08_61326711_A/G,Chr08,61326711,0.0161179901936199,11045,FALSE
Pv2.1_01_6604168_GAC/G,Chr01,6604168,0.0161174146467404,11046,FALSE
Pv2.1_07_205955_A/T,Chr07,205955,0.0161078133799757,11047,FALSE
Pv2.1_06_21220213_C/A,Chr06,21220213,0.0161047734153765,11048,FALSE
Pv2.1_06_25276428_T/G,Chr06,25276428,0.0161021968309116,11049,FALSE
Pv2.1_11_2088348_A/C,Chr11,2088348,0.0160999950296548,11050,FALSE
Pv2.1_08_1169927_C/G,Chr08,1169927,0.0160971252149649,11051,FALSE
Pv2.1_08_1169936_A/C,Chr08,1169936,0.0160971252149649,11052,FALSE
Pv2.1_06_24799551_G/A,Chr06,24799551,0.0160930888451118,11053,FALSE
Pv2.1_06_24706873_G/A,Chr06,24706873,0.016092553642086,11054,FALSE
Pv2.1_07_9526569_A/T,Chr07,9526569,0.0160909041801576,11055,FALSE
Pv2.1_07_36767959_G/A,Chr07,36767959,0.0160884642430341,11056,FALSE
Pv2.1_07_3525083_T/C,Chr07,3525083,0.0160825841506949,11057,FALSE
Pv2.1_08_62890870_A/T,Chr08,62890870,0.0160816886888613,11058,FALSE
Pv2.1_11_53497836_T/A,Chr11,53497836,0.016070475160618,11059,FALSE
Pv2.1_11_4652873_T/C,Chr11,4652873,0.0160701600524358,11060,FALSE
Pv2.1_06_16433699_T/C,Chr06,16433699,0.0160675652625217,11061,FALSE
Pv2.1_04_45449091_C/T,Chr04,45449091,0.0160672541149234,11062,FALSE
Pv2.1_04_45449130_C/T,Chr04,45449130,0.0160672541149234,11063,FALSE
Pv2.1_04_46855310_A/C,Chr04,46855310,0.0160552237153859,11064,FALSE
Pv2.1_01_495819_C/T,Chr01,495819,0.0160453388774506,11065,FALSE
Pv2.1_03_24104558_A/AT,Chr03,24104558,0.0160419189983281,11066,FALSE
Pv2.1_08_1583365_GGTGA/G,Chr08,1583365,0.0160409082269481,11067,FALSE
Pv2.1_08_62969292_C/T,Chr08,62969292,0.0160404321460619,11068,FALSE
Pv2.1_08_62969299_G/T,Chr08,62969299,0.0160404321460619,11069,FALSE
Pv2.1_08_62969300_A/G,Chr08,62969300,0.0160404321460619,11070,FALSE
Pv2.1_08_62969309_G/A,Chr08,62969309,0.0160404321460619,11071,FALSE
Pv2.1_04_68978_G/C,Chr04,68978,0.0160355495919546,11072,FALSE
Pv2.1_06_24989398_G/T,Chr06,24989398,0.0160322397866648,11073,FALSE
Pv2.1_04_47099325_A/T,Chr04,47099325,0.0160274940347449,11074,FALSE
Pv2.1_09_15218442_C/G,Chr09,15218442,0.0160170145957173,11075,FALSE
Pv2.1_08_45849625_T/A,Chr08,45849625,0.0160033760756075,11076,FALSE
Pv2.1_10_23120816_T/A,Chr10,23120816,0.0159991706005078,11077,FALSE
Pv2.1_08_61880054_C/G,Chr08,61880054,0.0159920209779916,11078,FALSE
Pv2.1_08_61880063_T/C,Chr08,61880063,0.0159920209779916,11079,FALSE
Pv2.1_10_43187237_A/T,Chr10,43187237,0.0159915367134107,11080,FALSE
Pv2.1_10_38418353_C/A,Chr10,38418353,0.0159893507414339,11081,FALSE
Pv2.1_02_2739945_G/C,Chr02,2739945,0.0159878379041971,11082,FALSE
Pv2.1_02_2740013_G/A,Chr02,2740013,0.0159878379041971,11083,FALSE
Pv2.1_09_29232674_C/T,Chr09,29232674,0.0159830059387929,11084,FALSE
Pv2.1_08_9765217_G/A,Chr08,9765217,0.0159814848570963,11085,FALSE
Pv2.1_08_9765244_A/G,Chr08,9765244,0.0159814848570963,11086,FALSE
Pv2.1_05_298542_C/T,Chr05,298542,0.0159795262785121,11087,FALSE
Pv2.1_08_62043108_A/T,Chr08,62043108,0.0159769503764777,11088,FALSE
Pv2.1_05_1710032_A/G,Chr05,1710032,0.015968951115783,11089,FALSE
Pv2.1_11_51020748_C/G,Chr11,51020748,0.0159665075455142,11090,FALSE
Pv2.1_08_62936080_C/G,Chr08,62936080,0.015965933619023,11091,FALSE
Pv2.1_04_432867_C/G,Chr04,432867,0.0159623317289528,11092,FALSE
Pv2.1_07_3265918_A/C,Chr07,3265918,0.0159583118127191,11093,FALSE
Pv2.1_03_34973_C/A,Chr03,34973,0.0159404296471943,11094,FALSE
Pv2.1_08_62315116_A/T,Chr08,62315116,0.0159396368743767,11095,FALSE
Pv2.1_04_2390771_C/T,Chr04,2390771,0.015931723531724,11096,FALSE
Pv2.1_10_44184974_T/C,Chr10,44184974,0.0159278558082563,11097,FALSE
Pv2.1_05_9116840_G/A,Chr05,9116840,0.015922987750105,11098,FALSE
Pv2.1_01_4066525_G/A,Chr01,4066525,0.0159093213056947,11099,FALSE
Pv2.1_02_38668971_T/A,Chr02,38668971,0.0159053900039079,11100,FALSE
Pv2.1_09_38190832_A/T,Chr09,38190832,0.0159050332154358,11101,FALSE
Pv2.1_10_7762012_CCTT/C,Chr10,7762012,0.015904324632781,11102,FALSE
Pv2.1_01_49403848_G/C,Chr01,49403848,0.0158990882559715,11103,FALSE
Pv2.1_05_16320493_G/A,Chr05,16320493,0.0158964341112755,11104,FALSE
Pv2.1_07_36767871_G/A,Chr07,36767871,0.0158942591517013,11105,FALSE
Pv2.1_10_2309949_T/C,Chr10,2309949,0.0158919943986842,11106,FALSE
Pv2.1_03_33548159_G/A,Chr03,33548159,0.0158857204285958,11107,FALSE
Pv2.1_04_47116118_C/G,Chr04,47116118,0.0158742496853277,11108,FALSE
Pv2.1_06_19549867_A/G,Chr06,19549867,0.0158720928007003,11109,FALSE
Pv2.1_10_7847438_A/C,Chr10,7847438,0.0158681059521912,11110,FALSE
Pv2.1_02_34848392_C/A,Chr02,34848392,0.0158558302906711,11111,FALSE
Pv2.1_03_1033660_G/A,Chr03,1033660,0.0158433059293173,11112,FALSE
Pv2.1_08_25363105_C/T,Chr08,25363105,0.0158368956242803,11113,FALSE
Pv2.1_05_27002706_G/T,Chr05,27002706,0.015832154386366,11114,FALSE
Pv2.1_05_27002707_A/T,Chr05,27002707,0.015832154386366,11115,FALSE
Pv2.1_08_61240480_A/G,Chr08,61240480,0.0158300247858714,11116,FALSE
Pv2.1_07_8284897_G/A,Chr07,8284897,0.015828677716283,11117,FALSE
Pv2.1_02_12350987_C/T,Chr02,12350987,0.0158208930845891,11118,FALSE
Pv2.1_07_37323849_C/A,Chr07,37323849,0.0158205506058513,11119,FALSE
Pv2.1_04_1317093_T/G,Chr04,1317093,0.0158205049586133,11120,FALSE
Pv2.1_07_4174863_G/C,Chr07,4174863,0.0158198204796349,11121,FALSE
Pv2.1_07_38021595_A/G,Chr07,38021595,0.0158048151289183,11122,FALSE
Pv2.1_03_45753130_T/G,Chr03,45753130,0.0158045099789916,11123,FALSE
Pv2.1_02_9688967_C/T,Chr02,9688967,0.01578410385715,11124,FALSE
Pv2.1_11_52318298_C/G,Chr11,52318298,0.0157749908373717,11125,FALSE
Pv2.1_08_45849455_T/A,Chr08,45849455,0.015770777031495,11126,FALSE
Pv2.1_11_404086_C/T,Chr11,404086,0.0157642214007212,11127,FALSE
Pv2.1_01_49403830_G/A,Chr01,49403830,0.0157569364919481,11128,FALSE
Pv2.1_04_533988_T/A,Chr04,533988,0.0157490178275514,11129,FALSE
Pv2.1_04_2395745_T/C,Chr04,2395745,0.0157457892089208,11130,FALSE
Pv2.1_04_1593324_C/A,Chr04,1593324,0.0157382411854829,11131,FALSE
Pv2.1_06_20470943_TCTC/T,Chr06,20470943,0.0157373299999151,11132,FALSE
Pv2.1_05_38349808_C/T,Chr05,38349808,0.0157306618844939,11133,FALSE
Pv2.1_05_38349841_C/A,Chr05,38349841,0.0157306618844939,11134,FALSE
Pv2.1_03_52542694_T/A,Chr03,52542694,0.0157164414757425,11135,FALSE
Pv2.1_10_43821494_C/T,Chr10,43821494,0.0157163235086952,11136,FALSE
Pv2.1_05_4964092_A/T,Chr05,4964092,0.0157047902488858,11137,FALSE
Pv2.1_06_26501722_C/G,Chr06,26501722,0.0157023425892615,11138,FALSE
Pv2.1_06_26501723_G/A,Chr06,26501723,0.0157023425892615,11139,FALSE
Pv2.1_09_14534494_C/T,Chr09,14534494,0.0156994586341992,11140,FALSE
Pv2.1_10_43046870_C/T,Chr10,43046870,0.0156967709834062,11141,FALSE
Pv2.1_11_31910389_T/A,Chr11,31910389,0.0156797651896139,11142,FALSE
Pv2.1_11_31910390_C/A,Chr11,31910390,0.0156797651896139,11143,FALSE
Pv2.1_11_29025800_T/C,Chr11,29025800,0.0156700642333978,11144,FALSE
Pv2.1_05_3754181_G/A,Chr05,3754181,0.0156662146098645,11145,FALSE
Pv2.1_05_4487238_G/T,Chr05,4487238,0.0156661392580033,11146,FALSE
Pv2.1_05_4487242_C/T,Chr05,4487242,0.0156661392580033,11147,FALSE
Pv2.1_02_2942302_G/T,Chr02,2942302,0.0156595490757128,11148,FALSE
Pv2.1_02_48828559_T/C,Chr02,48828559,0.0156573720647883,11149,FALSE
Pv2.1_10_42047225_C/T,Chr10,42047225,0.0156497636576107,11150,FALSE
Pv2.1_10_42047236_G/A,Chr10,42047236,0.0156497636576107,11151,FALSE
Pv2.1_06_4385326_A/C,Chr06,4385326,0.015647664240432,11152,FALSE
Pv2.1_05_1710036_A/G,Chr05,1710036,0.0156374862488122,11153,FALSE
Pv2.1_06_21929906_TC/T,Chr06,21929906,0.0156353582647517,11154,FALSE
Pv2.1_10_4352947_T/C,Chr10,4352947,0.0156345730949901,11155,FALSE
Pv2.1_10_40997938_T/A,Chr10,40997938,0.0156330885524469,11156,FALSE
Pv2.1_04_450721_C/T,Chr04,450721,0.0156284519610348,11157,FALSE
Pv2.1_11_4865335_G/C,Chr11,4865335,0.0156282578523754,11158,FALSE
Pv2.1_10_42047246_G/A,Chr10,42047246,0.0156280091629077,11159,FALSE
Pv2.1_09_36508167_T/C,Chr09,36508167,0.0156232379962851,11160,FALSE
Pv2.1_03_45753129_G/C,Chr03,45753129,0.0156231476906483,11161,FALSE
Pv2.1_08_24734506_C/T,Chr08,24734506,0.015611950335253,11162,FALSE
Pv2.1_08_926341_C/A,Chr08,926341,0.0156102083724257,11163,FALSE
Pv2.1_04_2413560_AAC/A,Chr04,2413560,0.015605134803188,11164,FALSE
Pv2.1_08_18669162_G/A,Chr08,18669162,0.0155911109214313,11165,FALSE
Pv2.1_01_49760345_A/G,Chr01,49760345,0.0155882115631778,11166,FALSE
Pv2.1_06_18684817_A/G,Chr06,18684817,0.0155853663775618,11167,FALSE
Pv2.1_11_51766376_T/C,Chr11,51766376,0.0155802724105292,11168,FALSE
Pv2.1_08_62872821_T/G,Chr08,62872821,0.0155769750139938,11169,FALSE
Pv2.1_06_26553007_C/A,Chr06,26553007,0.0155728335060736,11170,FALSE
Pv2.1_07_3573565_G/A,Chr07,3573565,0.0155677991656047,11171,FALSE
Pv2.1_07_4564617_A/T,Chr07,4564617,0.0155663459325393,11172,FALSE
Pv2.1_02_30759143_T/A,Chr02,30759143,0.0155496777901281,11173,FALSE
Pv2.1_07_4149912_A/G,Chr07,4149912,0.0155495248253645,11174,FALSE
Pv2.1_06_2224168_T/C,Chr06,2224168,0.0155440752443017,11175,FALSE
Pv2.1_04_47099345_G/C,Chr04,47099345,0.0155397249246927,11176,FALSE
Pv2.1_08_45851866_G/A,Chr08,45851866,0.0155380350985728,11177,FALSE
Pv2.1_08_1572515_T/A,Chr08,1572515,0.015536905860893,11178,FALSE
Pv2.1_06_15464508_T/C,Chr06,15464508,0.0155357355875307,11179,FALSE
Pv2.1_07_21096145_G/A,Chr07,21096145,0.0155244402773693,11180,FALSE
Pv2.1_01_6523653_GA/G,Chr01,6523653,0.0155177651086302,11181,FALSE
Pv2.1_11_50063877_A/T,Chr11,50063877,0.0155166458987788,11182,FALSE
Pv2.1_01_3363415_C/A,Chr01,3363415,0.015516035716642,11183,FALSE
Pv2.1_06_26250824_A/G,Chr06,26250824,0.0155135747774029,11184,FALSE
Pv2.1_05_39364465_G/A,Chr05,39364465,0.015511708517792,11185,FALSE
Pv2.1_05_39364465_G/C,Chr05,39364465,0.015511708517792,11186,FALSE
Pv2.1_06_23057986_A/G,Chr06,23057986,0.0155104550922589,11187,FALSE
Pv2.1_06_24981259_A/G,Chr06,24981259,0.0155037283731478,11188,FALSE
Pv2.1_08_61589684_G/A,Chr08,61589684,0.0154905701159342,11189,FALSE
Pv2.1_10_42650632_A/C,Chr10,42650632,0.0154745183465437,11190,FALSE
Pv2.1_05_37851218_TTA/T,Chr05,37851218,0.0154727536619106,11191,FALSE
Pv2.1_07_729661_A/C,Chr07,729661,0.0154672737909438,11192,FALSE
Pv2.1_06_687978_T/C,Chr06,687978,0.0154652210472199,11193,FALSE
Pv2.1_04_47266640_AG/A,Chr04,47266640,0.0154643077943435,11194,FALSE
Pv2.1_06_23688894_G/A,Chr06,23688894,0.0154617947281737,11195,FALSE
Pv2.1_05_27002662_T/A,Chr05,27002662,0.0154606291004433,11196,FALSE
Pv2.1_07_35375286_C/A,Chr07,35375286,0.0154505620364089,11197,FALSE
Pv2.1_01_6676525_T/C,Chr01,6676525,0.0154461278739531,11198,FALSE
Pv2.1_05_27718273_T/C,Chr05,27718273,0.0154397265242237,11199,FALSE
Pv2.1_05_11368198_T/C,Chr05,11368198,0.015432854585343,11200,FALSE
Pv2.1_09_29088800_G/A,Chr09,29088800,0.0154316290137477,11201,FALSE
Pv2.1_07_37767224_G/C,Chr07,37767224,0.0154224767567288,11202,FALSE
Pv2.1_10_42533845_A/G,Chr10,42533845,0.0154137258305234,11203,FALSE
Pv2.1_02_38513296_A/G,Chr02,38513296,0.0154124770678843,11204,FALSE
Pv2.1_04_1742422_G/A,Chr04,1742422,0.0154115955594807,11205,FALSE
Pv2.1_04_1742425_T/TC,Chr04,1742425,0.0154115955594807,11206,FALSE
Pv2.1_06_21240387_A/G,Chr06,21240387,0.0154099453292105,11207,FALSE
Pv2.1_03_39816172_A/T,Chr03,39816172,0.0154050319930357,11208,FALSE
Pv2.1_11_29949517_A/T,Chr11,29949517,0.015402492583795,11209,FALSE
Pv2.1_11_49186323_A/G,Chr11,49186323,0.0153991541870187,11210,FALSE
Pv2.1_08_62795991_T/G,Chr08,62795991,0.0153966953389015,11211,FALSE
Pv2.1_06_25139492_C/A,Chr06,25139492,0.0153955456163106,11212,FALSE
Pv2.1_06_26250840_T/C,Chr06,26250840,0.0153738308945766,11213,FALSE
Pv2.1_11_51645453_T/G,Chr11,51645453,0.0153665989369407,11214,FALSE
Pv2.1_08_62552949_A/G,Chr08,62552949,0.0153492147593535,11215,FALSE
Pv2.1_02_34769400_T/G,Chr02,34769400,0.0153447129372055,11216,FALSE
Pv2.1_10_2185323_T/G,Chr10,2185323,0.0153439689684203,11217,FALSE
Pv2.1_08_26796787_T/A,Chr08,26796787,0.0153428622900438,11218,FALSE
Pv2.1_11_4652840_G/A,Chr11,4652840,0.0153427504937742,11219,FALSE
Pv2.1_04_1835703_G/T,Chr04,1835703,0.0153401586627639,11220,FALSE
Pv2.1_09_20387371_T/C,Chr09,20387371,0.0153385938847079,11221,FALSE
Pv2.1_06_14973166_C/T,Chr06,14973166,0.0153340013541206,11222,FALSE
Pv2.1_02_37748473_G/A,Chr02,37748473,0.0153330547370651,11223,FALSE
Pv2.1_04_2175384_T/A,Chr04,2175384,0.0153282344235222,11224,FALSE
Pv2.1_04_2175434_C/T,Chr04,2175434,0.0153282344235222,11225,FALSE
Pv2.1_10_42233789_T/C,Chr10,42233789,0.0153224864095445,11226,FALSE
Pv2.1_05_38323883_A/C,Chr05,38323883,0.0153221628004347,11227,FALSE
Pv2.1_06_15482120_G/C,Chr06,15482120,0.0153011853218121,11228,FALSE
Pv2.1_03_8030651_T/TTTA,Chr03,8030651,0.0152978264814956,11229,FALSE
Pv2.1_02_47386767_A/G,Chr02,47386767,0.0152945359061727,11230,FALSE
Pv2.1_05_38873618_A/G,Chr05,38873618,0.0152873709162149,11231,FALSE
Pv2.1_08_62787592_T/C,Chr08,62787592,0.0152764410598887,11232,FALSE
Pv2.1_06_10893992_C/T,Chr06,10893992,0.0152679217149405,11233,FALSE
Pv2.1_06_5822568_T/C,Chr06,5822568,0.0152546809048255,11234,FALSE
Pv2.1_04_42068248_T/A,Chr04,42068248,0.0152509523744695,11235,FALSE
Pv2.1_10_10000214_T/A,Chr10,10000214,0.0152431465486869,11236,FALSE
Pv2.1_07_509375_T/C,Chr07,509375,0.0152266520656914,11237,FALSE
Pv2.1_07_509407_C/G,Chr07,509407,0.0152266520656914,11238,FALSE
Pv2.1_07_509408_A/T,Chr07,509408,0.0152266520656914,11239,FALSE
Pv2.1_07_509409_C/G,Chr07,509409,0.0152266520656914,11240,FALSE
Pv2.1_08_62929907_C/T,Chr08,62929907,0.0152244163876576,11241,FALSE
Pv2.1_10_7679491_CG/C,Chr10,7679491,0.0152103297978146,11242,FALSE
Pv2.1_06_22386057_C/G,Chr06,22386057,0.0152058624491422,11243,FALSE
Pv2.1_06_20634061_C/T,Chr06,20634061,0.0152012647676711,11244,FALSE
Pv2.1_10_7761991_T/C,Chr10,7761991,0.0151887307781626,11245,FALSE
Pv2.1_06_27492852_G/A,Chr06,27492852,0.0151755917089478,11246,FALSE
Pv2.1_06_18776526_TTCA/T,Chr06,18776526,0.0151503549536054,11247,FALSE
Pv2.1_10_36247251_T/C,Chr10,36247251,0.0151500510814988,11248,FALSE
Pv2.1_01_48604665_A/T,Chr01,48604665,0.015145235195039,11249,FALSE
Pv2.1_01_49403886_G/A,Chr01,49403886,0.0151434567048878,11250,FALSE
Pv2.1_02_12350951_G/A,Chr02,12350951,0.0151367742148643,11251,FALSE
Pv2.1_02_12350969_A/G,Chr02,12350969,0.0151367742148643,11252,FALSE
Pv2.1_03_52495419_T/G,Chr03,52495419,0.0151362753659923,11253,FALSE
Pv2.1_06_21218348_T/C,Chr06,21218348,0.0151358211238262,11254,FALSE
Pv2.1_06_8131138_G/A,Chr06,8131138,0.0151317967550955,11255,FALSE
Pv2.1_10_38134409_T/C,Chr10,38134409,0.0151312809650697,11256,FALSE
Pv2.1_10_38134411_A/G,Chr10,38134411,0.0151312809650697,11257,FALSE
Pv2.1_08_62279315_T/G,Chr08,62279315,0.0151229544234393,11258,FALSE
Pv2.1_06_19324191_A/G,Chr06,19324191,0.0151061691015619,11259,FALSE
Pv2.1_06_18671571_T/C,Chr06,18671571,0.0151017685914021,11260,FALSE
Pv2.1_06_18671634_A/C,Chr06,18671634,0.0151017685914021,11261,FALSE
Pv2.1_02_35409619_A/T,Chr02,35409619,0.0150999468533386,11262,FALSE
Pv2.1_10_43607409_A/C,Chr10,43607409,0.0150991179100566,11263,FALSE
Pv2.1_04_2032971_T/G,Chr04,2032971,0.0150971445738635,11264,FALSE
Pv2.1_06_22386051_G/A,Chr06,22386051,0.015089472589962,11265,FALSE
Pv2.1_08_62526981_A/C,Chr08,62526981,0.0150791177730447,11266,FALSE
Pv2.1_11_51766385_G/C,Chr11,51766385,0.0150717944129433,11267,FALSE
Pv2.1_07_23125245_C/T,Chr07,23125245,0.0150711027216897,11268,FALSE
Pv2.1_04_2182061_G/A,Chr04,2182061,0.015068329709905,11269,FALSE
Pv2.1_08_9765221_C/T,Chr08,9765221,0.0150682519514187,11270,FALSE
Pv2.1_02_3427284_A/G,Chr02,3427284,0.0150635583557506,11271,FALSE
Pv2.1_02_3427349_T/C,Chr02,3427349,0.0150635583557506,11272,FALSE
Pv2.1_04_46062715_G/A,Chr04,46062715,0.0150529108922672,11273,FALSE
Pv2.1_04_2413504_A/G,Chr04,2413504,0.0150404588920794,11274,FALSE
Pv2.1_10_42047211_C/T,Chr10,42047211,0.0150325562362772,11275,FALSE
Pv2.1_05_22406424_A/G,Chr05,22406424,0.0150219233814575,11276,FALSE
Pv2.1_07_28968710_C/A,Chr07,28968710,0.0150215543148553,11277,FALSE
Pv2.1_05_4530880_T/C,Chr05,4530880,0.0150124108642959,11278,FALSE
Pv2.1_04_69055_G/A,Chr04,69055,0.0150083499200369,11279,FALSE
Pv2.1_06_20165255_T/A,Chr06,20165255,0.0150069404953253,11280,FALSE
Pv2.1_02_47381844_G/GTGT,Chr02,47381844,0.0150056540875063,11281,FALSE
Pv2.1_10_42038430_C/T,Chr10,42038430,0.0149971682074921,11282,FALSE
Pv2.1_02_1584125_C/T,Chr02,1584125,0.0149881006034343,11283,FALSE
Pv2.1_07_37574404_G/A,Chr07,37574404,0.0149810943370454,11284,FALSE
Pv2.1_08_62495780_T/C,Chr08,62495780,0.0149586196436191,11285,FALSE
Pv2.1_08_62495813_A/G,Chr08,62495813,0.0149586196436191,11286,FALSE
Pv2.1_06_23708647_A/G,Chr06,23708647,0.0149551928264469,11287,FALSE
Pv2.1_10_42039007_G/T,Chr10,42039007,0.0149549629002523,11288,FALSE
Pv2.1_08_62914631_A/C,Chr08,62914631,0.0149531844561537,11289,FALSE
Pv2.1_09_35864013_A/T,Chr09,35864013,0.0149529358953928,11290,FALSE
Pv2.1_09_35864022_G/A,Chr09,35864022,0.0149529358953928,11291,FALSE
Pv2.1_05_16313193_T/TTTC,Chr05,16313193,0.0149517001013595,11292,FALSE
Pv2.1_06_33395_G/A,Chr06,33395,0.0149459749171772,11293,FALSE
Pv2.1_04_47236887_G/A,Chr04,47236887,0.0149390831671199,11294,FALSE
Pv2.1_10_38147008_C/A,Chr10,38147008,0.0149388818400196,11295,FALSE
Pv2.1_04_2413495_C/T,Chr04,2413495,0.0149221835275615,11296,FALSE
Pv2.1_01_4620921_G/T,Chr01,4620921,0.0149203677092218,11297,FALSE
Pv2.1_04_1571050_C/T,Chr04,1571050,0.014913424435524,11298,FALSE
Pv2.1_03_766003_C/A,Chr03,766003,0.0149097299880623,11299,FALSE
Pv2.1_04_1672571_T/G,Chr04,1672571,0.0148767733493558,11300,FALSE
Pv2.1_11_1492700_G/A,Chr11,1492700,0.0148741003798407,11301,FALSE
Pv2.1_07_153031_C/T,Chr07,153031,0.0148714540768427,11302,FALSE
Pv2.1_06_18368785_TG/T,Chr06,18368785,0.0148701313687858,11303,FALSE
Pv2.1_04_44385377_T/A,Chr04,44385377,0.0148532714545313,11304,FALSE
Pv2.1_09_35044960_C/T,Chr09,35044960,0.0148524802097545,11305,FALSE
Pv2.1_09_14034041_T/C,Chr09,14034041,0.014842218623691,11306,FALSE
Pv2.1_01_49450024_A/G,Chr01,49450024,0.0148420267552214,11307,FALSE
Pv2.1_02_36569707_C/T,Chr02,36569707,0.0148418861867938,11308,FALSE
Pv2.1_11_51766433_A/C,Chr11,51766433,0.0148327716550449,11309,FALSE
Pv2.1_08_19139863_GA/G,Chr08,19139863,0.0148236153189525,11310,FALSE
Pv2.1_04_2395724_G/C,Chr04,2395724,0.0148123423433342,11311,FALSE
Pv2.1_07_9346604_C/A,Chr07,9346604,0.0148120616165093,11312,FALSE
Pv2.1_08_61526668_G/A,Chr08,61526668,0.0148106571359743,11313,FALSE
Pv2.1_08_391930_T/A,Chr08,391930,0.0148097570440071,11314,FALSE
Pv2.1_10_43821527_C/T,Chr10,43821527,0.014808098231232,11315,FALSE
Pv2.1_04_9794881_G/A,Chr04,9794881,0.0147968052488343,11316,FALSE
Pv2.1_11_53431717_A/G,Chr11,53431717,0.0147899114342329,11317,FALSE
Pv2.1_05_39472185_C/T,Chr05,39472185,0.0147869102653226,11318,FALSE
Pv2.1_06_18558717_G/C,Chr06,18558717,0.0147843297628869,11319,FALSE
Pv2.1_03_2964456_C/G,Chr03,2964456,0.0147818602461416,11320,FALSE
Pv2.1_07_9526586_T/G,Chr07,9526586,0.0147764182757766,11321,FALSE
Pv2.1_09_28879598_T/C,Chr09,28879598,0.0147744360673689,11322,FALSE
Pv2.1_10_7762038_T/C,Chr10,7762038,0.0147673101217181,11323,FALSE
Pv2.1_08_9129918_A/T,Chr08,9129918,0.014760249265608,11324,FALSE
Pv2.1_08_60076762_A/C,Chr08,60076762,0.0147601623552864,11325,FALSE
Pv2.1_05_38502451_T/C,Chr05,38502451,0.0147569855431713,11326,FALSE
Pv2.1_11_17491636_G/C,Chr11,17491636,0.014756792598098,11327,FALSE
Pv2.1_03_34377205_G/A,Chr03,34377205,0.0147550923934521,11328,FALSE
Pv2.1_06_2372521_G/C,Chr06,2372521,0.0147505109483919,11329,FALSE
Pv2.1_02_47386782_G/A,Chr02,47386782,0.0147375423185512,11330,FALSE
Pv2.1_06_23146773_A/T,Chr06,23146773,0.0147360729846895,11331,FALSE
Pv2.1_10_41001174_C/T,Chr10,41001174,0.0147145373878153,11332,FALSE
Pv2.1_01_5645079_G/A,Chr01,5645079,0.0147115710941836,11333,FALSE
Pv2.1_08_9944941_C/A,Chr08,9944941,0.0146954346954291,11334,FALSE
Pv2.1_08_1583185_T/C,Chr08,1583185,0.0146879031244462,11335,FALSE
Pv2.1_02_36911303_C/A,Chr02,36911303,0.0146878896565688,11336,FALSE
Pv2.1_06_9560173_C/T,Chr06,9560173,0.0146845093911159,11337,FALSE
Pv2.1_10_42038264_A/G,Chr10,42038264,0.0146833802031314,11338,FALSE
Pv2.1_08_61086414_A/T,Chr08,61086414,0.0146827485881258,11339,FALSE
Pv2.1_04_432739_T/A,Chr04,432739,0.0146827108900824,11340,FALSE
Pv2.1_03_2907113_G/A,Chr03,2907113,0.0146779661788274,11341,FALSE
Pv2.1_08_391947_A/T,Chr08,391947,0.0146752459961195,11342,FALSE
Pv2.1_02_2473757_A/C,Chr02,2473757,0.0146724883909273,11343,FALSE
Pv2.1_03_33537090_G/A,Chr03,33537090,0.0146640851858826,11344,FALSE
Pv2.1_11_51766569_G/T,Chr11,51766569,0.0146625603539734,11345,FALSE
Pv2.1_07_3265875_G/A,Chr07,3265875,0.0146624584643056,11346,FALSE
Pv2.1_08_10772172_C/T,Chr08,10772172,0.0146587530809197,11347,FALSE
Pv2.1_05_9375094_C/A,Chr05,9375094,0.0146546721238208,11348,FALSE
Pv2.1_11_51692288_C/T,Chr11,51692288,0.0146528020816241,11349,FALSE
Pv2.1_03_2986425_TA/T,Chr03,2986425,0.0146491115600265,11350,FALSE
Pv2.1_01_6502156_C/A,Chr01,6502156,0.0146461089736443,11351,FALSE
Pv2.1_01_6502160_G/A,Chr01,6502160,0.0146461089736443,11352,FALSE
Pv2.1_01_6502176_A/T,Chr01,6502176,0.0146461089736443,11353,FALSE
Pv2.1_08_2864453_T/C,Chr08,2864453,0.0146144040083622,11354,FALSE
Pv2.1_04_2413541_G/A,Chr04,2413541,0.0146111249921495,11355,FALSE
Pv2.1_11_72680_A/C,Chr11,72680,0.0146057458292312,11356,FALSE
Pv2.1_11_72695_T/C,Chr11,72695,0.0146057458292312,11357,FALSE
Pv2.1_11_72700_T/A,Chr11,72700,0.0146057458292312,11358,FALSE
Pv2.1_11_72721_T/C,Chr11,72721,0.0146057458292312,11359,FALSE
Pv2.1_10_42906616_T/A,Chr10,42906616,0.0146002080581265,11360,FALSE
Pv2.1_06_15460542_A/C,Chr06,15460542,0.0145896580786768,11361,FALSE
Pv2.1_06_1141922_C/T,Chr06,1141922,0.0145888582693674,11362,FALSE
Pv2.1_07_1074747_C/T,Chr07,1074747,0.0145801106765138,11363,FALSE
Pv2.1_07_2506126_C/T,Chr07,2506126,0.0145722649419828,11364,FALSE
Pv2.1_11_50483513_A/G,Chr11,50483513,0.0145645295977821,11365,FALSE
Pv2.1_01_6523837_G/C,Chr01,6523837,0.0145603154360474,11366,FALSE
Pv2.1_01_6523841_C/T,Chr01,6523841,0.0145603154360474,11367,FALSE
Pv2.1_01_6523866_G/A,Chr01,6523866,0.0145603154360474,11368,FALSE
Pv2.1_06_15450531_C/T,Chr06,15450531,0.014560293630804,11369,FALSE
Pv2.1_01_6523690_A/G,Chr01,6523690,0.0145581630369187,11370,FALSE
Pv2.1_03_10831928_A/G,Chr03,10831928,0.0145516309275235,11371,FALSE
Pv2.1_05_17903105_T/C,Chr05,17903105,0.0145511350384457,11372,FALSE
Pv2.1_06_19323837_T/TGGGGAC,Chr06,19323837,0.0145476167705509,11373,FALSE
Pv2.1_08_62573386_G/A,Chr08,62573386,0.0145467052401402,11374,FALSE
Pv2.1_06_26623052_G/A,Chr06,26623052,0.0145405041299642,11375,FALSE
Pv2.1_06_26623073_A/C,Chr06,26623073,0.0145405041299642,11376,FALSE
Pv2.1_06_18815410_A/G,Chr06,18815410,0.0145392977514685,11377,FALSE
Pv2.1_01_854109_A/G,Chr01,854109,0.014532451823142,11378,FALSE
Pv2.1_02_44728304_C/A,Chr02,44728304,0.014520885127471,11379,FALSE
Pv2.1_09_36050191_A/G,Chr09,36050191,0.0145173415254201,11380,FALSE
Pv2.1_01_2016071_C/T,Chr01,2016071,0.0145003469178597,11381,FALSE
Pv2.1_04_1176593_A/T,Chr04,1176593,0.0144968486569366,11382,FALSE
Pv2.1_06_2197416_A/C,Chr06,2197416,0.014496656079932,11383,FALSE
Pv2.1_10_26836990_C/G,Chr10,26836990,0.0144862894053137,11384,FALSE
Pv2.1_08_62929904_A/G,Chr08,62929904,0.0144679772961749,11385,FALSE
Pv2.1_08_555121_A/G,Chr08,555121,0.0144606676518437,11386,FALSE
Pv2.1_02_2739950_G/A,Chr02,2739950,0.0144545332309329,11387,FALSE
Pv2.1_02_2739950_G/C,Chr02,2739950,0.0144545332309329,11388,FALSE
Pv2.1_09_14620967_C/A,Chr09,14620967,0.0144541884490921,11389,FALSE
Pv2.1_06_27657075_G/A,Chr06,27657075,0.0144518944499215,11390,FALSE
Pv2.1_06_23874717_C/T,Chr06,23874717,0.0144387864988937,11391,FALSE
Pv2.1_09_35864032_G/C,Chr09,35864032,0.0144384157752731,11392,FALSE
Pv2.1_04_2205922_G/A,Chr04,2205922,0.0144367470782698,11393,FALSE
Pv2.1_04_2205933_T/C,Chr04,2205933,0.0144367470782698,11394,FALSE
Pv2.1_06_16896683_A/C,Chr06,16896683,0.0144366388551922,11395,FALSE
Pv2.1_04_1570832_C/CTTGTAAA,Chr04,1570832,0.0144353116309111,11396,FALSE
Pv2.1_02_36911462_T/C,Chr02,36911462,0.0144351531179732,11397,FALSE
Pv2.1_08_24893695_G/A,Chr08,24893695,0.0144312676622378,11398,FALSE
Pv2.1_06_4250030_A/G,Chr06,4250030,0.0144304841010392,11399,FALSE
Pv2.1_03_8784079_C/T,Chr03,8784079,0.0144204788120668,11400,FALSE
Pv2.1_09_14538837_T/C,Chr09,14538837,0.0144184954044393,11401,FALSE
Pv2.1_06_26250851_T/C,Chr06,26250851,0.014414333515179,11402,FALSE
Pv2.1_09_36508155_A/C,Chr09,36508155,0.0144034730421327,11403,FALSE
Pv2.1_08_1458570_C/T,Chr08,1458570,0.0144011640489339,11404,FALSE
Pv2.1_01_51186472_G/T,Chr01,51186472,0.0143915326628239,11405,FALSE
Pv2.1_03_39816185_G/A,Chr03,39816185,0.0143855813756488,11406,FALSE
Pv2.1_08_563606_A/C,Chr08,563606,0.0143847144318996,11407,FALSE
Pv2.1_11_4672887_C/T,Chr11,4672887,0.0143815157345792,11408,FALSE
Pv2.1_07_8776175_T/A,Chr07,8776175,0.0143749927325354,11409,FALSE
Pv2.1_10_40737013_G/A,Chr10,40737013,0.0143709481831822,11410,FALSE
Pv2.1_08_5420575_T/C,Chr08,5420575,0.0143640398613365,11411,FALSE
Pv2.1_11_44139923_T/A,Chr11,44139923,0.0143535937158994,11412,FALSE
Pv2.1_02_3415449_A/G,Chr02,3415449,0.014351635877965,11413,FALSE
Pv2.1_08_62249226_C/T,Chr08,62249226,0.0143441786968967,11414,FALSE
Pv2.1_10_42229156_C/T,Chr10,42229156,0.0143397318726568,11415,FALSE
Pv2.1_04_2032776_G/A,Chr04,2032776,0.0143391310441499,11416,FALSE
Pv2.1_06_21614119_A/G,Chr06,21614119,0.0143350094378198,11417,FALSE
Pv2.1_01_1639069_A/C,Chr01,1639069,0.0143296504026722,11418,FALSE
Pv2.1_09_28322918_T/C,Chr09,28322918,0.0143270084279363,11419,FALSE
Pv2.1_10_42039002_T/C,Chr10,42039002,0.0143193986796288,11420,FALSE
Pv2.1_06_16837698_C/G,Chr06,16837698,0.01431674759012,11421,FALSE
Pv2.1_07_37473665_C/G,Chr07,37473665,0.0142986387875874,11422,FALSE
Pv2.1_07_37473684_A/G,Chr07,37473684,0.0142986387875874,11423,FALSE
Pv2.1_07_184372_T/A,Chr07,184372,0.0142800673497669,11424,FALSE
Pv2.1_01_6502178_T/A,Chr01,6502178,0.0142785462476973,11425,FALSE
Pv2.1_08_55243030_G/GA,Chr08,55243030,0.0142773681200015,11426,FALSE
Pv2.1_02_48833384_G/T,Chr02,48833384,0.0142688074317201,11427,FALSE
Pv2.1_06_22475462_G/A,Chr06,22475462,0.0142297981454611,11428,FALSE
Pv2.1_05_39472188_G/A,Chr05,39472188,0.0142177573108389,11429,FALSE
Pv2.1_10_42533835_T/G,Chr10,42533835,0.0142175860157812,11430,FALSE
Pv2.1_02_7838368_G/A,Chr02,7838368,0.0142141046757009,11431,FALSE
Pv2.1_07_2549538_A/G,Chr07,2549538,0.0142020649626433,11432,FALSE
Pv2.1_04_46855302_A/AC,Chr04,46855302,0.0142011044172641,11433,FALSE
Pv2.1_02_7838343_A/T,Chr02,7838343,0.0141800149026863,11434,FALSE
Pv2.1_06_16837683_G/A,Chr06,16837683,0.0141778075940584,11435,FALSE
Pv2.1_02_561946_T/GA,Chr02,561946,0.0141596688006636,11436,FALSE
Pv2.1_04_46970353_T/A,Chr04,46970353,0.0141527619978117,11437,FALSE
Pv2.1_02_540395_C/G,Chr02,540395,0.0141444995880748,11438,FALSE
Pv2.1_06_281553_A/T,Chr06,281553,0.0141393034080357,11439,FALSE
Pv2.1_10_23852859_T/C,Chr10,23852859,0.0141375935458727,11440,FALSE
Pv2.1_10_7854156_T/A,Chr10,7854156,0.0141349672197926,11441,FALSE
Pv2.1_01_4068387_A/G,Chr01,4068387,0.0141205530592745,11442,FALSE
Pv2.1_10_43017460_A/G,Chr10,43017460,0.0141104131446532,11443,FALSE
Pv2.1_11_47409250_A/T,Chr11,47409250,0.0141095956986641,11444,FALSE
Pv2.1_02_47032178_C/T,Chr02,47032178,0.0141057202928643,11445,FALSE
Pv2.1_02_33535610_G/A,Chr02,33535610,0.0141008905302544,11446,FALSE
Pv2.1_09_23486218_T/G,Chr09,23486218,0.0141000342011179,11447,FALSE
Pv2.1_02_11171677_A/G,Chr02,11171677,0.014098574301471,11448,FALSE
Pv2.1_08_62838440_T/C,Chr08,62838440,0.0140868456033481,11449,FALSE
Pv2.1_11_49598893_C/T,Chr11,49598893,0.0140831272603754,11450,FALSE
Pv2.1_03_729691_G/T,Chr03,729691,0.014080414689861,11451,FALSE
Pv2.1_10_40998004_T/A,Chr10,40998004,0.0140755384810309,11452,FALSE
Pv2.1_04_1493075_A/G,Chr04,1493075,0.0140692008798888,11453,FALSE
Pv2.1_07_27219854_G/T,Chr07,27219854,0.0140677998210328,11454,FALSE
Pv2.1_10_44008550_G/A,Chr10,44008550,0.0140373366436011,11455,FALSE
Pv2.1_04_279346_A/C,Chr04,279346,0.0140267201270792,11456,FALSE
Pv2.1_09_35933479_T/G,Chr09,35933479,0.0140213393586119,11457,FALSE
Pv2.1_10_42515158_C/T,Chr10,42515158,0.0140142384845845,11458,FALSE
Pv2.1_03_2490120_T/C,Chr03,2490120,0.0140098474035191,11459,FALSE
Pv2.1_08_62536848_G/A,Chr08,62536848,0.0140066646337447,11460,FALSE
Pv2.1_07_1080276_T/A,Chr07,1080276,0.0139970499408881,11461,FALSE
Pv2.1_07_4436373_T/A,Chr07,4436373,0.0139863683646073,11462,FALSE
Pv2.1_10_44210224_A/G,Chr10,44210224,0.0139809764022298,11463,FALSE
Pv2.1_10_44210260_A/G,Chr10,44210260,0.0139809764022298,11464,FALSE
Pv2.1_10_44210266_C/T,Chr10,44210266,0.0139809764022298,11465,FALSE
Pv2.1_04_152406_G/C,Chr04,152406,0.0139780333675299,11466,FALSE
Pv2.1_06_27462778_A/G,Chr06,27462778,0.0139599168977389,11467,FALSE
Pv2.1_06_23251052_T/G,Chr06,23251052,0.0139575062861348,11468,FALSE
Pv2.1_06_14943967_T/A,Chr06,14943967,0.0139522655260587,11469,FALSE
Pv2.1_06_14943979_T/A,Chr06,14943979,0.0139522655260587,11470,FALSE
Pv2.1_06_14943990_C/T,Chr06,14943990,0.0139522655260587,11471,FALSE
Pv2.1_01_929990_C/T,Chr01,929990,0.0139463951543615,11472,FALSE
Pv2.1_04_46887307_C/T,Chr04,46887307,0.0139383309209062,11473,FALSE
Pv2.1_06_4863898_T/A,Chr06,4863898,0.0139378791492142,11474,FALSE
Pv2.1_08_5260879_C/T,Chr08,5260879,0.0139309983482496,11475,FALSE
Pv2.1_05_4550724_A/G,Chr05,4550724,0.0139267321809169,11476,FALSE
Pv2.1_05_39533195_C/G,Chr05,39533195,0.0139248193104984,11477,FALSE
Pv2.1_04_78022_G/A,Chr04,78022,0.0139226568791755,11478,FALSE
Pv2.1_09_29088556_A/T,Chr09,29088556,0.0139223876345187,11479,FALSE
Pv2.1_06_26045152_A/T,Chr06,26045152,0.0139175547279033,11480,FALSE
Pv2.1_06_18250121_A/G,Chr06,18250121,0.0139041308441192,11481,FALSE
Pv2.1_05_4487165_G/A,Chr05,4487165,0.0138991554462153,11482,FALSE
Pv2.1_08_60726667_A/C,Chr08,60726667,0.0138958195610437,11483,FALSE
Pv2.1_10_43607255_A/G,Chr10,43607255,0.0138787718517182,11484,FALSE
Pv2.1_06_16433962_T/C,Chr06,16433962,0.0138781634044629,11485,FALSE
Pv2.1_11_51020529_G/A,Chr11,51020529,0.0138704890229597,11486,FALSE
Pv2.1_06_7422869_C/T,Chr06,7422869,0.0138677271609478,11487,FALSE
Pv2.1_02_33500106_A/T,Chr02,33500106,0.0138630160471558,11488,FALSE
Pv2.1_07_514888_G/C,Chr07,514888,0.0138552598355406,11489,FALSE
Pv2.1_07_514917_A/G,Chr07,514917,0.0138552598355406,11490,FALSE
Pv2.1_10_42270516_TA/T,Chr10,42270516,0.0138549063236022,11491,FALSE
Pv2.1_07_39886067_C/T,Chr07,39886067,0.0138493710200507,11492,FALSE
Pv2.1_08_61326803_G/C,Chr08,61326803,0.0138443648809479,11493,FALSE
Pv2.1_06_19696194_A/T,Chr06,19696194,0.0138402930051909,11494,FALSE
Pv2.1_11_50568997_G/T,Chr11,50568997,0.0138391161500131,11495,FALSE
Pv2.1_06_4385321_G/A,Chr06,4385321,0.0138255198388162,11496,FALSE
Pv2.1_03_1023355_T/C,Chr03,1023355,0.0138197780051357,11497,FALSE
Pv2.1_06_15469177_T/C,Chr06,15469177,0.0138164950251842,11498,FALSE
Pv2.1_06_15469194_C/A,Chr06,15469194,0.0138164950251842,11499,FALSE
Pv2.1_11_52617212_A/T,Chr11,52617212,0.0138060362270123,11500,FALSE
Pv2.1_02_37058054_G/T,Chr02,37058054,0.0137850400607098,11501,FALSE
Pv2.1_10_42569910_C/T,Chr10,42569910,0.0137791301900623,11502,FALSE
Pv2.1_08_61826003_G/C,Chr08,61826003,0.0137785399870629,11503,FALSE
Pv2.1_04_47227171_T/G,Chr04,47227171,0.013775180758234,11504,FALSE
Pv2.1_04_47227169_G/A,Chr04,47227169,0.0137553336979064,11505,FALSE
Pv2.1_06_26623069_C/T,Chr06,26623069,0.0137505504011988,11506,FALSE
Pv2.1_10_2310047_A/T,Chr10,2310047,0.0137434425835825,11507,FALSE
Pv2.1_09_35426225_T/C,Chr09,35426225,0.0137429901895989,11508,FALSE
Pv2.1_08_62659934_C/T,Chr08,62659934,0.0137426696718364,11509,FALSE
Pv2.1_11_51585134_A/G,Chr11,51585134,0.0137318964628252,11510,FALSE
Pv2.1_06_18558751_C/T,Chr06,18558751,0.013719868796203,11511,FALSE
Pv2.1_08_60075268_C/A,Chr08,60075268,0.0137067069253933,11512,FALSE
Pv2.1_06_18802293_C/T,Chr06,18802293,0.0137036413929432,11513,FALSE
Pv2.1_05_38290018_T/G,Chr05,38290018,0.0136965299562362,11514,FALSE
Pv2.1_06_8347837_C/T,Chr06,8347837,0.0136954398742604,11515,FALSE
Pv2.1_04_46846356_A/T,Chr04,46846356,0.013686989106322,11516,FALSE
Pv2.1_04_46846387_A/T,Chr04,46846387,0.013686989106322,11517,FALSE
Pv2.1_09_14033859_G/A,Chr09,14033859,0.0136721742904165,11518,FALSE
Pv2.1_04_2589640_A/C,Chr04,2589640,0.0136557176224561,11519,FALSE
Pv2.1_02_39509441_C/T,Chr02,39509441,0.0136444014749593,11520,FALSE
Pv2.1_06_27547599_C/T,Chr06,27547599,0.0136175977198416,11521,FALSE
Pv2.1_06_21887730_G/T,Chr06,21887730,0.0136082740731251,11522,FALSE
Pv2.1_08_10772186_C/T,Chr08,10772186,0.0136055957226802,11523,FALSE
Pv2.1_03_7209090_T/G,Chr03,7209090,0.0135983437216933,11524,FALSE
Pv2.1_10_42569913_T/A,Chr10,42569913,0.0135902415908609,11525,FALSE
Pv2.1_06_8608851_C/A,Chr06,8608851,0.0135713356642584,11526,FALSE
Pv2.1_06_8608906_T/C,Chr06,8608906,0.0135713356642584,11527,FALSE
Pv2.1_11_3170157_G/C,Chr11,3170157,0.0135496810429854,11528,FALSE
Pv2.1_06_24975267_T/G,Chr06,24975267,0.0135455245959775,11529,FALSE
Pv2.1_06_9560163_T/C,Chr06,9560163,0.0135415704844233,11530,FALSE
Pv2.1_06_11199681_C/A,Chr06,11199681,0.0135366219926425,11531,FALSE
Pv2.1_05_116391_G/T,Chr05,116391,0.0135299486774185,11532,FALSE
Pv2.1_08_61526673_T/A,Chr08,61526673,0.0135231787086729,11533,FALSE
Pv2.1_05_3583150_G/T,Chr05,3583150,0.0135084704643891,11534,FALSE
Pv2.1_06_21710200_C/T,Chr06,21710200,0.013504636648892,11535,FALSE
Pv2.1_10_9919111_T/A,Chr10,9919111,0.0134970237416168,11536,FALSE
Pv2.1_07_514900_G/A,Chr07,514900,0.0134968635896557,11537,FALSE
Pv2.1_07_1080321_A/T,Chr07,1080321,0.0134916318648588,11538,FALSE
Pv2.1_05_18739968_A/G,Chr05,18739968,0.0134902453473411,11539,FALSE
Pv2.1_10_6991681_G/A,Chr10,6991681,0.0134882287115219,11540,FALSE
Pv2.1_08_61407900_A/T,Chr08,61407900,0.0134582644163386,11541,FALSE
Pv2.1_04_2413434_C/T,Chr04,2413434,0.0134564717360077,11542,FALSE
Pv2.1_10_2310057_T/A,Chr10,2310057,0.0134257465785339,11543,FALSE
Pv2.1_10_2310096_T/G,Chr10,2310096,0.0134257465785339,11544,FALSE
Pv2.1_08_6001374_C/T,Chr08,6001374,0.01340682534493,11545,FALSE
Pv2.1_09_17429878_C/T,Chr09,17429878,0.0134052036616792,11546,FALSE
Pv2.1_11_53385158_C/T,Chr11,53385158,0.013395013923839,11547,FALSE
Pv2.1_08_60472137_G/A,Chr08,60472137,0.0133871504188123,11548,FALSE
Pv2.1_05_11993212_G/C,Chr05,11993212,0.0133801679166887,11549,FALSE
Pv2.1_06_5756997_C/T,Chr06,5756997,0.0133794387132085,11550,FALSE
Pv2.1_08_45849607_G/A,Chr08,45849607,0.0133701510659403,11551,FALSE
Pv2.1_04_2166863_C/T,Chr04,2166863,0.0133623856050416,11552,FALSE
Pv2.1_02_28104050_C/T,Chr02,28104050,0.0133615972979575,11553,FALSE
Pv2.1_05_38479484_A/G,Chr05,38479484,0.0133542303882876,11554,FALSE
Pv2.1_07_39214710_C/T,Chr07,39214710,0.0133514983613896,11555,FALSE
Pv2.1_08_1437176_C/A,Chr08,1437176,0.0133402392125204,11556,FALSE
Pv2.1_08_61728874_T/A,Chr08,61728874,0.0133399583341527,11557,FALSE
Pv2.1_01_14869276_G/A,Chr01,14869276,0.013339879322122,11558,FALSE
Pv2.1_08_63015352_T/A,Chr08,63015352,0.0133268221607517,11559,FALSE
Pv2.1_02_3888123_A/ATT,Chr02,3888123,0.0133234715182611,11560,FALSE
Pv2.1_04_553055_C/T,Chr04,553055,0.0133222867510741,11561,FALSE
Pv2.1_07_2549525_G/T,Chr07,2549525,0.0133164632913418,11562,FALSE
Pv2.1_01_49179710_C/T,Chr01,49179710,0.013303075055235,11563,FALSE
Pv2.1_04_46846375_C/T,Chr04,46846375,0.0133001102417261,11564,FALSE
Pv2.1_04_46846379_A/G,Chr04,46846379,0.0133001102417261,11565,FALSE
Pv2.1_01_49363155_G/T,Chr01,49363155,0.0132854125395041,11566,FALSE
Pv2.1_06_18526216_T/A,Chr06,18526216,0.0132831378261065,11567,FALSE
Pv2.1_01_48992_G/T,Chr01,48992,0.0132588457790832,11568,FALSE
Pv2.1_08_52812966_T/C,Chr08,52812966,0.0132509103769736,11569,FALSE
Pv2.1_02_7601387_G/T,Chr02,7601387,0.013248187359546,11570,FALSE
Pv2.1_08_61470253_C/T,Chr08,61470253,0.0132346908396115,11571,FALSE
Pv2.1_05_128175_C/T,Chr05,128175,0.0132321974930063,11572,FALSE
Pv2.1_06_10564823_A/G,Chr06,10564823,0.0132274656169114,11573,FALSE
Pv2.1_03_36241568_G/A,Chr03,36241568,0.0132233184168133,11574,FALSE
Pv2.1_02_7650489_A/G,Chr02,7650489,0.0132207571351448,11575,FALSE
Pv2.1_03_757735_C/A,Chr03,757735,0.0132191580415806,11576,FALSE
Pv2.1_06_26356106_T/A,Chr06,26356106,0.0132164594023707,11577,FALSE
Pv2.1_05_16329384_C/T,Chr05,16329384,0.0132096857086141,11578,FALSE
Pv2.1_05_16329394_T/C,Chr05,16329394,0.0132096857086141,11579,FALSE
Pv2.1_05_38841140_T/A,Chr05,38841140,0.0132090772556097,11580,FALSE
Pv2.1_11_49353013_C/A,Chr11,49353013,0.0131960271377745,11581,FALSE
Pv2.1_04_2559931_T/A,Chr04,2559931,0.0131925170911735,11582,FALSE
Pv2.1_04_2559934_C/T,Chr04,2559934,0.0131925170911735,11583,FALSE
Pv2.1_04_2559941_A/T,Chr04,2559941,0.0131925170911735,11584,FALSE
Pv2.1_04_2559949_A/G,Chr04,2559949,0.0131925170911735,11585,FALSE
Pv2.1_08_37232274_G/A,Chr08,37232274,0.0131925163166469,11586,FALSE
Pv2.1_02_13604277_A/G,Chr02,13604277,0.0131794553383187,11587,FALSE
Pv2.1_11_1010629_A/T,Chr11,1010629,0.0131787846023563,11588,FALSE
Pv2.1_11_72667_C/T,Chr11,72667,0.0131706489302359,11589,FALSE
Pv2.1_04_126341_A/G,Chr04,126341,0.0131683459644272,11590,FALSE
Pv2.1_10_7761944_A/T,Chr10,7761944,0.013133212252332,11591,FALSE
Pv2.1_05_115490_C/T,Chr05,115490,0.0131292277905488,11592,FALSE
Pv2.1_08_33909819_C/T,Chr08,33909819,0.0131281771868652,11593,FALSE
Pv2.1_01_49181836_G/C,Chr01,49181836,0.0131235710663327,11594,FALSE
Pv2.1_01_49181845_A/G,Chr01,49181845,0.0131235710663327,11595,FALSE
Pv2.1_05_3754226_C/T,Chr05,3754226,0.0131191506019395,11596,FALSE
Pv2.1_10_42047025_C/T,Chr10,42047025,0.0131060468023207,11597,FALSE
Pv2.1_05_38323876_G/C,Chr05,38323876,0.0130894996092388,11598,FALSE
Pv2.1_06_9560160_G/A,Chr06,9560160,0.013082180434056,11599,FALSE
Pv2.1_10_7679505_C/T,Chr10,7679505,0.0130768335804707,11600,FALSE
Pv2.1_10_38147056_C/T,Chr10,38147056,0.01307228372929,11601,FALSE
Pv2.1_06_14798744_G/C,Chr06,14798744,0.0130685735170553,11602,FALSE
Pv2.1_05_15672563_T/A,Chr05,15672563,0.0130199591663831,11603,FALSE
Pv2.1_06_15071503_C/T,Chr06,15071503,0.0130179217913007,11604,FALSE
Pv2.1_05_20149088_C/T,Chr05,20149088,0.013013827565485,11605,FALSE
Pv2.1_10_23837580_C/G,Chr10,23837580,0.0130135461456269,11606,FALSE
Pv2.1_08_62552967_T/C,Chr08,62552967,0.0130085843890613,11607,FALSE
Pv2.1_08_62552989_G/A,Chr08,62552989,0.0130085843890613,11608,FALSE
Pv2.1_01_174264_A/G,Chr01,174264,0.0130048803020326,11609,FALSE
Pv2.1_02_34887620_G/A,Chr02,34887620,0.0130026204629647,11610,FALSE
Pv2.1_08_62533601_A/C,Chr08,62533601,0.0130024831384143,11611,FALSE
Pv2.1_06_24975299_G/A,Chr06,24975299,0.0130003864187698,11612,FALSE
Pv2.1_07_23019504_G/A,Chr07,23019504,0.0129900516814594,11613,FALSE
Pv2.1_06_22186002_A/C,Chr06,22186002,0.0129894383219882,11614,FALSE
Pv2.1_08_3181875_C/T,Chr08,3181875,0.0129855596794362,11615,FALSE
Pv2.1_11_50437043_A/G,Chr11,50437043,0.0129726645968411,11616,FALSE
Pv2.1_05_4551029_T/G,Chr05,4551029,0.0129714080690619,11617,FALSE
Pv2.1_09_14084902_C/A,Chr09,14084902,0.0129651876365808,11618,FALSE
Pv2.1_08_45849451_A/T,Chr08,45849451,0.0129376333341864,11619,FALSE
Pv2.1_06_18407768_A/G,Chr06,18407768,0.0129357889409016,11620,FALSE
Pv2.1_07_34462694_C/G,Chr07,34462694,0.0129303248781634,11621,FALSE
Pv2.1_10_38247286_G/T,Chr10,38247286,0.0129122649993212,11622,FALSE
Pv2.1_08_63007118_C/T,Chr08,63007118,0.0129080524364955,11623,FALSE
Pv2.1_01_49179707_G/A,Chr01,49179707,0.0129042930630123,11624,FALSE
Pv2.1_06_13848787_A/C,Chr06,13848787,0.0128951175313614,11625,FALSE
Pv2.1_06_21630931_A/C,Chr06,21630931,0.0128828018806084,11626,FALSE
Pv2.1_04_2413445_G/A,Chr04,2413445,0.0128741545835718,11627,FALSE
Pv2.1_06_15112062_A/G,Chr06,15112062,0.0128611999285031,11628,FALSE
Pv2.1_02_1895565_C/T,Chr02,1895565,0.0128579300412994,11629,FALSE
Pv2.1_09_36508365_A/C,Chr09,36508365,0.0128563210090054,11630,FALSE
Pv2.1_06_4269077_T/C,Chr06,4269077,0.012840302875988,11631,FALSE
Pv2.1_11_2160014_C/A,Chr11,2160014,0.012837006487723,11632,FALSE
Pv2.1_11_2160018_A/T,Chr11,2160018,0.012837006487723,11633,FALSE
Pv2.1_06_20660730_G/GT,Chr06,20660730,0.0128362887759623,11634,FALSE
Pv2.1_03_33533735_T/C,Chr03,33533735,0.0128239667115686,11635,FALSE
Pv2.1_10_41403878_G/A,Chr10,41403878,0.0128052806942693,11636,FALSE
Pv2.1_06_18407448_T/A,Chr06,18407448,0.0128010477140981,11637,FALSE
Pv2.1_10_41403881_T/G,Chr10,41403881,0.0127885846710729,11638,FALSE
Pv2.1_04_4561449_T/C,Chr04,4561449,0.0127865700198404,11639,FALSE
Pv2.1_10_43723915_C/A,Chr10,43723915,0.0127758156102349,11640,FALSE
Pv2.1_02_38573324_A/C,Chr02,38573324,0.012769929910645,11641,FALSE
Pv2.1_05_38076792_C/G,Chr05,38076792,0.0127694535292742,11642,FALSE
Pv2.1_08_1169458_C/T,Chr08,1169458,0.0127655990762641,11643,FALSE
Pv2.1_09_14534237_G/A,Chr09,14534237,0.0127621895802257,11644,FALSE
Pv2.1_09_29153506_G/A,Chr09,29153506,0.0127417481103804,11645,FALSE
Pv2.1_10_43821584_T/C,Chr10,43821584,0.0127327557978312,11646,FALSE
Pv2.1_05_15136474_T/G,Chr05,15136474,0.0127311730762645,11647,FALSE
Pv2.1_01_51187119_G/T,Chr01,51187119,0.0127084545459253,11648,FALSE
Pv2.1_04_2087414_A/C,Chr04,2087414,0.0127078897022694,11649,FALSE
Pv2.1_10_43229433_T/G,Chr10,43229433,0.0127017453379374,11650,FALSE
Pv2.1_06_21012683_T/A,Chr06,21012683,0.012695944031992,11651,FALSE
Pv2.1_06_21012687_A/T,Chr06,21012687,0.012695944031992,11652,FALSE
Pv2.1_06_21012695_T/A,Chr06,21012695,0.012695944031992,11653,FALSE
Pv2.1_01_22289716_T/A,Chr01,22289716,0.0126949846504374,11654,FALSE
Pv2.1_06_24824474_T/C,Chr06,24824474,0.0126868748395133,11655,FALSE
Pv2.1_08_11528064_G/A,Chr08,11528064,0.0126839448378528,11656,FALSE
Pv2.1_08_61826038_G/A,Chr08,61826038,0.0126830156865569,11657,FALSE
Pv2.1_05_4508056_A/T,Chr05,4508056,0.0126817091423779,11658,FALSE
Pv2.1_02_3118254_C/T,Chr02,3118254,0.0126770167748891,11659,FALSE
Pv2.1_11_49598895_T/C,Chr11,49598895,0.0126672120568543,11660,FALSE
Pv2.1_10_43183512_A/G,Chr10,43183512,0.012659988582119,11661,FALSE
Pv2.1_06_22128725_G/T,Chr06,22128725,0.0126254477500516,11662,FALSE
Pv2.1_06_22128732_G/A,Chr06,22128732,0.0126254477500516,11663,FALSE
Pv2.1_10_41988727_G/C,Chr10,41988727,0.0126246011385094,11664,FALSE
Pv2.1_03_44349980_C/T,Chr03,44349980,0.0126242941640395,11665,FALSE
Pv2.1_09_10603632_T/A,Chr09,10603632,0.0126237765196611,11666,FALSE
Pv2.1_07_8284884_T/C,Chr07,8284884,0.0125952549565151,11667,FALSE
Pv2.1_06_18086489_A/G,Chr06,18086489,0.0125873516126269,11668,FALSE
Pv2.1_10_38246955_G/C,Chr10,38246955,0.012577986585093,11669,FALSE
Pv2.1_06_23658507_T/A,Chr06,23658507,0.0125193784663908,11670,FALSE
Pv2.1_10_40346952_G/GAAA,Chr10,40346952,0.0124987054620793,11671,FALSE
Pv2.1_05_38890782_T/A,Chr05,38890782,0.0124977499094325,11672,FALSE
Pv2.1_05_38890794_A/T,Chr05,38890794,0.0124977499094325,11673,FALSE
Pv2.1_10_42061493_T/G,Chr10,42061493,0.0124912462808675,11674,FALSE
Pv2.1_04_448848_C/A,Chr04,448848,0.0124744273496593,11675,FALSE
Pv2.1_06_18203156_T/C,Chr06,18203156,0.0124716674803271,11676,FALSE
Pv2.1_03_9408307_C/A,Chr03,9408307,0.012469828292065,11677,FALSE
Pv2.1_06_23191362_A/T,Chr06,23191362,0.0124697484739582,11678,FALSE
Pv2.1_04_1743529_G/A,Chr04,1743529,0.0124596234081111,11679,FALSE
Pv2.1_06_14318553_C/G,Chr06,14318553,0.012411372514129,11680,FALSE
Pv2.1_05_39472209_G/A,Chr05,39472209,0.0124002430653958,11681,FALSE
Pv2.1_09_29189840_T/C,Chr09,29189840,0.0123971353815842,11682,FALSE
Pv2.1_05_39562403_A/AT,Chr05,39562403,0.0123727078881295,11683,FALSE
Pv2.1_06_9560161_C/A,Chr06,9560161,0.0123586784743095,11684,FALSE
Pv2.1_01_49418616_T/A,Chr01,49418616,0.0123534942022392,11685,FALSE
Pv2.1_03_12147696_A/G,Chr03,12147696,0.0123452395823893,11686,FALSE
Pv2.1_07_37292903_C/T,Chr07,37292903,0.0123430665971704,11687,FALSE
Pv2.1_05_159278_T/G,Chr05,159278,0.0123365836082519,11688,FALSE
Pv2.1_05_159284_C/A,Chr05,159284,0.0123365836082519,11689,FALSE
Pv2.1_11_51585114_G/T,Chr11,51585114,0.0123334709292715,11690,FALSE
Pv2.1_06_6821920_G/A,Chr06,6821920,0.0123329111104677,11691,FALSE
Pv2.1_01_51186477_A/C,Chr01,51186477,0.0123221065884951,11692,FALSE
Pv2.1_07_21891993_C/T,Chr07,21891993,0.012320612407509,11693,FALSE
Pv2.1_06_14944003_C/T,Chr06,14944003,0.0123190019942196,11694,FALSE
Pv2.1_04_45975321_G/A,Chr04,45975321,0.0123181005554511,11695,FALSE
Pv2.1_06_16429632_AGCGTCT/A,Chr06,16429632,0.0123177832458263,11696,FALSE
Pv2.1_04_4561447_T/G,Chr04,4561447,0.0123113696518011,11697,FALSE
Pv2.1_07_36606917_A/G,Chr07,36606917,0.0122809919647953,11698,FALSE
Pv2.1_09_35426067_T/G,Chr09,35426067,0.0122684689922337,11699,FALSE
Pv2.1_09_14060500_C/T,Chr09,14060500,0.0122683736679887,11700,FALSE
Pv2.1_09_28883811_T/G,Chr09,28883811,0.0122574748811073,11701,FALSE
Pv2.1_11_53551610_ATC/A,Chr11,53551610,0.0122573705404987,11702,FALSE
Pv2.1_11_51314226_A/G,Chr11,51314226,0.0122518411927661,11703,FALSE
Pv2.1_05_18743607_A/G,Chr05,18743607,0.0122495125748343,11704,FALSE
Pv2.1_08_10772163_C/A,Chr08,10772163,0.0122446316744984,11705,FALSE
Pv2.1_10_43507817_C/T,Chr10,43507817,0.0122312144262446,11706,FALSE
Pv2.1_07_1199636_T/C,Chr07,1199636,0.0122197060433398,11707,FALSE
Pv2.1_01_49220_G/A,Chr01,49220,0.0122192009588069,11708,FALSE
Pv2.1_06_22848864_A/ATGTT,Chr06,22848864,0.0122114677166789,11709,FALSE
Pv2.1_02_38579762_C/T,Chr02,38579762,0.0121987281566192,11710,FALSE
Pv2.1_03_7209051_C/T,Chr03,7209051,0.0121850688422418,11711,FALSE
Pv2.1_05_3643579_A/T,Chr05,3643579,0.0121778789001565,11712,FALSE
Pv2.1_01_4059630_A/G,Chr01,4059630,0.012171387247768,11713,FALSE
Pv2.1_09_28972599_C/T,Chr09,28972599,0.012162829034482,11714,FALSE
Pv2.1_03_11230381_C/A,Chr03,11230381,0.0121624243088876,11715,FALSE
Pv2.1_03_11230394_C/T,Chr03,11230394,0.0121624243088876,11716,FALSE
Pv2.1_03_11230395_G/C,Chr03,11230395,0.0121624243088876,11717,FALSE
Pv2.1_03_11230396_C/T,Chr03,11230396,0.0121624243088876,11718,FALSE
Pv2.1_06_24112987_G/A,Chr06,24112987,0.0121528587118256,11719,FALSE
Pv2.1_06_18525860_T/C,Chr06,18525860,0.0121469418152684,11720,FALSE
Pv2.1_02_47382453_G/GTAT,Chr02,47382453,0.0121442775826544,11721,FALSE
Pv2.1_09_37808837_A/AG,Chr09,37808837,0.0121391370639192,11722,FALSE
Pv2.1_07_38149927_T/C,Chr07,38149927,0.0121367587308767,11723,FALSE
Pv2.1_08_10772169_T/C,Chr08,10772169,0.0121267909843565,11724,FALSE
Pv2.1_11_50980660_C/G,Chr11,50980660,0.0121266961558097,11725,FALSE
Pv2.1_06_18368813_T/G,Chr06,18368813,0.0121223849621179,11726,FALSE
Pv2.1_09_22253804_T/G,Chr09,22253804,0.0121154562591959,11727,FALSE
Pv2.1_09_22253822_G/A,Chr09,22253822,0.0121154562591959,11728,FALSE
Pv2.1_02_38639025_G/A,Chr02,38639025,0.0121123435517538,11729,FALSE
Pv2.1_06_19164032_A/G,Chr06,19164032,0.0120990201071196,11730,FALSE
Pv2.1_10_43046919_T/C,Chr10,43046919,0.0120971569189887,11731,FALSE
Pv2.1_10_41935101_G/A,Chr10,41935101,0.0120902536680836,11732,FALSE
Pv2.1_11_4652096_G/A,Chr11,4652096,0.012087837364994,11733,FALSE
Pv2.1_02_38749006_C/T,Chr02,38749006,0.0120807735510975,11734,FALSE
Pv2.1_10_38355722_C/T,Chr10,38355722,0.0120691157545751,11735,FALSE
Pv2.1_08_35316078_G/A,Chr08,35316078,0.0120635332515602,11736,FALSE
Pv2.1_06_18368814_T/A,Chr06,18368814,0.0120635084231271,11737,FALSE
Pv2.1_07_37961499_C/A,Chr07,37961499,0.0120498126615431,11738,FALSE
Pv2.1_08_1513158_C/T,Chr08,1513158,0.01202299046057,11739,FALSE
Pv2.1_06_23550716_T/A,Chr06,23550716,0.0120167079635833,11740,FALSE
Pv2.1_07_38080341_A/G,Chr07,38080341,0.012014739247761,11741,FALSE
Pv2.1_06_4312712_T/C,Chr06,4312712,0.0120143797174332,11742,FALSE
Pv2.1_11_46410534_T/C,Chr11,46410534,0.0120028673275963,11743,FALSE
Pv2.1_05_9131151_G/T,Chr05,9131151,0.0120017777866663,11744,FALSE
Pv2.1_11_2956882_T/C,Chr11,2956882,0.0119776648422603,11745,FALSE
Pv2.1_06_15753810_T/G,Chr06,15753810,0.011959557754412,11746,FALSE
Pv2.1_10_720905_G/A,Chr10,720905,0.0119588276741478,11747,FALSE
Pv2.1_07_37412171_C/T,Chr07,37412171,0.0119485949635916,11748,FALSE
Pv2.1_07_9330336_A/G,Chr07,9330336,0.0119330098482258,11749,FALSE
Pv2.1_01_48541402_G/A,Chr01,48541402,0.0119321664995975,11750,FALSE
Pv2.1_04_506181_T/C,Chr04,506181,0.0119071188302882,11751,FALSE
Pv2.1_08_45860307_T/C,Chr08,45860307,0.0118735415080797,11752,FALSE
Pv2.1_04_2032767_A/G,Chr04,2032767,0.0118713939048458,11753,FALSE
Pv2.1_06_21654685_A/G,Chr06,21654685,0.0118695787651326,11754,FALSE
Pv2.1_06_21654722_C/G,Chr06,21654722,0.0118695787651326,11755,FALSE
Pv2.1_03_53067163_C/A,Chr03,53067163,0.0118542475930195,11756,FALSE
Pv2.1_07_28488847_G/A,Chr07,28488847,0.0118365083652061,11757,FALSE
Pv2.1_06_21220258_T/C,Chr06,21220258,0.0118362561870726,11758,FALSE
Pv2.1_05_4550963_G/A,Chr05,4550963,0.0118279250544728,11759,FALSE
Pv2.1_06_21507376_A/G,Chr06,21507376,0.0118277912377298,11760,FALSE
Pv2.1_08_1591734_TTGT/A,Chr08,1591734,0.011812275627201,11761,FALSE
Pv2.1_10_42409138_C/G,Chr10,42409138,0.011804095282272,11762,FALSE
Pv2.1_05_4484860_C/A,Chr05,4484860,0.0117998257885854,11763,FALSE
Pv2.1_11_4652164_A/G,Chr11,4652164,0.0117923331795371,11764,FALSE
Pv2.1_08_60190144_C/T,Chr08,60190144,0.0117881834158284,11765,FALSE
Pv2.1_07_9330320_GATT/G,Chr07,9330320,0.011784060216038,11766,FALSE
Pv2.1_06_19126189_T/C,Chr06,19126189,0.0117801151417094,11767,FALSE
Pv2.1_05_26225564_G/T,Chr05,26225564,0.0117729166146812,11768,FALSE
Pv2.1_01_6558305_T/C,Chr01,6558305,0.011762049822492,11769,FALSE
Pv2.1_11_5173392_T/C,Chr11,5173392,0.0117542004173923,11770,FALSE
Pv2.1_06_18684827_C/CA,Chr06,18684827,0.0117537585614449,11771,FALSE
Pv2.1_11_5176119_G/A,Chr11,5176119,0.0117429233368553,11772,FALSE
Pv2.1_01_51022710_T/G,Chr01,51022710,0.0117356071512429,11773,FALSE
Pv2.1_05_22402842_G/T,Chr05,22402842,0.0117021878102377,11774,FALSE
Pv2.1_02_3902236_T/C,Chr02,3902236,0.0116906716384291,11775,FALSE
Pv2.1_06_24112932_G/A,Chr06,24112932,0.0116874592578959,11776,FALSE
Pv2.1_06_9560164_T/C,Chr06,9560164,0.0116839489853553,11777,FALSE
Pv2.1_01_49418619_G/A,Chr01,49418619,0.0116835782422662,11778,FALSE
Pv2.1_08_62895158_T/C,Chr08,62895158,0.0116782258245696,11779,FALSE
Pv2.1_02_2413468_G/T,Chr02,2413468,0.0116677850860172,11780,FALSE
Pv2.1_06_18407849_T/C,Chr06,18407849,0.0116544462213644,11781,FALSE
Pv2.1_10_7794074_T/G,Chr10,7794074,0.0116405953991929,11782,FALSE
Pv2.1_08_28426262_AAGC/A,Chr08,28426262,0.0116066111075961,11783,FALSE
Pv2.1_10_40397561_A/T,Chr10,40397561,0.0115989924214039,11784,FALSE
Pv2.1_08_62962024_A/G,Chr08,62962024,0.0115987986389183,11785,FALSE
Pv2.1_11_53551647_A/G,Chr11,53551647,0.0115928026933525,11786,FALSE
Pv2.1_10_41264805_G/T,Chr10,41264805,0.0115835138798865,11787,FALSE
Pv2.1_11_50684311_T/C,Chr11,50684311,0.0115646711713975,11788,FALSE
Pv2.1_06_21223702_A/T,Chr06,21223702,0.011557632101415,11789,FALSE
Pv2.1_06_18192830_A/T,Chr06,18192830,0.0115439294546298,11790,FALSE
Pv2.1_07_28488829_C/A,Chr07,28488829,0.0115268355261873,11791,FALSE
Pv2.1_08_61526793_T/A,Chr08,61526793,0.0115139376535107,11792,FALSE
Pv2.1_03_52994301_GAA/G,Chr03,52994301,0.0115134751865962,11793,FALSE
Pv2.1_06_27602783_T/C,Chr06,27602783,0.0115052436003031,11794,FALSE
Pv2.1_05_159201_C/G,Chr05,159201,0.0114921351390866,11795,FALSE
Pv2.1_07_3427326_C/A,Chr07,3427326,0.0114885715149256,11796,FALSE
Pv2.1_01_48541397_A/G,Chr01,48541397,0.0114733288877074,11797,FALSE
Pv2.1_08_39508715_T/A,Chr08,39508715,0.0114732361892953,11798,FALSE
Pv2.1_02_11486304_G/C,Chr02,11486304,0.0114602518698241,11799,FALSE
Pv2.1_02_2739746_C/CTT,Chr02,2739746,0.0114568165277937,11800,FALSE
Pv2.1_03_3610047_C/T,Chr03,3610047,0.0114539933853846,11801,FALSE
Pv2.1_09_28714589_C/G,Chr09,28714589,0.0114510100793264,11802,FALSE
Pv2.1_08_60479716_T/A,Chr08,60479716,0.0114425996050973,11803,FALSE
Pv2.1_03_7660298_G/A,Chr03,7660298,0.0114364614090174,11804,FALSE
Pv2.1_02_47384270_T/A,Chr02,47384270,0.0114105327185547,11805,FALSE
Pv2.1_02_47384296_C/T,Chr02,47384296,0.0114105327185547,11806,FALSE
Pv2.1_08_62787589_A/T,Chr08,62787589,0.0114044427310196,11807,FALSE
Pv2.1_07_4150044_A/G,Chr07,4150044,0.0113981632566276,11808,FALSE
Pv2.1_06_14661470_C/A,Chr06,14661470,0.0113796652627518,11809,FALSE
Pv2.1_06_19164522_C/A,Chr06,19164522,0.011378166335946,11810,FALSE
Pv2.1_06_23576251_G/C,Chr06,23576251,0.0113524576050317,11811,FALSE
Pv2.1_04_2356656_C/T,Chr04,2356656,0.0113443354113474,11812,FALSE
Pv2.1_05_18342742_C/T,Chr05,18342742,0.0113366859697117,11813,FALSE
Pv2.1_05_38290170_T/C,Chr05,38290170,0.0113358203060545,11814,FALSE
Pv2.1_04_5494500_G/A,Chr04,5494500,0.011319756265368,11815,FALSE
Pv2.1_08_3181860_A/G,Chr08,3181860,0.0113142369805979,11816,FALSE
Pv2.1_08_3181864_G/T,Chr08,3181864,0.0113142369805979,11817,FALSE
Pv2.1_02_1895797_C/T,Chr02,1895797,0.0113028062345188,11818,FALSE
Pv2.1_07_1199667_C/G,Chr07,1199667,0.0112933067499914,11819,FALSE
Pv2.1_04_5494137_C/T,Chr04,5494137,0.0112854995360618,11820,FALSE
Pv2.1_07_191185_T/C,Chr07,191185,0.0112566627803981,11821,FALSE
Pv2.1_08_60542661_T/G,Chr08,60542661,0.0112539700217855,11822,FALSE
Pv2.1_11_53489943_C/A,Chr11,53489943,0.0112246457639866,11823,FALSE
Pv2.1_08_60190173_G/C,Chr08,60190173,0.0111932856630412,11824,FALSE
Pv2.1_08_60190177_A/T,Chr08,60190177,0.0111932856630412,11825,FALSE
Pv2.1_08_45860301_T/C,Chr08,45860301,0.0111810802740684,11826,FALSE
Pv2.1_03_33533775_C/G,Chr03,33533775,0.0111764476138969,11827,FALSE
Pv2.1_05_38502472_G/A,Chr05,38502472,0.0111665425960039,11828,FALSE
Pv2.1_10_38393838_C/T,Chr10,38393838,0.0111439788296597,11829,FALSE
Pv2.1_08_35316055_A/G,Chr08,35316055,0.0111320441259437,11830,FALSE
Pv2.1_04_46970379_T/A,Chr04,46970379,0.0110992392083031,11831,FALSE
Pv2.1_11_4737224_T/G,Chr11,4737224,0.0110757658305922,11832,FALSE
Pv2.1_08_61685123_A/T,Chr08,61685123,0.0110677370790055,11833,FALSE
Pv2.1_05_16313121_C/T,Chr05,16313121,0.0110497955841007,11834,FALSE
Pv2.1_08_1594585_T/C,Chr08,1594585,0.0110495056213158,11835,FALSE
Pv2.1_09_36865137_C/A,Chr09,36865137,0.0110279769595656,11836,FALSE
Pv2.1_10_556411_C/T,Chr10,556411,0.0110149392133958,11837,FALSE
Pv2.1_07_34447184_T/A,Chr07,34447184,0.0110141758604509,11838,FALSE
Pv2.1_03_9408278_G/A,Chr03,9408278,0.0109924559776635,11839,FALSE
Pv2.1_10_20070271_C/T,Chr10,20070271,0.0109899002703542,11840,FALSE
Pv2.1_10_20070276_C/T,Chr10,20070276,0.0109899002703542,11841,FALSE
Pv2.1_11_49342227_T/A,Chr11,49342227,0.0109815187737992,11842,FALSE
Pv2.1_04_46970376_A/G,Chr04,46970376,0.0109703531195771,11843,FALSE
Pv2.1_04_2567035_T/G,Chr04,2567035,0.0109671843394534,11844,FALSE
Pv2.1_06_4412438_T/C,Chr06,4412438,0.0109646654428603,11845,FALSE
Pv2.1_06_4412456_T/A,Chr06,4412456,0.0109646654428603,11846,FALSE
Pv2.1_11_26632035_C/T,Chr11,26632035,0.010962494046781,11847,FALSE
Pv2.1_01_3764657_G/A,Chr01,3764657,0.0109396033234406,11848,FALSE
Pv2.1_11_4664980_C/T,Chr11,4664980,0.0108923750303283,11849,FALSE
Pv2.1_08_60479656_C/T,Chr08,60479656,0.010892167442333,11850,FALSE
Pv2.1_06_18086487_T/C,Chr06,18086487,0.0108721162735912,11851,FALSE
Pv2.1_06_14665742_C/T,Chr06,14665742,0.0108698170049055,11852,FALSE
Pv2.1_08_45848468_A/T,Chr08,45848468,0.0108500476605404,11853,FALSE
Pv2.1_04_46970354_G/T,Chr04,46970354,0.0108413462342507,11854,FALSE
Pv2.1_06_26374955_T/C,Chr06,26374955,0.0108094087262769,11855,FALSE
Pv2.1_06_24103745_A/G,Chr06,24103745,0.0107977775094077,11856,FALSE
Pv2.1_06_23708996_G/A,Chr06,23708996,0.0107927449772594,11857,FALSE
Pv2.1_02_38538386_T/G,Chr02,38538386,0.0107864538403515,11858,FALSE
Pv2.1_06_27578663_G/A,Chr06,27578663,0.0107806793615652,11859,FALSE
Pv2.1_05_38290191_C/G,Chr05,38290191,0.0107464411796134,11860,FALSE
Pv2.1_11_50568846_T/C,Chr11,50568846,0.010745765634165,11861,FALSE
Pv2.1_11_50568880_G/A,Chr11,50568880,0.010745765634165,11862,FALSE
Pv2.1_02_47383714_A/C,Chr02,47383714,0.0107278924931844,11863,FALSE
Pv2.1_07_37011108_C/T,Chr07,37011108,0.0107213090557519,11864,FALSE
Pv2.1_10_43982868_C/A,Chr10,43982868,0.0106834004875025,11865,FALSE
Pv2.1_02_2413503_A/G,Chr02,2413503,0.0106523792078521,11866,FALSE
Pv2.1_04_47055226_A/C,Chr04,47055226,0.0106520696464338,11867,FALSE
Pv2.1_04_47055227_A/C,Chr04,47055227,0.0106520696464338,11868,FALSE
Pv2.1_10_40783214_A/G,Chr10,40783214,0.0106378844551576,11869,FALSE
Pv2.1_11_3534685_T/A,Chr11,3534685,0.0105974424953939,11870,FALSE
Pv2.1_08_62727820_T/TAA,Chr08,62727820,0.0105713355926231,11871,FALSE
Pv2.1_06_24104011_C/T,Chr06,24104011,0.0105496808993912,11872,FALSE
Pv2.1_09_34920976_G/A,Chr09,34920976,0.0104902519337227,11873,FALSE
Pv2.1_07_39201987_A/T,Chr07,39201987,0.010450032586844,11874,FALSE
Pv2.1_08_60542633_A/G,Chr08,60542633,0.0104361683645879,11875,FALSE
Pv2.1_05_19489841_T/C,Chr05,19489841,0.0103776995407845,11876,FALSE
Pv2.1_04_47249965_G/A,Chr04,47249965,0.0103539903864212,11877,FALSE
Pv2.1_04_47249979_T/C,Chr04,47249979,0.0103539903864212,11878,FALSE
Pv2.1_10_7753226_T/A,Chr10,7753226,0.0103481439877045,11879,FALSE
Pv2.1_02_2438680_C/T,Chr02,2438680,0.0103446525990551,11880,FALSE
Pv2.1_02_2438686_C/T,Chr02,2438686,0.0103446525990551,11881,FALSE
Pv2.1_02_42363916_C/G,Chr02,42363916,0.0103395014548919,11882,FALSE
Pv2.1_06_14661229_A/G,Chr06,14661229,0.0103260324528622,11883,FALSE
Pv2.1_06_16629645_T/G,Chr06,16629645,0.0103218250441839,11884,FALSE
Pv2.1_04_47249959_G/C,Chr04,47249959,0.0102902494124479,11885,FALSE
Pv2.1_09_7640448_G/C,Chr09,7640448,0.0102686541062416,11886,FALSE
Pv2.1_02_46331115_C/T,Chr02,46331115,0.0102673203588899,11887,FALSE
Pv2.1_06_23593680_G/A,Chr06,23593680,0.0102625948637649,11888,FALSE
Pv2.1_06_18558770_C/G,Chr06,18558770,0.0102571249423553,11889,FALSE
Pv2.1_06_21153707_C/T,Chr06,21153707,0.0102496157071981,11890,FALSE
Pv2.1_08_60542629_C/T,Chr08,60542629,0.0101796288831526,11891,FALSE
Pv2.1_04_47244381_G/C,Chr04,47244381,0.0101767898361498,11892,FALSE
Pv2.1_06_27578685_A/G,Chr06,27578685,0.0101669732375478,11893,FALSE
Pv2.1_06_27578698_G/A,Chr06,27578698,0.0101669732375478,11894,FALSE
Pv2.1_04_42663_T/A,Chr04,42663,0.0101604128699617,11895,FALSE
Pv2.1_03_11144176_A/T,Chr03,11144176,0.0101397580204625,11896,FALSE
Pv2.1_06_16037751_G/T,Chr06,16037751,0.0101054287172135,11897,FALSE
Pv2.1_08_563653_C/G,Chr08,563653,0.0100970315149622,11898,FALSE
Pv2.1_08_1823539_T/A,Chr08,1823539,0.0100862964416337,11899,FALSE
Pv2.1_11_51790484_T/A,Chr11,51790484,0.0100758807917871,11900,FALSE
Pv2.1_06_21888120_T/A,Chr06,21888120,0.0100711801653293,11901,FALSE
Pv2.1_06_14665776_T/A,Chr06,14665776,0.0100711350541332,11902,FALSE
Pv2.1_09_35044060_G/A,Chr09,35044060,0.0100482291054322,11903,FALSE
Pv2.1_06_18542181_G/A,Chr06,18542181,0.0100261483599207,11904,FALSE
Pv2.1_10_6495216_G/T,Chr10,6495216,0.0100144314572219,11905,FALSE
Pv2.1_08_9944942_G/T,Chr08,9944942,0.0100010898990832,11906,FALSE
Pv2.1_08_9944943_A/T,Chr08,9944943,0.0100010898990832,11907,FALSE
Pv2.1_11_52890212_T/G,Chr11,52890212,0.00994669642563473,11908,FALSE
Pv2.1_08_9130811_C/A,Chr08,9130811,0.00994134624208254,11909,FALSE
Pv2.1_08_9130821_A/T,Chr08,9130821,0.00994134624208254,11910,FALSE
Pv2.1_08_9130832_G/A,Chr08,9130832,0.00994134624208254,11911,FALSE
Pv2.1_08_9130850_G/C,Chr08,9130850,0.00994134624208254,11912,FALSE
Pv2.1_08_9130854_A/G,Chr08,9130854,0.00994134624208254,11913,FALSE
Pv2.1_03_2901712_T/A,Chr03,2901712,0.0099358009125039,11914,FALSE
Pv2.1_08_62375729_C/T,Chr08,62375729,0.00993139553017741,11915,FALSE
Pv2.1_10_41264850_T/C,Chr10,41264850,0.00992616393951007,11916,FALSE
Pv2.1_08_63018299_C/T,Chr08,63018299,0.00989856189827165,11917,FALSE
Pv2.1_04_2409491_A/G,Chr04,2409491,0.00989816900576646,11918,FALSE
Pv2.1_04_2176671_G/A,Chr04,2176671,0.00987711262863744,11919,FALSE
Pv2.1_03_10944895_A/T,Chr03,10944895,0.00987704349000351,11920,FALSE
Pv2.1_08_45849637_C/G,Chr08,45849637,0.00987526325181465,11921,FALSE
Pv2.1_08_45851627_T/A,Chr08,45851627,0.00986345351507056,11922,FALSE
Pv2.1_08_62043174_G/A,Chr08,62043174,0.0098566951006327,11923,FALSE
Pv2.1_08_9135041_A/T,Chr08,9135041,0.00985662809220544,11924,FALSE
Pv2.1_02_47585811_T/A,Chr02,47585811,0.009850944318333,11925,FALSE
Pv2.1_02_37374593_A/AC,Chr02,37374593,0.00983663078776553,11926,FALSE
Pv2.1_07_3265835_T/A,Chr07,3265835,0.00982374938471064,11927,FALSE
Pv2.1_11_4662228_T/G,Chr11,4662228,0.00981914130524597,11928,FALSE
Pv2.1_07_33580187_C/T,Chr07,33580187,0.00981878923218638,11929,FALSE
Pv2.1_06_27578657_T/C,Chr06,27578657,0.00979856670641155,11930,FALSE
Pv2.1_08_5260864_C/T,Chr08,5260864,0.00979450776936241,11931,FALSE
Pv2.1_04_2031177_C/T,Chr04,2031177,0.0097920016034565,11932,FALSE
Pv2.1_02_13743810_A/G,Chr02,13743810,0.009783174360253,11933,FALSE
Pv2.1_07_37512964_T/A,Chr07,37512964,0.00977155377815553,11934,FALSE
Pv2.1_03_2901666_A/G,Chr03,2901666,0.00976953174075001,11935,FALSE
Pv2.1_10_41988722_C/T,Chr10,41988722,0.00976047155225856,11936,FALSE
Pv2.1_08_62043159_C/CT,Chr08,62043159,0.00975488989908424,11937,FALSE
Pv2.1_03_34556819_G/C,Chr03,34556819,0.00972629299655559,11938,FALSE
Pv2.1_04_1743500_C/A,Chr04,1743500,0.00968869779381931,11939,FALSE
Pv2.1_02_7653237_T/C,Chr02,7653237,0.00968156689210753,11940,FALSE
Pv2.1_03_4655360_G/A,Chr03,4655360,0.00966846880203232,11941,FALSE
Pv2.1_06_16642675_C/T,Chr06,16642675,0.00966801202094025,11942,FALSE
Pv2.1_05_38290137_G/T,Chr05,38290137,0.00963917256268454,11943,FALSE
Pv2.1_02_46437999_G/C,Chr02,46437999,0.00961670248515301,11944,FALSE
Pv2.1_11_98123_G/C,Chr11,98123,0.00961349507931653,11945,FALSE
Pv2.1_04_1743497_T/C,Chr04,1743497,0.00956883247422224,11946,FALSE
Pv2.1_10_9919198_C/G,Chr10,9919198,0.00956361240148551,11947,FALSE
Pv2.1_04_1359571_C/T,Chr04,1359571,0.00956257278772377,11948,FALSE
Pv2.1_08_6676424_A/T,Chr08,6676424,0.00954005897736687,11949,FALSE
Pv2.1_06_21888128_T/C,Chr06,21888128,0.00951337547398445,11950,FALSE
Pv2.1_03_36241697_C/T,Chr03,36241697,0.00946345549883176,11951,FALSE
Pv2.1_04_145855_C/T,Chr04,145855,0.00942278784729966,11952,FALSE
Pv2.1_02_12061839_A/G,Chr02,12061839,0.0094190325768313,11953,FALSE
Pv2.1_07_454741_A/G,Chr07,454741,0.00936917716427565,11954,FALSE
Pv2.1_06_5692470_G/A,Chr06,5692470,0.00936455054049823,11955,FALSE
Pv2.1_02_38579748_T/A,Chr02,38579748,0.00936195133909434,11956,FALSE
Pv2.1_08_62838497_T/A,Chr08,62838497,0.00931436015602261,11957,FALSE
Pv2.1_06_21414425_C/A,Chr06,21414425,0.00929072075201187,11958,FALSE
Pv2.1_04_47116313_A/G,Chr04,47116313,0.00925070573929032,11959,FALSE
Pv2.1_07_2664960_C/G,Chr07,2664960,0.00924177271934701,11960,FALSE
Pv2.1_06_30736667_T/A,Chr06,30736667,0.00920893029522407,11961,FALSE
Pv2.1_11_38260056_C/T,Chr11,38260056,0.00919473677514615,11962,FALSE
Pv2.1_09_36130115_T/A,Chr09,36130115,0.00918303762278017,11963,FALSE
Pv2.1_08_1594278_T/A,Chr08,1594278,0.00917105589649214,11964,FALSE
Pv2.1_06_21887919_T/C,Chr06,21887919,0.0091627547036488,11965,FALSE
Pv2.1_06_21887935_T/A,Chr06,21887935,0.0091627547036488,11966,FALSE
Pv2.1_10_40540190_A/G,Chr10,40540190,0.0091610515033933,11967,FALSE
Pv2.1_11_254433_T/C,Chr11,254433,0.00914344350761143,11968,FALSE
Pv2.1_06_13641605_G/T,Chr06,13641605,0.00913353835017761,11969,FALSE
Pv2.1_06_19232775_G/T,Chr06,19232775,0.00912058652546133,11970,FALSE
Pv2.1_01_3365769_G/A,Chr01,3365769,0.00907809147445082,11971,FALSE
Pv2.1_01_3365778_T/C,Chr01,3365778,0.00907809147445082,11972,FALSE
Pv2.1_08_1823540_G/C,Chr08,1823540,0.00905105630058278,11973,FALSE
Pv2.1_08_62765214_CA/C,Chr08,62765214,0.00899704127496337,11974,FALSE
Pv2.1_06_24103895_A/T,Chr06,24103895,0.00895019088943183,11975,FALSE
Pv2.1_07_8715180_A/T,Chr07,8715180,0.00892910318117313,11976,FALSE
Pv2.1_11_48706230_T/A,Chr11,48706230,0.00889016410670784,11977,FALSE
Pv2.1_06_12738228_C/T,Chr06,12738228,0.00888845121269366,11978,FALSE
Pv2.1_08_9135057_G/A,Chr08,9135057,0.00887529272424992,11979,FALSE
Pv2.1_08_9135060_C/T,Chr08,9135060,0.00887529272424992,11980,FALSE
Pv2.1_02_7838392_C/T,Chr02,7838392,0.00886747767030327,11981,FALSE
Pv2.1_04_39257426_GAC/G,Chr04,39257426,0.00885710959648467,11982,FALSE
Pv2.1_04_1176616_C/A,Chr04,1176616,0.00883745912385692,11983,FALSE
Pv2.1_08_45849575_C/G,Chr08,45849575,0.00881867487429755,11984,FALSE
Pv2.1_01_49179768_A/T,Chr01,49179768,0.0088061261174448,11985,FALSE
Pv2.1_04_2296593_G/A,Chr04,2296593,0.00872947456479345,11986,FALSE
Pv2.1_08_61326840_A/T,Chr08,61326840,0.00872813917106941,11987,FALSE
Pv2.1_03_7094320_A/G,Chr03,7094320,0.00865100701550681,11988,FALSE
Pv2.1_03_7094321_T/A,Chr03,7094321,0.00865100701550681,11989,FALSE
Pv2.1_09_36859892_T/A,Chr09,36859892,0.00863248395539706,11990,FALSE
Pv2.1_03_12034857_AAGAGAGAGG/GAGAGAGGGA,Chr03,12034857,0.00863000506749945,11991,FALSE
Pv2.1_03_12034858_AGAGAGAGG/GAGAGAGGGA,Chr03,12034858,0.00863000506749945,11992,FALSE
Pv2.1_06_21245405_C/T,Chr06,21245405,0.00853947592406001,11993,FALSE
Pv2.1_06_21245426_T/C,Chr06,21245426,0.00853947592406001,11994,FALSE
Pv2.1_06_21245454_T/G,Chr06,21245454,0.00853947592406001,11995,FALSE
Pv2.1_11_48706240_G/T,Chr11,48706240,0.00849465222617063,11996,FALSE
Pv2.1_11_32071620_G/A,Chr11,32071620,0.00847257745588026,11997,FALSE
Pv2.1_03_4655359_T/C,Chr03,4655359,0.0084456758548912,11998,FALSE
Pv2.1_01_41726790_T/A,Chr01,41726790,0.00844164948315918,11999,FALSE
Pv2.1_09_35044074_TCGACA/T,Chr09,35044074,0.00843937875565137,12000,FALSE
Pv2.1_11_51790471_A/G,Chr11,51790471,0.00843882317004319,12001,FALSE
Pv2.1_07_37423937_A/T,Chr07,37423937,0.00838164030159083,12002,FALSE
Pv2.1_09_35939032_T/C,Chr09,35939032,0.0083740733063844,12003,FALSE
Pv2.1_06_24148912_A/G,Chr06,24148912,0.0083701207792144,12004,FALSE
Pv2.1_09_36130085_T/TAA,Chr09,36130085,0.0083588392154188,12005,FALSE
Pv2.1_11_53543831_G/C,Chr11,53543831,0.00828887321674543,12006,FALSE
Pv2.1_02_48828579_A/T,Chr02,48828579,0.00822670889597932,12007,FALSE
Pv2.1_06_21019619_ACT/A,Chr06,21019619,0.00820275926716185,12008,FALSE
Pv2.1_10_43496866_C/T,Chr10,43496866,0.00819634816313331,12009,FALSE
Pv2.1_10_43496871_G/A,Chr10,43496871,0.00819634816313331,12010,FALSE
Pv2.1_10_7726385_C/T,Chr10,7726385,0.00815164937749691,12011,FALSE
Pv2.1_03_5378859_G/A,Chr03,5378859,0.00812813078136232,12012,FALSE
Pv2.1_09_7738507_C/T,Chr09,7738507,0.00811060761761118,12013,FALSE
Pv2.1_06_13089694_T/C,Chr06,13089694,0.00810855044047143,12014,FALSE
Pv2.1_09_7738508_T/G,Chr09,7738508,0.00809534239405574,12015,FALSE
Pv2.1_06_16799718_G/T,Chr06,16799718,0.00808362370308435,12016,FALSE
Pv2.1_05_1415902_CT/C,Chr05,1415902,0.00808191854222473,12017,FALSE
Pv2.1_08_60442677_C/G,Chr08,60442677,0.00807610304980821,12018,FALSE
Pv2.1_10_39123688_T/G,Chr10,39123688,0.00804669508686429,12019,FALSE
Pv2.1_08_45849599_C/T,Chr08,45849599,0.00802221533066083,12020,FALSE
Pv2.1_07_28488795_G/A,Chr07,28488795,0.00800376602572372,12021,FALSE
Pv2.1_01_174239_A/G,Chr01,174239,0.00798692972244375,12022,FALSE
Pv2.1_09_34916281_A/C,Chr09,34916281,0.00795928373515187,12023,FALSE
Pv2.1_09_36859871_C/A,Chr09,36859871,0.00794659978024415,12024,FALSE
Pv2.1_08_10772601_A/G,Chr08,10772601,0.00794478234828944,12025,FALSE
Pv2.1_08_45849584_A/G,Chr08,45849584,0.00793734606739838,12026,FALSE
Pv2.1_03_7094336_G/A,Chr03,7094336,0.00789756204228898,12027,FALSE
Pv2.1_03_7094351_G/A,Chr03,7094351,0.00789756204228898,12028,FALSE
Pv2.1_02_36911416_C/T,Chr02,36911416,0.00775619522131299,12029,FALSE
Pv2.1_02_18001454_C/T,Chr02,18001454,0.00773794924460702,12030,FALSE
Pv2.1_05_5493862_C/A,Chr05,5493862,0.00771345390410394,12031,FALSE
Pv2.1_03_7094324_T/A,Chr03,7094324,0.0076878964297995,12032,FALSE
Pv2.1_04_41394762_G/T,Chr04,41394762,0.00768740200024976,12033,FALSE
Pv2.1_03_44694667_C/A,Chr03,44694667,0.00757462814004528,12034,FALSE
Pv2.1_02_7838346_C/T,Chr02,7838346,0.00755547364080256,12035,FALSE
Pv2.1_08_2450889_G/T,Chr08,2450889,0.00752026948181017,12036,FALSE
Pv2.1_05_39679435_C/G,Chr05,39679435,0.00746619247935332,12037,FALSE
Pv2.1_01_6558743_T/C,Chr01,6558743,0.00744056064487531,12038,FALSE
Pv2.1_01_6558755_A/C,Chr01,6558755,0.00744056064487531,12039,FALSE
Pv2.1_03_5378869_T/C,Chr03,5378869,0.00741930555014525,12040,FALSE
Pv2.1_03_5378882_T/C,Chr03,5378882,0.00741930555014525,12041,FALSE
Pv2.1_04_41394756_G/T,Chr04,41394756,0.00736120014157438,12042,FALSE
Pv2.1_05_12411458_C/A,Chr05,12411458,0.00735511300423086,12043,FALSE
Pv2.1_04_47117723_G/C,Chr04,47117723,0.00729335612946347,12044,FALSE
Pv2.1_06_9560176_C/T,Chr06,9560176,0.0072932956165559,12045,FALSE
Pv2.1_06_24198199_A/C,Chr06,24198199,0.0072504064253085,12046,FALSE
Pv2.1_08_62895077_T/C,Chr08,62895077,0.00722918440930975,12047,FALSE
Pv2.1_05_153532_A/T,Chr05,153532,0.00722747407205837,12048,FALSE
Pv2.1_08_14465794_C/T,Chr08,14465794,0.00722547738110357,12049,FALSE
Pv2.1_09_36130051_A/T,Chr09,36130051,0.00720926710727809,12050,FALSE
Pv2.1_06_22450080_C/G,Chr06,22450080,0.00719239852470022,12051,FALSE
Pv2.1_06_22450082_G/C,Chr06,22450082,0.00719239852470022,12052,FALSE
Pv2.1_06_21253996_A/T,Chr06,21253996,0.00708505732172737,12053,FALSE
Pv2.1_05_16813182_A/G,Chr05,16813182,0.00705630622804421,12054,FALSE
Pv2.1_05_3755904_T/A,Chr05,3755904,0.00703737586949549,12055,FALSE
Pv2.1_08_60442718_T/C,Chr08,60442718,0.007020304783937,12056,FALSE
Pv2.1_05_4474088_G/A,Chr05,4474088,0.00697135499904711,12057,FALSE
Pv2.1_01_41726642_A/T,Chr01,41726642,0.0068122205012271,12058,FALSE
Pv2.1_01_41726654_A/G,Chr01,41726654,0.0068122205012271,12059,FALSE
Pv2.1_04_5494455_T/C,Chr04,5494455,0.0068122205012271,12060,FALSE
Pv2.1_08_14465624_C/A,Chr08,14465624,0.0068122205012271,12061,FALSE
Pv2.1_08_14465935_C/T,Chr08,14465935,0.0068122205012271,12062,FALSE
Pv2.1_08_57087982_C/T,Chr08,57087982,0.0068122205012271,12063,FALSE
Pv2.1_10_38729647_A/G,Chr10,38729647,0.0068122205012271,12064,FALSE
Pv2.1_11_48706110_G/T,Chr11,48706110,0.0067516148133957,12065,FALSE
Pv2.1_11_48706123_G/A,Chr11,48706123,0.0067516148133957,12066,FALSE
Pv2.1_11_48706128_G/A,Chr11,48706128,0.0067516148133957,12067,FALSE
Pv2.1_11_48706252_T/C,Chr11,48706252,0.0067464003124873,12068,FALSE
Pv2.1_09_14084796_A/G,Chr09,14084796,0.00670109706743194,12069,FALSE
Pv2.1_07_38735026_G/C,Chr07,38735026,0.00669345132193566,12070,FALSE
Pv2.1_07_38735032_A/C,Chr07,38735032,0.00669345132193566,12071,FALSE
Pv2.1_01_41726687_C/T,Chr01,41726687,0.00661632127920342,12072,FALSE
Pv2.1_01_3365786_G/C,Chr01,3365786,0.00656921257917364,12073,FALSE
Pv2.1_06_12444802_T/G,Chr06,12444802,0.0065539434522699,12074,FALSE
Pv2.1_05_9792819_T/C,Chr05,9792819,0.0063129875098582,12075,FALSE
Pv2.1_09_7738479_A/C,Chr09,7738479,0.0062849091083641,12076,FALSE
Pv2.1_05_38892618_C/T,Chr05,38892618,0.00624836167766185,12077,FALSE
Pv2.1_08_60442712_T/G,Chr08,60442712,0.00621834752283279,12078,FALSE
Pv2.1_09_36130082_A/G,Chr09,36130082,0.00615401332625876,12079,FALSE
Pv2.1_06_9560178_G/T,Chr06,9560178,0.00615285366679963,12080,FALSE
Pv2.1_07_21850174_C/T,Chr07,21850174,0.00600830120901774,12081,FALSE
Pv2.1_08_60442713_C/T,Chr08,60442713,0.00592588161344532,12082,FALSE
Pv2.1_08_1483450_C/T,Chr08,1483450,0.00590284566944099,12083,FALSE
Pv2.1_02_36911177_C/G,Chr02,36911177,0.00589599528249751,12084,FALSE
Pv2.1_02_36911185_C/G,Chr02,36911185,0.00589599528249751,12085,FALSE
Pv2.1_02_36911195_A/G,Chr02,36911195,0.00589599528249751,12086,FALSE
Pv2.1_11_48706139_T/C,Chr11,48706139,0.00588852236043591,12087,FALSE
Pv2.1_05_9115771_G/A,Chr05,9115771,0.00578774356272271,12088,FALSE
Pv2.1_05_38892633_G/A,Chr05,38892633,0.00569288419259939,12089,FALSE
Pv2.1_05_38892640_C/G,Chr05,38892640,0.00569288419259939,12090,FALSE
Pv2.1_05_18374748_A/G,Chr05,18374748,0.00557892967487295,12091,FALSE
Pv2.1_05_16374480_G/A,Chr05,16374480,0.00546815734454986,12092,FALSE
Pv2.1_03_36241686_C/T,Chr03,36241686,0.00531119323224072,12093,FALSE
Pv2.1_06_14136522_C/G,Chr06,14136522,0.00526040893172297,12094,FALSE
Pv2.1_06_14136524_T/A,Chr06,14136524,0.00526040893172297,12095,FALSE
Pv2.1_07_38735034_A/G,Chr07,38735034,0.00524263543245329,12096,FALSE
Pv2.1_02_12134095_T/C,Chr02,12134095,0.00521534729407236,12097,FALSE
Pv2.1_01_49184450_G/T,Chr01,49184450,0.00520251075138267,12098,FALSE
Pv2.1_01_49184465_TA/T,Chr01,49184465,0.00520251075138267,12099,FALSE
Pv2.1_02_42363840_C/T,Chr02,42363840,0.00518016028633372,12100,FALSE
Pv2.1_08_3181840_C/T,Chr08,3181840,0.00511529401021704,12101,FALSE
Pv2.1_11_44231047_A/G,Chr11,44231047,0.00501392927355049,12102,FALSE
Pv2.1_02_42363877_T/G,Chr02,42363877,0.00476841063764866,12103,FALSE
Pv2.1_10_44140303_C/T,Chr10,44140303,0.00475558386101938,12104,FALSE
Pv2.1_10_6400072_T/G,Chr10,6400072,0.00469692874167693,12105,FALSE
Pv2.1_02_42363885_G/A,Chr02,42363885,0.00465594345528908,12106,FALSE
Pv2.1_05_38268213_T/C,Chr05,38268213,0.004570218420338,12107,FALSE
Pv2.1_09_17429733_A/G,Chr09,17429733,0.00450102951965325,12108,FALSE
Pv2.1_01_41726712_G/A,Chr01,41726712,0.00431594008138525,12109,FALSE
Pv2.1_02_39509345_G/C,Chr02,39509345,0.00431594008138525,12110,FALSE
Pv2.1_04_40461083_C/T,Chr04,40461083,0.00431594008138525,12111,FALSE
Pv2.1_04_40461095_G/A,Chr04,40461095,0.00431594008138525,12112,FALSE
Pv2.1_04_40461122_C/G,Chr04,40461122,0.00431594008138525,12113,FALSE
Pv2.1_04_40461133_A/C,Chr04,40461133,0.00431594008138525,12114,FALSE
Pv2.1_08_3181781_T/G,Chr08,3181781,0.00431594008138525,12115,FALSE
Pv2.1_08_3181799_C/T,Chr08,3181799,0.00431594008138525,12116,FALSE
Pv2.1_09_17429804_G/A,Chr09,17429804,0.00431594008138525,12117,FALSE
Pv2.1_09_36130093_T/C,Chr09,36130093,0.00366294343670015,12118,FALSE
Pv2.1_10_43819232_G/A,Chr10,43819232,0.00319824585123074,12119,FALSE
Pv2.1_01_41726837_C/T,Chr01,41726837,0,12120,FALSE
Pv2.1_01_41726839_T/C,Chr01,41726839,0,12121,FALSE
Pv2.1_01_41726840_G/T,Chr01,41726840,0,12122,FALSE
Pv2.1_01_41726876_G/T,Chr01,41726876,0,12123,FALSE
Pv2.1_01_45992676_A/G,Chr01,45992676,0,12124,FALSE
Pv2.1_01_45992678_T/C,Chr01,45992678,0,12125,FALSE
Pv2.1_01_45992716_A/T,Chr01,45992716,0,12126,FALSE
Pv2.1_01_45992743_A/C,Chr01,45992743,0,12127,FALSE
Pv2.1_01_45992755_A/C,Chr01,45992755,0,12128,FALSE
Pv2.1_01_8366042_A/G,Chr01,8366042,0,12129,FALSE
Pv2.1_01_8366075_G/T,Chr01,8366075,0,12130,FALSE
Pv2.1_02_39467931_A/T,Chr02,39467931,0,12131,FALSE
Pv2.1_02_39468318_A/G,Chr02,39468318,0,12132,FALSE
Pv2.1_02_39468348_A/T,Chr02,39468348,0,12133,FALSE
Pv2.1_02_39483973_G/C,Chr02,39483973,0,12134,FALSE
Pv2.1_02_39483994_G/C,Chr02,39483994,0,12135,FALSE
Pv2.1_02_39484015_G/A,Chr02,39484015,0,12136,FALSE
Pv2.1_02_47032048_G/T,Chr02,47032048,0,12137,FALSE
Pv2.1_02_47032054_A/G,Chr02,47032054,0,12138,FALSE
Pv2.1_02_47032062_T/C,Chr02,47032062,0,12139,FALSE
Pv2.1_02_47032070_C/G,Chr02,47032070,0,12140,FALSE
Pv2.1_02_47032122_C/T,Chr02,47032122,0,12141,FALSE
Pv2.1_03_36241649_C/T,Chr03,36241649,0,12142,FALSE
Pv2.1_03_36241656_C/G,Chr03,36241656,0,12143,FALSE
Pv2.1_04_40460979_T/A,Chr04,40460979,0,12144,FALSE
Pv2.1_04_40461055_G/A,Chr04,40461055,0,12145,FALSE
Pv2.1_04_40490807_A/C,Chr04,40490807,0,12146,FALSE
Pv2.1_04_40490844_C/G,Chr04,40490844,0,12147,FALSE
Pv2.1_04_40490846_A/G,Chr04,40490846,0,12148,FALSE
Pv2.1_04_43299844_CT/C,Chr04,43299844,0,12149,FALSE
Pv2.1_04_43299848_T/C,Chr04,43299848,0,12150,FALSE
Pv2.1_04_43299849_T/C,Chr04,43299849,0,12151,FALSE
Pv2.1_04_43299869_A/T,Chr04,43299869,0,12152,FALSE
Pv2.1_04_43299875_C/T,Chr04,43299875,0,12153,FALSE
Pv2.1_05_38051651_C/A,Chr05,38051651,0,12154,FALSE
Pv2.1_05_38051756_T/C,Chr05,38051756,0,12155,FALSE
Pv2.1_05_38051798_T/C,Chr05,38051798,0,12156,FALSE
Pv2.1_05_38051807_T/A,Chr05,38051807,0,12157,FALSE
Pv2.1_08_14465658_C/T,Chr08,14465658,0,12158,FALSE
Pv2.1_09_14831926_T/G,Chr09,14831926,0,12159,FALSE
Pv2.1_09_14831964_A/T,Chr09,14831964,0,12160,FALSE
Pv2.1_09_14831987_G/A,Chr09,14831987,0,12161,FALSE
Pv2.1_09_17429755_C/G,Chr09,17429755,0,12162,FALSE
Pv2.1_10_38729689_A/G,Chr10,38729689,0,12163,FALSE
Pv2.1_10_44169929_A/G,Chr10,44169929,0,12164,FALSE
Pv2.1_10_44169958_G/A,Chr10,44169958,0,12165,FALSE
Pv2.1_10_44169959_C/A,Chr10,44169959,0,12166,FALSE
Pv2.1_10_6400059_T/A,Chr10,6400059,0,12167,FALSE
